<?xml version="1.0" encoding="UTF-8"?>
<gpx version="1.1" creator="RodilloInt Web" xmlns="http://www.topografix.com/GPX/1/1" xmlns:gpxtpx="http://www.garmin.com/xmlschemas/TrackPointExtension/v1" xmlns:xsi="http://www.w3.org/2001/XMLSchema-instance" xsi:schemaLocation="http://www.topografix.com/GPX/1/1 http://www.topografix.com/GPX/1/1/gpx.xsd http://www.garmin.com/xmlschemas/TrackPointExtension/v1 http://www.garmin.com/xmlschemas/TrackPointExtensionv1.xsd">
  <metadata>
    <time>2026-09-06T11:08:40Z</time>
  </metadata>
  <trk>
    <name>Entrenamiento RodilloInt - DR - 06/09/2026</name>
    <trkseg>
      <trkpt lat="43.317814" lon="-1.929720">
        <ele>68.6</ele>
        <time>2026-09-06T11:09:27Z</time>
        <extensions>
          <power>110</power>
          <gpxtpx:TrackPointExtension>
            <gpxtpx:hr>82</gpxtpx:hr>
            <gpxtpx:cad>75</gpxtpx:cad>
          </gpxtpx:TrackPointExtension>
        </extensions>
      </trkpt>
      <trkpt lat="43.317814" lon="-1.929720">
        <ele>68.6</ele>
        <time>2026-09-06T11:09:28Z</time>
        <extensions>
          <power>121</power>
          <gpxtpx:TrackPointExtension>
            <gpxtpx:hr>83</gpxtpx:hr>
            <gpxtpx:cad>76</gpxtpx:cad>
          </gpxtpx:TrackPointExtension>
        </extensions>
      </trkpt>
      <trkpt lat="43.317968" lon="-1.929519">
        <ele>68.0</ele>
        <time>2026-09-06T11:09:29Z</time>
        <extensions>
          <power>108</power>
          <gpxtpx:TrackPointExtension>
            <gpxtpx:hr>83</gpxtpx:hr>
            <gpxtpx:cad>77</gpxtpx:cad>
          </gpxtpx:TrackPointExtension>
        </extensions>
      </trkpt>
      <trkpt lat="43.317968" lon="-1.929519">
        <ele>68.0</ele>
        <time>2026-09-06T11:09:30Z</time>
        <extensions>
          <power>117</power>
          <gpxtpx:TrackPointExtension>
            <gpxtpx:hr>84</gpxtpx:hr>
            <gpxtpx:cad>78</gpxtpx:cad>
          </gpxtpx:TrackPointExtension>
        </extensions>
      </trkpt>
      <trkpt lat="43.317968" lon="-1.929519">
        <ele>68.0</ele>
        <time>2026-09-06T11:09:31Z</time>
        <extensions>
          <power>93</power>
          <gpxtpx:TrackPointExtension>
            <gpxtpx:hr>85</gpxtpx:hr>
            <gpxtpx:cad>78</gpxtpx:cad>
          </gpxtpx:TrackPointExtension>
        </extensions>
      </trkpt>
      <trkpt lat="43.318179" lon="-1.929179">
        <ele>68.2</ele>
        <time>2026-09-06T11:09:32Z</time>
        <extensions>
          <power>103</power>
          <gpxtpx:TrackPointExtension>
            <gpxtpx:hr>85</gpxtpx:hr>
            <gpxtpx:cad>80</gpxtpx:cad>
          </gpxtpx:TrackPointExtension>
        </extensions>
      </trkpt>
      <trkpt lat="43.318179" lon="-1.929179">
        <ele>68.2</ele>
        <time>2026-09-06T11:09:33Z</time>
        <extensions>
          <power>112</power>
          <gpxtpx:TrackPointExtension>
            <gpxtpx:hr>85</gpxtpx:hr>
            <gpxtpx:cad>83</gpxtpx:cad>
          </gpxtpx:TrackPointExtension>
        </extensions>
      </trkpt>
      <trkpt lat="43.318179" lon="-1.929179">
        <ele>68.2</ele>
        <time>2026-09-06T11:09:34Z</time>
        <extensions>
          <power>102</power>
          <gpxtpx:TrackPointExtension>
            <gpxtpx:hr>86</gpxtpx:hr>
            <gpxtpx:cad>78</gpxtpx:cad>
          </gpxtpx:TrackPointExtension>
        </extensions>
      </trkpt>
      <trkpt lat="43.318179" lon="-1.929179">
        <ele>68.2</ele>
        <time>2026-09-06T11:09:35Z</time>
        <extensions>
          <power>17</power>
          <gpxtpx:TrackPointExtension>
            <gpxtpx:hr>89</gpxtpx:hr>
            <gpxtpx:cad>72</gpxtpx:cad>
          </gpxtpx:TrackPointExtension>
        </extensions>
      </trkpt>
      <trkpt lat="43.318179" lon="-1.929179">
        <ele>68.2</ele>
        <time>2026-09-06T11:09:36Z</time>
        <extensions>
          <power>5</power>
          <gpxtpx:TrackPointExtension>
            <gpxtpx:hr>86</gpxtpx:hr>
            <gpxtpx:cad>76</gpxtpx:cad>
          </gpxtpx:TrackPointExtension>
        </extensions>
      </trkpt>
      <trkpt lat="43.318256" lon="-1.929021">
        <ele>68.4</ele>
        <time>2026-09-06T11:09:37Z</time>
        <extensions>
          <power>5</power>
          <gpxtpx:TrackPointExtension>
            <gpxtpx:hr>86</gpxtpx:hr>
            <gpxtpx:cad>76</gpxtpx:cad>
          </gpxtpx:TrackPointExtension>
        </extensions>
      </trkpt>
      <trkpt lat="43.318256" lon="-1.929021">
        <ele>68.4</ele>
        <time>2026-09-06T11:09:38Z</time>
        <extensions>
          <power>11</power>
          <gpxtpx:TrackPointExtension>
            <gpxtpx:hr>86</gpxtpx:hr>
            <gpxtpx:cad>70</gpxtpx:cad>
          </gpxtpx:TrackPointExtension>
        </extensions>
      </trkpt>
      <trkpt lat="43.318256" lon="-1.929021">
        <ele>68.4</ele>
        <time>2026-09-06T11:09:39Z</time>
        <extensions>
          <power>11</power>
          <gpxtpx:TrackPointExtension>
            <gpxtpx:hr>85</gpxtpx:hr>
            <gpxtpx:cad>70</gpxtpx:cad>
          </gpxtpx:TrackPointExtension>
        </extensions>
      </trkpt>
      <trkpt lat="43.318312" lon="-1.928869">
        <ele>68.4</ele>
        <time>2026-09-06T11:09:40Z</time>
        <extensions>
          <power>0</power>
          <gpxtpx:TrackPointExtension>
            <gpxtpx:hr>85</gpxtpx:hr>
            <gpxtpx:cad>0</gpxtpx:cad>
          </gpxtpx:TrackPointExtension>
        </extensions>
      </trkpt>
      <trkpt lat="43.318312" lon="-1.928869">
        <ele>68.4</ele>
        <time>2026-09-06T11:09:41Z</time>
        <extensions>
          <power>7</power>
          <gpxtpx:TrackPointExtension>
            <gpxtpx:hr>85</gpxtpx:hr>
            <gpxtpx:cad>46</gpxtpx:cad>
          </gpxtpx:TrackPointExtension>
        </extensions>
      </trkpt>
      <trkpt lat="43.318312" lon="-1.928869">
        <ele>68.4</ele>
        <time>2026-09-06T11:09:42Z</time>
        <extensions>
          <power>7</power>
          <gpxtpx:TrackPointExtension>
            <gpxtpx:hr>84</gpxtpx:hr>
            <gpxtpx:cad>46</gpxtpx:cad>
          </gpxtpx:TrackPointExtension>
        </extensions>
      </trkpt>
      <trkpt lat="43.318312" lon="-1.928869">
        <ele>68.4</ele>
        <time>2026-09-06T11:09:43Z</time>
        <extensions>
          <power>0</power>
          <gpxtpx:TrackPointExtension>
            <gpxtpx:hr>83</gpxtpx:hr>
            <gpxtpx:cad>0</gpxtpx:cad>
          </gpxtpx:TrackPointExtension>
        </extensions>
      </trkpt>
      <trkpt lat="43.318312" lon="-1.928869">
        <ele>68.4</ele>
        <time>2026-09-06T11:09:44Z</time>
        <extensions>
          <power>0</power>
          <gpxtpx:TrackPointExtension>
            <gpxtpx:hr>83</gpxtpx:hr>
            <gpxtpx:cad>0</gpxtpx:cad>
          </gpxtpx:TrackPointExtension>
        </extensions>
      </trkpt>
      <trkpt lat="43.318312" lon="-1.928869">
        <ele>68.4</ele>
        <time>2026-09-06T11:09:45Z</time>
        <extensions>
          <power>0</power>
          <gpxtpx:TrackPointExtension>
            <gpxtpx:hr>82</gpxtpx:hr>
            <gpxtpx:cad>0</gpxtpx:cad>
          </gpxtpx:TrackPointExtension>
        </extensions>
      </trkpt>
      <trkpt lat="43.318321" lon="-1.928848">
        <ele>68.4</ele>
        <time>2026-09-06T11:09:46Z</time>
        <extensions>
          <power>0</power>
          <gpxtpx:TrackPointExtension>
            <gpxtpx:hr>82</gpxtpx:hr>
            <gpxtpx:cad>0</gpxtpx:cad>
          </gpxtpx:TrackPointExtension>
        </extensions>
      </trkpt>
      <trkpt lat="43.318321" lon="-1.928848">
        <ele>68.4</ele>
        <time>2026-09-06T11:09:47Z</time>
        <extensions>
          <power>0</power>
          <gpxtpx:TrackPointExtension>
            <gpxtpx:hr>82</gpxtpx:hr>
            <gpxtpx:cad>0</gpxtpx:cad>
          </gpxtpx:TrackPointExtension>
        </extensions>
      </trkpt>
      <trkpt lat="43.318375" lon="-1.928681">
        <ele>68.2</ele>
        <time>2026-09-06T11:09:48Z</time>
        <extensions>
          <power>0</power>
          <gpxtpx:TrackPointExtension>
            <gpxtpx:hr>82</gpxtpx:hr>
            <gpxtpx:cad>0</gpxtpx:cad>
          </gpxtpx:TrackPointExtension>
        </extensions>
      </trkpt>
      <trkpt lat="43.318375" lon="-1.928681">
        <ele>68.2</ele>
        <time>2026-09-06T11:09:49Z</time>
        <extensions>
          <power>0</power>
          <gpxtpx:TrackPointExtension>
            <gpxtpx:hr>82</gpxtpx:hr>
            <gpxtpx:cad>0</gpxtpx:cad>
          </gpxtpx:TrackPointExtension>
        </extensions>
      </trkpt>
      <trkpt lat="43.318375" lon="-1.928681">
        <ele>68.2</ele>
        <time>2026-09-06T11:09:50Z</time>
        <extensions>
          <power>0</power>
          <gpxtpx:TrackPointExtension>
            <gpxtpx:hr>82</gpxtpx:hr>
            <gpxtpx:cad>0</gpxtpx:cad>
          </gpxtpx:TrackPointExtension>
        </extensions>
      </trkpt>
      <trkpt lat="43.318375" lon="-1.928681">
        <ele>68.2</ele>
        <time>2026-09-06T11:09:51Z</time>
        <extensions>
          <power>0</power>
          <gpxtpx:TrackPointExtension>
            <gpxtpx:hr>82</gpxtpx:hr>
            <gpxtpx:cad>0</gpxtpx:cad>
          </gpxtpx:TrackPointExtension>
        </extensions>
      </trkpt>
      <trkpt lat="43.318375" lon="-1.928681">
        <ele>68.2</ele>
        <time>2026-09-06T11:09:52Z</time>
        <extensions>
          <power>0</power>
          <gpxtpx:TrackPointExtension>
            <gpxtpx:hr>82</gpxtpx:hr>
            <gpxtpx:cad>0</gpxtpx:cad>
          </gpxtpx:TrackPointExtension>
        </extensions>
      </trkpt>
      <trkpt lat="43.318375" lon="-1.928681">
        <ele>68.2</ele>
        <time>2026-09-06T11:09:53Z</time>
        <extensions>
          <power>0</power>
          <gpxtpx:TrackPointExtension>
            <gpxtpx:hr>82</gpxtpx:hr>
            <gpxtpx:cad>0</gpxtpx:cad>
          </gpxtpx:TrackPointExtension>
        </extensions>
      </trkpt>
      <trkpt lat="43.318375" lon="-1.928681">
        <ele>68.2</ele>
        <time>2026-09-06T11:09:54Z</time>
        <extensions>
          <power>0</power>
          <gpxtpx:TrackPointExtension>
            <gpxtpx:hr>82</gpxtpx:hr>
            <gpxtpx:cad>0</gpxtpx:cad>
          </gpxtpx:TrackPointExtension>
        </extensions>
      </trkpt>
      <trkpt lat="43.318375" lon="-1.928681">
        <ele>68.2</ele>
        <time>2026-09-06T11:09:55Z</time>
        <extensions>
          <power>0</power>
          <gpxtpx:TrackPointExtension>
            <gpxtpx:hr>82</gpxtpx:hr>
            <gpxtpx:cad>0</gpxtpx:cad>
          </gpxtpx:TrackPointExtension>
        </extensions>
      </trkpt>
      <trkpt lat="43.318375" lon="-1.928681">
        <ele>68.2</ele>
        <time>2026-09-06T11:09:56Z</time>
        <extensions>
          <power>0</power>
          <gpxtpx:TrackPointExtension>
            <gpxtpx:hr>82</gpxtpx:hr>
            <gpxtpx:cad>0</gpxtpx:cad>
          </gpxtpx:TrackPointExtension>
        </extensions>
      </trkpt>
      <trkpt lat="43.318375" lon="-1.928681">
        <ele>68.2</ele>
        <time>2026-09-06T11:09:57Z</time>
        <extensions>
          <power>0</power>
          <gpxtpx:TrackPointExtension>
            <gpxtpx:hr>82</gpxtpx:hr>
            <gpxtpx:cad>0</gpxtpx:cad>
          </gpxtpx:TrackPointExtension>
        </extensions>
      </trkpt>
      <trkpt lat="43.318375" lon="-1.928681">
        <ele>68.2</ele>
        <time>2026-09-06T11:09:58Z</time>
        <extensions>
          <power>0</power>
          <gpxtpx:TrackPointExtension>
            <gpxtpx:hr>84</gpxtpx:hr>
            <gpxtpx:cad>0</gpxtpx:cad>
          </gpxtpx:TrackPointExtension>
        </extensions>
      </trkpt>
      <trkpt lat="43.318375" lon="-1.928681">
        <ele>68.2</ele>
        <time>2026-09-06T11:10:04Z</time>
        <extensions>
          <power>0</power>
          <gpxtpx:TrackPointExtension>
            <gpxtpx:hr>84</gpxtpx:hr>
            <gpxtpx:cad>0</gpxtpx:cad>
          </gpxtpx:TrackPointExtension>
        </extensions>
      </trkpt>
      <trkpt lat="43.318375" lon="-1.928681">
        <ele>68.2</ele>
        <time>2026-09-06T11:10:05Z</time>
        <extensions>
          <power>0</power>
          <gpxtpx:TrackPointExtension>
            <gpxtpx:hr>83</gpxtpx:hr>
            <gpxtpx:cad>21</gpxtpx:cad>
          </gpxtpx:TrackPointExtension>
        </extensions>
      </trkpt>
      <trkpt lat="43.318375" lon="-1.928681">
        <ele>68.2</ele>
        <time>2026-09-06T11:10:06Z</time>
        <extensions>
          <power>122</power>
          <gpxtpx:TrackPointExtension>
            <gpxtpx:hr>83</gpxtpx:hr>
            <gpxtpx:cad>20</gpxtpx:cad>
          </gpxtpx:TrackPointExtension>
        </extensions>
      </trkpt>
      <trkpt lat="43.318375" lon="-1.928681">
        <ele>68.2</ele>
        <time>2026-09-06T11:10:07Z</time>
        <extensions>
          <power>195</power>
          <gpxtpx:TrackPointExtension>
            <gpxtpx:hr>83</gpxtpx:hr>
            <gpxtpx:cad>35</gpxtpx:cad>
          </gpxtpx:TrackPointExtension>
        </extensions>
      </trkpt>
      <trkpt lat="43.318375" lon="-1.928681">
        <ele>68.2</ele>
        <time>2026-09-06T11:10:08Z</time>
        <extensions>
          <power>220</power>
          <gpxtpx:TrackPointExtension>
            <gpxtpx:hr>83</gpxtpx:hr>
            <gpxtpx:cad>58</gpxtpx:cad>
          </gpxtpx:TrackPointExtension>
        </extensions>
      </trkpt>
      <trkpt lat="43.318423" lon="-1.928595">
        <ele>68.4</ele>
        <time>2026-09-06T11:10:09Z</time>
        <extensions>
          <power>184</power>
          <gpxtpx:TrackPointExtension>
            <gpxtpx:hr>84</gpxtpx:hr>
            <gpxtpx:cad>76</gpxtpx:cad>
          </gpxtpx:TrackPointExtension>
        </extensions>
      </trkpt>
      <trkpt lat="43.318526" lon="-1.928455">
        <ele>68.2</ele>
        <time>2026-09-06T11:10:10Z</time>
        <extensions>
          <power>127</power>
          <gpxtpx:TrackPointExtension>
            <gpxtpx:hr>84</gpxtpx:hr>
            <gpxtpx:cad>80</gpxtpx:cad>
          </gpxtpx:TrackPointExtension>
        </extensions>
      </trkpt>
      <trkpt lat="43.318526" lon="-1.928455">
        <ele>68.2</ele>
        <time>2026-09-06T11:10:11Z</time>
        <extensions>
          <power>138</power>
          <gpxtpx:TrackPointExtension>
            <gpxtpx:hr>85</gpxtpx:hr>
            <gpxtpx:cad>83</gpxtpx:cad>
          </gpxtpx:TrackPointExtension>
        </extensions>
      </trkpt>
      <trkpt lat="43.318660" lon="-1.928246">
        <ele>68.2</ele>
        <time>2026-09-06T11:10:12Z</time>
        <extensions>
          <power>95</power>
          <gpxtpx:TrackPointExtension>
            <gpxtpx:hr>85</gpxtpx:hr>
            <gpxtpx:cad>72</gpxtpx:cad>
          </gpxtpx:TrackPointExtension>
        </extensions>
      </trkpt>
      <trkpt lat="43.318660" lon="-1.928246">
        <ele>68.2</ele>
        <time>2026-09-06T11:10:13Z</time>
        <extensions>
          <power>95</power>
          <gpxtpx:TrackPointExtension>
            <gpxtpx:hr>86</gpxtpx:hr>
            <gpxtpx:cad>72</gpxtpx:cad>
          </gpxtpx:TrackPointExtension>
        </extensions>
      </trkpt>
      <trkpt lat="43.318660" lon="-1.928246">
        <ele>68.2</ele>
        <time>2026-09-06T11:10:14Z</time>
        <extensions>
          <power>7</power>
          <gpxtpx:TrackPointExtension>
            <gpxtpx:hr>87</gpxtpx:hr>
            <gpxtpx:cad>57</gpxtpx:cad>
          </gpxtpx:TrackPointExtension>
        </extensions>
      </trkpt>
      <trkpt lat="43.318660" lon="-1.928246">
        <ele>68.2</ele>
        <time>2026-09-06T11:10:15Z</time>
        <extensions>
          <power>199</power>
          <gpxtpx:TrackPointExtension>
            <gpxtpx:hr>85</gpxtpx:hr>
            <gpxtpx:cad>63</gpxtpx:cad>
          </gpxtpx:TrackPointExtension>
        </extensions>
      </trkpt>
      <trkpt lat="43.318705" lon="-1.928200">
        <ele>68.2</ele>
        <time>2026-09-06T11:10:16Z</time>
        <extensions>
          <power>150</power>
          <gpxtpx:TrackPointExtension>
            <gpxtpx:hr>85</gpxtpx:hr>
            <gpxtpx:cad>78</gpxtpx:cad>
          </gpxtpx:TrackPointExtension>
        </extensions>
      </trkpt>
      <trkpt lat="43.318919" lon="-1.928109">
        <ele>68.0</ele>
        <time>2026-09-06T11:10:17Z</time>
        <extensions>
          <power>144</power>
          <gpxtpx:TrackPointExtension>
            <gpxtpx:hr>86</gpxtpx:hr>
            <gpxtpx:cad>80</gpxtpx:cad>
          </gpxtpx:TrackPointExtension>
        </extensions>
      </trkpt>
      <trkpt lat="43.318919" lon="-1.928109">
        <ele>68.0</ele>
        <time>2026-09-06T11:10:18Z</time>
        <extensions>
          <power>113</power>
          <gpxtpx:TrackPointExtension>
            <gpxtpx:hr>87</gpxtpx:hr>
            <gpxtpx:cad>82</gpxtpx:cad>
          </gpxtpx:TrackPointExtension>
        </extensions>
      </trkpt>
      <trkpt lat="43.318919" lon="-1.928109">
        <ele>68.0</ele>
        <time>2026-09-06T11:10:19Z</time>
        <extensions>
          <power>104</power>
          <gpxtpx:TrackPointExtension>
            <gpxtpx:hr>87</gpxtpx:hr>
            <gpxtpx:cad>81</gpxtpx:cad>
          </gpxtpx:TrackPointExtension>
        </extensions>
      </trkpt>
      <trkpt lat="43.319104" lon="-1.928191">
        <ele>68.0</ele>
        <time>2026-09-06T11:10:20Z</time>
        <extensions>
          <power>87</power>
          <gpxtpx:TrackPointExtension>
            <gpxtpx:hr>88</gpxtpx:hr>
            <gpxtpx:cad>83</gpxtpx:cad>
          </gpxtpx:TrackPointExtension>
        </extensions>
      </trkpt>
      <trkpt lat="43.319104" lon="-1.928191">
        <ele>68.0</ele>
        <time>2026-09-06T11:10:21Z</time>
        <extensions>
          <power>103</power>
          <gpxtpx:TrackPointExtension>
            <gpxtpx:hr>88</gpxtpx:hr>
            <gpxtpx:cad>84</gpxtpx:cad>
          </gpxtpx:TrackPointExtension>
        </extensions>
      </trkpt>
      <trkpt lat="43.319104" lon="-1.928191">
        <ele>68.0</ele>
        <time>2026-09-06T11:10:22Z</time>
        <extensions>
          <power>103</power>
          <gpxtpx:TrackPointExtension>
            <gpxtpx:hr>88</gpxtpx:hr>
            <gpxtpx:cad>84</gpxtpx:cad>
          </gpxtpx:TrackPointExtension>
        </extensions>
      </trkpt>
      <trkpt lat="43.319168" lon="-1.928235">
        <ele>67.8</ele>
        <time>2026-09-06T11:10:23Z</time>
        <extensions>
          <power>118</power>
          <gpxtpx:TrackPointExtension>
            <gpxtpx:hr>89</gpxtpx:hr>
            <gpxtpx:cad>81</gpxtpx:cad>
          </gpxtpx:TrackPointExtension>
        </extensions>
      </trkpt>
      <trkpt lat="43.319334" lon="-1.928393">
        <ele>67.8</ele>
        <time>2026-09-06T11:10:24Z</time>
        <extensions>
          <power>126</power>
          <gpxtpx:TrackPointExtension>
            <gpxtpx:hr>92</gpxtpx:hr>
            <gpxtpx:cad>82</gpxtpx:cad>
          </gpxtpx:TrackPointExtension>
        </extensions>
      </trkpt>
      <trkpt lat="43.319334" lon="-1.928393">
        <ele>67.8</ele>
        <time>2026-09-06T11:10:25Z</time>
        <extensions>
          <power>130</power>
          <gpxtpx:TrackPointExtension>
            <gpxtpx:hr>89</gpxtpx:hr>
            <gpxtpx:cad>80</gpxtpx:cad>
          </gpxtpx:TrackPointExtension>
        </extensions>
      </trkpt>
      <trkpt lat="43.319334" lon="-1.928393">
        <ele>67.8</ele>
        <time>2026-09-06T11:10:26Z</time>
        <extensions>
          <power>111</power>
          <gpxtpx:TrackPointExtension>
            <gpxtpx:hr>89</gpxtpx:hr>
            <gpxtpx:cad>82</gpxtpx:cad>
          </gpxtpx:TrackPointExtension>
        </extensions>
      </trkpt>
      <trkpt lat="43.319381" lon="-1.928465">
        <ele>67.6</ele>
        <time>2026-09-06T11:10:27Z</time>
        <extensions>
          <power>120</power>
          <gpxtpx:TrackPointExtension>
            <gpxtpx:hr>89</gpxtpx:hr>
            <gpxtpx:cad>107</gpxtpx:cad>
          </gpxtpx:TrackPointExtension>
        </extensions>
      </trkpt>
      <trkpt lat="43.319454" lon="-1.928636">
        <ele>66.4</ele>
        <time>2026-09-06T11:10:28Z</time>
        <extensions>
          <power>132</power>
          <gpxtpx:TrackPointExtension>
            <gpxtpx:hr>89</gpxtpx:hr>
            <gpxtpx:cad>109</gpxtpx:cad>
          </gpxtpx:TrackPointExtension>
        </extensions>
      </trkpt>
      <trkpt lat="43.319454" lon="-1.928636">
        <ele>66.4</ele>
        <time>2026-09-06T11:10:29Z</time>
        <extensions>
          <power>140</power>
          <gpxtpx:TrackPointExtension>
            <gpxtpx:hr>89</gpxtpx:hr>
            <gpxtpx:cad>86</gpxtpx:cad>
          </gpxtpx:TrackPointExtension>
        </extensions>
      </trkpt>
      <trkpt lat="43.319510" lon="-1.928845">
        <ele>65.0</ele>
        <time>2026-09-06T11:10:30Z</time>
        <extensions>
          <power>117</power>
          <gpxtpx:TrackPointExtension>
            <gpxtpx:hr>90</gpxtpx:hr>
            <gpxtpx:cad>81</gpxtpx:cad>
          </gpxtpx:TrackPointExtension>
        </extensions>
      </trkpt>
      <trkpt lat="43.319510" lon="-1.928845">
        <ele>65.0</ele>
        <time>2026-09-06T11:10:31Z</time>
        <extensions>
          <power>100</power>
          <gpxtpx:TrackPointExtension>
            <gpxtpx:hr>90</gpxtpx:hr>
            <gpxtpx:cad>81</gpxtpx:cad>
          </gpxtpx:TrackPointExtension>
        </extensions>
      </trkpt>
      <trkpt lat="43.319510" lon="-1.928845">
        <ele>65.0</ele>
        <time>2026-09-06T11:10:32Z</time>
        <extensions>
          <power>99</power>
          <gpxtpx:TrackPointExtension>
            <gpxtpx:hr>90</gpxtpx:hr>
            <gpxtpx:cad>85</gpxtpx:cad>
          </gpxtpx:TrackPointExtension>
        </extensions>
      </trkpt>
      <trkpt lat="43.319533" lon="-1.928952">
        <ele>64.4</ele>
        <time>2026-09-06T11:10:33Z</time>
        <extensions>
          <power>92</power>
          <gpxtpx:TrackPointExtension>
            <gpxtpx:hr>91</gpxtpx:hr>
            <gpxtpx:cad>84</gpxtpx:cad>
          </gpxtpx:TrackPointExtension>
        </extensions>
      </trkpt>
      <trkpt lat="43.319559" lon="-1.929066">
        <ele>63.2</ele>
        <time>2026-09-06T11:10:34Z</time>
        <extensions>
          <power>95</power>
          <gpxtpx:TrackPointExtension>
            <gpxtpx:hr>91</gpxtpx:hr>
            <gpxtpx:cad>85</gpxtpx:cad>
          </gpxtpx:TrackPointExtension>
        </extensions>
      </trkpt>
      <trkpt lat="43.319605" lon="-1.929396">
        <ele>61.8</ele>
        <time>2026-09-06T11:10:35Z</time>
        <extensions>
          <power>109</power>
          <gpxtpx:TrackPointExtension>
            <gpxtpx:hr>91</gpxtpx:hr>
            <gpxtpx:cad>86</gpxtpx:cad>
          </gpxtpx:TrackPointExtension>
        </extensions>
      </trkpt>
      <trkpt lat="43.319605" lon="-1.929396">
        <ele>61.8</ele>
        <time>2026-09-06T11:10:36Z</time>
        <extensions>
          <power>96</power>
          <gpxtpx:TrackPointExtension>
            <gpxtpx:hr>91</gpxtpx:hr>
            <gpxtpx:cad>84</gpxtpx:cad>
          </gpxtpx:TrackPointExtension>
        </extensions>
      </trkpt>
      <trkpt lat="43.319605" lon="-1.929396">
        <ele>61.8</ele>
        <time>2026-09-06T11:10:37Z</time>
        <extensions>
          <power>101</power>
          <gpxtpx:TrackPointExtension>
            <gpxtpx:hr>92</gpxtpx:hr>
            <gpxtpx:cad>84</gpxtpx:cad>
          </gpxtpx:TrackPointExtension>
        </extensions>
      </trkpt>
      <trkpt lat="43.319608" lon="-1.929682">
        <ele>60.4</ele>
        <time>2026-09-06T11:10:38Z</time>
        <extensions>
          <power>95</power>
          <gpxtpx:TrackPointExtension>
            <gpxtpx:hr>92</gpxtpx:hr>
            <gpxtpx:cad>85</gpxtpx:cad>
          </gpxtpx:TrackPointExtension>
        </extensions>
      </trkpt>
      <trkpt lat="43.319608" lon="-1.929682">
        <ele>60.4</ele>
        <time>2026-09-06T11:10:39Z</time>
        <extensions>
          <power>94</power>
          <gpxtpx:TrackPointExtension>
            <gpxtpx:hr>92</gpxtpx:hr>
            <gpxtpx:cad>84</gpxtpx:cad>
          </gpxtpx:TrackPointExtension>
        </extensions>
      </trkpt>
      <trkpt lat="43.319608" lon="-1.929682">
        <ele>60.4</ele>
        <time>2026-09-06T11:10:40Z</time>
        <extensions>
          <power>102</power>
          <gpxtpx:TrackPointExtension>
            <gpxtpx:hr>92</gpxtpx:hr>
            <gpxtpx:cad>84</gpxtpx:cad>
          </gpxtpx:TrackPointExtension>
        </extensions>
      </trkpt>
      <trkpt lat="43.319608" lon="-1.929682">
        <ele>60.4</ele>
        <time>2026-09-06T11:10:41Z</time>
        <extensions>
          <power>97</power>
          <gpxtpx:TrackPointExtension>
            <gpxtpx:hr>92</gpxtpx:hr>
            <gpxtpx:cad>84</gpxtpx:cad>
          </gpxtpx:TrackPointExtension>
        </extensions>
      </trkpt>
      <trkpt lat="43.319608" lon="-1.929847">
        <ele>60.0</ele>
        <time>2026-09-06T11:10:42Z</time>
        <extensions>
          <power>103</power>
          <gpxtpx:TrackPointExtension>
            <gpxtpx:hr>92</gpxtpx:hr>
            <gpxtpx:cad>85</gpxtpx:cad>
          </gpxtpx:TrackPointExtension>
        </extensions>
      </trkpt>
      <trkpt lat="43.319643" lon="-1.929992">
        <ele>59.2</ele>
        <time>2026-09-06T11:10:43Z</time>
        <extensions>
          <power>108</power>
          <gpxtpx:TrackPointExtension>
            <gpxtpx:hr>92</gpxtpx:hr>
            <gpxtpx:cad>85</gpxtpx:cad>
          </gpxtpx:TrackPointExtension>
        </extensions>
      </trkpt>
      <trkpt lat="43.319643" lon="-1.929992">
        <ele>59.2</ele>
        <time>2026-09-06T11:10:44Z</time>
        <extensions>
          <power>105</power>
          <gpxtpx:TrackPointExtension>
            <gpxtpx:hr>92</gpxtpx:hr>
            <gpxtpx:cad>84</gpxtpx:cad>
          </gpxtpx:TrackPointExtension>
        </extensions>
      </trkpt>
      <trkpt lat="43.319755" lon="-1.929998">
        <ele>58.0</ele>
        <time>2026-09-06T11:10:45Z</time>
        <extensions>
          <power>97</power>
          <gpxtpx:TrackPointExtension>
            <gpxtpx:hr>92</gpxtpx:hr>
            <gpxtpx:cad>85</gpxtpx:cad>
          </gpxtpx:TrackPointExtension>
        </extensions>
      </trkpt>
      <trkpt lat="43.319755" lon="-1.929998">
        <ele>58.0</ele>
        <time>2026-09-06T11:10:46Z</time>
        <extensions>
          <power>99</power>
          <gpxtpx:TrackPointExtension>
            <gpxtpx:hr>92</gpxtpx:hr>
            <gpxtpx:cad>86</gpxtpx:cad>
          </gpxtpx:TrackPointExtension>
        </extensions>
      </trkpt>
      <trkpt lat="43.319769" lon="-1.929907">
        <ele>57.0</ele>
        <time>2026-09-06T11:10:47Z</time>
        <extensions>
          <power>108</power>
          <gpxtpx:TrackPointExtension>
            <gpxtpx:hr>92</gpxtpx:hr>
            <gpxtpx:cad>84</gpxtpx:cad>
          </gpxtpx:TrackPointExtension>
        </extensions>
      </trkpt>
      <trkpt lat="43.319783" lon="-1.929727">
        <ele>56.4</ele>
        <time>2026-09-06T11:10:48Z</time>
        <extensions>
          <power>94</power>
          <gpxtpx:TrackPointExtension>
            <gpxtpx:hr>92</gpxtpx:hr>
            <gpxtpx:cad>83</gpxtpx:cad>
          </gpxtpx:TrackPointExtension>
        </extensions>
      </trkpt>
      <trkpt lat="43.319783" lon="-1.929727">
        <ele>56.4</ele>
        <time>2026-09-06T11:10:49Z</time>
        <extensions>
          <power>109</power>
          <gpxtpx:TrackPointExtension>
            <gpxtpx:hr>92</gpxtpx:hr>
            <gpxtpx:cad>87</gpxtpx:cad>
          </gpxtpx:TrackPointExtension>
        </extensions>
      </trkpt>
      <trkpt lat="43.319794" lon="-1.929634">
        <ele>56.0</ele>
        <time>2026-09-06T11:10:50Z</time>
        <extensions>
          <power>100</power>
          <gpxtpx:TrackPointExtension>
            <gpxtpx:hr>92</gpxtpx:hr>
            <gpxtpx:cad>86</gpxtpx:cad>
          </gpxtpx:TrackPointExtension>
        </extensions>
      </trkpt>
      <trkpt lat="43.319814" lon="-1.929538">
        <ele>55.4</ele>
        <time>2026-09-06T11:10:51Z</time>
        <extensions>
          <power>101</power>
          <gpxtpx:TrackPointExtension>
            <gpxtpx:hr>92</gpxtpx:hr>
            <gpxtpx:cad>85</gpxtpx:cad>
          </gpxtpx:TrackPointExtension>
        </extensions>
      </trkpt>
      <trkpt lat="43.319965" lon="-1.929118">
        <ele>54.2</ele>
        <time>2026-09-06T11:10:52Z</time>
        <extensions>
          <power>105</power>
          <gpxtpx:TrackPointExtension>
            <gpxtpx:hr>92</gpxtpx:hr>
            <gpxtpx:cad>86</gpxtpx:cad>
          </gpxtpx:TrackPointExtension>
        </extensions>
      </trkpt>
      <trkpt lat="43.319965" lon="-1.929118">
        <ele>54.2</ele>
        <time>2026-09-06T11:10:53Z</time>
        <extensions>
          <power>103</power>
          <gpxtpx:TrackPointExtension>
            <gpxtpx:hr>92</gpxtpx:hr>
            <gpxtpx:cad>85</gpxtpx:cad>
          </gpxtpx:TrackPointExtension>
        </extensions>
      </trkpt>
      <trkpt lat="43.319965" lon="-1.929118">
        <ele>54.2</ele>
        <time>2026-09-06T11:10:54Z</time>
        <extensions>
          <power>97</power>
          <gpxtpx:TrackPointExtension>
            <gpxtpx:hr>92</gpxtpx:hr>
            <gpxtpx:cad>84</gpxtpx:cad>
          </gpxtpx:TrackPointExtension>
        </extensions>
      </trkpt>
      <trkpt lat="43.319965" lon="-1.929118">
        <ele>54.2</ele>
        <time>2026-09-06T11:10:55Z</time>
        <extensions>
          <power>98</power>
          <gpxtpx:TrackPointExtension>
            <gpxtpx:hr>92</gpxtpx:hr>
            <gpxtpx:cad>86</gpxtpx:cad>
          </gpxtpx:TrackPointExtension>
        </extensions>
      </trkpt>
      <trkpt lat="43.320017" lon="-1.929016">
        <ele>52.8</ele>
        <time>2026-09-06T11:10:56Z</time>
        <extensions>
          <power>116</power>
          <gpxtpx:TrackPointExtension>
            <gpxtpx:hr>92</gpxtpx:hr>
            <gpxtpx:cad>86</gpxtpx:cad>
          </gpxtpx:TrackPointExtension>
        </extensions>
      </trkpt>
      <trkpt lat="43.320017" lon="-1.929016">
        <ele>52.8</ele>
        <time>2026-09-06T11:10:57Z</time>
        <extensions>
          <power>94</power>
          <gpxtpx:TrackPointExtension>
            <gpxtpx:hr>92</gpxtpx:hr>
            <gpxtpx:cad>85</gpxtpx:cad>
          </gpxtpx:TrackPointExtension>
        </extensions>
      </trkpt>
      <trkpt lat="43.320163" lon="-1.928688">
        <ele>51.2</ele>
        <time>2026-09-06T11:10:58Z</time>
        <extensions>
          <power>108</power>
          <gpxtpx:TrackPointExtension>
            <gpxtpx:hr>92</gpxtpx:hr>
            <gpxtpx:cad>84</gpxtpx:cad>
          </gpxtpx:TrackPointExtension>
        </extensions>
      </trkpt>
      <trkpt lat="43.320163" lon="-1.928688">
        <ele>51.2</ele>
        <time>2026-09-06T11:10:59Z</time>
        <extensions>
          <power>108</power>
          <gpxtpx:TrackPointExtension>
            <gpxtpx:hr>92</gpxtpx:hr>
            <gpxtpx:cad>86</gpxtpx:cad>
          </gpxtpx:TrackPointExtension>
        </extensions>
      </trkpt>
      <trkpt lat="43.320163" lon="-1.928688">
        <ele>51.2</ele>
        <time>2026-09-06T11:11:00Z</time>
        <extensions>
          <power>103</power>
          <gpxtpx:TrackPointExtension>
            <gpxtpx:hr>92</gpxtpx:hr>
            <gpxtpx:cad>86</gpxtpx:cad>
          </gpxtpx:TrackPointExtension>
        </extensions>
      </trkpt>
      <trkpt lat="43.320163" lon="-1.928688">
        <ele>51.2</ele>
        <time>2026-09-06T11:11:01Z</time>
        <extensions>
          <power>117</power>
          <gpxtpx:TrackPointExtension>
            <gpxtpx:hr>92</gpxtpx:hr>
            <gpxtpx:cad>87</gpxtpx:cad>
          </gpxtpx:TrackPointExtension>
        </extensions>
      </trkpt>
      <trkpt lat="43.320204" lon="-1.928566">
        <ele>50.6</ele>
        <time>2026-09-06T11:11:02Z</time>
        <extensions>
          <power>113</power>
          <gpxtpx:TrackPointExtension>
            <gpxtpx:hr>92</gpxtpx:hr>
            <gpxtpx:cad>89</gpxtpx:cad>
          </gpxtpx:TrackPointExtension>
        </extensions>
      </trkpt>
      <trkpt lat="43.320242" lon="-1.928435">
        <ele>50.0</ele>
        <time>2026-09-06T11:11:03Z</time>
        <extensions>
          <power>94</power>
          <gpxtpx:TrackPointExtension>
            <gpxtpx:hr>92</gpxtpx:hr>
            <gpxtpx:cad>87</gpxtpx:cad>
          </gpxtpx:TrackPointExtension>
        </extensions>
      </trkpt>
      <trkpt lat="43.320242" lon="-1.928435">
        <ele>50.0</ele>
        <time>2026-09-06T11:11:04Z</time>
        <extensions>
          <power>116</power>
          <gpxtpx:TrackPointExtension>
            <gpxtpx:hr>91</gpxtpx:hr>
            <gpxtpx:cad>87</gpxtpx:cad>
          </gpxtpx:TrackPointExtension>
        </extensions>
      </trkpt>
      <trkpt lat="43.320273" lon="-1.928295">
        <ele>49.2</ele>
        <time>2026-09-06T11:11:05Z</time>
        <extensions>
          <power>94</power>
          <gpxtpx:TrackPointExtension>
            <gpxtpx:hr>92</gpxtpx:hr>
            <gpxtpx:cad>88</gpxtpx:cad>
          </gpxtpx:TrackPointExtension>
        </extensions>
      </trkpt>
      <trkpt lat="43.320287" lon="-1.928153">
        <ele>48.8</ele>
        <time>2026-09-06T11:11:06Z</time>
        <extensions>
          <power>102</power>
          <gpxtpx:TrackPointExtension>
            <gpxtpx:hr>91</gpxtpx:hr>
            <gpxtpx:cad>89</gpxtpx:cad>
          </gpxtpx:TrackPointExtension>
        </extensions>
      </trkpt>
      <trkpt lat="43.320273" lon="-1.928006">
        <ele>48.0</ele>
        <time>2026-09-06T11:11:07Z</time>
        <extensions>
          <power>114</power>
          <gpxtpx:TrackPointExtension>
            <gpxtpx:hr>92</gpxtpx:hr>
            <gpxtpx:cad>89</gpxtpx:cad>
          </gpxtpx:TrackPointExtension>
        </extensions>
      </trkpt>
      <trkpt lat="43.320273" lon="-1.928006">
        <ele>48.0</ele>
        <time>2026-09-06T11:11:08Z</time>
        <extensions>
          <power>102</power>
          <gpxtpx:TrackPointExtension>
            <gpxtpx:hr>92</gpxtpx:hr>
            <gpxtpx:cad>87</gpxtpx:cad>
          </gpxtpx:TrackPointExtension>
        </extensions>
      </trkpt>
      <trkpt lat="43.320241" lon="-1.927863">
        <ele>47.6</ele>
        <time>2026-09-06T11:11:09Z</time>
        <extensions>
          <power>105</power>
          <gpxtpx:TrackPointExtension>
            <gpxtpx:hr>92</gpxtpx:hr>
            <gpxtpx:cad>88</gpxtpx:cad>
          </gpxtpx:TrackPointExtension>
        </extensions>
      </trkpt>
      <trkpt lat="43.320162" lon="-1.927567">
        <ele>46.2</ele>
        <time>2026-09-06T11:11:10Z</time>
        <extensions>
          <power>106</power>
          <gpxtpx:TrackPointExtension>
            <gpxtpx:hr>92</gpxtpx:hr>
            <gpxtpx:cad>88</gpxtpx:cad>
          </gpxtpx:TrackPointExtension>
        </extensions>
      </trkpt>
      <trkpt lat="43.320162" lon="-1.927567">
        <ele>46.2</ele>
        <time>2026-09-06T11:11:11Z</time>
        <extensions>
          <power>92</power>
          <gpxtpx:TrackPointExtension>
            <gpxtpx:hr>92</gpxtpx:hr>
            <gpxtpx:cad>87</gpxtpx:cad>
          </gpxtpx:TrackPointExtension>
        </extensions>
      </trkpt>
      <trkpt lat="43.320162" lon="-1.927567">
        <ele>46.2</ele>
        <time>2026-09-06T11:11:12Z</time>
        <extensions>
          <power>107</power>
          <gpxtpx:TrackPointExtension>
            <gpxtpx:hr>92</gpxtpx:hr>
            <gpxtpx:cad>87</gpxtpx:cad>
          </gpxtpx:TrackPointExtension>
        </extensions>
      </trkpt>
      <trkpt lat="43.320162" lon="-1.927567">
        <ele>46.2</ele>
        <time>2026-09-06T11:11:13Z</time>
        <extensions>
          <power>102</power>
          <gpxtpx:TrackPointExtension>
            <gpxtpx:hr>92</gpxtpx:hr>
            <gpxtpx:cad>87</gpxtpx:cad>
          </gpxtpx:TrackPointExtension>
        </extensions>
      </trkpt>
      <trkpt lat="43.320060" lon="-1.927286">
        <ele>44.8</ele>
        <time>2026-09-06T11:11:14Z</time>
        <extensions>
          <power>95</power>
          <gpxtpx:TrackPointExtension>
            <gpxtpx:hr>92</gpxtpx:hr>
            <gpxtpx:cad>88</gpxtpx:cad>
          </gpxtpx:TrackPointExtension>
        </extensions>
      </trkpt>
      <trkpt lat="43.320060" lon="-1.927286">
        <ele>44.8</ele>
        <time>2026-09-06T11:11:15Z</time>
        <extensions>
          <power>104</power>
          <gpxtpx:TrackPointExtension>
            <gpxtpx:hr>92</gpxtpx:hr>
            <gpxtpx:cad>88</gpxtpx:cad>
          </gpxtpx:TrackPointExtension>
        </extensions>
      </trkpt>
      <trkpt lat="43.320060" lon="-1.927286">
        <ele>44.8</ele>
        <time>2026-09-06T11:11:16Z</time>
        <extensions>
          <power>113</power>
          <gpxtpx:TrackPointExtension>
            <gpxtpx:hr>91</gpxtpx:hr>
            <gpxtpx:cad>88</gpxtpx:cad>
          </gpxtpx:TrackPointExtension>
        </extensions>
      </trkpt>
      <trkpt lat="43.319933" lon="-1.927060">
        <ele>44.4</ele>
        <time>2026-09-06T11:11:17Z</time>
        <extensions>
          <power>105</power>
          <gpxtpx:TrackPointExtension>
            <gpxtpx:hr>91</gpxtpx:hr>
            <gpxtpx:cad>87</gpxtpx:cad>
          </gpxtpx:TrackPointExtension>
        </extensions>
      </trkpt>
      <trkpt lat="43.319933" lon="-1.927060">
        <ele>44.4</ele>
        <time>2026-09-06T11:11:18Z</time>
        <extensions>
          <power>114</power>
          <gpxtpx:TrackPointExtension>
            <gpxtpx:hr>91</gpxtpx:hr>
            <gpxtpx:cad>97</gpxtpx:cad>
          </gpxtpx:TrackPointExtension>
        </extensions>
      </trkpt>
      <trkpt lat="43.319933" lon="-1.927060">
        <ele>44.4</ele>
        <time>2026-09-06T11:11:19Z</time>
        <extensions>
          <power>157</power>
          <gpxtpx:TrackPointExtension>
            <gpxtpx:hr>91</gpxtpx:hr>
            <gpxtpx:cad>93</gpxtpx:cad>
          </gpxtpx:TrackPointExtension>
        </extensions>
      </trkpt>
      <trkpt lat="43.319848" lon="-1.926819">
        <ele>43.4</ele>
        <time>2026-09-06T11:11:20Z</time>
        <extensions>
          <power>120</power>
          <gpxtpx:TrackPointExtension>
            <gpxtpx:hr>91</gpxtpx:hr>
            <gpxtpx:cad>80</gpxtpx:cad>
          </gpxtpx:TrackPointExtension>
        </extensions>
      </trkpt>
      <trkpt lat="43.319848" lon="-1.926819">
        <ele>43.4</ele>
        <time>2026-09-06T11:11:21Z</time>
        <extensions>
          <power>102</power>
          <gpxtpx:TrackPointExtension>
            <gpxtpx:hr>91</gpxtpx:hr>
            <gpxtpx:cad>84</gpxtpx:cad>
          </gpxtpx:TrackPointExtension>
        </extensions>
      </trkpt>
      <trkpt lat="43.319820" lon="-1.926697">
        <ele>42.6</ele>
        <time>2026-09-06T11:11:22Z</time>
        <extensions>
          <power>108</power>
          <gpxtpx:TrackPointExtension>
            <gpxtpx:hr>90</gpxtpx:hr>
            <gpxtpx:cad>87</gpxtpx:cad>
          </gpxtpx:TrackPointExtension>
        </extensions>
      </trkpt>
      <trkpt lat="43.319820" lon="-1.926697">
        <ele>42.6</ele>
        <time>2026-09-06T11:11:23Z</time>
        <extensions>
          <power>134</power>
          <gpxtpx:TrackPointExtension>
            <gpxtpx:hr>90</gpxtpx:hr>
            <gpxtpx:cad>88</gpxtpx:cad>
          </gpxtpx:TrackPointExtension>
        </extensions>
      </trkpt>
      <trkpt lat="43.319826" lon="-1.926570">
        <ele>42.0</ele>
        <time>2026-09-06T11:11:24Z</time>
        <extensions>
          <power>145</power>
          <gpxtpx:TrackPointExtension>
            <gpxtpx:hr>90</gpxtpx:hr>
            <gpxtpx:cad>88</gpxtpx:cad>
          </gpxtpx:TrackPointExtension>
        </extensions>
      </trkpt>
      <trkpt lat="43.319841" lon="-1.926436">
        <ele>41.6</ele>
        <time>2026-09-06T11:11:25Z</time>
        <extensions>
          <power>93</power>
          <gpxtpx:TrackPointExtension>
            <gpxtpx:hr>90</gpxtpx:hr>
            <gpxtpx:cad>87</gpxtpx:cad>
          </gpxtpx:TrackPointExtension>
        </extensions>
      </trkpt>
      <trkpt lat="43.319952" lon="-1.926220">
        <ele>41.0</ele>
        <time>2026-09-06T11:11:26Z</time>
        <extensions>
          <power>98</power>
          <gpxtpx:TrackPointExtension>
            <gpxtpx:hr>90</gpxtpx:hr>
            <gpxtpx:cad>87</gpxtpx:cad>
          </gpxtpx:TrackPointExtension>
        </extensions>
      </trkpt>
      <trkpt lat="43.319952" lon="-1.926220">
        <ele>41.0</ele>
        <time>2026-09-06T11:11:27Z</time>
        <extensions>
          <power>107</power>
          <gpxtpx:TrackPointExtension>
            <gpxtpx:hr>89</gpxtpx:hr>
            <gpxtpx:cad>89</gpxtpx:cad>
          </gpxtpx:TrackPointExtension>
        </extensions>
      </trkpt>
      <trkpt lat="43.320020" lon="-1.926139">
        <ele>40.4</ele>
        <time>2026-09-06T11:11:28Z</time>
        <extensions>
          <power>115</power>
          <gpxtpx:TrackPointExtension>
            <gpxtpx:hr>89</gpxtpx:hr>
            <gpxtpx:cad>88</gpxtpx:cad>
          </gpxtpx:TrackPointExtension>
        </extensions>
      </trkpt>
      <trkpt lat="43.320020" lon="-1.926139">
        <ele>40.4</ele>
        <time>2026-09-06T11:11:29Z</time>
        <extensions>
          <power>115</power>
          <gpxtpx:TrackPointExtension>
            <gpxtpx:hr>90</gpxtpx:hr>
            <gpxtpx:cad>85</gpxtpx:cad>
          </gpxtpx:TrackPointExtension>
        </extensions>
      </trkpt>
      <trkpt lat="43.320087" lon="-1.926054">
        <ele>39.2</ele>
        <time>2026-09-06T11:11:30Z</time>
        <extensions>
          <power>114</power>
          <gpxtpx:TrackPointExtension>
            <gpxtpx:hr>90</gpxtpx:hr>
            <gpxtpx:cad>86</gpxtpx:cad>
          </gpxtpx:TrackPointExtension>
        </extensions>
      </trkpt>
      <trkpt lat="43.320217" lon="-1.925923">
        <ele>38.4</ele>
        <time>2026-09-06T11:11:31Z</time>
        <extensions>
          <power>108</power>
          <gpxtpx:TrackPointExtension>
            <gpxtpx:hr>91</gpxtpx:hr>
            <gpxtpx:cad>87</gpxtpx:cad>
          </gpxtpx:TrackPointExtension>
        </extensions>
      </trkpt>
      <trkpt lat="43.320217" lon="-1.925923">
        <ele>38.4</ele>
        <time>2026-09-06T11:11:32Z</time>
        <extensions>
          <power>107</power>
          <gpxtpx:TrackPointExtension>
            <gpxtpx:hr>91</gpxtpx:hr>
            <gpxtpx:cad>87</gpxtpx:cad>
          </gpxtpx:TrackPointExtension>
        </extensions>
      </trkpt>
      <trkpt lat="43.320279" lon="-1.925882">
        <ele>38.0</ele>
        <time>2026-09-06T11:11:33Z</time>
        <extensions>
          <power>108</power>
          <gpxtpx:TrackPointExtension>
            <gpxtpx:hr>91</gpxtpx:hr>
            <gpxtpx:cad>89</gpxtpx:cad>
          </gpxtpx:TrackPointExtension>
        </extensions>
      </trkpt>
      <trkpt lat="43.320415" lon="-1.925839">
        <ele>37.2</ele>
        <time>2026-09-06T11:11:34Z</time>
        <extensions>
          <power>122</power>
          <gpxtpx:TrackPointExtension>
            <gpxtpx:hr>91</gpxtpx:hr>
            <gpxtpx:cad>87</gpxtpx:cad>
          </gpxtpx:TrackPointExtension>
        </extensions>
      </trkpt>
      <trkpt lat="43.320415" lon="-1.925839">
        <ele>37.2</ele>
        <time>2026-09-06T11:11:35Z</time>
        <extensions>
          <power>106</power>
          <gpxtpx:TrackPointExtension>
            <gpxtpx:hr>91</gpxtpx:hr>
            <gpxtpx:cad>87</gpxtpx:cad>
          </gpxtpx:TrackPointExtension>
        </extensions>
      </trkpt>
      <trkpt lat="43.320482" lon="-1.925846">
        <ele>36.6</ele>
        <time>2026-09-06T11:11:36Z</time>
        <extensions>
          <power>116</power>
          <gpxtpx:TrackPointExtension>
            <gpxtpx:hr>91</gpxtpx:hr>
            <gpxtpx:cad>87</gpxtpx:cad>
          </gpxtpx:TrackPointExtension>
        </extensions>
      </trkpt>
      <trkpt lat="43.320646" lon="-1.925922">
        <ele>35.8</ele>
        <time>2026-09-06T11:11:37Z</time>
        <extensions>
          <power>112</power>
          <gpxtpx:TrackPointExtension>
            <gpxtpx:hr>91</gpxtpx:hr>
            <gpxtpx:cad>87</gpxtpx:cad>
          </gpxtpx:TrackPointExtension>
        </extensions>
      </trkpt>
      <trkpt lat="43.320646" lon="-1.925922">
        <ele>35.8</ele>
        <time>2026-09-06T11:11:38Z</time>
        <extensions>
          <power>112</power>
          <gpxtpx:TrackPointExtension>
            <gpxtpx:hr>91</gpxtpx:hr>
            <gpxtpx:cad>89</gpxtpx:cad>
          </gpxtpx:TrackPointExtension>
        </extensions>
      </trkpt>
      <trkpt lat="43.320719" lon="-1.925967">
        <ele>35.2</ele>
        <time>2026-09-06T11:11:39Z</time>
        <extensions>
          <power>130</power>
          <gpxtpx:TrackPointExtension>
            <gpxtpx:hr>91</gpxtpx:hr>
            <gpxtpx:cad>88</gpxtpx:cad>
          </gpxtpx:TrackPointExtension>
        </extensions>
      </trkpt>
      <trkpt lat="43.320783" lon="-1.926004">
        <ele>35.0</ele>
        <time>2026-09-06T11:11:40Z</time>
        <extensions>
          <power>100</power>
          <gpxtpx:TrackPointExtension>
            <gpxtpx:hr>91</gpxtpx:hr>
            <gpxtpx:cad>84</gpxtpx:cad>
          </gpxtpx:TrackPointExtension>
        </extensions>
      </trkpt>
      <trkpt lat="43.320902" lon="-1.926047">
        <ele>34.4</ele>
        <time>2026-09-06T11:11:41Z</time>
        <extensions>
          <power>100</power>
          <gpxtpx:TrackPointExtension>
            <gpxtpx:hr>91</gpxtpx:hr>
            <gpxtpx:cad>87</gpxtpx:cad>
          </gpxtpx:TrackPointExtension>
        </extensions>
      </trkpt>
      <trkpt lat="43.320957" lon="-1.926031">
        <ele>34.2</ele>
        <time>2026-09-06T11:11:42Z</time>
        <extensions>
          <power>113</power>
          <gpxtpx:TrackPointExtension>
            <gpxtpx:hr>91</gpxtpx:hr>
            <gpxtpx:cad>92</gpxtpx:cad>
          </gpxtpx:TrackPointExtension>
        </extensions>
      </trkpt>
      <trkpt lat="43.321052" lon="-1.925928">
        <ele>33.4</ele>
        <time>2026-09-06T11:11:43Z</time>
        <extensions>
          <power>114</power>
          <gpxtpx:TrackPointExtension>
            <gpxtpx:hr>92</gpxtpx:hr>
            <gpxtpx:cad>88</gpxtpx:cad>
          </gpxtpx:TrackPointExtension>
        </extensions>
      </trkpt>
      <trkpt lat="43.321052" lon="-1.925928">
        <ele>33.4</ele>
        <time>2026-09-06T11:11:44Z</time>
        <extensions>
          <power>116</power>
          <gpxtpx:TrackPointExtension>
            <gpxtpx:hr>92</gpxtpx:hr>
            <gpxtpx:cad>88</gpxtpx:cad>
          </gpxtpx:TrackPointExtension>
        </extensions>
      </trkpt>
      <trkpt lat="43.321085" lon="-1.925846">
        <ele>33.0</ele>
        <time>2026-09-06T11:11:45Z</time>
        <extensions>
          <power>107</power>
          <gpxtpx:TrackPointExtension>
            <gpxtpx:hr>92</gpxtpx:hr>
            <gpxtpx:cad>86</gpxtpx:cad>
          </gpxtpx:TrackPointExtension>
        </extensions>
      </trkpt>
      <trkpt lat="43.321108" lon="-1.925657">
        <ele>31.8</ele>
        <time>2026-09-06T11:11:46Z</time>
        <extensions>
          <power>110</power>
          <gpxtpx:TrackPointExtension>
            <gpxtpx:hr>92</gpxtpx:hr>
            <gpxtpx:cad>86</gpxtpx:cad>
          </gpxtpx:TrackPointExtension>
        </extensions>
      </trkpt>
      <trkpt lat="43.321117" lon="-1.925545">
        <ele>31.0</ele>
        <time>2026-09-06T11:11:47Z</time>
        <extensions>
          <power>108</power>
          <gpxtpx:TrackPointExtension>
            <gpxtpx:hr>92</gpxtpx:hr>
            <gpxtpx:cad>86</gpxtpx:cad>
          </gpxtpx:TrackPointExtension>
        </extensions>
      </trkpt>
      <trkpt lat="43.321132" lon="-1.925423">
        <ele>30.4</ele>
        <time>2026-09-06T11:11:48Z</time>
        <extensions>
          <power>102</power>
          <gpxtpx:TrackPointExtension>
            <gpxtpx:hr>92</gpxtpx:hr>
            <gpxtpx:cad>86</gpxtpx:cad>
          </gpxtpx:TrackPointExtension>
        </extensions>
      </trkpt>
      <trkpt lat="43.321132" lon="-1.925423">
        <ele>30.4</ele>
        <time>2026-09-06T11:11:49Z</time>
        <extensions>
          <power>117</power>
          <gpxtpx:TrackPointExtension>
            <gpxtpx:hr>91</gpxtpx:hr>
            <gpxtpx:cad>88</gpxtpx:cad>
          </gpxtpx:TrackPointExtension>
        </extensions>
      </trkpt>
      <trkpt lat="43.321168" lon="-1.925178">
        <ele>29.2</ele>
        <time>2026-09-06T11:11:50Z</time>
        <extensions>
          <power>114</power>
          <gpxtpx:TrackPointExtension>
            <gpxtpx:hr>91</gpxtpx:hr>
            <gpxtpx:cad>86</gpxtpx:cad>
          </gpxtpx:TrackPointExtension>
        </extensions>
      </trkpt>
      <trkpt lat="43.321168" lon="-1.925178">
        <ele>29.2</ele>
        <time>2026-09-06T11:11:51Z</time>
        <extensions>
          <power>120</power>
          <gpxtpx:TrackPointExtension>
            <gpxtpx:hr>91</gpxtpx:hr>
            <gpxtpx:cad>86</gpxtpx:cad>
          </gpxtpx:TrackPointExtension>
        </extensions>
      </trkpt>
      <trkpt lat="43.321204" lon="-1.924913">
        <ele>26.4</ele>
        <time>2026-09-06T11:11:52Z</time>
        <extensions>
          <power>101</power>
          <gpxtpx:TrackPointExtension>
            <gpxtpx:hr>91</gpxtpx:hr>
            <gpxtpx:cad>85</gpxtpx:cad>
          </gpxtpx:TrackPointExtension>
        </extensions>
      </trkpt>
      <trkpt lat="43.321204" lon="-1.924913">
        <ele>26.4</ele>
        <time>2026-09-06T11:11:53Z</time>
        <extensions>
          <power>111</power>
          <gpxtpx:TrackPointExtension>
            <gpxtpx:hr>92</gpxtpx:hr>
            <gpxtpx:cad>85</gpxtpx:cad>
          </gpxtpx:TrackPointExtension>
        </extensions>
      </trkpt>
      <trkpt lat="43.321204" lon="-1.924913">
        <ele>26.4</ele>
        <time>2026-09-06T11:11:54Z</time>
        <extensions>
          <power>114</power>
          <gpxtpx:TrackPointExtension>
            <gpxtpx:hr>92</gpxtpx:hr>
            <gpxtpx:cad>86</gpxtpx:cad>
          </gpxtpx:TrackPointExtension>
        </extensions>
      </trkpt>
      <trkpt lat="43.321243" lon="-1.924627">
        <ele>24.6</ele>
        <time>2026-09-06T11:11:55Z</time>
        <extensions>
          <power>115</power>
          <gpxtpx:TrackPointExtension>
            <gpxtpx:hr>92</gpxtpx:hr>
            <gpxtpx:cad>86</gpxtpx:cad>
          </gpxtpx:TrackPointExtension>
        </extensions>
      </trkpt>
      <trkpt lat="43.321243" lon="-1.924627">
        <ele>24.6</ele>
        <time>2026-09-06T11:11:56Z</time>
        <extensions>
          <power>110</power>
          <gpxtpx:TrackPointExtension>
            <gpxtpx:hr>92</gpxtpx:hr>
            <gpxtpx:cad>86</gpxtpx:cad>
          </gpxtpx:TrackPointExtension>
        </extensions>
      </trkpt>
      <trkpt lat="43.321260" lon="-1.924473">
        <ele>23.8</ele>
        <time>2026-09-06T11:11:57Z</time>
        <extensions>
          <power>113</power>
          <gpxtpx:TrackPointExtension>
            <gpxtpx:hr>92</gpxtpx:hr>
            <gpxtpx:cad>88</gpxtpx:cad>
          </gpxtpx:TrackPointExtension>
        </extensions>
      </trkpt>
      <trkpt lat="43.321260" lon="-1.924473">
        <ele>23.8</ele>
        <time>2026-09-06T11:11:58Z</time>
        <extensions>
          <power>123</power>
          <gpxtpx:TrackPointExtension>
            <gpxtpx:hr>92</gpxtpx:hr>
            <gpxtpx:cad>91</gpxtpx:cad>
          </gpxtpx:TrackPointExtension>
        </extensions>
      </trkpt>
      <trkpt lat="43.321270" lon="-1.924315">
        <ele>22.8</ele>
        <time>2026-09-06T11:11:59Z</time>
        <extensions>
          <power>124</power>
          <gpxtpx:TrackPointExtension>
            <gpxtpx:hr>92</gpxtpx:hr>
            <gpxtpx:cad>106</gpxtpx:cad>
          </gpxtpx:TrackPointExtension>
        </extensions>
      </trkpt>
      <trkpt lat="43.321276" lon="-1.923995">
        <ele>21.6</ele>
        <time>2026-09-06T11:12:00Z</time>
        <extensions>
          <power>107</power>
          <gpxtpx:TrackPointExtension>
            <gpxtpx:hr>92</gpxtpx:hr>
            <gpxtpx:cad>102</gpxtpx:cad>
          </gpxtpx:TrackPointExtension>
        </extensions>
      </trkpt>
      <trkpt lat="43.321276" lon="-1.923995">
        <ele>21.6</ele>
        <time>2026-09-06T11:12:01Z</time>
        <extensions>
          <power>111</power>
          <gpxtpx:TrackPointExtension>
            <gpxtpx:hr>92</gpxtpx:hr>
            <gpxtpx:cad>86</gpxtpx:cad>
          </gpxtpx:TrackPointExtension>
        </extensions>
      </trkpt>
      <trkpt lat="43.321276" lon="-1.923995">
        <ele>21.6</ele>
        <time>2026-09-06T11:12:02Z</time>
        <extensions>
          <power>114</power>
          <gpxtpx:TrackPointExtension>
            <gpxtpx:hr>92</gpxtpx:hr>
            <gpxtpx:cad>112</gpxtpx:cad>
          </gpxtpx:TrackPointExtension>
        </extensions>
      </trkpt>
      <trkpt lat="43.321275" lon="-1.923849">
        <ele>21.4</ele>
        <time>2026-09-06T11:12:03Z</time>
        <extensions>
          <power>113</power>
          <gpxtpx:TrackPointExtension>
            <gpxtpx:hr>92</gpxtpx:hr>
            <gpxtpx:cad>106</gpxtpx:cad>
          </gpxtpx:TrackPointExtension>
        </extensions>
      </trkpt>
      <trkpt lat="43.321275" lon="-1.923849">
        <ele>21.4</ele>
        <time>2026-09-06T11:12:04Z</time>
        <extensions>
          <power>107</power>
          <gpxtpx:TrackPointExtension>
            <gpxtpx:hr>92</gpxtpx:hr>
            <gpxtpx:cad>83</gpxtpx:cad>
          </gpxtpx:TrackPointExtension>
        </extensions>
      </trkpt>
      <trkpt lat="43.321267" lon="-1.923581">
        <ele>21.8</ele>
        <time>2026-09-06T11:12:05Z</time>
        <extensions>
          <power>105</power>
          <gpxtpx:TrackPointExtension>
            <gpxtpx:hr>92</gpxtpx:hr>
            <gpxtpx:cad>85</gpxtpx:cad>
          </gpxtpx:TrackPointExtension>
        </extensions>
      </trkpt>
      <trkpt lat="43.321267" lon="-1.923581">
        <ele>21.8</ele>
        <time>2026-09-06T11:12:06Z</time>
        <extensions>
          <power>108</power>
          <gpxtpx:TrackPointExtension>
            <gpxtpx:hr>92</gpxtpx:hr>
            <gpxtpx:cad>86</gpxtpx:cad>
          </gpxtpx:TrackPointExtension>
        </extensions>
      </trkpt>
      <trkpt lat="43.321263" lon="-1.923334">
        <ele>21.6</ele>
        <time>2026-09-06T11:12:07Z</time>
        <extensions>
          <power>117</power>
          <gpxtpx:TrackPointExtension>
            <gpxtpx:hr>92</gpxtpx:hr>
            <gpxtpx:cad>118</gpxtpx:cad>
          </gpxtpx:TrackPointExtension>
        </extensions>
      </trkpt>
      <trkpt lat="43.321263" lon="-1.923334">
        <ele>21.6</ele>
        <time>2026-09-06T11:12:08Z</time>
        <extensions>
          <power>115</power>
          <gpxtpx:TrackPointExtension>
            <gpxtpx:hr>92</gpxtpx:hr>
            <gpxtpx:cad>120</gpxtpx:cad>
          </gpxtpx:TrackPointExtension>
        </extensions>
      </trkpt>
      <trkpt lat="43.321263" lon="-1.923334">
        <ele>21.6</ele>
        <time>2026-09-06T11:12:09Z</time>
        <extensions>
          <power>105</power>
          <gpxtpx:TrackPointExtension>
            <gpxtpx:hr>92</gpxtpx:hr>
            <gpxtpx:cad>86</gpxtpx:cad>
          </gpxtpx:TrackPointExtension>
        </extensions>
      </trkpt>
      <trkpt lat="43.321241" lon="-1.923067">
        <ele>20.6</ele>
        <time>2026-09-06T11:12:10Z</time>
        <extensions>
          <power>110</power>
          <gpxtpx:TrackPointExtension>
            <gpxtpx:hr>92</gpxtpx:hr>
            <gpxtpx:cad>83</gpxtpx:cad>
          </gpxtpx:TrackPointExtension>
        </extensions>
      </trkpt>
      <trkpt lat="43.321241" lon="-1.923067">
        <ele>20.6</ele>
        <time>2026-09-06T11:12:11Z</time>
        <extensions>
          <power>111</power>
          <gpxtpx:TrackPointExtension>
            <gpxtpx:hr>92</gpxtpx:hr>
            <gpxtpx:cad>88</gpxtpx:cad>
          </gpxtpx:TrackPointExtension>
        </extensions>
      </trkpt>
      <trkpt lat="43.321202" lon="-1.922776">
        <ele>18.6</ele>
        <time>2026-09-06T11:12:12Z</time>
        <extensions>
          <power>127</power>
          <gpxtpx:TrackPointExtension>
            <gpxtpx:hr>92</gpxtpx:hr>
            <gpxtpx:cad>87</gpxtpx:cad>
          </gpxtpx:TrackPointExtension>
        </extensions>
      </trkpt>
      <trkpt lat="43.321202" lon="-1.922776">
        <ele>18.6</ele>
        <time>2026-09-06T11:12:13Z</time>
        <extensions>
          <power>108</power>
          <gpxtpx:TrackPointExtension>
            <gpxtpx:hr>92</gpxtpx:hr>
            <gpxtpx:cad>88</gpxtpx:cad>
          </gpxtpx:TrackPointExtension>
        </extensions>
      </trkpt>
      <trkpt lat="43.321202" lon="-1.922776">
        <ele>18.6</ele>
        <time>2026-09-06T11:12:14Z</time>
        <extensions>
          <power>107</power>
          <gpxtpx:TrackPointExtension>
            <gpxtpx:hr>93</gpxtpx:hr>
            <gpxtpx:cad>105</gpxtpx:cad>
          </gpxtpx:TrackPointExtension>
        </extensions>
      </trkpt>
      <trkpt lat="43.321136" lon="-1.922485">
        <ele>17.0</ele>
        <time>2026-09-06T11:12:15Z</time>
        <extensions>
          <power>115</power>
          <gpxtpx:TrackPointExtension>
            <gpxtpx:hr>93</gpxtpx:hr>
            <gpxtpx:cad>127</gpxtpx:cad>
          </gpxtpx:TrackPointExtension>
        </extensions>
      </trkpt>
      <trkpt lat="43.321136" lon="-1.922485">
        <ele>17.0</ele>
        <time>2026-09-06T11:12:16Z</time>
        <extensions>
          <power>111</power>
          <gpxtpx:TrackPointExtension>
            <gpxtpx:hr>93</gpxtpx:hr>
            <gpxtpx:cad>113</gpxtpx:cad>
          </gpxtpx:TrackPointExtension>
        </extensions>
      </trkpt>
      <trkpt lat="43.321136" lon="-1.922485">
        <ele>17.0</ele>
        <time>2026-09-06T11:12:17Z</time>
        <extensions>
          <power>117</power>
          <gpxtpx:TrackPointExtension>
            <gpxtpx:hr>92</gpxtpx:hr>
            <gpxtpx:cad>86</gpxtpx:cad>
          </gpxtpx:TrackPointExtension>
        </extensions>
      </trkpt>
      <trkpt lat="43.321053" lon="-1.922062">
        <ele>16.0</ele>
        <time>2026-09-06T11:12:18Z</time>
        <extensions>
          <power>110</power>
          <gpxtpx:TrackPointExtension>
            <gpxtpx:hr>92</gpxtpx:hr>
            <gpxtpx:cad>84</gpxtpx:cad>
          </gpxtpx:TrackPointExtension>
        </extensions>
      </trkpt>
      <trkpt lat="43.321053" lon="-1.922062">
        <ele>16.0</ele>
        <time>2026-09-06T11:12:19Z</time>
        <extensions>
          <power>111</power>
          <gpxtpx:TrackPointExtension>
            <gpxtpx:hr>92</gpxtpx:hr>
            <gpxtpx:cad>85</gpxtpx:cad>
          </gpxtpx:TrackPointExtension>
        </extensions>
      </trkpt>
      <trkpt lat="43.321053" lon="-1.922062">
        <ele>16.0</ele>
        <time>2026-09-06T11:12:20Z</time>
        <extensions>
          <power>111</power>
          <gpxtpx:TrackPointExtension>
            <gpxtpx:hr>92</gpxtpx:hr>
            <gpxtpx:cad>85</gpxtpx:cad>
          </gpxtpx:TrackPointExtension>
        </extensions>
      </trkpt>
      <trkpt lat="43.321053" lon="-1.922062">
        <ele>16.0</ele>
        <time>2026-09-06T11:12:21Z</time>
        <extensions>
          <power>112</power>
          <gpxtpx:TrackPointExtension>
            <gpxtpx:hr>92</gpxtpx:hr>
            <gpxtpx:cad>86</gpxtpx:cad>
          </gpxtpx:TrackPointExtension>
        </extensions>
      </trkpt>
      <trkpt lat="43.321034" lon="-1.921926">
        <ele>15.8</ele>
        <time>2026-09-06T11:12:22Z</time>
        <extensions>
          <power>112</power>
          <gpxtpx:TrackPointExtension>
            <gpxtpx:hr>92</gpxtpx:hr>
            <gpxtpx:cad>86</gpxtpx:cad>
          </gpxtpx:TrackPointExtension>
        </extensions>
      </trkpt>
      <trkpt lat="43.321034" lon="-1.921926">
        <ele>15.8</ele>
        <time>2026-09-06T11:12:23Z</time>
        <extensions>
          <power>112</power>
          <gpxtpx:TrackPointExtension>
            <gpxtpx:hr>92</gpxtpx:hr>
            <gpxtpx:cad>86</gpxtpx:cad>
          </gpxtpx:TrackPointExtension>
        </extensions>
      </trkpt>
      <trkpt lat="43.321000" lon="-1.921793">
        <ele>16.2</ele>
        <time>2026-09-06T11:12:24Z</time>
        <extensions>
          <power>114</power>
          <gpxtpx:TrackPointExtension>
            <gpxtpx:hr>92</gpxtpx:hr>
            <gpxtpx:cad>86</gpxtpx:cad>
          </gpxtpx:TrackPointExtension>
        </extensions>
      </trkpt>
      <trkpt lat="43.320884" lon="-1.921558">
        <ele>15.8</ele>
        <time>2026-09-06T11:12:25Z</time>
        <extensions>
          <power>110</power>
          <gpxtpx:TrackPointExtension>
            <gpxtpx:hr>92</gpxtpx:hr>
            <gpxtpx:cad>85</gpxtpx:cad>
          </gpxtpx:TrackPointExtension>
        </extensions>
      </trkpt>
      <trkpt lat="43.320884" lon="-1.921558">
        <ele>15.8</ele>
        <time>2026-09-06T11:12:26Z</time>
        <extensions>
          <power>114</power>
          <gpxtpx:TrackPointExtension>
            <gpxtpx:hr>92</gpxtpx:hr>
            <gpxtpx:cad>86</gpxtpx:cad>
          </gpxtpx:TrackPointExtension>
        </extensions>
      </trkpt>
      <trkpt lat="43.320884" lon="-1.921558">
        <ele>15.8</ele>
        <time>2026-09-06T11:12:27Z</time>
        <extensions>
          <power>111</power>
          <gpxtpx:TrackPointExtension>
            <gpxtpx:hr>92</gpxtpx:hr>
            <gpxtpx:cad>88</gpxtpx:cad>
          </gpxtpx:TrackPointExtension>
        </extensions>
      </trkpt>
      <trkpt lat="43.320762" lon="-1.921319">
        <ele>14.0</ele>
        <time>2026-09-06T11:12:28Z</time>
        <extensions>
          <power>123</power>
          <gpxtpx:TrackPointExtension>
            <gpxtpx:hr>92</gpxtpx:hr>
            <gpxtpx:cad>85</gpxtpx:cad>
          </gpxtpx:TrackPointExtension>
        </extensions>
      </trkpt>
      <trkpt lat="43.320762" lon="-1.921319">
        <ele>14.0</ele>
        <time>2026-09-06T11:12:29Z</time>
        <extensions>
          <power>132</power>
          <gpxtpx:TrackPointExtension>
            <gpxtpx:hr>91</gpxtpx:hr>
            <gpxtpx:cad>124</gpxtpx:cad>
          </gpxtpx:TrackPointExtension>
        </extensions>
      </trkpt>
      <trkpt lat="43.320648" lon="-1.921064">
        <ele>12.8</ele>
        <time>2026-09-06T11:12:30Z</time>
        <extensions>
          <power>113</power>
          <gpxtpx:TrackPointExtension>
            <gpxtpx:hr>91</gpxtpx:hr>
            <gpxtpx:cad>108</gpxtpx:cad>
          </gpxtpx:TrackPointExtension>
        </extensions>
      </trkpt>
      <trkpt lat="43.320648" lon="-1.921064">
        <ele>12.8</ele>
        <time>2026-09-06T11:12:31Z</time>
        <extensions>
          <power>110</power>
          <gpxtpx:TrackPointExtension>
            <gpxtpx:hr>91</gpxtpx:hr>
            <gpxtpx:cad>96</gpxtpx:cad>
          </gpxtpx:TrackPointExtension>
        </extensions>
      </trkpt>
      <trkpt lat="43.320648" lon="-1.921064">
        <ele>12.8</ele>
        <time>2026-09-06T11:12:32Z</time>
        <extensions>
          <power>113</power>
          <gpxtpx:TrackPointExtension>
            <gpxtpx:hr>90</gpxtpx:hr>
            <gpxtpx:cad>87</gpxtpx:cad>
          </gpxtpx:TrackPointExtension>
        </extensions>
      </trkpt>
      <trkpt lat="43.320527" lon="-1.920810">
        <ele>11.8</ele>
        <time>2026-09-06T11:12:33Z</time>
        <extensions>
          <power>107</power>
          <gpxtpx:TrackPointExtension>
            <gpxtpx:hr>91</gpxtpx:hr>
            <gpxtpx:cad>88</gpxtpx:cad>
          </gpxtpx:TrackPointExtension>
        </extensions>
      </trkpt>
      <trkpt lat="43.320527" lon="-1.920810">
        <ele>11.8</ele>
        <time>2026-09-06T11:12:34Z</time>
        <extensions>
          <power>113</power>
          <gpxtpx:TrackPointExtension>
            <gpxtpx:hr>91</gpxtpx:hr>
            <gpxtpx:cad>87</gpxtpx:cad>
          </gpxtpx:TrackPointExtension>
        </extensions>
      </trkpt>
      <trkpt lat="43.320527" lon="-1.920810">
        <ele>11.8</ele>
        <time>2026-09-06T11:12:35Z</time>
        <extensions>
          <power>115</power>
          <gpxtpx:TrackPointExtension>
            <gpxtpx:hr>91</gpxtpx:hr>
            <gpxtpx:cad>86</gpxtpx:cad>
          </gpxtpx:TrackPointExtension>
        </extensions>
      </trkpt>
      <trkpt lat="43.320449" lon="-1.920694">
        <ele>11.4</ele>
        <time>2026-09-06T11:12:36Z</time>
        <extensions>
          <power>103</power>
          <gpxtpx:TrackPointExtension>
            <gpxtpx:hr>91</gpxtpx:hr>
            <gpxtpx:cad>115</gpxtpx:cad>
          </gpxtpx:TrackPointExtension>
        </extensions>
      </trkpt>
      <trkpt lat="43.320449" lon="-1.920694">
        <ele>11.4</ele>
        <time>2026-09-06T11:12:37Z</time>
        <extensions>
          <power>117</power>
          <gpxtpx:TrackPointExtension>
            <gpxtpx:hr>91</gpxtpx:hr>
            <gpxtpx:cad>144</gpxtpx:cad>
          </gpxtpx:TrackPointExtension>
        </extensions>
      </trkpt>
      <trkpt lat="43.320315" lon="-1.920443">
        <ele>10.4</ele>
        <time>2026-09-06T11:12:38Z</time>
        <extensions>
          <power>116</power>
          <gpxtpx:TrackPointExtension>
            <gpxtpx:hr>91</gpxtpx:hr>
            <gpxtpx:cad>114</gpxtpx:cad>
          </gpxtpx:TrackPointExtension>
        </extensions>
      </trkpt>
      <trkpt lat="43.320315" lon="-1.920443">
        <ele>10.4</ele>
        <time>2026-09-06T11:12:39Z</time>
        <extensions>
          <power>118</power>
          <gpxtpx:TrackPointExtension>
            <gpxtpx:hr>92</gpxtpx:hr>
            <gpxtpx:cad>86</gpxtpx:cad>
          </gpxtpx:TrackPointExtension>
        </extensions>
      </trkpt>
      <trkpt lat="43.320315" lon="-1.920443">
        <ele>10.4</ele>
        <time>2026-09-06T11:12:40Z</time>
        <extensions>
          <power>113</power>
          <gpxtpx:TrackPointExtension>
            <gpxtpx:hr>92</gpxtpx:hr>
            <gpxtpx:cad>87</gpxtpx:cad>
          </gpxtpx:TrackPointExtension>
        </extensions>
      </trkpt>
      <trkpt lat="43.320192" lon="-1.920183">
        <ele>9.4</ele>
        <time>2026-09-06T11:12:41Z</time>
        <extensions>
          <power>107</power>
          <gpxtpx:TrackPointExtension>
            <gpxtpx:hr>92</gpxtpx:hr>
            <gpxtpx:cad>86</gpxtpx:cad>
          </gpxtpx:TrackPointExtension>
        </extensions>
      </trkpt>
      <trkpt lat="43.320192" lon="-1.920183">
        <ele>9.4</ele>
        <time>2026-09-06T11:12:42Z</time>
        <extensions>
          <power>108</power>
          <gpxtpx:TrackPointExtension>
            <gpxtpx:hr>92</gpxtpx:hr>
            <gpxtpx:cad>86</gpxtpx:cad>
          </gpxtpx:TrackPointExtension>
        </extensions>
      </trkpt>
      <trkpt lat="43.320192" lon="-1.920183">
        <ele>9.4</ele>
        <time>2026-09-06T11:12:43Z</time>
        <extensions>
          <power>129</power>
          <gpxtpx:TrackPointExtension>
            <gpxtpx:hr>92</gpxtpx:hr>
            <gpxtpx:cad>90</gpxtpx:cad>
          </gpxtpx:TrackPointExtension>
        </extensions>
      </trkpt>
      <trkpt lat="43.320008" lon="-1.919794">
        <ele>8.0</ele>
        <time>2026-09-06T11:12:44Z</time>
        <extensions>
          <power>129</power>
          <gpxtpx:TrackPointExtension>
            <gpxtpx:hr>92</gpxtpx:hr>
            <gpxtpx:cad>88</gpxtpx:cad>
          </gpxtpx:TrackPointExtension>
        </extensions>
      </trkpt>
      <trkpt lat="43.320008" lon="-1.919794">
        <ele>8.0</ele>
        <time>2026-09-06T11:12:45Z</time>
        <extensions>
          <power>109</power>
          <gpxtpx:TrackPointExtension>
            <gpxtpx:hr>92</gpxtpx:hr>
            <gpxtpx:cad>85</gpxtpx:cad>
          </gpxtpx:TrackPointExtension>
        </extensions>
      </trkpt>
      <trkpt lat="43.320008" lon="-1.919794">
        <ele>8.0</ele>
        <time>2026-09-06T11:12:46Z</time>
        <extensions>
          <power>109</power>
          <gpxtpx:TrackPointExtension>
            <gpxtpx:hr>92</gpxtpx:hr>
            <gpxtpx:cad>85</gpxtpx:cad>
          </gpxtpx:TrackPointExtension>
        </extensions>
      </trkpt>
      <trkpt lat="43.320008" lon="-1.919794">
        <ele>8.0</ele>
        <time>2026-09-06T11:12:47Z</time>
        <extensions>
          <power>108</power>
          <gpxtpx:TrackPointExtension>
            <gpxtpx:hr>92</gpxtpx:hr>
            <gpxtpx:cad>85</gpxtpx:cad>
          </gpxtpx:TrackPointExtension>
        </extensions>
      </trkpt>
      <trkpt lat="43.319818" lon="-1.919406">
        <ele>7.0</ele>
        <time>2026-09-06T11:12:48Z</time>
        <extensions>
          <power>105</power>
          <gpxtpx:TrackPointExtension>
            <gpxtpx:hr>92</gpxtpx:hr>
            <gpxtpx:cad>87</gpxtpx:cad>
          </gpxtpx:TrackPointExtension>
        </extensions>
      </trkpt>
      <trkpt lat="43.319818" lon="-1.919406">
        <ele>7.0</ele>
        <time>2026-09-06T11:12:49Z</time>
        <extensions>
          <power>112</power>
          <gpxtpx:TrackPointExtension>
            <gpxtpx:hr>92</gpxtpx:hr>
            <gpxtpx:cad>88</gpxtpx:cad>
          </gpxtpx:TrackPointExtension>
        </extensions>
      </trkpt>
      <trkpt lat="43.319818" lon="-1.919406">
        <ele>7.0</ele>
        <time>2026-09-06T11:12:50Z</time>
        <extensions>
          <power>124</power>
          <gpxtpx:TrackPointExtension>
            <gpxtpx:hr>92</gpxtpx:hr>
            <gpxtpx:cad>89</gpxtpx:cad>
          </gpxtpx:TrackPointExtension>
        </extensions>
      </trkpt>
      <trkpt lat="43.319818" lon="-1.919406">
        <ele>7.0</ele>
        <time>2026-09-06T11:12:51Z</time>
        <extensions>
          <power>127</power>
          <gpxtpx:TrackPointExtension>
            <gpxtpx:hr>92</gpxtpx:hr>
            <gpxtpx:cad>86</gpxtpx:cad>
          </gpxtpx:TrackPointExtension>
        </extensions>
      </trkpt>
      <trkpt lat="43.319641" lon="-1.919023">
        <ele>6.6</ele>
        <time>2026-09-06T11:12:52Z</time>
        <extensions>
          <power>115</power>
          <gpxtpx:TrackPointExtension>
            <gpxtpx:hr>92</gpxtpx:hr>
            <gpxtpx:cad>85</gpxtpx:cad>
          </gpxtpx:TrackPointExtension>
        </extensions>
      </trkpt>
      <trkpt lat="43.319641" lon="-1.919023">
        <ele>6.6</ele>
        <time>2026-09-06T11:12:53Z</time>
        <extensions>
          <power>116</power>
          <gpxtpx:TrackPointExtension>
            <gpxtpx:hr>92</gpxtpx:hr>
            <gpxtpx:cad>87</gpxtpx:cad>
          </gpxtpx:TrackPointExtension>
        </extensions>
      </trkpt>
      <trkpt lat="43.319641" lon="-1.919023">
        <ele>6.6</ele>
        <time>2026-09-06T11:12:54Z</time>
        <extensions>
          <power>116</power>
          <gpxtpx:TrackPointExtension>
            <gpxtpx:hr>92</gpxtpx:hr>
            <gpxtpx:cad>93</gpxtpx:cad>
          </gpxtpx:TrackPointExtension>
        </extensions>
      </trkpt>
      <trkpt lat="43.319641" lon="-1.919023">
        <ele>6.6</ele>
        <time>2026-09-06T11:12:55Z</time>
        <extensions>
          <power>114</power>
          <gpxtpx:TrackPointExtension>
            <gpxtpx:hr>91</gpxtpx:hr>
            <gpxtpx:cad>109</gpxtpx:cad>
          </gpxtpx:TrackPointExtension>
        </extensions>
      </trkpt>
      <trkpt lat="43.319641" lon="-1.919023">
        <ele>6.6</ele>
        <time>2026-09-06T11:12:56Z</time>
        <extensions>
          <power>118</power>
          <gpxtpx:TrackPointExtension>
            <gpxtpx:hr>91</gpxtpx:hr>
            <gpxtpx:cad>102</gpxtpx:cad>
          </gpxtpx:TrackPointExtension>
        </extensions>
      </trkpt>
      <trkpt lat="43.319496" lon="-1.918634">
        <ele>5.8</ele>
        <time>2026-09-06T11:12:57Z</time>
        <extensions>
          <power>107</power>
          <gpxtpx:TrackPointExtension>
            <gpxtpx:hr>91</gpxtpx:hr>
            <gpxtpx:cad>86</gpxtpx:cad>
          </gpxtpx:TrackPointExtension>
        </extensions>
      </trkpt>
      <trkpt lat="43.319496" lon="-1.918634">
        <ele>5.8</ele>
        <time>2026-09-06T11:12:58Z</time>
        <extensions>
          <power>113</power>
          <gpxtpx:TrackPointExtension>
            <gpxtpx:hr>91</gpxtpx:hr>
            <gpxtpx:cad>88</gpxtpx:cad>
          </gpxtpx:TrackPointExtension>
        </extensions>
      </trkpt>
      <trkpt lat="43.319496" lon="-1.918634">
        <ele>5.8</ele>
        <time>2026-09-06T11:12:59Z</time>
        <extensions>
          <power>109</power>
          <gpxtpx:TrackPointExtension>
            <gpxtpx:hr>92</gpxtpx:hr>
            <gpxtpx:cad>87</gpxtpx:cad>
          </gpxtpx:TrackPointExtension>
        </extensions>
      </trkpt>
      <trkpt lat="43.319496" lon="-1.918634">
        <ele>5.8</ele>
        <time>2026-09-06T11:13:00Z</time>
        <extensions>
          <power>119</power>
          <gpxtpx:TrackPointExtension>
            <gpxtpx:hr>92</gpxtpx:hr>
            <gpxtpx:cad>85</gpxtpx:cad>
          </gpxtpx:TrackPointExtension>
        </extensions>
      </trkpt>
      <trkpt lat="43.319311" lon="-1.918136">
        <ele>5.6</ele>
        <time>2026-09-06T11:13:01Z</time>
        <extensions>
          <power>107</power>
          <gpxtpx:TrackPointExtension>
            <gpxtpx:hr>92</gpxtpx:hr>
            <gpxtpx:cad>86</gpxtpx:cad>
          </gpxtpx:TrackPointExtension>
        </extensions>
      </trkpt>
      <trkpt lat="43.319311" lon="-1.918136">
        <ele>5.6</ele>
        <time>2026-09-06T11:13:02Z</time>
        <extensions>
          <power>107</power>
          <gpxtpx:TrackPointExtension>
            <gpxtpx:hr>92</gpxtpx:hr>
            <gpxtpx:cad>86</gpxtpx:cad>
          </gpxtpx:TrackPointExtension>
        </extensions>
      </trkpt>
      <trkpt lat="43.319311" lon="-1.918136">
        <ele>5.6</ele>
        <time>2026-09-06T11:13:03Z</time>
        <extensions>
          <power>109</power>
          <gpxtpx:TrackPointExtension>
            <gpxtpx:hr>92</gpxtpx:hr>
            <gpxtpx:cad>86</gpxtpx:cad>
          </gpxtpx:TrackPointExtension>
        </extensions>
      </trkpt>
      <trkpt lat="43.319311" lon="-1.918136">
        <ele>5.6</ele>
        <time>2026-09-06T11:13:04Z</time>
        <extensions>
          <power>112</power>
          <gpxtpx:TrackPointExtension>
            <gpxtpx:hr>92</gpxtpx:hr>
            <gpxtpx:cad>86</gpxtpx:cad>
          </gpxtpx:TrackPointExtension>
        </extensions>
      </trkpt>
      <trkpt lat="43.319311" lon="-1.918136">
        <ele>5.6</ele>
        <time>2026-09-06T11:13:05Z</time>
        <extensions>
          <power>122</power>
          <gpxtpx:TrackPointExtension>
            <gpxtpx:hr>92</gpxtpx:hr>
            <gpxtpx:cad>87</gpxtpx:cad>
          </gpxtpx:TrackPointExtension>
        </extensions>
      </trkpt>
      <trkpt lat="43.319134" lon="-1.917662">
        <ele>5.6</ele>
        <time>2026-09-06T11:13:06Z</time>
        <extensions>
          <power>139</power>
          <gpxtpx:TrackPointExtension>
            <gpxtpx:hr>91</gpxtpx:hr>
            <gpxtpx:cad>89</gpxtpx:cad>
          </gpxtpx:TrackPointExtension>
        </extensions>
      </trkpt>
      <trkpt lat="43.319134" lon="-1.917662">
        <ele>5.6</ele>
        <time>2026-09-06T11:13:07Z</time>
        <extensions>
          <power>166</power>
          <gpxtpx:TrackPointExtension>
            <gpxtpx:hr>91</gpxtpx:hr>
            <gpxtpx:cad>87</gpxtpx:cad>
          </gpxtpx:TrackPointExtension>
        </extensions>
      </trkpt>
      <trkpt lat="43.319134" lon="-1.917662">
        <ele>5.6</ele>
        <time>2026-09-06T11:13:08Z</time>
        <extensions>
          <power>153</power>
          <gpxtpx:TrackPointExtension>
            <gpxtpx:hr>91</gpxtpx:hr>
            <gpxtpx:cad>83</gpxtpx:cad>
          </gpxtpx:TrackPointExtension>
        </extensions>
      </trkpt>
      <trkpt lat="43.319134" lon="-1.917662">
        <ele>5.6</ele>
        <time>2026-09-06T11:13:09Z</time>
        <extensions>
          <power>153</power>
          <gpxtpx:TrackPointExtension>
            <gpxtpx:hr>92</gpxtpx:hr>
            <gpxtpx:cad>83</gpxtpx:cad>
          </gpxtpx:TrackPointExtension>
        </extensions>
      </trkpt>
      <trkpt lat="43.319134" lon="-1.917662">
        <ele>5.6</ele>
        <time>2026-09-06T11:13:10Z</time>
        <extensions>
          <power>160</power>
          <gpxtpx:TrackPointExtension>
            <gpxtpx:hr>92</gpxtpx:hr>
            <gpxtpx:cad>85</gpxtpx:cad>
          </gpxtpx:TrackPointExtension>
        </extensions>
      </trkpt>
      <trkpt lat="43.319016" lon="-1.917328">
        <ele>6.0</ele>
        <time>2026-09-06T11:13:11Z</time>
        <extensions>
          <power>234</power>
          <gpxtpx:TrackPointExtension>
            <gpxtpx:hr>92</gpxtpx:hr>
            <gpxtpx:cad>87</gpxtpx:cad>
          </gpxtpx:TrackPointExtension>
        </extensions>
      </trkpt>
      <trkpt lat="43.319016" lon="-1.917328">
        <ele>6.0</ele>
        <time>2026-09-06T11:13:12Z</time>
        <extensions>
          <power>208</power>
          <gpxtpx:TrackPointExtension>
            <gpxtpx:hr>92</gpxtpx:hr>
            <gpxtpx:cad>85</gpxtpx:cad>
          </gpxtpx:TrackPointExtension>
        </extensions>
      </trkpt>
      <trkpt lat="43.319016" lon="-1.917328">
        <ele>6.0</ele>
        <time>2026-09-06T11:13:13Z</time>
        <extensions>
          <power>208</power>
          <gpxtpx:TrackPointExtension>
            <gpxtpx:hr>92</gpxtpx:hr>
            <gpxtpx:cad>85</gpxtpx:cad>
          </gpxtpx:TrackPointExtension>
        </extensions>
      </trkpt>
      <trkpt lat="43.319016" lon="-1.917328">
        <ele>6.0</ele>
        <time>2026-09-06T11:13:14Z</time>
        <extensions>
          <power>265</power>
          <gpxtpx:TrackPointExtension>
            <gpxtpx:hr>93</gpxtpx:hr>
            <gpxtpx:cad>85</gpxtpx:cad>
          </gpxtpx:TrackPointExtension>
        </extensions>
      </trkpt>
      <trkpt lat="43.318870" lon="-1.916926">
        <ele>6.0</ele>
        <time>2026-09-06T11:13:15Z</time>
        <extensions>
          <power>276</power>
          <gpxtpx:TrackPointExtension>
            <gpxtpx:hr>93</gpxtpx:hr>
            <gpxtpx:cad>83</gpxtpx:cad>
          </gpxtpx:TrackPointExtension>
        </extensions>
      </trkpt>
      <trkpt lat="43.318870" lon="-1.916926">
        <ele>6.0</ele>
        <time>2026-09-06T11:13:16Z</time>
        <extensions>
          <power>231</power>
          <gpxtpx:TrackPointExtension>
            <gpxtpx:hr>93</gpxtpx:hr>
            <gpxtpx:cad>85</gpxtpx:cad>
          </gpxtpx:TrackPointExtension>
        </extensions>
      </trkpt>
      <trkpt lat="43.318870" lon="-1.916926">
        <ele>6.0</ele>
        <time>2026-09-06T11:13:17Z</time>
        <extensions>
          <power>230</power>
          <gpxtpx:TrackPointExtension>
            <gpxtpx:hr>94</gpxtpx:hr>
            <gpxtpx:cad>87</gpxtpx:cad>
          </gpxtpx:TrackPointExtension>
        </extensions>
      </trkpt>
      <trkpt lat="43.318870" lon="-1.916926">
        <ele>6.0</ele>
        <time>2026-09-06T11:13:18Z</time>
        <extensions>
          <power>169</power>
          <gpxtpx:TrackPointExtension>
            <gpxtpx:hr>94</gpxtpx:hr>
            <gpxtpx:cad>86</gpxtpx:cad>
          </gpxtpx:TrackPointExtension>
        </extensions>
      </trkpt>
      <trkpt lat="43.318798" lon="-1.916738">
        <ele>6.2</ele>
        <time>2026-09-06T11:13:19Z</time>
        <extensions>
          <power>157</power>
          <gpxtpx:TrackPointExtension>
            <gpxtpx:hr>94</gpxtpx:hr>
            <gpxtpx:cad>86</gpxtpx:cad>
          </gpxtpx:TrackPointExtension>
        </extensions>
      </trkpt>
      <trkpt lat="43.318798" lon="-1.916738">
        <ele>6.2</ele>
        <time>2026-09-06T11:13:20Z</time>
        <extensions>
          <power>195</power>
          <gpxtpx:TrackPointExtension>
            <gpxtpx:hr>95</gpxtpx:hr>
            <gpxtpx:cad>87</gpxtpx:cad>
          </gpxtpx:TrackPointExtension>
        </extensions>
      </trkpt>
      <trkpt lat="43.318660" lon="-1.916367">
        <ele>6.2</ele>
        <time>2026-09-06T11:13:21Z</time>
        <extensions>
          <power>205</power>
          <gpxtpx:TrackPointExtension>
            <gpxtpx:hr>95</gpxtpx:hr>
            <gpxtpx:cad>86</gpxtpx:cad>
          </gpxtpx:TrackPointExtension>
        </extensions>
      </trkpt>
      <trkpt lat="43.318660" lon="-1.916367">
        <ele>6.2</ele>
        <time>2026-09-06T11:13:22Z</time>
        <extensions>
          <power>214</power>
          <gpxtpx:TrackPointExtension>
            <gpxtpx:hr>96</gpxtpx:hr>
            <gpxtpx:cad>84</gpxtpx:cad>
          </gpxtpx:TrackPointExtension>
        </extensions>
      </trkpt>
      <trkpt lat="43.318660" lon="-1.916367">
        <ele>6.2</ele>
        <time>2026-09-06T11:13:23Z</time>
        <extensions>
          <power>182</power>
          <gpxtpx:TrackPointExtension>
            <gpxtpx:hr>97</gpxtpx:hr>
            <gpxtpx:cad>84</gpxtpx:cad>
          </gpxtpx:TrackPointExtension>
        </extensions>
      </trkpt>
      <trkpt lat="43.318660" lon="-1.916367">
        <ele>6.2</ele>
        <time>2026-09-06T11:13:24Z</time>
        <extensions>
          <power>168</power>
          <gpxtpx:TrackPointExtension>
            <gpxtpx:hr>97</gpxtpx:hr>
            <gpxtpx:cad>85</gpxtpx:cad>
          </gpxtpx:TrackPointExtension>
        </extensions>
      </trkpt>
      <trkpt lat="43.318568" lon="-1.916089">
        <ele>6.4</ele>
        <time>2026-09-06T11:13:25Z</time>
        <extensions>
          <power>179</power>
          <gpxtpx:TrackPointExtension>
            <gpxtpx:hr>97</gpxtpx:hr>
            <gpxtpx:cad>85</gpxtpx:cad>
          </gpxtpx:TrackPointExtension>
        </extensions>
      </trkpt>
      <trkpt lat="43.318568" lon="-1.916089">
        <ele>6.4</ele>
        <time>2026-09-06T11:13:26Z</time>
        <extensions>
          <power>169</power>
          <gpxtpx:TrackPointExtension>
            <gpxtpx:hr>98</gpxtpx:hr>
            <gpxtpx:cad>84</gpxtpx:cad>
          </gpxtpx:TrackPointExtension>
        </extensions>
      </trkpt>
      <trkpt lat="43.318568" lon="-1.916089">
        <ele>6.4</ele>
        <time>2026-09-06T11:13:27Z</time>
        <extensions>
          <power>197</power>
          <gpxtpx:TrackPointExtension>
            <gpxtpx:hr>99</gpxtpx:hr>
            <gpxtpx:cad>85</gpxtpx:cad>
          </gpxtpx:TrackPointExtension>
        </extensions>
      </trkpt>
      <trkpt lat="43.318472" lon="-1.915826">
        <ele>6.2</ele>
        <time>2026-09-06T11:13:28Z</time>
        <extensions>
          <power>188</power>
          <gpxtpx:TrackPointExtension>
            <gpxtpx:hr>99</gpxtpx:hr>
            <gpxtpx:cad>84</gpxtpx:cad>
          </gpxtpx:TrackPointExtension>
        </extensions>
      </trkpt>
      <trkpt lat="43.318472" lon="-1.915826">
        <ele>6.2</ele>
        <time>2026-09-06T11:13:29Z</time>
        <extensions>
          <power>180</power>
          <gpxtpx:TrackPointExtension>
            <gpxtpx:hr>99</gpxtpx:hr>
            <gpxtpx:cad>84</gpxtpx:cad>
          </gpxtpx:TrackPointExtension>
        </extensions>
      </trkpt>
      <trkpt lat="43.318472" lon="-1.915826">
        <ele>6.2</ele>
        <time>2026-09-06T11:13:30Z</time>
        <extensions>
          <power>172</power>
          <gpxtpx:TrackPointExtension>
            <gpxtpx:hr>99</gpxtpx:hr>
            <gpxtpx:cad>86</gpxtpx:cad>
          </gpxtpx:TrackPointExtension>
        </extensions>
      </trkpt>
      <trkpt lat="43.318376" lon="-1.915561">
        <ele>6.6</ele>
        <time>2026-09-06T11:13:31Z</time>
        <extensions>
          <power>163</power>
          <gpxtpx:TrackPointExtension>
            <gpxtpx:hr>100</gpxtpx:hr>
            <gpxtpx:cad>85</gpxtpx:cad>
          </gpxtpx:TrackPointExtension>
        </extensions>
      </trkpt>
      <trkpt lat="43.318376" lon="-1.915561">
        <ele>6.6</ele>
        <time>2026-09-06T11:13:32Z</time>
        <extensions>
          <power>122</power>
          <gpxtpx:TrackPointExtension>
            <gpxtpx:hr>100</gpxtpx:hr>
            <gpxtpx:cad>83</gpxtpx:cad>
          </gpxtpx:TrackPointExtension>
        </extensions>
      </trkpt>
      <trkpt lat="43.318376" lon="-1.915561">
        <ele>6.6</ele>
        <time>2026-09-06T11:13:33Z</time>
        <extensions>
          <power>147</power>
          <gpxtpx:TrackPointExtension>
            <gpxtpx:hr>100</gpxtpx:hr>
            <gpxtpx:cad>76</gpxtpx:cad>
          </gpxtpx:TrackPointExtension>
        </extensions>
      </trkpt>
      <trkpt lat="43.318345" lon="-1.915481">
        <ele>6.8</ele>
        <time>2026-09-06T11:13:34Z</time>
        <extensions>
          <power>226</power>
          <gpxtpx:TrackPointExtension>
            <gpxtpx:hr>100</gpxtpx:hr>
            <gpxtpx:cad>77</gpxtpx:cad>
          </gpxtpx:TrackPointExtension>
        </extensions>
      </trkpt>
      <trkpt lat="43.318256" lon="-1.915257">
        <ele>7.2</ele>
        <time>2026-09-06T11:13:35Z</time>
        <extensions>
          <power>219</power>
          <gpxtpx:TrackPointExtension>
            <gpxtpx:hr>100</gpxtpx:hr>
            <gpxtpx:cad>77</gpxtpx:cad>
          </gpxtpx:TrackPointExtension>
        </extensions>
      </trkpt>
      <trkpt lat="43.318256" lon="-1.915257">
        <ele>7.2</ele>
        <time>2026-09-06T11:13:36Z</time>
        <extensions>
          <power>261</power>
          <gpxtpx:TrackPointExtension>
            <gpxtpx:hr>100</gpxtpx:hr>
            <gpxtpx:cad>82</gpxtpx:cad>
          </gpxtpx:TrackPointExtension>
        </extensions>
      </trkpt>
      <trkpt lat="43.318184" lon="-1.915066">
        <ele>7.4</ele>
        <time>2026-09-06T11:13:37Z</time>
        <extensions>
          <power>243</power>
          <gpxtpx:TrackPointExtension>
            <gpxtpx:hr>100</gpxtpx:hr>
            <gpxtpx:cad>82</gpxtpx:cad>
          </gpxtpx:TrackPointExtension>
        </extensions>
      </trkpt>
      <trkpt lat="43.318184" lon="-1.915066">
        <ele>7.4</ele>
        <time>2026-09-06T11:13:38Z</time>
        <extensions>
          <power>245</power>
          <gpxtpx:TrackPointExtension>
            <gpxtpx:hr>100</gpxtpx:hr>
            <gpxtpx:cad>82</gpxtpx:cad>
          </gpxtpx:TrackPointExtension>
        </extensions>
      </trkpt>
      <trkpt lat="43.318184" lon="-1.915066">
        <ele>7.4</ele>
        <time>2026-09-06T11:13:39Z</time>
        <extensions>
          <power>209</power>
          <gpxtpx:TrackPointExtension>
            <gpxtpx:hr>101</gpxtpx:hr>
            <gpxtpx:cad>84</gpxtpx:cad>
          </gpxtpx:TrackPointExtension>
        </extensions>
      </trkpt>
      <trkpt lat="43.318095" lon="-1.914903">
        <ele>7.6</ele>
        <time>2026-09-06T11:13:40Z</time>
        <extensions>
          <power>196</power>
          <gpxtpx:TrackPointExtension>
            <gpxtpx:hr>101</gpxtpx:hr>
            <gpxtpx:cad>85</gpxtpx:cad>
          </gpxtpx:TrackPointExtension>
        </extensions>
      </trkpt>
      <trkpt lat="43.318095" lon="-1.914903">
        <ele>7.6</ele>
        <time>2026-09-06T11:13:41Z</time>
        <extensions>
          <power>186</power>
          <gpxtpx:TrackPointExtension>
            <gpxtpx:hr>102</gpxtpx:hr>
            <gpxtpx:cad>85</gpxtpx:cad>
          </gpxtpx:TrackPointExtension>
        </extensions>
      </trkpt>
      <trkpt lat="43.317987" lon="-1.914879">
        <ele>7.6</ele>
        <time>2026-09-06T11:13:42Z</time>
        <extensions>
          <power>184</power>
          <gpxtpx:TrackPointExtension>
            <gpxtpx:hr>102</gpxtpx:hr>
            <gpxtpx:cad>84</gpxtpx:cad>
          </gpxtpx:TrackPointExtension>
        </extensions>
      </trkpt>
      <trkpt lat="43.317934" lon="-1.914746">
        <ele>7.6</ele>
        <time>2026-09-06T11:13:43Z</time>
        <extensions>
          <power>192</power>
          <gpxtpx:TrackPointExtension>
            <gpxtpx:hr>103</gpxtpx:hr>
            <gpxtpx:cad>83</gpxtpx:cad>
          </gpxtpx:TrackPointExtension>
        </extensions>
      </trkpt>
      <trkpt lat="43.317934" lon="-1.914746">
        <ele>7.6</ele>
        <time>2026-09-06T11:13:44Z</time>
        <extensions>
          <power>174</power>
          <gpxtpx:TrackPointExtension>
            <gpxtpx:hr>103</gpxtpx:hr>
            <gpxtpx:cad>83</gpxtpx:cad>
          </gpxtpx:TrackPointExtension>
        </extensions>
      </trkpt>
      <trkpt lat="43.317900" lon="-1.914647">
        <ele>7.8</ele>
        <time>2026-09-06T11:13:45Z</time>
        <extensions>
          <power>170</power>
          <gpxtpx:TrackPointExtension>
            <gpxtpx:hr>103</gpxtpx:hr>
            <gpxtpx:cad>84</gpxtpx:cad>
          </gpxtpx:TrackPointExtension>
        </extensions>
      </trkpt>
      <trkpt lat="43.317813" lon="-1.914442">
        <ele>8.0</ele>
        <time>2026-09-06T11:13:46Z</time>
        <extensions>
          <power>188</power>
          <gpxtpx:TrackPointExtension>
            <gpxtpx:hr>103</gpxtpx:hr>
            <gpxtpx:cad>84</gpxtpx:cad>
          </gpxtpx:TrackPointExtension>
        </extensions>
      </trkpt>
      <trkpt lat="43.317813" lon="-1.914442">
        <ele>8.0</ele>
        <time>2026-09-06T11:13:47Z</time>
        <extensions>
          <power>173</power>
          <gpxtpx:TrackPointExtension>
            <gpxtpx:hr>104</gpxtpx:hr>
            <gpxtpx:cad>84</gpxtpx:cad>
          </gpxtpx:TrackPointExtension>
        </extensions>
      </trkpt>
      <trkpt lat="43.317746" lon="-1.914281">
        <ele>8.6</ele>
        <time>2026-09-06T11:13:48Z</time>
        <extensions>
          <power>193</power>
          <gpxtpx:TrackPointExtension>
            <gpxtpx:hr>104</gpxtpx:hr>
            <gpxtpx:cad>84</gpxtpx:cad>
          </gpxtpx:TrackPointExtension>
        </extensions>
      </trkpt>
      <trkpt lat="43.317746" lon="-1.914281">
        <ele>8.6</ele>
        <time>2026-09-06T11:13:49Z</time>
        <extensions>
          <power>235</power>
          <gpxtpx:TrackPointExtension>
            <gpxtpx:hr>105</gpxtpx:hr>
            <gpxtpx:cad>83</gpxtpx:cad>
          </gpxtpx:TrackPointExtension>
        </extensions>
      </trkpt>
      <trkpt lat="43.317700" lon="-1.914186">
        <ele>9.0</ele>
        <time>2026-09-06T11:13:50Z</time>
        <extensions>
          <power>279</power>
          <gpxtpx:TrackPointExtension>
            <gpxtpx:hr>105</gpxtpx:hr>
            <gpxtpx:cad>82</gpxtpx:cad>
          </gpxtpx:TrackPointExtension>
        </extensions>
      </trkpt>
      <trkpt lat="43.317669" lon="-1.914091">
        <ele>9.4</ele>
        <time>2026-09-06T11:13:51Z</time>
        <extensions>
          <power>278</power>
          <gpxtpx:TrackPointExtension>
            <gpxtpx:hr>105</gpxtpx:hr>
            <gpxtpx:cad>81</gpxtpx:cad>
          </gpxtpx:TrackPointExtension>
        </extensions>
      </trkpt>
      <trkpt lat="43.317638" lon="-1.914001">
        <ele>10.2</ele>
        <time>2026-09-06T11:13:52Z</time>
        <extensions>
          <power>314</power>
          <gpxtpx:TrackPointExtension>
            <gpxtpx:hr>106</gpxtpx:hr>
            <gpxtpx:cad>81</gpxtpx:cad>
          </gpxtpx:TrackPointExtension>
        </extensions>
      </trkpt>
      <trkpt lat="43.317582" lon="-1.913874">
        <ele>11.2</ele>
        <time>2026-09-06T11:13:53Z</time>
        <extensions>
          <power>305</power>
          <gpxtpx:TrackPointExtension>
            <gpxtpx:hr>106</gpxtpx:hr>
            <gpxtpx:cad>80</gpxtpx:cad>
          </gpxtpx:TrackPointExtension>
        </extensions>
      </trkpt>
      <trkpt lat="43.317541" lon="-1.913790">
        <ele>12.0</ele>
        <time>2026-09-06T11:13:54Z</time>
        <extensions>
          <power>340</power>
          <gpxtpx:TrackPointExtension>
            <gpxtpx:hr>106</gpxtpx:hr>
            <gpxtpx:cad>79</gpxtpx:cad>
          </gpxtpx:TrackPointExtension>
        </extensions>
      </trkpt>
      <trkpt lat="43.317541" lon="-1.913790">
        <ele>12.0</ele>
        <time>2026-09-06T11:13:55Z</time>
        <extensions>
          <power>382</power>
          <gpxtpx:TrackPointExtension>
            <gpxtpx:hr>107</gpxtpx:hr>
            <gpxtpx:cad>76</gpxtpx:cad>
          </gpxtpx:TrackPointExtension>
        </extensions>
      </trkpt>
      <trkpt lat="43.317507" lon="-1.913701">
        <ele>12.4</ele>
        <time>2026-09-06T11:13:56Z</time>
        <extensions>
          <power>363</power>
          <gpxtpx:TrackPointExtension>
            <gpxtpx:hr>107</gpxtpx:hr>
            <gpxtpx:cad>76</gpxtpx:cad>
          </gpxtpx:TrackPointExtension>
        </extensions>
      </trkpt>
      <trkpt lat="43.317474" lon="-1.913614">
        <ele>12.8</ele>
        <time>2026-09-06T11:13:57Z</time>
        <extensions>
          <power>376</power>
          <gpxtpx:TrackPointExtension>
            <gpxtpx:hr>107</gpxtpx:hr>
            <gpxtpx:cad>77</gpxtpx:cad>
          </gpxtpx:TrackPointExtension>
        </extensions>
      </trkpt>
      <trkpt lat="43.317441" lon="-1.913526">
        <ele>13.6</ele>
        <time>2026-09-06T11:13:58Z</time>
        <extensions>
          <power>315</power>
          <gpxtpx:TrackPointExtension>
            <gpxtpx:hr>108</gpxtpx:hr>
            <gpxtpx:cad>80</gpxtpx:cad>
          </gpxtpx:TrackPointExtension>
        </extensions>
      </trkpt>
      <trkpt lat="43.317402" lon="-1.913454">
        <ele>13.8</ele>
        <time>2026-09-06T11:13:59Z</time>
        <extensions>
          <power>309</power>
          <gpxtpx:TrackPointExtension>
            <gpxtpx:hr>108</gpxtpx:hr>
            <gpxtpx:cad>78</gpxtpx:cad>
          </gpxtpx:TrackPointExtension>
        </extensions>
      </trkpt>
      <trkpt lat="43.317339" lon="-1.913357">
        <ele>14.8</ele>
        <time>2026-09-06T11:14:00Z</time>
        <extensions>
          <power>350</power>
          <gpxtpx:TrackPointExtension>
            <gpxtpx:hr>109</gpxtpx:hr>
            <gpxtpx:cad>77</gpxtpx:cad>
          </gpxtpx:TrackPointExtension>
        </extensions>
      </trkpt>
      <trkpt lat="43.317292" lon="-1.913308">
        <ele>15.8</ele>
        <time>2026-09-06T11:14:01Z</time>
        <extensions>
          <power>369</power>
          <gpxtpx:TrackPointExtension>
            <gpxtpx:hr>109</gpxtpx:hr>
            <gpxtpx:cad>75</gpxtpx:cad>
          </gpxtpx:TrackPointExtension>
        </extensions>
      </trkpt>
      <trkpt lat="43.317196" lon="-1.913289">
        <ele>16.4</ele>
        <time>2026-09-06T11:14:02Z</time>
        <extensions>
          <power>379</power>
          <gpxtpx:TrackPointExtension>
            <gpxtpx:hr>110</gpxtpx:hr>
            <gpxtpx:cad>76</gpxtpx:cad>
          </gpxtpx:TrackPointExtension>
        </extensions>
      </trkpt>
      <trkpt lat="43.317076" lon="-1.913250">
        <ele>16.4</ele>
        <time>2026-09-06T11:14:03Z</time>
        <extensions>
          <power>311</power>
          <gpxtpx:TrackPointExtension>
            <gpxtpx:hr>110</gpxtpx:hr>
            <gpxtpx:cad>76</gpxtpx:cad>
          </gpxtpx:TrackPointExtension>
        </extensions>
      </trkpt>
      <trkpt lat="43.317076" lon="-1.913250">
        <ele>16.4</ele>
        <time>2026-09-06T11:14:04Z</time>
        <extensions>
          <power>302</power>
          <gpxtpx:TrackPointExtension>
            <gpxtpx:hr>111</gpxtpx:hr>
            <gpxtpx:cad>77</gpxtpx:cad>
          </gpxtpx:TrackPointExtension>
        </extensions>
      </trkpt>
      <trkpt lat="43.316972" lon="-1.913164">
        <ele>16.8</ele>
        <time>2026-09-06T11:14:05Z</time>
        <extensions>
          <power>320</power>
          <gpxtpx:TrackPointExtension>
            <gpxtpx:hr>111</gpxtpx:hr>
            <gpxtpx:cad>82</gpxtpx:cad>
          </gpxtpx:TrackPointExtension>
        </extensions>
      </trkpt>
      <trkpt lat="43.316972" lon="-1.913164">
        <ele>16.8</ele>
        <time>2026-09-06T11:14:06Z</time>
        <extensions>
          <power>243</power>
          <gpxtpx:TrackPointExtension>
            <gpxtpx:hr>112</gpxtpx:hr>
            <gpxtpx:cad>83</gpxtpx:cad>
          </gpxtpx:TrackPointExtension>
        </extensions>
      </trkpt>
      <trkpt lat="43.316897" lon="-1.913030">
        <ele>17.2</ele>
        <time>2026-09-06T11:14:07Z</time>
        <extensions>
          <power>204</power>
          <gpxtpx:TrackPointExtension>
            <gpxtpx:hr>112</gpxtpx:hr>
            <gpxtpx:cad>84</gpxtpx:cad>
          </gpxtpx:TrackPointExtension>
        </extensions>
      </trkpt>
      <trkpt lat="43.316897" lon="-1.913030">
        <ele>17.2</ele>
        <time>2026-09-06T11:14:08Z</time>
        <extensions>
          <power>167</power>
          <gpxtpx:TrackPointExtension>
            <gpxtpx:hr>113</gpxtpx:hr>
            <gpxtpx:cad>84</gpxtpx:cad>
          </gpxtpx:TrackPointExtension>
        </extensions>
      </trkpt>
      <trkpt lat="43.316866" lon="-1.912925">
        <ele>17.6</ele>
        <time>2026-09-06T11:14:09Z</time>
        <extensions>
          <power>179</power>
          <gpxtpx:TrackPointExtension>
            <gpxtpx:hr>113</gpxtpx:hr>
            <gpxtpx:cad>84</gpxtpx:cad>
          </gpxtpx:TrackPointExtension>
        </extensions>
      </trkpt>
      <trkpt lat="43.316838" lon="-1.912629">
        <ele>17.6</ele>
        <time>2026-09-06T11:14:10Z</time>
        <extensions>
          <power>167</power>
          <gpxtpx:TrackPointExtension>
            <gpxtpx:hr>113</gpxtpx:hr>
            <gpxtpx:cad>84</gpxtpx:cad>
          </gpxtpx:TrackPointExtension>
        </extensions>
      </trkpt>
      <trkpt lat="43.316838" lon="-1.912629">
        <ele>17.6</ele>
        <time>2026-09-06T11:14:11Z</time>
        <extensions>
          <power>175</power>
          <gpxtpx:TrackPointExtension>
            <gpxtpx:hr>114</gpxtpx:hr>
            <gpxtpx:cad>83</gpxtpx:cad>
          </gpxtpx:TrackPointExtension>
        </extensions>
      </trkpt>
      <trkpt lat="43.316838" lon="-1.912629">
        <ele>17.6</ele>
        <time>2026-09-06T11:14:12Z</time>
        <extensions>
          <power>145</power>
          <gpxtpx:TrackPointExtension>
            <gpxtpx:hr>114</gpxtpx:hr>
            <gpxtpx:cad>85</gpxtpx:cad>
          </gpxtpx:TrackPointExtension>
        </extensions>
      </trkpt>
      <trkpt lat="43.316842" lon="-1.912563">
        <ele>17.6</ele>
        <time>2026-09-06T11:14:13Z</time>
        <extensions>
          <power>151</power>
          <gpxtpx:TrackPointExtension>
            <gpxtpx:hr>114</gpxtpx:hr>
            <gpxtpx:cad>85</gpxtpx:cad>
          </gpxtpx:TrackPointExtension>
        </extensions>
      </trkpt>
      <trkpt lat="43.316866" lon="-1.912422">
        <ele>17.4</ele>
        <time>2026-09-06T11:14:14Z</time>
        <extensions>
          <power>141</power>
          <gpxtpx:TrackPointExtension>
            <gpxtpx:hr>114</gpxtpx:hr>
            <gpxtpx:cad>84</gpxtpx:cad>
          </gpxtpx:TrackPointExtension>
        </extensions>
      </trkpt>
      <trkpt lat="43.316914" lon="-1.912277">
        <ele>16.8</ele>
        <time>2026-09-06T11:14:15Z</time>
        <extensions>
          <power>124</power>
          <gpxtpx:TrackPointExtension>
            <gpxtpx:hr>114</gpxtpx:hr>
            <gpxtpx:cad>84</gpxtpx:cad>
          </gpxtpx:TrackPointExtension>
        </extensions>
      </trkpt>
      <trkpt lat="43.316914" lon="-1.912277">
        <ele>16.8</ele>
        <time>2026-09-06T11:14:16Z</time>
        <extensions>
          <power>105</power>
          <gpxtpx:TrackPointExtension>
            <gpxtpx:hr>114</gpxtpx:hr>
            <gpxtpx:cad>86</gpxtpx:cad>
          </gpxtpx:TrackPointExtension>
        </extensions>
      </trkpt>
      <trkpt lat="43.317077" lon="-1.912014">
        <ele>16.2</ele>
        <time>2026-09-06T11:14:17Z</time>
        <extensions>
          <power>102</power>
          <gpxtpx:TrackPointExtension>
            <gpxtpx:hr>114</gpxtpx:hr>
            <gpxtpx:cad>86</gpxtpx:cad>
          </gpxtpx:TrackPointExtension>
        </extensions>
      </trkpt>
      <trkpt lat="43.317077" lon="-1.912014">
        <ele>16.2</ele>
        <time>2026-09-06T11:14:18Z</time>
        <extensions>
          <power>106</power>
          <gpxtpx:TrackPointExtension>
            <gpxtpx:hr>114</gpxtpx:hr>
            <gpxtpx:cad>85</gpxtpx:cad>
          </gpxtpx:TrackPointExtension>
        </extensions>
      </trkpt>
      <trkpt lat="43.317077" lon="-1.912014">
        <ele>16.2</ele>
        <time>2026-09-06T11:14:19Z</time>
        <extensions>
          <power>106</power>
          <gpxtpx:TrackPointExtension>
            <gpxtpx:hr>114</gpxtpx:hr>
            <gpxtpx:cad>85</gpxtpx:cad>
          </gpxtpx:TrackPointExtension>
        </extensions>
      </trkpt>
      <trkpt lat="43.317077" lon="-1.912014">
        <ele>16.2</ele>
        <time>2026-09-06T11:14:20Z</time>
        <extensions>
          <power>98</power>
          <gpxtpx:TrackPointExtension>
            <gpxtpx:hr>114</gpxtpx:hr>
            <gpxtpx:cad>88</gpxtpx:cad>
          </gpxtpx:TrackPointExtension>
        </extensions>
      </trkpt>
      <trkpt lat="43.317188" lon="-1.911926">
        <ele>16.2</ele>
        <time>2026-09-06T11:14:21Z</time>
        <extensions>
          <power>98</power>
          <gpxtpx:TrackPointExtension>
            <gpxtpx:hr>114</gpxtpx:hr>
            <gpxtpx:cad>87</gpxtpx:cad>
          </gpxtpx:TrackPointExtension>
        </extensions>
      </trkpt>
      <trkpt lat="43.317241" lon="-1.911881">
        <ele>16.2</ele>
        <time>2026-09-06T11:14:22Z</time>
        <extensions>
          <power>109</power>
          <gpxtpx:TrackPointExtension>
            <gpxtpx:hr>114</gpxtpx:hr>
            <gpxtpx:cad>85</gpxtpx:cad>
          </gpxtpx:TrackPointExtension>
        </extensions>
      </trkpt>
      <trkpt lat="43.317293" lon="-1.911823">
        <ele>16.0</ele>
        <time>2026-09-06T11:14:23Z</time>
        <extensions>
          <power>106</power>
          <gpxtpx:TrackPointExtension>
            <gpxtpx:hr>114</gpxtpx:hr>
            <gpxtpx:cad>88</gpxtpx:cad>
          </gpxtpx:TrackPointExtension>
        </extensions>
      </trkpt>
      <trkpt lat="43.317342" lon="-1.911752">
        <ele>15.8</ele>
        <time>2026-09-06T11:14:24Z</time>
        <extensions>
          <power>120</power>
          <gpxtpx:TrackPointExtension>
            <gpxtpx:hr>114</gpxtpx:hr>
            <gpxtpx:cad>89</gpxtpx:cad>
          </gpxtpx:TrackPointExtension>
        </extensions>
      </trkpt>
      <trkpt lat="43.317426" lon="-1.911564">
        <ele>14.8</ele>
        <time>2026-09-06T11:14:25Z</time>
        <extensions>
          <power>122</power>
          <gpxtpx:TrackPointExtension>
            <gpxtpx:hr>114</gpxtpx:hr>
            <gpxtpx:cad>90</gpxtpx:cad>
          </gpxtpx:TrackPointExtension>
        </extensions>
      </trkpt>
      <trkpt lat="43.317426" lon="-1.911564">
        <ele>14.8</ele>
        <time>2026-09-06T11:14:26Z</time>
        <extensions>
          <power>101</power>
          <gpxtpx:TrackPointExtension>
            <gpxtpx:hr>113</gpxtpx:hr>
            <gpxtpx:cad>88</gpxtpx:cad>
          </gpxtpx:TrackPointExtension>
        </extensions>
      </trkpt>
      <trkpt lat="43.317471" lon="-1.911465">
        <ele>14.2</ele>
        <time>2026-09-06T11:14:27Z</time>
        <extensions>
          <power>102</power>
          <gpxtpx:TrackPointExtension>
            <gpxtpx:hr>113</gpxtpx:hr>
            <gpxtpx:cad>90</gpxtpx:cad>
          </gpxtpx:TrackPointExtension>
        </extensions>
      </trkpt>
      <trkpt lat="43.317471" lon="-1.911465">
        <ele>14.2</ele>
        <time>2026-09-06T11:14:28Z</time>
        <extensions>
          <power>127</power>
          <gpxtpx:TrackPointExtension>
            <gpxtpx:hr>113</gpxtpx:hr>
            <gpxtpx:cad>92</gpxtpx:cad>
          </gpxtpx:TrackPointExtension>
        </extensions>
      </trkpt>
      <trkpt lat="43.317515" lon="-1.911361">
        <ele>13.6</ele>
        <time>2026-09-06T11:14:29Z</time>
        <extensions>
          <power>122</power>
          <gpxtpx:TrackPointExtension>
            <gpxtpx:hr>112</gpxtpx:hr>
            <gpxtpx:cad>89</gpxtpx:cad>
          </gpxtpx:TrackPointExtension>
        </extensions>
      </trkpt>
      <trkpt lat="43.317611" lon="-1.911143">
        <ele>12.0</ele>
        <time>2026-09-06T11:14:30Z</time>
        <extensions>
          <power>92</power>
          <gpxtpx:TrackPointExtension>
            <gpxtpx:hr>111</gpxtpx:hr>
            <gpxtpx:cad>88</gpxtpx:cad>
          </gpxtpx:TrackPointExtension>
        </extensions>
      </trkpt>
      <trkpt lat="43.317611" lon="-1.911143">
        <ele>12.0</ele>
        <time>2026-09-06T11:14:31Z</time>
        <extensions>
          <power>93</power>
          <gpxtpx:TrackPointExtension>
            <gpxtpx:hr>111</gpxtpx:hr>
            <gpxtpx:cad>91</gpxtpx:cad>
          </gpxtpx:TrackPointExtension>
        </extensions>
      </trkpt>
      <trkpt lat="43.317709" lon="-1.910940">
        <ele>11.6</ele>
        <time>2026-09-06T11:14:32Z</time>
        <extensions>
          <power>111</power>
          <gpxtpx:TrackPointExtension>
            <gpxtpx:hr>110</gpxtpx:hr>
            <gpxtpx:cad>91</gpxtpx:cad>
          </gpxtpx:TrackPointExtension>
        </extensions>
      </trkpt>
      <trkpt lat="43.317709" lon="-1.910940">
        <ele>11.6</ele>
        <time>2026-09-06T11:14:33Z</time>
        <extensions>
          <power>103</power>
          <gpxtpx:TrackPointExtension>
            <gpxtpx:hr>109</gpxtpx:hr>
            <gpxtpx:cad>89</gpxtpx:cad>
          </gpxtpx:TrackPointExtension>
        </extensions>
      </trkpt>
      <trkpt lat="43.317709" lon="-1.910940">
        <ele>11.6</ele>
        <time>2026-09-06T11:14:34Z</time>
        <extensions>
          <power>105</power>
          <gpxtpx:TrackPointExtension>
            <gpxtpx:hr>109</gpxtpx:hr>
            <gpxtpx:cad>89</gpxtpx:cad>
          </gpxtpx:TrackPointExtension>
        </extensions>
      </trkpt>
      <trkpt lat="43.317794" lon="-1.910763">
        <ele>12.0</ele>
        <time>2026-09-06T11:14:35Z</time>
        <extensions>
          <power>111</power>
          <gpxtpx:TrackPointExtension>
            <gpxtpx:hr>109</gpxtpx:hr>
            <gpxtpx:cad>90</gpxtpx:cad>
          </gpxtpx:TrackPointExtension>
        </extensions>
      </trkpt>
      <trkpt lat="43.317794" lon="-1.910763">
        <ele>12.0</ele>
        <time>2026-09-06T11:14:36Z</time>
        <extensions>
          <power>113</power>
          <gpxtpx:TrackPointExtension>
            <gpxtpx:hr>109</gpxtpx:hr>
            <gpxtpx:cad>90</gpxtpx:cad>
          </gpxtpx:TrackPointExtension>
        </extensions>
      </trkpt>
      <trkpt lat="43.317862" lon="-1.910600">
        <ele>13.0</ele>
        <time>2026-09-06T11:14:37Z</time>
        <extensions>
          <power>107</power>
          <gpxtpx:TrackPointExtension>
            <gpxtpx:hr>108</gpxtpx:hr>
            <gpxtpx:cad>90</gpxtpx:cad>
          </gpxtpx:TrackPointExtension>
        </extensions>
      </trkpt>
      <trkpt lat="43.317862" lon="-1.910600">
        <ele>13.0</ele>
        <time>2026-09-06T11:14:38Z</time>
        <extensions>
          <power>106</power>
          <gpxtpx:TrackPointExtension>
            <gpxtpx:hr>108</gpxtpx:hr>
            <gpxtpx:cad>90</gpxtpx:cad>
          </gpxtpx:TrackPointExtension>
        </extensions>
      </trkpt>
      <trkpt lat="43.317893" lon="-1.910522">
        <ele>13.6</ele>
        <time>2026-09-06T11:14:39Z</time>
        <extensions>
          <power>100</power>
          <gpxtpx:TrackPointExtension>
            <gpxtpx:hr>107</gpxtpx:hr>
            <gpxtpx:cad>90</gpxtpx:cad>
          </gpxtpx:TrackPointExtension>
        </extensions>
      </trkpt>
      <trkpt lat="43.317942" lon="-1.910369">
        <ele>14.8</ele>
        <time>2026-09-06T11:14:40Z</time>
        <extensions>
          <power>100</power>
          <gpxtpx:TrackPointExtension>
            <gpxtpx:hr>107</gpxtpx:hr>
            <gpxtpx:cad>89</gpxtpx:cad>
          </gpxtpx:TrackPointExtension>
        </extensions>
      </trkpt>
      <trkpt lat="43.318001" lon="-1.910165">
        <ele>15.8</ele>
        <time>2026-09-06T11:14:41Z</time>
        <extensions>
          <power>100</power>
          <gpxtpx:TrackPointExtension>
            <gpxtpx:hr>106</gpxtpx:hr>
            <gpxtpx:cad>89</gpxtpx:cad>
          </gpxtpx:TrackPointExtension>
        </extensions>
      </trkpt>
      <trkpt lat="43.318001" lon="-1.910165">
        <ele>15.8</ele>
        <time>2026-09-06T11:14:42Z</time>
        <extensions>
          <power>98</power>
          <gpxtpx:TrackPointExtension>
            <gpxtpx:hr>106</gpxtpx:hr>
            <gpxtpx:cad>89</gpxtpx:cad>
          </gpxtpx:TrackPointExtension>
        </extensions>
      </trkpt>
      <trkpt lat="43.318022" lon="-1.910100">
        <ele>16.2</ele>
        <time>2026-09-06T11:14:43Z</time>
        <extensions>
          <power>101</power>
          <gpxtpx:TrackPointExtension>
            <gpxtpx:hr>105</gpxtpx:hr>
            <gpxtpx:cad>89</gpxtpx:cad>
          </gpxtpx:TrackPointExtension>
        </extensions>
      </trkpt>
      <trkpt lat="43.318105" lon="-1.909851">
        <ele>17.2</ele>
        <time>2026-09-06T11:14:44Z</time>
        <extensions>
          <power>115</power>
          <gpxtpx:TrackPointExtension>
            <gpxtpx:hr>104</gpxtpx:hr>
            <gpxtpx:cad>89</gpxtpx:cad>
          </gpxtpx:TrackPointExtension>
        </extensions>
      </trkpt>
      <trkpt lat="43.318105" lon="-1.909851">
        <ele>17.2</ele>
        <time>2026-09-06T11:14:45Z</time>
        <extensions>
          <power>121</power>
          <gpxtpx:TrackPointExtension>
            <gpxtpx:hr>103</gpxtpx:hr>
            <gpxtpx:cad>88</gpxtpx:cad>
          </gpxtpx:TrackPointExtension>
        </extensions>
      </trkpt>
      <trkpt lat="43.318105" lon="-1.909851">
        <ele>17.2</ele>
        <time>2026-09-06T11:14:46Z</time>
        <extensions>
          <power>150</power>
          <gpxtpx:TrackPointExtension>
            <gpxtpx:hr>103</gpxtpx:hr>
            <gpxtpx:cad>89</gpxtpx:cad>
          </gpxtpx:TrackPointExtension>
        </extensions>
      </trkpt>
      <trkpt lat="43.318145" lon="-1.909735">
        <ele>17.6</ele>
        <time>2026-09-06T11:14:47Z</time>
        <extensions>
          <power>192</power>
          <gpxtpx:TrackPointExtension>
            <gpxtpx:hr>102</gpxtpx:hr>
            <gpxtpx:cad>88</gpxtpx:cad>
          </gpxtpx:TrackPointExtension>
        </extensions>
      </trkpt>
      <trkpt lat="43.318195" lon="-1.909570">
        <ele>18.4</ele>
        <time>2026-09-06T11:14:48Z</time>
        <extensions>
          <power>235</power>
          <gpxtpx:TrackPointExtension>
            <gpxtpx:hr>102</gpxtpx:hr>
            <gpxtpx:cad>82</gpxtpx:cad>
          </gpxtpx:TrackPointExtension>
        </extensions>
      </trkpt>
      <trkpt lat="43.318195" lon="-1.909570">
        <ele>18.4</ele>
        <time>2026-09-06T11:14:49Z</time>
        <extensions>
          <power>278</power>
          <gpxtpx:TrackPointExtension>
            <gpxtpx:hr>102</gpxtpx:hr>
            <gpxtpx:cad>81</gpxtpx:cad>
          </gpxtpx:TrackPointExtension>
        </extensions>
      </trkpt>
      <trkpt lat="43.318254" lon="-1.909346">
        <ele>19.0</ele>
        <time>2026-09-06T11:14:50Z</time>
        <extensions>
          <power>298</power>
          <gpxtpx:TrackPointExtension>
            <gpxtpx:hr>102</gpxtpx:hr>
            <gpxtpx:cad>82</gpxtpx:cad>
          </gpxtpx:TrackPointExtension>
        </extensions>
      </trkpt>
      <trkpt lat="43.318254" lon="-1.909346">
        <ele>19.0</ele>
        <time>2026-09-06T11:14:51Z</time>
        <extensions>
          <power>262</power>
          <gpxtpx:TrackPointExtension>
            <gpxtpx:hr>102</gpxtpx:hr>
            <gpxtpx:cad>82</gpxtpx:cad>
          </gpxtpx:TrackPointExtension>
        </extensions>
      </trkpt>
      <trkpt lat="43.318254" lon="-1.909346">
        <ele>19.0</ele>
        <time>2026-09-06T11:14:52Z</time>
        <extensions>
          <power>281</power>
          <gpxtpx:TrackPointExtension>
            <gpxtpx:hr>101</gpxtpx:hr>
            <gpxtpx:cad>82</gpxtpx:cad>
          </gpxtpx:TrackPointExtension>
        </extensions>
      </trkpt>
      <trkpt lat="43.318363" lon="-1.909019">
        <ele>21.0</ele>
        <time>2026-09-06T11:14:53Z</time>
        <extensions>
          <power>236</power>
          <gpxtpx:TrackPointExtension>
            <gpxtpx:hr>101</gpxtpx:hr>
            <gpxtpx:cad>82</gpxtpx:cad>
          </gpxtpx:TrackPointExtension>
        </extensions>
      </trkpt>
      <trkpt lat="43.318363" lon="-1.909019">
        <ele>21.0</ele>
        <time>2026-09-06T11:14:54Z</time>
        <extensions>
          <power>215</power>
          <gpxtpx:TrackPointExtension>
            <gpxtpx:hr>101</gpxtpx:hr>
            <gpxtpx:cad>83</gpxtpx:cad>
          </gpxtpx:TrackPointExtension>
        </extensions>
      </trkpt>
      <trkpt lat="43.318363" lon="-1.909019">
        <ele>21.0</ele>
        <time>2026-09-06T11:14:55Z</time>
        <extensions>
          <power>220</power>
          <gpxtpx:TrackPointExtension>
            <gpxtpx:hr>101</gpxtpx:hr>
            <gpxtpx:cad>83</gpxtpx:cad>
          </gpxtpx:TrackPointExtension>
        </extensions>
      </trkpt>
      <trkpt lat="43.318363" lon="-1.909019">
        <ele>21.0</ele>
        <time>2026-09-06T11:14:56Z</time>
        <extensions>
          <power>302</power>
          <gpxtpx:TrackPointExtension>
            <gpxtpx:hr>101</gpxtpx:hr>
            <gpxtpx:cad>81</gpxtpx:cad>
          </gpxtpx:TrackPointExtension>
        </extensions>
      </trkpt>
      <trkpt lat="43.318500" lon="-1.908568">
        <ele>22.0</ele>
        <time>2026-09-06T11:14:57Z</time>
        <extensions>
          <power>301</power>
          <gpxtpx:TrackPointExtension>
            <gpxtpx:hr>101</gpxtpx:hr>
            <gpxtpx:cad>81</gpxtpx:cad>
          </gpxtpx:TrackPointExtension>
        </extensions>
      </trkpt>
      <trkpt lat="43.318500" lon="-1.908568">
        <ele>22.0</ele>
        <time>2026-09-06T11:14:58Z</time>
        <extensions>
          <power>286</power>
          <gpxtpx:TrackPointExtension>
            <gpxtpx:hr>102</gpxtpx:hr>
            <gpxtpx:cad>82</gpxtpx:cad>
          </gpxtpx:TrackPointExtension>
        </extensions>
      </trkpt>
      <trkpt lat="43.318500" lon="-1.908568">
        <ele>22.0</ele>
        <time>2026-09-06T11:14:59Z</time>
        <extensions>
          <power>253</power>
          <gpxtpx:TrackPointExtension>
            <gpxtpx:hr>103</gpxtpx:hr>
            <gpxtpx:cad>83</gpxtpx:cad>
          </gpxtpx:TrackPointExtension>
        </extensions>
      </trkpt>
      <trkpt lat="43.318500" lon="-1.908568">
        <ele>22.0</ele>
        <time>2026-09-06T11:15:00Z</time>
        <extensions>
          <power>189</power>
          <gpxtpx:TrackPointExtension>
            <gpxtpx:hr>103</gpxtpx:hr>
            <gpxtpx:cad>83</gpxtpx:cad>
          </gpxtpx:TrackPointExtension>
        </extensions>
      </trkpt>
      <trkpt lat="43.318500" lon="-1.908568">
        <ele>22.0</ele>
        <time>2026-09-06T11:15:01Z</time>
        <extensions>
          <power>196</power>
          <gpxtpx:TrackPointExtension>
            <gpxtpx:hr>103</gpxtpx:hr>
            <gpxtpx:cad>84</gpxtpx:cad>
          </gpxtpx:TrackPointExtension>
        </extensions>
      </trkpt>
      <trkpt lat="43.318527" lon="-1.908449">
        <ele>22.2</ele>
        <time>2026-09-06T11:15:02Z</time>
        <extensions>
          <power>179</power>
          <gpxtpx:TrackPointExtension>
            <gpxtpx:hr>104</gpxtpx:hr>
            <gpxtpx:cad>84</gpxtpx:cad>
          </gpxtpx:TrackPointExtension>
        </extensions>
      </trkpt>
      <trkpt lat="43.318571" lon="-1.908081">
        <ele>23.0</ele>
        <time>2026-09-06T11:15:03Z</time>
        <extensions>
          <power>197</power>
          <gpxtpx:TrackPointExtension>
            <gpxtpx:hr>104</gpxtpx:hr>
            <gpxtpx:cad>83</gpxtpx:cad>
          </gpxtpx:TrackPointExtension>
        </extensions>
      </trkpt>
      <trkpt lat="43.318571" lon="-1.908081">
        <ele>23.0</ele>
        <time>2026-09-06T11:15:04Z</time>
        <extensions>
          <power>173</power>
          <gpxtpx:TrackPointExtension>
            <gpxtpx:hr>104</gpxtpx:hr>
            <gpxtpx:cad>83</gpxtpx:cad>
          </gpxtpx:TrackPointExtension>
        </extensions>
      </trkpt>
      <trkpt lat="43.318571" lon="-1.908081">
        <ele>23.0</ele>
        <time>2026-09-06T11:15:05Z</time>
        <extensions>
          <power>178</power>
          <gpxtpx:TrackPointExtension>
            <gpxtpx:hr>104</gpxtpx:hr>
            <gpxtpx:cad>84</gpxtpx:cad>
          </gpxtpx:TrackPointExtension>
        </extensions>
      </trkpt>
      <trkpt lat="43.318571" lon="-1.908081">
        <ele>23.0</ele>
        <time>2026-09-06T11:15:06Z</time>
        <extensions>
          <power>191</power>
          <gpxtpx:TrackPointExtension>
            <gpxtpx:hr>104</gpxtpx:hr>
            <gpxtpx:cad>83</gpxtpx:cad>
          </gpxtpx:TrackPointExtension>
        </extensions>
      </trkpt>
      <trkpt lat="43.318573" lon="-1.907892">
        <ele>23.4</ele>
        <time>2026-09-06T11:15:07Z</time>
        <extensions>
          <power>197</power>
          <gpxtpx:TrackPointExtension>
            <gpxtpx:hr>105</gpxtpx:hr>
            <gpxtpx:cad>83</gpxtpx:cad>
          </gpxtpx:TrackPointExtension>
        </extensions>
      </trkpt>
      <trkpt lat="43.318573" lon="-1.907892">
        <ele>23.4</ele>
        <time>2026-09-06T11:15:08Z</time>
        <extensions>
          <power>87</power>
          <gpxtpx:TrackPointExtension>
            <gpxtpx:hr>105</gpxtpx:hr>
            <gpxtpx:cad>69</gpxtpx:cad>
          </gpxtpx:TrackPointExtension>
        </extensions>
      </trkpt>
      <trkpt lat="43.318540" lon="-1.907525">
        <ele>24.0</ele>
        <time>2026-09-06T11:15:09Z</time>
        <extensions>
          <power>7</power>
          <gpxtpx:TrackPointExtension>
            <gpxtpx:hr>105</gpxtpx:hr>
            <gpxtpx:cad>58</gpxtpx:cad>
          </gpxtpx:TrackPointExtension>
        </extensions>
      </trkpt>
      <trkpt lat="43.318540" lon="-1.907525">
        <ele>24.0</ele>
        <time>2026-09-06T11:15:10Z</time>
        <extensions>
          <power>5</power>
          <gpxtpx:TrackPointExtension>
            <gpxtpx:hr>104</gpxtpx:hr>
            <gpxtpx:cad>54</gpxtpx:cad>
          </gpxtpx:TrackPointExtension>
        </extensions>
      </trkpt>
      <trkpt lat="43.318540" lon="-1.907525">
        <ele>24.0</ele>
        <time>2026-09-06T11:15:11Z</time>
        <extensions>
          <power>5</power>
          <gpxtpx:TrackPointExtension>
            <gpxtpx:hr>104</gpxtpx:hr>
            <gpxtpx:cad>54</gpxtpx:cad>
          </gpxtpx:TrackPointExtension>
        </extensions>
      </trkpt>
      <trkpt lat="43.318540" lon="-1.907525">
        <ele>24.0</ele>
        <time>2026-09-06T11:15:12Z</time>
        <extensions>
          <power>2</power>
          <gpxtpx:TrackPointExtension>
            <gpxtpx:hr>103</gpxtpx:hr>
            <gpxtpx:cad>50</gpxtpx:cad>
          </gpxtpx:TrackPointExtension>
        </extensions>
      </trkpt>
      <trkpt lat="43.318540" lon="-1.907525">
        <ele>24.0</ele>
        <time>2026-09-06T11:15:13Z</time>
        <extensions>
          <power>2</power>
          <gpxtpx:TrackPointExtension>
            <gpxtpx:hr>101</gpxtpx:hr>
            <gpxtpx:cad>50</gpxtpx:cad>
          </gpxtpx:TrackPointExtension>
        </extensions>
      </trkpt>
      <trkpt lat="43.318540" lon="-1.907525">
        <ele>24.0</ele>
        <time>2026-09-06T11:15:14Z</time>
        <extensions>
          <power>2</power>
          <gpxtpx:TrackPointExtension>
            <gpxtpx:hr>101</gpxtpx:hr>
            <gpxtpx:cad>46</gpxtpx:cad>
          </gpxtpx:TrackPointExtension>
        </extensions>
      </trkpt>
      <trkpt lat="43.318540" lon="-1.907525">
        <ele>24.0</ele>
        <time>2026-09-06T11:15:15Z</time>
        <extensions>
          <power>2</power>
          <gpxtpx:TrackPointExtension>
            <gpxtpx:hr>100</gpxtpx:hr>
            <gpxtpx:cad>46</gpxtpx:cad>
          </gpxtpx:TrackPointExtension>
        </extensions>
      </trkpt>
      <trkpt lat="43.318540" lon="-1.907525">
        <ele>24.0</ele>
        <time>2026-09-06T11:15:16Z</time>
        <extensions>
          <power>0</power>
          <gpxtpx:TrackPointExtension>
            <gpxtpx:hr>99</gpxtpx:hr>
            <gpxtpx:cad>0</gpxtpx:cad>
          </gpxtpx:TrackPointExtension>
        </extensions>
      </trkpt>
      <trkpt lat="43.318525" lon="-1.907406">
        <ele>24.0</ele>
        <time>2026-09-06T11:15:17Z</time>
        <extensions>
          <power>0</power>
          <gpxtpx:TrackPointExtension>
            <gpxtpx:hr>98</gpxtpx:hr>
            <gpxtpx:cad>0</gpxtpx:cad>
          </gpxtpx:TrackPointExtension>
        </extensions>
      </trkpt>
      <trkpt lat="43.318525" lon="-1.907406">
        <ele>24.0</ele>
        <time>2026-09-06T11:15:18Z</time>
        <extensions>
          <power>0</power>
          <gpxtpx:TrackPointExtension>
            <gpxtpx:hr>98</gpxtpx:hr>
            <gpxtpx:cad>0</gpxtpx:cad>
          </gpxtpx:TrackPointExtension>
        </extensions>
      </trkpt>
      <trkpt lat="43.318525" lon="-1.907406">
        <ele>24.0</ele>
        <time>2026-09-06T11:15:19Z</time>
        <extensions>
          <power>0</power>
          <gpxtpx:TrackPointExtension>
            <gpxtpx:hr>98</gpxtpx:hr>
            <gpxtpx:cad>0</gpxtpx:cad>
          </gpxtpx:TrackPointExtension>
        </extensions>
      </trkpt>
      <trkpt lat="43.318525" lon="-1.907406">
        <ele>24.0</ele>
        <time>2026-09-06T11:15:20Z</time>
        <extensions>
          <power>0</power>
          <gpxtpx:TrackPointExtension>
            <gpxtpx:hr>98</gpxtpx:hr>
            <gpxtpx:cad>0</gpxtpx:cad>
          </gpxtpx:TrackPointExtension>
        </extensions>
      </trkpt>
      <trkpt lat="43.318525" lon="-1.907406">
        <ele>24.0</ele>
        <time>2026-09-06T11:15:21Z</time>
        <extensions>
          <power>0</power>
          <gpxtpx:TrackPointExtension>
            <gpxtpx:hr>98</gpxtpx:hr>
            <gpxtpx:cad>0</gpxtpx:cad>
          </gpxtpx:TrackPointExtension>
        </extensions>
      </trkpt>
      <trkpt lat="43.318525" lon="-1.907406">
        <ele>24.0</ele>
        <time>2026-09-06T11:15:22Z</time>
        <extensions>
          <power>0</power>
          <gpxtpx:TrackPointExtension>
            <gpxtpx:hr>98</gpxtpx:hr>
            <gpxtpx:cad>0</gpxtpx:cad>
          </gpxtpx:TrackPointExtension>
        </extensions>
      </trkpt>
      <trkpt lat="43.318525" lon="-1.907406">
        <ele>24.0</ele>
        <time>2026-09-06T11:15:23Z</time>
        <extensions>
          <power>0</power>
          <gpxtpx:TrackPointExtension>
            <gpxtpx:hr>98</gpxtpx:hr>
            <gpxtpx:cad>0</gpxtpx:cad>
          </gpxtpx:TrackPointExtension>
        </extensions>
      </trkpt>
      <trkpt lat="43.318525" lon="-1.907406">
        <ele>24.0</ele>
        <time>2026-09-06T11:15:24Z</time>
        <extensions>
          <power>0</power>
          <gpxtpx:TrackPointExtension>
            <gpxtpx:hr>98</gpxtpx:hr>
            <gpxtpx:cad>0</gpxtpx:cad>
          </gpxtpx:TrackPointExtension>
        </extensions>
      </trkpt>
      <trkpt lat="43.318525" lon="-1.907406">
        <ele>24.0</ele>
        <time>2026-09-06T11:15:25Z</time>
        <extensions>
          <power>0</power>
          <gpxtpx:TrackPointExtension>
            <gpxtpx:hr>97</gpxtpx:hr>
            <gpxtpx:cad>0</gpxtpx:cad>
          </gpxtpx:TrackPointExtension>
        </extensions>
      </trkpt>
      <trkpt lat="43.318525" lon="-1.907406">
        <ele>24.0</ele>
        <time>2026-09-06T11:15:26Z</time>
        <extensions>
          <power>0</power>
          <gpxtpx:TrackPointExtension>
            <gpxtpx:hr>96</gpxtpx:hr>
            <gpxtpx:cad>0</gpxtpx:cad>
          </gpxtpx:TrackPointExtension>
        </extensions>
      </trkpt>
      <trkpt lat="43.318525" lon="-1.907406">
        <ele>24.0</ele>
        <time>2026-09-06T11:15:27Z</time>
        <extensions>
          <power>0</power>
          <gpxtpx:TrackPointExtension>
            <gpxtpx:hr>101</gpxtpx:hr>
            <gpxtpx:cad>0</gpxtpx:cad>
          </gpxtpx:TrackPointExtension>
        </extensions>
      </trkpt>
      <trkpt lat="43.318525" lon="-1.907406">
        <ele>24.0</ele>
        <time>2026-09-06T11:15:28Z</time>
        <extensions>
          <power>0</power>
          <gpxtpx:TrackPointExtension>
            <gpxtpx:hr>100</gpxtpx:hr>
            <gpxtpx:cad>0</gpxtpx:cad>
          </gpxtpx:TrackPointExtension>
        </extensions>
      </trkpt>
      <trkpt lat="43.318525" lon="-1.907406">
        <ele>24.0</ele>
        <time>2026-09-06T11:15:29Z</time>
        <extensions>
          <power>0</power>
          <gpxtpx:TrackPointExtension>
            <gpxtpx:hr>99</gpxtpx:hr>
            <gpxtpx:cad>0</gpxtpx:cad>
          </gpxtpx:TrackPointExtension>
        </extensions>
      </trkpt>
      <trkpt lat="43.318525" lon="-1.907406">
        <ele>24.0</ele>
        <time>2026-09-06T11:15:30Z</time>
        <extensions>
          <power>0</power>
          <gpxtpx:TrackPointExtension>
            <gpxtpx:hr>99</gpxtpx:hr>
            <gpxtpx:cad>0</gpxtpx:cad>
          </gpxtpx:TrackPointExtension>
        </extensions>
      </trkpt>
      <trkpt lat="43.318525" lon="-1.907406">
        <ele>24.0</ele>
        <time>2026-09-06T11:15:31Z</time>
        <extensions>
          <power>0</power>
          <gpxtpx:TrackPointExtension>
            <gpxtpx:hr>99</gpxtpx:hr>
            <gpxtpx:cad>24</gpxtpx:cad>
          </gpxtpx:TrackPointExtension>
        </extensions>
      </trkpt>
      <trkpt lat="43.318525" lon="-1.907406">
        <ele>24.0</ele>
        <time>2026-09-06T11:15:32Z</time>
        <extensions>
          <power>120</power>
          <gpxtpx:TrackPointExtension>
            <gpxtpx:hr>98</gpxtpx:hr>
            <gpxtpx:cad>26</gpxtpx:cad>
          </gpxtpx:TrackPointExtension>
        </extensions>
      </trkpt>
      <trkpt lat="43.318525" lon="-1.907406">
        <ele>24.0</ele>
        <time>2026-09-06T11:15:33Z</time>
        <extensions>
          <power>279</power>
          <gpxtpx:TrackPointExtension>
            <gpxtpx:hr>98</gpxtpx:hr>
            <gpxtpx:cad>35</gpxtpx:cad>
          </gpxtpx:TrackPointExtension>
        </extensions>
      </trkpt>
      <trkpt lat="43.318431" lon="-1.906963">
        <ele>24.4</ele>
        <time>2026-09-06T11:15:34Z</time>
        <extensions>
          <power>220</power>
          <gpxtpx:TrackPointExtension>
            <gpxtpx:hr>97</gpxtpx:hr>
            <gpxtpx:cad>61</gpxtpx:cad>
          </gpxtpx:TrackPointExtension>
        </extensions>
      </trkpt>
      <trkpt lat="43.318431" lon="-1.906963">
        <ele>24.4</ele>
        <time>2026-09-06T11:15:35Z</time>
        <extensions>
          <power>177</power>
          <gpxtpx:TrackPointExtension>
            <gpxtpx:hr>97</gpxtpx:hr>
            <gpxtpx:cad>81</gpxtpx:cad>
          </gpxtpx:TrackPointExtension>
        </extensions>
      </trkpt>
      <trkpt lat="43.318431" lon="-1.906963">
        <ele>24.4</ele>
        <time>2026-09-06T11:15:36Z</time>
        <extensions>
          <power>155</power>
          <gpxtpx:TrackPointExtension>
            <gpxtpx:hr>97</gpxtpx:hr>
            <gpxtpx:cad>82</gpxtpx:cad>
          </gpxtpx:TrackPointExtension>
        </extensions>
      </trkpt>
      <trkpt lat="43.318431" lon="-1.906963">
        <ele>24.4</ele>
        <time>2026-09-06T11:15:37Z</time>
        <extensions>
          <power>158</power>
          <gpxtpx:TrackPointExtension>
            <gpxtpx:hr>98</gpxtpx:hr>
            <gpxtpx:cad>85</gpxtpx:cad>
          </gpxtpx:TrackPointExtension>
        </extensions>
      </trkpt>
      <trkpt lat="43.318431" lon="-1.906963">
        <ele>24.4</ele>
        <time>2026-09-06T11:15:38Z</time>
        <extensions>
          <power>152</power>
          <gpxtpx:TrackPointExtension>
            <gpxtpx:hr>97</gpxtpx:hr>
            <gpxtpx:cad>84</gpxtpx:cad>
          </gpxtpx:TrackPointExtension>
        </extensions>
      </trkpt>
      <trkpt lat="43.318142" lon="-1.906387">
        <ele>24.0</ele>
        <time>2026-09-06T11:15:39Z</time>
        <extensions>
          <power>134</power>
          <gpxtpx:TrackPointExtension>
            <gpxtpx:hr>97</gpxtpx:hr>
            <gpxtpx:cad>87</gpxtpx:cad>
          </gpxtpx:TrackPointExtension>
        </extensions>
      </trkpt>
      <trkpt lat="43.318142" lon="-1.906387">
        <ele>24.0</ele>
        <time>2026-09-06T11:15:40Z</time>
        <extensions>
          <power>145</power>
          <gpxtpx:TrackPointExtension>
            <gpxtpx:hr>97</gpxtpx:hr>
            <gpxtpx:cad>85</gpxtpx:cad>
          </gpxtpx:TrackPointExtension>
        </extensions>
      </trkpt>
      <trkpt lat="43.318142" lon="-1.906387">
        <ele>24.0</ele>
        <time>2026-09-06T11:15:41Z</time>
        <extensions>
          <power>132</power>
          <gpxtpx:TrackPointExtension>
            <gpxtpx:hr>96</gpxtpx:hr>
            <gpxtpx:cad>84</gpxtpx:cad>
          </gpxtpx:TrackPointExtension>
        </extensions>
      </trkpt>
      <trkpt lat="43.318142" lon="-1.906387">
        <ele>24.0</ele>
        <time>2026-09-06T11:15:42Z</time>
        <extensions>
          <power>148</power>
          <gpxtpx:TrackPointExtension>
            <gpxtpx:hr>96</gpxtpx:hr>
            <gpxtpx:cad>88</gpxtpx:cad>
          </gpxtpx:TrackPointExtension>
        </extensions>
      </trkpt>
      <trkpt lat="43.318142" lon="-1.906387">
        <ele>24.0</ele>
        <time>2026-09-06T11:15:43Z</time>
        <extensions>
          <power>129</power>
          <gpxtpx:TrackPointExtension>
            <gpxtpx:hr>97</gpxtpx:hr>
            <gpxtpx:cad>89</gpxtpx:cad>
          </gpxtpx:TrackPointExtension>
        </extensions>
      </trkpt>
      <trkpt lat="43.318142" lon="-1.906387">
        <ele>24.0</ele>
        <time>2026-09-06T11:15:44Z</time>
        <extensions>
          <power>129</power>
          <gpxtpx:TrackPointExtension>
            <gpxtpx:hr>97</gpxtpx:hr>
            <gpxtpx:cad>90</gpxtpx:cad>
          </gpxtpx:TrackPointExtension>
        </extensions>
      </trkpt>
      <trkpt lat="43.318142" lon="-1.906387">
        <ele>24.0</ele>
        <time>2026-09-06T11:15:45Z</time>
        <extensions>
          <power>114</power>
          <gpxtpx:TrackPointExtension>
            <gpxtpx:hr>97</gpxtpx:hr>
            <gpxtpx:cad>90</gpxtpx:cad>
          </gpxtpx:TrackPointExtension>
        </extensions>
      </trkpt>
      <trkpt lat="43.318037" lon="-1.906264">
        <ele>23.8</ele>
        <time>2026-09-06T11:15:46Z</time>
        <extensions>
          <power>90</power>
          <gpxtpx:TrackPointExtension>
            <gpxtpx:hr>98</gpxtpx:hr>
            <gpxtpx:cad>92</gpxtpx:cad>
          </gpxtpx:TrackPointExtension>
        </extensions>
      </trkpt>
      <trkpt lat="43.318037" lon="-1.906264">
        <ele>23.8</ele>
        <time>2026-09-06T11:15:47Z</time>
        <extensions>
          <power>114</power>
          <gpxtpx:TrackPointExtension>
            <gpxtpx:hr>98</gpxtpx:hr>
            <gpxtpx:cad>92</gpxtpx:cad>
          </gpxtpx:TrackPointExtension>
        </extensions>
      </trkpt>
      <trkpt lat="43.317887" lon="-1.906066">
        <ele>23.4</ele>
        <time>2026-09-06T11:15:48Z</time>
        <extensions>
          <power>111</power>
          <gpxtpx:TrackPointExtension>
            <gpxtpx:hr>98</gpxtpx:hr>
            <gpxtpx:cad>91</gpxtpx:cad>
          </gpxtpx:TrackPointExtension>
        </extensions>
      </trkpt>
      <trkpt lat="43.317887" lon="-1.906066">
        <ele>23.4</ele>
        <time>2026-09-06T11:15:49Z</time>
        <extensions>
          <power>103</power>
          <gpxtpx:TrackPointExtension>
            <gpxtpx:hr>99</gpxtpx:hr>
            <gpxtpx:cad>91</gpxtpx:cad>
          </gpxtpx:TrackPointExtension>
        </extensions>
      </trkpt>
      <trkpt lat="43.317887" lon="-1.906066">
        <ele>23.4</ele>
        <time>2026-09-06T11:15:50Z</time>
        <extensions>
          <power>71</power>
          <gpxtpx:TrackPointExtension>
            <gpxtpx:hr>101</gpxtpx:hr>
            <gpxtpx:cad>89</gpxtpx:cad>
          </gpxtpx:TrackPointExtension>
        </extensions>
      </trkpt>
      <trkpt lat="43.317754" lon="-1.905955">
        <ele>22.8</ele>
        <time>2026-09-06T11:15:51Z</time>
        <extensions>
          <power>75</power>
          <gpxtpx:TrackPointExtension>
            <gpxtpx:hr>101</gpxtpx:hr>
            <gpxtpx:cad>92</gpxtpx:cad>
          </gpxtpx:TrackPointExtension>
        </extensions>
      </trkpt>
      <trkpt lat="43.317754" lon="-1.905955">
        <ele>22.8</ele>
        <time>2026-09-06T11:15:52Z</time>
        <extensions>
          <power>119</power>
          <gpxtpx:TrackPointExtension>
            <gpxtpx:hr>101</gpxtpx:hr>
            <gpxtpx:cad>92</gpxtpx:cad>
          </gpxtpx:TrackPointExtension>
        </extensions>
      </trkpt>
      <trkpt lat="43.317555" lon="-1.905817">
        <ele>22.0</ele>
        <time>2026-09-06T11:15:53Z</time>
        <extensions>
          <power>101</power>
          <gpxtpx:TrackPointExtension>
            <gpxtpx:hr>102</gpxtpx:hr>
            <gpxtpx:cad>87</gpxtpx:cad>
          </gpxtpx:TrackPointExtension>
        </extensions>
      </trkpt>
      <trkpt lat="43.317555" lon="-1.905817">
        <ele>22.0</ele>
        <time>2026-09-06T11:15:54Z</time>
        <extensions>
          <power>88</power>
          <gpxtpx:TrackPointExtension>
            <gpxtpx:hr>103</gpxtpx:hr>
            <gpxtpx:cad>89</gpxtpx:cad>
          </gpxtpx:TrackPointExtension>
        </extensions>
      </trkpt>
      <trkpt lat="43.317555" lon="-1.905817">
        <ele>22.0</ele>
        <time>2026-09-06T11:15:55Z</time>
        <extensions>
          <power>104</power>
          <gpxtpx:TrackPointExtension>
            <gpxtpx:hr>104</gpxtpx:hr>
            <gpxtpx:cad>89</gpxtpx:cad>
          </gpxtpx:TrackPointExtension>
        </extensions>
      </trkpt>
      <trkpt lat="43.317486" lon="-1.905780">
        <ele>21.6</ele>
        <time>2026-09-06T11:15:56Z</time>
        <extensions>
          <power>76</power>
          <gpxtpx:TrackPointExtension>
            <gpxtpx:hr>105</gpxtpx:hr>
            <gpxtpx:cad>87</gpxtpx:cad>
          </gpxtpx:TrackPointExtension>
        </extensions>
      </trkpt>
      <trkpt lat="43.317331" lon="-1.905698">
        <ele>20.8</ele>
        <time>2026-09-06T11:15:57Z</time>
        <extensions>
          <power>97</power>
          <gpxtpx:TrackPointExtension>
            <gpxtpx:hr>106</gpxtpx:hr>
            <gpxtpx:cad>77</gpxtpx:cad>
          </gpxtpx:TrackPointExtension>
        </extensions>
      </trkpt>
      <trkpt lat="43.317331" lon="-1.905698">
        <ele>20.8</ele>
        <time>2026-09-06T11:15:58Z</time>
        <extensions>
          <power>112</power>
          <gpxtpx:TrackPointExtension>
            <gpxtpx:hr>107</gpxtpx:hr>
            <gpxtpx:cad>77</gpxtpx:cad>
          </gpxtpx:TrackPointExtension>
        </extensions>
      </trkpt>
      <trkpt lat="43.317331" lon="-1.905698">
        <ele>20.8</ele>
        <time>2026-09-06T11:15:59Z</time>
        <extensions>
          <power>115</power>
          <gpxtpx:TrackPointExtension>
            <gpxtpx:hr>108</gpxtpx:hr>
            <gpxtpx:cad>87</gpxtpx:cad>
          </gpxtpx:TrackPointExtension>
        </extensions>
      </trkpt>
      <trkpt lat="43.317252" lon="-1.905652">
        <ele>20.4</ele>
        <time>2026-09-06T11:16:00Z</time>
        <extensions>
          <power>122</power>
          <gpxtpx:TrackPointExtension>
            <gpxtpx:hr>109</gpxtpx:hr>
            <gpxtpx:cad>87</gpxtpx:cad>
          </gpxtpx:TrackPointExtension>
        </extensions>
      </trkpt>
      <trkpt lat="43.317089" lon="-1.905557">
        <ele>19.4</ele>
        <time>2026-09-06T11:16:01Z</time>
        <extensions>
          <power>100</power>
          <gpxtpx:TrackPointExtension>
            <gpxtpx:hr>109</gpxtpx:hr>
            <gpxtpx:cad>89</gpxtpx:cad>
          </gpxtpx:TrackPointExtension>
        </extensions>
      </trkpt>
      <trkpt lat="43.317089" lon="-1.905557">
        <ele>19.4</ele>
        <time>2026-09-06T11:16:02Z</time>
        <extensions>
          <power>116</power>
          <gpxtpx:TrackPointExtension>
            <gpxtpx:hr>109</gpxtpx:hr>
            <gpxtpx:cad>87</gpxtpx:cad>
          </gpxtpx:TrackPointExtension>
        </extensions>
      </trkpt>
      <trkpt lat="43.316925" lon="-1.905461">
        <ele>18.2</ele>
        <time>2026-09-06T11:16:03Z</time>
        <extensions>
          <power>99</power>
          <gpxtpx:TrackPointExtension>
            <gpxtpx:hr>110</gpxtpx:hr>
            <gpxtpx:cad>87</gpxtpx:cad>
          </gpxtpx:TrackPointExtension>
        </extensions>
      </trkpt>
      <trkpt lat="43.316925" lon="-1.905461">
        <ele>18.2</ele>
        <time>2026-09-06T11:16:04Z</time>
        <extensions>
          <power>90</power>
          <gpxtpx:TrackPointExtension>
            <gpxtpx:hr>109</gpxtpx:hr>
            <gpxtpx:cad>88</gpxtpx:cad>
          </gpxtpx:TrackPointExtension>
        </extensions>
      </trkpt>
      <trkpt lat="43.316925" lon="-1.905461">
        <ele>18.2</ele>
        <time>2026-09-06T11:16:05Z</time>
        <extensions>
          <power>93</power>
          <gpxtpx:TrackPointExtension>
            <gpxtpx:hr>109</gpxtpx:hr>
            <gpxtpx:cad>90</gpxtpx:cad>
          </gpxtpx:TrackPointExtension>
        </extensions>
      </trkpt>
      <trkpt lat="43.316837" lon="-1.905411">
        <ele>17.8</ele>
        <time>2026-09-06T11:16:06Z</time>
        <extensions>
          <power>97</power>
          <gpxtpx:TrackPointExtension>
            <gpxtpx:hr>109</gpxtpx:hr>
            <gpxtpx:cad>87</gpxtpx:cad>
          </gpxtpx:TrackPointExtension>
        </extensions>
      </trkpt>
      <trkpt lat="43.316746" lon="-1.905359">
        <ele>17.2</ele>
        <time>2026-09-06T11:16:07Z</time>
        <extensions>
          <power>93</power>
          <gpxtpx:TrackPointExtension>
            <gpxtpx:hr>109</gpxtpx:hr>
            <gpxtpx:cad>88</gpxtpx:cad>
          </gpxtpx:TrackPointExtension>
        </extensions>
      </trkpt>
      <trkpt lat="43.316554" lon="-1.905251">
        <ele>16.2</ele>
        <time>2026-09-06T11:16:08Z</time>
        <extensions>
          <power>106</power>
          <gpxtpx:TrackPointExtension>
            <gpxtpx:hr>109</gpxtpx:hr>
            <gpxtpx:cad>86</gpxtpx:cad>
          </gpxtpx:TrackPointExtension>
        </extensions>
      </trkpt>
      <trkpt lat="43.316554" lon="-1.905251">
        <ele>16.2</ele>
        <time>2026-09-06T11:16:09Z</time>
        <extensions>
          <power>100</power>
          <gpxtpx:TrackPointExtension>
            <gpxtpx:hr>108</gpxtpx:hr>
            <gpxtpx:cad>85</gpxtpx:cad>
          </gpxtpx:TrackPointExtension>
        </extensions>
      </trkpt>
      <trkpt lat="43.316554" lon="-1.905251">
        <ele>16.2</ele>
        <time>2026-09-06T11:16:10Z</time>
        <extensions>
          <power>113</power>
          <gpxtpx:TrackPointExtension>
            <gpxtpx:hr>108</gpxtpx:hr>
            <gpxtpx:cad>88</gpxtpx:cad>
          </gpxtpx:TrackPointExtension>
        </extensions>
      </trkpt>
      <trkpt lat="43.316447" lon="-1.905188">
        <ele>15.8</ele>
        <time>2026-09-06T11:16:11Z</time>
        <extensions>
          <power>108</power>
          <gpxtpx:TrackPointExtension>
            <gpxtpx:hr>106</gpxtpx:hr>
            <gpxtpx:cad>87</gpxtpx:cad>
          </gpxtpx:TrackPointExtension>
        </extensions>
      </trkpt>
      <trkpt lat="43.316447" lon="-1.905188">
        <ele>15.8</ele>
        <time>2026-09-06T11:16:12Z</time>
        <extensions>
          <power>104</power>
          <gpxtpx:TrackPointExtension>
            <gpxtpx:hr>106</gpxtpx:hr>
            <gpxtpx:cad>87</gpxtpx:cad>
          </gpxtpx:TrackPointExtension>
        </extensions>
      </trkpt>
      <trkpt lat="43.316244" lon="-1.905075">
        <ele>15.0</ele>
        <time>2026-09-06T11:16:13Z</time>
        <extensions>
          <power>99</power>
          <gpxtpx:TrackPointExtension>
            <gpxtpx:hr>106</gpxtpx:hr>
            <gpxtpx:cad>86</gpxtpx:cad>
          </gpxtpx:TrackPointExtension>
        </extensions>
      </trkpt>
      <trkpt lat="43.316244" lon="-1.905075">
        <ele>15.0</ele>
        <time>2026-09-06T11:16:14Z</time>
        <extensions>
          <power>98</power>
          <gpxtpx:TrackPointExtension>
            <gpxtpx:hr>104</gpxtpx:hr>
            <gpxtpx:cad>88</gpxtpx:cad>
          </gpxtpx:TrackPointExtension>
        </extensions>
      </trkpt>
      <trkpt lat="43.316244" lon="-1.905075">
        <ele>15.0</ele>
        <time>2026-09-06T11:16:15Z</time>
        <extensions>
          <power>106</power>
          <gpxtpx:TrackPointExtension>
            <gpxtpx:hr>104</gpxtpx:hr>
            <gpxtpx:cad>88</gpxtpx:cad>
          </gpxtpx:TrackPointExtension>
        </extensions>
      </trkpt>
      <trkpt lat="43.316145" lon="-1.905020">
        <ele>14.6</ele>
        <time>2026-09-06T11:16:16Z</time>
        <extensions>
          <power>106</power>
          <gpxtpx:TrackPointExtension>
            <gpxtpx:hr>102</gpxtpx:hr>
            <gpxtpx:cad>87</gpxtpx:cad>
          </gpxtpx:TrackPointExtension>
        </extensions>
      </trkpt>
      <trkpt lat="43.316145" lon="-1.905020">
        <ele>14.6</ele>
        <time>2026-09-06T11:16:17Z</time>
        <extensions>
          <power>98</power>
          <gpxtpx:TrackPointExtension>
            <gpxtpx:hr>102</gpxtpx:hr>
            <gpxtpx:cad>87</gpxtpx:cad>
          </gpxtpx:TrackPointExtension>
        </extensions>
      </trkpt>
      <trkpt lat="43.315950" lon="-1.904912">
        <ele>13.4</ele>
        <time>2026-09-06T11:16:18Z</time>
        <extensions>
          <power>104</power>
          <gpxtpx:TrackPointExtension>
            <gpxtpx:hr>102</gpxtpx:hr>
            <gpxtpx:cad>88</gpxtpx:cad>
          </gpxtpx:TrackPointExtension>
        </extensions>
      </trkpt>
      <trkpt lat="43.315950" lon="-1.904912">
        <ele>13.4</ele>
        <time>2026-09-06T11:16:19Z</time>
        <extensions>
          <power>105</power>
          <gpxtpx:TrackPointExtension>
            <gpxtpx:hr>101</gpxtpx:hr>
            <gpxtpx:cad>89</gpxtpx:cad>
          </gpxtpx:TrackPointExtension>
        </extensions>
      </trkpt>
      <trkpt lat="43.315950" lon="-1.904912">
        <ele>13.4</ele>
        <time>2026-09-06T11:16:20Z</time>
        <extensions>
          <power>104</power>
          <gpxtpx:TrackPointExtension>
            <gpxtpx:hr>101</gpxtpx:hr>
            <gpxtpx:cad>88</gpxtpx:cad>
          </gpxtpx:TrackPointExtension>
        </extensions>
      </trkpt>
      <trkpt lat="43.315764" lon="-1.904812">
        <ele>12.4</ele>
        <time>2026-09-06T11:16:21Z</time>
        <extensions>
          <power>93</power>
          <gpxtpx:TrackPointExtension>
            <gpxtpx:hr>101</gpxtpx:hr>
            <gpxtpx:cad>87</gpxtpx:cad>
          </gpxtpx:TrackPointExtension>
        </extensions>
      </trkpt>
      <trkpt lat="43.315764" lon="-1.904812">
        <ele>12.4</ele>
        <time>2026-09-06T11:16:22Z</time>
        <extensions>
          <power>94</power>
          <gpxtpx:TrackPointExtension>
            <gpxtpx:hr>100</gpxtpx:hr>
            <gpxtpx:cad>85</gpxtpx:cad>
          </gpxtpx:TrackPointExtension>
        </extensions>
      </trkpt>
      <trkpt lat="43.315594" lon="-1.904717">
        <ele>11.8</ele>
        <time>2026-09-06T11:16:23Z</time>
        <extensions>
          <power>105</power>
          <gpxtpx:TrackPointExtension>
            <gpxtpx:hr>100</gpxtpx:hr>
            <gpxtpx:cad>88</gpxtpx:cad>
          </gpxtpx:TrackPointExtension>
        </extensions>
      </trkpt>
      <trkpt lat="43.315594" lon="-1.904717">
        <ele>11.8</ele>
        <time>2026-09-06T11:16:24Z</time>
        <extensions>
          <power>104</power>
          <gpxtpx:TrackPointExtension>
            <gpxtpx:hr>99</gpxtpx:hr>
            <gpxtpx:cad>88</gpxtpx:cad>
          </gpxtpx:TrackPointExtension>
        </extensions>
      </trkpt>
      <trkpt lat="43.315594" lon="-1.904717">
        <ele>11.8</ele>
        <time>2026-09-06T11:16:25Z</time>
        <extensions>
          <power>95</power>
          <gpxtpx:TrackPointExtension>
            <gpxtpx:hr>99</gpxtpx:hr>
            <gpxtpx:cad>86</gpxtpx:cad>
          </gpxtpx:TrackPointExtension>
        </extensions>
      </trkpt>
      <trkpt lat="43.315510" lon="-1.904671">
        <ele>11.4</ele>
        <time>2026-09-06T11:16:26Z</time>
        <extensions>
          <power>104</power>
          <gpxtpx:TrackPointExtension>
            <gpxtpx:hr>99</gpxtpx:hr>
            <gpxtpx:cad>87</gpxtpx:cad>
          </gpxtpx:TrackPointExtension>
        </extensions>
      </trkpt>
      <trkpt lat="43.315290" lon="-1.904498">
        <ele>10.6</ele>
        <time>2026-09-06T11:16:27Z</time>
        <extensions>
          <power>103</power>
          <gpxtpx:TrackPointExtension>
            <gpxtpx:hr>98</gpxtpx:hr>
            <gpxtpx:cad>88</gpxtpx:cad>
          </gpxtpx:TrackPointExtension>
        </extensions>
      </trkpt>
      <trkpt lat="43.315290" lon="-1.904498">
        <ele>10.6</ele>
        <time>2026-09-06T11:16:28Z</time>
        <extensions>
          <power>98</power>
          <gpxtpx:TrackPointExtension>
            <gpxtpx:hr>98</gpxtpx:hr>
            <gpxtpx:cad>86</gpxtpx:cad>
          </gpxtpx:TrackPointExtension>
        </extensions>
      </trkpt>
      <trkpt lat="43.315290" lon="-1.904498">
        <ele>10.6</ele>
        <time>2026-09-06T11:16:29Z</time>
        <extensions>
          <power>96</power>
          <gpxtpx:TrackPointExtension>
            <gpxtpx:hr>98</gpxtpx:hr>
            <gpxtpx:cad>86</gpxtpx:cad>
          </gpxtpx:TrackPointExtension>
        </extensions>
      </trkpt>
      <trkpt lat="43.315290" lon="-1.904498">
        <ele>10.6</ele>
        <time>2026-09-06T11:16:30Z</time>
        <extensions>
          <power>101</power>
          <gpxtpx:TrackPointExtension>
            <gpxtpx:hr>97</gpxtpx:hr>
            <gpxtpx:cad>87</gpxtpx:cad>
          </gpxtpx:TrackPointExtension>
        </extensions>
      </trkpt>
      <trkpt lat="43.315214" lon="-1.904431">
        <ele>10.0</ele>
        <time>2026-09-06T11:16:31Z</time>
        <extensions>
          <power>112</power>
          <gpxtpx:TrackPointExtension>
            <gpxtpx:hr>97</gpxtpx:hr>
            <gpxtpx:cad>88</gpxtpx:cad>
          </gpxtpx:TrackPointExtension>
        </extensions>
      </trkpt>
      <trkpt lat="43.314983" lon="-1.904175">
        <ele>9.2</ele>
        <time>2026-09-06T11:16:32Z</time>
        <extensions>
          <power>93</power>
          <gpxtpx:TrackPointExtension>
            <gpxtpx:hr>96</gpxtpx:hr>
            <gpxtpx:cad>87</gpxtpx:cad>
          </gpxtpx:TrackPointExtension>
        </extensions>
      </trkpt>
      <trkpt lat="43.314983" lon="-1.904175">
        <ele>9.2</ele>
        <time>2026-09-06T11:16:33Z</time>
        <extensions>
          <power>96</power>
          <gpxtpx:TrackPointExtension>
            <gpxtpx:hr>96</gpxtpx:hr>
            <gpxtpx:cad>86</gpxtpx:cad>
          </gpxtpx:TrackPointExtension>
        </extensions>
      </trkpt>
      <trkpt lat="43.314983" lon="-1.904175">
        <ele>9.2</ele>
        <time>2026-09-06T11:16:34Z</time>
        <extensions>
          <power>104</power>
          <gpxtpx:TrackPointExtension>
            <gpxtpx:hr>96</gpxtpx:hr>
            <gpxtpx:cad>88</gpxtpx:cad>
          </gpxtpx:TrackPointExtension>
        </extensions>
      </trkpt>
      <trkpt lat="43.314983" lon="-1.904175">
        <ele>9.2</ele>
        <time>2026-09-06T11:16:35Z</time>
        <extensions>
          <power>101</power>
          <gpxtpx:TrackPointExtension>
            <gpxtpx:hr>96</gpxtpx:hr>
            <gpxtpx:cad>87</gpxtpx:cad>
          </gpxtpx:TrackPointExtension>
        </extensions>
      </trkpt>
      <trkpt lat="43.314924" lon="-1.904140">
        <ele>9.4</ele>
        <time>2026-09-06T11:16:36Z</time>
        <extensions>
          <power>99</power>
          <gpxtpx:TrackPointExtension>
            <gpxtpx:hr>96</gpxtpx:hr>
            <gpxtpx:cad>86</gpxtpx:cad>
          </gpxtpx:TrackPointExtension>
        </extensions>
      </trkpt>
      <trkpt lat="43.314869" lon="-1.904015">
        <ele>9.8</ele>
        <time>2026-09-06T11:16:37Z</time>
        <extensions>
          <power>100</power>
          <gpxtpx:TrackPointExtension>
            <gpxtpx:hr>96</gpxtpx:hr>
            <gpxtpx:cad>88</gpxtpx:cad>
          </gpxtpx:TrackPointExtension>
        </extensions>
      </trkpt>
      <trkpt lat="43.314869" lon="-1.904015">
        <ele>9.8</ele>
        <time>2026-09-06T11:16:38Z</time>
        <extensions>
          <power>112</power>
          <gpxtpx:TrackPointExtension>
            <gpxtpx:hr>96</gpxtpx:hr>
            <gpxtpx:cad>87</gpxtpx:cad>
          </gpxtpx:TrackPointExtension>
        </extensions>
      </trkpt>
      <trkpt lat="43.314935" lon="-1.903789">
        <ele>9.0</ele>
        <time>2026-09-06T11:16:39Z</time>
        <extensions>
          <power>112</power>
          <gpxtpx:TrackPointExtension>
            <gpxtpx:hr>97</gpxtpx:hr>
            <gpxtpx:cad>87</gpxtpx:cad>
          </gpxtpx:TrackPointExtension>
        </extensions>
      </trkpt>
      <trkpt lat="43.314935" lon="-1.903789">
        <ele>9.0</ele>
        <time>2026-09-06T11:16:40Z</time>
        <extensions>
          <power>108</power>
          <gpxtpx:TrackPointExtension>
            <gpxtpx:hr>97</gpxtpx:hr>
            <gpxtpx:cad>88</gpxtpx:cad>
          </gpxtpx:TrackPointExtension>
        </extensions>
      </trkpt>
      <trkpt lat="43.314955" lon="-1.903710">
        <ele>8.8</ele>
        <time>2026-09-06T11:16:41Z</time>
        <extensions>
          <power>99</power>
          <gpxtpx:TrackPointExtension>
            <gpxtpx:hr>97</gpxtpx:hr>
            <gpxtpx:cad>88</gpxtpx:cad>
          </gpxtpx:TrackPointExtension>
        </extensions>
      </trkpt>
      <trkpt lat="43.314964" lon="-1.903466">
        <ele>7.8</ele>
        <time>2026-09-06T11:16:42Z</time>
        <extensions>
          <power>108</power>
          <gpxtpx:TrackPointExtension>
            <gpxtpx:hr>97</gpxtpx:hr>
            <gpxtpx:cad>88</gpxtpx:cad>
          </gpxtpx:TrackPointExtension>
        </extensions>
      </trkpt>
      <trkpt lat="43.314964" lon="-1.903466">
        <ele>7.8</ele>
        <time>2026-09-06T11:16:43Z</time>
        <extensions>
          <power>95</power>
          <gpxtpx:TrackPointExtension>
            <gpxtpx:hr>98</gpxtpx:hr>
            <gpxtpx:cad>88</gpxtpx:cad>
          </gpxtpx:TrackPointExtension>
        </extensions>
      </trkpt>
      <trkpt lat="43.314959" lon="-1.903383">
        <ele>7.8</ele>
        <time>2026-09-06T11:16:44Z</time>
        <extensions>
          <power>96</power>
          <gpxtpx:TrackPointExtension>
            <gpxtpx:hr>98</gpxtpx:hr>
            <gpxtpx:cad>89</gpxtpx:cad>
          </gpxtpx:TrackPointExtension>
        </extensions>
      </trkpt>
      <trkpt lat="43.314948" lon="-1.903121">
        <ele>7.4</ele>
        <time>2026-09-06T11:16:45Z</time>
        <extensions>
          <power>105</power>
          <gpxtpx:TrackPointExtension>
            <gpxtpx:hr>97</gpxtpx:hr>
            <gpxtpx:cad>88</gpxtpx:cad>
          </gpxtpx:TrackPointExtension>
        </extensions>
      </trkpt>
      <trkpt lat="43.314948" lon="-1.903121">
        <ele>7.4</ele>
        <time>2026-09-06T11:16:46Z</time>
        <extensions>
          <power>103</power>
          <gpxtpx:TrackPointExtension>
            <gpxtpx:hr>98</gpxtpx:hr>
            <gpxtpx:cad>88</gpxtpx:cad>
          </gpxtpx:TrackPointExtension>
        </extensions>
      </trkpt>
      <trkpt lat="43.314948" lon="-1.903121">
        <ele>7.4</ele>
        <time>2026-09-06T11:16:47Z</time>
        <extensions>
          <power>101</power>
          <gpxtpx:TrackPointExtension>
            <gpxtpx:hr>98</gpxtpx:hr>
            <gpxtpx:cad>87</gpxtpx:cad>
          </gpxtpx:TrackPointExtension>
        </extensions>
      </trkpt>
      <trkpt lat="43.314937" lon="-1.902864">
        <ele>7.0</ele>
        <time>2026-09-06T11:16:48Z</time>
        <extensions>
          <power>99</power>
          <gpxtpx:TrackPointExtension>
            <gpxtpx:hr>98</gpxtpx:hr>
            <gpxtpx:cad>88</gpxtpx:cad>
          </gpxtpx:TrackPointExtension>
        </extensions>
      </trkpt>
      <trkpt lat="43.314937" lon="-1.902864">
        <ele>7.0</ele>
        <time>2026-09-06T11:16:49Z</time>
        <extensions>
          <power>104</power>
          <gpxtpx:TrackPointExtension>
            <gpxtpx:hr>98</gpxtpx:hr>
            <gpxtpx:cad>87</gpxtpx:cad>
          </gpxtpx:TrackPointExtension>
        </extensions>
      </trkpt>
      <trkpt lat="43.314931" lon="-1.902617">
        <ele>7.2</ele>
        <time>2026-09-06T11:16:50Z</time>
        <extensions>
          <power>104</power>
          <gpxtpx:TrackPointExtension>
            <gpxtpx:hr>98</gpxtpx:hr>
            <gpxtpx:cad>88</gpxtpx:cad>
          </gpxtpx:TrackPointExtension>
        </extensions>
      </trkpt>
      <trkpt lat="43.314931" lon="-1.902617">
        <ele>7.2</ele>
        <time>2026-09-06T11:16:51Z</time>
        <extensions>
          <power>107</power>
          <gpxtpx:TrackPointExtension>
            <gpxtpx:hr>97</gpxtpx:hr>
            <gpxtpx:cad>88</gpxtpx:cad>
          </gpxtpx:TrackPointExtension>
        </extensions>
      </trkpt>
      <trkpt lat="43.314931" lon="-1.902617">
        <ele>7.2</ele>
        <time>2026-09-06T11:16:52Z</time>
        <extensions>
          <power>97</power>
          <gpxtpx:TrackPointExtension>
            <gpxtpx:hr>97</gpxtpx:hr>
            <gpxtpx:cad>87</gpxtpx:cad>
          </gpxtpx:TrackPointExtension>
        </extensions>
      </trkpt>
      <trkpt lat="43.314919" lon="-1.902194">
        <ele>7.2</ele>
        <time>2026-09-06T11:16:53Z</time>
        <extensions>
          <power>115</power>
          <gpxtpx:TrackPointExtension>
            <gpxtpx:hr>96</gpxtpx:hr>
            <gpxtpx:cad>87</gpxtpx:cad>
          </gpxtpx:TrackPointExtension>
        </extensions>
      </trkpt>
      <trkpt lat="43.314919" lon="-1.902194">
        <ele>7.2</ele>
        <time>2026-09-06T11:16:54Z</time>
        <extensions>
          <power>128</power>
          <gpxtpx:TrackPointExtension>
            <gpxtpx:hr>96</gpxtpx:hr>
            <gpxtpx:cad>88</gpxtpx:cad>
          </gpxtpx:TrackPointExtension>
        </extensions>
      </trkpt>
      <trkpt lat="43.314919" lon="-1.902194">
        <ele>7.2</ele>
        <time>2026-09-06T11:16:55Z</time>
        <extensions>
          <power>157</power>
          <gpxtpx:TrackPointExtension>
            <gpxtpx:hr>95</gpxtpx:hr>
            <gpxtpx:cad>89</gpxtpx:cad>
          </gpxtpx:TrackPointExtension>
        </extensions>
      </trkpt>
      <trkpt lat="43.314919" lon="-1.902194">
        <ele>7.2</ele>
        <time>2026-09-06T11:16:56Z</time>
        <extensions>
          <power>149</power>
          <gpxtpx:TrackPointExtension>
            <gpxtpx:hr>95</gpxtpx:hr>
            <gpxtpx:cad>86</gpxtpx:cad>
          </gpxtpx:TrackPointExtension>
        </extensions>
      </trkpt>
      <trkpt lat="43.314892" lon="-1.901613">
        <ele>7.2</ele>
        <time>2026-09-06T11:16:57Z</time>
        <extensions>
          <power>145</power>
          <gpxtpx:TrackPointExtension>
            <gpxtpx:hr>95</gpxtpx:hr>
            <gpxtpx:cad>86</gpxtpx:cad>
          </gpxtpx:TrackPointExtension>
        </extensions>
      </trkpt>
      <trkpt lat="43.314892" lon="-1.901613">
        <ele>7.2</ele>
        <time>2026-09-06T11:16:58Z</time>
        <extensions>
          <power>144</power>
          <gpxtpx:TrackPointExtension>
            <gpxtpx:hr>94</gpxtpx:hr>
            <gpxtpx:cad>85</gpxtpx:cad>
          </gpxtpx:TrackPointExtension>
        </extensions>
      </trkpt>
      <trkpt lat="43.314892" lon="-1.901613">
        <ele>7.2</ele>
        <time>2026-09-06T11:16:59Z</time>
        <extensions>
          <power>155</power>
          <gpxtpx:TrackPointExtension>
            <gpxtpx:hr>94</gpxtpx:hr>
            <gpxtpx:cad>86</gpxtpx:cad>
          </gpxtpx:TrackPointExtension>
        </extensions>
      </trkpt>
      <trkpt lat="43.314892" lon="-1.901613">
        <ele>7.2</ele>
        <time>2026-09-06T11:17:00Z</time>
        <extensions>
          <power>159</power>
          <gpxtpx:TrackPointExtension>
            <gpxtpx:hr>95</gpxtpx:hr>
            <gpxtpx:cad>85</gpxtpx:cad>
          </gpxtpx:TrackPointExtension>
        </extensions>
      </trkpt>
      <trkpt lat="43.314892" lon="-1.901613">
        <ele>7.2</ele>
        <time>2026-09-06T11:17:01Z</time>
        <extensions>
          <power>158</power>
          <gpxtpx:TrackPointExtension>
            <gpxtpx:hr>95</gpxtpx:hr>
            <gpxtpx:cad>85</gpxtpx:cad>
          </gpxtpx:TrackPointExtension>
        </extensions>
      </trkpt>
      <trkpt lat="43.314892" lon="-1.901613">
        <ele>7.2</ele>
        <time>2026-09-06T11:17:02Z</time>
        <extensions>
          <power>96</power>
          <gpxtpx:TrackPointExtension>
            <gpxtpx:hr>94</gpxtpx:hr>
            <gpxtpx:cad>79</gpxtpx:cad>
          </gpxtpx:TrackPointExtension>
        </extensions>
      </trkpt>
      <trkpt lat="43.314855" lon="-1.901139">
        <ele>7.0</ele>
        <time>2026-09-06T11:17:03Z</time>
        <extensions>
          <power>15</power>
          <gpxtpx:TrackPointExtension>
            <gpxtpx:hr>94</gpxtpx:hr>
            <gpxtpx:cad>88</gpxtpx:cad>
          </gpxtpx:TrackPointExtension>
        </extensions>
      </trkpt>
      <trkpt lat="43.314855" lon="-1.901139">
        <ele>7.0</ele>
        <time>2026-09-06T11:17:04Z</time>
        <extensions>
          <power>12</power>
          <gpxtpx:TrackPointExtension>
            <gpxtpx:hr>94</gpxtpx:hr>
            <gpxtpx:cad>95</gpxtpx:cad>
          </gpxtpx:TrackPointExtension>
        </extensions>
      </trkpt>
      <trkpt lat="43.314855" lon="-1.901139">
        <ele>7.0</ele>
        <time>2026-09-06T11:17:05Z</time>
        <extensions>
          <power>5</power>
          <gpxtpx:TrackPointExtension>
            <gpxtpx:hr>94</gpxtpx:hr>
            <gpxtpx:cad>75</gpxtpx:cad>
          </gpxtpx:TrackPointExtension>
        </extensions>
      </trkpt>
      <trkpt lat="43.314855" lon="-1.901139">
        <ele>7.0</ele>
        <time>2026-09-06T11:17:06Z</time>
        <extensions>
          <power>5</power>
          <gpxtpx:TrackPointExtension>
            <gpxtpx:hr>93</gpxtpx:hr>
            <gpxtpx:cad>64</gpxtpx:cad>
          </gpxtpx:TrackPointExtension>
        </extensions>
      </trkpt>
      <trkpt lat="43.314855" lon="-1.901139">
        <ele>7.0</ele>
        <time>2026-09-06T11:17:07Z</time>
        <extensions>
          <power>3</power>
          <gpxtpx:TrackPointExtension>
            <gpxtpx:hr>93</gpxtpx:hr>
            <gpxtpx:cad>57</gpxtpx:cad>
          </gpxtpx:TrackPointExtension>
        </extensions>
      </trkpt>
      <trkpt lat="43.314855" lon="-1.901139">
        <ele>7.0</ele>
        <time>2026-09-06T11:17:08Z</time>
        <extensions>
          <power>3</power>
          <gpxtpx:TrackPointExtension>
            <gpxtpx:hr>92</gpxtpx:hr>
            <gpxtpx:cad>57</gpxtpx:cad>
          </gpxtpx:TrackPointExtension>
        </extensions>
      </trkpt>
      <trkpt lat="43.314855" lon="-1.901139">
        <ele>7.0</ele>
        <time>2026-09-06T11:17:09Z</time>
        <extensions>
          <power>2</power>
          <gpxtpx:TrackPointExtension>
            <gpxtpx:hr>93</gpxtpx:hr>
            <gpxtpx:cad>58</gpxtpx:cad>
          </gpxtpx:TrackPointExtension>
        </extensions>
      </trkpt>
      <trkpt lat="43.314855" lon="-1.901139">
        <ele>7.0</ele>
        <time>2026-09-06T11:17:10Z</time>
        <extensions>
          <power>2</power>
          <gpxtpx:TrackPointExtension>
            <gpxtpx:hr>92</gpxtpx:hr>
            <gpxtpx:cad>58</gpxtpx:cad>
          </gpxtpx:TrackPointExtension>
        </extensions>
      </trkpt>
      <trkpt lat="43.314858" lon="-1.900787">
        <ele>7.2</ele>
        <time>2026-09-06T11:17:11Z</time>
        <extensions>
          <power>0</power>
          <gpxtpx:TrackPointExtension>
            <gpxtpx:hr>98</gpxtpx:hr>
            <gpxtpx:cad>0</gpxtpx:cad>
          </gpxtpx:TrackPointExtension>
        </extensions>
      </trkpt>
      <trkpt lat="43.314858" lon="-1.900787">
        <ele>7.2</ele>
        <time>2026-09-06T11:17:12Z</time>
        <extensions>
          <power>0</power>
          <gpxtpx:TrackPointExtension>
            <gpxtpx:hr>97</gpxtpx:hr>
            <gpxtpx:cad>0</gpxtpx:cad>
          </gpxtpx:TrackPointExtension>
        </extensions>
      </trkpt>
      <trkpt lat="43.314858" lon="-1.900787">
        <ele>7.2</ele>
        <time>2026-09-06T11:17:13Z</time>
        <extensions>
          <power>0</power>
          <gpxtpx:TrackPointExtension>
            <gpxtpx:hr>97</gpxtpx:hr>
            <gpxtpx:cad>42</gpxtpx:cad>
          </gpxtpx:TrackPointExtension>
        </extensions>
      </trkpt>
      <trkpt lat="43.314858" lon="-1.900787">
        <ele>7.2</ele>
        <time>2026-09-06T11:17:14Z</time>
        <extensions>
          <power>0</power>
          <gpxtpx:TrackPointExtension>
            <gpxtpx:hr>96</gpxtpx:hr>
            <gpxtpx:cad>34</gpxtpx:cad>
          </gpxtpx:TrackPointExtension>
        </extensions>
      </trkpt>
      <trkpt lat="43.314858" lon="-1.900787">
        <ele>7.2</ele>
        <time>2026-09-06T11:17:15Z</time>
        <extensions>
          <power>283</power>
          <gpxtpx:TrackPointExtension>
            <gpxtpx:hr>96</gpxtpx:hr>
            <gpxtpx:cad>39</gpxtpx:cad>
          </gpxtpx:TrackPointExtension>
        </extensions>
      </trkpt>
      <trkpt lat="43.314858" lon="-1.900787">
        <ele>7.2</ele>
        <time>2026-09-06T11:17:16Z</time>
        <extensions>
          <power>233</power>
          <gpxtpx:TrackPointExtension>
            <gpxtpx:hr>96</gpxtpx:hr>
            <gpxtpx:cad>61</gpxtpx:cad>
          </gpxtpx:TrackPointExtension>
        </extensions>
      </trkpt>
      <trkpt lat="43.314858" lon="-1.900787">
        <ele>7.2</ele>
        <time>2026-09-06T11:17:17Z</time>
        <extensions>
          <power>171</power>
          <gpxtpx:TrackPointExtension>
            <gpxtpx:hr>96</gpxtpx:hr>
            <gpxtpx:cad>74</gpxtpx:cad>
          </gpxtpx:TrackPointExtension>
        </extensions>
      </trkpt>
      <trkpt lat="43.314858" lon="-1.900787">
        <ele>7.2</ele>
        <time>2026-09-06T11:17:18Z</time>
        <extensions>
          <power>142</power>
          <gpxtpx:TrackPointExtension>
            <gpxtpx:hr>97</gpxtpx:hr>
            <gpxtpx:cad>82</gpxtpx:cad>
          </gpxtpx:TrackPointExtension>
        </extensions>
      </trkpt>
      <trkpt lat="43.314851" lon="-1.900644">
        <ele>7.2</ele>
        <time>2026-09-06T11:17:19Z</time>
        <extensions>
          <power>154</power>
          <gpxtpx:TrackPointExtension>
            <gpxtpx:hr>97</gpxtpx:hr>
            <gpxtpx:cad>82</gpxtpx:cad>
          </gpxtpx:TrackPointExtension>
        </extensions>
      </trkpt>
      <trkpt lat="43.314867" lon="-1.900567">
        <ele>7.2</ele>
        <time>2026-09-06T11:17:20Z</time>
        <extensions>
          <power>124</power>
          <gpxtpx:TrackPointExtension>
            <gpxtpx:hr>96</gpxtpx:hr>
            <gpxtpx:cad>83</gpxtpx:cad>
          </gpxtpx:TrackPointExtension>
        </extensions>
      </trkpt>
      <trkpt lat="43.314890" lon="-1.900438">
        <ele>7.4</ele>
        <time>2026-09-06T11:17:21Z</time>
        <extensions>
          <power>126</power>
          <gpxtpx:TrackPointExtension>
            <gpxtpx:hr>96</gpxtpx:hr>
            <gpxtpx:cad>85</gpxtpx:cad>
          </gpxtpx:TrackPointExtension>
        </extensions>
      </trkpt>
      <trkpt lat="43.314895" lon="-1.900396">
        <ele>7.4</ele>
        <time>2026-09-06T11:17:22Z</time>
        <extensions>
          <power>149</power>
          <gpxtpx:TrackPointExtension>
            <gpxtpx:hr>96</gpxtpx:hr>
            <gpxtpx:cad>89</gpxtpx:cad>
          </gpxtpx:TrackPointExtension>
        </extensions>
      </trkpt>
      <trkpt lat="43.314881" lon="-1.900289">
        <ele>7.4</ele>
        <time>2026-09-06T11:17:23Z</time>
        <extensions>
          <power>151</power>
          <gpxtpx:TrackPointExtension>
            <gpxtpx:hr>96</gpxtpx:hr>
            <gpxtpx:cad>85</gpxtpx:cad>
          </gpxtpx:TrackPointExtension>
        </extensions>
      </trkpt>
      <trkpt lat="43.314828" lon="-1.900205">
        <ele>7.4</ele>
        <time>2026-09-06T11:17:24Z</time>
        <extensions>
          <power>128</power>
          <gpxtpx:TrackPointExtension>
            <gpxtpx:hr>96</gpxtpx:hr>
            <gpxtpx:cad>83</gpxtpx:cad>
          </gpxtpx:TrackPointExtension>
        </extensions>
      </trkpt>
      <trkpt lat="43.314632" lon="-1.899967">
        <ele>7.2</ele>
        <time>2026-09-06T11:17:25Z</time>
        <extensions>
          <power>152</power>
          <gpxtpx:TrackPointExtension>
            <gpxtpx:hr>96</gpxtpx:hr>
            <gpxtpx:cad>86</gpxtpx:cad>
          </gpxtpx:TrackPointExtension>
        </extensions>
      </trkpt>
      <trkpt lat="43.314632" lon="-1.899967">
        <ele>7.2</ele>
        <time>2026-09-06T11:17:26Z</time>
        <extensions>
          <power>151</power>
          <gpxtpx:TrackPointExtension>
            <gpxtpx:hr>96</gpxtpx:hr>
            <gpxtpx:cad>85</gpxtpx:cad>
          </gpxtpx:TrackPointExtension>
        </extensions>
      </trkpt>
      <trkpt lat="43.314632" lon="-1.899967">
        <ele>7.2</ele>
        <time>2026-09-06T11:17:27Z</time>
        <extensions>
          <power>132</power>
          <gpxtpx:TrackPointExtension>
            <gpxtpx:hr>96</gpxtpx:hr>
            <gpxtpx:cad>84</gpxtpx:cad>
          </gpxtpx:TrackPointExtension>
        </extensions>
      </trkpt>
      <trkpt lat="43.314632" lon="-1.899967">
        <ele>7.2</ele>
        <time>2026-09-06T11:17:28Z</time>
        <extensions>
          <power>107</power>
          <gpxtpx:TrackPointExtension>
            <gpxtpx:hr>96</gpxtpx:hr>
            <gpxtpx:cad>83</gpxtpx:cad>
          </gpxtpx:TrackPointExtension>
        </extensions>
      </trkpt>
      <trkpt lat="43.314464" lon="-1.899764">
        <ele>7.4</ele>
        <time>2026-09-06T11:17:29Z</time>
        <extensions>
          <power>105</power>
          <gpxtpx:TrackPointExtension>
            <gpxtpx:hr>96</gpxtpx:hr>
            <gpxtpx:cad>84</gpxtpx:cad>
          </gpxtpx:TrackPointExtension>
        </extensions>
      </trkpt>
      <trkpt lat="43.314464" lon="-1.899764">
        <ele>7.4</ele>
        <time>2026-09-06T11:17:30Z</time>
        <extensions>
          <power>104</power>
          <gpxtpx:TrackPointExtension>
            <gpxtpx:hr>96</gpxtpx:hr>
            <gpxtpx:cad>88</gpxtpx:cad>
          </gpxtpx:TrackPointExtension>
        </extensions>
      </trkpt>
      <trkpt lat="43.314464" lon="-1.899764">
        <ele>7.4</ele>
        <time>2026-09-06T11:17:31Z</time>
        <extensions>
          <power>117</power>
          <gpxtpx:TrackPointExtension>
            <gpxtpx:hr>96</gpxtpx:hr>
            <gpxtpx:cad>87</gpxtpx:cad>
          </gpxtpx:TrackPointExtension>
        </extensions>
      </trkpt>
      <trkpt lat="43.314310" lon="-1.899597">
        <ele>7.2</ele>
        <time>2026-09-06T11:17:32Z</time>
        <extensions>
          <power>150</power>
          <gpxtpx:TrackPointExtension>
            <gpxtpx:hr>95</gpxtpx:hr>
            <gpxtpx:cad>89</gpxtpx:cad>
          </gpxtpx:TrackPointExtension>
        </extensions>
      </trkpt>
      <trkpt lat="43.314310" lon="-1.899597">
        <ele>7.2</ele>
        <time>2026-09-06T11:17:33Z</time>
        <extensions>
          <power>151</power>
          <gpxtpx:TrackPointExtension>
            <gpxtpx:hr>95</gpxtpx:hr>
            <gpxtpx:cad>88</gpxtpx:cad>
          </gpxtpx:TrackPointExtension>
        </extensions>
      </trkpt>
      <trkpt lat="43.314310" lon="-1.899597">
        <ele>7.2</ele>
        <time>2026-09-06T11:17:34Z</time>
        <extensions>
          <power>147</power>
          <gpxtpx:TrackPointExtension>
            <gpxtpx:hr>96</gpxtpx:hr>
            <gpxtpx:cad>86</gpxtpx:cad>
          </gpxtpx:TrackPointExtension>
        </extensions>
      </trkpt>
      <trkpt lat="43.313989" lon="-1.899228">
        <ele>7.4</ele>
        <time>2026-09-06T11:17:35Z</time>
        <extensions>
          <power>133</power>
          <gpxtpx:TrackPointExtension>
            <gpxtpx:hr>96</gpxtpx:hr>
            <gpxtpx:cad>84</gpxtpx:cad>
          </gpxtpx:TrackPointExtension>
        </extensions>
      </trkpt>
      <trkpt lat="43.313989" lon="-1.899228">
        <ele>7.4</ele>
        <time>2026-09-06T11:17:36Z</time>
        <extensions>
          <power>123</power>
          <gpxtpx:TrackPointExtension>
            <gpxtpx:hr>96</gpxtpx:hr>
            <gpxtpx:cad>84</gpxtpx:cad>
          </gpxtpx:TrackPointExtension>
        </extensions>
      </trkpt>
      <trkpt lat="43.313989" lon="-1.899228">
        <ele>7.4</ele>
        <time>2026-09-06T11:17:37Z</time>
        <extensions>
          <power>121</power>
          <gpxtpx:TrackPointExtension>
            <gpxtpx:hr>96</gpxtpx:hr>
            <gpxtpx:cad>86</gpxtpx:cad>
          </gpxtpx:TrackPointExtension>
        </extensions>
      </trkpt>
      <trkpt lat="43.313989" lon="-1.899228">
        <ele>7.4</ele>
        <time>2026-09-06T11:17:38Z</time>
        <extensions>
          <power>141</power>
          <gpxtpx:TrackPointExtension>
            <gpxtpx:hr>96</gpxtpx:hr>
            <gpxtpx:cad>89</gpxtpx:cad>
          </gpxtpx:TrackPointExtension>
        </extensions>
      </trkpt>
      <trkpt lat="43.313989" lon="-1.899228">
        <ele>7.4</ele>
        <time>2026-09-06T11:17:39Z</time>
        <extensions>
          <power>142</power>
          <gpxtpx:TrackPointExtension>
            <gpxtpx:hr>96</gpxtpx:hr>
            <gpxtpx:cad>87</gpxtpx:cad>
          </gpxtpx:TrackPointExtension>
        </extensions>
      </trkpt>
      <trkpt lat="43.313989" lon="-1.899228">
        <ele>7.4</ele>
        <time>2026-09-06T11:17:40Z</time>
        <extensions>
          <power>150</power>
          <gpxtpx:TrackPointExtension>
            <gpxtpx:hr>97</gpxtpx:hr>
            <gpxtpx:cad>85</gpxtpx:cad>
          </gpxtpx:TrackPointExtension>
        </extensions>
      </trkpt>
      <trkpt lat="43.313942" lon="-1.899173">
        <ele>7.2</ele>
        <time>2026-09-06T11:17:41Z</time>
        <extensions>
          <power>149</power>
          <gpxtpx:TrackPointExtension>
            <gpxtpx:hr>97</gpxtpx:hr>
            <gpxtpx:cad>85</gpxtpx:cad>
          </gpxtpx:TrackPointExtension>
        </extensions>
      </trkpt>
      <trkpt lat="43.313634" lon="-1.898811">
        <ele>7.4</ele>
        <time>2026-09-06T11:17:42Z</time>
        <extensions>
          <power>151</power>
          <gpxtpx:TrackPointExtension>
            <gpxtpx:hr>97</gpxtpx:hr>
            <gpxtpx:cad>85</gpxtpx:cad>
          </gpxtpx:TrackPointExtension>
        </extensions>
      </trkpt>
      <trkpt lat="43.313634" lon="-1.898811">
        <ele>7.4</ele>
        <time>2026-09-06T11:17:43Z</time>
        <extensions>
          <power>142</power>
          <gpxtpx:TrackPointExtension>
            <gpxtpx:hr>97</gpxtpx:hr>
            <gpxtpx:cad>85</gpxtpx:cad>
          </gpxtpx:TrackPointExtension>
        </extensions>
      </trkpt>
      <trkpt lat="43.313634" lon="-1.898811">
        <ele>7.4</ele>
        <time>2026-09-06T11:17:44Z</time>
        <extensions>
          <power>130</power>
          <gpxtpx:TrackPointExtension>
            <gpxtpx:hr>98</gpxtpx:hr>
            <gpxtpx:cad>85</gpxtpx:cad>
          </gpxtpx:TrackPointExtension>
        </extensions>
      </trkpt>
      <trkpt lat="43.313634" lon="-1.898811">
        <ele>7.4</ele>
        <time>2026-09-06T11:17:45Z</time>
        <extensions>
          <power>138</power>
          <gpxtpx:TrackPointExtension>
            <gpxtpx:hr>98</gpxtpx:hr>
            <gpxtpx:cad>87</gpxtpx:cad>
          </gpxtpx:TrackPointExtension>
        </extensions>
      </trkpt>
      <trkpt lat="43.313634" lon="-1.898811">
        <ele>7.4</ele>
        <time>2026-09-06T11:17:46Z</time>
        <extensions>
          <power>144</power>
          <gpxtpx:TrackPointExtension>
            <gpxtpx:hr>98</gpxtpx:hr>
            <gpxtpx:cad>87</gpxtpx:cad>
          </gpxtpx:TrackPointExtension>
        </extensions>
      </trkpt>
      <trkpt lat="43.313634" lon="-1.898811">
        <ele>7.4</ele>
        <time>2026-09-06T11:17:47Z</time>
        <extensions>
          <power>156</power>
          <gpxtpx:TrackPointExtension>
            <gpxtpx:hr>98</gpxtpx:hr>
            <gpxtpx:cad>86</gpxtpx:cad>
          </gpxtpx:TrackPointExtension>
        </extensions>
      </trkpt>
      <trkpt lat="43.313414" lon="-1.898412">
        <ele>7.6</ele>
        <time>2026-09-06T11:17:48Z</time>
        <extensions>
          <power>153</power>
          <gpxtpx:TrackPointExtension>
            <gpxtpx:hr>98</gpxtpx:hr>
            <gpxtpx:cad>85</gpxtpx:cad>
          </gpxtpx:TrackPointExtension>
        </extensions>
      </trkpt>
      <trkpt lat="43.313414" lon="-1.898412">
        <ele>7.6</ele>
        <time>2026-09-06T11:17:49Z</time>
        <extensions>
          <power>140</power>
          <gpxtpx:TrackPointExtension>
            <gpxtpx:hr>98</gpxtpx:hr>
            <gpxtpx:cad>85</gpxtpx:cad>
          </gpxtpx:TrackPointExtension>
        </extensions>
      </trkpt>
      <trkpt lat="43.313414" lon="-1.898412">
        <ele>7.6</ele>
        <time>2026-09-06T11:17:50Z</time>
        <extensions>
          <power>150</power>
          <gpxtpx:TrackPointExtension>
            <gpxtpx:hr>99</gpxtpx:hr>
            <gpxtpx:cad>86</gpxtpx:cad>
          </gpxtpx:TrackPointExtension>
        </extensions>
      </trkpt>
      <trkpt lat="43.313414" lon="-1.898412">
        <ele>7.6</ele>
        <time>2026-09-06T11:17:51Z</time>
        <extensions>
          <power>145</power>
          <gpxtpx:TrackPointExtension>
            <gpxtpx:hr>99</gpxtpx:hr>
            <gpxtpx:cad>84</gpxtpx:cad>
          </gpxtpx:TrackPointExtension>
        </extensions>
      </trkpt>
      <trkpt lat="43.313414" lon="-1.898412">
        <ele>7.6</ele>
        <time>2026-09-06T11:17:52Z</time>
        <extensions>
          <power>147</power>
          <gpxtpx:TrackPointExtension>
            <gpxtpx:hr>99</gpxtpx:hr>
            <gpxtpx:cad>84</gpxtpx:cad>
          </gpxtpx:TrackPointExtension>
        </extensions>
      </trkpt>
      <trkpt lat="43.313196" lon="-1.897907">
        <ele>7.2</ele>
        <time>2026-09-06T11:17:53Z</time>
        <extensions>
          <power>170</power>
          <gpxtpx:TrackPointExtension>
            <gpxtpx:hr>99</gpxtpx:hr>
            <gpxtpx:cad>83</gpxtpx:cad>
          </gpxtpx:TrackPointExtension>
        </extensions>
      </trkpt>
      <trkpt lat="43.313196" lon="-1.897907">
        <ele>7.2</ele>
        <time>2026-09-06T11:17:54Z</time>
        <extensions>
          <power>153</power>
          <gpxtpx:TrackPointExtension>
            <gpxtpx:hr>99</gpxtpx:hr>
            <gpxtpx:cad>85</gpxtpx:cad>
          </gpxtpx:TrackPointExtension>
        </extensions>
      </trkpt>
      <trkpt lat="43.313196" lon="-1.897907">
        <ele>7.2</ele>
        <time>2026-09-06T11:17:55Z</time>
        <extensions>
          <power>146</power>
          <gpxtpx:TrackPointExtension>
            <gpxtpx:hr>99</gpxtpx:hr>
            <gpxtpx:cad>85</gpxtpx:cad>
          </gpxtpx:TrackPointExtension>
        </extensions>
      </trkpt>
      <trkpt lat="43.313196" lon="-1.897907">
        <ele>7.2</ele>
        <time>2026-09-06T11:17:56Z</time>
        <extensions>
          <power>132</power>
          <gpxtpx:TrackPointExtension>
            <gpxtpx:hr>99</gpxtpx:hr>
            <gpxtpx:cad>86</gpxtpx:cad>
          </gpxtpx:TrackPointExtension>
        </extensions>
      </trkpt>
      <trkpt lat="43.313196" lon="-1.897907">
        <ele>7.2</ele>
        <time>2026-09-06T11:17:57Z</time>
        <extensions>
          <power>99</power>
          <gpxtpx:TrackPointExtension>
            <gpxtpx:hr>99</gpxtpx:hr>
            <gpxtpx:cad>86</gpxtpx:cad>
          </gpxtpx:TrackPointExtension>
        </extensions>
      </trkpt>
      <trkpt lat="43.313196" lon="-1.897907">
        <ele>7.2</ele>
        <time>2026-09-06T11:17:58Z</time>
        <extensions>
          <power>102</power>
          <gpxtpx:TrackPointExtension>
            <gpxtpx:hr>100</gpxtpx:hr>
            <gpxtpx:cad>88</gpxtpx:cad>
          </gpxtpx:TrackPointExtension>
        </extensions>
      </trkpt>
      <trkpt lat="43.312959" lon="-1.897360">
        <ele>7.4</ele>
        <time>2026-09-06T11:17:59Z</time>
        <extensions>
          <power>96</power>
          <gpxtpx:TrackPointExtension>
            <gpxtpx:hr>100</gpxtpx:hr>
            <gpxtpx:cad>88</gpxtpx:cad>
          </gpxtpx:TrackPointExtension>
        </extensions>
      </trkpt>
      <trkpt lat="43.312959" lon="-1.897360">
        <ele>7.4</ele>
        <time>2026-09-06T11:18:00Z</time>
        <extensions>
          <power>99</power>
          <gpxtpx:TrackPointExtension>
            <gpxtpx:hr>100</gpxtpx:hr>
            <gpxtpx:cad>88</gpxtpx:cad>
          </gpxtpx:TrackPointExtension>
        </extensions>
      </trkpt>
      <trkpt lat="43.312959" lon="-1.897360">
        <ele>7.4</ele>
        <time>2026-09-06T11:18:01Z</time>
        <extensions>
          <power>111</power>
          <gpxtpx:TrackPointExtension>
            <gpxtpx:hr>99</gpxtpx:hr>
            <gpxtpx:cad>87</gpxtpx:cad>
          </gpxtpx:TrackPointExtension>
        </extensions>
      </trkpt>
      <trkpt lat="43.312959" lon="-1.897360">
        <ele>7.4</ele>
        <time>2026-09-06T11:18:02Z</time>
        <extensions>
          <power>148</power>
          <gpxtpx:TrackPointExtension>
            <gpxtpx:hr>99</gpxtpx:hr>
            <gpxtpx:cad>89</gpxtpx:cad>
          </gpxtpx:TrackPointExtension>
        </extensions>
      </trkpt>
      <trkpt lat="43.312959" lon="-1.897360">
        <ele>7.4</ele>
        <time>2026-09-06T11:18:03Z</time>
        <extensions>
          <power>158</power>
          <gpxtpx:TrackPointExtension>
            <gpxtpx:hr>99</gpxtpx:hr>
            <gpxtpx:cad>89</gpxtpx:cad>
          </gpxtpx:TrackPointExtension>
        </extensions>
      </trkpt>
      <trkpt lat="43.312959" lon="-1.897360">
        <ele>7.4</ele>
        <time>2026-09-06T11:18:04Z</time>
        <extensions>
          <power>150</power>
          <gpxtpx:TrackPointExtension>
            <gpxtpx:hr>100</gpxtpx:hr>
            <gpxtpx:cad>85</gpxtpx:cad>
          </gpxtpx:TrackPointExtension>
        </extensions>
      </trkpt>
      <trkpt lat="43.312748" lon="-1.896922">
        <ele>7.4</ele>
        <time>2026-09-06T11:18:05Z</time>
        <extensions>
          <power>144</power>
          <gpxtpx:TrackPointExtension>
            <gpxtpx:hr>100</gpxtpx:hr>
            <gpxtpx:cad>86</gpxtpx:cad>
          </gpxtpx:TrackPointExtension>
        </extensions>
      </trkpt>
      <trkpt lat="43.312748" lon="-1.896922">
        <ele>7.4</ele>
        <time>2026-09-06T11:18:06Z</time>
        <extensions>
          <power>144</power>
          <gpxtpx:TrackPointExtension>
            <gpxtpx:hr>100</gpxtpx:hr>
            <gpxtpx:cad>85</gpxtpx:cad>
          </gpxtpx:TrackPointExtension>
        </extensions>
      </trkpt>
      <trkpt lat="43.312748" lon="-1.896922">
        <ele>7.4</ele>
        <time>2026-09-06T11:18:07Z</time>
        <extensions>
          <power>155</power>
          <gpxtpx:TrackPointExtension>
            <gpxtpx:hr>100</gpxtpx:hr>
            <gpxtpx:cad>84</gpxtpx:cad>
          </gpxtpx:TrackPointExtension>
        </extensions>
      </trkpt>
      <trkpt lat="43.312748" lon="-1.896922">
        <ele>7.4</ele>
        <time>2026-09-06T11:18:08Z</time>
        <extensions>
          <power>151</power>
          <gpxtpx:TrackPointExtension>
            <gpxtpx:hr>100</gpxtpx:hr>
            <gpxtpx:cad>85</gpxtpx:cad>
          </gpxtpx:TrackPointExtension>
        </extensions>
      </trkpt>
      <trkpt lat="43.312748" lon="-1.896922">
        <ele>7.4</ele>
        <time>2026-09-06T11:18:09Z</time>
        <extensions>
          <power>145</power>
          <gpxtpx:TrackPointExtension>
            <gpxtpx:hr>100</gpxtpx:hr>
            <gpxtpx:cad>84</gpxtpx:cad>
          </gpxtpx:TrackPointExtension>
        </extensions>
      </trkpt>
      <trkpt lat="43.312748" lon="-1.896922">
        <ele>7.4</ele>
        <time>2026-09-06T11:18:10Z</time>
        <extensions>
          <power>137</power>
          <gpxtpx:TrackPointExtension>
            <gpxtpx:hr>100</gpxtpx:hr>
            <gpxtpx:cad>86</gpxtpx:cad>
          </gpxtpx:TrackPointExtension>
        </extensions>
      </trkpt>
      <trkpt lat="43.312488" lon="-1.896354">
        <ele>7.8</ele>
        <time>2026-09-06T11:18:11Z</time>
        <extensions>
          <power>153</power>
          <gpxtpx:TrackPointExtension>
            <gpxtpx:hr>100</gpxtpx:hr>
            <gpxtpx:cad>85</gpxtpx:cad>
          </gpxtpx:TrackPointExtension>
        </extensions>
      </trkpt>
      <trkpt lat="43.312488" lon="-1.896354">
        <ele>7.8</ele>
        <time>2026-09-06T11:18:12Z</time>
        <extensions>
          <power>145</power>
          <gpxtpx:TrackPointExtension>
            <gpxtpx:hr>100</gpxtpx:hr>
            <gpxtpx:cad>83</gpxtpx:cad>
          </gpxtpx:TrackPointExtension>
        </extensions>
      </trkpt>
      <trkpt lat="43.312488" lon="-1.896354">
        <ele>7.8</ele>
        <time>2026-09-06T11:18:13Z</time>
        <extensions>
          <power>151</power>
          <gpxtpx:TrackPointExtension>
            <gpxtpx:hr>100</gpxtpx:hr>
            <gpxtpx:cad>86</gpxtpx:cad>
          </gpxtpx:TrackPointExtension>
        </extensions>
      </trkpt>
      <trkpt lat="43.312488" lon="-1.896354">
        <ele>7.8</ele>
        <time>2026-09-06T11:18:14Z</time>
        <extensions>
          <power>145</power>
          <gpxtpx:TrackPointExtension>
            <gpxtpx:hr>100</gpxtpx:hr>
            <gpxtpx:cad>85</gpxtpx:cad>
          </gpxtpx:TrackPointExtension>
        </extensions>
      </trkpt>
      <trkpt lat="43.312488" lon="-1.896354">
        <ele>7.8</ele>
        <time>2026-09-06T11:18:15Z</time>
        <extensions>
          <power>151</power>
          <gpxtpx:TrackPointExtension>
            <gpxtpx:hr>100</gpxtpx:hr>
            <gpxtpx:cad>84</gpxtpx:cad>
          </gpxtpx:TrackPointExtension>
        </extensions>
      </trkpt>
      <trkpt lat="43.312488" lon="-1.896354">
        <ele>7.8</ele>
        <time>2026-09-06T11:18:16Z</time>
        <extensions>
          <power>154</power>
          <gpxtpx:TrackPointExtension>
            <gpxtpx:hr>100</gpxtpx:hr>
            <gpxtpx:cad>86</gpxtpx:cad>
          </gpxtpx:TrackPointExtension>
        </extensions>
      </trkpt>
      <trkpt lat="43.312488" lon="-1.896354">
        <ele>7.8</ele>
        <time>2026-09-06T11:18:17Z</time>
        <extensions>
          <power>154</power>
          <gpxtpx:TrackPointExtension>
            <gpxtpx:hr>100</gpxtpx:hr>
            <gpxtpx:cad>85</gpxtpx:cad>
          </gpxtpx:TrackPointExtension>
        </extensions>
      </trkpt>
      <trkpt lat="43.312279" lon="-1.895864">
        <ele>8.2</ele>
        <time>2026-09-06T11:18:18Z</time>
        <extensions>
          <power>150</power>
          <gpxtpx:TrackPointExtension>
            <gpxtpx:hr>100</gpxtpx:hr>
            <gpxtpx:cad>85</gpxtpx:cad>
          </gpxtpx:TrackPointExtension>
        </extensions>
      </trkpt>
      <trkpt lat="43.312279" lon="-1.895864">
        <ele>8.2</ele>
        <time>2026-09-06T11:18:19Z</time>
        <extensions>
          <power>154</power>
          <gpxtpx:TrackPointExtension>
            <gpxtpx:hr>101</gpxtpx:hr>
            <gpxtpx:cad>85</gpxtpx:cad>
          </gpxtpx:TrackPointExtension>
        </extensions>
      </trkpt>
      <trkpt lat="43.312279" lon="-1.895864">
        <ele>8.2</ele>
        <time>2026-09-06T11:18:20Z</time>
        <extensions>
          <power>151</power>
          <gpxtpx:TrackPointExtension>
            <gpxtpx:hr>100</gpxtpx:hr>
            <gpxtpx:cad>84</gpxtpx:cad>
          </gpxtpx:TrackPointExtension>
        </extensions>
      </trkpt>
      <trkpt lat="43.312279" lon="-1.895864">
        <ele>8.2</ele>
        <time>2026-09-06T11:18:21Z</time>
        <extensions>
          <power>148</power>
          <gpxtpx:TrackPointExtension>
            <gpxtpx:hr>100</gpxtpx:hr>
            <gpxtpx:cad>85</gpxtpx:cad>
          </gpxtpx:TrackPointExtension>
        </extensions>
      </trkpt>
      <trkpt lat="43.312279" lon="-1.895864">
        <ele>8.2</ele>
        <time>2026-09-06T11:18:22Z</time>
        <extensions>
          <power>151</power>
          <gpxtpx:TrackPointExtension>
            <gpxtpx:hr>100</gpxtpx:hr>
            <gpxtpx:cad>86</gpxtpx:cad>
          </gpxtpx:TrackPointExtension>
        </extensions>
      </trkpt>
      <trkpt lat="43.312279" lon="-1.895864">
        <ele>8.2</ele>
        <time>2026-09-06T11:18:23Z</time>
        <extensions>
          <power>152</power>
          <gpxtpx:TrackPointExtension>
            <gpxtpx:hr>100</gpxtpx:hr>
            <gpxtpx:cad>86</gpxtpx:cad>
          </gpxtpx:TrackPointExtension>
        </extensions>
      </trkpt>
      <trkpt lat="43.312029" lon="-1.895301">
        <ele>8.2</ele>
        <time>2026-09-06T11:18:24Z</time>
        <extensions>
          <power>146</power>
          <gpxtpx:TrackPointExtension>
            <gpxtpx:hr>100</gpxtpx:hr>
            <gpxtpx:cad>86</gpxtpx:cad>
          </gpxtpx:TrackPointExtension>
        </extensions>
      </trkpt>
      <trkpt lat="43.312029" lon="-1.895301">
        <ele>8.2</ele>
        <time>2026-09-06T11:18:25Z</time>
        <extensions>
          <power>147</power>
          <gpxtpx:TrackPointExtension>
            <gpxtpx:hr>100</gpxtpx:hr>
            <gpxtpx:cad>85</gpxtpx:cad>
          </gpxtpx:TrackPointExtension>
        </extensions>
      </trkpt>
      <trkpt lat="43.312029" lon="-1.895301">
        <ele>8.2</ele>
        <time>2026-09-06T11:18:26Z</time>
        <extensions>
          <power>147</power>
          <gpxtpx:TrackPointExtension>
            <gpxtpx:hr>100</gpxtpx:hr>
            <gpxtpx:cad>85</gpxtpx:cad>
          </gpxtpx:TrackPointExtension>
        </extensions>
      </trkpt>
      <trkpt lat="43.312029" lon="-1.895301">
        <ele>8.2</ele>
        <time>2026-09-06T11:18:27Z</time>
        <extensions>
          <power>152</power>
          <gpxtpx:TrackPointExtension>
            <gpxtpx:hr>100</gpxtpx:hr>
            <gpxtpx:cad>85</gpxtpx:cad>
          </gpxtpx:TrackPointExtension>
        </extensions>
      </trkpt>
      <trkpt lat="43.312029" lon="-1.895301">
        <ele>8.2</ele>
        <time>2026-09-06T11:18:28Z</time>
        <extensions>
          <power>150</power>
          <gpxtpx:TrackPointExtension>
            <gpxtpx:hr>100</gpxtpx:hr>
            <gpxtpx:cad>87</gpxtpx:cad>
          </gpxtpx:TrackPointExtension>
        </extensions>
      </trkpt>
      <trkpt lat="43.312029" lon="-1.895301">
        <ele>8.2</ele>
        <time>2026-09-06T11:18:29Z</time>
        <extensions>
          <power>160</power>
          <gpxtpx:TrackPointExtension>
            <gpxtpx:hr>100</gpxtpx:hr>
            <gpxtpx:cad>85</gpxtpx:cad>
          </gpxtpx:TrackPointExtension>
        </extensions>
      </trkpt>
      <trkpt lat="43.312029" lon="-1.895301">
        <ele>8.2</ele>
        <time>2026-09-06T11:18:30Z</time>
        <extensions>
          <power>146</power>
          <gpxtpx:TrackPointExtension>
            <gpxtpx:hr>100</gpxtpx:hr>
            <gpxtpx:cad>85</gpxtpx:cad>
          </gpxtpx:TrackPointExtension>
        </extensions>
      </trkpt>
      <trkpt lat="43.311943" lon="-1.895161">
        <ele>8.6</ele>
        <time>2026-09-06T11:18:31Z</time>
        <extensions>
          <power>151</power>
          <gpxtpx:TrackPointExtension>
            <gpxtpx:hr>100</gpxtpx:hr>
            <gpxtpx:cad>85</gpxtpx:cad>
          </gpxtpx:TrackPointExtension>
        </extensions>
      </trkpt>
      <trkpt lat="43.311943" lon="-1.895161">
        <ele>8.6</ele>
        <time>2026-09-06T11:18:32Z</time>
        <extensions>
          <power>147</power>
          <gpxtpx:TrackPointExtension>
            <gpxtpx:hr>100</gpxtpx:hr>
            <gpxtpx:cad>85</gpxtpx:cad>
          </gpxtpx:TrackPointExtension>
        </extensions>
      </trkpt>
      <trkpt lat="43.311827" lon="-1.895041">
        <ele>8.8</ele>
        <time>2026-09-06T11:18:33Z</time>
        <extensions>
          <power>169</power>
          <gpxtpx:TrackPointExtension>
            <gpxtpx:hr>100</gpxtpx:hr>
            <gpxtpx:cad>86</gpxtpx:cad>
          </gpxtpx:TrackPointExtension>
        </extensions>
      </trkpt>
      <trkpt lat="43.311827" lon="-1.895041">
        <ele>8.8</ele>
        <time>2026-09-06T11:18:34Z</time>
        <extensions>
          <power>208</power>
          <gpxtpx:TrackPointExtension>
            <gpxtpx:hr>100</gpxtpx:hr>
            <gpxtpx:cad>86</gpxtpx:cad>
          </gpxtpx:TrackPointExtension>
        </extensions>
      </trkpt>
      <trkpt lat="43.311757" lon="-1.895014">
        <ele>8.8</ele>
        <time>2026-09-06T11:18:35Z</time>
        <extensions>
          <power>198</power>
          <gpxtpx:TrackPointExtension>
            <gpxtpx:hr>101</gpxtpx:hr>
            <gpxtpx:cad>86</gpxtpx:cad>
          </gpxtpx:TrackPointExtension>
        </extensions>
      </trkpt>
      <trkpt lat="43.311592" lon="-1.894958">
        <ele>8.8</ele>
        <time>2026-09-06T11:18:36Z</time>
        <extensions>
          <power>149</power>
          <gpxtpx:TrackPointExtension>
            <gpxtpx:hr>101</gpxtpx:hr>
            <gpxtpx:cad>84</gpxtpx:cad>
          </gpxtpx:TrackPointExtension>
        </extensions>
      </trkpt>
      <trkpt lat="43.311592" lon="-1.894958">
        <ele>8.8</ele>
        <time>2026-09-06T11:18:37Z</time>
        <extensions>
          <power>145</power>
          <gpxtpx:TrackPointExtension>
            <gpxtpx:hr>101</gpxtpx:hr>
            <gpxtpx:cad>85</gpxtpx:cad>
          </gpxtpx:TrackPointExtension>
        </extensions>
      </trkpt>
      <trkpt lat="43.311573" lon="-1.894810">
        <ele>8.6</ele>
        <time>2026-09-06T11:18:38Z</time>
        <extensions>
          <power>154</power>
          <gpxtpx:TrackPointExtension>
            <gpxtpx:hr>101</gpxtpx:hr>
            <gpxtpx:cad>87</gpxtpx:cad>
          </gpxtpx:TrackPointExtension>
        </extensions>
      </trkpt>
      <trkpt lat="43.311573" lon="-1.894810">
        <ele>8.6</ele>
        <time>2026-09-06T11:18:39Z</time>
        <extensions>
          <power>131</power>
          <gpxtpx:TrackPointExtension>
            <gpxtpx:hr>102</gpxtpx:hr>
            <gpxtpx:cad>85</gpxtpx:cad>
          </gpxtpx:TrackPointExtension>
        </extensions>
      </trkpt>
      <trkpt lat="43.311623" lon="-1.894600">
        <ele>9.2</ele>
        <time>2026-09-06T11:18:40Z</time>
        <extensions>
          <power>120</power>
          <gpxtpx:TrackPointExtension>
            <gpxtpx:hr>102</gpxtpx:hr>
            <gpxtpx:cad>85</gpxtpx:cad>
          </gpxtpx:TrackPointExtension>
        </extensions>
      </trkpt>
      <trkpt lat="43.311623" lon="-1.894600">
        <ele>9.2</ele>
        <time>2026-09-06T11:18:41Z</time>
        <extensions>
          <power>121</power>
          <gpxtpx:TrackPointExtension>
            <gpxtpx:hr>101</gpxtpx:hr>
            <gpxtpx:cad>85</gpxtpx:cad>
          </gpxtpx:TrackPointExtension>
        </extensions>
      </trkpt>
      <trkpt lat="43.311590" lon="-1.894367">
        <ele>9.0</ele>
        <time>2026-09-06T11:18:42Z</time>
        <extensions>
          <power>138</power>
          <gpxtpx:TrackPointExtension>
            <gpxtpx:hr>101</gpxtpx:hr>
            <gpxtpx:cad>89</gpxtpx:cad>
          </gpxtpx:TrackPointExtension>
        </extensions>
      </trkpt>
      <trkpt lat="43.311590" lon="-1.894367">
        <ele>9.0</ele>
        <time>2026-09-06T11:18:43Z</time>
        <extensions>
          <power>178</power>
          <gpxtpx:TrackPointExtension>
            <gpxtpx:hr>101</gpxtpx:hr>
            <gpxtpx:cad>90</gpxtpx:cad>
          </gpxtpx:TrackPointExtension>
        </extensions>
      </trkpt>
      <trkpt lat="43.311590" lon="-1.894367">
        <ele>9.0</ele>
        <time>2026-09-06T11:18:44Z</time>
        <extensions>
          <power>164</power>
          <gpxtpx:TrackPointExtension>
            <gpxtpx:hr>101</gpxtpx:hr>
            <gpxtpx:cad>86</gpxtpx:cad>
          </gpxtpx:TrackPointExtension>
        </extensions>
      </trkpt>
      <trkpt lat="43.311461" lon="-1.893855">
        <ele>7.8</ele>
        <time>2026-09-06T11:18:45Z</time>
        <extensions>
          <power>124</power>
          <gpxtpx:TrackPointExtension>
            <gpxtpx:hr>101</gpxtpx:hr>
            <gpxtpx:cad>84</gpxtpx:cad>
          </gpxtpx:TrackPointExtension>
        </extensions>
      </trkpt>
      <trkpt lat="43.311461" lon="-1.893855">
        <ele>7.8</ele>
        <time>2026-09-06T11:18:46Z</time>
        <extensions>
          <power>130</power>
          <gpxtpx:TrackPointExtension>
            <gpxtpx:hr>101</gpxtpx:hr>
            <gpxtpx:cad>84</gpxtpx:cad>
          </gpxtpx:TrackPointExtension>
        </extensions>
      </trkpt>
      <trkpt lat="43.311461" lon="-1.893855">
        <ele>7.8</ele>
        <time>2026-09-06T11:18:47Z</time>
        <extensions>
          <power>126</power>
          <gpxtpx:TrackPointExtension>
            <gpxtpx:hr>100</gpxtpx:hr>
            <gpxtpx:cad>89</gpxtpx:cad>
          </gpxtpx:TrackPointExtension>
        </extensions>
      </trkpt>
      <trkpt lat="43.311461" lon="-1.893855">
        <ele>7.8</ele>
        <time>2026-09-06T11:18:48Z</time>
        <extensions>
          <power>132</power>
          <gpxtpx:TrackPointExtension>
            <gpxtpx:hr>100</gpxtpx:hr>
            <gpxtpx:cad>91</gpxtpx:cad>
          </gpxtpx:TrackPointExtension>
        </extensions>
      </trkpt>
      <trkpt lat="43.311461" lon="-1.893855">
        <ele>7.8</ele>
        <time>2026-09-06T11:18:49Z</time>
        <extensions>
          <power>127</power>
          <gpxtpx:TrackPointExtension>
            <gpxtpx:hr>100</gpxtpx:hr>
            <gpxtpx:cad>92</gpxtpx:cad>
          </gpxtpx:TrackPointExtension>
        </extensions>
      </trkpt>
      <trkpt lat="43.311436" lon="-1.893765">
        <ele>7.6</ele>
        <time>2026-09-06T11:18:50Z</time>
        <extensions>
          <power>119</power>
          <gpxtpx:TrackPointExtension>
            <gpxtpx:hr>100</gpxtpx:hr>
            <gpxtpx:cad>92</gpxtpx:cad>
          </gpxtpx:TrackPointExtension>
        </extensions>
      </trkpt>
      <trkpt lat="43.311419" lon="-1.893673">
        <ele>7.6</ele>
        <time>2026-09-06T11:18:51Z</time>
        <extensions>
          <power>108</power>
          <gpxtpx:TrackPointExtension>
            <gpxtpx:hr>99</gpxtpx:hr>
            <gpxtpx:cad>92</gpxtpx:cad>
          </gpxtpx:TrackPointExtension>
        </extensions>
      </trkpt>
      <trkpt lat="43.311324" lon="-1.893230">
        <ele>7.4</ele>
        <time>2026-09-06T11:18:52Z</time>
        <extensions>
          <power>97</power>
          <gpxtpx:TrackPointExtension>
            <gpxtpx:hr>99</gpxtpx:hr>
            <gpxtpx:cad>93</gpxtpx:cad>
          </gpxtpx:TrackPointExtension>
        </extensions>
      </trkpt>
      <trkpt lat="43.311324" lon="-1.893230">
        <ele>7.4</ele>
        <time>2026-09-06T11:18:53Z</time>
        <extensions>
          <power>98</power>
          <gpxtpx:TrackPointExtension>
            <gpxtpx:hr>99</gpxtpx:hr>
            <gpxtpx:cad>92</gpxtpx:cad>
          </gpxtpx:TrackPointExtension>
        </extensions>
      </trkpt>
      <trkpt lat="43.311324" lon="-1.893230">
        <ele>7.4</ele>
        <time>2026-09-06T11:18:54Z</time>
        <extensions>
          <power>103</power>
          <gpxtpx:TrackPointExtension>
            <gpxtpx:hr>99</gpxtpx:hr>
            <gpxtpx:cad>93</gpxtpx:cad>
          </gpxtpx:TrackPointExtension>
        </extensions>
      </trkpt>
      <trkpt lat="43.311324" lon="-1.893230">
        <ele>7.4</ele>
        <time>2026-09-06T11:18:55Z</time>
        <extensions>
          <power>85</power>
          <gpxtpx:TrackPointExtension>
            <gpxtpx:hr>99</gpxtpx:hr>
            <gpxtpx:cad>89</gpxtpx:cad>
          </gpxtpx:TrackPointExtension>
        </extensions>
      </trkpt>
      <trkpt lat="43.311179" lon="-1.892609">
        <ele>7.0</ele>
        <time>2026-09-06T11:18:56Z</time>
        <extensions>
          <power>102</power>
          <gpxtpx:TrackPointExtension>
            <gpxtpx:hr>99</gpxtpx:hr>
            <gpxtpx:cad>91</gpxtpx:cad>
          </gpxtpx:TrackPointExtension>
        </extensions>
      </trkpt>
      <trkpt lat="43.311179" lon="-1.892609">
        <ele>7.0</ele>
        <time>2026-09-06T11:18:57Z</time>
        <extensions>
          <power>98</power>
          <gpxtpx:TrackPointExtension>
            <gpxtpx:hr>99</gpxtpx:hr>
            <gpxtpx:cad>90</gpxtpx:cad>
          </gpxtpx:TrackPointExtension>
        </extensions>
      </trkpt>
      <trkpt lat="43.311179" lon="-1.892609">
        <ele>7.0</ele>
        <time>2026-09-06T11:18:58Z</time>
        <extensions>
          <power>107</power>
          <gpxtpx:TrackPointExtension>
            <gpxtpx:hr>98</gpxtpx:hr>
            <gpxtpx:cad>90</gpxtpx:cad>
          </gpxtpx:TrackPointExtension>
        </extensions>
      </trkpt>
      <trkpt lat="43.311179" lon="-1.892609">
        <ele>7.0</ele>
        <time>2026-09-06T11:18:59Z</time>
        <extensions>
          <power>116</power>
          <gpxtpx:TrackPointExtension>
            <gpxtpx:hr>99</gpxtpx:hr>
            <gpxtpx:cad>91</gpxtpx:cad>
          </gpxtpx:TrackPointExtension>
        </extensions>
      </trkpt>
      <trkpt lat="43.311179" lon="-1.892609">
        <ele>7.0</ele>
        <time>2026-09-06T11:19:00Z</time>
        <extensions>
          <power>110</power>
          <gpxtpx:TrackPointExtension>
            <gpxtpx:hr>99</gpxtpx:hr>
            <gpxtpx:cad>90</gpxtpx:cad>
          </gpxtpx:TrackPointExtension>
        </extensions>
      </trkpt>
      <trkpt lat="43.311179" lon="-1.892609">
        <ele>7.0</ele>
        <time>2026-09-06T11:19:01Z</time>
        <extensions>
          <power>109</power>
          <gpxtpx:TrackPointExtension>
            <gpxtpx:hr>99</gpxtpx:hr>
            <gpxtpx:cad>90</gpxtpx:cad>
          </gpxtpx:TrackPointExtension>
        </extensions>
      </trkpt>
      <trkpt lat="43.311179" lon="-1.892609">
        <ele>7.0</ele>
        <time>2026-09-06T11:19:02Z</time>
        <extensions>
          <power>96</power>
          <gpxtpx:TrackPointExtension>
            <gpxtpx:hr>98</gpxtpx:hr>
            <gpxtpx:cad>90</gpxtpx:cad>
          </gpxtpx:TrackPointExtension>
        </extensions>
      </trkpt>
      <trkpt lat="43.310946" lon="-1.891871">
        <ele>7.6</ele>
        <time>2026-09-06T11:19:03Z</time>
        <extensions>
          <power>96</power>
          <gpxtpx:TrackPointExtension>
            <gpxtpx:hr>98</gpxtpx:hr>
            <gpxtpx:cad>90</gpxtpx:cad>
          </gpxtpx:TrackPointExtension>
        </extensions>
      </trkpt>
      <trkpt lat="43.310946" lon="-1.891871">
        <ele>7.6</ele>
        <time>2026-09-06T11:19:04Z</time>
        <extensions>
          <power>110</power>
          <gpxtpx:TrackPointExtension>
            <gpxtpx:hr>99</gpxtpx:hr>
            <gpxtpx:cad>89</gpxtpx:cad>
          </gpxtpx:TrackPointExtension>
        </extensions>
      </trkpt>
      <trkpt lat="43.310946" lon="-1.891871">
        <ele>7.6</ele>
        <time>2026-09-06T11:19:05Z</time>
        <extensions>
          <power>114</power>
          <gpxtpx:TrackPointExtension>
            <gpxtpx:hr>99</gpxtpx:hr>
            <gpxtpx:cad>89</gpxtpx:cad>
          </gpxtpx:TrackPointExtension>
        </extensions>
      </trkpt>
      <trkpt lat="43.310946" lon="-1.891871">
        <ele>7.6</ele>
        <time>2026-09-06T11:19:06Z</time>
        <extensions>
          <power>124</power>
          <gpxtpx:TrackPointExtension>
            <gpxtpx:hr>99</gpxtpx:hr>
            <gpxtpx:cad>92</gpxtpx:cad>
          </gpxtpx:TrackPointExtension>
        </extensions>
      </trkpt>
      <trkpt lat="43.310946" lon="-1.891871">
        <ele>7.6</ele>
        <time>2026-09-06T11:19:07Z</time>
        <extensions>
          <power>182</power>
          <gpxtpx:TrackPointExtension>
            <gpxtpx:hr>99</gpxtpx:hr>
            <gpxtpx:cad>90</gpxtpx:cad>
          </gpxtpx:TrackPointExtension>
        </extensions>
      </trkpt>
      <trkpt lat="43.310946" lon="-1.891871">
        <ele>7.6</ele>
        <time>2026-09-06T11:19:08Z</time>
        <extensions>
          <power>163</power>
          <gpxtpx:TrackPointExtension>
            <gpxtpx:hr>100</gpxtpx:hr>
            <gpxtpx:cad>84</gpxtpx:cad>
          </gpxtpx:TrackPointExtension>
        </extensions>
      </trkpt>
      <trkpt lat="43.310946" lon="-1.891871">
        <ele>7.6</ele>
        <time>2026-09-06T11:19:09Z</time>
        <extensions>
          <power>165</power>
          <gpxtpx:TrackPointExtension>
            <gpxtpx:hr>100</gpxtpx:hr>
            <gpxtpx:cad>84</gpxtpx:cad>
          </gpxtpx:TrackPointExtension>
        </extensions>
      </trkpt>
      <trkpt lat="43.310946" lon="-1.891871">
        <ele>7.6</ele>
        <time>2026-09-06T11:19:10Z</time>
        <extensions>
          <power>162</power>
          <gpxtpx:TrackPointExtension>
            <gpxtpx:hr>100</gpxtpx:hr>
            <gpxtpx:cad>85</gpxtpx:cad>
          </gpxtpx:TrackPointExtension>
        </extensions>
      </trkpt>
      <trkpt lat="43.310923" lon="-1.891783">
        <ele>7.6</ele>
        <time>2026-09-06T11:19:11Z</time>
        <extensions>
          <power>179</power>
          <gpxtpx:TrackPointExtension>
            <gpxtpx:hr>100</gpxtpx:hr>
            <gpxtpx:cad>85</gpxtpx:cad>
          </gpxtpx:TrackPointExtension>
        </extensions>
      </trkpt>
      <trkpt lat="43.310790" lon="-1.891267">
        <ele>8.0</ele>
        <time>2026-09-06T11:19:12Z</time>
        <extensions>
          <power>166</power>
          <gpxtpx:TrackPointExtension>
            <gpxtpx:hr>100</gpxtpx:hr>
            <gpxtpx:cad>84</gpxtpx:cad>
          </gpxtpx:TrackPointExtension>
        </extensions>
      </trkpt>
      <trkpt lat="43.310790" lon="-1.891267">
        <ele>8.0</ele>
        <time>2026-09-06T11:19:13Z</time>
        <extensions>
          <power>161</power>
          <gpxtpx:TrackPointExtension>
            <gpxtpx:hr>100</gpxtpx:hr>
            <gpxtpx:cad>84</gpxtpx:cad>
          </gpxtpx:TrackPointExtension>
        </extensions>
      </trkpt>
      <trkpt lat="43.310790" lon="-1.891267">
        <ele>8.0</ele>
        <time>2026-09-06T11:19:14Z</time>
        <extensions>
          <power>147</power>
          <gpxtpx:TrackPointExtension>
            <gpxtpx:hr>101</gpxtpx:hr>
            <gpxtpx:cad>84</gpxtpx:cad>
          </gpxtpx:TrackPointExtension>
        </extensions>
      </trkpt>
      <trkpt lat="43.310790" lon="-1.891267">
        <ele>8.0</ele>
        <time>2026-09-06T11:19:15Z</time>
        <extensions>
          <power>154</power>
          <gpxtpx:TrackPointExtension>
            <gpxtpx:hr>101</gpxtpx:hr>
            <gpxtpx:cad>84</gpxtpx:cad>
          </gpxtpx:TrackPointExtension>
        </extensions>
      </trkpt>
      <trkpt lat="43.310790" lon="-1.891267">
        <ele>8.0</ele>
        <time>2026-09-06T11:19:16Z</time>
        <extensions>
          <power>175</power>
          <gpxtpx:TrackPointExtension>
            <gpxtpx:hr>101</gpxtpx:hr>
            <gpxtpx:cad>85</gpxtpx:cad>
          </gpxtpx:TrackPointExtension>
        </extensions>
      </trkpt>
      <trkpt lat="43.310790" lon="-1.891267">
        <ele>8.0</ele>
        <time>2026-09-06T11:19:17Z</time>
        <extensions>
          <power>171</power>
          <gpxtpx:TrackPointExtension>
            <gpxtpx:hr>101</gpxtpx:hr>
            <gpxtpx:cad>85</gpxtpx:cad>
          </gpxtpx:TrackPointExtension>
        </extensions>
      </trkpt>
      <trkpt lat="43.310708" lon="-1.890932">
        <ele>8.2</ele>
        <time>2026-09-06T11:19:18Z</time>
        <extensions>
          <power>175</power>
          <gpxtpx:TrackPointExtension>
            <gpxtpx:hr>101</gpxtpx:hr>
            <gpxtpx:cad>85</gpxtpx:cad>
          </gpxtpx:TrackPointExtension>
        </extensions>
      </trkpt>
      <trkpt lat="43.310708" lon="-1.890932">
        <ele>8.2</ele>
        <time>2026-09-06T11:19:19Z</time>
        <extensions>
          <power>163</power>
          <gpxtpx:TrackPointExtension>
            <gpxtpx:hr>101</gpxtpx:hr>
            <gpxtpx:cad>84</gpxtpx:cad>
          </gpxtpx:TrackPointExtension>
        </extensions>
      </trkpt>
      <trkpt lat="43.310708" lon="-1.890932">
        <ele>8.2</ele>
        <time>2026-09-06T11:19:20Z</time>
        <extensions>
          <power>160</power>
          <gpxtpx:TrackPointExtension>
            <gpxtpx:hr>101</gpxtpx:hr>
            <gpxtpx:cad>84</gpxtpx:cad>
          </gpxtpx:TrackPointExtension>
        </extensions>
      </trkpt>
      <trkpt lat="43.310633" lon="-1.890601">
        <ele>8.6</ele>
        <time>2026-09-06T11:19:21Z</time>
        <extensions>
          <power>142</power>
          <gpxtpx:TrackPointExtension>
            <gpxtpx:hr>101</gpxtpx:hr>
            <gpxtpx:cad>86</gpxtpx:cad>
          </gpxtpx:TrackPointExtension>
        </extensions>
      </trkpt>
      <trkpt lat="43.310633" lon="-1.890601">
        <ele>8.6</ele>
        <time>2026-09-06T11:19:22Z</time>
        <extensions>
          <power>180</power>
          <gpxtpx:TrackPointExtension>
            <gpxtpx:hr>101</gpxtpx:hr>
            <gpxtpx:cad>86</gpxtpx:cad>
          </gpxtpx:TrackPointExtension>
        </extensions>
      </trkpt>
      <trkpt lat="43.310633" lon="-1.890601">
        <ele>8.6</ele>
        <time>2026-09-06T11:19:23Z</time>
        <extensions>
          <power>160</power>
          <gpxtpx:TrackPointExtension>
            <gpxtpx:hr>100</gpxtpx:hr>
            <gpxtpx:cad>85</gpxtpx:cad>
          </gpxtpx:TrackPointExtension>
        </extensions>
      </trkpt>
      <trkpt lat="43.310633" lon="-1.890601">
        <ele>8.6</ele>
        <time>2026-09-06T11:19:24Z</time>
        <extensions>
          <power>182</power>
          <gpxtpx:TrackPointExtension>
            <gpxtpx:hr>100</gpxtpx:hr>
            <gpxtpx:cad>85</gpxtpx:cad>
          </gpxtpx:TrackPointExtension>
        </extensions>
      </trkpt>
      <trkpt lat="43.310598" lon="-1.890433">
        <ele>8.8</ele>
        <time>2026-09-06T11:19:25Z</time>
        <extensions>
          <power>201</power>
          <gpxtpx:TrackPointExtension>
            <gpxtpx:hr>100</gpxtpx:hr>
            <gpxtpx:cad>84</gpxtpx:cad>
          </gpxtpx:TrackPointExtension>
        </extensions>
      </trkpt>
      <trkpt lat="43.310598" lon="-1.890433">
        <ele>8.8</ele>
        <time>2026-09-06T11:19:26Z</time>
        <extensions>
          <power>192</power>
          <gpxtpx:TrackPointExtension>
            <gpxtpx:hr>100</gpxtpx:hr>
            <gpxtpx:cad>82</gpxtpx:cad>
          </gpxtpx:TrackPointExtension>
        </extensions>
      </trkpt>
      <trkpt lat="43.310589" lon="-1.890340">
        <ele>8.8</ele>
        <time>2026-09-06T11:19:27Z</time>
        <extensions>
          <power>177</power>
          <gpxtpx:TrackPointExtension>
            <gpxtpx:hr>100</gpxtpx:hr>
            <gpxtpx:cad>83</gpxtpx:cad>
          </gpxtpx:TrackPointExtension>
        </extensions>
      </trkpt>
      <trkpt lat="43.310558" lon="-1.890077">
        <ele>9.2</ele>
        <time>2026-09-06T11:19:28Z</time>
        <extensions>
          <power>191</power>
          <gpxtpx:TrackPointExtension>
            <gpxtpx:hr>100</gpxtpx:hr>
            <gpxtpx:cad>83</gpxtpx:cad>
          </gpxtpx:TrackPointExtension>
        </extensions>
      </trkpt>
      <trkpt lat="43.310558" lon="-1.890077">
        <ele>9.2</ele>
        <time>2026-09-06T11:19:29Z</time>
        <extensions>
          <power>178</power>
          <gpxtpx:TrackPointExtension>
            <gpxtpx:hr>100</gpxtpx:hr>
            <gpxtpx:cad>82</gpxtpx:cad>
          </gpxtpx:TrackPointExtension>
        </extensions>
      </trkpt>
      <trkpt lat="43.310558" lon="-1.890077">
        <ele>9.2</ele>
        <time>2026-09-06T11:19:30Z</time>
        <extensions>
          <power>181</power>
          <gpxtpx:TrackPointExtension>
            <gpxtpx:hr>101</gpxtpx:hr>
            <gpxtpx:cad>82</gpxtpx:cad>
          </gpxtpx:TrackPointExtension>
        </extensions>
      </trkpt>
      <trkpt lat="43.310529" lon="-1.890000">
        <ele>9.2</ele>
        <time>2026-09-06T11:19:31Z</time>
        <extensions>
          <power>181</power>
          <gpxtpx:TrackPointExtension>
            <gpxtpx:hr>101</gpxtpx:hr>
            <gpxtpx:cad>84</gpxtpx:cad>
          </gpxtpx:TrackPointExtension>
        </extensions>
      </trkpt>
      <trkpt lat="43.310460" lon="-1.889848">
        <ele>9.0</ele>
        <time>2026-09-06T11:19:32Z</time>
        <extensions>
          <power>236</power>
          <gpxtpx:TrackPointExtension>
            <gpxtpx:hr>101</gpxtpx:hr>
            <gpxtpx:cad>82</gpxtpx:cad>
          </gpxtpx:TrackPointExtension>
        </extensions>
      </trkpt>
      <trkpt lat="43.310460" lon="-1.889848">
        <ele>9.0</ele>
        <time>2026-09-06T11:19:33Z</time>
        <extensions>
          <power>213</power>
          <gpxtpx:TrackPointExtension>
            <gpxtpx:hr>101</gpxtpx:hr>
            <gpxtpx:cad>83</gpxtpx:cad>
          </gpxtpx:TrackPointExtension>
        </extensions>
      </trkpt>
      <trkpt lat="43.310502" lon="-1.889598">
        <ele>9.6</ele>
        <time>2026-09-06T11:19:34Z</time>
        <extensions>
          <power>183</power>
          <gpxtpx:TrackPointExtension>
            <gpxtpx:hr>102</gpxtpx:hr>
            <gpxtpx:cad>82</gpxtpx:cad>
          </gpxtpx:TrackPointExtension>
        </extensions>
      </trkpt>
      <trkpt lat="43.310502" lon="-1.889598">
        <ele>9.6</ele>
        <time>2026-09-06T11:19:35Z</time>
        <extensions>
          <power>135</power>
          <gpxtpx:TrackPointExtension>
            <gpxtpx:hr>102</gpxtpx:hr>
            <gpxtpx:cad>82</gpxtpx:cad>
          </gpxtpx:TrackPointExtension>
        </extensions>
      </trkpt>
      <trkpt lat="43.310561" lon="-1.889349">
        <ele>9.8</ele>
        <time>2026-09-06T11:19:36Z</time>
        <extensions>
          <power>146</power>
          <gpxtpx:TrackPointExtension>
            <gpxtpx:hr>102</gpxtpx:hr>
            <gpxtpx:cad>88</gpxtpx:cad>
          </gpxtpx:TrackPointExtension>
        </extensions>
      </trkpt>
      <trkpt lat="43.310561" lon="-1.889349">
        <ele>9.8</ele>
        <time>2026-09-06T11:19:37Z</time>
        <extensions>
          <power>213</power>
          <gpxtpx:TrackPointExtension>
            <gpxtpx:hr>102</gpxtpx:hr>
            <gpxtpx:cad>87</gpxtpx:cad>
          </gpxtpx:TrackPointExtension>
        </extensions>
      </trkpt>
      <trkpt lat="43.310561" lon="-1.889349">
        <ele>9.8</ele>
        <time>2026-09-06T11:19:38Z</time>
        <extensions>
          <power>227</power>
          <gpxtpx:TrackPointExtension>
            <gpxtpx:hr>103</gpxtpx:hr>
            <gpxtpx:cad>82</gpxtpx:cad>
          </gpxtpx:TrackPointExtension>
        </extensions>
      </trkpt>
      <trkpt lat="43.310563" lon="-1.889267">
        <ele>10.0</ele>
        <time>2026-09-06T11:19:39Z</time>
        <extensions>
          <power>231</power>
          <gpxtpx:TrackPointExtension>
            <gpxtpx:hr>103</gpxtpx:hr>
            <gpxtpx:cad>82</gpxtpx:cad>
          </gpxtpx:TrackPointExtension>
        </extensions>
      </trkpt>
      <trkpt lat="43.310565" lon="-1.889181">
        <ele>10.2</ele>
        <time>2026-09-06T11:19:40Z</time>
        <extensions>
          <power>204</power>
          <gpxtpx:TrackPointExtension>
            <gpxtpx:hr>103</gpxtpx:hr>
            <gpxtpx:cad>82</gpxtpx:cad>
          </gpxtpx:TrackPointExtension>
        </extensions>
      </trkpt>
      <trkpt lat="43.310585" lon="-1.888747">
        <ele>11.0</ele>
        <time>2026-09-06T11:19:41Z</time>
        <extensions>
          <power>156</power>
          <gpxtpx:TrackPointExtension>
            <gpxtpx:hr>103</gpxtpx:hr>
            <gpxtpx:cad>85</gpxtpx:cad>
          </gpxtpx:TrackPointExtension>
        </extensions>
      </trkpt>
      <trkpt lat="43.310585" lon="-1.888747">
        <ele>11.0</ele>
        <time>2026-09-06T11:19:42Z</time>
        <extensions>
          <power>245</power>
          <gpxtpx:TrackPointExtension>
            <gpxtpx:hr>103</gpxtpx:hr>
            <gpxtpx:cad>85</gpxtpx:cad>
          </gpxtpx:TrackPointExtension>
        </extensions>
      </trkpt>
      <trkpt lat="43.310585" lon="-1.888747">
        <ele>11.0</ele>
        <time>2026-09-06T11:19:43Z</time>
        <extensions>
          <power>264</power>
          <gpxtpx:TrackPointExtension>
            <gpxtpx:hr>104</gpxtpx:hr>
            <gpxtpx:cad>83</gpxtpx:cad>
          </gpxtpx:TrackPointExtension>
        </extensions>
      </trkpt>
      <trkpt lat="43.310585" lon="-1.888747">
        <ele>11.0</ele>
        <time>2026-09-06T11:19:44Z</time>
        <extensions>
          <power>245</power>
          <gpxtpx:TrackPointExtension>
            <gpxtpx:hr>104</gpxtpx:hr>
            <gpxtpx:cad>82</gpxtpx:cad>
          </gpxtpx:TrackPointExtension>
        </extensions>
      </trkpt>
      <trkpt lat="43.310585" lon="-1.888747">
        <ele>11.0</ele>
        <time>2026-09-06T11:19:45Z</time>
        <extensions>
          <power>228</power>
          <gpxtpx:TrackPointExtension>
            <gpxtpx:hr>104</gpxtpx:hr>
            <gpxtpx:cad>83</gpxtpx:cad>
          </gpxtpx:TrackPointExtension>
        </extensions>
      </trkpt>
      <trkpt lat="43.310601" lon="-1.888579">
        <ele>11.2</ele>
        <time>2026-09-06T11:19:46Z</time>
        <extensions>
          <power>234</power>
          <gpxtpx:TrackPointExtension>
            <gpxtpx:hr>104</gpxtpx:hr>
            <gpxtpx:cad>83</gpxtpx:cad>
          </gpxtpx:TrackPointExtension>
        </extensions>
      </trkpt>
      <trkpt lat="43.310601" lon="-1.888579">
        <ele>11.2</ele>
        <time>2026-09-06T11:19:47Z</time>
        <extensions>
          <power>212</power>
          <gpxtpx:TrackPointExtension>
            <gpxtpx:hr>105</gpxtpx:hr>
            <gpxtpx:cad>82</gpxtpx:cad>
          </gpxtpx:TrackPointExtension>
        </extensions>
      </trkpt>
      <trkpt lat="43.310673" lon="-1.888000">
        <ele>11.6</ele>
        <time>2026-09-06T11:19:48Z</time>
        <extensions>
          <power>209</power>
          <gpxtpx:TrackPointExtension>
            <gpxtpx:hr>105</gpxtpx:hr>
            <gpxtpx:cad>82</gpxtpx:cad>
          </gpxtpx:TrackPointExtension>
        </extensions>
      </trkpt>
      <trkpt lat="43.310673" lon="-1.888000">
        <ele>11.6</ele>
        <time>2026-09-06T11:19:49Z</time>
        <extensions>
          <power>197</power>
          <gpxtpx:TrackPointExtension>
            <gpxtpx:hr>105</gpxtpx:hr>
            <gpxtpx:cad>83</gpxtpx:cad>
          </gpxtpx:TrackPointExtension>
        </extensions>
      </trkpt>
      <trkpt lat="43.310673" lon="-1.888000">
        <ele>11.6</ele>
        <time>2026-09-06T11:19:50Z</time>
        <extensions>
          <power>161</power>
          <gpxtpx:TrackPointExtension>
            <gpxtpx:hr>106</gpxtpx:hr>
            <gpxtpx:cad>83</gpxtpx:cad>
          </gpxtpx:TrackPointExtension>
        </extensions>
      </trkpt>
      <trkpt lat="43.310673" lon="-1.888000">
        <ele>11.6</ele>
        <time>2026-09-06T11:19:51Z</time>
        <extensions>
          <power>149</power>
          <gpxtpx:TrackPointExtension>
            <gpxtpx:hr>106</gpxtpx:hr>
            <gpxtpx:cad>84</gpxtpx:cad>
          </gpxtpx:TrackPointExtension>
        </extensions>
      </trkpt>
      <trkpt lat="43.310673" lon="-1.888000">
        <ele>11.6</ele>
        <time>2026-09-06T11:19:52Z</time>
        <extensions>
          <power>151</power>
          <gpxtpx:TrackPointExtension>
            <gpxtpx:hr>106</gpxtpx:hr>
            <gpxtpx:cad>85</gpxtpx:cad>
          </gpxtpx:TrackPointExtension>
        </extensions>
      </trkpt>
      <trkpt lat="43.310673" lon="-1.888000">
        <ele>11.6</ele>
        <time>2026-09-06T11:19:53Z</time>
        <extensions>
          <power>165</power>
          <gpxtpx:TrackPointExtension>
            <gpxtpx:hr>107</gpxtpx:hr>
            <gpxtpx:cad>84</gpxtpx:cad>
          </gpxtpx:TrackPointExtension>
        </extensions>
      </trkpt>
      <trkpt lat="43.310680" lon="-1.887919">
        <ele>11.6</ele>
        <time>2026-09-06T11:19:54Z</time>
        <extensions>
          <power>163</power>
          <gpxtpx:TrackPointExtension>
            <gpxtpx:hr>107</gpxtpx:hr>
            <gpxtpx:cad>82</gpxtpx:cad>
          </gpxtpx:TrackPointExtension>
        </extensions>
      </trkpt>
      <trkpt lat="43.310699" lon="-1.887505">
        <ele>11.2</ele>
        <time>2026-09-06T11:19:55Z</time>
        <extensions>
          <power>169</power>
          <gpxtpx:TrackPointExtension>
            <gpxtpx:hr>107</gpxtpx:hr>
            <gpxtpx:cad>85</gpxtpx:cad>
          </gpxtpx:TrackPointExtension>
        </extensions>
      </trkpt>
      <trkpt lat="43.310699" lon="-1.887505">
        <ele>11.2</ele>
        <time>2026-09-06T11:19:56Z</time>
        <extensions>
          <power>178</power>
          <gpxtpx:TrackPointExtension>
            <gpxtpx:hr>107</gpxtpx:hr>
            <gpxtpx:cad>85</gpxtpx:cad>
          </gpxtpx:TrackPointExtension>
        </extensions>
      </trkpt>
      <trkpt lat="43.310699" lon="-1.887505">
        <ele>11.2</ele>
        <time>2026-09-06T11:19:57Z</time>
        <extensions>
          <power>101</power>
          <gpxtpx:TrackPointExtension>
            <gpxtpx:hr>107</gpxtpx:hr>
            <gpxtpx:cad>85</gpxtpx:cad>
          </gpxtpx:TrackPointExtension>
        </extensions>
      </trkpt>
      <trkpt lat="43.310699" lon="-1.887505">
        <ele>11.2</ele>
        <time>2026-09-06T11:19:58Z</time>
        <extensions>
          <power>97</power>
          <gpxtpx:TrackPointExtension>
            <gpxtpx:hr>107</gpxtpx:hr>
            <gpxtpx:cad>86</gpxtpx:cad>
          </gpxtpx:TrackPointExtension>
        </extensions>
      </trkpt>
      <trkpt lat="43.310711" lon="-1.886953">
        <ele>11.0</ele>
        <time>2026-09-06T11:19:59Z</time>
        <extensions>
          <power>143</power>
          <gpxtpx:TrackPointExtension>
            <gpxtpx:hr>107</gpxtpx:hr>
            <gpxtpx:cad>86</gpxtpx:cad>
          </gpxtpx:TrackPointExtension>
        </extensions>
      </trkpt>
      <trkpt lat="43.310711" lon="-1.886953">
        <ele>11.0</ele>
        <time>2026-09-06T11:20:00Z</time>
        <extensions>
          <power>118</power>
          <gpxtpx:TrackPointExtension>
            <gpxtpx:hr>106</gpxtpx:hr>
            <gpxtpx:cad>87</gpxtpx:cad>
          </gpxtpx:TrackPointExtension>
        </extensions>
      </trkpt>
      <trkpt lat="43.310711" lon="-1.886953">
        <ele>11.0</ele>
        <time>2026-09-06T11:20:01Z</time>
        <extensions>
          <power>103</power>
          <gpxtpx:TrackPointExtension>
            <gpxtpx:hr>106</gpxtpx:hr>
            <gpxtpx:cad>90</gpxtpx:cad>
          </gpxtpx:TrackPointExtension>
        </extensions>
      </trkpt>
      <trkpt lat="43.310711" lon="-1.886953">
        <ele>11.0</ele>
        <time>2026-09-06T11:20:02Z</time>
        <extensions>
          <power>119</power>
          <gpxtpx:TrackPointExtension>
            <gpxtpx:hr>107</gpxtpx:hr>
            <gpxtpx:cad>92</gpxtpx:cad>
          </gpxtpx:TrackPointExtension>
        </extensions>
      </trkpt>
      <trkpt lat="43.310711" lon="-1.886953">
        <ele>11.0</ele>
        <time>2026-09-06T11:20:03Z</time>
        <extensions>
          <power>107</power>
          <gpxtpx:TrackPointExtension>
            <gpxtpx:hr>106</gpxtpx:hr>
            <gpxtpx:cad>90</gpxtpx:cad>
          </gpxtpx:TrackPointExtension>
        </extensions>
      </trkpt>
      <trkpt lat="43.310711" lon="-1.886953">
        <ele>11.0</ele>
        <time>2026-09-06T11:20:04Z</time>
        <extensions>
          <power>109</power>
          <gpxtpx:TrackPointExtension>
            <gpxtpx:hr>106</gpxtpx:hr>
            <gpxtpx:cad>88</gpxtpx:cad>
          </gpxtpx:TrackPointExtension>
        </extensions>
      </trkpt>
      <trkpt lat="43.310742" lon="-1.886388">
        <ele>10.8</ele>
        <time>2026-09-06T11:20:05Z</time>
        <extensions>
          <power>119</power>
          <gpxtpx:TrackPointExtension>
            <gpxtpx:hr>106</gpxtpx:hr>
            <gpxtpx:cad>89</gpxtpx:cad>
          </gpxtpx:TrackPointExtension>
        </extensions>
      </trkpt>
      <trkpt lat="43.310742" lon="-1.886388">
        <ele>10.8</ele>
        <time>2026-09-06T11:20:06Z</time>
        <extensions>
          <power>117</power>
          <gpxtpx:TrackPointExtension>
            <gpxtpx:hr>106</gpxtpx:hr>
            <gpxtpx:cad>88</gpxtpx:cad>
          </gpxtpx:TrackPointExtension>
        </extensions>
      </trkpt>
      <trkpt lat="43.310742" lon="-1.886388">
        <ele>10.8</ele>
        <time>2026-09-06T11:20:07Z</time>
        <extensions>
          <power>120</power>
          <gpxtpx:TrackPointExtension>
            <gpxtpx:hr>106</gpxtpx:hr>
            <gpxtpx:cad>88</gpxtpx:cad>
          </gpxtpx:TrackPointExtension>
        </extensions>
      </trkpt>
      <trkpt lat="43.310742" lon="-1.886388">
        <ele>10.8</ele>
        <time>2026-09-06T11:20:08Z</time>
        <extensions>
          <power>117</power>
          <gpxtpx:TrackPointExtension>
            <gpxtpx:hr>106</gpxtpx:hr>
            <gpxtpx:cad>88</gpxtpx:cad>
          </gpxtpx:TrackPointExtension>
        </extensions>
      </trkpt>
      <trkpt lat="43.310742" lon="-1.886388">
        <ele>10.8</ele>
        <time>2026-09-06T11:20:09Z</time>
        <extensions>
          <power>120</power>
          <gpxtpx:TrackPointExtension>
            <gpxtpx:hr>106</gpxtpx:hr>
            <gpxtpx:cad>87</gpxtpx:cad>
          </gpxtpx:TrackPointExtension>
        </extensions>
      </trkpt>
      <trkpt lat="43.310756" lon="-1.885910">
        <ele>10.2</ele>
        <time>2026-09-06T11:20:10Z</time>
        <extensions>
          <power>128</power>
          <gpxtpx:TrackPointExtension>
            <gpxtpx:hr>106</gpxtpx:hr>
            <gpxtpx:cad>88</gpxtpx:cad>
          </gpxtpx:TrackPointExtension>
        </extensions>
      </trkpt>
      <trkpt lat="43.310756" lon="-1.885910">
        <ele>10.2</ele>
        <time>2026-09-06T11:20:11Z</time>
        <extensions>
          <power>118</power>
          <gpxtpx:TrackPointExtension>
            <gpxtpx:hr>106</gpxtpx:hr>
            <gpxtpx:cad>88</gpxtpx:cad>
          </gpxtpx:TrackPointExtension>
        </extensions>
      </trkpt>
      <trkpt lat="43.310756" lon="-1.885910">
        <ele>10.2</ele>
        <time>2026-09-06T11:20:12Z</time>
        <extensions>
          <power>107</power>
          <gpxtpx:TrackPointExtension>
            <gpxtpx:hr>106</gpxtpx:hr>
            <gpxtpx:cad>88</gpxtpx:cad>
          </gpxtpx:TrackPointExtension>
        </extensions>
      </trkpt>
      <trkpt lat="43.310756" lon="-1.885910">
        <ele>10.2</ele>
        <time>2026-09-06T11:20:13Z</time>
        <extensions>
          <power>109</power>
          <gpxtpx:TrackPointExtension>
            <gpxtpx:hr>106</gpxtpx:hr>
            <gpxtpx:cad>89</gpxtpx:cad>
          </gpxtpx:TrackPointExtension>
        </extensions>
      </trkpt>
      <trkpt lat="43.310756" lon="-1.885910">
        <ele>10.2</ele>
        <time>2026-09-06T11:20:14Z</time>
        <extensions>
          <power>100</power>
          <gpxtpx:TrackPointExtension>
            <gpxtpx:hr>106</gpxtpx:hr>
            <gpxtpx:cad>88</gpxtpx:cad>
          </gpxtpx:TrackPointExtension>
        </extensions>
      </trkpt>
      <trkpt lat="43.310754" lon="-1.885708">
        <ele>10.4</ele>
        <time>2026-09-06T11:20:15Z</time>
        <extensions>
          <power>101</power>
          <gpxtpx:TrackPointExtension>
            <gpxtpx:hr>106</gpxtpx:hr>
            <gpxtpx:cad>89</gpxtpx:cad>
          </gpxtpx:TrackPointExtension>
        </extensions>
      </trkpt>
      <trkpt lat="43.310754" lon="-1.885708">
        <ele>10.4</ele>
        <time>2026-09-06T11:20:16Z</time>
        <extensions>
          <power>102</power>
          <gpxtpx:TrackPointExtension>
            <gpxtpx:hr>105</gpxtpx:hr>
            <gpxtpx:cad>89</gpxtpx:cad>
          </gpxtpx:TrackPointExtension>
        </extensions>
      </trkpt>
      <trkpt lat="43.310746" lon="-1.885146">
        <ele>10.4</ele>
        <time>2026-09-06T11:20:17Z</time>
        <extensions>
          <power>101</power>
          <gpxtpx:TrackPointExtension>
            <gpxtpx:hr>105</gpxtpx:hr>
            <gpxtpx:cad>88</gpxtpx:cad>
          </gpxtpx:TrackPointExtension>
        </extensions>
      </trkpt>
      <trkpt lat="43.310746" lon="-1.885146">
        <ele>10.4</ele>
        <time>2026-09-06T11:20:18Z</time>
        <extensions>
          <power>110</power>
          <gpxtpx:TrackPointExtension>
            <gpxtpx:hr>105</gpxtpx:hr>
            <gpxtpx:cad>89</gpxtpx:cad>
          </gpxtpx:TrackPointExtension>
        </extensions>
      </trkpt>
      <trkpt lat="43.310746" lon="-1.885146">
        <ele>10.4</ele>
        <time>2026-09-06T11:20:19Z</time>
        <extensions>
          <power>117</power>
          <gpxtpx:TrackPointExtension>
            <gpxtpx:hr>105</gpxtpx:hr>
            <gpxtpx:cad>89</gpxtpx:cad>
          </gpxtpx:TrackPointExtension>
        </extensions>
      </trkpt>
      <trkpt lat="43.310746" lon="-1.885146">
        <ele>10.4</ele>
        <time>2026-09-06T11:20:20Z</time>
        <extensions>
          <power>151</power>
          <gpxtpx:TrackPointExtension>
            <gpxtpx:hr>104</gpxtpx:hr>
            <gpxtpx:cad>91</gpxtpx:cad>
          </gpxtpx:TrackPointExtension>
        </extensions>
      </trkpt>
      <trkpt lat="43.310746" lon="-1.885146">
        <ele>10.4</ele>
        <time>2026-09-06T11:20:21Z</time>
        <extensions>
          <power>175</power>
          <gpxtpx:TrackPointExtension>
            <gpxtpx:hr>104</gpxtpx:hr>
            <gpxtpx:cad>91</gpxtpx:cad>
          </gpxtpx:TrackPointExtension>
        </extensions>
      </trkpt>
      <trkpt lat="43.310746" lon="-1.885146">
        <ele>10.4</ele>
        <time>2026-09-06T11:20:22Z</time>
        <extensions>
          <power>146</power>
          <gpxtpx:TrackPointExtension>
            <gpxtpx:hr>104</gpxtpx:hr>
            <gpxtpx:cad>84</gpxtpx:cad>
          </gpxtpx:TrackPointExtension>
        </extensions>
      </trkpt>
      <trkpt lat="43.310725" lon="-1.884965">
        <ele>10.4</ele>
        <time>2026-09-06T11:20:23Z</time>
        <extensions>
          <power>144</power>
          <gpxtpx:TrackPointExtension>
            <gpxtpx:hr>104</gpxtpx:hr>
            <gpxtpx:cad>86</gpxtpx:cad>
          </gpxtpx:TrackPointExtension>
        </extensions>
      </trkpt>
      <trkpt lat="43.310725" lon="-1.884965">
        <ele>10.4</ele>
        <time>2026-09-06T11:20:24Z</time>
        <extensions>
          <power>145</power>
          <gpxtpx:TrackPointExtension>
            <gpxtpx:hr>104</gpxtpx:hr>
            <gpxtpx:cad>86</gpxtpx:cad>
          </gpxtpx:TrackPointExtension>
        </extensions>
      </trkpt>
      <trkpt lat="43.310586" lon="-1.884433">
        <ele>10.4</ele>
        <time>2026-09-06T11:20:25Z</time>
        <extensions>
          <power>148</power>
          <gpxtpx:TrackPointExtension>
            <gpxtpx:hr>103</gpxtpx:hr>
            <gpxtpx:cad>85</gpxtpx:cad>
          </gpxtpx:TrackPointExtension>
        </extensions>
      </trkpt>
      <trkpt lat="43.310586" lon="-1.884433">
        <ele>10.4</ele>
        <time>2026-09-06T11:20:26Z</time>
        <extensions>
          <power>144</power>
          <gpxtpx:TrackPointExtension>
            <gpxtpx:hr>103</gpxtpx:hr>
            <gpxtpx:cad>85</gpxtpx:cad>
          </gpxtpx:TrackPointExtension>
        </extensions>
      </trkpt>
      <trkpt lat="43.310586" lon="-1.884433">
        <ele>10.4</ele>
        <time>2026-09-06T11:20:27Z</time>
        <extensions>
          <power>140</power>
          <gpxtpx:TrackPointExtension>
            <gpxtpx:hr>102</gpxtpx:hr>
            <gpxtpx:cad>85</gpxtpx:cad>
          </gpxtpx:TrackPointExtension>
        </extensions>
      </trkpt>
      <trkpt lat="43.310586" lon="-1.884433">
        <ele>10.4</ele>
        <time>2026-09-06T11:20:28Z</time>
        <extensions>
          <power>158</power>
          <gpxtpx:TrackPointExtension>
            <gpxtpx:hr>102</gpxtpx:hr>
            <gpxtpx:cad>85</gpxtpx:cad>
          </gpxtpx:TrackPointExtension>
        </extensions>
      </trkpt>
      <trkpt lat="43.310586" lon="-1.884433">
        <ele>10.4</ele>
        <time>2026-09-06T11:20:29Z</time>
        <extensions>
          <power>153</power>
          <gpxtpx:TrackPointExtension>
            <gpxtpx:hr>102</gpxtpx:hr>
            <gpxtpx:cad>86</gpxtpx:cad>
          </gpxtpx:TrackPointExtension>
        </extensions>
      </trkpt>
      <trkpt lat="43.310586" lon="-1.884433">
        <ele>10.4</ele>
        <time>2026-09-06T11:20:30Z</time>
        <extensions>
          <power>150</power>
          <gpxtpx:TrackPointExtension>
            <gpxtpx:hr>102</gpxtpx:hr>
            <gpxtpx:cad>86</gpxtpx:cad>
          </gpxtpx:TrackPointExtension>
        </extensions>
      </trkpt>
      <trkpt lat="43.310354" lon="-1.884085">
        <ele>10.2</ele>
        <time>2026-09-06T11:20:31Z</time>
        <extensions>
          <power>151</power>
          <gpxtpx:TrackPointExtension>
            <gpxtpx:hr>102</gpxtpx:hr>
            <gpxtpx:cad>84</gpxtpx:cad>
          </gpxtpx:TrackPointExtension>
        </extensions>
      </trkpt>
      <trkpt lat="43.310354" lon="-1.884085">
        <ele>10.2</ele>
        <time>2026-09-06T11:20:32Z</time>
        <extensions>
          <power>146</power>
          <gpxtpx:TrackPointExtension>
            <gpxtpx:hr>102</gpxtpx:hr>
            <gpxtpx:cad>84</gpxtpx:cad>
          </gpxtpx:TrackPointExtension>
        </extensions>
      </trkpt>
      <trkpt lat="43.310354" lon="-1.884085">
        <ele>10.2</ele>
        <time>2026-09-06T11:20:33Z</time>
        <extensions>
          <power>130</power>
          <gpxtpx:TrackPointExtension>
            <gpxtpx:hr>102</gpxtpx:hr>
            <gpxtpx:cad>85</gpxtpx:cad>
          </gpxtpx:TrackPointExtension>
        </extensions>
      </trkpt>
      <trkpt lat="43.310354" lon="-1.884085">
        <ele>10.2</ele>
        <time>2026-09-06T11:20:34Z</time>
        <extensions>
          <power>110</power>
          <gpxtpx:TrackPointExtension>
            <gpxtpx:hr>102</gpxtpx:hr>
            <gpxtpx:cad>84</gpxtpx:cad>
          </gpxtpx:TrackPointExtension>
        </extensions>
      </trkpt>
      <trkpt lat="43.310234" lon="-1.883986">
        <ele>10.2</ele>
        <time>2026-09-06T11:20:35Z</time>
        <extensions>
          <power>106</power>
          <gpxtpx:TrackPointExtension>
            <gpxtpx:hr>102</gpxtpx:hr>
            <gpxtpx:cad>85</gpxtpx:cad>
          </gpxtpx:TrackPointExtension>
        </extensions>
      </trkpt>
      <trkpt lat="43.310234" lon="-1.883986">
        <ele>10.2</ele>
        <time>2026-09-06T11:20:36Z</time>
        <extensions>
          <power>101</power>
          <gpxtpx:TrackPointExtension>
            <gpxtpx:hr>102</gpxtpx:hr>
            <gpxtpx:cad>86</gpxtpx:cad>
          </gpxtpx:TrackPointExtension>
        </extensions>
      </trkpt>
      <trkpt lat="43.310134" lon="-1.883859">
        <ele>9.8</ele>
        <time>2026-09-06T11:20:37Z</time>
        <extensions>
          <power>113</power>
          <gpxtpx:TrackPointExtension>
            <gpxtpx:hr>102</gpxtpx:hr>
            <gpxtpx:cad>87</gpxtpx:cad>
          </gpxtpx:TrackPointExtension>
        </extensions>
      </trkpt>
      <trkpt lat="43.310134" lon="-1.883859">
        <ele>9.8</ele>
        <time>2026-09-06T11:20:38Z</time>
        <extensions>
          <power>116</power>
          <gpxtpx:TrackPointExtension>
            <gpxtpx:hr>101</gpxtpx:hr>
            <gpxtpx:cad>89</gpxtpx:cad>
          </gpxtpx:TrackPointExtension>
        </extensions>
      </trkpt>
      <trkpt lat="43.310102" lon="-1.883588">
        <ele>10.0</ele>
        <time>2026-09-06T11:20:39Z</time>
        <extensions>
          <power>151</power>
          <gpxtpx:TrackPointExtension>
            <gpxtpx:hr>101</gpxtpx:hr>
            <gpxtpx:cad>88</gpxtpx:cad>
          </gpxtpx:TrackPointExtension>
        </extensions>
      </trkpt>
      <trkpt lat="43.310102" lon="-1.883588">
        <ele>10.0</ele>
        <time>2026-09-06T11:20:40Z</time>
        <extensions>
          <power>125</power>
          <gpxtpx:TrackPointExtension>
            <gpxtpx:hr>101</gpxtpx:hr>
            <gpxtpx:cad>84</gpxtpx:cad>
          </gpxtpx:TrackPointExtension>
        </extensions>
      </trkpt>
      <trkpt lat="43.310102" lon="-1.883588">
        <ele>10.0</ele>
        <time>2026-09-06T11:20:41Z</time>
        <extensions>
          <power>117</power>
          <gpxtpx:TrackPointExtension>
            <gpxtpx:hr>101</gpxtpx:hr>
            <gpxtpx:cad>86</gpxtpx:cad>
          </gpxtpx:TrackPointExtension>
        </extensions>
      </trkpt>
      <trkpt lat="43.310227" lon="-1.883356">
        <ele>10.2</ele>
        <time>2026-09-06T11:20:42Z</time>
        <extensions>
          <power>118</power>
          <gpxtpx:TrackPointExtension>
            <gpxtpx:hr>100</gpxtpx:hr>
            <gpxtpx:cad>92</gpxtpx:cad>
          </gpxtpx:TrackPointExtension>
        </extensions>
      </trkpt>
      <trkpt lat="43.310227" lon="-1.883356">
        <ele>10.2</ele>
        <time>2026-09-06T11:20:43Z</time>
        <extensions>
          <power>151</power>
          <gpxtpx:TrackPointExtension>
            <gpxtpx:hr>100</gpxtpx:hr>
            <gpxtpx:cad>89</gpxtpx:cad>
          </gpxtpx:TrackPointExtension>
        </extensions>
      </trkpt>
      <trkpt lat="43.310227" lon="-1.883356">
        <ele>10.2</ele>
        <time>2026-09-06T11:20:44Z</time>
        <extensions>
          <power>174</power>
          <gpxtpx:TrackPointExtension>
            <gpxtpx:hr>100</gpxtpx:hr>
            <gpxtpx:cad>85</gpxtpx:cad>
          </gpxtpx:TrackPointExtension>
        </extensions>
      </trkpt>
      <trkpt lat="43.310272" lon="-1.883285">
        <ele>10.4</ele>
        <time>2026-09-06T11:20:45Z</time>
        <extensions>
          <power>178</power>
          <gpxtpx:TrackPointExtension>
            <gpxtpx:hr>100</gpxtpx:hr>
            <gpxtpx:cad>85</gpxtpx:cad>
          </gpxtpx:TrackPointExtension>
        </extensions>
      </trkpt>
      <trkpt lat="43.310308" lon="-1.883203">
        <ele>10.4</ele>
        <time>2026-09-06T11:20:46Z</time>
        <extensions>
          <power>166</power>
          <gpxtpx:TrackPointExtension>
            <gpxtpx:hr>100</gpxtpx:hr>
            <gpxtpx:cad>84</gpxtpx:cad>
          </gpxtpx:TrackPointExtension>
        </extensions>
      </trkpt>
      <trkpt lat="43.310345" lon="-1.883024">
        <ele>10.4</ele>
        <time>2026-09-06T11:20:47Z</time>
        <extensions>
          <power>173</power>
          <gpxtpx:TrackPointExtension>
            <gpxtpx:hr>101</gpxtpx:hr>
            <gpxtpx:cad>85</gpxtpx:cad>
          </gpxtpx:TrackPointExtension>
        </extensions>
      </trkpt>
      <trkpt lat="43.310345" lon="-1.883024">
        <ele>10.4</ele>
        <time>2026-09-06T11:20:48Z</time>
        <extensions>
          <power>199</power>
          <gpxtpx:TrackPointExtension>
            <gpxtpx:hr>101</gpxtpx:hr>
            <gpxtpx:cad>85</gpxtpx:cad>
          </gpxtpx:TrackPointExtension>
        </extensions>
      </trkpt>
      <trkpt lat="43.310350" lon="-1.882653">
        <ele>10.6</ele>
        <time>2026-09-06T11:20:49Z</time>
        <extensions>
          <power>191</power>
          <gpxtpx:TrackPointExtension>
            <gpxtpx:hr>101</gpxtpx:hr>
            <gpxtpx:cad>84</gpxtpx:cad>
          </gpxtpx:TrackPointExtension>
        </extensions>
      </trkpt>
      <trkpt lat="43.310350" lon="-1.882653">
        <ele>10.6</ele>
        <time>2026-09-06T11:20:50Z</time>
        <extensions>
          <power>176</power>
          <gpxtpx:TrackPointExtension>
            <gpxtpx:hr>101</gpxtpx:hr>
            <gpxtpx:cad>84</gpxtpx:cad>
          </gpxtpx:TrackPointExtension>
        </extensions>
      </trkpt>
      <trkpt lat="43.310350" lon="-1.882653">
        <ele>10.6</ele>
        <time>2026-09-06T11:20:51Z</time>
        <extensions>
          <power>150</power>
          <gpxtpx:TrackPointExtension>
            <gpxtpx:hr>101</gpxtpx:hr>
            <gpxtpx:cad>84</gpxtpx:cad>
          </gpxtpx:TrackPointExtension>
        </extensions>
      </trkpt>
      <trkpt lat="43.310350" lon="-1.882653">
        <ele>10.6</ele>
        <time>2026-09-06T11:20:52Z</time>
        <extensions>
          <power>142</power>
          <gpxtpx:TrackPointExtension>
            <gpxtpx:hr>100</gpxtpx:hr>
            <gpxtpx:cad>86</gpxtpx:cad>
          </gpxtpx:TrackPointExtension>
        </extensions>
      </trkpt>
      <trkpt lat="43.310349" lon="-1.882011">
        <ele>10.8</ele>
        <time>2026-09-06T11:20:53Z</time>
        <extensions>
          <power>155</power>
          <gpxtpx:TrackPointExtension>
            <gpxtpx:hr>100</gpxtpx:hr>
            <gpxtpx:cad>86</gpxtpx:cad>
          </gpxtpx:TrackPointExtension>
        </extensions>
      </trkpt>
      <trkpt lat="43.310349" lon="-1.882011">
        <ele>10.8</ele>
        <time>2026-09-06T11:20:54Z</time>
        <extensions>
          <power>148</power>
          <gpxtpx:TrackPointExtension>
            <gpxtpx:hr>100</gpxtpx:hr>
            <gpxtpx:cad>84</gpxtpx:cad>
          </gpxtpx:TrackPointExtension>
        </extensions>
      </trkpt>
      <trkpt lat="43.310349" lon="-1.882011">
        <ele>10.8</ele>
        <time>2026-09-06T11:20:55Z</time>
        <extensions>
          <power>163</power>
          <gpxtpx:TrackPointExtension>
            <gpxtpx:hr>99</gpxtpx:hr>
            <gpxtpx:cad>84</gpxtpx:cad>
          </gpxtpx:TrackPointExtension>
        </extensions>
      </trkpt>
      <trkpt lat="43.310349" lon="-1.882011">
        <ele>10.8</ele>
        <time>2026-09-06T11:20:56Z</time>
        <extensions>
          <power>154</power>
          <gpxtpx:TrackPointExtension>
            <gpxtpx:hr>99</gpxtpx:hr>
            <gpxtpx:cad>84</gpxtpx:cad>
          </gpxtpx:TrackPointExtension>
        </extensions>
      </trkpt>
      <trkpt lat="43.310349" lon="-1.882011">
        <ele>10.8</ele>
        <time>2026-09-06T11:20:57Z</time>
        <extensions>
          <power>146</power>
          <gpxtpx:TrackPointExtension>
            <gpxtpx:hr>99</gpxtpx:hr>
            <gpxtpx:cad>85</gpxtpx:cad>
          </gpxtpx:TrackPointExtension>
        </extensions>
      </trkpt>
      <trkpt lat="43.310349" lon="-1.882011">
        <ele>10.8</ele>
        <time>2026-09-06T11:20:58Z</time>
        <extensions>
          <power>142</power>
          <gpxtpx:TrackPointExtension>
            <gpxtpx:hr>100</gpxtpx:hr>
            <gpxtpx:cad>85</gpxtpx:cad>
          </gpxtpx:TrackPointExtension>
        </extensions>
      </trkpt>
      <trkpt lat="43.310349" lon="-1.882011">
        <ele>10.8</ele>
        <time>2026-09-06T11:20:59Z</time>
        <extensions>
          <power>158</power>
          <gpxtpx:TrackPointExtension>
            <gpxtpx:hr>99</gpxtpx:hr>
            <gpxtpx:cad>86</gpxtpx:cad>
          </gpxtpx:TrackPointExtension>
        </extensions>
      </trkpt>
      <trkpt lat="43.310348" lon="-1.881919">
        <ele>11.0</ele>
        <time>2026-09-06T11:21:00Z</time>
        <extensions>
          <power>142</power>
          <gpxtpx:TrackPointExtension>
            <gpxtpx:hr>99</gpxtpx:hr>
            <gpxtpx:cad>86</gpxtpx:cad>
          </gpxtpx:TrackPointExtension>
        </extensions>
      </trkpt>
      <trkpt lat="43.310374" lon="-1.881280">
        <ele>11.0</ele>
        <time>2026-09-06T11:21:01Z</time>
        <extensions>
          <power>155</power>
          <gpxtpx:TrackPointExtension>
            <gpxtpx:hr>99</gpxtpx:hr>
            <gpxtpx:cad>85</gpxtpx:cad>
          </gpxtpx:TrackPointExtension>
        </extensions>
      </trkpt>
      <trkpt lat="43.310374" lon="-1.881280">
        <ele>11.0</ele>
        <time>2026-09-06T11:21:02Z</time>
        <extensions>
          <power>173</power>
          <gpxtpx:TrackPointExtension>
            <gpxtpx:hr>100</gpxtpx:hr>
            <gpxtpx:cad>87</gpxtpx:cad>
          </gpxtpx:TrackPointExtension>
        </extensions>
      </trkpt>
      <trkpt lat="43.310374" lon="-1.881280">
        <ele>11.0</ele>
        <time>2026-09-06T11:21:03Z</time>
        <extensions>
          <power>220</power>
          <gpxtpx:TrackPointExtension>
            <gpxtpx:hr>100</gpxtpx:hr>
            <gpxtpx:cad>83</gpxtpx:cad>
          </gpxtpx:TrackPointExtension>
        </extensions>
      </trkpt>
      <trkpt lat="43.310374" lon="-1.881280">
        <ele>11.0</ele>
        <time>2026-09-06T11:21:04Z</time>
        <extensions>
          <power>185</power>
          <gpxtpx:TrackPointExtension>
            <gpxtpx:hr>100</gpxtpx:hr>
            <gpxtpx:cad>83</gpxtpx:cad>
          </gpxtpx:TrackPointExtension>
        </extensions>
      </trkpt>
      <trkpt lat="43.310374" lon="-1.881280">
        <ele>11.0</ele>
        <time>2026-09-06T11:21:05Z</time>
        <extensions>
          <power>136</power>
          <gpxtpx:TrackPointExtension>
            <gpxtpx:hr>100</gpxtpx:hr>
            <gpxtpx:cad>83</gpxtpx:cad>
          </gpxtpx:TrackPointExtension>
        </extensions>
      </trkpt>
      <trkpt lat="43.310374" lon="-1.881280">
        <ele>11.0</ele>
        <time>2026-09-06T11:21:06Z</time>
        <extensions>
          <power>140</power>
          <gpxtpx:TrackPointExtension>
            <gpxtpx:hr>100</gpxtpx:hr>
            <gpxtpx:cad>85</gpxtpx:cad>
          </gpxtpx:TrackPointExtension>
        </extensions>
      </trkpt>
      <trkpt lat="43.310374" lon="-1.881280">
        <ele>11.0</ele>
        <time>2026-09-06T11:21:07Z</time>
        <extensions>
          <power>152</power>
          <gpxtpx:TrackPointExtension>
            <gpxtpx:hr>100</gpxtpx:hr>
            <gpxtpx:cad>85</gpxtpx:cad>
          </gpxtpx:TrackPointExtension>
        </extensions>
      </trkpt>
      <trkpt lat="43.310478" lon="-1.880664">
        <ele>11.4</ele>
        <time>2026-09-06T11:21:08Z</time>
        <extensions>
          <power>152</power>
          <gpxtpx:TrackPointExtension>
            <gpxtpx:hr>101</gpxtpx:hr>
            <gpxtpx:cad>85</gpxtpx:cad>
          </gpxtpx:TrackPointExtension>
        </extensions>
      </trkpt>
      <trkpt lat="43.310478" lon="-1.880664">
        <ele>11.4</ele>
        <time>2026-09-06T11:21:09Z</time>
        <extensions>
          <power>168</power>
          <gpxtpx:TrackPointExtension>
            <gpxtpx:hr>101</gpxtpx:hr>
            <gpxtpx:cad>84</gpxtpx:cad>
          </gpxtpx:TrackPointExtension>
        </extensions>
      </trkpt>
      <trkpt lat="43.310478" lon="-1.880664">
        <ele>11.4</ele>
        <time>2026-09-06T11:21:10Z</time>
        <extensions>
          <power>165</power>
          <gpxtpx:TrackPointExtension>
            <gpxtpx:hr>101</gpxtpx:hr>
            <gpxtpx:cad>86</gpxtpx:cad>
          </gpxtpx:TrackPointExtension>
        </extensions>
      </trkpt>
      <trkpt lat="43.310478" lon="-1.880664">
        <ele>11.4</ele>
        <time>2026-09-06T11:21:11Z</time>
        <extensions>
          <power>161</power>
          <gpxtpx:TrackPointExtension>
            <gpxtpx:hr>101</gpxtpx:hr>
            <gpxtpx:cad>85</gpxtpx:cad>
          </gpxtpx:TrackPointExtension>
        </extensions>
      </trkpt>
      <trkpt lat="43.310478" lon="-1.880664">
        <ele>11.4</ele>
        <time>2026-09-06T11:21:12Z</time>
        <extensions>
          <power>161</power>
          <gpxtpx:TrackPointExtension>
            <gpxtpx:hr>101</gpxtpx:hr>
            <gpxtpx:cad>85</gpxtpx:cad>
          </gpxtpx:TrackPointExtension>
        </extensions>
      </trkpt>
      <trkpt lat="43.310478" lon="-1.880664">
        <ele>11.4</ele>
        <time>2026-09-06T11:21:13Z</time>
        <extensions>
          <power>158</power>
          <gpxtpx:TrackPointExtension>
            <gpxtpx:hr>101</gpxtpx:hr>
            <gpxtpx:cad>84</gpxtpx:cad>
          </gpxtpx:TrackPointExtension>
        </extensions>
      </trkpt>
      <trkpt lat="43.310536" lon="-1.880504">
        <ele>11.6</ele>
        <time>2026-09-06T11:21:14Z</time>
        <extensions>
          <power>167</power>
          <gpxtpx:TrackPointExtension>
            <gpxtpx:hr>101</gpxtpx:hr>
            <gpxtpx:cad>85</gpxtpx:cad>
          </gpxtpx:TrackPointExtension>
        </extensions>
      </trkpt>
      <trkpt lat="43.310536" lon="-1.880504">
        <ele>11.6</ele>
        <time>2026-09-06T11:21:15Z</time>
        <extensions>
          <power>167</power>
          <gpxtpx:TrackPointExtension>
            <gpxtpx:hr>101</gpxtpx:hr>
            <gpxtpx:cad>85</gpxtpx:cad>
          </gpxtpx:TrackPointExtension>
        </extensions>
      </trkpt>
      <trkpt lat="43.310656" lon="-1.880417">
        <ele>11.4</ele>
        <time>2026-09-06T11:21:16Z</time>
        <extensions>
          <power>156</power>
          <gpxtpx:TrackPointExtension>
            <gpxtpx:hr>101</gpxtpx:hr>
            <gpxtpx:cad>85</gpxtpx:cad>
          </gpxtpx:TrackPointExtension>
        </extensions>
      </trkpt>
      <trkpt lat="43.310656" lon="-1.880417">
        <ele>11.4</ele>
        <time>2026-09-06T11:21:17Z</time>
        <extensions>
          <power>164</power>
          <gpxtpx:TrackPointExtension>
            <gpxtpx:hr>101</gpxtpx:hr>
            <gpxtpx:cad>82</gpxtpx:cad>
          </gpxtpx:TrackPointExtension>
        </extensions>
      </trkpt>
      <trkpt lat="43.310863" lon="-1.880430">
        <ele>11.4</ele>
        <time>2026-09-06T11:21:18Z</time>
        <extensions>
          <power>131</power>
          <gpxtpx:TrackPointExtension>
            <gpxtpx:hr>101</gpxtpx:hr>
            <gpxtpx:cad>84</gpxtpx:cad>
          </gpxtpx:TrackPointExtension>
        </extensions>
      </trkpt>
      <trkpt lat="43.310863" lon="-1.880430">
        <ele>11.4</ele>
        <time>2026-09-06T11:21:19Z</time>
        <extensions>
          <power>131</power>
          <gpxtpx:TrackPointExtension>
            <gpxtpx:hr>101</gpxtpx:hr>
            <gpxtpx:cad>84</gpxtpx:cad>
          </gpxtpx:TrackPointExtension>
        </extensions>
      </trkpt>
      <trkpt lat="43.310863" lon="-1.880430">
        <ele>11.4</ele>
        <time>2026-09-06T11:21:20Z</time>
        <extensions>
          <power>109</power>
          <gpxtpx:TrackPointExtension>
            <gpxtpx:hr>101</gpxtpx:hr>
            <gpxtpx:cad>87</gpxtpx:cad>
          </gpxtpx:TrackPointExtension>
        </extensions>
      </trkpt>
      <trkpt lat="43.311061" lon="-1.880442">
        <ele>11.6</ele>
        <time>2026-09-06T11:21:21Z</time>
        <extensions>
          <power>120</power>
          <gpxtpx:TrackPointExtension>
            <gpxtpx:hr>102</gpxtpx:hr>
            <gpxtpx:cad>91</gpxtpx:cad>
          </gpxtpx:TrackPointExtension>
        </extensions>
      </trkpt>
      <trkpt lat="43.311061" lon="-1.880442">
        <ele>11.6</ele>
        <time>2026-09-06T11:21:22Z</time>
        <extensions>
          <power>180</power>
          <gpxtpx:TrackPointExtension>
            <gpxtpx:hr>102</gpxtpx:hr>
            <gpxtpx:cad>89</gpxtpx:cad>
          </gpxtpx:TrackPointExtension>
        </extensions>
      </trkpt>
      <trkpt lat="43.311061" lon="-1.880442">
        <ele>11.6</ele>
        <time>2026-09-06T11:21:23Z</time>
        <extensions>
          <power>180</power>
          <gpxtpx:TrackPointExtension>
            <gpxtpx:hr>102</gpxtpx:hr>
            <gpxtpx:cad>86</gpxtpx:cad>
          </gpxtpx:TrackPointExtension>
        </extensions>
      </trkpt>
      <trkpt lat="43.311194" lon="-1.880395">
        <ele>11.8</ele>
        <time>2026-09-06T11:21:24Z</time>
        <extensions>
          <power>185</power>
          <gpxtpx:TrackPointExtension>
            <gpxtpx:hr>102</gpxtpx:hr>
            <gpxtpx:cad>87</gpxtpx:cad>
          </gpxtpx:TrackPointExtension>
        </extensions>
      </trkpt>
      <trkpt lat="43.311194" lon="-1.880395">
        <ele>11.8</ele>
        <time>2026-09-06T11:21:25Z</time>
        <extensions>
          <power>176</power>
          <gpxtpx:TrackPointExtension>
            <gpxtpx:hr>102</gpxtpx:hr>
            <gpxtpx:cad>85</gpxtpx:cad>
          </gpxtpx:TrackPointExtension>
        </extensions>
      </trkpt>
      <trkpt lat="43.311355" lon="-1.880183">
        <ele>11.8</ele>
        <time>2026-09-06T11:21:26Z</time>
        <extensions>
          <power>188</power>
          <gpxtpx:TrackPointExtension>
            <gpxtpx:hr>102</gpxtpx:hr>
            <gpxtpx:cad>85</gpxtpx:cad>
          </gpxtpx:TrackPointExtension>
        </extensions>
      </trkpt>
      <trkpt lat="43.311355" lon="-1.880183">
        <ele>11.8</ele>
        <time>2026-09-06T11:21:27Z</time>
        <extensions>
          <power>169</power>
          <gpxtpx:TrackPointExtension>
            <gpxtpx:hr>103</gpxtpx:hr>
            <gpxtpx:cad>85</gpxtpx:cad>
          </gpxtpx:TrackPointExtension>
        </extensions>
      </trkpt>
      <trkpt lat="43.311355" lon="-1.880183">
        <ele>11.8</ele>
        <time>2026-09-06T11:21:28Z</time>
        <extensions>
          <power>150</power>
          <gpxtpx:TrackPointExtension>
            <gpxtpx:hr>103</gpxtpx:hr>
            <gpxtpx:cad>85</gpxtpx:cad>
          </gpxtpx:TrackPointExtension>
        </extensions>
      </trkpt>
      <trkpt lat="43.311388" lon="-1.880096">
        <ele>12.0</ele>
        <time>2026-09-06T11:21:29Z</time>
        <extensions>
          <power>153</power>
          <gpxtpx:TrackPointExtension>
            <gpxtpx:hr>103</gpxtpx:hr>
            <gpxtpx:cad>86</gpxtpx:cad>
          </gpxtpx:TrackPointExtension>
        </extensions>
      </trkpt>
      <trkpt lat="43.311420" lon="-1.880019">
        <ele>12.4</ele>
        <time>2026-09-06T11:21:30Z</time>
        <extensions>
          <power>157</power>
          <gpxtpx:TrackPointExtension>
            <gpxtpx:hr>103</gpxtpx:hr>
            <gpxtpx:cad>86</gpxtpx:cad>
          </gpxtpx:TrackPointExtension>
        </extensions>
      </trkpt>
      <trkpt lat="43.311483" lon="-1.879882">
        <ele>13.0</ele>
        <time>2026-09-06T11:21:31Z</time>
        <extensions>
          <power>185</power>
          <gpxtpx:TrackPointExtension>
            <gpxtpx:hr>103</gpxtpx:hr>
            <gpxtpx:cad>88</gpxtpx:cad>
          </gpxtpx:TrackPointExtension>
        </extensions>
      </trkpt>
      <trkpt lat="43.311483" lon="-1.879882">
        <ele>13.0</ele>
        <time>2026-09-06T11:21:32Z</time>
        <extensions>
          <power>248</power>
          <gpxtpx:TrackPointExtension>
            <gpxtpx:hr>103</gpxtpx:hr>
            <gpxtpx:cad>85</gpxtpx:cad>
          </gpxtpx:TrackPointExtension>
        </extensions>
      </trkpt>
      <trkpt lat="43.311687" lon="-1.879492">
        <ele>14.0</ele>
        <time>2026-09-06T11:21:33Z</time>
        <extensions>
          <power>259</power>
          <gpxtpx:TrackPointExtension>
            <gpxtpx:hr>103</gpxtpx:hr>
            <gpxtpx:cad>81</gpxtpx:cad>
          </gpxtpx:TrackPointExtension>
        </extensions>
      </trkpt>
      <trkpt lat="43.311687" lon="-1.879492">
        <ele>14.0</ele>
        <time>2026-09-06T11:21:34Z</time>
        <extensions>
          <power>335</power>
          <gpxtpx:TrackPointExtension>
            <gpxtpx:hr>103</gpxtpx:hr>
            <gpxtpx:cad>80</gpxtpx:cad>
          </gpxtpx:TrackPointExtension>
        </extensions>
      </trkpt>
      <trkpt lat="43.311687" lon="-1.879492">
        <ele>14.0</ele>
        <time>2026-09-06T11:21:35Z</time>
        <extensions>
          <power>276</power>
          <gpxtpx:TrackPointExtension>
            <gpxtpx:hr>104</gpxtpx:hr>
            <gpxtpx:cad>82</gpxtpx:cad>
          </gpxtpx:TrackPointExtension>
        </extensions>
      </trkpt>
      <trkpt lat="43.311687" lon="-1.879492">
        <ele>14.0</ele>
        <time>2026-09-06T11:21:36Z</time>
        <extensions>
          <power>235</power>
          <gpxtpx:TrackPointExtension>
            <gpxtpx:hr>104</gpxtpx:hr>
            <gpxtpx:cad>84</gpxtpx:cad>
          </gpxtpx:TrackPointExtension>
        </extensions>
      </trkpt>
      <trkpt lat="43.311687" lon="-1.879492">
        <ele>14.0</ele>
        <time>2026-09-06T11:21:37Z</time>
        <extensions>
          <power>227</power>
          <gpxtpx:TrackPointExtension>
            <gpxtpx:hr>104</gpxtpx:hr>
            <gpxtpx:cad>83</gpxtpx:cad>
          </gpxtpx:TrackPointExtension>
        </extensions>
      </trkpt>
      <trkpt lat="43.311769" lon="-1.879366">
        <ele>14.0</ele>
        <time>2026-09-06T11:21:38Z</time>
        <extensions>
          <power>230</power>
          <gpxtpx:TrackPointExtension>
            <gpxtpx:hr>105</gpxtpx:hr>
            <gpxtpx:cad>83</gpxtpx:cad>
          </gpxtpx:TrackPointExtension>
        </extensions>
      </trkpt>
      <trkpt lat="43.311769" lon="-1.879366">
        <ele>14.0</ele>
        <time>2026-09-06T11:21:39Z</time>
        <extensions>
          <power>218</power>
          <gpxtpx:TrackPointExtension>
            <gpxtpx:hr>105</gpxtpx:hr>
            <gpxtpx:cad>83</gpxtpx:cad>
          </gpxtpx:TrackPointExtension>
        </extensions>
      </trkpt>
      <trkpt lat="43.312076" lon="-1.878940">
        <ele>12.4</ele>
        <time>2026-09-06T11:21:40Z</time>
        <extensions>
          <power>136</power>
          <gpxtpx:TrackPointExtension>
            <gpxtpx:hr>105</gpxtpx:hr>
            <gpxtpx:cad>85</gpxtpx:cad>
          </gpxtpx:TrackPointExtension>
        </extensions>
      </trkpt>
      <trkpt lat="43.312076" lon="-1.878940">
        <ele>12.4</ele>
        <time>2026-09-06T11:21:41Z</time>
        <extensions>
          <power>167</power>
          <gpxtpx:TrackPointExtension>
            <gpxtpx:hr>105</gpxtpx:hr>
            <gpxtpx:cad>84</gpxtpx:cad>
          </gpxtpx:TrackPointExtension>
        </extensions>
      </trkpt>
      <trkpt lat="43.312076" lon="-1.878940">
        <ele>12.4</ele>
        <time>2026-09-06T11:21:42Z</time>
        <extensions>
          <power>131</power>
          <gpxtpx:TrackPointExtension>
            <gpxtpx:hr>105</gpxtpx:hr>
            <gpxtpx:cad>86</gpxtpx:cad>
          </gpxtpx:TrackPointExtension>
        </extensions>
      </trkpt>
      <trkpt lat="43.312076" lon="-1.878940">
        <ele>12.4</ele>
        <time>2026-09-06T11:21:43Z</time>
        <extensions>
          <power>100</power>
          <gpxtpx:TrackPointExtension>
            <gpxtpx:hr>105</gpxtpx:hr>
            <gpxtpx:cad>90</gpxtpx:cad>
          </gpxtpx:TrackPointExtension>
        </extensions>
      </trkpt>
      <trkpt lat="43.312076" lon="-1.878940">
        <ele>12.4</ele>
        <time>2026-09-06T11:21:44Z</time>
        <extensions>
          <power>96</power>
          <gpxtpx:TrackPointExtension>
            <gpxtpx:hr>106</gpxtpx:hr>
            <gpxtpx:cad>90</gpxtpx:cad>
          </gpxtpx:TrackPointExtension>
        </extensions>
      </trkpt>
      <trkpt lat="43.312076" lon="-1.878940">
        <ele>12.4</ele>
        <time>2026-09-06T11:21:45Z</time>
        <extensions>
          <power>93</power>
          <gpxtpx:TrackPointExtension>
            <gpxtpx:hr>106</gpxtpx:hr>
            <gpxtpx:cad>89</gpxtpx:cad>
          </gpxtpx:TrackPointExtension>
        </extensions>
      </trkpt>
      <trkpt lat="43.312196" lon="-1.878781">
        <ele>12.0</ele>
        <time>2026-09-06T11:21:46Z</time>
        <extensions>
          <power>98</power>
          <gpxtpx:TrackPointExtension>
            <gpxtpx:hr>106</gpxtpx:hr>
            <gpxtpx:cad>89</gpxtpx:cad>
          </gpxtpx:TrackPointExtension>
        </extensions>
      </trkpt>
      <trkpt lat="43.312196" lon="-1.878781">
        <ele>12.0</ele>
        <time>2026-09-06T11:21:47Z</time>
        <extensions>
          <power>99</power>
          <gpxtpx:TrackPointExtension>
            <gpxtpx:hr>106</gpxtpx:hr>
            <gpxtpx:cad>88</gpxtpx:cad>
          </gpxtpx:TrackPointExtension>
        </extensions>
      </trkpt>
      <trkpt lat="43.312424" lon="-1.878465">
        <ele>11.8</ele>
        <time>2026-09-06T11:21:48Z</time>
        <extensions>
          <power>95</power>
          <gpxtpx:TrackPointExtension>
            <gpxtpx:hr>106</gpxtpx:hr>
            <gpxtpx:cad>89</gpxtpx:cad>
          </gpxtpx:TrackPointExtension>
        </extensions>
      </trkpt>
      <trkpt lat="43.312424" lon="-1.878465">
        <ele>11.8</ele>
        <time>2026-09-06T11:21:49Z</time>
        <extensions>
          <power>109</power>
          <gpxtpx:TrackPointExtension>
            <gpxtpx:hr>106</gpxtpx:hr>
            <gpxtpx:cad>89</gpxtpx:cad>
          </gpxtpx:TrackPointExtension>
        </extensions>
      </trkpt>
      <trkpt lat="43.312424" lon="-1.878465">
        <ele>11.8</ele>
        <time>2026-09-06T11:21:50Z</time>
        <extensions>
          <power>108</power>
          <gpxtpx:TrackPointExtension>
            <gpxtpx:hr>106</gpxtpx:hr>
            <gpxtpx:cad>88</gpxtpx:cad>
          </gpxtpx:TrackPointExtension>
        </extensions>
      </trkpt>
      <trkpt lat="43.312424" lon="-1.878465">
        <ele>11.8</ele>
        <time>2026-09-06T11:21:51Z</time>
        <extensions>
          <power>102</power>
          <gpxtpx:TrackPointExtension>
            <gpxtpx:hr>106</gpxtpx:hr>
            <gpxtpx:cad>88</gpxtpx:cad>
          </gpxtpx:TrackPointExtension>
        </extensions>
      </trkpt>
      <trkpt lat="43.312788" lon="-1.877925">
        <ele>11.8</ele>
        <time>2026-09-06T11:21:52Z</time>
        <extensions>
          <power>108</power>
          <gpxtpx:TrackPointExtension>
            <gpxtpx:hr>105</gpxtpx:hr>
            <gpxtpx:cad>88</gpxtpx:cad>
          </gpxtpx:TrackPointExtension>
        </extensions>
      </trkpt>
      <trkpt lat="43.312788" lon="-1.877925">
        <ele>11.8</ele>
        <time>2026-09-06T11:21:53Z</time>
        <extensions>
          <power>111</power>
          <gpxtpx:TrackPointExtension>
            <gpxtpx:hr>105</gpxtpx:hr>
            <gpxtpx:cad>89</gpxtpx:cad>
          </gpxtpx:TrackPointExtension>
        </extensions>
      </trkpt>
      <trkpt lat="43.312788" lon="-1.877925">
        <ele>11.8</ele>
        <time>2026-09-06T11:21:54Z</time>
        <extensions>
          <power>140</power>
          <gpxtpx:TrackPointExtension>
            <gpxtpx:hr>105</gpxtpx:hr>
            <gpxtpx:cad>89</gpxtpx:cad>
          </gpxtpx:TrackPointExtension>
        </extensions>
      </trkpt>
      <trkpt lat="43.312788" lon="-1.877925">
        <ele>11.8</ele>
        <time>2026-09-06T11:21:55Z</time>
        <extensions>
          <power>136</power>
          <gpxtpx:TrackPointExtension>
            <gpxtpx:hr>105</gpxtpx:hr>
            <gpxtpx:cad>90</gpxtpx:cad>
          </gpxtpx:TrackPointExtension>
        </extensions>
      </trkpt>
      <trkpt lat="43.312788" lon="-1.877925">
        <ele>11.8</ele>
        <time>2026-09-06T11:21:56Z</time>
        <extensions>
          <power>164</power>
          <gpxtpx:TrackPointExtension>
            <gpxtpx:hr>105</gpxtpx:hr>
            <gpxtpx:cad>89</gpxtpx:cad>
          </gpxtpx:TrackPointExtension>
        </extensions>
      </trkpt>
      <trkpt lat="43.312788" lon="-1.877925">
        <ele>11.8</ele>
        <time>2026-09-06T11:21:57Z</time>
        <extensions>
          <power>146</power>
          <gpxtpx:TrackPointExtension>
            <gpxtpx:hr>105</gpxtpx:hr>
            <gpxtpx:cad>85</gpxtpx:cad>
          </gpxtpx:TrackPointExtension>
        </extensions>
      </trkpt>
      <trkpt lat="43.312788" lon="-1.877925">
        <ele>11.8</ele>
        <time>2026-09-06T11:21:58Z</time>
        <extensions>
          <power>149</power>
          <gpxtpx:TrackPointExtension>
            <gpxtpx:hr>105</gpxtpx:hr>
            <gpxtpx:cad>85</gpxtpx:cad>
          </gpxtpx:TrackPointExtension>
        </extensions>
      </trkpt>
      <trkpt lat="43.312788" lon="-1.877925">
        <ele>11.8</ele>
        <time>2026-09-06T11:21:59Z</time>
        <extensions>
          <power>138</power>
          <gpxtpx:TrackPointExtension>
            <gpxtpx:hr>105</gpxtpx:hr>
            <gpxtpx:cad>84</gpxtpx:cad>
          </gpxtpx:TrackPointExtension>
        </extensions>
      </trkpt>
      <trkpt lat="43.313183" lon="-1.877322">
        <ele>12.4</ele>
        <time>2026-09-06T11:22:00Z</time>
        <extensions>
          <power>158</power>
          <gpxtpx:TrackPointExtension>
            <gpxtpx:hr>105</gpxtpx:hr>
            <gpxtpx:cad>85</gpxtpx:cad>
          </gpxtpx:TrackPointExtension>
        </extensions>
      </trkpt>
      <trkpt lat="43.313183" lon="-1.877322">
        <ele>12.4</ele>
        <time>2026-09-06T11:22:01Z</time>
        <extensions>
          <power>154</power>
          <gpxtpx:TrackPointExtension>
            <gpxtpx:hr>105</gpxtpx:hr>
            <gpxtpx:cad>87</gpxtpx:cad>
          </gpxtpx:TrackPointExtension>
        </extensions>
      </trkpt>
      <trkpt lat="43.313183" lon="-1.877322">
        <ele>12.4</ele>
        <time>2026-09-06T11:22:02Z</time>
        <extensions>
          <power>161</power>
          <gpxtpx:TrackPointExtension>
            <gpxtpx:hr>105</gpxtpx:hr>
            <gpxtpx:cad>84</gpxtpx:cad>
          </gpxtpx:TrackPointExtension>
        </extensions>
      </trkpt>
      <trkpt lat="43.313183" lon="-1.877322">
        <ele>12.4</ele>
        <time>2026-09-06T11:22:03Z</time>
        <extensions>
          <power>143</power>
          <gpxtpx:TrackPointExtension>
            <gpxtpx:hr>105</gpxtpx:hr>
            <gpxtpx:cad>85</gpxtpx:cad>
          </gpxtpx:TrackPointExtension>
        </extensions>
      </trkpt>
      <trkpt lat="43.313183" lon="-1.877322">
        <ele>12.4</ele>
        <time>2026-09-06T11:22:04Z</time>
        <extensions>
          <power>175</power>
          <gpxtpx:TrackPointExtension>
            <gpxtpx:hr>105</gpxtpx:hr>
            <gpxtpx:cad>84</gpxtpx:cad>
          </gpxtpx:TrackPointExtension>
        </extensions>
      </trkpt>
      <trkpt lat="43.313183" lon="-1.877322">
        <ele>12.4</ele>
        <time>2026-09-06T11:22:05Z</time>
        <extensions>
          <power>170</power>
          <gpxtpx:TrackPointExtension>
            <gpxtpx:hr>105</gpxtpx:hr>
            <gpxtpx:cad>84</gpxtpx:cad>
          </gpxtpx:TrackPointExtension>
        </extensions>
      </trkpt>
      <trkpt lat="43.313183" lon="-1.877322">
        <ele>12.4</ele>
        <time>2026-09-06T11:22:06Z</time>
        <extensions>
          <power>164</power>
          <gpxtpx:TrackPointExtension>
            <gpxtpx:hr>105</gpxtpx:hr>
            <gpxtpx:cad>84</gpxtpx:cad>
          </gpxtpx:TrackPointExtension>
        </extensions>
      </trkpt>
      <trkpt lat="43.313183" lon="-1.877322">
        <ele>12.4</ele>
        <time>2026-09-06T11:22:07Z</time>
        <extensions>
          <power>168</power>
          <gpxtpx:TrackPointExtension>
            <gpxtpx:hr>105</gpxtpx:hr>
            <gpxtpx:cad>83</gpxtpx:cad>
          </gpxtpx:TrackPointExtension>
        </extensions>
      </trkpt>
      <trkpt lat="43.313370" lon="-1.877029">
        <ele>13.2</ele>
        <time>2026-09-06T11:22:08Z</time>
        <extensions>
          <power>183</power>
          <gpxtpx:TrackPointExtension>
            <gpxtpx:hr>105</gpxtpx:hr>
            <gpxtpx:cad>84</gpxtpx:cad>
          </gpxtpx:TrackPointExtension>
        </extensions>
      </trkpt>
      <trkpt lat="43.313370" lon="-1.877029">
        <ele>13.2</ele>
        <time>2026-09-06T11:22:09Z</time>
        <extensions>
          <power>170</power>
          <gpxtpx:TrackPointExtension>
            <gpxtpx:hr>105</gpxtpx:hr>
            <gpxtpx:cad>84</gpxtpx:cad>
          </gpxtpx:TrackPointExtension>
        </extensions>
      </trkpt>
      <trkpt lat="43.313370" lon="-1.877029">
        <ele>13.2</ele>
        <time>2026-09-06T11:22:10Z</time>
        <extensions>
          <power>207</power>
          <gpxtpx:TrackPointExtension>
            <gpxtpx:hr>105</gpxtpx:hr>
            <gpxtpx:cad>83</gpxtpx:cad>
          </gpxtpx:TrackPointExtension>
        </extensions>
      </trkpt>
      <trkpt lat="43.313370" lon="-1.877029">
        <ele>13.2</ele>
        <time>2026-09-06T11:22:11Z</time>
        <extensions>
          <power>216</power>
          <gpxtpx:TrackPointExtension>
            <gpxtpx:hr>104</gpxtpx:hr>
            <gpxtpx:cad>83</gpxtpx:cad>
          </gpxtpx:TrackPointExtension>
        </extensions>
      </trkpt>
      <trkpt lat="43.313370" lon="-1.877029">
        <ele>13.2</ele>
        <time>2026-09-06T11:22:12Z</time>
        <extensions>
          <power>284</power>
          <gpxtpx:TrackPointExtension>
            <gpxtpx:hr>104</gpxtpx:hr>
            <gpxtpx:cad>82</gpxtpx:cad>
          </gpxtpx:TrackPointExtension>
        </extensions>
      </trkpt>
      <trkpt lat="43.313504" lon="-1.876828">
        <ele>13.8</ele>
        <time>2026-09-06T11:22:13Z</time>
        <extensions>
          <power>243</power>
          <gpxtpx:TrackPointExtension>
            <gpxtpx:hr>104</gpxtpx:hr>
            <gpxtpx:cad>83</gpxtpx:cad>
          </gpxtpx:TrackPointExtension>
        </extensions>
      </trkpt>
      <trkpt lat="43.313504" lon="-1.876828">
        <ele>13.8</ele>
        <time>2026-09-06T11:22:14Z</time>
        <extensions>
          <power>245</power>
          <gpxtpx:TrackPointExtension>
            <gpxtpx:hr>105</gpxtpx:hr>
            <gpxtpx:cad>83</gpxtpx:cad>
          </gpxtpx:TrackPointExtension>
        </extensions>
      </trkpt>
      <trkpt lat="43.313504" lon="-1.876828">
        <ele>13.8</ele>
        <time>2026-09-06T11:22:15Z</time>
        <extensions>
          <power>258</power>
          <gpxtpx:TrackPointExtension>
            <gpxtpx:hr>105</gpxtpx:hr>
            <gpxtpx:cad>82</gpxtpx:cad>
          </gpxtpx:TrackPointExtension>
        </extensions>
      </trkpt>
      <trkpt lat="43.313588" lon="-1.876701">
        <ele>14.4</ele>
        <time>2026-09-06T11:22:16Z</time>
        <extensions>
          <power>242</power>
          <gpxtpx:TrackPointExtension>
            <gpxtpx:hr>105</gpxtpx:hr>
            <gpxtpx:cad>83</gpxtpx:cad>
          </gpxtpx:TrackPointExtension>
        </extensions>
      </trkpt>
      <trkpt lat="43.313665" lon="-1.876579">
        <ele>15.0</ele>
        <time>2026-09-06T11:22:17Z</time>
        <extensions>
          <power>253</power>
          <gpxtpx:TrackPointExtension>
            <gpxtpx:hr>105</gpxtpx:hr>
            <gpxtpx:cad>82</gpxtpx:cad>
          </gpxtpx:TrackPointExtension>
        </extensions>
      </trkpt>
      <trkpt lat="43.313665" lon="-1.876579">
        <ele>15.0</ele>
        <time>2026-09-06T11:22:18Z</time>
        <extensions>
          <power>335</power>
          <gpxtpx:TrackPointExtension>
            <gpxtpx:hr>105</gpxtpx:hr>
            <gpxtpx:cad>80</gpxtpx:cad>
          </gpxtpx:TrackPointExtension>
        </extensions>
      </trkpt>
      <trkpt lat="43.313745" lon="-1.876455">
        <ele>15.6</ele>
        <time>2026-09-06T11:22:19Z</time>
        <extensions>
          <power>326</power>
          <gpxtpx:TrackPointExtension>
            <gpxtpx:hr>106</gpxtpx:hr>
            <gpxtpx:cad>80</gpxtpx:cad>
          </gpxtpx:TrackPointExtension>
        </extensions>
      </trkpt>
      <trkpt lat="43.313745" lon="-1.876455">
        <ele>15.6</ele>
        <time>2026-09-06T11:22:20Z</time>
        <extensions>
          <power>330</power>
          <gpxtpx:TrackPointExtension>
            <gpxtpx:hr>106</gpxtpx:hr>
            <gpxtpx:cad>80</gpxtpx:cad>
          </gpxtpx:TrackPointExtension>
        </extensions>
      </trkpt>
      <trkpt lat="43.313789" lon="-1.876403">
        <ele>15.8</ele>
        <time>2026-09-06T11:22:21Z</time>
        <extensions>
          <power>331</power>
          <gpxtpx:TrackPointExtension>
            <gpxtpx:hr>106</gpxtpx:hr>
            <gpxtpx:cad>81</gpxtpx:cad>
          </gpxtpx:TrackPointExtension>
        </extensions>
      </trkpt>
      <trkpt lat="43.313946" lon="-1.876166">
        <ele>16.6</ele>
        <time>2026-09-06T11:22:22Z</time>
        <extensions>
          <power>306</power>
          <gpxtpx:TrackPointExtension>
            <gpxtpx:hr>106</gpxtpx:hr>
            <gpxtpx:cad>81</gpxtpx:cad>
          </gpxtpx:TrackPointExtension>
        </extensions>
      </trkpt>
      <trkpt lat="43.313946" lon="-1.876166">
        <ele>16.6</ele>
        <time>2026-09-06T11:22:23Z</time>
        <extensions>
          <power>325</power>
          <gpxtpx:TrackPointExtension>
            <gpxtpx:hr>107</gpxtpx:hr>
            <gpxtpx:cad>82</gpxtpx:cad>
          </gpxtpx:TrackPointExtension>
        </extensions>
      </trkpt>
      <trkpt lat="43.313946" lon="-1.876166">
        <ele>16.6</ele>
        <time>2026-09-06T11:22:24Z</time>
        <extensions>
          <power>213</power>
          <gpxtpx:TrackPointExtension>
            <gpxtpx:hr>107</gpxtpx:hr>
            <gpxtpx:cad>84</gpxtpx:cad>
          </gpxtpx:TrackPointExtension>
        </extensions>
      </trkpt>
      <trkpt lat="43.314110" lon="-1.875941">
        <ele>17.4</ele>
        <time>2026-09-06T11:22:25Z</time>
        <extensions>
          <power>208</power>
          <gpxtpx:TrackPointExtension>
            <gpxtpx:hr>108</gpxtpx:hr>
            <gpxtpx:cad>85</gpxtpx:cad>
          </gpxtpx:TrackPointExtension>
        </extensions>
      </trkpt>
      <trkpt lat="43.314110" lon="-1.875941">
        <ele>17.4</ele>
        <time>2026-09-06T11:22:26Z</time>
        <extensions>
          <power>241</power>
          <gpxtpx:TrackPointExtension>
            <gpxtpx:hr>108</gpxtpx:hr>
            <gpxtpx:cad>83</gpxtpx:cad>
          </gpxtpx:TrackPointExtension>
        </extensions>
      </trkpt>
      <trkpt lat="43.314110" lon="-1.875941">
        <ele>17.4</ele>
        <time>2026-09-06T11:22:27Z</time>
        <extensions>
          <power>234</power>
          <gpxtpx:TrackPointExtension>
            <gpxtpx:hr>109</gpxtpx:hr>
            <gpxtpx:cad>83</gpxtpx:cad>
          </gpxtpx:TrackPointExtension>
        </extensions>
      </trkpt>
      <trkpt lat="43.314110" lon="-1.875941">
        <ele>17.4</ele>
        <time>2026-09-06T11:22:28Z</time>
        <extensions>
          <power>225</power>
          <gpxtpx:TrackPointExtension>
            <gpxtpx:hr>109</gpxtpx:hr>
            <gpxtpx:cad>83</gpxtpx:cad>
          </gpxtpx:TrackPointExtension>
        </extensions>
      </trkpt>
      <trkpt lat="43.314332" lon="-1.875667">
        <ele>17.6</ele>
        <time>2026-09-06T11:22:29Z</time>
        <extensions>
          <power>228</power>
          <gpxtpx:TrackPointExtension>
            <gpxtpx:hr>110</gpxtpx:hr>
            <gpxtpx:cad>83</gpxtpx:cad>
          </gpxtpx:TrackPointExtension>
        </extensions>
      </trkpt>
      <trkpt lat="43.314332" lon="-1.875667">
        <ele>17.6</ele>
        <time>2026-09-06T11:22:30Z</time>
        <extensions>
          <power>221</power>
          <gpxtpx:TrackPointExtension>
            <gpxtpx:hr>111</gpxtpx:hr>
            <gpxtpx:cad>83</gpxtpx:cad>
          </gpxtpx:TrackPointExtension>
        </extensions>
      </trkpt>
      <trkpt lat="43.314332" lon="-1.875667">
        <ele>17.6</ele>
        <time>2026-09-06T11:22:31Z</time>
        <extensions>
          <power>202</power>
          <gpxtpx:TrackPointExtension>
            <gpxtpx:hr>111</gpxtpx:hr>
            <gpxtpx:cad>82</gpxtpx:cad>
          </gpxtpx:TrackPointExtension>
        </extensions>
      </trkpt>
      <trkpt lat="43.314332" lon="-1.875667">
        <ele>17.6</ele>
        <time>2026-09-06T11:22:32Z</time>
        <extensions>
          <power>166</power>
          <gpxtpx:TrackPointExtension>
            <gpxtpx:hr>112</gpxtpx:hr>
            <gpxtpx:cad>83</gpxtpx:cad>
          </gpxtpx:TrackPointExtension>
        </extensions>
      </trkpt>
      <trkpt lat="43.314519" lon="-1.875476">
        <ele>17.8</ele>
        <time>2026-09-06T11:22:33Z</time>
        <extensions>
          <power>149</power>
          <gpxtpx:TrackPointExtension>
            <gpxtpx:hr>112</gpxtpx:hr>
            <gpxtpx:cad>86</gpxtpx:cad>
          </gpxtpx:TrackPointExtension>
        </extensions>
      </trkpt>
      <trkpt lat="43.314519" lon="-1.875476">
        <ele>17.8</ele>
        <time>2026-09-06T11:22:34Z</time>
        <extensions>
          <power>151</power>
          <gpxtpx:TrackPointExtension>
            <gpxtpx:hr>113</gpxtpx:hr>
            <gpxtpx:cad>88</gpxtpx:cad>
          </gpxtpx:TrackPointExtension>
        </extensions>
      </trkpt>
      <trkpt lat="43.314519" lon="-1.875476">
        <ele>17.8</ele>
        <time>2026-09-06T11:22:35Z</time>
        <extensions>
          <power>155</power>
          <gpxtpx:TrackPointExtension>
            <gpxtpx:hr>113</gpxtpx:hr>
            <gpxtpx:cad>87</gpxtpx:cad>
          </gpxtpx:TrackPointExtension>
        </extensions>
      </trkpt>
      <trkpt lat="43.314519" lon="-1.875476">
        <ele>17.8</ele>
        <time>2026-09-06T11:22:36Z</time>
        <extensions>
          <power>149</power>
          <gpxtpx:TrackPointExtension>
            <gpxtpx:hr>113</gpxtpx:hr>
            <gpxtpx:cad>85</gpxtpx:cad>
          </gpxtpx:TrackPointExtension>
        </extensions>
      </trkpt>
      <trkpt lat="43.314895" lon="-1.875200">
        <ele>18.2</ele>
        <time>2026-09-06T11:22:37Z</time>
        <extensions>
          <power>151</power>
          <gpxtpx:TrackPointExtension>
            <gpxtpx:hr>113</gpxtpx:hr>
            <gpxtpx:cad>86</gpxtpx:cad>
          </gpxtpx:TrackPointExtension>
        </extensions>
      </trkpt>
      <trkpt lat="43.314895" lon="-1.875200">
        <ele>18.2</ele>
        <time>2026-09-06T11:22:38Z</time>
        <extensions>
          <power>147</power>
          <gpxtpx:TrackPointExtension>
            <gpxtpx:hr>113</gpxtpx:hr>
            <gpxtpx:cad>86</gpxtpx:cad>
          </gpxtpx:TrackPointExtension>
        </extensions>
      </trkpt>
      <trkpt lat="43.314895" lon="-1.875200">
        <ele>18.2</ele>
        <time>2026-09-06T11:22:39Z</time>
        <extensions>
          <power>147</power>
          <gpxtpx:TrackPointExtension>
            <gpxtpx:hr>114</gpxtpx:hr>
            <gpxtpx:cad>85</gpxtpx:cad>
          </gpxtpx:TrackPointExtension>
        </extensions>
      </trkpt>
      <trkpt lat="43.314895" lon="-1.875200">
        <ele>18.2</ele>
        <time>2026-09-06T11:22:40Z</time>
        <extensions>
          <power>158</power>
          <gpxtpx:TrackPointExtension>
            <gpxtpx:hr>114</gpxtpx:hr>
            <gpxtpx:cad>85</gpxtpx:cad>
          </gpxtpx:TrackPointExtension>
        </extensions>
      </trkpt>
      <trkpt lat="43.314895" lon="-1.875200">
        <ele>18.2</ele>
        <time>2026-09-06T11:22:41Z</time>
        <extensions>
          <power>163</power>
          <gpxtpx:TrackPointExtension>
            <gpxtpx:hr>114</gpxtpx:hr>
            <gpxtpx:cad>86</gpxtpx:cad>
          </gpxtpx:TrackPointExtension>
        </extensions>
      </trkpt>
      <trkpt lat="43.314895" lon="-1.875200">
        <ele>18.2</ele>
        <time>2026-09-06T11:22:42Z</time>
        <extensions>
          <power>143</power>
          <gpxtpx:TrackPointExtension>
            <gpxtpx:hr>114</gpxtpx:hr>
            <gpxtpx:cad>85</gpxtpx:cad>
          </gpxtpx:TrackPointExtension>
        </extensions>
      </trkpt>
      <trkpt lat="43.314960" lon="-1.875166">
        <ele>18.0</ele>
        <time>2026-09-06T11:22:43Z</time>
        <extensions>
          <power>164</power>
          <gpxtpx:TrackPointExtension>
            <gpxtpx:hr>114</gpxtpx:hr>
            <gpxtpx:cad>86</gpxtpx:cad>
          </gpxtpx:TrackPointExtension>
        </extensions>
      </trkpt>
      <trkpt lat="43.315302" lon="-1.874964">
        <ele>16.6</ele>
        <time>2026-09-06T11:22:44Z</time>
        <extensions>
          <power>166</power>
          <gpxtpx:TrackPointExtension>
            <gpxtpx:hr>114</gpxtpx:hr>
            <gpxtpx:cad>87</gpxtpx:cad>
          </gpxtpx:TrackPointExtension>
        </extensions>
      </trkpt>
      <trkpt lat="43.315302" lon="-1.874964">
        <ele>16.6</ele>
        <time>2026-09-06T11:22:45Z</time>
        <extensions>
          <power>128</power>
          <gpxtpx:TrackPointExtension>
            <gpxtpx:hr>114</gpxtpx:hr>
            <gpxtpx:cad>87</gpxtpx:cad>
          </gpxtpx:TrackPointExtension>
        </extensions>
      </trkpt>
      <trkpt lat="43.315302" lon="-1.874964">
        <ele>16.6</ele>
        <time>2026-09-06T11:22:46Z</time>
        <extensions>
          <power>128</power>
          <gpxtpx:TrackPointExtension>
            <gpxtpx:hr>114</gpxtpx:hr>
            <gpxtpx:cad>88</gpxtpx:cad>
          </gpxtpx:TrackPointExtension>
        </extensions>
      </trkpt>
      <trkpt lat="43.315302" lon="-1.874964">
        <ele>16.6</ele>
        <time>2026-09-06T11:22:47Z</time>
        <extensions>
          <power>105</power>
          <gpxtpx:TrackPointExtension>
            <gpxtpx:hr>114</gpxtpx:hr>
            <gpxtpx:cad>89</gpxtpx:cad>
          </gpxtpx:TrackPointExtension>
        </extensions>
      </trkpt>
      <trkpt lat="43.315302" lon="-1.874964">
        <ele>16.6</ele>
        <time>2026-09-06T11:22:48Z</time>
        <extensions>
          <power>109</power>
          <gpxtpx:TrackPointExtension>
            <gpxtpx:hr>114</gpxtpx:hr>
            <gpxtpx:cad>91</gpxtpx:cad>
          </gpxtpx:TrackPointExtension>
        </extensions>
      </trkpt>
      <trkpt lat="43.315445" lon="-1.874884">
        <ele>16.4</ele>
        <time>2026-09-06T11:22:49Z</time>
        <extensions>
          <power>98</power>
          <gpxtpx:TrackPointExtension>
            <gpxtpx:hr>114</gpxtpx:hr>
            <gpxtpx:cad>91</gpxtpx:cad>
          </gpxtpx:TrackPointExtension>
        </extensions>
      </trkpt>
      <trkpt lat="43.315445" lon="-1.874884">
        <ele>16.4</ele>
        <time>2026-09-06T11:22:50Z</time>
        <extensions>
          <power>100</power>
          <gpxtpx:TrackPointExtension>
            <gpxtpx:hr>114</gpxtpx:hr>
            <gpxtpx:cad>90</gpxtpx:cad>
          </gpxtpx:TrackPointExtension>
        </extensions>
      </trkpt>
      <trkpt lat="43.315799" lon="-1.874684">
        <ele>16.6</ele>
        <time>2026-09-06T11:22:51Z</time>
        <extensions>
          <power>105</power>
          <gpxtpx:TrackPointExtension>
            <gpxtpx:hr>114</gpxtpx:hr>
            <gpxtpx:cad>91</gpxtpx:cad>
          </gpxtpx:TrackPointExtension>
        </extensions>
      </trkpt>
      <trkpt lat="43.315799" lon="-1.874684">
        <ele>16.6</ele>
        <time>2026-09-06T11:22:52Z</time>
        <extensions>
          <power>106</power>
          <gpxtpx:TrackPointExtension>
            <gpxtpx:hr>114</gpxtpx:hr>
            <gpxtpx:cad>90</gpxtpx:cad>
          </gpxtpx:TrackPointExtension>
        </extensions>
      </trkpt>
      <trkpt lat="43.315799" lon="-1.874684">
        <ele>16.6</ele>
        <time>2026-09-06T11:22:53Z</time>
        <extensions>
          <power>99</power>
          <gpxtpx:TrackPointExtension>
            <gpxtpx:hr>114</gpxtpx:hr>
            <gpxtpx:cad>90</gpxtpx:cad>
          </gpxtpx:TrackPointExtension>
        </extensions>
      </trkpt>
      <trkpt lat="43.315799" lon="-1.874684">
        <ele>16.6</ele>
        <time>2026-09-06T11:22:54Z</time>
        <extensions>
          <power>101</power>
          <gpxtpx:TrackPointExtension>
            <gpxtpx:hr>113</gpxtpx:hr>
            <gpxtpx:cad>90</gpxtpx:cad>
          </gpxtpx:TrackPointExtension>
        </extensions>
      </trkpt>
      <trkpt lat="43.315799" lon="-1.874684">
        <ele>16.6</ele>
        <time>2026-09-06T11:22:55Z</time>
        <extensions>
          <power>121</power>
          <gpxtpx:TrackPointExtension>
            <gpxtpx:hr>113</gpxtpx:hr>
            <gpxtpx:cad>91</gpxtpx:cad>
          </gpxtpx:TrackPointExtension>
        </extensions>
      </trkpt>
      <trkpt lat="43.316176" lon="-1.874451">
        <ele>17.8</ele>
        <time>2026-09-06T11:22:56Z</time>
        <extensions>
          <power>151</power>
          <gpxtpx:TrackPointExtension>
            <gpxtpx:hr>113</gpxtpx:hr>
            <gpxtpx:cad>93</gpxtpx:cad>
          </gpxtpx:TrackPointExtension>
        </extensions>
      </trkpt>
      <trkpt lat="43.316176" lon="-1.874451">
        <ele>17.8</ele>
        <time>2026-09-06T11:22:57Z</time>
        <extensions>
          <power>168</power>
          <gpxtpx:TrackPointExtension>
            <gpxtpx:hr>113</gpxtpx:hr>
            <gpxtpx:cad>88</gpxtpx:cad>
          </gpxtpx:TrackPointExtension>
        </extensions>
      </trkpt>
      <trkpt lat="43.316176" lon="-1.874451">
        <ele>17.8</ele>
        <time>2026-09-06T11:22:58Z</time>
        <extensions>
          <power>194</power>
          <gpxtpx:TrackPointExtension>
            <gpxtpx:hr>113</gpxtpx:hr>
            <gpxtpx:cad>85</gpxtpx:cad>
          </gpxtpx:TrackPointExtension>
        </extensions>
      </trkpt>
      <trkpt lat="43.316176" lon="-1.874451">
        <ele>17.8</ele>
        <time>2026-09-06T11:22:59Z</time>
        <extensions>
          <power>207</power>
          <gpxtpx:TrackPointExtension>
            <gpxtpx:hr>113</gpxtpx:hr>
            <gpxtpx:cad>85</gpxtpx:cad>
          </gpxtpx:TrackPointExtension>
        </extensions>
      </trkpt>
      <trkpt lat="43.316176" lon="-1.874451">
        <ele>17.8</ele>
        <time>2026-09-06T11:23:00Z</time>
        <extensions>
          <power>242</power>
          <gpxtpx:TrackPointExtension>
            <gpxtpx:hr>113</gpxtpx:hr>
            <gpxtpx:cad>84</gpxtpx:cad>
          </gpxtpx:TrackPointExtension>
        </extensions>
      </trkpt>
      <trkpt lat="43.316176" lon="-1.874451">
        <ele>17.8</ele>
        <time>2026-09-06T11:23:01Z</time>
        <extensions>
          <power>230</power>
          <gpxtpx:TrackPointExtension>
            <gpxtpx:hr>113</gpxtpx:hr>
            <gpxtpx:cad>83</gpxtpx:cad>
          </gpxtpx:TrackPointExtension>
        </extensions>
      </trkpt>
      <trkpt lat="43.316240" lon="-1.874410">
        <ele>18.0</ele>
        <time>2026-09-06T11:23:02Z</time>
        <extensions>
          <power>239</power>
          <gpxtpx:TrackPointExtension>
            <gpxtpx:hr>112</gpxtpx:hr>
            <gpxtpx:cad>84</gpxtpx:cad>
          </gpxtpx:TrackPointExtension>
        </extensions>
      </trkpt>
      <trkpt lat="43.316746" lon="-1.874074">
        <ele>18.4</ele>
        <time>2026-09-06T11:23:03Z</time>
        <extensions>
          <power>211</power>
          <gpxtpx:TrackPointExtension>
            <gpxtpx:hr>112</gpxtpx:hr>
            <gpxtpx:cad>84</gpxtpx:cad>
          </gpxtpx:TrackPointExtension>
        </extensions>
      </trkpt>
      <trkpt lat="43.316746" lon="-1.874074">
        <ele>18.4</ele>
        <time>2026-09-06T11:23:04Z</time>
        <extensions>
          <power>221</power>
          <gpxtpx:TrackPointExtension>
            <gpxtpx:hr>112</gpxtpx:hr>
            <gpxtpx:cad>84</gpxtpx:cad>
          </gpxtpx:TrackPointExtension>
        </extensions>
      </trkpt>
      <trkpt lat="43.316746" lon="-1.874074">
        <ele>18.4</ele>
        <time>2026-09-06T11:23:05Z</time>
        <extensions>
          <power>191</power>
          <gpxtpx:TrackPointExtension>
            <gpxtpx:hr>112</gpxtpx:hr>
            <gpxtpx:cad>84</gpxtpx:cad>
          </gpxtpx:TrackPointExtension>
        </extensions>
      </trkpt>
      <trkpt lat="43.316746" lon="-1.874074">
        <ele>18.4</ele>
        <time>2026-09-06T11:23:06Z</time>
        <extensions>
          <power>170</power>
          <gpxtpx:TrackPointExtension>
            <gpxtpx:hr>112</gpxtpx:hr>
            <gpxtpx:cad>84</gpxtpx:cad>
          </gpxtpx:TrackPointExtension>
        </extensions>
      </trkpt>
      <trkpt lat="43.316746" lon="-1.874074">
        <ele>18.4</ele>
        <time>2026-09-06T11:23:07Z</time>
        <extensions>
          <power>137</power>
          <gpxtpx:TrackPointExtension>
            <gpxtpx:hr>111</gpxtpx:hr>
            <gpxtpx:cad>86</gpxtpx:cad>
          </gpxtpx:TrackPointExtension>
        </extensions>
      </trkpt>
      <trkpt lat="43.316746" lon="-1.874074">
        <ele>18.4</ele>
        <time>2026-09-06T11:23:08Z</time>
        <extensions>
          <power>151</power>
          <gpxtpx:TrackPointExtension>
            <gpxtpx:hr>111</gpxtpx:hr>
            <gpxtpx:cad>88</gpxtpx:cad>
          </gpxtpx:TrackPointExtension>
        </extensions>
      </trkpt>
      <trkpt lat="43.316746" lon="-1.874074">
        <ele>18.4</ele>
        <time>2026-09-06T11:23:09Z</time>
        <extensions>
          <power>176</power>
          <gpxtpx:TrackPointExtension>
            <gpxtpx:hr>111</gpxtpx:hr>
            <gpxtpx:cad>88</gpxtpx:cad>
          </gpxtpx:TrackPointExtension>
        </extensions>
      </trkpt>
      <trkpt lat="43.316746" lon="-1.874074">
        <ele>18.4</ele>
        <time>2026-09-06T11:23:10Z</time>
        <extensions>
          <power>169</power>
          <gpxtpx:TrackPointExtension>
            <gpxtpx:hr>111</gpxtpx:hr>
            <gpxtpx:cad>86</gpxtpx:cad>
          </gpxtpx:TrackPointExtension>
        </extensions>
      </trkpt>
      <trkpt lat="43.316807" lon="-1.874035">
        <ele>18.6</ele>
        <time>2026-09-06T11:23:11Z</time>
        <extensions>
          <power>161</power>
          <gpxtpx:TrackPointExtension>
            <gpxtpx:hr>110</gpxtpx:hr>
            <gpxtpx:cad>88</gpxtpx:cad>
          </gpxtpx:TrackPointExtension>
        </extensions>
      </trkpt>
      <trkpt lat="43.316926" lon="-1.873938">
        <ele>18.8</ele>
        <time>2026-09-06T11:23:12Z</time>
        <extensions>
          <power>152</power>
          <gpxtpx:TrackPointExtension>
            <gpxtpx:hr>109</gpxtpx:hr>
            <gpxtpx:cad>88</gpxtpx:cad>
          </gpxtpx:TrackPointExtension>
        </extensions>
      </trkpt>
      <trkpt lat="43.316926" lon="-1.873938">
        <ele>18.8</ele>
        <time>2026-09-06T11:23:13Z</time>
        <extensions>
          <power>166</power>
          <gpxtpx:TrackPointExtension>
            <gpxtpx:hr>109</gpxtpx:hr>
            <gpxtpx:cad>87</gpxtpx:cad>
          </gpxtpx:TrackPointExtension>
        </extensions>
      </trkpt>
      <trkpt lat="43.317088" lon="-1.873766">
        <ele>18.6</ele>
        <time>2026-09-06T11:23:14Z</time>
        <extensions>
          <power>195</power>
          <gpxtpx:TrackPointExtension>
            <gpxtpx:hr>109</gpxtpx:hr>
            <gpxtpx:cad>87</gpxtpx:cad>
          </gpxtpx:TrackPointExtension>
        </extensions>
      </trkpt>
      <trkpt lat="43.317088" lon="-1.873766">
        <ele>18.6</ele>
        <time>2026-09-06T11:23:15Z</time>
        <extensions>
          <power>164</power>
          <gpxtpx:TrackPointExtension>
            <gpxtpx:hr>109</gpxtpx:hr>
            <gpxtpx:cad>85</gpxtpx:cad>
          </gpxtpx:TrackPointExtension>
        </extensions>
      </trkpt>
      <trkpt lat="43.317088" lon="-1.873766">
        <ele>18.6</ele>
        <time>2026-09-06T11:23:16Z</time>
        <extensions>
          <power>138</power>
          <gpxtpx:TrackPointExtension>
            <gpxtpx:hr>109</gpxtpx:hr>
            <gpxtpx:cad>86</gpxtpx:cad>
          </gpxtpx:TrackPointExtension>
        </extensions>
      </trkpt>
      <trkpt lat="43.317138" lon="-1.873700">
        <ele>18.8</ele>
        <time>2026-09-06T11:23:17Z</time>
        <extensions>
          <power>106</power>
          <gpxtpx:TrackPointExtension>
            <gpxtpx:hr>109</gpxtpx:hr>
            <gpxtpx:cad>89</gpxtpx:cad>
          </gpxtpx:TrackPointExtension>
        </extensions>
      </trkpt>
      <trkpt lat="43.317345" lon="-1.873333">
        <ele>19.4</ele>
        <time>2026-09-06T11:23:18Z</time>
        <extensions>
          <power>134</power>
          <gpxtpx:TrackPointExtension>
            <gpxtpx:hr>108</gpxtpx:hr>
            <gpxtpx:cad>90</gpxtpx:cad>
          </gpxtpx:TrackPointExtension>
        </extensions>
      </trkpt>
      <trkpt lat="43.317345" lon="-1.873333">
        <ele>19.4</ele>
        <time>2026-09-06T11:23:19Z</time>
        <extensions>
          <power>131</power>
          <gpxtpx:TrackPointExtension>
            <gpxtpx:hr>108</gpxtpx:hr>
            <gpxtpx:cad>91</gpxtpx:cad>
          </gpxtpx:TrackPointExtension>
        </extensions>
      </trkpt>
      <trkpt lat="43.317345" lon="-1.873333">
        <ele>19.4</ele>
        <time>2026-09-06T11:23:20Z</time>
        <extensions>
          <power>126</power>
          <gpxtpx:TrackPointExtension>
            <gpxtpx:hr>108</gpxtpx:hr>
            <gpxtpx:cad>93</gpxtpx:cad>
          </gpxtpx:TrackPointExtension>
        </extensions>
      </trkpt>
      <trkpt lat="43.317345" lon="-1.873333">
        <ele>19.4</ele>
        <time>2026-09-06T11:23:21Z</time>
        <extensions>
          <power>199</power>
          <gpxtpx:TrackPointExtension>
            <gpxtpx:hr>107</gpxtpx:hr>
            <gpxtpx:cad>93</gpxtpx:cad>
          </gpxtpx:TrackPointExtension>
        </extensions>
      </trkpt>
      <trkpt lat="43.317439" lon="-1.873091">
        <ele>19.6</ele>
        <time>2026-09-06T11:23:22Z</time>
        <extensions>
          <power>178</power>
          <gpxtpx:TrackPointExtension>
            <gpxtpx:hr>107</gpxtpx:hr>
            <gpxtpx:cad>89</gpxtpx:cad>
          </gpxtpx:TrackPointExtension>
        </extensions>
      </trkpt>
      <trkpt lat="43.317439" lon="-1.873091">
        <ele>19.6</ele>
        <time>2026-09-06T11:23:23Z</time>
        <extensions>
          <power>190</power>
          <gpxtpx:TrackPointExtension>
            <gpxtpx:hr>107</gpxtpx:hr>
            <gpxtpx:cad>87</gpxtpx:cad>
          </gpxtpx:TrackPointExtension>
        </extensions>
      </trkpt>
      <trkpt lat="43.317439" lon="-1.873091">
        <ele>19.6</ele>
        <time>2026-09-06T11:23:24Z</time>
        <extensions>
          <power>181</power>
          <gpxtpx:TrackPointExtension>
            <gpxtpx:hr>107</gpxtpx:hr>
            <gpxtpx:cad>86</gpxtpx:cad>
          </gpxtpx:TrackPointExtension>
        </extensions>
      </trkpt>
      <trkpt lat="43.317506" lon="-1.872938">
        <ele>20.0</ele>
        <time>2026-09-06T11:23:25Z</time>
        <extensions>
          <power>176</power>
          <gpxtpx:TrackPointExtension>
            <gpxtpx:hr>107</gpxtpx:hr>
            <gpxtpx:cad>86</gpxtpx:cad>
          </gpxtpx:TrackPointExtension>
        </extensions>
      </trkpt>
      <trkpt lat="43.317506" lon="-1.872938">
        <ele>20.0</ele>
        <time>2026-09-06T11:23:26Z</time>
        <extensions>
          <power>177</power>
          <gpxtpx:TrackPointExtension>
            <gpxtpx:hr>107</gpxtpx:hr>
            <gpxtpx:cad>85</gpxtpx:cad>
          </gpxtpx:TrackPointExtension>
        </extensions>
      </trkpt>
      <trkpt lat="43.317548" lon="-1.872774">
        <ele>20.2</ele>
        <time>2026-09-06T11:23:27Z</time>
        <extensions>
          <power>200</power>
          <gpxtpx:TrackPointExtension>
            <gpxtpx:hr>107</gpxtpx:hr>
            <gpxtpx:cad>86</gpxtpx:cad>
          </gpxtpx:TrackPointExtension>
        </extensions>
      </trkpt>
      <trkpt lat="43.317548" lon="-1.872774">
        <ele>20.2</ele>
        <time>2026-09-06T11:23:28Z</time>
        <extensions>
          <power>263</power>
          <gpxtpx:TrackPointExtension>
            <gpxtpx:hr>107</gpxtpx:hr>
            <gpxtpx:cad>87</gpxtpx:cad>
          </gpxtpx:TrackPointExtension>
        </extensions>
      </trkpt>
      <trkpt lat="43.317612" lon="-1.872521">
        <ele>20.6</ele>
        <time>2026-09-06T11:23:29Z</time>
        <extensions>
          <power>218</power>
          <gpxtpx:TrackPointExtension>
            <gpxtpx:hr>107</gpxtpx:hr>
            <gpxtpx:cad>85</gpxtpx:cad>
          </gpxtpx:TrackPointExtension>
        </extensions>
      </trkpt>
      <trkpt lat="43.317612" lon="-1.872521">
        <ele>20.6</ele>
        <time>2026-09-06T11:23:30Z</time>
        <extensions>
          <power>174</power>
          <gpxtpx:TrackPointExtension>
            <gpxtpx:hr>107</gpxtpx:hr>
            <gpxtpx:cad>85</gpxtpx:cad>
          </gpxtpx:TrackPointExtension>
        </extensions>
      </trkpt>
      <trkpt lat="43.317612" lon="-1.872521">
        <ele>20.6</ele>
        <time>2026-09-06T11:23:31Z</time>
        <extensions>
          <power>202</power>
          <gpxtpx:TrackPointExtension>
            <gpxtpx:hr>107</gpxtpx:hr>
            <gpxtpx:cad>87</gpxtpx:cad>
          </gpxtpx:TrackPointExtension>
        </extensions>
      </trkpt>
      <trkpt lat="43.317648" lon="-1.872353">
        <ele>21.2</ele>
        <time>2026-09-06T11:23:32Z</time>
        <extensions>
          <power>236</power>
          <gpxtpx:TrackPointExtension>
            <gpxtpx:hr>107</gpxtpx:hr>
            <gpxtpx:cad>87</gpxtpx:cad>
          </gpxtpx:TrackPointExtension>
        </extensions>
      </trkpt>
      <trkpt lat="43.317703" lon="-1.872040">
        <ele>22.2</ele>
        <time>2026-09-06T11:23:33Z</time>
        <extensions>
          <power>234</power>
          <gpxtpx:TrackPointExtension>
            <gpxtpx:hr>107</gpxtpx:hr>
            <gpxtpx:cad>84</gpxtpx:cad>
          </gpxtpx:TrackPointExtension>
        </extensions>
      </trkpt>
      <trkpt lat="43.317703" lon="-1.872040">
        <ele>22.2</ele>
        <time>2026-09-06T11:23:34Z</time>
        <extensions>
          <power>312</power>
          <gpxtpx:TrackPointExtension>
            <gpxtpx:hr>107</gpxtpx:hr>
            <gpxtpx:cad>83</gpxtpx:cad>
          </gpxtpx:TrackPointExtension>
        </extensions>
      </trkpt>
      <trkpt lat="43.317703" lon="-1.872040">
        <ele>22.2</ele>
        <time>2026-09-06T11:23:35Z</time>
        <extensions>
          <power>311</power>
          <gpxtpx:TrackPointExtension>
            <gpxtpx:hr>107</gpxtpx:hr>
            <gpxtpx:cad>82</gpxtpx:cad>
          </gpxtpx:TrackPointExtension>
        </extensions>
      </trkpt>
      <trkpt lat="43.317703" lon="-1.872040">
        <ele>22.2</ele>
        <time>2026-09-06T11:23:36Z</time>
        <extensions>
          <power>283</power>
          <gpxtpx:TrackPointExtension>
            <gpxtpx:hr>107</gpxtpx:hr>
            <gpxtpx:cad>82</gpxtpx:cad>
          </gpxtpx:TrackPointExtension>
        </extensions>
      </trkpt>
      <trkpt lat="43.317747" lon="-1.871888">
        <ele>22.6</ele>
        <time>2026-09-06T11:23:37Z</time>
        <extensions>
          <power>318</power>
          <gpxtpx:TrackPointExtension>
            <gpxtpx:hr>107</gpxtpx:hr>
            <gpxtpx:cad>82</gpxtpx:cad>
          </gpxtpx:TrackPointExtension>
        </extensions>
      </trkpt>
      <trkpt lat="43.317747" lon="-1.871888">
        <ele>22.6</ele>
        <time>2026-09-06T11:23:38Z</time>
        <extensions>
          <power>263</power>
          <gpxtpx:TrackPointExtension>
            <gpxtpx:hr>108</gpxtpx:hr>
            <gpxtpx:cad>82</gpxtpx:cad>
          </gpxtpx:TrackPointExtension>
        </extensions>
      </trkpt>
      <trkpt lat="43.317826" lon="-1.871586">
        <ele>23.4</ele>
        <time>2026-09-06T11:23:39Z</time>
        <extensions>
          <power>285</power>
          <gpxtpx:TrackPointExtension>
            <gpxtpx:hr>108</gpxtpx:hr>
            <gpxtpx:cad>82</gpxtpx:cad>
          </gpxtpx:TrackPointExtension>
        </extensions>
      </trkpt>
      <trkpt lat="43.317826" lon="-1.871586">
        <ele>23.4</ele>
        <time>2026-09-06T11:23:40Z</time>
        <extensions>
          <power>264</power>
          <gpxtpx:TrackPointExtension>
            <gpxtpx:hr>109</gpxtpx:hr>
            <gpxtpx:cad>83</gpxtpx:cad>
          </gpxtpx:TrackPointExtension>
        </extensions>
      </trkpt>
      <trkpt lat="43.317826" lon="-1.871586">
        <ele>23.4</ele>
        <time>2026-09-06T11:23:41Z</time>
        <extensions>
          <power>258</power>
          <gpxtpx:TrackPointExtension>
            <gpxtpx:hr>109</gpxtpx:hr>
            <gpxtpx:cad>84</gpxtpx:cad>
          </gpxtpx:TrackPointExtension>
        </extensions>
      </trkpt>
      <trkpt lat="43.317904" lon="-1.871216">
        <ele>24.4</ele>
        <time>2026-09-06T11:23:42Z</time>
        <extensions>
          <power>261</power>
          <gpxtpx:TrackPointExtension>
            <gpxtpx:hr>110</gpxtpx:hr>
            <gpxtpx:cad>83</gpxtpx:cad>
          </gpxtpx:TrackPointExtension>
        </extensions>
      </trkpt>
      <trkpt lat="43.317904" lon="-1.871216">
        <ele>24.4</ele>
        <time>2026-09-06T11:23:43Z</time>
        <extensions>
          <power>260</power>
          <gpxtpx:TrackPointExtension>
            <gpxtpx:hr>110</gpxtpx:hr>
            <gpxtpx:cad>83</gpxtpx:cad>
          </gpxtpx:TrackPointExtension>
        </extensions>
      </trkpt>
      <trkpt lat="43.317904" lon="-1.871216">
        <ele>24.4</ele>
        <time>2026-09-06T11:23:44Z</time>
        <extensions>
          <power>270</power>
          <gpxtpx:TrackPointExtension>
            <gpxtpx:hr>111</gpxtpx:hr>
            <gpxtpx:cad>83</gpxtpx:cad>
          </gpxtpx:TrackPointExtension>
        </extensions>
      </trkpt>
      <trkpt lat="43.317904" lon="-1.871216">
        <ele>24.4</ele>
        <time>2026-09-06T11:23:45Z</time>
        <extensions>
          <power>273</power>
          <gpxtpx:TrackPointExtension>
            <gpxtpx:hr>111</gpxtpx:hr>
            <gpxtpx:cad>83</gpxtpx:cad>
          </gpxtpx:TrackPointExtension>
        </extensions>
      </trkpt>
      <trkpt lat="43.317931" lon="-1.871071">
        <ele>24.6</ele>
        <time>2026-09-06T11:23:46Z</time>
        <extensions>
          <power>255</power>
          <gpxtpx:TrackPointExtension>
            <gpxtpx:hr>112</gpxtpx:hr>
            <gpxtpx:cad>82</gpxtpx:cad>
          </gpxtpx:TrackPointExtension>
        </extensions>
      </trkpt>
      <trkpt lat="43.317931" lon="-1.871071">
        <ele>24.6</ele>
        <time>2026-09-06T11:23:47Z</time>
        <extensions>
          <power>262</power>
          <gpxtpx:TrackPointExtension>
            <gpxtpx:hr>113</gpxtpx:hr>
            <gpxtpx:cad>81</gpxtpx:cad>
          </gpxtpx:TrackPointExtension>
        </extensions>
      </trkpt>
      <trkpt lat="43.317972" lon="-1.870855">
        <ele>25.4</ele>
        <time>2026-09-06T11:23:48Z</time>
        <extensions>
          <power>223</power>
          <gpxtpx:TrackPointExtension>
            <gpxtpx:hr>113</gpxtpx:hr>
            <gpxtpx:cad>83</gpxtpx:cad>
          </gpxtpx:TrackPointExtension>
        </extensions>
      </trkpt>
      <trkpt lat="43.317972" lon="-1.870855">
        <ele>25.4</ele>
        <time>2026-09-06T11:23:49Z</time>
        <extensions>
          <power>225</power>
          <gpxtpx:TrackPointExtension>
            <gpxtpx:hr>113</gpxtpx:hr>
            <gpxtpx:cad>84</gpxtpx:cad>
          </gpxtpx:TrackPointExtension>
        </extensions>
      </trkpt>
      <trkpt lat="43.318059" lon="-1.870507">
        <ele>26.6</ele>
        <time>2026-09-06T11:23:50Z</time>
        <extensions>
          <power>258</power>
          <gpxtpx:TrackPointExtension>
            <gpxtpx:hr>114</gpxtpx:hr>
            <gpxtpx:cad>82</gpxtpx:cad>
          </gpxtpx:TrackPointExtension>
        </extensions>
      </trkpt>
      <trkpt lat="43.318059" lon="-1.870507">
        <ele>26.6</ele>
        <time>2026-09-06T11:23:51Z</time>
        <extensions>
          <power>267</power>
          <gpxtpx:TrackPointExtension>
            <gpxtpx:hr>114</gpxtpx:hr>
            <gpxtpx:cad>81</gpxtpx:cad>
          </gpxtpx:TrackPointExtension>
        </extensions>
      </trkpt>
      <trkpt lat="43.318059" lon="-1.870507">
        <ele>26.6</ele>
        <time>2026-09-06T11:23:52Z</time>
        <extensions>
          <power>315</power>
          <gpxtpx:TrackPointExtension>
            <gpxtpx:hr>114</gpxtpx:hr>
            <gpxtpx:cad>81</gpxtpx:cad>
          </gpxtpx:TrackPointExtension>
        </extensions>
      </trkpt>
      <trkpt lat="43.318059" lon="-1.870507">
        <ele>26.6</ele>
        <time>2026-09-06T11:23:53Z</time>
        <extensions>
          <power>276</power>
          <gpxtpx:TrackPointExtension>
            <gpxtpx:hr>114</gpxtpx:hr>
            <gpxtpx:cad>81</gpxtpx:cad>
          </gpxtpx:TrackPointExtension>
        </extensions>
      </trkpt>
      <trkpt lat="43.318080" lon="-1.870440">
        <ele>26.8</ele>
        <time>2026-09-06T11:23:54Z</time>
        <extensions>
          <power>264</power>
          <gpxtpx:TrackPointExtension>
            <gpxtpx:hr>115</gpxtpx:hr>
            <gpxtpx:cad>81</gpxtpx:cad>
          </gpxtpx:TrackPointExtension>
        </extensions>
      </trkpt>
      <trkpt lat="43.318207" lon="-1.870034">
        <ele>27.4</ele>
        <time>2026-09-06T11:23:55Z</time>
        <extensions>
          <power>263</power>
          <gpxtpx:TrackPointExtension>
            <gpxtpx:hr>115</gpxtpx:hr>
            <gpxtpx:cad>81</gpxtpx:cad>
          </gpxtpx:TrackPointExtension>
        </extensions>
      </trkpt>
      <trkpt lat="43.318207" lon="-1.870034">
        <ele>27.4</ele>
        <time>2026-09-06T11:23:56Z</time>
        <extensions>
          <power>272</power>
          <gpxtpx:TrackPointExtension>
            <gpxtpx:hr>115</gpxtpx:hr>
            <gpxtpx:cad>82</gpxtpx:cad>
          </gpxtpx:TrackPointExtension>
        </extensions>
      </trkpt>
      <trkpt lat="43.318207" lon="-1.870034">
        <ele>27.4</ele>
        <time>2026-09-06T11:23:57Z</time>
        <extensions>
          <power>237</power>
          <gpxtpx:TrackPointExtension>
            <gpxtpx:hr>116</gpxtpx:hr>
            <gpxtpx:cad>83</gpxtpx:cad>
          </gpxtpx:TrackPointExtension>
        </extensions>
      </trkpt>
      <trkpt lat="43.318207" lon="-1.870034">
        <ele>27.4</ele>
        <time>2026-09-06T11:23:58Z</time>
        <extensions>
          <power>181</power>
          <gpxtpx:TrackPointExtension>
            <gpxtpx:hr>116</gpxtpx:hr>
            <gpxtpx:cad>84</gpxtpx:cad>
          </gpxtpx:TrackPointExtension>
        </extensions>
      </trkpt>
      <trkpt lat="43.318207" lon="-1.870034">
        <ele>27.4</ele>
        <time>2026-09-06T11:23:59Z</time>
        <extensions>
          <power>169</power>
          <gpxtpx:TrackPointExtension>
            <gpxtpx:hr>116</gpxtpx:hr>
            <gpxtpx:cad>84</gpxtpx:cad>
          </gpxtpx:TrackPointExtension>
        </extensions>
      </trkpt>
      <trkpt lat="43.318345" lon="-1.869719">
        <ele>27.6</ele>
        <time>2026-09-06T11:24:00Z</time>
        <extensions>
          <power>170</power>
          <gpxtpx:TrackPointExtension>
            <gpxtpx:hr>117</gpxtpx:hr>
            <gpxtpx:cad>85</gpxtpx:cad>
          </gpxtpx:TrackPointExtension>
        </extensions>
      </trkpt>
      <trkpt lat="43.318345" lon="-1.869719">
        <ele>27.6</ele>
        <time>2026-09-06T11:24:01Z</time>
        <extensions>
          <power>167</power>
          <gpxtpx:TrackPointExtension>
            <gpxtpx:hr>117</gpxtpx:hr>
            <gpxtpx:cad>85</gpxtpx:cad>
          </gpxtpx:TrackPointExtension>
        </extensions>
      </trkpt>
      <trkpt lat="43.318345" lon="-1.869719">
        <ele>27.6</ele>
        <time>2026-09-06T11:24:02Z</time>
        <extensions>
          <power>143</power>
          <gpxtpx:TrackPointExtension>
            <gpxtpx:hr>117</gpxtpx:hr>
            <gpxtpx:cad>83</gpxtpx:cad>
          </gpxtpx:TrackPointExtension>
        </extensions>
      </trkpt>
      <trkpt lat="43.318345" lon="-1.869719">
        <ele>27.6</ele>
        <time>2026-09-06T11:24:03Z</time>
        <extensions>
          <power>152</power>
          <gpxtpx:TrackPointExtension>
            <gpxtpx:hr>117</gpxtpx:hr>
            <gpxtpx:cad>85</gpxtpx:cad>
          </gpxtpx:TrackPointExtension>
        </extensions>
      </trkpt>
      <trkpt lat="43.318405" lon="-1.869596">
        <ele>28.0</ele>
        <time>2026-09-06T11:24:04Z</time>
        <extensions>
          <power>158</power>
          <gpxtpx:TrackPointExtension>
            <gpxtpx:hr>118</gpxtpx:hr>
            <gpxtpx:cad>86</gpxtpx:cad>
          </gpxtpx:TrackPointExtension>
        </extensions>
      </trkpt>
      <trkpt lat="43.318505" lon="-1.869384">
        <ele>28.6</ele>
        <time>2026-09-06T11:24:05Z</time>
        <extensions>
          <power>169</power>
          <gpxtpx:TrackPointExtension>
            <gpxtpx:hr>118</gpxtpx:hr>
            <gpxtpx:cad>85</gpxtpx:cad>
          </gpxtpx:TrackPointExtension>
        </extensions>
      </trkpt>
      <trkpt lat="43.318505" lon="-1.869384">
        <ele>28.6</ele>
        <time>2026-09-06T11:24:06Z</time>
        <extensions>
          <power>226</power>
          <gpxtpx:TrackPointExtension>
            <gpxtpx:hr>118</gpxtpx:hr>
            <gpxtpx:cad>85</gpxtpx:cad>
          </gpxtpx:TrackPointExtension>
        </extensions>
      </trkpt>
      <trkpt lat="43.318505" lon="-1.869384">
        <ele>28.6</ele>
        <time>2026-09-06T11:24:07Z</time>
        <extensions>
          <power>227</power>
          <gpxtpx:TrackPointExtension>
            <gpxtpx:hr>118</gpxtpx:hr>
            <gpxtpx:cad>83</gpxtpx:cad>
          </gpxtpx:TrackPointExtension>
        </extensions>
      </trkpt>
      <trkpt lat="43.318674" lon="-1.869101">
        <ele>29.8</ele>
        <time>2026-09-06T11:24:08Z</time>
        <extensions>
          <power>223</power>
          <gpxtpx:TrackPointExtension>
            <gpxtpx:hr>118</gpxtpx:hr>
            <gpxtpx:cad>82</gpxtpx:cad>
          </gpxtpx:TrackPointExtension>
        </extensions>
      </trkpt>
      <trkpt lat="43.318674" lon="-1.869101">
        <ele>29.8</ele>
        <time>2026-09-06T11:24:09Z</time>
        <extensions>
          <power>233</power>
          <gpxtpx:TrackPointExtension>
            <gpxtpx:hr>119</gpxtpx:hr>
            <gpxtpx:cad>82</gpxtpx:cad>
          </gpxtpx:TrackPointExtension>
        </extensions>
      </trkpt>
      <trkpt lat="43.318674" lon="-1.869101">
        <ele>29.8</ele>
        <time>2026-09-06T11:24:10Z</time>
        <extensions>
          <power>274</power>
          <gpxtpx:TrackPointExtension>
            <gpxtpx:hr>118</gpxtpx:hr>
            <gpxtpx:cad>81</gpxtpx:cad>
          </gpxtpx:TrackPointExtension>
        </extensions>
      </trkpt>
      <trkpt lat="43.318674" lon="-1.869101">
        <ele>29.8</ele>
        <time>2026-09-06T11:24:11Z</time>
        <extensions>
          <power>285</power>
          <gpxtpx:TrackPointExtension>
            <gpxtpx:hr>119</gpxtpx:hr>
            <gpxtpx:cad>81</gpxtpx:cad>
          </gpxtpx:TrackPointExtension>
        </extensions>
      </trkpt>
      <trkpt lat="43.318847" lon="-1.868883">
        <ele>30.8</ele>
        <time>2026-09-06T11:24:12Z</time>
        <extensions>
          <power>272</power>
          <gpxtpx:TrackPointExtension>
            <gpxtpx:hr>119</gpxtpx:hr>
            <gpxtpx:cad>82</gpxtpx:cad>
          </gpxtpx:TrackPointExtension>
        </extensions>
      </trkpt>
      <trkpt lat="43.318847" lon="-1.868883">
        <ele>30.8</ele>
        <time>2026-09-06T11:24:13Z</time>
        <extensions>
          <power>267</power>
          <gpxtpx:TrackPointExtension>
            <gpxtpx:hr>119</gpxtpx:hr>
            <gpxtpx:cad>82</gpxtpx:cad>
          </gpxtpx:TrackPointExtension>
        </extensions>
      </trkpt>
      <trkpt lat="43.318847" lon="-1.868883">
        <ele>30.8</ele>
        <time>2026-09-06T11:24:14Z</time>
        <extensions>
          <power>257</power>
          <gpxtpx:TrackPointExtension>
            <gpxtpx:hr>119</gpxtpx:hr>
            <gpxtpx:cad>82</gpxtpx:cad>
          </gpxtpx:TrackPointExtension>
        </extensions>
      </trkpt>
      <trkpt lat="43.318960" lon="-1.868753">
        <ele>31.4</ele>
        <time>2026-09-06T11:24:15Z</time>
        <extensions>
          <power>247</power>
          <gpxtpx:TrackPointExtension>
            <gpxtpx:hr>119</gpxtpx:hr>
            <gpxtpx:cad>83</gpxtpx:cad>
          </gpxtpx:TrackPointExtension>
        </extensions>
      </trkpt>
      <trkpt lat="43.318960" lon="-1.868753">
        <ele>31.4</ele>
        <time>2026-09-06T11:24:16Z</time>
        <extensions>
          <power>238</power>
          <gpxtpx:TrackPointExtension>
            <gpxtpx:hr>119</gpxtpx:hr>
            <gpxtpx:cad>82</gpxtpx:cad>
          </gpxtpx:TrackPointExtension>
        </extensions>
      </trkpt>
      <trkpt lat="43.318960" lon="-1.868753">
        <ele>31.4</ele>
        <time>2026-09-06T11:24:17Z</time>
        <extensions>
          <power>234</power>
          <gpxtpx:TrackPointExtension>
            <gpxtpx:hr>119</gpxtpx:hr>
            <gpxtpx:cad>83</gpxtpx:cad>
          </gpxtpx:TrackPointExtension>
        </extensions>
      </trkpt>
      <trkpt lat="43.319064" lon="-1.868622">
        <ele>32.0</ele>
        <time>2026-09-06T11:24:18Z</time>
        <extensions>
          <power>233</power>
          <gpxtpx:TrackPointExtension>
            <gpxtpx:hr>119</gpxtpx:hr>
            <gpxtpx:cad>82</gpxtpx:cad>
          </gpxtpx:TrackPointExtension>
        </extensions>
      </trkpt>
      <trkpt lat="43.319064" lon="-1.868622">
        <ele>32.0</ele>
        <time>2026-09-06T11:24:19Z</time>
        <extensions>
          <power>252</power>
          <gpxtpx:TrackPointExtension>
            <gpxtpx:hr>119</gpxtpx:hr>
            <gpxtpx:cad>82</gpxtpx:cad>
          </gpxtpx:TrackPointExtension>
        </extensions>
      </trkpt>
      <trkpt lat="43.319208" lon="-1.868458">
        <ele>32.8</ele>
        <time>2026-09-06T11:24:20Z</time>
        <extensions>
          <power>242</power>
          <gpxtpx:TrackPointExtension>
            <gpxtpx:hr>119</gpxtpx:hr>
            <gpxtpx:cad>83</gpxtpx:cad>
          </gpxtpx:TrackPointExtension>
        </extensions>
      </trkpt>
      <trkpt lat="43.319208" lon="-1.868458">
        <ele>32.8</ele>
        <time>2026-09-06T11:24:21Z</time>
        <extensions>
          <power>241</power>
          <gpxtpx:TrackPointExtension>
            <gpxtpx:hr>119</gpxtpx:hr>
            <gpxtpx:cad>82</gpxtpx:cad>
          </gpxtpx:TrackPointExtension>
        </extensions>
      </trkpt>
      <trkpt lat="43.319244" lon="-1.868415">
        <ele>33.4</ele>
        <time>2026-09-06T11:24:22Z</time>
        <extensions>
          <power>244</power>
          <gpxtpx:TrackPointExtension>
            <gpxtpx:hr>119</gpxtpx:hr>
            <gpxtpx:cad>82</gpxtpx:cad>
          </gpxtpx:TrackPointExtension>
        </extensions>
      </trkpt>
      <trkpt lat="43.319412" lon="-1.868190">
        <ele>34.6</ele>
        <time>2026-09-06T11:24:23Z</time>
        <extensions>
          <power>261</power>
          <gpxtpx:TrackPointExtension>
            <gpxtpx:hr>119</gpxtpx:hr>
            <gpxtpx:cad>81</gpxtpx:cad>
          </gpxtpx:TrackPointExtension>
        </extensions>
      </trkpt>
      <trkpt lat="43.319412" lon="-1.868190">
        <ele>34.6</ele>
        <time>2026-09-06T11:24:24Z</time>
        <extensions>
          <power>305</power>
          <gpxtpx:TrackPointExtension>
            <gpxtpx:hr>119</gpxtpx:hr>
            <gpxtpx:cad>79</gpxtpx:cad>
          </gpxtpx:TrackPointExtension>
        </extensions>
      </trkpt>
      <trkpt lat="43.319412" lon="-1.868190">
        <ele>34.6</ele>
        <time>2026-09-06T11:24:25Z</time>
        <extensions>
          <power>288</power>
          <gpxtpx:TrackPointExtension>
            <gpxtpx:hr>119</gpxtpx:hr>
            <gpxtpx:cad>79</gpxtpx:cad>
          </gpxtpx:TrackPointExtension>
        </extensions>
      </trkpt>
      <trkpt lat="43.319412" lon="-1.868190">
        <ele>34.6</ele>
        <time>2026-09-06T11:24:26Z</time>
        <extensions>
          <power>290</power>
          <gpxtpx:TrackPointExtension>
            <gpxtpx:hr>119</gpxtpx:hr>
            <gpxtpx:cad>81</gpxtpx:cad>
          </gpxtpx:TrackPointExtension>
        </extensions>
      </trkpt>
      <trkpt lat="43.319480" lon="-1.868097">
        <ele>34.8</ele>
        <time>2026-09-06T11:24:27Z</time>
        <extensions>
          <power>265</power>
          <gpxtpx:TrackPointExtension>
            <gpxtpx:hr>119</gpxtpx:hr>
            <gpxtpx:cad>81</gpxtpx:cad>
          </gpxtpx:TrackPointExtension>
        </extensions>
      </trkpt>
      <trkpt lat="43.319735" lon="-1.867761">
        <ele>33.4</ele>
        <time>2026-09-06T11:24:28Z</time>
        <extensions>
          <power>263</power>
          <gpxtpx:TrackPointExtension>
            <gpxtpx:hr>119</gpxtpx:hr>
            <gpxtpx:cad>82</gpxtpx:cad>
          </gpxtpx:TrackPointExtension>
        </extensions>
      </trkpt>
      <trkpt lat="43.319735" lon="-1.867761">
        <ele>33.4</ele>
        <time>2026-09-06T11:24:29Z</time>
        <extensions>
          <power>227</power>
          <gpxtpx:TrackPointExtension>
            <gpxtpx:hr>119</gpxtpx:hr>
            <gpxtpx:cad>82</gpxtpx:cad>
          </gpxtpx:TrackPointExtension>
        </extensions>
      </trkpt>
      <trkpt lat="43.319735" lon="-1.867761">
        <ele>33.4</ele>
        <time>2026-09-06T11:24:30Z</time>
        <extensions>
          <power>187</power>
          <gpxtpx:TrackPointExtension>
            <gpxtpx:hr>119</gpxtpx:hr>
            <gpxtpx:cad>83</gpxtpx:cad>
          </gpxtpx:TrackPointExtension>
        </extensions>
      </trkpt>
      <trkpt lat="43.319735" lon="-1.867761">
        <ele>33.4</ele>
        <time>2026-09-06T11:24:31Z</time>
        <extensions>
          <power>158</power>
          <gpxtpx:TrackPointExtension>
            <gpxtpx:hr>119</gpxtpx:hr>
            <gpxtpx:cad>84</gpxtpx:cad>
          </gpxtpx:TrackPointExtension>
        </extensions>
      </trkpt>
      <trkpt lat="43.319735" lon="-1.867761">
        <ele>33.4</ele>
        <time>2026-09-06T11:24:32Z</time>
        <extensions>
          <power>131</power>
          <gpxtpx:TrackPointExtension>
            <gpxtpx:hr>119</gpxtpx:hr>
            <gpxtpx:cad>85</gpxtpx:cad>
          </gpxtpx:TrackPointExtension>
        </extensions>
      </trkpt>
      <trkpt lat="43.319873" lon="-1.867515">
        <ele>32.2</ele>
        <time>2026-09-06T11:24:33Z</time>
        <extensions>
          <power>122</power>
          <gpxtpx:TrackPointExtension>
            <gpxtpx:hr>120</gpxtpx:hr>
            <gpxtpx:cad>87</gpxtpx:cad>
          </gpxtpx:TrackPointExtension>
        </extensions>
      </trkpt>
      <trkpt lat="43.319873" lon="-1.867515">
        <ele>32.2</ele>
        <time>2026-09-06T11:24:34Z</time>
        <extensions>
          <power>120</power>
          <gpxtpx:TrackPointExtension>
            <gpxtpx:hr>120</gpxtpx:hr>
            <gpxtpx:cad>91</gpxtpx:cad>
          </gpxtpx:TrackPointExtension>
        </extensions>
      </trkpt>
      <trkpt lat="43.319873" lon="-1.867515">
        <ele>32.2</ele>
        <time>2026-09-06T11:24:35Z</time>
        <extensions>
          <power>110</power>
          <gpxtpx:TrackPointExtension>
            <gpxtpx:hr>120</gpxtpx:hr>
            <gpxtpx:cad>91</gpxtpx:cad>
          </gpxtpx:TrackPointExtension>
        </extensions>
      </trkpt>
      <trkpt lat="43.319909" lon="-1.867422">
        <ele>31.8</ele>
        <time>2026-09-06T11:24:36Z</time>
        <extensions>
          <power>108</power>
          <gpxtpx:TrackPointExtension>
            <gpxtpx:hr>120</gpxtpx:hr>
            <gpxtpx:cad>93</gpxtpx:cad>
          </gpxtpx:TrackPointExtension>
        </extensions>
      </trkpt>
      <trkpt lat="43.319971" lon="-1.867249">
        <ele>31.8</ele>
        <time>2026-09-06T11:24:37Z</time>
        <extensions>
          <power>102</power>
          <gpxtpx:TrackPointExtension>
            <gpxtpx:hr>119</gpxtpx:hr>
            <gpxtpx:cad>93</gpxtpx:cad>
          </gpxtpx:TrackPointExtension>
        </extensions>
      </trkpt>
      <trkpt lat="43.319971" lon="-1.867249">
        <ele>31.8</ele>
        <time>2026-09-06T11:24:38Z</time>
        <extensions>
          <power>105</power>
          <gpxtpx:TrackPointExtension>
            <gpxtpx:hr>119</gpxtpx:hr>
            <gpxtpx:cad>92</gpxtpx:cad>
          </gpxtpx:TrackPointExtension>
        </extensions>
      </trkpt>
      <trkpt lat="43.320056" lon="-1.867124">
        <ele>32.0</ele>
        <time>2026-09-06T11:24:39Z</time>
        <extensions>
          <power>105</power>
          <gpxtpx:TrackPointExtension>
            <gpxtpx:hr>119</gpxtpx:hr>
            <gpxtpx:cad>91</gpxtpx:cad>
          </gpxtpx:TrackPointExtension>
        </extensions>
      </trkpt>
      <trkpt lat="43.320056" lon="-1.867124">
        <ele>32.0</ele>
        <time>2026-09-06T11:24:40Z</time>
        <extensions>
          <power>106</power>
          <gpxtpx:TrackPointExtension>
            <gpxtpx:hr>119</gpxtpx:hr>
            <gpxtpx:cad>92</gpxtpx:cad>
          </gpxtpx:TrackPointExtension>
        </extensions>
      </trkpt>
      <trkpt lat="43.320219" lon="-1.867008">
        <ele>32.6</ele>
        <time>2026-09-06T11:24:41Z</time>
        <extensions>
          <power>107</power>
          <gpxtpx:TrackPointExtension>
            <gpxtpx:hr>119</gpxtpx:hr>
            <gpxtpx:cad>92</gpxtpx:cad>
          </gpxtpx:TrackPointExtension>
        </extensions>
      </trkpt>
      <trkpt lat="43.320219" lon="-1.867008">
        <ele>32.6</ele>
        <time>2026-09-06T11:24:42Z</time>
        <extensions>
          <power>106</power>
          <gpxtpx:TrackPointExtension>
            <gpxtpx:hr>119</gpxtpx:hr>
            <gpxtpx:cad>92</gpxtpx:cad>
          </gpxtpx:TrackPointExtension>
        </extensions>
      </trkpt>
      <trkpt lat="43.320275" lon="-1.866967">
        <ele>32.4</ele>
        <time>2026-09-06T11:24:43Z</time>
        <extensions>
          <power>124</power>
          <gpxtpx:TrackPointExtension>
            <gpxtpx:hr>119</gpxtpx:hr>
            <gpxtpx:cad>92</gpxtpx:cad>
          </gpxtpx:TrackPointExtension>
        </extensions>
      </trkpt>
      <trkpt lat="43.320410" lon="-1.866816">
        <ele>33.2</ele>
        <time>2026-09-06T11:24:44Z</time>
        <extensions>
          <power>121</power>
          <gpxtpx:TrackPointExtension>
            <gpxtpx:hr>118</gpxtpx:hr>
            <gpxtpx:cad>93</gpxtpx:cad>
          </gpxtpx:TrackPointExtension>
        </extensions>
      </trkpt>
      <trkpt lat="43.320410" lon="-1.866816">
        <ele>33.2</ele>
        <time>2026-09-06T11:24:45Z</time>
        <extensions>
          <power>118</power>
          <gpxtpx:TrackPointExtension>
            <gpxtpx:hr>118</gpxtpx:hr>
            <gpxtpx:cad>91</gpxtpx:cad>
          </gpxtpx:TrackPointExtension>
        </extensions>
      </trkpt>
      <trkpt lat="43.320410" lon="-1.866816">
        <ele>33.2</ele>
        <time>2026-09-06T11:24:46Z</time>
        <extensions>
          <power>136</power>
          <gpxtpx:TrackPointExtension>
            <gpxtpx:hr>117</gpxtpx:hr>
            <gpxtpx:cad>92</gpxtpx:cad>
          </gpxtpx:TrackPointExtension>
        </extensions>
      </trkpt>
      <trkpt lat="43.320522" lon="-1.866675">
        <ele>34.4</ele>
        <time>2026-09-06T11:24:47Z</time>
        <extensions>
          <power>147</power>
          <gpxtpx:TrackPointExtension>
            <gpxtpx:hr>117</gpxtpx:hr>
            <gpxtpx:cad>90</gpxtpx:cad>
          </gpxtpx:TrackPointExtension>
        </extensions>
      </trkpt>
      <trkpt lat="43.320522" lon="-1.866675">
        <ele>34.4</ele>
        <time>2026-09-06T11:24:48Z</time>
        <extensions>
          <power>197</power>
          <gpxtpx:TrackPointExtension>
            <gpxtpx:hr>117</gpxtpx:hr>
            <gpxtpx:cad>92</gpxtpx:cad>
          </gpxtpx:TrackPointExtension>
        </extensions>
      </trkpt>
      <trkpt lat="43.320656" lon="-1.866499">
        <ele>35.6</ele>
        <time>2026-09-06T11:24:49Z</time>
        <extensions>
          <power>233</power>
          <gpxtpx:TrackPointExtension>
            <gpxtpx:hr>116</gpxtpx:hr>
            <gpxtpx:cad>89</gpxtpx:cad>
          </gpxtpx:TrackPointExtension>
        </extensions>
      </trkpt>
      <trkpt lat="43.320656" lon="-1.866499">
        <ele>35.6</ele>
        <time>2026-09-06T11:24:50Z</time>
        <extensions>
          <power>304</power>
          <gpxtpx:TrackPointExtension>
            <gpxtpx:hr>116</gpxtpx:hr>
            <gpxtpx:cad>81</gpxtpx:cad>
          </gpxtpx:TrackPointExtension>
        </extensions>
      </trkpt>
      <trkpt lat="43.320752" lon="-1.866371">
        <ele>36.4</ele>
        <time>2026-09-06T11:24:51Z</time>
        <extensions>
          <power>320</power>
          <gpxtpx:TrackPointExtension>
            <gpxtpx:hr>116</gpxtpx:hr>
            <gpxtpx:cad>83</gpxtpx:cad>
          </gpxtpx:TrackPointExtension>
        </extensions>
      </trkpt>
      <trkpt lat="43.320752" lon="-1.866371">
        <ele>36.4</ele>
        <time>2026-09-06T11:24:52Z</time>
        <extensions>
          <power>292</power>
          <gpxtpx:TrackPointExtension>
            <gpxtpx:hr>116</gpxtpx:hr>
            <gpxtpx:cad>82</gpxtpx:cad>
          </gpxtpx:TrackPointExtension>
        </extensions>
      </trkpt>
      <trkpt lat="43.320781" lon="-1.866327">
        <ele>36.8</ele>
        <time>2026-09-06T11:24:53Z</time>
        <extensions>
          <power>310</power>
          <gpxtpx:TrackPointExtension>
            <gpxtpx:hr>116</gpxtpx:hr>
            <gpxtpx:cad>82</gpxtpx:cad>
          </gpxtpx:TrackPointExtension>
        </extensions>
      </trkpt>
      <trkpt lat="43.320902" lon="-1.866160">
        <ele>38.0</ele>
        <time>2026-09-06T11:24:54Z</time>
        <extensions>
          <power>308</power>
          <gpxtpx:TrackPointExtension>
            <gpxtpx:hr>116</gpxtpx:hr>
            <gpxtpx:cad>82</gpxtpx:cad>
          </gpxtpx:TrackPointExtension>
        </extensions>
      </trkpt>
      <trkpt lat="43.320902" lon="-1.866160">
        <ele>38.0</ele>
        <time>2026-09-06T11:24:55Z</time>
        <extensions>
          <power>319</power>
          <gpxtpx:TrackPointExtension>
            <gpxtpx:hr>116</gpxtpx:hr>
            <gpxtpx:cad>81</gpxtpx:cad>
          </gpxtpx:TrackPointExtension>
        </extensions>
      </trkpt>
      <trkpt lat="43.320902" lon="-1.866160">
        <ele>38.0</ele>
        <time>2026-09-06T11:24:56Z</time>
        <extensions>
          <power>382</power>
          <gpxtpx:TrackPointExtension>
            <gpxtpx:hr>115</gpxtpx:hr>
            <gpxtpx:cad>79</gpxtpx:cad>
          </gpxtpx:TrackPointExtension>
        </extensions>
      </trkpt>
      <trkpt lat="43.320993" lon="-1.866030">
        <ele>38.4</ele>
        <time>2026-09-06T11:24:57Z</time>
        <extensions>
          <power>323</power>
          <gpxtpx:TrackPointExtension>
            <gpxtpx:hr>115</gpxtpx:hr>
            <gpxtpx:cad>79</gpxtpx:cad>
          </gpxtpx:TrackPointExtension>
        </extensions>
      </trkpt>
      <trkpt lat="43.320993" lon="-1.866030">
        <ele>38.4</ele>
        <time>2026-09-06T11:24:58Z</time>
        <extensions>
          <power>294</power>
          <gpxtpx:TrackPointExtension>
            <gpxtpx:hr>115</gpxtpx:hr>
            <gpxtpx:cad>81</gpxtpx:cad>
          </gpxtpx:TrackPointExtension>
        </extensions>
      </trkpt>
      <trkpt lat="43.321057" lon="-1.865939">
        <ele>39.0</ele>
        <time>2026-09-06T11:24:59Z</time>
        <extensions>
          <power>267</power>
          <gpxtpx:TrackPointExtension>
            <gpxtpx:hr>115</gpxtpx:hr>
            <gpxtpx:cad>81</gpxtpx:cad>
          </gpxtpx:TrackPointExtension>
        </extensions>
      </trkpt>
      <trkpt lat="43.321234" lon="-1.865688">
        <ele>38.4</ele>
        <time>2026-09-06T11:25:00Z</time>
        <extensions>
          <power>217</power>
          <gpxtpx:TrackPointExtension>
            <gpxtpx:hr>115</gpxtpx:hr>
            <gpxtpx:cad>83</gpxtpx:cad>
          </gpxtpx:TrackPointExtension>
        </extensions>
      </trkpt>
      <trkpt lat="43.321234" lon="-1.865688">
        <ele>38.4</ele>
        <time>2026-09-06T11:25:01Z</time>
        <extensions>
          <power>177</power>
          <gpxtpx:TrackPointExtension>
            <gpxtpx:hr>115</gpxtpx:hr>
            <gpxtpx:cad>84</gpxtpx:cad>
          </gpxtpx:TrackPointExtension>
        </extensions>
      </trkpt>
      <trkpt lat="43.321234" lon="-1.865688">
        <ele>38.4</ele>
        <time>2026-09-06T11:25:02Z</time>
        <extensions>
          <power>179</power>
          <gpxtpx:TrackPointExtension>
            <gpxtpx:hr>115</gpxtpx:hr>
            <gpxtpx:cad>83</gpxtpx:cad>
          </gpxtpx:TrackPointExtension>
        </extensions>
      </trkpt>
      <trkpt lat="43.321234" lon="-1.865688">
        <ele>38.4</ele>
        <time>2026-09-06T11:25:03Z</time>
        <extensions>
          <power>139</power>
          <gpxtpx:TrackPointExtension>
            <gpxtpx:hr>115</gpxtpx:hr>
            <gpxtpx:cad>86</gpxtpx:cad>
          </gpxtpx:TrackPointExtension>
        </extensions>
      </trkpt>
      <trkpt lat="43.321588" lon="-1.865160">
        <ele>38.6</ele>
        <time>2026-09-06T11:25:04Z</time>
        <extensions>
          <power>135</power>
          <gpxtpx:TrackPointExtension>
            <gpxtpx:hr>116</gpxtpx:hr>
            <gpxtpx:cad>87</gpxtpx:cad>
          </gpxtpx:TrackPointExtension>
        </extensions>
      </trkpt>
      <trkpt lat="43.321588" lon="-1.865160">
        <ele>38.6</ele>
        <time>2026-09-06T11:25:05Z</time>
        <extensions>
          <power>122</power>
          <gpxtpx:TrackPointExtension>
            <gpxtpx:hr>116</gpxtpx:hr>
            <gpxtpx:cad>89</gpxtpx:cad>
          </gpxtpx:TrackPointExtension>
        </extensions>
      </trkpt>
      <trkpt lat="43.321588" lon="-1.865160">
        <ele>38.6</ele>
        <time>2026-09-06T11:25:06Z</time>
        <extensions>
          <power>123</power>
          <gpxtpx:TrackPointExtension>
            <gpxtpx:hr>116</gpxtpx:hr>
            <gpxtpx:cad>91</gpxtpx:cad>
          </gpxtpx:TrackPointExtension>
        </extensions>
      </trkpt>
      <trkpt lat="43.321588" lon="-1.865160">
        <ele>38.6</ele>
        <time>2026-09-06T11:25:07Z</time>
        <extensions>
          <power>149</power>
          <gpxtpx:TrackPointExtension>
            <gpxtpx:hr>116</gpxtpx:hr>
            <gpxtpx:cad>89</gpxtpx:cad>
          </gpxtpx:TrackPointExtension>
        </extensions>
      </trkpt>
      <trkpt lat="43.321588" lon="-1.865160">
        <ele>38.6</ele>
        <time>2026-09-06T11:25:08Z</time>
        <extensions>
          <power>150</power>
          <gpxtpx:TrackPointExtension>
            <gpxtpx:hr>116</gpxtpx:hr>
            <gpxtpx:cad>85</gpxtpx:cad>
          </gpxtpx:TrackPointExtension>
        </extensions>
      </trkpt>
      <trkpt lat="43.321588" lon="-1.865160">
        <ele>38.6</ele>
        <time>2026-09-06T11:25:09Z</time>
        <extensions>
          <power>147</power>
          <gpxtpx:TrackPointExtension>
            <gpxtpx:hr>116</gpxtpx:hr>
            <gpxtpx:cad>86</gpxtpx:cad>
          </gpxtpx:TrackPointExtension>
        </extensions>
      </trkpt>
      <trkpt lat="43.321588" lon="-1.865160">
        <ele>38.6</ele>
        <time>2026-09-06T11:25:10Z</time>
        <extensions>
          <power>157</power>
          <gpxtpx:TrackPointExtension>
            <gpxtpx:hr>116</gpxtpx:hr>
            <gpxtpx:cad>86</gpxtpx:cad>
          </gpxtpx:TrackPointExtension>
        </extensions>
      </trkpt>
      <trkpt lat="43.321956" lon="-1.864576">
        <ele>39.4</ele>
        <time>2026-09-06T11:25:11Z</time>
        <extensions>
          <power>154</power>
          <gpxtpx:TrackPointExtension>
            <gpxtpx:hr>116</gpxtpx:hr>
            <gpxtpx:cad>86</gpxtpx:cad>
          </gpxtpx:TrackPointExtension>
        </extensions>
      </trkpt>
      <trkpt lat="43.321956" lon="-1.864576">
        <ele>39.4</ele>
        <time>2026-09-06T11:25:12Z</time>
        <extensions>
          <power>164</power>
          <gpxtpx:TrackPointExtension>
            <gpxtpx:hr>116</gpxtpx:hr>
            <gpxtpx:cad>86</gpxtpx:cad>
          </gpxtpx:TrackPointExtension>
        </extensions>
      </trkpt>
      <trkpt lat="43.321956" lon="-1.864576">
        <ele>39.4</ele>
        <time>2026-09-06T11:25:13Z</time>
        <extensions>
          <power>170</power>
          <gpxtpx:TrackPointExtension>
            <gpxtpx:hr>117</gpxtpx:hr>
            <gpxtpx:cad>85</gpxtpx:cad>
          </gpxtpx:TrackPointExtension>
        </extensions>
      </trkpt>
      <trkpt lat="43.321956" lon="-1.864576">
        <ele>39.4</ele>
        <time>2026-09-06T11:25:14Z</time>
        <extensions>
          <power>189</power>
          <gpxtpx:TrackPointExtension>
            <gpxtpx:hr>117</gpxtpx:hr>
            <gpxtpx:cad>87</gpxtpx:cad>
          </gpxtpx:TrackPointExtension>
        </extensions>
      </trkpt>
      <trkpt lat="43.321956" lon="-1.864576">
        <ele>39.4</ele>
        <time>2026-09-06T11:25:15Z</time>
        <extensions>
          <power>161</power>
          <gpxtpx:TrackPointExtension>
            <gpxtpx:hr>116</gpxtpx:hr>
            <gpxtpx:cad>90</gpxtpx:cad>
          </gpxtpx:TrackPointExtension>
        </extensions>
      </trkpt>
      <trkpt lat="43.321956" lon="-1.864576">
        <ele>39.4</ele>
        <time>2026-09-06T11:25:16Z</time>
        <extensions>
          <power>166</power>
          <gpxtpx:TrackPointExtension>
            <gpxtpx:hr>116</gpxtpx:hr>
            <gpxtpx:cad>89</gpxtpx:cad>
          </gpxtpx:TrackPointExtension>
        </extensions>
      </trkpt>
      <trkpt lat="43.321956" lon="-1.864576">
        <ele>39.4</ele>
        <time>2026-09-06T11:25:17Z</time>
        <extensions>
          <power>171</power>
          <gpxtpx:TrackPointExtension>
            <gpxtpx:hr>116</gpxtpx:hr>
            <gpxtpx:cad>88</gpxtpx:cad>
          </gpxtpx:TrackPointExtension>
        </extensions>
      </trkpt>
      <trkpt lat="43.321956" lon="-1.864576">
        <ele>39.4</ele>
        <time>2026-09-06T11:25:18Z</time>
        <extensions>
          <power>156</power>
          <gpxtpx:TrackPointExtension>
            <gpxtpx:hr>117</gpxtpx:hr>
            <gpxtpx:cad>89</gpxtpx:cad>
          </gpxtpx:TrackPointExtension>
        </extensions>
      </trkpt>
      <trkpt lat="43.321990" lon="-1.864517">
        <ele>39.6</ele>
        <time>2026-09-06T11:25:19Z</time>
        <extensions>
          <power>161</power>
          <gpxtpx:TrackPointExtension>
            <gpxtpx:hr>117</gpxtpx:hr>
            <gpxtpx:cad>88</gpxtpx:cad>
          </gpxtpx:TrackPointExtension>
        </extensions>
      </trkpt>
      <trkpt lat="43.322134" lon="-1.864298">
        <ele>40.0</ele>
        <time>2026-09-06T11:25:20Z</time>
        <extensions>
          <power>183</power>
          <gpxtpx:TrackPointExtension>
            <gpxtpx:hr>118</gpxtpx:hr>
            <gpxtpx:cad>90</gpxtpx:cad>
          </gpxtpx:TrackPointExtension>
        </extensions>
      </trkpt>
      <trkpt lat="43.322134" lon="-1.864298">
        <ele>40.0</ele>
        <time>2026-09-06T11:25:21Z</time>
        <extensions>
          <power>165</power>
          <gpxtpx:TrackPointExtension>
            <gpxtpx:hr>119</gpxtpx:hr>
            <gpxtpx:cad>89</gpxtpx:cad>
          </gpxtpx:TrackPointExtension>
        </extensions>
      </trkpt>
      <trkpt lat="43.322134" lon="-1.864298">
        <ele>40.0</ele>
        <time>2026-09-06T11:25:22Z</time>
        <extensions>
          <power>160</power>
          <gpxtpx:TrackPointExtension>
            <gpxtpx:hr>119</gpxtpx:hr>
            <gpxtpx:cad>88</gpxtpx:cad>
          </gpxtpx:TrackPointExtension>
        </extensions>
      </trkpt>
      <trkpt lat="43.322249" lon="-1.864126">
        <ele>40.2</ele>
        <time>2026-09-06T11:25:23Z</time>
        <extensions>
          <power>175</power>
          <gpxtpx:TrackPointExtension>
            <gpxtpx:hr>120</gpxtpx:hr>
            <gpxtpx:cad>88</gpxtpx:cad>
          </gpxtpx:TrackPointExtension>
        </extensions>
      </trkpt>
      <trkpt lat="43.322249" lon="-1.864126">
        <ele>40.2</ele>
        <time>2026-09-06T11:25:24Z</time>
        <extensions>
          <power>162</power>
          <gpxtpx:TrackPointExtension>
            <gpxtpx:hr>120</gpxtpx:hr>
            <gpxtpx:cad>88</gpxtpx:cad>
          </gpxtpx:TrackPointExtension>
        </extensions>
      </trkpt>
      <trkpt lat="43.322489" lon="-1.863781">
        <ele>40.0</ele>
        <time>2026-09-06T11:25:25Z</time>
        <extensions>
          <power>164</power>
          <gpxtpx:TrackPointExtension>
            <gpxtpx:hr>121</gpxtpx:hr>
            <gpxtpx:cad>88</gpxtpx:cad>
          </gpxtpx:TrackPointExtension>
        </extensions>
      </trkpt>
      <trkpt lat="43.322489" lon="-1.863781">
        <ele>40.0</ele>
        <time>2026-09-06T11:25:26Z</time>
        <extensions>
          <power>182</power>
          <gpxtpx:TrackPointExtension>
            <gpxtpx:hr>122</gpxtpx:hr>
            <gpxtpx:cad>89</gpxtpx:cad>
          </gpxtpx:TrackPointExtension>
        </extensions>
      </trkpt>
      <trkpt lat="43.322489" lon="-1.863781">
        <ele>40.0</ele>
        <time>2026-09-06T11:25:27Z</time>
        <extensions>
          <power>156</power>
          <gpxtpx:TrackPointExtension>
            <gpxtpx:hr>122</gpxtpx:hr>
            <gpxtpx:cad>88</gpxtpx:cad>
          </gpxtpx:TrackPointExtension>
        </extensions>
      </trkpt>
      <trkpt lat="43.322489" lon="-1.863781">
        <ele>40.0</ele>
        <time>2026-09-06T11:25:28Z</time>
        <extensions>
          <power>119</power>
          <gpxtpx:TrackPointExtension>
            <gpxtpx:hr>123</gpxtpx:hr>
            <gpxtpx:cad>90</gpxtpx:cad>
          </gpxtpx:TrackPointExtension>
        </extensions>
      </trkpt>
      <trkpt lat="43.322489" lon="-1.863781">
        <ele>40.0</ele>
        <time>2026-09-06T11:25:29Z</time>
        <extensions>
          <power>123</power>
          <gpxtpx:TrackPointExtension>
            <gpxtpx:hr>124</gpxtpx:hr>
            <gpxtpx:cad>89</gpxtpx:cad>
          </gpxtpx:TrackPointExtension>
        </extensions>
      </trkpt>
      <trkpt lat="43.322616" lon="-1.863597">
        <ele>40.2</ele>
        <time>2026-09-06T11:25:30Z</time>
        <extensions>
          <power>128</power>
          <gpxtpx:TrackPointExtension>
            <gpxtpx:hr>125</gpxtpx:hr>
            <gpxtpx:cad>89</gpxtpx:cad>
          </gpxtpx:TrackPointExtension>
        </extensions>
      </trkpt>
      <trkpt lat="43.322616" lon="-1.863597">
        <ele>40.2</ele>
        <time>2026-09-06T11:25:31Z</time>
        <extensions>
          <power>130</power>
          <gpxtpx:TrackPointExtension>
            <gpxtpx:hr>125</gpxtpx:hr>
            <gpxtpx:cad>91</gpxtpx:cad>
          </gpxtpx:TrackPointExtension>
        </extensions>
      </trkpt>
      <trkpt lat="43.322782" lon="-1.863347">
        <ele>40.4</ele>
        <time>2026-09-06T11:25:32Z</time>
        <extensions>
          <power>145</power>
          <gpxtpx:TrackPointExtension>
            <gpxtpx:hr>125</gpxtpx:hr>
            <gpxtpx:cad>92</gpxtpx:cad>
          </gpxtpx:TrackPointExtension>
        </extensions>
      </trkpt>
      <trkpt lat="43.322782" lon="-1.863347">
        <ele>40.4</ele>
        <time>2026-09-06T11:25:33Z</time>
        <extensions>
          <power>167</power>
          <gpxtpx:TrackPointExtension>
            <gpxtpx:hr>125</gpxtpx:hr>
            <gpxtpx:cad>89</gpxtpx:cad>
          </gpxtpx:TrackPointExtension>
        </extensions>
      </trkpt>
      <trkpt lat="43.322782" lon="-1.863347">
        <ele>40.4</ele>
        <time>2026-09-06T11:25:34Z</time>
        <extensions>
          <power>174</power>
          <gpxtpx:TrackPointExtension>
            <gpxtpx:hr>125</gpxtpx:hr>
            <gpxtpx:cad>85</gpxtpx:cad>
          </gpxtpx:TrackPointExtension>
        </extensions>
      </trkpt>
      <trkpt lat="43.322782" lon="-1.863347">
        <ele>40.4</ele>
        <time>2026-09-06T11:25:35Z</time>
        <extensions>
          <power>159</power>
          <gpxtpx:TrackPointExtension>
            <gpxtpx:hr>125</gpxtpx:hr>
            <gpxtpx:cad>89</gpxtpx:cad>
          </gpxtpx:TrackPointExtension>
        </extensions>
      </trkpt>
      <trkpt lat="43.323034" lon="-1.862966">
        <ele>40.8</ele>
        <time>2026-09-06T11:25:36Z</time>
        <extensions>
          <power>163</power>
          <gpxtpx:TrackPointExtension>
            <gpxtpx:hr>124</gpxtpx:hr>
            <gpxtpx:cad>86</gpxtpx:cad>
          </gpxtpx:TrackPointExtension>
        </extensions>
      </trkpt>
      <trkpt lat="43.323034" lon="-1.862966">
        <ele>40.8</ele>
        <time>2026-09-06T11:25:37Z</time>
        <extensions>
          <power>158</power>
          <gpxtpx:TrackPointExtension>
            <gpxtpx:hr>124</gpxtpx:hr>
            <gpxtpx:cad>85</gpxtpx:cad>
          </gpxtpx:TrackPointExtension>
        </extensions>
      </trkpt>
      <trkpt lat="43.323034" lon="-1.862966">
        <ele>40.8</ele>
        <time>2026-09-06T11:25:38Z</time>
        <extensions>
          <power>165</power>
          <gpxtpx:TrackPointExtension>
            <gpxtpx:hr>123</gpxtpx:hr>
            <gpxtpx:cad>87</gpxtpx:cad>
          </gpxtpx:TrackPointExtension>
        </extensions>
      </trkpt>
      <trkpt lat="43.323034" lon="-1.862966">
        <ele>40.8</ele>
        <time>2026-09-06T11:25:39Z</time>
        <extensions>
          <power>160</power>
          <gpxtpx:TrackPointExtension>
            <gpxtpx:hr>123</gpxtpx:hr>
            <gpxtpx:cad>87</gpxtpx:cad>
          </gpxtpx:TrackPointExtension>
        </extensions>
      </trkpt>
      <trkpt lat="43.323034" lon="-1.862966">
        <ele>40.8</ele>
        <time>2026-09-06T11:25:40Z</time>
        <extensions>
          <power>161</power>
          <gpxtpx:TrackPointExtension>
            <gpxtpx:hr>123</gpxtpx:hr>
            <gpxtpx:cad>88</gpxtpx:cad>
          </gpxtpx:TrackPointExtension>
        </extensions>
      </trkpt>
      <trkpt lat="43.323075" lon="-1.862903">
        <ele>41.0</ele>
        <time>2026-09-06T11:25:41Z</time>
        <extensions>
          <power>164</power>
          <gpxtpx:TrackPointExtension>
            <gpxtpx:hr>122</gpxtpx:hr>
            <gpxtpx:cad>87</gpxtpx:cad>
          </gpxtpx:TrackPointExtension>
        </extensions>
      </trkpt>
      <trkpt lat="43.323244" lon="-1.862646">
        <ele>41.2</ele>
        <time>2026-09-06T11:25:42Z</time>
        <extensions>
          <power>155</power>
          <gpxtpx:TrackPointExtension>
            <gpxtpx:hr>122</gpxtpx:hr>
            <gpxtpx:cad>86</gpxtpx:cad>
          </gpxtpx:TrackPointExtension>
        </extensions>
      </trkpt>
      <trkpt lat="43.323244" lon="-1.862646">
        <ele>41.2</ele>
        <time>2026-09-06T11:25:43Z</time>
        <extensions>
          <power>157</power>
          <gpxtpx:TrackPointExtension>
            <gpxtpx:hr>121</gpxtpx:hr>
            <gpxtpx:cad>87</gpxtpx:cad>
          </gpxtpx:TrackPointExtension>
        </extensions>
      </trkpt>
      <trkpt lat="43.323244" lon="-1.862646">
        <ele>41.2</ele>
        <time>2026-09-06T11:25:44Z</time>
        <extensions>
          <power>161</power>
          <gpxtpx:TrackPointExtension>
            <gpxtpx:hr>121</gpxtpx:hr>
            <gpxtpx:cad>87</gpxtpx:cad>
          </gpxtpx:TrackPointExtension>
        </extensions>
      </trkpt>
      <trkpt lat="43.323503" lon="-1.862266">
        <ele>41.4</ele>
        <time>2026-09-06T11:25:45Z</time>
        <extensions>
          <power>157</power>
          <gpxtpx:TrackPointExtension>
            <gpxtpx:hr>120</gpxtpx:hr>
            <gpxtpx:cad>86</gpxtpx:cad>
          </gpxtpx:TrackPointExtension>
        </extensions>
      </trkpt>
      <trkpt lat="43.323503" lon="-1.862266">
        <ele>41.4</ele>
        <time>2026-09-06T11:25:46Z</time>
        <extensions>
          <power>141</power>
          <gpxtpx:TrackPointExtension>
            <gpxtpx:hr>120</gpxtpx:hr>
            <gpxtpx:cad>86</gpxtpx:cad>
          </gpxtpx:TrackPointExtension>
        </extensions>
      </trkpt>
      <trkpt lat="43.323503" lon="-1.862266">
        <ele>41.4</ele>
        <time>2026-09-06T11:25:47Z</time>
        <extensions>
          <power>149</power>
          <gpxtpx:TrackPointExtension>
            <gpxtpx:hr>119</gpxtpx:hr>
            <gpxtpx:cad>85</gpxtpx:cad>
          </gpxtpx:TrackPointExtension>
        </extensions>
      </trkpt>
      <trkpt lat="43.323503" lon="-1.862266">
        <ele>41.4</ele>
        <time>2026-09-06T11:25:48Z</time>
        <extensions>
          <power>147</power>
          <gpxtpx:TrackPointExtension>
            <gpxtpx:hr>118</gpxtpx:hr>
            <gpxtpx:cad>86</gpxtpx:cad>
          </gpxtpx:TrackPointExtension>
        </extensions>
      </trkpt>
      <trkpt lat="43.323503" lon="-1.862266">
        <ele>41.4</ele>
        <time>2026-09-06T11:25:49Z</time>
        <extensions>
          <power>156</power>
          <gpxtpx:TrackPointExtension>
            <gpxtpx:hr>117</gpxtpx:hr>
            <gpxtpx:cad>86</gpxtpx:cad>
          </gpxtpx:TrackPointExtension>
        </extensions>
      </trkpt>
      <trkpt lat="43.323503" lon="-1.862266">
        <ele>41.4</ele>
        <time>2026-09-06T11:25:50Z</time>
        <extensions>
          <power>157</power>
          <gpxtpx:TrackPointExtension>
            <gpxtpx:hr>117</gpxtpx:hr>
            <gpxtpx:cad>85</gpxtpx:cad>
          </gpxtpx:TrackPointExtension>
        </extensions>
      </trkpt>
      <trkpt lat="43.323881" lon="-1.861685">
        <ele>42.0</ele>
        <time>2026-09-06T11:25:51Z</time>
        <extensions>
          <power>147</power>
          <gpxtpx:TrackPointExtension>
            <gpxtpx:hr>116</gpxtpx:hr>
            <gpxtpx:cad>86</gpxtpx:cad>
          </gpxtpx:TrackPointExtension>
        </extensions>
      </trkpt>
      <trkpt lat="43.323881" lon="-1.861685">
        <ele>42.0</ele>
        <time>2026-09-06T11:25:52Z</time>
        <extensions>
          <power>154</power>
          <gpxtpx:TrackPointExtension>
            <gpxtpx:hr>115</gpxtpx:hr>
            <gpxtpx:cad>86</gpxtpx:cad>
          </gpxtpx:TrackPointExtension>
        </extensions>
      </trkpt>
      <trkpt lat="43.323881" lon="-1.861685">
        <ele>42.0</ele>
        <time>2026-09-06T11:25:53Z</time>
        <extensions>
          <power>163</power>
          <gpxtpx:TrackPointExtension>
            <gpxtpx:hr>115</gpxtpx:hr>
            <gpxtpx:cad>85</gpxtpx:cad>
          </gpxtpx:TrackPointExtension>
        </extensions>
      </trkpt>
      <trkpt lat="43.323881" lon="-1.861685">
        <ele>42.0</ele>
        <time>2026-09-06T11:25:54Z</time>
        <extensions>
          <power>143</power>
          <gpxtpx:TrackPointExtension>
            <gpxtpx:hr>115</gpxtpx:hr>
            <gpxtpx:cad>85</gpxtpx:cad>
          </gpxtpx:TrackPointExtension>
        </extensions>
      </trkpt>
      <trkpt lat="43.323881" lon="-1.861685">
        <ele>42.0</ele>
        <time>2026-09-06T11:25:55Z</time>
        <extensions>
          <power>160</power>
          <gpxtpx:TrackPointExtension>
            <gpxtpx:hr>115</gpxtpx:hr>
            <gpxtpx:cad>85</gpxtpx:cad>
          </gpxtpx:TrackPointExtension>
        </extensions>
      </trkpt>
      <trkpt lat="43.323881" lon="-1.861685">
        <ele>42.0</ele>
        <time>2026-09-06T11:25:56Z</time>
        <extensions>
          <power>156</power>
          <gpxtpx:TrackPointExtension>
            <gpxtpx:hr>114</gpxtpx:hr>
            <gpxtpx:cad>86</gpxtpx:cad>
          </gpxtpx:TrackPointExtension>
        </extensions>
      </trkpt>
      <trkpt lat="43.323881" lon="-1.861685">
        <ele>42.0</ele>
        <time>2026-09-06T11:25:57Z</time>
        <extensions>
          <power>156</power>
          <gpxtpx:TrackPointExtension>
            <gpxtpx:hr>114</gpxtpx:hr>
            <gpxtpx:cad>88</gpxtpx:cad>
          </gpxtpx:TrackPointExtension>
        </extensions>
      </trkpt>
      <trkpt lat="43.323881" lon="-1.861685">
        <ele>42.0</ele>
        <time>2026-09-06T11:25:58Z</time>
        <extensions>
          <power>166</power>
          <gpxtpx:TrackPointExtension>
            <gpxtpx:hr>113</gpxtpx:hr>
            <gpxtpx:cad>87</gpxtpx:cad>
          </gpxtpx:TrackPointExtension>
        </extensions>
      </trkpt>
      <trkpt lat="43.323926" lon="-1.861621">
        <ele>42.2</ele>
        <time>2026-09-06T11:25:59Z</time>
        <extensions>
          <power>161</power>
          <gpxtpx:TrackPointExtension>
            <gpxtpx:hr>113</gpxtpx:hr>
            <gpxtpx:cad>88</gpxtpx:cad>
          </gpxtpx:TrackPointExtension>
        </extensions>
      </trkpt>
      <trkpt lat="43.324217" lon="-1.861178">
        <ele>43.4</ele>
        <time>2026-09-06T11:26:00Z</time>
        <extensions>
          <power>150</power>
          <gpxtpx:TrackPointExtension>
            <gpxtpx:hr>113</gpxtpx:hr>
            <gpxtpx:cad>86</gpxtpx:cad>
          </gpxtpx:TrackPointExtension>
        </extensions>
      </trkpt>
      <trkpt lat="43.324217" lon="-1.861178">
        <ele>43.4</ele>
        <time>2026-09-06T11:26:01Z</time>
        <extensions>
          <power>152</power>
          <gpxtpx:TrackPointExtension>
            <gpxtpx:hr>112</gpxtpx:hr>
            <gpxtpx:cad>86</gpxtpx:cad>
          </gpxtpx:TrackPointExtension>
        </extensions>
      </trkpt>
      <trkpt lat="43.324217" lon="-1.861178">
        <ele>43.4</ele>
        <time>2026-09-06T11:26:02Z</time>
        <extensions>
          <power>233</power>
          <gpxtpx:TrackPointExtension>
            <gpxtpx:hr>112</gpxtpx:hr>
            <gpxtpx:cad>87</gpxtpx:cad>
          </gpxtpx:TrackPointExtension>
        </extensions>
      </trkpt>
      <trkpt lat="43.324217" lon="-1.861178">
        <ele>43.4</ele>
        <time>2026-09-06T11:26:03Z</time>
        <extensions>
          <power>206</power>
          <gpxtpx:TrackPointExtension>
            <gpxtpx:hr>111</gpxtpx:hr>
            <gpxtpx:cad>87</gpxtpx:cad>
          </gpxtpx:TrackPointExtension>
        </extensions>
      </trkpt>
      <trkpt lat="43.324217" lon="-1.861178">
        <ele>43.4</ele>
        <time>2026-09-06T11:26:04Z</time>
        <extensions>
          <power>200</power>
          <gpxtpx:TrackPointExtension>
            <gpxtpx:hr>111</gpxtpx:hr>
            <gpxtpx:cad>87</gpxtpx:cad>
          </gpxtpx:TrackPointExtension>
        </extensions>
      </trkpt>
      <trkpt lat="43.324217" lon="-1.861178">
        <ele>43.4</ele>
        <time>2026-09-06T11:26:05Z</time>
        <extensions>
          <power>209</power>
          <gpxtpx:TrackPointExtension>
            <gpxtpx:hr>110</gpxtpx:hr>
            <gpxtpx:cad>85</gpxtpx:cad>
          </gpxtpx:TrackPointExtension>
        </extensions>
      </trkpt>
      <trkpt lat="43.324339" lon="-1.861004">
        <ele>44.0</ele>
        <time>2026-09-06T11:26:06Z</time>
        <extensions>
          <power>196</power>
          <gpxtpx:TrackPointExtension>
            <gpxtpx:hr>110</gpxtpx:hr>
            <gpxtpx:cad>86</gpxtpx:cad>
          </gpxtpx:TrackPointExtension>
        </extensions>
      </trkpt>
      <trkpt lat="43.324339" lon="-1.861004">
        <ele>44.0</ele>
        <time>2026-09-06T11:26:07Z</time>
        <extensions>
          <power>203</power>
          <gpxtpx:TrackPointExtension>
            <gpxtpx:hr>110</gpxtpx:hr>
            <gpxtpx:cad>85</gpxtpx:cad>
          </gpxtpx:TrackPointExtension>
        </extensions>
      </trkpt>
      <trkpt lat="43.324339" lon="-1.861004">
        <ele>44.0</ele>
        <time>2026-09-06T11:26:08Z</time>
        <extensions>
          <power>210</power>
          <gpxtpx:TrackPointExtension>
            <gpxtpx:hr>110</gpxtpx:hr>
            <gpxtpx:cad>85</gpxtpx:cad>
          </gpxtpx:TrackPointExtension>
        </extensions>
      </trkpt>
      <trkpt lat="43.324415" lon="-1.860889">
        <ele>44.6</ele>
        <time>2026-09-06T11:26:09Z</time>
        <extensions>
          <power>218</power>
          <gpxtpx:TrackPointExtension>
            <gpxtpx:hr>111</gpxtpx:hr>
            <gpxtpx:cad>85</gpxtpx:cad>
          </gpxtpx:TrackPointExtension>
        </extensions>
      </trkpt>
      <trkpt lat="43.324597" lon="-1.860611">
        <ele>45.2</ele>
        <time>2026-09-06T11:26:10Z</time>
        <extensions>
          <power>231</power>
          <gpxtpx:TrackPointExtension>
            <gpxtpx:hr>111</gpxtpx:hr>
            <gpxtpx:cad>84</gpxtpx:cad>
          </gpxtpx:TrackPointExtension>
        </extensions>
      </trkpt>
      <trkpt lat="43.324597" lon="-1.860611">
        <ele>45.2</ele>
        <time>2026-09-06T11:26:11Z</time>
        <extensions>
          <power>231</power>
          <gpxtpx:TrackPointExtension>
            <gpxtpx:hr>111</gpxtpx:hr>
            <gpxtpx:cad>84</gpxtpx:cad>
          </gpxtpx:TrackPointExtension>
        </extensions>
      </trkpt>
      <trkpt lat="43.324597" lon="-1.860611">
        <ele>45.2</ele>
        <time>2026-09-06T11:26:12Z</time>
        <extensions>
          <power>236</power>
          <gpxtpx:TrackPointExtension>
            <gpxtpx:hr>111</gpxtpx:hr>
            <gpxtpx:cad>83</gpxtpx:cad>
          </gpxtpx:TrackPointExtension>
        </extensions>
      </trkpt>
      <trkpt lat="43.324597" lon="-1.860611">
        <ele>45.2</ele>
        <time>2026-09-06T11:26:13Z</time>
        <extensions>
          <power>208</power>
          <gpxtpx:TrackPointExtension>
            <gpxtpx:hr>111</gpxtpx:hr>
            <gpxtpx:cad>84</gpxtpx:cad>
          </gpxtpx:TrackPointExtension>
        </extensions>
      </trkpt>
      <trkpt lat="43.324634" lon="-1.860557">
        <ele>45.6</ele>
        <time>2026-09-06T11:26:14Z</time>
        <extensions>
          <power>160</power>
          <gpxtpx:TrackPointExtension>
            <gpxtpx:hr>111</gpxtpx:hr>
            <gpxtpx:cad>84</gpxtpx:cad>
          </gpxtpx:TrackPointExtension>
        </extensions>
      </trkpt>
      <trkpt lat="43.324815" lon="-1.860295">
        <ele>46.6</ele>
        <time>2026-09-06T11:26:15Z</time>
        <extensions>
          <power>196</power>
          <gpxtpx:TrackPointExtension>
            <gpxtpx:hr>111</gpxtpx:hr>
            <gpxtpx:cad>85</gpxtpx:cad>
          </gpxtpx:TrackPointExtension>
        </extensions>
      </trkpt>
      <trkpt lat="43.324815" lon="-1.860295">
        <ele>46.6</ele>
        <time>2026-09-06T11:26:16Z</time>
        <extensions>
          <power>210</power>
          <gpxtpx:TrackPointExtension>
            <gpxtpx:hr>111</gpxtpx:hr>
            <gpxtpx:cad>85</gpxtpx:cad>
          </gpxtpx:TrackPointExtension>
        </extensions>
      </trkpt>
      <trkpt lat="43.324815" lon="-1.860295">
        <ele>46.6</ele>
        <time>2026-09-06T11:26:17Z</time>
        <extensions>
          <power>273</power>
          <gpxtpx:TrackPointExtension>
            <gpxtpx:hr>111</gpxtpx:hr>
            <gpxtpx:cad>83</gpxtpx:cad>
          </gpxtpx:TrackPointExtension>
        </extensions>
      </trkpt>
      <trkpt lat="43.324815" lon="-1.860295">
        <ele>46.6</ele>
        <time>2026-09-06T11:26:18Z</time>
        <extensions>
          <power>239</power>
          <gpxtpx:TrackPointExtension>
            <gpxtpx:hr>111</gpxtpx:hr>
            <gpxtpx:cad>83</gpxtpx:cad>
          </gpxtpx:TrackPointExtension>
        </extensions>
      </trkpt>
      <trkpt lat="43.324954" lon="-1.860069">
        <ele>47.2</ele>
        <time>2026-09-06T11:26:19Z</time>
        <extensions>
          <power>205</power>
          <gpxtpx:TrackPointExtension>
            <gpxtpx:hr>111</gpxtpx:hr>
            <gpxtpx:cad>86</gpxtpx:cad>
          </gpxtpx:TrackPointExtension>
        </extensions>
      </trkpt>
      <trkpt lat="43.324954" lon="-1.860069">
        <ele>47.2</ele>
        <time>2026-09-06T11:26:20Z</time>
        <extensions>
          <power>219</power>
          <gpxtpx:TrackPointExtension>
            <gpxtpx:hr>112</gpxtpx:hr>
            <gpxtpx:cad>86</gpxtpx:cad>
          </gpxtpx:TrackPointExtension>
        </extensions>
      </trkpt>
      <trkpt lat="43.324954" lon="-1.860069">
        <ele>47.2</ele>
        <time>2026-09-06T11:26:21Z</time>
        <extensions>
          <power>203</power>
          <gpxtpx:TrackPointExtension>
            <gpxtpx:hr>112</gpxtpx:hr>
            <gpxtpx:cad>84</gpxtpx:cad>
          </gpxtpx:TrackPointExtension>
        </extensions>
      </trkpt>
      <trkpt lat="43.324988" lon="-1.860015">
        <ele>47.6</ele>
        <time>2026-09-06T11:26:22Z</time>
        <extensions>
          <power>172</power>
          <gpxtpx:TrackPointExtension>
            <gpxtpx:hr>112</gpxtpx:hr>
            <gpxtpx:cad>84</gpxtpx:cad>
          </gpxtpx:TrackPointExtension>
        </extensions>
      </trkpt>
      <trkpt lat="43.325235" lon="-1.859650">
        <ele>48.6</ele>
        <time>2026-09-06T11:26:23Z</time>
        <extensions>
          <power>191</power>
          <gpxtpx:TrackPointExtension>
            <gpxtpx:hr>112</gpxtpx:hr>
            <gpxtpx:cad>84</gpxtpx:cad>
          </gpxtpx:TrackPointExtension>
        </extensions>
      </trkpt>
      <trkpt lat="43.325235" lon="-1.859650">
        <ele>48.6</ele>
        <time>2026-09-06T11:26:24Z</time>
        <extensions>
          <power>259</power>
          <gpxtpx:TrackPointExtension>
            <gpxtpx:hr>113</gpxtpx:hr>
            <gpxtpx:cad>84</gpxtpx:cad>
          </gpxtpx:TrackPointExtension>
        </extensions>
      </trkpt>
      <trkpt lat="43.325235" lon="-1.859650">
        <ele>48.6</ele>
        <time>2026-09-06T11:26:25Z</time>
        <extensions>
          <power>249</power>
          <gpxtpx:TrackPointExtension>
            <gpxtpx:hr>113</gpxtpx:hr>
            <gpxtpx:cad>84</gpxtpx:cad>
          </gpxtpx:TrackPointExtension>
        </extensions>
      </trkpt>
      <trkpt lat="43.325235" lon="-1.859650">
        <ele>48.6</ele>
        <time>2026-09-06T11:26:26Z</time>
        <extensions>
          <power>225</power>
          <gpxtpx:TrackPointExtension>
            <gpxtpx:hr>113</gpxtpx:hr>
            <gpxtpx:cad>84</gpxtpx:cad>
          </gpxtpx:TrackPointExtension>
        </extensions>
      </trkpt>
      <trkpt lat="43.325235" lon="-1.859650">
        <ele>48.6</ele>
        <time>2026-09-06T11:26:27Z</time>
        <extensions>
          <power>164</power>
          <gpxtpx:TrackPointExtension>
            <gpxtpx:hr>113</gpxtpx:hr>
            <gpxtpx:cad>86</gpxtpx:cad>
          </gpxtpx:TrackPointExtension>
        </extensions>
      </trkpt>
      <trkpt lat="43.325267" lon="-1.859596">
        <ele>48.8</ele>
        <time>2026-09-06T11:26:28Z</time>
        <extensions>
          <power>182</power>
          <gpxtpx:TrackPointExtension>
            <gpxtpx:hr>113</gpxtpx:hr>
            <gpxtpx:cad>86</gpxtpx:cad>
          </gpxtpx:TrackPointExtension>
        </extensions>
      </trkpt>
      <trkpt lat="43.325432" lon="-1.859338">
        <ele>49.8</ele>
        <time>2026-09-06T11:26:29Z</time>
        <extensions>
          <power>191</power>
          <gpxtpx:TrackPointExtension>
            <gpxtpx:hr>113</gpxtpx:hr>
            <gpxtpx:cad>87</gpxtpx:cad>
          </gpxtpx:TrackPointExtension>
        </extensions>
      </trkpt>
      <trkpt lat="43.325432" lon="-1.859338">
        <ele>49.8</ele>
        <time>2026-09-06T11:26:30Z</time>
        <extensions>
          <power>164</power>
          <gpxtpx:TrackPointExtension>
            <gpxtpx:hr>113</gpxtpx:hr>
            <gpxtpx:cad>89</gpxtpx:cad>
          </gpxtpx:TrackPointExtension>
        </extensions>
      </trkpt>
      <trkpt lat="43.325432" lon="-1.859338">
        <ele>49.8</ele>
        <time>2026-09-06T11:26:31Z</time>
        <extensions>
          <power>204</power>
          <gpxtpx:TrackPointExtension>
            <gpxtpx:hr>112</gpxtpx:hr>
            <gpxtpx:cad>85</gpxtpx:cad>
          </gpxtpx:TrackPointExtension>
        </extensions>
      </trkpt>
      <trkpt lat="43.325599" lon="-1.859084">
        <ele>50.6</ele>
        <time>2026-09-06T11:26:32Z</time>
        <extensions>
          <power>192</power>
          <gpxtpx:TrackPointExtension>
            <gpxtpx:hr>113</gpxtpx:hr>
            <gpxtpx:cad>82</gpxtpx:cad>
          </gpxtpx:TrackPointExtension>
        </extensions>
      </trkpt>
      <trkpt lat="43.325599" lon="-1.859084">
        <ele>50.6</ele>
        <time>2026-09-06T11:26:33Z</time>
        <extensions>
          <power>214</power>
          <gpxtpx:TrackPointExtension>
            <gpxtpx:hr>113</gpxtpx:hr>
            <gpxtpx:cad>83</gpxtpx:cad>
          </gpxtpx:TrackPointExtension>
        </extensions>
      </trkpt>
      <trkpt lat="43.325599" lon="-1.859084">
        <ele>50.6</ele>
        <time>2026-09-06T11:26:34Z</time>
        <extensions>
          <power>190</power>
          <gpxtpx:TrackPointExtension>
            <gpxtpx:hr>113</gpxtpx:hr>
            <gpxtpx:cad>84</gpxtpx:cad>
          </gpxtpx:TrackPointExtension>
        </extensions>
      </trkpt>
      <trkpt lat="43.325599" lon="-1.859084">
        <ele>50.6</ele>
        <time>2026-09-06T11:26:35Z</time>
        <extensions>
          <power>186</power>
          <gpxtpx:TrackPointExtension>
            <gpxtpx:hr>113</gpxtpx:hr>
            <gpxtpx:cad>84</gpxtpx:cad>
          </gpxtpx:TrackPointExtension>
        </extensions>
      </trkpt>
      <trkpt lat="43.325701" lon="-1.858929">
        <ele>50.8</ele>
        <time>2026-09-06T11:26:36Z</time>
        <extensions>
          <power>196</power>
          <gpxtpx:TrackPointExtension>
            <gpxtpx:hr>113</gpxtpx:hr>
            <gpxtpx:cad>84</gpxtpx:cad>
          </gpxtpx:TrackPointExtension>
        </extensions>
      </trkpt>
      <trkpt lat="43.325701" lon="-1.858929">
        <ele>50.8</ele>
        <time>2026-09-06T11:26:37Z</time>
        <extensions>
          <power>178</power>
          <gpxtpx:TrackPointExtension>
            <gpxtpx:hr>113</gpxtpx:hr>
            <gpxtpx:cad>84</gpxtpx:cad>
          </gpxtpx:TrackPointExtension>
        </extensions>
      </trkpt>
      <trkpt lat="43.325836" lon="-1.858719">
        <ele>51.4</ele>
        <time>2026-09-06T11:26:38Z</time>
        <extensions>
          <power>153</power>
          <gpxtpx:TrackPointExtension>
            <gpxtpx:hr>113</gpxtpx:hr>
            <gpxtpx:cad>85</gpxtpx:cad>
          </gpxtpx:TrackPointExtension>
        </extensions>
      </trkpt>
      <trkpt lat="43.325836" lon="-1.858719">
        <ele>51.4</ele>
        <time>2026-09-06T11:26:39Z</time>
        <extensions>
          <power>149</power>
          <gpxtpx:TrackPointExtension>
            <gpxtpx:hr>113</gpxtpx:hr>
            <gpxtpx:cad>87</gpxtpx:cad>
          </gpxtpx:TrackPointExtension>
        </extensions>
      </trkpt>
      <trkpt lat="43.325836" lon="-1.858719">
        <ele>51.4</ele>
        <time>2026-09-06T11:26:40Z</time>
        <extensions>
          <power>166</power>
          <gpxtpx:TrackPointExtension>
            <gpxtpx:hr>113</gpxtpx:hr>
            <gpxtpx:cad>87</gpxtpx:cad>
          </gpxtpx:TrackPointExtension>
        </extensions>
      </trkpt>
      <trkpt lat="43.325904" lon="-1.858617">
        <ele>52.0</ele>
        <time>2026-09-06T11:26:41Z</time>
        <extensions>
          <power>181</power>
          <gpxtpx:TrackPointExtension>
            <gpxtpx:hr>113</gpxtpx:hr>
            <gpxtpx:cad>85</gpxtpx:cad>
          </gpxtpx:TrackPointExtension>
        </extensions>
      </trkpt>
      <trkpt lat="43.326002" lon="-1.858463">
        <ele>52.6</ele>
        <time>2026-09-06T11:26:42Z</time>
        <extensions>
          <power>174</power>
          <gpxtpx:TrackPointExtension>
            <gpxtpx:hr>113</gpxtpx:hr>
            <gpxtpx:cad>85</gpxtpx:cad>
          </gpxtpx:TrackPointExtension>
        </extensions>
      </trkpt>
      <trkpt lat="43.326002" lon="-1.858463">
        <ele>52.6</ele>
        <time>2026-09-06T11:26:43Z</time>
        <extensions>
          <power>199</power>
          <gpxtpx:TrackPointExtension>
            <gpxtpx:hr>113</gpxtpx:hr>
            <gpxtpx:cad>85</gpxtpx:cad>
          </gpxtpx:TrackPointExtension>
        </extensions>
      </trkpt>
      <trkpt lat="43.326068" lon="-1.858364">
        <ele>52.8</ele>
        <time>2026-09-06T11:26:44Z</time>
        <extensions>
          <power>244</power>
          <gpxtpx:TrackPointExtension>
            <gpxtpx:hr>114</gpxtpx:hr>
            <gpxtpx:cad>84</gpxtpx:cad>
          </gpxtpx:TrackPointExtension>
        </extensions>
      </trkpt>
      <trkpt lat="43.326068" lon="-1.858364">
        <ele>52.8</ele>
        <time>2026-09-06T11:26:45Z</time>
        <extensions>
          <power>265</power>
          <gpxtpx:TrackPointExtension>
            <gpxtpx:hr>114</gpxtpx:hr>
            <gpxtpx:cad>84</gpxtpx:cad>
          </gpxtpx:TrackPointExtension>
        </extensions>
      </trkpt>
      <trkpt lat="43.326099" lon="-1.858314">
        <ele>53.0</ele>
        <time>2026-09-06T11:26:46Z</time>
        <extensions>
          <power>180</power>
          <gpxtpx:TrackPointExtension>
            <gpxtpx:hr>114</gpxtpx:hr>
            <gpxtpx:cad>84</gpxtpx:cad>
          </gpxtpx:TrackPointExtension>
        </extensions>
      </trkpt>
      <trkpt lat="43.326298" lon="-1.857967">
        <ele>54.2</ele>
        <time>2026-09-06T11:26:47Z</time>
        <extensions>
          <power>191</power>
          <gpxtpx:TrackPointExtension>
            <gpxtpx:hr>114</gpxtpx:hr>
            <gpxtpx:cad>84</gpxtpx:cad>
          </gpxtpx:TrackPointExtension>
        </extensions>
      </trkpt>
      <trkpt lat="43.326298" lon="-1.857967">
        <ele>54.2</ele>
        <time>2026-09-06T11:26:48Z</time>
        <extensions>
          <power>196</power>
          <gpxtpx:TrackPointExtension>
            <gpxtpx:hr>114</gpxtpx:hr>
            <gpxtpx:cad>85</gpxtpx:cad>
          </gpxtpx:TrackPointExtension>
        </extensions>
      </trkpt>
      <trkpt lat="43.326298" lon="-1.857967">
        <ele>54.2</ele>
        <time>2026-09-06T11:26:49Z</time>
        <extensions>
          <power>198</power>
          <gpxtpx:TrackPointExtension>
            <gpxtpx:hr>114</gpxtpx:hr>
            <gpxtpx:cad>85</gpxtpx:cad>
          </gpxtpx:TrackPointExtension>
        </extensions>
      </trkpt>
      <trkpt lat="43.326298" lon="-1.857967">
        <ele>54.2</ele>
        <time>2026-09-06T11:26:50Z</time>
        <extensions>
          <power>198</power>
          <gpxtpx:TrackPointExtension>
            <gpxtpx:hr>114</gpxtpx:hr>
            <gpxtpx:cad>85</gpxtpx:cad>
          </gpxtpx:TrackPointExtension>
        </extensions>
      </trkpt>
      <trkpt lat="43.326324" lon="-1.857916">
        <ele>54.6</ele>
        <time>2026-09-06T11:26:51Z</time>
        <extensions>
          <power>209</power>
          <gpxtpx:TrackPointExtension>
            <gpxtpx:hr>114</gpxtpx:hr>
            <gpxtpx:cad>84</gpxtpx:cad>
          </gpxtpx:TrackPointExtension>
        </extensions>
      </trkpt>
      <trkpt lat="43.326380" lon="-1.857764">
        <ele>55.4</ele>
        <time>2026-09-06T11:26:52Z</time>
        <extensions>
          <power>207</power>
          <gpxtpx:TrackPointExtension>
            <gpxtpx:hr>114</gpxtpx:hr>
            <gpxtpx:cad>85</gpxtpx:cad>
          </gpxtpx:TrackPointExtension>
        </extensions>
      </trkpt>
      <trkpt lat="43.326380" lon="-1.857764">
        <ele>55.4</ele>
        <time>2026-09-06T11:26:53Z</time>
        <extensions>
          <power>231</power>
          <gpxtpx:TrackPointExtension>
            <gpxtpx:hr>115</gpxtpx:hr>
            <gpxtpx:cad>85</gpxtpx:cad>
          </gpxtpx:TrackPointExtension>
        </extensions>
      </trkpt>
      <trkpt lat="43.326435" lon="-1.857623">
        <ele>56.2</ele>
        <time>2026-09-06T11:26:54Z</time>
        <extensions>
          <power>279</power>
          <gpxtpx:TrackPointExtension>
            <gpxtpx:hr>115</gpxtpx:hr>
            <gpxtpx:cad>83</gpxtpx:cad>
          </gpxtpx:TrackPointExtension>
        </extensions>
      </trkpt>
      <trkpt lat="43.326454" lon="-1.857579">
        <ele>56.4</ele>
        <time>2026-09-06T11:26:55Z</time>
        <extensions>
          <power>299</power>
          <gpxtpx:TrackPointExtension>
            <gpxtpx:hr>115</gpxtpx:hr>
            <gpxtpx:cad>83</gpxtpx:cad>
          </gpxtpx:TrackPointExtension>
        </extensions>
      </trkpt>
      <trkpt lat="43.326533" lon="-1.857347">
        <ele>57.6</ele>
        <time>2026-09-06T11:26:56Z</time>
        <extensions>
          <power>283</power>
          <gpxtpx:TrackPointExtension>
            <gpxtpx:hr>115</gpxtpx:hr>
            <gpxtpx:cad>82</gpxtpx:cad>
          </gpxtpx:TrackPointExtension>
        </extensions>
      </trkpt>
      <trkpt lat="43.326533" lon="-1.857347">
        <ele>57.6</ele>
        <time>2026-09-06T11:26:57Z</time>
        <extensions>
          <power>198</power>
          <gpxtpx:TrackPointExtension>
            <gpxtpx:hr>115</gpxtpx:hr>
            <gpxtpx:cad>83</gpxtpx:cad>
          </gpxtpx:TrackPointExtension>
        </extensions>
      </trkpt>
      <trkpt lat="43.326533" lon="-1.857347">
        <ele>57.6</ele>
        <time>2026-09-06T11:26:58Z</time>
        <extensions>
          <power>245</power>
          <gpxtpx:TrackPointExtension>
            <gpxtpx:hr>115</gpxtpx:hr>
            <gpxtpx:cad>86</gpxtpx:cad>
          </gpxtpx:TrackPointExtension>
        </extensions>
      </trkpt>
      <trkpt lat="43.326618" lon="-1.857108">
        <ele>58.6</ele>
        <time>2026-09-06T11:26:59Z</time>
        <extensions>
          <power>247</power>
          <gpxtpx:TrackPointExtension>
            <gpxtpx:hr>115</gpxtpx:hr>
            <gpxtpx:cad>84</gpxtpx:cad>
          </gpxtpx:TrackPointExtension>
        </extensions>
      </trkpt>
      <trkpt lat="43.326618" lon="-1.857108">
        <ele>58.6</ele>
        <time>2026-09-06T11:27:00Z</time>
        <extensions>
          <power>218</power>
          <gpxtpx:TrackPointExtension>
            <gpxtpx:hr>116</gpxtpx:hr>
            <gpxtpx:cad>84</gpxtpx:cad>
          </gpxtpx:TrackPointExtension>
        </extensions>
      </trkpt>
      <trkpt lat="43.326618" lon="-1.857108">
        <ele>58.6</ele>
        <time>2026-09-06T11:27:01Z</time>
        <extensions>
          <power>228</power>
          <gpxtpx:TrackPointExtension>
            <gpxtpx:hr>116</gpxtpx:hr>
            <gpxtpx:cad>84</gpxtpx:cad>
          </gpxtpx:TrackPointExtension>
        </extensions>
      </trkpt>
      <trkpt lat="43.326644" lon="-1.857011">
        <ele>58.8</ele>
        <time>2026-09-06T11:27:02Z</time>
        <extensions>
          <power>211</power>
          <gpxtpx:TrackPointExtension>
            <gpxtpx:hr>116</gpxtpx:hr>
            <gpxtpx:cad>84</gpxtpx:cad>
          </gpxtpx:TrackPointExtension>
        </extensions>
      </trkpt>
      <trkpt lat="43.326737" lon="-1.856783">
        <ele>59.4</ele>
        <time>2026-09-06T11:27:03Z</time>
        <extensions>
          <power>190</power>
          <gpxtpx:TrackPointExtension>
            <gpxtpx:hr>116</gpxtpx:hr>
            <gpxtpx:cad>85</gpxtpx:cad>
          </gpxtpx:TrackPointExtension>
        </extensions>
      </trkpt>
      <trkpt lat="43.326737" lon="-1.856783">
        <ele>59.4</ele>
        <time>2026-09-06T11:27:04Z</time>
        <extensions>
          <power>170</power>
          <gpxtpx:TrackPointExtension>
            <gpxtpx:hr>116</gpxtpx:hr>
            <gpxtpx:cad>86</gpxtpx:cad>
          </gpxtpx:TrackPointExtension>
        </extensions>
      </trkpt>
      <trkpt lat="43.326737" lon="-1.856783">
        <ele>59.4</ele>
        <time>2026-09-06T11:27:05Z</time>
        <extensions>
          <power>156</power>
          <gpxtpx:TrackPointExtension>
            <gpxtpx:hr>116</gpxtpx:hr>
            <gpxtpx:cad>86</gpxtpx:cad>
          </gpxtpx:TrackPointExtension>
        </extensions>
      </trkpt>
      <trkpt lat="43.326831" lon="-1.856545">
        <ele>60.8</ele>
        <time>2026-09-06T11:27:06Z</time>
        <extensions>
          <power>159</power>
          <gpxtpx:TrackPointExtension>
            <gpxtpx:hr>116</gpxtpx:hr>
            <gpxtpx:cad>86</gpxtpx:cad>
          </gpxtpx:TrackPointExtension>
        </extensions>
      </trkpt>
      <trkpt lat="43.326831" lon="-1.856545">
        <ele>60.8</ele>
        <time>2026-09-06T11:27:07Z</time>
        <extensions>
          <power>170</power>
          <gpxtpx:TrackPointExtension>
            <gpxtpx:hr>116</gpxtpx:hr>
            <gpxtpx:cad>88</gpxtpx:cad>
          </gpxtpx:TrackPointExtension>
        </extensions>
      </trkpt>
      <trkpt lat="43.326831" lon="-1.856545">
        <ele>60.8</ele>
        <time>2026-09-06T11:27:08Z</time>
        <extensions>
          <power>242</power>
          <gpxtpx:TrackPointExtension>
            <gpxtpx:hr>116</gpxtpx:hr>
            <gpxtpx:cad>86</gpxtpx:cad>
          </gpxtpx:TrackPointExtension>
        </extensions>
      </trkpt>
      <trkpt lat="43.326882" lon="-1.856401">
        <ele>61.4</ele>
        <time>2026-09-06T11:27:09Z</time>
        <extensions>
          <power>223</power>
          <gpxtpx:TrackPointExtension>
            <gpxtpx:hr>115</gpxtpx:hr>
            <gpxtpx:cad>85</gpxtpx:cad>
          </gpxtpx:TrackPointExtension>
        </extensions>
      </trkpt>
      <trkpt lat="43.326882" lon="-1.856401">
        <ele>61.4</ele>
        <time>2026-09-06T11:27:10Z</time>
        <extensions>
          <power>162</power>
          <gpxtpx:TrackPointExtension>
            <gpxtpx:hr>115</gpxtpx:hr>
            <gpxtpx:cad>81</gpxtpx:cad>
          </gpxtpx:TrackPointExtension>
        </extensions>
      </trkpt>
      <trkpt lat="43.326918" lon="-1.856305">
        <ele>61.8</ele>
        <time>2026-09-06T11:27:11Z</time>
        <extensions>
          <power>180</power>
          <gpxtpx:TrackPointExtension>
            <gpxtpx:hr>115</gpxtpx:hr>
            <gpxtpx:cad>82</gpxtpx:cad>
          </gpxtpx:TrackPointExtension>
        </extensions>
      </trkpt>
      <trkpt lat="43.327008" lon="-1.856070">
        <ele>62.8</ele>
        <time>2026-09-06T11:27:12Z</time>
        <extensions>
          <power>211</power>
          <gpxtpx:TrackPointExtension>
            <gpxtpx:hr>115</gpxtpx:hr>
            <gpxtpx:cad>83</gpxtpx:cad>
          </gpxtpx:TrackPointExtension>
        </extensions>
      </trkpt>
      <trkpt lat="43.327008" lon="-1.856070">
        <ele>62.8</ele>
        <time>2026-09-06T11:27:13Z</time>
        <extensions>
          <power>166</power>
          <gpxtpx:TrackPointExtension>
            <gpxtpx:hr>115</gpxtpx:hr>
            <gpxtpx:cad>83</gpxtpx:cad>
          </gpxtpx:TrackPointExtension>
        </extensions>
      </trkpt>
      <trkpt lat="43.327008" lon="-1.856070">
        <ele>62.8</ele>
        <time>2026-09-06T11:27:14Z</time>
        <extensions>
          <power>179</power>
          <gpxtpx:TrackPointExtension>
            <gpxtpx:hr>114</gpxtpx:hr>
            <gpxtpx:cad>83</gpxtpx:cad>
          </gpxtpx:TrackPointExtension>
        </extensions>
      </trkpt>
      <trkpt lat="43.327024" lon="-1.856020">
        <ele>63.0</ele>
        <time>2026-09-06T11:27:15Z</time>
        <extensions>
          <power>177</power>
          <gpxtpx:TrackPointExtension>
            <gpxtpx:hr>114</gpxtpx:hr>
            <gpxtpx:cad>83</gpxtpx:cad>
          </gpxtpx:TrackPointExtension>
        </extensions>
      </trkpt>
      <trkpt lat="43.327113" lon="-1.855779">
        <ele>64.0</ele>
        <time>2026-09-06T11:27:16Z</time>
        <extensions>
          <power>176</power>
          <gpxtpx:TrackPointExtension>
            <gpxtpx:hr>114</gpxtpx:hr>
            <gpxtpx:cad>82</gpxtpx:cad>
          </gpxtpx:TrackPointExtension>
        </extensions>
      </trkpt>
      <trkpt lat="43.327113" lon="-1.855779">
        <ele>64.0</ele>
        <time>2026-09-06T11:27:17Z</time>
        <extensions>
          <power>176</power>
          <gpxtpx:TrackPointExtension>
            <gpxtpx:hr>114</gpxtpx:hr>
            <gpxtpx:cad>82</gpxtpx:cad>
          </gpxtpx:TrackPointExtension>
        </extensions>
      </trkpt>
      <trkpt lat="43.327113" lon="-1.855779">
        <ele>64.0</ele>
        <time>2026-09-06T11:27:18Z</time>
        <extensions>
          <power>179</power>
          <gpxtpx:TrackPointExtension>
            <gpxtpx:hr>114</gpxtpx:hr>
            <gpxtpx:cad>81</gpxtpx:cad>
          </gpxtpx:TrackPointExtension>
        </extensions>
      </trkpt>
      <trkpt lat="43.327170" lon="-1.855644">
        <ele>64.6</ele>
        <time>2026-09-06T11:27:19Z</time>
        <extensions>
          <power>125</power>
          <gpxtpx:TrackPointExtension>
            <gpxtpx:hr>114</gpxtpx:hr>
            <gpxtpx:cad>82</gpxtpx:cad>
          </gpxtpx:TrackPointExtension>
        </extensions>
      </trkpt>
      <trkpt lat="43.327170" lon="-1.855644">
        <ele>64.6</ele>
        <time>2026-09-06T11:27:20Z</time>
        <extensions>
          <power>128</power>
          <gpxtpx:TrackPointExtension>
            <gpxtpx:hr>114</gpxtpx:hr>
            <gpxtpx:cad>83</gpxtpx:cad>
          </gpxtpx:TrackPointExtension>
        </extensions>
      </trkpt>
      <trkpt lat="43.327208" lon="-1.855553">
        <ele>65.0</ele>
        <time>2026-09-06T11:27:21Z</time>
        <extensions>
          <power>140</power>
          <gpxtpx:TrackPointExtension>
            <gpxtpx:hr>114</gpxtpx:hr>
            <gpxtpx:cad>85</gpxtpx:cad>
          </gpxtpx:TrackPointExtension>
        </extensions>
      </trkpt>
      <trkpt lat="43.327208" lon="-1.855553">
        <ele>65.0</ele>
        <time>2026-09-06T11:27:22Z</time>
        <extensions>
          <power>161</power>
          <gpxtpx:TrackPointExtension>
            <gpxtpx:hr>114</gpxtpx:hr>
            <gpxtpx:cad>84</gpxtpx:cad>
          </gpxtpx:TrackPointExtension>
        </extensions>
      </trkpt>
      <trkpt lat="43.327357" lon="-1.855278">
        <ele>66.2</ele>
        <time>2026-09-06T11:27:23Z</time>
        <extensions>
          <power>183</power>
          <gpxtpx:TrackPointExtension>
            <gpxtpx:hr>114</gpxtpx:hr>
            <gpxtpx:cad>85</gpxtpx:cad>
          </gpxtpx:TrackPointExtension>
        </extensions>
      </trkpt>
      <trkpt lat="43.327357" lon="-1.855278">
        <ele>66.2</ele>
        <time>2026-09-06T11:27:24Z</time>
        <extensions>
          <power>175</power>
          <gpxtpx:TrackPointExtension>
            <gpxtpx:hr>114</gpxtpx:hr>
            <gpxtpx:cad>85</gpxtpx:cad>
          </gpxtpx:TrackPointExtension>
        </extensions>
      </trkpt>
      <trkpt lat="43.327357" lon="-1.855278">
        <ele>66.2</ele>
        <time>2026-09-06T11:27:25Z</time>
        <extensions>
          <power>151</power>
          <gpxtpx:TrackPointExtension>
            <gpxtpx:hr>114</gpxtpx:hr>
            <gpxtpx:cad>85</gpxtpx:cad>
          </gpxtpx:TrackPointExtension>
        </extensions>
      </trkpt>
      <trkpt lat="43.327357" lon="-1.855278">
        <ele>66.2</ele>
        <time>2026-09-06T11:27:26Z</time>
        <extensions>
          <power>142</power>
          <gpxtpx:TrackPointExtension>
            <gpxtpx:hr>113</gpxtpx:hr>
            <gpxtpx:cad>87</gpxtpx:cad>
          </gpxtpx:TrackPointExtension>
        </extensions>
      </trkpt>
      <trkpt lat="43.327481" lon="-1.855053">
        <ele>67.2</ele>
        <time>2026-09-06T11:27:27Z</time>
        <extensions>
          <power>144</power>
          <gpxtpx:TrackPointExtension>
            <gpxtpx:hr>113</gpxtpx:hr>
            <gpxtpx:cad>83</gpxtpx:cad>
          </gpxtpx:TrackPointExtension>
        </extensions>
      </trkpt>
      <trkpt lat="43.327481" lon="-1.855053">
        <ele>67.2</ele>
        <time>2026-09-06T11:27:28Z</time>
        <extensions>
          <power>139</power>
          <gpxtpx:TrackPointExtension>
            <gpxtpx:hr>113</gpxtpx:hr>
            <gpxtpx:cad>84</gpxtpx:cad>
          </gpxtpx:TrackPointExtension>
        </extensions>
      </trkpt>
      <trkpt lat="43.327481" lon="-1.855053">
        <ele>67.2</ele>
        <time>2026-09-06T11:27:29Z</time>
        <extensions>
          <power>160</power>
          <gpxtpx:TrackPointExtension>
            <gpxtpx:hr>113</gpxtpx:hr>
            <gpxtpx:cad>85</gpxtpx:cad>
          </gpxtpx:TrackPointExtension>
        </extensions>
      </trkpt>
      <trkpt lat="43.327481" lon="-1.855053">
        <ele>67.2</ele>
        <time>2026-09-06T11:27:30Z</time>
        <extensions>
          <power>145</power>
          <gpxtpx:TrackPointExtension>
            <gpxtpx:hr>113</gpxtpx:hr>
            <gpxtpx:cad>83</gpxtpx:cad>
          </gpxtpx:TrackPointExtension>
        </extensions>
      </trkpt>
      <trkpt lat="43.327615" lon="-1.854783">
        <ele>68.4</ele>
        <time>2026-09-06T11:27:31Z</time>
        <extensions>
          <power>149</power>
          <gpxtpx:TrackPointExtension>
            <gpxtpx:hr>113</gpxtpx:hr>
            <gpxtpx:cad>75</gpxtpx:cad>
          </gpxtpx:TrackPointExtension>
        </extensions>
      </trkpt>
      <trkpt lat="43.327615" lon="-1.854783">
        <ele>68.4</ele>
        <time>2026-09-06T11:27:32Z</time>
        <extensions>
          <power>157</power>
          <gpxtpx:TrackPointExtension>
            <gpxtpx:hr>113</gpxtpx:hr>
            <gpxtpx:cad>76</gpxtpx:cad>
          </gpxtpx:TrackPointExtension>
        </extensions>
      </trkpt>
      <trkpt lat="43.327615" lon="-1.854783">
        <ele>68.4</ele>
        <time>2026-09-06T11:27:33Z</time>
        <extensions>
          <power>152</power>
          <gpxtpx:TrackPointExtension>
            <gpxtpx:hr>113</gpxtpx:hr>
            <gpxtpx:cad>86</gpxtpx:cad>
          </gpxtpx:TrackPointExtension>
        </extensions>
      </trkpt>
      <trkpt lat="43.327615" lon="-1.854783">
        <ele>68.4</ele>
        <time>2026-09-06T11:27:34Z</time>
        <extensions>
          <power>160</power>
          <gpxtpx:TrackPointExtension>
            <gpxtpx:hr>112</gpxtpx:hr>
            <gpxtpx:cad>85</gpxtpx:cad>
          </gpxtpx:TrackPointExtension>
        </extensions>
      </trkpt>
      <trkpt lat="43.327615" lon="-1.854783">
        <ele>68.4</ele>
        <time>2026-09-06T11:27:35Z</time>
        <extensions>
          <power>157</power>
          <gpxtpx:TrackPointExtension>
            <gpxtpx:hr>112</gpxtpx:hr>
            <gpxtpx:cad>85</gpxtpx:cad>
          </gpxtpx:TrackPointExtension>
        </extensions>
      </trkpt>
      <trkpt lat="43.327685" lon="-1.854658">
        <ele>69.0</ele>
        <time>2026-09-06T11:27:36Z</time>
        <extensions>
          <power>161</power>
          <gpxtpx:TrackPointExtension>
            <gpxtpx:hr>112</gpxtpx:hr>
            <gpxtpx:cad>85</gpxtpx:cad>
          </gpxtpx:TrackPointExtension>
        </extensions>
      </trkpt>
      <trkpt lat="43.327685" lon="-1.854658">
        <ele>69.0</ele>
        <time>2026-09-06T11:27:37Z</time>
        <extensions>
          <power>169</power>
          <gpxtpx:TrackPointExtension>
            <gpxtpx:hr>112</gpxtpx:hr>
            <gpxtpx:cad>84</gpxtpx:cad>
          </gpxtpx:TrackPointExtension>
        </extensions>
      </trkpt>
      <trkpt lat="43.327750" lon="-1.854530">
        <ele>69.6</ele>
        <time>2026-09-06T11:27:38Z</time>
        <extensions>
          <power>163</power>
          <gpxtpx:TrackPointExtension>
            <gpxtpx:hr>112</gpxtpx:hr>
            <gpxtpx:cad>84</gpxtpx:cad>
          </gpxtpx:TrackPointExtension>
        </extensions>
      </trkpt>
      <trkpt lat="43.327750" lon="-1.854530">
        <ele>69.6</ele>
        <time>2026-09-06T11:27:39Z</time>
        <extensions>
          <power>167</power>
          <gpxtpx:TrackPointExtension>
            <gpxtpx:hr>112</gpxtpx:hr>
            <gpxtpx:cad>83</gpxtpx:cad>
          </gpxtpx:TrackPointExtension>
        </extensions>
      </trkpt>
      <trkpt lat="43.327863" lon="-1.854310">
        <ele>70.6</ele>
        <time>2026-09-06T11:27:40Z</time>
        <extensions>
          <power>177</power>
          <gpxtpx:TrackPointExtension>
            <gpxtpx:hr>112</gpxtpx:hr>
            <gpxtpx:cad>84</gpxtpx:cad>
          </gpxtpx:TrackPointExtension>
        </extensions>
      </trkpt>
      <trkpt lat="43.327863" lon="-1.854310">
        <ele>70.6</ele>
        <time>2026-09-06T11:27:41Z</time>
        <extensions>
          <power>183</power>
          <gpxtpx:TrackPointExtension>
            <gpxtpx:hr>112</gpxtpx:hr>
            <gpxtpx:cad>85</gpxtpx:cad>
          </gpxtpx:TrackPointExtension>
        </extensions>
      </trkpt>
      <trkpt lat="43.327863" lon="-1.854310">
        <ele>70.6</ele>
        <time>2026-09-06T11:27:42Z</time>
        <extensions>
          <power>177</power>
          <gpxtpx:TrackPointExtension>
            <gpxtpx:hr>112</gpxtpx:hr>
            <gpxtpx:cad>84</gpxtpx:cad>
          </gpxtpx:TrackPointExtension>
        </extensions>
      </trkpt>
      <trkpt lat="43.327863" lon="-1.854310">
        <ele>70.6</ele>
        <time>2026-09-06T11:27:43Z</time>
        <extensions>
          <power>163</power>
          <gpxtpx:TrackPointExtension>
            <gpxtpx:hr>112</gpxtpx:hr>
            <gpxtpx:cad>85</gpxtpx:cad>
          </gpxtpx:TrackPointExtension>
        </extensions>
      </trkpt>
      <trkpt lat="43.327984" lon="-1.854098">
        <ele>71.6</ele>
        <time>2026-09-06T11:27:44Z</time>
        <extensions>
          <power>161</power>
          <gpxtpx:TrackPointExtension>
            <gpxtpx:hr>112</gpxtpx:hr>
            <gpxtpx:cad>84</gpxtpx:cad>
          </gpxtpx:TrackPointExtension>
        </extensions>
      </trkpt>
      <trkpt lat="43.327984" lon="-1.854098">
        <ele>71.6</ele>
        <time>2026-09-06T11:27:45Z</time>
        <extensions>
          <power>164</power>
          <gpxtpx:TrackPointExtension>
            <gpxtpx:hr>112</gpxtpx:hr>
            <gpxtpx:cad>84</gpxtpx:cad>
          </gpxtpx:TrackPointExtension>
        </extensions>
      </trkpt>
      <trkpt lat="43.327984" lon="-1.854098">
        <ele>71.6</ele>
        <time>2026-09-06T11:27:46Z</time>
        <extensions>
          <power>177</power>
          <gpxtpx:TrackPointExtension>
            <gpxtpx:hr>112</gpxtpx:hr>
            <gpxtpx:cad>83</gpxtpx:cad>
          </gpxtpx:TrackPointExtension>
        </extensions>
      </trkpt>
      <trkpt lat="43.327984" lon="-1.854098">
        <ele>71.6</ele>
        <time>2026-09-06T11:27:47Z</time>
        <extensions>
          <power>160</power>
          <gpxtpx:TrackPointExtension>
            <gpxtpx:hr>112</gpxtpx:hr>
            <gpxtpx:cad>82</gpxtpx:cad>
          </gpxtpx:TrackPointExtension>
        </extensions>
      </trkpt>
      <trkpt lat="43.328050" lon="-1.853966">
        <ele>72.6</ele>
        <time>2026-09-06T11:27:48Z</time>
        <extensions>
          <power>165</power>
          <gpxtpx:TrackPointExtension>
            <gpxtpx:hr>112</gpxtpx:hr>
            <gpxtpx:cad>83</gpxtpx:cad>
          </gpxtpx:TrackPointExtension>
        </extensions>
      </trkpt>
      <trkpt lat="43.328050" lon="-1.853966">
        <ele>72.6</ele>
        <time>2026-09-06T11:27:49Z</time>
        <extensions>
          <power>185</power>
          <gpxtpx:TrackPointExtension>
            <gpxtpx:hr>111</gpxtpx:hr>
            <gpxtpx:cad>82</gpxtpx:cad>
          </gpxtpx:TrackPointExtension>
        </extensions>
      </trkpt>
      <trkpt lat="43.328096" lon="-1.853877">
        <ele>73.0</ele>
        <time>2026-09-06T11:27:50Z</time>
        <extensions>
          <power>217</power>
          <gpxtpx:TrackPointExtension>
            <gpxtpx:hr>111</gpxtpx:hr>
            <gpxtpx:cad>72</gpxtpx:cad>
          </gpxtpx:TrackPointExtension>
        </extensions>
      </trkpt>
      <trkpt lat="43.328096" lon="-1.853877">
        <ele>73.0</ele>
        <time>2026-09-06T11:27:51Z</time>
        <extensions>
          <power>240</power>
          <gpxtpx:TrackPointExtension>
            <gpxtpx:hr>111</gpxtpx:hr>
            <gpxtpx:cad>71</gpxtpx:cad>
          </gpxtpx:TrackPointExtension>
        </extensions>
      </trkpt>
      <trkpt lat="43.328168" lon="-1.853750">
        <ele>73.6</ele>
        <time>2026-09-06T11:27:52Z</time>
        <extensions>
          <power>211</power>
          <gpxtpx:TrackPointExtension>
            <gpxtpx:hr>111</gpxtpx:hr>
            <gpxtpx:cad>72</gpxtpx:cad>
          </gpxtpx:TrackPointExtension>
        </extensions>
      </trkpt>
      <trkpt lat="43.328168" lon="-1.853750">
        <ele>73.6</ele>
        <time>2026-09-06T11:27:53Z</time>
        <extensions>
          <power>171</power>
          <gpxtpx:TrackPointExtension>
            <gpxtpx:hr>111</gpxtpx:hr>
            <gpxtpx:cad>84</gpxtpx:cad>
          </gpxtpx:TrackPointExtension>
        </extensions>
      </trkpt>
      <trkpt lat="43.328306" lon="-1.853487">
        <ele>74.6</ele>
        <time>2026-09-06T11:27:54Z</time>
        <extensions>
          <power>165</power>
          <gpxtpx:TrackPointExtension>
            <gpxtpx:hr>111</gpxtpx:hr>
            <gpxtpx:cad>83</gpxtpx:cad>
          </gpxtpx:TrackPointExtension>
        </extensions>
      </trkpt>
      <trkpt lat="43.328306" lon="-1.853487">
        <ele>74.6</ele>
        <time>2026-09-06T11:27:55Z</time>
        <extensions>
          <power>168</power>
          <gpxtpx:TrackPointExtension>
            <gpxtpx:hr>110</gpxtpx:hr>
            <gpxtpx:cad>84</gpxtpx:cad>
          </gpxtpx:TrackPointExtension>
        </extensions>
      </trkpt>
      <trkpt lat="43.328306" lon="-1.853487">
        <ele>74.6</ele>
        <time>2026-09-06T11:27:56Z</time>
        <extensions>
          <power>152</power>
          <gpxtpx:TrackPointExtension>
            <gpxtpx:hr>110</gpxtpx:hr>
            <gpxtpx:cad>84</gpxtpx:cad>
          </gpxtpx:TrackPointExtension>
        </extensions>
      </trkpt>
      <trkpt lat="43.328306" lon="-1.853487">
        <ele>74.6</ele>
        <time>2026-09-06T11:27:57Z</time>
        <extensions>
          <power>145</power>
          <gpxtpx:TrackPointExtension>
            <gpxtpx:hr>110</gpxtpx:hr>
            <gpxtpx:cad>82</gpxtpx:cad>
          </gpxtpx:TrackPointExtension>
        </extensions>
      </trkpt>
      <trkpt lat="43.328404" lon="-1.853310">
        <ele>75.8</ele>
        <time>2026-09-06T11:27:58Z</time>
        <extensions>
          <power>141</power>
          <gpxtpx:TrackPointExtension>
            <gpxtpx:hr>110</gpxtpx:hr>
            <gpxtpx:cad>86</gpxtpx:cad>
          </gpxtpx:TrackPointExtension>
        </extensions>
      </trkpt>
      <trkpt lat="43.328404" lon="-1.853310">
        <ele>75.8</ele>
        <time>2026-09-06T11:27:59Z</time>
        <extensions>
          <power>157</power>
          <gpxtpx:TrackPointExtension>
            <gpxtpx:hr>109</gpxtpx:hr>
            <gpxtpx:cad>84</gpxtpx:cad>
          </gpxtpx:TrackPointExtension>
        </extensions>
      </trkpt>
      <trkpt lat="43.328404" lon="-1.853310">
        <ele>75.8</ele>
        <time>2026-09-06T11:28:00Z</time>
        <extensions>
          <power>163</power>
          <gpxtpx:TrackPointExtension>
            <gpxtpx:hr>109</gpxtpx:hr>
            <gpxtpx:cad>85</gpxtpx:cad>
          </gpxtpx:TrackPointExtension>
        </extensions>
      </trkpt>
      <trkpt lat="43.328521" lon="-1.853097">
        <ele>77.0</ele>
        <time>2026-09-06T11:28:01Z</time>
        <extensions>
          <power>189</power>
          <gpxtpx:TrackPointExtension>
            <gpxtpx:hr>109</gpxtpx:hr>
            <gpxtpx:cad>84</gpxtpx:cad>
          </gpxtpx:TrackPointExtension>
        </extensions>
      </trkpt>
      <trkpt lat="43.328521" lon="-1.853097">
        <ele>77.0</ele>
        <time>2026-09-06T11:28:02Z</time>
        <extensions>
          <power>195</power>
          <gpxtpx:TrackPointExtension>
            <gpxtpx:hr>109</gpxtpx:hr>
            <gpxtpx:cad>82</gpxtpx:cad>
          </gpxtpx:TrackPointExtension>
        </extensions>
      </trkpt>
      <trkpt lat="43.328521" lon="-1.853097">
        <ele>77.0</ele>
        <time>2026-09-06T11:28:03Z</time>
        <extensions>
          <power>237</power>
          <gpxtpx:TrackPointExtension>
            <gpxtpx:hr>109</gpxtpx:hr>
            <gpxtpx:cad>83</gpxtpx:cad>
          </gpxtpx:TrackPointExtension>
        </extensions>
      </trkpt>
      <trkpt lat="43.328521" lon="-1.853097">
        <ele>77.0</ele>
        <time>2026-09-06T11:28:04Z</time>
        <extensions>
          <power>199</power>
          <gpxtpx:TrackPointExtension>
            <gpxtpx:hr>109</gpxtpx:hr>
            <gpxtpx:cad>81</gpxtpx:cad>
          </gpxtpx:TrackPointExtension>
        </extensions>
      </trkpt>
      <trkpt lat="43.328639" lon="-1.852882">
        <ele>78.0</ele>
        <time>2026-09-06T11:28:05Z</time>
        <extensions>
          <power>189</power>
          <gpxtpx:TrackPointExtension>
            <gpxtpx:hr>109</gpxtpx:hr>
            <gpxtpx:cad>83</gpxtpx:cad>
          </gpxtpx:TrackPointExtension>
        </extensions>
      </trkpt>
      <trkpt lat="43.328639" lon="-1.852882">
        <ele>78.0</ele>
        <time>2026-09-06T11:28:06Z</time>
        <extensions>
          <power>192</power>
          <gpxtpx:TrackPointExtension>
            <gpxtpx:hr>109</gpxtpx:hr>
            <gpxtpx:cad>82</gpxtpx:cad>
          </gpxtpx:TrackPointExtension>
        </extensions>
      </trkpt>
      <trkpt lat="43.328639" lon="-1.852882">
        <ele>78.0</ele>
        <time>2026-09-06T11:28:07Z</time>
        <extensions>
          <power>184</power>
          <gpxtpx:TrackPointExtension>
            <gpxtpx:hr>109</gpxtpx:hr>
            <gpxtpx:cad>83</gpxtpx:cad>
          </gpxtpx:TrackPointExtension>
        </extensions>
      </trkpt>
      <trkpt lat="43.328639" lon="-1.852882">
        <ele>78.0</ele>
        <time>2026-09-06T11:28:08Z</time>
        <extensions>
          <power>183</power>
          <gpxtpx:TrackPointExtension>
            <gpxtpx:hr>109</gpxtpx:hr>
            <gpxtpx:cad>82</gpxtpx:cad>
          </gpxtpx:TrackPointExtension>
        </extensions>
      </trkpt>
      <trkpt lat="43.328727" lon="-1.852715">
        <ele>78.8</ele>
        <time>2026-09-06T11:28:09Z</time>
        <extensions>
          <power>168</power>
          <gpxtpx:TrackPointExtension>
            <gpxtpx:hr>109</gpxtpx:hr>
            <gpxtpx:cad>83</gpxtpx:cad>
          </gpxtpx:TrackPointExtension>
        </extensions>
      </trkpt>
      <trkpt lat="43.328727" lon="-1.852715">
        <ele>78.8</ele>
        <time>2026-09-06T11:28:10Z</time>
        <extensions>
          <power>177</power>
          <gpxtpx:TrackPointExtension>
            <gpxtpx:hr>109</gpxtpx:hr>
            <gpxtpx:cad>85</gpxtpx:cad>
          </gpxtpx:TrackPointExtension>
        </extensions>
      </trkpt>
      <trkpt lat="43.328727" lon="-1.852715">
        <ele>78.8</ele>
        <time>2026-09-06T11:28:11Z</time>
        <extensions>
          <power>203</power>
          <gpxtpx:TrackPointExtension>
            <gpxtpx:hr>109</gpxtpx:hr>
            <gpxtpx:cad>85</gpxtpx:cad>
          </gpxtpx:TrackPointExtension>
        </extensions>
      </trkpt>
      <trkpt lat="43.328750" lon="-1.852672">
        <ele>79.0</ele>
        <time>2026-09-06T11:28:12Z</time>
        <extensions>
          <power>215</power>
          <gpxtpx:TrackPointExtension>
            <gpxtpx:hr>109</gpxtpx:hr>
            <gpxtpx:cad>86</gpxtpx:cad>
          </gpxtpx:TrackPointExtension>
        </extensions>
      </trkpt>
      <trkpt lat="43.328848" lon="-1.852494">
        <ele>80.2</ele>
        <time>2026-09-06T11:28:13Z</time>
        <extensions>
          <power>250</power>
          <gpxtpx:TrackPointExtension>
            <gpxtpx:hr>109</gpxtpx:hr>
            <gpxtpx:cad>84</gpxtpx:cad>
          </gpxtpx:TrackPointExtension>
        </extensions>
      </trkpt>
      <trkpt lat="43.328848" lon="-1.852494">
        <ele>80.2</ele>
        <time>2026-09-06T11:28:14Z</time>
        <extensions>
          <power>291</power>
          <gpxtpx:TrackPointExtension>
            <gpxtpx:hr>109</gpxtpx:hr>
            <gpxtpx:cad>78</gpxtpx:cad>
          </gpxtpx:TrackPointExtension>
        </extensions>
      </trkpt>
      <trkpt lat="43.328848" lon="-1.852494">
        <ele>80.2</ele>
        <time>2026-09-06T11:28:15Z</time>
        <extensions>
          <power>314</power>
          <gpxtpx:TrackPointExtension>
            <gpxtpx:hr>109</gpxtpx:hr>
            <gpxtpx:cad>77</gpxtpx:cad>
          </gpxtpx:TrackPointExtension>
        </extensions>
      </trkpt>
      <trkpt lat="43.328940" lon="-1.852313">
        <ele>81.0</ele>
        <time>2026-09-06T11:28:16Z</time>
        <extensions>
          <power>293</power>
          <gpxtpx:TrackPointExtension>
            <gpxtpx:hr>109</gpxtpx:hr>
            <gpxtpx:cad>78</gpxtpx:cad>
          </gpxtpx:TrackPointExtension>
        </extensions>
      </trkpt>
      <trkpt lat="43.328940" lon="-1.852313">
        <ele>81.0</ele>
        <time>2026-09-06T11:28:17Z</time>
        <extensions>
          <power>325</power>
          <gpxtpx:TrackPointExtension>
            <gpxtpx:hr>109</gpxtpx:hr>
            <gpxtpx:cad>75</gpxtpx:cad>
          </gpxtpx:TrackPointExtension>
        </extensions>
      </trkpt>
      <trkpt lat="43.328940" lon="-1.852313">
        <ele>81.0</ele>
        <time>2026-09-06T11:28:18Z</time>
        <extensions>
          <power>295</power>
          <gpxtpx:TrackPointExtension>
            <gpxtpx:hr>110</gpxtpx:hr>
            <gpxtpx:cad>76</gpxtpx:cad>
          </gpxtpx:TrackPointExtension>
        </extensions>
      </trkpt>
      <trkpt lat="43.328984" lon="-1.852226">
        <ele>81.4</ele>
        <time>2026-09-06T11:28:19Z</time>
        <extensions>
          <power>277</power>
          <gpxtpx:TrackPointExtension>
            <gpxtpx:hr>110</gpxtpx:hr>
            <gpxtpx:cad>78</gpxtpx:cad>
          </gpxtpx:TrackPointExtension>
        </extensions>
      </trkpt>
      <trkpt lat="43.328984" lon="-1.852226">
        <ele>81.4</ele>
        <time>2026-09-06T11:28:20Z</time>
        <extensions>
          <power>253</power>
          <gpxtpx:TrackPointExtension>
            <gpxtpx:hr>111</gpxtpx:hr>
            <gpxtpx:cad>80</gpxtpx:cad>
          </gpxtpx:TrackPointExtension>
        </extensions>
      </trkpt>
      <trkpt lat="43.329139" lon="-1.851949">
        <ele>81.6</ele>
        <time>2026-09-06T11:28:21Z</time>
        <extensions>
          <power>191</power>
          <gpxtpx:TrackPointExtension>
            <gpxtpx:hr>111</gpxtpx:hr>
            <gpxtpx:cad>81</gpxtpx:cad>
          </gpxtpx:TrackPointExtension>
        </extensions>
      </trkpt>
      <trkpt lat="43.329139" lon="-1.851949">
        <ele>81.6</ele>
        <time>2026-09-06T11:28:22Z</time>
        <extensions>
          <power>199</power>
          <gpxtpx:TrackPointExtension>
            <gpxtpx:hr>112</gpxtpx:hr>
            <gpxtpx:cad>80</gpxtpx:cad>
          </gpxtpx:TrackPointExtension>
        </extensions>
      </trkpt>
      <trkpt lat="43.329139" lon="-1.851949">
        <ele>81.6</ele>
        <time>2026-09-06T11:28:23Z</time>
        <extensions>
          <power>122</power>
          <gpxtpx:TrackPointExtension>
            <gpxtpx:hr>112</gpxtpx:hr>
            <gpxtpx:cad>84</gpxtpx:cad>
          </gpxtpx:TrackPointExtension>
        </extensions>
      </trkpt>
      <trkpt lat="43.329139" lon="-1.851949">
        <ele>81.6</ele>
        <time>2026-09-06T11:28:24Z</time>
        <extensions>
          <power>136</power>
          <gpxtpx:TrackPointExtension>
            <gpxtpx:hr>112</gpxtpx:hr>
            <gpxtpx:cad>85</gpxtpx:cad>
          </gpxtpx:TrackPointExtension>
        </extensions>
      </trkpt>
      <trkpt lat="43.329139" lon="-1.851949">
        <ele>81.6</ele>
        <time>2026-09-06T11:28:25Z</time>
        <extensions>
          <power>120</power>
          <gpxtpx:TrackPointExtension>
            <gpxtpx:hr>113</gpxtpx:hr>
            <gpxtpx:cad>89</gpxtpx:cad>
          </gpxtpx:TrackPointExtension>
        </extensions>
      </trkpt>
      <trkpt lat="43.329372" lon="-1.851625">
        <ele>81.0</ele>
        <time>2026-09-06T11:28:26Z</time>
        <extensions>
          <power>105</power>
          <gpxtpx:TrackPointExtension>
            <gpxtpx:hr>113</gpxtpx:hr>
            <gpxtpx:cad>91</gpxtpx:cad>
          </gpxtpx:TrackPointExtension>
        </extensions>
      </trkpt>
      <trkpt lat="43.329372" lon="-1.851625">
        <ele>81.0</ele>
        <time>2026-09-06T11:28:27Z</time>
        <extensions>
          <power>101</power>
          <gpxtpx:TrackPointExtension>
            <gpxtpx:hr>114</gpxtpx:hr>
            <gpxtpx:cad>95</gpxtpx:cad>
          </gpxtpx:TrackPointExtension>
        </extensions>
      </trkpt>
      <trkpt lat="43.329372" lon="-1.851625">
        <ele>81.0</ele>
        <time>2026-09-06T11:28:28Z</time>
        <extensions>
          <power>90</power>
          <gpxtpx:TrackPointExtension>
            <gpxtpx:hr>114</gpxtpx:hr>
            <gpxtpx:cad>85</gpxtpx:cad>
          </gpxtpx:TrackPointExtension>
        </extensions>
      </trkpt>
      <trkpt lat="43.329372" lon="-1.851625">
        <ele>81.0</ele>
        <time>2026-09-06T11:28:29Z</time>
        <extensions>
          <power>117</power>
          <gpxtpx:TrackPointExtension>
            <gpxtpx:hr>114</gpxtpx:hr>
            <gpxtpx:cad>84</gpxtpx:cad>
          </gpxtpx:TrackPointExtension>
        </extensions>
      </trkpt>
      <trkpt lat="43.329372" lon="-1.851625">
        <ele>81.0</ele>
        <time>2026-09-06T11:28:30Z</time>
        <extensions>
          <power>105</power>
          <gpxtpx:TrackPointExtension>
            <gpxtpx:hr>114</gpxtpx:hr>
            <gpxtpx:cad>94</gpxtpx:cad>
          </gpxtpx:TrackPointExtension>
        </extensions>
      </trkpt>
      <trkpt lat="43.329408" lon="-1.851562">
        <ele>80.8</ele>
        <time>2026-09-06T11:28:31Z</time>
        <extensions>
          <power>80</power>
          <gpxtpx:TrackPointExtension>
            <gpxtpx:hr>114</gpxtpx:hr>
            <gpxtpx:cad>82</gpxtpx:cad>
          </gpxtpx:TrackPointExtension>
        </extensions>
      </trkpt>
      <trkpt lat="43.329487" lon="-1.851361">
        <ele>81.2</ele>
        <time>2026-09-06T11:28:32Z</time>
        <extensions>
          <power>62</power>
          <gpxtpx:TrackPointExtension>
            <gpxtpx:hr>114</gpxtpx:hr>
            <gpxtpx:cad>77</gpxtpx:cad>
          </gpxtpx:TrackPointExtension>
        </extensions>
      </trkpt>
      <trkpt lat="43.329487" lon="-1.851361">
        <ele>81.2</ele>
        <time>2026-09-06T11:28:33Z</time>
        <extensions>
          <power>56</power>
          <gpxtpx:TrackPointExtension>
            <gpxtpx:hr>115</gpxtpx:hr>
            <gpxtpx:cad>91</gpxtpx:cad>
          </gpxtpx:TrackPointExtension>
        </extensions>
      </trkpt>
      <trkpt lat="43.329487" lon="-1.851361">
        <ele>81.2</ele>
        <time>2026-09-06T11:28:34Z</time>
        <extensions>
          <power>94</power>
          <gpxtpx:TrackPointExtension>
            <gpxtpx:hr>115</gpxtpx:hr>
            <gpxtpx:cad>84</gpxtpx:cad>
          </gpxtpx:TrackPointExtension>
        </extensions>
      </trkpt>
      <trkpt lat="43.329619" lon="-1.851132">
        <ele>82.0</ele>
        <time>2026-09-06T11:28:35Z</time>
        <extensions>
          <power>79</power>
          <gpxtpx:TrackPointExtension>
            <gpxtpx:hr>115</gpxtpx:hr>
            <gpxtpx:cad>76</gpxtpx:cad>
          </gpxtpx:TrackPointExtension>
        </extensions>
      </trkpt>
      <trkpt lat="43.329619" lon="-1.851132">
        <ele>82.0</ele>
        <time>2026-09-06T11:28:36Z</time>
        <extensions>
          <power>108</power>
          <gpxtpx:TrackPointExtension>
            <gpxtpx:hr>115</gpxtpx:hr>
            <gpxtpx:cad>73</gpxtpx:cad>
          </gpxtpx:TrackPointExtension>
        </extensions>
      </trkpt>
      <trkpt lat="43.329619" lon="-1.851132">
        <ele>82.0</ele>
        <time>2026-09-06T11:28:37Z</time>
        <extensions>
          <power>108</power>
          <gpxtpx:TrackPointExtension>
            <gpxtpx:hr>116</gpxtpx:hr>
            <gpxtpx:cad>65</gpxtpx:cad>
          </gpxtpx:TrackPointExtension>
        </extensions>
      </trkpt>
      <trkpt lat="43.329619" lon="-1.851132">
        <ele>82.0</ele>
        <time>2026-09-06T11:28:38Z</time>
        <extensions>
          <power>152</power>
          <gpxtpx:TrackPointExtension>
            <gpxtpx:hr>116</gpxtpx:hr>
            <gpxtpx:cad>57</gpxtpx:cad>
          </gpxtpx:TrackPointExtension>
        </extensions>
      </trkpt>
      <trkpt lat="43.329657" lon="-1.851078">
        <ele>82.0</ele>
        <time>2026-09-06T11:28:39Z</time>
        <extensions>
          <power>176</power>
          <gpxtpx:TrackPointExtension>
            <gpxtpx:hr>116</gpxtpx:hr>
            <gpxtpx:cad>65</gpxtpx:cad>
          </gpxtpx:TrackPointExtension>
        </extensions>
      </trkpt>
      <trkpt lat="43.329728" lon="-1.850958">
        <ele>82.4</ele>
        <time>2026-09-06T11:28:40Z</time>
        <extensions>
          <power>199</power>
          <gpxtpx:TrackPointExtension>
            <gpxtpx:hr>116</gpxtpx:hr>
            <gpxtpx:cad>70</gpxtpx:cad>
          </gpxtpx:TrackPointExtension>
        </extensions>
      </trkpt>
      <trkpt lat="43.329728" lon="-1.850958">
        <ele>82.4</ele>
        <time>2026-09-06T11:28:41Z</time>
        <extensions>
          <power>278</power>
          <gpxtpx:TrackPointExtension>
            <gpxtpx:hr>116</gpxtpx:hr>
            <gpxtpx:cad>81</gpxtpx:cad>
          </gpxtpx:TrackPointExtension>
        </extensions>
      </trkpt>
      <trkpt lat="43.329793" lon="-1.850747">
        <ele>82.8</ele>
        <time>2026-09-06T11:28:42Z</time>
        <extensions>
          <power>264</power>
          <gpxtpx:TrackPointExtension>
            <gpxtpx:hr>116</gpxtpx:hr>
            <gpxtpx:cad>80</gpxtpx:cad>
          </gpxtpx:TrackPointExtension>
        </extensions>
      </trkpt>
      <trkpt lat="43.329793" lon="-1.850747">
        <ele>82.8</ele>
        <time>2026-09-06T11:28:43Z</time>
        <extensions>
          <power>304</power>
          <gpxtpx:TrackPointExtension>
            <gpxtpx:hr>117</gpxtpx:hr>
            <gpxtpx:cad>80</gpxtpx:cad>
          </gpxtpx:TrackPointExtension>
        </extensions>
      </trkpt>
      <trkpt lat="43.329793" lon="-1.850747">
        <ele>82.8</ele>
        <time>2026-09-06T11:28:44Z</time>
        <extensions>
          <power>261</power>
          <gpxtpx:TrackPointExtension>
            <gpxtpx:hr>117</gpxtpx:hr>
            <gpxtpx:cad>81</gpxtpx:cad>
          </gpxtpx:TrackPointExtension>
        </extensions>
      </trkpt>
      <trkpt lat="43.329807" lon="-1.850604">
        <ele>83.0</ele>
        <time>2026-09-06T11:28:45Z</time>
        <extensions>
          <power>246</power>
          <gpxtpx:TrackPointExtension>
            <gpxtpx:hr>117</gpxtpx:hr>
            <gpxtpx:cad>82</gpxtpx:cad>
          </gpxtpx:TrackPointExtension>
        </extensions>
      </trkpt>
      <trkpt lat="43.329807" lon="-1.850604">
        <ele>83.0</ele>
        <time>2026-09-06T11:28:46Z</time>
        <extensions>
          <power>251</power>
          <gpxtpx:TrackPointExtension>
            <gpxtpx:hr>117</gpxtpx:hr>
            <gpxtpx:cad>82</gpxtpx:cad>
          </gpxtpx:TrackPointExtension>
        </extensions>
      </trkpt>
      <trkpt lat="43.329818" lon="-1.850461">
        <ele>83.4</ele>
        <time>2026-09-06T11:28:47Z</time>
        <extensions>
          <power>258</power>
          <gpxtpx:TrackPointExtension>
            <gpxtpx:hr>117</gpxtpx:hr>
            <gpxtpx:cad>81</gpxtpx:cad>
          </gpxtpx:TrackPointExtension>
        </extensions>
      </trkpt>
      <trkpt lat="43.329818" lon="-1.850461">
        <ele>83.4</ele>
        <time>2026-09-06T11:28:48Z</time>
        <extensions>
          <power>225</power>
          <gpxtpx:TrackPointExtension>
            <gpxtpx:hr>117</gpxtpx:hr>
            <gpxtpx:cad>82</gpxtpx:cad>
          </gpxtpx:TrackPointExtension>
        </extensions>
      </trkpt>
      <trkpt lat="43.329828" lon="-1.850315">
        <ele>83.8</ele>
        <time>2026-09-06T11:28:49Z</time>
        <extensions>
          <power>238</power>
          <gpxtpx:TrackPointExtension>
            <gpxtpx:hr>117</gpxtpx:hr>
            <gpxtpx:cad>81</gpxtpx:cad>
          </gpxtpx:TrackPointExtension>
        </extensions>
      </trkpt>
      <trkpt lat="43.329828" lon="-1.850315">
        <ele>83.8</ele>
        <time>2026-09-06T11:28:50Z</time>
        <extensions>
          <power>276</power>
          <gpxtpx:TrackPointExtension>
            <gpxtpx:hr>117</gpxtpx:hr>
            <gpxtpx:cad>80</gpxtpx:cad>
          </gpxtpx:TrackPointExtension>
        </extensions>
      </trkpt>
      <trkpt lat="43.329854" lon="-1.849877">
        <ele>84.4</ele>
        <time>2026-09-06T11:28:51Z</time>
        <extensions>
          <power>323</power>
          <gpxtpx:TrackPointExtension>
            <gpxtpx:hr>117</gpxtpx:hr>
            <gpxtpx:cad>79</gpxtpx:cad>
          </gpxtpx:TrackPointExtension>
        </extensions>
      </trkpt>
      <trkpt lat="43.329854" lon="-1.849877">
        <ele>84.4</ele>
        <time>2026-09-06T11:28:52Z</time>
        <extensions>
          <power>317</power>
          <gpxtpx:TrackPointExtension>
            <gpxtpx:hr>117</gpxtpx:hr>
            <gpxtpx:cad>79</gpxtpx:cad>
          </gpxtpx:TrackPointExtension>
        </extensions>
      </trkpt>
      <trkpt lat="43.329854" lon="-1.849877">
        <ele>84.4</ele>
        <time>2026-09-06T11:28:53Z</time>
        <extensions>
          <power>322</power>
          <gpxtpx:TrackPointExtension>
            <gpxtpx:hr>118</gpxtpx:hr>
            <gpxtpx:cad>79</gpxtpx:cad>
          </gpxtpx:TrackPointExtension>
        </extensions>
      </trkpt>
      <trkpt lat="43.329854" lon="-1.849877">
        <ele>84.4</ele>
        <time>2026-09-06T11:28:54Z</time>
        <extensions>
          <power>283</power>
          <gpxtpx:TrackPointExtension>
            <gpxtpx:hr>118</gpxtpx:hr>
            <gpxtpx:cad>79</gpxtpx:cad>
          </gpxtpx:TrackPointExtension>
        </extensions>
      </trkpt>
      <trkpt lat="43.329854" lon="-1.849877">
        <ele>84.4</ele>
        <time>2026-09-06T11:28:55Z</time>
        <extensions>
          <power>238</power>
          <gpxtpx:TrackPointExtension>
            <gpxtpx:hr>118</gpxtpx:hr>
            <gpxtpx:cad>82</gpxtpx:cad>
          </gpxtpx:TrackPointExtension>
        </extensions>
      </trkpt>
      <trkpt lat="43.329854" lon="-1.849877">
        <ele>84.4</ele>
        <time>2026-09-06T11:28:56Z</time>
        <extensions>
          <power>188</power>
          <gpxtpx:TrackPointExtension>
            <gpxtpx:hr>118</gpxtpx:hr>
            <gpxtpx:cad>82</gpxtpx:cad>
          </gpxtpx:TrackPointExtension>
        </extensions>
      </trkpt>
      <trkpt lat="43.329854" lon="-1.849877">
        <ele>84.4</ele>
        <time>2026-09-06T11:28:57Z</time>
        <extensions>
          <power>183</power>
          <gpxtpx:TrackPointExtension>
            <gpxtpx:hr>118</gpxtpx:hr>
            <gpxtpx:cad>84</gpxtpx:cad>
          </gpxtpx:TrackPointExtension>
        </extensions>
      </trkpt>
      <trkpt lat="43.329866" lon="-1.849731">
        <ele>85.0</ele>
        <time>2026-09-06T11:28:58Z</time>
        <extensions>
          <power>183</power>
          <gpxtpx:TrackPointExtension>
            <gpxtpx:hr>119</gpxtpx:hr>
            <gpxtpx:cad>84</gpxtpx:cad>
          </gpxtpx:TrackPointExtension>
        </extensions>
      </trkpt>
      <trkpt lat="43.329866" lon="-1.849731">
        <ele>85.0</ele>
        <time>2026-09-06T11:28:59Z</time>
        <extensions>
          <power>149</power>
          <gpxtpx:TrackPointExtension>
            <gpxtpx:hr>119</gpxtpx:hr>
            <gpxtpx:cad>84</gpxtpx:cad>
          </gpxtpx:TrackPointExtension>
        </extensions>
      </trkpt>
      <trkpt lat="43.329968" lon="-1.849226">
        <ele>85.4</ele>
        <time>2026-09-06T11:29:00Z</time>
        <extensions>
          <power>203</power>
          <gpxtpx:TrackPointExtension>
            <gpxtpx:hr>119</gpxtpx:hr>
            <gpxtpx:cad>84</gpxtpx:cad>
          </gpxtpx:TrackPointExtension>
        </extensions>
      </trkpt>
      <trkpt lat="43.329968" lon="-1.849226">
        <ele>85.4</ele>
        <time>2026-09-06T11:29:01Z</time>
        <extensions>
          <power>194</power>
          <gpxtpx:TrackPointExtension>
            <gpxtpx:hr>119</gpxtpx:hr>
            <gpxtpx:cad>82</gpxtpx:cad>
          </gpxtpx:TrackPointExtension>
        </extensions>
      </trkpt>
      <trkpt lat="43.329968" lon="-1.849226">
        <ele>85.4</ele>
        <time>2026-09-06T11:29:02Z</time>
        <extensions>
          <power>194</power>
          <gpxtpx:TrackPointExtension>
            <gpxtpx:hr>120</gpxtpx:hr>
            <gpxtpx:cad>82</gpxtpx:cad>
          </gpxtpx:TrackPointExtension>
        </extensions>
      </trkpt>
      <trkpt lat="43.329968" lon="-1.849226">
        <ele>85.4</ele>
        <time>2026-09-06T11:29:03Z</time>
        <extensions>
          <power>137</power>
          <gpxtpx:TrackPointExtension>
            <gpxtpx:hr>120</gpxtpx:hr>
            <gpxtpx:cad>86</gpxtpx:cad>
          </gpxtpx:TrackPointExtension>
        </extensions>
      </trkpt>
      <trkpt lat="43.329968" lon="-1.849226">
        <ele>85.4</ele>
        <time>2026-09-06T11:29:04Z</time>
        <extensions>
          <power>137</power>
          <gpxtpx:TrackPointExtension>
            <gpxtpx:hr>120</gpxtpx:hr>
            <gpxtpx:cad>86</gpxtpx:cad>
          </gpxtpx:TrackPointExtension>
        </extensions>
      </trkpt>
      <trkpt lat="43.329968" lon="-1.849226">
        <ele>85.4</ele>
        <time>2026-09-06T11:29:05Z</time>
        <extensions>
          <power>126</power>
          <gpxtpx:TrackPointExtension>
            <gpxtpx:hr>119</gpxtpx:hr>
            <gpxtpx:cad>86</gpxtpx:cad>
          </gpxtpx:TrackPointExtension>
        </extensions>
      </trkpt>
      <trkpt lat="43.329968" lon="-1.849226">
        <ele>85.4</ele>
        <time>2026-09-06T11:29:06Z</time>
        <extensions>
          <power>110</power>
          <gpxtpx:TrackPointExtension>
            <gpxtpx:hr>119</gpxtpx:hr>
            <gpxtpx:cad>88</gpxtpx:cad>
          </gpxtpx:TrackPointExtension>
        </extensions>
      </trkpt>
      <trkpt lat="43.330137" lon="-1.848787">
        <ele>85.2</ele>
        <time>2026-09-06T11:29:07Z</time>
        <extensions>
          <power>121</power>
          <gpxtpx:TrackPointExtension>
            <gpxtpx:hr>120</gpxtpx:hr>
            <gpxtpx:cad>87</gpxtpx:cad>
          </gpxtpx:TrackPointExtension>
        </extensions>
      </trkpt>
      <trkpt lat="43.330137" lon="-1.848787">
        <ele>85.2</ele>
        <time>2026-09-06T11:29:08Z</time>
        <extensions>
          <power>107</power>
          <gpxtpx:TrackPointExtension>
            <gpxtpx:hr>120</gpxtpx:hr>
            <gpxtpx:cad>89</gpxtpx:cad>
          </gpxtpx:TrackPointExtension>
        </extensions>
      </trkpt>
      <trkpt lat="43.330137" lon="-1.848787">
        <ele>85.2</ele>
        <time>2026-09-06T11:29:09Z</time>
        <extensions>
          <power>104</power>
          <gpxtpx:TrackPointExtension>
            <gpxtpx:hr>120</gpxtpx:hr>
            <gpxtpx:cad>90</gpxtpx:cad>
          </gpxtpx:TrackPointExtension>
        </extensions>
      </trkpt>
      <trkpt lat="43.330137" lon="-1.848787">
        <ele>85.2</ele>
        <time>2026-09-06T11:29:10Z</time>
        <extensions>
          <power>88</power>
          <gpxtpx:TrackPointExtension>
            <gpxtpx:hr>120</gpxtpx:hr>
            <gpxtpx:cad>92</gpxtpx:cad>
          </gpxtpx:TrackPointExtension>
        </extensions>
      </trkpt>
      <trkpt lat="43.330137" lon="-1.848787">
        <ele>85.2</ele>
        <time>2026-09-06T11:29:11Z</time>
        <extensions>
          <power>86</power>
          <gpxtpx:TrackPointExtension>
            <gpxtpx:hr>120</gpxtpx:hr>
            <gpxtpx:cad>94</gpxtpx:cad>
          </gpxtpx:TrackPointExtension>
        </extensions>
      </trkpt>
      <trkpt lat="43.330137" lon="-1.848787">
        <ele>85.2</ele>
        <time>2026-09-06T11:29:12Z</time>
        <extensions>
          <power>67</power>
          <gpxtpx:TrackPointExtension>
            <gpxtpx:hr>120</gpxtpx:hr>
            <gpxtpx:cad>92</gpxtpx:cad>
          </gpxtpx:TrackPointExtension>
        </extensions>
      </trkpt>
      <trkpt lat="43.330356" lon="-1.848420">
        <ele>84.6</ele>
        <time>2026-09-06T11:29:13Z</time>
        <extensions>
          <power>78</power>
          <gpxtpx:TrackPointExtension>
            <gpxtpx:hr>120</gpxtpx:hr>
            <gpxtpx:cad>96</gpxtpx:cad>
          </gpxtpx:TrackPointExtension>
        </extensions>
      </trkpt>
      <trkpt lat="43.330356" lon="-1.848420">
        <ele>84.6</ele>
        <time>2026-09-06T11:29:14Z</time>
        <extensions>
          <power>78</power>
          <gpxtpx:TrackPointExtension>
            <gpxtpx:hr>119</gpxtpx:hr>
            <gpxtpx:cad>96</gpxtpx:cad>
          </gpxtpx:TrackPointExtension>
        </extensions>
      </trkpt>
      <trkpt lat="43.330356" lon="-1.848420">
        <ele>84.6</ele>
        <time>2026-09-06T11:29:15Z</time>
        <extensions>
          <power>86</power>
          <gpxtpx:TrackPointExtension>
            <gpxtpx:hr>119</gpxtpx:hr>
            <gpxtpx:cad>86</gpxtpx:cad>
          </gpxtpx:TrackPointExtension>
        </extensions>
      </trkpt>
      <trkpt lat="43.330356" lon="-1.848420">
        <ele>84.6</ele>
        <time>2026-09-06T11:29:16Z</time>
        <extensions>
          <power>59</power>
          <gpxtpx:TrackPointExtension>
            <gpxtpx:hr>119</gpxtpx:hr>
            <gpxtpx:cad>86</gpxtpx:cad>
          </gpxtpx:TrackPointExtension>
        </extensions>
      </trkpt>
      <trkpt lat="43.330356" lon="-1.848420">
        <ele>84.6</ele>
        <time>2026-09-06T11:29:17Z</time>
        <extensions>
          <power>91</power>
          <gpxtpx:TrackPointExtension>
            <gpxtpx:hr>119</gpxtpx:hr>
            <gpxtpx:cad>85</gpxtpx:cad>
          </gpxtpx:TrackPointExtension>
        </extensions>
      </trkpt>
      <trkpt lat="43.330356" lon="-1.848420">
        <ele>84.6</ele>
        <time>2026-09-06T11:29:18Z</time>
        <extensions>
          <power>88</power>
          <gpxtpx:TrackPointExtension>
            <gpxtpx:hr>118</gpxtpx:hr>
            <gpxtpx:cad>85</gpxtpx:cad>
          </gpxtpx:TrackPointExtension>
        </extensions>
      </trkpt>
      <trkpt lat="43.330673" lon="-1.848118">
        <ele>83.8</ele>
        <time>2026-09-06T11:29:19Z</time>
        <extensions>
          <power>84</power>
          <gpxtpx:TrackPointExtension>
            <gpxtpx:hr>118</gpxtpx:hr>
            <gpxtpx:cad>95</gpxtpx:cad>
          </gpxtpx:TrackPointExtension>
        </extensions>
      </trkpt>
      <trkpt lat="43.330673" lon="-1.848118">
        <ele>83.8</ele>
        <time>2026-09-06T11:29:20Z</time>
        <extensions>
          <power>86</power>
          <gpxtpx:TrackPointExtension>
            <gpxtpx:hr>118</gpxtpx:hr>
            <gpxtpx:cad>86</gpxtpx:cad>
          </gpxtpx:TrackPointExtension>
        </extensions>
      </trkpt>
      <trkpt lat="43.330673" lon="-1.848118">
        <ele>83.8</ele>
        <time>2026-09-06T11:29:21Z</time>
        <extensions>
          <power>26</power>
          <gpxtpx:TrackPointExtension>
            <gpxtpx:hr>118</gpxtpx:hr>
            <gpxtpx:cad>78</gpxtpx:cad>
          </gpxtpx:TrackPointExtension>
        </extensions>
      </trkpt>
      <trkpt lat="43.330673" lon="-1.848118">
        <ele>83.8</ele>
        <time>2026-09-06T11:29:22Z</time>
        <extensions>
          <power>97</power>
          <gpxtpx:TrackPointExtension>
            <gpxtpx:hr>117</gpxtpx:hr>
            <gpxtpx:cad>81</gpxtpx:cad>
          </gpxtpx:TrackPointExtension>
        </extensions>
      </trkpt>
      <trkpt lat="43.330673" lon="-1.848118">
        <ele>83.8</ele>
        <time>2026-09-06T11:29:23Z</time>
        <extensions>
          <power>87</power>
          <gpxtpx:TrackPointExtension>
            <gpxtpx:hr>117</gpxtpx:hr>
            <gpxtpx:cad>88</gpxtpx:cad>
          </gpxtpx:TrackPointExtension>
        </extensions>
      </trkpt>
      <trkpt lat="43.330673" lon="-1.848118">
        <ele>83.8</ele>
        <time>2026-09-06T11:29:24Z</time>
        <extensions>
          <power>80</power>
          <gpxtpx:TrackPointExtension>
            <gpxtpx:hr>117</gpxtpx:hr>
            <gpxtpx:cad>92</gpxtpx:cad>
          </gpxtpx:TrackPointExtension>
        </extensions>
      </trkpt>
      <trkpt lat="43.330673" lon="-1.848118">
        <ele>83.8</ele>
        <time>2026-09-06T11:29:25Z</time>
        <extensions>
          <power>90</power>
          <gpxtpx:TrackPointExtension>
            <gpxtpx:hr>116</gpxtpx:hr>
            <gpxtpx:cad>82</gpxtpx:cad>
          </gpxtpx:TrackPointExtension>
        </extensions>
      </trkpt>
      <trkpt lat="43.330749" lon="-1.848060">
        <ele>83.0</ele>
        <time>2026-09-06T11:29:26Z</time>
        <extensions>
          <power>121</power>
          <gpxtpx:TrackPointExtension>
            <gpxtpx:hr>116</gpxtpx:hr>
            <gpxtpx:cad>72</gpxtpx:cad>
          </gpxtpx:TrackPointExtension>
        </extensions>
      </trkpt>
      <trkpt lat="43.330911" lon="-1.847938">
        <ele>82.0</ele>
        <time>2026-09-06T11:29:27Z</time>
        <extensions>
          <power>103</power>
          <gpxtpx:TrackPointExtension>
            <gpxtpx:hr>115</gpxtpx:hr>
            <gpxtpx:cad>81</gpxtpx:cad>
          </gpxtpx:TrackPointExtension>
        </extensions>
      </trkpt>
      <trkpt lat="43.330911" lon="-1.847938">
        <ele>82.0</ele>
        <time>2026-09-06T11:29:28Z</time>
        <extensions>
          <power>99</power>
          <gpxtpx:TrackPointExtension>
            <gpxtpx:hr>115</gpxtpx:hr>
            <gpxtpx:cad>90</gpxtpx:cad>
          </gpxtpx:TrackPointExtension>
        </extensions>
      </trkpt>
      <trkpt lat="43.330911" lon="-1.847938">
        <ele>82.0</ele>
        <time>2026-09-06T11:29:29Z</time>
        <extensions>
          <power>98</power>
          <gpxtpx:TrackPointExtension>
            <gpxtpx:hr>115</gpxtpx:hr>
            <gpxtpx:cad>91</gpxtpx:cad>
          </gpxtpx:TrackPointExtension>
        </extensions>
      </trkpt>
      <trkpt lat="43.331087" lon="-1.847809">
        <ele>80.8</ele>
        <time>2026-09-06T11:29:30Z</time>
        <extensions>
          <power>124</power>
          <gpxtpx:TrackPointExtension>
            <gpxtpx:hr>115</gpxtpx:hr>
            <gpxtpx:cad>91</gpxtpx:cad>
          </gpxtpx:TrackPointExtension>
        </extensions>
      </trkpt>
      <trkpt lat="43.331087" lon="-1.847809">
        <ele>80.8</ele>
        <time>2026-09-06T11:29:31Z</time>
        <extensions>
          <power>108</power>
          <gpxtpx:TrackPointExtension>
            <gpxtpx:hr>114</gpxtpx:hr>
            <gpxtpx:cad>91</gpxtpx:cad>
          </gpxtpx:TrackPointExtension>
        </extensions>
      </trkpt>
      <trkpt lat="43.331087" lon="-1.847809">
        <ele>80.8</ele>
        <time>2026-09-06T11:29:32Z</time>
        <extensions>
          <power>90</power>
          <gpxtpx:TrackPointExtension>
            <gpxtpx:hr>113</gpxtpx:hr>
            <gpxtpx:cad>89</gpxtpx:cad>
          </gpxtpx:TrackPointExtension>
        </extensions>
      </trkpt>
      <trkpt lat="43.331177" lon="-1.847739">
        <ele>80.2</ele>
        <time>2026-09-06T11:29:33Z</time>
        <extensions>
          <power>89</power>
          <gpxtpx:TrackPointExtension>
            <gpxtpx:hr>113</gpxtpx:hr>
            <gpxtpx:cad>89</gpxtpx:cad>
          </gpxtpx:TrackPointExtension>
        </extensions>
      </trkpt>
      <trkpt lat="43.331267" lon="-1.847660">
        <ele>78.6</ele>
        <time>2026-09-06T11:29:34Z</time>
        <extensions>
          <power>92</power>
          <gpxtpx:TrackPointExtension>
            <gpxtpx:hr>113</gpxtpx:hr>
            <gpxtpx:cad>91</gpxtpx:cad>
          </gpxtpx:TrackPointExtension>
        </extensions>
      </trkpt>
      <trkpt lat="43.331267" lon="-1.847660">
        <ele>78.6</ele>
        <time>2026-09-06T11:29:35Z</time>
        <extensions>
          <power>94</power>
          <gpxtpx:TrackPointExtension>
            <gpxtpx:hr>112</gpxtpx:hr>
            <gpxtpx:cad>90</gpxtpx:cad>
          </gpxtpx:TrackPointExtension>
        </extensions>
      </trkpt>
      <trkpt lat="43.331445" lon="-1.847476">
        <ele>77.2</ele>
        <time>2026-09-06T11:29:36Z</time>
        <extensions>
          <power>111</power>
          <gpxtpx:TrackPointExtension>
            <gpxtpx:hr>112</gpxtpx:hr>
            <gpxtpx:cad>93</gpxtpx:cad>
          </gpxtpx:TrackPointExtension>
        </extensions>
      </trkpt>
      <trkpt lat="43.331445" lon="-1.847476">
        <ele>77.2</ele>
        <time>2026-09-06T11:29:37Z</time>
        <extensions>
          <power>129</power>
          <gpxtpx:TrackPointExtension>
            <gpxtpx:hr>111</gpxtpx:hr>
            <gpxtpx:cad>92</gpxtpx:cad>
          </gpxtpx:TrackPointExtension>
        </extensions>
      </trkpt>
      <trkpt lat="43.331445" lon="-1.847476">
        <ele>77.2</ele>
        <time>2026-09-06T11:29:38Z</time>
        <extensions>
          <power>75</power>
          <gpxtpx:TrackPointExtension>
            <gpxtpx:hr>110</gpxtpx:hr>
            <gpxtpx:cad>88</gpxtpx:cad>
          </gpxtpx:TrackPointExtension>
        </extensions>
      </trkpt>
      <trkpt lat="43.331528" lon="-1.847367">
        <ele>75.6</ele>
        <time>2026-09-06T11:29:39Z</time>
        <extensions>
          <power>44</power>
          <gpxtpx:TrackPointExtension>
            <gpxtpx:hr>110</gpxtpx:hr>
            <gpxtpx:cad>89</gpxtpx:cad>
          </gpxtpx:TrackPointExtension>
        </extensions>
      </trkpt>
      <trkpt lat="43.331528" lon="-1.847367">
        <ele>75.6</ele>
        <time>2026-09-06T11:29:40Z</time>
        <extensions>
          <power>11</power>
          <gpxtpx:TrackPointExtension>
            <gpxtpx:hr>110</gpxtpx:hr>
            <gpxtpx:cad>87</gpxtpx:cad>
          </gpxtpx:TrackPointExtension>
        </extensions>
      </trkpt>
      <trkpt lat="43.331679" lon="-1.847115">
        <ele>74.2</ele>
        <time>2026-09-06T11:29:41Z</time>
        <extensions>
          <power>48</power>
          <gpxtpx:TrackPointExtension>
            <gpxtpx:hr>110</gpxtpx:hr>
            <gpxtpx:cad>85</gpxtpx:cad>
          </gpxtpx:TrackPointExtension>
        </extensions>
      </trkpt>
      <trkpt lat="43.331679" lon="-1.847115">
        <ele>74.2</ele>
        <time>2026-09-06T11:29:42Z</time>
        <extensions>
          <power>116</power>
          <gpxtpx:TrackPointExtension>
            <gpxtpx:hr>110</gpxtpx:hr>
            <gpxtpx:cad>83</gpxtpx:cad>
          </gpxtpx:TrackPointExtension>
        </extensions>
      </trkpt>
      <trkpt lat="43.331679" lon="-1.847115">
        <ele>74.2</ele>
        <time>2026-09-06T11:29:43Z</time>
        <extensions>
          <power>139</power>
          <gpxtpx:TrackPointExtension>
            <gpxtpx:hr>110</gpxtpx:hr>
            <gpxtpx:cad>85</gpxtpx:cad>
          </gpxtpx:TrackPointExtension>
        </extensions>
      </trkpt>
      <trkpt lat="43.331679" lon="-1.847115">
        <ele>74.2</ele>
        <time>2026-09-06T11:29:44Z</time>
        <extensions>
          <power>122</power>
          <gpxtpx:TrackPointExtension>
            <gpxtpx:hr>110</gpxtpx:hr>
            <gpxtpx:cad>90</gpxtpx:cad>
          </gpxtpx:TrackPointExtension>
        </extensions>
      </trkpt>
      <trkpt lat="43.331742" lon="-1.846972">
        <ele>74.0</ele>
        <time>2026-09-06T11:29:45Z</time>
        <extensions>
          <power>111</power>
          <gpxtpx:TrackPointExtension>
            <gpxtpx:hr>110</gpxtpx:hr>
            <gpxtpx:cad>92</gpxtpx:cad>
          </gpxtpx:TrackPointExtension>
        </extensions>
      </trkpt>
      <trkpt lat="43.331795" lon="-1.846818">
        <ele>73.0</ele>
        <time>2026-09-06T11:29:46Z</time>
        <extensions>
          <power>32</power>
          <gpxtpx:TrackPointExtension>
            <gpxtpx:hr>111</gpxtpx:hr>
            <gpxtpx:cad>79</gpxtpx:cad>
          </gpxtpx:TrackPointExtension>
        </extensions>
      </trkpt>
      <trkpt lat="43.331795" lon="-1.846818">
        <ele>73.0</ele>
        <time>2026-09-06T11:29:47Z</time>
        <extensions>
          <power>86</power>
          <gpxtpx:TrackPointExtension>
            <gpxtpx:hr>111</gpxtpx:hr>
            <gpxtpx:cad>76</gpxtpx:cad>
          </gpxtpx:TrackPointExtension>
        </extensions>
      </trkpt>
      <trkpt lat="43.331839" lon="-1.846656">
        <ele>71.8</ele>
        <time>2026-09-06T11:29:48Z</time>
        <extensions>
          <power>140</power>
          <gpxtpx:TrackPointExtension>
            <gpxtpx:hr>111</gpxtpx:hr>
            <gpxtpx:cad>91</gpxtpx:cad>
          </gpxtpx:TrackPointExtension>
        </extensions>
      </trkpt>
      <trkpt lat="43.331839" lon="-1.846656">
        <ele>71.8</ele>
        <time>2026-09-06T11:29:49Z</time>
        <extensions>
          <power>100</power>
          <gpxtpx:TrackPointExtension>
            <gpxtpx:hr>112</gpxtpx:hr>
            <gpxtpx:cad>91</gpxtpx:cad>
          </gpxtpx:TrackPointExtension>
        </extensions>
      </trkpt>
      <trkpt lat="43.331873" lon="-1.846487">
        <ele>70.6</ele>
        <time>2026-09-06T11:29:50Z</time>
        <extensions>
          <power>42</power>
          <gpxtpx:TrackPointExtension>
            <gpxtpx:hr>113</gpxtpx:hr>
            <gpxtpx:cad>116</gpxtpx:cad>
          </gpxtpx:TrackPointExtension>
        </extensions>
      </trkpt>
      <trkpt lat="43.331873" lon="-1.846487">
        <ele>70.6</ele>
        <time>2026-09-06T11:29:51Z</time>
        <extensions>
          <power>119</power>
          <gpxtpx:TrackPointExtension>
            <gpxtpx:hr>114</gpxtpx:hr>
            <gpxtpx:cad>119</gpxtpx:cad>
          </gpxtpx:TrackPointExtension>
        </extensions>
      </trkpt>
      <trkpt lat="43.331900" lon="-1.845956">
        <ele>69.2</ele>
        <time>2026-09-06T11:29:52Z</time>
        <extensions>
          <power>28</power>
          <gpxtpx:TrackPointExtension>
            <gpxtpx:hr>114</gpxtpx:hr>
            <gpxtpx:cad>87</gpxtpx:cad>
          </gpxtpx:TrackPointExtension>
        </extensions>
      </trkpt>
      <trkpt lat="43.331900" lon="-1.845956">
        <ele>69.2</ele>
        <time>2026-09-06T11:29:53Z</time>
        <extensions>
          <power>11</power>
          <gpxtpx:TrackPointExtension>
            <gpxtpx:hr>115</gpxtpx:hr>
            <gpxtpx:cad>95</gpxtpx:cad>
          </gpxtpx:TrackPointExtension>
        </extensions>
      </trkpt>
      <trkpt lat="43.331900" lon="-1.845956">
        <ele>69.2</ele>
        <time>2026-09-06T11:29:54Z</time>
        <extensions>
          <power>14</power>
          <gpxtpx:TrackPointExtension>
            <gpxtpx:hr>115</gpxtpx:hr>
            <gpxtpx:cad>99</gpxtpx:cad>
          </gpxtpx:TrackPointExtension>
        </extensions>
      </trkpt>
      <trkpt lat="43.331900" lon="-1.845956">
        <ele>69.2</ele>
        <time>2026-09-06T11:29:55Z</time>
        <extensions>
          <power>69</power>
          <gpxtpx:TrackPointExtension>
            <gpxtpx:hr>116</gpxtpx:hr>
            <gpxtpx:cad>93</gpxtpx:cad>
          </gpxtpx:TrackPointExtension>
        </extensions>
      </trkpt>
      <trkpt lat="43.331900" lon="-1.845956">
        <ele>69.2</ele>
        <time>2026-09-06T11:29:56Z</time>
        <extensions>
          <power>101</power>
          <gpxtpx:TrackPointExtension>
            <gpxtpx:hr>116</gpxtpx:hr>
            <gpxtpx:cad>79</gpxtpx:cad>
          </gpxtpx:TrackPointExtension>
        </extensions>
      </trkpt>
      <trkpt lat="43.331900" lon="-1.845956">
        <ele>69.2</ele>
        <time>2026-09-06T11:29:57Z</time>
        <extensions>
          <power>8</power>
          <gpxtpx:TrackPointExtension>
            <gpxtpx:hr>116</gpxtpx:hr>
            <gpxtpx:cad>67</gpxtpx:cad>
          </gpxtpx:TrackPointExtension>
        </extensions>
      </trkpt>
      <trkpt lat="43.331859" lon="-1.845592">
        <ele>67.6</ele>
        <time>2026-09-06T11:29:58Z</time>
        <extensions>
          <power>7</power>
          <gpxtpx:TrackPointExtension>
            <gpxtpx:hr>116</gpxtpx:hr>
            <gpxtpx:cad>70</gpxtpx:cad>
          </gpxtpx:TrackPointExtension>
        </extensions>
      </trkpt>
      <trkpt lat="43.331859" lon="-1.845592">
        <ele>67.6</ele>
        <time>2026-09-06T11:29:59Z</time>
        <extensions>
          <power>5</power>
          <gpxtpx:TrackPointExtension>
            <gpxtpx:hr>116</gpxtpx:hr>
            <gpxtpx:cad>74</gpxtpx:cad>
          </gpxtpx:TrackPointExtension>
        </extensions>
      </trkpt>
      <trkpt lat="43.331859" lon="-1.845592">
        <ele>67.6</ele>
        <time>2026-09-06T11:30:00Z</time>
        <extensions>
          <power>4</power>
          <gpxtpx:TrackPointExtension>
            <gpxtpx:hr>116</gpxtpx:hr>
            <gpxtpx:cad>67</gpxtpx:cad>
          </gpxtpx:TrackPointExtension>
        </extensions>
      </trkpt>
      <trkpt lat="43.331859" lon="-1.845592">
        <ele>67.6</ele>
        <time>2026-09-06T11:30:01Z</time>
        <extensions>
          <power>2</power>
          <gpxtpx:TrackPointExtension>
            <gpxtpx:hr>115</gpxtpx:hr>
            <gpxtpx:cad>60</gpxtpx:cad>
          </gpxtpx:TrackPointExtension>
        </extensions>
      </trkpt>
      <trkpt lat="43.331859" lon="-1.845592">
        <ele>67.6</ele>
        <time>2026-09-06T11:30:02Z</time>
        <extensions>
          <power>2</power>
          <gpxtpx:TrackPointExtension>
            <gpxtpx:hr>115</gpxtpx:hr>
            <gpxtpx:cad>60</gpxtpx:cad>
          </gpxtpx:TrackPointExtension>
        </extensions>
      </trkpt>
      <trkpt lat="43.331859" lon="-1.845592">
        <ele>67.6</ele>
        <time>2026-09-06T11:30:03Z</time>
        <extensions>
          <power>2</power>
          <gpxtpx:TrackPointExtension>
            <gpxtpx:hr>114</gpxtpx:hr>
            <gpxtpx:cad>52</gpxtpx:cad>
          </gpxtpx:TrackPointExtension>
        </extensions>
      </trkpt>
      <trkpt lat="43.331859" lon="-1.845592">
        <ele>67.6</ele>
        <time>2026-09-06T11:30:04Z</time>
        <extensions>
          <power>0</power>
          <gpxtpx:TrackPointExtension>
            <gpxtpx:hr>113</gpxtpx:hr>
            <gpxtpx:cad>44</gpxtpx:cad>
          </gpxtpx:TrackPointExtension>
        </extensions>
      </trkpt>
      <trkpt lat="43.331832" lon="-1.845410">
        <ele>66.8</ele>
        <time>2026-09-06T11:30:05Z</time>
        <extensions>
          <power>0</power>
          <gpxtpx:TrackPointExtension>
            <gpxtpx:hr>113</gpxtpx:hr>
            <gpxtpx:cad>44</gpxtpx:cad>
          </gpxtpx:TrackPointExtension>
        </extensions>
      </trkpt>
      <trkpt lat="43.331832" lon="-1.845410">
        <ele>66.8</ele>
        <time>2026-09-06T11:30:06Z</time>
        <extensions>
          <power>0</power>
          <gpxtpx:TrackPointExtension>
            <gpxtpx:hr>112</gpxtpx:hr>
            <gpxtpx:cad>0</gpxtpx:cad>
          </gpxtpx:TrackPointExtension>
        </extensions>
      </trkpt>
      <trkpt lat="43.331832" lon="-1.845410">
        <ele>66.8</ele>
        <time>2026-09-06T11:30:07Z</time>
        <extensions>
          <power>0</power>
          <gpxtpx:TrackPointExtension>
            <gpxtpx:hr>111</gpxtpx:hr>
            <gpxtpx:cad>0</gpxtpx:cad>
          </gpxtpx:TrackPointExtension>
        </extensions>
      </trkpt>
      <trkpt lat="43.331832" lon="-1.845410">
        <ele>66.8</ele>
        <time>2026-09-06T11:30:08Z</time>
        <extensions>
          <power>0</power>
          <gpxtpx:TrackPointExtension>
            <gpxtpx:hr>111</gpxtpx:hr>
            <gpxtpx:cad>0</gpxtpx:cad>
          </gpxtpx:TrackPointExtension>
        </extensions>
      </trkpt>
      <trkpt lat="43.331832" lon="-1.845410">
        <ele>66.8</ele>
        <time>2026-09-06T11:30:09Z</time>
        <extensions>
          <power>0</power>
          <gpxtpx:TrackPointExtension>
            <gpxtpx:hr>110</gpxtpx:hr>
            <gpxtpx:cad>0</gpxtpx:cad>
          </gpxtpx:TrackPointExtension>
        </extensions>
      </trkpt>
      <trkpt lat="43.331832" lon="-1.845410">
        <ele>66.8</ele>
        <time>2026-09-06T11:30:10Z</time>
        <extensions>
          <power>0</power>
          <gpxtpx:TrackPointExtension>
            <gpxtpx:hr>110</gpxtpx:hr>
            <gpxtpx:cad>0</gpxtpx:cad>
          </gpxtpx:TrackPointExtension>
        </extensions>
      </trkpt>
      <trkpt lat="43.331832" lon="-1.845410">
        <ele>66.8</ele>
        <time>2026-09-06T11:30:11Z</time>
        <extensions>
          <power>0</power>
          <gpxtpx:TrackPointExtension>
            <gpxtpx:hr>109</gpxtpx:hr>
            <gpxtpx:cad>0</gpxtpx:cad>
          </gpxtpx:TrackPointExtension>
        </extensions>
      </trkpt>
      <trkpt lat="43.331832" lon="-1.845410">
        <ele>66.8</ele>
        <time>2026-09-06T11:30:12Z</time>
        <extensions>
          <power>0</power>
          <gpxtpx:TrackPointExtension>
            <gpxtpx:hr>108</gpxtpx:hr>
            <gpxtpx:cad>0</gpxtpx:cad>
          </gpxtpx:TrackPointExtension>
        </extensions>
      </trkpt>
      <trkpt lat="43.331832" lon="-1.845410">
        <ele>66.8</ele>
        <time>2026-09-06T11:30:13Z</time>
        <extensions>
          <power>0</power>
          <gpxtpx:TrackPointExtension>
            <gpxtpx:hr>107</gpxtpx:hr>
            <gpxtpx:cad>0</gpxtpx:cad>
          </gpxtpx:TrackPointExtension>
        </extensions>
      </trkpt>
      <trkpt lat="43.331832" lon="-1.845410">
        <ele>66.8</ele>
        <time>2026-09-06T11:30:14Z</time>
        <extensions>
          <power>0</power>
          <gpxtpx:TrackPointExtension>
            <gpxtpx:hr>107</gpxtpx:hr>
            <gpxtpx:cad>0</gpxtpx:cad>
          </gpxtpx:TrackPointExtension>
        </extensions>
      </trkpt>
      <trkpt lat="43.331832" lon="-1.845410">
        <ele>66.8</ele>
        <time>2026-09-06T11:30:15Z</time>
        <extensions>
          <power>0</power>
          <gpxtpx:TrackPointExtension>
            <gpxtpx:hr>106</gpxtpx:hr>
            <gpxtpx:cad>0</gpxtpx:cad>
          </gpxtpx:TrackPointExtension>
        </extensions>
      </trkpt>
      <trkpt lat="43.331832" lon="-1.845410">
        <ele>66.8</ele>
        <time>2026-09-06T11:30:16Z</time>
        <extensions>
          <power>0</power>
          <gpxtpx:TrackPointExtension>
            <gpxtpx:hr>105</gpxtpx:hr>
            <gpxtpx:cad>0</gpxtpx:cad>
          </gpxtpx:TrackPointExtension>
        </extensions>
      </trkpt>
      <trkpt lat="43.331832" lon="-1.845410">
        <ele>66.8</ele>
        <time>2026-09-06T11:30:17Z</time>
        <extensions>
          <power>0</power>
          <gpxtpx:TrackPointExtension>
            <gpxtpx:hr>104</gpxtpx:hr>
            <gpxtpx:cad>0</gpxtpx:cad>
          </gpxtpx:TrackPointExtension>
        </extensions>
      </trkpt>
      <trkpt lat="43.331832" lon="-1.845410">
        <ele>66.8</ele>
        <time>2026-09-06T11:30:18Z</time>
        <extensions>
          <power>0</power>
          <gpxtpx:TrackPointExtension>
            <gpxtpx:hr>103</gpxtpx:hr>
            <gpxtpx:cad>0</gpxtpx:cad>
          </gpxtpx:TrackPointExtension>
        </extensions>
      </trkpt>
      <trkpt lat="43.331832" lon="-1.845410">
        <ele>66.8</ele>
        <time>2026-09-06T11:30:19Z</time>
        <extensions>
          <power>0</power>
          <gpxtpx:TrackPointExtension>
            <gpxtpx:hr>102</gpxtpx:hr>
            <gpxtpx:cad>0</gpxtpx:cad>
          </gpxtpx:TrackPointExtension>
        </extensions>
      </trkpt>
      <trkpt lat="43.331832" lon="-1.845410">
        <ele>66.8</ele>
        <time>2026-09-06T11:30:20Z</time>
        <extensions>
          <power>0</power>
          <gpxtpx:TrackPointExtension>
            <gpxtpx:hr>102</gpxtpx:hr>
            <gpxtpx:cad>0</gpxtpx:cad>
          </gpxtpx:TrackPointExtension>
        </extensions>
      </trkpt>
      <trkpt lat="43.331832" lon="-1.845410">
        <ele>66.8</ele>
        <time>2026-09-06T11:30:21Z</time>
        <extensions>
          <power>0</power>
          <gpxtpx:TrackPointExtension>
            <gpxtpx:hr>101</gpxtpx:hr>
            <gpxtpx:cad>0</gpxtpx:cad>
          </gpxtpx:TrackPointExtension>
        </extensions>
      </trkpt>
      <trkpt lat="43.331832" lon="-1.845410">
        <ele>66.8</ele>
        <time>2026-09-06T11:30:34Z</time>
        <extensions>
          <power>0</power>
          <gpxtpx:TrackPointExtension>
            <gpxtpx:hr>95</gpxtpx:hr>
            <gpxtpx:cad>0</gpxtpx:cad>
          </gpxtpx:TrackPointExtension>
        </extensions>
      </trkpt>
      <trkpt lat="43.331832" lon="-1.845410">
        <ele>66.8</ele>
        <time>2026-09-06T11:30:35Z</time>
        <extensions>
          <power>0</power>
          <gpxtpx:TrackPointExtension>
            <gpxtpx:hr>95</gpxtpx:hr>
            <gpxtpx:cad>0</gpxtpx:cad>
          </gpxtpx:TrackPointExtension>
        </extensions>
      </trkpt>
      <trkpt lat="43.331832" lon="-1.845410">
        <ele>66.8</ele>
        <time>2026-09-06T11:30:36Z</time>
        <extensions>
          <power>9</power>
          <gpxtpx:TrackPointExtension>
            <gpxtpx:hr>95</gpxtpx:hr>
            <gpxtpx:cad>27</gpxtpx:cad>
          </gpxtpx:TrackPointExtension>
        </extensions>
      </trkpt>
      <trkpt lat="43.331832" lon="-1.845410">
        <ele>66.8</ele>
        <time>2026-09-06T11:30:37Z</time>
        <extensions>
          <power>240</power>
          <gpxtpx:TrackPointExtension>
            <gpxtpx:hr>95</gpxtpx:hr>
            <gpxtpx:cad>45</gpxtpx:cad>
          </gpxtpx:TrackPointExtension>
        </extensions>
      </trkpt>
      <trkpt lat="43.331800" lon="-1.845228">
        <ele>66.2</ele>
        <time>2026-09-06T11:30:38Z</time>
        <extensions>
          <power>208</power>
          <gpxtpx:TrackPointExtension>
            <gpxtpx:hr>95</gpxtpx:hr>
            <gpxtpx:cad>72</gpxtpx:cad>
          </gpxtpx:TrackPointExtension>
        </extensions>
      </trkpt>
      <trkpt lat="43.331800" lon="-1.845228">
        <ele>66.2</ele>
        <time>2026-09-06T11:30:39Z</time>
        <extensions>
          <power>157</power>
          <gpxtpx:TrackPointExtension>
            <gpxtpx:hr>95</gpxtpx:hr>
            <gpxtpx:cad>85</gpxtpx:cad>
          </gpxtpx:TrackPointExtension>
        </extensions>
      </trkpt>
      <trkpt lat="43.331800" lon="-1.845228">
        <ele>66.2</ele>
        <time>2026-09-06T11:30:40Z</time>
        <extensions>
          <power>117</power>
          <gpxtpx:TrackPointExtension>
            <gpxtpx:hr>96</gpxtpx:hr>
            <gpxtpx:cad>88</gpxtpx:cad>
          </gpxtpx:TrackPointExtension>
        </extensions>
      </trkpt>
      <trkpt lat="43.331768" lon="-1.845045">
        <ele>65.0</ele>
        <time>2026-09-06T11:30:41Z</time>
        <extensions>
          <power>108</power>
          <gpxtpx:TrackPointExtension>
            <gpxtpx:hr>96</gpxtpx:hr>
            <gpxtpx:cad>91</gpxtpx:cad>
          </gpxtpx:TrackPointExtension>
        </extensions>
      </trkpt>
      <trkpt lat="43.331768" lon="-1.845045">
        <ele>65.0</ele>
        <time>2026-09-06T11:30:42Z</time>
        <extensions>
          <power>102</power>
          <gpxtpx:TrackPointExtension>
            <gpxtpx:hr>98</gpxtpx:hr>
            <gpxtpx:cad>92</gpxtpx:cad>
          </gpxtpx:TrackPointExtension>
        </extensions>
      </trkpt>
      <trkpt lat="43.331707" lon="-1.844678">
        <ele>63.4</ele>
        <time>2026-09-06T11:30:43Z</time>
        <extensions>
          <power>97</power>
          <gpxtpx:TrackPointExtension>
            <gpxtpx:hr>97</gpxtpx:hr>
            <gpxtpx:cad>91</gpxtpx:cad>
          </gpxtpx:TrackPointExtension>
        </extensions>
      </trkpt>
      <trkpt lat="43.331707" lon="-1.844678">
        <ele>63.4</ele>
        <time>2026-09-06T11:30:44Z</time>
        <extensions>
          <power>80</power>
          <gpxtpx:TrackPointExtension>
            <gpxtpx:hr>96</gpxtpx:hr>
            <gpxtpx:cad>92</gpxtpx:cad>
          </gpxtpx:TrackPointExtension>
        </extensions>
      </trkpt>
      <trkpt lat="43.331707" lon="-1.844678">
        <ele>63.4</ele>
        <time>2026-09-06T11:30:45Z</time>
        <extensions>
          <power>94</power>
          <gpxtpx:TrackPointExtension>
            <gpxtpx:hr>96</gpxtpx:hr>
            <gpxtpx:cad>92</gpxtpx:cad>
          </gpxtpx:TrackPointExtension>
        </extensions>
      </trkpt>
      <trkpt lat="43.331616" lon="-1.844120">
        <ele>62.2</ele>
        <time>2026-09-06T11:30:46Z</time>
        <extensions>
          <power>103</power>
          <gpxtpx:TrackPointExtension>
            <gpxtpx:hr>95</gpxtpx:hr>
            <gpxtpx:cad>93</gpxtpx:cad>
          </gpxtpx:TrackPointExtension>
        </extensions>
      </trkpt>
      <trkpt lat="43.331616" lon="-1.844120">
        <ele>62.2</ele>
        <time>2026-09-06T11:30:47Z</time>
        <extensions>
          <power>95</power>
          <gpxtpx:TrackPointExtension>
            <gpxtpx:hr>95</gpxtpx:hr>
            <gpxtpx:cad>94</gpxtpx:cad>
          </gpxtpx:TrackPointExtension>
        </extensions>
      </trkpt>
      <trkpt lat="43.331616" lon="-1.844120">
        <ele>62.2</ele>
        <time>2026-09-06T11:30:48Z</time>
        <extensions>
          <power>113</power>
          <gpxtpx:TrackPointExtension>
            <gpxtpx:hr>95</gpxtpx:hr>
            <gpxtpx:cad>93</gpxtpx:cad>
          </gpxtpx:TrackPointExtension>
        </extensions>
      </trkpt>
      <trkpt lat="43.331616" lon="-1.844120">
        <ele>62.2</ele>
        <time>2026-09-06T11:30:49Z</time>
        <extensions>
          <power>105</power>
          <gpxtpx:TrackPointExtension>
            <gpxtpx:hr>95</gpxtpx:hr>
            <gpxtpx:cad>93</gpxtpx:cad>
          </gpxtpx:TrackPointExtension>
        </extensions>
      </trkpt>
      <trkpt lat="43.331616" lon="-1.844120">
        <ele>62.2</ele>
        <time>2026-09-06T11:30:50Z</time>
        <extensions>
          <power>107</power>
          <gpxtpx:TrackPointExtension>
            <gpxtpx:hr>96</gpxtpx:hr>
            <gpxtpx:cad>95</gpxtpx:cad>
          </gpxtpx:TrackPointExtension>
        </extensions>
      </trkpt>
      <trkpt lat="43.331616" lon="-1.844120">
        <ele>62.2</ele>
        <time>2026-09-06T11:30:51Z</time>
        <extensions>
          <power>93</power>
          <gpxtpx:TrackPointExtension>
            <gpxtpx:hr>96</gpxtpx:hr>
            <gpxtpx:cad>90</gpxtpx:cad>
          </gpxtpx:TrackPointExtension>
        </extensions>
      </trkpt>
      <trkpt lat="43.331551" lon="-1.843744">
        <ele>59.2</ele>
        <time>2026-09-06T11:30:52Z</time>
        <extensions>
          <power>132</power>
          <gpxtpx:TrackPointExtension>
            <gpxtpx:hr>97</gpxtpx:hr>
            <gpxtpx:cad>99</gpxtpx:cad>
          </gpxtpx:TrackPointExtension>
        </extensions>
      </trkpt>
      <trkpt lat="43.331551" lon="-1.843744">
        <ele>59.2</ele>
        <time>2026-09-06T11:30:53Z</time>
        <extensions>
          <power>120</power>
          <gpxtpx:TrackPointExtension>
            <gpxtpx:hr>97</gpxtpx:hr>
            <gpxtpx:cad>100</gpxtpx:cad>
          </gpxtpx:TrackPointExtension>
        </extensions>
      </trkpt>
      <trkpt lat="43.331551" lon="-1.843744">
        <ele>59.2</ele>
        <time>2026-09-06T11:30:54Z</time>
        <extensions>
          <power>109</power>
          <gpxtpx:TrackPointExtension>
            <gpxtpx:hr>98</gpxtpx:hr>
            <gpxtpx:cad>90</gpxtpx:cad>
          </gpxtpx:TrackPointExtension>
        </extensions>
      </trkpt>
      <trkpt lat="43.331551" lon="-1.843744">
        <ele>59.2</ele>
        <time>2026-09-06T11:30:55Z</time>
        <extensions>
          <power>101</power>
          <gpxtpx:TrackPointExtension>
            <gpxtpx:hr>98</gpxtpx:hr>
            <gpxtpx:cad>90</gpxtpx:cad>
          </gpxtpx:TrackPointExtension>
        </extensions>
      </trkpt>
      <trkpt lat="43.331519" lon="-1.843556">
        <ele>58.0</ele>
        <time>2026-09-06T11:30:56Z</time>
        <extensions>
          <power>95</power>
          <gpxtpx:TrackPointExtension>
            <gpxtpx:hr>98</gpxtpx:hr>
            <gpxtpx:cad>88</gpxtpx:cad>
          </gpxtpx:TrackPointExtension>
        </extensions>
      </trkpt>
      <trkpt lat="43.331519" lon="-1.843556">
        <ele>58.0</ele>
        <time>2026-09-06T11:30:57Z</time>
        <extensions>
          <power>115</power>
          <gpxtpx:TrackPointExtension>
            <gpxtpx:hr>98</gpxtpx:hr>
            <gpxtpx:cad>79</gpxtpx:cad>
          </gpxtpx:TrackPointExtension>
        </extensions>
      </trkpt>
      <trkpt lat="43.331479" lon="-1.843169">
        <ele>57.2</ele>
        <time>2026-09-06T11:30:58Z</time>
        <extensions>
          <power>109</power>
          <gpxtpx:TrackPointExtension>
            <gpxtpx:hr>98</gpxtpx:hr>
            <gpxtpx:cad>80</gpxtpx:cad>
          </gpxtpx:TrackPointExtension>
        </extensions>
      </trkpt>
      <trkpt lat="43.331479" lon="-1.843169">
        <ele>57.2</ele>
        <time>2026-09-06T11:30:59Z</time>
        <extensions>
          <power>114</power>
          <gpxtpx:TrackPointExtension>
            <gpxtpx:hr>98</gpxtpx:hr>
            <gpxtpx:cad>93</gpxtpx:cad>
          </gpxtpx:TrackPointExtension>
        </extensions>
      </trkpt>
      <trkpt lat="43.331479" lon="-1.843169">
        <ele>57.2</ele>
        <time>2026-09-06T11:31:00Z</time>
        <extensions>
          <power>112</power>
          <gpxtpx:TrackPointExtension>
            <gpxtpx:hr>98</gpxtpx:hr>
            <gpxtpx:cad>93</gpxtpx:cad>
          </gpxtpx:TrackPointExtension>
        </extensions>
      </trkpt>
      <trkpt lat="43.331479" lon="-1.843169">
        <ele>57.2</ele>
        <time>2026-09-06T11:31:01Z</time>
        <extensions>
          <power>110</power>
          <gpxtpx:TrackPointExtension>
            <gpxtpx:hr>99</gpxtpx:hr>
            <gpxtpx:cad>91</gpxtpx:cad>
          </gpxtpx:TrackPointExtension>
        </extensions>
      </trkpt>
      <trkpt lat="43.331476" lon="-1.842972">
        <ele>56.8</ele>
        <time>2026-09-06T11:31:02Z</time>
        <extensions>
          <power>98</power>
          <gpxtpx:TrackPointExtension>
            <gpxtpx:hr>99</gpxtpx:hr>
            <gpxtpx:cad>92</gpxtpx:cad>
          </gpxtpx:TrackPointExtension>
        </extensions>
      </trkpt>
      <trkpt lat="43.331476" lon="-1.842972">
        <ele>56.8</ele>
        <time>2026-09-06T11:31:03Z</time>
        <extensions>
          <power>102</power>
          <gpxtpx:TrackPointExtension>
            <gpxtpx:hr>99</gpxtpx:hr>
            <gpxtpx:cad>92</gpxtpx:cad>
          </gpxtpx:TrackPointExtension>
        </extensions>
      </trkpt>
      <trkpt lat="43.331525" lon="-1.842373">
        <ele>55.2</ele>
        <time>2026-09-06T11:31:04Z</time>
        <extensions>
          <power>100</power>
          <gpxtpx:TrackPointExtension>
            <gpxtpx:hr>100</gpxtpx:hr>
            <gpxtpx:cad>91</gpxtpx:cad>
          </gpxtpx:TrackPointExtension>
        </extensions>
      </trkpt>
      <trkpt lat="43.331525" lon="-1.842373">
        <ele>55.2</ele>
        <time>2026-09-06T11:31:05Z</time>
        <extensions>
          <power>91</power>
          <gpxtpx:TrackPointExtension>
            <gpxtpx:hr>100</gpxtpx:hr>
            <gpxtpx:cad>91</gpxtpx:cad>
          </gpxtpx:TrackPointExtension>
        </extensions>
      </trkpt>
      <trkpt lat="43.331525" lon="-1.842373">
        <ele>55.2</ele>
        <time>2026-09-06T11:31:06Z</time>
        <extensions>
          <power>104</power>
          <gpxtpx:TrackPointExtension>
            <gpxtpx:hr>101</gpxtpx:hr>
            <gpxtpx:cad>92</gpxtpx:cad>
          </gpxtpx:TrackPointExtension>
        </extensions>
      </trkpt>
      <trkpt lat="43.331525" lon="-1.842373">
        <ele>55.2</ele>
        <time>2026-09-06T11:31:07Z</time>
        <extensions>
          <power>105</power>
          <gpxtpx:TrackPointExtension>
            <gpxtpx:hr>101</gpxtpx:hr>
            <gpxtpx:cad>91</gpxtpx:cad>
          </gpxtpx:TrackPointExtension>
        </extensions>
      </trkpt>
      <trkpt lat="43.331525" lon="-1.842373">
        <ele>55.2</ele>
        <time>2026-09-06T11:31:08Z</time>
        <extensions>
          <power>98</power>
          <gpxtpx:TrackPointExtension>
            <gpxtpx:hr>102</gpxtpx:hr>
            <gpxtpx:cad>90</gpxtpx:cad>
          </gpxtpx:TrackPointExtension>
        </extensions>
      </trkpt>
      <trkpt lat="43.331525" lon="-1.842373">
        <ele>55.2</ele>
        <time>2026-09-06T11:31:09Z</time>
        <extensions>
          <power>99</power>
          <gpxtpx:TrackPointExtension>
            <gpxtpx:hr>102</gpxtpx:hr>
            <gpxtpx:cad>90</gpxtpx:cad>
          </gpxtpx:TrackPointExtension>
        </extensions>
      </trkpt>
      <trkpt lat="43.331554" lon="-1.842171">
        <ele>54.0</ele>
        <time>2026-09-06T11:31:10Z</time>
        <extensions>
          <power>92</power>
          <gpxtpx:TrackPointExtension>
            <gpxtpx:hr>102</gpxtpx:hr>
            <gpxtpx:cad>90</gpxtpx:cad>
          </gpxtpx:TrackPointExtension>
        </extensions>
      </trkpt>
      <trkpt lat="43.331554" lon="-1.842171">
        <ele>54.0</ele>
        <time>2026-09-06T11:31:11Z</time>
        <extensions>
          <power>110</power>
          <gpxtpx:TrackPointExtension>
            <gpxtpx:hr>102</gpxtpx:hr>
            <gpxtpx:cad>91</gpxtpx:cad>
          </gpxtpx:TrackPointExtension>
        </extensions>
      </trkpt>
      <trkpt lat="43.331582" lon="-1.841968">
        <ele>52.4</ele>
        <time>2026-09-06T11:31:12Z</time>
        <extensions>
          <power>108</power>
          <gpxtpx:TrackPointExtension>
            <gpxtpx:hr>102</gpxtpx:hr>
            <gpxtpx:cad>91</gpxtpx:cad>
          </gpxtpx:TrackPointExtension>
        </extensions>
      </trkpt>
      <trkpt lat="43.331582" lon="-1.841968">
        <ele>52.4</ele>
        <time>2026-09-06T11:31:13Z</time>
        <extensions>
          <power>98</power>
          <gpxtpx:TrackPointExtension>
            <gpxtpx:hr>102</gpxtpx:hr>
            <gpxtpx:cad>90</gpxtpx:cad>
          </gpxtpx:TrackPointExtension>
        </extensions>
      </trkpt>
      <trkpt lat="43.331603" lon="-1.841760">
        <ele>51.0</ele>
        <time>2026-09-06T11:31:14Z</time>
        <extensions>
          <power>101</power>
          <gpxtpx:TrackPointExtension>
            <gpxtpx:hr>102</gpxtpx:hr>
            <gpxtpx:cad>90</gpxtpx:cad>
          </gpxtpx:TrackPointExtension>
        </extensions>
      </trkpt>
      <trkpt lat="43.331603" lon="-1.841760">
        <ele>51.0</ele>
        <time>2026-09-06T11:31:15Z</time>
        <extensions>
          <power>104</power>
          <gpxtpx:TrackPointExtension>
            <gpxtpx:hr>101</gpxtpx:hr>
            <gpxtpx:cad>91</gpxtpx:cad>
          </gpxtpx:TrackPointExtension>
        </extensions>
      </trkpt>
      <trkpt lat="43.331616" lon="-1.841547">
        <ele>50.0</ele>
        <time>2026-09-06T11:31:16Z</time>
        <extensions>
          <power>101</power>
          <gpxtpx:TrackPointExtension>
            <gpxtpx:hr>101</gpxtpx:hr>
            <gpxtpx:cad>91</gpxtpx:cad>
          </gpxtpx:TrackPointExtension>
        </extensions>
      </trkpt>
      <trkpt lat="43.331616" lon="-1.841547">
        <ele>50.0</ele>
        <time>2026-09-06T11:31:17Z</time>
        <extensions>
          <power>103</power>
          <gpxtpx:TrackPointExtension>
            <gpxtpx:hr>101</gpxtpx:hr>
            <gpxtpx:cad>91</gpxtpx:cad>
          </gpxtpx:TrackPointExtension>
        </extensions>
      </trkpt>
      <trkpt lat="43.331615" lon="-1.841331">
        <ele>49.0</ele>
        <time>2026-09-06T11:31:18Z</time>
        <extensions>
          <power>111</power>
          <gpxtpx:TrackPointExtension>
            <gpxtpx:hr>101</gpxtpx:hr>
            <gpxtpx:cad>91</gpxtpx:cad>
          </gpxtpx:TrackPointExtension>
        </extensions>
      </trkpt>
      <trkpt lat="43.331615" lon="-1.841331">
        <ele>49.0</ele>
        <time>2026-09-06T11:31:19Z</time>
        <extensions>
          <power>107</power>
          <gpxtpx:TrackPointExtension>
            <gpxtpx:hr>101</gpxtpx:hr>
            <gpxtpx:cad>91</gpxtpx:cad>
          </gpxtpx:TrackPointExtension>
        </extensions>
      </trkpt>
      <trkpt lat="43.331598" lon="-1.841114">
        <ele>47.8</ele>
        <time>2026-09-06T11:31:20Z</time>
        <extensions>
          <power>103</power>
          <gpxtpx:TrackPointExtension>
            <gpxtpx:hr>101</gpxtpx:hr>
            <gpxtpx:cad>91</gpxtpx:cad>
          </gpxtpx:TrackPointExtension>
        </extensions>
      </trkpt>
      <trkpt lat="43.331598" lon="-1.841114">
        <ele>47.8</ele>
        <time>2026-09-06T11:31:21Z</time>
        <extensions>
          <power>104</power>
          <gpxtpx:TrackPointExtension>
            <gpxtpx:hr>102</gpxtpx:hr>
            <gpxtpx:cad>91</gpxtpx:cad>
          </gpxtpx:TrackPointExtension>
        </extensions>
      </trkpt>
      <trkpt lat="43.331560" lon="-1.840901">
        <ele>46.6</ele>
        <time>2026-09-06T11:31:22Z</time>
        <extensions>
          <power>106</power>
          <gpxtpx:TrackPointExtension>
            <gpxtpx:hr>102</gpxtpx:hr>
            <gpxtpx:cad>92</gpxtpx:cad>
          </gpxtpx:TrackPointExtension>
        </extensions>
      </trkpt>
      <trkpt lat="43.331560" lon="-1.840901">
        <ele>46.6</ele>
        <time>2026-09-06T11:31:23Z</time>
        <extensions>
          <power>102</power>
          <gpxtpx:TrackPointExtension>
            <gpxtpx:hr>102</gpxtpx:hr>
            <gpxtpx:cad>91</gpxtpx:cad>
          </gpxtpx:TrackPointExtension>
        </extensions>
      </trkpt>
      <trkpt lat="43.331507" lon="-1.840693">
        <ele>45.6</ele>
        <time>2026-09-06T11:31:24Z</time>
        <extensions>
          <power>107</power>
          <gpxtpx:TrackPointExtension>
            <gpxtpx:hr>102</gpxtpx:hr>
            <gpxtpx:cad>91</gpxtpx:cad>
          </gpxtpx:TrackPointExtension>
        </extensions>
      </trkpt>
      <trkpt lat="43.331507" lon="-1.840693">
        <ele>45.6</ele>
        <time>2026-09-06T11:31:25Z</time>
        <extensions>
          <power>106</power>
          <gpxtpx:TrackPointExtension>
            <gpxtpx:hr>102</gpxtpx:hr>
            <gpxtpx:cad>92</gpxtpx:cad>
          </gpxtpx:TrackPointExtension>
        </extensions>
      </trkpt>
      <trkpt lat="43.331438" lon="-1.840494">
        <ele>44.4</ele>
        <time>2026-09-06T11:31:26Z</time>
        <extensions>
          <power>109</power>
          <gpxtpx:TrackPointExtension>
            <gpxtpx:hr>101</gpxtpx:hr>
            <gpxtpx:cad>91</gpxtpx:cad>
          </gpxtpx:TrackPointExtension>
        </extensions>
      </trkpt>
      <trkpt lat="43.331438" lon="-1.840494">
        <ele>44.4</ele>
        <time>2026-09-06T11:31:27Z</time>
        <extensions>
          <power>108</power>
          <gpxtpx:TrackPointExtension>
            <gpxtpx:hr>101</gpxtpx:hr>
            <gpxtpx:cad>92</gpxtpx:cad>
          </gpxtpx:TrackPointExtension>
        </extensions>
      </trkpt>
      <trkpt lat="43.331253" lon="-1.840139">
        <ele>42.8</ele>
        <time>2026-09-06T11:31:28Z</time>
        <extensions>
          <power>108</power>
          <gpxtpx:TrackPointExtension>
            <gpxtpx:hr>101</gpxtpx:hr>
            <gpxtpx:cad>93</gpxtpx:cad>
          </gpxtpx:TrackPointExtension>
        </extensions>
      </trkpt>
      <trkpt lat="43.331253" lon="-1.840139">
        <ele>42.8</ele>
        <time>2026-09-06T11:31:29Z</time>
        <extensions>
          <power>107</power>
          <gpxtpx:TrackPointExtension>
            <gpxtpx:hr>101</gpxtpx:hr>
            <gpxtpx:cad>92</gpxtpx:cad>
          </gpxtpx:TrackPointExtension>
        </extensions>
      </trkpt>
      <trkpt lat="43.331253" lon="-1.840139">
        <ele>42.8</ele>
        <time>2026-09-06T11:31:30Z</time>
        <extensions>
          <power>101</power>
          <gpxtpx:TrackPointExtension>
            <gpxtpx:hr>101</gpxtpx:hr>
            <gpxtpx:cad>93</gpxtpx:cad>
          </gpxtpx:TrackPointExtension>
        </extensions>
      </trkpt>
      <trkpt lat="43.331253" lon="-1.840139">
        <ele>42.8</ele>
        <time>2026-09-06T11:31:31Z</time>
        <extensions>
          <power>98</power>
          <gpxtpx:TrackPointExtension>
            <gpxtpx:hr>101</gpxtpx:hr>
            <gpxtpx:cad>92</gpxtpx:cad>
          </gpxtpx:TrackPointExtension>
        </extensions>
      </trkpt>
      <trkpt lat="43.331253" lon="-1.840139">
        <ele>42.8</ele>
        <time>2026-09-06T11:31:32Z</time>
        <extensions>
          <power>130</power>
          <gpxtpx:TrackPointExtension>
            <gpxtpx:hr>101</gpxtpx:hr>
            <gpxtpx:cad>92</gpxtpx:cad>
          </gpxtpx:TrackPointExtension>
        </extensions>
      </trkpt>
      <trkpt lat="43.331149" lon="-1.839974">
        <ele>42.4</ele>
        <time>2026-09-06T11:31:33Z</time>
        <extensions>
          <power>114</power>
          <gpxtpx:TrackPointExtension>
            <gpxtpx:hr>101</gpxtpx:hr>
            <gpxtpx:cad>92</gpxtpx:cad>
          </gpxtpx:TrackPointExtension>
        </extensions>
      </trkpt>
      <trkpt lat="43.331149" lon="-1.839974">
        <ele>42.4</ele>
        <time>2026-09-06T11:31:34Z</time>
        <extensions>
          <power>104</power>
          <gpxtpx:TrackPointExtension>
            <gpxtpx:hr>101</gpxtpx:hr>
            <gpxtpx:cad>93</gpxtpx:cad>
          </gpxtpx:TrackPointExtension>
        </extensions>
      </trkpt>
      <trkpt lat="43.331044" lon="-1.839810">
        <ele>41.2</ele>
        <time>2026-09-06T11:31:35Z</time>
        <extensions>
          <power>101</power>
          <gpxtpx:TrackPointExtension>
            <gpxtpx:hr>101</gpxtpx:hr>
            <gpxtpx:cad>93</gpxtpx:cad>
          </gpxtpx:TrackPointExtension>
        </extensions>
      </trkpt>
      <trkpt lat="43.331044" lon="-1.839810">
        <ele>41.2</ele>
        <time>2026-09-06T11:31:36Z</time>
        <extensions>
          <power>100</power>
          <gpxtpx:TrackPointExtension>
            <gpxtpx:hr>101</gpxtpx:hr>
            <gpxtpx:cad>92</gpxtpx:cad>
          </gpxtpx:TrackPointExtension>
        </extensions>
      </trkpt>
      <trkpt lat="43.330737" lon="-1.839317">
        <ele>39.8</ele>
        <time>2026-09-06T11:31:37Z</time>
        <extensions>
          <power>103</power>
          <gpxtpx:TrackPointExtension>
            <gpxtpx:hr>101</gpxtpx:hr>
            <gpxtpx:cad>92</gpxtpx:cad>
          </gpxtpx:TrackPointExtension>
        </extensions>
      </trkpt>
      <trkpt lat="43.330737" lon="-1.839317">
        <ele>39.8</ele>
        <time>2026-09-06T11:31:38Z</time>
        <extensions>
          <power>103</power>
          <gpxtpx:TrackPointExtension>
            <gpxtpx:hr>101</gpxtpx:hr>
            <gpxtpx:cad>92</gpxtpx:cad>
          </gpxtpx:TrackPointExtension>
        </extensions>
      </trkpt>
      <trkpt lat="43.330737" lon="-1.839317">
        <ele>39.8</ele>
        <time>2026-09-06T11:31:39Z</time>
        <extensions>
          <power>100</power>
          <gpxtpx:TrackPointExtension>
            <gpxtpx:hr>101</gpxtpx:hr>
            <gpxtpx:cad>92</gpxtpx:cad>
          </gpxtpx:TrackPointExtension>
        </extensions>
      </trkpt>
      <trkpt lat="43.330737" lon="-1.839317">
        <ele>39.8</ele>
        <time>2026-09-06T11:31:40Z</time>
        <extensions>
          <power>99</power>
          <gpxtpx:TrackPointExtension>
            <gpxtpx:hr>101</gpxtpx:hr>
            <gpxtpx:cad>92</gpxtpx:cad>
          </gpxtpx:TrackPointExtension>
        </extensions>
      </trkpt>
      <trkpt lat="43.330737" lon="-1.839317">
        <ele>39.8</ele>
        <time>2026-09-06T11:31:41Z</time>
        <extensions>
          <power>104</power>
          <gpxtpx:TrackPointExtension>
            <gpxtpx:hr>101</gpxtpx:hr>
            <gpxtpx:cad>92</gpxtpx:cad>
          </gpxtpx:TrackPointExtension>
        </extensions>
      </trkpt>
      <trkpt lat="43.330737" lon="-1.839317">
        <ele>39.8</ele>
        <time>2026-09-06T11:31:42Z</time>
        <extensions>
          <power>105</power>
          <gpxtpx:TrackPointExtension>
            <gpxtpx:hr>101</gpxtpx:hr>
            <gpxtpx:cad>91</gpxtpx:cad>
          </gpxtpx:TrackPointExtension>
        </extensions>
      </trkpt>
      <trkpt lat="43.330641" lon="-1.839144">
        <ele>38.4</ele>
        <time>2026-09-06T11:31:43Z</time>
        <extensions>
          <power>93</power>
          <gpxtpx:TrackPointExtension>
            <gpxtpx:hr>101</gpxtpx:hr>
            <gpxtpx:cad>90</gpxtpx:cad>
          </gpxtpx:TrackPointExtension>
        </extensions>
      </trkpt>
      <trkpt lat="43.330641" lon="-1.839144">
        <ele>38.4</ele>
        <time>2026-09-06T11:31:44Z</time>
        <extensions>
          <power>102</power>
          <gpxtpx:TrackPointExtension>
            <gpxtpx:hr>101</gpxtpx:hr>
            <gpxtpx:cad>91</gpxtpx:cad>
          </gpxtpx:TrackPointExtension>
        </extensions>
      </trkpt>
      <trkpt lat="43.330547" lon="-1.838968">
        <ele>37.4</ele>
        <time>2026-09-06T11:31:45Z</time>
        <extensions>
          <power>102</power>
          <gpxtpx:TrackPointExtension>
            <gpxtpx:hr>101</gpxtpx:hr>
            <gpxtpx:cad>91</gpxtpx:cad>
          </gpxtpx:TrackPointExtension>
        </extensions>
      </trkpt>
      <trkpt lat="43.330547" lon="-1.838968">
        <ele>37.4</ele>
        <time>2026-09-06T11:31:46Z</time>
        <extensions>
          <power>103</power>
          <gpxtpx:TrackPointExtension>
            <gpxtpx:hr>101</gpxtpx:hr>
            <gpxtpx:cad>89</gpxtpx:cad>
          </gpxtpx:TrackPointExtension>
        </extensions>
      </trkpt>
      <trkpt lat="43.330456" lon="-1.838788">
        <ele>36.2</ele>
        <time>2026-09-06T11:31:47Z</time>
        <extensions>
          <power>99</power>
          <gpxtpx:TrackPointExtension>
            <gpxtpx:hr>101</gpxtpx:hr>
            <gpxtpx:cad>90</gpxtpx:cad>
          </gpxtpx:TrackPointExtension>
        </extensions>
      </trkpt>
      <trkpt lat="43.330456" lon="-1.838788">
        <ele>36.2</ele>
        <time>2026-09-06T11:31:48Z</time>
        <extensions>
          <power>92</power>
          <gpxtpx:TrackPointExtension>
            <gpxtpx:hr>101</gpxtpx:hr>
            <gpxtpx:cad>91</gpxtpx:cad>
          </gpxtpx:TrackPointExtension>
        </extensions>
      </trkpt>
      <trkpt lat="43.330456" lon="-1.838788">
        <ele>36.2</ele>
        <time>2026-09-06T11:31:49Z</time>
        <extensions>
          <power>100</power>
          <gpxtpx:TrackPointExtension>
            <gpxtpx:hr>101</gpxtpx:hr>
            <gpxtpx:cad>90</gpxtpx:cad>
          </gpxtpx:TrackPointExtension>
        </extensions>
      </trkpt>
      <trkpt lat="43.330284" lon="-1.838416">
        <ele>34.6</ele>
        <time>2026-09-06T11:31:50Z</time>
        <extensions>
          <power>108</power>
          <gpxtpx:TrackPointExtension>
            <gpxtpx:hr>101</gpxtpx:hr>
            <gpxtpx:cad>90</gpxtpx:cad>
          </gpxtpx:TrackPointExtension>
        </extensions>
      </trkpt>
      <trkpt lat="43.330284" lon="-1.838416">
        <ele>34.6</ele>
        <time>2026-09-06T11:31:51Z</time>
        <extensions>
          <power>98</power>
          <gpxtpx:TrackPointExtension>
            <gpxtpx:hr>101</gpxtpx:hr>
            <gpxtpx:cad>89</gpxtpx:cad>
          </gpxtpx:TrackPointExtension>
        </extensions>
      </trkpt>
      <trkpt lat="43.330284" lon="-1.838416">
        <ele>34.6</ele>
        <time>2026-09-06T11:31:52Z</time>
        <extensions>
          <power>101</power>
          <gpxtpx:TrackPointExtension>
            <gpxtpx:hr>101</gpxtpx:hr>
            <gpxtpx:cad>89</gpxtpx:cad>
          </gpxtpx:TrackPointExtension>
        </extensions>
      </trkpt>
      <trkpt lat="43.330284" lon="-1.838416">
        <ele>34.6</ele>
        <time>2026-09-06T11:31:53Z</time>
        <extensions>
          <power>112</power>
          <gpxtpx:TrackPointExtension>
            <gpxtpx:hr>101</gpxtpx:hr>
            <gpxtpx:cad>91</gpxtpx:cad>
          </gpxtpx:TrackPointExtension>
        </extensions>
      </trkpt>
      <trkpt lat="43.330110" lon="-1.838040">
        <ele>33.2</ele>
        <time>2026-09-06T11:31:54Z</time>
        <extensions>
          <power>100</power>
          <gpxtpx:TrackPointExtension>
            <gpxtpx:hr>101</gpxtpx:hr>
            <gpxtpx:cad>90</gpxtpx:cad>
          </gpxtpx:TrackPointExtension>
        </extensions>
      </trkpt>
      <trkpt lat="43.330110" lon="-1.838040">
        <ele>33.2</ele>
        <time>2026-09-06T11:31:55Z</time>
        <extensions>
          <power>109</power>
          <gpxtpx:TrackPointExtension>
            <gpxtpx:hr>101</gpxtpx:hr>
            <gpxtpx:cad>90</gpxtpx:cad>
          </gpxtpx:TrackPointExtension>
        </extensions>
      </trkpt>
      <trkpt lat="43.330110" lon="-1.838040">
        <ele>33.2</ele>
        <time>2026-09-06T11:31:56Z</time>
        <extensions>
          <power>98</power>
          <gpxtpx:TrackPointExtension>
            <gpxtpx:hr>102</gpxtpx:hr>
            <gpxtpx:cad>91</gpxtpx:cad>
          </gpxtpx:TrackPointExtension>
        </extensions>
      </trkpt>
      <trkpt lat="43.330110" lon="-1.838040">
        <ele>33.2</ele>
        <time>2026-09-06T11:31:57Z</time>
        <extensions>
          <power>98</power>
          <gpxtpx:TrackPointExtension>
            <gpxtpx:hr>102</gpxtpx:hr>
            <gpxtpx:cad>90</gpxtpx:cad>
          </gpxtpx:TrackPointExtension>
        </extensions>
      </trkpt>
      <trkpt lat="43.330023" lon="-1.837854">
        <ele>32.4</ele>
        <time>2026-09-06T11:31:58Z</time>
        <extensions>
          <power>96</power>
          <gpxtpx:TrackPointExtension>
            <gpxtpx:hr>102</gpxtpx:hr>
            <gpxtpx:cad>90</gpxtpx:cad>
          </gpxtpx:TrackPointExtension>
        </extensions>
      </trkpt>
      <trkpt lat="43.330023" lon="-1.837854">
        <ele>32.4</ele>
        <time>2026-09-06T11:31:59Z</time>
        <extensions>
          <power>103</power>
          <gpxtpx:TrackPointExtension>
            <gpxtpx:hr>102</gpxtpx:hr>
            <gpxtpx:cad>90</gpxtpx:cad>
          </gpxtpx:TrackPointExtension>
        </extensions>
      </trkpt>
      <trkpt lat="43.329937" lon="-1.837666">
        <ele>31.6</ele>
        <time>2026-09-06T11:32:00Z</time>
        <extensions>
          <power>106</power>
          <gpxtpx:TrackPointExtension>
            <gpxtpx:hr>102</gpxtpx:hr>
            <gpxtpx:cad>91</gpxtpx:cad>
          </gpxtpx:TrackPointExtension>
        </extensions>
      </trkpt>
      <trkpt lat="43.329937" lon="-1.837666">
        <ele>31.6</ele>
        <time>2026-09-06T11:32:01Z</time>
        <extensions>
          <power>101</power>
          <gpxtpx:TrackPointExtension>
            <gpxtpx:hr>102</gpxtpx:hr>
            <gpxtpx:cad>91</gpxtpx:cad>
          </gpxtpx:TrackPointExtension>
        </extensions>
      </trkpt>
      <trkpt lat="43.329937" lon="-1.837666">
        <ele>31.6</ele>
        <time>2026-09-06T11:32:02Z</time>
        <extensions>
          <power>99</power>
          <gpxtpx:TrackPointExtension>
            <gpxtpx:hr>102</gpxtpx:hr>
            <gpxtpx:cad>90</gpxtpx:cad>
          </gpxtpx:TrackPointExtension>
        </extensions>
      </trkpt>
      <trkpt lat="43.329762" lon="-1.837284">
        <ele>30.0</ele>
        <time>2026-09-06T11:32:03Z</time>
        <extensions>
          <power>106</power>
          <gpxtpx:TrackPointExtension>
            <gpxtpx:hr>102</gpxtpx:hr>
            <gpxtpx:cad>92</gpxtpx:cad>
          </gpxtpx:TrackPointExtension>
        </extensions>
      </trkpt>
      <trkpt lat="43.329762" lon="-1.837284">
        <ele>30.0</ele>
        <time>2026-09-06T11:32:04Z</time>
        <extensions>
          <power>103</power>
          <gpxtpx:TrackPointExtension>
            <gpxtpx:hr>102</gpxtpx:hr>
            <gpxtpx:cad>91</gpxtpx:cad>
          </gpxtpx:TrackPointExtension>
        </extensions>
      </trkpt>
      <trkpt lat="43.329762" lon="-1.837284">
        <ele>30.0</ele>
        <time>2026-09-06T11:32:05Z</time>
        <extensions>
          <power>101</power>
          <gpxtpx:TrackPointExtension>
            <gpxtpx:hr>102</gpxtpx:hr>
            <gpxtpx:cad>90</gpxtpx:cad>
          </gpxtpx:TrackPointExtension>
        </extensions>
      </trkpt>
      <trkpt lat="43.329762" lon="-1.837284">
        <ele>30.0</ele>
        <time>2026-09-06T11:32:06Z</time>
        <extensions>
          <power>102</power>
          <gpxtpx:TrackPointExtension>
            <gpxtpx:hr>103</gpxtpx:hr>
            <gpxtpx:cad>91</gpxtpx:cad>
          </gpxtpx:TrackPointExtension>
        </extensions>
      </trkpt>
      <trkpt lat="43.329604" lon="-1.836895">
        <ele>27.8</ele>
        <time>2026-09-06T11:32:07Z</time>
        <extensions>
          <power>105</power>
          <gpxtpx:TrackPointExtension>
            <gpxtpx:hr>102</gpxtpx:hr>
            <gpxtpx:cad>91</gpxtpx:cad>
          </gpxtpx:TrackPointExtension>
        </extensions>
      </trkpt>
      <trkpt lat="43.329604" lon="-1.836895">
        <ele>27.8</ele>
        <time>2026-09-06T11:32:08Z</time>
        <extensions>
          <power>102</power>
          <gpxtpx:TrackPointExtension>
            <gpxtpx:hr>102</gpxtpx:hr>
            <gpxtpx:cad>91</gpxtpx:cad>
          </gpxtpx:TrackPointExtension>
        </extensions>
      </trkpt>
      <trkpt lat="43.329604" lon="-1.836895">
        <ele>27.8</ele>
        <time>2026-09-06T11:32:09Z</time>
        <extensions>
          <power>100</power>
          <gpxtpx:TrackPointExtension>
            <gpxtpx:hr>102</gpxtpx:hr>
            <gpxtpx:cad>91</gpxtpx:cad>
          </gpxtpx:TrackPointExtension>
        </extensions>
      </trkpt>
      <trkpt lat="43.329604" lon="-1.836895">
        <ele>27.8</ele>
        <time>2026-09-06T11:32:10Z</time>
        <extensions>
          <power>99</power>
          <gpxtpx:TrackPointExtension>
            <gpxtpx:hr>102</gpxtpx:hr>
            <gpxtpx:cad>90</gpxtpx:cad>
          </gpxtpx:TrackPointExtension>
        </extensions>
      </trkpt>
      <trkpt lat="43.329530" lon="-1.836695">
        <ele>27.0</ele>
        <time>2026-09-06T11:32:11Z</time>
        <extensions>
          <power>110</power>
          <gpxtpx:TrackPointExtension>
            <gpxtpx:hr>102</gpxtpx:hr>
            <gpxtpx:cad>91</gpxtpx:cad>
          </gpxtpx:TrackPointExtension>
        </extensions>
      </trkpt>
      <trkpt lat="43.329530" lon="-1.836695">
        <ele>27.0</ele>
        <time>2026-09-06T11:32:12Z</time>
        <extensions>
          <power>115</power>
          <gpxtpx:TrackPointExtension>
            <gpxtpx:hr>101</gpxtpx:hr>
            <gpxtpx:cad>91</gpxtpx:cad>
          </gpxtpx:TrackPointExtension>
        </extensions>
      </trkpt>
      <trkpt lat="43.329530" lon="-1.836695">
        <ele>27.0</ele>
        <time>2026-09-06T11:32:13Z</time>
        <extensions>
          <power>97</power>
          <gpxtpx:TrackPointExtension>
            <gpxtpx:hr>101</gpxtpx:hr>
            <gpxtpx:cad>90</gpxtpx:cad>
          </gpxtpx:TrackPointExtension>
        </extensions>
      </trkpt>
      <trkpt lat="43.329461" lon="-1.836491">
        <ele>26.4</ele>
        <time>2026-09-06T11:32:14Z</time>
        <extensions>
          <power>106</power>
          <gpxtpx:TrackPointExtension>
            <gpxtpx:hr>101</gpxtpx:hr>
            <gpxtpx:cad>91</gpxtpx:cad>
          </gpxtpx:TrackPointExtension>
        </extensions>
      </trkpt>
      <trkpt lat="43.329461" lon="-1.836491">
        <ele>26.4</ele>
        <time>2026-09-06T11:32:15Z</time>
        <extensions>
          <power>105</power>
          <gpxtpx:TrackPointExtension>
            <gpxtpx:hr>101</gpxtpx:hr>
            <gpxtpx:cad>91</gpxtpx:cad>
          </gpxtpx:TrackPointExtension>
        </extensions>
      </trkpt>
      <trkpt lat="43.329346" lon="-1.836082">
        <ele>25.0</ele>
        <time>2026-09-06T11:32:16Z</time>
        <extensions>
          <power>101</power>
          <gpxtpx:TrackPointExtension>
            <gpxtpx:hr>101</gpxtpx:hr>
            <gpxtpx:cad>90</gpxtpx:cad>
          </gpxtpx:TrackPointExtension>
        </extensions>
      </trkpt>
      <trkpt lat="43.329346" lon="-1.836082">
        <ele>25.0</ele>
        <time>2026-09-06T11:32:17Z</time>
        <extensions>
          <power>100</power>
          <gpxtpx:TrackPointExtension>
            <gpxtpx:hr>101</gpxtpx:hr>
            <gpxtpx:cad>91</gpxtpx:cad>
          </gpxtpx:TrackPointExtension>
        </extensions>
      </trkpt>
      <trkpt lat="43.329346" lon="-1.836082">
        <ele>25.0</ele>
        <time>2026-09-06T11:32:18Z</time>
        <extensions>
          <power>107</power>
          <gpxtpx:TrackPointExtension>
            <gpxtpx:hr>101</gpxtpx:hr>
            <gpxtpx:cad>91</gpxtpx:cad>
          </gpxtpx:TrackPointExtension>
        </extensions>
      </trkpt>
      <trkpt lat="43.329346" lon="-1.836082">
        <ele>25.0</ele>
        <time>2026-09-06T11:32:19Z</time>
        <extensions>
          <power>101</power>
          <gpxtpx:TrackPointExtension>
            <gpxtpx:hr>102</gpxtpx:hr>
            <gpxtpx:cad>90</gpxtpx:cad>
          </gpxtpx:TrackPointExtension>
        </extensions>
      </trkpt>
      <trkpt lat="43.329295" lon="-1.835874">
        <ele>24.2</ele>
        <time>2026-09-06T11:32:20Z</time>
        <extensions>
          <power>101</power>
          <gpxtpx:TrackPointExtension>
            <gpxtpx:hr>102</gpxtpx:hr>
            <gpxtpx:cad>90</gpxtpx:cad>
          </gpxtpx:TrackPointExtension>
        </extensions>
      </trkpt>
      <trkpt lat="43.329295" lon="-1.835874">
        <ele>24.2</ele>
        <time>2026-09-06T11:32:21Z</time>
        <extensions>
          <power>101</power>
          <gpxtpx:TrackPointExtension>
            <gpxtpx:hr>102</gpxtpx:hr>
            <gpxtpx:cad>90</gpxtpx:cad>
          </gpxtpx:TrackPointExtension>
        </extensions>
      </trkpt>
      <trkpt lat="43.329249" lon="-1.835664">
        <ele>23.4</ele>
        <time>2026-09-06T11:32:22Z</time>
        <extensions>
          <power>100</power>
          <gpxtpx:TrackPointExtension>
            <gpxtpx:hr>102</gpxtpx:hr>
            <gpxtpx:cad>90</gpxtpx:cad>
          </gpxtpx:TrackPointExtension>
        </extensions>
      </trkpt>
      <trkpt lat="43.329249" lon="-1.835664">
        <ele>23.4</ele>
        <time>2026-09-06T11:32:23Z</time>
        <extensions>
          <power>100</power>
          <gpxtpx:TrackPointExtension>
            <gpxtpx:hr>102</gpxtpx:hr>
            <gpxtpx:cad>90</gpxtpx:cad>
          </gpxtpx:TrackPointExtension>
        </extensions>
      </trkpt>
      <trkpt lat="43.329135" lon="-1.835032">
        <ele>21.8</ele>
        <time>2026-09-06T11:32:24Z</time>
        <extensions>
          <power>103</power>
          <gpxtpx:TrackPointExtension>
            <gpxtpx:hr>102</gpxtpx:hr>
            <gpxtpx:cad>90</gpxtpx:cad>
          </gpxtpx:TrackPointExtension>
        </extensions>
      </trkpt>
      <trkpt lat="43.329135" lon="-1.835032">
        <ele>21.8</ele>
        <time>2026-09-06T11:32:25Z</time>
        <extensions>
          <power>100</power>
          <gpxtpx:TrackPointExtension>
            <gpxtpx:hr>103</gpxtpx:hr>
            <gpxtpx:cad>90</gpxtpx:cad>
          </gpxtpx:TrackPointExtension>
        </extensions>
      </trkpt>
      <trkpt lat="43.329135" lon="-1.835032">
        <ele>21.8</ele>
        <time>2026-09-06T11:32:26Z</time>
        <extensions>
          <power>107</power>
          <gpxtpx:TrackPointExtension>
            <gpxtpx:hr>102</gpxtpx:hr>
            <gpxtpx:cad>90</gpxtpx:cad>
          </gpxtpx:TrackPointExtension>
        </extensions>
      </trkpt>
      <trkpt lat="43.329135" lon="-1.835032">
        <ele>21.8</ele>
        <time>2026-09-06T11:32:27Z</time>
        <extensions>
          <power>98</power>
          <gpxtpx:TrackPointExtension>
            <gpxtpx:hr>102</gpxtpx:hr>
            <gpxtpx:cad>90</gpxtpx:cad>
          </gpxtpx:TrackPointExtension>
        </extensions>
      </trkpt>
      <trkpt lat="43.329135" lon="-1.835032">
        <ele>21.8</ele>
        <time>2026-09-06T11:32:28Z</time>
        <extensions>
          <power>104</power>
          <gpxtpx:TrackPointExtension>
            <gpxtpx:hr>102</gpxtpx:hr>
            <gpxtpx:cad>90</gpxtpx:cad>
          </gpxtpx:TrackPointExtension>
        </extensions>
      </trkpt>
      <trkpt lat="43.329135" lon="-1.835032">
        <ele>21.8</ele>
        <time>2026-09-06T11:32:29Z</time>
        <extensions>
          <power>101</power>
          <gpxtpx:TrackPointExtension>
            <gpxtpx:hr>101</gpxtpx:hr>
            <gpxtpx:cad>89</gpxtpx:cad>
          </gpxtpx:TrackPointExtension>
        </extensions>
      </trkpt>
      <trkpt lat="43.329135" lon="-1.835032">
        <ele>21.8</ele>
        <time>2026-09-06T11:32:30Z</time>
        <extensions>
          <power>102</power>
          <gpxtpx:TrackPointExtension>
            <gpxtpx:hr>101</gpxtpx:hr>
            <gpxtpx:cad>89</gpxtpx:cad>
          </gpxtpx:TrackPointExtension>
        </extensions>
      </trkpt>
      <trkpt lat="43.329104" lon="-1.834826">
        <ele>21.4</ele>
        <time>2026-09-06T11:32:31Z</time>
        <extensions>
          <power>93</power>
          <gpxtpx:TrackPointExtension>
            <gpxtpx:hr>100</gpxtpx:hr>
            <gpxtpx:cad>90</gpxtpx:cad>
          </gpxtpx:TrackPointExtension>
        </extensions>
      </trkpt>
      <trkpt lat="43.329104" lon="-1.834826">
        <ele>21.4</ele>
        <time>2026-09-06T11:32:32Z</time>
        <extensions>
          <power>98</power>
          <gpxtpx:TrackPointExtension>
            <gpxtpx:hr>100</gpxtpx:hr>
            <gpxtpx:cad>89</gpxtpx:cad>
          </gpxtpx:TrackPointExtension>
        </extensions>
      </trkpt>
      <trkpt lat="43.329045" lon="-1.834424">
        <ele>20.0</ele>
        <time>2026-09-06T11:32:33Z</time>
        <extensions>
          <power>102</power>
          <gpxtpx:TrackPointExtension>
            <gpxtpx:hr>100</gpxtpx:hr>
            <gpxtpx:cad>88</gpxtpx:cad>
          </gpxtpx:TrackPointExtension>
        </extensions>
      </trkpt>
      <trkpt lat="43.329045" lon="-1.834424">
        <ele>20.0</ele>
        <time>2026-09-06T11:32:34Z</time>
        <extensions>
          <power>104</power>
          <gpxtpx:TrackPointExtension>
            <gpxtpx:hr>100</gpxtpx:hr>
            <gpxtpx:cad>88</gpxtpx:cad>
          </gpxtpx:TrackPointExtension>
        </extensions>
      </trkpt>
      <trkpt lat="43.329045" lon="-1.834424">
        <ele>20.0</ele>
        <time>2026-09-06T11:32:35Z</time>
        <extensions>
          <power>107</power>
          <gpxtpx:TrackPointExtension>
            <gpxtpx:hr>100</gpxtpx:hr>
            <gpxtpx:cad>89</gpxtpx:cad>
          </gpxtpx:TrackPointExtension>
        </extensions>
      </trkpt>
      <trkpt lat="43.329045" lon="-1.834424">
        <ele>20.0</ele>
        <time>2026-09-06T11:32:36Z</time>
        <extensions>
          <power>101</power>
          <gpxtpx:TrackPointExtension>
            <gpxtpx:hr>101</gpxtpx:hr>
            <gpxtpx:cad>90</gpxtpx:cad>
          </gpxtpx:TrackPointExtension>
        </extensions>
      </trkpt>
      <trkpt lat="43.328936" lon="-1.833672">
        <ele>20.8</ele>
        <time>2026-09-06T11:32:37Z</time>
        <extensions>
          <power>93</power>
          <gpxtpx:TrackPointExtension>
            <gpxtpx:hr>101</gpxtpx:hr>
            <gpxtpx:cad>88</gpxtpx:cad>
          </gpxtpx:TrackPointExtension>
        </extensions>
      </trkpt>
      <trkpt lat="43.328936" lon="-1.833672">
        <ele>20.8</ele>
        <time>2026-09-06T11:32:38Z</time>
        <extensions>
          <power>101</power>
          <gpxtpx:TrackPointExtension>
            <gpxtpx:hr>101</gpxtpx:hr>
            <gpxtpx:cad>89</gpxtpx:cad>
          </gpxtpx:TrackPointExtension>
        </extensions>
      </trkpt>
      <trkpt lat="43.328936" lon="-1.833672">
        <ele>20.8</ele>
        <time>2026-09-06T11:32:39Z</time>
        <extensions>
          <power>111</power>
          <gpxtpx:TrackPointExtension>
            <gpxtpx:hr>101</gpxtpx:hr>
            <gpxtpx:cad>89</gpxtpx:cad>
          </gpxtpx:TrackPointExtension>
        </extensions>
      </trkpt>
      <trkpt lat="43.328936" lon="-1.833672">
        <ele>20.8</ele>
        <time>2026-09-06T11:32:40Z</time>
        <extensions>
          <power>103</power>
          <gpxtpx:TrackPointExtension>
            <gpxtpx:hr>101</gpxtpx:hr>
            <gpxtpx:cad>89</gpxtpx:cad>
          </gpxtpx:TrackPointExtension>
        </extensions>
      </trkpt>
      <trkpt lat="43.328936" lon="-1.833672">
        <ele>20.8</ele>
        <time>2026-09-06T11:32:41Z</time>
        <extensions>
          <power>95</power>
          <gpxtpx:TrackPointExtension>
            <gpxtpx:hr>101</gpxtpx:hr>
            <gpxtpx:cad>89</gpxtpx:cad>
          </gpxtpx:TrackPointExtension>
        </extensions>
      </trkpt>
      <trkpt lat="43.328936" lon="-1.833672">
        <ele>20.8</ele>
        <time>2026-09-06T11:32:42Z</time>
        <extensions>
          <power>112</power>
          <gpxtpx:TrackPointExtension>
            <gpxtpx:hr>101</gpxtpx:hr>
            <gpxtpx:cad>92</gpxtpx:cad>
          </gpxtpx:TrackPointExtension>
        </extensions>
      </trkpt>
      <trkpt lat="43.328936" lon="-1.833672">
        <ele>20.8</ele>
        <time>2026-09-06T11:32:43Z</time>
        <extensions>
          <power>187</power>
          <gpxtpx:TrackPointExtension>
            <gpxtpx:hr>101</gpxtpx:hr>
            <gpxtpx:cad>91</gpxtpx:cad>
          </gpxtpx:TrackPointExtension>
        </extensions>
      </trkpt>
      <trkpt lat="43.328936" lon="-1.833672">
        <ele>20.8</ele>
        <time>2026-09-06T11:32:44Z</time>
        <extensions>
          <power>219</power>
          <gpxtpx:TrackPointExtension>
            <gpxtpx:hr>101</gpxtpx:hr>
            <gpxtpx:cad>89</gpxtpx:cad>
          </gpxtpx:TrackPointExtension>
        </extensions>
      </trkpt>
      <trkpt lat="43.328890" lon="-1.833325">
        <ele>21.6</ele>
        <time>2026-09-06T11:32:45Z</time>
        <extensions>
          <power>277</power>
          <gpxtpx:TrackPointExtension>
            <gpxtpx:hr>101</gpxtpx:hr>
            <gpxtpx:cad>83</gpxtpx:cad>
          </gpxtpx:TrackPointExtension>
        </extensions>
      </trkpt>
      <trkpt lat="43.328890" lon="-1.833325">
        <ele>21.6</ele>
        <time>2026-09-06T11:32:46Z</time>
        <extensions>
          <power>259</power>
          <gpxtpx:TrackPointExtension>
            <gpxtpx:hr>101</gpxtpx:hr>
            <gpxtpx:cad>83</gpxtpx:cad>
          </gpxtpx:TrackPointExtension>
        </extensions>
      </trkpt>
      <trkpt lat="43.328890" lon="-1.833325">
        <ele>21.6</ele>
        <time>2026-09-06T11:32:47Z</time>
        <extensions>
          <power>290</power>
          <gpxtpx:TrackPointExtension>
            <gpxtpx:hr>101</gpxtpx:hr>
            <gpxtpx:cad>81</gpxtpx:cad>
          </gpxtpx:TrackPointExtension>
        </extensions>
      </trkpt>
      <trkpt lat="43.328890" lon="-1.833325">
        <ele>21.6</ele>
        <time>2026-09-06T11:32:48Z</time>
        <extensions>
          <power>324</power>
          <gpxtpx:TrackPointExtension>
            <gpxtpx:hr>101</gpxtpx:hr>
            <gpxtpx:cad>77</gpxtpx:cad>
          </gpxtpx:TrackPointExtension>
        </extensions>
      </trkpt>
      <trkpt lat="43.328835" lon="-1.832854">
        <ele>22.6</ele>
        <time>2026-09-06T11:32:49Z</time>
        <extensions>
          <power>358</power>
          <gpxtpx:TrackPointExtension>
            <gpxtpx:hr>102</gpxtpx:hr>
            <gpxtpx:cad>75</gpxtpx:cad>
          </gpxtpx:TrackPointExtension>
        </extensions>
      </trkpt>
      <trkpt lat="43.328835" lon="-1.832854">
        <ele>22.6</ele>
        <time>2026-09-06T11:32:50Z</time>
        <extensions>
          <power>333</power>
          <gpxtpx:TrackPointExtension>
            <gpxtpx:hr>102</gpxtpx:hr>
            <gpxtpx:cad>74</gpxtpx:cad>
          </gpxtpx:TrackPointExtension>
        </extensions>
      </trkpt>
      <trkpt lat="43.328835" lon="-1.832854">
        <ele>22.6</ele>
        <time>2026-09-06T11:32:51Z</time>
        <extensions>
          <power>334</power>
          <gpxtpx:TrackPointExtension>
            <gpxtpx:hr>102</gpxtpx:hr>
            <gpxtpx:cad>75</gpxtpx:cad>
          </gpxtpx:TrackPointExtension>
        </extensions>
      </trkpt>
      <trkpt lat="43.328835" lon="-1.832854">
        <ele>22.6</ele>
        <time>2026-09-06T11:32:52Z</time>
        <extensions>
          <power>293</power>
          <gpxtpx:TrackPointExtension>
            <gpxtpx:hr>103</gpxtpx:hr>
            <gpxtpx:cad>79</gpxtpx:cad>
          </gpxtpx:TrackPointExtension>
        </extensions>
      </trkpt>
      <trkpt lat="43.328835" lon="-1.832854">
        <ele>22.6</ele>
        <time>2026-09-06T11:32:53Z</time>
        <extensions>
          <power>266</power>
          <gpxtpx:TrackPointExtension>
            <gpxtpx:hr>103</gpxtpx:hr>
            <gpxtpx:cad>80</gpxtpx:cad>
          </gpxtpx:TrackPointExtension>
        </extensions>
      </trkpt>
      <trkpt lat="43.328820" lon="-1.832706">
        <ele>23.2</ele>
        <time>2026-09-06T11:32:54Z</time>
        <extensions>
          <power>225</power>
          <gpxtpx:TrackPointExtension>
            <gpxtpx:hr>103</gpxtpx:hr>
            <gpxtpx:cad>82</gpxtpx:cad>
          </gpxtpx:TrackPointExtension>
        </extensions>
      </trkpt>
      <trkpt lat="43.328820" lon="-1.832706">
        <ele>23.2</ele>
        <time>2026-09-06T11:32:55Z</time>
        <extensions>
          <power>204</power>
          <gpxtpx:TrackPointExtension>
            <gpxtpx:hr>104</gpxtpx:hr>
            <gpxtpx:cad>83</gpxtpx:cad>
          </gpxtpx:TrackPointExtension>
        </extensions>
      </trkpt>
      <trkpt lat="43.328797" lon="-1.832422">
        <ele>24.4</ele>
        <time>2026-09-06T11:32:56Z</time>
        <extensions>
          <power>212</power>
          <gpxtpx:TrackPointExtension>
            <gpxtpx:hr>105</gpxtpx:hr>
            <gpxtpx:cad>83</gpxtpx:cad>
          </gpxtpx:TrackPointExtension>
        </extensions>
      </trkpt>
      <trkpt lat="43.328797" lon="-1.832422">
        <ele>24.4</ele>
        <time>2026-09-06T11:32:57Z</time>
        <extensions>
          <power>235</power>
          <gpxtpx:TrackPointExtension>
            <gpxtpx:hr>105</gpxtpx:hr>
            <gpxtpx:cad>82</gpxtpx:cad>
          </gpxtpx:TrackPointExtension>
        </extensions>
      </trkpt>
      <trkpt lat="43.328797" lon="-1.832422">
        <ele>24.4</ele>
        <time>2026-09-06T11:32:58Z</time>
        <extensions>
          <power>283</power>
          <gpxtpx:TrackPointExtension>
            <gpxtpx:hr>106</gpxtpx:hr>
            <gpxtpx:cad>81</gpxtpx:cad>
          </gpxtpx:TrackPointExtension>
        </extensions>
      </trkpt>
      <trkpt lat="43.328773" lon="-1.832150">
        <ele>25.2</ele>
        <time>2026-09-06T11:32:59Z</time>
        <extensions>
          <power>284</power>
          <gpxtpx:TrackPointExtension>
            <gpxtpx:hr>107</gpxtpx:hr>
            <gpxtpx:cad>80</gpxtpx:cad>
          </gpxtpx:TrackPointExtension>
        </extensions>
      </trkpt>
      <trkpt lat="43.328773" lon="-1.832150">
        <ele>25.2</ele>
        <time>2026-09-06T11:33:00Z</time>
        <extensions>
          <power>276</power>
          <gpxtpx:TrackPointExtension>
            <gpxtpx:hr>107</gpxtpx:hr>
            <gpxtpx:cad>80</gpxtpx:cad>
          </gpxtpx:TrackPointExtension>
        </extensions>
      </trkpt>
      <trkpt lat="43.328773" lon="-1.832150">
        <ele>25.2</ele>
        <time>2026-09-06T11:33:01Z</time>
        <extensions>
          <power>249</power>
          <gpxtpx:TrackPointExtension>
            <gpxtpx:hr>108</gpxtpx:hr>
            <gpxtpx:cad>81</gpxtpx:cad>
          </gpxtpx:TrackPointExtension>
        </extensions>
      </trkpt>
      <trkpt lat="43.328760" lon="-1.832022">
        <ele>25.6</ele>
        <time>2026-09-06T11:33:02Z</time>
        <extensions>
          <power>239</power>
          <gpxtpx:TrackPointExtension>
            <gpxtpx:hr>109</gpxtpx:hr>
            <gpxtpx:cad>82</gpxtpx:cad>
          </gpxtpx:TrackPointExtension>
        </extensions>
      </trkpt>
      <trkpt lat="43.328742" lon="-1.831659">
        <ele>27.2</ele>
        <time>2026-09-06T11:33:03Z</time>
        <extensions>
          <power>245</power>
          <gpxtpx:TrackPointExtension>
            <gpxtpx:hr>109</gpxtpx:hr>
            <gpxtpx:cad>82</gpxtpx:cad>
          </gpxtpx:TrackPointExtension>
        </extensions>
      </trkpt>
      <trkpt lat="43.328742" lon="-1.831659">
        <ele>27.2</ele>
        <time>2026-09-06T11:33:04Z</time>
        <extensions>
          <power>240</power>
          <gpxtpx:TrackPointExtension>
            <gpxtpx:hr>109</gpxtpx:hr>
            <gpxtpx:cad>82</gpxtpx:cad>
          </gpxtpx:TrackPointExtension>
        </extensions>
      </trkpt>
      <trkpt lat="43.328742" lon="-1.831659">
        <ele>27.2</ele>
        <time>2026-09-06T11:33:05Z</time>
        <extensions>
          <power>248</power>
          <gpxtpx:TrackPointExtension>
            <gpxtpx:hr>110</gpxtpx:hr>
            <gpxtpx:cad>81</gpxtpx:cad>
          </gpxtpx:TrackPointExtension>
        </extensions>
      </trkpt>
      <trkpt lat="43.328742" lon="-1.831659">
        <ele>27.2</ele>
        <time>2026-09-06T11:33:06Z</time>
        <extensions>
          <power>260</power>
          <gpxtpx:TrackPointExtension>
            <gpxtpx:hr>110</gpxtpx:hr>
            <gpxtpx:cad>80</gpxtpx:cad>
          </gpxtpx:TrackPointExtension>
        </extensions>
      </trkpt>
      <trkpt lat="43.328747" lon="-1.831542">
        <ele>27.6</ele>
        <time>2026-09-06T11:33:07Z</time>
        <extensions>
          <power>291</power>
          <gpxtpx:TrackPointExtension>
            <gpxtpx:hr>111</gpxtpx:hr>
            <gpxtpx:cad>79</gpxtpx:cad>
          </gpxtpx:TrackPointExtension>
        </extensions>
      </trkpt>
      <trkpt lat="43.328747" lon="-1.831542">
        <ele>27.6</ele>
        <time>2026-09-06T11:33:08Z</time>
        <extensions>
          <power>301</power>
          <gpxtpx:TrackPointExtension>
            <gpxtpx:hr>111</gpxtpx:hr>
            <gpxtpx:cad>79</gpxtpx:cad>
          </gpxtpx:TrackPointExtension>
        </extensions>
      </trkpt>
      <trkpt lat="43.328765" lon="-1.831311">
        <ele>28.2</ele>
        <time>2026-09-06T11:33:09Z</time>
        <extensions>
          <power>284</power>
          <gpxtpx:TrackPointExtension>
            <gpxtpx:hr>112</gpxtpx:hr>
            <gpxtpx:cad>80</gpxtpx:cad>
          </gpxtpx:TrackPointExtension>
        </extensions>
      </trkpt>
      <trkpt lat="43.328765" lon="-1.831311">
        <ele>28.2</ele>
        <time>2026-09-06T11:33:10Z</time>
        <extensions>
          <power>260</power>
          <gpxtpx:TrackPointExtension>
            <gpxtpx:hr>112</gpxtpx:hr>
            <gpxtpx:cad>81</gpxtpx:cad>
          </gpxtpx:TrackPointExtension>
        </extensions>
      </trkpt>
      <trkpt lat="43.328808" lon="-1.830980">
        <ele>29.6</ele>
        <time>2026-09-06T11:33:11Z</time>
        <extensions>
          <power>241</power>
          <gpxtpx:TrackPointExtension>
            <gpxtpx:hr>112</gpxtpx:hr>
            <gpxtpx:cad>82</gpxtpx:cad>
          </gpxtpx:TrackPointExtension>
        </extensions>
      </trkpt>
      <trkpt lat="43.328808" lon="-1.830980">
        <ele>29.6</ele>
        <time>2026-09-06T11:33:12Z</time>
        <extensions>
          <power>212</power>
          <gpxtpx:TrackPointExtension>
            <gpxtpx:hr>113</gpxtpx:hr>
            <gpxtpx:cad>83</gpxtpx:cad>
          </gpxtpx:TrackPointExtension>
        </extensions>
      </trkpt>
      <trkpt lat="43.328808" lon="-1.830980">
        <ele>29.6</ele>
        <time>2026-09-06T11:33:13Z</time>
        <extensions>
          <power>242</power>
          <gpxtpx:TrackPointExtension>
            <gpxtpx:hr>113</gpxtpx:hr>
            <gpxtpx:cad>82</gpxtpx:cad>
          </gpxtpx:TrackPointExtension>
        </extensions>
      </trkpt>
      <trkpt lat="43.328808" lon="-1.830980">
        <ele>29.6</ele>
        <time>2026-09-06T11:33:14Z</time>
        <extensions>
          <power>250</power>
          <gpxtpx:TrackPointExtension>
            <gpxtpx:hr>113</gpxtpx:hr>
            <gpxtpx:cad>81</gpxtpx:cad>
          </gpxtpx:TrackPointExtension>
        </extensions>
      </trkpt>
      <trkpt lat="43.328825" lon="-1.830874">
        <ele>29.6</ele>
        <time>2026-09-06T11:33:15Z</time>
        <extensions>
          <power>288</power>
          <gpxtpx:TrackPointExtension>
            <gpxtpx:hr>114</gpxtpx:hr>
            <gpxtpx:cad>80</gpxtpx:cad>
          </gpxtpx:TrackPointExtension>
        </extensions>
      </trkpt>
      <trkpt lat="43.328890" lon="-1.830573">
        <ele>30.0</ele>
        <time>2026-09-06T11:33:16Z</time>
        <extensions>
          <power>263</power>
          <gpxtpx:TrackPointExtension>
            <gpxtpx:hr>114</gpxtpx:hr>
            <gpxtpx:cad>80</gpxtpx:cad>
          </gpxtpx:TrackPointExtension>
        </extensions>
      </trkpt>
      <trkpt lat="43.328890" lon="-1.830573">
        <ele>30.0</ele>
        <time>2026-09-06T11:33:17Z</time>
        <extensions>
          <power>261</power>
          <gpxtpx:TrackPointExtension>
            <gpxtpx:hr>115</gpxtpx:hr>
            <gpxtpx:cad>82</gpxtpx:cad>
          </gpxtpx:TrackPointExtension>
        </extensions>
      </trkpt>
      <trkpt lat="43.328890" lon="-1.830573">
        <ele>30.0</ele>
        <time>2026-09-06T11:33:18Z</time>
        <extensions>
          <power>197</power>
          <gpxtpx:TrackPointExtension>
            <gpxtpx:hr>116</gpxtpx:hr>
            <gpxtpx:cad>82</gpxtpx:cad>
          </gpxtpx:TrackPointExtension>
        </extensions>
      </trkpt>
      <trkpt lat="43.328890" lon="-1.830573">
        <ele>30.0</ele>
        <time>2026-09-06T11:33:19Z</time>
        <extensions>
          <power>176</power>
          <gpxtpx:TrackPointExtension>
            <gpxtpx:hr>116</gpxtpx:hr>
            <gpxtpx:cad>85</gpxtpx:cad>
          </gpxtpx:TrackPointExtension>
        </extensions>
      </trkpt>
      <trkpt lat="43.328977" lon="-1.830282">
        <ele>30.8</ele>
        <time>2026-09-06T11:33:20Z</time>
        <extensions>
          <power>144</power>
          <gpxtpx:TrackPointExtension>
            <gpxtpx:hr>117</gpxtpx:hr>
            <gpxtpx:cad>87</gpxtpx:cad>
          </gpxtpx:TrackPointExtension>
        </extensions>
      </trkpt>
      <trkpt lat="43.328977" lon="-1.830282">
        <ele>30.8</ele>
        <time>2026-09-06T11:33:21Z</time>
        <extensions>
          <power>142</power>
          <gpxtpx:TrackPointExtension>
            <gpxtpx:hr>117</gpxtpx:hr>
            <gpxtpx:cad>84</gpxtpx:cad>
          </gpxtpx:TrackPointExtension>
        </extensions>
      </trkpt>
      <trkpt lat="43.328977" lon="-1.830282">
        <ele>30.8</ele>
        <time>2026-09-06T11:33:22Z</time>
        <extensions>
          <power>184</power>
          <gpxtpx:TrackPointExtension>
            <gpxtpx:hr>117</gpxtpx:hr>
            <gpxtpx:cad>82</gpxtpx:cad>
          </gpxtpx:TrackPointExtension>
        </extensions>
      </trkpt>
      <trkpt lat="43.329081" lon="-1.829997">
        <ele>31.2</ele>
        <time>2026-09-06T11:33:23Z</time>
        <extensions>
          <power>236</power>
          <gpxtpx:TrackPointExtension>
            <gpxtpx:hr>117</gpxtpx:hr>
            <gpxtpx:cad>82</gpxtpx:cad>
          </gpxtpx:TrackPointExtension>
        </extensions>
      </trkpt>
      <trkpt lat="43.329081" lon="-1.829997">
        <ele>31.2</ele>
        <time>2026-09-06T11:33:24Z</time>
        <extensions>
          <power>217</power>
          <gpxtpx:TrackPointExtension>
            <gpxtpx:hr>118</gpxtpx:hr>
            <gpxtpx:cad>81</gpxtpx:cad>
          </gpxtpx:TrackPointExtension>
        </extensions>
      </trkpt>
      <trkpt lat="43.329081" lon="-1.829997">
        <ele>31.2</ele>
        <time>2026-09-06T11:33:25Z</time>
        <extensions>
          <power>174</power>
          <gpxtpx:TrackPointExtension>
            <gpxtpx:hr>119</gpxtpx:hr>
            <gpxtpx:cad>84</gpxtpx:cad>
          </gpxtpx:TrackPointExtension>
        </extensions>
      </trkpt>
      <trkpt lat="43.329258" lon="-1.829635">
        <ele>30.6</ele>
        <time>2026-09-06T11:33:26Z</time>
        <extensions>
          <power>161</power>
          <gpxtpx:TrackPointExtension>
            <gpxtpx:hr>120</gpxtpx:hr>
            <gpxtpx:cad>84</gpxtpx:cad>
          </gpxtpx:TrackPointExtension>
        </extensions>
      </trkpt>
      <trkpt lat="43.329258" lon="-1.829635">
        <ele>30.6</ele>
        <time>2026-09-06T11:33:27Z</time>
        <extensions>
          <power>160</power>
          <gpxtpx:TrackPointExtension>
            <gpxtpx:hr>120</gpxtpx:hr>
            <gpxtpx:cad>84</gpxtpx:cad>
          </gpxtpx:TrackPointExtension>
        </extensions>
      </trkpt>
      <trkpt lat="43.329258" lon="-1.829635">
        <ele>30.6</ele>
        <time>2026-09-06T11:33:28Z</time>
        <extensions>
          <power>149</power>
          <gpxtpx:TrackPointExtension>
            <gpxtpx:hr>121</gpxtpx:hr>
            <gpxtpx:cad>83</gpxtpx:cad>
          </gpxtpx:TrackPointExtension>
        </extensions>
      </trkpt>
      <trkpt lat="43.329258" lon="-1.829635">
        <ele>30.6</ele>
        <time>2026-09-06T11:33:29Z</time>
        <extensions>
          <power>130</power>
          <gpxtpx:TrackPointExtension>
            <gpxtpx:hr>122</gpxtpx:hr>
            <gpxtpx:cad>83</gpxtpx:cad>
          </gpxtpx:TrackPointExtension>
        </extensions>
      </trkpt>
      <trkpt lat="43.329258" lon="-1.829635">
        <ele>30.6</ele>
        <time>2026-09-06T11:33:30Z</time>
        <extensions>
          <power>112</power>
          <gpxtpx:TrackPointExtension>
            <gpxtpx:hr>122</gpxtpx:hr>
            <gpxtpx:cad>86</gpxtpx:cad>
          </gpxtpx:TrackPointExtension>
        </extensions>
      </trkpt>
      <trkpt lat="43.329419" lon="-1.829348">
        <ele>29.6</ele>
        <time>2026-09-06T11:33:31Z</time>
        <extensions>
          <power>108</power>
          <gpxtpx:TrackPointExtension>
            <gpxtpx:hr>123</gpxtpx:hr>
            <gpxtpx:cad>88</gpxtpx:cad>
          </gpxtpx:TrackPointExtension>
        </extensions>
      </trkpt>
      <trkpt lat="43.329419" lon="-1.829348">
        <ele>29.6</ele>
        <time>2026-09-06T11:33:32Z</time>
        <extensions>
          <power>103</power>
          <gpxtpx:TrackPointExtension>
            <gpxtpx:hr>123</gpxtpx:hr>
            <gpxtpx:cad>88</gpxtpx:cad>
          </gpxtpx:TrackPointExtension>
        </extensions>
      </trkpt>
      <trkpt lat="43.329419" lon="-1.829348">
        <ele>29.6</ele>
        <time>2026-09-06T11:33:33Z</time>
        <extensions>
          <power>109</power>
          <gpxtpx:TrackPointExtension>
            <gpxtpx:hr>123</gpxtpx:hr>
            <gpxtpx:cad>89</gpxtpx:cad>
          </gpxtpx:TrackPointExtension>
        </extensions>
      </trkpt>
      <trkpt lat="43.329419" lon="-1.829348">
        <ele>29.6</ele>
        <time>2026-09-06T11:33:34Z</time>
        <extensions>
          <power>110</power>
          <gpxtpx:TrackPointExtension>
            <gpxtpx:hr>124</gpxtpx:hr>
            <gpxtpx:cad>91</gpxtpx:cad>
          </gpxtpx:TrackPointExtension>
        </extensions>
      </trkpt>
      <trkpt lat="43.329588" lon="-1.829032">
        <ele>28.4</ele>
        <time>2026-09-06T11:33:35Z</time>
        <extensions>
          <power>105</power>
          <gpxtpx:TrackPointExtension>
            <gpxtpx:hr>124</gpxtpx:hr>
            <gpxtpx:cad>91</gpxtpx:cad>
          </gpxtpx:TrackPointExtension>
        </extensions>
      </trkpt>
      <trkpt lat="43.329588" lon="-1.829032">
        <ele>28.4</ele>
        <time>2026-09-06T11:33:36Z</time>
        <extensions>
          <power>100</power>
          <gpxtpx:TrackPointExtension>
            <gpxtpx:hr>125</gpxtpx:hr>
            <gpxtpx:cad>90</gpxtpx:cad>
          </gpxtpx:TrackPointExtension>
        </extensions>
      </trkpt>
      <trkpt lat="43.329588" lon="-1.829032">
        <ele>28.4</ele>
        <time>2026-09-06T11:33:37Z</time>
        <extensions>
          <power>105</power>
          <gpxtpx:TrackPointExtension>
            <gpxtpx:hr>125</gpxtpx:hr>
            <gpxtpx:cad>90</gpxtpx:cad>
          </gpxtpx:TrackPointExtension>
        </extensions>
      </trkpt>
      <trkpt lat="43.329634" lon="-1.828914">
        <ele>27.8</ele>
        <time>2026-09-06T11:33:38Z</time>
        <extensions>
          <power>103</power>
          <gpxtpx:TrackPointExtension>
            <gpxtpx:hr>125</gpxtpx:hr>
            <gpxtpx:cad>91</gpxtpx:cad>
          </gpxtpx:TrackPointExtension>
        </extensions>
      </trkpt>
      <trkpt lat="43.329634" lon="-1.828914">
        <ele>27.8</ele>
        <time>2026-09-06T11:33:39Z</time>
        <extensions>
          <power>96</power>
          <gpxtpx:TrackPointExtension>
            <gpxtpx:hr>125</gpxtpx:hr>
            <gpxtpx:cad>90</gpxtpx:cad>
          </gpxtpx:TrackPointExtension>
        </extensions>
      </trkpt>
      <trkpt lat="43.329713" lon="-1.828663">
        <ele>27.0</ele>
        <time>2026-09-06T11:33:40Z</time>
        <extensions>
          <power>109</power>
          <gpxtpx:TrackPointExtension>
            <gpxtpx:hr>125</gpxtpx:hr>
            <gpxtpx:cad>90</gpxtpx:cad>
          </gpxtpx:TrackPointExtension>
        </extensions>
      </trkpt>
      <trkpt lat="43.329713" lon="-1.828663">
        <ele>27.0</ele>
        <time>2026-09-06T11:33:41Z</time>
        <extensions>
          <power>105</power>
          <gpxtpx:TrackPointExtension>
            <gpxtpx:hr>125</gpxtpx:hr>
            <gpxtpx:cad>91</gpxtpx:cad>
          </gpxtpx:TrackPointExtension>
        </extensions>
      </trkpt>
      <trkpt lat="43.329743" lon="-1.828532">
        <ele>26.6</ele>
        <time>2026-09-06T11:33:42Z</time>
        <extensions>
          <power>97</power>
          <gpxtpx:TrackPointExtension>
            <gpxtpx:hr>125</gpxtpx:hr>
            <gpxtpx:cad>90</gpxtpx:cad>
          </gpxtpx:TrackPointExtension>
        </extensions>
      </trkpt>
      <trkpt lat="43.329743" lon="-1.828532">
        <ele>26.6</ele>
        <time>2026-09-06T11:33:43Z</time>
        <extensions>
          <power>100</power>
          <gpxtpx:TrackPointExtension>
            <gpxtpx:hr>125</gpxtpx:hr>
            <gpxtpx:cad>91</gpxtpx:cad>
          </gpxtpx:TrackPointExtension>
        </extensions>
      </trkpt>
      <trkpt lat="43.329766" lon="-1.828396">
        <ele>25.6</ele>
        <time>2026-09-06T11:33:44Z</time>
        <extensions>
          <power>101</power>
          <gpxtpx:TrackPointExtension>
            <gpxtpx:hr>125</gpxtpx:hr>
            <gpxtpx:cad>91</gpxtpx:cad>
          </gpxtpx:TrackPointExtension>
        </extensions>
      </trkpt>
      <trkpt lat="43.329784" lon="-1.828256">
        <ele>25.2</ele>
        <time>2026-09-06T11:33:45Z</time>
        <extensions>
          <power>105</power>
          <gpxtpx:TrackPointExtension>
            <gpxtpx:hr>124</gpxtpx:hr>
            <gpxtpx:cad>90</gpxtpx:cad>
          </gpxtpx:TrackPointExtension>
        </extensions>
      </trkpt>
      <trkpt lat="43.329784" lon="-1.828256">
        <ele>25.2</ele>
        <time>2026-09-06T11:33:46Z</time>
        <extensions>
          <power>105</power>
          <gpxtpx:TrackPointExtension>
            <gpxtpx:hr>124</gpxtpx:hr>
            <gpxtpx:cad>90</gpxtpx:cad>
          </gpxtpx:TrackPointExtension>
        </extensions>
      </trkpt>
      <trkpt lat="43.329822" lon="-1.827971">
        <ele>24.4</ele>
        <time>2026-09-06T11:33:47Z</time>
        <extensions>
          <power>105</power>
          <gpxtpx:TrackPointExtension>
            <gpxtpx:hr>123</gpxtpx:hr>
            <gpxtpx:cad>90</gpxtpx:cad>
          </gpxtpx:TrackPointExtension>
        </extensions>
      </trkpt>
      <trkpt lat="43.329822" lon="-1.827971">
        <ele>24.4</ele>
        <time>2026-09-06T11:33:48Z</time>
        <extensions>
          <power>103</power>
          <gpxtpx:TrackPointExtension>
            <gpxtpx:hr>123</gpxtpx:hr>
            <gpxtpx:cad>91</gpxtpx:cad>
          </gpxtpx:TrackPointExtension>
        </extensions>
      </trkpt>
      <trkpt lat="43.329843" lon="-1.827823">
        <ele>23.6</ele>
        <time>2026-09-06T11:33:49Z</time>
        <extensions>
          <power>102</power>
          <gpxtpx:TrackPointExtension>
            <gpxtpx:hr>122</gpxtpx:hr>
            <gpxtpx:cad>90</gpxtpx:cad>
          </gpxtpx:TrackPointExtension>
        </extensions>
      </trkpt>
      <trkpt lat="43.329843" lon="-1.827823">
        <ele>23.6</ele>
        <time>2026-09-06T11:33:50Z</time>
        <extensions>
          <power>102</power>
          <gpxtpx:TrackPointExtension>
            <gpxtpx:hr>122</gpxtpx:hr>
            <gpxtpx:cad>90</gpxtpx:cad>
          </gpxtpx:TrackPointExtension>
        </extensions>
      </trkpt>
      <trkpt lat="43.329863" lon="-1.827673">
        <ele>23.2</ele>
        <time>2026-09-06T11:33:51Z</time>
        <extensions>
          <power>100</power>
          <gpxtpx:TrackPointExtension>
            <gpxtpx:hr>121</gpxtpx:hr>
            <gpxtpx:cad>91</gpxtpx:cad>
          </gpxtpx:TrackPointExtension>
        </extensions>
      </trkpt>
      <trkpt lat="43.329908" lon="-1.827371">
        <ele>22.0</ele>
        <time>2026-09-06T11:33:52Z</time>
        <extensions>
          <power>101</power>
          <gpxtpx:TrackPointExtension>
            <gpxtpx:hr>120</gpxtpx:hr>
            <gpxtpx:cad>91</gpxtpx:cad>
          </gpxtpx:TrackPointExtension>
        </extensions>
      </trkpt>
      <trkpt lat="43.329908" lon="-1.827371">
        <ele>22.0</ele>
        <time>2026-09-06T11:33:53Z</time>
        <extensions>
          <power>96</power>
          <gpxtpx:TrackPointExtension>
            <gpxtpx:hr>119</gpxtpx:hr>
            <gpxtpx:cad>89</gpxtpx:cad>
          </gpxtpx:TrackPointExtension>
        </extensions>
      </trkpt>
      <trkpt lat="43.329908" lon="-1.827371">
        <ele>22.0</ele>
        <time>2026-09-06T11:33:54Z</time>
        <extensions>
          <power>100</power>
          <gpxtpx:TrackPointExtension>
            <gpxtpx:hr>118</gpxtpx:hr>
            <gpxtpx:cad>90</gpxtpx:cad>
          </gpxtpx:TrackPointExtension>
        </extensions>
      </trkpt>
      <trkpt lat="43.329971" lon="-1.827072">
        <ele>20.4</ele>
        <time>2026-09-06T11:33:55Z</time>
        <extensions>
          <power>98</power>
          <gpxtpx:TrackPointExtension>
            <gpxtpx:hr>117</gpxtpx:hr>
            <gpxtpx:cad>90</gpxtpx:cad>
          </gpxtpx:TrackPointExtension>
        </extensions>
      </trkpt>
      <trkpt lat="43.329971" lon="-1.827072">
        <ele>20.4</ele>
        <time>2026-09-06T11:33:56Z</time>
        <extensions>
          <power>101</power>
          <gpxtpx:TrackPointExtension>
            <gpxtpx:hr>117</gpxtpx:hr>
            <gpxtpx:cad>90</gpxtpx:cad>
          </gpxtpx:TrackPointExtension>
        </extensions>
      </trkpt>
      <trkpt lat="43.329971" lon="-1.827072">
        <ele>20.4</ele>
        <time>2026-09-06T11:33:57Z</time>
        <extensions>
          <power>99</power>
          <gpxtpx:TrackPointExtension>
            <gpxtpx:hr>116</gpxtpx:hr>
            <gpxtpx:cad>90</gpxtpx:cad>
          </gpxtpx:TrackPointExtension>
        </extensions>
      </trkpt>
      <trkpt lat="43.329971" lon="-1.827072">
        <ele>20.4</ele>
        <time>2026-09-06T11:33:58Z</time>
        <extensions>
          <power>102</power>
          <gpxtpx:TrackPointExtension>
            <gpxtpx:hr>115</gpxtpx:hr>
            <gpxtpx:cad>90</gpxtpx:cad>
          </gpxtpx:TrackPointExtension>
        </extensions>
      </trkpt>
      <trkpt lat="43.330050" lon="-1.826771">
        <ele>19.0</ele>
        <time>2026-09-06T11:33:59Z</time>
        <extensions>
          <power>107</power>
          <gpxtpx:TrackPointExtension>
            <gpxtpx:hr>115</gpxtpx:hr>
            <gpxtpx:cad>90</gpxtpx:cad>
          </gpxtpx:TrackPointExtension>
        </extensions>
      </trkpt>
      <trkpt lat="43.330050" lon="-1.826771">
        <ele>19.0</ele>
        <time>2026-09-06T11:34:00Z</time>
        <extensions>
          <power>99</power>
          <gpxtpx:TrackPointExtension>
            <gpxtpx:hr>115</gpxtpx:hr>
            <gpxtpx:cad>90</gpxtpx:cad>
          </gpxtpx:TrackPointExtension>
        </extensions>
      </trkpt>
      <trkpt lat="43.330050" lon="-1.826771">
        <ele>19.0</ele>
        <time>2026-09-06T11:34:01Z</time>
        <extensions>
          <power>97</power>
          <gpxtpx:TrackPointExtension>
            <gpxtpx:hr>115</gpxtpx:hr>
            <gpxtpx:cad>90</gpxtpx:cad>
          </gpxtpx:TrackPointExtension>
        </extensions>
      </trkpt>
      <trkpt lat="43.330149" lon="-1.826477">
        <ele>17.8</ele>
        <time>2026-09-06T11:34:02Z</time>
        <extensions>
          <power>107</power>
          <gpxtpx:TrackPointExtension>
            <gpxtpx:hr>114</gpxtpx:hr>
            <gpxtpx:cad>90</gpxtpx:cad>
          </gpxtpx:TrackPointExtension>
        </extensions>
      </trkpt>
      <trkpt lat="43.330149" lon="-1.826477">
        <ele>17.8</ele>
        <time>2026-09-06T11:34:03Z</time>
        <extensions>
          <power>101</power>
          <gpxtpx:TrackPointExtension>
            <gpxtpx:hr>113</gpxtpx:hr>
            <gpxtpx:cad>90</gpxtpx:cad>
          </gpxtpx:TrackPointExtension>
        </extensions>
      </trkpt>
      <trkpt lat="43.330149" lon="-1.826477">
        <ele>17.8</ele>
        <time>2026-09-06T11:34:04Z</time>
        <extensions>
          <power>96</power>
          <gpxtpx:TrackPointExtension>
            <gpxtpx:hr>113</gpxtpx:hr>
            <gpxtpx:cad>90</gpxtpx:cad>
          </gpxtpx:TrackPointExtension>
        </extensions>
      </trkpt>
      <trkpt lat="43.330272" lon="-1.826193">
        <ele>16.6</ele>
        <time>2026-09-06T11:34:05Z</time>
        <extensions>
          <power>106</power>
          <gpxtpx:TrackPointExtension>
            <gpxtpx:hr>112</gpxtpx:hr>
            <gpxtpx:cad>91</gpxtpx:cad>
          </gpxtpx:TrackPointExtension>
        </extensions>
      </trkpt>
      <trkpt lat="43.330272" lon="-1.826193">
        <ele>16.6</ele>
        <time>2026-09-06T11:34:06Z</time>
        <extensions>
          <power>109</power>
          <gpxtpx:TrackPointExtension>
            <gpxtpx:hr>111</gpxtpx:hr>
            <gpxtpx:cad>91</gpxtpx:cad>
          </gpxtpx:TrackPointExtension>
        </extensions>
      </trkpt>
      <trkpt lat="43.330272" lon="-1.826193">
        <ele>16.6</ele>
        <time>2026-09-06T11:34:07Z</time>
        <extensions>
          <power>95</power>
          <gpxtpx:TrackPointExtension>
            <gpxtpx:hr>110</gpxtpx:hr>
            <gpxtpx:cad>90</gpxtpx:cad>
          </gpxtpx:TrackPointExtension>
        </extensions>
      </trkpt>
      <trkpt lat="43.330424" lon="-1.825922">
        <ele>14.8</ele>
        <time>2026-09-06T11:34:08Z</time>
        <extensions>
          <power>103</power>
          <gpxtpx:TrackPointExtension>
            <gpxtpx:hr>109</gpxtpx:hr>
            <gpxtpx:cad>89</gpxtpx:cad>
          </gpxtpx:TrackPointExtension>
        </extensions>
      </trkpt>
      <trkpt lat="43.330424" lon="-1.825922">
        <ele>14.8</ele>
        <time>2026-09-06T11:34:09Z</time>
        <extensions>
          <power>109</power>
          <gpxtpx:TrackPointExtension>
            <gpxtpx:hr>109</gpxtpx:hr>
            <gpxtpx:cad>90</gpxtpx:cad>
          </gpxtpx:TrackPointExtension>
        </extensions>
      </trkpt>
      <trkpt lat="43.330424" lon="-1.825922">
        <ele>14.8</ele>
        <time>2026-09-06T11:34:10Z</time>
        <extensions>
          <power>103</power>
          <gpxtpx:TrackPointExtension>
            <gpxtpx:hr>108</gpxtpx:hr>
            <gpxtpx:cad>90</gpxtpx:cad>
          </gpxtpx:TrackPointExtension>
        </extensions>
      </trkpt>
      <trkpt lat="43.330424" lon="-1.825922">
        <ele>14.8</ele>
        <time>2026-09-06T11:34:11Z</time>
        <extensions>
          <power>103</power>
          <gpxtpx:TrackPointExtension>
            <gpxtpx:hr>108</gpxtpx:hr>
            <gpxtpx:cad>91</gpxtpx:cad>
          </gpxtpx:TrackPointExtension>
        </extensions>
      </trkpt>
      <trkpt lat="43.330509" lon="-1.825793">
        <ele>13.6</ele>
        <time>2026-09-06T11:34:12Z</time>
        <extensions>
          <power>115</power>
          <gpxtpx:TrackPointExtension>
            <gpxtpx:hr>107</gpxtpx:hr>
            <gpxtpx:cad>92</gpxtpx:cad>
          </gpxtpx:TrackPointExtension>
        </extensions>
      </trkpt>
      <trkpt lat="43.330596" lon="-1.825669">
        <ele>12.4</ele>
        <time>2026-09-06T11:34:13Z</time>
        <extensions>
          <power>105</power>
          <gpxtpx:TrackPointExtension>
            <gpxtpx:hr>106</gpxtpx:hr>
            <gpxtpx:cad>91</gpxtpx:cad>
          </gpxtpx:TrackPointExtension>
        </extensions>
      </trkpt>
      <trkpt lat="43.330596" lon="-1.825669">
        <ele>12.4</ele>
        <time>2026-09-06T11:34:14Z</time>
        <extensions>
          <power>97</power>
          <gpxtpx:TrackPointExtension>
            <gpxtpx:hr>106</gpxtpx:hr>
            <gpxtpx:cad>90</gpxtpx:cad>
          </gpxtpx:TrackPointExtension>
        </extensions>
      </trkpt>
      <trkpt lat="43.330771" lon="-1.825425">
        <ele>11.4</ele>
        <time>2026-09-06T11:34:15Z</time>
        <extensions>
          <power>99</power>
          <gpxtpx:TrackPointExtension>
            <gpxtpx:hr>106</gpxtpx:hr>
            <gpxtpx:cad>91</gpxtpx:cad>
          </gpxtpx:TrackPointExtension>
        </extensions>
      </trkpt>
      <trkpt lat="43.330771" lon="-1.825425">
        <ele>11.4</ele>
        <time>2026-09-06T11:34:16Z</time>
        <extensions>
          <power>105</power>
          <gpxtpx:TrackPointExtension>
            <gpxtpx:hr>105</gpxtpx:hr>
            <gpxtpx:cad>91</gpxtpx:cad>
          </gpxtpx:TrackPointExtension>
        </extensions>
      </trkpt>
      <trkpt lat="43.330771" lon="-1.825425">
        <ele>11.4</ele>
        <time>2026-09-06T11:34:17Z</time>
        <extensions>
          <power>109</power>
          <gpxtpx:TrackPointExtension>
            <gpxtpx:hr>105</gpxtpx:hr>
            <gpxtpx:cad>90</gpxtpx:cad>
          </gpxtpx:TrackPointExtension>
        </extensions>
      </trkpt>
      <trkpt lat="43.331110" lon="-1.824960">
        <ele>11.6</ele>
        <time>2026-09-06T11:34:18Z</time>
        <extensions>
          <power>105</power>
          <gpxtpx:TrackPointExtension>
            <gpxtpx:hr>105</gpxtpx:hr>
            <gpxtpx:cad>91</gpxtpx:cad>
          </gpxtpx:TrackPointExtension>
        </extensions>
      </trkpt>
      <trkpt lat="43.331110" lon="-1.824960">
        <ele>11.6</ele>
        <time>2026-09-06T11:34:19Z</time>
        <extensions>
          <power>99</power>
          <gpxtpx:TrackPointExtension>
            <gpxtpx:hr>106</gpxtpx:hr>
            <gpxtpx:cad>91</gpxtpx:cad>
          </gpxtpx:TrackPointExtension>
        </extensions>
      </trkpt>
      <trkpt lat="43.331110" lon="-1.824960">
        <ele>11.6</ele>
        <time>2026-09-06T11:34:20Z</time>
        <extensions>
          <power>103</power>
          <gpxtpx:TrackPointExtension>
            <gpxtpx:hr>105</gpxtpx:hr>
            <gpxtpx:cad>91</gpxtpx:cad>
          </gpxtpx:TrackPointExtension>
        </extensions>
      </trkpt>
      <trkpt lat="43.331110" lon="-1.824960">
        <ele>11.6</ele>
        <time>2026-09-06T11:34:21Z</time>
        <extensions>
          <power>110</power>
          <gpxtpx:TrackPointExtension>
            <gpxtpx:hr>105</gpxtpx:hr>
            <gpxtpx:cad>91</gpxtpx:cad>
          </gpxtpx:TrackPointExtension>
        </extensions>
      </trkpt>
      <trkpt lat="43.331110" lon="-1.824960">
        <ele>11.6</ele>
        <time>2026-09-06T11:34:22Z</time>
        <extensions>
          <power>102</power>
          <gpxtpx:TrackPointExtension>
            <gpxtpx:hr>105</gpxtpx:hr>
            <gpxtpx:cad>90</gpxtpx:cad>
          </gpxtpx:TrackPointExtension>
        </extensions>
      </trkpt>
      <trkpt lat="43.331110" lon="-1.824960">
        <ele>11.6</ele>
        <time>2026-09-06T11:34:23Z</time>
        <extensions>
          <power>96</power>
          <gpxtpx:TrackPointExtension>
            <gpxtpx:hr>105</gpxtpx:hr>
            <gpxtpx:cad>90</gpxtpx:cad>
          </gpxtpx:TrackPointExtension>
        </extensions>
      </trkpt>
      <trkpt lat="43.331110" lon="-1.824960">
        <ele>11.6</ele>
        <time>2026-09-06T11:34:24Z</time>
        <extensions>
          <power>102</power>
          <gpxtpx:TrackPointExtension>
            <gpxtpx:hr>105</gpxtpx:hr>
            <gpxtpx:cad>91</gpxtpx:cad>
          </gpxtpx:TrackPointExtension>
        </extensions>
      </trkpt>
      <trkpt lat="43.331191" lon="-1.824849">
        <ele>11.8</ele>
        <time>2026-09-06T11:34:25Z</time>
        <extensions>
          <power>105</power>
          <gpxtpx:TrackPointExtension>
            <gpxtpx:hr>105</gpxtpx:hr>
            <gpxtpx:cad>90</gpxtpx:cad>
          </gpxtpx:TrackPointExtension>
        </extensions>
      </trkpt>
      <trkpt lat="43.331270" lon="-1.824740">
        <ele>12.0</ele>
        <time>2026-09-06T11:34:26Z</time>
        <extensions>
          <power>99</power>
          <gpxtpx:TrackPointExtension>
            <gpxtpx:hr>105</gpxtpx:hr>
            <gpxtpx:cad>90</gpxtpx:cad>
          </gpxtpx:TrackPointExtension>
        </extensions>
      </trkpt>
      <trkpt lat="43.331270" lon="-1.824740">
        <ele>12.0</ele>
        <time>2026-09-06T11:34:27Z</time>
        <extensions>
          <power>103</power>
          <gpxtpx:TrackPointExtension>
            <gpxtpx:hr>106</gpxtpx:hr>
            <gpxtpx:cad>91</gpxtpx:cad>
          </gpxtpx:TrackPointExtension>
        </extensions>
      </trkpt>
      <trkpt lat="43.331422" lon="-1.824523">
        <ele>12.0</ele>
        <time>2026-09-06T11:34:28Z</time>
        <extensions>
          <power>104</power>
          <gpxtpx:TrackPointExtension>
            <gpxtpx:hr>105</gpxtpx:hr>
            <gpxtpx:cad>91</gpxtpx:cad>
          </gpxtpx:TrackPointExtension>
        </extensions>
      </trkpt>
      <trkpt lat="43.331422" lon="-1.824523">
        <ele>12.0</ele>
        <time>2026-09-06T11:34:29Z</time>
        <extensions>
          <power>112</power>
          <gpxtpx:TrackPointExtension>
            <gpxtpx:hr>105</gpxtpx:hr>
            <gpxtpx:cad>90</gpxtpx:cad>
          </gpxtpx:TrackPointExtension>
        </extensions>
      </trkpt>
      <trkpt lat="43.331422" lon="-1.824523">
        <ele>12.0</ele>
        <time>2026-09-06T11:34:30Z</time>
        <extensions>
          <power>126</power>
          <gpxtpx:TrackPointExtension>
            <gpxtpx:hr>105</gpxtpx:hr>
            <gpxtpx:cad>89</gpxtpx:cad>
          </gpxtpx:TrackPointExtension>
        </extensions>
      </trkpt>
      <trkpt lat="43.331641" lon="-1.824218">
        <ele>12.2</ele>
        <time>2026-09-06T11:34:31Z</time>
        <extensions>
          <power>121</power>
          <gpxtpx:TrackPointExtension>
            <gpxtpx:hr>105</gpxtpx:hr>
            <gpxtpx:cad>89</gpxtpx:cad>
          </gpxtpx:TrackPointExtension>
        </extensions>
      </trkpt>
      <trkpt lat="43.331641" lon="-1.824218">
        <ele>12.2</ele>
        <time>2026-09-06T11:34:32Z</time>
        <extensions>
          <power>154</power>
          <gpxtpx:TrackPointExtension>
            <gpxtpx:hr>104</gpxtpx:hr>
            <gpxtpx:cad>87</gpxtpx:cad>
          </gpxtpx:TrackPointExtension>
        </extensions>
      </trkpt>
      <trkpt lat="43.331641" lon="-1.824218">
        <ele>12.2</ele>
        <time>2026-09-06T11:34:33Z</time>
        <extensions>
          <power>153</power>
          <gpxtpx:TrackPointExtension>
            <gpxtpx:hr>103</gpxtpx:hr>
            <gpxtpx:cad>85</gpxtpx:cad>
          </gpxtpx:TrackPointExtension>
        </extensions>
      </trkpt>
      <trkpt lat="43.331641" lon="-1.824218">
        <ele>12.2</ele>
        <time>2026-09-06T11:34:34Z</time>
        <extensions>
          <power>155</power>
          <gpxtpx:TrackPointExtension>
            <gpxtpx:hr>103</gpxtpx:hr>
            <gpxtpx:cad>84</gpxtpx:cad>
          </gpxtpx:TrackPointExtension>
        </extensions>
      </trkpt>
      <trkpt lat="43.331850" lon="-1.823933">
        <ele>11.8</ele>
        <time>2026-09-06T11:34:35Z</time>
        <extensions>
          <power>152</power>
          <gpxtpx:TrackPointExtension>
            <gpxtpx:hr>103</gpxtpx:hr>
            <gpxtpx:cad>84</gpxtpx:cad>
          </gpxtpx:TrackPointExtension>
        </extensions>
      </trkpt>
      <trkpt lat="43.331850" lon="-1.823933">
        <ele>11.8</ele>
        <time>2026-09-06T11:34:36Z</time>
        <extensions>
          <power>157</power>
          <gpxtpx:TrackPointExtension>
            <gpxtpx:hr>103</gpxtpx:hr>
            <gpxtpx:cad>84</gpxtpx:cad>
          </gpxtpx:TrackPointExtension>
        </extensions>
      </trkpt>
      <trkpt lat="43.331850" lon="-1.823933">
        <ele>11.8</ele>
        <time>2026-09-06T11:34:37Z</time>
        <extensions>
          <power>138</power>
          <gpxtpx:TrackPointExtension>
            <gpxtpx:hr>103</gpxtpx:hr>
            <gpxtpx:cad>83</gpxtpx:cad>
          </gpxtpx:TrackPointExtension>
        </extensions>
      </trkpt>
      <trkpt lat="43.331850" lon="-1.823933">
        <ele>11.8</ele>
        <time>2026-09-06T11:34:38Z</time>
        <extensions>
          <power>126</power>
          <gpxtpx:TrackPointExtension>
            <gpxtpx:hr>102</gpxtpx:hr>
            <gpxtpx:cad>84</gpxtpx:cad>
          </gpxtpx:TrackPointExtension>
        </extensions>
      </trkpt>
      <trkpt lat="43.332056" lon="-1.823665">
        <ele>11.6</ele>
        <time>2026-09-06T11:34:39Z</time>
        <extensions>
          <power>109</power>
          <gpxtpx:TrackPointExtension>
            <gpxtpx:hr>102</gpxtpx:hr>
            <gpxtpx:cad>87</gpxtpx:cad>
          </gpxtpx:TrackPointExtension>
        </extensions>
      </trkpt>
      <trkpt lat="43.332056" lon="-1.823665">
        <ele>11.6</ele>
        <time>2026-09-06T11:34:40Z</time>
        <extensions>
          <power>106</power>
          <gpxtpx:TrackPointExtension>
            <gpxtpx:hr>102</gpxtpx:hr>
            <gpxtpx:cad>87</gpxtpx:cad>
          </gpxtpx:TrackPointExtension>
        </extensions>
      </trkpt>
      <trkpt lat="43.332056" lon="-1.823665">
        <ele>11.6</ele>
        <time>2026-09-06T11:34:41Z</time>
        <extensions>
          <power>103</power>
          <gpxtpx:TrackPointExtension>
            <gpxtpx:hr>102</gpxtpx:hr>
            <gpxtpx:cad>88</gpxtpx:cad>
          </gpxtpx:TrackPointExtension>
        </extensions>
      </trkpt>
      <trkpt lat="43.332056" lon="-1.823665">
        <ele>11.6</ele>
        <time>2026-09-06T11:34:42Z</time>
        <extensions>
          <power>101</power>
          <gpxtpx:TrackPointExtension>
            <gpxtpx:hr>102</gpxtpx:hr>
            <gpxtpx:cad>89</gpxtpx:cad>
          </gpxtpx:TrackPointExtension>
        </extensions>
      </trkpt>
      <trkpt lat="43.332434" lon="-1.823131">
        <ele>12.0</ele>
        <time>2026-09-06T11:34:43Z</time>
        <extensions>
          <power>102</power>
          <gpxtpx:TrackPointExtension>
            <gpxtpx:hr>103</gpxtpx:hr>
            <gpxtpx:cad>89</gpxtpx:cad>
          </gpxtpx:TrackPointExtension>
        </extensions>
      </trkpt>
      <trkpt lat="43.332434" lon="-1.823131">
        <ele>12.0</ele>
        <time>2026-09-06T11:34:44Z</time>
        <extensions>
          <power>109</power>
          <gpxtpx:TrackPointExtension>
            <gpxtpx:hr>103</gpxtpx:hr>
            <gpxtpx:cad>89</gpxtpx:cad>
          </gpxtpx:TrackPointExtension>
        </extensions>
      </trkpt>
      <trkpt lat="43.332434" lon="-1.823131">
        <ele>12.0</ele>
        <time>2026-09-06T11:34:45Z</time>
        <extensions>
          <power>129</power>
          <gpxtpx:TrackPointExtension>
            <gpxtpx:hr>104</gpxtpx:hr>
            <gpxtpx:cad>89</gpxtpx:cad>
          </gpxtpx:TrackPointExtension>
        </extensions>
      </trkpt>
      <trkpt lat="43.332434" lon="-1.823131">
        <ele>12.0</ele>
        <time>2026-09-06T11:34:46Z</time>
        <extensions>
          <power>132</power>
          <gpxtpx:TrackPointExtension>
            <gpxtpx:hr>104</gpxtpx:hr>
            <gpxtpx:cad>88</gpxtpx:cad>
          </gpxtpx:TrackPointExtension>
        </extensions>
      </trkpt>
      <trkpt lat="43.332434" lon="-1.823131">
        <ele>12.0</ele>
        <time>2026-09-06T11:34:47Z</time>
        <extensions>
          <power>133</power>
          <gpxtpx:TrackPointExtension>
            <gpxtpx:hr>105</gpxtpx:hr>
            <gpxtpx:cad>86</gpxtpx:cad>
          </gpxtpx:TrackPointExtension>
        </extensions>
      </trkpt>
      <trkpt lat="43.332434" lon="-1.823131">
        <ele>12.0</ele>
        <time>2026-09-06T11:34:48Z</time>
        <extensions>
          <power>169</power>
          <gpxtpx:TrackPointExtension>
            <gpxtpx:hr>105</gpxtpx:hr>
            <gpxtpx:cad>86</gpxtpx:cad>
          </gpxtpx:TrackPointExtension>
        </extensions>
      </trkpt>
      <trkpt lat="43.332434" lon="-1.823131">
        <ele>12.0</ele>
        <time>2026-09-06T11:34:49Z</time>
        <extensions>
          <power>159</power>
          <gpxtpx:TrackPointExtension>
            <gpxtpx:hr>105</gpxtpx:hr>
            <gpxtpx:cad>83</gpxtpx:cad>
          </gpxtpx:TrackPointExtension>
        </extensions>
      </trkpt>
      <trkpt lat="43.332434" lon="-1.823131">
        <ele>12.0</ele>
        <time>2026-09-06T11:34:50Z</time>
        <extensions>
          <power>164</power>
          <gpxtpx:TrackPointExtension>
            <gpxtpx:hr>106</gpxtpx:hr>
            <gpxtpx:cad>84</gpxtpx:cad>
          </gpxtpx:TrackPointExtension>
        </extensions>
      </trkpt>
      <trkpt lat="43.332561" lon="-1.822965">
        <ele>12.4</ele>
        <time>2026-09-06T11:34:51Z</time>
        <extensions>
          <power>171</power>
          <gpxtpx:TrackPointExtension>
            <gpxtpx:hr>105</gpxtpx:hr>
            <gpxtpx:cad>84</gpxtpx:cad>
          </gpxtpx:TrackPointExtension>
        </extensions>
      </trkpt>
      <trkpt lat="43.332561" lon="-1.822965">
        <ele>12.4</ele>
        <time>2026-09-06T11:34:52Z</time>
        <extensions>
          <power>175</power>
          <gpxtpx:TrackPointExtension>
            <gpxtpx:hr>105</gpxtpx:hr>
            <gpxtpx:cad>83</gpxtpx:cad>
          </gpxtpx:TrackPointExtension>
        </extensions>
      </trkpt>
      <trkpt lat="43.332561" lon="-1.822965">
        <ele>12.4</ele>
        <time>2026-09-06T11:34:53Z</time>
        <extensions>
          <power>222</power>
          <gpxtpx:TrackPointExtension>
            <gpxtpx:hr>105</gpxtpx:hr>
            <gpxtpx:cad>83</gpxtpx:cad>
          </gpxtpx:TrackPointExtension>
        </extensions>
      </trkpt>
      <trkpt lat="43.333016" lon="-1.822445">
        <ele>12.2</ele>
        <time>2026-09-06T11:34:54Z</time>
        <extensions>
          <power>234</power>
          <gpxtpx:TrackPointExtension>
            <gpxtpx:hr>105</gpxtpx:hr>
            <gpxtpx:cad>82</gpxtpx:cad>
          </gpxtpx:TrackPointExtension>
        </extensions>
      </trkpt>
      <trkpt lat="43.333016" lon="-1.822445">
        <ele>12.2</ele>
        <time>2026-09-06T11:34:55Z</time>
        <extensions>
          <power>250</power>
          <gpxtpx:TrackPointExtension>
            <gpxtpx:hr>105</gpxtpx:hr>
            <gpxtpx:cad>81</gpxtpx:cad>
          </gpxtpx:TrackPointExtension>
        </extensions>
      </trkpt>
      <trkpt lat="43.333016" lon="-1.822445">
        <ele>12.2</ele>
        <time>2026-09-06T11:34:56Z</time>
        <extensions>
          <power>231</power>
          <gpxtpx:TrackPointExtension>
            <gpxtpx:hr>105</gpxtpx:hr>
            <gpxtpx:cad>82</gpxtpx:cad>
          </gpxtpx:TrackPointExtension>
        </extensions>
      </trkpt>
      <trkpt lat="43.333016" lon="-1.822445">
        <ele>12.2</ele>
        <time>2026-09-06T11:34:57Z</time>
        <extensions>
          <power>195</power>
          <gpxtpx:TrackPointExtension>
            <gpxtpx:hr>105</gpxtpx:hr>
            <gpxtpx:cad>83</gpxtpx:cad>
          </gpxtpx:TrackPointExtension>
        </extensions>
      </trkpt>
      <trkpt lat="43.333016" lon="-1.822445">
        <ele>12.2</ele>
        <time>2026-09-06T11:34:58Z</time>
        <extensions>
          <power>133</power>
          <gpxtpx:TrackPointExtension>
            <gpxtpx:hr>104</gpxtpx:hr>
            <gpxtpx:cad>86</gpxtpx:cad>
          </gpxtpx:TrackPointExtension>
        </extensions>
      </trkpt>
      <trkpt lat="43.333016" lon="-1.822445">
        <ele>12.2</ele>
        <time>2026-09-06T11:34:59Z</time>
        <extensions>
          <power>139</power>
          <gpxtpx:TrackPointExtension>
            <gpxtpx:hr>104</gpxtpx:hr>
            <gpxtpx:cad>86</gpxtpx:cad>
          </gpxtpx:TrackPointExtension>
        </extensions>
      </trkpt>
      <trkpt lat="43.333016" lon="-1.822445">
        <ele>12.2</ele>
        <time>2026-09-06T11:35:00Z</time>
        <extensions>
          <power>128</power>
          <gpxtpx:TrackPointExtension>
            <gpxtpx:hr>104</gpxtpx:hr>
            <gpxtpx:cad>87</gpxtpx:cad>
          </gpxtpx:TrackPointExtension>
        </extensions>
      </trkpt>
      <trkpt lat="43.333016" lon="-1.822445">
        <ele>12.2</ele>
        <time>2026-09-06T11:35:01Z</time>
        <extensions>
          <power>142</power>
          <gpxtpx:TrackPointExtension>
            <gpxtpx:hr>103</gpxtpx:hr>
            <gpxtpx:cad>88</gpxtpx:cad>
          </gpxtpx:TrackPointExtension>
        </extensions>
      </trkpt>
      <trkpt lat="43.333366" lon="-1.822136">
        <ele>11.8</ele>
        <time>2026-09-06T11:35:02Z</time>
        <extensions>
          <power>121</power>
          <gpxtpx:TrackPointExtension>
            <gpxtpx:hr>103</gpxtpx:hr>
            <gpxtpx:cad>88</gpxtpx:cad>
          </gpxtpx:TrackPointExtension>
        </extensions>
      </trkpt>
      <trkpt lat="43.333366" lon="-1.822136">
        <ele>11.8</ele>
        <time>2026-09-06T11:35:03Z</time>
        <extensions>
          <power>121</power>
          <gpxtpx:TrackPointExtension>
            <gpxtpx:hr>103</gpxtpx:hr>
            <gpxtpx:cad>87</gpxtpx:cad>
          </gpxtpx:TrackPointExtension>
        </extensions>
      </trkpt>
      <trkpt lat="43.333366" lon="-1.822136">
        <ele>11.8</ele>
        <time>2026-09-06T11:35:04Z</time>
        <extensions>
          <power>107</power>
          <gpxtpx:TrackPointExtension>
            <gpxtpx:hr>103</gpxtpx:hr>
            <gpxtpx:cad>86</gpxtpx:cad>
          </gpxtpx:TrackPointExtension>
        </extensions>
      </trkpt>
      <trkpt lat="43.333366" lon="-1.822136">
        <ele>11.8</ele>
        <time>2026-09-06T11:35:05Z</time>
        <extensions>
          <power>104</power>
          <gpxtpx:TrackPointExtension>
            <gpxtpx:hr>104</gpxtpx:hr>
            <gpxtpx:cad>88</gpxtpx:cad>
          </gpxtpx:TrackPointExtension>
        </extensions>
      </trkpt>
      <trkpt lat="43.333366" lon="-1.822136">
        <ele>11.8</ele>
        <time>2026-09-06T11:35:06Z</time>
        <extensions>
          <power>102</power>
          <gpxtpx:TrackPointExtension>
            <gpxtpx:hr>104</gpxtpx:hr>
            <gpxtpx:cad>87</gpxtpx:cad>
          </gpxtpx:TrackPointExtension>
        </extensions>
      </trkpt>
      <trkpt lat="43.333366" lon="-1.822136">
        <ele>11.8</ele>
        <time>2026-09-06T11:35:07Z</time>
        <extensions>
          <power>107</power>
          <gpxtpx:TrackPointExtension>
            <gpxtpx:hr>104</gpxtpx:hr>
            <gpxtpx:cad>87</gpxtpx:cad>
          </gpxtpx:TrackPointExtension>
        </extensions>
      </trkpt>
      <trkpt lat="43.333435" lon="-1.822081">
        <ele>11.8</ele>
        <time>2026-09-06T11:35:08Z</time>
        <extensions>
          <power>102</power>
          <gpxtpx:TrackPointExtension>
            <gpxtpx:hr>104</gpxtpx:hr>
            <gpxtpx:cad>89</gpxtpx:cad>
          </gpxtpx:TrackPointExtension>
        </extensions>
      </trkpt>
      <trkpt lat="43.333722" lon="-1.821885">
        <ele>11.6</ele>
        <time>2026-09-06T11:35:09Z</time>
        <extensions>
          <power>104</power>
          <gpxtpx:TrackPointExtension>
            <gpxtpx:hr>104</gpxtpx:hr>
            <gpxtpx:cad>88</gpxtpx:cad>
          </gpxtpx:TrackPointExtension>
        </extensions>
      </trkpt>
      <trkpt lat="43.333722" lon="-1.821885">
        <ele>11.6</ele>
        <time>2026-09-06T11:35:10Z</time>
        <extensions>
          <power>104</power>
          <gpxtpx:TrackPointExtension>
            <gpxtpx:hr>104</gpxtpx:hr>
            <gpxtpx:cad>88</gpxtpx:cad>
          </gpxtpx:TrackPointExtension>
        </extensions>
      </trkpt>
      <trkpt lat="43.333722" lon="-1.821885">
        <ele>11.6</ele>
        <time>2026-09-06T11:35:11Z</time>
        <extensions>
          <power>126</power>
          <gpxtpx:TrackPointExtension>
            <gpxtpx:hr>104</gpxtpx:hr>
            <gpxtpx:cad>89</gpxtpx:cad>
          </gpxtpx:TrackPointExtension>
        </extensions>
      </trkpt>
      <trkpt lat="43.333722" lon="-1.821885">
        <ele>11.6</ele>
        <time>2026-09-06T11:35:12Z</time>
        <extensions>
          <power>125</power>
          <gpxtpx:TrackPointExtension>
            <gpxtpx:hr>104</gpxtpx:hr>
            <gpxtpx:cad>90</gpxtpx:cad>
          </gpxtpx:TrackPointExtension>
        </extensions>
      </trkpt>
      <trkpt lat="43.333722" lon="-1.821885">
        <ele>11.6</ele>
        <time>2026-09-06T11:35:13Z</time>
        <extensions>
          <power>117</power>
          <gpxtpx:TrackPointExtension>
            <gpxtpx:hr>104</gpxtpx:hr>
            <gpxtpx:cad>87</gpxtpx:cad>
          </gpxtpx:TrackPointExtension>
        </extensions>
      </trkpt>
      <trkpt lat="43.333870" lon="-1.821798">
        <ele>11.4</ele>
        <time>2026-09-06T11:35:14Z</time>
        <extensions>
          <power>103</power>
          <gpxtpx:TrackPointExtension>
            <gpxtpx:hr>104</gpxtpx:hr>
            <gpxtpx:cad>86</gpxtpx:cad>
          </gpxtpx:TrackPointExtension>
        </extensions>
      </trkpt>
      <trkpt lat="43.333870" lon="-1.821798">
        <ele>11.4</ele>
        <time>2026-09-06T11:35:15Z</time>
        <extensions>
          <power>107</power>
          <gpxtpx:TrackPointExtension>
            <gpxtpx:hr>104</gpxtpx:hr>
            <gpxtpx:cad>89</gpxtpx:cad>
          </gpxtpx:TrackPointExtension>
        </extensions>
      </trkpt>
      <trkpt lat="43.334314" lon="-1.821572">
        <ele>11.4</ele>
        <time>2026-09-06T11:35:16Z</time>
        <extensions>
          <power>103</power>
          <gpxtpx:TrackPointExtension>
            <gpxtpx:hr>104</gpxtpx:hr>
            <gpxtpx:cad>90</gpxtpx:cad>
          </gpxtpx:TrackPointExtension>
        </extensions>
      </trkpt>
      <trkpt lat="43.334314" lon="-1.821572">
        <ele>11.4</ele>
        <time>2026-09-06T11:35:17Z</time>
        <extensions>
          <power>103</power>
          <gpxtpx:TrackPointExtension>
            <gpxtpx:hr>104</gpxtpx:hr>
            <gpxtpx:cad>89</gpxtpx:cad>
          </gpxtpx:TrackPointExtension>
        </extensions>
      </trkpt>
      <trkpt lat="43.334314" lon="-1.821572">
        <ele>11.4</ele>
        <time>2026-09-06T11:35:18Z</time>
        <extensions>
          <power>106</power>
          <gpxtpx:TrackPointExtension>
            <gpxtpx:hr>104</gpxtpx:hr>
            <gpxtpx:cad>89</gpxtpx:cad>
          </gpxtpx:TrackPointExtension>
        </extensions>
      </trkpt>
      <trkpt lat="43.334314" lon="-1.821572">
        <ele>11.4</ele>
        <time>2026-09-06T11:35:19Z</time>
        <extensions>
          <power>138</power>
          <gpxtpx:TrackPointExtension>
            <gpxtpx:hr>104</gpxtpx:hr>
            <gpxtpx:cad>90</gpxtpx:cad>
          </gpxtpx:TrackPointExtension>
        </extensions>
      </trkpt>
      <trkpt lat="43.334314" lon="-1.821572">
        <ele>11.4</ele>
        <time>2026-09-06T11:35:20Z</time>
        <extensions>
          <power>150</power>
          <gpxtpx:TrackPointExtension>
            <gpxtpx:hr>104</gpxtpx:hr>
            <gpxtpx:cad>89</gpxtpx:cad>
          </gpxtpx:TrackPointExtension>
        </extensions>
      </trkpt>
      <trkpt lat="43.334314" lon="-1.821572">
        <ele>11.4</ele>
        <time>2026-09-06T11:35:21Z</time>
        <extensions>
          <power>151</power>
          <gpxtpx:TrackPointExtension>
            <gpxtpx:hr>105</gpxtpx:hr>
            <gpxtpx:cad>86</gpxtpx:cad>
          </gpxtpx:TrackPointExtension>
        </extensions>
      </trkpt>
      <trkpt lat="43.334391" lon="-1.821539">
        <ele>11.2</ele>
        <time>2026-09-06T11:35:22Z</time>
        <extensions>
          <power>152</power>
          <gpxtpx:TrackPointExtension>
            <gpxtpx:hr>105</gpxtpx:hr>
            <gpxtpx:cad>86</gpxtpx:cad>
          </gpxtpx:TrackPointExtension>
        </extensions>
      </trkpt>
      <trkpt lat="43.334391" lon="-1.821539">
        <ele>11.2</ele>
        <time>2026-09-06T11:35:23Z</time>
        <extensions>
          <power>141</power>
          <gpxtpx:TrackPointExtension>
            <gpxtpx:hr>105</gpxtpx:hr>
            <gpxtpx:cad>86</gpxtpx:cad>
          </gpxtpx:TrackPointExtension>
        </extensions>
      </trkpt>
      <trkpt lat="43.334859" lon="-1.821394">
        <ele>10.4</ele>
        <time>2026-09-06T11:35:24Z</time>
        <extensions>
          <power>150</power>
          <gpxtpx:TrackPointExtension>
            <gpxtpx:hr>105</gpxtpx:hr>
            <gpxtpx:cad>85</gpxtpx:cad>
          </gpxtpx:TrackPointExtension>
        </extensions>
      </trkpt>
      <trkpt lat="43.334859" lon="-1.821394">
        <ele>10.4</ele>
        <time>2026-09-06T11:35:25Z</time>
        <extensions>
          <power>123</power>
          <gpxtpx:TrackPointExtension>
            <gpxtpx:hr>105</gpxtpx:hr>
            <gpxtpx:cad>85</gpxtpx:cad>
          </gpxtpx:TrackPointExtension>
        </extensions>
      </trkpt>
      <trkpt lat="43.334859" lon="-1.821394">
        <ele>10.4</ele>
        <time>2026-09-06T11:35:26Z</time>
        <extensions>
          <power>103</power>
          <gpxtpx:TrackPointExtension>
            <gpxtpx:hr>105</gpxtpx:hr>
            <gpxtpx:cad>86</gpxtpx:cad>
          </gpxtpx:TrackPointExtension>
        </extensions>
      </trkpt>
      <trkpt lat="43.334859" lon="-1.821394">
        <ele>10.4</ele>
        <time>2026-09-06T11:35:27Z</time>
        <extensions>
          <power>100</power>
          <gpxtpx:TrackPointExtension>
            <gpxtpx:hr>105</gpxtpx:hr>
            <gpxtpx:cad>88</gpxtpx:cad>
          </gpxtpx:TrackPointExtension>
        </extensions>
      </trkpt>
      <trkpt lat="43.334859" lon="-1.821394">
        <ele>10.4</ele>
        <time>2026-09-06T11:35:28Z</time>
        <extensions>
          <power>97</power>
          <gpxtpx:TrackPointExtension>
            <gpxtpx:hr>104</gpxtpx:hr>
            <gpxtpx:cad>89</gpxtpx:cad>
          </gpxtpx:TrackPointExtension>
        </extensions>
      </trkpt>
      <trkpt lat="43.334859" lon="-1.821394">
        <ele>10.4</ele>
        <time>2026-09-06T11:35:29Z</time>
        <extensions>
          <power>97</power>
          <gpxtpx:TrackPointExtension>
            <gpxtpx:hr>104</gpxtpx:hr>
            <gpxtpx:cad>88</gpxtpx:cad>
          </gpxtpx:TrackPointExtension>
        </extensions>
      </trkpt>
      <trkpt lat="43.335426" lon="-1.821319">
        <ele>10.6</ele>
        <time>2026-09-06T11:35:30Z</time>
        <extensions>
          <power>97</power>
          <gpxtpx:TrackPointExtension>
            <gpxtpx:hr>104</gpxtpx:hr>
            <gpxtpx:cad>89</gpxtpx:cad>
          </gpxtpx:TrackPointExtension>
        </extensions>
      </trkpt>
      <trkpt lat="43.335426" lon="-1.821319">
        <ele>10.6</ele>
        <time>2026-09-06T11:35:31Z</time>
        <extensions>
          <power>97</power>
          <gpxtpx:TrackPointExtension>
            <gpxtpx:hr>105</gpxtpx:hr>
            <gpxtpx:cad>89</gpxtpx:cad>
          </gpxtpx:TrackPointExtension>
        </extensions>
      </trkpt>
      <trkpt lat="43.335426" lon="-1.821319">
        <ele>10.6</ele>
        <time>2026-09-06T11:35:32Z</time>
        <extensions>
          <power>106</power>
          <gpxtpx:TrackPointExtension>
            <gpxtpx:hr>105</gpxtpx:hr>
            <gpxtpx:cad>88</gpxtpx:cad>
          </gpxtpx:TrackPointExtension>
        </extensions>
      </trkpt>
      <trkpt lat="43.335426" lon="-1.821319">
        <ele>10.6</ele>
        <time>2026-09-06T11:35:33Z</time>
        <extensions>
          <power>112</power>
          <gpxtpx:TrackPointExtension>
            <gpxtpx:hr>105</gpxtpx:hr>
            <gpxtpx:cad>88</gpxtpx:cad>
          </gpxtpx:TrackPointExtension>
        </extensions>
      </trkpt>
      <trkpt lat="43.335426" lon="-1.821319">
        <ele>10.6</ele>
        <time>2026-09-06T11:35:34Z</time>
        <extensions>
          <power>130</power>
          <gpxtpx:TrackPointExtension>
            <gpxtpx:hr>104</gpxtpx:hr>
            <gpxtpx:cad>87</gpxtpx:cad>
          </gpxtpx:TrackPointExtension>
        </extensions>
      </trkpt>
      <trkpt lat="43.335426" lon="-1.821319">
        <ele>10.6</ele>
        <time>2026-09-06T11:35:35Z</time>
        <extensions>
          <power>121</power>
          <gpxtpx:TrackPointExtension>
            <gpxtpx:hr>104</gpxtpx:hr>
            <gpxtpx:cad>89</gpxtpx:cad>
          </gpxtpx:TrackPointExtension>
        </extensions>
      </trkpt>
      <trkpt lat="43.335426" lon="-1.821319">
        <ele>10.6</ele>
        <time>2026-09-06T11:35:36Z</time>
        <extensions>
          <power>155</power>
          <gpxtpx:TrackPointExtension>
            <gpxtpx:hr>104</gpxtpx:hr>
            <gpxtpx:cad>88</gpxtpx:cad>
          </gpxtpx:TrackPointExtension>
        </extensions>
      </trkpt>
      <trkpt lat="43.335426" lon="-1.821319">
        <ele>10.6</ele>
        <time>2026-09-06T11:35:37Z</time>
        <extensions>
          <power>142</power>
          <gpxtpx:TrackPointExtension>
            <gpxtpx:hr>104</gpxtpx:hr>
            <gpxtpx:cad>86</gpxtpx:cad>
          </gpxtpx:TrackPointExtension>
        </extensions>
      </trkpt>
      <trkpt lat="43.335840" lon="-1.821309">
        <ele>10.4</ele>
        <time>2026-09-06T11:35:38Z</time>
        <extensions>
          <power>154</power>
          <gpxtpx:TrackPointExtension>
            <gpxtpx:hr>104</gpxtpx:hr>
            <gpxtpx:cad>86</gpxtpx:cad>
          </gpxtpx:TrackPointExtension>
        </extensions>
      </trkpt>
      <trkpt lat="43.335840" lon="-1.821309">
        <ele>10.4</ele>
        <time>2026-09-06T11:35:39Z</time>
        <extensions>
          <power>152</power>
          <gpxtpx:TrackPointExtension>
            <gpxtpx:hr>104</gpxtpx:hr>
            <gpxtpx:cad>85</gpxtpx:cad>
          </gpxtpx:TrackPointExtension>
        </extensions>
      </trkpt>
      <trkpt lat="43.335840" lon="-1.821309">
        <ele>10.4</ele>
        <time>2026-09-06T11:35:40Z</time>
        <extensions>
          <power>140</power>
          <gpxtpx:TrackPointExtension>
            <gpxtpx:hr>104</gpxtpx:hr>
            <gpxtpx:cad>84</gpxtpx:cad>
          </gpxtpx:TrackPointExtension>
        </extensions>
      </trkpt>
      <trkpt lat="43.335840" lon="-1.821309">
        <ele>10.4</ele>
        <time>2026-09-06T11:35:41Z</time>
        <extensions>
          <power>126</power>
          <gpxtpx:TrackPointExtension>
            <gpxtpx:hr>104</gpxtpx:hr>
            <gpxtpx:cad>86</gpxtpx:cad>
          </gpxtpx:TrackPointExtension>
        </extensions>
      </trkpt>
      <trkpt lat="43.335840" lon="-1.821309">
        <ele>10.4</ele>
        <time>2026-09-06T11:35:42Z</time>
        <extensions>
          <power>115</power>
          <gpxtpx:TrackPointExtension>
            <gpxtpx:hr>104</gpxtpx:hr>
            <gpxtpx:cad>86</gpxtpx:cad>
          </gpxtpx:TrackPointExtension>
        </extensions>
      </trkpt>
      <trkpt lat="43.335840" lon="-1.821309">
        <ele>10.4</ele>
        <time>2026-09-06T11:35:43Z</time>
        <extensions>
          <power>111</power>
          <gpxtpx:TrackPointExtension>
            <gpxtpx:hr>104</gpxtpx:hr>
            <gpxtpx:cad>86</gpxtpx:cad>
          </gpxtpx:TrackPointExtension>
        </extensions>
      </trkpt>
      <trkpt lat="43.335922" lon="-1.821315">
        <ele>10.0</ele>
        <time>2026-09-06T11:35:44Z</time>
        <extensions>
          <power>107</power>
          <gpxtpx:TrackPointExtension>
            <gpxtpx:hr>104</gpxtpx:hr>
            <gpxtpx:cad>87</gpxtpx:cad>
          </gpxtpx:TrackPointExtension>
        </extensions>
      </trkpt>
      <trkpt lat="43.336489" lon="-1.821389">
        <ele>9.6</ele>
        <time>2026-09-06T11:35:45Z</time>
        <extensions>
          <power>115</power>
          <gpxtpx:TrackPointExtension>
            <gpxtpx:hr>104</gpxtpx:hr>
            <gpxtpx:cad>88</gpxtpx:cad>
          </gpxtpx:TrackPointExtension>
        </extensions>
      </trkpt>
      <trkpt lat="43.336489" lon="-1.821389">
        <ele>9.6</ele>
        <time>2026-09-06T11:35:46Z</time>
        <extensions>
          <power>99</power>
          <gpxtpx:TrackPointExtension>
            <gpxtpx:hr>104</gpxtpx:hr>
            <gpxtpx:cad>87</gpxtpx:cad>
          </gpxtpx:TrackPointExtension>
        </extensions>
      </trkpt>
      <trkpt lat="43.336489" lon="-1.821389">
        <ele>9.6</ele>
        <time>2026-09-06T11:35:47Z</time>
        <extensions>
          <power>99</power>
          <gpxtpx:TrackPointExtension>
            <gpxtpx:hr>104</gpxtpx:hr>
            <gpxtpx:cad>87</gpxtpx:cad>
          </gpxtpx:TrackPointExtension>
        </extensions>
      </trkpt>
      <trkpt lat="43.336489" lon="-1.821389">
        <ele>9.6</ele>
        <time>2026-09-06T11:35:48Z</time>
        <extensions>
          <power>130</power>
          <gpxtpx:TrackPointExtension>
            <gpxtpx:hr>104</gpxtpx:hr>
            <gpxtpx:cad>87</gpxtpx:cad>
          </gpxtpx:TrackPointExtension>
        </extensions>
      </trkpt>
      <trkpt lat="43.336489" lon="-1.821389">
        <ele>9.6</ele>
        <time>2026-09-06T11:35:49Z</time>
        <extensions>
          <power>102</power>
          <gpxtpx:TrackPointExtension>
            <gpxtpx:hr>104</gpxtpx:hr>
            <gpxtpx:cad>88</gpxtpx:cad>
          </gpxtpx:TrackPointExtension>
        </extensions>
      </trkpt>
      <trkpt lat="43.336489" lon="-1.821389">
        <ele>9.6</ele>
        <time>2026-09-06T11:35:50Z</time>
        <extensions>
          <power>95</power>
          <gpxtpx:TrackPointExtension>
            <gpxtpx:hr>104</gpxtpx:hr>
            <gpxtpx:cad>89</gpxtpx:cad>
          </gpxtpx:TrackPointExtension>
        </extensions>
      </trkpt>
      <trkpt lat="43.336489" lon="-1.821389">
        <ele>9.6</ele>
        <time>2026-09-06T11:35:51Z</time>
        <extensions>
          <power>99</power>
          <gpxtpx:TrackPointExtension>
            <gpxtpx:hr>103</gpxtpx:hr>
            <gpxtpx:cad>89</gpxtpx:cad>
          </gpxtpx:TrackPointExtension>
        </extensions>
      </trkpt>
      <trkpt lat="43.336489" lon="-1.821389">
        <ele>9.6</ele>
        <time>2026-09-06T11:35:52Z</time>
        <extensions>
          <power>92</power>
          <gpxtpx:TrackPointExtension>
            <gpxtpx:hr>103</gpxtpx:hr>
            <gpxtpx:cad>88</gpxtpx:cad>
          </gpxtpx:TrackPointExtension>
        </extensions>
      </trkpt>
      <trkpt lat="43.337057" lon="-1.821448">
        <ele>9.2</ele>
        <time>2026-09-06T11:35:53Z</time>
        <extensions>
          <power>97</power>
          <gpxtpx:TrackPointExtension>
            <gpxtpx:hr>103</gpxtpx:hr>
            <gpxtpx:cad>88</gpxtpx:cad>
          </gpxtpx:TrackPointExtension>
        </extensions>
      </trkpt>
      <trkpt lat="43.337057" lon="-1.821448">
        <ele>9.2</ele>
        <time>2026-09-06T11:35:54Z</time>
        <extensions>
          <power>103</power>
          <gpxtpx:TrackPointExtension>
            <gpxtpx:hr>103</gpxtpx:hr>
            <gpxtpx:cad>88</gpxtpx:cad>
          </gpxtpx:TrackPointExtension>
        </extensions>
      </trkpt>
      <trkpt lat="43.337057" lon="-1.821448">
        <ele>9.2</ele>
        <time>2026-09-06T11:35:55Z</time>
        <extensions>
          <power>100</power>
          <gpxtpx:TrackPointExtension>
            <gpxtpx:hr>103</gpxtpx:hr>
            <gpxtpx:cad>88</gpxtpx:cad>
          </gpxtpx:TrackPointExtension>
        </extensions>
      </trkpt>
      <trkpt lat="43.337057" lon="-1.821448">
        <ele>9.2</ele>
        <time>2026-09-06T11:35:56Z</time>
        <extensions>
          <power>107</power>
          <gpxtpx:TrackPointExtension>
            <gpxtpx:hr>103</gpxtpx:hr>
            <gpxtpx:cad>88</gpxtpx:cad>
          </gpxtpx:TrackPointExtension>
        </extensions>
      </trkpt>
      <trkpt lat="43.337057" lon="-1.821448">
        <ele>9.2</ele>
        <time>2026-09-06T11:35:57Z</time>
        <extensions>
          <power>98</power>
          <gpxtpx:TrackPointExtension>
            <gpxtpx:hr>103</gpxtpx:hr>
            <gpxtpx:cad>88</gpxtpx:cad>
          </gpxtpx:TrackPointExtension>
        </extensions>
      </trkpt>
      <trkpt lat="43.337057" lon="-1.821448">
        <ele>9.2</ele>
        <time>2026-09-06T11:35:58Z</time>
        <extensions>
          <power>101</power>
          <gpxtpx:TrackPointExtension>
            <gpxtpx:hr>103</gpxtpx:hr>
            <gpxtpx:cad>89</gpxtpx:cad>
          </gpxtpx:TrackPointExtension>
        </extensions>
      </trkpt>
      <trkpt lat="43.337057" lon="-1.821448">
        <ele>9.2</ele>
        <time>2026-09-06T11:35:59Z</time>
        <extensions>
          <power>104</power>
          <gpxtpx:TrackPointExtension>
            <gpxtpx:hr>103</gpxtpx:hr>
            <gpxtpx:cad>89</gpxtpx:cad>
          </gpxtpx:TrackPointExtension>
        </extensions>
      </trkpt>
      <trkpt lat="43.337057" lon="-1.821448">
        <ele>9.2</ele>
        <time>2026-09-06T11:36:00Z</time>
        <extensions>
          <power>106</power>
          <gpxtpx:TrackPointExtension>
            <gpxtpx:hr>103</gpxtpx:hr>
            <gpxtpx:cad>89</gpxtpx:cad>
          </gpxtpx:TrackPointExtension>
        </extensions>
      </trkpt>
      <trkpt lat="43.337139" lon="-1.821453">
        <ele>9.2</ele>
        <time>2026-09-06T11:36:01Z</time>
        <extensions>
          <power>107</power>
          <gpxtpx:TrackPointExtension>
            <gpxtpx:hr>103</gpxtpx:hr>
            <gpxtpx:cad>89</gpxtpx:cad>
          </gpxtpx:TrackPointExtension>
        </extensions>
      </trkpt>
      <trkpt lat="43.337373" lon="-1.821484">
        <ele>9.0</ele>
        <time>2026-09-06T11:36:02Z</time>
        <extensions>
          <power>103</power>
          <gpxtpx:TrackPointExtension>
            <gpxtpx:hr>102</gpxtpx:hr>
            <gpxtpx:cad>89</gpxtpx:cad>
          </gpxtpx:TrackPointExtension>
        </extensions>
      </trkpt>
      <trkpt lat="43.337373" lon="-1.821484">
        <ele>9.0</ele>
        <time>2026-09-06T11:36:03Z</time>
        <extensions>
          <power>109</power>
          <gpxtpx:TrackPointExtension>
            <gpxtpx:hr>103</gpxtpx:hr>
            <gpxtpx:cad>90</gpxtpx:cad>
          </gpxtpx:TrackPointExtension>
        </extensions>
      </trkpt>
      <trkpt lat="43.337373" lon="-1.821484">
        <ele>9.0</ele>
        <time>2026-09-06T11:36:04Z</time>
        <extensions>
          <power>128</power>
          <gpxtpx:TrackPointExtension>
            <gpxtpx:hr>102</gpxtpx:hr>
            <gpxtpx:cad>88</gpxtpx:cad>
          </gpxtpx:TrackPointExtension>
        </extensions>
      </trkpt>
      <trkpt lat="43.337684" lon="-1.821525">
        <ele>9.0</ele>
        <time>2026-09-06T11:36:05Z</time>
        <extensions>
          <power>105</power>
          <gpxtpx:TrackPointExtension>
            <gpxtpx:hr>102</gpxtpx:hr>
            <gpxtpx:cad>86</gpxtpx:cad>
          </gpxtpx:TrackPointExtension>
        </extensions>
      </trkpt>
      <trkpt lat="43.337684" lon="-1.821525">
        <ele>9.0</ele>
        <time>2026-09-06T11:36:06Z</time>
        <extensions>
          <power>104</power>
          <gpxtpx:TrackPointExtension>
            <gpxtpx:hr>102</gpxtpx:hr>
            <gpxtpx:cad>86</gpxtpx:cad>
          </gpxtpx:TrackPointExtension>
        </extensions>
      </trkpt>
      <trkpt lat="43.337684" lon="-1.821525">
        <ele>9.0</ele>
        <time>2026-09-06T11:36:07Z</time>
        <extensions>
          <power>102</power>
          <gpxtpx:TrackPointExtension>
            <gpxtpx:hr>102</gpxtpx:hr>
            <gpxtpx:cad>87</gpxtpx:cad>
          </gpxtpx:TrackPointExtension>
        </extensions>
      </trkpt>
      <trkpt lat="43.337684" lon="-1.821525">
        <ele>9.0</ele>
        <time>2026-09-06T11:36:08Z</time>
        <extensions>
          <power>111</power>
          <gpxtpx:TrackPointExtension>
            <gpxtpx:hr>102</gpxtpx:hr>
            <gpxtpx:cad>87</gpxtpx:cad>
          </gpxtpx:TrackPointExtension>
        </extensions>
      </trkpt>
      <trkpt lat="43.337684" lon="-1.821525">
        <ele>9.0</ele>
        <time>2026-09-06T11:36:09Z</time>
        <extensions>
          <power>123</power>
          <gpxtpx:TrackPointExtension>
            <gpxtpx:hr>102</gpxtpx:hr>
            <gpxtpx:cad>88</gpxtpx:cad>
          </gpxtpx:TrackPointExtension>
        </extensions>
      </trkpt>
      <trkpt lat="43.338239" lon="-1.821602">
        <ele>9.0</ele>
        <time>2026-09-06T11:36:10Z</time>
        <extensions>
          <power>149</power>
          <gpxtpx:TrackPointExtension>
            <gpxtpx:hr>102</gpxtpx:hr>
            <gpxtpx:cad>88</gpxtpx:cad>
          </gpxtpx:TrackPointExtension>
        </extensions>
      </trkpt>
      <trkpt lat="43.338239" lon="-1.821602">
        <ele>9.0</ele>
        <time>2026-09-06T11:36:11Z</time>
        <extensions>
          <power>156</power>
          <gpxtpx:TrackPointExtension>
            <gpxtpx:hr>102</gpxtpx:hr>
            <gpxtpx:cad>86</gpxtpx:cad>
          </gpxtpx:TrackPointExtension>
        </extensions>
      </trkpt>
      <trkpt lat="43.338239" lon="-1.821602">
        <ele>9.0</ele>
        <time>2026-09-06T11:36:12Z</time>
        <extensions>
          <power>147</power>
          <gpxtpx:TrackPointExtension>
            <gpxtpx:hr>102</gpxtpx:hr>
            <gpxtpx:cad>83</gpxtpx:cad>
          </gpxtpx:TrackPointExtension>
        </extensions>
      </trkpt>
      <trkpt lat="43.338239" lon="-1.821602">
        <ele>9.0</ele>
        <time>2026-09-06T11:36:13Z</time>
        <extensions>
          <power>138</power>
          <gpxtpx:TrackPointExtension>
            <gpxtpx:hr>102</gpxtpx:hr>
            <gpxtpx:cad>84</gpxtpx:cad>
          </gpxtpx:TrackPointExtension>
        </extensions>
      </trkpt>
      <trkpt lat="43.338239" lon="-1.821602">
        <ele>9.0</ele>
        <time>2026-09-06T11:36:14Z</time>
        <extensions>
          <power>143</power>
          <gpxtpx:TrackPointExtension>
            <gpxtpx:hr>102</gpxtpx:hr>
            <gpxtpx:cad>85</gpxtpx:cad>
          </gpxtpx:TrackPointExtension>
        </extensions>
      </trkpt>
      <trkpt lat="43.338239" lon="-1.821602">
        <ele>9.0</ele>
        <time>2026-09-06T11:36:15Z</time>
        <extensions>
          <power>156</power>
          <gpxtpx:TrackPointExtension>
            <gpxtpx:hr>102</gpxtpx:hr>
            <gpxtpx:cad>84</gpxtpx:cad>
          </gpxtpx:TrackPointExtension>
        </extensions>
      </trkpt>
      <trkpt lat="43.338239" lon="-1.821602">
        <ele>9.0</ele>
        <time>2026-09-06T11:36:16Z</time>
        <extensions>
          <power>152</power>
          <gpxtpx:TrackPointExtension>
            <gpxtpx:hr>102</gpxtpx:hr>
            <gpxtpx:cad>84</gpxtpx:cad>
          </gpxtpx:TrackPointExtension>
        </extensions>
      </trkpt>
      <trkpt lat="43.338239" lon="-1.821602">
        <ele>9.0</ele>
        <time>2026-09-06T11:36:17Z</time>
        <extensions>
          <power>142</power>
          <gpxtpx:TrackPointExtension>
            <gpxtpx:hr>102</gpxtpx:hr>
            <gpxtpx:cad>85</gpxtpx:cad>
          </gpxtpx:TrackPointExtension>
        </extensions>
      </trkpt>
      <trkpt lat="43.338646" lon="-1.821610">
        <ele>8.8</ele>
        <time>2026-09-06T11:36:18Z</time>
        <extensions>
          <power>150</power>
          <gpxtpx:TrackPointExtension>
            <gpxtpx:hr>102</gpxtpx:hr>
            <gpxtpx:cad>84</gpxtpx:cad>
          </gpxtpx:TrackPointExtension>
        </extensions>
      </trkpt>
      <trkpt lat="43.338646" lon="-1.821610">
        <ele>8.8</ele>
        <time>2026-09-06T11:36:19Z</time>
        <extensions>
          <power>143</power>
          <gpxtpx:TrackPointExtension>
            <gpxtpx:hr>102</gpxtpx:hr>
            <gpxtpx:cad>84</gpxtpx:cad>
          </gpxtpx:TrackPointExtension>
        </extensions>
      </trkpt>
      <trkpt lat="43.338646" lon="-1.821610">
        <ele>8.8</ele>
        <time>2026-09-06T11:36:20Z</time>
        <extensions>
          <power>142</power>
          <gpxtpx:TrackPointExtension>
            <gpxtpx:hr>102</gpxtpx:hr>
            <gpxtpx:cad>85</gpxtpx:cad>
          </gpxtpx:TrackPointExtension>
        </extensions>
      </trkpt>
      <trkpt lat="43.338646" lon="-1.821610">
        <ele>8.8</ele>
        <time>2026-09-06T11:36:21Z</time>
        <extensions>
          <power>125</power>
          <gpxtpx:TrackPointExtension>
            <gpxtpx:hr>102</gpxtpx:hr>
            <gpxtpx:cad>85</gpxtpx:cad>
          </gpxtpx:TrackPointExtension>
        </extensions>
      </trkpt>
      <trkpt lat="43.338646" lon="-1.821610">
        <ele>8.8</ele>
        <time>2026-09-06T11:36:22Z</time>
        <extensions>
          <power>122</power>
          <gpxtpx:TrackPointExtension>
            <gpxtpx:hr>103</gpxtpx:hr>
            <gpxtpx:cad>85</gpxtpx:cad>
          </gpxtpx:TrackPointExtension>
        </extensions>
      </trkpt>
      <trkpt lat="43.338646" lon="-1.821610">
        <ele>8.8</ele>
        <time>2026-09-06T11:36:23Z</time>
        <extensions>
          <power>118</power>
          <gpxtpx:TrackPointExtension>
            <gpxtpx:hr>103</gpxtpx:hr>
            <gpxtpx:cad>88</gpxtpx:cad>
          </gpxtpx:TrackPointExtension>
        </extensions>
      </trkpt>
      <trkpt lat="43.339146" lon="-1.821598">
        <ele>8.4</ele>
        <time>2026-09-06T11:36:24Z</time>
        <extensions>
          <power>115</power>
          <gpxtpx:TrackPointExtension>
            <gpxtpx:hr>103</gpxtpx:hr>
            <gpxtpx:cad>88</gpxtpx:cad>
          </gpxtpx:TrackPointExtension>
        </extensions>
      </trkpt>
      <trkpt lat="43.339146" lon="-1.821598">
        <ele>8.4</ele>
        <time>2026-09-06T11:36:25Z</time>
        <extensions>
          <power>116</power>
          <gpxtpx:TrackPointExtension>
            <gpxtpx:hr>103</gpxtpx:hr>
            <gpxtpx:cad>86</gpxtpx:cad>
          </gpxtpx:TrackPointExtension>
        </extensions>
      </trkpt>
      <trkpt lat="43.339146" lon="-1.821598">
        <ele>8.4</ele>
        <time>2026-09-06T11:36:26Z</time>
        <extensions>
          <power>104</power>
          <gpxtpx:TrackPointExtension>
            <gpxtpx:hr>103</gpxtpx:hr>
            <gpxtpx:cad>88</gpxtpx:cad>
          </gpxtpx:TrackPointExtension>
        </extensions>
      </trkpt>
      <trkpt lat="43.339146" lon="-1.821598">
        <ele>8.4</ele>
        <time>2026-09-06T11:36:27Z</time>
        <extensions>
          <power>100</power>
          <gpxtpx:TrackPointExtension>
            <gpxtpx:hr>103</gpxtpx:hr>
            <gpxtpx:cad>89</gpxtpx:cad>
          </gpxtpx:TrackPointExtension>
        </extensions>
      </trkpt>
      <trkpt lat="43.339146" lon="-1.821598">
        <ele>8.4</ele>
        <time>2026-09-06T11:36:28Z</time>
        <extensions>
          <power>110</power>
          <gpxtpx:TrackPointExtension>
            <gpxtpx:hr>103</gpxtpx:hr>
            <gpxtpx:cad>88</gpxtpx:cad>
          </gpxtpx:TrackPointExtension>
        </extensions>
      </trkpt>
      <trkpt lat="43.339146" lon="-1.821598">
        <ele>8.4</ele>
        <time>2026-09-06T11:36:29Z</time>
        <extensions>
          <power>118</power>
          <gpxtpx:TrackPointExtension>
            <gpxtpx:hr>103</gpxtpx:hr>
            <gpxtpx:cad>89</gpxtpx:cad>
          </gpxtpx:TrackPointExtension>
        </extensions>
      </trkpt>
      <trkpt lat="43.339146" lon="-1.821598">
        <ele>8.4</ele>
        <time>2026-09-06T11:36:30Z</time>
        <extensions>
          <power>108</power>
          <gpxtpx:TrackPointExtension>
            <gpxtpx:hr>103</gpxtpx:hr>
            <gpxtpx:cad>90</gpxtpx:cad>
          </gpxtpx:TrackPointExtension>
        </extensions>
      </trkpt>
      <trkpt lat="43.339617" lon="-1.821489">
        <ele>8.6</ele>
        <time>2026-09-06T11:36:31Z</time>
        <extensions>
          <power>102</power>
          <gpxtpx:TrackPointExtension>
            <gpxtpx:hr>103</gpxtpx:hr>
            <gpxtpx:cad>88</gpxtpx:cad>
          </gpxtpx:TrackPointExtension>
        </extensions>
      </trkpt>
      <trkpt lat="43.339617" lon="-1.821489">
        <ele>8.6</ele>
        <time>2026-09-06T11:36:32Z</time>
        <extensions>
          <power>117</power>
          <gpxtpx:TrackPointExtension>
            <gpxtpx:hr>103</gpxtpx:hr>
            <gpxtpx:cad>89</gpxtpx:cad>
          </gpxtpx:TrackPointExtension>
        </extensions>
      </trkpt>
      <trkpt lat="43.339617" lon="-1.821489">
        <ele>8.6</ele>
        <time>2026-09-06T11:36:33Z</time>
        <extensions>
          <power>111</power>
          <gpxtpx:TrackPointExtension>
            <gpxtpx:hr>104</gpxtpx:hr>
            <gpxtpx:cad>90</gpxtpx:cad>
          </gpxtpx:TrackPointExtension>
        </extensions>
      </trkpt>
      <trkpt lat="43.339617" lon="-1.821489">
        <ele>8.6</ele>
        <time>2026-09-06T11:36:34Z</time>
        <extensions>
          <power>145</power>
          <gpxtpx:TrackPointExtension>
            <gpxtpx:hr>104</gpxtpx:hr>
            <gpxtpx:cad>88</gpxtpx:cad>
          </gpxtpx:TrackPointExtension>
        </extensions>
      </trkpt>
      <trkpt lat="43.339617" lon="-1.821489">
        <ele>8.6</ele>
        <time>2026-09-06T11:36:35Z</time>
        <extensions>
          <power>152</power>
          <gpxtpx:TrackPointExtension>
            <gpxtpx:hr>104</gpxtpx:hr>
            <gpxtpx:cad>87</gpxtpx:cad>
          </gpxtpx:TrackPointExtension>
        </extensions>
      </trkpt>
      <trkpt lat="43.339617" lon="-1.821489">
        <ele>8.6</ele>
        <time>2026-09-06T11:36:36Z</time>
        <extensions>
          <power>147</power>
          <gpxtpx:TrackPointExtension>
            <gpxtpx:hr>104</gpxtpx:hr>
            <gpxtpx:cad>84</gpxtpx:cad>
          </gpxtpx:TrackPointExtension>
        </extensions>
      </trkpt>
      <trkpt lat="43.340155" lon="-1.821279">
        <ele>8.0</ele>
        <time>2026-09-06T11:36:37Z</time>
        <extensions>
          <power>149</power>
          <gpxtpx:TrackPointExtension>
            <gpxtpx:hr>104</gpxtpx:hr>
            <gpxtpx:cad>83</gpxtpx:cad>
          </gpxtpx:TrackPointExtension>
        </extensions>
      </trkpt>
      <trkpt lat="43.340155" lon="-1.821279">
        <ele>8.0</ele>
        <time>2026-09-06T11:36:38Z</time>
        <extensions>
          <power>147</power>
          <gpxtpx:TrackPointExtension>
            <gpxtpx:hr>105</gpxtpx:hr>
            <gpxtpx:cad>84</gpxtpx:cad>
          </gpxtpx:TrackPointExtension>
        </extensions>
      </trkpt>
      <trkpt lat="43.340155" lon="-1.821279">
        <ele>8.0</ele>
        <time>2026-09-06T11:36:39Z</time>
        <extensions>
          <power>145</power>
          <gpxtpx:TrackPointExtension>
            <gpxtpx:hr>105</gpxtpx:hr>
            <gpxtpx:cad>85</gpxtpx:cad>
          </gpxtpx:TrackPointExtension>
        </extensions>
      </trkpt>
      <trkpt lat="43.340155" lon="-1.821279">
        <ele>8.0</ele>
        <time>2026-09-06T11:36:40Z</time>
        <extensions>
          <power>140</power>
          <gpxtpx:TrackPointExtension>
            <gpxtpx:hr>105</gpxtpx:hr>
            <gpxtpx:cad>85</gpxtpx:cad>
          </gpxtpx:TrackPointExtension>
        </extensions>
      </trkpt>
      <trkpt lat="43.340155" lon="-1.821279">
        <ele>8.0</ele>
        <time>2026-09-06T11:36:41Z</time>
        <extensions>
          <power>114</power>
          <gpxtpx:TrackPointExtension>
            <gpxtpx:hr>105</gpxtpx:hr>
            <gpxtpx:cad>85</gpxtpx:cad>
          </gpxtpx:TrackPointExtension>
        </extensions>
      </trkpt>
      <trkpt lat="43.340155" lon="-1.821279">
        <ele>8.0</ele>
        <time>2026-09-06T11:36:42Z</time>
        <extensions>
          <power>107</power>
          <gpxtpx:TrackPointExtension>
            <gpxtpx:hr>105</gpxtpx:hr>
            <gpxtpx:cad>86</gpxtpx:cad>
          </gpxtpx:TrackPointExtension>
        </extensions>
      </trkpt>
      <trkpt lat="43.340155" lon="-1.821279">
        <ele>8.0</ele>
        <time>2026-09-06T11:36:43Z</time>
        <extensions>
          <power>113</power>
          <gpxtpx:TrackPointExtension>
            <gpxtpx:hr>105</gpxtpx:hr>
            <gpxtpx:cad>89</gpxtpx:cad>
          </gpxtpx:TrackPointExtension>
        </extensions>
      </trkpt>
      <trkpt lat="43.340155" lon="-1.821279">
        <ele>8.0</ele>
        <time>2026-09-06T11:36:44Z</time>
        <extensions>
          <power>112</power>
          <gpxtpx:TrackPointExtension>
            <gpxtpx:hr>105</gpxtpx:hr>
            <gpxtpx:cad>89</gpxtpx:cad>
          </gpxtpx:TrackPointExtension>
        </extensions>
      </trkpt>
      <trkpt lat="43.340645" lon="-1.820946">
        <ele>8.2</ele>
        <time>2026-09-06T11:36:45Z</time>
        <extensions>
          <power>112</power>
          <gpxtpx:TrackPointExtension>
            <gpxtpx:hr>105</gpxtpx:hr>
            <gpxtpx:cad>90</gpxtpx:cad>
          </gpxtpx:TrackPointExtension>
        </extensions>
      </trkpt>
      <trkpt lat="43.340645" lon="-1.820946">
        <ele>8.2</ele>
        <time>2026-09-06T11:36:46Z</time>
        <extensions>
          <power>123</power>
          <gpxtpx:TrackPointExtension>
            <gpxtpx:hr>105</gpxtpx:hr>
            <gpxtpx:cad>90</gpxtpx:cad>
          </gpxtpx:TrackPointExtension>
        </extensions>
      </trkpt>
      <trkpt lat="43.340645" lon="-1.820946">
        <ele>8.2</ele>
        <time>2026-09-06T11:36:47Z</time>
        <extensions>
          <power>115</power>
          <gpxtpx:TrackPointExtension>
            <gpxtpx:hr>105</gpxtpx:hr>
            <gpxtpx:cad>90</gpxtpx:cad>
          </gpxtpx:TrackPointExtension>
        </extensions>
      </trkpt>
      <trkpt lat="43.340645" lon="-1.820946">
        <ele>8.2</ele>
        <time>2026-09-06T11:36:48Z</time>
        <extensions>
          <power>121</power>
          <gpxtpx:TrackPointExtension>
            <gpxtpx:hr>105</gpxtpx:hr>
            <gpxtpx:cad>90</gpxtpx:cad>
          </gpxtpx:TrackPointExtension>
        </extensions>
      </trkpt>
      <trkpt lat="43.340645" lon="-1.820946">
        <ele>8.2</ele>
        <time>2026-09-06T11:36:49Z</time>
        <extensions>
          <power>123</power>
          <gpxtpx:TrackPointExtension>
            <gpxtpx:hr>105</gpxtpx:hr>
            <gpxtpx:cad>90</gpxtpx:cad>
          </gpxtpx:TrackPointExtension>
        </extensions>
      </trkpt>
      <trkpt lat="43.340645" lon="-1.820946">
        <ele>8.2</ele>
        <time>2026-09-06T11:36:50Z</time>
        <extensions>
          <power>152</power>
          <gpxtpx:TrackPointExtension>
            <gpxtpx:hr>106</gpxtpx:hr>
            <gpxtpx:cad>90</gpxtpx:cad>
          </gpxtpx:TrackPointExtension>
        </extensions>
      </trkpt>
      <trkpt lat="43.340645" lon="-1.820946">
        <ele>8.2</ele>
        <time>2026-09-06T11:36:51Z</time>
        <extensions>
          <power>176</power>
          <gpxtpx:TrackPointExtension>
            <gpxtpx:hr>106</gpxtpx:hr>
            <gpxtpx:cad>88</gpxtpx:cad>
          </gpxtpx:TrackPointExtension>
        </extensions>
      </trkpt>
      <trkpt lat="43.340645" lon="-1.820946">
        <ele>8.2</ele>
        <time>2026-09-06T11:36:52Z</time>
        <extensions>
          <power>140</power>
          <gpxtpx:TrackPointExtension>
            <gpxtpx:hr>106</gpxtpx:hr>
            <gpxtpx:cad>85</gpxtpx:cad>
          </gpxtpx:TrackPointExtension>
        </extensions>
      </trkpt>
      <trkpt lat="43.340970" lon="-1.820640">
        <ele>8.2</ele>
        <time>2026-09-06T11:36:53Z</time>
        <extensions>
          <power>161</power>
          <gpxtpx:TrackPointExtension>
            <gpxtpx:hr>106</gpxtpx:hr>
            <gpxtpx:cad>87</gpxtpx:cad>
          </gpxtpx:TrackPointExtension>
        </extensions>
      </trkpt>
      <trkpt lat="43.340970" lon="-1.820640">
        <ele>8.2</ele>
        <time>2026-09-06T11:36:54Z</time>
        <extensions>
          <power>149</power>
          <gpxtpx:TrackPointExtension>
            <gpxtpx:hr>106</gpxtpx:hr>
            <gpxtpx:cad>86</gpxtpx:cad>
          </gpxtpx:TrackPointExtension>
        </extensions>
      </trkpt>
      <trkpt lat="43.340970" lon="-1.820640">
        <ele>8.2</ele>
        <time>2026-09-06T11:36:55Z</time>
        <extensions>
          <power>157</power>
          <gpxtpx:TrackPointExtension>
            <gpxtpx:hr>106</gpxtpx:hr>
            <gpxtpx:cad>84</gpxtpx:cad>
          </gpxtpx:TrackPointExtension>
        </extensions>
      </trkpt>
      <trkpt lat="43.340970" lon="-1.820640">
        <ele>8.2</ele>
        <time>2026-09-06T11:36:56Z</time>
        <extensions>
          <power>147</power>
          <gpxtpx:TrackPointExtension>
            <gpxtpx:hr>106</gpxtpx:hr>
            <gpxtpx:cad>85</gpxtpx:cad>
          </gpxtpx:TrackPointExtension>
        </extensions>
      </trkpt>
      <trkpt lat="43.340970" lon="-1.820640">
        <ele>8.2</ele>
        <time>2026-09-06T11:36:57Z</time>
        <extensions>
          <power>140</power>
          <gpxtpx:TrackPointExtension>
            <gpxtpx:hr>106</gpxtpx:hr>
            <gpxtpx:cad>86</gpxtpx:cad>
          </gpxtpx:TrackPointExtension>
        </extensions>
      </trkpt>
      <trkpt lat="43.341340" lon="-1.820224">
        <ele>7.8</ele>
        <time>2026-09-06T11:36:58Z</time>
        <extensions>
          <power>152</power>
          <gpxtpx:TrackPointExtension>
            <gpxtpx:hr>106</gpxtpx:hr>
            <gpxtpx:cad>86</gpxtpx:cad>
          </gpxtpx:TrackPointExtension>
        </extensions>
      </trkpt>
      <trkpt lat="43.341340" lon="-1.820224">
        <ele>7.8</ele>
        <time>2026-09-06T11:36:59Z</time>
        <extensions>
          <power>152</power>
          <gpxtpx:TrackPointExtension>
            <gpxtpx:hr>106</gpxtpx:hr>
            <gpxtpx:cad>86</gpxtpx:cad>
          </gpxtpx:TrackPointExtension>
        </extensions>
      </trkpt>
      <trkpt lat="43.341340" lon="-1.820224">
        <ele>7.8</ele>
        <time>2026-09-06T11:37:00Z</time>
        <extensions>
          <power>143</power>
          <gpxtpx:TrackPointExtension>
            <gpxtpx:hr>106</gpxtpx:hr>
            <gpxtpx:cad>85</gpxtpx:cad>
          </gpxtpx:TrackPointExtension>
        </extensions>
      </trkpt>
      <trkpt lat="43.341340" lon="-1.820224">
        <ele>7.8</ele>
        <time>2026-09-06T11:37:01Z</time>
        <extensions>
          <power>113</power>
          <gpxtpx:TrackPointExtension>
            <gpxtpx:hr>105</gpxtpx:hr>
            <gpxtpx:cad>86</gpxtpx:cad>
          </gpxtpx:TrackPointExtension>
        </extensions>
      </trkpt>
      <trkpt lat="43.341340" lon="-1.820224">
        <ele>7.8</ele>
        <time>2026-09-06T11:37:02Z</time>
        <extensions>
          <power>111</power>
          <gpxtpx:TrackPointExtension>
            <gpxtpx:hr>106</gpxtpx:hr>
            <gpxtpx:cad>89</gpxtpx:cad>
          </gpxtpx:TrackPointExtension>
        </extensions>
      </trkpt>
      <trkpt lat="43.341340" lon="-1.820224">
        <ele>7.8</ele>
        <time>2026-09-06T11:37:03Z</time>
        <extensions>
          <power>108</power>
          <gpxtpx:TrackPointExtension>
            <gpxtpx:hr>106</gpxtpx:hr>
            <gpxtpx:cad>89</gpxtpx:cad>
          </gpxtpx:TrackPointExtension>
        </extensions>
      </trkpt>
      <trkpt lat="43.341340" lon="-1.820224">
        <ele>7.8</ele>
        <time>2026-09-06T11:37:04Z</time>
        <extensions>
          <power>105</power>
          <gpxtpx:TrackPointExtension>
            <gpxtpx:hr>106</gpxtpx:hr>
            <gpxtpx:cad>89</gpxtpx:cad>
          </gpxtpx:TrackPointExtension>
        </extensions>
      </trkpt>
      <trkpt lat="43.341401" lon="-1.820152">
        <ele>8.0</ele>
        <time>2026-09-06T11:37:05Z</time>
        <extensions>
          <power>105</power>
          <gpxtpx:TrackPointExtension>
            <gpxtpx:hr>106</gpxtpx:hr>
            <gpxtpx:cad>89</gpxtpx:cad>
          </gpxtpx:TrackPointExtension>
        </extensions>
      </trkpt>
      <trkpt lat="43.341741" lon="-1.819704">
        <ele>8.2</ele>
        <time>2026-09-06T11:37:06Z</time>
        <extensions>
          <power>119</power>
          <gpxtpx:TrackPointExtension>
            <gpxtpx:hr>105</gpxtpx:hr>
            <gpxtpx:cad>91</gpxtpx:cad>
          </gpxtpx:TrackPointExtension>
        </extensions>
      </trkpt>
      <trkpt lat="43.341741" lon="-1.819704">
        <ele>8.2</ele>
        <time>2026-09-06T11:37:07Z</time>
        <extensions>
          <power>165</power>
          <gpxtpx:TrackPointExtension>
            <gpxtpx:hr>106</gpxtpx:hr>
            <gpxtpx:cad>90</gpxtpx:cad>
          </gpxtpx:TrackPointExtension>
        </extensions>
      </trkpt>
      <trkpt lat="43.341741" lon="-1.819704">
        <ele>8.2</ele>
        <time>2026-09-06T11:37:08Z</time>
        <extensions>
          <power>172</power>
          <gpxtpx:TrackPointExtension>
            <gpxtpx:hr>106</gpxtpx:hr>
            <gpxtpx:cad>85</gpxtpx:cad>
          </gpxtpx:TrackPointExtension>
        </extensions>
      </trkpt>
      <trkpt lat="43.341741" lon="-1.819704">
        <ele>8.2</ele>
        <time>2026-09-06T11:37:09Z</time>
        <extensions>
          <power>154</power>
          <gpxtpx:TrackPointExtension>
            <gpxtpx:hr>106</gpxtpx:hr>
            <gpxtpx:cad>84</gpxtpx:cad>
          </gpxtpx:TrackPointExtension>
        </extensions>
      </trkpt>
      <trkpt lat="43.341741" lon="-1.819704">
        <ele>8.2</ele>
        <time>2026-09-06T11:37:10Z</time>
        <extensions>
          <power>157</power>
          <gpxtpx:TrackPointExtension>
            <gpxtpx:hr>106</gpxtpx:hr>
            <gpxtpx:cad>86</gpxtpx:cad>
          </gpxtpx:TrackPointExtension>
        </extensions>
      </trkpt>
      <trkpt lat="43.341741" lon="-1.819704">
        <ele>8.2</ele>
        <time>2026-09-06T11:37:11Z</time>
        <extensions>
          <power>145</power>
          <gpxtpx:TrackPointExtension>
            <gpxtpx:hr>106</gpxtpx:hr>
            <gpxtpx:cad>85</gpxtpx:cad>
          </gpxtpx:TrackPointExtension>
        </extensions>
      </trkpt>
      <trkpt lat="43.341741" lon="-1.819704">
        <ele>8.2</ele>
        <time>2026-09-06T11:37:12Z</time>
        <extensions>
          <power>156</power>
          <gpxtpx:TrackPointExtension>
            <gpxtpx:hr>106</gpxtpx:hr>
            <gpxtpx:cad>85</gpxtpx:cad>
          </gpxtpx:TrackPointExtension>
        </extensions>
      </trkpt>
      <trkpt lat="43.342092" lon="-1.819233">
        <ele>7.8</ele>
        <time>2026-09-06T11:37:13Z</time>
        <extensions>
          <power>143</power>
          <gpxtpx:TrackPointExtension>
            <gpxtpx:hr>106</gpxtpx:hr>
            <gpxtpx:cad>85</gpxtpx:cad>
          </gpxtpx:TrackPointExtension>
        </extensions>
      </trkpt>
      <trkpt lat="43.342092" lon="-1.819233">
        <ele>7.8</ele>
        <time>2026-09-06T11:37:14Z</time>
        <extensions>
          <power>143</power>
          <gpxtpx:TrackPointExtension>
            <gpxtpx:hr>106</gpxtpx:hr>
            <gpxtpx:cad>85</gpxtpx:cad>
          </gpxtpx:TrackPointExtension>
        </extensions>
      </trkpt>
      <trkpt lat="43.342092" lon="-1.819233">
        <ele>7.8</ele>
        <time>2026-09-06T11:37:15Z</time>
        <extensions>
          <power>132</power>
          <gpxtpx:TrackPointExtension>
            <gpxtpx:hr>107</gpxtpx:hr>
            <gpxtpx:cad>85</gpxtpx:cad>
          </gpxtpx:TrackPointExtension>
        </extensions>
      </trkpt>
      <trkpt lat="43.342092" lon="-1.819233">
        <ele>7.8</ele>
        <time>2026-09-06T11:37:16Z</time>
        <extensions>
          <power>112</power>
          <gpxtpx:TrackPointExtension>
            <gpxtpx:hr>106</gpxtpx:hr>
            <gpxtpx:cad>87</gpxtpx:cad>
          </gpxtpx:TrackPointExtension>
        </extensions>
      </trkpt>
      <trkpt lat="43.342092" lon="-1.819233">
        <ele>7.8</ele>
        <time>2026-09-06T11:37:17Z</time>
        <extensions>
          <power>111</power>
          <gpxtpx:TrackPointExtension>
            <gpxtpx:hr>106</gpxtpx:hr>
            <gpxtpx:cad>90</gpxtpx:cad>
          </gpxtpx:TrackPointExtension>
        </extensions>
      </trkpt>
      <trkpt lat="43.342092" lon="-1.819233">
        <ele>7.8</ele>
        <time>2026-09-06T11:37:18Z</time>
        <extensions>
          <power>101</power>
          <gpxtpx:TrackPointExtension>
            <gpxtpx:hr>106</gpxtpx:hr>
            <gpxtpx:cad>90</gpxtpx:cad>
          </gpxtpx:TrackPointExtension>
        </extensions>
      </trkpt>
      <trkpt lat="43.342092" lon="-1.819233">
        <ele>7.8</ele>
        <time>2026-09-06T11:37:19Z</time>
        <extensions>
          <power>95</power>
          <gpxtpx:TrackPointExtension>
            <gpxtpx:hr>105</gpxtpx:hr>
            <gpxtpx:cad>91</gpxtpx:cad>
          </gpxtpx:TrackPointExtension>
        </extensions>
      </trkpt>
      <trkpt lat="43.342502" lon="-1.818689">
        <ele>7.8</ele>
        <time>2026-09-06T11:37:20Z</time>
        <extensions>
          <power>119</power>
          <gpxtpx:TrackPointExtension>
            <gpxtpx:hr>105</gpxtpx:hr>
            <gpxtpx:cad>93</gpxtpx:cad>
          </gpxtpx:TrackPointExtension>
        </extensions>
      </trkpt>
      <trkpt lat="43.342502" lon="-1.818689">
        <ele>7.8</ele>
        <time>2026-09-06T11:37:21Z</time>
        <extensions>
          <power>113</power>
          <gpxtpx:TrackPointExtension>
            <gpxtpx:hr>105</gpxtpx:hr>
            <gpxtpx:cad>93</gpxtpx:cad>
          </gpxtpx:TrackPointExtension>
        </extensions>
      </trkpt>
      <trkpt lat="43.342502" lon="-1.818689">
        <ele>7.8</ele>
        <time>2026-09-06T11:37:22Z</time>
        <extensions>
          <power>123</power>
          <gpxtpx:TrackPointExtension>
            <gpxtpx:hr>106</gpxtpx:hr>
            <gpxtpx:cad>90</gpxtpx:cad>
          </gpxtpx:TrackPointExtension>
        </extensions>
      </trkpt>
      <trkpt lat="43.342502" lon="-1.818689">
        <ele>7.8</ele>
        <time>2026-09-06T11:37:23Z</time>
        <extensions>
          <power>139</power>
          <gpxtpx:TrackPointExtension>
            <gpxtpx:hr>106</gpxtpx:hr>
            <gpxtpx:cad>91</gpxtpx:cad>
          </gpxtpx:TrackPointExtension>
        </extensions>
      </trkpt>
      <trkpt lat="43.342502" lon="-1.818689">
        <ele>7.8</ele>
        <time>2026-09-06T11:37:24Z</time>
        <extensions>
          <power>160</power>
          <gpxtpx:TrackPointExtension>
            <gpxtpx:hr>106</gpxtpx:hr>
            <gpxtpx:cad>88</gpxtpx:cad>
          </gpxtpx:TrackPointExtension>
        </extensions>
      </trkpt>
      <trkpt lat="43.342502" lon="-1.818689">
        <ele>7.8</ele>
        <time>2026-09-06T11:37:25Z</time>
        <extensions>
          <power>151</power>
          <gpxtpx:TrackPointExtension>
            <gpxtpx:hr>106</gpxtpx:hr>
            <gpxtpx:cad>85</gpxtpx:cad>
          </gpxtpx:TrackPointExtension>
        </extensions>
      </trkpt>
      <trkpt lat="43.342502" lon="-1.818689">
        <ele>7.8</ele>
        <time>2026-09-06T11:37:26Z</time>
        <extensions>
          <power>140</power>
          <gpxtpx:TrackPointExtension>
            <gpxtpx:hr>107</gpxtpx:hr>
            <gpxtpx:cad>87</gpxtpx:cad>
          </gpxtpx:TrackPointExtension>
        </extensions>
      </trkpt>
      <trkpt lat="43.342502" lon="-1.818689">
        <ele>7.8</ele>
        <time>2026-09-06T11:37:27Z</time>
        <extensions>
          <power>158</power>
          <gpxtpx:TrackPointExtension>
            <gpxtpx:hr>107</gpxtpx:hr>
            <gpxtpx:cad>86</gpxtpx:cad>
          </gpxtpx:TrackPointExtension>
        </extensions>
      </trkpt>
      <trkpt lat="43.342560" lon="-1.818613">
        <ele>7.6</ele>
        <time>2026-09-06T11:37:28Z</time>
        <extensions>
          <power>139</power>
          <gpxtpx:TrackPointExtension>
            <gpxtpx:hr>106</gpxtpx:hr>
            <gpxtpx:cad>85</gpxtpx:cad>
          </gpxtpx:TrackPointExtension>
        </extensions>
      </trkpt>
      <trkpt lat="43.342969" lon="-1.818078">
        <ele>8.2</ele>
        <time>2026-09-06T11:37:29Z</time>
        <extensions>
          <power>135</power>
          <gpxtpx:TrackPointExtension>
            <gpxtpx:hr>106</gpxtpx:hr>
            <gpxtpx:cad>85</gpxtpx:cad>
          </gpxtpx:TrackPointExtension>
        </extensions>
      </trkpt>
      <trkpt lat="43.342969" lon="-1.818078">
        <ele>8.2</ele>
        <time>2026-09-06T11:37:30Z</time>
        <extensions>
          <power>150</power>
          <gpxtpx:TrackPointExtension>
            <gpxtpx:hr>106</gpxtpx:hr>
            <gpxtpx:cad>90</gpxtpx:cad>
          </gpxtpx:TrackPointExtension>
        </extensions>
      </trkpt>
      <trkpt lat="43.342969" lon="-1.818078">
        <ele>8.2</ele>
        <time>2026-09-06T11:37:31Z</time>
        <extensions>
          <power>168</power>
          <gpxtpx:TrackPointExtension>
            <gpxtpx:hr>106</gpxtpx:hr>
            <gpxtpx:cad>89</gpxtpx:cad>
          </gpxtpx:TrackPointExtension>
        </extensions>
      </trkpt>
      <trkpt lat="43.342969" lon="-1.818078">
        <ele>8.2</ele>
        <time>2026-09-06T11:37:32Z</time>
        <extensions>
          <power>212</power>
          <gpxtpx:TrackPointExtension>
            <gpxtpx:hr>107</gpxtpx:hr>
            <gpxtpx:cad>85</gpxtpx:cad>
          </gpxtpx:TrackPointExtension>
        </extensions>
      </trkpt>
      <trkpt lat="43.342969" lon="-1.818078">
        <ele>8.2</ele>
        <time>2026-09-06T11:37:33Z</time>
        <extensions>
          <power>203</power>
          <gpxtpx:TrackPointExtension>
            <gpxtpx:hr>107</gpxtpx:hr>
            <gpxtpx:cad>86</gpxtpx:cad>
          </gpxtpx:TrackPointExtension>
        </extensions>
      </trkpt>
      <trkpt lat="43.342969" lon="-1.818078">
        <ele>8.2</ele>
        <time>2026-09-06T11:37:34Z</time>
        <extensions>
          <power>192</power>
          <gpxtpx:TrackPointExtension>
            <gpxtpx:hr>107</gpxtpx:hr>
            <gpxtpx:cad>84</gpxtpx:cad>
          </gpxtpx:TrackPointExtension>
        </extensions>
      </trkpt>
      <trkpt lat="43.342969" lon="-1.818078">
        <ele>8.2</ele>
        <time>2026-09-06T11:37:35Z</time>
        <extensions>
          <power>193</power>
          <gpxtpx:TrackPointExtension>
            <gpxtpx:hr>107</gpxtpx:hr>
            <gpxtpx:cad>84</gpxtpx:cad>
          </gpxtpx:TrackPointExtension>
        </extensions>
      </trkpt>
      <trkpt lat="43.342969" lon="-1.818078">
        <ele>8.2</ele>
        <time>2026-09-06T11:37:36Z</time>
        <extensions>
          <power>197</power>
          <gpxtpx:TrackPointExtension>
            <gpxtpx:hr>108</gpxtpx:hr>
            <gpxtpx:cad>85</gpxtpx:cad>
          </gpxtpx:TrackPointExtension>
        </extensions>
      </trkpt>
      <trkpt lat="43.343019" lon="-1.817990">
        <ele>8.2</ele>
        <time>2026-09-06T11:37:37Z</time>
        <extensions>
          <power>181</power>
          <gpxtpx:TrackPointExtension>
            <gpxtpx:hr>108</gpxtpx:hr>
            <gpxtpx:cad>85</gpxtpx:cad>
          </gpxtpx:TrackPointExtension>
        </extensions>
      </trkpt>
      <trkpt lat="43.343105" lon="-1.817810">
        <ele>8.4</ele>
        <time>2026-09-06T11:37:38Z</time>
        <extensions>
          <power>170</power>
          <gpxtpx:TrackPointExtension>
            <gpxtpx:hr>109</gpxtpx:hr>
            <gpxtpx:cad>84</gpxtpx:cad>
          </gpxtpx:TrackPointExtension>
        </extensions>
      </trkpt>
      <trkpt lat="43.343105" lon="-1.817810">
        <ele>8.4</ele>
        <time>2026-09-06T11:37:39Z</time>
        <extensions>
          <power>150</power>
          <gpxtpx:TrackPointExtension>
            <gpxtpx:hr>108</gpxtpx:hr>
            <gpxtpx:cad>86</gpxtpx:cad>
          </gpxtpx:TrackPointExtension>
        </extensions>
      </trkpt>
      <trkpt lat="43.343151" lon="-1.817624">
        <ele>8.4</ele>
        <time>2026-09-06T11:37:40Z</time>
        <extensions>
          <power>193</power>
          <gpxtpx:TrackPointExtension>
            <gpxtpx:hr>109</gpxtpx:hr>
            <gpxtpx:cad>88</gpxtpx:cad>
          </gpxtpx:TrackPointExtension>
        </extensions>
      </trkpt>
      <trkpt lat="43.343151" lon="-1.817624">
        <ele>8.4</ele>
        <time>2026-09-06T11:37:41Z</time>
        <extensions>
          <power>214</power>
          <gpxtpx:TrackPointExtension>
            <gpxtpx:hr>108</gpxtpx:hr>
            <gpxtpx:cad>85</gpxtpx:cad>
          </gpxtpx:TrackPointExtension>
        </extensions>
      </trkpt>
      <trkpt lat="43.343164" lon="-1.817357">
        <ele>8.8</ele>
        <time>2026-09-06T11:37:42Z</time>
        <extensions>
          <power>169</power>
          <gpxtpx:TrackPointExtension>
            <gpxtpx:hr>109</gpxtpx:hr>
            <gpxtpx:cad>83</gpxtpx:cad>
          </gpxtpx:TrackPointExtension>
        </extensions>
      </trkpt>
      <trkpt lat="43.343164" lon="-1.817357">
        <ele>8.8</ele>
        <time>2026-09-06T11:37:43Z</time>
        <extensions>
          <power>151</power>
          <gpxtpx:TrackPointExtension>
            <gpxtpx:hr>109</gpxtpx:hr>
            <gpxtpx:cad>84</gpxtpx:cad>
          </gpxtpx:TrackPointExtension>
        </extensions>
      </trkpt>
      <trkpt lat="43.343164" lon="-1.817357">
        <ele>8.8</ele>
        <time>2026-09-06T11:37:44Z</time>
        <extensions>
          <power>171</power>
          <gpxtpx:TrackPointExtension>
            <gpxtpx:hr>109</gpxtpx:hr>
            <gpxtpx:cad>86</gpxtpx:cad>
          </gpxtpx:TrackPointExtension>
        </extensions>
      </trkpt>
      <trkpt lat="43.343164" lon="-1.817269">
        <ele>9.0</ele>
        <time>2026-09-06T11:37:45Z</time>
        <extensions>
          <power>251</power>
          <gpxtpx:TrackPointExtension>
            <gpxtpx:hr>109</gpxtpx:hr>
            <gpxtpx:cad>85</gpxtpx:cad>
          </gpxtpx:TrackPointExtension>
        </extensions>
      </trkpt>
      <trkpt lat="43.343238" lon="-1.817021">
        <ele>9.0</ele>
        <time>2026-09-06T11:37:46Z</time>
        <extensions>
          <power>246</power>
          <gpxtpx:TrackPointExtension>
            <gpxtpx:hr>109</gpxtpx:hr>
            <gpxtpx:cad>83</gpxtpx:cad>
          </gpxtpx:TrackPointExtension>
        </extensions>
      </trkpt>
      <trkpt lat="43.343238" lon="-1.817021">
        <ele>9.0</ele>
        <time>2026-09-06T11:37:47Z</time>
        <extensions>
          <power>272</power>
          <gpxtpx:TrackPointExtension>
            <gpxtpx:hr>109</gpxtpx:hr>
            <gpxtpx:cad>82</gpxtpx:cad>
          </gpxtpx:TrackPointExtension>
        </extensions>
      </trkpt>
      <trkpt lat="43.343238" lon="-1.817021">
        <ele>9.0</ele>
        <time>2026-09-06T11:37:48Z</time>
        <extensions>
          <power>237</power>
          <gpxtpx:TrackPointExtension>
            <gpxtpx:hr>110</gpxtpx:hr>
            <gpxtpx:cad>83</gpxtpx:cad>
          </gpxtpx:TrackPointExtension>
        </extensions>
      </trkpt>
      <trkpt lat="43.343432" lon="-1.816917">
        <ele>8.8</ele>
        <time>2026-09-06T11:37:49Z</time>
        <extensions>
          <power>164</power>
          <gpxtpx:TrackPointExtension>
            <gpxtpx:hr>110</gpxtpx:hr>
            <gpxtpx:cad>84</gpxtpx:cad>
          </gpxtpx:TrackPointExtension>
        </extensions>
      </trkpt>
      <trkpt lat="43.343432" lon="-1.816917">
        <ele>8.8</ele>
        <time>2026-09-06T11:37:50Z</time>
        <extensions>
          <power>148</power>
          <gpxtpx:TrackPointExtension>
            <gpxtpx:hr>110</gpxtpx:hr>
            <gpxtpx:cad>84</gpxtpx:cad>
          </gpxtpx:TrackPointExtension>
        </extensions>
      </trkpt>
      <trkpt lat="43.343432" lon="-1.816917">
        <ele>8.8</ele>
        <time>2026-09-06T11:37:51Z</time>
        <extensions>
          <power>128</power>
          <gpxtpx:TrackPointExtension>
            <gpxtpx:hr>110</gpxtpx:hr>
            <gpxtpx:cad>85</gpxtpx:cad>
          </gpxtpx:TrackPointExtension>
        </extensions>
      </trkpt>
      <trkpt lat="43.343582" lon="-1.816927">
        <ele>8.4</ele>
        <time>2026-09-06T11:37:52Z</time>
        <extensions>
          <power>119</power>
          <gpxtpx:TrackPointExtension>
            <gpxtpx:hr>110</gpxtpx:hr>
            <gpxtpx:cad>89</gpxtpx:cad>
          </gpxtpx:TrackPointExtension>
        </extensions>
      </trkpt>
      <trkpt lat="43.343582" lon="-1.816927">
        <ele>8.4</ele>
        <time>2026-09-06T11:37:53Z</time>
        <extensions>
          <power>130</power>
          <gpxtpx:TrackPointExtension>
            <gpxtpx:hr>110</gpxtpx:hr>
            <gpxtpx:cad>91</gpxtpx:cad>
          </gpxtpx:TrackPointExtension>
        </extensions>
      </trkpt>
      <trkpt lat="43.343740" lon="-1.816920">
        <ele>8.4</ele>
        <time>2026-09-06T11:37:54Z</time>
        <extensions>
          <power>15</power>
          <gpxtpx:TrackPointExtension>
            <gpxtpx:hr>110</gpxtpx:hr>
            <gpxtpx:cad>93</gpxtpx:cad>
          </gpxtpx:TrackPointExtension>
        </extensions>
      </trkpt>
      <trkpt lat="43.343740" lon="-1.816920">
        <ele>8.4</ele>
        <time>2026-09-06T11:37:55Z</time>
        <extensions>
          <power>14</power>
          <gpxtpx:TrackPointExtension>
            <gpxtpx:hr>110</gpxtpx:hr>
            <gpxtpx:cad>108</gpxtpx:cad>
          </gpxtpx:TrackPointExtension>
        </extensions>
      </trkpt>
      <trkpt lat="43.343962" lon="-1.816786">
        <ele>8.0</ele>
        <time>2026-09-06T11:37:56Z</time>
        <extensions>
          <power>12</power>
          <gpxtpx:TrackPointExtension>
            <gpxtpx:hr>110</gpxtpx:hr>
            <gpxtpx:cad>105</gpxtpx:cad>
          </gpxtpx:TrackPointExtension>
        </extensions>
      </trkpt>
      <trkpt lat="43.343962" lon="-1.816786">
        <ele>8.0</ele>
        <time>2026-09-06T11:37:57Z</time>
        <extensions>
          <power>11</power>
          <gpxtpx:TrackPointExtension>
            <gpxtpx:hr>110</gpxtpx:hr>
            <gpxtpx:cad>95</gpxtpx:cad>
          </gpxtpx:TrackPointExtension>
        </extensions>
      </trkpt>
      <trkpt lat="43.343962" lon="-1.816786">
        <ele>8.0</ele>
        <time>2026-09-06T11:37:58Z</time>
        <extensions>
          <power>9</power>
          <gpxtpx:TrackPointExtension>
            <gpxtpx:hr>110</gpxtpx:hr>
            <gpxtpx:cad>88</gpxtpx:cad>
          </gpxtpx:TrackPointExtension>
        </extensions>
      </trkpt>
      <trkpt lat="43.343962" lon="-1.816786">
        <ele>8.0</ele>
        <time>2026-09-06T11:37:59Z</time>
        <extensions>
          <power>8</power>
          <gpxtpx:TrackPointExtension>
            <gpxtpx:hr>108</gpxtpx:hr>
            <gpxtpx:cad>84</gpxtpx:cad>
          </gpxtpx:TrackPointExtension>
        </extensions>
      </trkpt>
      <trkpt lat="43.344084" lon="-1.816641">
        <ele>7.8</ele>
        <time>2026-09-06T11:38:00Z</time>
        <extensions>
          <power>104</power>
          <gpxtpx:TrackPointExtension>
            <gpxtpx:hr>107</gpxtpx:hr>
            <gpxtpx:cad>71</gpxtpx:cad>
          </gpxtpx:TrackPointExtension>
        </extensions>
      </trkpt>
      <trkpt lat="43.344084" lon="-1.816641">
        <ele>7.8</ele>
        <time>2026-09-06T11:38:01Z</time>
        <extensions>
          <power>244</power>
          <gpxtpx:TrackPointExtension>
            <gpxtpx:hr>107</gpxtpx:hr>
            <gpxtpx:cad>69</gpxtpx:cad>
          </gpxtpx:TrackPointExtension>
        </extensions>
      </trkpt>
      <trkpt lat="43.344084" lon="-1.816641">
        <ele>7.8</ele>
        <time>2026-09-06T11:38:02Z</time>
        <extensions>
          <power>180</power>
          <gpxtpx:TrackPointExtension>
            <gpxtpx:hr>106</gpxtpx:hr>
            <gpxtpx:cad>111</gpxtpx:cad>
          </gpxtpx:TrackPointExtension>
        </extensions>
      </trkpt>
      <trkpt lat="43.344140" lon="-1.816565">
        <ele>7.6</ele>
        <time>2026-09-06T11:38:03Z</time>
        <extensions>
          <power>127</power>
          <gpxtpx:TrackPointExtension>
            <gpxtpx:hr>107</gpxtpx:hr>
            <gpxtpx:cad>122</gpxtpx:cad>
          </gpxtpx:TrackPointExtension>
        </extensions>
      </trkpt>
      <trkpt lat="43.344189" lon="-1.816492">
        <ele>7.8</ele>
        <time>2026-09-06T11:38:04Z</time>
        <extensions>
          <power>119</power>
          <gpxtpx:TrackPointExtension>
            <gpxtpx:hr>107</gpxtpx:hr>
            <gpxtpx:cad>91</gpxtpx:cad>
          </gpxtpx:TrackPointExtension>
        </extensions>
      </trkpt>
      <trkpt lat="43.344577" lon="-1.815932">
        <ele>7.8</ele>
        <time>2026-09-06T11:38:05Z</time>
        <extensions>
          <power>117</power>
          <gpxtpx:TrackPointExtension>
            <gpxtpx:hr>107</gpxtpx:hr>
            <gpxtpx:cad>91</gpxtpx:cad>
          </gpxtpx:TrackPointExtension>
        </extensions>
      </trkpt>
      <trkpt lat="43.344577" lon="-1.815932">
        <ele>7.8</ele>
        <time>2026-09-06T11:38:06Z</time>
        <extensions>
          <power>113</power>
          <gpxtpx:TrackPointExtension>
            <gpxtpx:hr>107</gpxtpx:hr>
            <gpxtpx:cad>91</gpxtpx:cad>
          </gpxtpx:TrackPointExtension>
        </extensions>
      </trkpt>
      <trkpt lat="43.344577" lon="-1.815932">
        <ele>7.8</ele>
        <time>2026-09-06T11:38:07Z</time>
        <extensions>
          <power>112</power>
          <gpxtpx:TrackPointExtension>
            <gpxtpx:hr>108</gpxtpx:hr>
            <gpxtpx:cad>92</gpxtpx:cad>
          </gpxtpx:TrackPointExtension>
        </extensions>
      </trkpt>
      <trkpt lat="43.344577" lon="-1.815932">
        <ele>7.8</ele>
        <time>2026-09-06T11:38:08Z</time>
        <extensions>
          <power>115</power>
          <gpxtpx:TrackPointExtension>
            <gpxtpx:hr>108</gpxtpx:hr>
            <gpxtpx:cad>92</gpxtpx:cad>
          </gpxtpx:TrackPointExtension>
        </extensions>
      </trkpt>
      <trkpt lat="43.344577" lon="-1.815932">
        <ele>7.8</ele>
        <time>2026-09-06T11:38:09Z</time>
        <extensions>
          <power>152</power>
          <gpxtpx:TrackPointExtension>
            <gpxtpx:hr>109</gpxtpx:hr>
            <gpxtpx:cad>91</gpxtpx:cad>
          </gpxtpx:TrackPointExtension>
        </extensions>
      </trkpt>
      <trkpt lat="43.344577" lon="-1.815932">
        <ele>7.8</ele>
        <time>2026-09-06T11:38:10Z</time>
        <extensions>
          <power>155</power>
          <gpxtpx:TrackPointExtension>
            <gpxtpx:hr>109</gpxtpx:hr>
            <gpxtpx:cad>88</gpxtpx:cad>
          </gpxtpx:TrackPointExtension>
        </extensions>
      </trkpt>
      <trkpt lat="43.344577" lon="-1.815932">
        <ele>7.8</ele>
        <time>2026-09-06T11:38:11Z</time>
        <extensions>
          <power>146</power>
          <gpxtpx:TrackPointExtension>
            <gpxtpx:hr>110</gpxtpx:hr>
            <gpxtpx:cad>85</gpxtpx:cad>
          </gpxtpx:TrackPointExtension>
        </extensions>
      </trkpt>
      <trkpt lat="43.344577" lon="-1.815932">
        <ele>7.8</ele>
        <time>2026-09-06T11:38:12Z</time>
        <extensions>
          <power>148</power>
          <gpxtpx:TrackPointExtension>
            <gpxtpx:hr>110</gpxtpx:hr>
            <gpxtpx:cad>86</gpxtpx:cad>
          </gpxtpx:TrackPointExtension>
        </extensions>
      </trkpt>
      <trkpt lat="43.344632" lon="-1.815852">
        <ele>7.8</ele>
        <time>2026-09-06T11:38:13Z</time>
        <extensions>
          <power>158</power>
          <gpxtpx:TrackPointExtension>
            <gpxtpx:hr>111</gpxtpx:hr>
            <gpxtpx:cad>85</gpxtpx:cad>
          </gpxtpx:TrackPointExtension>
        </extensions>
      </trkpt>
      <trkpt lat="43.345016" lon="-1.815302">
        <ele>8.0</ele>
        <time>2026-09-06T11:38:14Z</time>
        <extensions>
          <power>143</power>
          <gpxtpx:TrackPointExtension>
            <gpxtpx:hr>111</gpxtpx:hr>
            <gpxtpx:cad>86</gpxtpx:cad>
          </gpxtpx:TrackPointExtension>
        </extensions>
      </trkpt>
      <trkpt lat="43.345016" lon="-1.815302">
        <ele>8.0</ele>
        <time>2026-09-06T11:38:15Z</time>
        <extensions>
          <power>152</power>
          <gpxtpx:TrackPointExtension>
            <gpxtpx:hr>111</gpxtpx:hr>
            <gpxtpx:cad>86</gpxtpx:cad>
          </gpxtpx:TrackPointExtension>
        </extensions>
      </trkpt>
      <trkpt lat="43.345016" lon="-1.815302">
        <ele>8.0</ele>
        <time>2026-09-06T11:38:16Z</time>
        <extensions>
          <power>160</power>
          <gpxtpx:TrackPointExtension>
            <gpxtpx:hr>111</gpxtpx:hr>
            <gpxtpx:cad>86</gpxtpx:cad>
          </gpxtpx:TrackPointExtension>
        </extensions>
      </trkpt>
      <trkpt lat="43.345016" lon="-1.815302">
        <ele>8.0</ele>
        <time>2026-09-06T11:38:17Z</time>
        <extensions>
          <power>153</power>
          <gpxtpx:TrackPointExtension>
            <gpxtpx:hr>111</gpxtpx:hr>
            <gpxtpx:cad>86</gpxtpx:cad>
          </gpxtpx:TrackPointExtension>
        </extensions>
      </trkpt>
      <trkpt lat="43.345016" lon="-1.815302">
        <ele>8.0</ele>
        <time>2026-09-06T11:38:18Z</time>
        <extensions>
          <power>155</power>
          <gpxtpx:TrackPointExtension>
            <gpxtpx:hr>111</gpxtpx:hr>
            <gpxtpx:cad>85</gpxtpx:cad>
          </gpxtpx:TrackPointExtension>
        </extensions>
      </trkpt>
      <trkpt lat="43.345016" lon="-1.815302">
        <ele>8.0</ele>
        <time>2026-09-06T11:38:19Z</time>
        <extensions>
          <power>145</power>
          <gpxtpx:TrackPointExtension>
            <gpxtpx:hr>111</gpxtpx:hr>
            <gpxtpx:cad>85</gpxtpx:cad>
          </gpxtpx:TrackPointExtension>
        </extensions>
      </trkpt>
      <trkpt lat="43.345016" lon="-1.815302">
        <ele>8.0</ele>
        <time>2026-09-06T11:38:20Z</time>
        <extensions>
          <power>159</power>
          <gpxtpx:TrackPointExtension>
            <gpxtpx:hr>111</gpxtpx:hr>
            <gpxtpx:cad>86</gpxtpx:cad>
          </gpxtpx:TrackPointExtension>
        </extensions>
      </trkpt>
      <trkpt lat="43.345016" lon="-1.815302">
        <ele>8.0</ele>
        <time>2026-09-06T11:38:21Z</time>
        <extensions>
          <power>149</power>
          <gpxtpx:TrackPointExtension>
            <gpxtpx:hr>111</gpxtpx:hr>
            <gpxtpx:cad>86</gpxtpx:cad>
          </gpxtpx:TrackPointExtension>
        </extensions>
      </trkpt>
      <trkpt lat="43.345123" lon="-1.815145">
        <ele>8.4</ele>
        <time>2026-09-06T11:38:22Z</time>
        <extensions>
          <power>149</power>
          <gpxtpx:TrackPointExtension>
            <gpxtpx:hr>111</gpxtpx:hr>
            <gpxtpx:cad>85</gpxtpx:cad>
          </gpxtpx:TrackPointExtension>
        </extensions>
      </trkpt>
      <trkpt lat="43.345123" lon="-1.815145">
        <ele>8.4</ele>
        <time>2026-09-06T11:38:23Z</time>
        <extensions>
          <power>152</power>
          <gpxtpx:TrackPointExtension>
            <gpxtpx:hr>111</gpxtpx:hr>
            <gpxtpx:cad>85</gpxtpx:cad>
          </gpxtpx:TrackPointExtension>
        </extensions>
      </trkpt>
      <trkpt lat="43.345507" lon="-1.814607">
        <ele>8.8</ele>
        <time>2026-09-06T11:38:24Z</time>
        <extensions>
          <power>191</power>
          <gpxtpx:TrackPointExtension>
            <gpxtpx:hr>111</gpxtpx:hr>
            <gpxtpx:cad>85</gpxtpx:cad>
          </gpxtpx:TrackPointExtension>
        </extensions>
      </trkpt>
      <trkpt lat="43.345507" lon="-1.814607">
        <ele>8.8</ele>
        <time>2026-09-06T11:38:25Z</time>
        <extensions>
          <power>211</power>
          <gpxtpx:TrackPointExtension>
            <gpxtpx:hr>111</gpxtpx:hr>
            <gpxtpx:cad>84</gpxtpx:cad>
          </gpxtpx:TrackPointExtension>
        </extensions>
      </trkpt>
      <trkpt lat="43.345507" lon="-1.814607">
        <ele>8.8</ele>
        <time>2026-09-06T11:38:26Z</time>
        <extensions>
          <power>215</power>
          <gpxtpx:TrackPointExtension>
            <gpxtpx:hr>111</gpxtpx:hr>
            <gpxtpx:cad>83</gpxtpx:cad>
          </gpxtpx:TrackPointExtension>
        </extensions>
      </trkpt>
      <trkpt lat="43.345507" lon="-1.814607">
        <ele>8.8</ele>
        <time>2026-09-06T11:38:27Z</time>
        <extensions>
          <power>149</power>
          <gpxtpx:TrackPointExtension>
            <gpxtpx:hr>111</gpxtpx:hr>
            <gpxtpx:cad>85</gpxtpx:cad>
          </gpxtpx:TrackPointExtension>
        </extensions>
      </trkpt>
      <trkpt lat="43.345507" lon="-1.814607">
        <ele>8.8</ele>
        <time>2026-09-06T11:38:28Z</time>
        <extensions>
          <power>135</power>
          <gpxtpx:TrackPointExtension>
            <gpxtpx:hr>110</gpxtpx:hr>
            <gpxtpx:cad>86</gpxtpx:cad>
          </gpxtpx:TrackPointExtension>
        </extensions>
      </trkpt>
      <trkpt lat="43.345507" lon="-1.814607">
        <ele>8.8</ele>
        <time>2026-09-06T11:38:29Z</time>
        <extensions>
          <power>167</power>
          <gpxtpx:TrackPointExtension>
            <gpxtpx:hr>111</gpxtpx:hr>
            <gpxtpx:cad>86</gpxtpx:cad>
          </gpxtpx:TrackPointExtension>
        </extensions>
      </trkpt>
      <trkpt lat="43.345507" lon="-1.814607">
        <ele>8.8</ele>
        <time>2026-09-06T11:38:30Z</time>
        <extensions>
          <power>165</power>
          <gpxtpx:TrackPointExtension>
            <gpxtpx:hr>111</gpxtpx:hr>
            <gpxtpx:cad>86</gpxtpx:cad>
          </gpxtpx:TrackPointExtension>
        </extensions>
      </trkpt>
      <trkpt lat="43.345507" lon="-1.814607">
        <ele>8.8</ele>
        <time>2026-09-06T11:38:31Z</time>
        <extensions>
          <power>152</power>
          <gpxtpx:TrackPointExtension>
            <gpxtpx:hr>111</gpxtpx:hr>
            <gpxtpx:cad>86</gpxtpx:cad>
          </gpxtpx:TrackPointExtension>
        </extensions>
      </trkpt>
      <trkpt lat="43.345785" lon="-1.814232">
        <ele>9.2</ele>
        <time>2026-09-06T11:38:32Z</time>
        <extensions>
          <power>168</power>
          <gpxtpx:TrackPointExtension>
            <gpxtpx:hr>111</gpxtpx:hr>
            <gpxtpx:cad>86</gpxtpx:cad>
          </gpxtpx:TrackPointExtension>
        </extensions>
      </trkpt>
      <trkpt lat="43.345785" lon="-1.814232">
        <ele>9.2</ele>
        <time>2026-09-06T11:38:33Z</time>
        <extensions>
          <power>153</power>
          <gpxtpx:TrackPointExtension>
            <gpxtpx:hr>111</gpxtpx:hr>
            <gpxtpx:cad>86</gpxtpx:cad>
          </gpxtpx:TrackPointExtension>
        </extensions>
      </trkpt>
      <trkpt lat="43.345785" lon="-1.814232">
        <ele>9.2</ele>
        <time>2026-09-06T11:38:34Z</time>
        <extensions>
          <power>170</power>
          <gpxtpx:TrackPointExtension>
            <gpxtpx:hr>111</gpxtpx:hr>
            <gpxtpx:cad>86</gpxtpx:cad>
          </gpxtpx:TrackPointExtension>
        </extensions>
      </trkpt>
      <trkpt lat="43.345785" lon="-1.814232">
        <ele>9.2</ele>
        <time>2026-09-06T11:38:35Z</time>
        <extensions>
          <power>172</power>
          <gpxtpx:TrackPointExtension>
            <gpxtpx:hr>110</gpxtpx:hr>
            <gpxtpx:cad>86</gpxtpx:cad>
          </gpxtpx:TrackPointExtension>
        </extensions>
      </trkpt>
      <trkpt lat="43.345785" lon="-1.814232">
        <ele>9.2</ele>
        <time>2026-09-06T11:38:36Z</time>
        <extensions>
          <power>166</power>
          <gpxtpx:TrackPointExtension>
            <gpxtpx:hr>110</gpxtpx:hr>
            <gpxtpx:cad>86</gpxtpx:cad>
          </gpxtpx:TrackPointExtension>
        </extensions>
      </trkpt>
      <trkpt lat="43.346052" lon="-1.813872">
        <ele>9.8</ele>
        <time>2026-09-06T11:38:37Z</time>
        <extensions>
          <power>177</power>
          <gpxtpx:TrackPointExtension>
            <gpxtpx:hr>111</gpxtpx:hr>
            <gpxtpx:cad>86</gpxtpx:cad>
          </gpxtpx:TrackPointExtension>
        </extensions>
      </trkpt>
      <trkpt lat="43.346052" lon="-1.813872">
        <ele>9.8</ele>
        <time>2026-09-06T11:38:38Z</time>
        <extensions>
          <power>176</power>
          <gpxtpx:TrackPointExtension>
            <gpxtpx:hr>111</gpxtpx:hr>
            <gpxtpx:cad>85</gpxtpx:cad>
          </gpxtpx:TrackPointExtension>
        </extensions>
      </trkpt>
      <trkpt lat="43.346052" lon="-1.813872">
        <ele>9.8</ele>
        <time>2026-09-06T11:38:39Z</time>
        <extensions>
          <power>189</power>
          <gpxtpx:TrackPointExtension>
            <gpxtpx:hr>111</gpxtpx:hr>
            <gpxtpx:cad>85</gpxtpx:cad>
          </gpxtpx:TrackPointExtension>
        </extensions>
      </trkpt>
      <trkpt lat="43.346052" lon="-1.813872">
        <ele>9.8</ele>
        <time>2026-09-06T11:38:40Z</time>
        <extensions>
          <power>185</power>
          <gpxtpx:TrackPointExtension>
            <gpxtpx:hr>111</gpxtpx:hr>
            <gpxtpx:cad>85</gpxtpx:cad>
          </gpxtpx:TrackPointExtension>
        </extensions>
      </trkpt>
      <trkpt lat="43.346052" lon="-1.813872">
        <ele>9.8</ele>
        <time>2026-09-06T11:38:41Z</time>
        <extensions>
          <power>189</power>
          <gpxtpx:TrackPointExtension>
            <gpxtpx:hr>111</gpxtpx:hr>
            <gpxtpx:cad>85</gpxtpx:cad>
          </gpxtpx:TrackPointExtension>
        </extensions>
      </trkpt>
      <trkpt lat="43.346052" lon="-1.813872">
        <ele>9.8</ele>
        <time>2026-09-06T11:38:42Z</time>
        <extensions>
          <power>204</power>
          <gpxtpx:TrackPointExtension>
            <gpxtpx:hr>111</gpxtpx:hr>
            <gpxtpx:cad>84</gpxtpx:cad>
          </gpxtpx:TrackPointExtension>
        </extensions>
      </trkpt>
      <trkpt lat="43.346487" lon="-1.813294">
        <ele>10.4</ele>
        <time>2026-09-06T11:38:43Z</time>
        <extensions>
          <power>195</power>
          <gpxtpx:TrackPointExtension>
            <gpxtpx:hr>111</gpxtpx:hr>
            <gpxtpx:cad>84</gpxtpx:cad>
          </gpxtpx:TrackPointExtension>
        </extensions>
      </trkpt>
      <trkpt lat="43.346487" lon="-1.813294">
        <ele>10.4</ele>
        <time>2026-09-06T11:38:44Z</time>
        <extensions>
          <power>201</power>
          <gpxtpx:TrackPointExtension>
            <gpxtpx:hr>111</gpxtpx:hr>
            <gpxtpx:cad>85</gpxtpx:cad>
          </gpxtpx:TrackPointExtension>
        </extensions>
      </trkpt>
      <trkpt lat="43.346487" lon="-1.813294">
        <ele>10.4</ele>
        <time>2026-09-06T11:38:45Z</time>
        <extensions>
          <power>176</power>
          <gpxtpx:TrackPointExtension>
            <gpxtpx:hr>111</gpxtpx:hr>
            <gpxtpx:cad>86</gpxtpx:cad>
          </gpxtpx:TrackPointExtension>
        </extensions>
      </trkpt>
      <trkpt lat="43.346487" lon="-1.813294">
        <ele>10.4</ele>
        <time>2026-09-06T11:38:46Z</time>
        <extensions>
          <power>161</power>
          <gpxtpx:TrackPointExtension>
            <gpxtpx:hr>111</gpxtpx:hr>
            <gpxtpx:cad>86</gpxtpx:cad>
          </gpxtpx:TrackPointExtension>
        </extensions>
      </trkpt>
      <trkpt lat="43.346487" lon="-1.813294">
        <ele>10.4</ele>
        <time>2026-09-06T11:38:47Z</time>
        <extensions>
          <power>177</power>
          <gpxtpx:TrackPointExtension>
            <gpxtpx:hr>110</gpxtpx:hr>
            <gpxtpx:cad>85</gpxtpx:cad>
          </gpxtpx:TrackPointExtension>
        </extensions>
      </trkpt>
      <trkpt lat="43.346487" lon="-1.813294">
        <ele>10.4</ele>
        <time>2026-09-06T11:38:48Z</time>
        <extensions>
          <power>171</power>
          <gpxtpx:TrackPointExtension>
            <gpxtpx:hr>111</gpxtpx:hr>
            <gpxtpx:cad>85</gpxtpx:cad>
          </gpxtpx:TrackPointExtension>
        </extensions>
      </trkpt>
      <trkpt lat="43.346487" lon="-1.813294">
        <ele>10.4</ele>
        <time>2026-09-06T11:38:49Z</time>
        <extensions>
          <power>171</power>
          <gpxtpx:TrackPointExtension>
            <gpxtpx:hr>111</gpxtpx:hr>
            <gpxtpx:cad>86</gpxtpx:cad>
          </gpxtpx:TrackPointExtension>
        </extensions>
      </trkpt>
      <trkpt lat="43.346487" lon="-1.813294">
        <ele>10.4</ele>
        <time>2026-09-06T11:38:50Z</time>
        <extensions>
          <power>170</power>
          <gpxtpx:TrackPointExtension>
            <gpxtpx:hr>111</gpxtpx:hr>
            <gpxtpx:cad>86</gpxtpx:cad>
          </gpxtpx:TrackPointExtension>
        </extensions>
      </trkpt>
      <trkpt lat="43.346487" lon="-1.813294">
        <ele>10.4</ele>
        <time>2026-09-06T11:38:51Z</time>
        <extensions>
          <power>165</power>
          <gpxtpx:TrackPointExtension>
            <gpxtpx:hr>112</gpxtpx:hr>
            <gpxtpx:cad>85</gpxtpx:cad>
          </gpxtpx:TrackPointExtension>
        </extensions>
      </trkpt>
      <trkpt lat="43.346913" lon="-1.812712">
        <ele>10.8</ele>
        <time>2026-09-06T11:38:52Z</time>
        <extensions>
          <power>156</power>
          <gpxtpx:TrackPointExtension>
            <gpxtpx:hr>112</gpxtpx:hr>
            <gpxtpx:cad>84</gpxtpx:cad>
          </gpxtpx:TrackPointExtension>
        </extensions>
      </trkpt>
      <trkpt lat="43.346913" lon="-1.812712">
        <ele>10.8</ele>
        <time>2026-09-06T11:38:53Z</time>
        <extensions>
          <power>163</power>
          <gpxtpx:TrackPointExtension>
            <gpxtpx:hr>112</gpxtpx:hr>
            <gpxtpx:cad>85</gpxtpx:cad>
          </gpxtpx:TrackPointExtension>
        </extensions>
      </trkpt>
      <trkpt lat="43.346913" lon="-1.812712">
        <ele>10.8</ele>
        <time>2026-09-06T11:38:54Z</time>
        <extensions>
          <power>160</power>
          <gpxtpx:TrackPointExtension>
            <gpxtpx:hr>112</gpxtpx:hr>
            <gpxtpx:cad>85</gpxtpx:cad>
          </gpxtpx:TrackPointExtension>
        </extensions>
      </trkpt>
      <trkpt lat="43.346913" lon="-1.812712">
        <ele>10.8</ele>
        <time>2026-09-06T11:38:55Z</time>
        <extensions>
          <power>159</power>
          <gpxtpx:TrackPointExtension>
            <gpxtpx:hr>111</gpxtpx:hr>
            <gpxtpx:cad>85</gpxtpx:cad>
          </gpxtpx:TrackPointExtension>
        </extensions>
      </trkpt>
      <trkpt lat="43.346913" lon="-1.812712">
        <ele>10.8</ele>
        <time>2026-09-06T11:38:56Z</time>
        <extensions>
          <power>148</power>
          <gpxtpx:TrackPointExtension>
            <gpxtpx:hr>112</gpxtpx:hr>
            <gpxtpx:cad>85</gpxtpx:cad>
          </gpxtpx:TrackPointExtension>
        </extensions>
      </trkpt>
      <trkpt lat="43.346913" lon="-1.812712">
        <ele>10.8</ele>
        <time>2026-09-06T11:38:57Z</time>
        <extensions>
          <power>150</power>
          <gpxtpx:TrackPointExtension>
            <gpxtpx:hr>112</gpxtpx:hr>
            <gpxtpx:cad>86</gpxtpx:cad>
          </gpxtpx:TrackPointExtension>
        </extensions>
      </trkpt>
      <trkpt lat="43.346913" lon="-1.812712">
        <ele>10.8</ele>
        <time>2026-09-06T11:38:58Z</time>
        <extensions>
          <power>155</power>
          <gpxtpx:TrackPointExtension>
            <gpxtpx:hr>112</gpxtpx:hr>
            <gpxtpx:cad>85</gpxtpx:cad>
          </gpxtpx:TrackPointExtension>
        </extensions>
      </trkpt>
      <trkpt lat="43.346913" lon="-1.812712">
        <ele>10.8</ele>
        <time>2026-09-06T11:38:59Z</time>
        <extensions>
          <power>157</power>
          <gpxtpx:TrackPointExtension>
            <gpxtpx:hr>112</gpxtpx:hr>
            <gpxtpx:cad>85</gpxtpx:cad>
          </gpxtpx:TrackPointExtension>
        </extensions>
      </trkpt>
      <trkpt lat="43.346966" lon="-1.812636">
        <ele>11.0</ele>
        <time>2026-09-06T11:39:00Z</time>
        <extensions>
          <power>155</power>
          <gpxtpx:TrackPointExtension>
            <gpxtpx:hr>112</gpxtpx:hr>
            <gpxtpx:cad>86</gpxtpx:cad>
          </gpxtpx:TrackPointExtension>
        </extensions>
      </trkpt>
      <trkpt lat="43.347239" lon="-1.812137">
        <ele>11.0</ele>
        <time>2026-09-06T11:39:01Z</time>
        <extensions>
          <power>146</power>
          <gpxtpx:TrackPointExtension>
            <gpxtpx:hr>111</gpxtpx:hr>
            <gpxtpx:cad>86</gpxtpx:cad>
          </gpxtpx:TrackPointExtension>
        </extensions>
      </trkpt>
      <trkpt lat="43.347239" lon="-1.812137">
        <ele>11.0</ele>
        <time>2026-09-06T11:39:02Z</time>
        <extensions>
          <power>163</power>
          <gpxtpx:TrackPointExtension>
            <gpxtpx:hr>111</gpxtpx:hr>
            <gpxtpx:cad>86</gpxtpx:cad>
          </gpxtpx:TrackPointExtension>
        </extensions>
      </trkpt>
      <trkpt lat="43.347239" lon="-1.812137">
        <ele>11.0</ele>
        <time>2026-09-06T11:39:03Z</time>
        <extensions>
          <power>184</power>
          <gpxtpx:TrackPointExtension>
            <gpxtpx:hr>111</gpxtpx:hr>
            <gpxtpx:cad>84</gpxtpx:cad>
          </gpxtpx:TrackPointExtension>
        </extensions>
      </trkpt>
      <trkpt lat="43.347239" lon="-1.812137">
        <ele>11.0</ele>
        <time>2026-09-06T11:39:04Z</time>
        <extensions>
          <power>170</power>
          <gpxtpx:TrackPointExtension>
            <gpxtpx:hr>111</gpxtpx:hr>
            <gpxtpx:cad>84</gpxtpx:cad>
          </gpxtpx:TrackPointExtension>
        </extensions>
      </trkpt>
      <trkpt lat="43.347239" lon="-1.812137">
        <ele>11.0</ele>
        <time>2026-09-06T11:39:05Z</time>
        <extensions>
          <power>150</power>
          <gpxtpx:TrackPointExtension>
            <gpxtpx:hr>111</gpxtpx:hr>
            <gpxtpx:cad>85</gpxtpx:cad>
          </gpxtpx:TrackPointExtension>
        </extensions>
      </trkpt>
      <trkpt lat="43.347239" lon="-1.812137">
        <ele>11.0</ele>
        <time>2026-09-06T11:39:06Z</time>
        <extensions>
          <power>144</power>
          <gpxtpx:TrackPointExtension>
            <gpxtpx:hr>111</gpxtpx:hr>
            <gpxtpx:cad>86</gpxtpx:cad>
          </gpxtpx:TrackPointExtension>
        </extensions>
      </trkpt>
      <trkpt lat="43.347239" lon="-1.812137">
        <ele>11.0</ele>
        <time>2026-09-06T11:39:07Z</time>
        <extensions>
          <power>150</power>
          <gpxtpx:TrackPointExtension>
            <gpxtpx:hr>111</gpxtpx:hr>
            <gpxtpx:cad>86</gpxtpx:cad>
          </gpxtpx:TrackPointExtension>
        </extensions>
      </trkpt>
      <trkpt lat="43.347375" lon="-1.811662">
        <ele>11.6</ele>
        <time>2026-09-06T11:39:08Z</time>
        <extensions>
          <power>152</power>
          <gpxtpx:TrackPointExtension>
            <gpxtpx:hr>111</gpxtpx:hr>
            <gpxtpx:cad>85</gpxtpx:cad>
          </gpxtpx:TrackPointExtension>
        </extensions>
      </trkpt>
      <trkpt lat="43.347375" lon="-1.811662">
        <ele>11.6</ele>
        <time>2026-09-06T11:39:09Z</time>
        <extensions>
          <power>143</power>
          <gpxtpx:TrackPointExtension>
            <gpxtpx:hr>111</gpxtpx:hr>
            <gpxtpx:cad>85</gpxtpx:cad>
          </gpxtpx:TrackPointExtension>
        </extensions>
      </trkpt>
      <trkpt lat="43.347375" lon="-1.811662">
        <ele>11.6</ele>
        <time>2026-09-06T11:39:10Z</time>
        <extensions>
          <power>170</power>
          <gpxtpx:TrackPointExtension>
            <gpxtpx:hr>111</gpxtpx:hr>
            <gpxtpx:cad>86</gpxtpx:cad>
          </gpxtpx:TrackPointExtension>
        </extensions>
      </trkpt>
      <trkpt lat="43.347375" lon="-1.811662">
        <ele>11.6</ele>
        <time>2026-09-06T11:39:11Z</time>
        <extensions>
          <power>202</power>
          <gpxtpx:TrackPointExtension>
            <gpxtpx:hr>111</gpxtpx:hr>
            <gpxtpx:cad>84</gpxtpx:cad>
          </gpxtpx:TrackPointExtension>
        </extensions>
      </trkpt>
      <trkpt lat="43.347375" lon="-1.811662">
        <ele>11.6</ele>
        <time>2026-09-06T11:39:12Z</time>
        <extensions>
          <power>193</power>
          <gpxtpx:TrackPointExtension>
            <gpxtpx:hr>110</gpxtpx:hr>
            <gpxtpx:cad>83</gpxtpx:cad>
          </gpxtpx:TrackPointExtension>
        </extensions>
      </trkpt>
      <trkpt lat="43.347393" lon="-1.811565">
        <ele>11.6</ele>
        <time>2026-09-06T11:39:13Z</time>
        <extensions>
          <power>195</power>
          <gpxtpx:TrackPointExtension>
            <gpxtpx:hr>111</gpxtpx:hr>
            <gpxtpx:cad>83</gpxtpx:cad>
          </gpxtpx:TrackPointExtension>
        </extensions>
      </trkpt>
      <trkpt lat="43.347471" lon="-1.811171">
        <ele>12.2</ele>
        <time>2026-09-06T11:39:14Z</time>
        <extensions>
          <power>175</power>
          <gpxtpx:TrackPointExtension>
            <gpxtpx:hr>111</gpxtpx:hr>
            <gpxtpx:cad>84</gpxtpx:cad>
          </gpxtpx:TrackPointExtension>
        </extensions>
      </trkpt>
      <trkpt lat="43.347471" lon="-1.811171">
        <ele>12.2</ele>
        <time>2026-09-06T11:39:15Z</time>
        <extensions>
          <power>152</power>
          <gpxtpx:TrackPointExtension>
            <gpxtpx:hr>111</gpxtpx:hr>
            <gpxtpx:cad>85</gpxtpx:cad>
          </gpxtpx:TrackPointExtension>
        </extensions>
      </trkpt>
      <trkpt lat="43.347471" lon="-1.811171">
        <ele>12.2</ele>
        <time>2026-09-06T11:39:16Z</time>
        <extensions>
          <power>177</power>
          <gpxtpx:TrackPointExtension>
            <gpxtpx:hr>111</gpxtpx:hr>
            <gpxtpx:cad>85</gpxtpx:cad>
          </gpxtpx:TrackPointExtension>
        </extensions>
      </trkpt>
      <trkpt lat="43.347471" lon="-1.811171">
        <ele>12.2</ele>
        <time>2026-09-06T11:39:17Z</time>
        <extensions>
          <power>228</power>
          <gpxtpx:TrackPointExtension>
            <gpxtpx:hr>111</gpxtpx:hr>
            <gpxtpx:cad>84</gpxtpx:cad>
          </gpxtpx:TrackPointExtension>
        </extensions>
      </trkpt>
      <trkpt lat="43.347543" lon="-1.810460">
        <ele>12.2</ele>
        <time>2026-09-06T11:39:18Z</time>
        <extensions>
          <power>219</power>
          <gpxtpx:TrackPointExtension>
            <gpxtpx:hr>111</gpxtpx:hr>
            <gpxtpx:cad>83</gpxtpx:cad>
          </gpxtpx:TrackPointExtension>
        </extensions>
      </trkpt>
      <trkpt lat="43.347543" lon="-1.810460">
        <ele>12.2</ele>
        <time>2026-09-06T11:39:19Z</time>
        <extensions>
          <power>219</power>
          <gpxtpx:TrackPointExtension>
            <gpxtpx:hr>111</gpxtpx:hr>
            <gpxtpx:cad>83</gpxtpx:cad>
          </gpxtpx:TrackPointExtension>
        </extensions>
      </trkpt>
      <trkpt lat="43.347543" lon="-1.810460">
        <ele>12.2</ele>
        <time>2026-09-06T11:39:20Z</time>
        <extensions>
          <power>218</power>
          <gpxtpx:TrackPointExtension>
            <gpxtpx:hr>111</gpxtpx:hr>
            <gpxtpx:cad>85</gpxtpx:cad>
          </gpxtpx:TrackPointExtension>
        </extensions>
      </trkpt>
      <trkpt lat="43.347543" lon="-1.810460">
        <ele>12.2</ele>
        <time>2026-09-06T11:39:21Z</time>
        <extensions>
          <power>170</power>
          <gpxtpx:TrackPointExtension>
            <gpxtpx:hr>111</gpxtpx:hr>
            <gpxtpx:cad>85</gpxtpx:cad>
          </gpxtpx:TrackPointExtension>
        </extensions>
      </trkpt>
      <trkpt lat="43.347543" lon="-1.810460">
        <ele>12.2</ele>
        <time>2026-09-06T11:39:22Z</time>
        <extensions>
          <power>141</power>
          <gpxtpx:TrackPointExtension>
            <gpxtpx:hr>112</gpxtpx:hr>
            <gpxtpx:cad>87</gpxtpx:cad>
          </gpxtpx:TrackPointExtension>
        </extensions>
      </trkpt>
      <trkpt lat="43.347543" lon="-1.810460">
        <ele>12.2</ele>
        <time>2026-09-06T11:39:23Z</time>
        <extensions>
          <power>144</power>
          <gpxtpx:TrackPointExtension>
            <gpxtpx:hr>111</gpxtpx:hr>
            <gpxtpx:cad>88</gpxtpx:cad>
          </gpxtpx:TrackPointExtension>
        </extensions>
      </trkpt>
      <trkpt lat="43.347543" lon="-1.810460">
        <ele>12.2</ele>
        <time>2026-09-06T11:39:24Z</time>
        <extensions>
          <power>148</power>
          <gpxtpx:TrackPointExtension>
            <gpxtpx:hr>111</gpxtpx:hr>
            <gpxtpx:cad>87</gpxtpx:cad>
          </gpxtpx:TrackPointExtension>
        </extensions>
      </trkpt>
      <trkpt lat="43.347543" lon="-1.810460">
        <ele>12.2</ele>
        <time>2026-09-06T11:39:25Z</time>
        <extensions>
          <power>150</power>
          <gpxtpx:TrackPointExtension>
            <gpxtpx:hr>111</gpxtpx:hr>
            <gpxtpx:cad>86</gpxtpx:cad>
          </gpxtpx:TrackPointExtension>
        </extensions>
      </trkpt>
      <trkpt lat="43.347548" lon="-1.810001">
        <ele>11.0</ele>
        <time>2026-09-06T11:39:26Z</time>
        <extensions>
          <power>148</power>
          <gpxtpx:TrackPointExtension>
            <gpxtpx:hr>111</gpxtpx:hr>
            <gpxtpx:cad>86</gpxtpx:cad>
          </gpxtpx:TrackPointExtension>
        </extensions>
      </trkpt>
      <trkpt lat="43.347548" lon="-1.810001">
        <ele>11.0</ele>
        <time>2026-09-06T11:39:27Z</time>
        <extensions>
          <power>148</power>
          <gpxtpx:TrackPointExtension>
            <gpxtpx:hr>110</gpxtpx:hr>
            <gpxtpx:cad>85</gpxtpx:cad>
          </gpxtpx:TrackPointExtension>
        </extensions>
      </trkpt>
      <trkpt lat="43.347548" lon="-1.810001">
        <ele>11.0</ele>
        <time>2026-09-06T11:39:28Z</time>
        <extensions>
          <power>105</power>
          <gpxtpx:TrackPointExtension>
            <gpxtpx:hr>110</gpxtpx:hr>
            <gpxtpx:cad>86</gpxtpx:cad>
          </gpxtpx:TrackPointExtension>
        </extensions>
      </trkpt>
      <trkpt lat="43.347548" lon="-1.810001">
        <ele>11.0</ele>
        <time>2026-09-06T11:39:29Z</time>
        <extensions>
          <power>148</power>
          <gpxtpx:TrackPointExtension>
            <gpxtpx:hr>110</gpxtpx:hr>
            <gpxtpx:cad>86</gpxtpx:cad>
          </gpxtpx:TrackPointExtension>
        </extensions>
      </trkpt>
      <trkpt lat="43.347548" lon="-1.810001">
        <ele>11.0</ele>
        <time>2026-09-06T11:39:30Z</time>
        <extensions>
          <power>152</power>
          <gpxtpx:TrackPointExtension>
            <gpxtpx:hr>110</gpxtpx:hr>
            <gpxtpx:cad>86</gpxtpx:cad>
          </gpxtpx:TrackPointExtension>
        </extensions>
      </trkpt>
      <trkpt lat="43.347543" lon="-1.809875">
        <ele>10.4</ele>
        <time>2026-09-06T11:39:31Z</time>
        <extensions>
          <power>115</power>
          <gpxtpx:TrackPointExtension>
            <gpxtpx:hr>110</gpxtpx:hr>
            <gpxtpx:cad>91</gpxtpx:cad>
          </gpxtpx:TrackPointExtension>
        </extensions>
      </trkpt>
      <trkpt lat="43.347534" lon="-1.809745">
        <ele>9.6</ele>
        <time>2026-09-06T11:39:32Z</time>
        <extensions>
          <power>108</power>
          <gpxtpx:TrackPointExtension>
            <gpxtpx:hr>111</gpxtpx:hr>
            <gpxtpx:cad>92</gpxtpx:cad>
          </gpxtpx:TrackPointExtension>
        </extensions>
      </trkpt>
      <trkpt lat="43.347511" lon="-1.809479">
        <ele>8.6</ele>
        <time>2026-09-06T11:39:33Z</time>
        <extensions>
          <power>110</power>
          <gpxtpx:TrackPointExtension>
            <gpxtpx:hr>110</gpxtpx:hr>
            <gpxtpx:cad>93</gpxtpx:cad>
          </gpxtpx:TrackPointExtension>
        </extensions>
      </trkpt>
      <trkpt lat="43.347511" lon="-1.809479">
        <ele>8.6</ele>
        <time>2026-09-06T11:39:34Z</time>
        <extensions>
          <power>110</power>
          <gpxtpx:TrackPointExtension>
            <gpxtpx:hr>110</gpxtpx:hr>
            <gpxtpx:cad>94</gpxtpx:cad>
          </gpxtpx:TrackPointExtension>
        </extensions>
      </trkpt>
      <trkpt lat="43.347511" lon="-1.809479">
        <ele>8.6</ele>
        <time>2026-09-06T11:39:35Z</time>
        <extensions>
          <power>119</power>
          <gpxtpx:TrackPointExtension>
            <gpxtpx:hr>110</gpxtpx:hr>
            <gpxtpx:cad>94</gpxtpx:cad>
          </gpxtpx:TrackPointExtension>
        </extensions>
      </trkpt>
      <trkpt lat="43.347473" lon="-1.809080">
        <ele>7.6</ele>
        <time>2026-09-06T11:39:36Z</time>
        <extensions>
          <power>111</power>
          <gpxtpx:TrackPointExtension>
            <gpxtpx:hr>110</gpxtpx:hr>
            <gpxtpx:cad>94</gpxtpx:cad>
          </gpxtpx:TrackPointExtension>
        </extensions>
      </trkpt>
      <trkpt lat="43.347473" lon="-1.809080">
        <ele>7.6</ele>
        <time>2026-09-06T11:39:37Z</time>
        <extensions>
          <power>104</power>
          <gpxtpx:TrackPointExtension>
            <gpxtpx:hr>110</gpxtpx:hr>
            <gpxtpx:cad>94</gpxtpx:cad>
          </gpxtpx:TrackPointExtension>
        </extensions>
      </trkpt>
      <trkpt lat="43.347473" lon="-1.809080">
        <ele>7.6</ele>
        <time>2026-09-06T11:39:38Z</time>
        <extensions>
          <power>122</power>
          <gpxtpx:TrackPointExtension>
            <gpxtpx:hr>110</gpxtpx:hr>
            <gpxtpx:cad>96</gpxtpx:cad>
          </gpxtpx:TrackPointExtension>
        </extensions>
      </trkpt>
      <trkpt lat="43.347473" lon="-1.809080">
        <ele>7.6</ele>
        <time>2026-09-06T11:39:39Z</time>
        <extensions>
          <power>112</power>
          <gpxtpx:TrackPointExtension>
            <gpxtpx:hr>110</gpxtpx:hr>
            <gpxtpx:cad>97</gpxtpx:cad>
          </gpxtpx:TrackPointExtension>
        </extensions>
      </trkpt>
      <trkpt lat="43.347459" lon="-1.808951">
        <ele>7.6</ele>
        <time>2026-09-06T11:39:40Z</time>
        <extensions>
          <power>14</power>
          <gpxtpx:TrackPointExtension>
            <gpxtpx:hr>110</gpxtpx:hr>
            <gpxtpx:cad>101</gpxtpx:cad>
          </gpxtpx:TrackPointExtension>
        </extensions>
      </trkpt>
      <trkpt lat="43.347394" lon="-1.808335">
        <ele>7.4</ele>
        <time>2026-09-06T11:39:41Z</time>
        <extensions>
          <power>12</power>
          <gpxtpx:TrackPointExtension>
            <gpxtpx:hr>110</gpxtpx:hr>
            <gpxtpx:cad>111</gpxtpx:cad>
          </gpxtpx:TrackPointExtension>
        </extensions>
      </trkpt>
      <trkpt lat="43.347394" lon="-1.808335">
        <ele>7.4</ele>
        <time>2026-09-06T11:39:42Z</time>
        <extensions>
          <power>11</power>
          <gpxtpx:TrackPointExtension>
            <gpxtpx:hr>110</gpxtpx:hr>
            <gpxtpx:cad>101</gpxtpx:cad>
          </gpxtpx:TrackPointExtension>
        </extensions>
      </trkpt>
      <trkpt lat="43.347394" lon="-1.808335">
        <ele>7.4</ele>
        <time>2026-09-06T11:39:43Z</time>
        <extensions>
          <power>10</power>
          <gpxtpx:TrackPointExtension>
            <gpxtpx:hr>109</gpxtpx:hr>
            <gpxtpx:cad>95</gpxtpx:cad>
          </gpxtpx:TrackPointExtension>
        </extensions>
      </trkpt>
      <trkpt lat="43.347394" lon="-1.808335">
        <ele>7.4</ele>
        <time>2026-09-06T11:39:44Z</time>
        <extensions>
          <power>10</power>
          <gpxtpx:TrackPointExtension>
            <gpxtpx:hr>109</gpxtpx:hr>
            <gpxtpx:cad>92</gpxtpx:cad>
          </gpxtpx:TrackPointExtension>
        </extensions>
      </trkpt>
      <trkpt lat="43.347394" lon="-1.808335">
        <ele>7.4</ele>
        <time>2026-09-06T11:39:45Z</time>
        <extensions>
          <power>7</power>
          <gpxtpx:TrackPointExtension>
            <gpxtpx:hr>107</gpxtpx:hr>
            <gpxtpx:cad>80</gpxtpx:cad>
          </gpxtpx:TrackPointExtension>
        </extensions>
      </trkpt>
      <trkpt lat="43.347394" lon="-1.808335">
        <ele>7.4</ele>
        <time>2026-09-06T11:39:46Z</time>
        <extensions>
          <power>5</power>
          <gpxtpx:TrackPointExtension>
            <gpxtpx:hr>106</gpxtpx:hr>
            <gpxtpx:cad>73</gpxtpx:cad>
          </gpxtpx:TrackPointExtension>
        </extensions>
      </trkpt>
      <trkpt lat="43.347394" lon="-1.808335">
        <ele>7.4</ele>
        <time>2026-09-06T11:39:47Z</time>
        <extensions>
          <power>3</power>
          <gpxtpx:TrackPointExtension>
            <gpxtpx:hr>105</gpxtpx:hr>
            <gpxtpx:cad>67</gpxtpx:cad>
          </gpxtpx:TrackPointExtension>
        </extensions>
      </trkpt>
      <trkpt lat="43.347394" lon="-1.808335">
        <ele>7.4</ele>
        <time>2026-09-06T11:39:48Z</time>
        <extensions>
          <power>3</power>
          <gpxtpx:TrackPointExtension>
            <gpxtpx:hr>104</gpxtpx:hr>
            <gpxtpx:cad>61</gpxtpx:cad>
          </gpxtpx:TrackPointExtension>
        </extensions>
      </trkpt>
      <trkpt lat="43.347368" lon="-1.808095">
        <ele>6.8</ele>
        <time>2026-09-06T11:39:49Z</time>
        <extensions>
          <power>3</power>
          <gpxtpx:TrackPointExtension>
            <gpxtpx:hr>104</gpxtpx:hr>
            <gpxtpx:cad>61</gpxtpx:cad>
          </gpxtpx:TrackPointExtension>
        </extensions>
      </trkpt>
      <trkpt lat="43.347368" lon="-1.808095">
        <ele>6.8</ele>
        <time>2026-09-06T11:39:50Z</time>
        <extensions>
          <power>2</power>
          <gpxtpx:TrackPointExtension>
            <gpxtpx:hr>103</gpxtpx:hr>
            <gpxtpx:cad>53</gpxtpx:cad>
          </gpxtpx:TrackPointExtension>
        </extensions>
      </trkpt>
      <trkpt lat="43.347368" lon="-1.808095">
        <ele>6.8</ele>
        <time>2026-09-06T11:39:51Z</time>
        <extensions>
          <power>2</power>
          <gpxtpx:TrackPointExtension>
            <gpxtpx:hr>102</gpxtpx:hr>
            <gpxtpx:cad>53</gpxtpx:cad>
          </gpxtpx:TrackPointExtension>
        </extensions>
      </trkpt>
      <trkpt lat="43.347368" lon="-1.808095">
        <ele>6.8</ele>
        <time>2026-09-06T11:39:52Z</time>
        <extensions>
          <power>0</power>
          <gpxtpx:TrackPointExtension>
            <gpxtpx:hr>101</gpxtpx:hr>
            <gpxtpx:cad>0</gpxtpx:cad>
          </gpxtpx:TrackPointExtension>
        </extensions>
      </trkpt>
      <trkpt lat="43.347368" lon="-1.808095">
        <ele>6.8</ele>
        <time>2026-09-06T11:39:53Z</time>
        <extensions>
          <power>0</power>
          <gpxtpx:TrackPointExtension>
            <gpxtpx:hr>101</gpxtpx:hr>
            <gpxtpx:cad>0</gpxtpx:cad>
          </gpxtpx:TrackPointExtension>
        </extensions>
      </trkpt>
      <trkpt lat="43.347368" lon="-1.808095">
        <ele>6.8</ele>
        <time>2026-09-06T11:39:54Z</time>
        <extensions>
          <power>0</power>
          <gpxtpx:TrackPointExtension>
            <gpxtpx:hr>100</gpxtpx:hr>
            <gpxtpx:cad>0</gpxtpx:cad>
          </gpxtpx:TrackPointExtension>
        </extensions>
      </trkpt>
      <trkpt lat="43.347368" lon="-1.808095">
        <ele>6.8</ele>
        <time>2026-09-06T11:39:55Z</time>
        <extensions>
          <power>0</power>
          <gpxtpx:TrackPointExtension>
            <gpxtpx:hr>100</gpxtpx:hr>
            <gpxtpx:cad>0</gpxtpx:cad>
          </gpxtpx:TrackPointExtension>
        </extensions>
      </trkpt>
      <trkpt lat="43.347306" lon="-1.807506">
        <ele>7.0</ele>
        <time>2026-09-06T11:39:56Z</time>
        <extensions>
          <power>0</power>
          <gpxtpx:TrackPointExtension>
            <gpxtpx:hr>100</gpxtpx:hr>
            <gpxtpx:cad>0</gpxtpx:cad>
          </gpxtpx:TrackPointExtension>
        </extensions>
      </trkpt>
      <trkpt lat="43.347306" lon="-1.807506">
        <ele>7.0</ele>
        <time>2026-09-06T11:39:57Z</time>
        <extensions>
          <power>0</power>
          <gpxtpx:TrackPointExtension>
            <gpxtpx:hr>100</gpxtpx:hr>
            <gpxtpx:cad>0</gpxtpx:cad>
          </gpxtpx:TrackPointExtension>
        </extensions>
      </trkpt>
      <trkpt lat="43.347306" lon="-1.807506">
        <ele>7.0</ele>
        <time>2026-09-06T11:39:58Z</time>
        <extensions>
          <power>0</power>
          <gpxtpx:TrackPointExtension>
            <gpxtpx:hr>100</gpxtpx:hr>
            <gpxtpx:cad>0</gpxtpx:cad>
          </gpxtpx:TrackPointExtension>
        </extensions>
      </trkpt>
      <trkpt lat="43.347306" lon="-1.807506">
        <ele>7.0</ele>
        <time>2026-09-06T11:39:59Z</time>
        <extensions>
          <power>0</power>
          <gpxtpx:TrackPointExtension>
            <gpxtpx:hr>101</gpxtpx:hr>
            <gpxtpx:cad>0</gpxtpx:cad>
          </gpxtpx:TrackPointExtension>
        </extensions>
      </trkpt>
      <trkpt lat="43.347306" lon="-1.807506">
        <ele>7.0</ele>
        <time>2026-09-06T11:40:00Z</time>
        <extensions>
          <power>0</power>
          <gpxtpx:TrackPointExtension>
            <gpxtpx:hr>102</gpxtpx:hr>
            <gpxtpx:cad>0</gpxtpx:cad>
          </gpxtpx:TrackPointExtension>
        </extensions>
      </trkpt>
      <trkpt lat="43.347306" lon="-1.807506">
        <ele>7.0</ele>
        <time>2026-09-06T11:40:01Z</time>
        <extensions>
          <power>0</power>
          <gpxtpx:TrackPointExtension>
            <gpxtpx:hr>102</gpxtpx:hr>
            <gpxtpx:cad>0</gpxtpx:cad>
          </gpxtpx:TrackPointExtension>
        </extensions>
      </trkpt>
      <trkpt lat="43.347306" lon="-1.807506">
        <ele>7.0</ele>
        <time>2026-09-06T11:40:02Z</time>
        <extensions>
          <power>0</power>
          <gpxtpx:TrackPointExtension>
            <gpxtpx:hr>102</gpxtpx:hr>
            <gpxtpx:cad>0</gpxtpx:cad>
          </gpxtpx:TrackPointExtension>
        </extensions>
      </trkpt>
      <trkpt lat="43.347306" lon="-1.807506">
        <ele>7.0</ele>
        <time>2026-09-06T11:40:03Z</time>
        <extensions>
          <power>0</power>
          <gpxtpx:TrackPointExtension>
            <gpxtpx:hr>103</gpxtpx:hr>
            <gpxtpx:cad>0</gpxtpx:cad>
          </gpxtpx:TrackPointExtension>
        </extensions>
      </trkpt>
      <trkpt lat="43.347306" lon="-1.807506">
        <ele>7.0</ele>
        <time>2026-09-06T11:40:04Z</time>
        <extensions>
          <power>0</power>
          <gpxtpx:TrackPointExtension>
            <gpxtpx:hr>104</gpxtpx:hr>
            <gpxtpx:cad>0</gpxtpx:cad>
          </gpxtpx:TrackPointExtension>
        </extensions>
      </trkpt>
      <trkpt lat="43.347306" lon="-1.807506">
        <ele>7.0</ele>
        <time>2026-09-06T11:40:05Z</time>
        <extensions>
          <power>0</power>
          <gpxtpx:TrackPointExtension>
            <gpxtpx:hr>103</gpxtpx:hr>
            <gpxtpx:cad>0</gpxtpx:cad>
          </gpxtpx:TrackPointExtension>
        </extensions>
      </trkpt>
      <trkpt lat="43.347306" lon="-1.807506">
        <ele>7.0</ele>
        <time>2026-09-06T11:40:06Z</time>
        <extensions>
          <power>0</power>
          <gpxtpx:TrackPointExtension>
            <gpxtpx:hr>102</gpxtpx:hr>
            <gpxtpx:cad>0</gpxtpx:cad>
          </gpxtpx:TrackPointExtension>
        </extensions>
      </trkpt>
      <trkpt lat="43.347306" lon="-1.807506">
        <ele>7.0</ele>
        <time>2026-09-06T11:40:07Z</time>
        <extensions>
          <power>0</power>
          <gpxtpx:TrackPointExtension>
            <gpxtpx:hr>100</gpxtpx:hr>
            <gpxtpx:cad>34</gpxtpx:cad>
          </gpxtpx:TrackPointExtension>
        </extensions>
      </trkpt>
      <trkpt lat="43.347306" lon="-1.807506">
        <ele>7.0</ele>
        <time>2026-09-06T11:40:08Z</time>
        <extensions>
          <power>0</power>
          <gpxtpx:TrackPointExtension>
            <gpxtpx:hr>100</gpxtpx:hr>
            <gpxtpx:cad>34</gpxtpx:cad>
          </gpxtpx:TrackPointExtension>
        </extensions>
      </trkpt>
      <trkpt lat="43.347306" lon="-1.807506">
        <ele>7.0</ele>
        <time>2026-09-06T11:40:09Z</time>
        <extensions>
          <power>119</power>
          <gpxtpx:TrackPointExtension>
            <gpxtpx:hr>98</gpxtpx:hr>
            <gpxtpx:cad>29</gpxtpx:cad>
          </gpxtpx:TrackPointExtension>
        </extensions>
      </trkpt>
      <trkpt lat="43.347306" lon="-1.807506">
        <ele>7.0</ele>
        <time>2026-09-06T11:40:10Z</time>
        <extensions>
          <power>148</power>
          <gpxtpx:TrackPointExtension>
            <gpxtpx:hr>98</gpxtpx:hr>
            <gpxtpx:cad>33</gpxtpx:cad>
          </gpxtpx:TrackPointExtension>
        </extensions>
      </trkpt>
      <trkpt lat="43.347306" lon="-1.807506">
        <ele>7.0</ele>
        <time>2026-09-06T11:40:11Z</time>
        <extensions>
          <power>124</power>
          <gpxtpx:TrackPointExtension>
            <gpxtpx:hr>98</gpxtpx:hr>
            <gpxtpx:cad>53</gpxtpx:cad>
          </gpxtpx:TrackPointExtension>
        </extensions>
      </trkpt>
    </trkseg>
  </trk>
</gpx>