Sesión;Usuario;Fecha y hora;Tiempo desde inicio (s);Velocidad (km/h);Potencia (W);Cadencia (rpm);Pulso (bpm);Pendiente (%);Marcha virtual;Relación;Elevación (m);Latitud;Longitud;Distancia (km)
23;DR;2026-09-06T11:09:27.254Z;46.8;24.82;110;75;82;-2.54;7;2.08;68.6;43.317814;-1.929720;0.000
23;DR;2026-09-06T11:09:28.235Z;47.8;25.09;121;76;83;-2.54;7;2.08;68.6;43.317814;-1.929720;0.003
23;DR;2026-09-06T11:09:29.247Z;48.8;25.50;108;77;83;-2.54;7;2.08;68.0;43.317968;-1.929519;0.011
23;DR;2026-09-06T11:09:30.237Z;49.8;26.02;117;78;84;-2.54;7;2.08;68.0;43.317968;-1.929519;0.018
23;DR;2026-09-06T11:09:31.236Z;50.8;26.22;93;78;85;-1.55;7;2.08;68.0;43.317968;-1.929519;0.025
23;DR;2026-09-06T11:09:32.236Z;51.8;26.31;103;80;85;-1.55;7;2.08;68.2;43.318179;-1.929179;0.032
23;DR;2026-09-06T11:09:33.237Z;52.8;26.65;112;83;85;-0.55;7;2.08;68.2;43.318179;-1.929179;0.040
23;DR;2026-09-06T11:09:34.237Z;53.8;26.34;102;78;86;-0.55;7;2.08;68.2;43.318179;-1.929179;0.047
23;DR;2026-09-06T11:09:35.238Z;54.8;24.59;17;72;89;0.16;7;2.08;68.2;43.318179;-1.929179;0.054
23;DR;2026-09-06T11:09:36.244Z;55.8;22.28;5;76;86;0.16;7;2.08;68.2;43.318179;-1.929179;0.061
23;DR;2026-09-06T11:09:37.290Z;56.8;19.91;5;76;86;0.68;7;2.08;68.4;43.318256;-1.929021;0.067
23;DR;2026-09-06T11:09:38.236Z;57.8;17.51;11;70;86;0.68;7;2.08;68.4;43.318256;-1.929021;0.072
23;DR;2026-09-06T11:09:39.240Z;58.8;14.90;11;70;85;0.10;7;2.08;68.4;43.318256;-1.929021;0.076
23;DR;2026-09-06T11:09:40.236Z;59.8;12.06;0;0;85;0.10;7;2.08;68.4;43.318312;-1.928869;0.080
23;DR;2026-09-06T11:09:41.238Z;60.8;9.69;7;46;85;0.00;7;2.08;68.4;43.318312;-1.928869;0.083
23;DR;2026-09-06T11:09:42.240Z;61.8;7.92;7;46;84;0.00;7;2.08;68.4;43.318312;-1.928869;0.085
23;DR;2026-09-06T11:09:43.238Z;62.8;6.37;0;0;83;-0.58;7;2.08;68.4;43.318312;-1.928869;0.087
23;DR;2026-09-06T11:09:44.245Z;63.8;4.93;0;0;83;-0.58;7;2.08;68.4;43.318312;-1.928869;0.089
23;DR;2026-09-06T11:09:45.254Z;64.8;3.61;0;0;82;-1.07;7;2.08;68.4;43.318312;-1.928869;0.090
23;DR;2026-09-06T11:09:46.240Z;65.8;2.40;0;0;82;-1.07;7;2.08;68.4;43.318321;-1.928848;0.091
23;DR;2026-09-06T11:09:47.236Z;66.8;1.29;0;0;82;-1.34;7;2.08;68.4;43.318321;-1.928848;0.091
23;DR;2026-09-06T11:09:48.256Z;67.8;0.76;0;0;82;-1.34;7;2.08;68.2;43.318375;-1.928681;0.092
23;DR;2026-09-06T11:09:49.250Z;68.8;0.00;0;0;82;-1.35;7;2.08;68.2;43.318375;-1.928681;0.092
23;DR;2026-09-06T11:09:50.236Z;69.8;0.00;0;0;82;-1.35;7;2.08;68.2;43.318375;-1.928681;0.092
23;DR;2026-09-06T11:09:51.244Z;70.8;0.00;0;0;82;-1.35;7;2.08;68.2;43.318375;-1.928681;0.092
23;DR;2026-09-06T11:09:52.254Z;71.8;0.00;0;0;82;-1.35;7;2.08;68.2;43.318375;-1.928681;0.092
23;DR;2026-09-06T11:09:53.244Z;72.8;0.00;0;0;82;-1.35;7;2.08;68.2;43.318375;-1.928681;0.092
23;DR;2026-09-06T11:09:54.254Z;73.8;0.00;0;0;82;-1.35;7;2.08;68.2;43.318375;-1.928681;0.092
23;DR;2026-09-06T11:09:55.240Z;74.8;0.00;0;0;82;-1.35;7;2.08;68.2;43.318375;-1.928681;0.092
23;DR;2026-09-06T11:09:56.236Z;75.8;0.00;0;0;82;-1.35;7;2.08;68.2;43.318375;-1.928681;0.092
23;DR;2026-09-06T11:09:57.240Z;76.8;0.00;0;0;82;-1.35;7;2.08;68.2;43.318375;-1.928681;0.092
23;DR;2026-09-06T11:09:58.243Z;77.8;0.00;0;0;84;-1.35;7;2.08;68.2;43.318375;-1.928681;0.092
23;DR;2026-09-06T11:10:04.246Z;83.8;3.65;0;0;84;-1.35;7;2.08;68.2;43.318375;-1.928681;0.095
23;DR;2026-09-06T11:10:05.240Z;84.8;7.42;0;21;83;-1.35;7;2.08;68.2;43.318375;-1.928681;0.096
23;DR;2026-09-06T11:10:06.242Z;85.8;13.12;122;20;83;-1.35;7;2.08;68.2;43.318375;-1.928681;0.099
23;DR;2026-09-06T11:10:07.238Z;86.8;19.07;195;35;83;-0.35;7;2.08;68.2;43.318375;-1.928681;0.104
23;DR;2026-09-06T11:10:08.243Z;87.8;23.15;220;58;83;-0.35;7;2.08;68.2;43.318375;-1.928681;0.110
23;DR;2026-09-06T11:10:09.250Z;88.8;25.78;184;76;84;0.12;7;2.08;68.4;43.318423;-1.928595;0.116
23;DR;2026-09-06T11:10:10.244Z;89.8;27.09;127;80;84;0.12;7;2.08;68.2;43.318526;-1.928455;0.124
23;DR;2026-09-06T11:10:11.240Z;90.8;27.53;138;83;85;-0.85;7;2.08;68.2;43.318526;-1.928455;0.131
23;DR;2026-09-06T11:10:12.235Z;91.8;25.85;95;72;85;-0.85;7;2.08;68.2;43.318660;-1.928246;0.139
23;DR;2026-09-06T11:10:13.250Z;92.8;22.99;95;72;86;0.00;7;2.08;68.2;43.318660;-1.928246;0.146
23;DR;2026-09-06T11:10:14.240Z;93.8;22.35;7;57;87;0.00;7;2.08;68.2;43.318660;-1.928246;0.152
23;DR;2026-09-06T11:10:15.243Z;94.8;24.16;199;63;85;-0.19;7;2.08;68.2;43.318660;-1.928246;0.158
23;DR;2026-09-06T11:10:16.236Z;95.8;26.00;150;78;85;-0.19;7;2.08;68.2;43.318705;-1.928200;0.165
23;DR;2026-09-06T11:10:17.250Z;96.8;26.85;144;80;86;-0.80;7;2.08;68.0;43.318919;-1.928109;0.173
23;DR;2026-09-06T11:10:18.238Z;97.8;27.13;113;82;87;-0.80;7;2.08;68.0;43.318919;-1.928109;0.180
23;DR;2026-09-06T11:10:19.238Z;98.8;27.10;104;81;87;-0.34;6;1.79;68.0;43.318919;-1.928109;0.188
23;DR;2026-09-06T11:10:20.235Z;99.8;27.03;87;83;88;-0.34;6;1.79;68.0;43.319104;-1.928191;0.195
23;DR;2026-09-06T11:10:21.247Z;100.8;26.94;103;84;88;0.00;6;1.79;68.0;43.319104;-1.928191;0.203
23;DR;2026-09-06T11:10:22.238Z;101.8;26.92;103;84;88;0.00;6;1.79;68.0;43.319104;-1.928191;0.210
23;DR;2026-09-06T11:10:23.248Z;102.8;26.81;118;81;89;-0.96;6;1.79;67.8;43.319168;-1.928235;0.218
23;DR;2026-09-06T11:10:24.240Z;103.8;26.68;126;82;92;-0.96;6;1.79;67.8;43.319334;-1.928393;0.225
23;DR;2026-09-06T11:10:25.239Z;104.8;26.91;130;80;89;0.00;6;1.79;67.8;43.319334;-1.928393;0.232
23;DR;2026-09-06T11:10:26.254Z;105.8;27.27;111;82;89;0.00;6;1.79;67.8;43.319334;-1.928393;0.240
23;DR;2026-09-06T11:10:27.237Z;106.8;27.21;120;107;89;-1.00;7;2.08;67.6;43.319381;-1.928465;0.247
23;DR;2026-09-06T11:10:28.235Z;107.8;27.05;132;109;89;-1.00;7;2.08;66.4;43.319454;-1.928636;0.255
23;DR;2026-09-06T11:10:29.242Z;108.8;27.24;140;86;89;-2.00;7;2.08;66.4;43.319454;-1.928636;0.263
23;DR;2026-09-06T11:10:30.247Z;109.8;27.62;117;81;90;-2.00;7;2.08;65.0;43.319510;-1.928845;0.270
23;DR;2026-09-06T11:10:31.238Z;110.8;27.78;100;81;90;-3.00;7;2.08;65.0;43.319510;-1.928845;0.278
23;DR;2026-09-06T11:10:32.239Z;111.8;27.71;99;85;90;-3.00;7;2.08;65.0;43.319510;-1.928845;0.286
23;DR;2026-09-06T11:10:33.240Z;112.8;27.60;92;84;91;-4.00;7;2.08;64.4;43.319533;-1.928952;0.293
23;DR;2026-09-06T11:10:34.239Z;113.8;27.55;95;85;91;-4.00;8;2.38;63.2;43.319559;-1.929066;0.301
23;DR;2026-09-06T11:10:35.246Z;114.8;27.70;109;86;91;-5.00;8;2.38;61.8;43.319605;-1.929396;0.309
23;DR;2026-09-06T11:10:36.251Z;115.8;27.73;96;84;91;-5.00;8;2.38;61.8;43.319605;-1.929396;0.316
23;DR;2026-09-06T11:10:37.251Z;116.8;27.68;101;84;92;-5.37;8;2.38;61.8;43.319605;-1.929396;0.324
23;DR;2026-09-06T11:10:38.240Z;117.8;27.62;95;85;92;-5.37;8;2.38;60.4;43.319608;-1.929682;0.332
23;DR;2026-09-06T11:10:39.243Z;118.8;27.52;94;84;92;-6.05;8;2.38;60.4;43.319608;-1.929682;0.339
23;DR;2026-09-06T11:10:40.253Z;119.8;27.56;102;84;92;-6.05;8;2.38;60.4;43.319608;-1.929682;0.347
23;DR;2026-09-06T11:10:41.238Z;120.8;27.56;97;84;92;-5.06;8;2.38;60.4;43.319608;-1.929682;0.355
23;DR;2026-09-06T11:10:42.249Z;121.8;27.61;103;85;92;-5.06;8;2.38;60.0;43.319608;-1.929847;0.362
23;DR;2026-09-06T11:10:43.235Z;122.8;27.78;108;85;92;-6.05;8;2.38;59.2;43.319643;-1.929992;0.370
23;DR;2026-09-06T11:10:44.235Z;123.8;27.81;105;84;92;-6.05;8;2.38;59.2;43.319643;-1.929992;0.378
23;DR;2026-09-06T11:10:45.245Z;124.8;27.73;97;85;92;-7.06;8;2.38;58.0;43.319755;-1.929998;0.385
23;DR;2026-09-06T11:10:46.247Z;125.8;27.72;99;86;92;-7.06;8;2.38;58.0;43.319755;-1.929998;0.393
23;DR;2026-09-06T11:10:47.249Z;126.8;27.83;108;84;92;-6.06;8;2.38;57.0;43.319769;-1.929907;0.401
23;DR;2026-09-06T11:10:48.238Z;127.8;27.80;94;83;92;-6.06;8;2.38;56.4;43.319783;-1.929727;0.409
23;DR;2026-09-06T11:10:49.249Z;128.8;27.77;109;87;92;-5.60;8;2.38;56.4;43.319783;-1.929727;0.416
23;DR;2026-09-06T11:10:50.239Z;129.8;27.85;100;86;92;-5.60;8;2.38;56.0;43.319794;-1.929634;0.424
23;DR;2026-09-06T11:10:51.237Z;130.8;27.89;101;85;92;-4.60;8;2.38;55.4;43.319814;-1.929538;0.432
23;DR;2026-09-06T11:10:52.239Z;131.8;27.99;105;86;92;-4.60;8;2.38;54.2;43.319965;-1.929118;0.439
23;DR;2026-09-06T11:10:53.249Z;132.8;28.00;103;85;92;-3.60;8;2.38;54.2;43.319965;-1.929118;0.447
23;DR;2026-09-06T11:10:54.236Z;133.8;27.91;97;84;92;-3.60;8;2.38;54.2;43.319965;-1.929118;0.455
23;DR;2026-09-06T11:10:55.249Z;134.8;27.92;98;86;92;-4.60;8;2.38;54.2;43.319965;-1.929118;0.463
23;DR;2026-09-06T11:10:56.250Z;135.8;28.02;116;86;92;-4.60;8;2.38;52.8;43.320017;-1.929016;0.471
23;DR;2026-09-06T11:10:57.248Z;136.8;28.02;94;85;92;-5.60;8;2.38;52.8;43.320017;-1.929016;0.478
23;DR;2026-09-06T11:10:58.236Z;137.8;28.05;108;84;92;-5.60;8;2.38;51.2;43.320163;-1.928688;0.486
23;DR;2026-09-06T11:10:59.236Z;138.8;28.20;108;86;92;-5.15;8;2.38;51.2;43.320163;-1.928688;0.494
23;DR;2026-09-06T11:11:00.249Z;139.8;28.35;103;86;92;-5.15;9;2.94;51.2;43.320163;-1.928688;0.502
23;DR;2026-09-06T11:11:01.236Z;140.8;28.61;117;87;92;-5.46;9;2.94;51.2;43.320163;-1.928688;0.510
23;DR;2026-09-06T11:11:02.237Z;141.8;28.82;113;89;92;-5.46;9;2.94;50.6;43.320204;-1.928566;0.518
23;DR;2026-09-06T11:11:03.236Z;142.8;28.77;94;87;92;-4.86;10;3.33;50.0;43.320242;-1.928435;0.526
23;DR;2026-09-06T11:11:04.255Z;143.8;28.76;116;87;91;-4.86;10;3.33;50.0;43.320242;-1.928435;0.534
23;DR;2026-09-06T11:11:05.239Z;144.8;28.74;94;88;92;-4.23;10;3.33;49.2;43.320273;-1.928295;0.542
23;DR;2026-09-06T11:11:06.244Z;145.8;28.71;102;89;91;-4.23;10;3.33;48.8;43.320287;-1.928153;0.550
23;DR;2026-09-06T11:11:07.240Z;146.8;28.90;114;89;92;-5.23;10;3.33;48.0;43.320273;-1.928006;0.558
23;DR;2026-09-06T11:11:08.255Z;147.8;28.97;102;87;92;-5.23;10;3.33;48.0;43.320273;-1.928006;0.566
23;DR;2026-09-06T11:11:09.246Z;148.8;28.89;105;88;92;-4.23;10;3.33;47.6;43.320241;-1.927863;0.574
23;DR;2026-09-06T11:11:10.237Z;149.8;28.82;106;88;92;-4.23;10;3.33;46.2;43.320162;-1.927567;0.582
23;DR;2026-09-06T11:11:11.237Z;150.8;28.69;92;87;92;-4.85;10;3.33;46.2;43.320162;-1.927567;0.590
23;DR;2026-09-06T11:11:12.236Z;151.8;28.62;107;87;92;-4.85;10;3.33;46.2;43.320162;-1.927567;0.598
23;DR;2026-09-06T11:11:13.243Z;152.8;28.63;102;87;92;-4.86;10;3.33;46.2;43.320162;-1.927567;0.606
23;DR;2026-09-06T11:11:14.254Z;153.8;28.57;95;88;92;-4.86;10;3.33;44.8;43.320060;-1.927286;0.614
23;DR;2026-09-06T11:11:15.239Z;154.8;28.56;104;88;92;-4.86;10;3.33;44.8;43.320060;-1.927286;0.621
23;DR;2026-09-06T11:11:16.245Z;155.8;28.73;113;88;91;-4.86;10;3.33;44.8;43.320060;-1.927286;0.629
23;DR;2026-09-06T11:11:17.241Z;156.8;28.88;105;87;91;-3.86;10;3.33;44.4;43.319933;-1.927060;0.637
23;DR;2026-09-06T11:11:18.246Z;157.8;29.14;114;97;91;-3.86;10;3.33;44.4;43.319933;-1.927060;0.646
23;DR;2026-09-06T11:11:19.242Z;158.8;29.90;157;93;91;-3.57;10;3.33;44.4;43.319933;-1.927060;0.654
23;DR;2026-09-06T11:11:20.248Z;159.8;30.57;120;80;91;-3.57;10;3.33;43.4;43.319848;-1.926819;0.662
23;DR;2026-09-06T11:11:21.244Z;160.8;30.64;102;84;91;-4.57;10;3.33;43.4;43.319848;-1.926819;0.671
23;DR;2026-09-06T11:11:22.249Z;161.8;30.67;108;87;90;-4.57;10;3.33;42.6;43.319820;-1.926697;0.679
23;DR;2026-09-06T11:11:23.245Z;162.8;31.09;134;88;90;-5.20;10;3.33;42.6;43.319820;-1.926697;0.688
23;DR;2026-09-06T11:11:24.240Z;163.8;31.52;145;88;90;-5.20;10;3.33;42.0;43.319826;-1.926570;0.696
23;DR;2026-09-06T11:11:25.245Z;164.8;31.46;93;87;90;-4.20;10;3.33;41.6;43.319841;-1.926436;0.705
23;DR;2026-09-06T11:11:26.248Z;165.8;31.05;98;87;90;-4.20;10;3.33;41.0;43.319952;-1.926220;0.714
23;DR;2026-09-06T11:11:27.237Z;166.8;30.79;107;89;89;-3.20;10;3.33;41.0;43.319952;-1.926220;0.722
23;DR;2026-09-06T11:11:28.238Z;167.8;30.73;115;88;89;-3.20;10;3.33;40.4;43.320020;-1.926139;0.731
23;DR;2026-09-06T11:11:29.248Z;168.8;30.79;115;85;90;-4.21;10;3.33;40.4;43.320020;-1.926139;0.740
23;DR;2026-09-06T11:11:30.254Z;169.8;30.83;114;86;90;-4.21;10;3.33;39.2;43.320087;-1.926054;0.748
23;DR;2026-09-06T11:11:31.249Z;170.8;30.82;108;87;91;-3.94;10;3.33;38.4;43.320217;-1.925923;0.757
23;DR;2026-09-06T11:11:32.256Z;171.8;30.71;107;87;91;-3.94;10;3.33;38.4;43.320217;-1.925923;0.765
23;DR;2026-09-06T11:11:33.249Z;172.8;30.67;108;89;91;-4.56;10;3.33;38.0;43.320279;-1.925882;0.774
23;DR;2026-09-06T11:11:34.236Z;173.8;30.76;122;87;91;-4.56;10;3.33;37.2;43.320415;-1.925839;0.782
23;DR;2026-09-06T11:11:35.242Z;174.8;30.77;106;87;91;-5.56;10;3.33;37.2;43.320415;-1.925839;0.791
23;DR;2026-09-06T11:11:36.247Z;175.8;30.76;116;87;91;-5.56;10;3.33;36.6;43.320482;-1.925846;0.799
23;DR;2026-09-06T11:11:37.253Z;176.8;30.73;112;87;91;-4.55;10;3.33;35.8;43.320646;-1.925922;0.808
23;DR;2026-09-06T11:11:38.239Z;177.8;30.66;112;89;91;-4.55;10;3.33;35.8;43.320646;-1.925922;0.816
23;DR;2026-09-06T11:11:39.236Z;178.8;30.85;130;88;91;-3.56;10;3.33;35.2;43.320719;-1.925967;0.825
23;DR;2026-09-06T11:11:40.250Z;179.8;30.99;100;84;91;-3.56;10;3.33;35.0;43.320783;-1.926004;0.834
23;DR;2026-09-06T11:11:41.236Z;180.8;30.78;100;87;91;-3.54;10;3.33;34.4;43.320902;-1.926047;0.842
23;DR;2026-09-06T11:11:42.241Z;181.8;30.58;113;92;91;-3.54;10;3.33;34.2;43.320957;-1.926031;0.851
23;DR;2026-09-06T11:11:43.237Z;182.8;30.58;114;88;92;-4.54;10;3.33;33.4;43.321052;-1.925928;0.859
23;DR;2026-09-06T11:11:44.243Z;183.8;30.63;116;88;92;-4.54;10;3.33;33.4;43.321052;-1.925928;0.868
23;DR;2026-09-06T11:11:45.238Z;184.8;30.63;107;86;92;-5.54;10;3.33;33.0;43.321085;-1.925846;0.876
23;DR;2026-09-06T11:11:46.243Z;185.8;30.55;110;86;92;-5.54;10;3.33;31.8;43.321108;-1.925657;0.885
23;DR;2026-09-06T11:11:47.237Z;186.8;30.47;108;86;92;-6.54;10;3.33;31.0;43.321117;-1.925545;0.893
23;DR;2026-09-06T11:11:48.238Z;187.8;30.33;102;86;92;-6.54;10;3.33;30.4;43.321132;-1.925423;0.902
23;DR;2026-09-06T11:11:49.241Z;188.8;30.26;117;88;91;-5.54;10;3.33;30.4;43.321132;-1.925423;0.910
23;DR;2026-09-06T11:11:50.236Z;189.8;30.36;114;86;91;-5.54;10;3.33;29.2;43.321168;-1.925178;0.918
23;DR;2026-09-06T11:11:51.236Z;190.8;30.49;120;86;91;-6.54;10;3.33;29.2;43.321168;-1.925178;0.927
23;DR;2026-09-06T11:11:52.237Z;191.8;30.51;101;85;91;-6.54;10;3.33;26.4;43.321204;-1.924913;0.935
23;DR;2026-09-06T11:11:53.242Z;192.8;30.45;111;85;92;-7.54;10;3.33;26.4;43.321204;-1.924913;0.944
23;DR;2026-09-06T11:11:54.237Z;193.8;30.52;114;86;92;-7.54;10;3.33;26.4;43.321204;-1.924913;0.952
23;DR;2026-09-06T11:11:55.240Z;194.8;30.56;115;86;92;-6.75;10;3.33;24.6;43.321243;-1.924627;0.961
23;DR;2026-09-06T11:11:56.235Z;195.8;30.50;110;86;92;-6.75;10;3.33;24.6;43.321243;-1.924627;0.969
23;DR;2026-09-06T11:11:57.235Z;196.8;30.50;113;88;92;-5.75;10;3.33;23.8;43.321260;-1.924473;0.978
23;DR;2026-09-06T11:11:58.241Z;197.8;30.58;123;91;92;-5.75;10;3.33;23.8;43.321260;-1.924473;0.986
23;DR;2026-09-06T11:11:59.246Z;198.8;30.69;124;106;92;-6.12;10;3.33;22.8;43.321270;-1.924315;0.995
23;DR;2026-09-06T11:12:00.237Z;199.8;30.64;107;102;92;-6.12;10;3.33;21.6;43.321276;-1.923995;1.003
23;DR;2026-09-06T11:12:01.238Z;200.8;30.54;111;86;92;-5.12;10;3.33;21.6;43.321276;-1.923995;1.012
23;DR;2026-09-06T11:12:02.244Z;201.8;30.49;114;112;92;-5.12;10;3.33;21.6;43.321276;-1.923995;1.020
23;DR;2026-09-06T11:12:03.240Z;202.8;30.48;113;106;92;-4.12;10;3.33;21.4;43.321275;-1.923849;1.029
23;DR;2026-09-06T11:12:04.255Z;203.8;30.41;107;83;92;-4.12;10;3.33;21.4;43.321275;-1.923849;1.037
23;DR;2026-09-06T11:12:05.247Z;204.8;30.30;105;85;92;-3.12;10;3.33;21.8;43.321267;-1.923581;1.046
23;DR;2026-09-06T11:12:06.236Z;205.8;30.30;108;86;92;-3.12;10;3.33;21.8;43.321267;-1.923581;1.054
23;DR;2026-09-06T11:12:07.245Z;206.8;30.35;117;118;92;-2.12;10;3.33;21.6;43.321263;-1.923334;1.062
23;DR;2026-09-06T11:12:08.236Z;207.8;30.41;115;120;92;-2.12;10;3.33;21.6;43.321263;-1.923334;1.071
23;DR;2026-09-06T11:12:09.249Z;208.8;30.39;105;86;92;-3.12;10;3.33;21.6;43.321263;-1.923334;1.079
23;DR;2026-09-06T11:12:10.247Z;209.8;30.31;110;83;92;-3.12;10;3.33;20.6;43.321241;-1.923067;1.088
23;DR;2026-09-06T11:12:11.244Z;210.8;30.31;111;88;92;-4.12;10;3.33;20.6;43.321241;-1.923067;1.096
23;DR;2026-09-06T11:12:12.250Z;211.8;30.41;127;87;92;-4.12;10;3.33;18.6;43.321202;-1.922776;1.105
23;DR;2026-09-06T11:12:13.251Z;212.8;30.47;108;88;92;-5.12;10;3.33;18.6;43.321202;-1.922776;1.113
23;DR;2026-09-06T11:12:14.247Z;213.8;30.37;107;105;93;-5.12;10;3.33;18.6;43.321202;-1.922776;1.121
23;DR;2026-09-06T11:12:15.247Z;214.8;30.31;115;127;93;-5.73;10;3.33;17.0;43.321136;-1.922485;1.130
23;DR;2026-09-06T11:12:16.242Z;215.8;30.33;111;113;93;-5.73;10;3.33;17.0;43.321136;-1.922485;1.138
23;DR;2026-09-06T11:12:17.238Z;216.8;30.37;117;86;92;-4.73;10;3.33;17.0;43.321136;-1.922485;1.147
23;DR;2026-09-06T11:12:18.242Z;217.8;30.36;110;84;92;-4.73;10;3.33;16.0;43.321053;-1.922062;1.155
23;DR;2026-09-06T11:12:19.239Z;218.8;30.31;111;85;92;-3.73;10;3.33;16.0;43.321053;-1.922062;1.164
23;DR;2026-09-06T11:12:20.245Z;219.8;30.33;111;85;92;-3.73;10;3.33;16.0;43.321053;-1.922062;1.172
23;DR;2026-09-06T11:12:21.251Z;220.8;30.34;112;86;92;-2.72;10;3.33;16.0;43.321053;-1.922062;1.181
23;DR;2026-09-06T11:12:22.236Z;221.8;30.36;112;86;92;-2.72;10;3.33;15.8;43.321034;-1.921926;1.189
23;DR;2026-09-06T11:12:23.252Z;222.8;30.38;112;86;92;-1.72;10;3.33;15.8;43.321034;-1.921926;1.197
23;DR;2026-09-06T11:12:24.244Z;223.8;30.38;114;86;92;-1.72;10;3.33;16.2;43.321000;-1.921793;1.206
23;DR;2026-09-06T11:12:25.244Z;224.8;30.35;110;85;92;-1.54;10;3.33;15.8;43.320884;-1.921558;1.214
23;DR;2026-09-06T11:12:26.239Z;225.8;30.33;114;86;92;-1.54;10;3.33;15.8;43.320884;-1.921558;1.223
23;DR;2026-09-06T11:12:27.240Z;226.8;30.39;111;88;92;-2.53;10;3.33;15.8;43.320884;-1.921558;1.231
23;DR;2026-09-06T11:12:28.240Z;227.8;30.54;123;85;92;-2.53;10;3.33;14.0;43.320762;-1.921319;1.239
23;DR;2026-09-06T11:12:29.239Z;228.8;30.81;132;124;91;-3.53;10;3.33;14.0;43.320762;-1.921319;1.248
23;DR;2026-09-06T11:12:30.239Z;229.8;30.95;113;108;91;-3.53;10;3.33;12.8;43.320648;-1.921064;1.257
23;DR;2026-09-06T11:12:31.247Z;230.8;30.88;110;96;91;-4.37;10;3.33;12.8;43.320648;-1.921064;1.265
23;DR;2026-09-06T11:12:32.242Z;231.8;30.80;113;87;90;-4.37;10;3.33;12.8;43.320648;-1.921064;1.274
23;DR;2026-09-06T11:12:33.237Z;232.8;30.72;107;88;91;-3.59;10;3.33;11.8;43.320527;-1.920810;1.282
23;DR;2026-09-06T11:12:34.243Z;233.8;30.68;113;87;91;-3.59;10;3.33;11.8;43.320527;-1.920810;1.291
23;DR;2026-09-06T11:12:35.236Z;234.8;30.64;115;86;91;-3.24;10;3.33;11.8;43.320527;-1.920810;1.299
23;DR;2026-09-06T11:12:36.246Z;235.8;30.53;103;115;91;-3.24;10;3.33;11.4;43.320449;-1.920694;1.308
23;DR;2026-09-06T11:12:37.251Z;236.8;30.47;117;144;91;-3.40;10;3.33;11.4;43.320449;-1.920694;1.316
23;DR;2026-09-06T11:12:38.247Z;237.8;30.52;116;114;91;-3.40;10;3.33;10.4;43.320315;-1.920443;1.325
23;DR;2026-09-06T11:12:39.241Z;238.8;30.58;118;86;92;-3.51;10;3.33;10.4;43.320315;-1.920443;1.333
23;DR;2026-09-06T11:12:40.247Z;239.8;30.63;113;87;92;-3.51;10;3.33;10.4;43.320315;-1.920443;1.342
23;DR;2026-09-06T11:12:41.236Z;240.8;30.59;107;86;92;-3.51;10;3.33;9.4;43.320192;-1.920183;1.350
23;DR;2026-09-06T11:12:42.249Z;241.8;30.51;108;86;92;-3.51;10;3.33;9.4;43.320192;-1.920183;1.359
23;DR;2026-09-06T11:12:43.244Z;242.8;30.65;129;90;92;-3.31;10;3.33;9.4;43.320192;-1.920183;1.367
23;DR;2026-09-06T11:12:44.237Z;243.8;30.88;129;88;92;-3.31;10;3.33;8.0;43.320008;-1.919794;1.376
23;DR;2026-09-06T11:12:45.245Z;244.8;30.86;109;85;92;-3.29;10;3.33;8.0;43.320008;-1.919794;1.384
23;DR;2026-09-06T11:12:46.251Z;245.8;30.68;109;85;92;-3.29;10;3.33;8.0;43.320008;-1.919794;1.393
23;DR;2026-09-06T11:12:47.236Z;246.8;30.56;108;85;92;-2.73;10;3.33;8.0;43.320008;-1.919794;1.401
23;DR;2026-09-06T11:12:48.246Z;247.8;30.40;105;87;92;-2.73;10;3.33;7.0;43.319818;-1.919406;1.410
23;DR;2026-09-06T11:12:49.248Z;248.8;30.36;112;88;92;-2.33;10;3.33;7.0;43.319818;-1.919406;1.418
23;DR;2026-09-06T11:12:50.241Z;249.8;30.54;124;89;92;-2.33;10;3.33;7.0;43.319818;-1.919406;1.427
23;DR;2026-09-06T11:12:51.248Z;250.8;30.76;127;86;92;-2.08;10;3.33;7.0;43.319818;-1.919406;1.435
23;DR;2026-09-06T11:12:52.244Z;251.8;30.88;115;85;92;-2.08;10;3.33;6.6;43.319641;-1.919023;1.444
23;DR;2026-09-06T11:12:53.240Z;252.8;30.89;116;87;92;-1.09;10;3.33;6.6;43.319641;-1.919023;1.452
23;DR;2026-09-06T11:12:54.246Z;253.8;30.90;116;93;92;-1.09;10;3.33;6.6;43.319641;-1.919023;1.461
23;DR;2026-09-06T11:12:55.246Z;254.8;30.87;114;109;91;-0.96;10;3.33;6.6;43.319641;-1.919023;1.470
23;DR;2026-09-06T11:12:56.237Z;255.8;30.88;118;102;91;-0.96;10;3.33;6.6;43.319641;-1.919023;1.478
23;DR;2026-09-06T11:12:57.240Z;256.8;30.80;107;86;91;-1.96;10;3.33;5.8;43.319496;-1.918634;1.487
23;DR;2026-09-06T11:12:58.248Z;257.8;30.69;113;88;91;-1.96;10;3.33;5.8;43.319496;-1.918634;1.495
23;DR;2026-09-06T11:12:59.244Z;258.8;30.66;109;87;92;-2.00;10;3.33;5.8;43.319496;-1.918634;1.504
23;DR;2026-09-06T11:13:00.239Z;259.8;30.65;119;85;92;-2.00;10;3.33;5.8;43.319496;-1.918634;1.512
23;DR;2026-09-06T11:13:01.251Z;260.8;30.51;107;86;92;-0.99;10;3.33;5.6;43.319311;-1.918136;1.521
23;DR;2026-09-06T11:13:02.248Z;261.8;30.51;107;86;92;-0.99;10;3.33;5.6;43.319311;-1.918136;1.529
23;DR;2026-09-06T11:13:03.236Z;262.8;30.42;109;86;92;-0.39;10;3.33;5.6;43.319311;-1.918136;1.538
23;DR;2026-09-06T11:13:04.236Z;263.8;30.34;112;86;92;-0.39;10;3.33;5.6;43.319311;-1.918136;1.546
23;DR;2026-09-06T11:13:05.237Z;264.8;30.25;122;87;92;-0.24;10;3.33;5.6;43.319311;-1.918136;1.555
23;DR;2026-09-06T11:13:06.245Z;265.8;30.18;139;89;91;-0.24;10;3.33;5.6;43.319134;-1.917662;1.563
23;DR;2026-09-06T11:13:07.249Z;266.8;30.31;166;87;91;0.11;10;3.33;5.6;43.319134;-1.917662;1.571
23;DR;2026-09-06T11:13:08.241Z;267.8;30.17;153;83;91;0.11;10;3.33;5.6;43.319134;-1.917662;1.580
23;DR;2026-09-06T11:13:09.240Z;268.8;30.17;153;83;92;0.11;10;3.33;5.6;43.319134;-1.917662;1.588
23;DR;2026-09-06T11:13:10.235Z;269.8;29.67;160;85;92;0.11;10;3.33;5.6;43.319134;-1.917662;1.596
23;DR;2026-09-06T11:13:11.237Z;270.8;29.85;234;87;92;0.92;8;2.38;6.0;43.319016;-1.917328;1.605
23;DR;2026-09-06T11:13:12.235Z;271.8;30.17;208;85;92;0.92;7;2.08;6.0;43.319016;-1.917328;1.613
23;DR;2026-09-06T11:13:13.243Z;272.8;30.17;208;85;92;0.71;7;2.08;6.0;43.319016;-1.917328;1.621
23;DR;2026-09-06T11:13:14.238Z;273.8;29.68;265;85;93;0.71;6;1.79;6.0;43.319016;-1.917328;1.630
23;DR;2026-09-06T11:13:15.245Z;274.8;29.83;276;83;93;0.00;5;1.62;6.0;43.318870;-1.916926;1.638
23;DR;2026-09-06T11:13:16.239Z;275.8;30.11;231;85;93;0.00;5;1.62;6.0;43.318870;-1.916926;1.646
23;DR;2026-09-06T11:13:17.241Z;276.8;30.63;230;87;94;0.00;5;1.62;6.0;43.318870;-1.916926;1.655
23;DR;2026-09-06T11:13:18.235Z;277.8;30.70;169;86;94;0.00;5;1.62;6.0;43.318870;-1.916926;1.663
23;DR;2026-09-06T11:13:19.241Z;278.8;30.32;157;86;94;0.28;5;1.62;6.2;43.318798;-1.916738;1.672
23;DR;2026-09-06T11:13:20.240Z;279.8;30.13;195;87;95;0.28;5;1.62;6.2;43.318798;-1.916738;1.680
23;DR;2026-09-06T11:13:21.237Z;280.8;30.11;205;86;95;0.00;5;1.62;6.2;43.318660;-1.916367;1.689
23;DR;2026-09-06T11:13:22.240Z;281.8;30.06;214;84;96;0.00;5;1.62;6.2;43.318660;-1.916367;1.697
23;DR;2026-09-06T11:13:23.238Z;282.8;30.03;182;84;97;0.00;5;1.62;6.2;43.318660;-1.916367;1.705
23;DR;2026-09-06T11:13:24.241Z;283.8;29.99;168;85;97;0.00;5;1.62;6.2;43.318660;-1.916367;1.714
23;DR;2026-09-06T11:13:25.236Z;284.8;29.94;179;85;97;0.09;5;1.62;6.4;43.318568;-1.916089;1.722
23;DR;2026-09-06T11:13:26.243Z;285.8;29.89;169;84;98;0.09;5;1.62;6.4;43.318568;-1.916089;1.730
23;DR;2026-09-06T11:13:27.241Z;286.8;29.88;197;85;99;0.00;5;1.62;6.4;43.318568;-1.916089;1.739
23;DR;2026-09-06T11:13:28.240Z;287.8;29.97;188;84;99;0.00;5;1.62;6.2;43.318472;-1.915826;1.747
23;DR;2026-09-06T11:13:29.243Z;288.8;30.01;180;84;99;-0.84;5;1.62;6.2;43.318472;-1.915826;1.755
23;DR;2026-09-06T11:13:30.242Z;289.8;30.12;172;86;99;-0.84;5;1.62;6.2;43.318472;-1.915826;1.764
23;DR;2026-09-06T11:13:31.244Z;290.8;30.65;163;85;100;0.16;5;1.62;6.6;43.318376;-1.915561;1.772
23;DR;2026-09-06T11:13:32.244Z;291.8;30.95;122;83;100;0.16;5;1.62;6.6;43.318376;-1.915561;1.781
23;DR;2026-09-06T11:13:33.238Z;292.8;30.30;147;76;100;0.88;5;1.62;6.6;43.318376;-1.915561;1.789
23;DR;2026-09-06T11:13:34.244Z;293.8;29.63;226;77;100;0.88;5;1.62;6.8;43.318345;-1.915481;1.797
23;DR;2026-09-06T11:13:35.241Z;294.8;29.32;219;77;100;0.71;5;1.62;7.2;43.318256;-1.915257;1.806
23;DR;2026-09-06T11:13:36.243Z;295.8;29.27;261;82;100;0.71;5;1.62;7.2;43.318256;-1.915257;1.814
23;DR;2026-09-06T11:13:37.247Z;296.8;29.37;243;82;100;0.27;5;1.62;7.4;43.318184;-1.915066;1.822
23;DR;2026-09-06T11:13:38.243Z;297.8;29.52;245;82;100;0.27;4;1.42;7.4;43.318184;-1.915066;1.830
23;DR;2026-09-06T11:13:39.249Z;298.8;29.82;209;84;101;0.17;4;1.42;7.4;43.318184;-1.915066;1.838
23;DR;2026-09-06T11:13:40.254Z;299.8;29.89;196;85;101;0.17;4;1.42;7.6;43.318095;-1.914903;1.847
23;DR;2026-09-06T11:13:41.241Z;300.8;29.74;186;85;102;0.00;4;1.42;7.6;43.318095;-1.914903;1.855
23;DR;2026-09-06T11:13:42.245Z;301.8;29.64;184;84;102;0.00;4;1.42;7.6;43.317987;-1.914879;1.863
23;DR;2026-09-06T11:13:43.248Z;302.8;29.71;192;83;103;0.00;4;1.42;7.6;43.317934;-1.914746;1.871
23;DR;2026-09-06T11:13:44.248Z;303.8;29.72;174;83;103;0.00;4;1.42;7.6;43.317934;-1.914746;1.880
23;DR;2026-09-06T11:13:45.241Z;304.8;29.69;170;84;103;0.13;4;1.42;7.8;43.317900;-1.914647;1.888
23;DR;2026-09-06T11:13:46.236Z;305.8;29.74;188;84;103;0.13;4;1.42;8.0;43.317813;-1.914442;1.896
23;DR;2026-09-06T11:13:47.254Z;306.8;29.68;173;84;104;1.03;4;1.42;8.0;43.317813;-1.914442;1.904
23;DR;2026-09-06T11:13:48.249Z;307.8;29.62;193;84;104;1.03;4;1.42;8.6;43.317746;-1.914281;1.913
23;DR;2026-09-06T11:13:49.250Z;308.8;29.33;235;83;105;1.37;3;1.26;8.6;43.317746;-1.914281;1.921
23;DR;2026-09-06T11:13:50.250Z;309.8;28.99;279;82;105;1.37;3;1.26;9.0;43.317700;-1.914186;1.929
23;DR;2026-09-06T11:13:51.253Z;310.8;28.82;278;81;105;2.37;3;1.26;9.4;43.317669;-1.914091;1.937
23;DR;2026-09-06T11:13:52.237Z;311.8;28.56;314;81;106;2.37;3;1.26;10.2;43.317638;-1.914001;1.945
23;DR;2026-09-06T11:13:53.241Z;312.8;27.73;305;80;106;2.68;2;1.13;11.2;43.317582;-1.913874;1.953
23;DR;2026-09-06T11:13:54.236Z;313.8;27.00;340;79;106;2.68;2;1.13;12.0;43.317541;-1.913790;1.960
23;DR;2026-09-06T11:13:55.248Z;314.8;26.91;382;76;107;1.68;1;1.00;12.0;43.317541;-1.913790;1.968
23;DR;2026-09-06T11:13:56.244Z;315.8;27.10;363;76;107;1.68;1;1.00;12.4;43.317507;-1.913701;1.975
23;DR;2026-09-06T11:13:57.237Z;316.8;27.79;376;77;107;2.47;1;1.00;12.8;43.317474;-1.913614;1.983
23;DR;2026-09-06T11:13:58.245Z;317.8;28.08;315;80;108;2.47;1;1.00;13.6;43.317441;-1.913526;1.991
23;DR;2026-09-06T11:13:59.237Z;318.8;27.30;309;78;108;2.46;1;1.00;13.8;43.317402;-1.913454;1.998
23;DR;2026-09-06T11:14:00.244Z;319.8;26.62;350;77;109;2.46;1;1.00;14.8;43.317339;-1.913357;2.006
23;DR;2026-09-06T11:14:01.252Z;320.8;26.70;369;75;109;2.39;1;1.00;15.8;43.317292;-1.913308;2.013
23;DR;2026-09-06T11:14:02.245Z;321.8;27.04;379;76;110;2.39;1;1.00;16.4;43.317196;-1.913289;2.021
23;DR;2026-09-06T11:14:03.240Z;322.8;26.45;311;76;110;1.39;1;1.00;16.4;43.317076;-1.913250;2.028
23;DR;2026-09-06T11:14:04.238Z;323.8;26.01;302;77;111;1.39;1;1.00;16.4;43.317076;-1.913250;2.035
23;DR;2026-09-06T11:14:05.240Z;324.8;26.94;320;82;111;0.48;1;1.00;16.8;43.316972;-1.913164;2.043
23;DR;2026-09-06T11:14:06.250Z;325.8;27.42;243;83;112;0.48;1;1.00;16.8;43.316972;-1.913164;2.050
23;DR;2026-09-06T11:14:07.239Z;326.8;27.52;204;84;112;0.47;1;1.00;17.2;43.316897;-1.913030;2.058
23;DR;2026-09-06T11:14:08.251Z;327.8;27.59;167;84;113;0.47;1;1.00;17.2;43.316897;-1.913030;2.066
23;DR;2026-09-06T11:14:09.237Z;328.8;27.32;179;84;113;0.07;1;1.00;17.6;43.316866;-1.912925;2.073
23;DR;2026-09-06T11:14:10.242Z;329.8;27.22;167;84;113;0.07;1;1.00;17.6;43.316838;-1.912629;2.081
23;DR;2026-09-06T11:14:11.243Z;330.8;27.43;175;83;114;0.00;1;1.00;17.6;43.316838;-1.912629;2.088
23;DR;2026-09-06T11:14:12.244Z;331.8;27.63;145;85;114;0.00;1;1.00;17.6;43.316838;-1.912629;2.096
23;DR;2026-09-06T11:14:13.250Z;332.8;27.65;151;85;114;-1.00;1;1.00;17.6;43.316842;-1.912563;2.104
23;DR;2026-09-06T11:14:14.263Z;333.8;27.73;141;84;114;-1.00;1;1.00;17.4;43.316866;-1.912422;2.112
23;DR;2026-09-06T11:14:15.244Z;334.8;27.99;124;84;114;-2.00;1;1.00;16.8;43.316914;-1.912277;2.119
23;DR;2026-09-06T11:14:16.236Z;335.8;28.27;105;86;114;-2.00;1;1.00;16.8;43.316914;-1.912277;2.127
23;DR;2026-09-06T11:14:17.246Z;336.8;28.35;102;86;114;-2.14;1;1.00;16.2;43.317077;-1.912014;2.135
23;DR;2026-09-06T11:14:18.238Z;337.8;28.42;106;85;114;-2.14;1;1.00;16.2;43.317077;-1.912014;2.143
23;DR;2026-09-06T11:14:19.255Z;338.8;28.49;106;85;114;-1.95;1;1.00;16.2;43.317077;-1.912014;2.151
23;DR;2026-09-06T11:14:20.239Z;339.8;28.46;98;88;114;-1.95;1;1.00;16.2;43.317077;-1.912014;2.158
23;DR;2026-09-06T11:14:21.255Z;340.8;28.44;98;87;114;-0.95;1;1.00;16.2;43.317188;-1.911926;2.167
23;DR;2026-09-06T11:14:22.235Z;341.8;28.54;109;85;114;-0.95;1;1.00;16.2;43.317241;-1.911881;2.174
23;DR;2026-09-06T11:14:23.243Z;342.8;28.71;106;88;114;-1.95;1;1.00;16.0;43.317293;-1.911823;2.182
23;DR;2026-09-06T11:14:24.252Z;343.8;28.99;120;89;114;-1.95;2;1.13;15.8;43.317342;-1.911752;2.190
23;DR;2026-09-06T11:14:25.247Z;344.8;29.26;122;90;114;-2.95;2;1.13;14.8;43.317426;-1.911564;2.198
23;DR;2026-09-06T11:14:26.259Z;345.8;29.27;101;88;113;-2.95;2;1.13;14.8;43.317426;-1.911564;2.207
23;DR;2026-09-06T11:14:27.239Z;346.8;29.20;102;90;113;-3.95;2;1.13;14.2;43.317471;-1.911465;2.215
23;DR;2026-09-06T11:14:28.254Z;347.8;29.40;127;92;113;-3.95;2;1.13;14.2;43.317471;-1.911465;2.223
23;DR;2026-09-06T11:14:29.245Z;348.8;29.68;122;89;112;-4.95;2;1.13;13.6;43.317515;-1.911361;2.231
23;DR;2026-09-06T11:14:30.248Z;349.8;29.59;92;88;111;-4.95;2;1.13;12.0;43.317611;-1.911143;2.239
23;DR;2026-09-06T11:14:31.240Z;350.8;29.37;93;91;111;-5.86;2;1.13;12.0;43.317611;-1.911143;2.247
23;DR;2026-09-06T11:14:32.246Z;351.8;29.36;111;91;110;-5.86;2;1.13;11.6;43.317709;-1.910940;2.256
23;DR;2026-09-06T11:14:33.242Z;352.8;29.33;103;89;109;-4.86;2;1.13;11.6;43.317709;-1.910940;2.264
23;DR;2026-09-06T11:14:34.237Z;353.8;29.23;105;89;109;-4.86;2;1.13;11.6;43.317709;-1.910940;2.272
23;DR;2026-09-06T11:14:35.253Z;354.8;29.30;111;90;109;-3.85;3;1.26;12.0;43.317794;-1.910763;2.280
23;DR;2026-09-06T11:14:36.248Z;355.8;29.45;113;90;109;-3.85;3;1.26;12.0;43.317794;-1.910763;2.288
23;DR;2026-09-06T11:14:37.254Z;356.8;29.52;107;90;108;-2.85;3;1.26;13.0;43.317862;-1.910600;2.296
23;DR;2026-09-06T11:14:38.246Z;357.8;29.52;106;90;108;-2.85;3;1.26;13.0;43.317862;-1.910600;2.305
23;DR;2026-09-06T11:14:39.238Z;358.8;29.43;100;90;107;-1.86;3;1.26;13.6;43.317893;-1.910522;2.313
23;DR;2026-09-06T11:14:40.236Z;359.8;29.29;100;89;107;-1.86;3;1.26;14.8;43.317942;-1.910369;2.321
23;DR;2026-09-06T11:14:41.236Z;360.8;29.16;100;89;106;-0.86;3;1.26;15.8;43.318001;-1.910165;2.329
23;DR;2026-09-06T11:14:42.242Z;361.8;29.02;98;89;106;-0.86;3;1.26;15.8;43.318001;-1.910165;2.337
23;DR;2026-09-06T11:14:43.248Z;362.8;28.91;101;89;105;0.15;3;1.26;16.2;43.318022;-1.910100;2.345
23;DR;2026-09-06T11:14:44.238Z;363.8;28.86;115;89;104;0.15;3;1.26;17.2;43.318105;-1.909851;2.353
23;DR;2026-09-06T11:14:45.239Z;364.8;28.34;121;88;103;1.14;3;1.26;17.2;43.318105;-1.909851;2.361
23;DR;2026-09-06T11:14:46.255Z;365.8;27.77;150;89;103;1.14;3;1.26;17.2;43.318105;-1.909851;2.369
23;DR;2026-09-06T11:14:47.240Z;366.8;27.18;192;88;102;1.50;3;1.26;17.6;43.318145;-1.909735;2.376
23;DR;2026-09-06T11:14:48.236Z;367.8;26.69;235;82;102;1.50;3;1.26;18.4;43.318195;-1.909570;2.384
23;DR;2026-09-06T11:14:49.246Z;368.8;26.70;278;81;102;1.43;3;1.26;18.4;43.318195;-1.909570;2.391
23;DR;2026-09-06T11:14:50.243Z;369.8;26.93;298;82;102;1.43;2;1.13;19.0;43.318254;-1.909346;2.399
23;DR;2026-09-06T11:14:51.253Z;370.8;26.89;262;82;102;0.78;2;1.13;19.0;43.318254;-1.909346;2.406
23;DR;2026-09-06T11:14:52.239Z;371.8;26.95;281;82;101;0.78;2;1.13;19.0;43.318254;-1.909346;2.414
23;DR;2026-09-06T11:14:53.236Z;372.8;27.36;236;82;101;1.77;2;1.13;21.0;43.318363;-1.909019;2.421
23;DR;2026-09-06T11:14:54.250Z;373.8;27.24;215;83;101;1.77;2;1.13;21.0;43.318363;-1.909019;2.429
23;DR;2026-09-06T11:14:55.236Z;374.8;26.46;220;83;101;1.68;2;1.13;21.0;43.318363;-1.909019;2.436
23;DR;2026-09-06T11:14:56.241Z;375.8;26.25;302;81;101;1.68;2;1.13;21.0;43.318363;-1.909019;2.444
23;DR;2026-09-06T11:14:57.257Z;376.8;26.72;301;81;101;0.67;2;1.13;22.0;43.318500;-1.908568;2.451
23;DR;2026-09-06T11:14:58.237Z;377.8;26.96;286;82;102;0.67;2;1.13;22.0;43.318500;-1.908568;2.458
23;DR;2026-09-06T11:14:59.238Z;378.8;27.35;253;83;103;0.62;2;1.13;22.0;43.318500;-1.908568;2.466
23;DR;2026-09-06T11:15:00.236Z;379.8;27.62;189;83;103;0.62;2;1.13;22.0;43.318500;-1.908568;2.474
23;DR;2026-09-06T11:15:01.245Z;380.8;27.51;196;84;103;0.40;2;1.13;22.0;43.318500;-1.908568;2.481
23;DR;2026-09-06T11:15:02.245Z;381.8;27.37;179;84;104;0.40;2;1.13;22.2;43.318527;-1.908449;2.489
23;DR;2026-09-06T11:15:03.250Z;382.8;27.34;197;83;104;0.53;2;1.13;23.0;43.318571;-1.908081;2.497
23;DR;2026-09-06T11:15:04.256Z;383.8;27.35;173;83;104;0.53;2;1.13;23.0;43.318571;-1.908081;2.504
23;DR;2026-09-06T11:15:05.251Z;384.8;27.16;178;84;104;0.53;2;1.13;23.0;43.318571;-1.908081;2.512
23;DR;2026-09-06T11:15:06.237Z;385.8;27.16;191;83;104;0.53;2;1.13;23.0;43.318571;-1.908081;2.519
23;DR;2026-09-06T11:15:07.238Z;386.8;26.69;197;83;105;0.51;2;1.13;23.4;43.318573;-1.907892;2.527
23;DR;2026-09-06T11:15:08.238Z;387.8;23.83;87;69;105;0.51;2;1.13;23.4;43.318573;-1.907892;2.534
23;DR;2026-09-06T11:15:09.245Z;388.8;19.92;7;58;105;0.28;2;1.13;24.0;43.318540;-1.907525;2.540
23;DR;2026-09-06T11:15:10.239Z;389.8;16.69;5;54;104;0.28;2;1.13;24.0;43.318540;-1.907525;2.545
23;DR;2026-09-06T11:15:11.241Z;390.8;14.23;5;54;104;0.28;2;1.13;24.0;43.318540;-1.907525;2.549
23;DR;2026-09-06T11:15:12.249Z;391.8;12.24;2;50;103;0.28;2;1.13;24.0;43.318540;-1.907525;2.553
23;DR;2026-09-06T11:15:13.236Z;392.8;10.44;2;50;101;0.26;2;1.13;24.0;43.318540;-1.907525;2.556
23;DR;2026-09-06T11:15:14.252Z;393.8;8.80;2;46;101;0.26;2;1.13;24.0;43.318540;-1.907525;2.559
23;DR;2026-09-06T11:15:15.238Z;394.8;7.27;2;46;100;0.00;2;1.13;24.0;43.318540;-1.907525;2.561
23;DR;2026-09-06T11:15:16.243Z;395.8;5.82;0;0;99;0.00;2;1.13;24.0;43.318540;-1.907525;2.563
23;DR;2026-09-06T11:15:17.238Z;396.8;4.47;0;0;98;0.00;2;1.13;24.0;43.318525;-1.907406;2.564
23;DR;2026-09-06T11:15:18.255Z;397.8;3.24;0;0;98;0.00;2;1.13;24.0;43.318525;-1.907406;2.565
23;DR;2026-09-06T11:15:19.250Z;398.8;2.08;0;0;98;0.00;2;1.13;24.0;43.318525;-1.907406;2.566
23;DR;2026-09-06T11:15:20.235Z;399.8;1.10;0;0;98;0.00;2;1.13;24.0;43.318525;-1.907406;2.566
23;DR;2026-09-06T11:15:21.235Z;400.8;0.77;0;0;98;0.00;2;1.13;24.0;43.318525;-1.907406;2.567
23;DR;2026-09-06T11:15:22.247Z;401.8;0.00;0;0;98;0.00;2;1.13;24.0;43.318525;-1.907406;2.567
23;DR;2026-09-06T11:15:23.236Z;402.8;0.00;0;0;98;0.00;2;1.13;24.0;43.318525;-1.907406;2.567
23;DR;2026-09-06T11:15:24.237Z;403.8;0.00;0;0;98;0.00;2;1.13;24.0;43.318525;-1.907406;2.567
23;DR;2026-09-06T11:15:25.244Z;404.8;0.00;0;0;97;0.00;2;1.13;24.0;43.318525;-1.907406;2.567
23;DR;2026-09-06T11:15:26.237Z;405.8;0.00;0;0;96;0.00;2;1.13;24.0;43.318525;-1.907406;2.567
23;DR;2026-09-06T11:15:27.235Z;406.8;0.00;0;0;101;0.00;2;1.13;24.0;43.318525;-1.907406;2.567
23;DR;2026-09-06T11:15:28.241Z;407.8;0.00;0;0;100;0.00;2;1.13;24.0;43.318525;-1.907406;2.567
23;DR;2026-09-06T11:15:29.236Z;408.8;1.60;0;0;99;0.00;2;1.13;24.0;43.318525;-1.907406;2.567
23;DR;2026-09-06T11:15:30.252Z;409.8;1.41;0;0;99;0.00;2;1.13;24.0;43.318525;-1.907406;2.567
23;DR;2026-09-06T11:15:31.248Z;410.8;2.38;0;24;99;0.00;2;1.13;24.0;43.318525;-1.907406;2.568
23;DR;2026-09-06T11:15:32.253Z;411.8;12.82;120;26;98;0.00;2;1.13;24.0;43.318525;-1.907406;2.570
23;DR;2026-09-06T11:15:33.249Z;412.8;20.59;279;35;98;0.00;2;1.13;24.0;43.318525;-1.907406;2.575
23;DR;2026-09-06T11:15:34.251Z;413.8;24.74;220;61;97;0.00;2;1.13;24.4;43.318431;-1.906963;2.581
23;DR;2026-09-06T11:15:35.240Z;414.8;26.80;177;81;97;0.00;2;1.13;24.4;43.318431;-1.906963;2.588
23;DR;2026-09-06T11:15:36.235Z;415.8;27.55;155;82;97;0.00;2;1.13;24.4;43.318431;-1.906963;2.596
23;DR;2026-09-06T11:15:37.236Z;416.8;27.67;158;85;98;0.00;2;1.13;24.4;43.318431;-1.906963;2.603
23;DR;2026-09-06T11:15:38.247Z;417.8;27.77;152;84;97;0.00;2;1.13;24.4;43.318431;-1.906963;2.611
23;DR;2026-09-06T11:15:39.241Z;418.8;27.70;134;87;97;-0.71;2;1.13;24.0;43.318142;-1.906387;2.619
23;DR;2026-09-06T11:15:40.242Z;419.8;27.67;145;85;97;-0.71;2;1.13;24.0;43.318142;-1.906387;2.626
23;DR;2026-09-06T11:15:41.242Z;420.8;28.09;132;84;96;-0.71;2;1.13;24.0;43.318142;-1.906387;2.634
23;DR;2026-09-06T11:15:42.239Z;421.8;28.93;148;88;96;-0.71;2;1.13;24.0;43.318142;-1.906387;2.642
23;DR;2026-09-06T11:15:43.245Z;422.8;29.60;129;89;97;-0.71;2;1.13;24.0;43.318142;-1.906387;2.650
23;DR;2026-09-06T11:15:44.240Z;423.8;29.97;129;90;97;-0.71;2;1.13;24.0;43.318142;-1.906387;2.659
23;DR;2026-09-06T11:15:45.236Z;424.8;30.09;114;90;97;-0.84;2;1.13;24.0;43.318142;-1.906387;2.667
23;DR;2026-09-06T11:15:46.244Z;425.8;29.85;90;92;98;-0.84;2;1.13;23.8;43.318037;-1.906264;2.675
23;DR;2026-09-06T11:15:47.238Z;426.8;29.80;114;92;98;-1.45;2;1.13;23.8;43.318037;-1.906264;2.683
23;DR;2026-09-06T11:15:48.242Z;427.8;29.94;111;91;98;-1.45;2;1.13;23.4;43.317887;-1.906066;2.692
23;DR;2026-09-06T11:15:49.249Z;428.8;29.99;103;91;99;-1.73;2;1.13;23.4;43.317887;-1.906066;2.700
23;DR;2026-09-06T11:15:50.236Z;429.8;29.66;71;89;101;-1.73;2;1.13;23.4;43.317887;-1.906066;2.708
23;DR;2026-09-06T11:15:51.250Z;430.8;29.21;75;92;101;-2.73;2;1.13;22.8;43.317754;-1.905955;2.717
23;DR;2026-09-06T11:15:52.245Z;431.8;29.22;119;92;101;-2.73;2;1.13;22.8;43.317754;-1.905955;2.725
23;DR;2026-09-06T11:15:53.243Z;432.8;29.29;101;87;102;-3.23;2;1.13;22.0;43.317555;-1.905817;2.733
23;DR;2026-09-06T11:15:54.237Z;433.8;29.10;88;89;103;-3.23;2;1.13;22.0;43.317555;-1.905817;2.741
23;DR;2026-09-06T11:15:55.253Z;434.8;28.90;104;89;104;-3.88;2;1.13;22.0;43.317555;-1.905817;2.749
23;DR;2026-09-06T11:15:56.238Z;435.8;28.51;76;87;105;-3.88;2;1.13;21.6;43.317486;-1.905780;2.757
23;DR;2026-09-06T11:15:57.255Z;436.8;28.22;97;77;106;-4.34;2;1.13;20.8;43.317331;-1.905698;2.765
23;DR;2026-09-06T11:15:58.235Z;437.8;28.42;112;77;107;-4.34;2;1.13;20.8;43.317331;-1.905698;2.773
23;DR;2026-09-06T11:15:59.238Z;438.8;28.83;115;87;108;-4.19;2;1.13;20.8;43.317331;-1.905698;2.781
23;DR;2026-09-06T11:16:00.260Z;439.8;29.10;122;87;109;-4.19;2;1.13;20.4;43.317252;-1.905652;2.789
23;DR;2026-09-06T11:16:01.236Z;440.8;28.97;100;89;109;-5.08;2;1.13;19.4;43.317089;-1.905557;2.797
23;DR;2026-09-06T11:16:02.252Z;441.8;28.90;116;87;109;-5.08;2;1.13;19.4;43.317089;-1.905557;2.805
23;DR;2026-09-06T11:16:03.250Z;442.8;28.85;99;87;110;-6.05;2;1.13;18.2;43.316925;-1.905461;2.813
23;DR;2026-09-06T11:16:04.243Z;443.8;28.51;90;88;109;-6.05;2;1.13;18.2;43.316925;-1.905461;2.821
23;DR;2026-09-06T11:16:05.235Z;444.8;28.35;93;90;109;-5.06;2;1.13;18.2;43.316925;-1.905461;2.829
23;DR;2026-09-06T11:16:06.243Z;445.8;28.28;97;87;109;-5.06;2;1.13;17.8;43.316837;-1.905411;2.837
23;DR;2026-09-06T11:16:07.236Z;446.8;28.24;93;88;109;-5.21;2;1.13;17.2;43.316746;-1.905359;2.844
23;DR;2026-09-06T11:16:08.239Z;447.8;28.34;106;86;109;-5.21;2;1.13;16.2;43.316554;-1.905251;2.852
23;DR;2026-09-06T11:16:09.241Z;448.8;28.37;100;85;108;-4.34;2;1.13;16.2;43.316554;-1.905251;2.860
23;DR;2026-09-06T11:16:10.237Z;449.8;28.42;113;88;108;-4.34;2;1.13;16.2;43.316554;-1.905251;2.868
23;DR;2026-09-06T11:16:11.235Z;450.8;28.57;108;87;106;-3.34;2;1.13;15.8;43.316447;-1.905188;2.876
23;DR;2026-09-06T11:16:12.238Z;451.8;28.62;104;87;106;-3.34;2;1.13;15.8;43.316447;-1.905188;2.884
23;DR;2026-09-06T11:16:13.243Z;452.8;28.56;99;86;106;-3.29;2;1.13;15.0;43.316244;-1.905075;2.892
23;DR;2026-09-06T11:16:14.240Z;453.8;28.51;98;88;104;-3.29;2;1.13;15.0;43.316244;-1.905075;2.900
23;DR;2026-09-06T11:16:15.245Z;454.8;28.53;106;88;104;-3.33;2;1.13;15.0;43.316244;-1.905075;2.908
23;DR;2026-09-06T11:16:16.239Z;455.8;28.63;106;87;102;-3.33;2;1.13;14.6;43.316145;-1.905020;2.916
23;DR;2026-09-06T11:16:17.247Z;456.8;28.65;98;87;102;-4.33;2;1.13;14.6;43.316145;-1.905020;2.924
23;DR;2026-09-06T11:16:18.241Z;457.8;28.65;104;88;102;-4.33;2;1.13;13.4;43.315950;-1.904912;2.932
23;DR;2026-09-06T11:16:19.237Z;458.8;28.72;105;89;101;-5.03;2;1.13;13.4;43.315950;-1.904912;2.939
23;DR;2026-09-06T11:16:20.243Z;459.8;28.71;104;88;101;-5.03;2;1.13;13.4;43.315950;-1.904912;2.947
23;DR;2026-09-06T11:16:21.242Z;460.8;28.54;93;87;101;-4.50;2;1.13;12.4;43.315764;-1.904812;2.955
23;DR;2026-09-06T11:16:22.255Z;461.8;28.37;94;85;100;-4.50;2;1.13;12.4;43.315764;-1.904812;2.963
23;DR;2026-09-06T11:16:23.246Z;462.8;28.47;105;88;100;-3.50;2;1.13;11.8;43.315594;-1.904717;2.971
23;DR;2026-09-06T11:16:24.256Z;463.8;28.59;104;88;99;-3.50;2;1.13;11.8;43.315594;-1.904717;2.979
23;DR;2026-09-06T11:16:25.251Z;464.8;28.53;95;86;99;-3.64;2;1.13;11.8;43.315594;-1.904717;2.987
23;DR;2026-09-06T11:16:26.242Z;465.8;28.48;104;87;99;-3.64;2;1.13;11.4;43.315510;-1.904671;2.995
23;DR;2026-09-06T11:16:27.259Z;466.8;28.49;103;88;98;-2.84;2;1.13;10.6;43.315290;-1.904498;3.003
23;DR;2026-09-06T11:16:28.237Z;467.8;28.40;98;86;98;-2.84;2;1.13;10.6;43.315290;-1.904498;3.011
23;DR;2026-09-06T11:16:29.243Z;468.8;28.34;96;86;98;-2.87;2;1.13;10.6;43.315290;-1.904498;3.019
23;DR;2026-09-06T11:16:30.239Z;469.8;28.37;101;87;97;-2.87;2;1.13;10.6;43.315290;-1.904498;3.027
23;DR;2026-09-06T11:16:31.243Z;470.8;28.50;112;88;97;-3.87;2;1.13;10.0;43.315214;-1.904431;3.034
23;DR;2026-09-06T11:16:32.244Z;471.8;28.52;93;87;96;-3.87;2;1.13;9.2;43.314983;-1.904175;3.042
23;DR;2026-09-06T11:16:33.257Z;472.8;28.39;96;86;96;-2.87;2;1.13;9.2;43.314983;-1.904175;3.050
23;DR;2026-09-06T11:16:34.241Z;473.8;28.42;104;88;96;-2.87;2;1.13;9.2;43.314983;-1.904175;3.058
23;DR;2026-09-06T11:16:35.237Z;474.8;28.45;101;87;96;-1.88;2;1.13;9.2;43.314983;-1.904175;3.066
23;DR;2026-09-06T11:16:36.238Z;475.8;28.45;99;86;96;-1.88;2;1.13;9.4;43.314924;-1.904140;3.074
23;DR;2026-09-06T11:16:37.243Z;476.8;28.45;100;88;96;-0.87;2;1.13;9.8;43.314869;-1.904015;3.082
23;DR;2026-09-06T11:16:38.248Z;477.8;28.60;112;87;96;-0.87;2;1.13;9.8;43.314869;-1.904015;3.090
23;DR;2026-09-06T11:16:39.236Z;478.8;28.86;112;87;97;-1.87;2;1.13;9.0;43.314935;-1.903789;3.098
23;DR;2026-09-06T11:16:40.245Z;479.8;28.98;108;88;97;-1.87;2;1.13;9.0;43.314935;-1.903789;3.106
23;DR;2026-09-06T11:16:41.240Z;480.8;28.95;99;88;97;-2.87;2;1.13;8.8;43.314955;-1.903710;3.114
23;DR;2026-09-06T11:16:42.258Z;481.8;28.97;108;88;97;-2.87;2;1.13;7.8;43.314964;-1.903466;3.122
23;DR;2026-09-06T11:16:43.252Z;482.8;28.95;95;88;98;-3.48;2;1.13;7.8;43.314964;-1.903466;3.130
23;DR;2026-09-06T11:16:44.235Z;483.8;28.83;96;89;98;-3.48;2;1.13;7.8;43.314959;-1.903383;3.138
23;DR;2026-09-06T11:16:45.250Z;484.8;28.80;105;88;97;-2.48;2;1.13;7.4;43.314948;-1.903121;3.146
23;DR;2026-09-06T11:16:46.238Z;485.8;28.81;103;88;98;-2.48;2;1.13;7.4;43.314948;-1.903121;3.154
23;DR;2026-09-06T11:16:47.255Z;486.8;28.79;101;87;98;-1.91;2;1.13;7.4;43.314948;-1.903121;3.162
23;DR;2026-09-06T11:16:48.250Z;487.8;28.73;99;88;98;-1.91;2;1.13;7.0;43.314937;-1.902864;3.170
23;DR;2026-09-06T11:16:49.246Z;488.8;28.70;104;87;98;-1.23;2;1.13;7.0;43.314937;-1.902864;3.178
23;DR;2026-09-06T11:16:50.236Z;489.8;28.70;104;88;98;-1.23;2;1.13;7.2;43.314931;-1.902617;3.186
23;DR;2026-09-06T11:16:51.247Z;490.8;28.71;107;88;97;-0.23;2;1.13;7.2;43.314931;-1.902617;3.194
23;DR;2026-09-06T11:16:52.242Z;491.8;28.62;97;87;97;-0.23;2;1.13;7.2;43.314931;-1.902617;3.202
23;DR;2026-09-06T11:16:53.248Z;492.8;28.38;115;87;96;0.00;2;1.13;7.2;43.314919;-1.902194;3.210
23;DR;2026-09-06T11:16:54.236Z;493.8;28.16;128;88;96;0.00;2;1.13;7.2;43.314919;-1.902194;3.218
23;DR;2026-09-06T11:16:55.250Z;494.8;28.18;157;89;95;0.00;2;1.13;7.2;43.314919;-1.902194;3.226
23;DR;2026-09-06T11:16:56.256Z;495.8;28.17;149;86;95;0.00;2;1.13;7.2;43.314919;-1.902194;3.233
23;DR;2026-09-06T11:16:57.239Z;496.8;28.00;145;86;95;0.00;2;1.13;7.2;43.314892;-1.901613;3.241
23;DR;2026-09-06T11:16:58.246Z;497.8;27.91;144;85;94;0.00;2;1.13;7.2;43.314892;-1.901613;3.249
23;DR;2026-09-06T11:16:59.247Z;498.8;27.95;155;86;94;0.00;2;1.13;7.2;43.314892;-1.901613;3.257
23;DR;2026-09-06T11:17:00.237Z;499.8;28.05;159;85;95;0.00;2;1.13;7.2;43.314892;-1.901613;3.264
23;DR;2026-09-06T11:17:01.238Z;500.8;28.10;158;85;95;0.00;2;1.13;7.2;43.314892;-1.901613;3.272
23;DR;2026-09-06T11:17:02.236Z;501.8;26.98;96;79;94;0.00;2;1.13;7.2;43.314892;-1.901613;3.280
23;DR;2026-09-06T11:17:03.245Z;502.8;24.25;15;88;94;-0.52;2;1.13;7.0;43.314855;-1.901139;3.287
23;DR;2026-09-06T11:17:04.240Z;503.8;21.45;12;95;94;-0.52;2;1.13;7.0;43.314855;-1.901139;3.293
23;DR;2026-09-06T11:17:05.245Z;504.8;19.17;5;75;94;-0.52;2;1.13;7.0;43.314855;-1.901139;3.299
23;DR;2026-09-06T11:17:06.241Z;505.8;17.21;5;64;93;-0.52;2;1.13;7.0;43.314855;-1.901139;3.304
23;DR;2026-09-06T11:17:07.238Z;506.8;15.35;3;57;93;-0.52;2;1.13;7.0;43.314855;-1.901139;3.308
23;DR;2026-09-06T11:17:08.243Z;507.8;13.57;3;57;92;-0.52;2;1.13;7.0;43.314855;-1.901139;3.313
23;DR;2026-09-06T11:17:09.244Z;508.8;11.84;2;58;93;0.00;2;1.13;7.0;43.314855;-1.901139;3.316
23;DR;2026-09-06T11:17:10.243Z;509.8;10.16;2;58;92;0.00;2;1.13;7.0;43.314855;-1.901139;3.319
23;DR;2026-09-06T11:17:11.239Z;510.8;8.53;0;0;98;0.00;2;1.13;7.2;43.314858;-1.900787;3.322
23;DR;2026-09-06T11:17:12.238Z;511.8;7.03;0;0;97;0.00;2;1.13;7.2;43.314858;-1.900787;3.324
23;DR;2026-09-06T11:17:13.250Z;512.8;6.80;0;42;97;0.00;2;1.13;7.2;43.314858;-1.900787;3.326
23;DR;2026-09-06T11:17:14.246Z;513.8;10.01;0;34;96;0.00;2;1.13;7.2;43.314858;-1.900787;3.328
23;DR;2026-09-06T11:17:15.252Z;514.8;18.46;283;39;96;0.00;2;1.13;7.2;43.314858;-1.900787;3.332
23;DR;2026-09-06T11:17:16.247Z;515.8;23.97;233;61;96;0.00;2;1.13;7.2;43.314858;-1.900787;3.338
23;DR;2026-09-06T11:17:17.253Z;516.8;26.32;171;74;96;-0.32;2;1.13;7.2;43.314858;-1.900787;3.345
23;DR;2026-09-06T11:17:18.238Z;517.8;26.99;142;82;97;-0.32;2;1.13;7.2;43.314858;-1.900787;3.352
23;DR;2026-09-06T11:17:19.250Z;518.8;27.59;154;82;97;0.07;2;1.13;7.2;43.314851;-1.900644;3.360
23;DR;2026-09-06T11:17:20.238Z;519.8;28.02;124;83;96;0.07;2;1.13;7.2;43.314867;-1.900567;3.368
23;DR;2026-09-06T11:17:21.237Z;520.8;27.85;126;85;96;0.03;2;1.13;7.4;43.314890;-1.900438;3.375
23;DR;2026-09-06T11:17:22.243Z;521.8;27.69;149;89;96;0.03;2;1.13;7.4;43.314895;-1.900396;3.383
23;DR;2026-09-06T11:17:23.237Z;522.8;27.79;151;85;96;0.00;2;1.13;7.4;43.314881;-1.900289;3.391
23;DR;2026-09-06T11:17:24.253Z;523.8;27.63;128;83;96;0.00;2;1.13;7.4;43.314828;-1.900205;3.399
23;DR;2026-09-06T11:17:25.238Z;524.8;27.53;152;86;96;-0.69;2;1.13;7.2;43.314632;-1.899967;3.406
23;DR;2026-09-06T11:17:26.250Z;525.8;27.68;151;85;96;-0.69;2;1.13;7.2;43.314632;-1.899967;3.414
23;DR;2026-09-06T11:17:27.239Z;526.8;27.97;132;84;96;-0.69;2;1.13;7.2;43.314632;-1.899967;3.422
23;DR;2026-09-06T11:17:28.245Z;527.8;28.35;107;83;96;-0.69;2;1.13;7.2;43.314632;-1.899967;3.429
23;DR;2026-09-06T11:17:29.252Z;528.8;28.50;105;84;96;0.00;2;1.13;7.4;43.314464;-1.899764;3.437
23;DR;2026-09-06T11:17:30.246Z;529.8;28.55;104;88;96;0.00;2;1.13;7.4;43.314464;-1.899764;3.445
23;DR;2026-09-06T11:17:31.252Z;530.8;28.27;117;87;96;-0.09;2;1.13;7.4;43.314464;-1.899764;3.453
23;DR;2026-09-06T11:17:32.237Z;531.8;27.82;150;89;95;-0.09;2;1.13;7.2;43.314310;-1.899597;3.461
23;DR;2026-09-06T11:17:33.242Z;532.8;27.82;151;88;95;-0.92;2;1.13;7.2;43.314310;-1.899597;3.469
23;DR;2026-09-06T11:17:34.248Z;533.8;27.87;147;86;96;-0.92;2;1.13;7.2;43.314310;-1.899597;3.476
23;DR;2026-09-06T11:17:35.244Z;534.8;28.11;133;84;96;0.00;2;1.13;7.4;43.313989;-1.899228;3.484
23;DR;2026-09-06T11:17:36.237Z;535.8;28.52;123;84;96;0.00;2;1.13;7.4;43.313989;-1.899228;3.492
23;DR;2026-09-06T11:17:37.245Z;536.8;28.33;121;86;96;0.00;2;1.13;7.4;43.313989;-1.899228;3.500
23;DR;2026-09-06T11:17:38.238Z;537.8;28.06;141;89;96;0.00;2;1.13;7.4;43.313989;-1.899228;3.508
23;DR;2026-09-06T11:17:39.247Z;538.8;28.02;142;87;96;0.00;2;1.13;7.4;43.313989;-1.899228;3.516
23;DR;2026-09-06T11:17:40.237Z;539.8;27.96;150;85;97;0.00;2;1.13;7.4;43.313989;-1.899228;3.523
23;DR;2026-09-06T11:17:41.251Z;540.8;27.98;149;85;97;-0.24;2;1.13;7.2;43.313942;-1.899173;3.531
23;DR;2026-09-06T11:17:42.243Z;541.8;28.02;151;85;97;-0.24;2;1.13;7.4;43.313634;-1.898811;3.539
23;DR;2026-09-06T11:17:43.249Z;542.8;28.09;142;85;97;0.00;2;1.13;7.4;43.313634;-1.898811;3.547
23;DR;2026-09-06T11:17:44.235Z;543.8;28.24;130;85;98;0.00;2;1.13;7.4;43.313634;-1.898811;3.554
23;DR;2026-09-06T11:17:45.241Z;544.8;28.17;138;87;98;0.00;2;1.13;7.4;43.313634;-1.898811;3.562
23;DR;2026-09-06T11:17:46.241Z;545.8;27.99;144;87;98;0.00;2;1.13;7.4;43.313634;-1.898811;3.570
23;DR;2026-09-06T11:17:47.241Z;546.8;27.97;156;86;98;0.00;2;1.13;7.4;43.313634;-1.898811;3.578
23;DR;2026-09-06T11:17:48.237Z;547.8;27.93;153;85;98;0.00;2;1.13;7.6;43.313414;-1.898412;3.586
23;DR;2026-09-06T11:17:49.245Z;548.8;27.80;140;85;98;0.00;2;1.13;7.6;43.313414;-1.898412;3.593
23;DR;2026-09-06T11:17:50.235Z;549.8;27.70;150;86;99;0.00;2;1.13;7.6;43.313414;-1.898412;3.601
23;DR;2026-09-06T11:17:51.243Z;550.8;27.65;145;84;99;0.00;2;1.13;7.6;43.313414;-1.898412;3.609
23;DR;2026-09-06T11:17:52.250Z;551.8;27.65;147;84;99;0.00;2;1.13;7.6;43.313414;-1.898412;3.616
23;DR;2026-09-06T11:17:53.244Z;552.8;27.82;170;83;99;-0.84;2;1.13;7.2;43.313196;-1.897907;3.624
23;DR;2026-09-06T11:17:54.241Z;553.8;28.04;153;85;99;-0.84;2;1.13;7.2;43.313196;-1.897907;3.632
23;DR;2026-09-06T11:17:55.247Z;554.8;28.31;146;85;99;-0.84;2;1.13;7.2;43.313196;-1.897907;3.640
23;DR;2026-09-06T11:17:56.242Z;555.8;28.83;132;86;99;-0.84;2;1.13;7.2;43.313196;-1.897907;3.648
23;DR;2026-09-06T11:17:57.248Z;556.8;29.01;99;86;99;-0.84;2;1.13;7.2;43.313196;-1.897907;3.656
23;DR;2026-09-06T11:17:58.243Z;557.8;28.90;102;88;100;-0.84;2;1.13;7.2;43.313196;-1.897907;3.664
23;DR;2026-09-06T11:17:59.239Z;558.8;28.81;96;88;100;0.00;2;1.13;7.4;43.312959;-1.897360;3.672
23;DR;2026-09-06T11:18:00.236Z;559.8;28.71;99;88;100;0.00;2;1.13;7.4;43.312959;-1.897360;3.680
23;DR;2026-09-06T11:18:01.240Z;560.8;28.33;111;87;99;0.00;2;1.13;7.4;43.312959;-1.897360;3.688
23;DR;2026-09-06T11:18:02.236Z;561.8;27.87;148;89;99;0.00;2;1.13;7.4;43.312959;-1.897360;3.695
23;DR;2026-09-06T11:18:03.252Z;562.8;27.82;158;89;99;0.00;2;1.13;7.4;43.312959;-1.897360;3.703
23;DR;2026-09-06T11:18:04.237Z;563.8;27.81;150;85;100;0.00;2;1.13;7.4;43.312959;-1.897360;3.711
23;DR;2026-09-06T11:18:05.253Z;564.8;27.71;144;86;100;0.00;2;1.13;7.4;43.312748;-1.896922;3.719
23;DR;2026-09-06T11:18:06.248Z;565.8;27.63;144;85;100;0.00;2;1.13;7.4;43.312748;-1.896922;3.726
23;DR;2026-09-06T11:18:07.244Z;566.8;27.69;155;84;100;0.00;2;1.13;7.4;43.312748;-1.896922;3.734
23;DR;2026-09-06T11:18:08.249Z;567.8;27.77;151;85;100;0.00;2;1.13;7.4;43.312748;-1.896922;3.742
23;DR;2026-09-06T11:18:09.245Z;568.8;27.69;145;84;100;0.00;2;1.13;7.4;43.312748;-1.896922;3.749
23;DR;2026-09-06T11:18:10.250Z;569.8;27.58;137;86;100;0.00;2;1.13;7.4;43.312748;-1.896922;3.757
23;DR;2026-09-06T11:18:11.251Z;570.8;27.60;153;85;100;0.00;2;1.13;7.8;43.312488;-1.896354;3.765
23;DR;2026-09-06T11:18:12.237Z;571.8;27.70;145;83;100;0.00;2;1.13;7.8;43.312488;-1.896354;3.772
23;DR;2026-09-06T11:18:13.247Z;572.8;27.73;151;86;100;0.00;2;1.13;7.8;43.312488;-1.896354;3.780
23;DR;2026-09-06T11:18:14.235Z;573.8;27.72;145;85;100;0.00;2;1.13;7.8;43.312488;-1.896354;3.788
23;DR;2026-09-06T11:18:15.238Z;574.8;27.74;151;84;100;0.00;2;1.13;7.8;43.312488;-1.896354;3.795
23;DR;2026-09-06T11:18:16.244Z;575.8;27.81;154;86;100;0.00;2;1.13;7.8;43.312488;-1.896354;3.803
23;DR;2026-09-06T11:18:17.240Z;576.8;27.90;154;85;100;0.00;2;1.13;7.8;43.312488;-1.896354;3.811
23;DR;2026-09-06T11:18:18.237Z;577.8;27.95;150;85;100;0.00;2;1.13;8.2;43.312279;-1.895864;3.819
23;DR;2026-09-06T11:18:19.247Z;578.8;28.00;154;85;101;0.00;2;1.13;8.2;43.312279;-1.895864;3.827
23;DR;2026-09-06T11:18:20.237Z;579.8;28.00;151;84;100;0.00;2;1.13;8.2;43.312279;-1.895864;3.834
23;DR;2026-09-06T11:18:21.238Z;580.8;27.92;148;85;100;0.00;2;1.13;8.2;43.312279;-1.895864;3.842
23;DR;2026-09-06T11:18:22.248Z;581.8;27.92;151;86;100;0.00;2;1.13;8.2;43.312279;-1.895864;3.850
23;DR;2026-09-06T11:18:23.253Z;582.8;27.90;152;86;100;0.00;2;1.13;8.2;43.312279;-1.895864;3.858
23;DR;2026-09-06T11:18:24.256Z;583.8;27.85;146;86;100;0.00;2;1.13;8.2;43.312029;-1.895301;3.865
23;DR;2026-09-06T11:18:25.254Z;584.8;27.87;147;85;100;0.00;2;1.13;8.2;43.312029;-1.895301;3.873
23;DR;2026-09-06T11:18:26.240Z;585.8;27.95;147;85;100;0.00;2;1.13;8.2;43.312029;-1.895301;3.881
23;DR;2026-09-06T11:18:27.246Z;586.8;27.96;152;85;100;0.00;2;1.13;8.2;43.312029;-1.895301;3.889
23;DR;2026-09-06T11:18:28.252Z;587.8;27.95;150;87;100;0.00;2;1.13;8.2;43.312029;-1.895301;3.896
23;DR;2026-09-06T11:18:29.237Z;588.8;28.03;160;85;100;0.00;2;1.13;8.2;43.312029;-1.895301;3.904
23;DR;2026-09-06T11:18:30.253Z;589.8;27.97;146;85;100;0.00;2;1.13;8.2;43.312029;-1.895301;3.912
23;DR;2026-09-06T11:18:31.237Z;590.8;27.86;151;85;100;0.48;2;1.13;8.6;43.311943;-1.895161;3.920
23;DR;2026-09-06T11:18:32.244Z;591.8;27.81;147;85;100;0.48;2;1.13;8.6;43.311943;-1.895161;3.927
23;DR;2026-09-06T11:18:33.251Z;592.8;27.59;169;86;100;0.00;2;1.13;8.8;43.311827;-1.895041;3.935
23;DR;2026-09-06T11:18:34.255Z;593.8;27.57;208;86;100;0.00;2;1.13;8.8;43.311827;-1.895041;3.943
23;DR;2026-09-06T11:18:35.241Z;594.8;27.95;198;86;101;0.00;2;1.13;8.8;43.311757;-1.895014;3.950
23;DR;2026-09-06T11:18:36.237Z;595.8;28.17;149;84;101;0.00;2;1.13;8.8;43.311592;-1.894958;3.958
23;DR;2026-09-06T11:18:37.242Z;596.8;28.10;145;85;101;-0.70;2;1.13;8.8;43.311592;-1.894958;3.966
23;DR;2026-09-06T11:18:38.237Z;597.8;28.06;154;87;101;-0.70;2;1.13;8.6;43.311573;-1.894810;3.974
23;DR;2026-09-06T11:18:39.243Z;598.8;28.17;131;85;102;0.30;2;1.13;8.6;43.311573;-1.894810;3.982
23;DR;2026-09-06T11:18:40.249Z;599.8;28.52;120;85;102;0.30;2;1.13;9.2;43.311623;-1.894600;3.990
23;DR;2026-09-06T11:18:41.244Z;600.8;28.56;121;85;101;0.00;2;1.13;9.2;43.311623;-1.894600;3.997
23;DR;2026-09-06T11:18:42.252Z;601.8;27.96;138;89;101;0.00;2;1.13;9.0;43.311590;-1.894367;4.005
23;DR;2026-09-06T11:18:43.246Z;602.8;27.82;178;90;101;-0.81;2;1.13;9.0;43.311590;-1.894367;4.013
23;DR;2026-09-06T11:18:44.252Z;603.8;28.06;164;86;101;-0.81;2;1.13;9.0;43.311590;-1.894367;4.021
23;DR;2026-09-06T11:18:45.248Z;604.8;28.24;124;84;101;-1.81;2;1.13;7.8;43.311461;-1.893855;4.029
23;DR;2026-09-06T11:18:46.247Z;605.8;28.70;130;84;101;-1.81;3;1.26;7.8;43.311461;-1.893855;4.037
23;DR;2026-09-06T11:18:47.248Z;606.8;29.26;126;89;100;-2.81;3;1.26;7.8;43.311461;-1.893855;4.045
23;DR;2026-09-06T11:18:48.254Z;607.8;29.77;132;91;100;-2.81;3;1.26;7.8;43.311461;-1.893855;4.053
23;DR;2026-09-06T11:18:49.250Z;608.8;30.17;127;92;100;-2.86;3;1.26;7.8;43.311461;-1.893855;4.061
23;DR;2026-09-06T11:18:50.235Z;609.8;30.43;119;92;100;-2.86;3;1.26;7.6;43.311436;-1.893765;4.069
23;DR;2026-09-06T11:18:51.247Z;610.8;30.48;108;92;99;-1.86;3;1.26;7.6;43.311419;-1.893673;4.078
23;DR;2026-09-06T11:18:52.249Z;611.8;30.33;97;93;99;-1.86;3;1.26;7.4;43.311324;-1.893230;4.086
23;DR;2026-09-06T11:18:53.252Z;612.8;30.11;98;92;99;-0.86;3;1.26;7.4;43.311324;-1.893230;4.095
23;DR;2026-09-06T11:18:54.238Z;613.8;29.91;103;93;99;-0.86;3;1.26;7.4;43.311324;-1.893230;4.103
23;DR;2026-09-06T11:18:55.244Z;614.8;29.63;85;89;99;-0.61;4;1.42;7.4;43.311324;-1.893230;4.111
23;DR;2026-09-06T11:18:56.238Z;615.8;29.39;102;91;99;-0.61;4;1.42;7.0;43.311179;-1.892609;4.120
23;DR;2026-09-06T11:18:57.244Z;616.8;29.29;98;90;99;-0.76;4;1.42;7.0;43.311179;-1.892609;4.128
23;DR;2026-09-06T11:18:58.240Z;617.8;29.28;107;90;98;-0.76;5;1.62;7.0;43.311179;-1.892609;4.136
23;DR;2026-09-06T11:18:59.246Z;618.8;29.44;116;91;99;-0.76;5;1.62;7.0;43.311179;-1.892609;4.144
23;DR;2026-09-06T11:19:00.236Z;619.8;29.59;110;90;99;-0.76;6;1.79;7.0;43.311179;-1.892609;4.152
23;DR;2026-09-06T11:19:01.237Z;620.8;29.62;109;90;99;-0.76;6;1.79;7.0;43.311179;-1.892609;4.160
23;DR;2026-09-06T11:19:02.237Z;621.8;29.53;96;90;98;-0.76;6;1.79;7.0;43.311179;-1.892609;4.169
23;DR;2026-09-06T11:19:03.239Z;622.8;29.40;96;90;98;0.24;6;1.79;7.6;43.310946;-1.891871;4.177
23;DR;2026-09-06T11:19:04.238Z;623.8;29.33;110;89;99;0.24;6;1.79;7.6;43.310946;-1.891871;4.185
23;DR;2026-09-06T11:19:05.235Z;624.8;28.99;114;89;99;0.25;6;1.79;7.6;43.310946;-1.891871;4.193
23;DR;2026-09-06T11:19:06.245Z;625.8;28.30;124;92;99;0.25;6;1.79;7.6;43.310946;-1.891871;4.201
23;DR;2026-09-06T11:19:07.251Z;626.8;27.99;182;90;99;0.25;6;1.79;7.6;43.310946;-1.891871;4.209
23;DR;2026-09-06T11:19:08.247Z;627.8;27.86;163;84;100;0.25;6;1.79;7.6;43.310946;-1.891871;4.217
23;DR;2026-09-06T11:19:09.252Z;628.8;27.68;165;84;100;0.25;6;1.79;7.6;43.310946;-1.891871;4.224
23;DR;2026-09-06T11:19:10.237Z;629.8;27.57;162;85;100;0.25;6;1.79;7.6;43.310946;-1.891871;4.232
23;DR;2026-09-06T11:19:11.242Z;630.8;27.52;179;85;100;0.06;6;1.79;7.6;43.310923;-1.891783;4.240
23;DR;2026-09-06T11:19:12.259Z;631.8;27.51;166;84;100;0.06;6;1.79;8.0;43.310790;-1.891267;4.247
23;DR;2026-09-06T11:19:13.241Z;632.8;27.52;161;84;100;0.24;6;1.79;8.0;43.310790;-1.891267;4.255
23;DR;2026-09-06T11:19:14.241Z;633.8;27.62;147;84;101;0.24;6;1.79;8.0;43.310790;-1.891267;4.263
23;DR;2026-09-06T11:19:15.235Z;634.8;27.54;154;84;101;0.24;6;1.79;8.0;43.310790;-1.891267;4.270
23;DR;2026-09-06T11:19:16.240Z;635.8;27.47;175;85;101;0.24;6;1.79;8.0;43.310790;-1.891267;4.278
23;DR;2026-09-06T11:19:17.247Z;636.8;27.49;171;85;101;0.13;6;1.79;8.0;43.310790;-1.891267;4.286
23;DR;2026-09-06T11:19:18.248Z;637.8;27.61;175;85;101;0.13;6;1.79;8.2;43.310708;-1.890932;4.293
23;DR;2026-09-06T11:19:19.238Z;638.8;27.83;163;84;101;0.11;6;1.79;8.2;43.310708;-1.890932;4.301
23;DR;2026-09-06T11:19:20.243Z;639.8;27.88;160;84;101;0.11;6;1.79;8.2;43.310708;-1.890932;4.309
23;DR;2026-09-06T11:19:21.239Z;640.8;27.74;142;86;101;0.55;6;1.79;8.6;43.310633;-1.890601;4.316
23;DR;2026-09-06T11:19:22.238Z;641.8;27.83;180;86;101;0.55;6;1.79;8.6;43.310633;-1.890601;4.324
23;DR;2026-09-06T11:19:23.237Z;642.8;27.70;160;85;100;0.55;6;1.79;8.6;43.310633;-1.890601;4.332
23;DR;2026-09-06T11:19:24.238Z;643.8;27.20;182;85;100;0.55;6;1.79;8.6;43.310633;-1.890601;4.339
23;DR;2026-09-06T11:19:25.252Z;644.8;27.04;201;84;100;0.55;6;1.79;8.8;43.310598;-1.890433;4.347
23;DR;2026-09-06T11:19:26.252Z;645.8;27.04;192;82;100;0.55;6;1.79;8.8;43.310598;-1.890433;4.355
23;DR;2026-09-06T11:19:27.242Z;646.8;26.93;177;83;100;0.43;6;1.79;8.8;43.310589;-1.890340;4.362
23;DR;2026-09-06T11:19:28.239Z;647.8;26.89;191;83;100;0.43;6;1.79;9.2;43.310558;-1.890077;4.369
23;DR;2026-09-06T11:19:29.254Z;648.8;26.97;178;82;100;0.82;6;1.79;9.2;43.310558;-1.890077;4.377
23;DR;2026-09-06T11:19:30.241Z;649.8;27.00;181;82;101;0.82;6;1.79;9.2;43.310558;-1.890077;4.384
23;DR;2026-09-06T11:19:31.241Z;650.8;26.71;181;84;101;-0.18;6;1.79;9.2;43.310529;-1.890000;4.392
23;DR;2026-09-06T11:19:32.241Z;651.8;26.64;236;82;101;-0.18;6;1.79;9.0;43.310460;-1.889848;4.399
23;DR;2026-09-06T11:19:33.237Z;652.8;27.23;213;83;101;0.82;6;1.79;9.0;43.310460;-1.889848;4.407
23;DR;2026-09-06T11:19:34.242Z;653.8;28.02;183;82;102;0.82;6;1.79;9.6;43.310502;-1.889598;4.414
23;DR;2026-09-06T11:19:35.238Z;654.8;27.99;135;82;102;1.13;6;1.79;9.6;43.310502;-1.889598;4.422
23;DR;2026-09-06T11:19:36.239Z;655.8;27.30;146;88;102;1.13;6;1.79;9.8;43.310561;-1.889349;4.430
23;DR;2026-09-06T11:19:37.236Z;656.8;26.93;213;87;102;0.26;6;1.79;9.8;43.310561;-1.889349;4.437
23;DR;2026-09-06T11:19:38.240Z;657.8;26.70;227;82;103;0.26;6;1.79;9.8;43.310561;-1.889349;4.445
23;DR;2026-09-06T11:19:39.241Z;658.8;27.08;231;82;103;1.26;6;1.79;10.0;43.310563;-1.889267;4.452
23;DR;2026-09-06T11:19:40.239Z;659.8;27.87;204;82;103;1.26;6;1.79;10.2;43.310565;-1.889181;4.460
23;DR;2026-09-06T11:19:41.241Z;660.8;27.54;156;85;103;1.07;6;1.79;11.0;43.310585;-1.888747;4.468
23;DR;2026-09-06T11:19:42.247Z;661.8;26.82;245;85;103;1.07;6;1.79;11.0;43.310585;-1.888747;4.475
23;DR;2026-09-06T11:19:43.253Z;662.8;26.87;264;83;104;1.07;6;1.79;11.0;43.310585;-1.888747;4.483
23;DR;2026-09-06T11:19:44.247Z;663.8;27.03;245;82;104;1.07;6;1.79;11.0;43.310585;-1.888747;4.490
23;DR;2026-09-06T11:19:45.244Z;664.8;27.00;228;83;104;0.65;6;1.79;11.0;43.310585;-1.888747;4.498
23;DR;2026-09-06T11:19:46.237Z;665.8;26.85;234;83;104;0.65;6;1.79;11.2;43.310601;-1.888579;4.505
23;DR;2026-09-06T11:19:47.245Z;666.8;26.84;212;82;105;0.21;6;1.79;11.2;43.310601;-1.888579;4.513
23;DR;2026-09-06T11:19:48.238Z;667.8;27.06;209;82;105;0.21;6;1.79;11.6;43.310673;-1.888000;4.520
23;DR;2026-09-06T11:19:49.247Z;668.8;27.41;197;83;105;0.20;6;1.79;11.6;43.310673;-1.888000;4.528
23;DR;2026-09-06T11:19:50.238Z;669.8;27.68;161;83;106;0.20;6;1.79;11.6;43.310673;-1.888000;4.535
23;DR;2026-09-06T11:19:51.238Z;670.8;27.51;149;84;106;0.20;6;1.79;11.6;43.310673;-1.888000;4.543
23;DR;2026-09-06T11:19:52.254Z;671.8;27.27;151;85;106;0.20;6;1.79;11.6;43.310673;-1.888000;4.551
23;DR;2026-09-06T11:19:53.239Z;672.8;27.28;165;84;107;0.00;6;1.79;11.6;43.310673;-1.888000;4.558
23;DR;2026-09-06T11:19:54.245Z;673.8;27.33;163;82;107;0.00;6;1.79;11.6;43.310680;-1.887919;4.566
23;DR;2026-09-06T11:19:55.240Z;674.8;27.59;169;85;107;-1.00;6;1.79;11.2;43.310699;-1.887505;4.573
23;DR;2026-09-06T11:19:56.236Z;675.8;28.10;178;85;107;-1.00;6;1.79;11.2;43.310699;-1.887505;4.581
23;DR;2026-09-06T11:19:57.242Z;676.8;28.25;101;85;107;-1.19;6;1.79;11.2;43.310699;-1.887505;4.589
23;DR;2026-09-06T11:19:58.247Z;677.8;28.35;97;86;107;-1.19;6;1.79;11.2;43.310699;-1.887505;4.597
23;DR;2026-09-06T11:19:59.243Z;678.8;29.01;143;86;107;-0.45;6;1.79;11.0;43.310711;-1.886953;4.605
23;DR;2026-09-06T11:20:00.246Z;679.8;29.61;118;87;106;-0.45;6;1.79;11.0;43.310711;-1.886953;4.613
23;DR;2026-09-06T11:20:01.254Z;680.8;29.61;103;90;106;-0.45;6;1.79;11.0;43.310711;-1.886953;4.621
23;DR;2026-09-06T11:20:02.239Z;681.8;29.41;119;92;107;-0.45;6;1.79;11.0;43.310711;-1.886953;4.629
23;DR;2026-09-06T11:20:03.245Z;682.8;29.18;107;90;106;-0.45;6;1.79;11.0;43.310711;-1.886953;4.638
23;DR;2026-09-06T11:20:04.241Z;683.8;28.94;109;88;106;-0.45;6;1.79;11.0;43.310711;-1.886953;4.646
23;DR;2026-09-06T11:20:05.238Z;684.8;28.84;119;89;106;-0.44;6;1.79;10.8;43.310742;-1.886388;4.654
23;DR;2026-09-06T11:20:06.252Z;685.8;28.85;117;88;106;-0.44;6;1.79;10.8;43.310742;-1.886388;4.662
23;DR;2026-09-06T11:20:07.248Z;686.8;28.83;120;88;106;-0.44;6;1.79;10.8;43.310742;-1.886388;4.670
23;DR;2026-09-06T11:20:08.253Z;687.8;28.81;117;88;106;-0.44;6;1.79;10.8;43.310742;-1.886388;4.678
23;DR;2026-09-06T11:20:09.239Z;688.8;28.79;120;87;106;-0.88;6;1.79;10.8;43.310742;-1.886388;4.686
23;DR;2026-09-06T11:20:10.251Z;689.8;28.87;128;88;106;-0.88;6;1.79;10.2;43.310756;-1.885910;4.694
23;DR;2026-09-06T11:20:11.250Z;690.8;28.99;118;88;106;-1.55;6;1.79;10.2;43.310756;-1.885910;4.702
23;DR;2026-09-06T11:20:12.256Z;691.8;29.08;107;88;106;-1.55;6;1.79;10.2;43.310756;-1.885910;4.710
23;DR;2026-09-06T11:20:13.241Z;692.8;29.16;109;89;106;-1.55;6;1.79;10.2;43.310756;-1.885910;4.718
23;DR;2026-09-06T11:20:14.238Z;693.8;29.14;100;88;106;-1.55;6;1.79;10.2;43.310756;-1.885910;4.726
23;DR;2026-09-06T11:20:15.253Z;694.8;29.07;101;89;106;-0.55;6;1.79;10.4;43.310754;-1.885708;4.734
23;DR;2026-09-06T11:20:16.238Z;695.8;29.02;102;89;105;-0.55;6;1.79;10.4;43.310754;-1.885708;4.742
23;DR;2026-09-06T11:20:17.247Z;696.8;28.97;101;88;105;0.00;6;1.79;10.4;43.310746;-1.885146;4.750
23;DR;2026-09-06T11:20:18.240Z;697.8;28.95;110;89;105;0.00;6;1.79;10.4;43.310746;-1.885146;4.758
23;DR;2026-09-06T11:20:19.245Z;698.8;28.82;117;89;105;0.00;6;1.79;10.4;43.310746;-1.885146;4.766
23;DR;2026-09-06T11:20:20.241Z;699.8;28.48;151;91;104;0.00;6;1.79;10.4;43.310746;-1.885146;4.774
23;DR;2026-09-06T11:20:21.246Z;700.8;28.37;175;91;104;0.00;6;1.79;10.4;43.310746;-1.885146;4.782
23;DR;2026-09-06T11:20:22.242Z;701.8;28.28;146;84;104;0.00;6;1.79;10.4;43.310746;-1.885146;4.790
23;DR;2026-09-06T11:20:23.241Z;702.8;28.04;144;86;104;0.00;6;1.79;10.4;43.310725;-1.884965;4.798
23;DR;2026-09-06T11:20:24.243Z;703.8;27.93;145;86;104;0.00;6;1.79;10.4;43.310725;-1.884965;4.806
23;DR;2026-09-06T11:20:25.235Z;704.8;27.91;148;85;103;0.00;6;1.79;10.4;43.310586;-1.884433;4.813
23;DR;2026-09-06T11:20:26.236Z;705.8;27.85;144;85;103;0.00;6;1.79;10.4;43.310586;-1.884433;4.821
23;DR;2026-09-06T11:20:27.250Z;706.8;27.74;140;85;102;0.00;6;1.79;10.4;43.310586;-1.884433;4.829
23;DR;2026-09-06T11:20:28.242Z;707.8;27.77;158;85;102;0.00;6;1.79;10.4;43.310586;-1.884433;4.836
23;DR;2026-09-06T11:20:29.242Z;708.8;27.88;153;86;102;-0.09;6;1.79;10.4;43.310586;-1.884433;4.844
23;DR;2026-09-06T11:20:30.247Z;709.8;27.96;150;86;102;-0.09;6;1.79;10.4;43.310586;-1.884433;4.852
23;DR;2026-09-06T11:20:31.239Z;710.8;27.94;151;84;102;-0.52;6;1.79;10.2;43.310354;-1.884085;4.860
23;DR;2026-09-06T11:20:32.248Z;711.8;27.94;146;84;102;-0.52;6;1.79;10.2;43.310354;-1.884085;4.868
23;DR;2026-09-06T11:20:33.254Z;712.8;28.05;130;85;102;-0.52;6;1.79;10.2;43.310354;-1.884085;4.875
23;DR;2026-09-06T11:20:34.250Z;713.8;28.32;110;84;102;-0.52;6;1.79;10.2;43.310354;-1.884085;4.883
23;DR;2026-09-06T11:20:35.240Z;714.8;28.51;106;85;102;0.00;6;1.79;10.2;43.310234;-1.883986;4.891
23;DR;2026-09-06T11:20:36.240Z;715.8;28.47;101;86;102;0.00;6;1.79;10.2;43.310234;-1.883986;4.899
23;DR;2026-09-06T11:20:37.237Z;716.8;28.25;113;87;102;-1.00;6;1.79;9.8;43.310134;-1.883859;4.907
23;DR;2026-09-06T11:20:38.239Z;717.8;27.92;116;89;101;-1.00;6;1.79;9.8;43.310134;-1.883859;4.915
23;DR;2026-09-06T11:20:39.240Z;718.8;28.09;151;88;101;0.00;6;1.79;10.0;43.310102;-1.883588;4.922
23;DR;2026-09-06T11:20:40.253Z;719.8;28.52;125;84;101;0.00;6;1.79;10.0;43.310102;-1.883588;4.930
23;DR;2026-09-06T11:20:41.239Z;720.8;28.59;117;86;101;0.22;6;1.79;10.0;43.310102;-1.883588;4.938
23;DR;2026-09-06T11:20:42.242Z;721.8;28.20;118;92;100;0.22;6;1.79;10.2;43.310227;-1.883356;4.946
23;DR;2026-09-06T11:20:43.244Z;722.8;27.85;151;89;100;0.21;6;1.79;10.2;43.310227;-1.883356;4.954
23;DR;2026-09-06T11:20:44.239Z;723.8;27.79;174;85;100;0.21;6;1.79;10.2;43.310227;-1.883356;4.962
23;DR;2026-09-06T11:20:45.243Z;724.8;27.78;178;85;100;0.54;6;1.79;10.4;43.310272;-1.883285;4.969
23;DR;2026-09-06T11:20:46.243Z;725.8;27.75;166;84;100;0.54;6;1.79;10.4;43.310308;-1.883203;4.977
23;DR;2026-09-06T11:20:47.236Z;726.8;27.55;173;85;101;0.00;6;1.79;10.4;43.310345;-1.883024;4.985
23;DR;2026-09-06T11:20:48.241Z;727.8;27.31;199;85;101;0.00;6;1.79;10.4;43.310345;-1.883024;4.992
23;DR;2026-09-06T11:20:49.237Z;728.8;27.47;191;84;101;0.09;6;1.79;10.6;43.310350;-1.882653;5.000
23;DR;2026-09-06T11:20:50.236Z;729.8;27.89;176;84;101;0.09;6;1.79;10.6;43.310350;-1.882653;5.008
23;DR;2026-09-06T11:20:51.255Z;730.8;28.03;150;84;101;0.09;6;1.79;10.6;43.310350;-1.882653;5.015
23;DR;2026-09-06T11:20:52.251Z;731.8;27.80;142;86;100;0.09;6;1.79;10.6;43.310350;-1.882653;5.023
23;DR;2026-09-06T11:20:53.240Z;732.8;27.67;155;86;100;0.00;6;1.79;10.8;43.310349;-1.882011;5.031
23;DR;2026-09-06T11:20:54.237Z;733.8;27.63;148;84;100;0.00;6;1.79;10.8;43.310349;-1.882011;5.038
23;DR;2026-09-06T11:20:55.242Z;734.8;27.70;163;84;99;0.00;6;1.79;10.8;43.310349;-1.882011;5.046
23;DR;2026-09-06T11:20:56.236Z;735.8;27.87;154;84;99;0.00;6;1.79;10.8;43.310349;-1.882011;5.054
23;DR;2026-09-06T11:20:57.236Z;736.8;27.81;146;85;99;0.00;6;1.79;10.8;43.310349;-1.882011;5.062
23;DR;2026-09-06T11:20:58.238Z;737.8;27.68;142;85;100;0.00;6;1.79;10.8;43.310349;-1.882011;5.069
23;DR;2026-09-06T11:20:59.249Z;738.8;27.74;158;86;99;0.96;6;1.79;10.8;43.310349;-1.882011;5.077
23;DR;2026-09-06T11:21:00.235Z;739.8;27.75;142;86;99;0.96;6;1.79;11.0;43.310348;-1.881919;5.085
23;DR;2026-09-06T11:21:01.250Z;740.8;27.53;155;85;99;0.00;6;1.79;11.0;43.310374;-1.881280;5.092
23;DR;2026-09-06T11:21:02.240Z;741.8;26.99;173;87;100;0.00;6;1.79;11.0;43.310374;-1.881280;5.100
23;DR;2026-09-06T11:21:03.253Z;742.8;27.05;220;83;100;0.00;6;1.79;11.0;43.310374;-1.881280;5.108
23;DR;2026-09-06T11:21:04.238Z;743.8;27.75;185;83;100;0.00;6;1.79;11.0;43.310374;-1.881280;5.115
23;DR;2026-09-06T11:21:05.238Z;744.8;27.97;136;83;100;0.00;6;1.79;11.0;43.310374;-1.881280;5.123
23;DR;2026-09-06T11:21:06.249Z;745.8;27.83;140;85;100;0.00;6;1.79;11.0;43.310374;-1.881280;5.131
23;DR;2026-09-06T11:21:07.249Z;746.8;27.67;152;85;100;0.15;6;1.79;11.0;43.310374;-1.881280;5.138
23;DR;2026-09-06T11:21:08.250Z;747.8;27.67;152;85;101;0.15;6;1.79;11.4;43.310478;-1.880664;5.146
23;DR;2026-09-06T11:21:09.235Z;748.8;27.54;168;84;101;0.16;6;1.79;11.4;43.310478;-1.880664;5.154
23;DR;2026-09-06T11:21:10.242Z;749.8;27.70;165;86;101;0.16;6;1.79;11.4;43.310478;-1.880664;5.161
23;DR;2026-09-06T11:21:11.245Z;750.8;27.76;161;85;101;0.16;6;1.79;11.4;43.310478;-1.880664;5.169
23;DR;2026-09-06T11:21:12.253Z;751.8;27.76;161;85;101;0.16;6;1.79;11.4;43.310478;-1.880664;5.177
23;DR;2026-09-06T11:21:13.249Z;752.8;27.83;158;84;101;0.34;6;1.79;11.4;43.310478;-1.880664;5.184
23;DR;2026-09-06T11:21:14.247Z;753.8;27.74;167;85;101;0.34;6;1.79;11.6;43.310536;-1.880504;5.192
23;DR;2026-09-06T11:21:15.255Z;754.8;27.74;167;85;101;-0.15;6;1.79;11.6;43.310536;-1.880504;5.200
23;DR;2026-09-06T11:21:16.238Z;755.8;27.48;156;85;101;-0.15;6;1.79;11.4;43.310656;-1.880417;5.207
23;DR;2026-09-06T11:21:17.244Z;756.8;27.99;164;82;101;-0.54;6;1.79;11.4;43.310656;-1.880417;5.215
23;DR;2026-09-06T11:21:18.249Z;757.8;28.31;131;84;101;-0.54;6;1.79;11.4;43.310863;-1.880430;5.223
23;DR;2026-09-06T11:21:19.252Z;758.8;28.31;131;84;101;0.00;6;1.79;11.4;43.310863;-1.880430;5.231
23;DR;2026-09-06T11:21:20.236Z;759.8;28.73;109;87;101;0.00;6;1.79;11.4;43.310863;-1.880430;5.239
23;DR;2026-09-06T11:21:21.249Z;760.8;28.39;120;91;102;0.24;6;1.79;11.6;43.311061;-1.880442;5.247
23;DR;2026-09-06T11:21:22.238Z;761.8;28.16;180;89;102;0.24;6;1.79;11.6;43.311061;-1.880442;5.255
23;DR;2026-09-06T11:21:23.245Z;762.8;28.18;180;86;102;0.44;6;1.79;11.6;43.311061;-1.880442;5.262
23;DR;2026-09-06T11:21:24.235Z;763.8;28.11;185;87;102;0.44;6;1.79;11.8;43.311194;-1.880395;5.270
23;DR;2026-09-06T11:21:25.246Z;764.8;27.93;176;85;102;0.00;6;1.79;11.8;43.311194;-1.880395;5.278
23;DR;2026-09-06T11:21:26.235Z;765.8;27.92;188;85;102;0.00;6;1.79;11.8;43.311355;-1.880183;5.286
23;DR;2026-09-06T11:21:27.241Z;766.8;28.15;169;85;103;0.00;6;1.79;11.8;43.311355;-1.880183;5.294
23;DR;2026-09-06T11:21:28.243Z;767.8;28.32;150;85;103;0.00;6;1.79;11.8;43.311355;-1.880183;5.301
23;DR;2026-09-06T11:21:29.248Z;768.8;28.24;153;86;103;1.00;6;1.79;12.0;43.311388;-1.880096;5.309
23;DR;2026-09-06T11:21:30.236Z;769.8;27.97;157;86;103;1.00;6;1.79;12.4;43.311420;-1.880019;5.317
23;DR;2026-09-06T11:21:31.244Z;770.8;27.44;185;88;103;2.00;6;1.79;13.0;43.311483;-1.879882;5.325
23;DR;2026-09-06T11:21:32.242Z;771.8;26.94;248;85;103;2.00;6;1.79;13.0;43.311483;-1.879882;5.332
23;DR;2026-09-06T11:21:33.246Z;772.8;26.28;259;81;103;1.25;6;1.79;14.0;43.311687;-1.879492;5.340
23;DR;2026-09-06T11:21:34.244Z;773.8;26.36;335;80;103;1.25;6;1.79;14.0;43.311687;-1.879492;5.347
23;DR;2026-09-06T11:21:35.242Z;774.8;27.34;276;82;104;1.25;6;1.79;14.0;43.311687;-1.879492;5.355
23;DR;2026-09-06T11:21:36.248Z;775.8;27.51;235;84;104;1.25;6;1.79;14.0;43.311687;-1.879492;5.362
23;DR;2026-09-06T11:21:37.239Z;776.8;26.98;227;83;104;0.25;6;1.79;14.0;43.311687;-1.879492;5.370
23;DR;2026-09-06T11:21:38.249Z;777.8;26.93;230;83;105;0.25;6;1.79;14.0;43.311769;-1.879366;5.377
23;DR;2026-09-06T11:21:39.239Z;778.8;27.62;218;83;105;-0.75;6;1.79;14.0;43.311769;-1.879366;5.385
23;DR;2026-09-06T11:21:40.240Z;779.8;28.10;136;85;105;-0.75;6;1.79;12.4;43.312076;-1.878940;5.392
23;DR;2026-09-06T11:21:41.239Z;780.8;28.74;167;84;105;-1.75;6;1.79;12.4;43.312076;-1.878940;5.400
23;DR;2026-09-06T11:21:42.250Z;781.8;29.50;131;86;105;-1.75;6;1.79;12.4;43.312076;-1.878940;5.409
23;DR;2026-09-06T11:21:43.247Z;782.8;29.57;100;90;105;-2.75;6;1.79;12.4;43.312076;-1.878940;5.417
23;DR;2026-09-06T11:21:44.247Z;783.8;29.39;96;90;106;-2.75;6;1.79;12.4;43.312076;-1.878940;5.425
23;DR;2026-09-06T11:21:45.239Z;784.8;29.19;93;89;106;-2.30;6;1.79;12.4;43.312076;-1.878940;5.433
23;DR;2026-09-06T11:21:46.235Z;785.8;29.02;98;89;106;-2.30;6;1.79;12.0;43.312196;-1.878781;5.441
23;DR;2026-09-06T11:21:47.237Z;786.8;28.90;99;88;106;-1.30;6;1.79;12.0;43.312196;-1.878781;5.449
23;DR;2026-09-06T11:21:48.240Z;787.8;28.80;95;89;106;-1.30;6;1.79;11.8;43.312424;-1.878465;5.457
23;DR;2026-09-06T11:21:49.240Z;788.8;28.87;109;89;106;-0.56;6;1.79;11.8;43.312424;-1.878465;5.465
23;DR;2026-09-06T11:21:50.236Z;789.8;28.99;108;88;106;-0.56;6;1.79;11.8;43.312424;-1.878465;5.473
23;DR;2026-09-06T11:21:51.252Z;790.8;29.00;102;88;106;-0.41;6;1.79;11.8;43.312424;-1.878465;5.481
23;DR;2026-09-06T11:21:52.237Z;791.8;28.87;108;88;105;-0.41;6;1.79;11.8;43.312788;-1.877925;5.489
23;DR;2026-09-06T11:21:53.243Z;792.8;28.72;111;89;105;0.00;6;1.79;11.8;43.312788;-1.877925;5.497
23;DR;2026-09-06T11:21:54.244Z;793.8;28.66;140;89;105;0.00;6;1.79;11.8;43.312788;-1.877925;5.505
23;DR;2026-09-06T11:21:55.244Z;794.8;28.40;136;90;105;0.00;6;1.79;11.8;43.312788;-1.877925;5.513
23;DR;2026-09-06T11:21:56.244Z;795.8;28.19;164;89;105;0.00;6;1.79;11.8;43.312788;-1.877925;5.521
23;DR;2026-09-06T11:21:57.238Z;796.8;28.12;146;85;105;0.00;6;1.79;11.8;43.312788;-1.877925;5.529
23;DR;2026-09-06T11:21:58.247Z;797.8;27.97;149;85;105;0.00;6;1.79;11.8;43.312788;-1.877925;5.537
23;DR;2026-09-06T11:21:59.241Z;798.8;27.73;138;84;105;0.05;6;1.79;11.8;43.312788;-1.877925;5.544
23;DR;2026-09-06T11:22:00.240Z;799.8;27.66;158;85;105;0.05;6;1.79;12.4;43.313183;-1.877322;5.552
23;DR;2026-09-06T11:22:01.248Z;800.8;27.80;154;87;105;0.24;6;1.79;12.4;43.313183;-1.877322;5.560
23;DR;2026-09-06T11:22:02.254Z;801.8;27.85;161;84;105;0.24;6;1.79;12.4;43.313183;-1.877322;5.568
23;DR;2026-09-06T11:22:03.239Z;802.8;27.63;143;85;105;0.24;6;1.79;12.4;43.313183;-1.877322;5.575
23;DR;2026-09-06T11:22:04.245Z;803.8;27.48;175;84;105;0.24;6;1.79;12.4;43.313183;-1.877322;5.583
23;DR;2026-09-06T11:22:05.250Z;804.8;27.54;170;84;105;0.24;6;1.79;12.4;43.313183;-1.877322;5.591
23;DR;2026-09-06T11:22:06.245Z;805.8;27.41;164;84;105;0.24;6;1.79;12.4;43.313183;-1.877322;5.598
23;DR;2026-09-06T11:22:07.242Z;806.8;27.29;168;83;105;0.48;6;1.79;12.4;43.313183;-1.877322;5.606
23;DR;2026-09-06T11:22:08.240Z;807.8;27.34;183;84;105;0.48;6;1.79;13.2;43.313370;-1.877029;5.613
23;DR;2026-09-06T11:22:09.239Z;808.8;27.15;170;84;105;1.23;6;1.79;13.2;43.313370;-1.877029;5.621
23;DR;2026-09-06T11:22:10.241Z;809.8;26.94;207;83;105;1.23;6;1.79;13.2;43.313370;-1.877029;5.628
23;DR;2026-09-06T11:22:11.244Z;810.8;26.77;216;83;104;1.24;6;1.79;13.2;43.313370;-1.877029;5.636
23;DR;2026-09-06T11:22:12.258Z;811.8;27.00;284;82;104;1.24;6;1.79;13.2;43.313370;-1.877029;5.643
23;DR;2026-09-06T11:22:13.246Z;812.8;27.29;243;83;104;1.14;5;1.62;13.8;43.313504;-1.876828;5.651
23;DR;2026-09-06T11:22:14.236Z;813.8;27.02;245;83;105;1.14;5;1.62;13.8;43.313504;-1.876828;5.658
23;DR;2026-09-06T11:22:15.246Z;814.8;26.95;258;82;105;1.94;5;1.62;13.8;43.313504;-1.876828;5.666
23;DR;2026-09-06T11:22:16.269Z;815.8;26.83;242;83;105;1.94;5;1.62;14.4;43.313588;-1.876701;5.674
23;DR;2026-09-06T11:22:17.260Z;816.8;26.18;253;82;105;2.16;5;1.62;15.0;43.313665;-1.876579;5.681
23;DR;2026-09-06T11:22:18.243Z;817.8;26.00;335;80;105;2.16;5;1.62;15.0;43.313665;-1.876579;5.688
23;DR;2026-09-06T11:22:19.236Z;818.8;26.25;326;80;106;2.13;5;1.62;15.6;43.313745;-1.876455;5.695
23;DR;2026-09-06T11:22:20.239Z;819.8;26.37;330;80;106;2.13;5;1.62;15.6;43.313745;-1.876455;5.703
23;DR;2026-09-06T11:22:21.240Z;820.8;26.39;331;81;106;1.34;5;1.62;15.8;43.313789;-1.876403;5.710
23;DR;2026-09-06T11:22:22.253Z;821.8;26.55;306;81;106;1.34;5;1.62;16.6;43.313946;-1.876166;5.717
23;DR;2026-09-06T11:22:23.242Z;822.8;27.47;325;82;107;1.08;4;1.42;16.6;43.313946;-1.876166;5.725
23;DR;2026-09-06T11:22:24.247Z;823.8;27.71;213;84;107;1.08;4;1.42;16.6;43.313946;-1.876166;5.732
23;DR;2026-09-06T11:22:25.250Z;824.8;27.19;208;85;108;1.09;4;1.42;17.4;43.314110;-1.875941;5.740
23;DR;2026-09-06T11:22:26.247Z;825.8;27.22;241;83;108;1.09;4;1.42;17.4;43.314110;-1.875941;5.748
23;DR;2026-09-06T11:22:27.248Z;826.8;27.21;234;83;109;1.09;4;1.42;17.4;43.314110;-1.875941;5.755
23;DR;2026-09-06T11:22:28.249Z;827.8;27.09;225;83;109;1.09;4;1.42;17.4;43.314110;-1.875941;5.763
23;DR;2026-09-06T11:22:29.249Z;828.8;26.96;228;83;110;0.09;4;1.42;17.6;43.314332;-1.875667;5.770
23;DR;2026-09-06T11:22:30.241Z;829.8;26.97;221;83;111;0.09;4;1.42;17.6;43.314332;-1.875667;5.778
23;DR;2026-09-06T11:22:31.236Z;830.8;27.75;202;82;111;0.00;4;1.42;17.6;43.314332;-1.875667;5.785
23;DR;2026-09-06T11:22:32.252Z;831.8;28.48;166;83;112;0.00;4;1.42;17.6;43.314332;-1.875667;5.793
23;DR;2026-09-06T11:22:33.238Z;832.8;28.40;149;86;112;0.00;4;1.42;17.8;43.314519;-1.875476;5.801
23;DR;2026-09-06T11:22:34.243Z;833.8;28.29;151;88;113;0.00;4;1.42;17.8;43.314519;-1.875476;5.809
23;DR;2026-09-06T11:22:35.235Z;834.8;28.18;155;87;113;0.00;4;1.42;17.8;43.314519;-1.875476;5.817
23;DR;2026-09-06T11:22:36.255Z;835.8;28.07;149;85;113;0.00;4;1.42;17.8;43.314519;-1.875476;5.825
23;DR;2026-09-06T11:22:37.236Z;836.8;28.06;151;86;113;0.00;4;1.42;18.2;43.314895;-1.875200;5.832
23;DR;2026-09-06T11:22:38.237Z;837.8;28.03;147;86;113;0.00;4;1.42;18.2;43.314895;-1.875200;5.840
23;DR;2026-09-06T11:22:39.235Z;838.8;27.94;147;85;114;0.00;4;1.42;18.2;43.314895;-1.875200;5.848
23;DR;2026-09-06T11:22:40.236Z;839.8;27.97;158;85;114;0.00;4;1.42;18.2;43.314895;-1.875200;5.856
23;DR;2026-09-06T11:22:41.247Z;840.8;28.15;163;86;114;0.00;4;1.42;18.2;43.314895;-1.875200;5.863
23;DR;2026-09-06T11:22:42.248Z;841.8;28.21;143;85;114;0.00;4;1.42;18.2;43.314895;-1.875200;5.871
23;DR;2026-09-06T11:22:43.241Z;842.8;28.35;164;86;114;-1.00;4;1.42;18.0;43.314960;-1.875166;5.879
23;DR;2026-09-06T11:22:44.238Z;843.8;28.62;166;87;114;-1.00;4;1.42;16.6;43.315302;-1.874964;5.887
23;DR;2026-09-06T11:22:45.245Z;844.8;29.07;128;87;114;-2.00;4;1.42;16.6;43.315302;-1.874964;5.895
23;DR;2026-09-06T11:22:46.251Z;845.8;29.59;128;88;114;-2.00;4;1.42;16.6;43.315302;-1.874964;5.903
23;DR;2026-09-06T11:22:47.242Z;846.8;29.82;105;89;114;-3.00;4;1.42;16.6;43.315302;-1.874964;5.911
23;DR;2026-09-06T11:22:48.241Z;847.8;29.87;109;91;114;-3.00;4;1.42;16.6;43.315302;-1.874964;5.920
23;DR;2026-09-06T11:22:49.236Z;848.8;29.84;98;91;114;-2.00;4;1.42;16.4;43.315445;-1.874884;5.928
23;DR;2026-09-06T11:22:50.237Z;849.8;29.73;100;90;114;-2.00;4;1.42;16.4;43.315445;-1.874884;5.936
23;DR;2026-09-06T11:22:51.251Z;850.8;29.68;105;91;114;-0.99;4;1.42;16.6;43.315799;-1.874684;5.945
23;DR;2026-09-06T11:22:52.241Z;851.8;29.67;106;90;114;-0.99;4;1.42;16.6;43.315799;-1.874684;5.953
23;DR;2026-09-06T11:22:53.247Z;852.8;29.62;99;90;114;0.00;4;1.42;16.6;43.315799;-1.874684;5.961
23;DR;2026-09-06T11:22:54.246Z;853.8;29.49;101;90;113;0.00;4;1.42;16.6;43.315799;-1.874684;5.969
23;DR;2026-09-06T11:22:55.242Z;854.8;28.97;121;91;113;0.45;4;1.42;16.6;43.315799;-1.874684;5.977
23;DR;2026-09-06T11:22:56.240Z;855.8;28.42;151;93;113;0.45;4;1.42;17.8;43.316176;-1.874451;5.985
23;DR;2026-09-06T11:22:57.248Z;856.8;28.06;168;88;113;0.85;4;1.42;17.8;43.316176;-1.874451;5.993
23;DR;2026-09-06T11:22:58.243Z;857.8;27.71;194;85;113;0.85;4;1.42;17.8;43.316176;-1.874451;6.001
23;DR;2026-09-06T11:22:59.243Z;858.8;27.37;207;85;113;0.85;4;1.42;17.8;43.316176;-1.874451;6.009
23;DR;2026-09-06T11:23:00.239Z;859.8;27.32;242;84;113;0.85;4;1.42;17.8;43.316176;-1.874451;6.016
23;DR;2026-09-06T11:23:01.255Z;860.8;27.47;230;83;113;0.82;4;1.42;17.8;43.316176;-1.874451;6.024
23;DR;2026-09-06T11:23:02.240Z;861.8;27.51;239;84;112;0.82;4;1.42;18.0;43.316240;-1.874410;6.031
23;DR;2026-09-06T11:23:03.249Z;862.8;27.42;211;84;112;0.00;4;1.42;18.4;43.316746;-1.874074;6.039
23;DR;2026-09-06T11:23:04.240Z;863.8;27.43;221;84;112;0.00;4;1.42;18.4;43.316746;-1.874074;6.047
23;DR;2026-09-06T11:23:05.242Z;864.8;28.04;191;84;112;0.00;4;1.42;18.4;43.316746;-1.874074;6.054
23;DR;2026-09-06T11:23:06.239Z;865.8;28.56;170;84;112;0.00;4;1.42;18.4;43.316746;-1.874074;6.062
23;DR;2026-09-06T11:23:07.244Z;866.8;28.42;137;86;111;0.00;4;1.42;18.4;43.316746;-1.874074;6.070
23;DR;2026-09-06T11:23:08.249Z;867.8;28.26;151;88;111;0.00;4;1.42;18.4;43.316746;-1.874074;6.078
23;DR;2026-09-06T11:23:09.250Z;868.8;28.51;176;88;111;0.00;4;1.42;18.4;43.316746;-1.874074;6.086
23;DR;2026-09-06T11:23:10.248Z;869.8;28.74;169;86;111;0.00;4;1.42;18.4;43.316746;-1.874074;6.094
23;DR;2026-09-06T11:23:11.241Z;870.8;28.77;161;88;110;0.41;4;1.42;18.6;43.316807;-1.874035;6.102
23;DR;2026-09-06T11:23:12.249Z;871.8;28.59;152;88;109;0.41;4;1.42;18.8;43.316926;-1.873938;6.110
23;DR;2026-09-06T11:23:13.251Z;872.8;28.13;166;87;109;-0.35;4;1.42;18.8;43.316926;-1.873938;6.118
23;DR;2026-09-06T11:23:14.249Z;873.8;27.93;195;87;109;-0.35;4;1.42;18.6;43.317088;-1.873766;6.126
23;DR;2026-09-06T11:23:15.244Z;874.8;28.50;164;85;109;-0.73;4;1.42;18.6;43.317088;-1.873766;6.133
23;DR;2026-09-06T11:23:16.247Z;875.8;29.16;138;86;109;-0.73;4;1.42;18.6;43.317088;-1.873766;6.141
23;DR;2026-09-06T11:23:17.255Z;876.8;29.35;106;89;109;0.27;4;1.42;18.8;43.317138;-1.873700;6.150
23;DR;2026-09-06T11:23:18.235Z;877.8;29.70;134;90;108;0.27;4;1.42;19.4;43.317345;-1.873333;6.158
23;DR;2026-09-06T11:23:19.242Z;878.8;30.05;131;91;108;0.36;4;1.42;19.4;43.317345;-1.873333;6.166
23;DR;2026-09-06T11:23:20.246Z;879.8;29.34;126;93;108;0.36;5;1.62;19.4;43.317345;-1.873333;6.174
23;DR;2026-09-06T11:23:21.241Z;880.8;28.48;199;93;107;0.37;5;1.62;19.4;43.317345;-1.873333;6.182
23;DR;2026-09-06T11:23:22.237Z;881.8;28.24;178;89;107;0.37;5;1.62;19.6;43.317439;-1.873091;6.190
23;DR;2026-09-06T11:23:23.246Z;882.8;28.08;190;87;107;0.14;5;1.62;19.6;43.317439;-1.873091;6.198
23;DR;2026-09-06T11:23:24.240Z;883.8;28.03;181;86;107;0.14;5;1.62;19.6;43.317439;-1.873091;6.206
23;DR;2026-09-06T11:23:25.237Z;884.8;28.10;176;86;107;1.13;5;1.62;20.0;43.317506;-1.872938;6.213
23;DR;2026-09-06T11:23:26.237Z;885.8;28.12;177;85;107;1.13;5;1.62;20.0;43.317506;-1.872938;6.221
23;DR;2026-09-06T11:23:27.243Z;886.8;27.72;200;86;107;0.43;5;1.62;20.2;43.317548;-1.872774;6.229
23;DR;2026-09-06T11:23:28.248Z;887.8;27.61;263;87;107;0.43;5;1.62;20.2;43.317548;-1.872774;6.237
23;DR;2026-09-06T11:23:29.239Z;888.8;28.18;218;85;107;0.66;5;1.62;20.6;43.317612;-1.872521;6.244
23;DR;2026-09-06T11:23:30.247Z;889.8;28.24;174;85;107;0.66;5;1.62;20.6;43.317612;-1.872521;6.252
23;DR;2026-09-06T11:23:31.253Z;890.8;27.96;202;87;107;1.67;5;1.62;20.6;43.317612;-1.872521;6.260
23;DR;2026-09-06T11:23:32.239Z;891.8;27.90;236;87;107;1.67;5;1.62;21.2;43.317648;-1.872353;6.268
23;DR;2026-09-06T11:23:33.245Z;892.8;27.32;234;84;107;1.75;5;1.62;22.2;43.317703;-1.872040;6.276
23;DR;2026-09-06T11:23:34.241Z;893.8;26.85;312;83;107;1.75;5;1.62;22.2;43.317703;-1.872040;6.283
23;DR;2026-09-06T11:23:35.237Z;894.8;26.80;311;82;107;1.75;5;1.62;22.2;43.317703;-1.872040;6.291
23;DR;2026-09-06T11:23:36.241Z;895.8;26.59;283;82;107;1.75;5;1.62;22.2;43.317703;-1.872040;6.298
23;DR;2026-09-06T11:23:37.242Z;896.8;26.76;318;82;107;1.32;5;1.62;22.6;43.317747;-1.871888;6.305
23;DR;2026-09-06T11:23:38.255Z;897.8;26.78;263;82;108;1.32;5;1.62;22.6;43.317747;-1.871888;6.313
23;DR;2026-09-06T11:23:39.257Z;898.8;26.83;285;82;108;1.34;5;1.62;23.4;43.317826;-1.871586;6.320
23;DR;2026-09-06T11:23:40.254Z;899.8;27.11;264;83;109;1.34;5;1.62;23.4;43.317826;-1.871586;6.328
23;DR;2026-09-06T11:23:41.250Z;900.8;27.12;258;84;109;1.38;5;1.62;23.4;43.317826;-1.871586;6.335
23;DR;2026-09-06T11:23:42.272Z;901.8;27.14;261;83;110;1.38;5;1.62;24.4;43.317904;-1.871216;6.343
23;DR;2026-09-06T11:23:43.250Z;902.8;27.07;260;83;110;1.41;5;1.62;24.4;43.317904;-1.871216;6.350
23;DR;2026-09-06T11:23:44.267Z;903.8;27.00;270;83;111;1.41;5;1.62;24.4;43.317904;-1.871216;6.358
23;DR;2026-09-06T11:23:45.247Z;904.8;26.94;273;83;111;1.00;5;1.62;24.4;43.317904;-1.871216;6.365
23;DR;2026-09-06T11:23:46.248Z;905.8;26.89;255;82;112;1.00;5;1.62;24.6;43.317931;-1.871071;6.373
23;DR;2026-09-06T11:23:47.236Z;906.8;27.22;262;81;113;1.38;4;1.42;24.6;43.317931;-1.871071;6.380
23;DR;2026-09-06T11:23:48.237Z;907.8;27.30;223;83;113;1.38;4;1.42;25.4;43.317972;-1.870855;6.388
23;DR;2026-09-06T11:23:49.256Z;908.8;26.78;225;84;113;1.64;4;1.42;25.4;43.317972;-1.870855;6.396
23;DR;2026-09-06T11:23:50.236Z;909.8;26.37;258;82;114;1.64;4;1.42;26.6;43.318059;-1.870507;6.403
23;DR;2026-09-06T11:23:51.246Z;910.8;26.22;267;81;114;1.53;4;1.42;26.6;43.318059;-1.870507;6.410
23;DR;2026-09-06T11:23:52.246Z;911.8;26.48;315;81;114;1.53;4;1.42;26.6;43.318059;-1.870507;6.417
23;DR;2026-09-06T11:23:53.242Z;912.8;26.74;276;81;114;1.41;4;1.42;26.6;43.318059;-1.870507;6.425
23;DR;2026-09-06T11:23:54.261Z;913.8;26.61;264;81;115;1.41;4;1.42;26.8;43.318080;-1.870440;6.432
23;DR;2026-09-06T11:23:55.238Z;914.8;26.61;263;81;115;0.41;4;1.42;27.4;43.318207;-1.870034;6.440
23;DR;2026-09-06T11:23:56.254Z;915.8;26.70;272;82;115;0.41;4;1.42;27.4;43.318207;-1.870034;6.447
23;DR;2026-09-06T11:23:57.250Z;916.8;27.36;237;83;116;0.40;4;1.42;27.4;43.318207;-1.870034;6.455
23;DR;2026-09-06T11:23:58.245Z;917.8;27.95;181;84;116;0.40;4;1.42;27.4;43.318207;-1.870034;6.462
23;DR;2026-09-06T11:23:59.240Z;918.8;27.75;169;84;116;0.04;4;1.42;27.4;43.318207;-1.870034;6.470
23;DR;2026-09-06T11:24:00.236Z;919.8;27.55;170;85;117;0.04;4;1.42;27.6;43.318345;-1.869719;6.478
23;DR;2026-09-06T11:24:01.251Z;920.8;27.67;167;85;117;0.00;4;1.42;27.6;43.318345;-1.869719;6.485
23;DR;2026-09-06T11:24:02.255Z;921.8;27.83;143;83;117;0.00;4;1.42;27.6;43.318345;-1.869719;6.493
23;DR;2026-09-06T11:24:03.246Z;922.8;27.90;152;85;117;1.00;4;1.42;27.6;43.318345;-1.869719;6.501
23;DR;2026-09-06T11:24:04.254Z;923.8;27.96;158;86;118;1.00;4;1.42;28.0;43.318405;-1.869596;6.509
23;DR;2026-09-06T11:24:05.240Z;924.8;27.43;169;85;118;1.01;4;1.42;28.6;43.318505;-1.869384;6.516
23;DR;2026-09-06T11:24:06.238Z;925.8;27.02;226;85;118;1.01;4;1.42;28.6;43.318505;-1.869384;6.524
23;DR;2026-09-06T11:24:07.245Z;926.8;27.09;227;83;118;1.36;4;1.42;28.6;43.318505;-1.869384;6.531
23;DR;2026-09-06T11:24:08.238Z;927.8;26.95;223;82;118;1.36;4;1.42;29.8;43.318674;-1.869101;6.539
23;DR;2026-09-06T11:24:09.252Z;928.8;26.60;233;82;119;1.54;4;1.42;29.8;43.318674;-1.869101;6.546
23;DR;2026-09-06T11:24:10.239Z;929.8;26.61;274;81;118;1.54;3;1.26;29.8;43.318674;-1.869101;6.554
23;DR;2026-09-06T11:24:11.245Z;930.8;26.81;285;81;119;1.22;3;1.26;29.8;43.318674;-1.869101;6.561
23;DR;2026-09-06T11:24:12.237Z;931.8;26.68;272;82;119;1.22;3;1.26;30.8;43.318847;-1.868883;6.568
23;DR;2026-09-06T11:24:13.239Z;932.8;26.79;267;82;119;1.19;3;1.26;30.8;43.318847;-1.868883;6.576
23;DR;2026-09-06T11:24:14.242Z;933.8;27.02;257;82;119;1.19;3;1.26;30.8;43.318847;-1.868883;6.583
23;DR;2026-09-06T11:24:15.246Z;934.8;27.08;247;83;119;1.11;3;1.26;31.4;43.318960;-1.868753;6.591
23;DR;2026-09-06T11:24:16.240Z;935.8;26.96;238;82;119;1.11;3;1.26;31.4;43.318960;-1.868753;6.598
23;DR;2026-09-06T11:24:17.236Z;936.8;26.79;234;83;119;1.17;3;1.26;31.4;43.318960;-1.868753;6.606
23;DR;2026-09-06T11:24:18.238Z;937.8;26.82;233;82;119;1.17;3;1.26;32.0;43.319064;-1.868622;6.613
23;DR;2026-09-06T11:24:19.239Z;938.8;26.94;252;82;119;1.19;3;1.26;32.0;43.319064;-1.868622;6.621
23;DR;2026-09-06T11:24:20.240Z;939.8;26.91;242;83;119;1.19;3;1.26;32.8;43.319208;-1.868458;6.628
23;DR;2026-09-06T11:24:21.244Z;940.8;26.73;241;82;119;2.03;3;1.26;32.8;43.319208;-1.868458;6.636
23;DR;2026-09-06T11:24:22.245Z;941.8;26.56;244;82;119;2.03;3;1.26;33.4;43.319244;-1.868415;6.643
23;DR;2026-09-06T11:24:23.254Z;942.8;26.08;261;81;119;1.51;3;1.26;34.6;43.319412;-1.868190;6.651
23;DR;2026-09-06T11:24:24.236Z;943.8;25.68;305;79;119;1.51;3;1.26;34.6;43.319412;-1.868190;6.658
23;DR;2026-09-06T11:24:25.242Z;944.8;26.08;288;79;119;1.45;3;1.26;34.6;43.319412;-1.868190;6.665
23;DR;2026-09-06T11:24:26.242Z;945.8;26.63;290;81;119;1.45;3;1.26;34.6;43.319412;-1.868190;6.672
23;DR;2026-09-06T11:24:27.244Z;946.8;26.75;265;81;119;0.45;3;1.26;34.8;43.319480;-1.868097;6.680
23;DR;2026-09-06T11:24:28.244Z;947.8;26.68;263;82;119;0.45;3;1.26;33.4;43.319735;-1.867761;6.687
23;DR;2026-09-06T11:24:29.239Z;948.8;27.08;227;82;119;-0.55;3;1.26;33.4;43.319735;-1.867761;6.694
23;DR;2026-09-06T11:24:30.241Z;949.8;27.68;187;83;119;-0.55;3;1.26;33.4;43.319735;-1.867761;6.702
23;DR;2026-09-06T11:24:31.240Z;950.8;28.22;158;84;119;-1.55;3;1.26;33.4;43.319735;-1.867761;6.710
23;DR;2026-09-06T11:24:32.256Z;951.8;29.05;131;85;119;-1.55;3;1.26;33.4;43.319735;-1.867761;6.718
23;DR;2026-09-06T11:24:33.237Z;952.8;29.63;122;87;120;-2.55;3;1.26;32.2;43.319873;-1.867515;6.726
23;DR;2026-09-06T11:24:34.251Z;953.8;30.01;120;91;120;-2.55;3;1.26;32.2;43.319873;-1.867515;6.734
23;DR;2026-09-06T11:24:35.256Z;954.8;30.20;110;91;120;-3.56;3;1.26;32.2;43.319873;-1.867515;6.743
23;DR;2026-09-06T11:24:36.246Z;955.8;30.25;108;93;120;-3.56;3;1.26;31.8;43.319909;-1.867422;6.751
23;DR;2026-09-06T11:24:37.238Z;956.8;30.23;102;93;119;-2.57;3;1.26;31.8;43.319971;-1.867249;6.759
23;DR;2026-09-06T11:24:38.240Z;957.8;30.17;105;92;119;-2.57;3;1.26;31.8;43.319971;-1.867249;6.768
23;DR;2026-09-06T11:24:39.237Z;958.8;30.10;105;91;119;-1.57;3;1.26;32.0;43.320056;-1.867124;6.776
23;DR;2026-09-06T11:24:40.239Z;959.8;30.04;106;92;119;-1.57;3;1.26;32.0;43.320056;-1.867124;6.784
23;DR;2026-09-06T11:24:41.248Z;960.8;30.03;107;92;119;-0.56;3;1.26;32.6;43.320219;-1.867008;6.793
23;DR;2026-09-06T11:24:42.248Z;961.8;30.03;106;92;119;-0.56;3;1.26;32.6;43.320219;-1.867008;6.801
23;DR;2026-09-06T11:24:43.238Z;962.8;30.07;124;92;119;-0.30;3;1.26;32.4;43.320275;-1.866967;6.809
23;DR;2026-09-06T11:24:44.238Z;963.8;30.04;121;93;118;-0.30;3;1.26;33.2;43.320410;-1.866816;6.818
23;DR;2026-09-06T11:24:45.249Z;964.8;29.72;118;91;118;0.70;3;1.26;33.2;43.320410;-1.866816;6.826
23;DR;2026-09-06T11:24:46.255Z;965.8;29.44;136;92;117;0.70;3;1.26;33.2;43.320410;-1.866816;6.834
23;DR;2026-09-06T11:24:47.236Z;966.8;28.85;147;90;117;1.70;3;1.26;34.4;43.320522;-1.866675;6.842
23;DR;2026-09-06T11:24:48.246Z;967.8;28.04;197;92;117;1.70;3;1.26;34.4;43.320522;-1.866675;6.850
23;DR;2026-09-06T11:24:49.236Z;968.8;27.22;233;89;116;2.04;3;1.26;35.6;43.320656;-1.866499;6.858
23;DR;2026-09-06T11:24:50.236Z;969.8;26.81;304;81;116;2.04;3;1.26;35.6;43.320656;-1.866499;6.865
23;DR;2026-09-06T11:24:51.237Z;970.8;26.89;320;83;116;1.84;3;1.26;36.4;43.320752;-1.866371;6.873
23;DR;2026-09-06T11:24:52.241Z;971.8;26.63;292;82;116;1.84;3;1.26;36.4;43.320752;-1.866371;6.880
23;DR;2026-09-06T11:24:53.238Z;972.8;26.61;310;82;116;2.57;3;1.26;36.8;43.320781;-1.866327;6.888
23;DR;2026-09-06T11:24:54.237Z;973.8;26.57;308;82;116;2.57;3;1.26;38.0;43.320902;-1.866160;6.895
23;DR;2026-09-06T11:24:55.255Z;974.8;25.99;319;81;116;1.93;3;1.26;38.0;43.320902;-1.866160;6.903
23;DR;2026-09-06T11:24:56.251Z;975.8;25.70;382;79;115;1.93;3;1.26;38.0;43.320902;-1.866160;6.910
23;DR;2026-09-06T11:24:57.237Z;976.8;26.07;323;79;115;0.94;2;1.13;38.4;43.320993;-1.866030;6.917
23;DR;2026-09-06T11:24:58.242Z;977.8;26.36;294;81;115;0.94;1;1.00;38.4;43.320993;-1.866030;6.924
23;DR;2026-09-06T11:24:59.248Z;978.8;26.89;267;81;115;0.00;1;1.00;39.0;43.321057;-1.865939;6.932
23;DR;2026-09-06T11:25:00.238Z;979.8;27.61;217;83;115;0.00;1;1.00;38.4;43.321234;-1.865688;6.939
23;DR;2026-09-06T11:25:01.249Z;980.8;27.95;177;84;115;-1.00;1;1.00;38.4;43.321234;-1.865688;6.947
23;DR;2026-09-06T11:25:02.238Z;981.8;28.35;179;83;115;-1.00;1;1.00;38.4;43.321234;-1.865688;6.955
23;DR;2026-09-06T11:25:03.240Z;982.8;28.81;139;86;115;-0.06;1;1.00;38.4;43.321234;-1.865688;6.963
23;DR;2026-09-06T11:25:04.245Z;983.8;29.38;135;87;116;-0.06;1;1.00;38.6;43.321588;-1.865160;6.971
23;DR;2026-09-06T11:25:05.241Z;984.8;29.26;122;89;116;0.00;1;1.00;38.6;43.321588;-1.865160;6.979
23;DR;2026-09-06T11:25:06.247Z;985.8;28.62;123;91;116;0.00;1;1.00;38.6;43.321588;-1.865160;6.987
23;DR;2026-09-06T11:25:07.252Z;986.8;28.25;149;89;116;0.00;1;1.00;38.6;43.321588;-1.865160;6.995
23;DR;2026-09-06T11:25:08.248Z;987.8;28.06;150;85;116;0.00;1;1.00;38.6;43.321588;-1.865160;7.003
23;DR;2026-09-06T11:25:09.243Z;988.8;27.93;147;86;116;0.00;1;1.00;38.6;43.321588;-1.865160;7.010
23;DR;2026-09-06T11:25:10.244Z;989.8;27.94;157;86;116;0.00;1;1.00;38.6;43.321588;-1.865160;7.018
23;DR;2026-09-06T11:25:11.243Z;990.8;28.02;154;86;116;0.00;1;1.00;39.4;43.321956;-1.864576;7.026
23;DR;2026-09-06T11:25:12.241Z;991.8;28.22;164;86;116;0.00;1;1.00;39.4;43.321956;-1.864576;7.034
23;DR;2026-09-06T11:25:13.236Z;992.8;28.44;170;85;117;0.00;1;1.00;39.4;43.321956;-1.864576;7.042
23;DR;2026-09-06T11:25:14.247Z;993.8;28.77;189;87;117;0.00;1;1.00;39.4;43.321956;-1.864576;7.050
23;DR;2026-09-06T11:25:15.243Z;994.8;28.96;161;90;116;0.00;1;1.00;39.4;43.321956;-1.864576;7.058
23;DR;2026-09-06T11:25:16.248Z;995.8;28.93;166;89;116;0.00;1;1.00;39.4;43.321956;-1.864576;7.066
23;DR;2026-09-06T11:25:17.238Z;996.8;28.99;171;88;116;0.00;1;1.00;39.4;43.321956;-1.864576;7.074
23;DR;2026-09-06T11:25:18.247Z;997.8;28.94;156;89;117;0.00;1;1.00;39.4;43.321956;-1.864576;7.082
23;DR;2026-09-06T11:25:19.239Z;998.8;28.98;161;88;117;0.11;1;1.00;39.6;43.321990;-1.864517;7.090
23;DR;2026-09-06T11:25:20.251Z;999.8;29.29;183;90;118;0.11;1;1.00;40.0;43.322134;-1.864298;7.098
23;DR;2026-09-06T11:25:21.240Z;1000.8;29.23;165;89;119;0.00;1;1.00;40.0;43.322134;-1.864298;7.106
23;DR;2026-09-06T11:25:22.242Z;1001.8;28.84;160;88;119;0.00;1;1.00;40.0;43.322134;-1.864298;7.114
23;DR;2026-09-06T11:25:23.248Z;1002.8;28.73;175;88;120;0.00;1;1.00;40.2;43.322249;-1.864126;7.122
23;DR;2026-09-06T11:25:24.239Z;1003.8;28.77;162;88;120;0.00;1;1.00;40.2;43.322249;-1.864126;7.130
23;DR;2026-09-06T11:25:25.244Z;1004.8;28.73;164;88;121;-0.52;1;1.00;40.0;43.322489;-1.863781;7.138
23;DR;2026-09-06T11:25:26.236Z;1005.8;28.79;182;89;122;-0.52;1;1.00;40.0;43.322489;-1.863781;7.146
23;DR;2026-09-06T11:25:27.246Z;1006.8;29.25;156;88;122;-0.52;1;1.00;40.0;43.322489;-1.863781;7.154
23;DR;2026-09-06T11:25:28.250Z;1007.8;29.79;119;90;123;-0.52;1;1.00;40.0;43.322489;-1.863781;7.162
23;DR;2026-09-06T11:25:29.251Z;1008.8;30.00;123;89;124;0.00;1;1.00;40.0;43.322489;-1.863781;7.171
23;DR;2026-09-06T11:25:30.237Z;1009.8;29.91;128;89;125;0.00;1;1.00;40.2;43.322616;-1.863597;7.179
23;DR;2026-09-06T11:25:31.247Z;1010.8;29.30;130;91;125;0.00;2;1.13;40.2;43.322616;-1.863597;7.187
23;DR;2026-09-06T11:25:32.237Z;1011.8;28.47;145;92;125;0.00;2;1.13;40.4;43.322782;-1.863347;7.195
23;DR;2026-09-06T11:25:33.249Z;1012.8;28.31;167;89;125;0.00;2;1.13;40.4;43.322782;-1.863347;7.203
23;DR;2026-09-06T11:25:34.244Z;1013.8;28.41;174;85;125;0.00;2;1.13;40.4;43.322782;-1.863347;7.211
23;DR;2026-09-06T11:25:35.250Z;1014.8;28.39;159;89;125;0.00;2;1.13;40.4;43.322782;-1.863347;7.219
23;DR;2026-09-06T11:25:36.235Z;1015.8;28.32;163;86;124;0.00;2;1.13;40.8;43.323034;-1.862966;7.227
23;DR;2026-09-06T11:25:37.241Z;1016.8;28.25;158;85;124;0.00;2;1.13;40.8;43.323034;-1.862966;7.234
23;DR;2026-09-06T11:25:38.247Z;1017.8;28.32;165;87;123;0.00;2;1.13;40.8;43.323034;-1.862966;7.242
23;DR;2026-09-06T11:25:39.242Z;1018.8;28.37;160;87;123;0.00;2;1.13;40.8;43.323034;-1.862966;7.250
23;DR;2026-09-06T11:25:40.238Z;1019.8;28.40;161;88;123;0.00;2;1.13;40.8;43.323034;-1.862966;7.258
23;DR;2026-09-06T11:25:41.240Z;1020.8;28.40;164;87;122;0.01;2;1.13;41.0;43.323075;-1.862903;7.266
23;DR;2026-09-06T11:25:42.249Z;1021.8;28.39;155;86;122;0.01;2;1.13;41.2;43.323244;-1.862646;7.274
23;DR;2026-09-06T11:25:43.241Z;1022.8;28.31;157;87;121;0.00;2;1.13;41.2;43.323244;-1.862646;7.282
23;DR;2026-09-06T11:25:44.250Z;1023.8;28.30;161;87;121;0.00;2;1.13;41.2;43.323244;-1.862646;7.290
23;DR;2026-09-06T11:25:45.241Z;1024.8;28.28;157;86;120;0.00;2;1.13;41.4;43.323503;-1.862266;7.297
23;DR;2026-09-06T11:25:46.241Z;1025.8;28.12;141;86;120;0.00;2;1.13;41.4;43.323503;-1.862266;7.305
23;DR;2026-09-06T11:25:47.237Z;1026.8;27.95;149;85;119;0.00;2;1.13;41.4;43.323503;-1.862266;7.313
23;DR;2026-09-06T11:25:48.253Z;1027.8;27.90;147;86;118;0.00;2;1.13;41.4;43.323503;-1.862266;7.321
23;DR;2026-09-06T11:25:49.244Z;1028.8;27.95;156;86;117;0.00;2;1.13;41.4;43.323503;-1.862266;7.329
23;DR;2026-09-06T11:25:50.235Z;1029.8;27.98;157;85;117;0.00;2;1.13;41.4;43.323503;-1.862266;7.336
23;DR;2026-09-06T11:25:51.247Z;1030.8;27.94;147;86;116;0.00;2;1.13;42.0;43.323881;-1.861685;7.344
23;DR;2026-09-06T11:25:52.250Z;1031.8;27.90;154;86;115;0.00;2;1.13;42.0;43.323881;-1.861685;7.352
23;DR;2026-09-06T11:25:53.251Z;1032.8;27.99;163;85;115;0.00;2;1.13;42.0;43.323881;-1.861685;7.360
23;DR;2026-09-06T11:25:54.236Z;1033.8;28.05;143;85;115;0.00;2;1.13;42.0;43.323881;-1.861685;7.367
23;DR;2026-09-06T11:25:55.242Z;1034.8;28.08;160;85;115;0.00;2;1.13;42.0;43.323881;-1.861685;7.375
23;DR;2026-09-06T11:25:56.248Z;1035.8;28.16;156;86;114;0.00;2;1.13;42.0;43.323881;-1.861685;7.383
23;DR;2026-09-06T11:25:57.243Z;1036.8;28.20;156;88;114;0.00;2;1.13;42.0;43.323881;-1.861685;7.391
23;DR;2026-09-06T11:25:58.249Z;1037.8;28.34;166;87;113;0.00;2;1.13;42.0;43.323881;-1.861685;7.399
23;DR;2026-09-06T11:25:59.246Z;1038.8;28.45;161;88;113;0.49;2;1.13;42.2;43.323926;-1.861621;7.407
23;DR;2026-09-06T11:26:00.251Z;1039.8;28.40;150;86;113;0.49;2;1.13;43.4;43.324217;-1.861178;7.415
23;DR;2026-09-06T11:26:01.236Z;1040.8;27.99;152;86;112;0.46;2;1.13;43.4;43.324217;-1.861178;7.422
23;DR;2026-09-06T11:26:02.252Z;1041.8;27.88;233;87;112;0.46;2;1.13;43.4;43.324217;-1.861178;7.430
23;DR;2026-09-06T11:26:03.237Z;1042.8;28.02;206;87;111;0.46;2;1.13;43.4;43.324217;-1.861178;7.438
23;DR;2026-09-06T11:26:04.249Z;1043.8;27.88;200;87;111;0.46;2;1.13;43.4;43.324217;-1.861178;7.446
23;DR;2026-09-06T11:26:05.242Z;1044.8;27.91;209;85;110;0.60;2;1.13;43.4;43.324217;-1.861178;7.453
23;DR;2026-09-06T11:26:06.247Z;1045.8;27.90;196;86;110;0.60;2;1.13;44.0;43.324339;-1.861004;7.461
23;DR;2026-09-06T11:26:07.236Z;1046.8;27.77;203;85;110;0.83;2;1.13;44.0;43.324339;-1.861004;7.469
23;DR;2026-09-06T11:26:08.236Z;1047.8;27.62;210;85;110;0.83;2;1.13;44.0;43.324339;-1.861004;7.476
23;DR;2026-09-06T11:26:09.241Z;1048.8;27.44;218;85;111;0.81;2;1.13;44.6;43.324415;-1.860889;7.484
23;DR;2026-09-06T11:26:10.240Z;1049.8;27.38;231;84;111;0.81;2;1.13;45.2;43.324597;-1.860611;7.492
23;DR;2026-09-06T11:26:11.252Z;1050.8;27.38;231;84;111;0.27;2;1.13;45.2;43.324597;-1.860611;7.499
23;DR;2026-09-06T11:26:12.248Z;1051.8;27.41;236;83;111;0.27;2;1.13;45.2;43.324597;-1.860611;7.507
23;DR;2026-09-06T11:26:13.243Z;1052.8;27.72;208;84;111;1.23;2;1.13;45.2;43.324597;-1.860611;7.515
23;DR;2026-09-06T11:26:14.244Z;1053.8;27.95;160;84;111;1.23;2;1.13;45.6;43.324634;-1.860557;7.522
23;DR;2026-09-06T11:26:15.257Z;1054.8;27.44;196;85;111;0.82;2;1.13;46.6;43.324815;-1.860295;7.530
23;DR;2026-09-06T11:26:16.250Z;1055.8;26.96;210;85;111;0.82;2;1.13;46.6;43.324815;-1.860295;7.538
23;DR;2026-09-06T11:26:17.236Z;1056.8;27.50;273;83;111;0.80;2;1.13;46.6;43.324815;-1.860295;7.545
23;DR;2026-09-06T11:26:18.251Z;1057.8;28.09;239;83;111;0.80;1;1.00;46.6;43.324815;-1.860295;7.553
23;DR;2026-09-06T11:26:19.237Z;1058.8;27.96;205;86;111;0.32;1;1.00;47.2;43.324954;-1.860069;7.561
23;DR;2026-09-06T11:26:20.242Z;1059.8;27.75;219;86;112;0.32;1;1.00;47.2;43.324954;-1.860069;7.568
23;DR;2026-09-06T11:26:21.248Z;1060.8;27.78;203;84;112;1.20;1;1.00;47.2;43.324954;-1.860069;7.576
23;DR;2026-09-06T11:26:22.254Z;1061.8;27.85;172;84;112;1.20;1;1.00;47.6;43.324988;-1.860015;7.584
23;DR;2026-09-06T11:26:23.245Z;1062.8;27.36;191;84;112;0.32;1;1.00;48.6;43.325235;-1.859650;7.592
23;DR;2026-09-06T11:26:24.245Z;1063.8;26.91;259;84;113;0.32;1;1.00;48.6;43.325235;-1.859650;7.599
23;DR;2026-09-06T11:26:25.251Z;1064.8;27.54;249;84;113;0.32;1;1.00;48.6;43.325235;-1.859650;7.607
23;DR;2026-09-06T11:26:26.246Z;1065.8;28.21;225;84;113;0.32;1;1.00;48.6;43.325235;-1.859650;7.614
23;DR;2026-09-06T11:26:27.237Z;1066.8;28.14;164;86;113;0.58;1;1.00;48.6;43.325235;-1.859650;7.622
23;DR;2026-09-06T11:26:28.247Z;1067.8;28.24;182;86;113;0.58;1;1.00;48.8;43.325267;-1.859596;7.630
23;DR;2026-09-06T11:26:29.251Z;1068.8;28.25;191;87;113;0.70;1;1.00;49.8;43.325432;-1.859338;7.638
23;DR;2026-09-06T11:26:30.249Z;1069.8;27.82;164;89;113;0.70;1;1.00;49.8;43.325432;-1.859338;7.646
23;DR;2026-09-06T11:26:31.254Z;1070.8;27.56;204;85;112;0.57;1;1.00;49.8;43.325432;-1.859338;7.653
23;DR;2026-09-06T11:26:32.241Z;1071.8;27.46;192;82;113;0.57;1;1.00;50.6;43.325599;-1.859084;7.661
23;DR;2026-09-06T11:26:33.246Z;1072.8;27.47;214;83;113;0.45;1;1.00;50.6;43.325599;-1.859084;7.669
23;DR;2026-09-06T11:26:34.241Z;1073.8;27.47;190;84;113;0.45;1;1.00;50.6;43.325599;-1.859084;7.676
23;DR;2026-09-06T11:26:35.247Z;1074.8;27.37;186;84;113;0.00;1;1.00;50.6;43.325599;-1.859084;7.684
23;DR;2026-09-06T11:26:36.248Z;1075.8;27.47;196;84;113;0.00;1;1.00;50.8;43.325701;-1.858929;7.692
23;DR;2026-09-06T11:26:37.238Z;1076.8;27.89;178;84;113;0.20;1;1.00;50.8;43.325701;-1.858929;7.699
23;DR;2026-09-06T11:26:38.243Z;1077.8;28.26;153;85;113;0.20;1;1.00;51.4;43.325836;-1.858719;7.707
23;DR;2026-09-06T11:26:39.249Z;1078.8;28.21;149;87;113;0.37;1;1.00;51.4;43.325836;-1.858719;7.715
23;DR;2026-09-06T11:26:40.250Z;1079.8;28.00;166;87;113;0.37;1;1.00;51.4;43.325836;-1.858719;7.723
23;DR;2026-09-06T11:26:41.242Z;1080.8;27.92;181;85;113;1.07;1;1.00;52.0;43.325904;-1.858617;7.730
23;DR;2026-09-06T11:26:42.245Z;1081.8;27.78;174;85;113;1.07;1;1.00;52.6;43.326002;-1.858463;7.738
23;DR;2026-09-06T11:26:43.239Z;1082.8;27.24;199;85;113;0.54;1;1.00;52.6;43.326002;-1.858463;7.746
23;DR;2026-09-06T11:26:44.236Z;1083.8;26.94;244;84;114;0.54;1;1.00;52.8;43.326068;-1.858364;7.753
23;DR;2026-09-06T11:26:45.243Z;1084.8;27.44;265;84;114;0.53;1;1.00;52.8;43.326068;-1.858364;7.761
23;DR;2026-09-06T11:26:46.248Z;1085.8;27.81;180;84;114;0.53;1;1.00;53.0;43.326099;-1.858314;7.769
23;DR;2026-09-06T11:26:47.247Z;1086.8;27.78;191;84;114;0.61;1;1.00;54.2;43.326298;-1.857967;7.776
23;DR;2026-09-06T11:26:48.240Z;1087.8;27.75;196;85;114;0.61;1;1.00;54.2;43.326298;-1.857967;7.784
23;DR;2026-09-06T11:26:49.256Z;1088.8;27.69;198;85;114;0.61;1;1.00;54.2;43.326298;-1.857967;7.792
23;DR;2026-09-06T11:26:50.244Z;1089.8;27.61;198;85;114;0.61;1;1.00;54.2;43.326298;-1.857967;7.799
23;DR;2026-09-06T11:26:51.237Z;1090.8;27.61;209;84;114;1.60;1;1.00;54.6;43.326324;-1.857916;7.807
23;DR;2026-09-06T11:26:52.238Z;1091.8;27.58;207;85;114;1.60;1;1.00;55.4;43.326380;-1.857764;7.815
23;DR;2026-09-06T11:26:53.240Z;1092.8;27.25;231;85;115;1.56;1;1.00;55.4;43.326380;-1.857764;7.822
23;DR;2026-09-06T11:26:54.244Z;1093.8;26.98;279;83;115;1.56;1;1.00;56.2;43.326435;-1.857623;7.830
23;DR;2026-09-06T11:26:55.239Z;1094.8;27.02;299;83;115;1.33;1;1.00;56.4;43.326454;-1.857579;7.837
23;DR;2026-09-06T11:26:56.239Z;1095.8;26.83;283;82;115;1.33;1;1.00;57.6;43.326533;-1.857347;7.845
23;DR;2026-09-06T11:26:57.240Z;1096.8;26.24;198;83;115;1.41;1;1.00;57.6;43.326533;-1.857347;7.852
23;DR;2026-09-06T11:26:58.246Z;1097.8;25.93;245;86;115;1.41;1;1.00;57.6;43.326533;-1.857347;7.859
23;DR;2026-09-06T11:26:59.235Z;1098.8;25.86;247;84;115;1.05;1;1.00;58.6;43.326618;-1.857108;7.867
23;DR;2026-09-06T11:27:00.248Z;1099.8;25.56;218;84;116;1.05;1;1.00;58.6;43.326618;-1.857108;7.874
23;DR;2026-09-06T11:27:01.236Z;1100.8;25.56;228;84;116;0.41;1;1.00;58.6;43.326618;-1.857108;7.881
23;DR;2026-09-06T11:27:02.241Z;1101.8;25.66;211;84;116;0.41;1;1.00;58.8;43.326644;-1.857011;7.888
23;DR;2026-09-06T11:27:03.243Z;1102.8;25.94;190;85;116;0.44;1;1.00;59.4;43.326737;-1.856783;7.895
23;DR;2026-09-06T11:27:04.242Z;1103.8;26.32;170;86;116;0.44;1;1.00;59.4;43.326737;-1.856783;7.902
23;DR;2026-09-06T11:27:05.243Z;1104.8;26.29;156;86;116;1.44;1;1.00;59.4;43.326737;-1.856783;7.910
23;DR;2026-09-06T11:27:06.236Z;1105.8;26.17;159;86;116;1.44;1;1.00;60.8;43.326831;-1.856545;7.917
23;DR;2026-09-06T11:27:07.238Z;1106.8;25.84;170;88;116;1.42;1;1.00;60.8;43.326831;-1.856545;7.924
23;DR;2026-09-06T11:27:08.237Z;1107.8;25.42;242;86;116;1.42;1;1.00;60.8;43.326831;-1.856545;7.931
23;DR;2026-09-06T11:27:09.248Z;1108.8;25.09;223;85;115;1.05;1;1.00;61.4;43.326882;-1.856401;7.938
23;DR;2026-09-06T11:27:10.238Z;1109.8;24.24;162;81;115;1.05;1;1.00;61.4;43.326882;-1.856401;7.945
23;DR;2026-09-06T11:27:11.240Z;1110.8;23.68;180;82;115;1.04;1;1.00;61.8;43.326918;-1.856305;7.952
23;DR;2026-09-06T11:27:12.241Z;1111.8;23.83;211;83;115;1.04;1;1.00;62.8;43.327008;-1.856070;7.958
23;DR;2026-09-06T11:27:13.235Z;1112.8;23.71;166;83;115;1.06;1;1.00;62.8;43.327008;-1.856070;7.965
23;DR;2026-09-06T11:27:14.246Z;1113.8;23.47;179;83;114;1.06;1;1.00;62.8;43.327008;-1.856070;7.972
23;DR;2026-09-06T11:27:15.241Z;1114.8;23.40;177;83;114;1.02;1;1.00;63.0;43.327024;-1.856020;7.978
23;DR;2026-09-06T11:27:16.242Z;1115.8;23.30;176;82;114;1.02;1;1.00;64.0;43.327113;-1.855779;7.985
23;DR;2026-09-06T11:27:17.253Z;1116.8;23.22;176;82;114;1.03;1;1.00;64.0;43.327113;-1.855779;7.991
23;DR;2026-09-06T11:27:18.248Z;1117.8;23.15;179;81;114;1.03;1;1.00;64.0;43.327113;-1.855779;7.998
23;DR;2026-09-06T11:27:19.241Z;1118.8;22.42;125;82;114;1.09;1;1.00;64.6;43.327170;-1.855644;8.004
23;DR;2026-09-06T11:27:20.239Z;1119.8;21.42;128;83;114;1.09;1;1.00;64.6;43.327170;-1.855644;8.010
23;DR;2026-09-06T11:27:21.245Z;1120.8;20.91;140;85;114;1.06;1;1.00;65.0;43.327208;-1.855553;8.016
23;DR;2026-09-06T11:27:22.251Z;1121.8;20.83;161;84;114;1.06;1;1.00;65.0;43.327208;-1.855553;8.022
23;DR;2026-09-06T11:27:23.247Z;1122.8;21.26;183;85;114;0.94;1;1.00;66.2;43.327357;-1.855278;8.027
23;DR;2026-09-06T11:27:24.242Z;1123.8;21.65;175;85;114;0.94;1;1.00;66.2;43.327357;-1.855278;8.033
23;DR;2026-09-06T11:27:25.248Z;1124.8;21.51;151;85;114;0.94;1;1.00;66.2;43.327357;-1.855278;8.039
23;DR;2026-09-06T11:27:26.237Z;1125.8;21.27;142;87;113;0.94;1;1.00;66.2;43.327357;-1.855278;8.045
23;DR;2026-09-06T11:27:27.239Z;1126.8;21.07;144;83;113;0.96;1;1.00;67.2;43.327481;-1.855053;8.051
23;DR;2026-09-06T11:27:28.245Z;1127.8;20.99;139;84;113;0.96;1;1.00;67.2;43.327481;-1.855053;8.057
23;DR;2026-09-06T11:27:29.250Z;1128.8;21.10;160;85;113;0.96;1;1.00;67.2;43.327481;-1.855053;8.063
23;DR;2026-09-06T11:27:30.236Z;1129.8;21.23;145;83;113;0.96;1;1.00;67.2;43.327481;-1.855053;8.069
23;DR;2026-09-06T11:27:31.235Z;1130.8;21.16;149;75;113;1.02;1;1.00;68.4;43.327615;-1.854783;8.075
23;DR;2026-09-06T11:27:32.237Z;1131.8;21.22;157;76;113;1.02;2;1.13;68.4;43.327615;-1.854783;8.081
23;DR;2026-09-06T11:27:33.249Z;1132.8;21.32;152;86;113;1.25;2;1.13;68.4;43.327615;-1.854783;8.087
23;DR;2026-09-06T11:27:34.238Z;1133.8;21.28;160;85;112;1.25;2;1.13;68.4;43.327615;-1.854783;8.092
23;DR;2026-09-06T11:27:35.239Z;1134.8;21.18;157;85;112;1.30;2;1.13;68.4;43.327615;-1.854783;8.098
23;DR;2026-09-06T11:27:36.239Z;1135.8;20.94;161;85;112;1.30;2;1.13;69.0;43.327685;-1.854658;8.104
23;DR;2026-09-06T11:27:37.255Z;1136.8;20.86;169;84;112;1.33;2;1.13;69.0;43.327685;-1.854658;8.110
23;DR;2026-09-06T11:27:38.241Z;1137.8;20.85;163;84;112;1.33;2;1.13;69.6;43.327750;-1.854530;8.116
23;DR;2026-09-06T11:27:39.246Z;1138.8;20.81;167;83;112;1.30;2;1.13;69.6;43.327750;-1.854530;8.122
23;DR;2026-09-06T11:27:40.247Z;1139.8;20.97;177;84;112;1.30;2;1.13;70.6;43.327863;-1.854310;8.127
23;DR;2026-09-06T11:27:41.247Z;1140.8;21.24;183;85;112;1.27;2;1.13;70.6;43.327863;-1.854310;8.133
23;DR;2026-09-06T11:27:42.243Z;1141.8;21.31;177;84;112;1.27;2;1.13;70.6;43.327863;-1.854310;8.139
23;DR;2026-09-06T11:27:43.249Z;1142.8;21.02;163;85;112;1.27;2;1.13;70.6;43.327863;-1.854310;8.145
23;DR;2026-09-06T11:27:44.243Z;1143.8;20.69;161;84;112;1.27;2;1.13;71.6;43.327984;-1.854098;8.151
23;DR;2026-09-06T11:27:45.240Z;1144.8;20.76;164;84;112;1.27;2;1.13;71.6;43.327984;-1.854098;8.157
23;DR;2026-09-06T11:27:46.245Z;1145.8;20.85;177;83;112;1.27;2;1.13;71.6;43.327984;-1.854098;8.162
23;DR;2026-09-06T11:27:47.251Z;1146.8;20.78;160;82;112;2.28;2;1.13;71.6;43.327984;-1.854098;8.168
23;DR;2026-09-06T11:27:48.237Z;1147.8;20.73;165;83;112;2.28;2;1.13;72.6;43.328050;-1.853966;8.174
23;DR;2026-09-06T11:27:49.253Z;1148.8;20.26;185;82;111;1.57;2;1.13;72.6;43.328050;-1.853966;8.180
23;DR;2026-09-06T11:27:50.238Z;1149.8;19.89;217;72;111;1.57;2;1.13;73.0;43.328096;-1.853877;8.185
23;DR;2026-09-06T11:27:51.238Z;1150.8;20.40;240;71;111;1.27;2;1.13;73.0;43.328096;-1.853877;8.191
23;DR;2026-09-06T11:27:52.239Z;1151.8;20.85;211;72;111;1.27;2;1.13;73.6;43.328168;-1.853750;8.196
23;DR;2026-09-06T11:27:53.245Z;1152.8;20.93;171;84;111;1.03;2;1.13;73.6;43.328168;-1.853750;8.202
23;DR;2026-09-06T11:27:54.243Z;1153.8;20.95;165;83;111;1.03;2;1.13;74.6;43.328306;-1.853487;8.208
23;DR;2026-09-06T11:27:55.241Z;1154.8;21.00;168;84;110;0.97;2;1.13;74.6;43.328306;-1.853487;8.214
23;DR;2026-09-06T11:27:56.241Z;1155.8;21.10;152;84;110;0.97;2;1.13;74.6;43.328306;-1.853487;8.220
23;DR;2026-09-06T11:27:57.237Z;1156.8;21.03;145;82;110;1.54;2;1.13;74.6;43.328306;-1.853487;8.226
23;DR;2026-09-06T11:27:58.242Z;1157.8;21.03;141;86;110;1.54;2;1.13;75.8;43.328404;-1.853310;8.231
23;DR;2026-09-06T11:27:59.245Z;1158.8;20.86;157;84;109;2.06;2;1.13;75.8;43.328404;-1.853310;8.237
23;DR;2026-09-06T11:28:00.240Z;1159.8;20.72;163;85;109;2.06;2;1.13;75.8;43.328404;-1.853310;8.243
23;DR;2026-09-06T11:28:01.237Z;1160.8;20.43;189;84;109;1.64;2;1.13;77.0;43.328521;-1.853097;8.249
23;DR;2026-09-06T11:28:02.255Z;1161.8;20.14;195;82;109;1.64;2;1.13;77.0;43.328521;-1.853097;8.254
23;DR;2026-09-06T11:28:03.241Z;1162.8;20.43;237;83;109;1.63;2;1.13;77.0;43.328521;-1.853097;8.260
23;DR;2026-09-06T11:28:04.246Z;1163.8;20.71;199;81;109;1.63;2;1.13;77.0;43.328521;-1.853097;8.266
23;DR;2026-09-06T11:28:05.236Z;1164.8;20.66;189;83;109;1.28;2;1.13;78.0;43.328639;-1.852882;8.271
23;DR;2026-09-06T11:28:06.248Z;1165.8;20.64;192;82;109;1.28;2;1.13;78.0;43.328639;-1.852882;8.277
23;DR;2026-09-06T11:28:07.243Z;1166.8;20.80;184;83;109;1.29;2;1.13;78.0;43.328639;-1.852882;8.283
23;DR;2026-09-06T11:28:08.239Z;1167.8;20.93;183;82;109;1.29;2;1.13;78.0;43.328639;-1.852882;8.289
23;DR;2026-09-06T11:28:09.241Z;1168.8;20.98;168;83;109;2.29;7;2.08;78.8;43.328727;-1.852715;8.295
23;DR;2026-09-06T11:28:10.235Z;1169.8;21.12;177;85;109;2.29;10;3.33;78.8;43.328727;-1.852715;8.300
23;DR;2026-09-06T11:28:11.236Z;1170.8;20.95;203;85;109;3.28;10;3.33;78.8;43.328727;-1.852715;8.306
23;DR;2026-09-06T11:28:12.247Z;1171.8;20.54;215;86;109;3.28;10;3.33;79.0;43.328750;-1.852672;8.312
23;DR;2026-09-06T11:28:13.238Z;1172.8;19.93;250;84;109;4.28;10;3.33;80.2;43.328848;-1.852494;8.318
23;DR;2026-09-06T11:28:14.241Z;1173.8;19.53;291;78;109;4.28;6;1.79;80.2;43.328848;-1.852494;8.323
23;DR;2026-09-06T11:28:15.243Z;1174.8;19.27;314;77;109;3.28;2;1.13;80.2;43.328848;-1.852494;8.329
23;DR;2026-09-06T11:28:16.248Z;1175.8;18.61;293;78;109;3.28;1;1.00;81.0;43.328940;-1.852313;8.334
23;DR;2026-09-06T11:28:17.250Z;1176.8;18.72;325;75;109;2.28;1;1.00;81.0;43.328940;-1.852313;8.339
23;DR;2026-09-06T11:28:18.235Z;1177.8;19.31;295;76;110;2.28;1;1.00;81.0;43.328940;-1.852313;8.344
23;DR;2026-09-06T11:28:19.251Z;1178.8;19.77;277;78;110;1.28;1;1.00;81.4;43.328984;-1.852226;8.350
23;DR;2026-09-06T11:28:20.237Z;1179.8;20.14;253;80;111;1.28;1;1.00;81.4;43.328984;-1.852226;8.355
23;DR;2026-09-06T11:28:21.242Z;1180.8;20.38;191;81;111;0.28;1;1.00;81.6;43.329139;-1.851949;8.361
23;DR;2026-09-06T11:28:22.238Z;1181.8;20.90;199;80;112;0.28;1;1.00;81.6;43.329139;-1.851949;8.367
23;DR;2026-09-06T11:28:23.239Z;1182.8;21.45;122;84;112;0.00;1;1.00;81.6;43.329139;-1.851949;8.372
23;DR;2026-09-06T11:28:24.235Z;1183.8;22.10;136;85;112;0.00;1;1.00;81.6;43.329139;-1.851949;8.378
23;DR;2026-09-06T11:28:25.255Z;1184.8;22.79;120;89;113;-1.01;1;1.00;81.6;43.329139;-1.851949;8.385
23;DR;2026-09-06T11:28:26.250Z;1185.8;23.23;105;91;113;-1.01;1;1.00;81.0;43.329372;-1.851625;8.391
23;DR;2026-09-06T11:28:27.242Z;1186.8;23.51;101;95;114;-1.63;5;1.62;81.0;43.329372;-1.851625;8.398
23;DR;2026-09-06T11:28:28.241Z;1187.8;23.81;90;85;114;-1.63;5;1.62;81.0;43.329372;-1.851625;8.404
23;DR;2026-09-06T11:28:29.247Z;1188.8;24.45;117;84;114;-1.63;5;1.62;81.0;43.329372;-1.851625;8.411
23;DR;2026-09-06T11:28:30.248Z;1189.8;24.71;105;94;114;-1.63;5;1.62;81.0;43.329372;-1.851625;8.418
23;DR;2026-09-06T11:28:31.236Z;1190.8;24.48;80;82;114;-0.63;10;3.33;80.8;43.329408;-1.851562;8.425
23;DR;2026-09-06T11:28:32.244Z;1191.8;24.15;62;77;114;-0.63;10;3.33;81.2;43.329487;-1.851361;8.431
23;DR;2026-09-06T11:28:33.238Z;1192.8;23.91;56;91;115;0.37;10;3.33;81.2;43.329487;-1.851361;8.438
23;DR;2026-09-06T11:28:34.238Z;1193.8;24.08;94;84;115;0.37;10;3.33;81.2;43.329487;-1.851361;8.445
23;DR;2026-09-06T11:28:35.242Z;1194.8;24.15;79;76;115;1.37;10;3.33;82.0;43.329619;-1.851132;8.451
23;DR;2026-09-06T11:28:36.246Z;1195.8;23.59;108;73;115;1.37;10;3.33;82.0;43.329619;-1.851132;8.458
23;DR;2026-09-06T11:28:37.247Z;1196.8;22.81;108;65;116;2.37;10;3.33;82.0;43.329619;-1.851132;8.464
23;DR;2026-09-06T11:28:38.243Z;1197.8;22.04;152;57;116;2.37;10;3.33;82.0;43.329619;-1.851132;8.471
23;DR;2026-09-06T11:28:39.240Z;1198.8;21.26;176;65;116;3.37;10;3.33;82.0;43.329657;-1.851078;8.477
23;DR;2026-09-06T11:28:40.239Z;1199.8;20.65;199;70;116;3.37;10;3.33;82.4;43.329728;-1.850958;8.482
23;DR;2026-09-06T11:28:41.239Z;1200.8;20.22;278;81;116;2.68;10;3.33;82.4;43.329728;-1.850958;8.488
23;DR;2026-09-06T11:28:42.235Z;1201.8;19.81;264;80;116;2.68;10;3.33;82.8;43.329793;-1.850747;8.494
23;DR;2026-09-06T11:28:43.246Z;1202.8;20.07;304;80;117;2.47;10;3.33;82.8;43.329793;-1.850747;8.499
23;DR;2026-09-06T11:28:44.251Z;1203.8;20.44;261;81;117;2.47;10;3.33;82.8;43.329793;-1.850747;8.505
23;DR;2026-09-06T11:28:45.244Z;1204.8;20.35;246;82;117;2.26;10;3.33;83.0;43.329807;-1.850604;8.511
23;DR;2026-09-06T11:28:46.243Z;1205.8;20.34;251;82;117;2.26;10;3.33;83.0;43.329807;-1.850604;8.516
23;DR;2026-09-06T11:28:47.236Z;1206.8;20.51;258;81;117;3.26;10;3.33;83.4;43.329818;-1.850461;8.522
23;DR;2026-09-06T11:28:48.249Z;1207.8;20.57;225;82;117;3.26;10;3.33;83.4;43.329818;-1.850461;8.528
23;DR;2026-09-06T11:28:49.244Z;1208.8;20.03;238;81;117;3.87;10;3.33;83.8;43.329828;-1.850315;8.533
23;DR;2026-09-06T11:28:50.240Z;1209.8;19.80;276;80;117;3.87;10;3.33;83.8;43.329828;-1.850315;8.539
23;DR;2026-09-06T11:28:51.255Z;1210.8;19.82;323;79;117;2.87;10;3.33;84.4;43.329854;-1.849877;8.544
23;DR;2026-09-06T11:28:52.246Z;1211.8;19.59;317;79;117;2.87;8;2.38;84.4;43.329854;-1.849877;8.550
23;DR;2026-09-06T11:28:53.242Z;1212.8;19.83;322;79;118;1.87;8;2.38;84.4;43.329854;-1.849877;8.555
23;DR;2026-09-06T11:28:54.242Z;1213.8;20.19;283;79;118;1.87;8;2.38;84.4;43.329854;-1.849877;8.561
23;DR;2026-09-06T11:28:55.253Z;1214.8;20.42;238;82;118;1.21;8;2.38;84.4;43.329854;-1.849877;8.566
23;DR;2026-09-06T11:28:56.249Z;1215.8;20.85;188;82;118;1.21;8;2.38;84.4;43.329854;-1.849877;8.572
23;DR;2026-09-06T11:28:57.239Z;1216.8;21.20;183;84;118;2.21;8;2.38;84.4;43.329854;-1.849877;8.578
23;DR;2026-09-06T11:28:58.250Z;1217.8;21.20;183;84;119;2.21;8;2.38;85.0;43.329866;-1.849731;8.584
23;DR;2026-09-06T11:28:59.235Z;1218.8;20.99;149;84;119;1.21;8;2.38;85.0;43.329866;-1.849731;8.590
23;DR;2026-09-06T11:29:00.237Z;1219.8;20.30;203;84;119;1.21;8;2.38;85.4;43.329968;-1.849226;8.595
23;DR;2026-09-06T11:29:01.247Z;1220.8;21.03;194;82;119;0.61;8;2.38;85.4;43.329968;-1.849226;8.601
23;DR;2026-09-06T11:29:02.248Z;1221.8;21.03;194;82;120;0.61;8;2.38;85.4;43.329968;-1.849226;8.607
23;DR;2026-09-06T11:29:03.239Z;1222.8;21.48;137;86;120;0.61;8;2.38;85.4;43.329968;-1.849226;8.613
23;DR;2026-09-06T11:29:04.244Z;1223.8;21.48;137;86;120;0.61;8;2.38;85.4;43.329968;-1.849226;8.619
23;DR;2026-09-06T11:29:05.239Z;1224.8;21.71;126;86;119;0.41;8;2.38;85.4;43.329968;-1.849226;8.625
23;DR;2026-09-06T11:29:06.239Z;1225.8;21.91;110;88;119;0.41;8;2.38;85.4;43.329968;-1.849226;8.631
23;DR;2026-09-06T11:29:07.241Z;1226.8;22.02;121;87;120;-0.50;8;2.38;85.2;43.330137;-1.848787;8.637
23;DR;2026-09-06T11:29:08.241Z;1227.8;22.32;107;89;120;-0.50;8;2.38;85.2;43.330137;-1.848787;8.643
23;DR;2026-09-06T11:29:09.241Z;1228.8;22.94;104;90;120;-0.50;8;2.38;85.2;43.330137;-1.848787;8.650
23;DR;2026-09-06T11:29:10.236Z;1229.8;23.53;88;92;120;-0.50;8;2.38;85.2;43.330137;-1.848787;8.656
23;DR;2026-09-06T11:29:11.239Z;1230.8;23.84;86;94;120;-0.44;10;3.33;85.2;43.330137;-1.848787;8.663
23;DR;2026-09-06T11:29:12.237Z;1231.8;23.90;67;92;120;-0.44;13;4.17;85.2;43.330137;-1.848787;8.669
23;DR;2026-09-06T11:29:13.246Z;1232.8;23.89;78;96;120;-1.10;13;4.17;84.6;43.330356;-1.848420;8.676
23;DR;2026-09-06T11:29:14.239Z;1233.8;23.89;78;96;119;-1.10;13;4.17;84.6;43.330356;-1.848420;8.682
23;DR;2026-09-06T11:29:15.246Z;1234.8;24.08;86;86;119;-1.01;14;4.55;84.6;43.330356;-1.848420;8.689
23;DR;2026-09-06T11:29:16.250Z;1235.8;23.83;59;86;119;-1.01;14;4.55;84.6;43.330356;-1.848420;8.696
23;DR;2026-09-06T11:29:17.236Z;1236.8;23.84;91;85;119;-1.01;14;4.55;84.6;43.330356;-1.848420;8.702
23;DR;2026-09-06T11:29:18.240Z;1237.8;24.12;88;85;118;-1.01;14;4.55;84.6;43.330356;-1.848420;8.709
23;DR;2026-09-06T11:29:19.240Z;1238.8;24.32;84;95;118;-1.20;14;4.55;83.8;43.330673;-1.848118;8.716
23;DR;2026-09-06T11:29:20.253Z;1239.8;24.21;86;86;118;-1.20;14;4.55;83.8;43.330673;-1.848118;8.723
23;DR;2026-09-06T11:29:21.240Z;1240.8;23.35;26;78;118;-1.20;14;4.55;83.8;43.330673;-1.848118;8.729
23;DR;2026-09-06T11:29:22.237Z;1241.8;23.04;97;81;117;-1.20;14;4.55;83.8;43.330673;-1.848118;8.736
23;DR;2026-09-06T11:29:23.237Z;1242.8;23.45;87;88;117;-1.20;14;4.55;83.8;43.330673;-1.848118;8.742
23;DR;2026-09-06T11:29:24.241Z;1243.8;23.74;80;92;117;-1.20;14;4.55;83.8;43.330673;-1.848118;8.749
23;DR;2026-09-06T11:29:25.241Z;1244.8;24.06;90;82;116;-2.21;14;4.55;83.8;43.330673;-1.848118;8.755
23;DR;2026-09-06T11:29:26.242Z;1245.8;24.68;121;72;116;-2.21;14;4.55;83.0;43.330749;-1.848060;8.762
23;DR;2026-09-06T11:29:27.248Z;1246.8;25.41;103;81;115;-3.15;14;4.55;82.0;43.330911;-1.847938;8.769
23;DR;2026-09-06T11:29:28.242Z;1247.8;25.84;99;90;115;-3.15;14;4.55;82.0;43.330911;-1.847938;8.776
23;DR;2026-09-06T11:29:29.242Z;1248.8;26.17;98;91;115;-3.41;14;4.55;82.0;43.330911;-1.847938;8.783
23;DR;2026-09-06T11:29:30.239Z;1249.8;26.64;124;91;115;-3.41;14;4.55;80.8;43.331087;-1.847809;8.791
23;DR;2026-09-06T11:29:31.240Z;1250.8;27.15;108;91;114;-3.51;14;4.55;80.8;43.331087;-1.847809;8.798
23;DR;2026-09-06T11:29:32.238Z;1251.8;27.27;90;89;113;-3.51;14;4.55;80.8;43.331087;-1.847809;8.806
23;DR;2026-09-06T11:29:33.247Z;1252.8;27.23;89;89;113;-4.52;14;4.55;80.2;43.331177;-1.847739;8.813
23;DR;2026-09-06T11:29:34.242Z;1253.8;27.21;92;91;113;-4.52;14;4.55;78.6;43.331267;-1.847660;8.821
23;DR;2026-09-06T11:29:35.237Z;1254.8;27.43;94;90;112;-5.47;14;4.55;78.6;43.331267;-1.847660;8.828
23;DR;2026-09-06T11:29:36.239Z;1255.8;27.96;111;93;112;-5.47;14;4.55;77.2;43.331445;-1.847476;8.836
23;DR;2026-09-06T11:29:37.249Z;1256.8;28.53;129;92;111;-4.46;14;4.55;77.2;43.331445;-1.847476;8.844
23;DR;2026-09-06T11:29:38.245Z;1257.8;28.46;75;88;110;-4.46;14;4.55;77.2;43.331445;-1.847476;8.852
23;DR;2026-09-06T11:29:39.251Z;1258.8;27.14;44;89;110;-5.46;14;4.55;75.6;43.331528;-1.847367;8.860
23;DR;2026-09-06T11:29:40.246Z;1259.8;25.23;11;87;110;-5.46;14;4.55;75.6;43.331528;-1.847367;8.867
23;DR;2026-09-06T11:29:41.252Z;1260.8;24.39;48;85;110;-4.46;14;4.55;74.2;43.331679;-1.847115;8.874
23;DR;2026-09-06T11:29:42.237Z;1261.8;25.30;116;83;110;-4.46;14;4.55;74.2;43.331679;-1.847115;8.881
23;DR;2026-09-06T11:29:43.253Z;1262.8;26.76;139;85;110;-3.46;14;4.55;74.2;43.331679;-1.847115;8.888
23;DR;2026-09-06T11:29:44.238Z;1263.8;27.74;122;90;110;-3.46;14;4.55;74.2;43.331679;-1.847115;8.895
23;DR;2026-09-06T11:29:45.238Z;1264.8;27.95;111;92;110;-2.47;14;4.55;74.0;43.331742;-1.846972;8.903
23;DR;2026-09-06T11:29:46.236Z;1265.8;27.09;32;79;111;-2.47;14;4.55;73.0;43.331795;-1.846818;8.911
23;DR;2026-09-06T11:29:47.241Z;1266.8;26.73;86;76;111;-3.47;14;4.55;73.0;43.331795;-1.846818;8.918
23;DR;2026-09-06T11:29:48.251Z;1267.8;27.55;140;91;111;-3.47;14;4.55;71.8;43.331839;-1.846656;8.926
23;DR;2026-09-06T11:29:49.236Z;1268.8;27.77;100;91;112;-4.47;14;4.55;71.8;43.331839;-1.846656;8.933
23;DR;2026-09-06T11:29:50.242Z;1269.8;27.28;42;116;113;-4.47;14;4.55;70.6;43.331873;-1.846487;8.941
23;DR;2026-09-06T11:29:51.248Z;1270.8;27.25;119;119;114;-3.46;14;4.55;70.6;43.331873;-1.846487;8.949
23;DR;2026-09-06T11:29:52.243Z;1271.8;26.39;28;87;114;-3.46;14;4.55;69.2;43.331900;-1.845956;8.956
23;DR;2026-09-06T11:29:53.244Z;1272.8;24.42;11;95;115;-2.46;14;4.55;69.2;43.331900;-1.845956;8.963
23;DR;2026-09-06T11:29:54.244Z;1273.8;23.09;14;99;115;-2.46;14;4.55;69.2;43.331900;-1.845956;8.970
23;DR;2026-09-06T11:29:55.250Z;1274.8;23.10;69;93;116;-2.10;14;4.55;69.2;43.331900;-1.845956;8.976
23;DR;2026-09-06T11:29:56.245Z;1275.8;22.64;101;79;116;-2.10;14;4.55;69.2;43.331900;-1.845956;8.983
23;DR;2026-09-06T11:29:57.252Z;1276.8;20.85;8;67;116;-2.88;14;4.55;69.2;43.331900;-1.845956;8.989
23;DR;2026-09-06T11:29:58.237Z;1277.8;18.92;7;70;116;-2.88;14;4.55;67.6;43.331859;-1.845592;8.994
23;DR;2026-09-06T11:29:59.243Z;1278.8;17.06;5;74;116;-3.47;14;4.55;67.6;43.331859;-1.845592;8.999
23;DR;2026-09-06T11:30:00.236Z;1279.8;15.26;4;67;116;-3.47;14;4.55;67.6;43.331859;-1.845592;9.004
23;DR;2026-09-06T11:30:01.244Z;1280.8;13.53;2;60;115;-3.47;14;4.55;67.6;43.331859;-1.845592;9.008
23;DR;2026-09-06T11:30:02.238Z;1281.8;11.86;2;60;115;-3.47;14;4.55;67.6;43.331859;-1.845592;9.011
23;DR;2026-09-06T11:30:03.255Z;1282.8;10.26;2;52;114;-3.46;14;4.55;67.6;43.331859;-1.845592;9.014
23;DR;2026-09-06T11:30:04.240Z;1283.8;8.73;0;44;113;-3.46;14;4.55;67.6;43.331859;-1.845592;9.017
23;DR;2026-09-06T11:30:05.245Z;1284.8;7.27;0;44;113;-3.44;14;4.55;66.8;43.331832;-1.845410;9.019
23;DR;2026-09-06T11:30:06.252Z;1285.8;5.89;0;0;112;-3.44;14;4.55;66.8;43.331832;-1.845410;9.021
23;DR;2026-09-06T11:30:07.247Z;1286.8;4.57;0;0;111;-3.44;14;4.55;66.8;43.331832;-1.845410;9.022
23;DR;2026-09-06T11:30:08.248Z;1287.8;3.33;0;0;111;-3.44;14;4.55;66.8;43.331832;-1.845410;9.024
23;DR;2026-09-06T11:30:09.249Z;1288.8;2.12;0;0;110;-3.28;14;4.55;66.8;43.331832;-1.845410;9.024
23;DR;2026-09-06T11:30:10.244Z;1289.8;1.07;0;0;110;-3.28;14;4.55;66.8;43.331832;-1.845410;9.025
23;DR;2026-09-06T11:30:11.240Z;1290.8;0.63;0;0;109;-3.18;14;4.55;66.8;43.331832;-1.845410;9.025
23;DR;2026-09-06T11:30:12.256Z;1291.8;0.00;0;0;108;-3.18;14;4.55;66.8;43.331832;-1.845410;9.025
23;DR;2026-09-06T11:30:13.236Z;1292.8;0.00;0;0;107;-3.15;14;4.55;66.8;43.331832;-1.845410;9.025
23;DR;2026-09-06T11:30:14.237Z;1293.8;0.00;0;0;107;-3.15;14;4.55;66.8;43.331832;-1.845410;9.025
23;DR;2026-09-06T11:30:15.242Z;1294.8;0.00;0;0;106;-3.15;14;4.55;66.8;43.331832;-1.845410;9.025
23;DR;2026-09-06T11:30:16.248Z;1295.8;0.00;0;0;105;-3.15;14;4.55;66.8;43.331832;-1.845410;9.025
23;DR;2026-09-06T11:30:17.244Z;1296.8;0.00;0;0;104;-3.15;14;4.55;66.8;43.331832;-1.845410;9.025
23;DR;2026-09-06T11:30:18.239Z;1297.8;0.00;0;0;103;-3.15;14;4.55;66.8;43.331832;-1.845410;9.025
23;DR;2026-09-06T11:30:19.250Z;1298.8;0.00;0;0;102;-3.15;14;4.55;66.8;43.331832;-1.845410;9.025
23;DR;2026-09-06T11:30:20.245Z;1299.8;0.00;0;0;102;-3.15;14;4.55;66.8;43.331832;-1.845410;9.025
23;DR;2026-09-06T11:30:21.236Z;1300.8;0.00;0;0;101;-3.15;14;4.55;66.8;43.331832;-1.845410;9.025
23;DR;2026-09-06T11:30:34.236Z;1313.8;3.44;0;0;95;-3.15;14;4.55;66.8;43.331832;-1.845410;9.025
23;DR;2026-09-06T11:30:35.255Z;1314.8;6.49;0;0;95;-3.15;14;4.55;66.8;43.331832;-1.845410;9.026
23;DR;2026-09-06T11:30:36.251Z;1315.8;13.47;9;27;95;-3.07;14;4.55;66.8;43.331832;-1.845410;9.029
23;DR;2026-09-06T11:30:37.244Z;1316.8;20.11;240;45;95;-3.07;14;4.55;66.8;43.331832;-1.845410;9.033
23;DR;2026-09-06T11:30:38.242Z;1317.8;24.42;208;72;95;-2.57;14;4.55;66.2;43.331800;-1.845228;9.040
23;DR;2026-09-06T11:30:39.237Z;1318.8;26.55;157;85;95;-2.57;14;4.55;66.2;43.331800;-1.845228;9.047
23;DR;2026-09-06T11:30:40.237Z;1319.8;27.38;117;88;96;-3.57;14;4.55;66.2;43.331800;-1.845228;9.054
23;DR;2026-09-06T11:30:41.238Z;1320.8;27.86;108;91;96;-3.57;14;4.55;65.0;43.331768;-1.845045;9.062
23;DR;2026-09-06T11:30:42.244Z;1321.8;28.09;102;92;98;-3.44;14;4.55;65.0;43.331768;-1.845045;9.070
23;DR;2026-09-06T11:30:43.244Z;1322.8;28.17;97;91;97;-3.44;14;4.55;63.4;43.331707;-1.844678;9.077
23;DR;2026-09-06T11:30:44.256Z;1323.8;28.04;80;92;96;-3.39;14;4.55;63.4;43.331707;-1.844678;9.085
23;DR;2026-09-06T11:30:45.251Z;1324.8;27.92;94;92;96;-3.39;14;4.55;63.4;43.331707;-1.844678;9.093
23;DR;2026-09-06T11:30:46.239Z;1325.8;28.00;103;93;95;-2.40;14;4.55;62.2;43.331616;-1.844120;9.101
23;DR;2026-09-06T11:30:47.252Z;1326.8;28.09;95;94;95;-2.40;14;4.55;62.2;43.331616;-1.844120;9.109
23;DR;2026-09-06T11:30:48.238Z;1327.8;28.30;113;93;95;-1.67;14;4.55;62.2;43.331616;-1.844120;9.116
23;DR;2026-09-06T11:30:49.248Z;1328.8;28.56;105;93;95;-1.67;14;4.55;62.2;43.331616;-1.844120;9.124
23;DR;2026-09-06T11:30:50.236Z;1329.8;28.77;107;95;96;-1.67;14;4.55;62.2;43.331616;-1.844120;9.132
23;DR;2026-09-06T11:30:51.254Z;1330.8;28.85;93;90;96;-1.67;14;4.55;62.2;43.331616;-1.844120;9.140
23;DR;2026-09-06T11:30:52.240Z;1331.8;29.09;132;99;97;-2.68;14;4.55;59.2;43.331551;-1.843744;9.148
23;DR;2026-09-06T11:30:53.235Z;1332.8;29.56;120;100;97;-2.68;14;4.55;59.2;43.331551;-1.843744;9.156
23;DR;2026-09-06T11:30:54.241Z;1333.8;29.76;109;90;98;-3.68;14;4.55;59.2;43.331551;-1.843744;9.165
23;DR;2026-09-06T11:30:55.237Z;1334.8;29.75;101;90;98;-3.68;14;4.55;59.2;43.331551;-1.843744;9.173
23;DR;2026-09-06T11:30:56.241Z;1335.8;29.71;95;88;98;-4.68;14;4.55;58.0;43.331519;-1.843556;9.181
23;DR;2026-09-06T11:30:57.238Z;1336.8;29.78;115;79;98;-4.68;14;4.55;58.0;43.331519;-1.843556;9.189
23;DR;2026-09-06T11:30:58.236Z;1337.8;29.93;109;80;98;-3.68;14;4.55;57.2;43.331479;-1.843169;9.198
23;DR;2026-09-06T11:30:59.239Z;1338.8;30.05;114;93;98;-3.68;14;4.55;57.2;43.331479;-1.843169;9.206
23;DR;2026-09-06T11:31:00.255Z;1339.8;30.19;112;93;98;-2.67;14;4.55;57.2;43.331479;-1.843169;9.215
23;DR;2026-09-06T11:31:01.251Z;1340.8;30.26;110;91;99;-2.67;14;4.55;57.2;43.331479;-1.843169;9.223
23;DR;2026-09-06T11:31:02.247Z;1341.8;30.24;98;92;99;-1.67;14;4.55;56.8;43.331476;-1.842972;9.231
23;DR;2026-09-06T11:31:03.246Z;1342.8;30.16;102;92;99;-1.67;14;4.55;56.8;43.331476;-1.842972;9.240
23;DR;2026-09-06T11:31:04.245Z;1343.8;30.03;100;91;100;-2.12;14;4.55;55.2;43.331525;-1.842373;9.248
23;DR;2026-09-06T11:31:05.244Z;1344.8;29.82;91;91;100;-2.12;14;4.55;55.2;43.331525;-1.842373;9.256
23;DR;2026-09-06T11:31:06.239Z;1345.8;29.75;104;92;101;-2.12;14;4.55;55.2;43.331525;-1.842373;9.265
23;DR;2026-09-06T11:31:07.254Z;1346.8;29.80;105;91;101;-2.12;14;4.55;55.2;43.331525;-1.842373;9.273
23;DR;2026-09-06T11:31:08.250Z;1347.8;29.77;98;90;102;-2.36;14;4.55;55.2;43.331525;-1.842373;9.281
23;DR;2026-09-06T11:31:09.246Z;1348.8;29.67;99;90;102;-2.36;14;4.55;55.2;43.331525;-1.842373;9.289
23;DR;2026-09-06T11:31:10.247Z;1349.8;29.60;92;90;102;-3.36;14;4.55;54.0;43.331554;-1.842171;9.298
23;DR;2026-09-06T11:31:11.236Z;1350.8;29.68;110;91;102;-3.36;14;4.55;54.0;43.331554;-1.842171;9.306
23;DR;2026-09-06T11:31:12.239Z;1351.8;29.80;108;91;102;-4.36;14;4.55;52.4;43.331582;-1.841968;9.314
23;DR;2026-09-06T11:31:13.238Z;1352.8;29.82;98;90;102;-4.36;14;4.55;52.4;43.331582;-1.841968;9.322
23;DR;2026-09-06T11:31:14.255Z;1353.8;29.71;101;90;102;-5.33;14;4.55;51.0;43.331603;-1.841760;9.331
23;DR;2026-09-06T11:31:15.249Z;1354.8;29.64;104;91;101;-5.33;14;4.55;51.0;43.331603;-1.841760;9.339
23;DR;2026-09-06T11:31:16.238Z;1355.8;29.64;101;91;101;-4.34;14;4.55;50.0;43.331616;-1.841547;9.347
23;DR;2026-09-06T11:31:17.241Z;1356.8;29.68;103;91;101;-4.34;14;4.55;50.0;43.331616;-1.841547;9.355
23;DR;2026-09-06T11:31:18.257Z;1357.8;29.81;111;91;101;-3.70;14;4.55;49.0;43.331615;-1.841331;9.364
23;DR;2026-09-06T11:31:19.242Z;1358.8;29.93;107;91;101;-3.70;14;4.55;49.0;43.331615;-1.841331;9.372
23;DR;2026-09-06T11:31:20.236Z;1359.8;29.98;103;91;101;-4.39;14;4.55;47.8;43.331598;-1.841114;9.380
23;DR;2026-09-06T11:31:21.253Z;1360.8;29.98;104;91;102;-4.39;14;4.55;47.8;43.331598;-1.841114;9.389
23;DR;2026-09-06T11:31:22.239Z;1361.8;29.93;106;92;102;-4.36;14;4.55;46.6;43.331560;-1.840901;9.397
23;DR;2026-09-06T11:31:23.244Z;1362.8;29.90;102;91;102;-4.36;14;4.55;46.6;43.331560;-1.840901;9.405
23;DR;2026-09-06T11:31:24.237Z;1363.8;29.91;107;91;102;-3.62;14;4.55;45.6;43.331507;-1.840693;9.413
23;DR;2026-09-06T11:31:25.256Z;1364.8;29.97;106;92;102;-3.62;14;4.55;45.6;43.331507;-1.840693;9.422
23;DR;2026-09-06T11:31:26.237Z;1365.8;30.07;109;91;101;-4.35;14;4.55;44.4;43.331438;-1.840494;9.430
23;DR;2026-09-06T11:31:27.237Z;1366.8;30.15;108;92;101;-4.35;14;4.55;44.4;43.331438;-1.840494;9.438
23;DR;2026-09-06T11:31:28.237Z;1367.8;30.21;108;93;101;-3.35;14;4.55;42.8;43.331253;-1.840139;9.447
23;DR;2026-09-06T11:31:29.238Z;1368.8;30.26;107;92;101;-3.35;14;4.55;42.8;43.331253;-1.840139;9.455
23;DR;2026-09-06T11:31:30.241Z;1369.8;30.23;101;93;101;-2.93;14;4.55;42.8;43.331253;-1.840139;9.464
23;DR;2026-09-06T11:31:31.239Z;1370.8;30.15;98;92;101;-2.93;14;4.55;42.8;43.331253;-1.840139;9.472
23;DR;2026-09-06T11:31:32.241Z;1371.8;30.34;130;92;101;-1.93;14;4.55;42.8;43.331253;-1.840139;9.480
23;DR;2026-09-06T11:31:33.240Z;1372.8;30.50;114;92;101;-1.93;14;4.55;42.4;43.331149;-1.839974;9.489
23;DR;2026-09-06T11:31:34.256Z;1373.8;30.38;104;93;101;-2.93;14;4.55;42.4;43.331149;-1.839974;9.497
23;DR;2026-09-06T11:31:35.237Z;1374.8;30.27;101;93;101;-2.93;14;4.55;41.2;43.331044;-1.839810;9.506
23;DR;2026-09-06T11:31:36.247Z;1375.8;30.18;100;92;101;-2.53;14;4.55;41.2;43.331044;-1.839810;9.514
23;DR;2026-09-06T11:31:37.236Z;1376.8;30.14;103;92;101;-2.53;14;4.55;39.8;43.330737;-1.839317;9.523
23;DR;2026-09-06T11:31:38.238Z;1377.8;30.10;103;92;101;-1.72;14;4.55;39.8;43.330737;-1.839317;9.531
23;DR;2026-09-06T11:31:39.254Z;1378.8;30.03;100;92;101;-1.72;14;4.55;39.8;43.330737;-1.839317;9.539
23;DR;2026-09-06T11:31:40.250Z;1379.8;29.93;99;92;101;-1.72;14;4.55;39.8;43.330737;-1.839317;9.548
23;DR;2026-09-06T11:31:41.245Z;1380.8;29.88;104;92;101;-1.72;14;4.55;39.8;43.330737;-1.839317;9.556
23;DR;2026-09-06T11:31:42.241Z;1381.8;29.88;105;91;101;-2.72;14;4.55;39.8;43.330737;-1.839317;9.564
23;DR;2026-09-06T11:31:43.246Z;1382.8;29.78;93;90;101;-2.72;14;4.55;38.4;43.330641;-1.839144;9.573
23;DR;2026-09-06T11:31:44.252Z;1383.8;29.72;102;91;101;-3.72;14;4.55;38.4;43.330641;-1.839144;9.581
23;DR;2026-09-06T11:31:45.244Z;1384.8;29.77;102;91;101;-3.72;14;4.55;37.4;43.330547;-1.838968;9.589
23;DR;2026-09-06T11:31:46.254Z;1385.8;29.71;103;89;101;-3.84;14;4.55;37.4;43.330547;-1.838968;9.597
23;DR;2026-09-06T11:31:47.246Z;1386.8;29.59;99;90;101;-3.84;14;4.55;36.2;43.330456;-1.838788;9.606
23;DR;2026-09-06T11:31:48.245Z;1387.8;29.42;92;91;101;-4.17;14;4.55;36.2;43.330456;-1.838788;9.614
23;DR;2026-09-06T11:31:49.245Z;1388.8;29.33;100;90;101;-4.17;14;4.55;36.2;43.330456;-1.838788;9.622
23;DR;2026-09-06T11:31:50.246Z;1389.8;29.37;108;90;101;-3.17;14;4.55;34.6;43.330284;-1.838416;9.630
23;DR;2026-09-06T11:31:51.252Z;1390.8;29.40;98;89;101;-3.17;14;4.55;34.6;43.330284;-1.838416;9.638
23;DR;2026-09-06T11:31:52.237Z;1391.8;29.43;101;89;101;-2.90;14;4.55;34.6;43.330284;-1.838416;9.646
23;DR;2026-09-06T11:31:53.253Z;1392.8;29.60;112;91;101;-2.90;14;4.55;34.6;43.330284;-1.838416;9.655
23;DR;2026-09-06T11:31:54.243Z;1393.8;29.68;100;90;101;-2.51;14;4.55;33.2;43.330110;-1.838040;9.663
23;DR;2026-09-06T11:31:55.236Z;1394.8;29.72;109;90;101;-2.51;14;4.55;33.2;43.330110;-1.838040;9.671
23;DR;2026-09-06T11:31:56.240Z;1395.8;29.71;98;91;102;-2.51;14;4.55;33.2;43.330110;-1.838040;9.679
23;DR;2026-09-06T11:31:57.235Z;1396.8;29.62;98;90;102;-2.51;14;4.55;33.2;43.330110;-1.838040;9.687
23;DR;2026-09-06T11:31:58.241Z;1397.8;29.53;96;90;102;-2.88;14;4.55;32.4;43.330023;-1.837854;9.696
23;DR;2026-09-06T11:31:59.247Z;1398.8;29.49;103;90;102;-2.88;14;4.55;32.4;43.330023;-1.837854;9.704
23;DR;2026-09-06T11:32:00.242Z;1399.8;29.58;106;91;102;-2.87;14;4.55;31.6;43.329937;-1.837666;9.712
23;DR;2026-09-06T11:32:01.238Z;1400.8;29.66;101;91;102;-2.87;14;4.55;31.6;43.329937;-1.837666;9.720
23;DR;2026-09-06T11:32:02.254Z;1401.8;29.68;99;90;102;-2.84;14;4.55;31.6;43.329937;-1.837666;9.729
23;DR;2026-09-06T11:32:03.235Z;1402.8;29.74;106;92;102;-2.84;14;4.55;30.0;43.329762;-1.837284;9.737
23;DR;2026-09-06T11:32:04.245Z;1403.8;29.76;103;91;102;-2.84;14;4.55;30.0;43.329762;-1.837284;9.745
23;DR;2026-09-06T11:32:05.250Z;1404.8;29.72;101;90;102;-2.84;14;4.55;30.0;43.329762;-1.837284;9.753
23;DR;2026-09-06T11:32:06.236Z;1405.8;29.69;102;91;103;-3.41;14;4.55;30.0;43.329762;-1.837284;9.762
23;DR;2026-09-06T11:32:07.237Z;1406.8;29.70;105;91;102;-3.41;14;4.55;27.8;43.329604;-1.836895;9.770
23;DR;2026-09-06T11:32:08.237Z;1407.8;29.67;102;91;102;-3.94;14;4.55;27.8;43.329604;-1.836895;9.778
23;DR;2026-09-06T11:32:09.253Z;1408.8;29.62;100;91;102;-3.94;14;4.55;27.8;43.329604;-1.836895;9.786
23;DR;2026-09-06T11:32:10.238Z;1409.8;29.56;99;90;102;-3.71;14;4.55;27.8;43.329604;-1.836895;9.795
23;DR;2026-09-06T11:32:11.238Z;1410.8;29.65;110;91;102;-3.71;14;4.55;27.0;43.329530;-1.836695;9.803
23;DR;2026-09-06T11:32:12.250Z;1411.8;29.85;115;91;101;-2.83;14;4.55;27.0;43.329530;-1.836695;9.811
23;DR;2026-09-06T11:32:13.245Z;1412.8;29.87;97;90;101;-2.83;14;4.55;27.0;43.329530;-1.836695;9.819
23;DR;2026-09-06T11:32:14.236Z;1413.8;29.78;106;91;101;-2.13;14;4.55;26.4;43.329461;-1.836491;9.828
23;DR;2026-09-06T11:32:15.236Z;1414.8;29.75;105;91;101;-2.13;14;4.55;26.4;43.329461;-1.836491;9.836
23;DR;2026-09-06T11:32:16.242Z;1415.8;29.68;101;90;101;-2.55;14;4.55;25.0;43.329346;-1.836082;9.844
23;DR;2026-09-06T11:32:17.236Z;1416.8;29.63;100;91;101;-2.55;14;4.55;25.0;43.329346;-1.836082;9.852
23;DR;2026-09-06T11:32:18.253Z;1417.8;29.66;107;91;101;-2.55;14;4.55;25.0;43.329346;-1.836082;9.861
23;DR;2026-09-06T11:32:19.243Z;1418.8;29.67;101;90;102;-2.55;14;4.55;25.0;43.329346;-1.836082;9.869
23;DR;2026-09-06T11:32:20.236Z;1419.8;29.59;101;90;102;-2.91;14;4.55;24.2;43.329295;-1.835874;9.877
23;DR;2026-09-06T11:32:21.252Z;1420.8;29.54;101;90;102;-2.91;14;4.55;24.2;43.329295;-1.835874;9.885
23;DR;2026-09-06T11:32:22.237Z;1421.8;29.53;100;90;102;-2.92;14;4.55;23.4;43.329249;-1.835664;9.894
23;DR;2026-09-06T11:32:23.251Z;1422.8;29.47;100;90;102;-2.92;14;4.55;23.4;43.329249;-1.835664;9.902
23;DR;2026-09-06T11:32:24.249Z;1423.8;29.42;103;90;102;-1.96;14;4.55;21.8;43.329135;-1.835032;9.910
23;DR;2026-09-06T11:32:25.253Z;1424.8;29.41;100;90;103;-1.96;14;4.55;21.8;43.329135;-1.835032;9.918
23;DR;2026-09-06T11:32:26.248Z;1425.8;29.44;107;90;102;-1.96;14;4.55;21.8;43.329135;-1.835032;9.926
23;DR;2026-09-06T11:32:27.244Z;1426.8;29.43;98;90;102;-1.96;14;4.55;21.8;43.329135;-1.835032;9.934
23;DR;2026-09-06T11:32:28.239Z;1427.8;29.39;104;90;102;-1.96;14;4.55;21.8;43.329135;-1.835032;9.943
23;DR;2026-09-06T11:32:29.250Z;1428.8;29.34;101;89;101;-1.96;14;4.55;21.8;43.329135;-1.835032;9.951
23;DR;2026-09-06T11:32:30.240Z;1429.8;29.25;102;89;101;-1.67;14;4.55;21.8;43.329135;-1.835032;9.959
23;DR;2026-09-06T11:32:31.236Z;1430.8;29.14;93;90;100;-1.67;14;4.55;21.4;43.329104;-1.834826;9.967
23;DR;2026-09-06T11:32:32.242Z;1431.8;29.01;98;89;100;-2.20;14;4.55;21.4;43.329104;-1.834826;9.975
23;DR;2026-09-06T11:32:33.237Z;1432.8;29.01;102;88;100;-2.20;14;4.55;20.0;43.329045;-1.834424;9.983
23;DR;2026-09-06T11:32:34.236Z;1433.8;29.10;104;88;100;-2.72;14;4.55;20.0;43.329045;-1.834424;9.991
23;DR;2026-09-06T11:32:35.249Z;1434.8;29.21;107;89;100;-2.72;14;4.55;20.0;43.329045;-1.834424;9.999
23;DR;2026-09-06T11:32:36.241Z;1435.8;29.18;101;90;101;-1.72;14;4.55;20.0;43.329045;-1.834424;10.007
23;DR;2026-09-06T11:32:37.250Z;1436.8;29.02;93;88;101;-1.72;14;4.55;20.8;43.328936;-1.833672;10.016
23;DR;2026-09-06T11:32:38.239Z;1437.8;28.90;101;89;101;-0.72;14;4.55;20.8;43.328936;-1.833672;10.024
23;DR;2026-09-06T11:32:39.251Z;1438.8;28.99;111;89;101;-0.72;14;4.55;20.8;43.328936;-1.833672;10.032
23;DR;2026-09-06T11:32:40.237Z;1439.8;29.07;103;89;101;0.28;14;4.55;20.8;43.328936;-1.833672;10.040
23;DR;2026-09-06T11:32:41.243Z;1440.8;29.01;95;89;101;0.28;14;4.55;20.8;43.328936;-1.833672;10.048
23;DR;2026-09-06T11:32:42.248Z;1441.8;28.46;112;92;101;1.28;14;4.55;20.8;43.328936;-1.833672;10.056
23;DR;2026-09-06T11:32:43.254Z;1442.8;27.99;187;91;101;1.28;14;4.55;20.8;43.328936;-1.833672;10.064
23;DR;2026-09-06T11:32:44.250Z;1443.8;27.63;219;89;101;2.29;14;4.55;20.8;43.328936;-1.833672;10.071
23;DR;2026-09-06T11:32:45.250Z;1444.8;27.31;277;83;101;2.29;13;4.17;21.6;43.328890;-1.833325;10.079
23;DR;2026-09-06T11:32:46.239Z;1445.8;26.57;259;83;101;3.28;12;3.85;21.6;43.328890;-1.833325;10.086
23;DR;2026-09-06T11:32:47.236Z;1446.8;25.49;290;81;101;3.28;11;3.57;21.6;43.328890;-1.833325;10.094
23;DR;2026-09-06T11:32:48.242Z;1447.8;24.72;324;77;101;2.28;8;2.38;21.6;43.328890;-1.833325;10.101
23;DR;2026-09-06T11:32:49.237Z;1448.8;23.98;358;75;102;2.28;6;1.79;22.6;43.328835;-1.832854;10.107
23;DR;2026-09-06T11:32:50.235Z;1449.8;24.27;333;74;102;1.28;3;1.26;22.6;43.328835;-1.832854;10.114
23;DR;2026-09-06T11:32:51.238Z;1450.8;25.07;334;75;102;1.28;3;1.26;22.6;43.328835;-1.832854;10.121
23;DR;2026-09-06T11:32:52.255Z;1451.8;25.86;293;79;103;0.65;3;1.26;22.6;43.328835;-1.832854;10.128
23;DR;2026-09-06T11:32:53.250Z;1452.8;26.74;266;80;103;0.65;3;1.26;22.6;43.328835;-1.832854;10.135
23;DR;2026-09-06T11:32:54.236Z;1453.8;27.20;225;82;103;1.64;3;1.26;23.2;43.328820;-1.832706;10.143
23;DR;2026-09-06T11:32:55.241Z;1454.8;27.50;204;83;104;1.64;3;1.26;23.2;43.328820;-1.832706;10.150
23;DR;2026-09-06T11:32:56.247Z;1455.8;26.89;212;83;105;1.77;3;1.26;24.4;43.328797;-1.832422;10.158
23;DR;2026-09-06T11:32:57.252Z;1456.8;26.26;235;82;105;1.77;3;1.26;24.4;43.328797;-1.832422;10.165
23;DR;2026-09-06T11:32:58.238Z;1457.8;26.18;283;81;106;1.32;3;1.26;24.4;43.328797;-1.832422;10.173
23;DR;2026-09-06T11:32:59.240Z;1458.8;26.07;284;80;107;1.32;3;1.26;25.2;43.328773;-1.832150;10.180
23;DR;2026-09-06T11:33:00.237Z;1459.8;26.37;276;80;107;1.09;3;1.26;25.2;43.328773;-1.832150;10.187
23;DR;2026-09-06T11:33:01.242Z;1460.8;26.72;249;81;108;1.09;3;1.26;25.2;43.328773;-1.832150;10.195
23;DR;2026-09-06T11:33:02.243Z;1461.8;26.72;239;82;109;1.39;3;1.26;25.6;43.328760;-1.832022;10.202
23;DR;2026-09-06T11:33:03.236Z;1462.8;26.76;245;82;109;1.39;3;1.26;27.2;43.328742;-1.831659;10.209
23;DR;2026-09-06T11:33:04.252Z;1463.8;26.60;240;82;109;1.87;3;1.26;27.2;43.328742;-1.831659;10.217
23;DR;2026-09-06T11:33:05.237Z;1464.8;26.27;248;81;110;1.87;3;1.26;27.2;43.328742;-1.831659;10.224
23;DR;2026-09-06T11:33:06.248Z;1465.8;25.86;260;80;110;1.71;3;1.26;27.2;43.328742;-1.831659;10.231
23;DR;2026-09-06T11:33:07.260Z;1466.8;25.65;291;79;111;1.71;3;1.26;27.6;43.328747;-1.831542;10.239
23;DR;2026-09-06T11:33:08.244Z;1467.8;25.94;301;79;111;0.98;3;1.26;27.6;43.328747;-1.831542;10.246
23;DR;2026-09-06T11:33:09.244Z;1468.8;26.23;284;80;112;0.98;3;1.26;28.2;43.328765;-1.831311;10.253
23;DR;2026-09-06T11:33:10.236Z;1469.8;26.79;260;81;112;1.23;3;1.26;28.2;43.328765;-1.831311;10.260
23;DR;2026-09-06T11:33:11.251Z;1470.8;27.19;241;82;112;1.23;3;1.26;29.6;43.328808;-1.830980;10.268
23;DR;2026-09-06T11:33:12.242Z;1471.8;26.82;212;83;113;1.75;3;1.26;29.6;43.328808;-1.830980;10.275
23;DR;2026-09-06T11:33:13.242Z;1472.8;26.49;242;82;113;1.75;3;1.26;29.6;43.328808;-1.830980;10.283
23;DR;2026-09-06T11:33:14.248Z;1473.8;26.05;250;81;113;0.75;3;1.26;29.6;43.328808;-1.830980;10.290
23;DR;2026-09-06T11:33:15.244Z;1474.8;25.77;288;80;114;0.75;3;1.26;29.6;43.328825;-1.830874;10.297
23;DR;2026-09-06T11:33:16.250Z;1475.8;26.45;263;80;114;0.22;3;1.26;30.0;43.328890;-1.830573;10.305
23;DR;2026-09-06T11:33:17.245Z;1476.8;27.37;261;82;115;0.22;3;1.26;30.0;43.328890;-1.830573;10.312
23;DR;2026-09-06T11:33:18.240Z;1477.8;27.91;197;82;116;0.31;3;1.26;30.0;43.328890;-1.830573;10.320
23;DR;2026-09-06T11:33:19.246Z;1478.8;28.01;176;85;116;0.31;3;1.26;30.0;43.328890;-1.830573;10.327
23;DR;2026-09-06T11:33:20.239Z;1479.8;27.50;144;87;117;0.89;3;1.26;30.8;43.328977;-1.830282;10.335
23;DR;2026-09-06T11:33:21.242Z;1480.8;26.91;142;84;117;0.89;3;1.26;30.8;43.328977;-1.830282;10.343
23;DR;2026-09-06T11:33:22.248Z;1481.8;26.60;184;82;117;0.44;3;1.26;30.8;43.328977;-1.830282;10.350
23;DR;2026-09-06T11:33:23.248Z;1482.8;26.69;236;82;117;0.44;3;1.26;31.2;43.329081;-1.829997;10.358
23;DR;2026-09-06T11:33:24.236Z;1483.8;27.15;217;81;118;0.21;3;1.26;31.2;43.329081;-1.829997;10.365
23;DR;2026-09-06T11:33:25.240Z;1484.8;27.43;174;84;119;0.21;3;1.26;31.2;43.329081;-1.829997;10.373
23;DR;2026-09-06T11:33:26.255Z;1485.8;27.39;161;84;120;-0.80;3;1.26;30.6;43.329258;-1.829635;10.380
23;DR;2026-09-06T11:33:27.237Z;1486.8;27.30;160;84;120;-0.80;3;1.26;30.6;43.329258;-1.829635;10.388
23;DR;2026-09-06T11:33:28.250Z;1487.8;27.72;149;83;121;-1.70;3;1.26;30.6;43.329258;-1.829635;10.395
23;DR;2026-09-06T11:33:29.252Z;1488.8;28.47;130;83;122;-1.70;3;1.26;30.6;43.329258;-1.829635;10.403
23;DR;2026-09-06T11:33:30.241Z;1489.8;28.91;112;86;122;-2.70;3;1.26;30.6;43.329258;-1.829635;10.411
23;DR;2026-09-06T11:33:31.253Z;1490.8;29.13;108;88;123;-2.70;3;1.26;29.6;43.329419;-1.829348;10.419
23;DR;2026-09-06T11:33:32.239Z;1491.8;29.24;103;88;123;-3.41;3;1.26;29.6;43.329419;-1.829348;10.427
23;DR;2026-09-06T11:33:33.255Z;1492.8;29.37;109;89;123;-3.41;3;1.26;29.6;43.329419;-1.829348;10.436
23;DR;2026-09-06T11:33:34.240Z;1493.8;29.53;110;91;124;-3.75;3;1.26;29.6;43.329419;-1.829348;10.444
23;DR;2026-09-06T11:33:35.242Z;1494.8;29.63;105;91;124;-3.75;3;1.26;28.4;43.329588;-1.829032;10.452
23;DR;2026-09-06T11:33:36.247Z;1495.8;29.62;100;90;125;-3.78;3;1.26;28.4;43.329588;-1.829032;10.460
23;DR;2026-09-06T11:33:37.237Z;1496.8;29.63;105;90;125;-3.78;3;1.26;28.4;43.329588;-1.829032;10.468
23;DR;2026-09-06T11:33:38.236Z;1497.8;29.64;103;91;125;-4.77;3;1.26;27.8;43.329634;-1.828914;10.476
23;DR;2026-09-06T11:33:39.248Z;1498.8;29.59;96;90;125;-4.77;3;1.26;27.8;43.329634;-1.828914;10.485
23;DR;2026-09-06T11:33:40.239Z;1499.8;29.63;109;90;125;-3.77;3;1.26;27.0;43.329713;-1.828663;10.493
23;DR;2026-09-06T11:33:41.260Z;1500.8;29.72;105;91;125;-3.77;3;1.26;27.0;43.329713;-1.828663;10.501
23;DR;2026-09-06T11:33:42.240Z;1501.8;29.71;97;90;125;-3.60;3;1.26;26.6;43.329743;-1.828532;10.509
23;DR;2026-09-06T11:33:43.241Z;1502.8;29.60;100;91;125;-3.60;3;1.26;26.6;43.329743;-1.828532;10.518
23;DR;2026-09-06T11:33:44.240Z;1503.8;29.52;101;91;125;-4.60;3;1.26;25.6;43.329766;-1.828396;10.526
23;DR;2026-09-06T11:33:45.242Z;1504.8;29.49;105;90;124;-4.60;3;1.26;25.2;43.329784;-1.828256;10.534
23;DR;2026-09-06T11:33:46.238Z;1505.8;29.53;105;90;124;-3.60;3;1.26;25.2;43.329784;-1.828256;10.542
23;DR;2026-09-06T11:33:47.238Z;1506.8;29.57;105;90;123;-3.60;3;1.26;24.4;43.329822;-1.827971;10.551
23;DR;2026-09-06T11:33:48.249Z;1507.8;29.60;103;91;123;-4.07;3;1.26;24.4;43.329822;-1.827971;10.559
23;DR;2026-09-06T11:33:49.240Z;1508.8;29.59;102;90;122;-4.07;3;1.26;23.6;43.329843;-1.827823;10.567
23;DR;2026-09-06T11:33:50.236Z;1509.8;29.57;102;90;122;-4.46;3;1.26;23.6;43.329843;-1.827823;10.575
23;DR;2026-09-06T11:33:51.239Z;1510.8;29.58;100;91;121;-4.46;3;1.26;23.2;43.329863;-1.827673;10.583
23;DR;2026-09-06T11:33:52.243Z;1511.8;29.59;101;91;120;-4.81;3;1.26;22.0;43.329908;-1.827371;10.592
23;DR;2026-09-06T11:33:53.242Z;1512.8;29.51;96;89;119;-4.81;3;1.26;22.0;43.329908;-1.827371;10.600
23;DR;2026-09-06T11:33:54.243Z;1513.8;29.42;100;90;118;-5.12;3;1.26;22.0;43.329908;-1.827371;10.608
23;DR;2026-09-06T11:33:55.254Z;1514.8;29.41;98;90;117;-5.12;3;1.26;20.4;43.329971;-1.827072;10.616
23;DR;2026-09-06T11:33:56.254Z;1515.8;29.45;101;90;117;-6.12;3;1.26;20.4;43.329971;-1.827072;10.624
23;DR;2026-09-06T11:33:57.249Z;1516.8;29.44;99;90;116;-6.12;3;1.26;20.4;43.329971;-1.827072;10.633
23;DR;2026-09-06T11:33:58.255Z;1517.8;29.42;102;90;115;-5.45;3;1.26;20.4;43.329971;-1.827072;10.641
23;DR;2026-09-06T11:33:59.245Z;1518.8;29.49;107;90;115;-5.45;3;1.26;19.0;43.330050;-1.826771;10.649
23;DR;2026-09-06T11:34:00.243Z;1519.8;29.53;99;90;115;-5.41;3;1.26;19.0;43.330050;-1.826771;10.657
23;DR;2026-09-06T11:34:01.252Z;1520.8;29.48;97;90;115;-5.41;3;1.26;19.0;43.330050;-1.826771;10.665
23;DR;2026-09-06T11:34:02.237Z;1521.8;29.50;107;90;114;-4.59;3;1.26;17.8;43.330149;-1.826477;10.673
23;DR;2026-09-06T11:34:03.253Z;1522.8;29.51;101;90;113;-4.59;3;1.26;17.8;43.330149;-1.826477;10.682
23;DR;2026-09-06T11:34:04.249Z;1523.8;29.43;96;90;113;-4.51;4;1.42;17.8;43.330149;-1.826477;10.690
23;DR;2026-09-06T11:34:05.240Z;1524.8;29.42;106;91;112;-4.51;6;1.79;16.6;43.330272;-1.826193;10.698
23;DR;2026-09-06T11:34:06.249Z;1525.8;29.51;109;91;111;-4.48;6;1.79;16.6;43.330272;-1.826193;10.706
23;DR;2026-09-06T11:34:07.236Z;1526.8;29.52;95;90;110;-4.48;6;1.79;16.6;43.330272;-1.826193;10.714
23;DR;2026-09-06T11:34:08.251Z;1527.8;29.50;103;89;109;-5.48;7;2.08;14.8;43.330424;-1.825922;10.723
23;DR;2026-09-06T11:34:09.236Z;1528.8;29.64;109;90;109;-5.48;7;2.08;14.8;43.330424;-1.825922;10.731
23;DR;2026-09-06T11:34:10.252Z;1529.8;29.77;103;90;108;-6.48;7;2.08;14.8;43.330424;-1.825922;10.739
23;DR;2026-09-06T11:34:11.248Z;1530.8;29.80;103;91;108;-6.48;7;2.08;14.8;43.330424;-1.825922;10.747
23;DR;2026-09-06T11:34:12.239Z;1531.8;29.91;115;92;107;-7.47;7;2.08;13.6;43.330509;-1.825793;10.756
23;DR;2026-09-06T11:34:13.243Z;1532.8;29.89;105;91;106;-7.47;7;2.08;12.4;43.330596;-1.825669;10.764
23;DR;2026-09-06T11:34:14.240Z;1533.8;29.69;97;90;106;-6.47;7;2.08;12.4;43.330596;-1.825669;10.772
23;DR;2026-09-06T11:34:15.262Z;1534.8;29.60;99;91;106;-6.47;7;2.08;11.4;43.330771;-1.825425;10.781
23;DR;2026-09-06T11:34:16.246Z;1535.8;29.64;105;91;105;-5.47;7;2.08;11.4;43.330771;-1.825425;10.789
23;DR;2026-09-06T11:34:17.241Z;1536.8;29.71;109;90;105;-5.47;7;2.08;11.4;43.330771;-1.825425;10.797
23;DR;2026-09-06T11:34:18.250Z;1537.8;29.73;105;91;105;-4.47;7;2.08;11.6;43.331110;-1.824960;10.805
23;DR;2026-09-06T11:34:19.236Z;1538.8;29.66;99;91;106;-4.47;7;2.08;11.6;43.331110;-1.824960;10.813
23;DR;2026-09-06T11:34:20.238Z;1539.8;29.63;103;91;105;-3.47;7;2.08;11.6;43.331110;-1.824960;10.822
23;DR;2026-09-06T11:34:21.242Z;1540.8;29.69;110;91;105;-3.47;7;2.08;11.6;43.331110;-1.824960;10.830
23;DR;2026-09-06T11:34:22.240Z;1541.8;29.70;102;90;105;-2.47;7;2.08;11.6;43.331110;-1.824960;10.838
23;DR;2026-09-06T11:34:23.252Z;1542.8;29.62;96;90;105;-2.47;7;2.08;11.6;43.331110;-1.824960;10.846
23;DR;2026-09-06T11:34:24.253Z;1543.8;29.56;102;91;105;-1.47;7;2.08;11.6;43.331110;-1.824960;10.855
23;DR;2026-09-06T11:34:25.247Z;1544.8;29.55;105;90;105;-1.47;7;2.08;11.8;43.331191;-1.824849;10.863
23;DR;2026-09-06T11:34:26.254Z;1545.8;29.52;99;90;105;-0.47;7;2.08;12.0;43.331270;-1.824740;10.871
23;DR;2026-09-06T11:34:27.247Z;1546.8;29.52;103;91;106;-0.47;7;2.08;12.0;43.331270;-1.824740;10.879
23;DR;2026-09-06T11:34:28.252Z;1547.8;29.42;104;91;105;0.00;7;2.08;12.0;43.331422;-1.824523;10.888
23;DR;2026-09-06T11:34:29.238Z;1548.8;29.21;112;90;105;0.00;7;2.08;12.0;43.331422;-1.824523;10.896
23;DR;2026-09-06T11:34:30.264Z;1549.8;28.82;126;89;105;0.07;7;2.08;12.0;43.331422;-1.824523;10.904
23;DR;2026-09-06T11:34:31.282Z;1550.8;28.17;121;89;105;0.07;7;2.08;12.2;43.331641;-1.824218;10.912
23;DR;2026-09-06T11:34:32.263Z;1551.8;27.82;154;87;104;0.17;7;2.08;12.2;43.331641;-1.824218;10.919
23;DR;2026-09-06T11:34:33.241Z;1552.8;27.69;153;85;103;0.17;7;2.08;12.2;43.331641;-1.824218;10.927
23;DR;2026-09-06T11:34:34.238Z;1553.8;27.57;155;84;103;-0.20;7;2.08;12.2;43.331641;-1.824218;10.935
23;DR;2026-09-06T11:34:35.242Z;1554.8;27.40;152;84;103;-0.20;7;2.08;11.8;43.331850;-1.823933;10.942
23;DR;2026-09-06T11:34:36.260Z;1555.8;27.60;157;84;103;-1.21;7;2.08;11.8;43.331850;-1.823933;10.950
23;DR;2026-09-06T11:34:37.244Z;1556.8;28.04;138;83;103;-1.21;7;2.08;11.8;43.331850;-1.823933;10.958
23;DR;2026-09-06T11:34:38.247Z;1557.8;28.39;126;84;102;-1.09;7;2.08;11.8;43.331850;-1.823933;10.966
23;DR;2026-09-06T11:34:39.245Z;1558.8;28.84;109;87;102;-1.09;7;2.08;11.6;43.332056;-1.823665;10.974
23;DR;2026-09-06T11:34:40.244Z;1559.8;29.06;106;87;102;-0.63;7;2.08;11.6;43.332056;-1.823665;10.982
23;DR;2026-09-06T11:34:41.236Z;1560.8;29.14;103;88;102;-0.63;7;2.08;11.6;43.332056;-1.823665;10.990
23;DR;2026-09-06T11:34:42.246Z;1561.8;29.17;101;89;102;-0.30;7;2.08;11.6;43.332056;-1.823665;10.998
23;DR;2026-09-06T11:34:43.247Z;1562.8;29.17;102;89;103;-0.30;7;2.08;12.0;43.332434;-1.823131;11.006
23;DR;2026-09-06T11:34:44.244Z;1563.8;28.98;109;89;103;0.24;7;2.08;12.0;43.332434;-1.823131;11.014
23;DR;2026-09-06T11:34:45.239Z;1564.8;28.68;129;89;104;0.24;7;2.08;12.0;43.332434;-1.823131;11.022
23;DR;2026-09-06T11:34:46.244Z;1565.8;28.20;132;88;104;0.24;7;2.08;12.0;43.332434;-1.823131;11.030
23;DR;2026-09-06T11:34:47.250Z;1566.8;27.69;133;86;105;0.24;7;2.08;12.0;43.332434;-1.823131;11.038
23;DR;2026-09-06T11:34:48.235Z;1567.8;27.47;169;86;105;0.24;7;2.08;12.0;43.332434;-1.823131;11.045
23;DR;2026-09-06T11:34:49.247Z;1568.8;27.27;159;83;105;0.24;7;2.08;12.0;43.332434;-1.823131;11.053
23;DR;2026-09-06T11:34:50.237Z;1569.8;27.27;164;84;106;0.79;7;2.08;12.0;43.332434;-1.823131;11.060
23;DR;2026-09-06T11:34:51.274Z;1570.8;27.31;171;84;105;0.79;7;2.08;12.4;43.332561;-1.822965;11.068
23;DR;2026-09-06T11:34:52.236Z;1571.8;27.07;175;83;105;0.97;7;2.08;12.4;43.332561;-1.822965;11.075
23;DR;2026-09-06T11:34:53.243Z;1572.8;26.84;222;83;105;0.97;7;2.08;12.4;43.332561;-1.822965;11.083
23;DR;2026-09-06T11:34:54.250Z;1573.8;26.76;234;82;105;-0.04;7;2.08;12.2;43.333016;-1.822445;11.091
23;DR;2026-09-06T11:34:55.237Z;1574.8;26.82;250;81;105;-0.04;6;1.79;12.2;43.333016;-1.822445;11.098
23;DR;2026-09-06T11:34:56.241Z;1575.8;27.61;231;82;105;-0.30;6;1.79;12.2;43.333016;-1.822445;11.105
23;DR;2026-09-06T11:34:57.242Z;1576.8;28.38;195;83;105;-0.30;6;1.79;12.2;43.333016;-1.822445;11.113
23;DR;2026-09-06T11:34:58.236Z;1577.8;28.57;133;86;104;-0.30;6;1.79;12.2;43.333016;-1.822445;11.121
23;DR;2026-09-06T11:34:59.237Z;1578.8;28.63;139;86;104;-0.30;6;1.79;12.2;43.333016;-1.822445;11.129
23;DR;2026-09-06T11:35:00.238Z;1579.8;28.69;128;87;104;-0.30;6;1.79;12.2;43.333016;-1.822445;11.137
23;DR;2026-09-06T11:35:01.249Z;1580.8;28.75;142;88;103;-0.30;6;1.79;12.2;43.333016;-1.822445;11.145
23;DR;2026-09-06T11:35:02.237Z;1581.8;28.67;121;88;103;-0.86;6;1.79;11.8;43.333366;-1.822136;11.153
23;DR;2026-09-06T11:35:03.260Z;1582.8;28.49;121;87;103;-0.86;6;1.79;11.8;43.333366;-1.822136;11.161
23;DR;2026-09-06T11:35:04.236Z;1583.8;28.50;107;86;103;-0.86;6;1.79;11.8;43.333366;-1.822136;11.169
23;DR;2026-09-06T11:35:05.236Z;1584.8;28.62;104;88;104;-0.86;6;1.79;11.8;43.333366;-1.822136;11.177
23;DR;2026-09-06T11:35:06.237Z;1585.8;28.72;102;87;104;-0.86;6;1.79;11.8;43.333366;-1.822136;11.185
23;DR;2026-09-06T11:35:07.252Z;1586.8;28.83;107;87;104;-0.86;6;1.79;11.8;43.333366;-1.822136;11.193
23;DR;2026-09-06T11:35:08.238Z;1587.8;28.89;102;89;104;-0.29;6;1.79;11.8;43.333435;-1.822081;11.201
23;DR;2026-09-06T11:35:09.240Z;1588.8;28.95;104;88;104;-0.29;6;1.79;11.6;43.333722;-1.821885;11.209
23;DR;2026-09-06T11:35:10.240Z;1589.8;28.84;104;88;104;-0.56;6;1.79;11.6;43.333722;-1.821885;11.217
23;DR;2026-09-06T11:35:11.240Z;1590.8;28.60;126;89;104;-0.56;6;1.79;11.6;43.333722;-1.821885;11.225
23;DR;2026-09-06T11:35:12.250Z;1591.8;28.59;125;90;104;-0.65;6;1.79;11.6;43.333722;-1.821885;11.233
23;DR;2026-09-06T11:35:13.237Z;1592.8;28.87;117;87;104;-0.65;6;1.79;11.6;43.333722;-1.821885;11.241
23;DR;2026-09-06T11:35:14.243Z;1593.8;29.03;103;86;104;-1.12;6;1.79;11.4;43.333870;-1.821798;11.249
23;DR;2026-09-06T11:35:15.237Z;1594.8;29.14;107;89;104;-1.12;6;1.79;11.4;43.333870;-1.821798;11.257
23;DR;2026-09-06T11:35:16.243Z;1595.8;29.22;103;90;104;-0.12;6;1.79;11.4;43.334314;-1.821572;11.265
23;DR;2026-09-06T11:35:17.249Z;1596.8;29.23;103;89;104;-0.12;6;1.79;11.4;43.334314;-1.821572;11.273
23;DR;2026-09-06T11:35:18.255Z;1597.8;29.01;106;89;104;0.00;6;1.79;11.4;43.334314;-1.821572;11.281
23;DR;2026-09-06T11:35:19.250Z;1598.8;28.60;138;90;104;0.00;6;1.79;11.4;43.334314;-1.821572;11.289
23;DR;2026-09-06T11:35:20.240Z;1599.8;28.34;150;89;104;0.00;6;1.79;11.4;43.334314;-1.821572;11.297
23;DR;2026-09-06T11:35:21.250Z;1600.8;28.22;151;86;105;0.00;6;1.79;11.4;43.334314;-1.821572;11.305
23;DR;2026-09-06T11:35:22.243Z;1601.8;28.09;152;86;105;-1.00;6;1.79;11.2;43.334391;-1.821539;11.313
23;DR;2026-09-06T11:35:23.248Z;1602.8;27.95;141;86;105;-1.00;6;1.79;11.2;43.334391;-1.821539;11.321
23;DR;2026-09-06T11:35:24.252Z;1603.8;28.23;150;85;105;-1.50;6;1.79;10.4;43.334859;-1.821394;11.328
23;DR;2026-09-06T11:35:25.242Z;1604.8;28.73;123;85;105;-1.50;6;1.79;10.4;43.334859;-1.821394;11.336
23;DR;2026-09-06T11:35:26.239Z;1605.8;29.00;103;86;105;-1.50;6;1.79;10.4;43.334859;-1.821394;11.344
23;DR;2026-09-06T11:35:27.236Z;1606.8;29.04;100;88;105;-1.50;6;1.79;10.4;43.334859;-1.821394;11.352
23;DR;2026-09-06T11:35:28.242Z;1607.8;29.05;97;89;104;-1.50;6;1.79;10.4;43.334859;-1.821394;11.360
23;DR;2026-09-06T11:35:29.246Z;1608.8;28.99;97;88;104;-1.50;6;1.79;10.4;43.334859;-1.821394;11.369
23;DR;2026-09-06T11:35:30.252Z;1609.8;28.91;97;89;104;-0.49;6;1.79;10.6;43.335426;-1.821319;11.377
23;DR;2026-09-06T11:35:31.247Z;1610.8;28.86;97;89;105;-0.49;6;1.79;10.6;43.335426;-1.821319;11.385
23;DR;2026-09-06T11:35:32.250Z;1611.8;28.83;106;88;105;0.00;6;1.79;10.6;43.335426;-1.821319;11.393
23;DR;2026-09-06T11:35:33.259Z;1612.8;28.77;112;88;105;0.00;6;1.79;10.6;43.335426;-1.821319;11.401
23;DR;2026-09-06T11:35:34.257Z;1613.8;28.62;130;87;104;0.00;6;1.79;10.6;43.335426;-1.821319;11.409
23;DR;2026-09-06T11:35:35.240Z;1614.8;28.19;121;89;104;0.00;6;1.79;10.6;43.335426;-1.821319;11.416
23;DR;2026-09-06T11:35:36.243Z;1615.8;27.94;155;88;104;0.00;6;1.79;10.6;43.335426;-1.821319;11.424
23;DR;2026-09-06T11:35:37.240Z;1616.8;27.93;142;86;104;0.00;6;1.79;10.6;43.335426;-1.821319;11.432
23;DR;2026-09-06T11:35:38.253Z;1617.8;27.94;154;86;104;-0.44;6;1.79;10.4;43.335840;-1.821309;11.440
23;DR;2026-09-06T11:35:39.242Z;1618.8;28.07;152;85;104;-0.44;6;1.79;10.4;43.335840;-1.821309;11.448
23;DR;2026-09-06T11:35:40.238Z;1619.8;28.12;140;84;104;-0.44;6;1.79;10.4;43.335840;-1.821309;11.455
23;DR;2026-09-06T11:35:41.268Z;1620.8;28.37;126;86;104;-0.44;6;1.79;10.4;43.335840;-1.821309;11.463
23;DR;2026-09-06T11:35:42.235Z;1621.8;28.59;115;86;104;-0.44;6;1.79;10.4;43.335840;-1.821309;11.471
23;DR;2026-09-06T11:35:43.255Z;1622.8;28.54;111;86;104;-0.44;6;1.79;10.4;43.335840;-1.821309;11.479
23;DR;2026-09-06T11:35:44.236Z;1623.8;28.43;107;87;104;-1.44;6;1.79;10.0;43.335922;-1.821315;11.487
23;DR;2026-09-06T11:35:45.240Z;1624.8;28.39;115;88;104;-1.44;6;1.79;9.6;43.336489;-1.821389;11.495
23;DR;2026-09-06T11:35:46.242Z;1625.8;28.42;99;87;104;-0.63;6;1.79;9.6;43.336489;-1.821389;11.503
23;DR;2026-09-06T11:35:47.237Z;1626.8;28.52;99;87;104;-0.63;6;1.79;9.6;43.336489;-1.821389;11.511
23;DR;2026-09-06T11:35:48.248Z;1627.8;28.97;130;87;104;-0.63;6;1.79;9.6;43.336489;-1.821389;11.519
23;DR;2026-09-06T11:35:49.248Z;1628.8;29.25;102;88;104;-0.63;6;1.79;9.6;43.336489;-1.821389;11.527
23;DR;2026-09-06T11:35:50.239Z;1629.8;29.12;95;89;104;-0.63;6;1.79;9.6;43.336489;-1.821389;11.535
23;DR;2026-09-06T11:35:51.249Z;1630.8;29.00;99;89;103;-0.63;6;1.79;9.6;43.336489;-1.821389;11.543
23;DR;2026-09-06T11:35:52.245Z;1631.8;28.90;92;88;103;-0.63;6;1.79;9.6;43.336489;-1.821389;11.551
23;DR;2026-09-06T11:35:53.235Z;1632.8;28.80;97;88;103;-0.63;6;1.79;9.2;43.337057;-1.821448;11.559
23;DR;2026-09-06T11:35:54.246Z;1633.8;28.83;103;88;103;-0.63;6;1.79;9.2;43.337057;-1.821448;11.567
23;DR;2026-09-06T11:35:55.236Z;1634.8;28.88;100;88;103;-0.63;6;1.79;9.2;43.337057;-1.821448;11.575
23;DR;2026-09-06T11:35:56.237Z;1635.8;28.96;107;88;103;-0.63;6;1.79;9.2;43.337057;-1.821448;11.583
23;DR;2026-09-06T11:35:57.253Z;1636.8;29.01;98;88;103;-0.63;6;1.79;9.2;43.337057;-1.821448;11.591
23;DR;2026-09-06T11:35:58.243Z;1637.8;29.02;101;89;103;-0.63;6;1.79;9.2;43.337057;-1.821448;11.599
23;DR;2026-09-06T11:35:59.241Z;1638.8;29.07;104;89;103;-0.63;6;1.79;9.2;43.337057;-1.821448;11.607
23;DR;2026-09-06T11:36:00.240Z;1639.8;29.09;106;89;103;-0.26;6;1.79;9.2;43.337057;-1.821448;11.615
23;DR;2026-09-06T11:36:01.243Z;1640.8;29.15;107;89;103;-0.26;6;1.79;9.2;43.337139;-1.821453;11.623
23;DR;2026-09-06T11:36:02.245Z;1641.8;29.03;103;89;102;-0.77;6;1.79;9.0;43.337373;-1.821484;11.631
23;DR;2026-09-06T11:36:03.237Z;1642.8;28.62;109;90;103;-0.77;6;1.79;9.0;43.337373;-1.821484;11.639
23;DR;2026-09-06T11:36:04.243Z;1643.8;28.38;128;88;102;-0.55;6;1.79;9.0;43.337373;-1.821484;11.647
23;DR;2026-09-06T11:36:05.236Z;1644.8;28.53;105;86;102;-0.55;6;1.79;9.0;43.337684;-1.821525;11.655
23;DR;2026-09-06T11:36:06.254Z;1645.8;28.68;104;86;102;0.00;6;1.79;9.0;43.337684;-1.821525;11.663
23;DR;2026-09-06T11:36:07.239Z;1646.8;28.74;102;87;102;0.00;6;1.79;9.0;43.337684;-1.821525;11.671
23;DR;2026-09-06T11:36:08.255Z;1647.8;28.53;111;87;102;0.00;6;1.79;9.0;43.337684;-1.821525;11.679
23;DR;2026-09-06T11:36:09.246Z;1648.8;27.93;123;88;102;0.00;6;1.79;9.0;43.337684;-1.821525;11.687
23;DR;2026-09-06T11:36:10.249Z;1649.8;27.57;149;88;102;0.00;6;1.79;9.0;43.338239;-1.821602;11.695
23;DR;2026-09-06T11:36:11.250Z;1650.8;27.63;156;86;102;0.00;6;1.79;9.0;43.338239;-1.821602;11.702
23;DR;2026-09-06T11:36:12.236Z;1651.8;27.68;147;83;102;0.00;6;1.79;9.0;43.338239;-1.821602;11.710
23;DR;2026-09-06T11:36:13.253Z;1652.8;27.54;138;84;102;0.00;6;1.79;9.0;43.338239;-1.821602;11.718
23;DR;2026-09-06T11:36:14.249Z;1653.8;27.48;143;85;102;0.00;6;1.79;9.0;43.338239;-1.821602;11.725
23;DR;2026-09-06T11:36:15.255Z;1654.8;27.56;156;84;102;0.00;6;1.79;9.0;43.338239;-1.821602;11.733
23;DR;2026-09-06T11:36:16.250Z;1655.8;27.67;152;84;102;0.00;6;1.79;9.0;43.338239;-1.821602;11.741
23;DR;2026-09-06T11:36:17.256Z;1656.8;27.69;142;85;102;0.00;6;1.79;9.0;43.338239;-1.821602;11.748
23;DR;2026-09-06T11:36:18.238Z;1657.8;27.66;150;84;102;-0.44;6;1.79;8.8;43.338646;-1.821610;11.756
23;DR;2026-09-06T11:36:19.247Z;1658.8;27.68;143;84;102;-0.44;6;1.79;8.8;43.338646;-1.821610;11.764
23;DR;2026-09-06T11:36:20.239Z;1659.8;27.78;142;85;102;-0.44;6;1.79;8.8;43.338646;-1.821610;11.771
23;DR;2026-09-06T11:36:21.236Z;1660.8;28.23;125;85;102;-0.44;6;1.79;8.8;43.338646;-1.821610;11.779
23;DR;2026-09-06T11:36:22.254Z;1661.8;28.65;122;85;103;-0.46;6;1.79;8.8;43.338646;-1.821610;11.787
23;DR;2026-09-06T11:36:23.239Z;1662.8;28.79;118;88;103;-0.46;6;1.79;8.8;43.338646;-1.821610;11.795
23;DR;2026-09-06T11:36:24.255Z;1663.8;28.86;115;88;103;-0.72;6;1.79;8.4;43.339146;-1.821598;11.803
23;DR;2026-09-06T11:36:25.240Z;1664.8;28.83;116;86;103;-0.72;6;1.79;8.4;43.339146;-1.821598;11.811
23;DR;2026-09-06T11:36:26.246Z;1665.8;28.79;104;88;103;-0.72;6;1.79;8.4;43.339146;-1.821598;11.819
23;DR;2026-09-06T11:36:27.242Z;1666.8;28.77;100;89;103;-0.72;6;1.79;8.4;43.339146;-1.821598;11.827
23;DR;2026-09-06T11:36:28.237Z;1667.8;28.89;110;88;103;-0.72;7;2.08;8.4;43.339146;-1.821598;11.835
23;DR;2026-09-06T11:36:29.243Z;1668.8;29.13;118;89;103;-0.72;7;2.08;8.4;43.339146;-1.821598;11.843
23;DR;2026-09-06T11:36:30.238Z;1669.8;29.32;108;90;103;0.00;7;2.08;8.4;43.339146;-1.821598;11.851
23;DR;2026-09-06T11:36:31.245Z;1670.8;29.40;102;88;103;0.00;7;2.08;8.6;43.339617;-1.821489;11.859
23;DR;2026-09-06T11:36:32.240Z;1671.8;29.27;117;89;103;0.03;7;2.08;8.6;43.339617;-1.821489;11.868
23;DR;2026-09-06T11:36:33.245Z;1672.8;28.56;111;90;104;0.03;7;2.08;8.6;43.339617;-1.821489;11.876
23;DR;2026-09-06T11:36:34.251Z;1673.8;27.90;145;88;104;0.03;7;2.08;8.6;43.339617;-1.821489;11.883
23;DR;2026-09-06T11:36:35.247Z;1674.8;27.74;152;87;104;0.03;7;2.08;8.6;43.339617;-1.821489;11.891
23;DR;2026-09-06T11:36:36.252Z;1675.8;27.65;147;84;104;-0.15;7;2.08;8.6;43.339617;-1.821489;11.899
23;DR;2026-09-06T11:36:37.239Z;1676.8;27.61;149;83;104;-0.15;7;2.08;8.0;43.340155;-1.821279;11.906
23;DR;2026-09-06T11:36:38.244Z;1677.8;27.67;147;84;105;-0.96;7;2.08;8.0;43.340155;-1.821279;11.914
23;DR;2026-09-06T11:36:39.239Z;1678.8;27.91;145;85;105;-0.96;7;2.08;8.0;43.340155;-1.821279;11.922
23;DR;2026-09-06T11:36:40.245Z;1679.8;28.17;140;85;105;-0.96;7;2.08;8.0;43.340155;-1.821279;11.930
23;DR;2026-09-06T11:36:41.240Z;1680.8;28.53;114;85;105;-0.96;7;2.08;8.0;43.340155;-1.821279;11.938
23;DR;2026-09-06T11:36:42.246Z;1681.8;28.83;107;86;105;-0.96;7;2.08;8.0;43.340155;-1.821279;11.946
23;DR;2026-09-06T11:36:43.252Z;1682.8;29.03;113;89;105;-0.96;7;2.08;8.0;43.340155;-1.821279;11.954
23;DR;2026-09-06T11:36:44.237Z;1683.8;29.29;112;89;105;-0.43;7;2.08;8.0;43.340155;-1.821279;11.962
23;DR;2026-09-06T11:36:45.243Z;1684.8;29.53;112;90;105;-0.43;7;2.08;8.2;43.340645;-1.820946;11.970
23;DR;2026-09-06T11:36:46.239Z;1685.8;29.70;123;90;105;0.00;7;2.08;8.2;43.340645;-1.820946;11.978
23;DR;2026-09-06T11:36:47.244Z;1686.8;29.60;115;90;105;0.00;7;2.08;8.2;43.340645;-1.820946;11.986
23;DR;2026-09-06T11:36:48.250Z;1687.8;29.21;121;90;105;0.00;7;2.08;8.2;43.340645;-1.820946;11.995
23;DR;2026-09-06T11:36:49.256Z;1688.8;28.47;123;90;105;0.00;7;2.08;8.2;43.340645;-1.820946;12.003
23;DR;2026-09-06T11:36:50.237Z;1689.8;28.03;152;90;106;0.00;7;2.08;8.2;43.340645;-1.820946;12.010
23;DR;2026-09-06T11:36:51.236Z;1690.8;28.13;176;88;106;0.00;7;2.08;8.2;43.340645;-1.820946;12.018
23;DR;2026-09-06T11:36:52.252Z;1691.8;28.09;140;85;106;0.00;7;2.08;8.2;43.340645;-1.820946;12.026
23;DR;2026-09-06T11:36:53.247Z;1692.8;28.05;161;87;106;0.00;7;2.08;8.2;43.340970;-1.820640;12.034
23;DR;2026-09-06T11:36:54.253Z;1693.8;28.11;149;86;106;0.00;7;2.08;8.2;43.340970;-1.820640;12.042
23;DR;2026-09-06T11:36:55.249Z;1694.8;28.10;157;84;106;0.00;7;2.08;8.2;43.340970;-1.820640;12.049
23;DR;2026-09-06T11:36:56.253Z;1695.8;28.02;147;85;106;0.00;7;2.08;8.2;43.340970;-1.820640;12.057
23;DR;2026-09-06T11:36:57.243Z;1696.8;27.93;140;86;106;0.00;7;2.08;8.2;43.340970;-1.820640;12.065
23;DR;2026-09-06T11:36:58.250Z;1697.8;27.99;152;86;106;-0.75;7;2.08;7.8;43.341340;-1.820224;12.073
23;DR;2026-09-06T11:36:59.246Z;1698.8;27.99;152;86;106;-0.75;7;2.08;7.8;43.341340;-1.820224;12.080
23;DR;2026-09-06T11:37:00.237Z;1699.8;28.02;143;85;106;-0.75;7;2.08;7.8;43.341340;-1.820224;12.088
23;DR;2026-09-06T11:37:01.235Z;1700.8;28.92;113;86;105;-0.75;7;2.08;7.8;43.341340;-1.820224;12.096
23;DR;2026-09-06T11:37:02.240Z;1701.8;29.18;111;89;106;-0.75;7;2.08;7.8;43.341340;-1.820224;12.104
23;DR;2026-09-06T11:37:03.243Z;1702.8;29.37;108;89;106;-0.75;7;2.08;7.8;43.341340;-1.820224;12.112
23;DR;2026-09-06T11:37:04.235Z;1703.8;29.47;105;89;106;0.24;7;2.08;7.8;43.341340;-1.820224;12.120
23;DR;2026-09-06T11:37:05.245Z;1704.8;29.47;105;89;106;0.24;7;2.08;8.0;43.341401;-1.820152;12.129
23;DR;2026-09-06T11:37:06.241Z;1705.8;28.57;119;91;105;0.04;7;2.08;8.2;43.341741;-1.819704;12.137
23;DR;2026-09-06T11:37:07.235Z;1706.8;27.87;165;90;106;0.04;7;2.08;8.2;43.341741;-1.819704;12.145
23;DR;2026-09-06T11:37:08.240Z;1707.8;27.84;172;85;106;0.04;7;2.08;8.2;43.341741;-1.819704;12.152
23;DR;2026-09-06T11:37:09.235Z;1708.8;27.90;154;84;106;0.04;7;2.08;8.2;43.341741;-1.819704;12.160
23;DR;2026-09-06T11:37:10.235Z;1709.8;27.90;157;86;106;0.04;7;2.08;8.2;43.341741;-1.819704;12.168
23;DR;2026-09-06T11:37:11.244Z;1710.8;27.82;145;85;106;0.04;7;2.08;8.2;43.341741;-1.819704;12.176
23;DR;2026-09-06T11:37:12.236Z;1711.8;27.83;156;85;106;-0.41;7;2.08;8.2;43.341741;-1.819704;12.183
23;DR;2026-09-06T11:37:13.236Z;1712.8;28.03;143;85;106;-0.41;7;2.08;7.8;43.342092;-1.819233;12.191
23;DR;2026-09-06T11:37:14.246Z;1713.8;28.03;143;85;106;-0.73;7;2.08;7.8;43.342092;-1.819233;12.199
23;DR;2026-09-06T11:37:15.243Z;1714.8;29.00;132;85;107;-0.73;7;2.08;7.8;43.342092;-1.819233;12.207
23;DR;2026-09-06T11:37:16.235Z;1715.8;29.32;112;87;106;-0.73;7;2.08;7.8;43.342092;-1.819233;12.215
23;DR;2026-09-06T11:37:17.238Z;1716.8;29.53;111;90;106;-0.73;7;2.08;7.8;43.342092;-1.819233;12.223
23;DR;2026-09-06T11:37:18.239Z;1717.8;29.59;101;90;106;-0.73;7;2.08;7.8;43.342092;-1.819233;12.231
23;DR;2026-09-06T11:37:19.239Z;1718.8;29.53;95;91;105;-0.73;7;2.08;7.8;43.342092;-1.819233;12.239
23;DR;2026-09-06T11:37:20.239Z;1719.8;29.69;119;93;105;0.00;7;2.08;7.8;43.342502;-1.818689;12.248
23;DR;2026-09-06T11:37:21.245Z;1720.8;29.90;113;93;105;0.00;7;2.08;7.8;43.342502;-1.818689;12.256
23;DR;2026-09-06T11:37:22.238Z;1721.8;29.34;123;90;106;0.00;7;2.08;7.8;43.342502;-1.818689;12.264
23;DR;2026-09-06T11:37:23.239Z;1722.8;28.59;139;91;106;0.00;7;2.08;7.8;43.342502;-1.818689;12.272
23;DR;2026-09-06T11:37:24.238Z;1723.8;28.43;160;88;106;0.00;7;2.08;7.8;43.342502;-1.818689;12.280
23;DR;2026-09-06T11:37:25.237Z;1724.8;28.29;151;85;106;0.00;7;2.08;7.8;43.342502;-1.818689;12.288
23;DR;2026-09-06T11:37:26.253Z;1725.8;28.06;140;87;107;-0.36;7;2.08;7.8;43.342502;-1.818689;12.296
23;DR;2026-09-06T11:37:27.240Z;1726.8;28.10;158;86;107;-0.36;7;2.08;7.8;43.342502;-1.818689;12.304
23;DR;2026-09-06T11:37:28.244Z;1727.8;28.58;139;85;106;0.07;7;2.08;7.6;43.342560;-1.818613;12.312
23;DR;2026-09-06T11:37:29.235Z;1728.8;28.76;135;85;106;0.07;7;2.08;8.2;43.342969;-1.818078;12.319
23;DR;2026-09-06T11:37:30.246Z;1729.8;28.35;150;90;106;0.44;7;2.08;8.2;43.342969;-1.818078;12.327
23;DR;2026-09-06T11:37:31.241Z;1730.8;27.95;168;89;106;0.44;7;2.08;8.2;43.342969;-1.818078;12.335
23;DR;2026-09-06T11:37:32.242Z;1731.8;27.77;212;85;107;0.44;7;2.08;8.2;43.342969;-1.818078;12.343
23;DR;2026-09-06T11:37:33.244Z;1732.8;27.81;203;86;107;0.44;7;2.08;8.2;43.342969;-1.818078;12.351
23;DR;2026-09-06T11:37:34.248Z;1733.8;27.78;192;84;107;0.44;7;2.08;8.2;43.342969;-1.818078;12.358
23;DR;2026-09-06T11:37:35.238Z;1734.8;27.69;193;84;107;0.44;7;2.08;8.2;43.342969;-1.818078;12.366
23;DR;2026-09-06T11:37:36.239Z;1735.8;27.66;197;85;108;0.00;7;2.08;8.2;43.342969;-1.818078;12.374
23;DR;2026-09-06T11:37:37.236Z;1736.8;27.82;181;85;108;0.00;7;2.08;8.2;43.343019;-1.817990;12.381
23;DR;2026-09-06T11:37:38.245Z;1737.8;28.15;170;84;109;0.58;7;2.08;8.4;43.343105;-1.817810;12.389
23;DR;2026-09-06T11:37:39.246Z;1738.8;28.13;150;86;108;0.58;7;2.08;8.4;43.343105;-1.817810;12.397
23;DR;2026-09-06T11:37:40.242Z;1739.8;27.80;193;88;109;0.00;7;2.08;8.4;43.343151;-1.817624;12.405
23;DR;2026-09-06T11:37:41.247Z;1740.8;27.67;214;85;108;0.00;7;2.08;8.4;43.343151;-1.817624;12.413
23;DR;2026-09-06T11:37:42.253Z;1741.8;27.99;169;83;109;1.01;7;2.08;8.8;43.343164;-1.817357;12.420
23;DR;2026-09-06T11:37:43.237Z;1742.8;28.07;151;84;109;1.01;7;2.08;8.8;43.343164;-1.817357;12.428
23;DR;2026-09-06T11:37:44.255Z;1743.8;27.37;171;86;109;1.49;7;2.08;8.8;43.343164;-1.817357;12.436
23;DR;2026-09-06T11:37:45.244Z;1744.8;26.88;251;85;109;1.49;7;2.08;9.0;43.343164;-1.817269;12.443
23;DR;2026-09-06T11:37:46.236Z;1745.8;26.62;246;83;109;0.50;7;2.08;9.0;43.343238;-1.817021;12.451
23;DR;2026-09-06T11:37:47.241Z;1746.8;26.93;272;82;109;0.50;7;2.08;9.0;43.343238;-1.817021;12.458
23;DR;2026-09-06T11:37:48.247Z;1747.8;27.76;237;83;110;-0.51;7;2.08;9.0;43.343238;-1.817021;12.466
23;DR;2026-09-06T11:37:49.238Z;1748.8;27.95;164;84;110;-0.51;7;2.08;8.8;43.343432;-1.816917;12.474
23;DR;2026-09-06T11:37:50.237Z;1749.8;28.38;148;84;110;-0.86;7;2.08;8.8;43.343432;-1.816917;12.481
23;DR;2026-09-06T11:37:51.254Z;1750.8;29.12;128;85;110;-0.86;7;2.08;8.8;43.343432;-1.816917;12.489
23;DR;2026-09-06T11:37:52.255Z;1751.8;29.56;119;89;110;-1.87;7;2.08;8.4;43.343582;-1.816927;12.498
23;DR;2026-09-06T11:37:53.245Z;1752.8;29.98;130;91;110;-1.87;7;2.08;8.4;43.343582;-1.816927;12.506
23;DR;2026-09-06T11:37:54.236Z;1753.8;29.20;15;93;110;-0.88;7;2.08;8.4;43.343740;-1.816920;12.514
23;DR;2026-09-06T11:37:55.256Z;1754.8;27.21;14;108;110;-0.88;7;2.08;8.4;43.343740;-1.816920;12.522
23;DR;2026-09-06T11:37:56.252Z;1755.8;25.14;12;105;110;-1.49;7;2.08;8.0;43.343962;-1.816786;12.529
23;DR;2026-09-06T11:37:57.247Z;1756.8;23.14;11;95;110;-1.49;7;2.08;8.0;43.343962;-1.816786;12.536
23;DR;2026-09-06T11:37:58.253Z;1757.8;21.18;9;88;110;-1.46;7;2.08;8.0;43.343962;-1.816786;12.542
23;DR;2026-09-06T11:37:59.239Z;1758.8;20.15;8;84;108;-1.46;7;2.08;8.0;43.343962;-1.816786;12.548
23;DR;2026-09-06T11:38:00.253Z;1759.8;21.92;104;71;107;-1.12;7;2.08;7.8;43.344084;-1.816641;12.554
23;DR;2026-09-06T11:38:01.235Z;1760.8;25.74;244;69;107;-1.12;7;2.08;7.8;43.344084;-1.816641;12.560
23;DR;2026-09-06T11:38:02.239Z;1761.8;28.23;180;111;106;-1.94;7;2.08;7.8;43.344084;-1.816641;12.568
23;DR;2026-09-06T11:38:03.236Z;1762.8;29.21;127;122;107;-1.94;7;2.08;7.6;43.344140;-1.816565;12.576
23;DR;2026-09-06T11:38:04.247Z;1763.8;29.67;119;91;107;-0.94;7;2.08;7.8;43.344189;-1.816492;12.584
23;DR;2026-09-06T11:38:05.242Z;1764.8;29.95;117;91;107;-0.94;7;2.08;7.8;43.344577;-1.815932;12.592
23;DR;2026-09-06T11:38:06.237Z;1765.8;30.14;113;91;107;0.00;7;2.08;7.8;43.344577;-1.815932;12.600
23;DR;2026-09-06T11:38:07.239Z;1766.8;30.11;112;92;108;0.00;7;2.08;7.8;43.344577;-1.815932;12.609
23;DR;2026-09-06T11:38:08.239Z;1767.8;29.28;115;92;108;0.00;7;2.08;7.8;43.344577;-1.815932;12.617
23;DR;2026-09-06T11:38:09.240Z;1768.8;28.40;152;91;109;0.00;7;2.08;7.8;43.344577;-1.815932;12.625
23;DR;2026-09-06T11:38:10.240Z;1769.8;28.17;155;88;109;0.00;7;2.08;7.8;43.344577;-1.815932;12.633
23;DR;2026-09-06T11:38:11.256Z;1770.8;28.00;146;85;110;0.00;7;2.08;7.8;43.344577;-1.815932;12.641
23;DR;2026-09-06T11:38:12.241Z;1771.8;28.05;148;86;110;0.00;7;2.08;7.8;43.344577;-1.815932;12.649
23;DR;2026-09-06T11:38:13.241Z;1772.8;28.22;158;85;111;0.00;6;1.79;7.8;43.344632;-1.815852;12.656
23;DR;2026-09-06T11:38:14.243Z;1773.8;28.11;143;86;111;0.00;6;1.79;8.0;43.345016;-1.815302;12.664
23;DR;2026-09-06T11:38:15.235Z;1774.8;27.90;152;86;111;0.00;6;1.79;8.0;43.345016;-1.815302;12.672
23;DR;2026-09-06T11:38:16.252Z;1775.8;27.93;160;86;111;0.00;6;1.79;8.0;43.345016;-1.815302;12.680
23;DR;2026-09-06T11:38:17.240Z;1776.8;28.07;153;86;111;0.00;6;1.79;8.0;43.345016;-1.815302;12.687
23;DR;2026-09-06T11:38:18.235Z;1777.8;28.08;155;85;111;0.00;6;1.79;8.0;43.345016;-1.815302;12.695
23;DR;2026-09-06T11:38:19.243Z;1778.8;28.02;145;85;111;0.00;6;1.79;8.0;43.345016;-1.815302;12.703
23;DR;2026-09-06T11:38:20.246Z;1779.8;27.98;159;86;111;0.00;6;1.79;8.0;43.345016;-1.815302;12.711
23;DR;2026-09-06T11:38:21.252Z;1780.8;28.00;149;86;111;0.00;6;1.79;8.0;43.345016;-1.815302;12.719
23;DR;2026-09-06T11:38:22.249Z;1781.8;27.94;149;85;111;1.00;6;1.79;8.4;43.345123;-1.815145;12.726
23;DR;2026-09-06T11:38:23.253Z;1782.8;27.83;152;85;111;1.00;6;1.79;8.4;43.345123;-1.815145;12.734
23;DR;2026-09-06T11:38:24.248Z;1783.8;27.38;191;85;111;0.09;6;1.79;8.8;43.345507;-1.814607;12.742
23;DR;2026-09-06T11:38:25.255Z;1784.8;26.96;211;84;111;0.09;6;1.79;8.8;43.345507;-1.814607;12.749
23;DR;2026-09-06T11:38:26.240Z;1785.8;27.64;215;83;111;0.09;6;1.79;8.8;43.345507;-1.814607;12.757
23;DR;2026-09-06T11:38:27.235Z;1786.8;28.31;149;85;111;0.09;6;1.79;8.8;43.345507;-1.814607;12.765
23;DR;2026-09-06T11:38:28.241Z;1787.8;28.10;135;86;110;0.09;6;1.79;8.8;43.345507;-1.814607;12.773
23;DR;2026-09-06T11:38:29.237Z;1788.8;28.06;167;86;111;0.09;6;1.79;8.8;43.345507;-1.814607;12.780
23;DR;2026-09-06T11:38:30.242Z;1789.8;28.17;165;86;111;0.09;6;1.79;8.8;43.345507;-1.814607;12.788
23;DR;2026-09-06T11:38:31.248Z;1790.8;28.19;152;86;111;0.09;6;1.79;8.8;43.345507;-1.814607;12.796
23;DR;2026-09-06T11:38:32.252Z;1791.8;28.21;168;86;111;0.25;6;1.79;9.2;43.345785;-1.814232;12.804
23;DR;2026-09-06T11:38:33.240Z;1792.8;28.15;153;86;111;0.25;6;1.79;9.2;43.345785;-1.814232;12.812
23;DR;2026-09-06T11:38:34.238Z;1793.8;28.01;170;86;111;0.25;6;1.79;9.2;43.345785;-1.814232;12.819
23;DR;2026-09-06T11:38:35.235Z;1794.8;27.97;172;86;110;0.25;6;1.79;9.2;43.345785;-1.814232;12.827
23;DR;2026-09-06T11:38:36.252Z;1795.8;27.95;166;86;110;0.33;6;1.79;9.2;43.345785;-1.814232;12.835
23;DR;2026-09-06T11:38:37.235Z;1796.8;27.94;177;86;111;0.33;6;1.79;9.8;43.346052;-1.813872;12.843
23;DR;2026-09-06T11:38:38.238Z;1797.8;27.95;176;85;111;0.57;6;1.79;9.8;43.346052;-1.813872;12.850
23;DR;2026-09-06T11:38:39.238Z;1798.8;27.86;189;85;111;0.57;6;1.79;9.8;43.346052;-1.813872;12.858
23;DR;2026-09-06T11:38:40.249Z;1799.8;27.73;185;85;111;0.57;6;1.79;9.8;43.346052;-1.813872;12.866
23;DR;2026-09-06T11:38:41.255Z;1800.8;27.60;189;85;111;0.57;6;1.79;9.8;43.346052;-1.813872;12.874
23;DR;2026-09-06T11:38:42.250Z;1801.8;27.62;204;84;111;0.31;6;1.79;9.8;43.346052;-1.813872;12.881
23;DR;2026-09-06T11:38:43.237Z;1802.8;27.68;195;84;111;0.31;6;1.79;10.4;43.346487;-1.813294;12.889
23;DR;2026-09-06T11:38:44.252Z;1803.8;27.85;201;85;111;0.23;6;1.79;10.4;43.346487;-1.813294;12.897
23;DR;2026-09-06T11:38:45.247Z;1804.8;28.06;176;86;111;0.23;6;1.79;10.4;43.346487;-1.813294;12.905
23;DR;2026-09-06T11:38:46.242Z;1805.8;27.97;161;86;111;0.23;6;1.79;10.4;43.346487;-1.813294;12.912
23;DR;2026-09-06T11:38:47.248Z;1806.8;27.97;177;85;110;0.23;6;1.79;10.4;43.346487;-1.813294;12.920
23;DR;2026-09-06T11:38:48.244Z;1807.8;27.99;171;85;111;0.23;6;1.79;10.4;43.346487;-1.813294;12.928
23;DR;2026-09-06T11:38:49.239Z;1808.8;27.93;171;86;111;0.23;6;1.79;10.4;43.346487;-1.813294;12.936
23;DR;2026-09-06T11:38:50.255Z;1809.8;27.99;170;86;111;0.19;6;1.79;10.4;43.346487;-1.813294;12.943
23;DR;2026-09-06T11:38:51.240Z;1810.8;27.95;165;85;112;0.19;6;1.79;10.4;43.346487;-1.813294;12.951
23;DR;2026-09-06T11:38:52.240Z;1811.8;27.84;156;84;112;0.05;6;1.79;10.8;43.346913;-1.812712;12.959
23;DR;2026-09-06T11:38:53.252Z;1812.8;27.77;163;85;112;0.05;6;1.79;10.8;43.346913;-1.812712;12.967
23;DR;2026-09-06T11:38:54.248Z;1813.8;27.89;160;85;112;0.05;6;1.79;10.8;43.346913;-1.812712;12.974
23;DR;2026-09-06T11:38:55.242Z;1814.8;28.10;159;85;111;0.05;6;1.79;10.8;43.346913;-1.812712;12.982
23;DR;2026-09-06T11:38:56.250Z;1815.8;28.06;148;85;112;0.05;6;1.79;10.8;43.346913;-1.812712;12.990
23;DR;2026-09-06T11:38:57.250Z;1816.8;28.00;150;86;112;0.05;6;1.79;10.8;43.346913;-1.812712;12.998
23;DR;2026-09-06T11:38:58.240Z;1817.8;28.00;155;85;112;0.05;6;1.79;10.8;43.346913;-1.812712;13.005
23;DR;2026-09-06T11:38:59.235Z;1818.8;28.00;157;85;112;0.05;6;1.79;10.8;43.346913;-1.812712;13.013
23;DR;2026-09-06T11:39:00.250Z;1819.8;27.96;155;86;112;0.49;6;1.79;11.0;43.346966;-1.812636;13.021
23;DR;2026-09-06T11:39:01.236Z;1820.8;27.84;146;86;111;0.49;6;1.79;11.0;43.347239;-1.812137;13.029
23;DR;2026-09-06T11:39:02.253Z;1821.8;27.64;163;86;111;0.00;6;1.79;11.0;43.347239;-1.812137;13.037
23;DR;2026-09-06T11:39:03.246Z;1822.8;27.47;184;84;111;0.00;6;1.79;11.0;43.347239;-1.812137;13.044
23;DR;2026-09-06T11:39:04.253Z;1823.8;27.77;170;84;111;0.00;6;1.79;11.0;43.347239;-1.812137;13.052
23;DR;2026-09-06T11:39:05.239Z;1824.8;28.10;150;85;111;0.00;6;1.79;11.0;43.347239;-1.812137;13.060
23;DR;2026-09-06T11:39:06.253Z;1825.8;28.11;144;86;111;0.00;6;1.79;11.0;43.347239;-1.812137;13.067
23;DR;2026-09-06T11:39:07.235Z;1826.8;28.10;150;86;111;0.00;6;1.79;11.0;43.347239;-1.812137;13.075
23;DR;2026-09-06T11:39:08.241Z;1827.8;28.03;152;85;111;0.57;6;1.79;11.6;43.347375;-1.811662;13.083
23;DR;2026-09-06T11:39:09.247Z;1828.8;27.94;143;85;111;0.57;6;1.79;11.6;43.347375;-1.811662;13.091
23;DR;2026-09-06T11:39:10.243Z;1829.8;27.49;170;86;111;0.57;6;1.79;11.6;43.347375;-1.811662;13.098
23;DR;2026-09-06T11:39:11.247Z;1830.8;27.28;202;84;111;0.57;6;1.79;11.6;43.347375;-1.811662;13.106
23;DR;2026-09-06T11:39:12.238Z;1831.8;27.40;193;83;110;0.08;6;1.79;11.6;43.347375;-1.811662;13.114
23;DR;2026-09-06T11:39:13.249Z;1832.8;27.38;195;83;111;0.08;6;1.79;11.6;43.347393;-1.811565;13.121
23;DR;2026-09-06T11:39:14.251Z;1833.8;27.72;175;84;111;0.79;6;1.79;12.2;43.347471;-1.811171;13.129
23;DR;2026-09-06T11:39:15.245Z;1834.8;27.93;152;85;111;0.79;6;1.79;12.2;43.347471;-1.811171;13.137
23;DR;2026-09-06T11:39:16.241Z;1835.8;27.51;177;85;111;0.79;6;1.79;12.2;43.347471;-1.811171;13.144
23;DR;2026-09-06T11:39:17.247Z;1836.8;27.20;228;84;111;0.79;6;1.79;12.2;43.347471;-1.811171;13.152
23;DR;2026-09-06T11:39:18.239Z;1837.8;27.17;219;83;111;0.00;6;1.79;12.2;43.347543;-1.810460;13.159
23;DR;2026-09-06T11:39:19.238Z;1838.8;27.24;219;83;111;0.00;6;1.79;12.2;43.347543;-1.810460;13.167
23;DR;2026-09-06T11:39:20.243Z;1839.8;28.00;218;85;111;0.00;6;1.79;12.2;43.347543;-1.810460;13.175
23;DR;2026-09-06T11:39:21.249Z;1840.8;28.78;170;85;111;0.00;6;1.79;12.2;43.347543;-1.810460;13.183
23;DR;2026-09-06T11:39:22.254Z;1841.8;28.64;141;87;112;0.00;6;1.79;12.2;43.347543;-1.810460;13.191
23;DR;2026-09-06T11:39:23.250Z;1842.8;28.36;144;88;111;0.00;6;1.79;12.2;43.347543;-1.810460;13.199
23;DR;2026-09-06T11:39:24.236Z;1843.8;28.20;148;87;111;0.00;6;1.79;12.2;43.347543;-1.810460;13.206
23;DR;2026-09-06T11:39:25.251Z;1844.8;28.13;150;86;111;0.00;6;1.79;12.2;43.347543;-1.810460;13.214
23;DR;2026-09-06T11:39:26.247Z;1845.8;28.10;148;86;111;-1.00;6;1.79;11.0;43.347548;-1.810001;13.222
23;DR;2026-09-06T11:39:27.236Z;1846.8;28.01;148;85;110;-1.00;6;1.79;11.0;43.347548;-1.810001;13.230
23;DR;2026-09-06T11:39:28.244Z;1847.8;28.05;105;86;110;-2.00;6;1.79;11.0;43.347548;-1.810001;13.238
23;DR;2026-09-06T11:39:29.254Z;1848.8;28.62;148;86;110;-2.00;6;1.79;11.0;43.347548;-1.810001;13.246
23;DR;2026-09-06T11:39:30.250Z;1849.8;29.67;152;86;110;-3.01;6;1.79;11.0;43.347548;-1.810001;13.254
23;DR;2026-09-06T11:39:31.242Z;1850.8;30.29;115;91;110;-3.01;6;1.79;10.4;43.347543;-1.809875;13.262
23;DR;2026-09-06T11:39:32.241Z;1851.8;30.46;108;92;111;-4.00;6;1.79;9.6;43.347534;-1.809745;13.270
23;DR;2026-09-06T11:39:33.246Z;1852.8;30.56;110;93;110;-4.00;6;1.79;8.6;43.347511;-1.809479;13.279
23;DR;2026-09-06T11:39:34.252Z;1853.8;30.66;110;94;110;-4.62;6;1.79;8.6;43.347511;-1.809479;13.287
23;DR;2026-09-06T11:39:35.236Z;1854.8;30.81;119;94;110;-4.62;6;1.79;8.6;43.347511;-1.809479;13.296
23;DR;2026-09-06T11:39:36.243Z;1855.8;30.92;111;94;110;-3.62;6;1.79;7.6;43.347473;-1.809080;13.304
23;DR;2026-09-06T11:39:37.238Z;1856.8;30.95;104;94;110;-3.62;6;1.79;7.6;43.347473;-1.809080;13.313
23;DR;2026-09-06T11:39:38.245Z;1857.8;31.09;122;96;110;-2.74;6;1.79;7.6;43.347473;-1.809080;13.322
23;DR;2026-09-06T11:39:39.244Z;1858.8;30.84;112;97;110;-2.74;6;1.79;7.6;43.347473;-1.809080;13.330
23;DR;2026-09-06T11:39:40.236Z;1859.8;29.35;14;101;110;-1.74;6;1.79;7.6;43.347459;-1.808951;13.338
23;DR;2026-09-06T11:39:41.241Z;1860.8;27.20;12;111;110;-1.74;6;1.79;7.4;43.347394;-1.808335;13.346
23;DR;2026-09-06T11:39:42.237Z;1861.8;25.14;11;101;110;-0.74;6;1.79;7.4;43.347394;-1.808335;13.354
23;DR;2026-09-06T11:39:43.253Z;1862.8;23.13;10;95;109;-0.74;6;1.79;7.4;43.347394;-1.808335;13.360
23;DR;2026-09-06T11:39:44.238Z;1863.8;21.16;10;92;109;-0.40;6;1.79;7.4;43.347394;-1.808335;13.366
23;DR;2026-09-06T11:39:45.244Z;1864.8;19.26;7;80;107;-0.40;2;1.13;7.4;43.347394;-1.808335;13.372
23;DR;2026-09-06T11:39:46.249Z;1865.8;17.40;5;73;106;-0.40;1;1.00;7.4;43.347394;-1.808335;13.377
23;DR;2026-09-06T11:39:47.245Z;1866.8;15.62;3;67;105;-0.40;1;1.00;7.4;43.347394;-1.808335;13.382
23;DR;2026-09-06T11:39:48.246Z;1867.8;13.89;3;61;104;-1.40;1;1.00;7.4;43.347394;-1.808335;13.386
23;DR;2026-09-06T11:39:49.246Z;1868.8;12.24;3;61;104;-1.40;1;1.00;6.8;43.347368;-1.808095;13.390
23;DR;2026-09-06T11:39:50.238Z;1869.8;10.66;2;53;103;-2.39;1;1.00;6.8;43.347368;-1.808095;13.393
23;DR;2026-09-06T11:39:51.236Z;1870.8;9.15;2;53;102;-2.39;1;1.00;6.8;43.347368;-1.808095;13.395
23;DR;2026-09-06T11:39:52.243Z;1871.8;7.70;0;0;101;-1.97;1;1.00;6.8;43.347368;-1.808095;13.398
23;DR;2026-09-06T11:39:53.235Z;1872.8;6.31;0;0;101;-1.97;1;1.00;6.8;43.347368;-1.808095;13.400
23;DR;2026-09-06T11:39:54.255Z;1873.8;5.00;0;0;100;-0.96;1;1.00;6.8;43.347368;-1.808095;13.401
23;DR;2026-09-06T11:39:55.246Z;1874.8;3.73;0;0;100;-0.96;1;1.00;6.8;43.347368;-1.808095;13.403
23;DR;2026-09-06T11:39:56.246Z;1875.8;2.53;0;0;100;0.00;1;1.00;7.0;43.347306;-1.807506;13.403
23;DR;2026-09-06T11:39:57.251Z;1876.8;1.51;0;0;100;0.00;1;1.00;7.0;43.347306;-1.807506;13.404
23;DR;2026-09-06T11:39:58.247Z;1877.8;0.69;0;0;100;0.00;1;1.00;7.0;43.347306;-1.807506;13.404
23;DR;2026-09-06T11:39:59.235Z;1878.8;0.41;0;0;101;0.00;1;1.00;7.0;43.347306;-1.807506;13.404
23;DR;2026-09-06T11:40:00.275Z;1879.8;0.00;0;0;102;0.00;1;1.00;7.0;43.347306;-1.807506;13.404
23;DR;2026-09-06T11:40:01.248Z;1880.8;0.00;0;0;102;0.00;1;1.00;7.0;43.347306;-1.807506;13.404
23;DR;2026-09-06T11:40:02.237Z;1881.8;0.00;0;0;102;0.00;1;1.00;7.0;43.347306;-1.807506;13.404
23;DR;2026-09-06T11:40:03.242Z;1882.8;0.00;0;0;103;0.00;1;1.00;7.0;43.347306;-1.807506;13.404
23;DR;2026-09-06T11:40:04.236Z;1883.8;0.00;0;0;104;0.00;1;1.00;7.0;43.347306;-1.807506;13.404
23;DR;2026-09-06T11:40:05.246Z;1884.8;0.69;0;0;103;0.00;1;1.00;7.0;43.347306;-1.807506;13.405
23;DR;2026-09-06T11:40:06.242Z;1885.8;0.77;0;0;102;0.00;1;1.00;7.0;43.347306;-1.807506;13.405
23;DR;2026-09-06T11:40:07.237Z;1886.8;0.75;0;34;100;0.00;1;1.00;7.0;43.347306;-1.807506;13.405
23;DR;2026-09-06T11:40:08.243Z;1887.8;1.40;0;34;100;0.00;1;1.00;7.0;43.347306;-1.807506;13.405
23;DR;2026-09-06T11:40:09.237Z;1888.8;14.91;119;29;98;0.00;1;1.00;7.0;43.347306;-1.807506;13.408
23;DR;2026-09-06T11:40:10.244Z;1889.8;18.39;148;33;98;0.00;1;1.00;7.0;43.347306;-1.807506;13.412
23;DR;2026-09-06T11:40:11.250Z;1890.8;20.80;124;53;98;0.00;1;1.00;7.0;43.347306;-1.807506;13.418
