Sesión;Usuario;Fecha y hora;Tiempo desde inicio (s);Velocidad (km/h);Potencia (W);Cadencia (rpm);Pulso (bpm);Pendiente (%);Marcha virtual;Relación;Elevación (m);Latitud;Longitud;Distancia (km)
22;DR;2026-09-03T09:09:02.749Z;29.5;0.61;0;0;97;-2.54;12;2.05;68.6;43.317814;-1.929720;0.000
22;DR;2026-09-03T09:09:03.919Z;30.7;0.61;0;0;97;-2.54;12;2.05;68.6;43.317814;-1.929720;0.000
22;DR;2026-09-03T09:09:04.777Z;31.5;0.61;0;0;97;-2.54;12;2.05;68.0;43.317968;-1.929519;0.000
22;DR;2026-09-03T09:09:05.760Z;32.5;0.61;0;0;97;-2.54;12;2.05;68.0;43.317968;-1.929519;0.000
22;DR;2026-09-03T09:09:06.756Z;33.5;0.61;0;0;97;-2.54;12;2.05;68.0;43.317968;-1.929519;0.001
22;DR;2026-09-03T09:09:07.762Z;34.5;0.61;0;0;78;-2.54;12;2.05;68.0;43.317968;-1.929519;0.001
22;DR;2026-09-03T09:09:08.840Z;35.6;0.61;0;0;83;-2.54;12;2.05;68.0;43.317968;-1.929519;0.001
22;DR;2026-09-03T09:09:09.748Z;36.5;0.61;0;0;83;-2.54;12;2.05;68.0;43.317968;-1.929519;0.001
22;DR;2026-09-03T09:09:10.748Z;37.5;0.61;0;0;82;-2.54;12;2.05;68.0;43.317968;-1.929519;0.001
22;DR;2026-09-03T09:09:11.744Z;38.5;0.61;0;0;83;-2.54;12;2.05;68.0;43.317968;-1.929519;0.001
22;DR;2026-09-03T09:09:12.879Z;39.6;0.61;0;0;86;-2.54;12;2.05;68.0;43.317968;-1.929519;0.002
22;DR;2026-09-03T09:09:13.745Z;40.5;0.61;0;0;85;-2.54;12;2.05;68.0;43.317968;-1.929519;0.002
22;DR;2026-09-03T09:09:14.910Z;41.7;0.61;0;0;85;-2.54;12;2.05;68.0;43.317968;-1.929519;0.002
22;DR;2026-09-03T09:09:15.752Z;42.5;0.61;0;0;86;-2.54;12;2.05;68.0;43.317968;-1.929519;0.002
22;DR;2026-09-03T09:09:16.801Z;43.6;0.61;0;0;87;-2.54;12;2.05;68.0;43.317968;-1.929519;0.002
22;DR;2026-09-03T09:09:17.748Z;44.5;0.61;0;0;86;-2.54;12;2.05;68.0;43.317968;-1.929519;0.002
22;DR;2026-09-03T09:09:18.764Z;45.5;0.61;0;0;86;-2.54;12;2.05;68.0;43.317968;-1.929519;0.003
22;DR;2026-09-03T09:09:19.828Z;46.6;0.61;0;0;86;-2.54;12;2.05;68.0;43.317968;-1.929519;0.003
22;DR;2026-09-03T09:09:20.745Z;47.5;0.61;0;0;88;-2.54;12;2.05;68.0;43.317968;-1.929519;0.003
22;DR;2026-09-03T09:09:21.750Z;48.5;0.61;0;0;87;-2.54;12;2.05;68.0;43.317968;-1.929519;0.003
22;DR;2026-09-03T09:09:22.804Z;49.6;0.61;0;0;86;-2.54;12;2.05;68.0;43.317968;-1.929519;0.003
22;DR;2026-09-03T09:09:23.751Z;50.5;0.61;0;0;86;-2.54;12;2.05;68.0;43.317968;-1.929519;0.003
22;DR;2026-09-03T09:09:24.747Z;51.5;0.61;0;0;86;-2.54;12;2.05;68.0;43.317968;-1.929519;0.004
22;DR;2026-09-03T09:09:25.853Z;52.6;0.61;0;0;89;-2.54;12;2.05;68.0;43.317968;-1.929519;0.004
22;DR;2026-09-03T09:09:26.753Z;53.5;0.61;0;0;89;-2.54;12;2.05;68.0;43.317968;-1.929519;0.004
22;DR;2026-09-03T09:09:27.754Z;54.5;0.61;0;0;88;-2.54;12;2.05;68.0;43.317968;-1.929519;0.004
22;DR;2026-09-03T09:09:28.848Z;55.6;0.61;0;0;88;-2.54;12;2.05;68.0;43.317968;-1.929519;0.004
22;DR;2026-09-03T09:09:29.755Z;56.5;0.61;0;0;89;-2.54;12;2.05;68.0;43.317968;-1.929519;0.004
22;DR;2026-09-03T09:09:30.751Z;57.5;0.61;0;0;88;-2.54;12;2.05;68.0;43.317968;-1.929519;0.005
22;DR;2026-09-03T09:09:31.757Z;58.5;0.61;0;0;88;-2.54;12;2.05;68.0;43.317968;-1.929519;0.005
22;DR;2026-09-03T09:09:32.781Z;59.5;0.61;0;0;90;-2.54;12;2.05;68.0;43.317968;-1.929519;0.005
22;DR;2026-09-03T09:09:33.757Z;60.5;0.61;0;0;88;-2.54;12;2.05;68.0;43.317968;-1.929519;0.005
22;DR;2026-09-03T09:09:34.763Z;61.5;0.61;0;0;89;-2.54;12;2.05;68.0;43.317968;-1.929519;0.005
22;DR;2026-09-03T09:09:35.809Z;62.6;0.61;0;0;89;-2.54;12;2.05;68.0;43.317968;-1.929519;0.006
22;DR;2026-09-03T09:09:36.750Z;63.5;0.61;0;0;88;-2.54;12;2.05;68.0;43.317968;-1.929519;0.006
22;DR;2026-09-03T09:09:37.750Z;64.5;0.61;0;0;89;-2.54;12;2.05;68.0;43.317968;-1.929519;0.006
22;DR;2026-09-03T09:09:38.805Z;65.6;0.61;0;0;88;-2.54;12;2.05;68.0;43.317968;-1.929519;0.006
22;DR;2026-09-03T09:09:39.774Z;66.5;0.61;0;0;90;-2.54;12;2.05;68.0;43.317968;-1.929519;0.006
22;DR;2026-09-03T09:09:40.746Z;67.5;0.61;0;0;90;-2.54;12;2.05;68.0;43.317968;-1.929519;0.006
22;DR;2026-09-03T09:09:41.853Z;68.6;0.61;0;0;90;-2.54;12;2.05;68.0;43.317968;-1.929519;0.007
22;DR;2026-09-03T09:09:42.748Z;69.5;0.61;0;0;89;-2.54;12;2.05;68.0;43.317968;-1.929519;0.007
22;DR;2026-09-03T09:09:43.783Z;70.5;0.61;0;0;85;-2.54;12;2.05;68.0;43.317968;-1.929519;0.007
22;DR;2026-09-03T09:09:44.744Z;71.5;0.61;0;0;86;-2.54;12;2.05;68.0;43.317968;-1.929519;0.007
22;DR;2026-09-03T09:09:45.843Z;72.6;0.61;0;0;83;-2.54;12;2.05;68.0;43.317968;-1.929519;0.007
22;DR;2026-09-03T09:09:46.744Z;73.5;0.61;0;0;87;-2.54;12;2.05;68.0;43.317968;-1.929519;0.007
22;DR;2026-09-03T09:09:47.756Z;74.5;0.61;0;0;86;-2.54;12;2.05;68.0;43.317968;-1.929519;0.008
22;DR;2026-09-03T09:09:48.747Z;75.5;0.61;0;0;86;-2.54;12;2.05;68.0;43.317968;-1.929519;0.008
22;DR;2026-09-03T09:09:49.747Z;76.5;0.61;0;0;86;-2.54;12;2.05;68.0;43.317968;-1.929519;0.008
22;DR;2026-09-03T09:09:50.748Z;77.5;0.61;0;0;87;-2.58;13;2.19;68.0;43.317968;-1.929519;0.008
22;DR;2026-09-03T09:09:51.873Z;78.6;0.61;0;0;86;-2.58;13;2.19;68.0;43.317968;-1.929519;0.008
22;DR;2026-09-03T09:09:52.744Z;79.5;0.61;0;0;85;-2.58;13;2.19;68.0;43.317968;-1.929519;0.008
22;DR;2026-09-03T09:09:53.963Z;80.7;0.61;0;0;89;-2.58;13;2.19;68.0;43.317968;-1.929519;0.009
22;DR;2026-09-03T09:09:54.754Z;81.5;0.61;0;0;88;-2.58;13;2.19;68.0;43.317968;-1.929519;0.009
22;DR;2026-09-03T09:09:55.841Z;82.6;0.61;0;0;90;-2.58;13;2.19;68.0;43.317968;-1.929519;0.009
22;DR;2026-09-03T09:09:56.757Z;83.5;0.61;0;0;90;-2.58;13;2.19;68.0;43.317968;-1.929519;0.009
22;DR;2026-09-03T09:09:57.851Z;84.6;0.61;0;0;90;-2.58;13;2.19;68.0;43.317968;-1.929519;0.009
22;DR;2026-09-03T09:09:58.748Z;85.5;0.61;0;0;88;-2.58;13;2.19;68.0;43.317968;-1.929519;0.009
22;DR;2026-09-03T09:09:59.919Z;86.7;0.61;0;0;90;-2.58;13;2.19;68.0;43.317968;-1.929519;0.010
22;DR;2026-09-03T09:10:00.767Z;87.5;0.61;0;0;91;-2.58;13;2.19;68.0;43.317968;-1.929519;0.010
22;DR;2026-09-03T09:10:01.755Z;88.5;0.61;0;0;90;-2.58;13;2.19;68.0;43.317968;-1.929519;0.010
22;DR;2026-09-03T09:10:02.820Z;89.6;0.61;0;0;88;-2.58;13;2.19;68.0;43.317968;-1.929519;0.010
22;DR;2026-09-03T09:10:03.746Z;90.5;0.61;0;0;87;-2.58;13;2.19;68.0;43.317968;-1.929519;0.010
22;DR;2026-09-03T09:10:04.870Z;91.6;0.74;0;0;86;-2.58;13;2.19;68.0;43.317968;-1.929519;0.010
22;DR;2026-09-03T09:10:05.752Z;92.5;0.60;0;0;90;-2.58;13;2.19;68.0;43.317968;-1.929519;0.011
22;DR;2026-09-03T09:10:06.878Z;93.6;0.80;0;0;92;-2.58;13;2.19;68.0;43.317968;-1.929519;0.011
22;DR;2026-09-03T09:10:07.780Z;94.5;1.25;0;0;91;-2.58;13;2.19;68.0;43.317968;-1.929519;0.011
22;DR;2026-09-03T09:10:08.754Z;95.5;0.86;0;0;88;-2.58;13;2.19;68.0;43.317968;-1.929519;0.011
22;DR;2026-09-03T09:10:09.826Z;96.6;1.28;0;0;88;-2.58;13;2.19;68.0;43.317968;-1.929519;0.012
22;DR;2026-09-03T09:10:10.745Z;97.5;4.30;0;0;87;-2.58;13;2.19;68.0;43.317968;-1.929519;0.012
22;DR;2026-09-03T09:10:11.790Z;98.6;4.30;0;0;87;-2.58;13;2.19;68.0;43.317968;-1.929519;0.014
22;DR;2026-09-03T09:10:12.746Z;99.5;12.52;80;22;87;-2.57;13;2.19;68.0;43.317968;-1.929519;0.016
22;DR;2026-09-03T09:10:13.752Z;100.5;15.10;100;39;87;-2.57;13;2.19;68.0;43.317968;-1.929519;0.020
22;DR;2026-09-03T09:10:14.758Z;101.5;18.09;152;77;86;-1.56;13;2.19;68.0;43.317968;-1.929519;0.024
22;DR;2026-09-03T09:10:15.763Z;102.5;19.83;97;84;84;-1.56;13;2.19;68.2;43.318179;-1.929179;0.030
22;DR;2026-09-03T09:10:17.118Z;103.9;20.78;97;80;85;-0.38;13;2.19;68.2;43.318179;-1.929179;0.037
22;DR;2026-09-03T09:10:17.764Z;104.5;21.30;92;65;85;-0.38;13;2.19;68.2;43.318179;-1.929179;0.041
22;DR;2026-09-03T09:10:18.750Z;105.5;21.51;74;60;85;0.44;13;2.19;68.2;43.318179;-1.929179;0.047
22;DR;2026-09-03T09:10:19.767Z;106.5;21.70;79;58;85;0.44;13;2.19;68.2;43.318179;-1.929179;0.053
22;DR;2026-09-03T09:10:20.757Z;107.5;21.57;103;78;84;0.98;13;2.19;68.2;43.318179;-1.929179;0.059
22;DR;2026-09-03T09:10:21.757Z;108.5;21.21;97;87;84;0.98;12;2.05;68.2;43.318179;-1.929179;0.065
22;DR;2026-09-03T09:10:22.753Z;109.5;21.21;97;87;86;0.89;10;1.80;68.4;43.318256;-1.929021;0.071
22;DR;2026-09-03T09:10:23.787Z;110.6;20.79;142;82;86;0.89;10;1.80;68.4;43.318256;-1.929021;0.077
22;DR;2026-09-03T09:10:25.091Z;111.9;20.72;139;84;88;-0.25;10;1.80;68.4;43.318312;-1.928869;0.084
22;DR;2026-09-03T09:10:25.744Z;112.5;20.64;133;83;89;-0.25;10;1.80;68.4;43.318312;-1.928869;0.088
22;DR;2026-09-03T09:10:27.059Z;113.8;21.19;113;74;87;-1.03;11;1.92;68.4;43.318312;-1.928869;0.096
22;DR;2026-09-03T09:10:27.857Z;114.6;22.05;100;75;86;-1.03;14;2.34;68.2;43.318375;-1.928681;0.101
22;DR;2026-09-03T09:10:28.746Z;115.5;22.36;78;67;89;-0.19;14;2.34;68.2;43.318375;-1.928681;0.106
22;DR;2026-09-03T09:10:29.752Z;116.5;22.38;82;80;89;-0.19;14;2.34;68.4;43.318423;-1.928595;0.112
22;DR;2026-09-03T09:10:30.804Z;117.6;22.34;74;70;91;-0.26;14;2.34;68.4;43.318423;-1.928595;0.119
22;DR;2026-09-03T09:10:31.837Z;118.6;21.34;53;70;90;-0.26;14;2.34;68.2;43.318526;-1.928455;0.125
22;DR;2026-09-03T09:10:32.759Z;119.5;20.51;30;54;91;-0.50;14;2.34;68.2;43.318526;-1.928455;0.130
22;DR;2026-09-03T09:10:33.744Z;120.5;20.95;94;51;92;-0.50;14;2.34;68.2;43.318526;-1.928455;0.136
22;DR;2026-09-03T09:10:34.745Z;121.5;21.51;83;62;96;0.28;14;2.34;68.2;43.318660;-1.928246;0.142
22;DR;2026-09-03T09:10:35.745Z;122.5;21.74;85;87;100;0.28;14;2.34;68.2;43.318660;-1.928246;0.148
22;DR;2026-09-03T09:10:36.759Z;123.5;21.63;89;87;100;0.28;14;2.34;68.2;43.318660;-1.928246;0.154
22;DR;2026-09-03T09:10:37.747Z;124.5;22.14;153;90;99;0.28;14;2.34;68.2;43.318705;-1.928200;0.160
22;DR;2026-09-03T09:10:38.753Z;125.5;23.08;132;84;100;-0.64;14;2.34;68.0;43.318919;-1.928109;0.166
22;DR;2026-09-03T09:10:39.821Z;126.6;23.59;128;81;99;-0.64;17;2.85;68.0;43.318919;-1.928109;0.173
22;DR;2026-09-03T09:10:40.764Z;127.5;24.35;126;88;99;0.30;22;3.95;68.0;43.318919;-1.928109;0.180
22;DR;2026-09-03T09:10:42.203Z;129.0;24.99;100;88;99;0.30;24;4.50;68.0;43.318919;-1.928109;0.190
22;DR;2026-09-03T09:10:43.327Z;130.1;24.66;97;88;100;1.58;24;4.50;68.0;43.319104;-1.928191;0.197
22;DR;2026-09-03T09:10:43.793Z;130.6;24.66;97;88;100;1.58;24;4.50;68.0;43.319104;-1.928191;0.200
22;DR;2026-09-03T09:10:44.746Z;131.5;23.64;156;76;100;1.58;24;4.50;68.0;43.319104;-1.928191;0.207
22;DR;2026-09-03T09:10:45.752Z;132.5;23.06;167;75;102;0.37;24;4.50;67.8;43.319168;-1.928235;0.213
22;DR;2026-09-03T09:10:46.746Z;133.5;23.07;204;82;103;0.37;24;4.50;67.8;43.319168;-1.928235;0.220
22;DR;2026-09-03T09:10:47.747Z;134.5;24.15;209;82;105;1.37;23;4.22;67.8;43.319334;-1.928393;0.226
22;DR;2026-09-03T09:10:49.120Z;135.9;24.67;129;85;106;1.37;23;4.22;67.8;43.319334;-1.928393;0.236
22;DR;2026-09-03T09:10:49.749Z;136.5;23.77;158;88;105;0.37;23;4.22;67.8;43.319334;-1.928393;0.240
22;DR;2026-09-03T09:10:50.751Z;137.5;23.25;198;85;105;0.37;23;4.22;67.6;43.319381;-1.928465;0.246
22;DR;2026-09-03T09:10:51.756Z;138.5;23.55;159;81;108;-0.64;23;4.22;66.4;43.319454;-1.928636;0.253
22;DR;2026-09-03T09:10:52.754Z;139.5;24.15;129;84;110;-0.64;23;4.22;66.4;43.319454;-1.928636;0.260
22;DR;2026-09-03T09:10:53.978Z;140.7;24.61;130;85;109;-1.75;23;4.22;66.4;43.319454;-1.928636;0.268
22;DR;2026-09-03T09:10:55.554Z;142.3;24.95;94;82;109;-2.54;23;4.22;65.0;43.319510;-1.928845;0.279
22;DR;2026-09-03T09:10:55.934Z;142.7;24.95;94;82;108;-2.54;23;4.22;64.4;43.319533;-1.928952;0.281
22;DR;2026-09-03T09:10:56.833Z;143.6;25.16;91;81;108;-2.54;23;4.22;64.4;43.319533;-1.928952;0.288
22;DR;2026-09-03T09:10:57.750Z;144.5;25.25;88;90;108;-3.63;23;4.22;63.2;43.319559;-1.929066;0.294
22;DR;2026-09-03T09:10:58.746Z;145.5;25.16;82;90;108;-3.63;23;4.22;63.2;43.319559;-1.929066;0.301
22;DR;2026-09-03T09:10:59.761Z;146.5;24.97;75;87;107;-4.64;23;4.22;61.8;43.319605;-1.929396;0.308
22;DR;2026-09-03T09:11:00.756Z;147.5;24.68;76;87;107;-4.64;23;4.22;61.8;43.319605;-1.929396;0.315
22;DR;2026-09-03T09:11:01.745Z;148.5;24.45;74;87;108;-5.63;23;4.22;61.8;43.319605;-1.929396;0.322
22;DR;2026-09-03T09:11:02.747Z;149.5;24.34;79;87;108;-5.63;23;4.22;61.8;43.319605;-1.929396;0.328
22;DR;2026-09-03T09:11:03.753Z;150.5;24.44;86;86;108;-6.64;23;4.22;60.4;43.319608;-1.929682;0.335
22;DR;2026-09-03T09:11:04.759Z;151.5;24.63;93;88;108;-6.64;23;4.22;60.4;43.319608;-1.929682;0.342
22;DR;2026-09-03T09:11:05.754Z;152.5;24.87;98;88;108;-7.20;23;4.22;60.4;43.319608;-1.929682;0.349
22;DR;2026-09-03T09:11:07.434Z;154.2;24.87;98;88;111;-6.36;23;4.22;60.2;43.319605;-1.929764;0.361
22;DR;2026-09-03T09:11:08.811Z;155.6;24.77;83;88;108;-6.36;23;4.22;59.2;43.319643;-1.929992;0.370
22;DR;2026-09-03T09:11:09.757Z;156.5;24.82;87;89;105;-7.52;23;4.22;59.2;43.319643;-1.929992;0.377
22;DR;2026-09-03T09:11:10.824Z;157.6;24.89;85;88;107;-7.52;23;4.22;58.8;43.319676;-1.930029;0.384
22;DR;2026-09-03T09:11:11.764Z;158.5;24.84;89;87;106;-8.53;23;4.22;58.0;43.319755;-1.929998;0.390
22;DR;2026-09-03T09:11:12.759Z;159.5;24.82;86;89;106;-8.53;23;4.22;57.0;43.319769;-1.929907;0.397
22;DR;2026-09-03T09:11:13.754Z;160.5;24.88;90;88;105;-7.53;23;4.22;56.4;43.319783;-1.929727;0.404
22;DR;2026-09-03T09:11:14.745Z;161.5;25.03;96;87;104;-7.53;23;4.22;56.4;43.319783;-1.929727;0.411
22;DR;2026-09-03T09:11:15.750Z;162.5;25.08;86;88;105;-8.53;23;4.22;56.0;43.319794;-1.929634;0.418
22;DR;2026-09-03T09:11:16.746Z;163.5;25.03;84;88;105;-8.53;23;4.22;55.4;43.319814;-1.929538;0.425
22;DR;2026-09-03T09:11:17.747Z;164.5;24.90;83;88;103;-7.53;23;4.22;54.2;43.319965;-1.929118;0.432
22;DR;2026-09-03T09:11:18.757Z;165.5;24.84;91;88;104;-7.53;23;4.22;54.2;43.319965;-1.929118;0.439
22;DR;2026-09-03T09:11:19.763Z;166.5;24.84;88;89;104;-6.52;23;4.22;54.2;43.319965;-1.929118;0.446
22;DR;2026-09-03T09:11:20.748Z;167.5;24.85;77;89;105;-6.52;23;4.22;54.2;43.319965;-1.929118;0.453
22;DR;2026-09-03T09:11:21.754Z;168.5;24.98;95;88;102;-5.53;23;4.22;54.2;43.319965;-1.929118;0.460
22;DR;2026-09-03T09:11:22.745Z;169.5;24.98;87;88;100;-5.53;23;4.22;54.2;43.319965;-1.929118;0.466
22;DR;2026-09-03T09:11:23.848Z;170.6;24.93;87;89;104;-6.58;23;4.22;52.8;43.320017;-1.929016;0.474
22;DR;2026-09-03T09:11:24.751Z;171.5;24.90;90;89;104;-6.58;23;4.22;51.2;43.320163;-1.928688;0.480
22;DR;2026-09-03T09:11:25.747Z;172.5;24.77;79;87;102;-7.53;23;4.22;51.2;43.320163;-1.928688;0.487
22;DR;2026-09-03T09:11:26.762Z;173.5;24.68;81;87;106;-7.53;23;4.22;51.2;43.320163;-1.928688;0.494
22;DR;2026-09-03T09:11:27.830Z;174.6;24.75;90;86;105;-8.49;23;4.22;51.2;43.320163;-1.928688;0.502
22;DR;2026-09-03T09:11:29.142Z;175.9;24.76;82;87;105;-8.49;23;4.22;51.2;43.320163;-1.928688;0.511
22;DR;2026-09-03T09:11:29.785Z;176.5;24.72;82;86;103;-8.91;23;4.22;50.6;43.320204;-1.928566;0.515
22;DR;2026-09-03T09:11:30.992Z;177.8;24.72;82;86;103;-8.91;23;4.22;50.0;43.320242;-1.928435;0.523
22;DR;2026-09-03T09:11:31.762Z;178.5;24.88;92;89;103;-9.90;23;4.22;50.0;43.320242;-1.928435;0.529
22;DR;2026-09-03T09:11:32.746Z;179.5;25.12;101;86;102;-9.90;23;4.22;49.2;43.320273;-1.928295;0.535
22;DR;2026-09-03T09:11:33.785Z;180.5;25.16;82;90;102;-8.89;23;4.22;49.2;43.320273;-1.928295;0.543
22;DR;2026-09-03T09:11:34.805Z;181.6;25.00;79;87;102;-8.89;23;4.22;48.8;43.320287;-1.928153;0.550
22;DR;2026-09-03T09:11:35.753Z;182.5;24.94;85;89;107;-9.87;23;4.22;48.0;43.320273;-1.928006;0.556
22;DR;2026-09-03T09:11:36.745Z;183.5;24.99;90;90;104;-9.87;23;4.22;48.0;43.320273;-1.928006;0.563
22;DR;2026-09-03T09:11:38.089Z;184.9;24.94;87;87;104;-8.70;23;4.22;47.6;43.320241;-1.927863;0.573
22;DR;2026-09-03T09:11:38.744Z;185.5;25.06;103;91;106;-8.70;24;4.50;47.6;43.320241;-1.927863;0.577
22;DR;2026-09-03T09:11:39.750Z;186.5;25.30;93;112;105;-9.53;24;4.50;46.2;43.320162;-1.927567;0.584
22;DR;2026-09-03T09:11:40.746Z;187.5;25.35;93;110;104;-9.53;24;4.50;46.2;43.320162;-1.927567;0.591
22;DR;2026-09-03T09:11:41.745Z;188.5;25.23;84;88;108;-9.66;24;4.50;46.2;43.320162;-1.927567;0.598
22;DR;2026-09-03T09:11:42.747Z;189.5;25.06;78;89;106;-9.66;24;4.50;46.2;43.320162;-1.927567;0.605
22;DR;2026-09-03T09:11:43.833Z;190.6;24.98;89;89;108;-9.69;24;4.50;44.8;43.320060;-1.927286;0.613
22;DR;2026-09-03T09:11:44.734Z;191.5;24.96;87;88;106;-9.69;24;4.50;44.8;43.320060;-1.927286;0.619
22;DR;2026-09-03T09:11:45.745Z;192.5;24.87;84;88;108;-8.73;24;4.50;44.8;43.320060;-1.927286;0.626
22;DR;2026-09-03T09:11:46.731Z;193.5;24.77;78;89;104;-8.73;24;4.50;44.4;43.319933;-1.927060;0.633
22;DR;2026-09-03T09:11:47.746Z;194.5;24.72;89;88;102;-7.73;24;4.50;44.4;43.319933;-1.927060;0.640
22;DR;2026-09-03T09:11:48.793Z;195.6;24.71;80;87;102;-7.73;24;4.50;44.4;43.319933;-1.927060;0.647
22;DR;2026-09-03T09:11:49.737Z;196.5;24.68;85;88;102;-7.32;24;4.50;44.4;43.319933;-1.927060;0.653
22;DR;2026-09-03T09:11:50.732Z;197.5;24.65;87;85;105;-7.32;24;4.50;43.4;43.319848;-1.926819;0.660
22;DR;2026-09-03T09:11:51.747Z;198.5;24.49;76;86;107;-8.33;24;4.50;43.4;43.319848;-1.926819;0.667
22;DR;2026-09-03T09:11:52.734Z;199.5;24.31;78;88;106;-8.33;24;4.50;43.4;43.319848;-1.926819;0.674
22;DR;2026-09-03T09:11:54.172Z;200.9;24.31;78;88;108;-9.54;24;4.50;42.6;43.319820;-1.926697;0.684
22;DR;2026-09-03T09:11:54.737Z;201.5;24.42;87;86;111;-9.54;24;4.50;42.0;43.319826;-1.926570;0.687
22;DR;2026-09-03T09:11:55.747Z;202.5;24.37;78;86;108;-8.75;24;4.50;42.0;43.319826;-1.926570;0.694
22;DR;2026-09-03T09:11:56.768Z;203.5;24.33;88;85;106;-8.75;24;4.50;41.6;43.319841;-1.926436;0.701
22;DR;2026-09-03T09:11:58.247Z;205.0;24.33;88;85;107;-7.50;24;4.50;41.0;43.319952;-1.926220;0.711
22;DR;2026-09-03T09:11:58.771Z;205.5;24.49;72;87;108;-7.50;24;4.50;41.0;43.319952;-1.926220;0.715
22;DR;2026-09-03T09:11:59.749Z;206.5;24.27;74;88;108;-6.75;24;4.50;41.0;43.319952;-1.926220;0.721
22;DR;2026-09-03T09:12:00.739Z;207.5;24.37;89;86;110;-6.75;24;4.50;41.0;43.319952;-1.926220;0.728
22;DR;2026-09-03T09:12:01.813Z;208.6;24.53;90;85;104;-7.79;24;4.50;40.4;43.320020;-1.926139;0.735
22;DR;2026-09-03T09:12:02.730Z;209.5;24.58;81;89;103;-7.79;24;4.50;39.2;43.320087;-1.926054;0.741
22;DR;2026-09-03T09:12:03.746Z;210.5;24.59;86;87;102;-8.75;24;4.50;39.2;43.320087;-1.926054;0.748
22;DR;2026-09-03T09:12:04.738Z;211.5;24.67;90;85;100;-8.75;24;4.50;38.4;43.320217;-1.925923;0.755
22;DR;2026-09-03T09:12:05.737Z;212.5;24.69;85;87;100;-8.18;24;4.50;38.4;43.320217;-1.925923;0.762
22;DR;2026-09-03T09:12:06.732Z;213.5;24.73;90;87;100;-8.18;24;4.50;38.0;43.320279;-1.925882;0.769
22;DR;2026-09-03T09:12:07.739Z;214.5;24.71;83;87;102;-8.93;24;4.50;37.2;43.320415;-1.925839;0.776
22;DR;2026-09-03T09:12:08.763Z;215.5;24.60;80;87;100;-8.93;24;4.50;37.2;43.320415;-1.925839;0.783
22;DR;2026-09-03T09:12:09.736Z;216.5;24.49;81;87;100;-9.93;24;4.50;37.2;43.320415;-1.925839;0.789
22;DR;2026-09-03T09:12:10.810Z;217.6;24.37;80;86;103;-9.93;24;4.50;36.6;43.320482;-1.925846;0.797
22;DR;2026-09-03T09:12:11.738Z;218.5;24.28;80;86;101;-8.93;24;4.50;35.8;43.320646;-1.925922;0.803
22;DR;2026-09-03T09:12:12.747Z;219.5;24.21;86;84;101;-8.93;24;4.50;35.8;43.320646;-1.925922;0.810
22;DR;2026-09-03T09:12:13.829Z;220.6;24.16;77;87;101;-9.97;24;4.50;35.8;43.320646;-1.925922;0.817
22;DR;2026-09-03T09:12:14.731Z;221.5;24.12;85;86;99;-9.97;24;4.50;35.2;43.320719;-1.925967;0.823
22;DR;2026-09-03T09:12:15.739Z;222.5;24.09;76;85;101;-9.02;24;4.50;35.0;43.320783;-1.926004;0.830
22;DR;2026-09-03T09:12:16.739Z;223.5;24.14;86;86;100;-9.02;24;4.50;34.4;43.320902;-1.926047;0.837
22;DR;2026-09-03T09:12:17.740Z;224.5;24.42;99;84;99;-8.02;24;4.50;34.4;43.320902;-1.926047;0.843
22;DR;2026-09-03T09:12:18.791Z;225.6;24.72;100;84;98;-8.02;24;4.50;34.2;43.320957;-1.926031;0.850
22;DR;2026-09-03T09:12:19.752Z;226.5;24.63;78;88;100;-9.02;24;4.50;33.4;43.321052;-1.925928;0.857
22;DR;2026-09-03T09:12:20.740Z;227.5;24.39;71;88;99;-9.02;24;4.50;33.4;43.321052;-1.925928;0.864
22;DR;2026-09-03T09:12:21.747Z;228.5;24.23;80;85;98;-10.02;24;4.50;33.0;43.321085;-1.925846;0.871
22;DR;2026-09-03T09:12:22.804Z;229.6;24.20;81;86;99;-10.02;24;4.50;31.8;43.321108;-1.925657;0.878
22;DR;2026-09-03T09:12:23.733Z;230.5;24.12;83;86;97;-11.01;24;4.50;31.8;43.321108;-1.925657;0.884
22;DR;2026-09-03T09:12:24.733Z;231.5;24.09;85;84;99;-11.01;24;4.50;31.0;43.321117;-1.925545;0.891
22;DR;2026-09-03T09:12:25.740Z;232.5;24.33;95;86;99;-11.85;24;4.50;31.0;43.321117;-1.925545;0.897
22;DR;2026-09-03T09:12:26.740Z;233.5;24.44;81;87;99;-11.85;24;4.50;30.4;43.321132;-1.925423;0.904
22;DR;2026-09-03T09:12:27.737Z;234.5;24.41;82;86;97;-10.85;24;4.50;29.2;43.321168;-1.925178;0.911
22;DR;2026-09-03T09:12:28.731Z;235.5;24.41;86;85;97;-10.85;24;4.50;29.2;43.321168;-1.925178;0.918
22;DR;2026-09-03T09:12:29.732Z;236.5;24.43;86;86;96;-11.85;24;4.50;29.2;43.321168;-1.925178;0.924
22;DR;2026-09-03T09:12:30.748Z;237.5;24.43;81;87;96;-11.85;24;4.50;26.4;43.321204;-1.924913;0.931
22;DR;2026-09-03T09:12:31.738Z;238.5;24.39;83;87;96;-12.85;24;4.50;26.4;43.321204;-1.924913;0.938
22;DR;2026-09-03T09:12:32.908Z;239.7;24.36;81;85;98;-12.85;24;4.50;26.4;43.321204;-1.924913;0.946
22;DR;2026-09-03T09:12:33.731Z;240.5;24.39;85;85;98;-13.85;24;4.50;24.6;43.321243;-1.924627;0.952
22;DR;2026-09-03T09:12:34.782Z;241.5;24.47;90;85;98;-13.85;24;4.50;24.6;43.321243;-1.924627;0.959
22;DR;2026-09-03T09:12:35.740Z;242.5;24.43;79;86;99;-14.14;24;4.50;24.6;43.321243;-1.924627;0.965
22;DR;2026-09-03T09:12:36.741Z;243.5;24.33;81;86;99;-14.14;24;4.50;24.6;43.321243;-1.924627;0.972
22;DR;2026-09-03T09:12:37.756Z;244.5;24.26;81;86;98;-13.13;24;4.50;23.8;43.321260;-1.924473;0.979
22;DR;2026-09-03T09:12:38.742Z;245.5;24.22;84;87;97;-13.13;24;4.50;23.8;43.321260;-1.924473;0.985
22;DR;2026-09-03T09:12:39.738Z;246.5;24.17;80;85;97;-13.26;24;4.50;22.8;43.321270;-1.924315;0.992
22;DR;2026-09-03T09:12:40.779Z;247.5;24.12;86;86;97;-13.26;24;4.50;22.8;43.321270;-1.924315;0.999
22;DR;2026-09-03T09:12:41.723Z;248.5;24.21;87;85;97;-12.27;24;4.50;21.6;43.321276;-1.923995;1.006
22;DR;2026-09-03T09:12:42.713Z;249.5;24.22;82;85;98;-12.27;24;4.50;21.6;43.321276;-1.923995;1.012
22;DR;2026-09-03T09:12:44.086Z;250.8;24.20;81;85;96;-11.09;24;4.50;21.6;43.321276;-1.923995;1.021
22;DR;2026-09-03T09:12:45.181Z;251.9;24.14;78;86;96;-11.09;24;4.50;21.4;43.321275;-1.923849;1.029
22;DR;2026-09-03T09:12:45.737Z;252.5;24.17;90;85;96;-10.27;24;4.50;21.4;43.321275;-1.923849;1.032
22;DR;2026-09-03T09:12:46.721Z;253.5;24.24;84;85;95;-10.27;24;4.50;21.8;43.321267;-1.923581;1.039
22;DR;2026-09-03T09:12:47.808Z;254.6;24.22;85;85;96;-9.23;24;4.50;21.8;43.321267;-1.923581;1.046
22;DR;2026-09-03T09:12:48.717Z;255.5;24.26;85;85;95;-9.23;24;4.50;21.8;43.321267;-1.923581;1.053
22;DR;2026-09-03T09:12:49.718Z;256.5;24.28;86;85;99;-8.27;24;4.50;21.8;43.321267;-1.923581;1.059
22;DR;2026-09-03T09:12:50.728Z;257.5;24.25;80;87;97;-8.27;24;4.50;21.6;43.321263;-1.923334;1.066
22;DR;2026-09-03T09:12:51.747Z;258.5;24.19;78;87;98;-7.26;24;4.50;21.6;43.321263;-1.923334;1.073
22;DR;2026-09-03T09:12:52.752Z;259.5;24.14;83;85;96;-7.26;24;4.50;20.6;43.321241;-1.923067;1.080
22;DR;2026-09-03T09:12:53.947Z;260.7;24.09;79;84;96;-7.69;24;4.50;20.6;43.321241;-1.923067;1.088
22;DR;2026-09-03T09:12:54.933Z;261.7;24.09;79;84;99;-7.69;24;4.50;20.6;43.321241;-1.923067;1.094
22;DR;2026-09-03T09:12:55.793Z;262.6;24.02;86;86;98;-8.61;24;4.50;20.6;43.321241;-1.923067;1.100
22;DR;2026-09-03T09:12:56.727Z;263.5;24.08;78;86;99;-8.61;24;4.50;18.6;43.321202;-1.922776;1.106
22;DR;2026-09-03T09:12:57.735Z;264.5;24.08;86;84;99;-9.58;24;4.50;18.6;43.321202;-1.922776;1.113
22;DR;2026-09-03T09:12:58.727Z;265.5;24.06;79;84;96;-9.58;24;4.50;18.6;43.321202;-1.922776;1.120
22;DR;2026-09-03T09:12:59.728Z;266.5;24.03;86;85;95;-10.58;24;4.50;17.0;43.321136;-1.922485;1.126
22;DR;2026-09-03T09:13:00.798Z;267.6;24.13;84;86;95;-10.58;24;4.50;17.0;43.321136;-1.922485;1.134
22;DR;2026-09-03T09:13:01.809Z;268.6;24.12;77;86;95;-11.55;24;4.50;17.0;43.321136;-1.922485;1.140
22;DR;2026-09-03T09:13:03.300Z;270.1;24.04;81;84;95;-11.55;24;4.50;17.0;43.321136;-1.922485;1.150
22;DR;2026-09-03T09:13:04.131Z;270.9;23.96;79;84;95;-10.39;24;4.50;16.0;43.321053;-1.922062;1.156
22;DR;2026-09-03T09:13:05.029Z;271.8;23.94;86;84;101;-10.39;24;4.50;16.0;43.321053;-1.922062;1.162
22;DR;2026-09-03T09:13:05.920Z;272.7;24.00;84;84;100;-9.50;24;4.50;16.0;43.321053;-1.922062;1.168
22;DR;2026-09-03T09:13:06.810Z;273.6;24.01;85;85;99;-9.50;24;4.50;16.0;43.321053;-1.922062;1.174
22;DR;2026-09-03T09:13:07.864Z;274.6;24.04;83;85;99;-8.53;24;4.50;16.0;43.321053;-1.922062;1.181
22;DR;2026-09-03T09:13:08.768Z;275.5;24.04;79;85;97;-8.53;24;4.50;15.8;43.321034;-1.921926;1.187
22;DR;2026-09-03T09:13:09.849Z;276.6;24.10;85;84;98;-7.53;24;4.50;15.8;43.321034;-1.921926;1.194
22;DR;2026-09-03T09:13:10.746Z;277.5;24.19;85;85;96;-7.53;24;4.50;16.2;43.321000;-1.921793;1.200
22;DR;2026-09-03T09:13:11.727Z;278.5;24.20;81;86;100;-6.60;24;4.50;16.2;43.321000;-1.921793;1.207
22;DR;2026-09-03T09:13:12.722Z;279.5;24.23;82;86;97;-6.60;24;4.50;15.8;43.320884;-1.921558;1.213
22;DR;2026-09-03T09:13:14.676Z;281.4;24.24;82;83;97;-5.12;24;4.50;15.8;43.320884;-1.921558;1.226
22;DR;2026-09-03T09:13:16.423Z;283.2;24.11;89;87;99;-6.00;24;4.50;14.0;43.320762;-1.921319;1.238
22;DR;2026-09-03T09:13:16.900Z;283.7;24.11;89;87;98;-6.00;24;4.50;14.0;43.320762;-1.921319;1.241
22;DR;2026-09-03T09:13:17.811Z;284.6;24.18;80;85;97;-6.00;24;4.50;14.0;43.320762;-1.921319;1.247
22;DR;2026-09-03T09:13:18.726Z;285.5;24.23;89;85;97;-7.15;24;4.50;14.0;43.320762;-1.921319;1.254
22;DR;2026-09-03T09:13:19.847Z;286.6;24.27;82;86;100;-7.15;24;4.50;12.8;43.320648;-1.921064;1.261
22;DR;2026-09-03T09:13:20.722Z;287.5;24.22;83;86;100;-8.15;24;4.50;12.8;43.320648;-1.921064;1.267
22;DR;2026-09-03T09:13:21.723Z;288.5;24.26;89;85;99;-8.15;24;4.50;12.8;43.320648;-1.921064;1.274
22;DR;2026-09-03T09:13:22.823Z;289.6;24.28;82;85;97;-7.09;24;4.50;11.8;43.320527;-1.920810;1.281
22;DR;2026-09-03T09:13:24.401Z;291.2;24.27;86;86;97;-6.54;24;4.50;11.8;43.320527;-1.920810;1.292
22;DR;2026-09-03T09:13:25.321Z;292.1;24.27;86;86;96;-6.54;24;4.50;11.8;43.320527;-1.920810;1.298
22;DR;2026-09-03T09:13:25.801Z;292.6;24.25;86;86;96;-6.54;24;4.50;11.4;43.320449;-1.920694;1.301
22;DR;2026-09-03T09:13:26.721Z;293.5;24.36;91;86;96;-5.38;24;4.50;11.4;43.320449;-1.920694;1.307
22;DR;2026-09-03T09:13:27.782Z;294.5;24.44;88;85;97;-5.38;24;4.50;11.4;43.320449;-1.920694;1.315
22;DR;2026-09-03T09:13:28.726Z;295.5;24.48;87;86;96;-6.33;24;4.50;10.4;43.320315;-1.920443;1.321
22;DR;2026-09-03T09:13:29.846Z;296.6;24.48;86;86;95;-6.33;24;4.50;10.4;43.320315;-1.920443;1.329
22;DR;2026-09-03T09:13:30.850Z;297.6;24.53;86;88;95;-6.34;24;4.50;10.4;43.320315;-1.920443;1.336
22;DR;2026-09-03T09:13:32.139Z;298.9;24.59;90;86;94;-6.34;24;4.50;9.4;43.320192;-1.920183;1.344
22;DR;2026-09-03T09:13:33.302Z;300.1;24.54;82;86;94;-6.34;24;4.50;9.4;43.320192;-1.920183;1.352
22;DR;2026-09-03T09:13:33.878Z;300.6;24.45;79;87;95;-6.34;24;4.50;9.4;43.320192;-1.920183;1.356
22;DR;2026-09-03T09:13:34.837Z;301.6;24.37;82;86;97;-5.98;24;4.50;9.4;43.320192;-1.920183;1.363
22;DR;2026-09-03T09:13:35.726Z;302.5;24.39;85;85;96;-5.98;24;4.50;8.0;43.320008;-1.919794;1.369
22;DR;2026-09-03T09:13:36.832Z;303.6;24.42;85;85;100;-5.79;24;4.50;8.0;43.320008;-1.919794;1.376
22;DR;2026-09-03T09:13:37.747Z;304.5;24.42;82;86;99;-5.79;24;4.50;8.0;43.320008;-1.919794;1.382
22;DR;2026-09-03T09:13:38.885Z;305.6;24.45;85;86;98;-5.79;24;4.50;8.0;43.320008;-1.919794;1.390
22;DR;2026-09-03T09:13:40.384Z;307.1;24.44;80;87;97;-5.79;24;4.50;8.0;43.320008;-1.919794;1.400
22;DR;2026-09-03T09:13:41.361Z;308.1;24.50;89;86;97;-4.55;24;4.50;7.0;43.319818;-1.919406;1.407
22;DR;2026-09-03T09:13:41.708Z;308.5;24.50;82;85;97;-4.55;24;4.50;7.0;43.319818;-1.919406;1.409
22;DR;2026-09-03T09:13:42.804Z;309.6;24.44;80;86;96;-4.55;24;4.50;7.0;43.319818;-1.919406;1.417
22;DR;2026-09-03T09:13:43.709Z;310.5;24.39;82;86;96;-3.41;24;4.50;7.0;43.319818;-1.919406;1.423
22;DR;2026-09-03T09:13:44.841Z;311.6;24.39;81;86;96;-3.41;24;4.50;7.0;43.319818;-1.919406;1.431
22;DR;2026-09-03T09:13:45.768Z;312.5;24.52;92;87;97;-2.38;24;4.50;7.0;43.319818;-1.919406;1.437
22;DR;2026-09-03T09:13:47.657Z;314.4;24.62;86;86;97;-1.44;24;4.50;6.6;43.319641;-1.919023;1.450
22;DR;2026-09-03T09:13:48.701Z;315.5;24.62;84;87;97;-1.44;24;4.50;6.6;43.319641;-1.919023;1.457
22;DR;2026-09-03T09:13:49.764Z;316.5;24.64;86;87;97;-0.39;24;4.50;6.6;43.319641;-1.919023;1.464
22;DR;2026-09-03T09:13:50.804Z;317.6;24.62;82;87;97;-0.39;24;4.50;6.6;43.319641;-1.919023;1.471
22;DR;2026-09-03T09:13:51.699Z;318.5;24.59;85;87;96;-1.35;24;4.50;6.6;43.319641;-1.919023;1.477
22;DR;2026-09-03T09:13:52.820Z;319.6;24.60;85;87;95;-1.35;24;4.50;5.8;43.319496;-1.918634;1.485
22;DR;2026-09-03T09:13:53.710Z;320.5;24.67;90;87;96;-2.36;24;4.50;5.8;43.319496;-1.918634;1.491
22;DR;2026-09-03T09:13:55.726Z;322.5;24.81;89;88;95;-2.58;24;4.50;5.8;43.319496;-1.918634;1.505
22;DR;2026-09-03T09:13:56.697Z;323.5;24.86;84;87;97;-2.58;24;4.50;5.8;43.319496;-1.918634;1.512
22;DR;2026-09-03T09:13:57.703Z;324.5;24.91;87;87;96;-1.59;24;4.50;5.6;43.319311;-1.918136;1.519
22;DR;2026-09-03T09:13:58.708Z;325.5;24.97;90;87;96;-1.59;24;4.50;5.6;43.319311;-1.918136;1.526
22;DR;2026-09-03T09:13:59.714Z;326.5;24.96;83;89;96;-0.58;24;4.50;5.6;43.319311;-1.918136;1.533
22;DR;2026-09-03T09:14:00.821Z;327.6;24.96;89;88;96;-0.58;24;4.50;5.6;43.319311;-1.918136;1.540
22;DR;2026-09-03T09:14:02.384Z;329.1;24.87;78;88;100;0.75;24;4.50;5.6;43.319311;-1.918136;1.551
22;DR;2026-09-03T09:14:03.573Z;330.3;24.87;78;88;99;0.75;24;4.50;5.6;43.319311;-1.918136;1.559
22;DR;2026-09-03T09:14:03.861Z;330.6;24.85;87;88;99;0.75;24;4.50;5.6;43.319134;-1.917662;1.561
22;DR;2026-09-03T09:14:04.836Z;331.6;24.12;113;87;98;1.98;24;4.50;5.6;43.319134;-1.917662;1.568
22;DR;2026-09-03T09:14:05.829Z;332.6;23.52;164;86;98;1.98;24;4.50;5.6;43.319134;-1.917662;1.574
22;DR;2026-09-03T09:14:06.713Z;333.5;23.08;208;83;97;2.38;24;4.50;5.6;43.319134;-1.917662;1.580
22;DR;2026-09-03T09:14:07.708Z;334.5;22.70;193;82;96;2.38;24;4.50;5.6;43.319134;-1.917662;1.587
22;DR;2026-09-03T09:14:08.714Z;335.5;22.55;260;80;96;2.43;23;4.22;5.6;43.319134;-1.917662;1.593
22;DR;2026-09-03T09:14:10.286Z;337.1;22.32;272;78;100;3.22;23;4.22;5.6;43.319134;-1.917662;1.603
22;DR;2026-09-03T09:14:11.078Z;337.8;22.27;257;79;100;3.22;22;3.95;6.0;43.319016;-1.917328;1.608
22;DR;2026-09-03T09:14:11.702Z;338.5;22.11;289;78;103;3.22;22;3.95;6.0;43.319016;-1.917328;1.611
22;DR;2026-09-03T09:14:12.753Z;339.5;21.44;277;78;102;4.40;22;3.95;6.0;43.319016;-1.917328;1.618
22;DR;2026-09-03T09:14:13.704Z;340.5;21.11;320;76;102;4.40;22;3.95;6.0;43.319016;-1.917328;1.623
22;DR;2026-09-03T09:14:14.709Z;341.5;20.51;336;75;103;3.43;21;3.70;6.0;43.319016;-1.917328;1.629
22;DR;2026-09-03T09:14:15.797Z;342.6;19.77;322;72;103;3.43;21;3.70;6.0;43.318870;-1.916926;1.635
22;DR;2026-09-03T09:14:17.117Z;343.9;20.26;357;71;103;2.22;21;3.70;6.0;43.318870;-1.916926;1.643
22;DR;2026-09-03T09:14:17.875Z;344.6;20.83;315;73;103;2.22;21;3.70;6.0;43.318870;-1.916926;1.647
22;DR;2026-09-03T09:14:18.707Z;345.5;21.15;311;74;105;1.60;21;3.70;6.0;43.318870;-1.916926;1.652
22;DR;2026-09-03T09:14:19.714Z;346.5;21.60;275;75;106;1.60;21;3.70;6.0;43.318870;-1.916926;1.658
22;DR;2026-09-03T09:14:20.707Z;347.5;22.06;224;77;106;2.60;21;3.70;6.0;43.318870;-1.916926;1.664
22;DR;2026-09-03T09:14:21.707Z;348.5;22.45;217;79;107;2.60;21;3.70;6.2;43.318798;-1.916738;1.670
22;DR;2026-09-03T09:14:23.035Z;349.8;21.76;227;78;108;3.49;21;3.70;6.2;43.318798;-1.916738;1.678
22;DR;2026-09-03T09:14:24.128Z;350.9;21.29;293;76;109;3.49;20;3.46;6.2;43.318798;-1.916738;1.685
22;DR;2026-09-03T09:14:24.700Z;351.5;21.35;300;76;110;2.66;20;3.46;6.2;43.318660;-1.916367;1.688
22;DR;2026-09-03T09:14:25.710Z;352.5;20.99;301;74;109;2.66;20;3.46;6.2;43.318660;-1.916367;1.694
22;DR;2026-09-03T09:14:26.701Z;353.5;21.24;302;75;109;1.65;20;3.46;6.2;43.318660;-1.916367;1.700
22;DR;2026-09-03T09:14:27.711Z;354.5;21.52;246;76;111;1.65;20;3.46;6.2;43.318660;-1.916367;1.706
22;DR;2026-09-03T09:14:28.706Z;355.5;21.81;245;76;110;1.81;20;3.46;6.2;43.318660;-1.916367;1.712
22;DR;2026-09-03T09:14:29.720Z;356.5;22.19;213;78;110;1.81;20;3.46;6.2;43.318660;-1.916367;1.718
22;DR;2026-09-03T09:14:31.646Z;358.4;21.96;196;78;110;2.74;20;3.46;6.4;43.318568;-1.916089;1.730
22;DR;2026-09-03T09:14:31.900Z;358.7;21.91;226;78;110;2.74;20;3.46;6.4;43.318568;-1.916089;1.731
22;DR;2026-09-03T09:14:32.710Z;359.5;21.97;221;78;112;2.74;20;3.46;6.4;43.318568;-1.916089;1.736
22;DR;2026-09-03T09:14:33.700Z;360.5;21.41;228;77;111;1.72;19;3.24;6.4;43.318568;-1.916089;1.742
22;DR;2026-09-03T09:14:34.700Z;361.5;21.22;240;75;111;1.72;19;3.24;6.2;43.318472;-1.915826;1.748
22;DR;2026-09-03T09:14:35.714Z;362.5;21.86;242;76;114;0.71;19;3.24;6.2;43.318472;-1.915826;1.754
22;DR;2026-09-03T09:14:36.697Z;363.5;22.33;228;77;113;0.71;19;3.24;6.2;43.318472;-1.915826;1.760
22;DR;2026-09-03T09:14:38.353Z;365.1;22.71;167;80;113;2.03;19;3.24;6.2;43.318472;-1.915826;1.771
22;DR;2026-09-03T09:14:39.098Z;365.9;23.14;154;80;113;2.03;19;3.24;6.6;43.318376;-1.915561;1.775
22;DR;2026-09-03T09:14:39.707Z;366.5;23.02;140;81;115;2.03;19;3.24;6.6;43.318376;-1.915561;1.779
22;DR;2026-09-03T09:14:40.762Z;367.5;22.29;166;81;116;3.23;19;3.24;6.6;43.318376;-1.915561;1.786
22;DR;2026-09-03T09:14:41.694Z;368.5;22.14;278;79;116;3.23;19;3.24;6.8;43.318345;-1.915481;1.792
22;DR;2026-09-03T09:14:42.699Z;369.5;21.69;259;78;116;3.91;18;3.04;6.8;43.318345;-1.915481;1.798
22;DR;2026-09-03T09:14:43.764Z;370.5;20.87;254;76;116;3.91;18;3.04;7.2;43.318256;-1.915257;1.804
22;DR;2026-09-03T09:14:45.382Z;372.1;20.55;325;73;117;3.35;17;2.85;7.2;43.318256;-1.915257;1.813
22;DR;2026-09-03T09:14:46.225Z;373.0;20.19;339;72;117;3.35;17;2.85;7.4;43.318184;-1.915066;1.818
22;DR;2026-09-03T09:14:46.686Z;373.4;20.19;331;71;118;3.35;17;2.85;7.4;43.318184;-1.915066;1.821
22;DR;2026-09-03T09:14:47.763Z;374.5;20.55;325;72;118;2.37;17;2.85;7.4;43.318184;-1.915066;1.827
22;DR;2026-09-03T09:14:48.796Z;375.6;20.74;322;73;120;2.37;17;2.85;7.4;43.318184;-1.915066;1.833
22;DR;2026-09-03T09:14:49.694Z;376.5;21.08;275;74;120;2.17;16;2.67;7.6;43.318095;-1.914903;1.838
22;DR;2026-09-03T09:14:50.689Z;377.5;21.57;278;75;119;2.17;16;2.67;7.6;43.318095;-1.914903;1.844
22;DR;2026-09-03T09:14:52.027Z;378.8;21.49;217;76;120;1.09;16;2.67;7.6;43.318095;-1.914903;1.852
22;DR;2026-09-03T09:14:52.856Z;379.6;21.49;217;76;120;1.09;16;2.67;7.6;43.317987;-1.914879;1.857
22;DR;2026-09-03T09:14:53.691Z;380.5;15.44;106;66;120;0.60;16;2.67;7.6;43.317987;-1.914879;1.861
22;DR;2026-09-03T09:14:54.686Z;381.4;11.18;106;66;121;0.60;16;2.67;7.6;43.317934;-1.914746;1.865
22;DR;2026-09-03T09:14:55.682Z;382.4;8.39;0;0;121;1.58;16;2.67;7.6;43.317934;-1.914746;1.867
22;DR;2026-09-03T09:14:56.952Z;383.7;6.35;0;0;121;1.58;16;2.67;7.6;43.317934;-1.914746;1.870
22;DR;2026-09-03T09:14:57.811Z;384.6;4.17;0;0;122;2.64;16;2.67;7.6;43.317934;-1.914746;1.871
22;DR;2026-09-03T09:14:58.698Z;385.5;1.66;0;0;123;2.64;16;2.67;7.6;43.317934;-1.914746;1.872
22;DR;2026-09-03T09:15:00.881Z;387.6;0.96;0;0;122;3.25;16;2.67;7.8;43.317900;-1.914647;1.873
22;DR;2026-09-03T09:15:01.754Z;388.5;0.96;0;0;121;3.25;16;2.67;7.8;43.317900;-1.914647;1.873
22;DR;2026-09-03T09:15:02.754Z;389.5;0.96;0;0;119;3.09;16;2.67;7.8;43.317900;-1.914647;1.873
22;DR;2026-09-03T09:15:03.849Z;390.6;0.96;0;0;118;3.09;16;2.67;7.8;43.317900;-1.914647;1.874
22;DR;2026-09-03T09:15:04.707Z;391.5;0.96;0;0;117;3.00;16;2.67;7.8;43.317900;-1.914647;1.874
22;DR;2026-09-03T09:15:06.106Z;392.9;0.96;0;0;117;3.00;16;2.67;7.8;43.317900;-1.914647;1.874
22;DR;2026-09-03T09:15:06.939Z;393.7;0.96;0;0;117;2.91;16;2.67;7.8;43.317900;-1.914647;1.874
22;DR;2026-09-03T09:15:07.685Z;394.4;0.96;0;0;117;2.91;16;2.67;7.8;43.317900;-1.914647;1.875
22;DR;2026-09-03T09:15:08.828Z;395.6;0.96;0;0;116;2.84;16;2.67;7.8;43.317900;-1.914647;1.875
22;DR;2026-09-03T09:15:09.691Z;396.5;0.96;0;0;115;2.84;16;2.67;7.8;43.317900;-1.914647;1.875
22;DR;2026-09-03T09:15:10.772Z;397.5;0.96;0;0;116;2.76;16;2.67;7.8;43.317900;-1.914647;1.875
22;DR;2026-09-03T09:15:11.822Z;398.6;0.96;0;0;116;2.76;16;2.67;7.8;43.317900;-1.914647;1.876
22;DR;2026-09-03T09:15:12.780Z;399.5;0.96;0;0;117;2.67;16;2.67;7.8;43.317900;-1.914647;1.876
22;DR;2026-09-03T09:15:13.766Z;400.5;0.96;0;0;116;2.67;16;2.67;7.8;43.317900;-1.914647;1.876
22;DR;2026-09-03T09:15:14.740Z;401.5;0.96;0;0;114;2.58;16;2.67;7.8;43.317900;-1.914647;1.877
22;DR;2026-09-03T09:15:15.737Z;402.5;0.96;0;0;112;2.58;16;2.67;7.8;43.317900;-1.914647;1.877
22;DR;2026-09-03T09:15:16.690Z;403.5;0.96;0;0;110;2.50;16;2.67;7.8;43.317900;-1.914647;1.877
22;DR;2026-09-03T09:15:19.040Z;405.8;0.96;0;0;108;2.46;16;2.67;7.8;43.317900;-1.914647;1.878
22;DR;2026-09-03T09:15:20.519Z;407.3;0.96;0;0;101;2.46;16;2.67;7.8;43.317900;-1.914647;1.878
22;DR;2026-09-03T09:15:20.721Z;407.5;0.96;0;0;98;2.30;16;2.67;7.8;43.317900;-1.914647;1.878
22;DR;2026-09-03T09:15:21.681Z;408.4;0.96;0;0;98;2.30;16;2.67;7.8;43.317900;-1.914647;1.878
22;DR;2026-09-03T09:15:22.682Z;409.4;0.96;0;0;99;2.25;16;2.67;7.8;43.317900;-1.914647;1.879
22;DR;2026-09-03T09:15:23.722Z;410.5;0.96;0;0;98;2.25;16;2.67;7.8;43.317900;-1.914647;1.879
22;DR;2026-09-03T09:15:24.680Z;411.4;0.96;0;0;97;2.16;16;2.67;7.8;43.317900;-1.914647;1.879
22;DR;2026-09-03T09:15:25.685Z;412.4;0.96;0;0;97;2.16;16;2.67;7.8;43.317900;-1.914647;1.879
22;DR;2026-09-03T09:15:26.870Z;413.6;0.96;0;0;98;2.08;16;2.67;7.8;43.317900;-1.914647;1.880
22;DR;2026-09-03T09:15:27.884Z;414.6;0.96;0;0;100;2.08;16;2.67;7.8;43.317900;-1.914647;1.880
22;DR;2026-09-03T09:15:28.775Z;415.5;0.96;0;0;99;1.99;16;2.67;7.8;43.317900;-1.914647;1.880
22;DR;2026-09-03T09:15:29.706Z;416.5;0.96;0;0;96;1.99;16;2.67;8.0;43.317813;-1.914442;1.881
22;DR;2026-09-03T09:15:30.884Z;417.6;0.96;0;0;95;1.95;16;2.67;8.0;43.317813;-1.914442;1.881
22;DR;2026-09-03T09:15:31.680Z;418.4;0.96;0;0;94;1.95;16;2.67;8.0;43.317813;-1.914442;1.881
22;DR;2026-09-03T09:15:32.685Z;419.4;0.96;0;0;93;1.95;16;2.67;8.0;43.317813;-1.914442;1.881
22;DR;2026-09-03T09:15:33.681Z;420.4;0.96;0;0;94;1.95;16;2.67;8.0;43.317813;-1.914442;1.882
22;DR;2026-09-03T09:15:34.703Z;421.5;0.96;0;0;93;1.95;16;2.67;8.0;43.317813;-1.914442;1.882
22;DR;2026-09-03T09:15:35.682Z;422.4;0.96;0;0;92;1.95;16;2.67;8.0;43.317813;-1.914442;1.882
22;DR;2026-09-03T09:15:36.736Z;423.5;0.96;0;0;91;1.95;16;2.67;8.0;43.317813;-1.914442;1.882
22;DR;2026-09-03T09:15:37.682Z;424.4;0.96;0;0;90;1.95;16;2.67;8.0;43.317813;-1.914442;1.883
22;DR;2026-09-03T09:15:38.686Z;425.4;0.96;0;0;89;1.95;16;2.67;8.0;43.317813;-1.914442;1.883
22;DR;2026-09-03T09:15:39.704Z;426.5;0.96;0;0;89;1.95;16;2.67;8.0;43.317813;-1.914442;1.883
22;DR;2026-09-03T09:15:40.691Z;427.5;0.96;0;0;87;1.95;16;2.67;8.0;43.317813;-1.914442;1.883
22;DR;2026-09-03T09:15:41.665Z;428.4;0.96;0;0;87;1.95;16;2.67;8.0;43.317813;-1.914442;1.884
22;DR;2026-09-03T09:15:42.668Z;429.4;0.96;0;0;88;1.95;16;2.67;8.0;43.317813;-1.914442;1.884
22;DR;2026-09-03T09:15:43.675Z;430.4;0.96;0;0;87;1.95;16;2.67;8.0;43.317813;-1.914442;1.884
22;DR;2026-09-03T09:15:44.666Z;431.4;1.61;0;0;86;1.95;16;2.67;8.0;43.317813;-1.914442;1.885
22;DR;2026-09-03T09:15:45.666Z;432.4;2.08;0;0;86;1.95;16;2.67;8.0;43.317813;-1.914442;1.885
22;DR;2026-09-03T09:15:46.667Z;433.4;1.60;0;40;93;1.95;16;2.67;8.0;43.317813;-1.914442;1.886
22;DR;2026-09-03T09:15:47.665Z;434.4;1.23;0;40;96;1.95;16;2.67;8.0;43.317813;-1.914442;1.886
22;DR;2026-09-03T09:15:48.668Z;435.4;2.08;0;0;97;1.95;16;2.67;8.0;43.317813;-1.914442;1.886
22;DR;2026-09-03T09:15:49.665Z;436.4;5.74;0;0;97;1.95;16;2.67;8.0;43.317813;-1.914442;1.888
22;DR;2026-09-03T09:15:50.678Z;437.4;5.49;0;0;97;1.95;16;2.67;8.0;43.317813;-1.914442;1.889
22;DR;2026-09-03T09:15:51.667Z;438.4;8.61;14;34;95;1.95;11;1.92;8.0;43.317813;-1.914442;1.891
22;DR;2026-09-03T09:15:52.668Z;439.4;17.10;321;56;94;1.30;11;1.92;8.0;43.317813;-1.914442;1.895
22;DR;2026-09-03T09:15:53.668Z;440.4;20.14;226;76;93;1.30;11;1.92;8.0;43.317813;-1.914442;1.900
22;DR;2026-09-03T09:15:54.670Z;441.4;21.26;233;72;93;2.30;11;1.92;8.6;43.317746;-1.914281;1.906
22;DR;2026-09-03T09:15:55.683Z;442.4;22.25;214;78;92;2.30;11;1.92;8.6;43.317746;-1.914281;1.912
22;DR;2026-09-03T09:15:56.669Z;443.4;22.32;234;78;91;2.80;8;1.58;8.6;43.317746;-1.914281;1.918
22;DR;2026-09-03T09:15:57.674Z;444.4;21.58;213;82;92;2.80;8;1.58;9.0;43.317700;-1.914186;1.924
22;DR;2026-09-03T09:15:58.665Z;445.4;20.86;238;76;94;3.79;8;1.58;9.4;43.317669;-1.914091;1.930
22;DR;2026-09-03T09:15:59.671Z;446.4;20.55;259;73;94;3.79;7;1.48;9.4;43.317669;-1.914091;1.936
22;DR;2026-09-03T09:16:00.667Z;447.4;20.01;290;72;95;4.79;10;1.80;10.2;43.317638;-1.914001;1.941
22;DR;2026-09-03T09:16:01.671Z;448.4;19.28;275;70;95;4.79;16;2.67;10.6;43.317616;-1.913958;1.947
22;DR;2026-09-03T09:16:02.664Z;449.4;18.49;317;68;97;5.79;20;3.46;11.2;43.317582;-1.913874;1.952
22;DR;2026-09-03T09:16:03.673Z;450.4;17.43;298;65;98;5.79;20;3.46;11.2;43.317582;-1.913874;1.957
22;DR;2026-09-03T09:16:04.674Z;451.4;16.08;309;61;97;6.80;20;3.46;12.0;43.317541;-1.913790;1.962
22;DR;2026-09-03T09:16:05.672Z;452.4;14.85;285;57;97;6.80;20;3.46;12.4;43.317507;-1.913701;1.966
22;DR;2026-09-03T09:16:06.674Z;453.4;14.02;285;57;98;7.80;20;3.46;12.4;43.317507;-1.913701;1.970
22;DR;2026-09-03T09:16:07.670Z;454.4;13.10;320;53;100;7.80;21;3.70;12.8;43.317474;-1.913614;1.974
22;DR;2026-09-03T09:16:08.676Z;455.4;12.40;319;49;101;8.80;22;3.95;12.8;43.317474;-1.913614;1.977
22;DR;2026-09-03T09:16:09.682Z;456.4;11.33;303;45;98;8.80;22;3.95;13.6;43.317441;-1.913526;1.981
22;DR;2026-09-03T09:16:10.679Z;457.4;9.78;303;45;103;9.80;22;3.95;13.6;43.317441;-1.913526;1.983
22;DR;2026-09-03T09:16:11.685Z;458.4;8.53;281;40;103;9.80;22;3.95;13.6;43.317441;-1.913526;1.986
22;DR;2026-09-03T09:16:12.667Z;459.4;7.79;281;40;105;10.79;24;4.50;13.8;43.317402;-1.913454;1.988
22;DR;2026-09-03T09:16:13.674Z;460.4;7.52;253;34;105;10.79;24;4.50;13.8;43.317402;-1.913454;1.990
22;DR;2026-09-03T09:16:14.678Z;461.4;7.47;253;34;108;11.80;24;4.50;13.8;43.317402;-1.913454;1.992
22;DR;2026-09-03T09:16:15.675Z;462.4;7.52;251;30;107;11.80;24;4.50;14.8;43.317339;-1.913357;1.995
22;DR;2026-09-03T09:16:16.664Z;463.4;7.72;251;30;109;12.79;24;4.50;14.8;43.317339;-1.913357;1.997
22;DR;2026-09-03T09:16:17.676Z;464.4;7.89;284;28;110;12.79;24;4.50;14.8;43.317339;-1.913357;1.999
22;DR;2026-09-03T09:16:18.677Z;465.4;7.90;284;28;111;13.80;24;4.50;14.8;43.317339;-1.913357;2.001
22;DR;2026-09-03T09:16:19.679Z;466.4;7.93;289;28;109;13.80;24;4.50;14.8;43.317339;-1.913357;2.003
22;DR;2026-09-03T09:16:20.665Z;467.4;7.95;289;28;110;14.79;24;4.50;15.8;43.317292;-1.913308;2.005
22;DR;2026-09-03T09:16:21.666Z;468.4;8.05;295;29;112;14.79;24;4.50;15.8;43.317292;-1.913308;2.008
22;DR;2026-09-03T09:16:22.675Z;469.4;8.08;295;29;114;15.80;24;4.50;15.8;43.317292;-1.913308;2.010
22;DR;2026-09-03T09:16:23.666Z;470.4;8.15;302;30;115;15.80;24;4.50;16.0;43.317265;-1.913297;2.012
22;DR;2026-09-03T09:16:24.665Z;471.4;8.27;302;30;116;14.80;24;4.50;16.4;43.317196;-1.913289;2.014
22;DR;2026-09-03T09:16:25.675Z;472.4;8.24;313;30;115;14.80;24;4.50;16.4;43.317196;-1.913289;2.017
22;DR;2026-09-03T09:16:26.666Z;473.4;8.18;313;30;117;13.80;24;4.50;16.4;43.317196;-1.913289;2.019
22;DR;2026-09-03T09:16:27.669Z;474.4;8.15;303;31;118;13.80;24;4.50;16.4;43.317196;-1.913289;2.021
22;DR;2026-09-03T09:16:28.668Z;475.4;8.10;303;31;119;12.80;24;4.50;16.4;43.317076;-1.913250;2.023
22;DR;2026-09-03T09:16:29.672Z;476.4;8.12;298;31;120;12.80;24;4.50;16.4;43.317076;-1.913250;2.026
22;DR;2026-09-03T09:16:30.680Z;477.4;8.23;298;31;120;11.80;24;4.50;16.4;43.317076;-1.913250;2.028
22;DR;2026-09-03T09:16:31.667Z;478.4;8.33;314;31;120;11.80;24;4.50;16.4;43.317076;-1.913250;2.030
22;DR;2026-09-03T09:16:32.666Z;479.4;8.39;314;31;121;10.80;24;4.50;16.4;43.317076;-1.913250;2.033
22;DR;2026-09-03T09:16:33.666Z;480.4;8.46;317;31;121;10.80;24;4.50;16.4;43.317076;-1.913250;2.035
22;DR;2026-09-03T09:16:34.669Z;481.4;8.37;317;31;120;9.80;24;4.50;16.8;43.316972;-1.913164;2.037
22;DR;2026-09-03T09:16:35.667Z;482.4;8.22;312;31;120;9.80;24;4.50;16.8;43.316972;-1.913164;2.040
22;DR;2026-09-03T09:16:36.669Z;483.4;8.11;312;31;118;8.85;24;4.50;16.8;43.316972;-1.913164;2.042
22;DR;2026-09-03T09:16:37.671Z;484.4;7.90;293;31;118;8.85;24;4.50;16.8;43.316972;-1.913164;2.044
22;DR;2026-09-03T09:16:38.668Z;485.4;7.96;293;31;119;8.83;24;4.50;16.8;43.316972;-1.913164;2.046
22;DR;2026-09-03T09:16:39.680Z;486.4;8.15;292;30;120;8.83;24;4.50;16.8;43.316972;-1.913164;2.049
22;DR;2026-09-03T09:16:40.682Z;487.4;8.06;292;30;122;8.83;24;4.50;17.2;43.316897;-1.913030;2.051
22;DR;2026-09-03T09:16:41.653Z;488.4;8.00;293;30;122;8.83;24;4.50;17.2;43.316897;-1.913030;2.053
22;DR;2026-09-03T09:16:42.666Z;489.4;8.08;293;30;124;9.59;24;4.50;17.2;43.316897;-1.913030;2.055
22;DR;2026-09-03T09:16:43.666Z;490.4;8.04;296;30;124;9.59;24;4.50;17.2;43.316897;-1.913030;2.057
22;DR;2026-09-03T09:16:44.656Z;491.4;8.05;296;30;126;10.58;24;4.50;17.2;43.316897;-1.913030;2.060
22;DR;2026-09-03T09:16:45.662Z;492.4;8.05;301;30;126;10.58;24;4.50;17.2;43.316897;-1.913030;2.062
22;DR;2026-09-03T09:16:46.661Z;493.4;7.91;301;30;124;9.80;24;4.50;17.6;43.316866;-1.912925;2.064
22;DR;2026-09-03T09:16:47.658Z;494.4;7.87;290;30;123;9.80;24;4.50;17.6;43.316866;-1.912925;2.066
22;DR;2026-09-03T09:16:48.656Z;495.4;7.77;290;30;124;8.81;24;4.50;17.6;43.316866;-1.912925;2.069
22;DR;2026-09-03T09:16:49.660Z;496.4;7.72;288;30;125;8.81;24;4.50;17.6;43.316866;-1.912925;2.071
22;DR;2026-09-03T09:16:50.657Z;497.4;7.55;288;30;127;7.81;24;4.50;17.6;43.316838;-1.912629;2.073
22;DR;2026-09-03T09:16:51.666Z;498.4;7.31;280;29;128;7.81;24;4.50;17.6;43.316838;-1.912629;2.075
22;DR;2026-09-03T09:16:52.650Z;499.4;7.57;280;29;128;6.81;24;4.50;17.6;43.316838;-1.912629;2.077
22;DR;2026-09-03T09:16:53.662Z;500.4;8.08;270;29;128;6.81;24;4.50;17.6;43.316838;-1.912629;2.079
22;DR;2026-09-03T09:16:54.659Z;501.4;8.63;270;29;129;5.80;24;4.50;17.6;43.316838;-1.912629;2.081
22;DR;2026-09-03T09:16:55.650Z;502.4;9.50;272;30;130;5.80;24;4.50;17.6;43.316838;-1.912629;2.084
22;DR;2026-09-03T09:16:56.660Z;503.4;10.02;266;32;131;4.80;24;4.50;17.6;43.316838;-1.912629;2.087
22;DR;2026-09-03T09:16:57.654Z;504.4;10.14;266;32;131;4.80;24;4.50;17.6;43.316838;-1.912629;2.089
22;DR;2026-09-03T09:16:58.651Z;505.4;11.27;241;35;131;3.81;24;4.50;17.6;43.316838;-1.912629;2.092
22;DR;2026-09-03T09:16:59.660Z;506.4;12.35;256;39;130;3.81;24;4.50;17.6;43.316838;-1.912629;2.096
22;DR;2026-09-03T09:17:00.648Z;507.4;13.18;256;39;131;2.81;24;4.50;17.6;43.316842;-1.912563;2.099
22;DR;2026-09-03T09:17:01.664Z;508.4;14.63;244;44;131;2.81;24;4.50;17.4;43.316866;-1.912422;2.103
22;DR;2026-09-03T09:17:02.661Z;509.4;15.86;267;49;129;1.80;24;4.50;17.4;43.316866;-1.912422;2.107
22;DR;2026-09-03T09:17:03.664Z;510.4;17.30;234;54;131;1.80;24;4.50;17.4;43.316866;-1.912422;2.112
22;DR;2026-09-03T09:17:04.649Z;511.4;18.65;250;64;131;0.81;24;4.50;16.8;43.316914;-1.912277;2.117
22;DR;2026-09-03T09:17:05.660Z;512.4;19.95;227;67;131;0.81;24;4.50;16.8;43.316914;-1.912277;2.122
22;DR;2026-09-03T09:17:06.650Z;513.4;21.07;192;71;131;-0.19;24;4.50;16.8;43.316914;-1.912277;2.128
22;DR;2026-09-03T09:17:07.647Z;514.4;22.00;178;74;130;-0.19;24;4.50;16.2;43.317077;-1.912014;2.134
22;DR;2026-09-03T09:17:08.649Z;515.4;22.69;102;79;131;-1.19;24;4.50;16.2;43.317077;-1.912014;2.140
22;DR;2026-09-03T09:17:09.651Z;516.4;23.02;79;80;130;-1.19;24;4.50;16.2;43.317077;-1.912014;2.147
22;DR;2026-09-03T09:17:10.647Z;517.4;23.92;117;81;131;-0.19;24;4.50;16.2;43.317077;-1.912014;2.153
22;DR;2026-09-03T09:17:11.647Z;518.4;25.04;119;85;131;-0.19;24;4.50;16.2;43.317188;-1.911926;2.160
22;DR;2026-09-03T09:17:12.648Z;519.4;25.51;99;88;132;0.81;21;3.70;16.2;43.317188;-1.911926;2.167
22;DR;2026-09-03T09:17:13.658Z;520.4;25.76;119;92;130;0.81;21;3.70;16.2;43.317241;-1.911881;2.174
22;DR;2026-09-03T09:17:14.655Z;521.4;25.81;120;94;131;-0.19;21;3.70;16.0;43.317293;-1.911823;2.181
22;DR;2026-09-03T09:17:15.647Z;522.4;24.95;132;80;138;-0.19;21;3.70;15.8;43.317342;-1.911752;2.188
22;DR;2026-09-03T09:17:16.652Z;523.4;24.29;136;78;136;-1.19;21;3.70;15.8;43.317342;-1.911752;2.195
22;DR;2026-09-03T09:17:17.657Z;524.4;24.85;149;78;135;-1.19;21;3.70;14.8;43.317426;-1.911564;2.202
22;DR;2026-09-03T09:17:18.649Z;525.4;25.45;95;87;133;-2.19;22;3.95;14.8;43.317426;-1.911564;2.209
22;DR;2026-09-03T09:17:19.648Z;526.4;25.65;94;91;133;-2.19;22;3.95;14.2;43.317471;-1.911465;2.216
22;DR;2026-09-03T09:17:20.664Z;527.4;25.85;101;91;132;-3.20;22;3.95;13.6;43.317515;-1.911361;2.223
22;DR;2026-09-03T09:17:21.653Z;528.4;26.00;93;95;132;-3.20;21;3.70;13.6;43.317515;-1.911361;2.230
22;DR;2026-09-03T09:17:22.653Z;529.4;26.15;96;92;132;-4.19;21;3.70;12.0;43.317611;-1.911143;2.238
22;DR;2026-09-03T09:17:23.654Z;530.4;26.28;103;92;131;-4.19;21;3.70;12.0;43.317611;-1.911143;2.245
22;DR;2026-09-03T09:17:24.656Z;531.4;26.29;92;92;130;-3.19;21;3.70;12.0;43.317611;-1.911143;2.252
22;DR;2026-09-03T09:17:25.657Z;532.4;26.31;90;91;130;-3.19;21;3.70;11.6;43.317709;-1.910940;2.259
22;DR;2026-09-03T09:17:26.657Z;533.4;26.34;92;93;130;-2.19;21;3.70;11.6;43.317709;-1.910940;2.267
22;DR;2026-09-03T09:17:27.658Z;534.4;26.33;91;95;130;-2.19;21;3.70;12.0;43.317794;-1.910763;2.274
22;DR;2026-09-03T09:17:28.649Z;535.4;26.21;77;92;130;-1.20;21;3.70;12.0;43.317794;-1.910763;2.281
22;DR;2026-09-03T09:17:29.662Z;536.4;26.08;88;92;129;-1.20;21;3.70;12.0;43.317794;-1.910763;2.289
22;DR;2026-09-03T09:17:30.660Z;537.4;25.91;70;89;129;-0.19;21;3.70;13.0;43.317862;-1.910600;2.296
22;DR;2026-09-03T09:17:31.661Z;538.4;25.83;95;78;130;-0.19;21;3.70;13.0;43.317862;-1.910600;2.303
22;DR;2026-09-03T09:17:32.647Z;539.4;25.80;95;85;129;0.80;20;3.46;13.6;43.317893;-1.910522;2.310
22;DR;2026-09-03T09:17:33.667Z;540.4;25.58;87;94;129;0.80;20;3.46;14.8;43.317942;-1.910369;2.317
22;DR;2026-09-03T09:17:34.668Z;541.4;25.40;121;88;128;1.81;20;3.46;14.8;43.317942;-1.910369;2.325
22;DR;2026-09-03T09:17:35.657Z;542.4;25.03;144;88;128;1.81;20;3.46;15.8;43.318001;-1.910165;2.331
22;DR;2026-09-03T09:17:36.660Z;543.4;24.33;183;88;127;2.81;20;3.46;15.8;43.318001;-1.910165;2.338
22;DR;2026-09-03T09:17:37.649Z;544.4;23.32;171;88;126;2.81;20;3.46;16.2;43.318022;-1.910100;2.345
22;DR;2026-09-03T09:17:38.663Z;545.4;22.45;233;83;126;3.81;20;3.46;17.2;43.318105;-1.909851;2.351
22;DR;2026-09-03T09:17:39.660Z;546.4;21.78;266;77;125;3.81;20;3.46;17.2;43.318105;-1.909851;2.357
22;DR;2026-09-03T09:17:40.661Z;547.4;21.12;294;77;125;4.81;20;3.46;17.2;43.318105;-1.909851;2.363
22;DR;2026-09-03T09:17:41.645Z;548.4;20.49;302;74;124;4.81;20;3.46;17.2;43.318105;-1.909851;2.369
22;DR;2026-09-03T09:17:42.649Z;549.4;19.78;331;73;125;5.80;20;3.46;17.6;43.318145;-1.909735;2.375
22;DR;2026-09-03T09:17:43.631Z;550.4;19.10;345;70;129;5.80;20;3.46;17.6;43.318145;-1.909735;2.380
22;DR;2026-09-03T09:17:44.632Z;551.4;18.45;346;69;128;6.80;20;3.46;18.4;43.318195;-1.909570;2.385
22;DR;2026-09-03T09:17:45.648Z;552.4;17.34;374;66;127;6.80;23;4.22;18.4;43.318195;-1.909570;2.390
22;DR;2026-09-03T09:17:46.634Z;553.4;15.79;340;63;126;7.80;23;4.22;19.0;43.318254;-1.909346;2.395
22;DR;2026-09-03T09:17:47.632Z;554.4;14.23;336;59;124;7.80;23;4.22;19.0;43.318254;-1.909346;2.399
22;DR;2026-09-03T09:17:48.634Z;555.4;13.28;315;53;126;8.80;23;4.22;19.0;43.318254;-1.909346;2.403
22;DR;2026-09-03T09:17:49.638Z;556.4;12.11;332;48;126;8.80;23;4.22;19.0;43.318254;-1.909346;2.406
22;DR;2026-09-03T09:17:50.632Z;557.4;10.68;332;48;122;9.80;23;4.22;19.0;43.318254;-1.909346;2.409
22;DR;2026-09-03T09:17:51.636Z;558.4;9.45;307;43;122;9.80;23;4.22;19.4;43.318270;-1.909293;2.412
22;DR;2026-09-03T09:17:52.631Z;559.4;7.68;307;43;124;9.31;16;2.67;19.4;43.318270;-1.909293;2.415
22;DR;2026-09-03T09:17:53.648Z;560.4;6.39;238;36;124;9.31;10;1.80;21.0;43.318363;-1.909019;2.417
22;DR;2026-09-03T09:17:54.633Z;561.4;6.26;238;36;124;8.31;4;1.22;21.0;43.318363;-1.909019;2.418
22;DR;2026-09-03T09:17:55.644Z;562.4;5.85;0;0;124;8.31;1;1.00;21.0;43.318363;-1.909019;2.420
22;DR;2026-09-03T09:17:56.631Z;563.4;5.16;173;29;124;7.31;1;1.00;21.0;43.318363;-1.909019;2.422
22;DR;2026-09-03T09:17:57.636Z;564.4;6.69;210;25;125;7.31;1;1.00;21.0;43.318363;-1.909019;2.423
22;DR;2026-09-03T09:17:58.634Z;565.4;6.69;210;25;124;6.31;1;1.00;21.0;43.318363;-1.909019;2.425
22;DR;2026-09-03T09:17:59.631Z;566.4;8.33;278;25;124;6.31;1;1.00;21.0;43.318363;-1.909019;2.427
22;DR;2026-09-03T09:18:00.632Z;567.4;9.61;278;25;123;5.31;1;1.00;21.0;43.318363;-1.909019;2.430
22;DR;2026-09-03T09:18:01.635Z;568.4;11.31;302;30;124;5.31;1;1.00;21.0;43.318363;-1.909019;2.433
22;DR;2026-09-03T09:18:02.638Z;569.4;12.88;310;37;124;4.31;1;1.00;21.0;43.318363;-1.909019;2.436
22;DR;2026-09-03T09:18:03.639Z;570.4;12.88;310;37;124;4.31;1;1.00;21.0;43.318363;-1.909019;2.440
22;DR;2026-09-03T09:18:04.636Z;571.4;14.45;305;49;124;3.31;1;1.00;21.0;43.318379;-1.908961;2.443
22;DR;2026-09-03T09:18:05.631Z;572.4;14.68;250;49;124;3.31;1;1.00;22.0;43.318500;-1.908568;2.447
22;DR;2026-09-03T09:18:06.631Z;573.4;15.72;226;51;123;2.31;1;1.00;22.0;43.318500;-1.908568;2.452
22;DR;2026-09-03T09:18:07.636Z;574.4;17.46;280;54;124;2.31;1;1.00;22.0;43.318500;-1.908568;2.456
22;DR;2026-09-03T09:18:08.636Z;575.4;18.83;252;64;124;1.31;1;1.00;22.0;43.318500;-1.908568;2.461
22;DR;2026-09-03T09:18:09.658Z;576.4;18.83;252;64;123;1.31;1;1.00;22.0;43.318500;-1.908568;2.467
22;DR;2026-09-03T09:18:10.636Z;577.4;21.06;217;71;125;0.38;1;1.00;22.0;43.318500;-1.908568;2.472
22;DR;2026-09-03T09:18:11.639Z;578.4;22.02;195;74;124;0.38;1;1.00;22.0;43.318500;-1.908568;2.478
22;DR;2026-09-03T09:18:12.638Z;579.4;22.83;154;79;124;-0.03;1;1.00;22.2;43.318527;-1.908449;2.484
22;DR;2026-09-03T09:18:13.635Z;580.4;23.59;133;80;124;-0.03;1;1.00;22.2;43.318527;-1.908449;2.491
22;DR;2026-09-03T09:18:14.633Z;581.4;24.21;119;83;124;0.27;1;1.00;23.0;43.318571;-1.908081;2.497
22;DR;2026-09-03T09:18:15.645Z;582.4;24.62;115;85;125;0.27;1;1.00;23.0;43.318571;-1.908081;2.504
22;DR;2026-09-03T09:18:16.637Z;583.4;24.47;111;86;124;0.27;1;1.00;23.0;43.318571;-1.908081;2.511
22;DR;2026-09-03T09:18:17.632Z;584.4;24.39;132;87;125;0.27;1;1.00;23.0;43.318571;-1.908081;2.518
22;DR;2026-09-03T09:18:18.635Z;585.4;24.46;128;87;124;0.25;1;1.00;23.4;43.318573;-1.907892;2.524
22;DR;2026-09-03T09:18:19.650Z;586.4;24.59;138;87;125;0.25;1;1.00;23.4;43.318573;-1.907892;2.531
22;DR;2026-09-03T09:18:20.631Z;587.4;24.71;131;86;126;-0.01;1;1.00;23.4;43.318573;-1.907892;2.538
22;DR;2026-09-03T09:18:21.641Z;588.4;24.80;117;87;126;-0.01;1;1.00;24.0;43.318540;-1.907525;2.545
22;DR;2026-09-03T09:18:22.645Z;589.4;24.99;122;87;125;-0.05;1;1.00;24.0;43.318540;-1.907525;2.552
22;DR;2026-09-03T09:18:23.638Z;590.4;25.13;105;88;126;-0.05;1;1.00;24.0;43.318540;-1.907525;2.559
22;DR;2026-09-03T09:18:24.657Z;591.4;25.12;106;89;127;-0.66;1;1.00;24.0;43.318540;-1.907525;2.566
22;DR;2026-09-03T09:18:25.653Z;592.4;25.21;110;88;126;-0.66;1;1.00;24.0;43.318525;-1.907406;2.573
22;DR;2026-09-03T09:18:26.661Z;593.4;25.50;105;90;126;-0.50;1;1.00;24.4;43.318431;-1.906963;2.580
22;DR;2026-09-03T09:18:27.632Z;594.4;25.83;100;92;126;-0.50;1;1.00;24.4;43.318431;-1.906963;2.587
22;DR;2026-09-03T09:18:28.635Z;595.4;26.00;97;90;127;-0.50;1;1.00;24.4;43.318431;-1.906963;2.594
22;DR;2026-09-03T09:18:29.635Z;596.4;26.12;98;92;125;-0.50;1;1.00;24.4;43.318431;-1.906963;2.601
22;DR;2026-09-03T09:18:30.646Z;597.4;26.34;108;94;126;-0.65;1;1.00;24.4;43.318431;-1.906963;2.609
22;DR;2026-09-03T09:18:31.646Z;598.4;26.55;100;96;125;-0.65;1;1.00;24.4;43.318431;-1.906963;2.616
22;DR;2026-09-03T09:18:32.635Z;599.4;26.73;103;95;125;-1.37;1;1.00;24.0;43.318142;-1.906387;2.623
22;DR;2026-09-03T09:18:33.654Z;600.4;26.76;86;91;124;-1.37;1;1.00;24.0;43.318142;-1.906387;2.631
22;DR;2026-09-03T09:18:34.633Z;601.4;26.55;91;90;124;-1.37;1;1.00;24.0;43.318142;-1.906387;2.638
22;DR;2026-09-03T09:18:35.631Z;602.4;26.17;77;83;123;-1.37;5;1.30;24.0;43.318142;-1.906387;2.646
22;DR;2026-09-03T09:18:36.632Z;603.4;26.12;108;84;123;-1.18;5;1.30;24.0;43.318142;-1.906387;2.653
22;DR;2026-09-03T09:18:37.633Z;604.4;26.27;90;93;123;-1.18;5;1.30;24.0;43.318142;-1.906387;2.660
22;DR;2026-09-03T09:18:38.641Z;605.4;26.24;88;93;122;-1.33;5;1.30;24.0;43.318142;-1.906387;2.668
22;DR;2026-09-03T09:18:39.633Z;606.4;26.13;83;94;122;-1.33;5;1.30;23.8;43.318037;-1.906264;2.675
22;DR;2026-09-03T09:18:40.649Z;607.4;26.13;93;93;122;-1.64;5;1.30;23.8;43.318037;-1.906264;2.682
22;DR;2026-09-03T09:18:41.624Z;608.4;26.16;87;90;121;-1.64;5;1.30;23.4;43.317887;-1.906066;2.689
22;DR;2026-09-03T09:18:42.617Z;609.4;26.10;86;92;120;-1.83;5;1.30;23.4;43.317887;-1.906066;2.696
22;DR;2026-09-03T09:18:43.628Z;610.4;26.07;88;93;121;-1.83;5;1.30;23.4;43.317887;-1.906066;2.704
22;DR;2026-09-03T09:18:44.623Z;611.4;26.08;93;93;119;-2.81;5;1.30;23.4;43.317887;-1.906066;2.711
22;DR;2026-09-03T09:18:45.622Z;612.4;26.04;84;92;118;-2.81;5;1.30;22.8;43.317754;-1.905955;2.718
22;DR;2026-09-03T09:18:46.644Z;613.4;25.93;85;93;117;-2.84;5;1.30;22.8;43.317754;-1.905955;2.726
22;DR;2026-09-03T09:18:47.625Z;614.4;25.90;92;90;118;-2.84;5;1.30;22.0;43.317555;-1.905817;2.733
22;DR;2026-09-03T09:18:48.625Z;615.4;25.90;90;91;118;-2.78;5;1.30;22.0;43.317555;-1.905817;2.740
22;DR;2026-09-03T09:18:49.620Z;616.4;25.86;84;93;115;-2.78;5;1.30;22.0;43.317555;-1.905817;2.747
22;DR;2026-09-03T09:18:50.616Z;617.4;25.89;96;91;114;-3.76;5;1.30;21.6;43.317486;-1.905780;2.754
22;DR;2026-09-03T09:18:51.622Z;618.4;26.14;111;92;114;-3.76;5;1.30;21.6;43.317486;-1.905780;2.761
22;DR;2026-09-03T09:18:52.618Z;619.4;26.51;120;96;114;-3.48;5;1.30;20.8;43.317331;-1.905698;2.769
22;DR;2026-09-03T09:18:53.619Z;620.4;25.71;29;84;114;-3.48;5;1.30;20.8;43.317331;-1.905698;2.776
22;DR;2026-09-03T09:18:54.615Z;621.4;24.20;23;81;113;-3.53;5;1.30;20.4;43.317252;-1.905652;2.783
22;DR;2026-09-03T09:18:55.624Z;622.4;24.10;70;69;113;-3.53;5;1.30;20.4;43.317252;-1.905652;2.790
22;DR;2026-09-03T09:18:56.630Z;623.4;24.95;95;82;113;-3.95;5;1.30;19.4;43.317089;-1.905557;2.796
22;DR;2026-09-03T09:18:57.625Z;624.4;25.74;131;89;113;-3.95;5;1.30;19.4;43.317089;-1.905557;2.803
22;DR;2026-09-03T09:18:58.621Z;625.4;26.38;121;94;113;-4.57;5;1.30;18.2;43.316925;-1.905461;2.811
22;DR;2026-09-03T09:18:59.622Z;626.4;25.51;11;97;113;-4.57;5;1.30;18.2;43.316925;-1.905461;2.818
22;DR;2026-09-03T09:19:00.616Z;627.4;24.51;52;84;112;-3.82;5;1.30;18.2;43.316925;-1.905461;2.825
22;DR;2026-09-03T09:19:01.622Z;628.4;24.78;113;92;112;-3.82;5;1.30;17.8;43.316837;-1.905411;2.832
22;DR;2026-09-03T09:19:02.624Z;629.4;25.21;95;88;113;-4.04;5;1.30;17.8;43.316837;-1.905411;2.839
22;DR;2026-09-03T09:19:03.629Z;630.4;25.48;93;90;115;-4.04;5;1.30;17.2;43.316746;-1.905359;2.846
22;DR;2026-09-03T09:19:04.625Z;631.4;25.89;108;89;114;-3.21;2;1.07;16.2;43.316554;-1.905251;2.853
22;DR;2026-09-03T09:19:05.616Z;632.4;26.36;109;90;117;-3.21;2;1.07;16.2;43.316554;-1.905251;2.860
22;DR;2026-09-03T09:19:06.617Z;633.4;26.49;83;95;116;-3.10;3;1.14;16.2;43.316554;-1.905251;2.867
22;DR;2026-09-03T09:19:07.632Z;634.4;26.39;82;92;116;-3.10;7;1.48;15.8;43.316447;-1.905188;2.875
22;DR;2026-09-03T09:19:08.627Z;635.4;26.45;103;93;114;-2.85;7;1.48;15.8;43.316447;-1.905188;2.882
22;DR;2026-09-03T09:19:09.623Z;636.4;26.48;85;98;113;-2.85;7;1.48;15.0;43.316244;-1.905075;2.889
22;DR;2026-09-03T09:19:10.619Z;637.4;26.42;90;93;112;-2.93;7;1.48;15.0;43.316244;-1.905075;2.897
22;DR;2026-09-03T09:19:11.634Z;638.4;26.38;92;92;115;-2.93;7;1.48;15.0;43.316244;-1.905075;2.904
22;DR;2026-09-03T09:19:12.621Z;639.4;26.40;85;95;115;-2.98;7;1.48;15.0;43.316244;-1.905075;2.911
22;DR;2026-09-03T09:19:13.615Z;640.4;26.42;87;93;113;-2.98;7;1.48;14.6;43.316145;-1.905020;2.919
22;DR;2026-09-03T09:19:14.615Z;641.4;26.44;85;94;113;-3.98;8;1.58;13.4;43.315950;-1.904912;2.926
22;DR;2026-09-03T09:19:15.614Z;642.4;26.53;93;92;113;-3.98;8;1.58;13.4;43.315950;-1.904912;2.933
22;DR;2026-09-03T09:19:16.630Z;643.4;26.49;96;94;113;-4.24;8;1.58;13.4;43.315950;-1.904912;2.941
22;DR;2026-09-03T09:19:17.617Z;644.4;26.37;83;97;111;-4.24;8;1.58;12.4;43.315764;-1.904812;2.948
22;DR;2026-09-03T09:19:18.633Z;645.4;26.31;94;92;111;-3.92;8;1.58;12.4;43.315764;-1.904812;2.956
22;DR;2026-09-03T09:19:19.615Z;646.4;26.29;86;92;110;-3.92;8;1.58;12.4;43.315764;-1.904812;2.963
22;DR;2026-09-03T09:19:20.614Z;647.4;26.22;88;94;110;-2.93;8;1.58;11.8;43.315594;-1.904717;2.970
22;DR;2026-09-03T09:19:21.620Z;648.4;26.20;92;93;109;-2.93;8;1.58;11.8;43.315594;-1.904717;2.977
22;DR;2026-09-03T09:19:22.616Z;649.4;26.17;87;91;110;-3.12;8;1.58;11.8;43.315594;-1.904717;2.985
22;DR;2026-09-03T09:19:23.617Z;650.4;26.12;87;92;111;-3.12;8;1.58;11.4;43.315510;-1.904671;2.992
22;DR;2026-09-03T09:19:24.621Z;651.4;26.03;80;92;110;-2.70;8;1.58;11.4;43.315510;-1.904671;2.999
22;DR;2026-09-03T09:19:25.623Z;652.4;25.93;85;92;110;-2.70;8;1.58;10.6;43.315290;-1.904498;3.006
22;DR;2026-09-03T09:19:26.619Z;653.4;25.98;98;91;109;-2.65;8;1.58;10.6;43.315290;-1.904498;3.014
22;DR;2026-09-03T09:19:27.619Z;654.4;25.98;84;91;109;-2.65;8;1.58;10.6;43.315290;-1.904498;3.021
22;DR;2026-09-03T09:19:28.626Z;655.4;25.89;90;92;109;-3.65;8;1.58;10.0;43.315214;-1.904431;3.028
22;DR;2026-09-03T09:19:29.615Z;656.4;25.88;85;91;108;-3.65;8;1.58;10.0;43.315214;-1.904431;3.035
22;DR;2026-09-03T09:19:30.615Z;657.4;25.91;92;91;108;-2.66;8;1.58;9.2;43.314983;-1.904175;3.042
22;DR;2026-09-03T09:19:31.619Z;658.4;25.92;87;90;109;-2.66;8;1.58;9.2;43.314983;-1.904175;3.050
22;DR;2026-09-03T09:19:32.621Z;659.4;25.93;95;91;109;-2.33;8;1.58;9.2;43.314983;-1.904175;3.057
22;DR;2026-09-03T09:19:33.617Z;660.4;26.10;107;92;108;-2.33;9;1.69;9.2;43.314983;-1.904175;3.064
22;DR;2026-09-03T09:19:34.623Z;661.4;26.36;102;89;107;-1.33;10;1.80;9.4;43.314924;-1.904140;3.071
22;DR;2026-09-03T09:19:35.619Z;662.4;26.42;89;95;109;-1.33;10;1.80;9.8;43.314869;-1.904015;3.079
22;DR;2026-09-03T09:19:36.623Z;663.4;26.50;104;98;108;-1.13;10;1.80;9.8;43.314869;-1.904015;3.086
22;DR;2026-09-03T09:19:37.620Z;664.4;26.57;93;93;108;-1.13;10;1.80;9.0;43.314935;-1.903789;3.093
22;DR;2026-09-03T09:19:38.618Z;665.4;26.51;82;95;107;-2.13;10;1.80;9.0;43.314935;-1.903789;3.101
22;DR;2026-09-03T09:19:39.631Z;666.4;26.38;86;92;107;-2.13;10;1.80;9.0;43.314935;-1.903789;3.108
22;DR;2026-09-03T09:19:40.623Z;667.4;26.16;75;92;107;-3.13;10;1.80;8.8;43.314955;-1.903710;3.115
22;DR;2026-09-03T09:19:41.607Z;668.4;26.20;103;95;107;-3.13;12;2.05;7.8;43.314964;-1.903466;3.123
22;DR;2026-09-03T09:19:42.602Z;669.4;26.29;97;93;107;-3.23;12;2.05;7.8;43.314964;-1.903466;3.130
22;DR;2026-09-03T09:19:43.601Z;670.4;26.15;84;90;107;-3.23;12;2.05;7.8;43.314959;-1.903383;3.137
22;DR;2026-09-03T09:19:44.599Z;671.4;26.03;84;93;107;-2.23;12;2.05;7.4;43.314948;-1.903121;3.144
22;DR;2026-09-03T09:19:45.604Z;672.4;26.13;102;94;108;-2.23;12;2.05;7.4;43.314948;-1.903121;3.152
22;DR;2026-09-03T09:19:46.604Z;673.4;26.31;90;92;110;-1.90;12;2.05;7.4;43.314948;-1.903121;3.159
22;DR;2026-09-03T09:19:47.602Z;674.4;26.29;89;91;109;-1.90;12;2.05;7.0;43.314937;-1.902864;3.166
22;DR;2026-09-03T09:19:48.601Z;675.4;26.25;90;93;109;-1.92;12;2.05;7.0;43.314937;-1.902864;3.173
22;DR;2026-09-03T09:19:49.601Z;676.4;26.32;97;93;109;-1.92;12;2.05;7.0;43.314937;-1.902864;3.181
22;DR;2026-09-03T09:19:50.607Z;677.4;26.35;86;92;109;-0.91;12;2.05;7.2;43.314931;-1.902617;3.188
22;DR;2026-09-03T09:19:51.613Z;678.4;26.22;86;93;112;-0.91;12;2.05;7.2;43.314931;-1.902617;3.195
22;DR;2026-09-03T09:19:52.618Z;679.4;26.10;84;93;111;0.09;12;2.05;7.2;43.314931;-1.902617;3.203
22;DR;2026-09-03T09:19:53.603Z;680.4;25.99;87;91;111;0.09;12;2.05;7.2;43.314919;-1.902194;3.210
22;DR;2026-09-03T09:19:54.610Z;681.4;25.63;105;91;111;0.00;12;2.05;7.2;43.314919;-1.902194;3.217
22;DR;2026-09-03T09:19:55.605Z;682.4;25.26;101;93;108;0.00;12;2.05;7.2;43.314919;-1.902194;3.224
22;DR;2026-09-03T09:19:56.600Z;683.4;25.43;141;90;107;0.00;12;2.05;7.2;43.314919;-1.902194;3.231
22;DR;2026-09-03T09:19:57.616Z;684.4;25.61;118;90;108;0.00;12;2.05;7.2;43.314919;-1.902194;3.238
22;DR;2026-09-03T09:19:58.605Z;685.4;25.50;113;90;107;0.00;12;2.05;7.2;43.314892;-1.901613;3.245
22;DR;2026-09-03T09:19:59.606Z;686.4;25.41;113;89;111;0.00;12;2.05;7.2;43.314892;-1.901613;3.252
22;DR;2026-09-03T09:20:00.620Z;687.4;25.37;118;89;109;0.00;12;2.05;7.2;43.314892;-1.901613;3.260
22;DR;2026-09-03T09:20:01.599Z;688.4;25.36;116;89;109;0.00;12;2.05;7.2;43.314892;-1.901613;3.266
22;DR;2026-09-03T09:20:02.598Z;689.4;25.25;110;90;110;0.00;12;2.05;7.2;43.314892;-1.901613;3.273
22;DR;2026-09-03T09:20:03.610Z;690.4;25.14;114;89;108;0.00;12;2.05;7.2;43.314892;-1.901613;3.281
22;DR;2026-09-03T09:20:04.601Z;691.4;25.11;119;89;108;-0.52;12;2.05;7.0;43.314855;-1.901139;3.287
22;DR;2026-09-03T09:20:05.600Z;692.4;25.04;112;89;109;-0.52;12;2.05;7.0;43.314855;-1.901139;3.294
22;DR;2026-09-03T09:20:06.600Z;693.4;25.22;108;89;109;-0.52;12;2.05;7.0;43.314855;-1.901139;3.301
22;DR;2026-09-03T09:20:07.601Z;694.4;25.68;108;89;107;-0.52;12;2.05;7.0;43.314855;-1.901139;3.309
22;DR;2026-09-03T09:20:08.604Z;695.4;26.15;112;91;107;-0.41;12;2.05;7.0;43.314855;-1.901139;3.316
22;DR;2026-09-03T09:20:09.603Z;696.4;26.66;120;95;108;-0.41;12;2.05;7.0;43.314855;-1.901139;3.323
22;DR;2026-09-03T09:20:10.601Z;697.4;26.66;67;92;108;0.59;12;2.05;7.2;43.314858;-1.900787;3.330
22;DR;2026-09-03T09:20:11.601Z;698.4;26.36;90;97;109;0.59;12;2.05;7.2;43.314858;-1.900787;3.338
22;DR;2026-09-03T09:20:12.606Z;699.4;25.68;121;94;107;-0.24;12;2.05;7.2;43.314858;-1.900787;3.345
22;DR;2026-09-03T09:20:13.606Z;700.4;24.78;113;90;107;-0.24;12;2.05;7.2;43.314858;-1.900787;3.352
22;DR;2026-09-03T09:20:14.602Z;701.4;24.98;137;89;108;0.76;12;2.05;7.2;43.314851;-1.900644;3.359
22;DR;2026-09-03T09:20:15.607Z;702.4;25.66;120;87;107;0.76;12;2.05;7.2;43.314867;-1.900567;3.366
22;DR;2026-09-03T09:20:16.610Z;703.4;25.16;126;89;106;1.65;12;2.05;7.4;43.314890;-1.900438;3.373
22;DR;2026-09-03T09:20:17.608Z;704.4;24.20;124;90;107;1.65;12;2.05;7.4;43.314890;-1.900438;3.380
22;DR;2026-09-03T09:20:18.602Z;705.4;23.43;183;85;107;0.65;12;2.05;7.4;43.314881;-1.900289;3.387
22;DR;2026-09-03T09:20:19.610Z;706.4;23.27;242;82;104;0.65;12;2.05;7.4;43.314881;-1.900289;3.393
22;DR;2026-09-03T09:20:20.602Z;707.4;24.10;197;83;104;-0.35;12;2.05;7.4;43.314828;-1.900205;3.400
22;DR;2026-09-03T09:20:21.622Z;708.4;24.69;147;86;105;-0.35;12;2.05;7.2;43.314632;-1.899967;3.407
22;DR;2026-09-03T09:20:22.602Z;709.4;25.18;125;89;104;-0.69;12;2.05;7.2;43.314632;-1.899967;3.413
22;DR;2026-09-03T09:20:23.605Z;710.4;25.98;116;90;105;-0.69;12;2.05;7.2;43.314632;-1.899967;3.420
22;DR;2026-09-03T09:20:24.608Z;711.4;26.35;96;92;107;0.09;12;2.05;7.2;43.314632;-1.899967;3.428
22;DR;2026-09-03T09:20:25.611Z;712.4;26.37;91;91;107;0.09;12;2.05;7.4;43.314464;-1.899764;3.435
22;DR;2026-09-03T09:20:26.598Z;713.4;25.99;104;92;107;0.80;12;2.05;7.4;43.314464;-1.899764;3.442
22;DR;2026-09-03T09:20:27.604Z;714.4;25.43;114;93;108;0.80;12;2.05;7.4;43.314464;-1.899764;3.449
22;DR;2026-09-03T09:20:28.604Z;715.4;24.85;150;91;108;-0.20;12;2.05;7.4;43.314464;-1.899764;3.456
22;DR;2026-09-03T09:20:29.624Z;716.4;24.61;192;87;108;-0.20;12;2.05;7.2;43.314310;-1.899597;3.463
22;DR;2026-09-03T09:20:30.609Z;717.4;25.16;135;86;109;-0.70;12;2.05;7.2;43.314310;-1.899597;3.470
22;DR;2026-09-03T09:20:31.612Z;718.4;25.76;110;88;109;-0.70;12;2.05;7.2;43.314310;-1.899597;3.477
22;DR;2026-09-03T09:20:32.603Z;719.4;25.92;88;92;109;0.29;12;2.05;7.4;43.313989;-1.899228;3.484
22;DR;2026-09-03T09:20:33.598Z;720.4;25.91;93;91;113;0.29;12;2.05;7.4;43.313989;-1.899228;3.492
22;DR;2026-09-03T09:20:34.605Z;721.4;25.40;96;80;112;0.59;13;2.19;7.4;43.313989;-1.899228;3.499
22;DR;2026-09-03T09:20:35.597Z;722.4;24.95;154;82;111;0.59;13;2.19;7.4;43.313989;-1.899228;3.506
22;DR;2026-09-03T09:20:36.605Z;723.4;24.67;137;92;111;0.59;13;2.19;7.4;43.313989;-1.899228;3.513
22;DR;2026-09-03T09:20:37.601Z;724.4;24.49;159;85;111;0.59;13;2.19;7.4;43.313989;-1.899228;3.519
22;DR;2026-09-03T09:20:38.617Z;725.4;24.51;151;86;109;-0.41;13;2.19;7.2;43.313942;-1.899173;3.526
22;DR;2026-09-03T09:20:39.601Z;726.4;24.42;150;86;110;-0.41;13;2.19;7.4;43.313634;-1.898811;3.533
22;DR;2026-09-03T09:20:40.618Z;727.4;24.94;128;86;110;0.59;13;2.19;7.4;43.313634;-1.898811;3.540
22;DR;2026-09-03T09:20:41.596Z;728.4;25.65;114;88;109;0.59;13;2.19;7.4;43.313634;-1.898811;3.547
22;DR;2026-09-03T09:20:42.603Z;729.4;25.34;118;89;109;0.61;13;2.19;7.4;43.313634;-1.898811;3.554
22;DR;2026-09-03T09:20:43.588Z;730.4;24.59;128;90;109;0.61;13;2.19;7.4;43.313634;-1.898811;3.561
22;DR;2026-09-03T09:20:44.591Z;731.4;24.37;160;89;109;0.61;13;2.19;7.4;43.313634;-1.898811;3.568
22;DR;2026-09-03T09:20:45.582Z;732.3;24.24;150;85;109;0.61;13;2.19;7.4;43.313634;-1.898811;3.574
22;DR;2026-09-03T09:20:46.582Z;733.3;24.30;173;86;109;0.66;13;2.19;7.6;43.313414;-1.898412;3.581
22;DR;2026-09-03T09:20:47.590Z;734.4;24.47;164;85;109;0.66;13;2.19;7.6;43.313414;-1.898412;3.588
22;DR;2026-09-03T09:20:48.596Z;735.4;24.36;155;86;110;0.66;13;2.19;7.6;43.313414;-1.898412;3.595
22;DR;2026-09-03T09:20:49.582Z;736.3;24.31;169;87;109;0.66;13;2.19;7.6;43.313414;-1.898412;3.601
22;DR;2026-09-03T09:20:50.597Z;737.4;24.21;155;86;109;0.58;13;2.19;7.6;43.313414;-1.898412;3.608
22;DR;2026-09-03T09:20:51.589Z;738.4;24.35;188;85;110;0.58;13;2.19;7.6;43.313414;-1.898412;3.615
22;DR;2026-09-03T09:20:52.583Z;739.3;24.53;154;86;106;-0.42;13;2.19;7.2;43.313196;-1.897907;3.622
22;DR;2026-09-03T09:20:53.601Z;740.4;24.51;153;86;108;-0.42;13;2.19;7.2;43.313196;-1.897907;3.629
22;DR;2026-09-03T09:20:54.600Z;741.4;24.98;125;86;110;-0.76;13;2.19;7.2;43.313196;-1.897907;3.636
22;DR;2026-09-03T09:20:55.585Z;742.3;24.92;119;85;108;-0.76;13;2.19;7.2;43.313196;-1.897907;3.642
22;DR;2026-09-03T09:20:56.591Z;743.4;23.35;10;81;111;-0.76;13;2.19;7.2;43.313196;-1.897907;3.649
22;DR;2026-09-03T09:20:57.594Z;744.4;21.37;8;81;107;-0.76;13;2.19;7.2;43.313196;-1.897907;3.655
22;DR;2026-09-03T09:20:58.588Z;745.4;21.65;60;74;106;0.15;13;2.19;7.2;43.313196;-1.897907;3.661
22;DR;2026-09-03T09:20:59.588Z;746.4;24.39;221;73;106;0.15;13;2.19;7.4;43.312959;-1.897360;3.668
22;DR;2026-09-03T09:21:00.594Z;747.4;25.39;178;73;106;0.55;13;2.19;7.4;43.312959;-1.897360;3.675
22;DR;2026-09-03T09:21:01.599Z;748.4;23.20;16;82;106;0.55;13;2.19;7.4;43.312959;-1.897360;3.681
22;DR;2026-09-03T09:21:02.588Z;749.4;19.86;16;82;107;0.55;13;2.19;7.4;43.312959;-1.897360;3.687
22;DR;2026-09-03T09:21:03.590Z;750.4;16.92;15;67;106;0.55;13;2.19;7.4;43.312959;-1.897360;3.692
22;DR;2026-09-03T09:21:04.586Z;751.4;17.32;29;63;104;0.55;13;2.19;7.4;43.312959;-1.897360;3.697
22;DR;2026-09-03T09:21:05.592Z;752.4;21.01;241;52;109;0.55;13;2.19;7.4;43.312959;-1.897360;3.703
22;DR;2026-09-03T09:21:06.598Z;753.4;23.76;185;79;108;0.44;13;2.19;7.4;43.312959;-1.897360;3.709
22;DR;2026-09-03T09:21:07.593Z;754.4;24.78;171;85;108;0.44;13;2.19;7.4;43.312959;-1.897360;3.715
22;DR;2026-09-03T09:21:08.603Z;755.4;24.93;123;89;110;0.14;13;2.19;7.4;43.312748;-1.896922;3.722
22;DR;2026-09-03T09:21:09.594Z;756.4;24.76;148;88;110;0.14;13;2.19;7.4;43.312748;-1.896922;3.729
22;DR;2026-09-03T09:21:10.603Z;757.4;24.85;130;85;112;0.14;13;2.19;7.4;43.312748;-1.896922;3.736
22;DR;2026-09-03T09:21:11.584Z;758.3;24.99;129;86;113;0.14;13;2.19;7.4;43.312748;-1.896922;3.743
22;DR;2026-09-03T09:21:12.591Z;759.4;25.14;128;77;114;0.19;13;2.19;7.4;43.312748;-1.896922;3.750
22;DR;2026-09-03T09:21:13.596Z;760.4;25.06;106;79;116;0.19;13;2.19;7.4;43.312748;-1.896922;3.757
22;DR;2026-09-03T09:21:14.593Z;761.4;24.81;118;79;118;0.92;13;2.19;7.8;43.312488;-1.896354;3.764
22;DR;2026-09-03T09:21:15.593Z;762.4;24.71;124;79;117;0.92;13;2.19;7.8;43.312488;-1.896354;3.771
22;DR;2026-09-03T09:21:16.583Z;763.3;24.24;141;76;117;0.92;13;2.19;7.8;43.312488;-1.896354;3.778
22;DR;2026-09-03T09:21:17.589Z;764.4;23.85;154;77;117;0.92;13;2.19;7.8;43.312488;-1.896354;3.784
22;DR;2026-09-03T09:21:18.595Z;765.4;23.84;172;76;118;0.92;13;2.19;7.8;43.312488;-1.896354;3.791
22;DR;2026-09-03T09:21:19.585Z;766.3;23.79;177;83;119;0.92;13;2.19;7.8;43.312488;-1.896354;3.797
22;DR;2026-09-03T09:21:20.596Z;767.4;23.64;165;84;118;0.93;13;2.19;7.8;43.312488;-1.896354;3.804
22;DR;2026-09-03T09:21:21.582Z;768.3;23.76;176;84;120;0.93;13;2.19;7.8;43.312488;-1.896354;3.811
22;DR;2026-09-03T09:21:22.586Z;769.4;24.17;200;84;119;1.07;13;2.19;8.2;43.312279;-1.895864;3.817
22;DR;2026-09-03T09:21:23.591Z;770.4;24.28;182;85;117;1.07;13;2.19;8.2;43.312279;-1.895864;3.824
22;DR;2026-09-03T09:21:24.596Z;771.4;23.86;171;85;117;1.07;13;2.19;8.2;43.312279;-1.895864;3.831
22;DR;2026-09-03T09:21:25.582Z;772.3;23.48;190;84;117;1.07;13;2.19;8.2;43.312279;-1.895864;3.837
22;DR;2026-09-03T09:21:26.596Z;773.4;23.40;183;84;117;1.07;13;2.19;8.2;43.312279;-1.895864;3.844
22;DR;2026-09-03T09:21:27.581Z;774.3;23.25;169;82;118;1.07;13;2.19;8.2;43.312279;-1.895864;3.850
22;DR;2026-09-03T09:21:28.584Z;775.3;23.17;188;82;116;0.35;13;2.19;8.2;43.312279;-1.895864;3.857
22;DR;2026-09-03T09:21:29.597Z;776.4;23.13;174;82;116;0.35;13;2.19;8.2;43.312029;-1.895301;3.863
22;DR;2026-09-03T09:21:30.582Z;777.3;23.47;156;83;116;0.14;13;2.19;8.2;43.312029;-1.895301;3.870
22;DR;2026-09-03T09:21:31.582Z;778.3;24.01;135;82;117;0.14;13;2.19;8.2;43.312029;-1.895301;3.876
22;DR;2026-09-03T09:21:32.583Z;779.3;24.30;126;84;118;0.14;13;2.19;8.2;43.312029;-1.895301;3.883
22;DR;2026-09-03T09:21:33.589Z;780.4;24.44;118;87;118;0.14;13;2.19;8.2;43.312029;-1.895301;3.890
22;DR;2026-09-03T09:21:34.594Z;781.4;24.54;123;86;118;0.14;13;2.19;8.2;43.312029;-1.895301;3.897
22;DR;2026-09-03T09:21:35.590Z;782.4;24.60;120;86;118;0.14;13;2.19;8.2;43.312029;-1.895301;3.903
22;DR;2026-09-03T09:21:36.601Z;783.4;24.65;123;87;118;1.14;13;2.19;8.2;43.312029;-1.895301;3.910
22;DR;2026-09-03T09:21:37.581Z;784.3;24.61;120;86;117;1.14;13;2.19;8.6;43.311943;-1.895161;3.917
22;DR;2026-09-03T09:21:38.587Z;785.4;24.10;148;86;117;2.04;13;2.19;8.6;43.311943;-1.895161;3.924
22;DR;2026-09-03T09:21:39.582Z;786.3;23.60;165;86;117;2.04;13;2.19;8.8;43.311827;-1.895041;3.930
22;DR;2026-09-03T09:21:40.586Z;787.4;22.99;199;84;117;1.04;13;2.19;8.8;43.311827;-1.895041;3.937
22;DR;2026-09-03T09:21:41.577Z;788.3;22.77;259;80;117;1.04;13;2.19;8.8;43.311827;-1.895041;3.943
22;DR;2026-09-03T09:21:42.570Z;789.3;23.63;242;82;112;0.14;13;2.19;8.8;43.311757;-1.895014;3.950
22;DR;2026-09-03T09:21:43.565Z;790.3;24.08;163;84;113;0.14;13;2.19;8.8;43.311592;-1.894958;3.956
22;DR;2026-09-03T09:21:44.585Z;791.3;24.25;129;85;114;-0.26;13;2.19;8.8;43.311592;-1.894958;3.963
22;DR;2026-09-03T09:21:45.580Z;792.3;24.64;117;85;114;-0.26;13;2.19;8.8;43.311592;-1.894958;3.970
22;DR;2026-09-03T09:21:46.571Z;793.3;24.82;94;86;114;0.36;13;2.19;8.6;43.311573;-1.894810;3.977
22;DR;2026-09-03T09:21:47.571Z;794.3;25.18;108;89;114;0.36;13;2.19;9.2;43.311623;-1.894600;3.984
22;DR;2026-09-03T09:21:48.577Z;795.3;25.20;119;89;115;1.36;13;2.19;9.2;43.311623;-1.894600;3.991
22;DR;2026-09-03T09:21:49.570Z;796.3;24.93;111;90;115;1.36;13;2.19;9.2;43.311623;-1.894600;3.997
22;DR;2026-09-03T09:21:50.572Z;797.3;24.36;165;78;115;0.37;13;2.19;9.0;43.311590;-1.894367;4.004
22;DR;2026-09-03T09:21:51.574Z;798.3;24.12;228;79;115;0.37;13;2.19;9.0;43.311590;-1.894367;4.011
22;DR;2026-09-03T09:21:52.579Z;799.3;24.88;211;88;118;-0.36;13;2.19;9.0;43.311590;-1.894367;4.018
22;DR;2026-09-03T09:21:53.575Z;800.3;25.42;145;84;117;-0.36;13;2.19;9.0;43.311566;-1.894285;4.025
22;DR;2026-09-03T09:21:54.568Z;801.3;25.76;130;88;117;-1.35;13;2.19;7.8;43.311461;-1.893855;4.032
22;DR;2026-09-03T09:21:55.576Z;802.3;26.24;102;90;117;-1.35;13;2.19;7.8;43.311461;-1.893855;4.039
22;DR;2026-09-03T09:21:56.571Z;803.3;26.45;99;93;117;-2.36;13;2.19;7.8;43.311461;-1.893855;4.047
22;DR;2026-09-03T09:21:57.567Z;804.3;26.58;95;95;117;-2.36;14;2.34;7.8;43.311461;-1.893855;4.054
22;DR;2026-09-03T09:21:58.583Z;805.3;26.79;109;97;119;-2.91;14;2.34;7.8;43.311461;-1.893855;4.061
22;DR;2026-09-03T09:21:59.578Z;806.3;26.94;92;96;117;-2.91;14;2.34;7.6;43.311436;-1.893765;4.069
22;DR;2026-09-03T09:22:00.576Z;807.3;26.88;85;92;116;-1.91;14;2.34;7.6;43.311419;-1.893673;4.076
22;DR;2026-09-03T09:22:01.587Z;808.4;26.95;107;100;116;-1.91;14;2.34;7.4;43.311324;-1.893230;4.084
22;DR;2026-09-03T09:22:02.601Z;809.4;26.94;74;98;116;-0.90;14;2.34;7.4;43.311324;-1.893230;4.091
22;DR;2026-09-03T09:22:03.581Z;810.3;26.82;94;94;115;-0.90;14;2.34;7.4;43.311324;-1.893230;4.099
22;DR;2026-09-03T09:22:04.576Z;811.3;26.76;87;97;115;-0.33;14;2.34;7.4;43.311324;-1.893230;4.106
22;DR;2026-09-03T09:22:05.580Z;812.3;26.80;99;93;114;-0.33;14;2.34;7.4;43.311324;-1.893230;4.114
22;DR;2026-09-03T09:22:06.576Z;813.3;26.83;103;91;115;-0.58;14;2.34;7.0;43.311179;-1.892609;4.121
22;DR;2026-09-03T09:22:07.592Z;814.4;26.91;114;95;115;-0.58;14;2.34;7.0;43.311179;-1.892609;4.129
22;DR;2026-09-03T09:22:08.578Z;815.3;27.10;107;94;114;-0.58;14;2.34;7.0;43.311179;-1.892609;4.136
22;DR;2026-09-03T09:22:09.580Z;816.3;26.76;63;98;113;-0.58;14;2.34;7.0;43.311179;-1.892609;4.144
22;DR;2026-09-03T09:22:10.572Z;817.3;26.33;91;115;113;-0.58;14;2.34;7.0;43.311179;-1.892609;4.151
22;DR;2026-09-03T09:22:11.564Z;818.3;26.27;82;99;112;-0.58;14;2.34;7.0;43.311179;-1.892609;4.158
22;DR;2026-09-03T09:22:12.582Z;819.3;26.42;100;94;112;0.42;14;2.34;7.0;43.311179;-1.892609;4.166
22;DR;2026-09-03T09:22:13.565Z;820.3;26.75;100;96;113;0.42;14;2.34;7.6;43.310946;-1.891871;4.173
22;DR;2026-09-03T09:22:14.566Z;821.3;26.54;121;92;113;1.33;14;2.34;7.6;43.310946;-1.891871;4.180
22;DR;2026-09-03T09:22:15.566Z;822.3;25.74;136;94;111;1.33;15;2.50;7.6;43.310946;-1.891871;4.187
22;DR;2026-09-03T09:22:16.584Z;823.3;24.68;156;94;111;1.56;15;2.50;7.6;43.310946;-1.891871;4.195
22;DR;2026-09-03T09:22:17.569Z;824.3;23.89;213;86;114;1.56;15;2.50;7.6;43.310946;-1.891871;4.201
22;DR;2026-09-03T09:22:18.571Z;825.3;23.68;208;84;114;1.56;15;2.50;7.6;43.310946;-1.891871;4.208
22;DR;2026-09-03T09:22:19.580Z;826.3;23.86;249;84;113;1.56;15;2.50;7.6;43.310946;-1.891871;4.215
22;DR;2026-09-03T09:22:20.567Z;827.3;23.86;223;84;114;1.56;15;2.50;7.6;43.310946;-1.891871;4.221
22;DR;2026-09-03T09:22:21.566Z;828.3;23.49;208;84;113;1.56;15;2.50;7.6;43.310946;-1.891871;4.228
22;DR;2026-09-03T09:22:22.577Z;829.3;23.30;222;83;115;0.70;15;2.50;7.6;43.310946;-1.891871;4.234
22;DR;2026-09-03T09:22:23.569Z;830.3;23.34;229;82;113;0.70;15;2.50;7.6;43.310923;-1.891783;4.241
22;DR;2026-09-03T09:22:24.568Z;831.3;23.77;201;83;113;1.53;15;2.50;8.0;43.310790;-1.891267;4.247
22;DR;2026-09-03T09:22:25.574Z;832.3;24.17;151;85;112;1.53;15;2.50;8.0;43.310790;-1.891267;4.254
22;DR;2026-09-03T09:22:26.580Z;833.3;23.83;175;85;112;1.53;15;2.50;8.0;43.310790;-1.891267;4.261
22;DR;2026-09-03T09:22:27.570Z;834.3;23.40;230;83;114;1.53;15;2.50;8.0;43.310790;-1.891267;4.267
22;DR;2026-09-03T09:22:28.567Z;835.3;23.43;213;83;112;1.53;15;2.50;8.0;43.310790;-1.891267;4.274
22;DR;2026-09-03T09:22:29.577Z;836.3;23.67;235;84;112;1.53;15;2.50;8.0;43.310790;-1.891267;4.280
22;DR;2026-09-03T09:22:30.573Z;837.3;23.67;215;83;112;1.28;15;2.50;8.2;43.310708;-1.890932;4.287
22;DR;2026-09-03T09:22:31.577Z;838.3;23.42;215;84;113;1.28;15;2.50;8.2;43.310708;-1.890932;4.293
22;DR;2026-09-03T09:22:32.572Z;839.3;23.41;212;83;112;1.28;15;2.50;8.2;43.310708;-1.890932;4.300
22;DR;2026-09-03T09:22:33.567Z;840.3;23.49;193;83;115;1.28;15;2.50;8.2;43.310708;-1.890932;4.306
22;DR;2026-09-03T09:22:34.572Z;841.3;23.43;200;83;113;1.99;15;2.50;8.2;43.310708;-1.890932;4.313
22;DR;2026-09-03T09:22:35.584Z;842.3;23.34;198;82;115;1.99;15;2.50;8.6;43.310633;-1.890601;4.319
22;DR;2026-09-03T09:22:36.581Z;843.3;22.77;209;82;113;2.17;15;2.50;8.6;43.310633;-1.890601;4.326
22;DR;2026-09-03T09:22:37.572Z;844.3;22.44;207;81;114;2.17;15;2.50;8.6;43.310633;-1.890601;4.332
22;DR;2026-09-03T09:22:38.578Z;845.3;22.43;247;79;114;2.16;15;2.50;8.6;43.310633;-1.890601;4.338
22;DR;2026-09-03T09:22:39.573Z;846.3;22.59;278;79;114;2.16;15;2.50;8.8;43.310598;-1.890433;4.344
22;DR;2026-09-03T09:22:40.579Z;847.3;22.78;293;80;113;1.46;15;2.50;8.8;43.310598;-1.890433;4.351
22;DR;2026-09-03T09:22:41.554Z;848.3;22.53;246;80;113;1.46;15;2.50;8.8;43.310589;-1.890340;4.357
22;DR;2026-09-03T09:22:42.559Z;849.3;23.18;275;80;114;2.45;15;2.50;8.8;43.310589;-1.890340;4.363
22;DR;2026-09-03T09:22:43.557Z;850.3;23.87;207;83;114;2.45;15;2.50;9.2;43.310558;-1.890077;4.370
22;DR;2026-09-03T09:22:44.555Z;851.3;22.88;199;83;114;2.63;15;2.50;9.2;43.310558;-1.890077;4.376
22;DR;2026-09-03T09:22:45.550Z;852.3;22.28;235;82;114;2.63;15;2.50;9.2;43.310558;-1.890077;4.383
22;DR;2026-09-03T09:22:46.552Z;853.3;22.35;317;79;113;1.63;15;2.50;9.2;43.310529;-1.890000;4.389
22;DR;2026-09-03T09:22:47.559Z;854.3;22.06;273;78;115;1.63;15;2.50;9.0;43.310460;-1.889848;4.395
22;DR;2026-09-03T09:22:48.567Z;855.3;22.58;261;79;117;0.78;15;2.50;9.0;43.310460;-1.889848;4.401
22;DR;2026-09-03T09:22:49.558Z;856.3;23.21;199;81;117;0.78;15;2.50;9.6;43.310502;-1.889598;4.407
22;DR;2026-09-03T09:22:50.568Z;857.3;23.40;184;82;118;1.78;15;2.50;9.6;43.310502;-1.889598;4.414
22;DR;2026-09-03T09:22:51.549Z;858.3;23.77;177;83;117;1.78;15;2.50;9.6;43.310502;-1.889598;4.420
22;DR;2026-09-03T09:22:52.560Z;859.3;23.18;186;82;118;1.91;15;2.50;9.6;43.310502;-1.889598;4.427
22;DR;2026-09-03T09:22:53.555Z;860.3;22.65;209;82;118;1.91;15;2.50;9.8;43.310561;-1.889349;4.433
22;DR;2026-09-03T09:22:54.549Z;861.3;22.62;254;81;118;1.67;15;2.50;9.8;43.310561;-1.889349;4.440
22;DR;2026-09-03T09:22:55.553Z;862.3;22.48;238;79;121;1.67;14;2.34;9.8;43.310561;-1.889349;4.446
22;DR;2026-09-03T09:22:56.551Z;863.3;22.80;248;80;120;2.67;14;2.34;10.0;43.310563;-1.889267;4.452
22;DR;2026-09-03T09:22:57.556Z;864.3;22.84;238;80;120;2.67;14;2.34;10.2;43.310565;-1.889181;4.459
22;DR;2026-09-03T09:22:58.549Z;865.3;22.05;248;80;120;2.87;14;2.34;11.0;43.310585;-1.888747;4.465
22;DR;2026-09-03T09:22:59.549Z;866.3;21.74;288;79;121;2.87;14;2.34;11.0;43.310585;-1.888747;4.471
22;DR;2026-09-03T09:23:00.554Z;867.3;21.81;305;77;120;2.87;14;2.34;11.0;43.310585;-1.888747;4.477
22;DR;2026-09-03T09:23:01.550Z;868.3;21.67;282;76;121;2.87;14;2.34;11.0;43.310585;-1.888747;4.483
22;DR;2026-09-03T09:23:02.551Z;869.3;21.54;290;76;121;2.76;14;2.34;11.0;43.310585;-1.888747;4.489
22;DR;2026-09-03T09:23:03.551Z;870.3;21.47;285;76;121;2.76;14;2.34;11.0;43.310585;-1.888747;4.495
22;DR;2026-09-03T09:23:04.559Z;871.3;21.49;293;76;123;1.94;14;2.34;11.2;43.310601;-1.888579;4.501
22;DR;2026-09-03T09:23:05.552Z;872.3;21.42;271;75;127;1.94;14;2.34;11.2;43.310601;-1.888579;4.507
22;DR;2026-09-03T09:23:06.548Z;873.3;21.83;256;77;126;1.24;14;2.34;11.6;43.310673;-1.888000;4.513
22;DR;2026-09-03T09:23:07.563Z;874.3;22.39;260;78;125;1.24;14;2.34;11.6;43.310673;-1.888000;4.519
22;DR;2026-09-03T09:23:08.549Z;875.3;22.69;213;80;124;1.24;14;2.34;11.6;43.310673;-1.888000;4.525
22;DR;2026-09-03T09:23:09.553Z;876.3;23.00;192;81;124;1.24;14;2.34;11.6;43.310673;-1.888000;4.532
22;DR;2026-09-03T09:23:10.553Z;877.3;23.02;178;81;125;1.24;14;2.34;11.6;43.310673;-1.888000;4.538
22;DR;2026-09-03T09:23:11.556Z;878.3;23.15;199;81;125;1.24;14;2.34;11.6;43.310673;-1.888000;4.544
22;DR;2026-09-03T09:23:12.562Z;879.3;23.11;180;82;125;1.10;14;2.34;11.6;43.310673;-1.888000;4.551
22;DR;2026-09-03T09:23:13.557Z;880.3;22.95;180;82;124;1.10;14;2.34;11.6;43.310673;-1.888000;4.557
22;DR;2026-09-03T09:23:14.554Z;881.3;22.91;179;81;125;0.11;14;2.34;11.6;43.310680;-1.887919;4.564
22;DR;2026-09-03T09:23:15.554Z;882.3;22.97;176;81;125;0.11;14;2.34;11.2;43.310699;-1.887505;4.570
22;DR;2026-09-03T09:23:16.555Z;883.3;23.51;159;82;125;-0.89;14;2.34;11.2;43.310699;-1.887505;4.576
22;DR;2026-09-03T09:23:17.555Z;884.3;24.50;139;84;125;-0.89;14;2.34;11.2;43.310699;-1.887505;4.583
22;DR;2026-09-03T09:23:18.565Z;885.3;25.20;120;86;126;-1.08;14;2.34;11.2;43.310699;-1.887505;4.590
22;DR;2026-09-03T09:23:19.551Z;886.3;25.69;102;90;120;-1.08;14;2.34;11.2;43.310699;-1.887505;4.597
22;DR;2026-09-03T09:23:20.554Z;887.3;26.35;121;90;122;-0.23;14;2.34;11.0;43.310711;-1.886953;4.604
22;DR;2026-09-03T09:23:21.558Z;888.3;26.92;103;93;123;-0.23;14;2.34;11.0;43.310711;-1.886953;4.612
22;DR;2026-09-03T09:23:22.565Z;889.3;27.13;117;96;124;-0.23;14;2.34;11.0;43.310711;-1.886953;4.619
22;DR;2026-09-03T09:23:23.560Z;890.3;27.15;108;98;124;-0.23;13;2.19;11.0;43.310711;-1.886953;4.627
22;DR;2026-09-03T09:23:24.549Z;891.3;27.05;107;94;125;-0.11;15;2.50;11.0;43.310711;-1.886953;4.634
22;DR;2026-09-03T09:23:25.565Z;892.3;26.97;112;92;125;-0.11;15;2.50;11.0;43.310711;-1.886953;4.642
22;DR;2026-09-03T09:23:26.556Z;893.3;26.84;119;97;125;-0.10;15;2.50;10.8;43.310742;-1.886388;4.649
22;DR;2026-09-03T09:23:27.555Z;894.3;26.61;107;96;129;-0.10;15;2.50;10.8;43.310742;-1.886388;4.657
22;DR;2026-09-03T09:23:28.558Z;895.3;26.49;112;95;129;0.17;17;2.85;10.8;43.310742;-1.886388;4.664
22;DR;2026-09-03T09:23:29.558Z;896.3;26.50;124;94;128;0.17;17;2.85;10.8;43.310742;-1.886388;4.671
22;DR;2026-09-03T09:23:30.573Z;897.3;26.26;111;93;128;0.17;17;2.85;10.8;43.310742;-1.886388;4.679
22;DR;2026-09-03T09:23:31.560Z;898.3;25.88;133;93;129;0.17;17;2.85;10.8;43.310742;-1.886388;4.686
22;DR;2026-09-03T09:23:32.564Z;899.3;25.71;128;92;128;-0.83;17;2.85;10.2;43.310756;-1.885910;4.693
22;DR;2026-09-03T09:23:33.563Z;900.3;25.57;129;90;127;-0.83;17;2.85;10.2;43.310756;-1.885910;4.700
22;DR;2026-09-03T09:23:34.551Z;901.3;25.66;122;90;127;-1.38;17;2.85;10.2;43.310756;-1.885910;4.707
22;DR;2026-09-03T09:23:35.566Z;902.3;26.13;111;92;128;-1.38;17;2.85;10.2;43.310756;-1.885910;4.715
22;DR;2026-09-03T09:23:36.551Z;903.3;26.58;106;92;126;-0.51;17;2.85;10.2;43.310756;-1.885910;4.722
22;DR;2026-09-03T09:23:37.549Z;904.3;26.77;98;93;127;-0.51;19;3.24;10.2;43.310756;-1.885910;4.729
22;DR;2026-09-03T09:23:38.557Z;905.3;26.76;87;84;127;0.49;19;3.24;10.4;43.310754;-1.885708;4.737
22;DR;2026-09-03T09:23:39.553Z;906.3;26.91;94;83;126;0.49;19;3.24;10.4;43.310754;-1.885708;4.744
22;DR;2026-09-03T09:23:40.553Z;907.3;26.75;111;91;126;1.16;19;3.24;10.4;43.310746;-1.885146;4.752
22;DR;2026-09-03T09:23:41.547Z;908.3;25.83;131;96;125;1.16;19;3.24;10.4;43.310746;-1.885146;4.759
22;DR;2026-09-03T09:23:42.540Z;909.3;24.87;174;94;126;1.16;19;3.24;10.4;43.310746;-1.885146;4.766
22;DR;2026-09-03T09:23:43.533Z;910.3;24.43;169;86;125;1.16;19;3.24;10.4;43.310746;-1.885146;4.773
22;DR;2026-09-03T09:23:44.538Z;911.3;24.45;206;87;125;1.16;19;3.24;10.4;43.310746;-1.885146;4.780
22;DR;2026-09-03T09:23:45.531Z;912.3;24.35;208;85;125;1.16;19;3.24;10.4;43.310746;-1.885146;4.786
22;DR;2026-09-03T09:23:46.536Z;913.3;24.18;194;85;127;1.16;19;3.24;10.4;43.310725;-1.884965;4.793
22;DR;2026-09-03T09:23:47.535Z;914.3;24.08;207;86;127;1.16;19;3.24;10.4;43.310725;-1.884965;4.800
22;DR;2026-09-03T09:23:48.535Z;915.3;24.09;204;84;127;1.16;19;3.24;10.4;43.310586;-1.884433;4.806
22;DR;2026-09-03T09:23:49.542Z;916.3;24.03;196;85;126;1.16;19;3.24;10.4;43.310586;-1.884433;4.813
22;DR;2026-09-03T09:23:50.538Z;917.3;23.90;202;86;126;1.16;19;3.24;10.4;43.310586;-1.884433;4.820
22;DR;2026-09-03T09:23:51.536Z;918.3;23.96;204;84;125;1.16;19;3.24;10.4;43.310586;-1.884433;4.826
22;DR;2026-09-03T09:23:52.535Z;919.3;23.98;199;84;125;1.16;19;3.24;10.4;43.310586;-1.884433;4.833
22;DR;2026-09-03T09:23:53.545Z;920.3;23.96;199;86;123;1.16;19;3.24;10.4;43.310586;-1.884433;4.840
22;DR;2026-09-03T09:23:54.541Z;921.3;23.92;194;84;122;0.75;19;3.24;10.4;43.310586;-1.884433;4.846
22;DR;2026-09-03T09:23:55.538Z;922.3;23.90;193;84;122;0.75;19;3.24;10.2;43.310354;-1.884085;4.853
22;DR;2026-09-03T09:23:56.534Z;923.3;23.89;164;85;120;0.33;19;3.24;10.2;43.310354;-1.884085;4.860
22;DR;2026-09-03T09:23:57.542Z;924.3;23.98;172;84;120;0.33;19;3.24;10.2;43.310354;-1.884085;4.866
22;DR;2026-09-03T09:23:58.538Z;925.3;24.30;148;85;120;0.33;19;3.24;10.2;43.310354;-1.884085;4.873
22;DR;2026-09-03T09:23:59.539Z;926.3;24.66;155;85;119;0.33;19;3.24;10.2;43.310354;-1.884085;4.880
22;DR;2026-09-03T09:24:00.541Z;927.3;24.80;137;86;123;0.90;19;3.24;10.2;43.310354;-1.884085;4.887
22;DR;2026-09-03T09:24:01.545Z;928.3;24.70;128;88;121;0.90;19;3.24;10.2;43.310234;-1.883986;4.894
22;DR;2026-09-03T09:24:02.536Z;929.3;24.48;161;88;122;-0.10;19;3.24;10.2;43.310234;-1.883986;4.900
22;DR;2026-09-03T09:24:03.541Z;930.3;24.20;175;86;120;-0.10;19;3.24;9.8;43.310134;-1.883859;4.907
22;DR;2026-09-03T09:24:04.536Z;931.3;24.19;164;86;118;-1.04;19;3.24;9.8;43.310134;-1.883859;4.914
22;DR;2026-09-03T09:24:05.542Z;932.3;24.84;139;86;116;-1.04;19;3.24;10.0;43.310102;-1.883588;4.921
22;DR;2026-09-03T09:24:06.544Z;933.3;25.66;119;87;115;-0.04;19;3.24;10.0;43.310102;-1.883588;4.928
22;DR;2026-09-03T09:24:07.535Z;934.3;26.09;100;90;116;-0.04;19;3.24;10.0;43.310102;-1.883588;4.935
22;DR;2026-09-03T09:24:08.545Z;935.3;26.19;97;91;116;0.96;19;3.24;10.0;43.310102;-1.883588;4.942
22;DR;2026-09-03T09:24:09.533Z;936.3;26.03;114;94;116;0.96;19;3.24;10.2;43.310227;-1.883356;4.949
22;DR;2026-09-03T09:24:10.540Z;937.3;25.60;117;92;116;1.96;19;3.24;10.2;43.310227;-1.883356;4.957
22;DR;2026-09-03T09:24:11.536Z;938.3;24.87;143;91;117;1.96;19;3.24;10.2;43.310227;-1.883356;4.964
22;DR;2026-09-03T09:24:12.546Z;939.3;23.94;198;89;115;2.53;19;3.24;10.4;43.310272;-1.883285;4.970
22;DR;2026-09-03T09:24:13.533Z;940.3;23.27;249;84;116;2.53;19;3.24;10.4;43.310308;-1.883203;4.977
22;DR;2026-09-03T09:24:14.544Z;941.3;22.81;245;83;116;1.53;19;3.24;10.4;43.310345;-1.883024;4.983
22;DR;2026-09-03T09:24:15.549Z;942.3;22.50;259;80;116;1.53;19;3.24;10.4;43.310345;-1.883024;4.990
22;DR;2026-09-03T09:24:16.545Z;943.3;23.01;269;81;117;2.21;19;3.24;10.6;43.310350;-1.882653;4.996
22;DR;2026-09-03T09:24:17.547Z;944.3;23.52;256;81;117;2.21;19;3.24;10.6;43.310350;-1.882653;5.002
22;DR;2026-09-03T09:24:18.538Z;945.3;23.09;218;82;117;2.21;19;3.24;10.6;43.310350;-1.882653;5.009
22;DR;2026-09-03T09:24:19.541Z;946.3;22.69;257;82;116;2.21;19;3.24;10.6;43.310350;-1.882653;5.015
22;DR;2026-09-03T09:24:20.537Z;947.3;22.80;288;80;117;1.97;19;3.24;10.6;43.310350;-1.882653;5.022
22;DR;2026-09-03T09:24:21.537Z;948.3;22.83;260;81;117;1.97;19;3.24;10.8;43.310349;-1.882011;5.028
22;DR;2026-09-03T09:24:22.538Z;949.3;22.89;248;80;117;1.77;19;3.24;10.8;43.310349;-1.882011;5.034
22;DR;2026-09-03T09:24:23.544Z;950.3;22.88;259;80;118;1.77;19;3.24;10.8;43.310349;-1.882011;5.041
22;DR;2026-09-03T09:24:24.540Z;951.3;23.03;253;81;117;1.77;19;3.24;10.8;43.310349;-1.882011;5.047
22;DR;2026-09-03T09:24:25.535Z;952.3;23.21;232;81;118;1.77;19;3.24;10.8;43.310349;-1.882011;5.053
22;DR;2026-09-03T09:24:26.551Z;953.3;23.01;227;82;118;1.77;19;3.24;10.8;43.310349;-1.882011;5.060
22;DR;2026-09-03T09:24:27.536Z;954.3;22.81;221;81;118;1.77;19;3.24;10.8;43.310349;-1.882011;5.066
22;DR;2026-09-03T09:24:28.532Z;955.3;22.66;221;80;120;2.76;19;3.24;10.8;43.310349;-1.882011;5.072
22;DR;2026-09-03T09:24:29.547Z;956.3;22.60;223;80;123;2.76;19;3.24;11.0;43.310348;-1.881919;5.079
22;DR;2026-09-03T09:24:30.536Z;957.3;22.28;248;80;124;1.76;19;3.24;11.0;43.310348;-1.881919;5.085
22;DR;2026-09-03T09:24:31.535Z;958.3;21.77;253;79;124;1.76;18;3.04;11.0;43.310374;-1.881280;5.091
22;DR;2026-09-03T09:24:32.534Z;959.3;22.17;298;77;122;0.96;18;3.04;11.0;43.310374;-1.881280;5.097
22;DR;2026-09-03T09:24:33.535Z;960.3;22.84;219;79;120;0.96;18;3.04;11.0;43.310374;-1.881280;5.103
22;DR;2026-09-03T09:24:34.536Z;961.3;23.06;191;81;120;0.96;18;3.04;11.0;43.310374;-1.881280;5.110
22;DR;2026-09-03T09:24:35.535Z;962.3;23.43;197;81;122;0.96;18;3.04;11.0;43.310374;-1.881280;5.116
22;DR;2026-09-03T09:24:36.547Z;963.3;23.49;159;82;122;0.96;18;3.04;11.0;43.310374;-1.881280;5.123
22;DR;2026-09-03T09:24:37.535Z;964.3;23.36;169;84;115;0.96;18;3.04;11.0;43.310374;-1.881280;5.129
22;DR;2026-09-03T09:24:38.538Z;965.3;23.41;172;82;115;1.94;18;3.04;11.0;43.310374;-1.881280;5.136
22;DR;2026-09-03T09:24:39.542Z;966.3;23.44;172;82;118;1.94;18;3.04;11.4;43.310478;-1.880664;5.142
22;DR;2026-09-03T09:24:40.540Z;967.3;23.00;175;82;119;2.12;18;3.04;11.4;43.310478;-1.880664;5.149
22;DR;2026-09-03T09:24:41.535Z;968.3;22.52;188;81;118;2.12;18;3.04;11.4;43.310478;-1.880664;5.155
22;DR;2026-09-03T09:24:42.534Z;969.3;22.25;242;80;119;2.12;18;3.04;11.4;43.310478;-1.880664;5.161
22;DR;2026-09-03T09:24:43.530Z;970.3;22.03;229;79;118;2.12;18;3.04;11.4;43.310478;-1.880664;5.167
22;DR;2026-09-03T09:24:44.525Z;971.3;22.17;262;78;121;2.12;18;3.04;11.4;43.310478;-1.880664;5.174
22;DR;2026-09-03T09:24:45.521Z;972.3;22.33;250;78;120;2.12;18;3.04;11.4;43.310478;-1.880664;5.180
22;DR;2026-09-03T09:24:46.517Z;973.3;22.41;265;79;121;2.80;18;3.04;11.4;43.310478;-1.880664;5.186
22;DR;2026-09-03T09:24:47.524Z;974.3;22.52;259;80;121;2.80;18;3.04;11.6;43.310536;-1.880504;5.192
22;DR;2026-09-03T09:24:48.528Z;975.3;22.26;274;79;124;1.79;18;3.04;11.6;43.310536;-1.880504;5.198
22;DR;2026-09-03T09:24:49.527Z;976.3;22.07;280;79;123;1.79;18;3.04;11.4;43.310656;-1.880417;5.205
22;DR;2026-09-03T09:24:50.519Z;977.3;22.68;322;79;121;0.80;18;3.04;11.4;43.310656;-1.880417;5.211
22;DR;2026-09-03T09:24:51.525Z;978.3;23.34;245;81;121;0.80;18;3.04;11.4;43.310656;-1.880417;5.217
22;DR;2026-09-03T09:24:52.531Z;979.3;23.62;213;83;120;0.96;18;3.04;11.4;43.310863;-1.880430;5.224
22;DR;2026-09-03T09:24:53.536Z;980.3;24.24;184;85;121;0.96;17;2.85;11.4;43.310863;-1.880430;5.230
22;DR;2026-09-03T09:24:54.522Z;981.3;24.78;195;86;123;1.50;17;2.85;11.4;43.310863;-1.880430;5.237
22;DR;2026-09-03T09:24:55.515Z;982.3;24.69;186;87;122;1.50;17;2.85;11.6;43.311061;-1.880442;5.244
22;DR;2026-09-03T09:24:56.533Z;983.3;24.16;184;86;120;2.04;17;2.85;11.6;43.311061;-1.880442;5.251
22;DR;2026-09-03T09:24:57.536Z;984.3;23.89;213;86;121;2.04;17;2.85;11.6;43.311061;-1.880442;5.258
22;DR;2026-09-03T09:24:58.529Z;985.3;23.70;247;85;121;2.59;17;2.85;11.8;43.311194;-1.880395;5.264
22;DR;2026-09-03T09:24:59.528Z;986.3;23.36;221;84;121;2.59;17;2.85;11.8;43.311194;-1.880395;5.271
22;DR;2026-09-03T09:25:00.515Z;987.3;23.03;269;82;124;1.60;17;2.85;11.8;43.311194;-1.880395;5.277
22;DR;2026-09-03T09:25:01.529Z;988.3;22.48;256;80;123;1.60;17;2.85;11.8;43.311355;-1.880183;5.283
22;DR;2026-09-03T09:25:02.523Z;989.3;22.65;284;80;123;0.77;17;2.85;11.8;43.311355;-1.880183;5.290
22;DR;2026-09-03T09:25:03.522Z;990.3;23.33;221;81;123;0.77;17;2.85;11.8;43.311355;-1.880183;5.296
22;DR;2026-09-03T09:25:04.518Z;991.3;23.89;210;83;125;1.77;16;2.67;11.8;43.311355;-1.880183;5.303
22;DR;2026-09-03T09:25:05.526Z;992.3;24.59;220;84;122;1.77;16;2.67;12.0;43.311388;-1.880096;5.309
22;DR;2026-09-03T09:25:06.519Z;993.3;24.41;176;85;122;2.77;16;2.67;12.4;43.311420;-1.880019;5.316
22;DR;2026-09-03T09:25:07.518Z;994.3;23.43;179;87;122;2.77;16;2.67;13.0;43.311483;-1.879882;5.323
22;DR;2026-09-03T09:25:08.520Z;995.3;22.72;253;83;123;3.77;16;2.67;13.0;43.311483;-1.879882;5.329
22;DR;2026-09-03T09:25:09.515Z;996.3;22.21;268;79;124;3.77;16;2.67;14.0;43.311687;-1.879492;5.335
22;DR;2026-09-03T09:25:10.521Z;997.3;21.77;317;78;125;3.94;16;2.67;14.0;43.311687;-1.879492;5.342
22;DR;2026-09-03T09:25:11.517Z;998.3;21.23;314;77;125;3.94;16;2.67;14.0;43.311687;-1.879492;5.347
22;DR;2026-09-03T09:25:12.533Z;999.3;20.83;336;74;125;3.94;16;2.67;14.0;43.311687;-1.879492;5.353
22;DR;2026-09-03T09:25:13.518Z;1000.3;20.75;367;73;126;3.94;16;2.67;14.0;43.311687;-1.879492;5.359
22;DR;2026-09-03T09:25:14.524Z;1001.3;20.67;336;73;127;2.94;16;2.67;14.0;43.311687;-1.879492;5.365
22;DR;2026-09-03T09:25:15.518Z;1002.3;20.46;340;73;126;2.94;16;2.67;14.0;43.311769;-1.879366;5.371
22;DR;2026-09-03T09:25:16.535Z;1003.3;20.91;356;73;126;1.94;16;2.67;14.0;43.311769;-1.879366;5.376
22;DR;2026-09-03T09:25:17.531Z;1004.3;21.60;322;75;126;1.94;16;2.67;14.0;43.311769;-1.879366;5.382
22;DR;2026-09-03T09:25:18.517Z;1005.3;21.93;277;77;127;0.95;16;2.67;12.4;43.312076;-1.878940;5.388
22;DR;2026-09-03T09:25:19.532Z;1006.3;22.40;253;78;127;0.95;16;2.67;12.4;43.312076;-1.878940;5.394
22;DR;2026-09-03T09:25:20.528Z;1007.3;22.94;206;80;127;-0.06;16;2.67;12.4;43.312076;-1.878940;5.401
22;DR;2026-09-03T09:25:21.533Z;1008.3;23.42;207;81;126;-0.06;16;2.67;12.4;43.312076;-1.878940;5.407
22;DR;2026-09-03T09:25:22.524Z;1009.3;23.95;167;83;125;-1.06;16;2.67;12.4;43.312076;-1.878940;5.414
22;DR;2026-09-03T09:25:23.520Z;1010.3;24.78;148;84;126;-1.06;16;2.67;12.4;43.312076;-1.878940;5.420
22;DR;2026-09-03T09:25:24.520Z;1011.3;25.99;138;91;124;-2.06;16;2.67;12.4;43.312076;-1.878940;5.428
22;DR;2026-09-03T09:25:25.529Z;1012.3;26.29;91;86;124;-2.06;16;2.67;12.0;43.312196;-1.878781;5.435
22;DR;2026-09-03T09:25:26.522Z;1013.3;24.87;14;89;124;-2.14;16;2.67;12.0;43.312196;-1.878781;5.442
22;DR;2026-09-03T09:25:27.517Z;1014.3;22.84;11;94;129;-2.14;16;2.67;12.0;43.312196;-1.878781;5.449
22;DR;2026-09-03T09:25:28.522Z;1015.3;20.88;10;88;127;-1.14;16;2.67;11.8;43.312424;-1.878465;5.455
22;DR;2026-09-03T09:25:29.528Z;1016.3;19.89;9;82;125;-1.14;16;2.67;11.8;43.312424;-1.878465;5.460
22;DR;2026-09-03T09:25:30.530Z;1017.3;21.58;84;71;123;-0.14;16;2.67;11.8;43.312424;-1.878465;5.466
22;DR;2026-09-03T09:25:31.529Z;1018.3;24.69;165;74;125;-0.14;16;2.67;11.8;43.312424;-1.878465;5.472
22;DR;2026-09-03T09:25:32.521Z;1019.3;26.38;153;87;125;0.02;16;2.67;11.8;43.312424;-1.878465;5.480
22;DR;2026-09-03T09:25:33.521Z;1020.3;26.79;107;93;126;0.02;16;2.67;11.8;43.312424;-1.878465;5.487
22;DR;2026-09-03T09:25:34.522Z;1021.3;26.48;114;95;125;0.60;16;2.67;11.8;43.312788;-1.877925;5.494
22;DR;2026-09-03T09:25:35.522Z;1022.3;26.11;115;94;126;0.60;16;2.67;11.8;43.312788;-1.877925;5.502
22;DR;2026-09-03T09:25:36.533Z;1023.3;25.70;139;91;127;0.60;16;2.67;11.8;43.312788;-1.877925;5.509
22;DR;2026-09-03T09:25:37.518Z;1024.3;25.06;128;92;125;0.60;16;2.67;11.8;43.312788;-1.877925;5.516
22;DR;2026-09-03T09:25:38.529Z;1025.3;24.69;165;89;124;0.60;16;2.67;11.8;43.312788;-1.877925;5.523
22;DR;2026-09-03T09:25:39.533Z;1026.3;24.44;151;86;125;0.60;16;2.67;11.8;43.312788;-1.877925;5.530
22;DR;2026-09-03T09:25:40.517Z;1027.3;24.44;151;86;127;0.60;16;2.67;11.8;43.312788;-1.877925;5.536
22;DR;2026-09-03T09:25:41.515Z;1028.3;24.26;153;87;129;0.60;16;2.67;11.8;43.312788;-1.877925;5.543
22;DR;2026-09-03T09:25:42.505Z;1029.3;24.27;162;86;130;1.59;16;2.67;12.4;43.313183;-1.877322;5.550
22;DR;2026-09-03T09:25:43.508Z;1030.3;24.06;166;86;130;1.59;16;2.67;12.4;43.313183;-1.877322;5.557
22;DR;2026-09-03T09:25:44.499Z;1031.3;23.46;209;84;131;1.79;16;2.67;12.4;43.313183;-1.877322;5.563
22;DR;2026-09-03T09:25:45.512Z;1032.3;23.46;209;84;131;1.79;16;2.67;12.4;43.313183;-1.877322;5.570
22;DR;2026-09-03T09:25:46.551Z;1033.3;23.19;246;82;132;1.79;16;2.67;12.4;43.313183;-1.877322;5.576
22;DR;2026-09-03T09:25:47.503Z;1034.3;23.25;238;82;132;1.79;16;2.67;12.4;43.313183;-1.877322;5.583
22;DR;2026-09-03T09:25:48.499Z;1035.3;23.25;238;82;131;1.79;16;2.67;12.4;43.313183;-1.877322;5.589
22;DR;2026-09-03T09:25:49.506Z;1036.3;22.73;242;82;131;1.79;16;2.67;12.4;43.313183;-1.877322;5.595
22;DR;2026-09-03T09:25:50.509Z;1037.3;21.57;173;83;131;1.79;16;2.67;12.4;43.313183;-1.877322;5.602
22;DR;2026-09-03T09:25:51.505Z;1038.3;21.57;173;83;131;1.79;16;2.67;12.4;43.313183;-1.877322;5.608
22;DR;2026-09-03T09:25:52.501Z;1039.3;20.98;197;83;131;2.78;16;2.67;13.2;43.313370;-1.877029;5.613
22;DR;2026-09-03T09:25:53.500Z;1040.3;20.86;201;84;130;2.78;16;2.67;13.2;43.313370;-1.877029;5.619
22;DR;2026-09-03T09:25:54.499Z;1041.3;20.41;200;83;129;3.78;16;2.67;13.2;43.313370;-1.877029;5.625
22;DR;2026-09-03T09:25:55.506Z;1042.3;19.74;293;80;128;3.78;16;2.67;13.2;43.313370;-1.877029;5.631
22;DR;2026-09-03T09:25:56.501Z;1043.3;19.53;292;78;129;3.97;16;2.67;13.2;43.313370;-1.877029;5.636
22;DR;2026-09-03T09:25:57.502Z;1044.3;19.53;292;78;128;3.97;16;2.67;13.2;43.313370;-1.877029;5.641
22;DR;2026-09-03T09:25:58.500Z;1045.3;19.57;316;79;127;4.13;16;2.67;13.8;43.313504;-1.876828;5.647
22;DR;2026-09-03T09:25:59.502Z;1046.3;19.52;339;78;128;4.13;13;2.19;13.8;43.313504;-1.876828;5.652
22;DR;2026-09-03T09:26:00.511Z;1047.3;19.38;320;77;127;3.55;13;2.19;13.8;43.313504;-1.876828;5.658
22;DR;2026-09-03T09:26:01.501Z;1048.3;19.30;331;77;128;3.55;11;1.92;13.8;43.313504;-1.876828;5.663
22;DR;2026-09-03T09:26:02.503Z;1049.3;19.34;301;78;126;3.55;10;1.80;14.4;43.313588;-1.876701;5.668
22;DR;2026-09-03T09:26:03.503Z;1050.3;19.43;296;79;127;3.55;10;1.80;14.4;43.313588;-1.876701;5.674
22;DR;2026-09-03T09:26:04.500Z;1051.3;19.45;300;78;127;3.77;10;1.80;15.0;43.313665;-1.876579;5.679
22;DR;2026-09-03T09:26:05.502Z;1052.3;19.29;299;77;126;3.77;10;1.80;15.0;43.313665;-1.876579;5.685
22;DR;2026-09-03T09:26:06.505Z;1053.3;19.25;306;78;126;3.72;10;1.80;15.0;43.313665;-1.876579;5.690
22;DR;2026-09-03T09:26:07.505Z;1054.3;19.32;315;78;127;3.72;10;1.80;15.6;43.313745;-1.876455;5.695
22;DR;2026-09-03T09:26:08.500Z;1055.3;19.24;309;77;126;2.99;10;1.80;15.6;43.313745;-1.876455;5.701
22;DR;2026-09-03T09:26:09.504Z;1056.3;19.32;283;78;124;2.99;10;1.80;15.8;43.313789;-1.876403;5.706
22;DR;2026-09-03T09:26:10.508Z;1057.3;19.68;296;79;126;2.46;10;1.80;15.8;43.313789;-1.876403;5.711
22;DR;2026-09-03T09:26:11.499Z;1058.3;19.92;252;79;125;2.46;10;1.80;16.6;43.313946;-1.876166;5.717
22;DR;2026-09-03T09:26:12.506Z;1059.3;20.06;247;80;130;2.46;10;1.80;16.6;43.313946;-1.876166;5.723
22;DR;2026-09-03T09:26:13.505Z;1060.3;20.03;218;80;129;2.46;10;1.80;16.6;43.313946;-1.876166;5.728
22;DR;2026-09-03T09:26:14.507Z;1061.3;20.04;236;80;129;2.47;10;1.80;16.6;43.313946;-1.876166;5.734
22;DR;2026-09-03T09:26:15.499Z;1062.3;20.09;234;80;130;2.47;10;1.80;17.4;43.314110;-1.875941;5.739
22;DR;2026-09-03T09:26:16.512Z;1063.3;20.04;230;80;130;2.48;10;1.80;17.4;43.314110;-1.875941;5.745
22;DR;2026-09-03T09:26:17.509Z;1064.3;19.99;231;80;129;2.48;10;1.80;17.4;43.314110;-1.875941;5.750
22;DR;2026-09-03T09:26:18.502Z;1065.3;20.11;244;80;130;1.92;10;1.80;17.4;43.314110;-1.875941;5.756
22;DR;2026-09-03T09:26:19.510Z;1066.3;20.48;246;81;132;1.92;10;1.80;17.4;43.314110;-1.875941;5.762
22;DR;2026-09-03T09:26:20.509Z;1067.3;20.79;217;83;132;0.92;10;1.80;17.6;43.314332;-1.875667;5.767
22;DR;2026-09-03T09:26:21.509Z;1068.3;20.93;169;84;131;0.92;10;1.80;17.6;43.314332;-1.875667;5.773
22;DR;2026-09-03T09:26:22.506Z;1069.3;21.45;185;84;131;0.28;10;1.80;17.6;43.314332;-1.875667;5.779
22;DR;2026-09-03T09:26:23.511Z;1070.3;22.02;153;74;131;0.28;10;1.80;17.6;43.314332;-1.875667;5.785
22;DR;2026-09-03T09:26:24.512Z;1071.3;22.51;130;78;130;0.34;10;1.80;17.6;43.314332;-1.875667;5.791
22;DR;2026-09-03T09:26:25.517Z;1072.3;22.97;120;81;129;0.34;10;1.80;17.8;43.314519;-1.875476;5.798
22;DR;2026-09-03T09:26:26.502Z;1073.3;23.07;123;80;134;0.43;10;1.80;17.8;43.314519;-1.875476;5.804
22;DR;2026-09-03T09:26:27.512Z;1074.3;22.95;116;82;134;0.43;10;1.80;17.8;43.314519;-1.875476;5.810
22;DR;2026-09-03T09:26:28.513Z;1075.3;22.69;113;75;132;0.45;10;1.80;17.8;43.314519;-1.875476;5.817
22;DR;2026-09-03T09:26:29.498Z;1076.3;22.57;121;75;132;0.45;10;1.80;17.8;43.314519;-1.875476;5.823
22;DR;2026-09-03T09:26:30.529Z;1077.3;22.66;128;90;131;0.50;10;1.80;18.2;43.314895;-1.875200;5.829
22;DR;2026-09-03T09:26:31.502Z;1078.3;22.58;113;90;130;0.50;10;1.80;18.2;43.314895;-1.875200;5.835
22;DR;2026-09-03T09:26:32.521Z;1079.3;22.51;118;91;131;0.50;10;1.80;18.2;43.314895;-1.875200;5.842
22;DR;2026-09-03T09:26:33.516Z;1080.3;22.55;132;80;131;0.50;10;1.80;18.2;43.314895;-1.875200;5.848
22;DR;2026-09-03T09:26:34.499Z;1081.3;22.53;123;78;130;0.50;10;1.80;18.2;43.314895;-1.875200;5.854
22;DR;2026-09-03T09:26:35.499Z;1082.3;22.48;130;78;130;0.50;10;1.80;18.2;43.314895;-1.875200;5.860
22;DR;2026-09-03T09:26:36.500Z;1083.3;22.38;119;89;130;-0.50;10;1.80;18.2;43.314895;-1.875200;5.867
22;DR;2026-09-03T09:26:37.500Z;1084.3;22.40;127;90;131;-0.50;10;1.80;18.0;43.314960;-1.875166;5.873
22;DR;2026-09-03T09:26:38.510Z;1085.3;22.55;66;92;131;-1.51;10;1.80;16.6;43.315302;-1.874964;5.879
22;DR;2026-09-03T09:26:39.505Z;1086.3;23.20;101;90;131;-1.51;10;1.80;16.6;43.315302;-1.874964;5.886
22;DR;2026-09-03T09:26:40.503Z;1087.3;24.00;114;83;130;-2.51;10;1.80;16.6;43.315302;-1.874964;5.892
22;DR;2026-09-03T09:26:41.500Z;1088.3;23.32;74;68;136;-2.51;11;1.92;16.6;43.315302;-1.874964;5.899
22;DR;2026-09-03T09:26:42.486Z;1089.3;21.61;9;80;134;-3.50;14;2.34;16.6;43.315302;-1.874964;5.905
22;DR;2026-09-03T09:26:43.486Z;1090.3;21.47;58;88;134;-3.50;14;2.34;16.6;43.315302;-1.874964;5.911
22;DR;2026-09-03T09:26:44.487Z;1091.3;22.90;123;82;131;-2.50;14;2.34;16.6;43.315302;-1.874964;5.917
22;DR;2026-09-03T09:26:45.502Z;1092.3;23.77;91;88;130;-2.50;14;2.34;16.4;43.315445;-1.874884;5.924
22;DR;2026-09-03T09:26:46.492Z;1093.3;23.98;84;93;130;-1.50;16;2.67;16.4;43.315445;-1.874884;5.930
22;DR;2026-09-03T09:26:47.495Z;1094.3;23.91;85;86;129;-1.50;17;2.85;16.4;43.315445;-1.874884;5.937
22;DR;2026-09-03T09:26:48.493Z;1095.3;23.83;67;66;128;-0.49;17;2.85;16.6;43.315799;-1.874684;5.943
22;DR;2026-09-03T09:26:49.494Z;1096.3;24.12;97;74;128;-0.49;17;2.85;16.6;43.315799;-1.874684;5.950
22;DR;2026-09-03T09:26:50.490Z;1097.3;24.48;89;75;127;0.50;17;2.85;16.6;43.315799;-1.874684;5.957
22;DR;2026-09-03T09:26:51.511Z;1098.3;24.68;94;85;127;0.50;17;2.85;16.6;43.315799;-1.874684;5.964
22;DR;2026-09-03T09:26:52.485Z;1099.2;23.06;108;77;125;1.50;18;3.04;16.6;43.315799;-1.874684;5.970
22;DR;2026-09-03T09:26:53.492Z;1100.3;20.51;35;68;125;1.50;20;3.46;16.6;43.315799;-1.874684;5.976
22;DR;2026-09-03T09:26:54.490Z;1101.3;20.30;212;56;125;2.50;20;3.46;17.8;43.316176;-1.874451;5.982
22;DR;2026-09-03T09:26:55.500Z;1102.3;21.04;211;61;124;2.50;20;3.46;17.8;43.316176;-1.874451;5.988
22;DR;2026-09-03T09:26:56.483Z;1103.2;20.56;208;84;125;3.50;20;3.46;17.8;43.316176;-1.874451;5.993
22;DR;2026-09-03T09:26:57.482Z;1104.2;20.10;268;82;124;3.50;20;3.46;17.8;43.316176;-1.874451;5.999
22;DR;2026-09-03T09:26:58.492Z;1105.3;19.74;265;81;123;4.50;20;3.46;17.8;43.316176;-1.874451;6.005
22;DR;2026-09-03T09:26:59.491Z;1106.3;19.49;334;78;123;4.50;20;3.46;17.8;43.316176;-1.874451;6.010
22;DR;2026-09-03T09:27:00.497Z;1107.3;18.95;306;78;122;5.51;20;3.46;17.8;43.316176;-1.874451;6.015
22;DR;2026-09-03T09:27:01.492Z;1108.3;18.36;339;77;122;5.51;20;3.46;17.8;43.316176;-1.874451;6.021
22;DR;2026-09-03T09:27:02.490Z;1109.3;17.79;371;74;122;4.51;20;3.46;18.0;43.316240;-1.874410;6.026
22;DR;2026-09-03T09:27:03.496Z;1110.3;17.56;348;72;121;4.51;19;3.24;18.0;43.316240;-1.874410;6.031
22;DR;2026-09-03T09:27:04.487Z;1111.3;18.11;370;72;121;3.51;19;3.24;18.4;43.316746;-1.874074;6.035
22;DR;2026-09-03T09:27:05.483Z;1112.2;18.70;341;74;122;3.51;19;3.24;18.4;43.316746;-1.874074;6.041
22;DR;2026-09-03T09:27:06.490Z;1113.3;18.95;314;75;121;2.51;19;3.24;18.4;43.316746;-1.874074;6.046
22;DR;2026-09-03T09:27:07.485Z;1114.2;19.22;286;76;121;2.51;19;3.24;18.4;43.316746;-1.874074;6.051
22;DR;2026-09-03T09:27:08.491Z;1115.3;19.56;259;77;121;2.17;19;3.24;18.4;43.316746;-1.874074;6.057
22;DR;2026-09-03T09:27:09.492Z;1116.3;19.68;216;78;122;2.17;19;3.24;18.4;43.316746;-1.874074;6.062
22;DR;2026-09-03T09:27:10.498Z;1117.3;19.76;211;79;123;2.17;19;3.24;18.4;43.316746;-1.874074;6.068
22;DR;2026-09-03T09:27:11.499Z;1118.3;19.88;204;78;123;2.17;19;3.24;18.4;43.316746;-1.874074;6.073
22;DR;2026-09-03T09:27:12.484Z;1119.2;19.83;209;80;123;2.17;19;3.24;18.4;43.316746;-1.874074;6.078
22;DR;2026-09-03T09:27:13.499Z;1120.3;19.83;202;79;122;2.17;19;3.24;18.4;43.316746;-1.874074;6.084
22;DR;2026-09-03T09:27:14.485Z;1121.2;19.85;210;79;123;3.17;19;3.24;18.4;43.316746;-1.874074;6.089
22;DR;2026-09-03T09:27:15.507Z;1122.3;19.62;206;79;123;3.17;19;3.24;18.6;43.316807;-1.874035;6.095
22;DR;2026-09-03T09:27:16.497Z;1123.3;19.25;236;79;123;3.61;19;3.24;18.6;43.316807;-1.874035;6.100
22;DR;2026-09-03T09:27:17.492Z;1124.3;19.09;288;77;124;3.61;19;3.24;18.8;43.316926;-1.873938;6.106
22;DR;2026-09-03T09:27:18.488Z;1125.3;19.13;286;77;124;2.62;19;3.24;18.8;43.316926;-1.873938;6.111
22;DR;2026-09-03T09:27:19.483Z;1126.2;19.53;316;76;124;2.62;18;3.04;18.8;43.316926;-1.873938;6.116
22;DR;2026-09-03T09:27:20.484Z;1127.2;19.98;253;79;125;1.62;18;3.04;18.6;43.317088;-1.873766;6.122
22;DR;2026-09-03T09:27:21.494Z;1128.3;20.01;225;80;124;1.62;18;3.04;18.6;43.317088;-1.873766;6.127
22;DR;2026-09-03T09:27:22.484Z;1129.2;20.40;197;81;125;0.86;18;3.04;18.6;43.317088;-1.873766;6.133
22;DR;2026-09-03T09:27:23.485Z;1130.2;20.93;179;82;126;0.86;18;3.04;18.6;43.317088;-1.873766;6.139
22;DR;2026-09-03T09:27:24.489Z;1131.3;21.26;150;83;125;1.87;18;3.04;18.8;43.317138;-1.873700;6.145
22;DR;2026-09-03T09:27:25.492Z;1132.3;21.43;153;84;125;1.87;18;3.04;19.4;43.317345;-1.873333;6.151
22;DR;2026-09-03T09:27:26.502Z;1133.3;20.89;165;87;125;2.87;18;3.04;19.4;43.317345;-1.873333;6.157
22;DR;2026-09-03T09:27:27.483Z;1134.2;20.46;213;87;123;2.87;18;3.04;19.4;43.317345;-1.873333;6.162
22;DR;2026-09-03T09:27:28.494Z;1135.3;20.12;238;81;124;3.32;18;3.04;19.4;43.317345;-1.873333;6.168
22;DR;2026-09-03T09:27:29.499Z;1136.3;19.87;277;81;125;3.32;18;3.04;19.4;43.317345;-1.873333;6.173
22;DR;2026-09-03T09:27:30.487Z;1137.3;19.84;276;80;125;3.01;18;3.04;19.4;43.317345;-1.873333;6.179
22;DR;2026-09-03T09:27:31.486Z;1138.3;19.94;297;80;126;3.01;17;2.85;19.4;43.317345;-1.873333;6.184
22;DR;2026-09-03T09:27:32.488Z;1139.3;20.14;305;79;127;2.01;16;2.67;19.6;43.317439;-1.873091;6.190
22;DR;2026-09-03T09:27:33.487Z;1140.3;20.18;260;80;127;2.01;16;2.67;19.6;43.317439;-1.873091;6.196
22;DR;2026-09-03T09:27:34.498Z;1141.3;20.47;237;81;128;2.50;16;2.67;19.6;43.317439;-1.873091;6.201
22;DR;2026-09-03T09:27:35.489Z;1142.3;20.67;213;82;128;2.50;16;2.67;19.6;43.317439;-1.873091;6.207
22;DR;2026-09-03T09:27:36.499Z;1143.3;20.44;233;84;128;3.50;16;2.67;20.0;43.317506;-1.872938;6.213
22;DR;2026-09-03T09:27:37.489Z;1144.3;20.06;245;81;130;3.50;16;2.67;20.0;43.317506;-1.872938;6.218
22;DR;2026-09-03T09:27:38.484Z;1145.2;19.44;251;81;129;2.50;16;2.67;20.2;43.317548;-1.872774;6.224
22;DR;2026-09-03T09:27:39.496Z;1146.3;19.49;299;78;129;2.50;16;2.67;20.2;43.317548;-1.872774;6.229
22;DR;2026-09-03T09:27:40.491Z;1147.3;20.34;286;79;130;2.89;16;2.67;20.2;43.317548;-1.872774;6.235
22;DR;2026-09-03T09:27:41.483Z;1148.2;20.40;224;82;132;2.89;16;2.67;20.6;43.317612;-1.872521;6.240
22;DR;2026-09-03T09:27:42.466Z;1149.2;19.88;236;82;131;3.00;16;2.67;20.6;43.317612;-1.872521;6.246
22;DR;2026-09-03T09:27:43.481Z;1150.2;19.66;255;79;131;3.00;16;2.67;20.6;43.317612;-1.872521;6.251
22;DR;2026-09-03T09:27:44.474Z;1151.2;19.59;268;79;130;4.00;16;2.67;20.6;43.317612;-1.872521;6.257
22;DR;2026-09-03T09:27:45.472Z;1152.2;19.41;258;78;129;4.00;16;2.67;21.2;43.317648;-1.872353;6.262
22;DR;2026-09-03T09:27:46.476Z;1153.2;18.97;298;77;131;5.00;16;2.67;21.2;43.317648;-1.872353;6.268
22;DR;2026-09-03T09:27:47.478Z;1154.2;18.75;340;76;128;5.00;16;2.67;22.2;43.317703;-1.872040;6.273
22;DR;2026-09-03T09:27:48.483Z;1155.2;18.26;337;75;129;5.58;16;2.67;22.2;43.317703;-1.872040;6.278
22;DR;2026-09-03T09:27:49.467Z;1156.2;17.78;347;74;130;5.58;16;2.67;22.2;43.317703;-1.872040;6.283
22;DR;2026-09-03T09:27:50.481Z;1157.2;17.37;369;72;130;4.65;14;2.34;22.2;43.317703;-1.872040;6.288
22;DR;2026-09-03T09:27:51.466Z;1158.2;17.01;356;70;131;4.65;11;1.92;22.2;43.317703;-1.872040;6.293
22;DR;2026-09-03T09:27:52.482Z;1159.2;17.58;365;70;132;3.65;10;1.80;22.2;43.317703;-1.872040;6.297
22;DR;2026-09-03T09:27:53.466Z;1160.2;18.23;347;71;131;3.65;7;1.48;22.6;43.317747;-1.871888;6.302
22;DR;2026-09-03T09:27:54.473Z;1161.2;18.65;324;73;132;2.66;7;1.48;22.6;43.317747;-1.871888;6.308
22;DR;2026-09-03T09:27:55.469Z;1162.2;19.05;277;76;133;2.66;7;1.48;23.4;43.317826;-1.871586;6.313
22;DR;2026-09-03T09:27:56.476Z;1163.2;19.58;267;77;133;1.66;7;1.48;23.4;43.317826;-1.871586;6.318
22;DR;2026-09-03T09:27:57.469Z;1164.2;20.10;238;78;133;1.66;7;1.48;23.4;43.317826;-1.871586;6.324
22;DR;2026-09-03T09:27:58.476Z;1165.2;20.52;214;79;134;1.68;7;1.48;23.4;43.317826;-1.871586;6.329
22;DR;2026-09-03T09:27:59.466Z;1166.2;20.54;204;72;133;1.68;7;1.48;23.4;43.317826;-1.871586;6.335
22;DR;2026-09-03T09:28:00.467Z;1167.2;20.36;187;73;136;1.76;7;1.48;24.4;43.317904;-1.871216;6.341
22;DR;2026-09-03T09:28:01.472Z;1168.2;20.34;195;80;135;1.76;7;1.48;24.4;43.317904;-1.871216;6.346
22;DR;2026-09-03T09:28:02.478Z;1169.2;20.09;185;81;134;1.76;7;1.48;24.4;43.317904;-1.871216;6.352
22;DR;2026-09-03T09:28:03.468Z;1170.2;20.09;193;81;136;1.76;7;1.48;24.4;43.317904;-1.871216;6.357
22;DR;2026-09-03T09:28:04.466Z;1171.2;20.09;183;80;136;1.29;7;1.48;24.4;43.317904;-1.871216;6.363
22;DR;2026-09-03T09:28:05.485Z;1172.2;20.09;180;81;136;1.29;7;1.48;24.4;43.317904;-1.871216;6.369
22;DR;2026-09-03T09:28:06.481Z;1173.2;20.46;184;81;136;1.29;7;1.48;24.6;43.317931;-1.871071;6.374
22;DR;2026-09-03T09:28:07.466Z;1174.2;20.79;161;82;136;1.29;7;1.48;24.6;43.317931;-1.871071;6.380
22;DR;2026-09-03T09:28:08.467Z;1175.2;20.91;168;84;136;2.29;7;1.48;25.4;43.317972;-1.870855;6.386
22;DR;2026-09-03T09:28:09.477Z;1176.2;21.07;169;84;136;2.29;7;1.48;25.4;43.317972;-1.870855;6.392
22;DR;2026-09-03T09:28:10.471Z;1177.2;20.52;169;69;137;2.40;7;1.48;25.4;43.317972;-1.870855;6.397
22;DR;2026-09-03T09:28:11.469Z;1178.2;20.10;247;68;136;2.40;7;1.48;26.6;43.318059;-1.870507;6.403
22;DR;2026-09-03T09:28:12.474Z;1179.2;20.28;228;67;136;2.35;7;1.48;26.6;43.318059;-1.870507;6.409
22;DR;2026-09-03T09:28:13.466Z;1180.2;20.45;253;82;135;2.35;7;1.48;26.6;43.318059;-1.870507;6.414
22;DR;2026-09-03T09:28:14.486Z;1181.3;20.64;232;82;135;2.31;7;1.48;26.6;43.318059;-1.870507;6.420
22;DR;2026-09-03T09:28:15.471Z;1182.2;20.40;232;83;135;2.31;7;1.48;26.6;43.318059;-1.870507;6.426
22;DR;2026-09-03T09:28:16.466Z;1183.2;20.02;223;81;136;1.32;7;1.48;26.8;43.318080;-1.870440;6.431
22;DR;2026-09-03T09:28:17.472Z;1184.2;20.08;222;80;137;1.32;7;1.48;27.4;43.318207;-1.870034;6.437
22;DR;2026-09-03T09:28:18.472Z;1185.2;20.89;197;81;136;0.65;7;1.48;27.4;43.318207;-1.870034;6.443
22;DR;2026-09-03T09:28:19.480Z;1186.2;21.56;158;86;136;0.65;7;1.48;27.4;43.318207;-1.870034;6.449
22;DR;2026-09-03T09:28:20.469Z;1187.2;21.72;139;86;137;0.65;7;1.48;27.4;43.318207;-1.870034;6.454
22;DR;2026-09-03T09:28:21.473Z;1188.2;21.96;133;87;135;0.65;7;1.48;27.4;43.318207;-1.870034;6.461
22;DR;2026-09-03T09:28:22.465Z;1189.2;22.00;129;88;136;0.24;7;1.48;27.4;43.318207;-1.870034;6.467
22;DR;2026-09-03T09:28:23.466Z;1190.2;22.06;130;89;136;0.24;7;1.48;27.6;43.318345;-1.869719;6.473
22;DR;2026-09-03T09:28:24.482Z;1191.2;22.46;124;89;135;-0.07;7;1.48;27.6;43.318345;-1.869719;6.479
22;DR;2026-09-03T09:28:25.473Z;1192.2;22.93;118;90;135;-0.07;7;1.48;27.6;43.318345;-1.869719;6.485
22;DR;2026-09-03T09:28:26.483Z;1193.2;23.36;103;92;135;0.05;7;1.48;27.6;43.318345;-1.869719;6.492
22;DR;2026-09-03T09:28:27.476Z;1194.2;23.74;104;94;135;0.05;7;1.48;27.6;43.318345;-1.869719;6.498
22;DR;2026-09-03T09:28:28.484Z;1195.2;23.82;100;93;134;1.05;9;1.69;28.0;43.318405;-1.869596;6.505
22;DR;2026-09-03T09:28:29.480Z;1196.2;23.78;107;85;134;1.05;9;1.69;28.0;43.318405;-1.869596;6.512
22;DR;2026-09-03T09:28:30.479Z;1197.2;23.18;136;74;134;2.05;9;1.69;28.6;43.318505;-1.869384;6.518
22;DR;2026-09-03T09:28:31.476Z;1198.2;22.38;160;81;135;2.05;9;1.69;28.6;43.318505;-1.869384;6.524
22;DR;2026-09-03T09:28:32.466Z;1199.2;21.69;185;80;134;2.72;9;1.69;28.6;43.318505;-1.869384;6.530
22;DR;2026-09-03T09:28:33.482Z;1200.2;21.14;233;77;134;2.72;9;1.69;29.8;43.318674;-1.869101;6.536
22;DR;2026-09-03T09:28:34.477Z;1201.2;20.87;261;84;135;2.97;9;1.69;29.8;43.318674;-1.869101;6.542
22;DR;2026-09-03T09:28:35.476Z;1202.2;20.56;276;84;135;2.97;9;1.69;29.8;43.318674;-1.869101;6.548
22;DR;2026-09-03T09:28:36.469Z;1203.2;20.37;264;81;135;2.95;9;1.69;29.8;43.318674;-1.869101;6.554
22;DR;2026-09-03T09:28:37.475Z;1204.2;20.28;279;82;135;2.95;9;1.69;29.8;43.318674;-1.869101;6.559
22;DR;2026-09-03T09:28:38.466Z;1205.2;20.28;273;81;135;2.80;9;1.69;30.8;43.318847;-1.868883;6.565
22;DR;2026-09-03T09:28:39.478Z;1206.2;20.24;268;81;135;2.80;9;1.69;30.8;43.318847;-1.868883;6.571
22;DR;2026-09-03T09:28:40.480Z;1207.2;20.30;272;81;135;2.80;9;1.69;30.8;43.318847;-1.868883;6.576
22;DR;2026-09-03T09:28:41.477Z;1208.2;20.45;278;81;135;2.80;9;1.69;30.8;43.318847;-1.868883;6.582
22;DR;2026-09-03T09:28:42.469Z;1209.2;20.43;272;81;135;2.67;9;1.69;30.8;43.318847;-1.868883;6.588
22;DR;2026-09-03T09:28:43.473Z;1210.2;20.34;266;81;134;2.67;9;1.69;31.4;43.318960;-1.868753;6.593
22;DR;2026-09-03T09:28:44.461Z;1211.2;20.44;261;82;134;2.71;9;1.69;31.4;43.318960;-1.868753;6.599
22;DR;2026-09-03T09:28:45.457Z;1212.2;20.58;268;82;134;2.71;9;1.69;31.4;43.318960;-1.868753;6.604
22;DR;2026-09-03T09:28:46.463Z;1213.2;20.40;252;83;134;2.78;9;1.69;32.0;43.319064;-1.868622;6.610
22;DR;2026-09-03T09:28:47.453Z;1214.2;20.25;258;82;134;2.78;9;1.69;32.0;43.319064;-1.868622;6.616
22;DR;2026-09-03T09:28:48.464Z;1215.2;20.24;264;81;133;2.81;9;1.69;32.8;43.319208;-1.868458;6.621
22;DR;2026-09-03T09:28:49.469Z;1216.2;20.17;265;81;133;2.81;9;1.69;32.8;43.319208;-1.868458;6.627
22;DR;2026-09-03T09:28:50.458Z;1217.2;20.10;263;81;133;3.70;9;1.69;32.8;43.319208;-1.868458;6.633
22;DR;2026-09-03T09:28:51.460Z;1218.2;20.01;265;80;133;3.70;9;1.69;32.8;43.319208;-1.868458;6.638
22;DR;2026-09-03T09:28:52.456Z;1219.2;19.60;285;80;133;4.70;9;1.69;33.4;43.319244;-1.868415;6.644
22;DR;2026-09-03T09:28:53.455Z;1220.2;19.39;344;78;132;4.70;9;1.69;34.6;43.319412;-1.868190;6.649
22;DR;2026-09-03T09:28:54.457Z;1221.2;19.15;340;78;132;3.70;8;1.58;34.6;43.319412;-1.868190;6.654
22;DR;2026-09-03T09:28:55.453Z;1222.2;18.97;362;76;132;3.70;7;1.48;34.6;43.319412;-1.868190;6.660
22;DR;2026-09-03T09:28:56.469Z;1223.2;19.45;342;77;132;2.70;7;1.48;34.6;43.319412;-1.868190;6.665
22;DR;2026-09-03T09:28:57.464Z;1224.2;19.74;298;79;132;2.70;7;1.48;34.6;43.319412;-1.868190;6.671
22;DR;2026-09-03T09:28:58.460Z;1225.2;19.99;280;80;132;1.70;7;1.48;34.8;43.319480;-1.868097;6.676
22;DR;2026-09-03T09:28:59.456Z;1226.2;20.26;263;80;131;1.70;7;1.48;34.8;43.319480;-1.868097;6.682
22;DR;2026-09-03T09:29:00.456Z;1227.2;20.73;224;81;131;0.70;7;1.48;33.4;43.319735;-1.867761;6.687
22;DR;2026-09-03T09:29:01.467Z;1228.2;21.22;205;83;131;0.70;7;1.48;33.4;43.319735;-1.867761;6.693
22;DR;2026-09-03T09:29:02.458Z;1229.2;21.67;157;84;131;-0.30;7;1.48;33.4;43.319735;-1.867761;6.699
22;DR;2026-09-03T09:29:03.463Z;1230.2;22.50;154;87;131;-0.30;7;1.48;33.4;43.319735;-1.867761;6.705
22;DR;2026-09-03T09:29:04.459Z;1231.2;23.24;113;92;130;-1.30;7;1.48;33.4;43.319735;-1.867761;6.712
22;DR;2026-09-03T09:29:05.459Z;1232.2;24.15;111;94;130;-1.30;7;1.48;33.4;43.319735;-1.867761;6.718
22;DR;2026-09-03T09:29:06.460Z;1233.2;24.72;99;95;130;-2.30;7;1.48;32.2;43.319873;-1.867515;6.725
22;DR;2026-09-03T09:29:07.460Z;1234.2;24.08;45;85;130;-2.30;7;1.48;32.2;43.319873;-1.867515;6.732
22;DR;2026-09-03T09:29:08.466Z;1235.2;23.04;45;85;130;-3.30;7;1.48;32.2;43.319873;-1.867515;6.738
22;DR;2026-09-03T09:29:09.461Z;1236.2;23.11;100;67;130;-3.30;7;1.48;32.2;43.319873;-1.867515;6.745
22;DR;2026-09-03T09:29:10.456Z;1237.2;23.89;109;75;130;-2.56;7;1.48;31.8;43.319909;-1.867422;6.751
22;DR;2026-09-03T09:29:11.453Z;1238.2;24.39;103;82;131;-2.56;7;1.48;31.8;43.319971;-1.867249;6.758
22;DR;2026-09-03T09:29:12.469Z;1239.2;24.48;72;84;130;-1.55;7;1.48;31.8;43.319971;-1.867249;6.765
22;DR;2026-09-03T09:29:13.464Z;1240.2;24.57;90;77;130;-1.55;7;1.48;31.8;43.319971;-1.867249;6.772
22;DR;2026-09-03T09:29:14.469Z;1241.2;24.77;82;73;130;-0.55;7;1.48;32.0;43.320056;-1.867124;6.778
22;DR;2026-09-03T09:29:15.463Z;1242.2;25.00;97;70;131;-0.55;7;1.48;32.0;43.320056;-1.867124;6.785
22;DR;2026-09-03T09:29:16.461Z;1243.2;25.27;95;84;131;0.44;7;1.48;32.6;43.320219;-1.867008;6.792
22;DR;2026-09-03T09:29:17.457Z;1244.2;25.19;84;79;131;0.44;7;1.48;32.6;43.320219;-1.867008;6.799
22;DR;2026-09-03T09:29:18.473Z;1245.2;23.70;84;79;131;-0.56;7;1.48;32.6;43.320219;-1.867008;6.806
22;DR;2026-09-03T09:29:19.455Z;1246.2;22.64;49;70;131;-0.56;7;1.48;32.4;43.320275;-1.866967;6.813
22;DR;2026-09-03T09:29:20.453Z;1247.2;23.20;110;64;131;0.43;7;1.48;33.2;43.320410;-1.866816;6.819
22;DR;2026-09-03T09:29:21.469Z;1248.2;24.09;115;83;130;0.43;7;1.48;33.2;43.320410;-1.866816;6.826
22;DR;2026-09-03T09:29:22.455Z;1249.2;24.32;126;97;131;1.43;7;1.48;33.2;43.320410;-1.866816;6.832
22;DR;2026-09-03T09:29:23.467Z;1250.2;23.95;112;98;130;1.43;7;1.48;33.6;43.320449;-1.866768;6.839
22;DR;2026-09-03T09:29:24.467Z;1251.2;23.14;170;95;130;2.43;7;1.48;34.4;43.320522;-1.866675;6.846
22;DR;2026-09-03T09:29:25.453Z;1252.2;22.51;199;94;130;2.43;7;1.48;35.6;43.320656;-1.866499;6.852
22;DR;2026-09-03T09:29:26.453Z;1253.2;22.70;299;89;130;3.43;7;1.48;35.6;43.320656;-1.866499;6.858
22;DR;2026-09-03T09:29:27.453Z;1254.2;22.78;272;84;130;3.43;7;1.48;35.6;43.320656;-1.866499;6.864
22;DR;2026-09-03T09:29:28.459Z;1255.2;22.37;316;80;130;3.31;7;1.48;35.6;43.320656;-1.866499;6.871
22;DR;2026-09-03T09:29:29.480Z;1256.2;22.23;357;79;129;3.31;7;1.48;36.4;43.320752;-1.866371;6.877
22;DR;2026-09-03T09:29:30.470Z;1257.2;21.70;350;78;129;4.32;7;1.48;36.4;43.320752;-1.866371;6.883
22;DR;2026-09-03T09:29:31.469Z;1258.2;20.66;285;80;129;4.32;7;1.48;36.8;43.320781;-1.866327;6.889
22;DR;2026-09-03T09:29:32.463Z;1259.2;19.98;324;81;129;3.98;7;1.48;38.0;43.320902;-1.866160;6.895
22;DR;2026-09-03T09:29:33.455Z;1260.2;19.65;352;79;128;3.98;6;1.39;38.0;43.320902;-1.866160;6.900
22;DR;2026-09-03T09:29:34.455Z;1261.2;19.78;347;79;129;2.98;5;1.30;38.0;43.320902;-1.866160;6.905
22;DR;2026-09-03T09:29:35.453Z;1262.2;19.85;332;80;129;2.98;5;1.30;38.4;43.320993;-1.866030;6.911
22;DR;2026-09-03T09:29:36.469Z;1263.2;20.14;293;80;128;1.98;5;1.30;38.4;43.320993;-1.866030;6.917
22;DR;2026-09-03T09:29:37.464Z;1264.2;20.30;253;81;128;1.98;5;1.30;38.4;43.320993;-1.866030;6.922
22;DR;2026-09-03T09:29:38.474Z;1265.2;20.53;239;82;128;0.98;5;1.30;39.0;43.321057;-1.865939;6.928
22;DR;2026-09-03T09:29:39.456Z;1266.2;20.76;223;82;128;0.98;5;1.30;39.0;43.321057;-1.865939;6.934
22;DR;2026-09-03T09:29:40.456Z;1267.2;21.12;185;83;128;-0.02;5;1.30;38.4;43.321234;-1.865688;6.939
22;DR;2026-09-03T09:29:41.458Z;1268.2;21.81;166;85;128;-0.02;5;1.30;38.4;43.321234;-1.865688;6.945
22;DR;2026-09-03T09:29:42.456Z;1269.2;22.48;130;88;128;-1.02;5;1.30;38.4;43.321234;-1.865688;6.951
22;DR;2026-09-03T09:29:43.461Z;1270.2;23.63;130;90;128;-1.02;5;1.30;38.4;43.321234;-1.865688;6.958
22;DR;2026-09-03T09:29:44.442Z;1271.2;24.55;121;88;127;-0.52;5;1.30;38.6;43.321588;-1.865160;6.964
22;DR;2026-09-03T09:29:45.462Z;1272.2;25.22;119;87;128;-0.52;5;1.30;38.6;43.321588;-1.865160;6.972
22;DR;2026-09-03T09:29:46.449Z;1273.2;25.08;74;75;128;-0.52;5;1.30;38.6;43.321588;-1.865160;6.978
22;DR;2026-09-03T09:29:47.442Z;1274.2;23.73;32;71;128;-0.52;7;1.48;38.6;43.321588;-1.865160;6.985
22;DR;2026-09-03T09:29:48.459Z;1275.2;22.73;20;61;127;-0.31;7;1.48;38.6;43.321588;-1.865160;6.992
22;DR;2026-09-03T09:29:49.442Z;1276.2;23.30;117;63;129;-0.31;9;1.69;38.6;43.321588;-1.865160;6.998
22;DR;2026-09-03T09:29:50.450Z;1277.2;23.83;59;99;129;0.50;13;2.19;38.6;43.321588;-1.865160;7.005
22;DR;2026-09-03T09:29:51.442Z;1278.2;23.66;53;104;129;0.50;14;2.34;38.6;43.321588;-1.865160;7.011
22;DR;2026-09-03T09:29:52.441Z;1279.2;23.80;105;77;129;1.40;14;2.34;38.6;43.321588;-1.865160;7.018
22;DR;2026-09-03T09:29:53.457Z;1280.2;23.73;123;85;127;1.40;14;2.34;39.4;43.321956;-1.864576;7.024
22;DR;2026-09-03T09:29:54.453Z;1281.2;23.18;159;99;128;1.74;14;2.34;39.4;43.321956;-1.864576;7.031
22;DR;2026-09-03T09:29:55.443Z;1282.2;23.19;238;91;128;1.74;14;2.34;39.4;43.321956;-1.864576;7.037
22;DR;2026-09-03T09:29:56.454Z;1283.2;23.34;237;86;128;1.74;14;2.34;39.4;43.321956;-1.864576;7.044
22;DR;2026-09-03T09:29:57.458Z;1284.2;22.96;228;82;129;1.74;14;2.34;39.4;43.321956;-1.864576;7.050
22;DR;2026-09-03T09:29:58.456Z;1285.2;22.84;230;82;128;1.74;14;2.34;39.4;43.321956;-1.864576;7.057
22;DR;2026-09-03T09:29:59.451Z;1286.2;23.05;231;81;129;1.74;14;2.34;39.4;43.321956;-1.864576;7.063
22;DR;2026-09-03T09:30:00.441Z;1287.2;23.26;243;82;129;1.74;14;2.34;39.4;43.321956;-1.864576;7.069
22;DR;2026-09-03T09:30:01.462Z;1288.2;23.20;232;81;129;1.74;14;2.34;39.4;43.321956;-1.864576;7.076
22;DR;2026-09-03T09:30:02.450Z;1289.2;22.86;215;81;129;2.74;14;2.34;39.4;43.321956;-1.864576;7.082
22;DR;2026-09-03T09:30:03.454Z;1290.2;20.57;139;77;129;2.74;14;2.34;39.6;43.321990;-1.864517;7.088
22;DR;2026-09-03T09:30:04.448Z;1291.2;14.32;139;77;129;2.19;14;2.34;40.0;43.322134;-1.864298;7.093
22;DR;2026-09-03T09:30:05.444Z;1292.2;7.57;139;77;129;2.19;14;2.34;40.0;43.322134;-1.864298;7.096
22;DR;2026-09-03T09:30:06.450Z;1293.2;3.02;0;0;128;2.19;14;2.34;40.0;43.322134;-1.864298;7.098
22;DR;2026-09-03T09:30:07.443Z;1294.2;1.41;0;0;128;2.19;14;2.34;40.0;43.322134;-1.864298;7.098
22;DR;2026-09-03T09:30:08.443Z;1295.2;1.41;0;0;126;1.91;14;2.34;40.0;43.322134;-1.864298;7.099
22;DR;2026-09-03T09:30:09.457Z;1296.2;1.41;0;0;126;1.91;14;2.34;40.0;43.322134;-1.864298;7.099
22;DR;2026-09-03T09:30:10.442Z;1297.2;1.41;0;0;128;1.76;14;2.34;40.0;43.322134;-1.864298;7.099
22;DR;2026-09-03T09:30:11.441Z;1298.2;1.41;0;0;126;1.76;14;2.34;40.0;43.322134;-1.864298;7.100
22;DR;2026-09-03T09:30:12.457Z;1299.2;1.41;0;0;125;1.61;14;2.34;40.0;43.322134;-1.864298;7.100
22;DR;2026-09-03T09:30:13.450Z;1300.2;1.41;0;0;126;1.61;14;2.34;40.0;43.322134;-1.864298;7.101
22;DR;2026-09-03T09:30:14.455Z;1301.2;1.41;0;0;126;1.46;14;2.34;40.0;43.322134;-1.864298;7.101
22;DR;2026-09-03T09:30:15.442Z;1302.2;1.41;0;0;126;1.46;14;2.34;40.0;43.322134;-1.864298;7.101
22;DR;2026-09-03T09:30:16.443Z;1303.2;1.41;0;0;125;1.31;14;2.34;40.0;43.322134;-1.864298;7.102
22;DR;2026-09-03T09:30:17.442Z;1304.2;1.41;0;0;124;1.31;14;2.34;40.0;43.322134;-1.864298;7.102
22;DR;2026-09-03T09:30:18.453Z;1305.2;1.41;0;0;123;1.16;14;2.34;40.0;43.322134;-1.864298;7.103
22;DR;2026-09-03T09:30:19.452Z;1306.2;1.41;0;0;123;1.16;14;2.34;40.0;43.322134;-1.864298;7.103
22;DR;2026-09-03T09:30:20.448Z;1307.2;1.41;0;0;122;1.03;14;2.34;40.0;43.322134;-1.864298;7.103
22;DR;2026-09-03T09:30:21.448Z;1308.2;1.41;0;0;123;1.03;14;2.34;40.0;43.322134;-1.864298;7.104
22;DR;2026-09-03T09:30:22.456Z;1309.2;1.41;0;0;122;1.02;14;2.34;40.0;43.322134;-1.864298;7.104
22;DR;2026-09-03T09:30:23.456Z;1310.2;1.41;0;0;122;1.02;14;2.34;40.0;43.322134;-1.864298;7.105
22;DR;2026-09-03T09:30:24.451Z;1311.2;1.41;0;0;122;1.01;14;2.34;40.0;43.322134;-1.864298;7.105
22;DR;2026-09-03T09:30:25.441Z;1312.2;1.41;0;0;121;1.01;14;2.34;40.0;43.322134;-1.864298;7.105
22;DR;2026-09-03T09:30:26.443Z;1313.2;1.41;0;0;120;1.00;14;2.34;40.0;43.322134;-1.864298;7.106
22;DR;2026-09-03T09:30:27.454Z;1314.2;1.41;0;0;119;1.00;14;2.34;40.0;43.322134;-1.864298;7.106
22;DR;2026-09-03T09:30:28.447Z;1315.2;1.41;0;0;119;0.99;14;2.34;40.0;43.322134;-1.864298;7.106
22;DR;2026-09-03T09:30:29.448Z;1316.2;1.41;0;0;123;0.99;14;2.34;40.0;43.322134;-1.864298;7.107
22;DR;2026-09-03T09:30:30.445Z;1317.2;1.41;0;0;121;0.99;14;2.34;40.0;43.322168;-1.864240;7.107
22;DR;2026-09-03T09:30:31.446Z;1318.2;1.41;0;0;119;0.99;14;2.34;40.0;43.322168;-1.864240;7.108
22;DR;2026-09-03T09:30:32.448Z;1319.2;1.41;0;0;119;1.13;14;2.34;40.0;43.322168;-1.864240;7.108
22;DR;2026-09-03T09:30:33.447Z;1320.2;1.41;0;0;121;1.13;14;2.34;40.0;43.322168;-1.864240;7.108
22;DR;2026-09-03T09:30:34.452Z;1321.2;1.41;0;0;118;1.27;14;2.34;40.0;43.322168;-1.864240;7.109
22;DR;2026-09-03T09:30:35.449Z;1322.2;1.41;0;0;117;1.27;14;2.34;40.0;43.322168;-1.864240;7.109
22;DR;2026-09-03T09:30:36.464Z;1323.2;1.41;0;0;116;1.41;14;2.34;40.0;43.322168;-1.864240;7.110
22;DR;2026-09-03T09:30:37.457Z;1324.2;1.41;0;0;116;1.41;14;2.34;40.0;43.322168;-1.864240;7.110
22;DR;2026-09-03T09:30:38.455Z;1325.2;1.41;0;0;116;1.55;14;2.34;40.0;43.322168;-1.864240;7.110
22;DR;2026-09-03T09:30:39.446Z;1326.2;1.41;0;0;116;1.55;14;2.34;40.0;43.322168;-1.864240;7.111
22;DR;2026-09-03T09:30:40.441Z;1327.2;1.41;0;0;116;1.69;14;2.34;40.0;43.322168;-1.864240;7.111
22;DR;2026-09-03T09:30:41.443Z;1328.2;1.41;0;0;113;1.69;14;2.34;40.0;43.322168;-1.864240;7.112
22;DR;2026-09-03T09:30:42.430Z;1329.2;1.41;0;0;112;1.83;14;2.34;40.0;43.322168;-1.864240;7.112
22;DR;2026-09-03T09:30:43.438Z;1330.2;1.41;0;0;109;1.83;14;2.34;40.0;43.322168;-1.864240;7.112
22;DR;2026-09-03T09:30:44.431Z;1331.2;1.41;0;0;108;1.96;14;2.34;40.0;43.322168;-1.864240;7.113
22;DR;2026-09-03T09:30:45.437Z;1332.2;1.41;0;0;108;1.96;14;2.34;40.0;43.322168;-1.864240;7.113
22;DR;2026-09-03T09:30:46.443Z;1333.2;1.41;0;0;109;2.05;14;2.34;40.2;43.322249;-1.864126;7.114
22;DR;2026-09-03T09:30:47.439Z;1334.2;1.41;0;0;108;2.05;14;2.34;40.2;43.322249;-1.864126;7.114
22;DR;2026-09-03T09:30:48.445Z;1335.2;1.41;0;0;107;2.05;14;2.34;40.2;43.322249;-1.864126;7.114
22;DR;2026-09-03T09:30:49.430Z;1336.2;1.41;0;0;107;2.05;14;2.34;40.2;43.322249;-1.864126;7.115
22;DR;2026-09-03T09:30:50.446Z;1337.2;1.41;0;0;106;2.05;14;2.34;40.2;43.322249;-1.864126;7.115
22;DR;2026-09-03T09:30:51.439Z;1338.2;1.41;0;0;106;2.05;14;2.34;40.2;43.322249;-1.864126;7.115
22;DR;2026-09-03T09:30:52.436Z;1339.2;1.41;0;0;106;2.05;14;2.34;40.2;43.322249;-1.864126;7.116
22;DR;2026-09-03T09:30:53.429Z;1340.2;1.41;0;0;106;2.05;14;2.34;40.2;43.322249;-1.864126;7.116
22;DR;2026-09-03T09:30:54.430Z;1341.2;1.41;0;0;107;1.92;14;2.34;40.2;43.322249;-1.864126;7.117
22;DR;2026-09-03T09:30:55.434Z;1342.2;1.41;0;0;106;1.92;14;2.34;40.2;43.322249;-1.864126;7.117
22;DR;2026-09-03T09:30:56.439Z;1343.2;1.41;0;0;107;1.73;14;2.34;40.2;43.322249;-1.864126;7.117
22;DR;2026-09-03T09:30:57.430Z;1344.2;1.41;0;0;107;1.73;14;2.34;40.2;43.322249;-1.864126;7.118
22;DR;2026-09-03T09:30:58.430Z;1345.2;1.41;0;0;107;1.55;14;2.34;40.2;43.322249;-1.864126;7.118
22;DR;2026-09-03T09:30:59.450Z;1346.2;1.41;0;0;106;1.55;14;2.34;40.2;43.322249;-1.864126;7.119
22;DR;2026-09-03T09:31:00.439Z;1347.2;1.41;0;0;113;1.36;14;2.34;40.2;43.322249;-1.864126;7.119
22;DR;2026-09-03T09:31:01.432Z;1348.2;1.41;0;0;115;1.36;14;2.34;40.2;43.322249;-1.864126;7.119
22;DR;2026-09-03T09:31:02.432Z;1349.2;1.41;0;0;110;1.18;14;2.34;40.2;43.322249;-1.864126;7.120
22;DR;2026-09-03T09:31:03.431Z;1350.2;1.41;0;0;110;1.18;14;2.34;40.2;43.322249;-1.864126;7.120
22;DR;2026-09-03T09:31:04.437Z;1351.2;1.41;0;0;108;0.99;14;2.34;40.2;43.322249;-1.864126;7.121
22;DR;2026-09-03T09:31:05.435Z;1352.2;1.41;0;0;103;0.99;14;2.34;40.2;43.322249;-1.864126;7.121
22;DR;2026-09-03T09:31:06.435Z;1353.2;1.41;0;0;100;0.81;14;2.34;40.2;43.322249;-1.864126;7.121
22;DR;2026-09-03T09:31:07.441Z;1354.2;1.41;0;0;98;0.81;14;2.34;40.2;43.322249;-1.864126;7.122
22;DR;2026-09-03T09:31:08.435Z;1355.2;1.41;0;0;96;0.62;14;2.34;40.2;43.322249;-1.864126;7.122
22;DR;2026-09-03T09:31:09.442Z;1356.2;1.41;0;0;94;0.62;14;2.34;40.2;43.322249;-1.864126;7.123
22;DR;2026-09-03T09:31:10.438Z;1357.2;1.41;0;0;95;0.44;14;2.34;40.2;43.322249;-1.864126;7.123
22;DR;2026-09-03T09:31:11.443Z;1358.2;1.41;0;0;97;0.44;14;2.34;40.2;43.322249;-1.864126;7.123
22;DR;2026-09-03T09:31:12.435Z;1359.2;1.41;0;0;95;0.25;14;2.34;40.2;43.322249;-1.864126;7.124
22;DR;2026-09-03T09:31:13.444Z;1360.2;1.41;0;0;97;0.25;14;2.34;40.2;43.322249;-1.864126;7.124
22;DR;2026-09-03T09:31:14.430Z;1361.2;1.41;0;0;99;0.07;14;2.34;40.2;43.322249;-1.864126;7.124
22;DR;2026-09-03T09:31:15.436Z;1362.2;1.41;0;0;101;0.07;14;2.34;40.2;43.322249;-1.864126;7.125
22;DR;2026-09-03T09:31:16.431Z;1363.2;1.41;0;0;104;-0.12;14;2.34;40.2;43.322249;-1.864126;7.125
22;DR;2026-09-03T09:31:17.430Z;1364.2;1.41;0;0;105;-0.12;14;2.34;40.2;43.322249;-1.864126;7.126
22;DR;2026-09-03T09:31:18.433Z;1365.2;1.41;0;0;106;-0.30;14;2.34;40.2;43.322249;-1.864126;7.126
22;DR;2026-09-03T09:31:19.450Z;1366.2;1.41;0;0;106;-0.30;14;2.34;40.0;43.322489;-1.863781;7.126
22;DR;2026-09-03T09:31:20.438Z;1367.2;1.41;0;0;109;-0.31;14;2.34;40.0;43.322489;-1.863781;7.127
22;DR;2026-09-03T09:31:21.437Z;1368.2;1.41;0;0;109;-0.31;14;2.34;40.0;43.322489;-1.863781;7.127
22;DR;2026-09-03T09:31:22.430Z;1369.2;1.41;0;0;111;-0.31;14;2.34;40.0;43.322489;-1.863781;7.128
22;DR;2026-09-03T09:31:23.436Z;1370.2;1.41;0;0;118;-0.31;14;2.34;40.0;43.322489;-1.863781;7.128
22;DR;2026-09-03T09:31:24.439Z;1371.2;1.41;0;0;116;-0.31;14;2.34;40.0;43.322489;-1.863781;7.128
22;DR;2026-09-03T09:31:25.440Z;1372.2;1.41;0;0;114;-0.31;14;2.34;40.0;43.322489;-1.863781;7.129
22;DR;2026-09-03T09:31:26.448Z;1373.2;1.41;0;0;113;-0.31;14;2.34;40.0;43.322489;-1.863781;7.129
22;DR;2026-09-03T09:31:27.441Z;1374.2;1.41;0;0;113;-0.31;14;2.34;40.0;43.322489;-1.863781;7.130
22;DR;2026-09-03T09:31:28.435Z;1375.2;1.41;0;0;109;-0.31;14;2.34;40.0;43.322489;-1.863781;7.130
22;DR;2026-09-03T09:31:29.442Z;1376.2;1.41;0;0;107;-0.31;14;2.34;40.0;43.322489;-1.863781;7.130
22;DR;2026-09-03T09:31:30.430Z;1377.2;1.41;0;0;103;-0.31;14;2.34;40.0;43.322489;-1.863781;7.131
22;DR;2026-09-03T09:31:31.446Z;1378.2;1.41;0;0;100;-0.31;14;2.34;40.0;43.322489;-1.863781;7.131
22;DR;2026-09-03T09:31:32.442Z;1379.2;1.41;0;0;100;-0.31;14;2.34;40.0;43.322489;-1.863781;7.132
22;DR;2026-09-03T09:31:33.447Z;1380.2;1.41;0;0;98;-0.31;14;2.34;40.0;43.322489;-1.863781;7.132
22;DR;2026-09-03T09:31:34.439Z;1381.2;1.41;0;0;98;-0.31;14;2.34;40.0;43.322489;-1.863781;7.132
22;DR;2026-09-03T09:31:35.448Z;1382.2;1.41;0;0;94;-0.31;14;2.34;40.0;43.322489;-1.863781;7.133
22;DR;2026-09-03T09:31:36.434Z;1383.2;1.41;0;0;91;-0.31;14;2.34;40.0;43.322489;-1.863781;7.133
22;DR;2026-09-03T09:31:37.429Z;1384.2;1.41;0;0;94;-0.31;14;2.34;40.0;43.322489;-1.863781;7.133
22;DR;2026-09-03T09:31:38.445Z;1385.2;1.41;0;0;94;-0.31;14;2.34;40.0;43.322489;-1.863781;7.134
22;DR;2026-09-03T09:31:39.444Z;1386.2;1.41;0;0;95;-0.31;14;2.34;40.0;43.322489;-1.863781;7.134
22;DR;2026-09-03T09:31:40.446Z;1387.2;1.41;0;0;95;-0.31;14;2.34;40.0;43.322489;-1.863781;7.135
22;DR;2026-09-03T09:31:41.432Z;1388.2;1.41;0;0;95;-0.31;14;2.34;40.0;43.322489;-1.863781;7.135
22;DR;2026-09-03T09:31:42.426Z;1389.2;1.41;0;0;97;-0.31;14;2.34;40.0;43.322489;-1.863781;7.135
22;DR;2026-09-03T09:31:43.419Z;1390.2;1.41;0;0;100;-0.31;14;2.34;40.0;43.322489;-1.863781;7.136
22;DR;2026-09-03T09:31:44.437Z;1391.2;1.41;0;0;101;-0.31;14;2.34;40.0;43.322489;-1.863781;7.136
22;DR;2026-09-03T09:31:45.428Z;1392.2;1.41;0;0;102;-0.31;14;2.34;40.0;43.322489;-1.863781;7.137
22;DR;2026-09-03T09:31:46.421Z;1393.2;1.41;0;0;103;-0.31;14;2.34;40.0;43.322489;-1.863781;7.137
22;DR;2026-09-03T09:31:47.421Z;1394.2;1.41;0;0;106;-0.31;14;2.34;40.0;43.322489;-1.863781;7.137
22;DR;2026-09-03T09:31:48.430Z;1395.2;1.41;0;0;107;-0.31;14;2.34;40.0;43.322489;-1.863781;7.138
22;DR;2026-09-03T09:31:49.421Z;1396.2;1.41;0;0;108;-0.31;14;2.34;40.0;43.322489;-1.863781;7.138
22;DR;2026-09-03T09:31:50.421Z;1397.2;1.41;0;0;108;-0.31;14;2.34;40.0;43.322489;-1.863781;7.139
22;DR;2026-09-03T09:31:51.426Z;1398.2;1.41;0;0;108;-0.31;14;2.34;40.0;43.322489;-1.863781;7.139
22;DR;2026-09-03T09:31:52.422Z;1399.2;1.41;0;0;110;-0.31;14;2.34;40.0;43.322489;-1.863781;7.139
22;DR;2026-09-03T09:31:53.417Z;1400.2;1.41;0;0;111;-0.31;14;2.34;40.0;43.322489;-1.863781;7.140
22;DR;2026-09-03T09:31:54.426Z;1401.2;1.41;0;0;115;-0.31;14;2.34;40.0;43.322489;-1.863781;7.140
22;DR;2026-09-03T09:31:55.418Z;1402.2;1.41;0;0;112;-0.31;14;2.34;40.0;43.322489;-1.863781;7.141
22;DR;2026-09-03T09:31:56.423Z;1403.2;1.41;0;0;115;-0.31;14;2.34;40.0;43.322489;-1.863781;7.141
22;DR;2026-09-03T09:31:57.420Z;1404.2;1.41;0;0;112;-0.31;14;2.34;40.0;43.322489;-1.863781;7.141
22;DR;2026-09-03T09:31:58.436Z;1405.2;1.41;0;0;111;-0.31;14;2.34;40.0;43.322489;-1.863781;7.142
22;DR;2026-09-03T09:31:59.426Z;1406.2;1.41;0;0;110;-0.31;14;2.34;40.0;43.322489;-1.863781;7.142
22;DR;2026-09-03T09:32:00.427Z;1407.2;1.41;0;0;109;-0.31;14;2.34;40.0;43.322489;-1.863781;7.142
22;DR;2026-09-03T09:32:01.427Z;1408.2;1.41;0;0;108;-0.31;14;2.34;40.0;43.322489;-1.863781;7.143
22;DR;2026-09-03T09:32:02.429Z;1409.2;1.41;0;0;108;-0.31;14;2.34;40.0;43.322489;-1.863781;7.143
22;DR;2026-09-03T09:32:03.434Z;1410.2;1.41;0;0;108;-0.31;14;2.34;40.0;43.322489;-1.863781;7.144
22;DR;2026-09-03T09:32:04.419Z;1411.2;1.41;0;0;108;-0.31;14;2.34;40.0;43.322489;-1.863781;7.144
22;DR;2026-09-03T09:32:05.425Z;1412.2;1.41;0;0;108;-0.31;14;2.34;40.0;43.322489;-1.863781;7.144
22;DR;2026-09-03T09:32:06.427Z;1413.2;1.41;0;0;108;-0.31;14;2.34;40.0;43.322489;-1.863781;7.145
22;DR;2026-09-03T09:32:07.426Z;1414.2;1.41;0;0;108;-0.31;14;2.34;40.0;43.322489;-1.863781;7.145
22;DR;2026-09-03T09:32:08.427Z;1415.2;1.41;0;0;108;-0.31;14;2.34;40.0;43.322489;-1.863781;7.146
22;DR;2026-09-03T09:32:09.428Z;1416.2;1.41;0;0;108;-0.31;14;2.34;40.0;43.322489;-1.863781;7.146
22;DR;2026-09-03T09:32:10.422Z;1417.2;1.41;0;0;108;-0.31;14;2.34;40.0;43.322489;-1.863781;7.146
22;DR;2026-09-03T09:32:11.423Z;1418.2;1.41;0;0;106;-0.31;14;2.34;40.0;43.322489;-1.863781;7.147
22;DR;2026-09-03T09:32:12.423Z;1419.2;1.41;0;0;106;-0.31;14;2.34;40.0;43.322489;-1.863781;7.147
22;DR;2026-09-03T09:32:13.430Z;1420.2;1.41;0;0;106;-0.31;14;2.34;40.0;43.322489;-1.863781;7.148
22;DR;2026-09-03T09:32:14.418Z;1421.2;1.41;0;0;106;-0.31;14;2.34;40.0;43.322489;-1.863781;7.148
22;DR;2026-09-03T09:32:15.421Z;1422.2;1.41;0;0;106;-0.31;14;2.34;40.0;43.322489;-1.863781;7.148
22;DR;2026-09-03T09:32:16.417Z;1423.2;1.41;0;0;107;-0.31;14;2.34;40.0;43.322489;-1.863781;7.149
22;DR;2026-09-03T09:32:17.422Z;1424.2;1.41;0;0;107;-0.31;14;2.34;40.0;43.322489;-1.863781;7.149
22;DR;2026-09-03T09:32:18.427Z;1425.2;1.41;0;0;110;-0.31;14;2.34;40.0;43.322489;-1.863781;7.150
22;DR;2026-09-03T09:32:19.423Z;1426.2;1.41;0;0;112;-0.31;14;2.34;40.0;43.322489;-1.863781;7.150
22;DR;2026-09-03T09:32:20.434Z;1427.2;1.41;0;0;113;-0.31;14;2.34;40.0;43.322489;-1.863781;7.150
22;DR;2026-09-03T09:32:21.418Z;1428.2;1.41;0;0;113;-0.31;14;2.34;40.0;43.322489;-1.863781;7.151
22;DR;2026-09-03T09:32:22.418Z;1429.2;1.41;0;0;113;-0.31;14;2.34;40.0;43.322489;-1.863781;7.151
22;DR;2026-09-03T09:32:23.436Z;1430.2;1.41;0;0;112;-0.31;14;2.34;40.0;43.322489;-1.863781;7.152
22;DR;2026-09-03T09:32:24.423Z;1431.2;1.41;0;0;109;-0.31;14;2.34;40.0;43.322489;-1.863781;7.152
22;DR;2026-09-03T09:32:25.423Z;1432.2;1.41;0;0;104;-0.31;14;2.34;40.0;43.322489;-1.863781;7.152
22;DR;2026-09-03T09:32:26.433Z;1433.2;1.41;0;0;102;-0.31;14;2.34;40.0;43.322489;-1.863781;7.153
22;DR;2026-09-03T09:32:27.418Z;1434.2;1.41;0;0;103;-0.31;14;2.34;40.0;43.322489;-1.863781;7.153
22;DR;2026-09-03T09:32:28.424Z;1435.2;1.41;0;0;103;-0.31;14;2.34;40.0;43.322489;-1.863781;7.153
22;DR;2026-09-03T09:32:29.430Z;1436.2;1.41;0;0;104;-0.31;14;2.34;40.0;43.322489;-1.863781;7.154
22;DR;2026-09-03T09:32:30.420Z;1437.2;1.41;0;0;103;-0.31;14;2.34;40.0;43.322489;-1.863781;7.154
22;DR;2026-09-03T09:32:31.431Z;1438.2;1.41;0;0;106;-0.31;14;2.34;40.0;43.322489;-1.863781;7.155
22;DR;2026-09-03T09:32:32.426Z;1439.2;1.41;0;0;106;-0.26;14;2.34;40.0;43.322489;-1.863781;7.155
22;DR;2026-09-03T09:32:33.422Z;1440.2;1.41;0;0;106;-0.26;14;2.34;40.0;43.322489;-1.863781;7.155
22;DR;2026-09-03T09:32:34.428Z;1441.2;1.41;0;0;106;-0.13;14;2.34;40.0;43.322489;-1.863781;7.156
22;DR;2026-09-03T09:32:35.423Z;1442.2;1.41;0;0;106;-0.13;14;2.34;40.0;43.322489;-1.863781;7.156
22;DR;2026-09-03T09:32:36.429Z;1443.2;1.41;0;0;106;0.00;14;2.34;40.0;43.322489;-1.863781;7.157
22;DR;2026-09-03T09:32:37.423Z;1444.2;1.41;0;0;87;0.00;14;2.34;40.0;43.322489;-1.863781;7.157
22;DR;2026-09-03T09:32:38.425Z;1445.2;1.41;0;0;87;0.13;14;2.34;40.0;43.322489;-1.863781;7.157
22;DR;2026-09-03T09:32:39.436Z;1446.2;1.41;0;0;87;0.13;14;2.34;40.0;43.322489;-1.863781;7.158
22;DR;2026-09-03T09:32:40.429Z;1447.2;1.41;0;0;89;0.27;14;2.34;40.0;43.322489;-1.863781;7.158
22;DR;2026-09-03T09:32:41.437Z;1448.2;1.41;0;0;90;0.27;14;2.34;40.0;43.322489;-1.863781;7.159
22;DR;2026-09-03T09:32:42.411Z;1449.2;1.41;0;0;91;0.40;14;2.34;40.0;43.322489;-1.863781;7.159
22;DR;2026-09-03T09:32:43.412Z;1450.2;1.41;0;0;92;0.40;14;2.34;40.0;43.322489;-1.863781;7.159
22;DR;2026-09-03T09:32:44.413Z;1451.2;1.41;0;0;92;0.53;14;2.34;40.0;43.322489;-1.863781;7.160
22;DR;2026-09-03T09:32:45.418Z;1452.2;1.41;0;0;97;0.53;14;2.34;40.0;43.322489;-1.863781;7.160
22;DR;2026-09-03T09:32:46.415Z;1453.2;1.41;0;0;96;0.67;14;2.34;40.0;43.322489;-1.863781;7.161
22;DR;2026-09-03T09:32:47.418Z;1454.2;1.41;0;0;97;0.67;14;2.34;40.0;43.322489;-1.863781;7.161
22;DR;2026-09-03T09:32:48.425Z;1455.2;1.41;0;0;96;0.80;14;2.34;40.0;43.322489;-1.863781;7.161
22;DR;2026-09-03T09:32:49.415Z;1456.2;1.41;0;0;96;0.80;14;2.34;40.0;43.322489;-1.863781;7.162
22;DR;2026-09-03T09:32:50.426Z;1457.2;1.41;0;0;97;0.93;14;2.34;40.0;43.322489;-1.863781;7.162
22;DR;2026-09-03T09:32:51.408Z;1458.2;1.41;0;0;98;0.93;14;2.34;40.0;43.322489;-1.863781;7.162
22;DR;2026-09-03T09:32:52.407Z;1459.2;1.41;0;0;98;1.07;14;2.34;40.0;43.322489;-1.863781;7.163
22;DR;2026-09-03T09:32:53.423Z;1460.2;1.41;0;0;98;1.07;14;2.34;40.0;43.322489;-1.863781;7.163
22;DR;2026-09-03T09:32:54.419Z;1461.2;1.41;0;0;97;1.20;14;2.34;40.0;43.322489;-1.863781;7.164
22;DR;2026-09-03T09:32:55.414Z;1462.2;1.41;0;0;98;1.20;14;2.34;40.0;43.322489;-1.863781;7.164
22;DR;2026-09-03T09:32:56.415Z;1463.2;1.41;0;0;98;1.33;14;2.34;40.0;43.322489;-1.863781;7.164
22;DR;2026-09-03T09:32:57.425Z;1464.2;1.41;0;0;98;1.33;14;2.34;40.2;43.322616;-1.863597;7.165
22;DR;2026-09-03T09:32:58.412Z;1465.2;1.41;0;0;99;1.39;14;2.34;40.2;43.322616;-1.863597;7.165
22;DR;2026-09-03T09:32:59.407Z;1466.2;1.41;0;0;101;1.39;14;2.34;40.2;43.322616;-1.863597;7.166
22;DR;2026-09-03T09:33:00.412Z;1467.2;1.41;0;0;99;1.39;14;2.34;40.2;43.322616;-1.863597;7.166
22;DR;2026-09-03T09:33:01.410Z;1468.2;1.41;0;0;100;1.39;14;2.34;40.2;43.322616;-1.863597;7.166
22;DR;2026-09-03T09:33:02.420Z;1469.2;1.41;0;0;102;1.39;14;2.34;40.2;43.322616;-1.863597;7.167
22;DR;2026-09-03T09:33:03.419Z;1470.2;1.41;0;0;102;1.39;14;2.34;40.2;43.322616;-1.863597;7.167
22;DR;2026-09-03T09:33:04.413Z;1471.2;1.41;0;0;101;1.39;14;2.34;40.2;43.322616;-1.863597;7.168
22;DR;2026-09-03T09:33:05.407Z;1472.2;1.41;0;0;105;1.39;14;2.34;40.2;43.322616;-1.863597;7.168
22;DR;2026-09-03T09:33:06.407Z;1473.2;1.41;0;0;104;1.39;14;2.34;40.2;43.322616;-1.863597;7.168
22;DR;2026-09-03T09:33:07.421Z;1474.2;1.41;0;0;105;1.39;14;2.34;40.2;43.322616;-1.863597;7.169
22;DR;2026-09-03T09:33:08.412Z;1475.2;1.41;0;0;106;1.39;14;2.34;40.2;43.322616;-1.863597;7.169
22;DR;2026-09-03T09:33:09.413Z;1476.2;1.41;0;0;107;1.39;14;2.34;40.2;43.322616;-1.863597;7.170
22;DR;2026-09-03T09:33:10.407Z;1477.2;1.41;0;0;107;1.39;14;2.34;40.2;43.322616;-1.863597;7.170
22;DR;2026-09-03T09:33:11.424Z;1478.2;1.41;0;0;111;1.39;14;2.34;40.2;43.322616;-1.863597;7.170
22;DR;2026-09-03T09:33:12.408Z;1479.2;1.41;0;0;110;1.39;14;2.34;40.2;43.322616;-1.863597;7.171
22;DR;2026-09-03T09:33:13.415Z;1480.2;1.41;0;0;109;1.39;14;2.34;40.2;43.322616;-1.863597;7.171
22;DR;2026-09-03T09:33:14.408Z;1481.2;1.41;0;0;110;1.39;14;2.34;40.2;43.322616;-1.863597;7.171
22;DR;2026-09-03T09:33:15.406Z;1482.2;1.41;0;0;108;1.39;14;2.34;40.2;43.322616;-1.863597;7.172
22;DR;2026-09-03T09:33:16.410Z;1483.2;1.41;0;0;106;1.39;14;2.34;40.2;43.322616;-1.863597;7.172
22;DR;2026-09-03T09:33:17.418Z;1484.2;1.41;0;0;106;1.39;14;2.34;40.2;43.322616;-1.863597;7.173
22;DR;2026-09-03T09:33:18.409Z;1485.2;1.41;0;0;107;1.39;14;2.34;40.2;43.322616;-1.863597;7.173
22;DR;2026-09-03T09:33:19.409Z;1486.2;1.41;0;0;107;1.39;14;2.34;40.2;43.322616;-1.863597;7.173
22;DR;2026-09-03T09:33:20.424Z;1487.2;1.41;0;0;107;1.39;14;2.34;40.2;43.322616;-1.863597;7.174
22;DR;2026-09-03T09:33:21.409Z;1488.2;1.41;0;0;107;1.39;14;2.34;40.2;43.322616;-1.863597;7.174
22;DR;2026-09-03T09:33:22.419Z;1489.2;1.41;0;0;106;1.39;14;2.34;40.2;43.322616;-1.863597;7.175
22;DR;2026-09-03T09:33:23.406Z;1490.2;1.41;0;0;105;1.39;14;2.34;40.2;43.322616;-1.863597;7.175
22;DR;2026-09-03T09:33:24.408Z;1491.2;1.41;0;0;105;1.39;14;2.34;40.2;43.322616;-1.863597;7.175
22;DR;2026-09-03T09:33:25.412Z;1492.2;1.41;0;0;106;1.39;14;2.34;40.2;43.322616;-1.863597;7.176
22;DR;2026-09-03T09:33:26.414Z;1493.2;1.41;0;0;106;1.37;14;2.34;40.2;43.322616;-1.863597;7.176
22;DR;2026-09-03T09:33:27.414Z;1494.2;1.41;0;0;106;1.37;14;2.34;40.2;43.322616;-1.863597;7.177
22;DR;2026-09-03T09:33:28.407Z;1495.2;1.41;0;0;103;1.34;14;2.34;40.2;43.322616;-1.863597;7.177
22;DR;2026-09-03T09:33:29.415Z;1496.2;1.41;0;0;104;1.34;14;2.34;40.2;43.322616;-1.863597;7.177
22;DR;2026-09-03T09:33:30.420Z;1497.2;1.41;0;0;107;1.32;14;2.34;40.2;43.322616;-1.863597;7.178
22;DR;2026-09-03T09:33:31.416Z;1498.2;1.41;0;0;108;1.32;14;2.34;40.2;43.322616;-1.863597;7.178
22;DR;2026-09-03T09:33:32.407Z;1499.2;1.41;0;0;107;1.30;14;2.34;40.2;43.322616;-1.863597;7.179
22;DR;2026-09-03T09:33:33.417Z;1500.2;1.41;0;0;106;1.30;14;2.34;40.2;43.322616;-1.863597;7.179
22;DR;2026-09-03T09:33:34.417Z;1501.2;1.41;0;0;104;1.28;14;2.34;40.2;43.322616;-1.863597;7.179
22;DR;2026-09-03T09:33:35.409Z;1502.2;1.41;0;0;104;1.28;14;2.34;40.2;43.322616;-1.863597;7.180
22;DR;2026-09-03T09:33:36.414Z;1503.2;1.41;0;0;105;1.26;14;2.34;40.2;43.322616;-1.863597;7.180
22;DR;2026-09-03T09:33:37.410Z;1504.2;1.41;0;0;100;1.26;14;2.34;40.2;43.322616;-1.863597;7.180
22;DR;2026-09-03T09:33:38.408Z;1505.2;1.41;0;0;99;1.24;14;2.34;40.2;43.322616;-1.863597;7.181
22;DR;2026-09-03T09:33:39.411Z;1506.2;1.41;0;0;100;1.24;14;2.34;40.2;43.322616;-1.863597;7.181
22;DR;2026-09-03T09:33:40.419Z;1507.2;1.41;0;0;100;1.21;14;2.34;40.2;43.322616;-1.863597;7.182
22;DR;2026-09-03T09:33:41.408Z;1508.2;1.41;0;0;101;1.21;14;2.34;40.2;43.322616;-1.863597;7.182
22;DR;2026-09-03T09:33:42.408Z;1509.2;1.41;0;0;102;1.19;14;2.34;40.2;43.322616;-1.863597;7.182
22;DR;2026-09-03T09:33:43.407Z;1510.2;1.41;0;0;104;1.19;14;2.34;40.2;43.322616;-1.863597;7.183
22;DR;2026-09-03T09:33:44.397Z;1511.2;1.41;0;0;103;1.17;14;2.34;40.2;43.322616;-1.863597;7.183
22;DR;2026-09-03T09:33:45.401Z;1512.2;1.41;0;0;103;1.17;14;2.34;40.2;43.322616;-1.863597;7.184
22;DR;2026-09-03T09:33:46.398Z;1513.2;1.41;0;0;104;1.15;14;2.34;40.2;43.322616;-1.863597;7.184
22;DR;2026-09-03T09:33:47.396Z;1514.2;1.41;0;0;105;1.15;14;2.34;40.2;43.322616;-1.863597;7.184
22;DR;2026-09-03T09:33:48.403Z;1515.2;1.41;0;0;106;1.13;14;2.34;40.2;43.322616;-1.863597;7.185
22;DR;2026-09-03T09:33:49.394Z;1516.2;1.41;0;0;107;1.13;14;2.34;40.2;43.322616;-1.863597;7.185
22;DR;2026-09-03T09:33:50.396Z;1517.2;1.41;0;0;107;1.11;14;2.34;40.4;43.322782;-1.863347;7.186
22;DR;2026-09-03T09:33:51.397Z;1518.2;1.41;0;0;107;1.11;14;2.34;40.4;43.322782;-1.863347;7.186
22;DR;2026-09-03T09:33:52.408Z;1519.2;3.04;0;0;105;1.11;14;2.34;40.4;43.322782;-1.863347;7.187
22;DR;2026-09-03T09:33:53.396Z;1520.2;2.93;0;0;106;1.11;14;2.34;40.4;43.322782;-1.863347;7.187
22;DR;2026-09-03T09:33:54.409Z;1521.2;2.15;0;0;106;1.11;14;2.34;40.4;43.322782;-1.863347;7.188
22;DR;2026-09-03T09:33:55.396Z;1522.2;1.38;0;0;105;1.11;14;2.34;40.4;43.322782;-1.863347;7.189
22;DR;2026-09-03T09:33:56.397Z;1523.2;1.94;1;48;107;1.11;14;2.34;40.4;43.322782;-1.863347;7.189
22;DR;2026-09-03T09:33:57.410Z;1524.2;8.11;1;48;105;1.11;14;2.34;40.4;43.322782;-1.863347;7.190
22;DR;2026-09-03T09:33:58.397Z;1525.2;8.11;1;48;104;1.11;14;2.34;40.4;43.322782;-1.863347;7.193
22;DR;2026-09-03T09:33:59.398Z;1526.2;19.99;181;37;103;1.11;14;2.34;40.4;43.322782;-1.863347;7.197
22;DR;2026-09-03T09:34:00.394Z;1527.2;22.17;188;78;104;1.11;14;2.34;40.4;43.322782;-1.863347;7.202
22;DR;2026-09-03T09:34:01.394Z;1528.2;22.54;159;80;103;1.11;14;2.34;40.4;43.322782;-1.863347;7.209
22;DR;2026-09-03T09:34:02.398Z;1529.2;22.80;183;82;103;1.28;14;2.34;40.4;43.322782;-1.863347;7.215
22;DR;2026-09-03T09:34:03.398Z;1530.2;22.96;179;81;103;1.28;14;2.34;40.8;43.323034;-1.862966;7.221
22;DR;2026-09-03T09:34:04.400Z;1531.2;22.94;182;81;103;1.37;14;2.34;40.8;43.323034;-1.862966;7.228
22;DR;2026-09-03T09:34:05.395Z;1532.2;22.94;182;81;103;1.37;14;2.34;40.8;43.323034;-1.862966;7.234
22;DR;2026-09-03T09:34:06.406Z;1533.2;23.14;201;82;103;1.37;14;2.34;40.8;43.323034;-1.862966;7.241
22;DR;2026-09-03T09:34:07.397Z;1534.2;23.03;190;81;103;1.37;14;2.34;40.8;43.323034;-1.862966;7.247
22;DR;2026-09-03T09:34:08.401Z;1535.2;22.97;201;81;103;2.05;14;2.34;40.8;43.323034;-1.862966;7.253
22;DR;2026-09-03T09:34:09.398Z;1536.2;22.58;193;80;103;2.05;14;2.34;40.8;43.323034;-1.862966;7.260
22;DR;2026-09-03T09:34:10.395Z;1537.2;22.09;194;80;104;1.37;14;2.34;41.0;43.323075;-1.862903;7.266
22;DR;2026-09-03T09:34:11.394Z;1538.2;22.24;257;78;104;1.37;14;2.34;41.2;43.323244;-1.862646;7.272
22;DR;2026-09-03T09:34:12.395Z;1539.2;22.75;225;78;104;1.09;14;2.34;41.2;43.323244;-1.862646;7.278
22;DR;2026-09-03T09:34:13.403Z;1540.2;23.09;192;81;105;1.09;14;2.34;41.2;43.323244;-1.862646;7.285
22;DR;2026-09-03T09:34:14.394Z;1541.2;23.09;167;82;105;0.93;14;2.34;41.2;43.323244;-1.862646;7.291
22;DR;2026-09-03T09:34:15.401Z;1542.2;23.06;175;82;105;0.93;14;2.34;41.4;43.323503;-1.862266;7.297
22;DR;2026-09-03T09:34:16.405Z;1543.2;23.19;176;81;105;0.82;14;2.34;41.4;43.323503;-1.862266;7.304
22;DR;2026-09-03T09:34:17.403Z;1544.2;23.32;170;82;106;0.82;14;2.34;41.4;43.323503;-1.862266;7.310
22;DR;2026-09-03T09:34:18.403Z;1545.2;23.40;161;83;106;0.82;14;2.34;41.4;43.323503;-1.862266;7.317
22;DR;2026-09-03T09:34:19.404Z;1546.2;23.33;159;82;107;0.82;14;2.34;41.4;43.323503;-1.862266;7.323
22;DR;2026-09-03T09:34:20.406Z;1547.2;23.23;162;82;108;0.95;14;2.34;41.4;43.323503;-1.862266;7.330
22;DR;2026-09-03T09:34:21.395Z;1548.2;23.25;154;83;108;0.95;14;2.34;41.4;43.323503;-1.862266;7.336
22;DR;2026-09-03T09:34:22.404Z;1549.2;23.26;168;82;108;1.36;14;2.34;42.0;43.323881;-1.861685;7.343
22;DR;2026-09-03T09:34:23.397Z;1550.2;23.19;183;81;109;1.36;14;2.34;42.0;43.323881;-1.861685;7.349
22;DR;2026-09-03T09:34:24.400Z;1551.2;23.08;179;82;109;1.36;14;2.34;42.0;43.323881;-1.861685;7.356
22;DR;2026-09-03T09:34:25.408Z;1552.2;23.09;204;82;109;1.36;14;2.34;42.0;43.323881;-1.861685;7.362
22;DR;2026-09-03T09:34:26.403Z;1553.2;23.14;195;82;109;1.36;14;2.34;42.0;43.323881;-1.861685;7.368
22;DR;2026-09-03T09:34:27.398Z;1554.2;23.16;207;81;110;1.36;14;2.34;42.0;43.323881;-1.861685;7.375
22;DR;2026-09-03T09:34:28.414Z;1555.2;23.18;207;82;111;1.36;14;2.34;42.0;43.323881;-1.861685;7.381
22;DR;2026-09-03T09:34:29.402Z;1556.2;23.21;199;82;111;1.36;14;2.34;42.0;43.323881;-1.861685;7.388
22;DR;2026-09-03T09:34:30.395Z;1557.2;23.26;200;82;112;2.15;14;2.34;42.0;43.323881;-1.861685;7.394
22;DR;2026-09-03T09:34:31.397Z;1558.2;23.02;217;82;112;2.15;14;2.34;42.2;43.323926;-1.861621;7.401
22;DR;2026-09-03T09:34:32.395Z;1559.2;22.52;217;81;113;3.13;14;2.34;42.2;43.323926;-1.861621;7.407
22;DR;2026-09-03T09:34:33.413Z;1560.2;22.29;275;80;113;3.13;14;2.34;43.4;43.324217;-1.861178;7.413
22;DR;2026-09-03T09:34:34.396Z;1561.2;21.83;285;78;114;3.11;14;2.34;43.4;43.324217;-1.861178;7.419
22;DR;2026-09-03T09:34:35.395Z;1562.2;21.37;301;76;115;3.11;14;2.34;43.4;43.324217;-1.861178;7.425
22;DR;2026-09-03T09:34:36.399Z;1563.2;21.28;299;76;116;3.11;14;2.34;43.4;43.324217;-1.861178;7.431
22;DR;2026-09-03T09:34:37.395Z;1564.2;21.50;306;76;117;3.11;14;2.34;43.4;43.324217;-1.861178;7.437
22;DR;2026-09-03T09:34:38.411Z;1565.2;21.34;286;75;108;2.79;13;2.19;43.4;43.324217;-1.861178;7.443
22;DR;2026-09-03T09:34:39.397Z;1566.2;20.92;273;76;108;2.79;13;2.19;43.4;43.324217;-1.861178;7.449
22;DR;2026-09-03T09:34:40.412Z;1567.2;20.99;282;74;105;3.38;13;2.19;43.4;43.324217;-1.861178;7.455
22;DR;2026-09-03T09:34:41.395Z;1568.2;20.95;285;75;105;3.38;13;2.19;44.0;43.324339;-1.861004;7.461
22;DR;2026-09-03T09:34:42.391Z;1569.2;20.51;290;74;110;3.70;13;2.19;44.0;43.324339;-1.861004;7.466
22;DR;2026-09-03T09:34:43.384Z;1570.1;20.26;314;72;112;3.70;13;2.19;44.0;43.324339;-1.861004;7.472
22;DR;2026-09-03T09:34:44.382Z;1571.1;20.05;324;72;113;4.70;13;2.19;44.6;43.324415;-1.860889;7.477
22;DR;2026-09-03T09:34:45.388Z;1572.2;19.33;304;70;108;4.70;13;2.19;44.6;43.324415;-1.860889;7.483
22;DR;2026-09-03T09:34:46.384Z;1573.1;18.09;318;68;111;3.70;13;2.19;45.2;43.324597;-1.860611;7.488
22;DR;2026-09-03T09:34:47.388Z;1574.2;17.55;300;66;113;3.70;13;2.19;45.2;43.324597;-1.860611;7.493
22;DR;2026-09-03T09:34:48.385Z;1575.1;18.39;319;63;114;2.70;13;2.19;45.2;43.324597;-1.860611;7.498
22;DR;2026-09-03T09:34:49.390Z;1576.2;19.56;312;67;114;2.70;13;2.19;45.2;43.324597;-1.860611;7.503
22;DR;2026-09-03T09:34:50.387Z;1577.2;20.82;334;71;118;3.07;13;2.19;45.2;43.324597;-1.860611;7.509
22;DR;2026-09-03T09:34:51.402Z;1578.2;21.02;282;73;122;3.07;13;2.19;45.2;43.324597;-1.860611;7.515
22;DR;2026-09-03T09:34:52.389Z;1579.2;20.01;197;76;124;4.08;13;2.19;45.6;43.324634;-1.860557;7.521
22;DR;2026-09-03T09:34:53.393Z;1580.2;19.17;275;77;125;4.08;13;2.19;46.6;43.324815;-1.860295;7.526
22;DR;2026-09-03T09:34:54.390Z;1581.2;18.23;255;76;128;3.78;13;2.19;46.6;43.324815;-1.860295;7.531
22;DR;2026-09-03T09:34:55.384Z;1582.1;17.94;307;74;128;3.78;13;2.19;46.6;43.324815;-1.860295;7.536
22;DR;2026-09-03T09:34:56.393Z;1583.2;18.31;304;73;129;3.78;13;2.19;46.6;43.324815;-1.860295;7.541
22;DR;2026-09-03T09:34:57.385Z;1584.1;17.20;310;73;130;3.78;13;2.19;46.6;43.324815;-1.860295;7.546
22;DR;2026-09-03T09:34:58.392Z;1585.2;10.23;208;67;132;2.90;13;2.19;46.6;43.324815;-1.860295;7.550
22;DR;2026-09-03T09:34:59.392Z;1586.2;3.54;208;67;134;2.90;13;2.19;47.2;43.324954;-1.860069;7.552
22;DR;2026-09-03T09:35:00.393Z;1587.2;1.22;0;0;133;2.81;13;2.19;47.2;43.324954;-1.860069;7.553
22;DR;2026-09-03T09:35:01.388Z;1588.2;1.22;0;0;135;2.81;13;2.19;47.2;43.324954;-1.860069;7.553
22;DR;2026-09-03T09:35:02.382Z;1589.1;1.22;0;0;134;2.81;13;2.19;47.2;43.324954;-1.860069;7.553
22;DR;2026-09-03T09:35:03.399Z;1590.2;4.80;0;0;134;2.81;13;2.19;47.2;43.324954;-1.860069;7.554
22;DR;2026-09-03T09:35:04.384Z;1591.1;7.85;11;45;135;2.81;13;2.19;47.2;43.324954;-1.860069;7.556
22;DR;2026-09-03T09:35:05.390Z;1592.2;19.74;263;39;134;2.81;13;2.19;47.2;43.324954;-1.860069;7.560
22;DR;2026-09-03T09:35:06.391Z;1593.2;21.76;110;75;131;2.81;13;2.19;47.2;43.324954;-1.860069;7.565
22;DR;2026-09-03T09:35:07.402Z;1594.2;21.13;156;85;132;2.81;13;2.19;47.2;43.324954;-1.860069;7.571
22;DR;2026-09-03T09:35:08.388Z;1595.2;19.66;162;86;133;3.81;13;2.19;47.6;43.324988;-1.860015;7.577
22;DR;2026-09-03T09:35:09.383Z;1596.1;18.96;255;78;134;3.81;13;2.19;48.6;43.325235;-1.859650;7.582
22;DR;2026-09-03T09:35:10.388Z;1597.2;18.33;249;76;135;2.81;13;2.19;48.6;43.325235;-1.859650;7.588
22;DR;2026-09-03T09:35:11.384Z;1598.1;18.20;281;74;134;2.81;13;2.19;48.6;43.325235;-1.859650;7.593
22;DR;2026-09-03T09:35:12.390Z;1599.2;19.05;285;75;135;2.79;13;2.19;48.6;43.325235;-1.859650;7.598
22;DR;2026-09-03T09:35:13.391Z;1600.2;19.37;230;77;134;2.79;13;2.19;48.6;43.325235;-1.859650;7.603
22;DR;2026-09-03T09:35:14.401Z;1601.2;19.09;231;76;136;2.79;13;2.19;48.6;43.325235;-1.859650;7.609
22;DR;2026-09-03T09:35:15.384Z;1602.1;18.97;239;76;135;2.79;13;2.19;48.6;43.325235;-1.859650;7.614
22;DR;2026-09-03T09:35:16.382Z;1603.1;18.87;235;76;136;3.54;13;2.19;48.6;43.325235;-1.859650;7.619
22;DR;2026-09-03T09:35:17.393Z;1604.2;18.61;252;75;135;3.54;13;2.19;48.8;43.325267;-1.859596;7.624
22;DR;2026-09-03T09:35:18.395Z;1605.2;18.22;238;75;136;3.98;13;2.19;49.8;43.325432;-1.859338;7.629
22;DR;2026-09-03T09:35:19.383Z;1606.1;18.06;285;74;136;3.98;13;2.19;49.8;43.325432;-1.859338;7.634
22;DR;2026-09-03T09:35:20.395Z;1607.2;17.80;286;73;136;3.98;13;2.19;49.8;43.325432;-1.859338;7.639
22;DR;2026-09-03T09:35:21.388Z;1608.2;17.48;272;72;141;3.98;13;2.19;49.8;43.325432;-1.859338;7.644
22;DR;2026-09-03T09:35:22.386Z;1609.2;17.46;291;70;140;3.69;13;2.19;49.8;43.325432;-1.859338;7.649
22;DR;2026-09-03T09:35:23.386Z;1610.2;17.69;300;70;137;3.69;13;2.19;49.8;43.325432;-1.859338;7.654
22;DR;2026-09-03T09:35:24.398Z;1611.2;17.87;290;72;136;3.22;13;2.19;50.6;43.325599;-1.859084;7.659
22;DR;2026-09-03T09:35:25.383Z;1612.1;18.06;283;71;136;3.22;13;2.19;50.6;43.325599;-1.859084;7.664
22;DR;2026-09-03T09:35:26.398Z;1613.2;18.45;275;73;138;3.22;13;2.19;50.6;43.325599;-1.859084;7.669
22;DR;2026-09-03T09:35:27.383Z;1614.1;18.54;248;75;138;3.22;13;2.19;50.6;43.325599;-1.859084;7.674
22;DR;2026-09-03T09:35:28.390Z;1615.2;18.52;267;73;138;2.22;13;2.19;50.6;43.325599;-1.859084;7.679
22;DR;2026-09-03T09:35:29.384Z;1616.1;18.61;257;75;137;2.22;13;2.19;50.8;43.325701;-1.858929;7.684
22;DR;2026-09-03T09:35:30.391Z;1617.2;19.08;227;76;139;1.40;13;2.19;50.8;43.325701;-1.858929;7.690
22;DR;2026-09-03T09:35:31.397Z;1618.2;19.50;203;77;137;1.40;13;2.19;50.8;43.325701;-1.858929;7.695
22;DR;2026-09-03T09:35:32.388Z;1619.2;20.10;177;79;138;2.40;13;2.19;51.4;43.325836;-1.858719;7.701
22;DR;2026-09-03T09:35:33.398Z;1620.2;20.69;196;80;137;2.40;13;2.19;51.4;43.325836;-1.858719;7.706
22;DR;2026-09-03T09:35:34.401Z;1621.2;20.02;180;82;139;2.97;13;2.19;51.4;43.325836;-1.858719;7.712
22;DR;2026-09-03T09:35:35.399Z;1622.2;19.27;204;80;138;2.97;13;2.19;51.4;43.325836;-1.858719;7.717
22;DR;2026-09-03T09:35:36.384Z;1623.1;18.96;245;79;141;3.96;13;2.19;51.4;43.325836;-1.858719;7.723
22;DR;2026-09-03T09:35:37.395Z;1624.2;18.60;256;74;143;3.96;13;2.19;52.0;43.325904;-1.858617;7.728
22;DR;2026-09-03T09:35:38.386Z;1625.2;18.02;265;74;140;4.19;13;2.19;52.0;43.325904;-1.858617;7.733
22;DR;2026-09-03T09:35:39.388Z;1626.2;17.54;286;72;140;4.19;13;2.19;52.6;43.326002;-1.858463;7.738
22;DR;2026-09-03T09:35:40.394Z;1627.2;17.38;295;72;140;3.55;13;2.19;52.6;43.326002;-1.858463;7.743
22;DR;2026-09-03T09:35:41.392Z;1628.2;17.24;291;70;138;3.55;13;2.19;52.6;43.326002;-1.858463;7.748
22;DR;2026-09-03T09:35:42.384Z;1629.1;17.41;277;70;139;2.55;13;2.19;52.8;43.326068;-1.858364;7.752
22;DR;2026-09-03T09:35:43.382Z;1630.1;18.09;283;71;139;2.55;13;2.19;52.8;43.326068;-1.858364;7.757
22;DR;2026-09-03T09:35:44.383Z;1631.1;19.06;266;74;137;3.55;13;2.19;53.0;43.326099;-1.858314;7.762
22;DR;2026-09-03T09:35:45.379Z;1632.1;19.26;236;76;139;3.55;13;2.19;54.2;43.326298;-1.857967;7.768
22;DR;2026-09-03T09:35:46.375Z;1633.1;18.35;224;76;140;3.72;13;2.19;54.2;43.326298;-1.857967;7.773
22;DR;2026-09-03T09:35:47.381Z;1634.1;17.83;279;73;137;3.72;13;2.19;54.2;43.326298;-1.857967;7.778
22;DR;2026-09-03T09:35:48.373Z;1635.1;17.81;273;74;136;3.72;13;2.19;54.2;43.326298;-1.857967;7.783
22;DR;2026-09-03T09:35:49.376Z;1636.1;17.74;283;70;136;3.72;12;2.05;54.2;43.326298;-1.857967;7.788
22;DR;2026-09-03T09:35:50.382Z;1637.1;17.88;290;72;136;3.54;12;2.05;54.2;43.326298;-1.857967;7.793
22;DR;2026-09-03T09:35:51.377Z;1638.1;18.19;304;74;136;3.54;12;2.05;54.2;43.326298;-1.857967;7.798
22;DR;2026-09-03T09:35:52.375Z;1639.1;18.43;281;74;134;4.54;11;1.92;54.6;43.326324;-1.857916;7.803
22;DR;2026-09-03T09:35:53.378Z;1640.1;18.29;287;74;134;4.54;11;1.92;55.4;43.326380;-1.857764;7.808
22;DR;2026-09-03T09:35:54.385Z;1641.1;17.84;294;73;134;4.90;10;1.80;55.4;43.326380;-1.857764;7.813
22;DR;2026-09-03T09:35:55.379Z;1642.1;17.52;327;71;133;4.90;7;1.48;55.4;43.326380;-1.857764;7.818
22;DR;2026-09-03T09:35:56.376Z;1643.1;17.28;333;70;132;3.91;5;1.30;56.2;43.326435;-1.857623;7.823
22;DR;2026-09-03T09:35:57.371Z;1644.1;17.10;320;69;133;3.91;2;1.07;56.2;43.326435;-1.857623;7.827
22;DR;2026-09-03T09:35:58.376Z;1645.1;17.57;317;69;133;2.91;2;1.07;56.2;43.326435;-1.857623;7.832
22;DR;2026-09-03T09:35:59.382Z;1646.1;18.24;310;71;134;2.91;2;1.07;56.4;43.326454;-1.857579;7.837
22;DR;2026-09-03T09:36:00.372Z;1647.1;19.01;287;74;132;2.05;2;1.07;57.6;43.326533;-1.857347;7.842
22;DR;2026-09-03T09:36:01.373Z;1648.1;19.73;249;79;132;2.05;2;1.07;57.6;43.326533;-1.857347;7.848
22;DR;2026-09-03T09:36:02.371Z;1649.1;20.18;228;80;133;1.82;2;1.07;57.6;43.326533;-1.857347;7.853
22;DR;2026-09-03T09:36:03.374Z;1650.1;20.44;229;81;133;1.82;2;1.07;57.6;43.326533;-1.857347;7.859
22;DR;2026-09-03T09:36:04.373Z;1651.1;20.37;205;81;132;1.46;2;1.07;58.6;43.326618;-1.857108;7.865
22;DR;2026-09-03T09:36:05.386Z;1652.2;20.43;185;83;133;1.46;2;1.07;58.6;43.326618;-1.857108;7.870
22;DR;2026-09-03T09:36:06.373Z;1653.1;20.67;186;83;134;0.88;2;1.07;58.6;43.326618;-1.857108;7.876
22;DR;2026-09-03T09:36:07.371Z;1654.1;20.90;169;80;134;0.88;2;1.07;58.8;43.326644;-1.857011;7.882
22;DR;2026-09-03T09:36:08.372Z;1655.1;21.25;151;84;134;0.47;2;1.07;58.8;43.326644;-1.857011;7.888
22;DR;2026-09-03T09:36:09.374Z;1656.1;21.79;142;87;135;0.47;2;1.07;59.4;43.326737;-1.856783;7.894
22;DR;2026-09-03T09:36:10.384Z;1657.1;22.32;137;87;134;0.69;3;1.14;59.4;43.326737;-1.856783;7.900
22;DR;2026-09-03T09:36:11.385Z;1658.1;22.76;126;89;134;0.69;3;1.14;59.4;43.326737;-1.856783;7.906
22;DR;2026-09-03T09:36:12.375Z;1659.1;22.69;122;90;134;1.68;3;1.14;59.8;43.326757;-1.856735;7.912
22;DR;2026-09-03T09:36:13.375Z;1660.1;22.50;130;94;134;1.68;4;1.22;60.8;43.326831;-1.856545;7.919
22;DR;2026-09-03T09:36:14.386Z;1661.2;21.88;165;82;134;2.47;4;1.22;60.8;43.326831;-1.856545;7.925
22;DR;2026-09-03T09:36:15.377Z;1662.1;21.19;188;79;134;2.47;4;1.22;60.8;43.326831;-1.856545;7.931
22;DR;2026-09-03T09:36:16.388Z;1663.2;20.67;221;85;134;1.93;4;1.22;61.4;43.326882;-1.856401;7.937
22;DR;2026-09-03T09:36:17.373Z;1664.1;20.50;259;82;134;1.93;4;1.22;61.4;43.326882;-1.856401;7.942
22;DR;2026-09-03T09:36:18.374Z;1665.1;20.86;226;82;134;1.91;4;1.22;61.8;43.326918;-1.856305;7.948
22;DR;2026-09-03T09:36:19.384Z;1666.1;20.94;199;84;134;1.91;4;1.22;61.8;43.326918;-1.856305;7.954
22;DR;2026-09-03T09:36:20.376Z;1667.1;20.80;205;84;133;1.94;4;1.22;62.8;43.327008;-1.856070;7.960
22;DR;2026-09-03T09:36:21.380Z;1668.1;20.75;206;83;133;1.94;4;1.22;62.8;43.327008;-1.856070;7.965
22;DR;2026-09-03T09:36:22.379Z;1669.1;20.97;233;84;133;1.91;4;1.22;62.8;43.327008;-1.856070;7.971
22;DR;2026-09-03T09:36:23.377Z;1670.1;21.08;220;84;133;1.91;4;1.22;63.0;43.327024;-1.856020;7.977
22;DR;2026-09-03T09:36:24.373Z;1671.1;20.90;206;84;133;1.89;4;1.22;64.0;43.327113;-1.855779;7.983
22;DR;2026-09-03T09:36:25.378Z;1672.1;20.83;207;83;133;1.89;4;1.22;64.0;43.327113;-1.855779;7.989
22;DR;2026-09-03T09:36:26.374Z;1673.1;20.73;204;82;132;1.92;4;1.22;64.0;43.327113;-1.855779;7.994
22;DR;2026-09-03T09:36:27.379Z;1674.1;20.62;204;83;132;1.92;4;1.22;64.0;43.327113;-1.855779;8.000
22;DR;2026-09-03T09:36:28.376Z;1675.1;20.64;200;83;132;2.00;4;1.22;64.6;43.327170;-1.855644;8.006
22;DR;2026-09-03T09:36:29.381Z;1676.1;20.53;198;82;131;2.00;4;1.22;64.6;43.327170;-1.855644;8.012
22;DR;2026-09-03T09:36:30.392Z;1677.2;20.37;200;82;131;1.90;4;1.22;65.0;43.327208;-1.855553;8.017
22;DR;2026-09-03T09:36:31.381Z;1678.1;20.46;207;82;131;1.90;4;1.22;66.2;43.327357;-1.855278;8.023
22;DR;2026-09-03T09:36:32.373Z;1679.1;20.56;204;82;130;1.75;4;1.22;66.2;43.327357;-1.855278;8.029
22;DR;2026-09-03T09:36:33.379Z;1680.1;20.50;203;82;130;1.75;4;1.22;66.2;43.327357;-1.855278;8.034
22;DR;2026-09-03T09:36:34.385Z;1681.1;20.48;189;83;129;1.75;4;1.22;66.2;43.327357;-1.855278;8.040
22;DR;2026-09-03T09:36:35.383Z;1682.1;20.48;188;82;129;1.75;4;1.22;66.2;43.327357;-1.855278;8.046
22;DR;2026-09-03T09:36:36.390Z;1683.2;20.53;192;83;129;2.04;5;1.30;67.2;43.327481;-1.855053;8.052
22;DR;2026-09-03T09:36:37.383Z;1684.1;20.48;190;82;128;2.04;5;1.30;67.2;43.327481;-1.855053;8.057
22;DR;2026-09-03T09:36:38.376Z;1685.1;20.17;189;81;128;2.04;5;1.30;67.2;43.327481;-1.855053;8.063
22;DR;2026-09-03T09:36:39.385Z;1686.1;20.08;205;81;128;2.04;6;1.39;67.2;43.327481;-1.855053;8.069
22;DR;2026-09-03T09:36:40.375Z;1687.1;20.18;213;81;127;2.72;7;1.48;68.4;43.327615;-1.854783;8.074
22;DR;2026-09-03T09:36:41.387Z;1688.2;20.06;209;81;127;2.72;7;1.48;68.4;43.327615;-1.854783;8.080
22;DR;2026-09-03T09:36:42.372Z;1689.1;19.69;224;80;127;2.72;7;1.48;68.4;43.327615;-1.854783;8.085
22;DR;2026-09-03T09:36:43.377Z;1690.1;19.58;267;78;126;2.72;7;1.48;68.4;43.327615;-1.854783;8.091
22;DR;2026-09-03T09:36:44.362Z;1691.1;19.71;251;79;126;2.78;7;1.48;68.4;43.327615;-1.854783;8.096
22;DR;2026-09-03T09:36:45.368Z;1692.1;19.80;257;79;125;2.78;7;1.48;69.0;43.327685;-1.854658;8.102
22;DR;2026-09-03T09:36:46.364Z;1693.1;19.78;260;79;126;2.84;7;1.48;69.0;43.327685;-1.854658;8.107
22;DR;2026-09-03T09:36:47.359Z;1694.1;19.74;258;79;125;2.84;7;1.48;69.0;43.327685;-1.854658;8.112
22;DR;2026-09-03T09:36:48.376Z;1695.1;19.68;253;79;125;2.84;7;1.48;69.6;43.327750;-1.854530;8.118
22;DR;2026-09-03T09:36:49.371Z;1696.1;19.67;268;79;125;2.84;7;1.48;69.6;43.327750;-1.854530;8.123
22;DR;2026-09-03T09:36:50.377Z;1697.1;19.73;261;79;125;2.75;7;1.48;70.6;43.327863;-1.854310;8.129
22;DR;2026-09-03T09:36:51.361Z;1698.1;19.66;260;79;126;2.75;7;1.48;70.6;43.327863;-1.854310;8.134
22;DR;2026-09-03T09:36:52.368Z;1699.1;19.67;250;78;126;2.75;7;1.48;70.6;43.327863;-1.854310;8.140
22;DR;2026-09-03T09:36:53.362Z;1700.1;19.85;269;79;126;2.75;7;1.48;70.6;43.327863;-1.854310;8.145
22;DR;2026-09-03T09:36:54.359Z;1701.1;19.92;262;80;126;2.46;6;1.39;71.6;43.327984;-1.854098;8.151
22;DR;2026-09-03T09:36:55.370Z;1702.1;19.89;255;79;127;2.46;6;1.39;71.6;43.327984;-1.854098;8.156
22;DR;2026-09-03T09:36:56.361Z;1703.1;20.10;261;81;127;3.07;6;1.39;71.6;43.327984;-1.854098;8.162
22;DR;2026-09-03T09:36:57.366Z;1704.1;20.32;253;81;127;3.07;6;1.39;71.6;43.327984;-1.854098;8.168
22;DR;2026-09-03T09:36:58.362Z;1705.1;20.11;268;81;127;4.07;6;1.39;72.6;43.328050;-1.853966;8.173
22;DR;2026-09-03T09:36:59.361Z;1706.1;19.83;289;80;128;4.07;6;1.39;72.6;43.328050;-1.853966;8.179
22;DR;2026-09-03T09:37:00.364Z;1707.1;19.20;276;79;128;3.07;6;1.39;73.0;43.328096;-1.853877;8.184
22;DR;2026-09-03T09:37:01.368Z;1708.1;19.05;316;77;128;3.07;6;1.39;73.0;43.328096;-1.853877;8.189
22;DR;2026-09-03T09:37:02.366Z;1709.1;19.76;303;78;129;2.39;6;1.39;73.6;43.328168;-1.853750;8.195
22;DR;2026-09-03T09:37:03.366Z;1710.1;20.08;267;79;129;2.39;6;1.39;73.6;43.328168;-1.853750;8.200
22;DR;2026-09-03T09:37:04.365Z;1711.1;20.17;239;80;129;1.93;6;1.39;74.6;43.328306;-1.853487;8.206
22;DR;2026-09-03T09:37:05.361Z;1712.1;20.14;210;81;129;1.93;6;1.39;74.6;43.328306;-1.853487;8.212
22;DR;2026-09-03T09:37:06.363Z;1713.1;20.30;217;81;129;1.93;6;1.39;74.6;43.328306;-1.853487;8.217
22;DR;2026-09-03T09:37:07.362Z;1714.1;20.46;216;82;130;1.93;6;1.39;74.6;43.328306;-1.853487;8.223
22;DR;2026-09-03T09:37:08.378Z;1715.1;20.37;195;82;130;2.94;6;1.39;74.6;43.328306;-1.853487;8.229
22;DR;2026-09-03T09:37:09.368Z;1716.1;20.40;210;82;130;2.94;6;1.39;75.8;43.328404;-1.853310;8.234
22;DR;2026-09-03T09:37:10.369Z;1717.1;20.00;241;80;130;3.73;6;1.39;75.8;43.328404;-1.853310;8.240
22;DR;2026-09-03T09:37:11.364Z;1718.1;19.68;282;80;130;3.73;6;1.39;75.8;43.328404;-1.853310;8.245
22;DR;2026-09-03T09:37:12.360Z;1719.1;19.34;274;79;130;3.11;6;1.39;77.0;43.328521;-1.853097;8.251
22;DR;2026-09-03T09:37:13.371Z;1720.1;19.28;299;78;131;3.11;6;1.39;77.0;43.328521;-1.853097;8.256
22;DR;2026-09-03T09:37:14.372Z;1721.1;19.69;286;78;130;2.98;6;1.39;77.0;43.328521;-1.853097;8.262
22;DR;2026-09-03T09:37:15.370Z;1722.1;19.77;266;79;131;2.98;6;1.39;77.0;43.328521;-1.853097;8.267
22;DR;2026-09-03T09:37:16.363Z;1723.1;19.75;264;79;131;2.46;6;1.39;78.0;43.328639;-1.852882;8.272
22;DR;2026-09-03T09:37:17.361Z;1724.1;19.80;263;79;130;2.46;6;1.39;78.0;43.328639;-1.852882;8.278
22;DR;2026-09-03T09:37:18.374Z;1725.1;20.05;255;80;130;2.49;6;1.39;78.0;43.328639;-1.852882;8.284
22;DR;2026-09-03T09:37:19.369Z;1726.1;20.22;251;80;130;2.49;6;1.39;78.0;43.328639;-1.852882;8.289
22;DR;2026-09-03T09:37:20.371Z;1727.1;20.06;231;80;130;2.58;6;1.39;78.8;43.328727;-1.852715;8.295
22;DR;2026-09-03T09:37:21.360Z;1728.1;19.99;238;80;130;2.58;6;1.39;78.8;43.328727;-1.852715;8.300
22;DR;2026-09-03T09:37:22.369Z;1729.1;19.89;229;80;130;2.98;6;1.39;78.8;43.328727;-1.852715;8.306
22;DR;2026-09-03T09:37:23.377Z;1730.1;19.81;235;80;130;2.98;6;1.39;79.0;43.328750;-1.852672;8.311
22;DR;2026-09-03T09:37:24.361Z;1731.1;19.66;261;79;130;3.82;6;1.39;80.2;43.328848;-1.852494;8.317
22;DR;2026-09-03T09:37:25.363Z;1732.1;19.59;255;79;130;3.82;6;1.39;80.2;43.328848;-1.852494;8.322
22;DR;2026-09-03T09:37:26.359Z;1733.1;19.25;281;78;130;2.82;6;1.39;80.2;43.328848;-1.852494;8.328
22;DR;2026-09-03T09:37:27.374Z;1734.1;19.21;332;77;130;2.82;6;1.39;81.0;43.328940;-1.852313;8.333
22;DR;2026-09-03T09:37:28.360Z;1735.1;19.99;307;78;130;2.38;6;1.39;81.0;43.328940;-1.852313;8.338
22;DR;2026-09-03T09:37:29.359Z;1736.1;20.47;266;82;130;2.38;6;1.39;81.0;43.328940;-1.852313;8.344
22;DR;2026-09-03T09:37:30.371Z;1737.1;20.57;241;82;130;1.82;6;1.39;81.4;43.328984;-1.852226;8.350
22;DR;2026-09-03T09:37:31.367Z;1738.1;20.55;222;83;129;1.82;6;1.39;81.4;43.328984;-1.852226;8.355
22;DR;2026-09-03T09:37:32.360Z;1739.1;20.73;217;83;130;0.83;6;1.39;81.6;43.329139;-1.851949;8.361
22;DR;2026-09-03T09:37:33.367Z;1740.1;21.01;206;84;131;0.83;6;1.39;81.6;43.329139;-1.851949;8.367
22;DR;2026-09-03T09:37:34.369Z;1741.1;21.38;159;85;131;-0.17;6;1.39;81.6;43.329139;-1.851949;8.373
22;DR;2026-09-03T09:37:35.360Z;1742.1;21.91;147;86;131;-0.17;6;1.39;81.6;43.329139;-1.851949;8.379
22;DR;2026-09-03T09:37:36.365Z;1743.1;21.93;64;88;131;-1.17;6;1.39;81.6;43.329139;-1.851949;8.385
22;DR;2026-09-03T09:37:37.361Z;1744.1;22.42;87;89;130;-1.17;6;1.39;81.0;43.329372;-1.851625;8.391
22;DR;2026-09-03T09:37:38.359Z;1745.1;23.58;123;91;130;-1.75;6;1.39;81.0;43.329372;-1.851625;8.397
22;DR;2026-09-03T09:37:39.363Z;1746.1;24.43;96;81;130;-1.75;6;1.39;81.0;43.329372;-1.851625;8.404
22;DR;2026-09-03T09:37:40.364Z;1747.1;24.73;92;87;130;-1.69;9;1.69;81.0;43.329372;-1.851625;8.411
22;DR;2026-09-03T09:37:41.368Z;1748.1;24.69;72;104;130;-1.69;15;2.50;81.0;43.329372;-1.851625;8.418
22;DR;2026-09-03T09:37:42.352Z;1749.1;24.44;72;98;129;-0.70;19;3.24;80.8;43.329408;-1.851562;8.425
22;DR;2026-09-03T09:37:43.363Z;1750.1;24.33;62;99;129;-0.70;23;4.22;81.2;43.329487;-1.851361;8.431
22;DR;2026-09-03T09:37:44.352Z;1751.1;24.45;85;98;129;0.30;23;4.22;81.2;43.329487;-1.851361;8.438
22;DR;2026-09-03T09:37:45.354Z;1752.1;24.54;82;94;128;0.30;23;4.22;81.2;43.329487;-1.851361;8.445
22;DR;2026-09-03T09:37:46.358Z;1753.1;24.48;125;86;128;1.30;23;4.22;82.0;43.329619;-1.851132;8.452
22;DR;2026-09-03T09:37:47.347Z;1754.1;24.28;121;88;128;1.30;23;4.22;82.0;43.329619;-1.851132;8.458
22;DR;2026-09-03T09:37:48.360Z;1755.1;24.18;122;93;127;2.31;23;4.22;82.0;43.329619;-1.851132;8.465
22;DR;2026-09-03T09:37:49.356Z;1756.1;24.12;204;78;128;2.31;23;4.22;82.0;43.329657;-1.851078;8.472
22;DR;2026-09-03T09:37:50.352Z;1757.1;23.34;220;77;128;3.30;23;4.22;82.4;43.329728;-1.850958;8.479
22;DR;2026-09-03T09:37:51.356Z;1758.1;22.81;232;82;128;3.30;23;4.22;82.4;43.329728;-1.850958;8.485
22;DR;2026-09-03T09:37:52.363Z;1759.1;22.42;299;81;128;4.31;23;4.22;82.8;43.329793;-1.850747;8.491
22;DR;2026-09-03T09:37:53.359Z;1760.1;21.94;319;79;127;4.31;23;4.22;82.8;43.329793;-1.850747;8.497
22;DR;2026-09-03T09:37:54.362Z;1761.1;21.45;352;78;128;5.31;23;4.22;82.8;43.329793;-1.850747;8.503
22;DR;2026-09-03T09:37:55.360Z;1762.1;21.10;402;75;128;5.31;23;4.22;83.0;43.329807;-1.850604;8.509
22;DR;2026-09-03T09:37:56.366Z;1763.1;20.63;409;73;129;6.31;23;4.22;83.0;43.329807;-1.850604;8.515
22;DR;2026-09-03T09:37:57.351Z;1764.1;20.05;422;72;128;6.31;19;3.24;83.4;43.329818;-1.850461;8.521
22;DR;2026-09-03T09:37:58.347Z;1765.1;18.81;419;70;129;6.53;19;3.24;83.4;43.329818;-1.850461;8.526
22;DR;2026-09-03T09:37:59.352Z;1766.1;17.56;379;67;129;6.53;19;3.24;83.8;43.329828;-1.850315;8.531
22;DR;2026-09-03T09:38:00.348Z;1767.1;17.02;414;64;129;5.53;19;3.24;83.8;43.329828;-1.850315;8.536
22;DR;2026-09-03T09:38:01.351Z;1768.1;16.54;408;60;129;5.53;19;3.24;83.8;43.329828;-1.850315;8.541
22;DR;2026-09-03T09:38:02.358Z;1769.1;16.60;385;59;129;4.53;16;2.67;84.4;43.329854;-1.849877;8.545
22;DR;2026-09-03T09:38:03.365Z;1770.1;16.92;380;59;129;4.53;16;2.67;84.4;43.329854;-1.849877;8.550
22;DR;2026-09-03T09:38:04.348Z;1771.1;17.70;360;60;130;3.53;16;2.67;84.4;43.329854;-1.849877;8.555
22;DR;2026-09-03T09:38:05.356Z;1772.1;18.83;395;63;129;3.53;16;2.67;84.4;43.329854;-1.849877;8.560
22;DR;2026-09-03T09:38:06.352Z;1773.1;19.69;353;66;129;2.79;16;2.67;84.4;43.329854;-1.849877;8.565
22;DR;2026-09-03T09:38:07.347Z;1774.1;20.36;329;71;130;2.79;16;2.67;84.4;43.329854;-1.849877;8.571
22;DR;2026-09-03T09:38:08.354Z;1775.1;20.84;279;72;130;3.79;16;2.67;84.4;43.329854;-1.849877;8.576
22;DR;2026-09-03T09:38:09.348Z;1776.1;21.07;284;74;131;3.79;16;2.67;85.0;43.329866;-1.849731;8.582
22;DR;2026-09-03T09:38:10.362Z;1777.1;20.35;268;74;131;3.19;16;2.67;85.0;43.329866;-1.849731;8.588
22;DR;2026-09-03T09:38:11.357Z;1778.1;19.96;334;72;132;3.19;16;2.67;85.4;43.329968;-1.849226;8.594
22;DR;2026-09-03T09:38:12.356Z;1779.1;20.43;328;71;132;2.19;16;2.67;85.4;43.329968;-1.849226;8.599
22;DR;2026-09-03T09:38:13.348Z;1780.1;20.95;305;73;131;2.19;16;2.67;85.4;43.329968;-1.849226;8.605
22;DR;2026-09-03T09:38:14.357Z;1781.1;21.43;279;74;133;1.82;16;2.67;85.4;43.329968;-1.849226;8.611
22;DR;2026-09-03T09:38:15.362Z;1782.1;21.79;262;76;133;1.82;16;2.67;85.4;43.329968;-1.849226;8.617
22;DR;2026-09-03T09:38:16.353Z;1783.1;21.88;216;77;133;1.82;16;2.67;85.4;43.329968;-1.849226;8.623
22;DR;2026-09-03T09:38:17.363Z;1784.1;22.00;226;77;134;1.82;16;2.67;85.4;43.329968;-1.849226;8.629
22;DR;2026-09-03T09:38:18.350Z;1785.1;21.94;211;77;134;0.83;16;2.67;85.2;43.330137;-1.848787;8.635
22;DR;2026-09-03T09:38:19.355Z;1786.1;21.78;206;77;134;0.83;16;2.67;85.2;43.330137;-1.848787;8.641
22;DR;2026-09-03T09:38:20.351Z;1787.1;22.15;180;77;134;-0.05;16;2.67;85.2;43.330137;-1.848787;8.647
22;DR;2026-09-03T09:38:21.351Z;1788.1;22.86;177;77;135;-0.05;16;2.67;85.2;43.330137;-1.848787;8.654
22;DR;2026-09-03T09:38:22.351Z;1789.1;23.49;121;81;135;-0.05;16;2.67;85.2;43.330137;-1.848787;8.660
22;DR;2026-09-03T09:38:23.357Z;1790.1;24.31;132;82;135;-0.05;16;2.67;85.2;43.330137;-1.848787;8.667
22;DR;2026-09-03T09:38:24.363Z;1791.1;24.92;115;86;135;-1.06;16;2.67;85.2;43.330137;-1.848787;8.674
22;DR;2026-09-03T09:38:25.358Z;1792.1;25.20;114;88;135;-1.06;16;2.67;84.6;43.330356;-1.848420;8.680
22;DR;2026-09-03T09:38:26.364Z;1793.1;25.48;102;89;135;-1.43;16;2.67;84.6;43.330356;-1.848420;8.688
22;DR;2026-09-03T09:38:27.348Z;1794.1;25.92;102;90;135;-1.43;16;2.67;84.6;43.330356;-1.848420;8.695
22;DR;2026-09-03T09:38:28.365Z;1795.1;26.31;97;92;135;-1.43;16;2.67;84.6;43.330356;-1.848420;8.702
22;DR;2026-09-03T09:38:29.351Z;1796.1;26.57;97;93;135;-1.43;16;2.67;84.6;43.330356;-1.848420;8.709
22;DR;2026-09-03T09:38:30.367Z;1797.1;26.74;96;95;134;-1.82;16;2.67;83.8;43.330673;-1.848118;8.717
22;DR;2026-09-03T09:38:31.362Z;1798.1;26.85;91;94;136;-1.82;16;2.67;83.8;43.330673;-1.848118;8.724
22;DR;2026-09-03T09:38:32.349Z;1799.1;26.92;93;94;136;-1.82;16;2.67;83.8;43.330673;-1.848118;8.732
22;DR;2026-09-03T09:38:33.353Z;1800.1;27.00;95;95;136;-1.82;16;2.67;83.8;43.330673;-1.848118;8.739
22;DR;2026-09-03T09:38:34.356Z;1801.1;27.05;91;96;136;-2.10;16;2.67;83.8;43.330673;-1.848118;8.747
22;DR;2026-09-03T09:38:35.354Z;1802.1;27.02;86;95;136;-2.10;16;2.67;83.8;43.330673;-1.848118;8.754
22;DR;2026-09-03T09:38:36.356Z;1803.1;26.96;88;95;135;-3.10;16;2.67;83.0;43.330749;-1.848060;8.762
22;DR;2026-09-03T09:38:37.356Z;1804.1;26.91;90;95;137;-3.10;16;2.67;82.0;43.330911;-1.847938;8.769
22;DR;2026-09-03T09:38:38.362Z;1805.1;26.96;91;95;137;-4.11;16;2.67;82.0;43.330911;-1.847938;8.777
22;DR;2026-09-03T09:38:39.354Z;1806.1;26.99;90;95;136;-4.11;16;2.67;82.0;43.330911;-1.847938;8.784
22;DR;2026-09-03T09:38:40.353Z;1807.1;26.93;88;96;136;-5.10;16;2.67;80.8;43.331087;-1.847809;8.791
22;DR;2026-09-03T09:38:41.358Z;1808.1;26.89;86;95;136;-5.10;16;2.67;80.8;43.331087;-1.847809;8.799
22;DR;2026-09-03T09:38:42.337Z;1809.1;26.96;96;96;136;-6.09;18;3.04;80.8;43.331087;-1.847809;8.806
22;DR;2026-09-03T09:38:43.337Z;1810.1;27.01;95;97;136;-6.09;21;3.70;80.2;43.331177;-1.847739;8.814
22;DR;2026-09-03T09:38:44.344Z;1811.1;26.96;89;95;135;-7.10;24;4.50;78.6;43.331267;-1.847660;8.821
22;DR;2026-09-03T09:38:45.336Z;1812.1;26.95;97;95;135;-7.10;24;4.50;78.6;43.331267;-1.847660;8.829
22;DR;2026-09-03T09:38:46.344Z;1813.1;26.98;87;94;134;-8.10;24;4.50;77.2;43.331445;-1.847476;8.836
22;DR;2026-09-03T09:38:47.340Z;1814.1;27.00;90;92;133;-8.10;24;4.50;77.2;43.331445;-1.847476;8.844
22;DR;2026-09-03T09:38:48.346Z;1815.1;26.90;81;95;133;-9.10;24;4.50;77.2;43.331445;-1.847476;8.851
22;DR;2026-09-03T09:38:49.341Z;1816.1;26.85;95;96;132;-9.10;24;4.50;75.6;43.331528;-1.847367;8.859
22;DR;2026-09-03T09:38:50.337Z;1817.1;26.94;96;95;132;-10.09;24;4.50;75.6;43.331528;-1.847367;8.866
22;DR;2026-09-03T09:38:51.337Z;1818.1;27.00;96;94;131;-10.09;24;4.50;74.2;43.331679;-1.847115;8.874
22;DR;2026-09-03T09:38:52.344Z;1819.1;26.98;90;96;130;-9.23;24;4.50;74.2;43.331679;-1.847115;8.881
22;DR;2026-09-03T09:38:53.354Z;1820.1;26.89;85;95;131;-9.23;24;4.50;74.2;43.331679;-1.847115;8.889
22;DR;2026-09-03T09:38:54.349Z;1821.1;26.83;90;95;131;-8.23;24;4.50;74.0;43.331742;-1.846972;8.896
22;DR;2026-09-03T09:38:55.340Z;1822.1;26.80;91;94;130;-8.23;24;4.50;74.0;43.331742;-1.846972;8.904
22;DR;2026-09-03T09:38:56.351Z;1823.1;26.71;85;94;129;-9.23;24;4.50;73.0;43.331795;-1.846818;8.911
22;DR;2026-09-03T09:38:57.350Z;1824.1;26.63;88;95;129;-9.23;24;4.50;73.0;43.331795;-1.846818;8.919
22;DR;2026-09-03T09:38:58.347Z;1825.1;26.62;90;93;128;-10.22;24;4.50;71.8;43.331839;-1.846656;8.926
22;DR;2026-09-03T09:38:59.337Z;1826.1;26.58;85;93;127;-10.22;24;4.50;71.8;43.331839;-1.846656;8.933
22;DR;2026-09-03T09:39:00.339Z;1827.1;26.53;86;94;126;-11.22;24;4.50;70.6;43.331873;-1.846487;8.941
22;DR;2026-09-03T09:39:01.339Z;1828.1;26.58;95;94;126;-11.22;24;4.50;70.6;43.331873;-1.846487;8.948
22;DR;2026-09-03T09:39:02.338Z;1829.1;26.85;101;95;125;-10.22;24;4.50;69.2;43.331900;-1.845956;8.955
22;DR;2026-09-03T09:39:03.336Z;1830.1;27.50;135;85;124;-10.22;24;4.50;69.2;43.331900;-1.845956;8.963
22;DR;2026-09-03T09:39:04.336Z;1831.1;28.25;117;84;124;-9.22;24;4.50;69.2;43.331900;-1.845956;8.971
22;DR;2026-09-03T09:39:05.336Z;1832.1;28.54;100;93;123;-9.22;24;4.50;69.2;43.331900;-1.845956;8.979
22;DR;2026-09-03T09:39:06.347Z;1833.1;28.57;94;92;123;-8.22;24;4.50;69.2;43.331900;-1.845956;8.987
22;DR;2026-09-03T09:39:07.352Z;1834.1;28.58;103;95;122;-8.22;24;4.50;69.2;43.331900;-1.845956;8.995
22;DR;2026-09-03T09:39:08.344Z;1835.1;28.62;98;95;121;-9.22;24;4.50;67.6;43.331859;-1.845592;9.002
22;DR;2026-09-03T09:39:09.341Z;1836.1;28.55;93;93;121;-9.22;24;4.50;67.6;43.331859;-1.845592;9.010
22;DR;2026-09-03T09:39:10.339Z;1837.1;28.52;90;94;120;-9.35;24;4.50;67.6;43.331859;-1.845592;9.018
22;DR;2026-09-03T09:39:11.345Z;1838.1;28.77;112;93;119;-9.35;24;4.50;66.8;43.331832;-1.845410;9.026
22;DR;2026-09-03T09:39:12.341Z;1839.1;29.23;127;82;119;-8.35;24;4.50;66.8;43.331832;-1.845410;9.034
22;DR;2026-09-03T09:39:13.336Z;1840.1;29.52;107;80;118;-8.35;24;4.50;66.2;43.331800;-1.845228;9.042
22;DR;2026-09-03T09:39:14.352Z;1841.1;29.60;100;90;118;-9.35;24;4.50;66.2;43.331800;-1.845228;9.051
22;DR;2026-09-03T09:39:15.348Z;1842.1;29.66;113;91;118;-9.35;24;4.50;65.0;43.331768;-1.845045;9.059
22;DR;2026-09-03T09:39:16.343Z;1843.1;29.67;102;91;117;-10.35;24;4.50;65.0;43.331768;-1.845045;9.067
22;DR;2026-09-03T09:39:17.348Z;1844.1;29.62;98;91;117;-10.35;24;4.50;63.4;43.331707;-1.844678;9.075
22;DR;2026-09-03T09:39:18.337Z;1845.1;29.61;104;90;117;-9.35;24;4.50;63.4;43.331707;-1.844678;9.084
22;DR;2026-09-03T09:39:19.350Z;1846.1;29.66;109;90;116;-9.35;24;4.50;63.4;43.331707;-1.844678;9.092
22;DR;2026-09-03T09:39:20.345Z;1847.1;29.73;112;91;116;-8.35;24;4.50;63.4;43.331707;-1.844678;9.100
22;DR;2026-09-03T09:39:21.352Z;1848.1;29.70;105;91;116;-8.35;24;4.50;62.2;43.331616;-1.844120;9.108
22;DR;2026-09-03T09:39:22.336Z;1849.1;29.68;106;91;116;-7.35;24;4.50;62.2;43.331616;-1.844120;9.117
22;DR;2026-09-03T09:39:23.337Z;1850.1;29.69;105;90;115;-7.35;24;4.50;62.2;43.331616;-1.844120;9.125
22;DR;2026-09-03T09:39:24.338Z;1851.1;29.68;102;91;115;-6.35;24;4.50;62.2;43.331616;-1.844120;9.133
22;DR;2026-09-03T09:39:25.350Z;1852.1;29.57;94;91;115;-6.35;24;4.50;62.2;43.331616;-1.844120;9.141
22;DR;2026-09-03T09:39:26.340Z;1853.1;29.49;103;90;115;-7.35;24;4.50;59.2;43.331551;-1.843744;9.150
22;DR;2026-09-03T09:39:27.345Z;1854.1;29.61;120;91;114;-7.35;24;4.50;59.2;43.331551;-1.843744;9.158
22;DR;2026-09-03T09:39:28.337Z;1855.1;29.76;104;90;114;-8.35;24;4.50;59.2;43.331551;-1.843744;9.166
22;DR;2026-09-03T09:39:29.336Z;1856.1;29.77;100;90;115;-8.35;24;4.50;59.2;43.331551;-1.843744;9.174
22;DR;2026-09-03T09:39:30.352Z;1857.1;29.83;109;91;115;-9.36;24;4.50;58.0;43.331519;-1.843556;9.183
22;DR;2026-09-03T09:39:31.342Z;1858.1;29.95;107;91;115;-9.36;24;4.50;58.0;43.331519;-1.843556;9.191
22;DR;2026-09-03T09:39:32.338Z;1859.1;29.96;102;91;115;-8.36;24;4.50;57.2;43.331479;-1.843169;9.199
22;DR;2026-09-03T09:39:33.341Z;1860.1;29.97;111;92;115;-8.36;24;4.50;57.2;43.331479;-1.843169;9.207
22;DR;2026-09-03T09:39:34.355Z;1861.1;30.07;110;92;114;-7.36;24;4.50;57.2;43.331479;-1.843169;9.216
22;DR;2026-09-03T09:39:35.336Z;1862.1;30.09;105;92;114;-7.36;24;4.50;57.2;43.331479;-1.843169;9.224
22;DR;2026-09-03T09:39:36.346Z;1863.1;30.07;100;92;114;-6.36;24;4.50;56.8;43.331476;-1.842972;9.233
22;DR;2026-09-03T09:39:37.338Z;1864.1;30.08;106;92;113;-6.36;24;4.50;56.8;43.331476;-1.842972;9.241
22;DR;2026-09-03T09:39:38.353Z;1865.1;30.11;113;92;114;-5.36;24;4.50;55.2;43.331525;-1.842373;9.249
22;DR;2026-09-03T09:39:39.352Z;1866.1;30.07;102;92;114;-5.36;24;4.50;55.2;43.331525;-1.842373;9.258
22;DR;2026-09-03T09:39:40.336Z;1867.1;30.11;107;92;114;-4.81;24;4.50;55.2;43.331525;-1.842373;9.266
22;DR;2026-09-03T09:39:41.344Z;1868.1;30.22;109;93;114;-4.81;24;4.50;55.2;43.331525;-1.842373;9.274
22;DR;2026-09-03T09:39:42.325Z;1869.1;30.30;109;92;114;-5.80;24;4.50;55.2;43.331525;-1.842373;9.283
22;DR;2026-09-03T09:39:43.325Z;1870.1;30.43;112;93;114;-5.80;24;4.50;54.0;43.331554;-1.842171;9.291
22;DR;2026-09-03T09:39:44.328Z;1871.1;30.84;147;97;114;-6.80;24;4.50;54.0;43.331554;-1.842171;9.300
22;DR;2026-09-03T09:39:45.329Z;1872.1;31.56;152;94;114;-6.80;24;4.50;52.4;43.331582;-1.841968;9.308
22;DR;2026-09-03T09:39:46.330Z;1873.1;31.94;111;86;114;-7.81;24;4.50;52.4;43.331582;-1.841968;9.317
22;DR;2026-09-03T09:39:47.325Z;1874.1;31.89;108;87;114;-7.81;24;4.50;51.0;43.331603;-1.841760;9.326
22;DR;2026-09-03T09:39:48.331Z;1875.1;31.78;108;90;114;-8.81;24;4.50;51.0;43.331603;-1.841760;9.335
22;DR;2026-09-03T09:39:49.324Z;1876.1;31.77;117;91;114;-8.81;24;4.50;50.0;43.331616;-1.841547;9.344
22;DR;2026-09-03T09:39:50.343Z;1877.1;31.84;121;90;114;-9.81;24;4.50;50.0;43.331616;-1.841547;9.353
22;DR;2026-09-03T09:39:51.326Z;1878.1;31.83;108;89;113;-9.81;24;4.50;49.0;43.331615;-1.841331;9.361
22;DR;2026-09-03T09:39:52.336Z;1879.1;31.65;106;90;113;-10.81;24;4.50;49.0;43.331615;-1.841331;9.370
22;DR;2026-09-03T09:39:53.328Z;1880.1;31.59;111;90;114;-10.81;24;4.50;47.8;43.331598;-1.841114;9.379
22;DR;2026-09-03T09:39:54.332Z;1881.1;31.60;110;88;114;-11.81;24;4.50;47.8;43.331598;-1.841114;9.388
22;DR;2026-09-03T09:39:55.330Z;1882.1;31.54;103;89;114;-11.81;24;4.50;46.6;43.331560;-1.840901;9.396
22;DR;2026-09-03T09:39:56.331Z;1883.1;31.53;116;90;113;-11.42;24;4.50;46.6;43.331560;-1.840901;9.405
22;DR;2026-09-03T09:39:57.330Z;1884.1;31.59;115;88;114;-11.42;24;4.50;45.6;43.331507;-1.840693;9.414
22;DR;2026-09-03T09:39:58.331Z;1885.1;31.54;107;89;113;-10.81;24;4.50;45.6;43.331507;-1.840693;9.423
22;DR;2026-09-03T09:39:59.333Z;1886.1;31.44;104;89;113;-10.81;24;4.50;44.4;43.331438;-1.840494;9.431
22;DR;2026-09-03T09:40:00.328Z;1887.1;31.46;111;88;113;-10.74;24;4.50;44.4;43.331438;-1.840494;9.440
22;DR;2026-09-03T09:40:01.324Z;1888.1;31.58;113;89;113;-10.74;24;4.50;42.8;43.331253;-1.840139;9.449
22;DR;2026-09-03T09:40:02.346Z;1889.1;31.72;120;90;113;-9.73;24;4.50;42.8;43.331253;-1.840139;9.458
22;DR;2026-09-03T09:40:03.327Z;1890.1;31.83;114;89;113;-9.73;24;4.50;42.8;43.331253;-1.840139;9.467
22;DR;2026-09-03T09:40:04.331Z;1891.1;31.78;115;90;113;-8.74;24;4.50;42.8;43.331253;-1.840139;9.475
22;DR;2026-09-03T09:40:05.342Z;1892.1;31.76;113;90;113;-8.74;24;4.50;42.4;43.331149;-1.839974;9.484
22;DR;2026-09-03T09:40:06.333Z;1893.1;31.70;108;89;112;-7.74;24;4.50;42.4;43.331149;-1.839974;9.493
22;DR;2026-09-03T09:40:07.326Z;1894.1;31.66;114;90;112;-7.74;24;4.50;41.2;43.331044;-1.839810;9.502
22;DR;2026-09-03T09:40:08.334Z;1895.1;31.66;113;89;112;-8.74;24;4.50;41.2;43.331044;-1.839810;9.511
22;DR;2026-09-03T09:40:09.340Z;1896.1;31.69;118;89;112;-8.74;24;4.50;39.8;43.330737;-1.839317;9.520
22;DR;2026-09-03T09:40:10.324Z;1897.1;31.71;114;90;113;-7.75;24;4.50;39.8;43.330737;-1.839317;9.528
22;DR;2026-09-03T09:40:11.335Z;1898.1;31.70;109;90;113;-7.75;24;4.50;39.8;43.330737;-1.839317;9.537
22;DR;2026-09-03T09:40:12.326Z;1899.1;31.68;117;89;113;-6.74;24;4.50;39.8;43.330737;-1.839317;9.546
22;DR;2026-09-03T09:40:13.326Z;1900.1;31.64;108;88;113;-6.74;24;4.50;39.8;43.330737;-1.839317;9.555
22;DR;2026-09-03T09:40:14.324Z;1901.1;31.61;110;90;113;-7.36;24;4.50;39.8;43.330737;-1.839317;9.563
22;DR;2026-09-03T09:40:15.338Z;1902.1;31.66;115;89;113;-7.36;24;4.50;38.4;43.330641;-1.839144;9.572
22;DR;2026-09-03T09:40:16.338Z;1903.1;31.67;111;88;113;-8.37;24;4.50;38.4;43.330641;-1.839144;9.581
22;DR;2026-09-03T09:40:17.335Z;1904.1;31.70;118;90;114;-8.37;24;4.50;37.4;43.330547;-1.838968;9.590
22;DR;2026-09-03T09:40:18.332Z;1905.1;31.81;121;90;114;-9.37;24;4.50;37.4;43.330547;-1.838968;9.599
22;DR;2026-09-03T09:40:19.327Z;1906.1;31.86;112;89;114;-9.37;24;4.50;36.2;43.330456;-1.838788;9.607
22;DR;2026-09-03T09:40:20.330Z;1907.1;31.79;107;90;114;-10.36;24;4.50;36.2;43.330456;-1.838788;9.616
22;DR;2026-09-03T09:40:21.359Z;1908.1;31.81;121;90;115;-10.36;24;4.50;34.6;43.330284;-1.838416;9.625
22;DR;2026-09-03T09:40:22.332Z;1909.1;31.89;119;90;114;-9.36;24;4.50;34.6;43.330284;-1.838416;9.634
22;DR;2026-09-03T09:40:23.338Z;1910.1;31.80;103;89;115;-9.36;24;4.50;34.6;43.330284;-1.838416;9.643
22;DR;2026-09-03T09:40:24.346Z;1911.1;31.83;120;92;115;-8.36;24;4.50;34.6;43.330284;-1.838416;9.652
22;DR;2026-09-03T09:40:25.335Z;1912.1;32.04;122;91;115;-8.36;24;4.50;33.2;43.330110;-1.838040;9.661
22;DR;2026-09-03T09:40:26.326Z;1913.1;32.14;121;90;115;-7.37;24;4.50;33.2;43.330110;-1.838040;9.669
22;DR;2026-09-03T09:40:27.330Z;1914.1;31.99;99;89;114;-7.37;24;4.50;33.2;43.330110;-1.838040;9.678
22;DR;2026-09-03T09:40:28.336Z;1915.1;31.74;104;90;114;-6.46;24;4.50;33.2;43.330110;-1.838040;9.687
22;DR;2026-09-03T09:40:29.326Z;1916.1;31.56;103;89;114;-6.46;24;4.50;32.4;43.330023;-1.837854;9.696
22;DR;2026-09-03T09:40:30.326Z;1917.1;31.43;107;88;114;-7.39;24;4.50;32.4;43.330023;-1.837854;9.705
22;DR;2026-09-03T09:40:31.337Z;1918.1;31.40;113;88;113;-7.39;24;4.50;31.6;43.329937;-1.837666;9.714
22;DR;2026-09-03T09:40:32.327Z;1919.1;31.39;112;89;113;-7.33;24;4.50;31.6;43.329937;-1.837666;9.722
22;DR;2026-09-03T09:40:33.326Z;1920.1;31.34;108;89;113;-7.33;24;4.50;30.0;43.329762;-1.837284;9.731
22;DR;2026-09-03T09:40:34.329Z;1921.1;31.39;124;89;112;-7.24;24;4.50;30.0;43.329762;-1.837284;9.740
22;DR;2026-09-03T09:40:35.328Z;1922.1;31.43;111;88;112;-7.24;24;4.50;30.0;43.329762;-1.837284;9.748
22;DR;2026-09-03T09:40:36.331Z;1923.1;31.35;107;88;111;-7.26;24;4.50;30.0;43.329762;-1.837284;9.757
22;DR;2026-09-03T09:40:37.326Z;1924.1;31.19;101;88;111;-7.26;24;4.50;30.0;43.329762;-1.837284;9.766
22;DR;2026-09-03T09:40:38.331Z;1925.1;31.05;107;88;111;-8.26;24;4.50;27.8;43.329604;-1.836895;9.774
22;DR;2026-09-03T09:40:39.338Z;1926.1;31.00;108;89;111;-8.26;24;4.50;27.8;43.329604;-1.836895;9.783
22;DR;2026-09-03T09:40:40.323Z;1927.1;31.01;113;87;111;-9.26;24;4.50;27.8;43.329604;-1.836895;9.792
22;DR;2026-09-03T09:40:41.329Z;1928.1;31.01;105;88;110;-9.26;24;4.50;27.8;43.329604;-1.836895;9.800
22;DR;2026-09-03T09:40:42.318Z;1929.1;31.16;121;88;110;-8.26;24;4.50;27.0;43.329530;-1.836695;9.809
22;DR;2026-09-03T09:40:43.318Z;1930.1;31.36;116;87;111;-8.26;24;4.50;27.0;43.329530;-1.836695;9.817
22;DR;2026-09-03T09:40:44.324Z;1931.1;31.55;123;87;111;-7.26;24;4.50;26.4;43.329461;-1.836491;9.826
22;DR;2026-09-03T09:40:45.329Z;1932.1;31.44;98;89;111;-7.26;24;4.50;26.4;43.329461;-1.836491;9.835
22;DR;2026-09-03T09:40:46.322Z;1933.1;31.14;101;89;111;-6.26;24;4.50;25.0;43.329346;-1.836082;9.844
22;DR;2026-09-03T09:40:47.321Z;1934.1;30.97;104;88;111;-6.26;24;4.50;25.0;43.329346;-1.836082;9.852
22;DR;2026-09-03T09:40:48.326Z;1935.1;30.94;111;88;111;-6.25;24;4.50;25.0;43.329346;-1.836082;9.861
22;DR;2026-09-03T09:40:49.312Z;1936.1;30.93;110;87;111;-6.25;24;4.50;25.0;43.329346;-1.836082;9.869
22;DR;2026-09-03T09:40:50.331Z;1937.1;30.86;107;87;111;-7.26;24;4.50;24.2;43.329295;-1.835874;9.878
22;DR;2026-09-03T09:40:51.312Z;1938.1;30.76;102;87;110;-7.26;24;4.50;24.2;43.329295;-1.835874;9.887
22;DR;2026-09-03T09:40:52.324Z;1939.1;30.66;101;87;111;-7.53;24;4.50;23.4;43.329249;-1.835664;9.895
22;DR;2026-09-03T09:40:53.334Z;1940.1;30.72;116;86;111;-7.53;24;4.50;23.4;43.329249;-1.835664;9.904
22;DR;2026-09-03T09:40:54.323Z;1941.1;30.78;109;86;111;-6.53;24;4.50;21.8;43.329135;-1.835032;9.912
22;DR;2026-09-03T09:40:55.325Z;1942.1;30.72;103;86;111;-6.53;24;4.50;21.8;43.329135;-1.835032;9.921
22;DR;2026-09-03T09:40:56.332Z;1943.1;30.69;103;88;112;-5.52;24;4.50;21.8;43.329135;-1.835032;9.929
22;DR;2026-09-03T09:40:57.317Z;1944.1;30.68;101;87;112;-5.52;24;4.50;21.8;43.329135;-1.835032;9.938
22;DR;2026-09-03T09:40:58.312Z;1945.1;30.60;101;86;112;-4.53;24;4.50;21.8;43.329135;-1.835032;9.946
22;DR;2026-09-03T09:40:59.325Z;1946.1;30.67;118;87;111;-4.53;24;4.50;21.8;43.329135;-1.835032;9.955
22;DR;2026-09-03T09:41:00.320Z;1947.1;30.95;129;87;111;-3.53;24;4.50;21.4;43.329104;-1.834826;9.963
22;DR;2026-09-03T09:41:01.329Z;1948.1;31.07;107;88;111;-3.53;24;4.50;21.4;43.329104;-1.834826;9.972
22;DR;2026-09-03T09:41:02.316Z;1949.1;31.11;116;87;111;-4.53;24;4.50;20.0;43.329045;-1.834424;9.981
22;DR;2026-09-03T09:41:03.320Z;1950.1;31.15;109;87;111;-4.53;24;4.50;20.0;43.329045;-1.834424;9.989
22;DR;2026-09-03T09:41:04.316Z;1951.1;31.23;121;88;111;-5.53;24;4.50;20.0;43.329045;-1.834424;9.998
22;DR;2026-09-03T09:41:05.322Z;1952.1;31.34;112;89;110;-5.53;24;4.50;20.0;43.329045;-1.834424;10.007
22;DR;2026-09-03T09:41:06.311Z;1953.1;31.33;108;88;110;-4.53;24;4.50;20.8;43.328936;-1.833672;10.015
22;DR;2026-09-03T09:41:07.313Z;1954.1;31.21;103;89;110;-4.53;24;4.50;20.8;43.328936;-1.833672;10.024
22;DR;2026-09-03T09:41:08.312Z;1955.1;31.11;105;88;110;-3.53;24;4.50;20.8;43.328936;-1.833672;10.033
22;DR;2026-09-03T09:41:09.329Z;1956.1;31.01;106;88;110;-3.53;24;4.50;20.8;43.328936;-1.833672;10.041
22;DR;2026-09-03T09:41:10.330Z;1957.1;31.00;113;88;110;-2.52;24;4.50;20.8;43.328936;-1.833672;10.050
22;DR;2026-09-03T09:41:11.325Z;1958.1;31.10;117;87;110;-2.52;24;4.50;20.8;43.328936;-1.833672;10.059
22;DR;2026-09-03T09:41:12.331Z;1959.1;31.12;106;87;110;-1.52;24;4.50;20.8;43.328936;-1.833672;10.067
22;DR;2026-09-03T09:41:13.317Z;1960.1;31.01;101;87;110;-1.52;24;4.50;21.6;43.328890;-1.833325;10.076
22;DR;2026-09-03T09:41:14.312Z;1961.1;30.98;107;88;110;-0.53;24;4.50;21.6;43.328890;-1.833325;10.084
22;DR;2026-09-03T09:41:15.317Z;1962.1;31.05;113;88;110;-0.53;24;4.50;21.6;43.328890;-1.833325;10.093
22;DR;2026-09-03T09:41:16.312Z;1963.1;30.93;106;87;110;0.47;24;4.50;21.6;43.328890;-1.833325;10.102
22;DR;2026-09-03T09:41:17.316Z;1964.1;30.72;116;89;110;0.47;24;4.50;22.6;43.328835;-1.832854;10.110
22;DR;2026-09-03T09:41:18.325Z;1965.1;30.55;161;89;110;1.48;24;4.50;22.6;43.328835;-1.832854;10.119
22;DR;2026-09-03T09:41:19.324Z;1966.1;30.00;179;86;110;1.48;24;4.50;22.6;43.328835;-1.832854;10.127
22;DR;2026-09-03T09:41:20.316Z;1967.1;29.62;279;86;110;2.47;24;4.50;22.6;43.328835;-1.832854;10.135
22;DR;2026-09-03T09:41:21.317Z;1968.1;29.27;259;83;110;2.47;24;4.50;23.2;43.328820;-1.832706;10.144
22;DR;2026-09-03T09:41:22.317Z;1969.1;28.77;342;82;110;3.47;24;4.50;23.2;43.328820;-1.832706;10.152
22;DR;2026-09-03T09:41:23.316Z;1970.1;27.48;336;81;110;3.47;24;4.50;24.4;43.328797;-1.832422;10.159
22;DR;2026-09-03T09:41:24.318Z;1971.1;26.01;375;79;111;4.47;24;4.50;24.4;43.328797;-1.832422;10.167
22;DR;2026-09-03T09:41:25.315Z;1972.1;24.93;390;77;111;4.47;24;4.50;24.4;43.328797;-1.832422;10.174
22;DR;2026-09-03T09:41:26.330Z;1973.1;23.57;307;76;111;5.48;21;3.70;25.2;43.328773;-1.832150;10.181
22;DR;2026-09-03T09:41:27.323Z;1974.1;22.52;405;75;112;5.48;17;2.85;25.2;43.328773;-1.832150;10.187
22;DR;2026-09-03T09:41:28.330Z;1975.1;21.42;404;75;112;4.48;13;2.19;25.2;43.328773;-1.832150;10.193
22;DR;2026-09-03T09:41:29.327Z;1976.1;20.03;385;69;113;4.48;10;1.80;25.6;43.328760;-1.832022;10.199
22;DR;2026-09-03T09:41:30.320Z;1977.1;19.51;396;66;113;4.18;10;1.80;25.6;43.328760;-1.832022;10.204
22;DR;2026-09-03T09:41:31.321Z;1978.1;20.06;415;65;113;4.18;10;1.80;27.2;43.328742;-1.831659;10.210
22;DR;2026-09-03T09:41:32.321Z;1979.1;20.77;395;67;114;4.52;10;1.80;27.2;43.328742;-1.831659;10.216
22;DR;2026-09-03T09:41:33.318Z;1980.1;21.32;397;69;115;4.52;10;1.80;27.2;43.328742;-1.831659;10.221
22;DR;2026-09-03T09:41:34.334Z;1981.1;21.34;399;71;115;4.46;10;1.80;27.2;43.328742;-1.831659;10.227
22;DR;2026-09-03T09:41:35.327Z;1982.1;20.97;381;71;116;4.46;8;1.58;27.2;43.328742;-1.831659;10.233
22;DR;2026-09-03T09:41:36.317Z;1983.1;20.87;400;69;117;3.47;6;1.39;27.6;43.328747;-1.831542;10.239
22;DR;2026-09-03T09:41:37.321Z;1984.1;20.84;394;69;118;3.47;6;1.39;27.6;43.328747;-1.831542;10.245
22;DR;2026-09-03T09:41:38.317Z;1985.1;21.96;391;71;119;2.47;6;1.39;28.2;43.328765;-1.831311;10.251
22;DR;2026-09-03T09:41:39.323Z;1986.1;22.44;350;72;120;2.47;6;1.39;28.2;43.328765;-1.831311;10.257
22;DR;2026-09-03T09:41:40.318Z;1987.1;22.44;350;72;121;2.55;6;1.39;28.2;43.328765;-1.831311;10.263
22;DR;2026-09-03T09:41:41.317Z;1988.1;23.27;287;76;122;2.55;6;1.39;29.6;43.328808;-1.830980;10.270
22;DR;2026-09-03T09:41:42.300Z;1989.1;23.01;273;76;123;2.83;6;1.39;29.6;43.328808;-1.830980;10.276
22;DR;2026-09-03T09:41:43.301Z;1990.1;22.75;291;76;123;2.83;6;1.39;29.6;43.328808;-1.830980;10.282
22;DR;2026-09-03T09:41:44.319Z;1991.1;22.75;291;76;125;1.82;6;1.39;29.6;43.328808;-1.830980;10.289
22;DR;2026-09-03T09:41:45.303Z;1992.1;22.61;300;74;126;1.82;6;1.39;29.6;43.328825;-1.830874;10.295
22;DR;2026-09-03T09:41:46.308Z;1993.1;23.54;297;75;128;0.83;6;1.39;29.6;43.328825;-1.830874;10.301
22;DR;2026-09-03T09:41:47.305Z;1994.1;23.92;200;78;129;0.83;6;1.39;30.0;43.328890;-1.830573;10.308
22;DR;2026-09-03T09:41:48.301Z;1995.1;23.92;200;78;130;0.42;6;1.39;30.0;43.328890;-1.830573;10.315
22;DR;2026-09-03T09:41:49.312Z;1996.1;24.58;179;79;130;0.42;6;1.39;30.0;43.328890;-1.830573;10.321
22;DR;2026-09-03T09:41:50.316Z;1997.1;24.84;151;82;131;1.42;6;1.39;30.8;43.328977;-1.830282;10.328
22;DR;2026-09-03T09:41:51.312Z;1998.1;24.94;171;82;132;1.42;6;1.39;30.8;43.328977;-1.830282;10.335
22;DR;2026-09-03T09:41:52.301Z;1999.1;24.29;178;83;132;1.47;6;1.39;30.8;43.328977;-1.830282;10.342
22;DR;2026-09-03T09:41:53.300Z;2000.1;23.91;236;81;132;1.47;6;1.39;30.8;43.328977;-1.830282;10.349
22;DR;2026-09-03T09:41:54.301Z;2001.1;24.21;231;79;132;0.47;6;1.39;31.2;43.329081;-1.829997;10.355
22;DR;2026-09-03T09:41:55.322Z;2002.1;24.60;239;80;132;0.47;6;1.39;31.2;43.329081;-1.829997;10.362
22;DR;2026-09-03T09:41:56.307Z;2003.1;25.15;173;81;133;0.31;6;1.39;31.2;43.329081;-1.829997;10.369
22;DR;2026-09-03T09:41:57.302Z;2004.1;25.42;144;82;133;0.31;6;1.39;31.2;43.329081;-1.829997;10.376
22;DR;2026-09-03T09:41:58.301Z;2005.1;25.36;143;83;133;-0.69;6;1.39;30.6;43.329258;-1.829635;10.383
22;DR;2026-09-03T09:41:59.303Z;2006.1;25.51;141;83;134;-0.69;6;1.39;30.6;43.329258;-1.829635;10.390
22;DR;2026-09-03T09:42:00.304Z;2007.1;26.06;123;83;133;-1.69;6;1.39;30.6;43.329258;-1.829635;10.397
22;DR;2026-09-03T09:42:01.305Z;2008.1;26.74;109;86;134;-1.69;6;1.39;30.6;43.329258;-1.829635;10.405
22;DR;2026-09-03T09:42:02.304Z;2009.1;27.29;116;88;134;-2.69;8;1.58;30.6;43.329258;-1.829635;10.412
22;DR;2026-09-03T09:42:03.304Z;2010.1;27.80;113;92;134;-2.69;8;1.58;29.6;43.329419;-1.829348;10.420
22;DR;2026-09-03T09:42:04.306Z;2011.1;28.04;98;91;134;-3.09;8;1.58;29.6;43.329419;-1.829348;10.428
22;DR;2026-09-03T09:42:05.307Z;2012.1;27.99;89;91;134;-3.09;8;1.58;29.6;43.329419;-1.829348;10.435
22;DR;2026-09-03T09:42:06.303Z;2013.1;27.93;87;92;134;-3.34;8;1.58;29.6;43.329419;-1.829348;10.443
22;DR;2026-09-03T09:42:07.304Z;2014.1;28.10;109;94;134;-3.34;10;1.80;28.4;43.329588;-1.829032;10.451
22;DR;2026-09-03T09:42:08.307Z;2015.1;28.31;100;92;134;-3.56;10;1.80;28.4;43.329588;-1.829032;10.459
22;DR;2026-09-03T09:42:09.302Z;2016.1;28.24;90;92;134;-3.56;10;1.80;28.4;43.329588;-1.829032;10.467
22;DR;2026-09-03T09:42:10.307Z;2017.1;28.14;101;93;134;-4.56;10;1.80;28.4;43.329588;-1.829032;10.474
22;DR;2026-09-03T09:42:11.306Z;2018.1;28.18;101;93;134;-4.56;10;1.80;27.8;43.329634;-1.828914;10.482
22;DR;2026-09-03T09:42:12.303Z;2019.1;28.22;94;93;134;-3.56;10;1.80;27.0;43.329713;-1.828663;10.490
22;DR;2026-09-03T09:42:13.307Z;2020.1;28.29;104;92;135;-3.56;10;1.80;27.0;43.329713;-1.828663;10.498
22;DR;2026-09-03T09:42:14.308Z;2021.1;28.37;94;93;135;-3.41;10;1.80;27.0;43.329713;-1.828663;10.506
22;DR;2026-09-03T09:42:15.310Z;2022.1;28.31;91;93;135;-3.41;10;1.80;26.6;43.329743;-1.828532;10.514
22;DR;2026-09-03T09:42:16.312Z;2023.1;28.13;84;93;135;-4.41;10;1.80;25.6;43.329766;-1.828396;10.521
22;DR;2026-09-03T09:42:17.308Z;2024.1;27.97;86;93;134;-4.41;10;1.80;25.6;43.329766;-1.828396;10.529
22;DR;2026-09-03T09:42:18.300Z;2025.1;27.93;96;92;134;-3.42;10;1.80;25.2;43.329784;-1.828256;10.537
22;DR;2026-09-03T09:42:19.305Z;2026.1;27.86;91;91;134;-3.42;10;1.80;24.4;43.329822;-1.827971;10.545
22;DR;2026-09-03T09:42:20.311Z;2027.1;27.70;88;91;133;-3.24;10;1.80;24.4;43.329822;-1.827971;10.553
22;DR;2026-09-03T09:42:21.317Z;2028.1;27.61;85;91;133;-3.24;10;1.80;24.4;43.329822;-1.827971;10.560
22;DR;2026-09-03T09:42:22.309Z;2029.1;27.70;100;92;132;-4.24;10;1.80;23.6;43.329843;-1.827823;10.568
22;DR;2026-09-03T09:42:23.311Z;2030.1;27.87;103;91;132;-4.24;10;1.80;23.6;43.329843;-1.827823;10.576
22;DR;2026-09-03T09:42:24.301Z;2031.1;28.04;101;91;131;-3.47;10;1.80;23.2;43.329863;-1.827673;10.583
22;DR;2026-09-03T09:42:25.312Z;2032.1;28.10;92;92;131;-3.47;10;1.80;22.0;43.329908;-1.827371;10.591
22;DR;2026-09-03T09:42:26.315Z;2033.1;28.07;93;93;130;-4.46;10;1.80;22.0;43.329908;-1.827371;10.599
22;DR;2026-09-03T09:42:27.310Z;2034.1;28.02;93;93;130;-4.46;10;1.80;22.0;43.329908;-1.827371;10.607
22;DR;2026-09-03T09:42:28.306Z;2035.1;28.05;96;94;129;-5.46;10;1.80;22.0;43.329908;-1.827371;10.614
22;DR;2026-09-03T09:42:29.300Z;2036.1;28.06;94;92;129;-5.46;10;1.80;20.4;43.329971;-1.827072;10.622
22;DR;2026-09-03T09:42:30.303Z;2037.1;27.92;86;91;129;-5.82;10;1.80;20.4;43.329971;-1.827072;10.630
22;DR;2026-09-03T09:42:31.313Z;2038.1;27.71;80;90;128;-5.82;10;1.80;20.4;43.329971;-1.827072;10.638
22;DR;2026-09-03T09:42:32.314Z;2039.1;27.66;99;92;127;-4.99;10;1.80;19.0;43.330050;-1.826771;10.646
22;DR;2026-09-03T09:42:33.303Z;2040.1;27.74;94;93;126;-4.99;10;1.80;19.0;43.330050;-1.826771;10.653
22;DR;2026-09-03T09:42:34.320Z;2041.1;27.69;93;91;125;-4.69;10;1.80;19.0;43.330050;-1.826771;10.661
22;DR;2026-09-03T09:42:35.300Z;2042.1;27.59;88;91;123;-4.69;10;1.80;17.8;43.330149;-1.826477;10.669
22;DR;2026-09-03T09:42:36.300Z;2043.1;27.55;92;91;122;-4.27;10;1.80;17.8;43.330149;-1.826477;10.676
22;DR;2026-09-03T09:42:37.301Z;2044.1;27.56;92;90;121;-4.27;10;1.80;17.8;43.330149;-1.826477;10.684
22;DR;2026-09-03T09:42:38.301Z;2045.1;27.53;91;91;120;-4.19;10;1.80;17.8;43.330149;-1.826477;10.691
22;DR;2026-09-03T09:42:39.306Z;2046.1;27.45;86;91;120;-4.19;10;1.80;16.6;43.330272;-1.826193;10.699
22;DR;2026-09-03T09:42:40.314Z;2047.1;27.37;90;90;120;-4.18;10;1.80;16.6;43.330272;-1.826193;10.707
22;DR;2026-09-03T09:42:41.309Z;2048.1;27.38;93;90;120;-4.18;10;1.80;16.6;43.330272;-1.826193;10.714
22;DR;2026-09-03T09:42:42.291Z;2049.1;27.34;93;91;118;-5.16;10;1.80;14.8;43.330424;-1.825922;10.722
22;DR;2026-09-03T09:42:43.289Z;2050.1;27.40;99;91;117;-5.16;10;1.80;14.8;43.330424;-1.825922;10.729
22;DR;2026-09-03T09:42:44.304Z;2051.1;27.52;103;90;117;-5.95;10;1.80;14.8;43.330424;-1.825922;10.737
22;DR;2026-09-03T09:42:45.291Z;2052.1;27.57;93;90;116;-5.95;10;1.80;14.8;43.330424;-1.825922;10.745
22;DR;2026-09-03T09:42:46.292Z;2053.1;27.55;97;90;115;-6.94;10;1.80;13.6;43.330509;-1.825793;10.752
22;DR;2026-09-03T09:42:47.291Z;2054.1;27.45;87;90;115;-6.94;10;1.80;13.6;43.330509;-1.825793;10.760
22;DR;2026-09-03T09:42:48.293Z;2055.1;27.36;90;91;114;-6.71;10;1.80;12.4;43.330596;-1.825669;10.768
22;DR;2026-09-03T09:42:49.292Z;2056.1;27.41;95;91;114;-6.71;10;1.80;11.4;43.330771;-1.825425;10.775
22;DR;2026-09-03T09:42:50.298Z;2057.1;27.51;98;91;114;-5.70;10;1.80;11.4;43.330771;-1.825425;10.783
22;DR;2026-09-03T09:42:51.294Z;2058.1;27.56;94;90;113;-5.70;10;1.80;11.4;43.330771;-1.825425;10.791
22;DR;2026-09-03T09:42:52.291Z;2059.1;27.58;93;90;113;-4.71;10;1.80;11.4;43.330771;-1.825425;10.798
22;DR;2026-09-03T09:42:53.295Z;2060.1;27.66;99;90;112;-4.71;10;1.80;11.6;43.331110;-1.824960;10.806
22;DR;2026-09-03T09:42:54.290Z;2061.1;27.76;98;91;112;-3.71;10;1.80;11.6;43.331110;-1.824960;10.814
22;DR;2026-09-03T09:42:55.296Z;2062.1;27.82;94;92;112;-3.71;10;1.80;11.6;43.331110;-1.824960;10.821
22;DR;2026-09-03T09:42:56.291Z;2063.1;27.77;87;91;112;-2.71;10;1.80;11.6;43.331110;-1.824960;10.829
22;DR;2026-09-03T09:42:57.297Z;2064.1;27.79;99;92;112;-2.71;10;1.80;11.6;43.331110;-1.824960;10.837
22;DR;2026-09-03T09:42:58.303Z;2065.1;27.92;96;92;112;-1.70;10;1.80;11.6;43.331110;-1.824960;10.845
22;DR;2026-09-03T09:42:59.297Z;2066.1;27.96;97;92;111;-1.70;10;1.80;11.6;43.331110;-1.824960;10.852
22;DR;2026-09-03T09:43:00.301Z;2067.1;27.86;86;91;111;-0.70;10;1.80;11.8;43.331191;-1.824849;10.860
22;DR;2026-09-03T09:43:01.290Z;2068.1;27.78;89;90;111;-0.70;10;1.80;11.8;43.331191;-1.824849;10.868
22;DR;2026-09-03T09:43:02.308Z;2069.1;27.88;103;94;110;0.30;11;1.92;12.0;43.331270;-1.824740;10.876
22;DR;2026-09-03T09:43:03.291Z;2070.1;27.91;98;94;109;0.30;11;1.92;12.0;43.331422;-1.824523;10.883
22;DR;2026-09-03T09:43:04.307Z;2071.1;27.16;105;90;109;-0.13;11;1.92;12.0;43.331422;-1.824523;10.891
22;DR;2026-09-03T09:43:05.302Z;2072.1;26.39;126;93;109;-0.13;11;1.92;12.0;43.331422;-1.824523;10.898
22;DR;2026-09-03T09:43:06.298Z;2073.1;26.76;164;89;109;0.41;11;1.92;12.2;43.331641;-1.824218;10.906
22;DR;2026-09-03T09:43:07.293Z;2074.1;27.15;126;85;109;0.41;11;1.92;12.2;43.331641;-1.824218;10.913
22;DR;2026-09-03T09:43:08.289Z;2075.1;26.75;146;89;109;0.41;11;1.92;12.2;43.331641;-1.824218;10.921
22;DR;2026-09-03T09:43:09.294Z;2076.1;26.27;158;90;109;0.41;11;1.92;12.2;43.331641;-1.824218;10.928
22;DR;2026-09-03T09:43:10.290Z;2077.1;26.12;168;86;109;-0.48;11;1.92;12.2;43.331641;-1.824218;10.935
22;DR;2026-09-03T09:43:11.305Z;2078.1;26.36;171;86;108;-0.48;11;1.92;11.8;43.331850;-1.823933;10.943
22;DR;2026-09-03T09:43:12.291Z;2079.1;27.09;152;87;109;-1.27;11;1.92;11.8;43.331850;-1.823933;10.950
22;DR;2026-09-03T09:43:13.307Z;2080.1;27.74;102;88;109;-1.27;11;1.92;11.8;43.331850;-1.823933;10.958
22;DR;2026-09-03T09:43:14.303Z;2081.1;27.96;104;91;110;-1.15;11;1.92;11.8;43.331850;-1.823933;10.965
22;DR;2026-09-03T09:43:15.289Z;2082.1;28.19;114;111;111;-1.15;11;1.92;11.6;43.332056;-1.823665;10.973
22;DR;2026-09-03T09:43:16.294Z;2083.1;28.79;133;121;111;-0.72;11;1.92;11.6;43.332056;-1.823665;10.981
22;DR;2026-09-03T09:43:17.289Z;2084.1;29.44;106;97;111;-0.72;11;1.92;11.6;43.332056;-1.823665;10.989
22;DR;2026-09-03T09:43:18.295Z;2085.1;29.59;100;87;111;-0.46;11;1.92;11.6;43.332056;-1.823665;10.997
22;DR;2026-09-03T09:43:19.289Z;2086.1;29.64;114;90;112;-0.46;11;1.92;12.0;43.332434;-1.823131;11.006
22;DR;2026-09-03T09:43:20.296Z;2087.1;29.47;107;90;111;0.50;11;1.92;12.0;43.332434;-1.823131;11.014
22;DR;2026-09-03T09:43:21.302Z;2088.1;29.13;125;90;112;0.50;11;1.92;12.0;43.332434;-1.823131;11.022
22;DR;2026-09-03T09:43:22.298Z;2089.1;28.38;132;90;112;0.50;11;1.92;12.0;43.332434;-1.823131;11.030
22;DR;2026-09-03T09:43:23.298Z;2090.1;27.66;163;87;112;0.50;11;1.92;12.0;43.332434;-1.823131;11.038
22;DR;2026-09-03T09:43:24.288Z;2091.1;27.57;194;85;112;0.50;11;1.92;12.0;43.332434;-1.823131;11.045
22;DR;2026-09-03T09:43:25.294Z;2092.1;27.70;202;84;113;0.50;11;1.92;12.0;43.332434;-1.823131;11.053
22;DR;2026-09-03T09:43:26.290Z;2093.1;27.70;185;85;113;1.25;11;1.92;12.0;43.332434;-1.823131;11.061
22;DR;2026-09-03T09:43:27.295Z;2094.1;27.43;187;84;113;1.25;11;1.92;12.4;43.332561;-1.822965;11.068
22;DR;2026-09-03T09:43:28.292Z;2095.1;26.87;196;83;113;1.43;11;1.92;12.4;43.332561;-1.822965;11.076
22;DR;2026-09-03T09:43:29.307Z;2096.1;26.76;289;82;113;1.43;11;1.92;12.4;43.332561;-1.822965;11.083
22;DR;2026-09-03T09:43:30.291Z;2097.1;27.00;281;82;113;0.43;11;1.92;12.2;43.333016;-1.822445;11.091
22;DR;2026-09-03T09:43:31.288Z;2098.1;27.10;261;83;112;0.43;11;1.92;12.2;43.333016;-1.822445;11.098
22;DR;2026-09-03T09:43:32.288Z;2099.1;27.64;240;83;112;-0.41;11;1.92;12.2;43.333016;-1.822445;11.106
22;DR;2026-09-03T09:43:33.290Z;2100.1;28.08;183;86;113;-0.41;11;1.92;12.2;43.333016;-1.822445;11.114
22;DR;2026-09-03T09:43:34.294Z;2101.1;28.45;150;85;112;-0.41;11;1.92;12.2;43.333016;-1.822445;11.122
22;DR;2026-09-03T09:43:35.296Z;2102.1;28.95;134;88;112;-0.41;11;1.92;12.2;43.333016;-1.822445;11.130
22;DR;2026-09-03T09:43:36.306Z;2103.1;29.01;120;89;112;-0.41;11;1.92;12.2;43.333016;-1.822445;11.138
22;DR;2026-09-03T09:43:37.302Z;2104.1;28.96;116;89;112;-0.41;11;1.92;12.2;43.333016;-1.822445;11.146
22;DR;2026-09-03T09:43:38.288Z;2105.1;29.05;139;88;112;-0.94;11;1.92;11.8;43.333366;-1.822136;11.154
22;DR;2026-09-03T09:43:39.295Z;2106.1;29.19;124;89;112;-0.94;11;1.92;11.8;43.333366;-1.822136;11.162
22;DR;2026-09-03T09:43:40.288Z;2107.1;29.34;115;90;112;-0.94;11;1.92;11.8;43.333366;-1.822136;11.170
22;DR;2026-09-03T09:43:41.297Z;2108.1;29.58;114;89;112;-0.94;11;1.92;11.8;43.333366;-1.822136;11.178
22;DR;2026-09-03T09:43:42.284Z;2109.0;29.67;102;90;112;-0.94;11;1.92;11.8;43.333366;-1.822136;11.186
22;DR;2026-09-03T09:43:43.283Z;2110.0;29.66;102;91;113;-0.94;11;1.92;11.8;43.333366;-1.822136;11.194
22;DR;2026-09-03T09:43:44.289Z;2111.1;29.69;107;92;113;-0.48;11;1.92;11.8;43.333435;-1.822081;11.203
22;DR;2026-09-03T09:43:45.277Z;2112.0;29.75;108;91;113;-0.48;11;1.92;11.6;43.333722;-1.821885;11.211
22;DR;2026-09-03T09:43:46.285Z;2113.0;29.54;104;92;113;-0.65;11;1.92;11.6;43.333722;-1.821885;11.219
22;DR;2026-09-03T09:43:47.276Z;2114.0;29.35;112;91;113;-0.65;11;1.92;11.6;43.333722;-1.821885;11.227
22;DR;2026-09-03T09:43:48.292Z;2115.1;29.56;121;89;113;-0.86;11;1.92;11.6;43.333722;-1.821885;11.236
22;DR;2026-09-03T09:43:49.276Z;2116.0;30.04;129;92;113;-0.86;11;1.92;11.4;43.333870;-1.821798;11.244
22;DR;2026-09-03T09:43:50.303Z;2117.1;29.34;16;91;113;-0.90;11;1.92;11.4;43.333870;-1.821798;11.252
22;DR;2026-09-03T09:43:51.277Z;2118.0;27.33;15;110;113;-0.90;11;1.92;11.4;43.334314;-1.821572;11.260
22;DR;2026-09-03T09:43:52.284Z;2119.0;25.29;13;106;113;-0.13;11;1.92;11.4;43.334314;-1.821572;11.267
22;DR;2026-09-03T09:43:53.286Z;2120.1;23.27;12;87;112;-0.13;11;1.92;11.4;43.334314;-1.821572;11.274
22;DR;2026-09-03T09:43:54.286Z;2121.1;21.18;13;76;111;-0.13;11;1.92;11.4;43.334314;-1.821572;11.280
22;DR;2026-09-03T09:43:55.291Z;2122.1;19.15;7;72;110;-0.13;11;1.92;11.4;43.334314;-1.821572;11.286
22;DR;2026-09-03T09:43:56.287Z;2123.1;17.30;6;68;108;-0.13;11;1.92;11.4;43.334314;-1.821572;11.291
22;DR;2026-09-03T09:43:57.295Z;2124.1;15.53;4;66;108;-0.13;11;1.92;11.4;43.334314;-1.821572;11.295
22;DR;2026-09-03T09:43:58.305Z;2125.1;13.82;3;59;108;-0.47;11;1.92;11.4;43.334314;-1.821572;11.300
22;DR;2026-09-03T09:43:59.294Z;2126.1;12.18;3;59;107;-0.47;11;1.92;11.4;43.334314;-1.821572;11.303
22;DR;2026-09-03T09:44:00.280Z;2127.0;10.62;2;54;107;-1.46;11;1.92;11.4;43.334314;-1.821572;11.306
22;DR;2026-09-03T09:44:01.285Z;2128.0;9.11;1;45;107;-1.46;11;1.92;11.2;43.334391;-1.821539;11.309
22;DR;2026-09-03T09:44:02.279Z;2129.0;7.65;1;45;108;-1.79;11;1.92;11.2;43.334391;-1.821539;11.311
22;DR;2026-09-03T09:44:03.296Z;2130.1;6.26;0;0;109;-1.79;11;1.92;11.2;43.334391;-1.821539;11.313
22;DR;2026-09-03T09:44:04.279Z;2131.0;4.96;0;0;109;-1.53;11;1.92;10.4;43.334859;-1.821394;11.315
22;DR;2026-09-03T09:44:05.277Z;2132.0;3.69;0;0;110;-1.53;11;1.92;10.4;43.334859;-1.821394;11.316
22;DR;2026-09-03T09:44:06.283Z;2133.0;2.53;0;0;109;-1.53;11;1.92;10.4;43.334859;-1.821394;11.317
22;DR;2026-09-03T09:44:07.287Z;2134.1;1.47;0;0;108;-1.53;11;1.92;10.4;43.334859;-1.821394;11.317
22;DR;2026-09-03T09:44:08.279Z;2135.0;0.81;0;0;107;-1.53;11;1.92;10.4;43.334859;-1.821394;11.318
22;DR;2026-09-03T09:44:09.280Z;2136.0;0.81;0;0;104;-1.53;11;1.92;10.4;43.334859;-1.821394;11.318
22;DR;2026-09-03T09:44:10.280Z;2137.0;0.81;0;0;102;-1.53;11;1.92;10.4;43.334859;-1.821394;11.318
22;DR;2026-09-03T09:44:11.291Z;2138.1;0.81;0;0;97;-1.53;11;1.92;10.4;43.334859;-1.821394;11.318
22;DR;2026-09-03T09:44:12.287Z;2139.1;0.81;0;0;96;-1.53;11;1.92;10.4;43.334859;-1.821394;11.319
22;DR;2026-09-03T09:44:13.280Z;2140.0;0.81;0;0;95;-1.53;11;1.92;10.4;43.334859;-1.821394;11.319
22;DR;2026-09-03T09:44:14.288Z;2141.1;0.81;0;0;96;-1.53;11;1.92;10.4;43.334859;-1.821394;11.319
22;DR;2026-09-03T09:44:15.293Z;2142.1;0.81;0;0;95;-1.53;11;1.92;10.4;43.334859;-1.821394;11.319
22;DR;2026-09-03T09:44:16.283Z;2143.0;6.41;0;0;95;-1.53;11;1.92;10.4;43.334859;-1.821394;11.320
22;DR;2026-09-03T09:44:17.280Z;2144.0;9.85;16;29;95;-1.53;11;1.92;10.4;43.334859;-1.821394;11.323
22;DR;2026-09-03T09:44:18.280Z;2145.0;20.98;304;33;96;-1.53;11;1.92;10.4;43.334859;-1.821394;11.327
22;DR;2026-09-03T09:44:19.286Z;2146.1;24.98;165;71;97;-1.53;11;1.92;10.4;43.334859;-1.821394;11.333
22;DR;2026-09-03T09:44:20.292Z;2147.1;26.58;126;78;97;-1.53;11;1.92;10.4;43.334859;-1.821394;11.341
22;DR;2026-09-03T09:44:21.293Z;2148.1;27.26;111;82;98;-1.53;11;1.92;10.4;43.334859;-1.821394;11.348
22;DR;2026-09-03T09:44:22.283Z;2149.0;27.68;107;84;99;-1.53;11;1.92;10.4;43.334859;-1.821394;11.356
22;DR;2026-09-03T09:44:23.284Z;2150.0;28.08;108;84;99;-1.53;11;1.92;10.4;43.334859;-1.821394;11.363
22;DR;2026-09-03T09:44:24.284Z;2151.0;28.44;111;86;100;-0.53;11;1.92;10.4;43.334859;-1.821394;11.371
22;DR;2026-09-03T09:44:25.282Z;2152.0;28.62;101;86;100;-0.53;11;1.92;10.6;43.335426;-1.821319;11.379
22;DR;2026-09-03T09:44:26.285Z;2153.0;28.71;113;88;100;0.17;11;1.92;10.6;43.335426;-1.821319;11.387
22;DR;2026-09-03T09:44:27.286Z;2154.1;28.85;122;88;100;0.17;11;1.92;10.6;43.335426;-1.821319;11.395
22;DR;2026-09-03T09:44:28.278Z;2155.0;28.42;122;89;101;0.17;11;1.92;10.6;43.335426;-1.821319;11.403
22;DR;2026-09-03T09:44:29.291Z;2156.1;27.71;149;89;101;0.17;11;1.92;10.6;43.335426;-1.821319;11.411
22;DR;2026-09-03T09:44:30.286Z;2157.1;27.51;170;87;101;0.17;11;1.92;10.6;43.335426;-1.821319;11.418
22;DR;2026-09-03T09:44:31.288Z;2158.1;27.36;154;83;101;0.17;11;1.92;10.6;43.335426;-1.821319;11.426
22;DR;2026-09-03T09:44:32.288Z;2159.1;27.27;152;84;101;-0.30;11;1.92;10.6;43.335426;-1.821319;11.434
22;DR;2026-09-03T09:44:33.292Z;2160.1;27.36;155;84;102;-0.30;11;1.92;10.4;43.335840;-1.821309;11.441
22;DR;2026-09-03T09:44:34.280Z;2161.0;27.81;157;83;101;-0.53;11;1.92;10.4;43.335840;-1.821309;11.449
22;DR;2026-09-03T09:44:35.288Z;2162.1;28.38;139;85;102;-0.53;11;1.92;10.4;43.335840;-1.821309;11.457
22;DR;2026-09-03T09:44:36.292Z;2163.1;28.65;114;86;102;-0.53;11;1.92;10.4;43.335840;-1.821309;11.465
22;DR;2026-09-03T09:44:37.281Z;2164.0;28.83;107;87;102;-0.53;11;1.92;10.4;43.335840;-1.821309;11.473
22;DR;2026-09-03T09:44:38.297Z;2165.1;28.89;110;89;101;-1.54;11;1.92;10.4;43.335840;-1.821309;11.481
22;DR;2026-09-03T09:44:39.276Z;2166.0;28.92;110;88;102;-1.54;11;1.92;10.0;43.335922;-1.821315;11.489
22;DR;2026-09-03T09:44:40.281Z;2167.0;28.97;105;87;102;-0.72;11;1.92;9.6;43.336489;-1.821389;11.497
22;DR;2026-09-03T09:44:41.296Z;2168.1;28.97;94;89;102;-0.72;11;1.92;9.6;43.336489;-1.821389;11.505
22;DR;2026-09-03T09:44:42.274Z;2169.0;28.91;97;89;102;-0.72;11;1.92;9.6;43.336489;-1.821389;11.513
22;DR;2026-09-03T09:44:43.279Z;2170.0;28.96;107;87;102;-0.72;11;1.92;9.6;43.336489;-1.821389;11.521
22;DR;2026-09-03T09:44:44.265Z;2171.0;29.06;106;89;102;-0.72;11;1.92;9.6;43.336489;-1.821389;11.529
22;DR;2026-09-03T09:44:45.280Z;2172.0;29.09;100;90;102;-0.72;11;1.92;9.6;43.336489;-1.821389;11.537
22;DR;2026-09-03T09:44:46.276Z;2173.0;29.09;102;88;102;-0.72;11;1.92;9.6;43.336489;-1.821389;11.545
22;DR;2026-09-03T09:44:47.265Z;2174.0;29.10;99;88;102;-0.72;11;1.92;9.6;43.336489;-1.821389;11.553
22;DR;2026-09-03T09:44:48.266Z;2175.0;29.10;98;88;103;-0.72;11;1.92;9.2;43.337057;-1.821448;11.561
22;DR;2026-09-03T09:44:49.273Z;2176.0;29.07;94;90;103;-0.72;11;1.92;9.2;43.337057;-1.821448;11.569
22;DR;2026-09-03T09:44:50.278Z;2177.0;29.05;106;89;103;-0.72;11;1.92;9.2;43.337057;-1.821448;11.577
22;DR;2026-09-03T09:44:51.279Z;2178.0;28.98;95;88;103;-0.72;11;1.92;9.2;43.337057;-1.821448;11.585
22;DR;2026-09-03T09:44:52.270Z;2179.0;28.94;99;89;104;-0.72;11;1.92;9.2;43.337057;-1.821448;11.593
22;DR;2026-09-03T09:44:53.268Z;2180.0;28.92;97;88;104;-0.72;11;1.92;9.2;43.337057;-1.821448;11.601
22;DR;2026-09-03T09:44:54.281Z;2181.0;28.96;101;88;104;-0.71;11;1.92;9.2;43.337057;-1.821448;11.610
22;DR;2026-09-03T09:44:55.267Z;2182.0;29.02;100;88;104;-0.71;11;1.92;9.2;43.337057;-1.821448;11.617
22;DR;2026-09-03T09:44:56.269Z;2183.0;29.08;102;89;104;-0.63;11;1.92;9.2;43.337139;-1.821453;11.626
22;DR;2026-09-03T09:44:57.267Z;2184.0;29.15;105;88;104;-0.63;11;1.92;9.0;43.337373;-1.821484;11.634
22;DR;2026-09-03T09:44:58.283Z;2185.0;29.20;105;89;104;-0.84;11;1.92;9.0;43.337373;-1.821484;11.642
22;DR;2026-09-03T09:44:59.270Z;2186.0;29.12;96;89;105;-0.84;11;1.92;9.0;43.337373;-1.821484;11.650
22;DR;2026-09-03T09:45:00.277Z;2187.0;29.05;95;89;104;-0.13;11;1.92;9.0;43.337684;-1.821525;11.658
22;DR;2026-09-03T09:45:01.275Z;2188.0;29.10;105;90;105;-0.13;11;1.92;9.0;43.337684;-1.821525;11.666
22;DR;2026-09-03T09:45:02.277Z;2189.0;28.90;125;89;105;-0.13;11;1.92;9.0;43.337684;-1.821525;11.674
22;DR;2026-09-03T09:45:03.270Z;2190.0;28.53;142;90;106;-0.13;11;1.92;9.0;43.337684;-1.821525;11.682
22;DR;2026-09-03T09:45:04.272Z;2191.0;28.31;138;88;106;-0.13;11;1.92;9.0;43.338239;-1.821602;11.690
22;DR;2026-09-03T09:45:05.272Z;2192.0;28.22;149;86;106;-0.13;11;1.92;9.0;43.338239;-1.821602;11.698
22;DR;2026-09-03T09:45:06.268Z;2193.0;28.29;148;87;106;-0.13;11;1.92;9.0;43.338239;-1.821602;11.706
22;DR;2026-09-03T09:45:07.269Z;2194.0;28.35;145;86;106;-0.13;11;1.92;9.0;43.338239;-1.821602;11.713
22;DR;2026-09-03T09:45:08.270Z;2195.0;28.23;136;85;106;-0.13;11;1.92;9.0;43.338239;-1.821602;11.721
22;DR;2026-09-03T09:45:09.275Z;2196.0;28.33;145;87;107;-0.13;11;1.92;9.0;43.338239;-1.821602;11.729
22;DR;2026-09-03T09:45:10.267Z;2197.0;28.51;150;87;107;-0.13;11;1.92;9.0;43.338239;-1.821602;11.737
22;DR;2026-09-03T09:45:11.265Z;2198.0;28.45;130;87;107;-0.13;11;1.92;9.0;43.338239;-1.821602;11.745
22;DR;2026-09-03T09:45:12.286Z;2199.1;28.38;146;88;107;-0.54;11;1.92;8.8;43.338646;-1.821610;11.753
22;DR;2026-09-03T09:45:13.268Z;2200.0;28.40;145;87;107;-0.54;11;1.92;8.8;43.338646;-1.821610;11.761
22;DR;2026-09-03T09:45:14.273Z;2201.0;28.73;141;86;107;-0.54;11;1.92;8.8;43.338646;-1.821610;11.769
22;DR;2026-09-03T09:45:15.266Z;2202.0;29.19;122;87;107;-0.54;11;1.92;8.8;43.338646;-1.821610;11.777
22;DR;2026-09-03T09:45:16.264Z;2203.0;29.32;113;89;108;-0.54;11;1.92;8.8;43.338646;-1.821610;11.785
22;DR;2026-09-03T09:45:17.280Z;2204.0;29.33;111;90;108;-0.54;11;1.92;8.8;43.338646;-1.821610;11.793
22;DR;2026-09-03T09:45:18.275Z;2205.0;29.37;114;90;108;-0.80;11;1.92;8.4;43.339146;-1.821598;11.801
22;DR;2026-09-03T09:45:19.271Z;2206.0;29.30;109;89;108;-0.80;11;1.92;8.4;43.339146;-1.821598;11.809
22;DR;2026-09-03T09:45:20.277Z;2207.0;29.31;114;89;108;-0.80;11;1.92;8.4;43.339146;-1.821598;11.818
22;DR;2026-09-03T09:45:21.268Z;2208.0;29.48;110;90;108;-0.80;11;1.92;8.4;43.339146;-1.821598;11.826
22;DR;2026-09-03T09:45:22.276Z;2209.0;29.54;99;90;108;-0.80;11;1.92;8.4;43.339146;-1.821598;11.834
22;DR;2026-09-03T09:45:23.268Z;2210.0;29.49;96;91;107;-0.80;11;1.92;8.4;43.339146;-1.821598;11.842
22;DR;2026-09-03T09:45:24.273Z;2211.0;29.52;106;91;108;0.01;11;1.92;8.4;43.339146;-1.821598;11.850
22;DR;2026-09-03T09:45:25.273Z;2212.0;29.66;110;90;108;0.01;11;1.92;8.6;43.339617;-1.821489;11.858
22;DR;2026-09-03T09:45:26.276Z;2213.0;29.32;121;92;107;0.23;11;1.92;8.6;43.339617;-1.821489;11.867
22;DR;2026-09-03T09:45:27.266Z;2214.0;28.74;149;92;107;0.23;11;1.92;8.6;43.339617;-1.821489;11.875
22;DR;2026-09-03T09:45:28.272Z;2215.0;28.26;165;88;107;0.23;11;1.92;8.6;43.339617;-1.821489;11.883
22;DR;2026-09-03T09:45:29.267Z;2216.0;27.95;173;85;107;0.23;11;1.92;8.6;43.339617;-1.821489;11.890
22;DR;2026-09-03T09:45:30.266Z;2217.0;28.10;199;85;107;-0.17;11;1.92;8.6;43.339617;-1.821489;11.898
22;DR;2026-09-03T09:45:31.265Z;2218.0;28.11;170;86;108;-0.17;11;1.92;8.0;43.340155;-1.821279;11.906
22;DR;2026-09-03T09:45:32.266Z;2219.0;28.54;173;87;108;-1.03;11;1.92;8.0;43.340155;-1.821279;11.914
22;DR;2026-09-03T09:45:33.270Z;2220.0;29.07;148;87;108;-1.03;11;1.92;8.0;43.340155;-1.821279;11.922
22;DR;2026-09-03T09:45:34.265Z;2221.0;29.32;127;88;108;-1.03;11;1.92;8.0;43.340155;-1.821279;11.930
22;DR;2026-09-03T09:45:35.271Z;2222.0;29.59;107;88;108;-1.03;11;1.92;8.0;43.340155;-1.821279;11.938
22;DR;2026-09-03T09:45:36.271Z;2223.0;29.78;112;90;108;-1.03;11;1.92;8.0;43.340155;-1.821279;11.946
22;DR;2026-09-03T09:45:37.266Z;2224.0;29.90;106;92;108;-1.03;11;1.92;8.0;43.340155;-1.821279;11.955
22;DR;2026-09-03T09:45:38.268Z;2225.0;29.88;100;91;108;-0.40;11;1.92;8.0;43.340155;-1.821279;11.963
22;DR;2026-09-03T09:45:39.274Z;2226.0;29.87;108;91;108;-0.40;11;1.92;8.2;43.340645;-1.820946;11.971
22;DR;2026-09-03T09:45:40.268Z;2227.0;29.79;121;92;108;0.18;11;1.92;8.2;43.340645;-1.820946;11.980
22;DR;2026-09-03T09:45:41.271Z;2228.0;29.55;124;91;108;0.18;11;1.92;8.2;43.340645;-1.820946;11.988
22;DR;2026-09-03T09:45:42.258Z;2229.0;28.87;128;89;108;0.18;11;1.92;8.2;43.340645;-1.820946;11.996
22;DR;2026-09-03T09:45:43.271Z;2230.0;28.37;199;89;108;0.18;11;1.92;8.2;43.340645;-1.820946;12.004
22;DR;2026-09-03T09:45:44.263Z;2231.0;28.35;187;89;109;0.18;11;1.92;8.2;43.340645;-1.820946;12.012
22;DR;2026-09-03T09:45:45.256Z;2232.0;28.23;170;86;109;0.18;11;1.92;8.2;43.340645;-1.820946;12.020
22;DR;2026-09-03T09:45:46.270Z;2233.0;28.15;172;86;109;-0.11;11;1.92;8.2;43.340645;-1.820946;12.027
22;DR;2026-09-03T09:45:47.267Z;2234.0;28.07;164;86;109;-0.11;11;1.92;8.2;43.340970;-1.820640;12.035
22;DR;2026-09-03T09:45:48.260Z;2235.0;28.21;164;86;110;-0.13;11;1.92;8.2;43.340970;-1.820640;12.043
22;DR;2026-09-03T09:45:49.262Z;2236.0;28.49;157;86;110;-0.13;11;1.92;8.2;43.340970;-1.820640;12.051
22;DR;2026-09-03T09:45:50.266Z;2237.0;28.50;144;87;110;-0.13;11;1.92;8.2;43.340970;-1.820640;12.059
22;DR;2026-09-03T09:45:51.267Z;2238.0;28.49;145;87;110;-0.13;11;1.92;8.2;43.340970;-1.820640;12.067
22;DR;2026-09-03T09:45:52.275Z;2239.0;28.44;143;87;110;-0.83;11;1.92;7.8;43.341340;-1.820224;12.075
22;DR;2026-09-03T09:45:53.273Z;2240.0;28.39;136;86;110;-0.83;11;1.92;7.8;43.341340;-1.820224;12.083
22;DR;2026-09-03T09:45:54.263Z;2241.0;28.82;148;87;111;-0.83;11;1.92;7.8;43.341340;-1.820224;12.091
22;DR;2026-09-03T09:45:55.265Z;2242.0;29.49;127;88;111;-0.83;11;1.92;7.8;43.341340;-1.820224;12.099
22;DR;2026-09-03T09:45:56.256Z;2243.0;29.79;107;89;111;-0.83;11;1.92;7.8;43.341340;-1.820224;12.107
22;DR;2026-09-03T09:45:57.265Z;2244.0;30.01;119;91;111;-0.83;11;1.92;7.8;43.341340;-1.820224;12.115
22;DR;2026-09-03T09:45:58.267Z;2245.0;30.29;110;92;111;0.17;11;1.92;7.8;43.341340;-1.820224;12.124
22;DR;2026-09-03T09:45:59.267Z;2246.0;30.76;141;92;111;0.17;11;1.92;8.0;43.341401;-1.820152;12.132
22;DR;2026-09-03T09:46:00.265Z;2247.0;30.66;143;89;111;0.23;11;1.92;8.2;43.341741;-1.819704;12.141
22;DR;2026-09-03T09:46:01.268Z;2248.0;29.86;154;88;110;0.23;11;1.92;8.2;43.341741;-1.819704;12.149
22;DR;2026-09-03T09:46:02.269Z;2249.0;29.61;215;85;111;0.23;11;1.92;8.2;43.341741;-1.819704;12.157
22;DR;2026-09-03T09:46:03.268Z;2250.0;29.68;209;83;111;0.23;11;1.92;8.2;43.341741;-1.819704;12.165
22;DR;2026-09-03T09:46:04.264Z;2251.0;29.68;197;84;111;0.23;11;1.92;8.2;43.341741;-1.819704;12.174
22;DR;2026-09-03T09:46:05.256Z;2252.0;29.53;187;84;111;0.23;11;1.92;8.2;43.341741;-1.819704;12.182
22;DR;2026-09-03T09:46:06.256Z;2253.0;29.30;192;83;111;-0.76;11;1.92;7.8;43.342092;-1.819233;12.190
22;DR;2026-09-03T09:46:07.275Z;2254.0;29.19;191;83;111;-0.76;11;1.92;7.8;43.342092;-1.819233;12.198
22;DR;2026-09-03T09:46:08.267Z;2255.0;29.66;181;83;111;-0.81;11;1.92;7.8;43.342092;-1.819233;12.206
22;DR;2026-09-03T09:46:09.269Z;2256.0;30.54;144;83;111;-0.81;11;1.92;7.8;43.342092;-1.819233;12.215
22;DR;2026-09-03T09:46:10.258Z;2257.0;31.05;127;86;111;-0.81;11;1.92;7.8;43.342092;-1.819233;12.223
22;DR;2026-09-03T09:46:11.270Z;2258.0;31.31;119;87;111;-0.81;11;1.92;7.8;43.342092;-1.819233;12.232
22;DR;2026-09-03T09:46:12.258Z;2259.0;31.38;115;88;111;-0.20;11;1.92;7.8;43.342092;-1.819233;12.241
22;DR;2026-09-03T09:46:13.259Z;2260.0;31.39;114;89;112;-0.20;11;1.92;7.8;43.342502;-1.818689;12.249
22;DR;2026-09-03T09:46:14.266Z;2261.0;30.97;124;89;112;-0.13;11;1.92;7.8;43.342502;-1.818689;12.258
22;DR;2026-09-03T09:46:15.255Z;2262.0;30.40;152;88;112;-0.13;11;1.92;7.8;43.342502;-1.818689;12.266
22;DR;2026-09-03T09:46:16.257Z;2263.0;30.11;154;86;112;-0.13;11;1.92;7.8;43.342502;-1.818689;12.275
22;DR;2026-09-03T09:46:17.258Z;2264.0;29.94;171;84;112;-0.13;11;1.92;7.8;43.342502;-1.818689;12.283
22;DR;2026-09-03T09:46:18.263Z;2265.0;30.00;174;85;112;-0.13;11;1.92;7.8;43.342502;-1.818689;12.292
22;DR;2026-09-03T09:46:19.259Z;2266.0;29.91;157;84;112;-0.13;11;1.92;7.8;43.342502;-1.818689;12.300
22;DR;2026-09-03T09:46:20.257Z;2267.0;29.66;153;84;112;-0.85;11;1.92;7.6;43.342560;-1.818613;12.308
22;DR;2026-09-03T09:46:21.256Z;2268.0;29.53;163;84;112;-0.85;11;1.92;8.2;43.342969;-1.818078;12.316
22;DR;2026-09-03T09:46:22.288Z;2269.1;29.76;142;83;112;0.16;11;1.92;8.2;43.342969;-1.818078;12.325
22;DR;2026-09-03T09:46:23.271Z;2270.0;30.26;128;84;112;0.16;11;1.92;8.2;43.342969;-1.818078;12.333
22;DR;2026-09-03T09:46:24.258Z;2271.0;30.16;138;85;112;0.77;11;1.92;8.2;43.342969;-1.818078;12.341
22;DR;2026-09-03T09:46:25.258Z;2272.0;29.42;140;86;112;0.77;11;1.92;8.2;43.342969;-1.818078;12.350
22;DR;2026-09-03T09:46:26.273Z;2273.0;28.81;215;83;112;0.77;11;1.92;8.2;43.342969;-1.818078;12.358
22;DR;2026-09-03T09:46:27.274Z;2274.0;28.47;232;80;112;0.77;11;1.92;8.2;43.342969;-1.818078;12.366
22;DR;2026-09-03T09:46:28.276Z;2275.0;28.41;228;80;112;0.07;11;1.92;8.2;43.342969;-1.818078;12.374
22;DR;2026-09-03T09:46:29.261Z;2276.0;28.36;232;80;113;0.07;11;1.92;8.2;43.343019;-1.817990;12.381
22;DR;2026-09-03T09:46:30.261Z;2277.0;28.55;196;80;112;0.95;11;1.92;8.4;43.343105;-1.817810;12.389
22;DR;2026-09-03T09:46:31.266Z;2278.0;28.99;194;81;113;0.95;11;1.92;8.4;43.343105;-1.817810;12.397
22;DR;2026-09-03T09:46:32.263Z;2279.0;28.58;195;81;113;-0.05;11;1.92;8.4;43.343151;-1.817624;12.405
22;DR;2026-09-03T09:46:33.255Z;2280.0;28.16;263;81;113;-0.05;11;1.92;8.4;43.343151;-1.817624;12.413
22;DR;2026-09-03T09:46:34.263Z;2281.0;28.88;242;80;112;0.95;11;1.92;8.8;43.343164;-1.817357;12.421
22;DR;2026-09-03T09:46:35.256Z;2282.0;29.55;153;82;113;0.95;11;1.92;8.8;43.343164;-1.817357;12.429
22;DR;2026-09-03T09:46:36.264Z;2283.0;29.01;170;82;113;1.95;11;1.92;8.8;43.343164;-1.817357;12.437
22;DR;2026-09-03T09:46:37.257Z;2284.0;28.51;199;83;113;1.95;11;1.92;9.0;43.343164;-1.817269;12.445
22;DR;2026-09-03T09:46:38.266Z;2285.0;28.20;279;81;113;0.95;11;1.92;9.0;43.343238;-1.817021;12.453
22;DR;2026-09-03T09:46:39.265Z;2286.0;27.38;288;78;113;0.95;11;1.92;9.0;43.343238;-1.817021;12.461
22;DR;2026-09-03T09:46:40.257Z;2287.0;27.59;315;78;113;-0.05;11;1.92;8.8;43.343432;-1.816917;12.469
22;DR;2026-09-03T09:46:41.264Z;2288.0;27.86;187;81;114;-0.05;11;1.92;8.8;43.343432;-1.816917;12.476
22;DR;2026-09-03T09:46:42.250Z;2289.0;27.79;182;83;114;-1.05;11;1.92;8.8;43.343432;-1.816917;12.484
22;DR;2026-09-03T09:46:43.268Z;2290.0;28.18;146;85;114;-1.05;11;1.92;8.4;43.343582;-1.816927;12.492
22;DR;2026-09-03T09:46:44.251Z;2291.0;28.51;129;86;115;-2.05;11;1.92;8.4;43.343582;-1.816927;12.500
22;DR;2026-09-03T09:46:45.256Z;2292.0;28.93;117;86;114;-2.05;11;1.92;8.4;43.343582;-1.816927;12.508
22;DR;2026-09-03T09:46:46.258Z;2293.0;29.11;97;88;114;-1.04;11;1.92;8.4;43.343740;-1.816920;12.516
22;DR;2026-09-03T09:46:47.259Z;2294.0;29.18;102;88;114;-1.04;11;1.92;8.4;43.343740;-1.816920;12.524
22;DR;2026-09-03T09:46:48.260Z;2295.0;29.35;110;89;114;-1.52;11;1.92;8.0;43.343962;-1.816786;12.532
22;DR;2026-09-03T09:46:49.258Z;2296.0;29.50;107;90;114;-1.52;11;1.92;8.0;43.343962;-1.816786;12.540
22;DR;2026-09-03T09:46:50.260Z;2297.0;29.54;102;90;114;-1.35;11;1.92;8.0;43.343962;-1.816786;12.548
22;DR;2026-09-03T09:46:51.260Z;2298.0;29.58;103;91;120;-1.35;11;1.92;7.8;43.344084;-1.816641;12.557
22;DR;2026-09-03T09:46:52.261Z;2299.0;29.67;109;91;118;-1.55;11;1.92;7.8;43.344084;-1.816641;12.565
22;DR;2026-09-03T09:46:53.261Z;2300.0;29.77;109;91;117;-1.55;11;1.92;7.6;43.344140;-1.816565;12.573
22;DR;2026-09-03T09:46:54.253Z;2301.0;29.82;104;92;117;-0.56;11;1.92;7.8;43.344189;-1.816492;12.581
22;DR;2026-09-03T09:46:55.246Z;2302.0;29.95;104;94;117;-0.56;11;1.92;7.8;43.344577;-1.815932;12.590
22;DR;2026-09-03T09:46:56.247Z;2303.0;30.18;128;92;116;0.00;12;2.05;7.8;43.344577;-1.815932;12.598
22;DR;2026-09-03T09:46:57.264Z;2304.0;30.17;118;91;116;0.00;13;2.19;7.8;43.344577;-1.815932;12.606
22;DR;2026-09-03T09:46:58.259Z;2305.0;29.64;125;92;116;0.14;13;2.19;7.8;43.344577;-1.815932;12.615
22;DR;2026-09-03T09:46:59.247Z;2306.0;28.78;137;91;114;0.14;13;2.19;7.8;43.344577;-1.815932;12.623
22;DR;2026-09-03T09:47:00.259Z;2307.0;28.20;172;88;114;0.14;13;2.19;7.8;43.344577;-1.815932;12.631
22;DR;2026-09-03T09:47:01.264Z;2308.0;28.03;160;88;118;0.14;13;2.19;7.8;43.344577;-1.815932;12.639
22;DR;2026-09-03T09:47:02.247Z;2309.0;27.99;168;86;116;0.14;13;2.19;7.8;43.344577;-1.815932;12.646
22;DR;2026-09-03T09:47:03.249Z;2310.0;27.95;168;85;117;0.14;13;2.19;7.8;43.344632;-1.815852;12.654
22;DR;2026-09-03T09:47:04.249Z;2311.0;27.93;169;86;116;0.48;13;2.19;8.0;43.345016;-1.815302;12.662
22;DR;2026-09-03T09:47:05.248Z;2312.0;27.98;168;86;116;0.48;13;2.19;8.0;43.345016;-1.815302;12.669
22;DR;2026-09-03T09:47:06.264Z;2313.0;27.88;171;85;117;0.48;13;2.19;8.0;43.345016;-1.815302;12.677
22;DR;2026-09-03T09:47:07.250Z;2314.0;27.72;194;85;116;0.48;13;2.19;8.0;43.345016;-1.815302;12.685
22;DR;2026-09-03T09:47:08.251Z;2315.0;27.79;215;85;116;0.48;13;2.19;8.0;43.345016;-1.815302;12.693
22;DR;2026-09-03T09:47:09.251Z;2316.0;27.87;203;85;116;0.48;13;2.19;8.0;43.345016;-1.815302;12.700
22;DR;2026-09-03T09:47:10.251Z;2317.0;27.73;200;85;116;0.48;13;2.19;8.0;43.345016;-1.815302;12.708
22;DR;2026-09-03T09:47:11.262Z;2318.0;27.55;200;84;116;0.48;13;2.19;8.0;43.345016;-1.815302;12.716
22;DR;2026-09-03T09:47:12.247Z;2319.0;27.47;197;84;115;1.48;13;2.19;8.4;43.345123;-1.815145;12.723
22;DR;2026-09-03T09:47:13.254Z;2320.0;27.46;193;84;115;1.48;13;2.19;8.4;43.345123;-1.815145;12.731
22;DR;2026-09-03T09:47:14.255Z;2321.0;27.07;214;84;115;0.84;13;2.19;8.8;43.345507;-1.814607;12.739
22;DR;2026-09-03T09:47:15.261Z;2322.0;26.66;252;83;115;0.84;13;2.19;8.8;43.345507;-1.814607;12.746
22;DR;2026-09-03T09:47:16.260Z;2323.0;27.09;283;82;114;0.84;13;2.19;8.8;43.345507;-1.814607;12.754
22;DR;2026-09-03T09:47:17.266Z;2324.0;27.48;208;83;114;0.84;13;2.19;8.8;43.345507;-1.814607;12.761
22;DR;2026-09-03T09:47:18.262Z;2325.0;27.29;201;84;114;0.84;13;2.19;8.8;43.345507;-1.814607;12.769
22;DR;2026-09-03T09:47:19.247Z;2326.0;27.17;218;83;114;0.84;13;2.19;8.8;43.345507;-1.814607;12.776
22;DR;2026-09-03T09:47:20.248Z;2327.0;27.27;230;83;114;0.84;13;2.19;8.8;43.345507;-1.814607;12.784
22;DR;2026-09-03T09:47:21.259Z;2328.0;27.32;213;83;114;0.84;13;2.19;8.8;43.345507;-1.814607;12.792
22;DR;2026-09-03T09:47:22.252Z;2329.0;27.36;225;84;114;1.12;13;2.19;9.2;43.345785;-1.814232;12.799
22;DR;2026-09-03T09:47:23.249Z;2330.0;27.46;228;84;114;1.12;13;2.19;9.2;43.345785;-1.814232;12.807
22;DR;2026-09-03T09:47:24.255Z;2331.0;27.21;215;84;115;1.12;13;2.19;9.2;43.345785;-1.814232;12.814
22;DR;2026-09-03T09:47:25.257Z;2332.0;27.01;234;84;114;1.12;13;2.19;9.2;43.345785;-1.814232;12.822
22;DR;2026-09-03T09:47:26.257Z;2333.0;27.11;256;82;116;1.12;13;2.19;9.2;43.345785;-1.814232;12.829
22;DR;2026-09-03T09:47:27.275Z;2334.0;27.20;254;82;115;1.12;13;2.19;9.2;43.345785;-1.814232;12.837
22;DR;2026-09-03T09:47:28.248Z;2335.0;27.30;247;84;115;1.68;13;2.19;9.8;43.346052;-1.813872;12.844
22;DR;2026-09-03T09:47:29.264Z;2336.0;27.34;250;84;115;1.68;13;2.19;9.8;43.346052;-1.813872;12.852
22;DR;2026-09-03T09:47:30.249Z;2337.0;26.89;245;83;115;1.68;13;2.19;9.8;43.346052;-1.813872;12.860
22;DR;2026-09-03T09:47:31.260Z;2338.0;26.40;253;82;116;1.68;13;2.19;9.8;43.346052;-1.813872;12.867
22;DR;2026-09-03T09:47:32.247Z;2339.0;26.60;321;81;116;1.63;13;2.19;9.8;43.346052;-1.813872;12.874
22;DR;2026-09-03T09:47:33.248Z;2340.0;26.67;290;81;116;1.63;13;2.19;9.8;43.346052;-1.813872;12.882
22;DR;2026-09-03T09:47:34.262Z;2341.0;26.26;268;82;115;1.09;13;2.19;10.4;43.346487;-1.813294;12.889
22;DR;2026-09-03T09:47:35.248Z;2342.0;26.01;281;80;116;1.09;13;2.19;10.4;43.346487;-1.813294;12.896
22;DR;2026-09-03T09:47:36.263Z;2343.0;26.38;262;80;116;1.09;13;2.19;10.4;43.346487;-1.813294;12.904
22;DR;2026-09-03T09:47:37.286Z;2344.1;26.87;283;81;116;1.09;13;2.19;10.4;43.346487;-1.813294;12.911
22;DR;2026-09-03T09:47:38.259Z;2345.0;26.78;213;82;116;1.09;13;2.19;10.4;43.346487;-1.813294;12.919
22;DR;2026-09-03T09:47:39.247Z;2346.0;26.72;241;82;116;1.09;13;2.19;10.4;43.346487;-1.813294;12.926
22;DR;2026-09-03T09:47:40.265Z;2347.0;26.75;236;82;117;1.09;13;2.19;10.4;43.346487;-1.813294;12.933
22;DR;2026-09-03T09:47:41.247Z;2348.0;26.59;234;82;118;1.09;13;2.19;10.4;43.346487;-1.813294;12.941
22;DR;2026-09-03T09:47:42.239Z;2349.0;24.18;234;82;118;0.86;13;2.19;10.4;43.346487;-1.813294;12.948
22;DR;2026-09-03T09:47:43.239Z;2350.0;19.81;95;66;117;0.86;13;2.19;10.8;43.346913;-1.812712;12.954
22;DR;2026-09-03T09:47:44.240Z;2351.0;18.46;59;53;118;0.77;13;2.19;10.8;43.346913;-1.812712;12.959
22;DR;2026-09-03T09:47:45.245Z;2352.0;19.59;196;45;118;0.77;13;2.19;10.8;43.346913;-1.812712;12.964
22;DR;2026-09-03T09:47:46.249Z;2353.0;18.10;196;45;117;0.77;13;2.19;10.8;43.346913;-1.812712;12.970
22;DR;2026-09-03T09:47:47.239Z;2354.0;14.73;196;45;122;0.77;13;2.19;10.8;43.346913;-1.812712;12.974
22;DR;2026-09-03T09:47:48.241Z;2355.0;11.74;0;0;122;0.77;13;2.19;10.8;43.346913;-1.812712;12.978
22;DR;2026-09-03T09:47:49.239Z;2356.0;9.12;0;0;120;0.77;13;2.19;10.8;43.346913;-1.812712;12.981
22;DR;2026-09-03T09:47:50.241Z;2357.0;6.80;0;0;119;0.77;13;2.19;10.8;43.346913;-1.812712;12.983
22;DR;2026-09-03T09:47:51.243Z;2358.0;4.68;0;0;118;0.77;13;2.19;10.8;43.346913;-1.812712;12.985
22;DR;2026-09-03T09:47:52.244Z;2359.0;2.65;0;0;116;0.77;13;2.19;10.8;43.346913;-1.812712;12.986
22;DR;2026-09-03T09:47:53.253Z;2360.0;1.29;0;0;116;0.77;13;2.19;10.8;43.346913;-1.812712;12.986
22;DR;2026-09-03T09:47:54.255Z;2361.0;1.29;0;0;112;0.77;13;2.19;10.8;43.346913;-1.812712;12.987
22;DR;2026-09-03T09:47:55.238Z;2362.0;1.29;0;0;113;0.77;13;2.19;10.8;43.346913;-1.812712;12.987
22;DR;2026-09-03T09:47:56.243Z;2363.0;1.29;0;0;114;0.77;13;2.19;10.8;43.346913;-1.812712;12.987
22;DR;2026-09-03T09:47:57.244Z;2364.0;1.29;0;0;115;0.77;13;2.19;10.8;43.346913;-1.812712;12.988
22;DR;2026-09-03T09:47:58.246Z;2365.0;1.29;0;0;114;0.77;13;2.19;10.8;43.346913;-1.812712;12.988
