<?xml version="1.0" encoding="UTF-8"?>
<gpx xmlns:gpxdata="http://www.cluetrust.com/XML/GPXDATA/1/0" xmlns:xsi="http://www.w3.org/2001/XMLSchema-instance" xmlns="http://www.topografix.com/GPX/1/1" version="1.1" creator="http://ridewithgps.com/" xsi:schemaLocation="http://www.topografix.com/GPX/1/1 http://www.topografix.com/GPX/1/1/gpx.xsd http://www.cluetrust.com/XML/GPXDATA/1/0 http://www.cluetrust.com/Schemas/gpxdata10.xsd">
  <metadata>
    <name>SNL 2027 - OFICIAL</name>
    <link href="https://ridewithgps.com/routes/56368941">
      <text>SNL 2027 - OFICIAL</text>
    </link>
    <time>2026-07-28T09:19:12Z</time>
  </metadata>
  <wpt lat="37.13367619677574" lon="-3.431587218590808">
    <name>AV 4 - LA SABINA</name>
    <cmt>water</cmt>
    <sym>Dot</sym>
    <type>water</type>
  </wpt>
  <wpt lat="37.158166892148216" lon="-3.4427724444580043">
    <name>AV 3 - GÜEJAR SIERRA</name>
    <cmt>water</cmt>
    <sym>Dot</sym>
    <type>water</type>
  </wpt>
  <wpt lat="37.27184439740658" lon="-3.3319770367177526">
    <name>AV 2 . ÁREA RECREATIVA LA GITANA</name>
    <cmt>water</cmt>
    <sym>Dot</sym>
    <type>water</type>
  </wpt>
  <wpt lat="37.311250937617956" lon="-3.252917004932982">
    <name>AV 1. EMBALSE FRANCISCO ABELLÁN</name>
    <cmt>water</cmt>
    <sym>Dot</sym>
    <type>water</type>
  </wpt>
  <wpt lat="37.0946343937221" lon="-3.3993757176082795">
    <name>META</name>
    <cmt>finish</cmt>
    <sym>Dot</sym>
    <type>generic</type>
  </wpt>
  <trk>
    <name>SNL 2027 - OFICIAL</name>
    <trkseg>
      <trkpt lat="37.15603" lon="-3.53634">
        <ele>725.7</ele>
      </trkpt>
      <trkpt lat="37.15603" lon="-3.53634">
        <ele>725.7</ele>
      </trkpt>
      <trkpt lat="37.15601" lon="-3.5364">
        <ele>725.6</ele>
      </trkpt>
      <trkpt lat="37.156" lon="-3.53646">
        <ele>725.6</ele>
      </trkpt>
      <trkpt lat="37.156" lon="-3.53649">
        <ele>725.6</ele>
      </trkpt>
      <trkpt lat="37.15598" lon="-3.53657">
        <ele>725.5</ele>
      </trkpt>
      <trkpt lat="37.15598" lon="-3.53658">
        <ele>725.5</ele>
      </trkpt>
      <trkpt lat="37.15598" lon="-3.53661">
        <ele>725.5</ele>
      </trkpt>
      <trkpt lat="37.15598" lon="-3.53662">
        <ele>725.5</ele>
      </trkpt>
      <trkpt lat="37.15598" lon="-3.53663">
        <ele>725.5</ele>
      </trkpt>
      <trkpt lat="37.15598" lon="-3.53666">
        <ele>725.5</ele>
      </trkpt>
      <trkpt lat="37.15599" lon="-3.53668">
        <ele>725.6</ele>
      </trkpt>
      <trkpt lat="37.15601" lon="-3.5367">
        <ele>725.7</ele>
      </trkpt>
      <trkpt lat="37.15602" lon="-3.53672">
        <ele>725.7</ele>
      </trkpt>
      <trkpt lat="37.15604" lon="-3.53674">
        <ele>725.8</ele>
      </trkpt>
      <trkpt lat="37.15605" lon="-3.53674">
        <ele>725.8</ele>
      </trkpt>
      <trkpt lat="37.15607" lon="-3.53675">
        <ele>725.9</ele>
      </trkpt>
      <trkpt lat="37.15608" lon="-3.53675">
        <ele>725.9</ele>
      </trkpt>
      <trkpt lat="37.15612" lon="-3.53675">
        <ele>726.1</ele>
      </trkpt>
      <trkpt lat="37.15614" lon="-3.53675">
        <ele>726.1</ele>
      </trkpt>
      <trkpt lat="37.15617" lon="-3.53673">
        <ele>726.2</ele>
      </trkpt>
      <trkpt lat="37.15618" lon="-3.53673">
        <ele>726.3</ele>
      </trkpt>
      <trkpt lat="37.15622" lon="-3.53671">
        <ele>726.4</ele>
      </trkpt>
      <trkpt lat="37.15636" lon="-3.53662">
        <ele>726.9</ele>
      </trkpt>
      <trkpt lat="37.15661" lon="-3.53651">
        <ele>727.8</ele>
      </trkpt>
      <trkpt lat="37.15676" lon="-3.53646">
        <ele>728.4</ele>
      </trkpt>
      <trkpt lat="37.1568" lon="-3.53645">
        <ele>728.6</ele>
      </trkpt>
      <trkpt lat="37.15685" lon="-3.53644">
        <ele>728.8</ele>
      </trkpt>
      <trkpt lat="37.15686" lon="-3.53644">
        <ele>728.9</ele>
      </trkpt>
      <trkpt lat="37.15688" lon="-3.53644">
        <ele>729.0</ele>
      </trkpt>
      <trkpt lat="37.1569" lon="-3.53645">
        <ele>729.0</ele>
      </trkpt>
      <trkpt lat="37.15691" lon="-3.53646">
        <ele>729.1</ele>
      </trkpt>
      <trkpt lat="37.15691" lon="-3.53647">
        <ele>729.1</ele>
      </trkpt>
      <trkpt lat="37.15692" lon="-3.53648">
        <ele>729.1</ele>
      </trkpt>
      <trkpt lat="37.15692" lon="-3.5365">
        <ele>729.2</ele>
      </trkpt>
      <trkpt lat="37.15694" lon="-3.53655">
        <ele>729.3</ele>
      </trkpt>
      <trkpt lat="37.15694" lon="-3.53655">
        <ele>729.3</ele>
      </trkpt>
      <trkpt lat="37.15699" lon="-3.53653">
        <ele>729.5</ele>
      </trkpt>
      <trkpt lat="37.15715" lon="-3.53648">
        <ele>730.2</ele>
      </trkpt>
      <trkpt lat="37.15738" lon="-3.53641">
        <ele>731.2</ele>
      </trkpt>
      <trkpt lat="37.15763" lon="-3.53636">
        <ele>732.9</ele>
      </trkpt>
      <trkpt lat="37.15782" lon="-3.53631">
        <ele>734.6</ele>
      </trkpt>
      <trkpt lat="37.15787" lon="-3.5363">
        <ele>735.1</ele>
      </trkpt>
      <trkpt lat="37.15793" lon="-3.53628">
        <ele>735.7</ele>
      </trkpt>
      <trkpt lat="37.15793" lon="-3.53628">
        <ele>735.7</ele>
      </trkpt>
      <trkpt lat="37.15811" lon="-3.53623">
        <ele>737.3</ele>
      </trkpt>
      <trkpt lat="37.15818" lon="-3.53621">
        <ele>738.0</ele>
      </trkpt>
      <trkpt lat="37.15828" lon="-3.53618">
        <ele>738.9</ele>
      </trkpt>
      <trkpt lat="37.15832" lon="-3.53617">
        <ele>739.3</ele>
      </trkpt>
      <trkpt lat="37.15835" lon="-3.53616">
        <ele>739.5</ele>
      </trkpt>
      <trkpt lat="37.15846" lon="-3.53613">
        <ele>740.1</ele>
      </trkpt>
      <trkpt lat="37.15853" lon="-3.53611">
        <ele>740.5</ele>
      </trkpt>
      <trkpt lat="37.15853" lon="-3.53611">
        <ele>740.5</ele>
      </trkpt>
      <trkpt lat="37.15853" lon="-3.5361">
        <ele>740.5</ele>
      </trkpt>
      <trkpt lat="37.15852" lon="-3.53606">
        <ele>740.4</ele>
      </trkpt>
      <trkpt lat="37.15852" lon="-3.536">
        <ele>740.3</ele>
      </trkpt>
      <trkpt lat="37.15851" lon="-3.53591">
        <ele>740.2</ele>
      </trkpt>
      <trkpt lat="37.15851" lon="-3.53586">
        <ele>740.1</ele>
      </trkpt>
      <trkpt lat="37.15851" lon="-3.53585">
        <ele>740.1</ele>
      </trkpt>
      <trkpt lat="37.15852" lon="-3.53564">
        <ele>739.8</ele>
      </trkpt>
      <trkpt lat="37.15855" lon="-3.53545">
        <ele>739.9</ele>
      </trkpt>
      <trkpt lat="37.15855" lon="-3.53545">
        <ele>739.9</ele>
      </trkpt>
      <trkpt lat="37.15867" lon="-3.53478">
        <ele>742.4</ele>
      </trkpt>
      <trkpt lat="37.1587" lon="-3.53459">
        <ele>743.6</ele>
      </trkpt>
      <trkpt lat="37.15872" lon="-3.53417">
        <ele>745.2</ele>
      </trkpt>
      <trkpt lat="37.1587" lon="-3.53377">
        <ele>745.7</ele>
      </trkpt>
      <trkpt lat="37.15867" lon="-3.53347">
        <ele>745.9</ele>
      </trkpt>
      <trkpt lat="37.1586" lon="-3.53314">
        <ele>745.9</ele>
      </trkpt>
      <trkpt lat="37.15831" lon="-3.53244">
        <ele>746.3</ele>
      </trkpt>
      <trkpt lat="37.15796" lon="-3.53154">
        <ele>748.8</ele>
      </trkpt>
      <trkpt lat="37.15761" lon="-3.53064">
        <ele>751.1</ele>
      </trkpt>
      <trkpt lat="37.15757" lon="-3.5306">
        <ele>750.3</ele>
      </trkpt>
      <trkpt lat="37.1575" lon="-3.53039">
        <ele>750.3</ele>
      </trkpt>
      <trkpt lat="37.15741" lon="-3.53022">
        <ele>750.2</ele>
      </trkpt>
      <trkpt lat="37.15741" lon="-3.53022">
        <ele>750.2</ele>
      </trkpt>
      <trkpt lat="37.15728" lon="-3.53005">
        <ele>749.1</ele>
      </trkpt>
      <trkpt lat="37.15723" lon="-3.53004">
        <ele>748.2</ele>
      </trkpt>
      <trkpt lat="37.1572" lon="-3.53001">
        <ele>747.8</ele>
      </trkpt>
      <trkpt lat="37.15717" lon="-3.52997">
        <ele>747.4</ele>
      </trkpt>
      <trkpt lat="37.15716" lon="-3.5299">
        <ele>747.5</ele>
      </trkpt>
      <trkpt lat="37.15717" lon="-3.52987">
        <ele>747.9</ele>
      </trkpt>
      <trkpt lat="37.15719" lon="-3.52982">
        <ele>748.6</ele>
      </trkpt>
      <trkpt lat="37.15719" lon="-3.52958">
        <ele>749.8</ele>
      </trkpt>
      <trkpt lat="37.15715" lon="-3.52926">
        <ele>750.3</ele>
      </trkpt>
      <trkpt lat="37.15713" lon="-3.52903">
        <ele>749.8</ele>
      </trkpt>
      <trkpt lat="37.15715" lon="-3.52884">
        <ele>749.6</ele>
      </trkpt>
      <trkpt lat="37.15717" lon="-3.52862">
        <ele>749.3</ele>
      </trkpt>
      <trkpt lat="37.15721" lon="-3.52839">
        <ele>749.3</ele>
      </trkpt>
      <trkpt lat="37.15731" lon="-3.52802">
        <ele>748.2</ele>
      </trkpt>
      <trkpt lat="37.15737" lon="-3.52788">
        <ele>747.8</ele>
      </trkpt>
      <trkpt lat="37.15743" lon="-3.52775">
        <ele>747.2</ele>
      </trkpt>
      <trkpt lat="37.15752" lon="-3.52763">
        <ele>746.7</ele>
      </trkpt>
      <trkpt lat="37.15764" lon="-3.52748">
        <ele>745.7</ele>
      </trkpt>
      <trkpt lat="37.15777" lon="-3.52735">
        <ele>745.5</ele>
      </trkpt>
      <trkpt lat="37.15783" lon="-3.5273">
        <ele>745.4</ele>
      </trkpt>
      <trkpt lat="37.15796" lon="-3.52723">
        <ele>745.2</ele>
      </trkpt>
      <trkpt lat="37.15804" lon="-3.5272">
        <ele>745.2</ele>
      </trkpt>
      <trkpt lat="37.15803" lon="-3.52717">
        <ele>744.8</ele>
      </trkpt>
      <trkpt lat="37.15803" lon="-3.52713">
        <ele>744.4</ele>
      </trkpt>
      <trkpt lat="37.15806" lon="-3.52709">
        <ele>744.1</ele>
      </trkpt>
      <trkpt lat="37.15808" lon="-3.52708">
        <ele>744.0</ele>
      </trkpt>
      <trkpt lat="37.1581" lon="-3.52707">
        <ele>743.9</ele>
      </trkpt>
      <trkpt lat="37.15813" lon="-3.52709">
        <ele>744.2</ele>
      </trkpt>
      <trkpt lat="37.15815" lon="-3.52712">
        <ele>744.6</ele>
      </trkpt>
      <trkpt lat="37.15816" lon="-3.52715">
        <ele>745.0</ele>
      </trkpt>
      <trkpt lat="37.15828" lon="-3.52714">
        <ele>745.1</ele>
      </trkpt>
      <trkpt lat="37.15847" lon="-3.52718">
        <ele>745.7</ele>
      </trkpt>
      <trkpt lat="37.15866" lon="-3.52726">
        <ele>746.6</ele>
      </trkpt>
      <trkpt lat="37.15895" lon="-3.52746">
        <ele>748.8</ele>
      </trkpt>
      <trkpt lat="37.15911" lon="-3.52755">
        <ele>750.0</ele>
      </trkpt>
      <trkpt lat="37.15939" lon="-3.52762">
        <ele>754.6</ele>
      </trkpt>
      <trkpt lat="37.15958" lon="-3.52765">
        <ele>758.2</ele>
      </trkpt>
      <trkpt lat="37.15978" lon="-3.52764">
        <ele>760.8</ele>
      </trkpt>
      <trkpt lat="37.15991" lon="-3.52761">
        <ele>761.7</ele>
      </trkpt>
      <trkpt lat="37.16004" lon="-3.52755">
        <ele>762.0</ele>
      </trkpt>
      <trkpt lat="37.16015" lon="-3.52748">
        <ele>763.1</ele>
      </trkpt>
      <trkpt lat="37.16028" lon="-3.52734">
        <ele>763.7</ele>
      </trkpt>
      <trkpt lat="37.16041" lon="-3.52717">
        <ele>763.0</ele>
      </trkpt>
      <trkpt lat="37.16059" lon="-3.52688">
        <ele>759.5</ele>
      </trkpt>
      <trkpt lat="37.16095" lon="-3.52643">
        <ele>760.0</ele>
      </trkpt>
      <trkpt lat="37.1613" lon="-3.52599">
        <ele>764.1</ele>
      </trkpt>
      <trkpt lat="37.16143" lon="-3.52579">
        <ele>763.4</ele>
      </trkpt>
      <trkpt lat="37.16152" lon="-3.52562">
        <ele>762.6</ele>
      </trkpt>
      <trkpt lat="37.16161" lon="-3.52536">
        <ele>759.5</ele>
      </trkpt>
      <trkpt lat="37.16169" lon="-3.52509">
        <ele>755.9</ele>
      </trkpt>
      <trkpt lat="37.1618" lon="-3.52447">
        <ele>757.2</ele>
      </trkpt>
      <trkpt lat="37.16191" lon="-3.52386">
        <ele>759.5</ele>
      </trkpt>
      <trkpt lat="37.16204" lon="-3.52321">
        <ele>760.9</ele>
      </trkpt>
      <trkpt lat="37.16221" lon="-3.52258">
        <ele>760.5</ele>
      </trkpt>
      <trkpt lat="37.16252" lon="-3.5216">
        <ele>759.6</ele>
      </trkpt>
      <trkpt lat="37.16282" lon="-3.52063">
        <ele>769.8</ele>
      </trkpt>
      <trkpt lat="37.16292" lon="-3.52025">
        <ele>771.8</ele>
      </trkpt>
      <trkpt lat="37.16297" lon="-3.51996">
        <ele>771.9</ele>
      </trkpt>
      <trkpt lat="37.16303" lon="-3.51951">
        <ele>771.0</ele>
      </trkpt>
      <trkpt lat="37.16312" lon="-3.51876">
        <ele>770.5</ele>
      </trkpt>
      <trkpt lat="37.16321" lon="-3.518">
        <ele>766.9</ele>
      </trkpt>
      <trkpt lat="37.16329" lon="-3.51761">
        <ele>762.3</ele>
      </trkpt>
      <trkpt lat="37.16337" lon="-3.51725">
        <ele>760.4</ele>
      </trkpt>
      <trkpt lat="37.16339" lon="-3.51712">
        <ele>760.0</ele>
      </trkpt>
      <trkpt lat="37.1634" lon="-3.51696">
        <ele>758.8</ele>
      </trkpt>
      <trkpt lat="37.16348" lon="-3.51696">
        <ele>760.9</ele>
      </trkpt>
      <trkpt lat="37.16352" lon="-3.51694">
        <ele>761.7</ele>
      </trkpt>
      <trkpt lat="37.16361" lon="-3.51679">
        <ele>761.8</ele>
      </trkpt>
      <trkpt lat="37.16375" lon="-3.51661">
        <ele>761.8</ele>
      </trkpt>
      <trkpt lat="37.16385" lon="-3.51649">
        <ele>761.7</ele>
      </trkpt>
      <trkpt lat="37.16398" lon="-3.51639">
        <ele>761.8</ele>
      </trkpt>
      <trkpt lat="37.1641" lon="-3.51632">
        <ele>761.8</ele>
      </trkpt>
      <trkpt lat="37.16427" lon="-3.51628">
        <ele>761.8</ele>
      </trkpt>
      <trkpt lat="37.16444" lon="-3.51629">
        <ele>762.3</ele>
      </trkpt>
      <trkpt lat="37.16497" lon="-3.5164">
        <ele>765.5</ele>
      </trkpt>
      <trkpt lat="37.1655" lon="-3.51651">
        <ele>771.8</ele>
      </trkpt>
      <trkpt lat="37.16569" lon="-3.51648">
        <ele>772.6</ele>
      </trkpt>
      <trkpt lat="37.16588" lon="-3.51642">
        <ele>773.3</ele>
      </trkpt>
      <trkpt lat="37.16607" lon="-3.51629">
        <ele>773.5</ele>
      </trkpt>
      <trkpt lat="37.1664" lon="-3.51602">
        <ele>771.3</ele>
      </trkpt>
      <trkpt lat="37.16677" lon="-3.51576">
        <ele>771.5</ele>
      </trkpt>
      <trkpt lat="37.16705" lon="-3.51547">
        <ele>776.3</ele>
      </trkpt>
      <trkpt lat="37.16742" lon="-3.51497">
        <ele>777.9</ele>
      </trkpt>
      <trkpt lat="37.16756" lon="-3.51471">
        <ele>778.5</ele>
      </trkpt>
      <trkpt lat="37.16776" lon="-3.5141">
        <ele>776.6</ele>
      </trkpt>
      <trkpt lat="37.16795" lon="-3.51372">
        <ele>775.7</ele>
      </trkpt>
      <trkpt lat="37.16814" lon="-3.51345">
        <ele>773.0</ele>
      </trkpt>
      <trkpt lat="37.16857" lon="-3.51289">
        <ele>774.7</ele>
      </trkpt>
      <trkpt lat="37.169" lon="-3.51234">
        <ele>773.7</ele>
      </trkpt>
      <trkpt lat="37.16943" lon="-3.51179">
        <ele>775.0</ele>
      </trkpt>
      <trkpt lat="37.16975" lon="-3.51138">
        <ele>777.1</ele>
      </trkpt>
      <trkpt lat="37.17011" lon="-3.51103">
        <ele>777.1</ele>
      </trkpt>
      <trkpt lat="37.17058" lon="-3.51066">
        <ele>778.1</ele>
      </trkpt>
      <trkpt lat="37.17104" lon="-3.51028">
        <ele>780.4</ele>
      </trkpt>
      <trkpt lat="37.17134" lon="-3.50996">
        <ele>779.3</ele>
      </trkpt>
      <trkpt lat="37.17183" lon="-3.50937">
        <ele>778.7</ele>
      </trkpt>
      <trkpt lat="37.17231" lon="-3.50879">
        <ele>783.8</ele>
      </trkpt>
      <trkpt lat="37.17264" lon="-3.5084">
        <ele>785.7</ele>
      </trkpt>
      <trkpt lat="37.17308" lon="-3.50803">
        <ele>791.0</ele>
      </trkpt>
      <trkpt lat="37.17326" lon="-3.50784">
        <ele>789.6</ele>
      </trkpt>
      <trkpt lat="37.17348" lon="-3.50757">
        <ele>786.7</ele>
      </trkpt>
      <trkpt lat="37.17401" lon="-3.50681">
        <ele>788.8</ele>
      </trkpt>
      <trkpt lat="37.17455" lon="-3.50604">
        <ele>797.0</ele>
      </trkpt>
      <trkpt lat="37.17464" lon="-3.50588">
        <ele>799.0</ele>
      </trkpt>
      <trkpt lat="37.1747" lon="-3.50574">
        <ele>799.6</ele>
      </trkpt>
      <trkpt lat="37.17488" lon="-3.50515">
        <ele>796.7</ele>
      </trkpt>
      <trkpt lat="37.17497" lon="-3.50493">
        <ele>795.1</ele>
      </trkpt>
      <trkpt lat="37.17509" lon="-3.50474">
        <ele>796.1</ele>
      </trkpt>
      <trkpt lat="37.17529" lon="-3.50449">
        <ele>799.2</ele>
      </trkpt>
      <trkpt lat="37.17588" lon="-3.50386">
        <ele>804.5</ele>
      </trkpt>
      <trkpt lat="37.17648" lon="-3.50323">
        <ele>797.0</ele>
      </trkpt>
      <trkpt lat="37.17675" lon="-3.5029">
        <ele>797.9</ele>
      </trkpt>
      <trkpt lat="37.17718" lon="-3.50231">
        <ele>803.1</ele>
      </trkpt>
      <trkpt lat="37.17761" lon="-3.50173">
        <ele>801.2</ele>
      </trkpt>
      <trkpt lat="37.17779" lon="-3.50144">
        <ele>800.7</ele>
      </trkpt>
      <trkpt lat="37.17795" lon="-3.50111">
        <ele>799.3</ele>
      </trkpt>
      <trkpt lat="37.17825" lon="-3.50048">
        <ele>797.3</ele>
      </trkpt>
      <trkpt lat="37.17854" lon="-3.49985">
        <ele>797.9</ele>
      </trkpt>
      <trkpt lat="37.17872" lon="-3.49953">
        <ele>799.3</ele>
      </trkpt>
      <trkpt lat="37.17907" lon="-3.49903">
        <ele>799.8</ele>
      </trkpt>
      <trkpt lat="37.17942" lon="-3.49854">
        <ele>799.7</ele>
      </trkpt>
      <trkpt lat="37.17986" lon="-3.49788">
        <ele>801.0</ele>
      </trkpt>
      <trkpt lat="37.18031" lon="-3.49722">
        <ele>804.6</ele>
      </trkpt>
      <trkpt lat="37.18044" lon="-3.49701">
        <ele>805.5</ele>
      </trkpt>
      <trkpt lat="37.18054" lon="-3.49677">
        <ele>804.9</ele>
      </trkpt>
      <trkpt lat="37.18081" lon="-3.49597">
        <ele>797.2</ele>
      </trkpt>
      <trkpt lat="37.18108" lon="-3.49517">
        <ele>800.0</ele>
      </trkpt>
      <trkpt lat="37.18118" lon="-3.49495">
        <ele>801.4</ele>
      </trkpt>
      <trkpt lat="37.18128" lon="-3.49478">
        <ele>801.5</ele>
      </trkpt>
      <trkpt lat="37.18174" lon="-3.49419">
        <ele>797.6</ele>
      </trkpt>
      <trkpt lat="37.1822" lon="-3.4936">
        <ele>804.7</ele>
      </trkpt>
      <trkpt lat="37.18238" lon="-3.49338">
        <ele>805.7</ele>
      </trkpt>
      <trkpt lat="37.18303" lon="-3.49281">
        <ele>808.6</ele>
      </trkpt>
      <trkpt lat="37.18328" lon="-3.49255">
        <ele>806.5</ele>
      </trkpt>
      <trkpt lat="37.18346" lon="-3.4923">
        <ele>808.1</ele>
      </trkpt>
      <trkpt lat="37.18389" lon="-3.49177">
        <ele>809.7</ele>
      </trkpt>
      <trkpt lat="37.18432" lon="-3.49124">
        <ele>810.1</ele>
      </trkpt>
      <trkpt lat="37.18454" lon="-3.49088">
        <ele>811.4</ele>
      </trkpt>
      <trkpt lat="37.18469" lon="-3.49054">
        <ele>812.2</ele>
      </trkpt>
      <trkpt lat="37.1848" lon="-3.49021">
        <ele>811.5</ele>
      </trkpt>
      <trkpt lat="37.18501" lon="-3.48932">
        <ele>805.2</ele>
      </trkpt>
      <trkpt lat="37.18509" lon="-3.48911">
        <ele>806.6</ele>
      </trkpt>
      <trkpt lat="37.18536" lon="-3.4886">
        <ele>815.0</ele>
      </trkpt>
      <trkpt lat="37.18543" lon="-3.48841">
        <ele>816.1</ele>
      </trkpt>
      <trkpt lat="37.18548" lon="-3.48821">
        <ele>816.2</ele>
      </trkpt>
      <trkpt lat="37.18563" lon="-3.48733">
        <ele>814.9</ele>
      </trkpt>
      <trkpt lat="37.18579" lon="-3.48645">
        <ele>817.5</ele>
      </trkpt>
      <trkpt lat="37.18594" lon="-3.48557">
        <ele>821.1</ele>
      </trkpt>
      <trkpt lat="37.18607" lon="-3.48486">
        <ele>818.6</ele>
      </trkpt>
      <trkpt lat="37.1861" lon="-3.48476">
        <ele>818.2</ele>
      </trkpt>
      <trkpt lat="37.18634" lon="-3.48426">
        <ele>815.5</ele>
      </trkpt>
      <trkpt lat="37.18636" lon="-3.48417">
        <ele>814.6</ele>
      </trkpt>
      <trkpt lat="37.18636" lon="-3.48408">
        <ele>814.5</ele>
      </trkpt>
      <trkpt lat="37.18625" lon="-3.48364">
        <ele>813.7</ele>
      </trkpt>
      <trkpt lat="37.18625" lon="-3.48353">
        <ele>813.6</ele>
      </trkpt>
      <trkpt lat="37.18626" lon="-3.48342">
        <ele>813.6</ele>
      </trkpt>
      <trkpt lat="37.18629" lon="-3.4833">
        <ele>813.7</ele>
      </trkpt>
      <trkpt lat="37.18657" lon="-3.48272">
        <ele>815.9</ele>
      </trkpt>
      <trkpt lat="37.18668" lon="-3.48255">
        <ele>817.2</ele>
      </trkpt>
      <trkpt lat="37.18698" lon="-3.48211">
        <ele>821.0</ele>
      </trkpt>
      <trkpt lat="37.18706" lon="-3.48199">
        <ele>822.1</ele>
      </trkpt>
      <trkpt lat="37.18711" lon="-3.48186">
        <ele>822.5</ele>
      </trkpt>
      <trkpt lat="37.18714" lon="-3.48171">
        <ele>822.4</ele>
      </trkpt>
      <trkpt lat="37.18717" lon="-3.48149">
        <ele>823.5</ele>
      </trkpt>
      <trkpt lat="37.18726" lon="-3.48051">
        <ele>825.7</ele>
      </trkpt>
      <trkpt lat="37.18728" lon="-3.48038">
        <ele>825.1</ele>
      </trkpt>
      <trkpt lat="37.18733" lon="-3.48019">
        <ele>824.3</ele>
      </trkpt>
      <trkpt lat="37.18739" lon="-3.48004">
        <ele>823.6</ele>
      </trkpt>
      <trkpt lat="37.18749" lon="-3.47991">
        <ele>823.3</ele>
      </trkpt>
      <trkpt lat="37.18787" lon="-3.47947">
        <ele>827.3</ele>
      </trkpt>
      <trkpt lat="37.18825" lon="-3.47903">
        <ele>827.5</ele>
      </trkpt>
      <trkpt lat="37.18849" lon="-3.47867">
        <ele>830.3</ele>
      </trkpt>
      <trkpt lat="37.1888" lon="-3.47802">
        <ele>836.5</ele>
      </trkpt>
      <trkpt lat="37.18888" lon="-3.47779">
        <ele>836.8</ele>
      </trkpt>
      <trkpt lat="37.18892" lon="-3.47758">
        <ele>835.8</ele>
      </trkpt>
      <trkpt lat="37.18894" lon="-3.47736">
        <ele>834.2</ele>
      </trkpt>
      <trkpt lat="37.18893" lon="-3.47716">
        <ele>832.0</ele>
      </trkpt>
      <trkpt lat="37.1889" lon="-3.47677">
        <ele>827.8</ele>
      </trkpt>
      <trkpt lat="37.18889" lon="-3.47653">
        <ele>826.0</ele>
      </trkpt>
      <trkpt lat="37.18891" lon="-3.47633">
        <ele>825.4</ele>
      </trkpt>
      <trkpt lat="37.18895" lon="-3.47617">
        <ele>825.1</ele>
      </trkpt>
      <trkpt lat="37.18903" lon="-3.47598">
        <ele>824.8</ele>
      </trkpt>
      <trkpt lat="37.18948" lon="-3.47512">
        <ele>836.6</ele>
      </trkpt>
      <trkpt lat="37.18964" lon="-3.47491">
        <ele>839.5</ele>
      </trkpt>
      <trkpt lat="37.18983" lon="-3.47472">
        <ele>838.7</ele>
      </trkpt>
      <trkpt lat="37.19036" lon="-3.47416">
        <ele>834.7</ele>
      </trkpt>
      <trkpt lat="37.19088" lon="-3.4736">
        <ele>837.3</ele>
      </trkpt>
      <trkpt lat="37.19097" lon="-3.47348">
        <ele>837.3</ele>
      </trkpt>
      <trkpt lat="37.19103" lon="-3.47332">
        <ele>835.1</ele>
      </trkpt>
      <trkpt lat="37.19116" lon="-3.47269">
        <ele>831.1</ele>
      </trkpt>
      <trkpt lat="37.19123" lon="-3.47253">
        <ele>830.5</ele>
      </trkpt>
      <trkpt lat="37.19133" lon="-3.47238">
        <ele>831.3</ele>
      </trkpt>
      <trkpt lat="37.19187" lon="-3.47186">
        <ele>832.2</ele>
      </trkpt>
      <trkpt lat="37.19242" lon="-3.47134">
        <ele>833.5</ele>
      </trkpt>
      <trkpt lat="37.19254" lon="-3.47125">
        <ele>834.6</ele>
      </trkpt>
      <trkpt lat="37.19264" lon="-3.47119">
        <ele>835.9</ele>
      </trkpt>
      <trkpt lat="37.19274" lon="-3.47119">
        <ele>837.5</ele>
      </trkpt>
      <trkpt lat="37.19286" lon="-3.47122">
        <ele>839.4</ele>
      </trkpt>
      <trkpt lat="37.19286" lon="-3.47122">
        <ele>839.4</ele>
      </trkpt>
      <trkpt lat="37.19322" lon="-3.47137">
        <ele>844.5</ele>
      </trkpt>
      <trkpt lat="37.1933" lon="-3.47135">
        <ele>845.7</ele>
      </trkpt>
      <trkpt lat="37.19339" lon="-3.47124">
        <ele>847.6</ele>
      </trkpt>
      <trkpt lat="37.19339" lon="-3.47113">
        <ele>848.2</ele>
      </trkpt>
      <trkpt lat="37.19332" lon="-3.47098">
        <ele>847.2</ele>
      </trkpt>
      <trkpt lat="37.19327" lon="-3.4709">
        <ele>846.6</ele>
      </trkpt>
      <trkpt lat="37.1932" lon="-3.47082">
        <ele>845.7</ele>
      </trkpt>
      <trkpt lat="37.19319" lon="-3.47083">
        <ele>845.3</ele>
      </trkpt>
      <trkpt lat="37.19299" lon="-3.47058">
        <ele>844.6</ele>
      </trkpt>
      <trkpt lat="37.19294" lon="-3.47049">
        <ele>844.5</ele>
      </trkpt>
      <trkpt lat="37.19291" lon="-3.47042">
        <ele>844.5</ele>
      </trkpt>
      <trkpt lat="37.19289" lon="-3.47033">
        <ele>845.0</ele>
      </trkpt>
      <trkpt lat="37.19286" lon="-3.47004">
        <ele>847.1</ele>
      </trkpt>
      <trkpt lat="37.19285" lon="-3.46993">
        <ele>848.4</ele>
      </trkpt>
      <trkpt lat="37.19283" lon="-3.46986">
        <ele>849.0</ele>
      </trkpt>
      <trkpt lat="37.1927" lon="-3.46952">
        <ele>850.6</ele>
      </trkpt>
      <trkpt lat="37.19269" lon="-3.46949">
        <ele>850.8</ele>
      </trkpt>
      <trkpt lat="37.19237" lon="-3.46871">
        <ele>857.4</ele>
      </trkpt>
      <trkpt lat="37.19233" lon="-3.46861">
        <ele>858.5</ele>
      </trkpt>
      <trkpt lat="37.19225" lon="-3.4684">
        <ele>860.8</ele>
      </trkpt>
      <trkpt lat="37.19223" lon="-3.46834">
        <ele>861.4</ele>
      </trkpt>
      <trkpt lat="37.19223" lon="-3.4683">
        <ele>861.7</ele>
      </trkpt>
      <trkpt lat="37.19222" lon="-3.46828">
        <ele>861.4</ele>
      </trkpt>
      <trkpt lat="37.19222" lon="-3.46823">
        <ele>861.6</ele>
      </trkpt>
      <trkpt lat="37.19221" lon="-3.46818">
        <ele>861.4</ele>
      </trkpt>
      <trkpt lat="37.19221" lon="-3.46812">
        <ele>861.6</ele>
      </trkpt>
      <trkpt lat="37.19221" lon="-3.46807">
        <ele>861.8</ele>
      </trkpt>
      <trkpt lat="37.19221" lon="-3.46801">
        <ele>862.0</ele>
      </trkpt>
      <trkpt lat="37.19222" lon="-3.46779">
        <ele>863.0</ele>
      </trkpt>
      <trkpt lat="37.19222" lon="-3.46779">
        <ele>863.0</ele>
      </trkpt>
      <trkpt lat="37.19228" lon="-3.46771">
        <ele>865.2</ele>
      </trkpt>
      <trkpt lat="37.19232" lon="-3.46762">
        <ele>866.8</ele>
      </trkpt>
      <trkpt lat="37.19238" lon="-3.46744">
        <ele>869.0</ele>
      </trkpt>
      <trkpt lat="37.19241" lon="-3.46731">
        <ele>869.6</ele>
      </trkpt>
      <trkpt lat="37.19245" lon="-3.46711">
        <ele>870.4</ele>
      </trkpt>
      <trkpt lat="37.19247" lon="-3.46699">
        <ele>870.8</ele>
      </trkpt>
      <trkpt lat="37.19247" lon="-3.46699">
        <ele>870.8</ele>
      </trkpt>
      <trkpt lat="37.1925" lon="-3.46694">
        <ele>871.7</ele>
      </trkpt>
      <trkpt lat="37.1925" lon="-3.4669">
        <ele>871.6</ele>
      </trkpt>
      <trkpt lat="37.1925" lon="-3.46689">
        <ele>871.5</ele>
      </trkpt>
      <trkpt lat="37.19251" lon="-3.4668">
        <ele>871.6</ele>
      </trkpt>
      <trkpt lat="37.19253" lon="-3.46675">
        <ele>872.0</ele>
      </trkpt>
      <trkpt lat="37.19254" lon="-3.46671">
        <ele>872.2</ele>
      </trkpt>
      <trkpt lat="37.19255" lon="-3.46669">
        <ele>872.4</ele>
      </trkpt>
      <trkpt lat="37.19256" lon="-3.46667">
        <ele>872.7</ele>
      </trkpt>
      <trkpt lat="37.19257" lon="-3.46666">
        <ele>872.9</ele>
      </trkpt>
      <trkpt lat="37.19259" lon="-3.46665">
        <ele>873.5</ele>
      </trkpt>
      <trkpt lat="37.1926" lon="-3.46664">
        <ele>873.7</ele>
      </trkpt>
      <trkpt lat="37.19261" lon="-3.46664">
        <ele>874.0</ele>
      </trkpt>
      <trkpt lat="37.19263" lon="-3.46663">
        <ele>874.5</ele>
      </trkpt>
      <trkpt lat="37.19264" lon="-3.46664">
        <ele>874.8</ele>
      </trkpt>
      <trkpt lat="37.19267" lon="-3.46665">
        <ele>875.7</ele>
      </trkpt>
      <trkpt lat="37.1927" lon="-3.46669">
        <ele>876.6</ele>
      </trkpt>
      <trkpt lat="37.19272" lon="-3.46693">
        <ele>877.5</ele>
      </trkpt>
      <trkpt lat="37.19274" lon="-3.46704">
        <ele>878.1</ele>
      </trkpt>
      <trkpt lat="37.19282" lon="-3.46745">
        <ele>880.6</ele>
      </trkpt>
      <trkpt lat="37.19284" lon="-3.46755">
        <ele>881.1</ele>
      </trkpt>
      <trkpt lat="37.19287" lon="-3.46766">
        <ele>881.6</ele>
      </trkpt>
      <trkpt lat="37.19287" lon="-3.46767">
        <ele>881.5</ele>
      </trkpt>
      <trkpt lat="37.19288" lon="-3.46772">
        <ele>881.7</ele>
      </trkpt>
      <trkpt lat="37.19288" lon="-3.46777">
        <ele>881.6</ele>
      </trkpt>
      <trkpt lat="37.19288" lon="-3.46779">
        <ele>881.6</ele>
      </trkpt>
      <trkpt lat="37.19287" lon="-3.46786">
        <ele>881.2</ele>
      </trkpt>
      <trkpt lat="37.19287" lon="-3.46791">
        <ele>881.1</ele>
      </trkpt>
      <trkpt lat="37.19286" lon="-3.46796">
        <ele>880.7</ele>
      </trkpt>
      <trkpt lat="37.19284" lon="-3.46801">
        <ele>880.1</ele>
      </trkpt>
      <trkpt lat="37.19282" lon="-3.46805">
        <ele>879.5</ele>
      </trkpt>
      <trkpt lat="37.1928" lon="-3.46809">
        <ele>878.8</ele>
      </trkpt>
      <trkpt lat="37.19279" lon="-3.46812">
        <ele>878.5</ele>
      </trkpt>
      <trkpt lat="37.19277" lon="-3.46815">
        <ele>877.9</ele>
      </trkpt>
      <trkpt lat="37.19276" lon="-3.46816">
        <ele>877.6</ele>
      </trkpt>
      <trkpt lat="37.19276" lon="-3.46817">
        <ele>877.6</ele>
      </trkpt>
      <trkpt lat="37.19275" lon="-3.46819">
        <ele>877.3</ele>
      </trkpt>
      <trkpt lat="37.19275" lon="-3.46821">
        <ele>877.2</ele>
      </trkpt>
      <trkpt lat="37.19274" lon="-3.46825">
        <ele>876.8</ele>
      </trkpt>
      <trkpt lat="37.19275" lon="-3.46829">
        <ele>877.0</ele>
      </trkpt>
      <trkpt lat="37.19278" lon="-3.46834">
        <ele>877.6</ele>
      </trkpt>
      <trkpt lat="37.19284" lon="-3.46838">
        <ele>878.4</ele>
      </trkpt>
      <trkpt lat="37.1929" lon="-3.46842">
        <ele>879.3</ele>
      </trkpt>
      <trkpt lat="37.19294" lon="-3.46843">
        <ele>880.2</ele>
      </trkpt>
      <trkpt lat="37.19295" lon="-3.46844">
        <ele>880.3</ele>
      </trkpt>
      <trkpt lat="37.19301" lon="-3.46845">
        <ele>881.8</ele>
      </trkpt>
      <trkpt lat="37.19309" lon="-3.46845">
        <ele>884.1</ele>
      </trkpt>
      <trkpt lat="37.19316" lon="-3.46844">
        <ele>886.3</ele>
      </trkpt>
      <trkpt lat="37.19322" lon="-3.46843">
        <ele>888.2</ele>
      </trkpt>
      <trkpt lat="37.19329" lon="-3.4684">
        <ele>890.7</ele>
      </trkpt>
      <trkpt lat="37.19338" lon="-3.46837">
        <ele>893.6</ele>
      </trkpt>
      <trkpt lat="37.1934" lon="-3.46837">
        <ele>894.1</ele>
      </trkpt>
      <trkpt lat="37.19342" lon="-3.46836">
        <ele>894.8</ele>
      </trkpt>
      <trkpt lat="37.19346" lon="-3.46837">
        <ele>895.7</ele>
      </trkpt>
      <trkpt lat="37.19351" lon="-3.46838">
        <ele>896.8</ele>
      </trkpt>
      <trkpt lat="37.19353" lon="-3.46839">
        <ele>897.2</ele>
      </trkpt>
      <trkpt lat="37.19356" lon="-3.4684">
        <ele>897.9</ele>
      </trkpt>
      <trkpt lat="37.1936" lon="-3.46843">
        <ele>898.6</ele>
      </trkpt>
      <trkpt lat="37.19364" lon="-3.46846">
        <ele>899.3</ele>
      </trkpt>
      <trkpt lat="37.19373" lon="-3.46857">
        <ele>900.8</ele>
      </trkpt>
      <trkpt lat="37.19376" lon="-3.46861">
        <ele>901.3</ele>
      </trkpt>
      <trkpt lat="37.19382" lon="-3.46868">
        <ele>902.6</ele>
      </trkpt>
      <trkpt lat="37.19385" lon="-3.46874">
        <ele>903.1</ele>
      </trkpt>
      <trkpt lat="37.19385" lon="-3.46874">
        <ele>903.1</ele>
      </trkpt>
      <trkpt lat="37.19386" lon="-3.46868">
        <ele>903.9</ele>
      </trkpt>
      <trkpt lat="37.19386" lon="-3.46865">
        <ele>904.1</ele>
      </trkpt>
      <trkpt lat="37.19385" lon="-3.46862">
        <ele>904.0</ele>
      </trkpt>
      <trkpt lat="37.19382" lon="-3.46853">
        <ele>903.8</ele>
      </trkpt>
      <trkpt lat="37.19377" lon="-3.46839">
        <ele>903.5</ele>
      </trkpt>
      <trkpt lat="37.19376" lon="-3.46837">
        <ele>903.4</ele>
      </trkpt>
      <trkpt lat="37.19365" lon="-3.46809">
        <ele>901.4</ele>
      </trkpt>
      <trkpt lat="37.19362" lon="-3.46802">
        <ele>900.7</ele>
      </trkpt>
      <trkpt lat="37.19361" lon="-3.46797">
        <ele>900.6</ele>
      </trkpt>
      <trkpt lat="37.1936" lon="-3.46793">
        <ele>900.3</ele>
      </trkpt>
      <trkpt lat="37.19359" lon="-3.46788">
        <ele>900.1</ele>
      </trkpt>
      <trkpt lat="37.19359" lon="-3.46784">
        <ele>900.2</ele>
      </trkpt>
      <trkpt lat="37.1936" lon="-3.4678">
        <ele>900.5</ele>
      </trkpt>
      <trkpt lat="37.1936" lon="-3.46777">
        <ele>900.6</ele>
      </trkpt>
      <trkpt lat="37.19361" lon="-3.46774">
        <ele>900.9</ele>
      </trkpt>
      <trkpt lat="37.19363" lon="-3.46764">
        <ele>901.7</ele>
      </trkpt>
      <trkpt lat="37.19368" lon="-3.46749">
        <ele>903.4</ele>
      </trkpt>
      <trkpt lat="37.19382" lon="-3.46709">
        <ele>908.1</ele>
      </trkpt>
      <trkpt lat="37.19385" lon="-3.467">
        <ele>909.1</ele>
      </trkpt>
      <trkpt lat="37.19386" lon="-3.46695">
        <ele>909.5</ele>
      </trkpt>
      <trkpt lat="37.19387" lon="-3.46689">
        <ele>909.8</ele>
      </trkpt>
      <trkpt lat="37.19387" lon="-3.46683">
        <ele>909.9</ele>
      </trkpt>
      <trkpt lat="37.19387" lon="-3.46676">
        <ele>910.0</ele>
      </trkpt>
      <trkpt lat="37.19386" lon="-3.46658">
        <ele>909.6</ele>
      </trkpt>
      <trkpt lat="37.19385" lon="-3.46644">
        <ele>908.9</ele>
      </trkpt>
      <trkpt lat="37.19384" lon="-3.46627">
        <ele>908.1</ele>
      </trkpt>
      <trkpt lat="37.19384" lon="-3.46621">
        <ele>908.0</ele>
      </trkpt>
      <trkpt lat="37.19384" lon="-3.46613">
        <ele>907.7</ele>
      </trkpt>
      <trkpt lat="37.19385" lon="-3.46604">
        <ele>907.7</ele>
      </trkpt>
      <trkpt lat="37.19387" lon="-3.46599">
        <ele>908.1</ele>
      </trkpt>
      <trkpt lat="37.19388" lon="-3.46597">
        <ele>908.2</ele>
      </trkpt>
      <trkpt lat="37.1939" lon="-3.46593">
        <ele>908.6</ele>
      </trkpt>
      <trkpt lat="37.19392" lon="-3.4659">
        <ele>908.9</ele>
      </trkpt>
      <trkpt lat="37.19397" lon="-3.46587">
        <ele>909.9</ele>
      </trkpt>
      <trkpt lat="37.19402" lon="-3.46582">
        <ele>910.6</ele>
      </trkpt>
      <trkpt lat="37.19403" lon="-3.46581">
        <ele>910.6</ele>
      </trkpt>
      <trkpt lat="37.19419" lon="-3.46573">
        <ele>912.5</ele>
      </trkpt>
      <trkpt lat="37.19429" lon="-3.46568">
        <ele>914.1</ele>
      </trkpt>
      <trkpt lat="37.19439" lon="-3.46564">
        <ele>916.0</ele>
      </trkpt>
      <trkpt lat="37.19443" lon="-3.46563">
        <ele>916.8</ele>
      </trkpt>
      <trkpt lat="37.1945" lon="-3.46559">
        <ele>917.8</ele>
      </trkpt>
      <trkpt lat="37.19456" lon="-3.46556">
        <ele>918.8</ele>
      </trkpt>
      <trkpt lat="37.19472" lon="-3.46544">
        <ele>920.6</ele>
      </trkpt>
      <trkpt lat="37.1949" lon="-3.4653">
        <ele>922.5</ele>
      </trkpt>
      <trkpt lat="37.19492" lon="-3.46525">
        <ele>922.0</ele>
      </trkpt>
      <trkpt lat="37.195" lon="-3.46518">
        <ele>922.7</ele>
      </trkpt>
      <trkpt lat="37.19506" lon="-3.4651">
        <ele>922.0</ele>
      </trkpt>
      <trkpt lat="37.19514" lon="-3.46496">
        <ele>920.7</ele>
      </trkpt>
      <trkpt lat="37.19517" lon="-3.46489">
        <ele>920.8</ele>
      </trkpt>
      <trkpt lat="37.19521" lon="-3.46477">
        <ele>920.2</ele>
      </trkpt>
      <trkpt lat="37.19522" lon="-3.46464">
        <ele>919.7</ele>
      </trkpt>
      <trkpt lat="37.19522" lon="-3.46461">
        <ele>919.6</ele>
      </trkpt>
      <trkpt lat="37.19522" lon="-3.46454">
        <ele>919.3</ele>
      </trkpt>
      <trkpt lat="37.19521" lon="-3.46442">
        <ele>918.9</ele>
      </trkpt>
      <trkpt lat="37.19518" lon="-3.4643">
        <ele>918.4</ele>
      </trkpt>
      <trkpt lat="37.19517" lon="-3.46426">
        <ele>918.2</ele>
      </trkpt>
      <trkpt lat="37.19512" lon="-3.46411">
        <ele>917.6</ele>
      </trkpt>
      <trkpt lat="37.19511" lon="-3.46406">
        <ele>918.1</ele>
      </trkpt>
      <trkpt lat="37.19508" lon="-3.46395">
        <ele>919.1</ele>
      </trkpt>
      <trkpt lat="37.195" lon="-3.46369">
        <ele>920.7</ele>
      </trkpt>
      <trkpt lat="37.19491" lon="-3.46336">
        <ele>921.9</ele>
      </trkpt>
      <trkpt lat="37.19489" lon="-3.46331">
        <ele>921.6</ele>
      </trkpt>
      <trkpt lat="37.19488" lon="-3.46326">
        <ele>921.5</ele>
      </trkpt>
      <trkpt lat="37.19487" lon="-3.46315">
        <ele>921.5</ele>
      </trkpt>
      <trkpt lat="37.19485" lon="-3.46297">
        <ele>921.5</ele>
      </trkpt>
      <trkpt lat="37.19484" lon="-3.46284">
        <ele>921.6</ele>
      </trkpt>
      <trkpt lat="37.19484" lon="-3.46277">
        <ele>921.8</ele>
      </trkpt>
      <trkpt lat="37.19486" lon="-3.4627">
        <ele>922.7</ele>
      </trkpt>
      <trkpt lat="37.19488" lon="-3.4626">
        <ele>923.6</ele>
      </trkpt>
      <trkpt lat="37.19492" lon="-3.46252">
        <ele>925.2</ele>
      </trkpt>
      <trkpt lat="37.19495" lon="-3.46244">
        <ele>925.6</ele>
      </trkpt>
      <trkpt lat="37.19496" lon="-3.46242">
        <ele>925.6</ele>
      </trkpt>
      <trkpt lat="37.19501" lon="-3.46232">
        <ele>926.0</ele>
      </trkpt>
      <trkpt lat="37.19508" lon="-3.46224">
        <ele>927.5</ele>
      </trkpt>
      <trkpt lat="37.19533" lon="-3.46191">
        <ele>933.4</ele>
      </trkpt>
      <trkpt lat="37.19537" lon="-3.46187">
        <ele>934.6</ele>
      </trkpt>
      <trkpt lat="37.19538" lon="-3.46189">
        <ele>935.2</ele>
      </trkpt>
      <trkpt lat="37.19591" lon="-3.46132">
        <ele>948.3</ele>
      </trkpt>
      <trkpt lat="37.19617" lon="-3.46102">
        <ele>952.7</ele>
      </trkpt>
      <trkpt lat="37.19626" lon="-3.46085">
        <ele>953.2</ele>
      </trkpt>
      <trkpt lat="37.19632" lon="-3.46071">
        <ele>955.1</ele>
      </trkpt>
      <trkpt lat="37.19633" lon="-3.46056">
        <ele>955.3</ele>
      </trkpt>
      <trkpt lat="37.19631" lon="-3.46044">
        <ele>954.5</ele>
      </trkpt>
      <trkpt lat="37.1962" lon="-3.45993">
        <ele>950.8</ele>
      </trkpt>
      <trkpt lat="37.19619" lon="-3.45978">
        <ele>949.6</ele>
      </trkpt>
      <trkpt lat="37.19621" lon="-3.45961">
        <ele>949.0</ele>
      </trkpt>
      <trkpt lat="37.19626" lon="-3.45945">
        <ele>949.5</ele>
      </trkpt>
      <trkpt lat="37.19636" lon="-3.45928">
        <ele>951.6</ele>
      </trkpt>
      <trkpt lat="37.19663" lon="-3.45888">
        <ele>955.0</ele>
      </trkpt>
      <trkpt lat="37.19705" lon="-3.45849">
        <ele>957.7</ele>
      </trkpt>
      <trkpt lat="37.19747" lon="-3.4581">
        <ele>958.5</ele>
      </trkpt>
      <trkpt lat="37.19762" lon="-3.45802">
        <ele>960.2</ele>
      </trkpt>
      <trkpt lat="37.19775" lon="-3.45797">
        <ele>962.4</ele>
      </trkpt>
      <trkpt lat="37.1981" lon="-3.45791">
        <ele>970.2</ele>
      </trkpt>
      <trkpt lat="37.1982" lon="-3.45785">
        <ele>971.6</ele>
      </trkpt>
      <trkpt lat="37.19832" lon="-3.45772">
        <ele>972.1</ele>
      </trkpt>
      <trkpt lat="37.19883" lon="-3.45702">
        <ele>973.4</ele>
      </trkpt>
      <trkpt lat="37.19892" lon="-3.45685">
        <ele>973.8</ele>
      </trkpt>
      <trkpt lat="37.1991" lon="-3.45638">
        <ele>976.3</ele>
      </trkpt>
      <trkpt lat="37.19911" lon="-3.4562">
        <ele>976.5</ele>
      </trkpt>
      <trkpt lat="37.19904" lon="-3.45569">
        <ele>973.9</ele>
      </trkpt>
      <trkpt lat="37.19904" lon="-3.45544">
        <ele>972.9</ele>
      </trkpt>
      <trkpt lat="37.19908" lon="-3.45491">
        <ele>971.1</ele>
      </trkpt>
      <trkpt lat="37.19913" lon="-3.45472">
        <ele>969.9</ele>
      </trkpt>
      <trkpt lat="37.19923" lon="-3.45455">
        <ele>970.0</ele>
      </trkpt>
      <trkpt lat="37.19935" lon="-3.45436">
        <ele>969.9</ele>
      </trkpt>
      <trkpt lat="37.19956" lon="-3.45415">
        <ele>971.3</ele>
      </trkpt>
      <trkpt lat="37.19978" lon="-3.45399">
        <ele>973.9</ele>
      </trkpt>
      <trkpt lat="37.19986" lon="-3.45389">
        <ele>974.3</ele>
      </trkpt>
      <trkpt lat="37.19994" lon="-3.45378">
        <ele>974.6</ele>
      </trkpt>
      <trkpt lat="37.20021" lon="-3.45326">
        <ele>971.8</ele>
      </trkpt>
      <trkpt lat="37.20032" lon="-3.45314">
        <ele>970.7</ele>
      </trkpt>
      <trkpt lat="37.20044" lon="-3.45307">
        <ele>970.9</ele>
      </trkpt>
      <trkpt lat="37.20059" lon="-3.45302">
        <ele>972.0</ele>
      </trkpt>
      <trkpt lat="37.20127" lon="-3.45289">
        <ele>977.4</ele>
      </trkpt>
      <trkpt lat="37.20143" lon="-3.45283">
        <ele>977.9</ele>
      </trkpt>
      <trkpt lat="37.20152" lon="-3.45275">
        <ele>977.3</ele>
      </trkpt>
      <trkpt lat="37.20186" lon="-3.45232">
        <ele>977.4</ele>
      </trkpt>
      <trkpt lat="37.20219" lon="-3.4519">
        <ele>980.7</ele>
      </trkpt>
      <trkpt lat="37.20225" lon="-3.45179">
        <ele>980.6</ele>
      </trkpt>
      <trkpt lat="37.20229" lon="-3.45166">
        <ele>979.6</ele>
      </trkpt>
      <trkpt lat="37.20231" lon="-3.45113">
        <ele>974.0</ele>
      </trkpt>
      <trkpt lat="37.20235" lon="-3.45097">
        <ele>972.9</ele>
      </trkpt>
      <trkpt lat="37.20244" lon="-3.45082">
        <ele>972.8</ele>
      </trkpt>
      <trkpt lat="37.20298" lon="-3.45013">
        <ele>981.7</ele>
      </trkpt>
      <trkpt lat="37.20352" lon="-3.44943">
        <ele>991.7</ele>
      </trkpt>
      <trkpt lat="37.20358" lon="-3.44933">
        <ele>992.1</ele>
      </trkpt>
      <trkpt lat="37.20362" lon="-3.44921">
        <ele>991.8</ele>
      </trkpt>
      <trkpt lat="37.20363" lon="-3.44905">
        <ele>992.7</ele>
      </trkpt>
      <trkpt lat="37.20361" lon="-3.4489">
        <ele>993.7</ele>
      </trkpt>
      <trkpt lat="37.20355" lon="-3.44877">
        <ele>993.9</ele>
      </trkpt>
      <trkpt lat="37.20314" lon="-3.4483">
        <ele>992.9</ele>
      </trkpt>
      <trkpt lat="37.203" lon="-3.44812">
        <ele>993.5</ele>
      </trkpt>
      <trkpt lat="37.20293" lon="-3.44797">
        <ele>994.5</ele>
      </trkpt>
      <trkpt lat="37.20288" lon="-3.44778">
        <ele>996.3</ele>
      </trkpt>
      <trkpt lat="37.20284" lon="-3.4476">
        <ele>998.0</ele>
      </trkpt>
      <trkpt lat="37.20284" lon="-3.44728">
        <ele>999.8</ele>
      </trkpt>
      <trkpt lat="37.20288" lon="-3.44705">
        <ele>1001.2</ele>
      </trkpt>
      <trkpt lat="37.20293" lon="-3.44685">
        <ele>1002.7</ele>
      </trkpt>
      <trkpt lat="37.20302" lon="-3.44662">
        <ele>1004.7</ele>
      </trkpt>
      <trkpt lat="37.20313" lon="-3.44646">
        <ele>1005.5</ele>
      </trkpt>
      <trkpt lat="37.20368" lon="-3.44574">
        <ele>1012.0</ele>
      </trkpt>
      <trkpt lat="37.20399" lon="-3.44537">
        <ele>1014.0</ele>
      </trkpt>
      <trkpt lat="37.20411" lon="-3.44528">
        <ele>1015.6</ele>
      </trkpt>
      <trkpt lat="37.20423" lon="-3.44523">
        <ele>1016.9</ele>
      </trkpt>
      <trkpt lat="37.20439" lon="-3.44519">
        <ele>1018.2</ele>
      </trkpt>
      <trkpt lat="37.20491" lon="-3.44514">
        <ele>1023.9</ele>
      </trkpt>
      <trkpt lat="37.20544" lon="-3.44509">
        <ele>1027.9</ele>
      </trkpt>
      <trkpt lat="37.20567" lon="-3.44503">
        <ele>1029.0</ele>
      </trkpt>
      <trkpt lat="37.20586" lon="-3.44493">
        <ele>1029.3</ele>
      </trkpt>
      <trkpt lat="37.20602" lon="-3.44479">
        <ele>1029.8</ele>
      </trkpt>
      <trkpt lat="37.20613" lon="-3.44466">
        <ele>1029.7</ele>
      </trkpt>
      <trkpt lat="37.20636" lon="-3.44436">
        <ele>1029.6</ele>
      </trkpt>
      <trkpt lat="37.20662" lon="-3.44406">
        <ele>1029.5</ele>
      </trkpt>
      <trkpt lat="37.20707" lon="-3.44364">
        <ele>1028.2</ele>
      </trkpt>
      <trkpt lat="37.20738" lon="-3.44338">
        <ele>1027.1</ele>
      </trkpt>
      <trkpt lat="37.20749" lon="-3.44332">
        <ele>1027.8</ele>
      </trkpt>
      <trkpt lat="37.2076" lon="-3.4433">
        <ele>1028.6</ele>
      </trkpt>
      <trkpt lat="37.20772" lon="-3.44329">
        <ele>1029.5</ele>
      </trkpt>
      <trkpt lat="37.20799" lon="-3.44331">
        <ele>1031.6</ele>
      </trkpt>
      <trkpt lat="37.20808" lon="-3.44329">
        <ele>1032.3</ele>
      </trkpt>
      <trkpt lat="37.20816" lon="-3.44325">
        <ele>1033.1</ele>
      </trkpt>
      <trkpt lat="37.20823" lon="-3.44319">
        <ele>1033.9</ele>
      </trkpt>
      <trkpt lat="37.2083" lon="-3.4431">
        <ele>1035.1</ele>
      </trkpt>
      <trkpt lat="37.20834" lon="-3.44299">
        <ele>1036.1</ele>
      </trkpt>
      <trkpt lat="37.20836" lon="-3.44287">
        <ele>1037.1</ele>
      </trkpt>
      <trkpt lat="37.20835" lon="-3.44275">
        <ele>1037.8</ele>
      </trkpt>
      <trkpt lat="37.20832" lon="-3.44263">
        <ele>1038.0</ele>
      </trkpt>
      <trkpt lat="37.20827" lon="-3.44253">
        <ele>1037.8</ele>
      </trkpt>
      <trkpt lat="37.2082" lon="-3.44244">
        <ele>1038.8</ele>
      </trkpt>
      <trkpt lat="37.20809" lon="-3.44233">
        <ele>1040.8</ele>
      </trkpt>
      <trkpt lat="37.208" lon="-3.44225">
        <ele>1042.2</ele>
      </trkpt>
      <trkpt lat="37.20788" lon="-3.44218">
        <ele>1042.8</ele>
      </trkpt>
      <trkpt lat="37.20776" lon="-3.44214">
        <ele>1042.4</ele>
      </trkpt>
      <trkpt lat="37.20694" lon="-3.44208">
        <ele>1041.6</ele>
      </trkpt>
      <trkpt lat="37.20674" lon="-3.44208">
        <ele>1042.0</ele>
      </trkpt>
      <trkpt lat="37.2065" lon="-3.44211">
        <ele>1042.1</ele>
      </trkpt>
      <trkpt lat="37.20603" lon="-3.44217">
        <ele>1042.6</ele>
      </trkpt>
      <trkpt lat="37.20556" lon="-3.44224">
        <ele>1040.9</ele>
      </trkpt>
      <trkpt lat="37.20519" lon="-3.44231">
        <ele>1039.4</ele>
      </trkpt>
      <trkpt lat="37.20508" lon="-3.44231">
        <ele>1040.0</ele>
      </trkpt>
      <trkpt lat="37.20499" lon="-3.44229">
        <ele>1040.9</ele>
      </trkpt>
      <trkpt lat="37.20491" lon="-3.44225">
        <ele>1040.5</ele>
      </trkpt>
      <trkpt lat="37.20483" lon="-3.44219">
        <ele>1040.8</ele>
      </trkpt>
      <trkpt lat="37.20478" lon="-3.44212">
        <ele>1041.8</ele>
      </trkpt>
      <trkpt lat="37.20473" lon="-3.44205">
        <ele>1042.9</ele>
      </trkpt>
      <trkpt lat="37.20469" lon="-3.44196">
        <ele>1044.6</ele>
      </trkpt>
      <trkpt lat="37.20467" lon="-3.44183">
        <ele>1048.0</ele>
      </trkpt>
      <trkpt lat="37.20466" lon="-3.4417">
        <ele>1051.6</ele>
      </trkpt>
      <trkpt lat="37.20465" lon="-3.4413">
        <ele>1059.7</ele>
      </trkpt>
      <trkpt lat="37.20463" lon="-3.4412">
        <ele>1061.2</ele>
      </trkpt>
      <trkpt lat="37.2046" lon="-3.44111">
        <ele>1062.3</ele>
      </trkpt>
      <trkpt lat="37.20456" lon="-3.44104">
        <ele>1062.7</ele>
      </trkpt>
      <trkpt lat="37.20436" lon="-3.44079">
        <ele>1063.2</ele>
      </trkpt>
      <trkpt lat="37.2042" lon="-3.44054">
        <ele>1064.1</ele>
      </trkpt>
      <trkpt lat="37.204" lon="-3.44028">
        <ele>1064.7</ele>
      </trkpt>
      <trkpt lat="37.20384" lon="-3.44008">
        <ele>1063.9</ele>
      </trkpt>
      <trkpt lat="37.20379" lon="-3.44">
        <ele>1063.5</ele>
      </trkpt>
      <trkpt lat="37.20375" lon="-3.43988">
        <ele>1061.9</ele>
      </trkpt>
      <trkpt lat="37.20374" lon="-3.43979">
        <ele>1061.1</ele>
      </trkpt>
      <trkpt lat="37.20376" lon="-3.43968">
        <ele>1061.1</ele>
      </trkpt>
      <trkpt lat="37.20381" lon="-3.4395">
        <ele>1061.9</ele>
      </trkpt>
      <trkpt lat="37.20402" lon="-3.43909">
        <ele>1067.2</ele>
      </trkpt>
      <trkpt lat="37.20409" lon="-3.43897">
        <ele>1066.9</ele>
      </trkpt>
      <trkpt lat="37.20433" lon="-3.43865">
        <ele>1068.3</ele>
      </trkpt>
      <trkpt lat="37.20439" lon="-3.4386">
        <ele>1069.7</ele>
      </trkpt>
      <trkpt lat="37.20453" lon="-3.43854">
        <ele>1074.7</ele>
      </trkpt>
      <trkpt lat="37.20474" lon="-3.43842">
        <ele>1081.6</ele>
      </trkpt>
      <trkpt lat="37.20507" lon="-3.43834">
        <ele>1095.0</ele>
      </trkpt>
      <trkpt lat="37.20522" lon="-3.43834">
        <ele>1101.1</ele>
      </trkpt>
      <trkpt lat="37.20528" lon="-3.43833">
        <ele>1103.2</ele>
      </trkpt>
      <trkpt lat="37.20533" lon="-3.43829">
        <ele>1103.0</ele>
      </trkpt>
      <trkpt lat="37.20539" lon="-3.43821">
        <ele>1100.6</ele>
      </trkpt>
      <trkpt lat="37.20556" lon="-3.43787">
        <ele>1085.3</ele>
      </trkpt>
      <trkpt lat="37.20562" lon="-3.4378">
        <ele>1082.5</ele>
      </trkpt>
      <trkpt lat="37.20575" lon="-3.4377">
        <ele>1079.1</ele>
      </trkpt>
      <trkpt lat="37.20582" lon="-3.43767">
        <ele>1078.7</ele>
      </trkpt>
      <trkpt lat="37.20605" lon="-3.43765">
        <ele>1082.6</ele>
      </trkpt>
      <trkpt lat="37.20627" lon="-3.43756">
        <ele>1081.5</ele>
      </trkpt>
      <trkpt lat="37.20635" lon="-3.43754">
        <ele>1082.1</ele>
      </trkpt>
      <trkpt lat="37.20658" lon="-3.43754">
        <ele>1087.5</ele>
      </trkpt>
      <trkpt lat="37.20668" lon="-3.43753">
        <ele>1089.6</ele>
      </trkpt>
      <trkpt lat="37.20677" lon="-3.43749">
        <ele>1092.0</ele>
      </trkpt>
      <trkpt lat="37.20685" lon="-3.43744">
        <ele>1094.1</ele>
      </trkpt>
      <trkpt lat="37.20694" lon="-3.43735">
        <ele>1095.0</ele>
      </trkpt>
      <trkpt lat="37.20731" lon="-3.43686">
        <ele>1090.0</ele>
      </trkpt>
      <trkpt lat="37.20747" lon="-3.43671">
        <ele>1089.0</ele>
      </trkpt>
      <trkpt lat="37.20756" lon="-3.43658">
        <ele>1087.9</ele>
      </trkpt>
      <trkpt lat="37.20761" lon="-3.43648">
        <ele>1086.8</ele>
      </trkpt>
      <trkpt lat="37.20767" lon="-3.43631">
        <ele>1083.2</ele>
      </trkpt>
      <trkpt lat="37.20771" lon="-3.43623">
        <ele>1081.7</ele>
      </trkpt>
      <trkpt lat="37.20777" lon="-3.43617">
        <ele>1081.3</ele>
      </trkpt>
      <trkpt lat="37.20784" lon="-3.43614">
        <ele>1082.1</ele>
      </trkpt>
      <trkpt lat="37.20805" lon="-3.4361">
        <ele>1086.0</ele>
      </trkpt>
      <trkpt lat="37.20825" lon="-3.43602">
        <ele>1087.1</ele>
      </trkpt>
      <trkpt lat="37.2083" lon="-3.43601">
        <ele>1087.8</ele>
      </trkpt>
      <trkpt lat="37.20835" lon="-3.43602">
        <ele>1089.1</ele>
      </trkpt>
      <trkpt lat="37.2084" lon="-3.43605">
        <ele>1090.8</ele>
      </trkpt>
      <trkpt lat="37.2085" lon="-3.4362">
        <ele>1099.5</ele>
      </trkpt>
      <trkpt lat="37.20856" lon="-3.43624">
        <ele>1102.1</ele>
      </trkpt>
      <trkpt lat="37.20862" lon="-3.43626">
        <ele>1103.6</ele>
      </trkpt>
      <trkpt lat="37.20868" lon="-3.43625">
        <ele>1103.4</ele>
      </trkpt>
      <trkpt lat="37.20894" lon="-3.43619">
        <ele>1100.7</ele>
      </trkpt>
      <trkpt lat="37.20919" lon="-3.43621">
        <ele>1103.3</ele>
      </trkpt>
      <trkpt lat="37.20944" lon="-3.43619">
        <ele>1103.9</ele>
      </trkpt>
      <trkpt lat="37.20953" lon="-3.43621">
        <ele>1106.1</ele>
      </trkpt>
      <trkpt lat="37.20961" lon="-3.43625">
        <ele>1109.7</ele>
      </trkpt>
      <trkpt lat="37.20975" lon="-3.43629">
        <ele>1113.9</ele>
      </trkpt>
      <trkpt lat="37.20985" lon="-3.43626">
        <ele>1112.5</ele>
      </trkpt>
      <trkpt lat="37.20992" lon="-3.43621">
        <ele>1109.3</ele>
      </trkpt>
      <trkpt lat="37.21003" lon="-3.43606">
        <ele>1098.6</ele>
      </trkpt>
      <trkpt lat="37.21016" lon="-3.43582">
        <ele>1081.8</ele>
      </trkpt>
      <trkpt lat="37.21025" lon="-3.43575">
        <ele>1080.2</ele>
      </trkpt>
      <trkpt lat="37.21034" lon="-3.43572">
        <ele>1079.7</ele>
      </trkpt>
      <trkpt lat="37.21097" lon="-3.43576">
        <ele>1089.7</ele>
      </trkpt>
      <trkpt lat="37.21112" lon="-3.43571">
        <ele>1093.7</ele>
      </trkpt>
      <trkpt lat="37.21118" lon="-3.43561">
        <ele>1091.1</ele>
      </trkpt>
      <trkpt lat="37.21125" lon="-3.43542">
        <ele>1083.9</ele>
      </trkpt>
      <trkpt lat="37.21133" lon="-3.43525">
        <ele>1077.5</ele>
      </trkpt>
      <trkpt lat="37.21142" lon="-3.43519">
        <ele>1076.8</ele>
      </trkpt>
      <trkpt lat="37.21166" lon="-3.43517">
        <ele>1082.4</ele>
      </trkpt>
      <trkpt lat="37.21185" lon="-3.43492">
        <ele>1072.2</ele>
      </trkpt>
      <trkpt lat="37.21201" lon="-3.43476">
        <ele>1069.1</ele>
      </trkpt>
      <trkpt lat="37.2122" lon="-3.43464">
        <ele>1067.5</ele>
      </trkpt>
      <trkpt lat="37.21248" lon="-3.43452">
        <ele>1066.9</ele>
      </trkpt>
      <trkpt lat="37.21271" lon="-3.43447">
        <ele>1063.0</ele>
      </trkpt>
      <trkpt lat="37.21281" lon="-3.43449">
        <ele>1062.5</ele>
      </trkpt>
      <trkpt lat="37.21289" lon="-3.43455">
        <ele>1063.4</ele>
      </trkpt>
      <trkpt lat="37.2133" lon="-3.43499">
        <ele>1067.5</ele>
      </trkpt>
      <trkpt lat="37.21371" lon="-3.43543">
        <ele>1079.3</ele>
      </trkpt>
      <trkpt lat="37.21428" lon="-3.43569">
        <ele>1076.1</ele>
      </trkpt>
      <trkpt lat="37.21496" lon="-3.43594">
        <ele>1069.4</ele>
      </trkpt>
      <trkpt lat="37.21537" lon="-3.43606">
        <ele>1075.1</ele>
      </trkpt>
      <trkpt lat="37.21561" lon="-3.43607">
        <ele>1076.2</ele>
      </trkpt>
      <trkpt lat="37.21584" lon="-3.436">
        <ele>1073.1</ele>
      </trkpt>
      <trkpt lat="37.21612" lon="-3.4358">
        <ele>1067.7</ele>
      </trkpt>
      <trkpt lat="37.2164" lon="-3.43551">
        <ele>1068.4</ele>
      </trkpt>
      <trkpt lat="37.21662" lon="-3.43517">
        <ele>1068.1</ele>
      </trkpt>
      <trkpt lat="37.2168" lon="-3.43456">
        <ele>1067.7</ele>
      </trkpt>
      <trkpt lat="37.21695" lon="-3.43412">
        <ele>1071.6</ele>
      </trkpt>
      <trkpt lat="37.21707" lon="-3.43392">
        <ele>1075.6</ele>
      </trkpt>
      <trkpt lat="37.21714" lon="-3.43369">
        <ele>1076.9</ele>
      </trkpt>
      <trkpt lat="37.21717" lon="-3.43326">
        <ele>1074.3</ele>
      </trkpt>
      <trkpt lat="37.21743" lon="-3.43264">
        <ele>1075.7</ele>
      </trkpt>
      <trkpt lat="37.21768" lon="-3.4318">
        <ele>1067.8</ele>
      </trkpt>
      <trkpt lat="37.21833" lon="-3.43119">
        <ele>1076.2</ele>
      </trkpt>
      <trkpt lat="37.21899" lon="-3.43059">
        <ele>1078.9</ele>
      </trkpt>
      <trkpt lat="37.21924" lon="-3.4298">
        <ele>1067.4</ele>
      </trkpt>
      <trkpt lat="37.2195" lon="-3.42935">
        <ele>1071.2</ele>
      </trkpt>
      <trkpt lat="37.21979" lon="-3.42894">
        <ele>1074.0</ele>
      </trkpt>
      <trkpt lat="37.22006" lon="-3.42857">
        <ele>1072.6</ele>
      </trkpt>
      <trkpt lat="37.22028" lon="-3.42835">
        <ele>1075.5</ele>
      </trkpt>
      <trkpt lat="37.22039" lon="-3.4282">
        <ele>1077.7</ele>
      </trkpt>
      <trkpt lat="37.22051" lon="-3.42773">
        <ele>1076.4</ele>
      </trkpt>
      <trkpt lat="37.22052" lon="-3.42731">
        <ele>1076.6</ele>
      </trkpt>
      <trkpt lat="37.22061" lon="-3.42691">
        <ele>1082.3</ele>
      </trkpt>
      <trkpt lat="37.22076" lon="-3.42649">
        <ele>1085.8</ele>
      </trkpt>
      <trkpt lat="37.22077" lon="-3.42635">
        <ele>1085.3</ele>
      </trkpt>
      <trkpt lat="37.22063" lon="-3.42558">
        <ele>1082.9</ele>
      </trkpt>
      <trkpt lat="37.22097" lon="-3.42476">
        <ele>1082.4</ele>
      </trkpt>
      <trkpt lat="37.22113" lon="-3.42426">
        <ele>1088.7</ele>
      </trkpt>
      <trkpt lat="37.2207" lon="-3.42329">
        <ele>1088.2</ele>
      </trkpt>
      <trkpt lat="37.22068" lon="-3.42307">
        <ele>1089.2</ele>
      </trkpt>
      <trkpt lat="37.22109" lon="-3.42207">
        <ele>1098.3</ele>
      </trkpt>
      <trkpt lat="37.2215" lon="-3.42107">
        <ele>1106.4</ele>
      </trkpt>
      <trkpt lat="37.22149" lon="-3.4207">
        <ele>1103.1</ele>
      </trkpt>
      <trkpt lat="37.22142" lon="-3.42033">
        <ele>1100.1</ele>
      </trkpt>
      <trkpt lat="37.22141" lon="-3.42009">
        <ele>1099.3</ele>
      </trkpt>
      <trkpt lat="37.22147" lon="-3.4198">
        <ele>1099.1</ele>
      </trkpt>
      <trkpt lat="37.22163" lon="-3.41926">
        <ele>1095.2</ele>
      </trkpt>
      <trkpt lat="37.2218" lon="-3.41872">
        <ele>1096.1</ele>
      </trkpt>
      <trkpt lat="37.22198" lon="-3.41851">
        <ele>1097.5</ele>
      </trkpt>
      <trkpt lat="37.22232" lon="-3.41838">
        <ele>1099.5</ele>
      </trkpt>
      <trkpt lat="37.22246" lon="-3.4182">
        <ele>1099.4</ele>
      </trkpt>
      <trkpt lat="37.22267" lon="-3.4174">
        <ele>1102.6</ele>
      </trkpt>
      <trkpt lat="37.2227" lon="-3.41721">
        <ele>1105.2</ele>
      </trkpt>
      <trkpt lat="37.22262" lon="-3.4167">
        <ele>1107.5</ele>
      </trkpt>
      <trkpt lat="37.22265" lon="-3.41648">
        <ele>1108.8</ele>
      </trkpt>
      <trkpt lat="37.22288" lon="-3.41596">
        <ele>1117.0</ele>
      </trkpt>
      <trkpt lat="37.22291" lon="-3.41575">
        <ele>1118.6</ele>
      </trkpt>
      <trkpt lat="37.22289" lon="-3.41551">
        <ele>1118.6</ele>
      </trkpt>
      <trkpt lat="37.22264" lon="-3.41524">
        <ele>1108.6</ele>
      </trkpt>
      <trkpt lat="37.22257" lon="-3.41507">
        <ele>1105.4</ele>
      </trkpt>
      <trkpt lat="37.22257" lon="-3.41485">
        <ele>1107.2</ele>
      </trkpt>
      <trkpt lat="37.22279" lon="-3.41412">
        <ele>1125.6</ele>
      </trkpt>
      <trkpt lat="37.2228" lon="-3.41388">
        <ele>1129.8</ele>
      </trkpt>
      <trkpt lat="37.22259" lon="-3.41338">
        <ele>1127.0</ele>
      </trkpt>
      <trkpt lat="37.22233" lon="-3.41315">
        <ele>1127.6</ele>
      </trkpt>
      <trkpt lat="37.22196" lon="-3.41303">
        <ele>1126.0</ele>
      </trkpt>
      <trkpt lat="37.22178" lon="-3.41287">
        <ele>1123.9</ele>
      </trkpt>
      <trkpt lat="37.22175" lon="-3.41261">
        <ele>1123.0</ele>
      </trkpt>
      <trkpt lat="37.2218" lon="-3.41242">
        <ele>1125.3</ele>
      </trkpt>
      <trkpt lat="37.22191" lon="-3.41225">
        <ele>1129.2</ele>
      </trkpt>
      <trkpt lat="37.22242" lon="-3.41173">
        <ele>1129.7</ele>
      </trkpt>
      <trkpt lat="37.22267" lon="-3.41139">
        <ele>1134.4</ele>
      </trkpt>
      <trkpt lat="37.22292" lon="-3.41118">
        <ele>1139.3</ele>
      </trkpt>
      <trkpt lat="37.22311" lon="-3.41107">
        <ele>1141.1</ele>
      </trkpt>
      <trkpt lat="37.22325" lon="-3.41081">
        <ele>1133.7</ele>
      </trkpt>
      <trkpt lat="37.22338" lon="-3.41038">
        <ele>1126.9</ele>
      </trkpt>
      <trkpt lat="37.22375" lon="-3.41003">
        <ele>1129.9</ele>
      </trkpt>
      <trkpt lat="37.22378" lon="-3.40993">
        <ele>1130.5</ele>
      </trkpt>
      <trkpt lat="37.22377" lon="-3.40974">
        <ele>1131.5</ele>
      </trkpt>
      <trkpt lat="37.22364" lon="-3.40875">
        <ele>1136.8</ele>
      </trkpt>
      <trkpt lat="37.22343" lon="-3.40825">
        <ele>1135.4</ele>
      </trkpt>
      <trkpt lat="37.22321" lon="-3.40774">
        <ele>1136.2</ele>
      </trkpt>
      <trkpt lat="37.22322" lon="-3.40746">
        <ele>1137.4</ele>
      </trkpt>
      <trkpt lat="37.22333" lon="-3.40728">
        <ele>1136.8</ele>
      </trkpt>
      <trkpt lat="37.22372" lon="-3.4068">
        <ele>1158.8</ele>
      </trkpt>
      <trkpt lat="37.22379" lon="-3.40632">
        <ele>1162.9</ele>
      </trkpt>
      <trkpt lat="37.22361" lon="-3.40575">
        <ele>1154.8</ele>
      </trkpt>
      <trkpt lat="37.22358" lon="-3.40527">
        <ele>1151.1</ele>
      </trkpt>
      <trkpt lat="37.2238" lon="-3.40487">
        <ele>1154.6</ele>
      </trkpt>
      <trkpt lat="37.2242" lon="-3.4045">
        <ele>1159.4</ele>
      </trkpt>
      <trkpt lat="37.22437" lon="-3.40381">
        <ele>1159.6</ele>
      </trkpt>
      <trkpt lat="37.22472" lon="-3.40339">
        <ele>1164.7</ele>
      </trkpt>
      <trkpt lat="37.22506" lon="-3.40297">
        <ele>1168.6</ele>
      </trkpt>
      <trkpt lat="37.22524" lon="-3.40255">
        <ele>1169.7</ele>
      </trkpt>
      <trkpt lat="37.22544" lon="-3.40182">
        <ele>1166.7</ele>
      </trkpt>
      <trkpt lat="37.22579" lon="-3.40144">
        <ele>1165.1</ele>
      </trkpt>
      <trkpt lat="37.22617" lon="-3.4013">
        <ele>1174.3</ele>
      </trkpt>
      <trkpt lat="37.22677" lon="-3.40053">
        <ele>1171.7</ele>
      </trkpt>
      <trkpt lat="37.2271" lon="-3.3996">
        <ele>1171.6</ele>
      </trkpt>
      <trkpt lat="37.22723" lon="-3.39951">
        <ele>1173.3</ele>
      </trkpt>
      <trkpt lat="37.22754" lon="-3.39934">
        <ele>1177.3</ele>
      </trkpt>
      <trkpt lat="37.22771" lon="-3.39911">
        <ele>1180.6</ele>
      </trkpt>
      <trkpt lat="37.2278" lon="-3.3987">
        <ele>1177.7</ele>
      </trkpt>
      <trkpt lat="37.22792" lon="-3.39833">
        <ele>1173.6</ele>
      </trkpt>
      <trkpt lat="37.22806" lon="-3.39823">
        <ele>1176.2</ele>
      </trkpt>
      <trkpt lat="37.22853" lon="-3.39817">
        <ele>1181.0</ele>
      </trkpt>
      <trkpt lat="37.229" lon="-3.3981">
        <ele>1184.2</ele>
      </trkpt>
      <trkpt lat="37.2296" lon="-3.39818">
        <ele>1192.5</ele>
      </trkpt>
      <trkpt lat="37.22978" lon="-3.39807">
        <ele>1190.9</ele>
      </trkpt>
      <trkpt lat="37.23033" lon="-3.39746">
        <ele>1179.8</ele>
      </trkpt>
      <trkpt lat="37.23077" lon="-3.39715">
        <ele>1180.8</ele>
      </trkpt>
      <trkpt lat="37.23097" lon="-3.39693">
        <ele>1179.4</ele>
      </trkpt>
      <trkpt lat="37.23112" lon="-3.39667">
        <ele>1176.6</ele>
      </trkpt>
      <trkpt lat="37.23124" lon="-3.39635">
        <ele>1177.0</ele>
      </trkpt>
      <trkpt lat="37.23131" lon="-3.396">
        <ele>1175.8</ele>
      </trkpt>
      <trkpt lat="37.23133" lon="-3.39547">
        <ele>1174.1</ele>
      </trkpt>
      <trkpt lat="37.2314" lon="-3.39523">
        <ele>1174.2</ele>
      </trkpt>
      <trkpt lat="37.23168" lon="-3.39478">
        <ele>1174.7</ele>
      </trkpt>
      <trkpt lat="37.23198" lon="-3.39381">
        <ele>1180.7</ele>
      </trkpt>
      <trkpt lat="37.23211" lon="-3.39354">
        <ele>1183.8</ele>
      </trkpt>
      <trkpt lat="37.23245" lon="-3.3932">
        <ele>1192.0</ele>
      </trkpt>
      <trkpt lat="37.233" lon="-3.39306">
        <ele>1197.5</ele>
      </trkpt>
      <trkpt lat="37.23362" lon="-3.39305">
        <ele>1203.4</ele>
      </trkpt>
      <trkpt lat="37.23414" lon="-3.3926">
        <ele>1204.7</ele>
      </trkpt>
      <trkpt lat="37.23465" lon="-3.39214">
        <ele>1204.7</ele>
      </trkpt>
      <trkpt lat="37.23481" lon="-3.39178">
        <ele>1206.5</ele>
      </trkpt>
      <trkpt lat="37.23478" lon="-3.39105">
        <ele>1207.0</ele>
      </trkpt>
      <trkpt lat="37.23508" lon="-3.39025">
        <ele>1213.6</ele>
      </trkpt>
      <trkpt lat="37.2351" lon="-3.3895">
        <ele>1212.7</ele>
      </trkpt>
      <trkpt lat="37.23543" lon="-3.38912">
        <ele>1218.9</ele>
      </trkpt>
      <trkpt lat="37.23558" lon="-3.38885">
        <ele>1221.8</ele>
      </trkpt>
      <trkpt lat="37.23546" lon="-3.38809">
        <ele>1218.9</ele>
      </trkpt>
      <trkpt lat="37.2355" lon="-3.38789">
        <ele>1217.6</ele>
      </trkpt>
      <trkpt lat="37.23592" lon="-3.38757">
        <ele>1217.3</ele>
      </trkpt>
      <trkpt lat="37.23609" lon="-3.38737">
        <ele>1215.4</ele>
      </trkpt>
      <trkpt lat="37.23615" lon="-3.38716">
        <ele>1211.9</ele>
      </trkpt>
      <trkpt lat="37.23634" lon="-3.38678">
        <ele>1206.3</ele>
      </trkpt>
      <trkpt lat="37.2366" lon="-3.38665">
        <ele>1206.2</ele>
      </trkpt>
      <trkpt lat="37.23682" lon="-3.38646">
        <ele>1206.6</ele>
      </trkpt>
      <trkpt lat="37.23696" lon="-3.38591">
        <ele>1200.7</ele>
      </trkpt>
      <trkpt lat="37.23707" lon="-3.38573">
        <ele>1200.0</ele>
      </trkpt>
      <trkpt lat="37.23726" lon="-3.38561">
        <ele>1200.8</ele>
      </trkpt>
      <trkpt lat="37.23782" lon="-3.38546">
        <ele>1202.7</ele>
      </trkpt>
      <trkpt lat="37.23838" lon="-3.38531">
        <ele>1202.1</ele>
      </trkpt>
      <trkpt lat="37.23899" lon="-3.38513">
        <ele>1201.9</ele>
      </trkpt>
      <trkpt lat="37.23918" lon="-3.38491">
        <ele>1200.7</ele>
      </trkpt>
      <trkpt lat="37.23936" lon="-3.38451">
        <ele>1200.0</ele>
      </trkpt>
      <trkpt lat="37.23954" lon="-3.38445">
        <ele>1201.2</ele>
      </trkpt>
      <trkpt lat="37.23999" lon="-3.38449">
        <ele>1205.9</ele>
      </trkpt>
      <trkpt lat="37.24062" lon="-3.38427">
        <ele>1210.5</ele>
      </trkpt>
      <trkpt lat="37.24124" lon="-3.38376">
        <ele>1213.7</ele>
      </trkpt>
      <trkpt lat="37.24169" lon="-3.38283">
        <ele>1211.5</ele>
      </trkpt>
      <trkpt lat="37.24213" lon="-3.38189">
        <ele>1212.9</ele>
      </trkpt>
      <trkpt lat="37.24223" lon="-3.3817">
        <ele>1211.7</ele>
      </trkpt>
      <trkpt lat="37.24234" lon="-3.3816">
        <ele>1212.5</ele>
      </trkpt>
      <trkpt lat="37.24242" lon="-3.38155">
        <ele>1213.5</ele>
      </trkpt>
      <trkpt lat="37.24253" lon="-3.38151">
        <ele>1214.7</ele>
      </trkpt>
      <trkpt lat="37.24269" lon="-3.38153">
        <ele>1215.9</ele>
      </trkpt>
      <trkpt lat="37.24283" lon="-3.3816">
        <ele>1216.7</ele>
      </trkpt>
      <trkpt lat="37.243" lon="-3.38176">
        <ele>1219.2</ele>
      </trkpt>
      <trkpt lat="37.24311" lon="-3.38184">
        <ele>1221.2</ele>
      </trkpt>
      <trkpt lat="37.24324" lon="-3.38188">
        <ele>1222.5</ele>
      </trkpt>
      <trkpt lat="37.24338" lon="-3.38188">
        <ele>1223.4</ele>
      </trkpt>
      <trkpt lat="37.24354" lon="-3.3818">
        <ele>1223.7</ele>
      </trkpt>
      <trkpt lat="37.24364" lon="-3.38168">
        <ele>1222.6</ele>
      </trkpt>
      <trkpt lat="37.24371" lon="-3.38148">
        <ele>1225.2</ele>
      </trkpt>
      <trkpt lat="37.2437" lon="-3.38126">
        <ele>1227.6</ele>
      </trkpt>
      <trkpt lat="37.24362" lon="-3.38107">
        <ele>1228.8</ele>
      </trkpt>
      <trkpt lat="37.24327" lon="-3.3807">
        <ele>1227.5</ele>
      </trkpt>
      <trkpt lat="37.24321" lon="-3.3805">
        <ele>1227.4</ele>
      </trkpt>
      <trkpt lat="37.24323" lon="-3.38026">
        <ele>1229.1</ele>
      </trkpt>
      <trkpt lat="37.24345" lon="-3.37988">
        <ele>1236.2</ele>
      </trkpt>
      <trkpt lat="37.24348" lon="-3.37968">
        <ele>1238.2</ele>
      </trkpt>
      <trkpt lat="37.24344" lon="-3.37952">
        <ele>1238.8</ele>
      </trkpt>
      <trkpt lat="37.24334" lon="-3.37937">
        <ele>1238.4</ele>
      </trkpt>
      <trkpt lat="37.24315" lon="-3.37926">
        <ele>1235.0</ele>
      </trkpt>
      <trkpt lat="37.24299" lon="-3.37912">
        <ele>1232.0</ele>
      </trkpt>
      <trkpt lat="37.24291" lon="-3.37894">
        <ele>1229.8</ele>
      </trkpt>
      <trkpt lat="37.24291" lon="-3.37872">
        <ele>1229.3</ele>
      </trkpt>
      <trkpt lat="37.24295" lon="-3.3786">
        <ele>1229.7</ele>
      </trkpt>
      <trkpt lat="37.243" lon="-3.37852">
        <ele>1230.2</ele>
      </trkpt>
      <trkpt lat="37.24314" lon="-3.37842">
        <ele>1231.9</ele>
      </trkpt>
      <trkpt lat="37.2433" lon="-3.37841">
        <ele>1234.1</ele>
      </trkpt>
      <trkpt lat="37.24339" lon="-3.37845">
        <ele>1235.2</ele>
      </trkpt>
      <trkpt lat="37.24345" lon="-3.37849">
        <ele>1236.0</ele>
      </trkpt>
      <trkpt lat="37.24355" lon="-3.3786">
        <ele>1237.8</ele>
      </trkpt>
      <trkpt lat="37.24368" lon="-3.37889">
        <ele>1242.0</ele>
      </trkpt>
      <trkpt lat="37.24381" lon="-3.37906">
        <ele>1245.6</ele>
      </trkpt>
      <trkpt lat="37.24402" lon="-3.37913">
        <ele>1249.4</ele>
      </trkpt>
      <trkpt lat="37.24474" lon="-3.3792">
        <ele>1258.3</ele>
      </trkpt>
      <trkpt lat="37.24489" lon="-3.37915">
        <ele>1259.5</ele>
      </trkpt>
      <trkpt lat="37.24512" lon="-3.37895">
        <ele>1258.5</ele>
      </trkpt>
      <trkpt lat="37.24527" lon="-3.3789">
        <ele>1259.0</ele>
      </trkpt>
      <trkpt lat="37.24543" lon="-3.37893">
        <ele>1261.1</ele>
      </trkpt>
      <trkpt lat="37.24583" lon="-3.37921">
        <ele>1270.5</ele>
      </trkpt>
      <trkpt lat="37.24598" lon="-3.37923">
        <ele>1272.4</ele>
      </trkpt>
      <trkpt lat="37.24679" lon="-3.379">
        <ele>1277.9</ele>
      </trkpt>
      <trkpt lat="37.2469" lon="-3.37892">
        <ele>1278.1</ele>
      </trkpt>
      <trkpt lat="37.24695" lon="-3.37884">
        <ele>1277.6</ele>
      </trkpt>
      <trkpt lat="37.24701" lon="-3.37866">
        <ele>1276.1</ele>
      </trkpt>
      <trkpt lat="37.24709" lon="-3.3783">
        <ele>1273.0</ele>
      </trkpt>
      <trkpt lat="37.24724" lon="-3.37812">
        <ele>1274.6</ele>
      </trkpt>
      <trkpt lat="37.24764" lon="-3.37774">
        <ele>1276.8</ele>
      </trkpt>
      <trkpt lat="37.2477" lon="-3.37764">
        <ele>1276.9</ele>
      </trkpt>
      <trkpt lat="37.24773" lon="-3.37751">
        <ele>1276.4</ele>
      </trkpt>
      <trkpt lat="37.24767" lon="-3.37694">
        <ele>1282.6</ele>
      </trkpt>
      <trkpt lat="37.24772" lon="-3.37673">
        <ele>1285.8</ele>
      </trkpt>
      <trkpt lat="37.24781" lon="-3.37658">
        <ele>1288.8</ele>
      </trkpt>
      <trkpt lat="37.24825" lon="-3.37603">
        <ele>1293.0</ele>
      </trkpt>
      <trkpt lat="37.24842" lon="-3.37591">
        <ele>1292.5</ele>
      </trkpt>
      <trkpt lat="37.24898" lon="-3.37572">
        <ele>1295.5</ele>
      </trkpt>
      <trkpt lat="37.24954" lon="-3.37554">
        <ele>1297.3</ele>
      </trkpt>
      <trkpt lat="37.25011" lon="-3.37538">
        <ele>1298.4</ele>
      </trkpt>
      <trkpt lat="37.25068" lon="-3.37522">
        <ele>1299.5</ele>
      </trkpt>
      <trkpt lat="37.25127" lon="-3.37509">
        <ele>1300.3</ele>
      </trkpt>
      <trkpt lat="37.25187" lon="-3.37496">
        <ele>1299.8</ele>
      </trkpt>
      <trkpt lat="37.25247" lon="-3.37484">
        <ele>1295.3</ele>
      </trkpt>
      <trkpt lat="37.25265" lon="-3.37473">
        <ele>1292.0</ele>
      </trkpt>
      <trkpt lat="37.25278" lon="-3.37456">
        <ele>1289.3</ele>
      </trkpt>
      <trkpt lat="37.25322" lon="-3.37367">
        <ele>1278.3</ele>
      </trkpt>
      <trkpt lat="37.25335" lon="-3.37335">
        <ele>1275.2</ele>
      </trkpt>
      <trkpt lat="37.25338" lon="-3.37312">
        <ele>1275.2</ele>
      </trkpt>
      <trkpt lat="37.25339" lon="-3.37235">
        <ele>1274.9</ele>
      </trkpt>
      <trkpt lat="37.25334" lon="-3.37146">
        <ele>1273.2</ele>
      </trkpt>
      <trkpt lat="37.25348" lon="-3.37043">
        <ele>1274.2</ele>
      </trkpt>
      <trkpt lat="37.25362" lon="-3.3694">
        <ele>1274.5</ele>
      </trkpt>
      <trkpt lat="37.25401" lon="-3.3684">
        <ele>1268.3</ele>
      </trkpt>
      <trkpt lat="37.2544" lon="-3.3674">
        <ele>1261.9</ele>
      </trkpt>
      <trkpt lat="37.25479" lon="-3.3664">
        <ele>1259.5</ele>
      </trkpt>
      <trkpt lat="37.25516" lon="-3.36554">
        <ele>1254.9</ele>
      </trkpt>
      <trkpt lat="37.25554" lon="-3.36468">
        <ele>1254.9</ele>
      </trkpt>
      <trkpt lat="37.25588" lon="-3.36374">
        <ele>1251.6</ele>
      </trkpt>
      <trkpt lat="37.25647" lon="-3.36297">
        <ele>1247.3</ele>
      </trkpt>
      <trkpt lat="37.25706" lon="-3.36219">
        <ele>1243.0</ele>
      </trkpt>
      <trkpt lat="37.25765" lon="-3.36142">
        <ele>1240.9</ele>
      </trkpt>
      <trkpt lat="37.25798" lon="-3.36101">
        <ele>1240.9</ele>
      </trkpt>
      <trkpt lat="37.2583" lon="-3.36061">
        <ele>1239.1</ele>
      </trkpt>
      <trkpt lat="37.25886" lon="-3.36019">
        <ele>1235.3</ele>
      </trkpt>
      <trkpt lat="37.25942" lon="-3.35978">
        <ele>1234.1</ele>
      </trkpt>
      <trkpt lat="37.25998" lon="-3.35936">
        <ele>1234.5</ele>
      </trkpt>
      <trkpt lat="37.26046" lon="-3.35867">
        <ele>1234.1</ele>
      </trkpt>
      <trkpt lat="37.26093" lon="-3.35777">
        <ele>1233.9</ele>
      </trkpt>
      <trkpt lat="37.26141" lon="-3.35687">
        <ele>1233.0</ele>
      </trkpt>
      <trkpt lat="37.2618" lon="-3.35601">
        <ele>1227.0</ele>
      </trkpt>
      <trkpt lat="37.2622" lon="-3.35516">
        <ele>1227.7</ele>
      </trkpt>
      <trkpt lat="37.26232" lon="-3.35453">
        <ele>1228.3</ele>
      </trkpt>
      <trkpt lat="37.26244" lon="-3.35391">
        <ele>1226.8</ele>
      </trkpt>
      <trkpt lat="37.26268" lon="-3.35284">
        <ele>1220.8</ele>
      </trkpt>
      <trkpt lat="37.26319" lon="-3.35204">
        <ele>1219.6</ele>
      </trkpt>
      <trkpt lat="37.2637" lon="-3.35125">
        <ele>1219.6</ele>
      </trkpt>
      <trkpt lat="37.26418" lon="-3.35065">
        <ele>1218.6</ele>
      </trkpt>
      <trkpt lat="37.26455" lon="-3.34971">
        <ele>1222.8</ele>
      </trkpt>
      <trkpt lat="37.26481" lon="-3.34895">
        <ele>1222.7</ele>
      </trkpt>
      <trkpt lat="37.26496" lon="-3.34794">
        <ele>1214.7</ele>
      </trkpt>
      <trkpt lat="37.26511" lon="-3.34693">
        <ele>1215.9</ele>
      </trkpt>
      <trkpt lat="37.26526" lon="-3.34591">
        <ele>1217.8</ele>
      </trkpt>
      <trkpt lat="37.26519" lon="-3.34531">
        <ele>1214.1</ele>
      </trkpt>
      <trkpt lat="37.26496" lon="-3.34464">
        <ele>1208.9</ele>
      </trkpt>
      <trkpt lat="37.26434" lon="-3.34402">
        <ele>1209.9</ele>
      </trkpt>
      <trkpt lat="37.26397" lon="-3.34318">
        <ele>1216.8</ele>
      </trkpt>
      <trkpt lat="37.2637" lon="-3.34246">
        <ele>1212.0</ele>
      </trkpt>
      <trkpt lat="37.26363" lon="-3.34213">
        <ele>1206.7</ele>
      </trkpt>
      <trkpt lat="37.26363" lon="-3.34177">
        <ele>1203.2</ele>
      </trkpt>
      <trkpt lat="37.26375" lon="-3.34093">
        <ele>1202.0</ele>
      </trkpt>
      <trkpt lat="37.26407" lon="-3.34044">
        <ele>1200.1</ele>
      </trkpt>
      <trkpt lat="37.2644" lon="-3.33995">
        <ele>1201.2</ele>
      </trkpt>
      <trkpt lat="37.26452" lon="-3.33953">
        <ele>1199.9</ele>
      </trkpt>
      <trkpt lat="37.2647" lon="-3.3392">
        <ele>1196.0</ele>
      </trkpt>
      <trkpt lat="37.26497" lon="-3.33893">
        <ele>1193.1</ele>
      </trkpt>
      <trkpt lat="37.26538" lon="-3.33827">
        <ele>1198.8</ele>
      </trkpt>
      <trkpt lat="37.26568" lon="-3.33744">
        <ele>1188.4</ele>
      </trkpt>
      <trkpt lat="37.26616" lon="-3.33688">
        <ele>1184.8</ele>
      </trkpt>
      <trkpt lat="37.26664" lon="-3.33632">
        <ele>1184.3</ele>
      </trkpt>
      <trkpt lat="37.26719" lon="-3.3359">
        <ele>1178.3</ele>
      </trkpt>
      <trkpt lat="37.26735" lon="-3.33585">
        <ele>1175.0</ele>
      </trkpt>
      <trkpt lat="37.26789" lon="-3.33587">
        <ele>1166.5</ele>
      </trkpt>
      <trkpt lat="37.26807" lon="-3.33579">
        <ele>1163.7</ele>
      </trkpt>
      <trkpt lat="37.2685" lon="-3.33547">
        <ele>1165.2</ele>
      </trkpt>
      <trkpt lat="37.26892" lon="-3.33515">
        <ele>1158.5</ele>
      </trkpt>
      <trkpt lat="37.26898" lon="-3.33512">
        <ele>1156.6</ele>
      </trkpt>
      <trkpt lat="37.26909" lon="-3.33512">
        <ele>1153.1</ele>
      </trkpt>
      <trkpt lat="37.26915" lon="-3.33514">
        <ele>1151.5</ele>
      </trkpt>
      <trkpt lat="37.26937" lon="-3.33522">
        <ele>1151.1</ele>
      </trkpt>
      <trkpt lat="37.26942" lon="-3.33523">
        <ele>1151.0</ele>
      </trkpt>
      <trkpt lat="37.2695" lon="-3.3352">
        <ele>1149.9</ele>
      </trkpt>
      <trkpt lat="37.26955" lon="-3.33513">
        <ele>1147.9</ele>
      </trkpt>
      <trkpt lat="37.26972" lon="-3.33474">
        <ele>1145.8</ele>
      </trkpt>
      <trkpt lat="37.26977" lon="-3.33465">
        <ele>1145.4</ele>
      </trkpt>
      <trkpt lat="37.26988" lon="-3.33451">
        <ele>1142.8</ele>
      </trkpt>
      <trkpt lat="37.26993" lon="-3.33446">
        <ele>1141.2</ele>
      </trkpt>
      <trkpt lat="37.27021" lon="-3.33428">
        <ele>1138.2</ele>
      </trkpt>
      <trkpt lat="37.27027" lon="-3.33422">
        <ele>1137.5</ele>
      </trkpt>
      <trkpt lat="37.27046" lon="-3.33395">
        <ele>1137.3</ele>
      </trkpt>
      <trkpt lat="37.27054" lon="-3.33384">
        <ele>1136.7</ele>
      </trkpt>
      <trkpt lat="37.27062" lon="-3.33377">
        <ele>1135.6</ele>
      </trkpt>
      <trkpt lat="37.27083" lon="-3.33364">
        <ele>1131.3</ele>
      </trkpt>
      <trkpt lat="37.27088" lon="-3.33361">
        <ele>1131.3</ele>
      </trkpt>
      <trkpt lat="37.27094" lon="-3.33353">
        <ele>1131.0</ele>
      </trkpt>
      <trkpt lat="37.27098" lon="-3.33346">
        <ele>1130.7</ele>
      </trkpt>
      <trkpt lat="37.27109" lon="-3.3332">
        <ele>1129.7</ele>
      </trkpt>
      <trkpt lat="37.27115" lon="-3.33307">
        <ele>1129.4</ele>
      </trkpt>
      <trkpt lat="37.27122" lon="-3.3329">
        <ele>1128.6</ele>
      </trkpt>
      <trkpt lat="37.27125" lon="-3.33276">
        <ele>1127.7</ele>
      </trkpt>
      <trkpt lat="37.27125" lon="-3.33242">
        <ele>1126.3</ele>
      </trkpt>
      <trkpt lat="37.27127" lon="-3.33233">
        <ele>1125.7</ele>
      </trkpt>
      <trkpt lat="37.27131" lon="-3.33226">
        <ele>1124.7</ele>
      </trkpt>
      <trkpt lat="37.2714" lon="-3.33216">
        <ele>1122.5</ele>
      </trkpt>
      <trkpt lat="37.27206" lon="-3.33189">
        <ele>1115.6</ele>
      </trkpt>
      <trkpt lat="37.27212" lon="-3.33186">
        <ele>1115.7</ele>
      </trkpt>
      <trkpt lat="37.27226" lon="-3.33174">
        <ele>1115.8</ele>
      </trkpt>
      <trkpt lat="37.27234" lon="-3.33163">
        <ele>1116.0</ele>
      </trkpt>
      <trkpt lat="37.27237" lon="-3.33155">
        <ele>1116.2</ele>
      </trkpt>
      <trkpt lat="37.27238" lon="-3.33144">
        <ele>1116.1</ele>
      </trkpt>
      <trkpt lat="37.27237" lon="-3.33102">
        <ele>1115.9</ele>
      </trkpt>
      <trkpt lat="37.27239" lon="-3.33086">
        <ele>1115.7</ele>
      </trkpt>
      <trkpt lat="37.27241" lon="-3.33075">
        <ele>1114.9</ele>
      </trkpt>
      <trkpt lat="37.27264" lon="-3.33009">
        <ele>1112.1</ele>
      </trkpt>
      <trkpt lat="37.27278" lon="-3.32961">
        <ele>1114.5</ele>
      </trkpt>
      <trkpt lat="37.27283" lon="-3.32937">
        <ele>1115.2</ele>
      </trkpt>
      <trkpt lat="37.27284" lon="-3.32924">
        <ele>1115.2</ele>
      </trkpt>
      <trkpt lat="37.27283" lon="-3.32891">
        <ele>1113.1</ele>
      </trkpt>
      <trkpt lat="37.27281" lon="-3.32862">
        <ele>1110.7</ele>
      </trkpt>
      <trkpt lat="37.27279" lon="-3.3285">
        <ele>1109.4</ele>
      </trkpt>
      <trkpt lat="37.27268" lon="-3.32814">
        <ele>1104.0</ele>
      </trkpt>
      <trkpt lat="37.27267" lon="-3.32804">
        <ele>1103.1</ele>
      </trkpt>
      <trkpt lat="37.27267" lon="-3.32792">
        <ele>1102.4</ele>
      </trkpt>
      <trkpt lat="37.27277" lon="-3.32721">
        <ele>1102.9</ele>
      </trkpt>
      <trkpt lat="37.27281" lon="-3.32682">
        <ele>1103.6</ele>
      </trkpt>
      <trkpt lat="37.27283" lon="-3.3265">
        <ele>1102.8</ele>
      </trkpt>
      <trkpt lat="37.27282" lon="-3.32632">
        <ele>1101.4</ele>
      </trkpt>
      <trkpt lat="37.27273" lon="-3.32594">
        <ele>1097.4</ele>
      </trkpt>
      <trkpt lat="37.27271" lon="-3.32585">
        <ele>1096.6</ele>
      </trkpt>
      <trkpt lat="37.27272" lon="-3.32577">
        <ele>1096.3</ele>
      </trkpt>
      <trkpt lat="37.27274" lon="-3.32571">
        <ele>1096.2</ele>
      </trkpt>
      <trkpt lat="37.27278" lon="-3.32564">
        <ele>1096.1</ele>
      </trkpt>
      <trkpt lat="37.27286" lon="-3.32555">
        <ele>1096.2</ele>
      </trkpt>
      <trkpt lat="37.2732" lon="-3.32524">
        <ele>1093.9</ele>
      </trkpt>
      <trkpt lat="37.27329" lon="-3.32511">
        <ele>1091.4</ele>
      </trkpt>
      <trkpt lat="37.27333" lon="-3.32502">
        <ele>1089.4</ele>
      </trkpt>
      <trkpt lat="37.27336" lon="-3.32489">
        <ele>1089.4</ele>
      </trkpt>
      <trkpt lat="37.2734" lon="-3.32466">
        <ele>1089.1</ele>
      </trkpt>
      <trkpt lat="37.27343" lon="-3.32451">
        <ele>1088.8</ele>
      </trkpt>
      <trkpt lat="37.27348" lon="-3.32441">
        <ele>1089.1</ele>
      </trkpt>
      <trkpt lat="37.27358" lon="-3.32428">
        <ele>1089.6</ele>
      </trkpt>
      <trkpt lat="37.27365" lon="-3.32424">
        <ele>1090.2</ele>
      </trkpt>
      <trkpt lat="37.27372" lon="-3.3242">
        <ele>1090.6</ele>
      </trkpt>
      <trkpt lat="37.27403" lon="-3.32406">
        <ele>1093.1</ele>
      </trkpt>
      <trkpt lat="37.27413" lon="-3.32397">
        <ele>1092.9</ele>
      </trkpt>
      <trkpt lat="37.27417" lon="-3.3239">
        <ele>1092.3</ele>
      </trkpt>
      <trkpt lat="37.27421" lon="-3.32378">
        <ele>1092.1</ele>
      </trkpt>
      <trkpt lat="37.27425" lon="-3.32362">
        <ele>1091.3</ele>
      </trkpt>
      <trkpt lat="37.27434" lon="-3.32302">
        <ele>1088.5</ele>
      </trkpt>
      <trkpt lat="37.27443" lon="-3.32243">
        <ele>1086.9</ele>
      </trkpt>
      <trkpt lat="37.27458" lon="-3.32166">
        <ele>1084.9</ele>
      </trkpt>
      <trkpt lat="37.27464" lon="-3.32142">
        <ele>1083.8</ele>
      </trkpt>
      <trkpt lat="37.27477" lon="-3.32112">
        <ele>1081.3</ele>
      </trkpt>
      <trkpt lat="37.27501" lon="-3.32062">
        <ele>1073.4</ele>
      </trkpt>
      <trkpt lat="37.27525" lon="-3.32011">
        <ele>1071.8</ele>
      </trkpt>
      <trkpt lat="37.2753" lon="-3.32002">
        <ele>1071.4</ele>
      </trkpt>
      <trkpt lat="37.27552" lon="-3.31968">
        <ele>1071.5</ele>
      </trkpt>
      <trkpt lat="37.2757" lon="-3.31937">
        <ele>1068.5</ele>
      </trkpt>
      <trkpt lat="37.27579" lon="-3.31915">
        <ele>1064.9</ele>
      </trkpt>
      <trkpt lat="37.27585" lon="-3.31895">
        <ele>1064.2</ele>
      </trkpt>
      <trkpt lat="37.27586" lon="-3.31886">
        <ele>1063.9</ele>
      </trkpt>
      <trkpt lat="37.27586" lon="-3.31877">
        <ele>1063.4</ele>
      </trkpt>
      <trkpt lat="37.27577" lon="-3.31806">
        <ele>1059.8</ele>
      </trkpt>
      <trkpt lat="37.27569" lon="-3.31735">
        <ele>1058.6</ele>
      </trkpt>
      <trkpt lat="37.27572" lon="-3.31713">
        <ele>1057.3</ele>
      </trkpt>
      <trkpt lat="37.27613" lon="-3.31642">
        <ele>1054.7</ele>
      </trkpt>
      <trkpt lat="37.27654" lon="-3.31572">
        <ele>1051.2</ele>
      </trkpt>
      <trkpt lat="37.27665" lon="-3.31551">
        <ele>1049.3</ele>
      </trkpt>
      <trkpt lat="37.2767" lon="-3.31539">
        <ele>1048.5</ele>
      </trkpt>
      <trkpt lat="37.27673" lon="-3.31529">
        <ele>1047.9</ele>
      </trkpt>
      <trkpt lat="37.27675" lon="-3.31518">
        <ele>1047.2</ele>
      </trkpt>
      <trkpt lat="37.27675" lon="-3.31504">
        <ele>1046.0</ele>
      </trkpt>
      <trkpt lat="37.27673" lon="-3.31488">
        <ele>1045.2</ele>
      </trkpt>
      <trkpt lat="37.2767" lon="-3.31474">
        <ele>1044.6</ele>
      </trkpt>
      <trkpt lat="37.27665" lon="-3.31457">
        <ele>1044.0</ele>
      </trkpt>
      <trkpt lat="37.27646" lon="-3.31405">
        <ele>1042.8</ele>
      </trkpt>
      <trkpt lat="37.27641" lon="-3.31389">
        <ele>1042.5</ele>
      </trkpt>
      <trkpt lat="37.27638" lon="-3.31368">
        <ele>1042.0</ele>
      </trkpt>
      <trkpt lat="37.27629" lon="-3.31297">
        <ele>1040.3</ele>
      </trkpt>
      <trkpt lat="37.27628" lon="-3.31276">
        <ele>1039.7</ele>
      </trkpt>
      <trkpt lat="37.27626" lon="-3.31193">
        <ele>1038.4</ele>
      </trkpt>
      <trkpt lat="37.27625" lon="-3.31176">
        <ele>1038.1</ele>
      </trkpt>
      <trkpt lat="37.27622" lon="-3.31156">
        <ele>1037.7</ele>
      </trkpt>
      <trkpt lat="37.27613" lon="-3.31119">
        <ele>1036.5</ele>
      </trkpt>
      <trkpt lat="37.27609" lon="-3.31097">
        <ele>1035.8</ele>
      </trkpt>
      <trkpt lat="37.27606" lon="-3.31072">
        <ele>1035.0</ele>
      </trkpt>
      <trkpt lat="37.27594" lon="-3.30965">
        <ele>1031.7</ele>
      </trkpt>
      <trkpt lat="37.27587" lon="-3.3089">
        <ele>1031.2</ele>
      </trkpt>
      <trkpt lat="37.27586" lon="-3.30871">
        <ele>1031.2</ele>
      </trkpt>
      <trkpt lat="37.27586" lon="-3.30851">
        <ele>1031.2</ele>
      </trkpt>
      <trkpt lat="37.27589" lon="-3.30767">
        <ele>1031.0</ele>
      </trkpt>
      <trkpt lat="37.27592" lon="-3.30683">
        <ele>1026.1</ele>
      </trkpt>
      <trkpt lat="37.27594" lon="-3.3067">
        <ele>1025.6</ele>
      </trkpt>
      <trkpt lat="37.27596" lon="-3.30658">
        <ele>1025.2</ele>
      </trkpt>
      <trkpt lat="37.27601" lon="-3.30646">
        <ele>1025.5</ele>
      </trkpt>
      <trkpt lat="37.27617" lon="-3.30606">
        <ele>1025.6</ele>
      </trkpt>
      <trkpt lat="37.27626" lon="-3.30582">
        <ele>1025.1</ele>
      </trkpt>
      <trkpt lat="37.27635" lon="-3.30554">
        <ele>1024.2</ele>
      </trkpt>
      <trkpt lat="37.2766" lon="-3.30463">
        <ele>1020.3</ele>
      </trkpt>
      <trkpt lat="37.27685" lon="-3.30372">
        <ele>1018.4</ele>
      </trkpt>
      <trkpt lat="37.27702" lon="-3.30303">
        <ele>1017.0</ele>
      </trkpt>
      <trkpt lat="37.27715" lon="-3.3026">
        <ele>1016.3</ele>
      </trkpt>
      <trkpt lat="37.27728" lon="-3.30225">
        <ele>1015.4</ele>
      </trkpt>
      <trkpt lat="37.27738" lon="-3.30196">
        <ele>1014.3</ele>
      </trkpt>
      <trkpt lat="37.2775" lon="-3.30153">
        <ele>1012.3</ele>
      </trkpt>
      <trkpt lat="37.27769" lon="-3.3006">
        <ele>1009.6</ele>
      </trkpt>
      <trkpt lat="37.2778" lon="-3.29979">
        <ele>1008.0</ele>
      </trkpt>
      <trkpt lat="37.27791" lon="-3.29897">
        <ele>1006.0</ele>
      </trkpt>
      <trkpt lat="37.27794" lon="-3.2987">
        <ele>1005.6</ele>
      </trkpt>
      <trkpt lat="37.27794" lon="-3.29861">
        <ele>1005.4</ele>
      </trkpt>
      <trkpt lat="37.27793" lon="-3.29851">
        <ele>1005.1</ele>
      </trkpt>
      <trkpt lat="37.27783" lon="-3.29814">
        <ele>1003.4</ele>
      </trkpt>
      <trkpt lat="37.27781" lon="-3.29803">
        <ele>1003.1</ele>
      </trkpt>
      <trkpt lat="37.27781" lon="-3.29795">
        <ele>1003.1</ele>
      </trkpt>
      <trkpt lat="37.27783" lon="-3.29785">
        <ele>1003.2</ele>
      </trkpt>
      <trkpt lat="37.27803" lon="-3.29735">
        <ele>1005.2</ele>
      </trkpt>
      <trkpt lat="37.27806" lon="-3.29726">
        <ele>1005.4</ele>
      </trkpt>
      <trkpt lat="37.27807" lon="-3.29715">
        <ele>1005.4</ele>
      </trkpt>
      <trkpt lat="37.27807" lon="-3.29701">
        <ele>1005.3</ele>
      </trkpt>
      <trkpt lat="37.27799" lon="-3.29636">
        <ele>1002.8</ele>
      </trkpt>
      <trkpt lat="37.27796" lon="-3.29544">
        <ele>999.6</ele>
      </trkpt>
      <trkpt lat="37.27795" lon="-3.29532">
        <ele>999.1</ele>
      </trkpt>
      <trkpt lat="37.27791" lon="-3.2952">
        <ele>998.6</ele>
      </trkpt>
      <trkpt lat="37.27778" lon="-3.29498">
        <ele>997.3</ele>
      </trkpt>
      <trkpt lat="37.27774" lon="-3.29488">
        <ele>996.9</ele>
      </trkpt>
      <trkpt lat="37.27771" lon="-3.29476">
        <ele>996.5</ele>
      </trkpt>
      <trkpt lat="37.27769" lon="-3.29462">
        <ele>996.1</ele>
      </trkpt>
      <trkpt lat="37.27769" lon="-3.29447">
        <ele>995.8</ele>
      </trkpt>
      <trkpt lat="37.27772" lon="-3.29369">
        <ele>995.7</ele>
      </trkpt>
      <trkpt lat="37.27774" lon="-3.29357">
        <ele>996.0</ele>
      </trkpt>
      <trkpt lat="37.27778" lon="-3.29346">
        <ele>996.2</ele>
      </trkpt>
      <trkpt lat="37.27799" lon="-3.29294">
        <ele>995.9</ele>
      </trkpt>
      <trkpt lat="37.27804" lon="-3.29274">
        <ele>995.2</ele>
      </trkpt>
      <trkpt lat="37.27805" lon="-3.29225">
        <ele>993.4</ele>
      </trkpt>
      <trkpt lat="37.27805" lon="-3.29209">
        <ele>992.8</ele>
      </trkpt>
      <trkpt lat="37.27807" lon="-3.29192">
        <ele>992.3</ele>
      </trkpt>
      <trkpt lat="37.2781" lon="-3.29175">
        <ele>991.7</ele>
      </trkpt>
      <trkpt lat="37.27833" lon="-3.29084">
        <ele>989.0</ele>
      </trkpt>
      <trkpt lat="37.27836" lon="-3.29069">
        <ele>988.9</ele>
      </trkpt>
      <trkpt lat="37.27845" lon="-3.28995">
        <ele>988.1</ele>
      </trkpt>
      <trkpt lat="37.27855" lon="-3.28921">
        <ele>987.8</ele>
      </trkpt>
      <trkpt lat="37.27862" lon="-3.28841">
        <ele>986.8</ele>
      </trkpt>
      <trkpt lat="37.27868" lon="-3.28762">
        <ele>986.7</ele>
      </trkpt>
      <trkpt lat="37.27872" lon="-3.287">
        <ele>985.1</ele>
      </trkpt>
      <trkpt lat="37.27871" lon="-3.28699">
        <ele>985.0</ele>
      </trkpt>
      <trkpt lat="37.27871" lon="-3.287">
        <ele>983.7</ele>
      </trkpt>
      <trkpt lat="37.27876" lon="-3.28664">
        <ele>984.0</ele>
      </trkpt>
      <trkpt lat="37.2788" lon="-3.28643">
        <ele>983.7</ele>
      </trkpt>
      <trkpt lat="37.27881" lon="-3.28634">
        <ele>983.6</ele>
      </trkpt>
      <trkpt lat="37.27882" lon="-3.28629">
        <ele>983.5</ele>
      </trkpt>
      <trkpt lat="37.27883" lon="-3.28625">
        <ele>983.5</ele>
      </trkpt>
      <trkpt lat="37.27884" lon="-3.28621">
        <ele>983.5</ele>
      </trkpt>
      <trkpt lat="37.27885" lon="-3.28613">
        <ele>983.3</ele>
      </trkpt>
      <trkpt lat="37.27885" lon="-3.28613">
        <ele>983.3</ele>
      </trkpt>
      <trkpt lat="37.27881" lon="-3.28611">
        <ele>983.0</ele>
      </trkpt>
      <trkpt lat="37.27881" lon="-3.28611">
        <ele>983.0</ele>
      </trkpt>
      <trkpt lat="37.27885" lon="-3.28613">
        <ele>983.3</ele>
      </trkpt>
      <trkpt lat="37.27895" lon="-3.28614">
        <ele>984.0</ele>
      </trkpt>
      <trkpt lat="37.27917" lon="-3.28619">
        <ele>985.5</ele>
      </trkpt>
      <trkpt lat="37.27917" lon="-3.28619">
        <ele>985.5</ele>
      </trkpt>
      <trkpt lat="37.2792" lon="-3.28612">
        <ele>985.8</ele>
      </trkpt>
      <trkpt lat="37.27922" lon="-3.28608">
        <ele>986.1</ele>
      </trkpt>
      <trkpt lat="37.27924" lon="-3.28604">
        <ele>986.3</ele>
      </trkpt>
      <trkpt lat="37.27927" lon="-3.28595">
        <ele>986.7</ele>
      </trkpt>
      <trkpt lat="37.2793" lon="-3.28586">
        <ele>987.1</ele>
      </trkpt>
      <trkpt lat="37.27932" lon="-3.28575">
        <ele>987.0</ele>
      </trkpt>
      <trkpt lat="37.27933" lon="-3.28573">
        <ele>987.0</ele>
      </trkpt>
      <trkpt lat="37.27938" lon="-3.28547">
        <ele>986.6</ele>
      </trkpt>
      <trkpt lat="37.27939" lon="-3.28541">
        <ele>986.5</ele>
      </trkpt>
      <trkpt lat="37.27941" lon="-3.28536">
        <ele>986.6</ele>
      </trkpt>
      <trkpt lat="37.27942" lon="-3.28531">
        <ele>986.6</ele>
      </trkpt>
      <trkpt lat="37.27944" lon="-3.28522">
        <ele>986.6</ele>
      </trkpt>
      <trkpt lat="37.27945" lon="-3.28517">
        <ele>986.5</ele>
      </trkpt>
      <trkpt lat="37.27945" lon="-3.28514">
        <ele>986.4</ele>
      </trkpt>
      <trkpt lat="37.27953" lon="-3.28478">
        <ele>985.4</ele>
      </trkpt>
      <trkpt lat="37.27954" lon="-3.28473">
        <ele>985.1</ele>
      </trkpt>
      <trkpt lat="37.27955" lon="-3.28471">
        <ele>985.1</ele>
      </trkpt>
      <trkpt lat="37.27956" lon="-3.28465">
        <ele>984.7</ele>
      </trkpt>
      <trkpt lat="37.27958" lon="-3.28458">
        <ele>984.4</ele>
      </trkpt>
      <trkpt lat="37.27961" lon="-3.28448">
        <ele>983.9</ele>
      </trkpt>
      <trkpt lat="37.27963" lon="-3.28443">
        <ele>983.8</ele>
      </trkpt>
      <trkpt lat="37.27966" lon="-3.28437">
        <ele>983.6</ele>
      </trkpt>
      <trkpt lat="37.2797" lon="-3.28428">
        <ele>983.2</ele>
      </trkpt>
      <trkpt lat="37.27978" lon="-3.28409">
        <ele>982.3</ele>
      </trkpt>
      <trkpt lat="37.27979" lon="-3.28406">
        <ele>982.0</ele>
      </trkpt>
      <trkpt lat="37.2798" lon="-3.28398">
        <ele>981.3</ele>
      </trkpt>
      <trkpt lat="37.27995" lon="-3.28379">
        <ele>980.2</ele>
      </trkpt>
      <trkpt lat="37.28012" lon="-3.28363">
        <ele>978.3</ele>
      </trkpt>
      <trkpt lat="37.28032" lon="-3.28346">
        <ele>975.8</ele>
      </trkpt>
      <trkpt lat="37.28068" lon="-3.28316">
        <ele>973.1</ele>
      </trkpt>
      <trkpt lat="37.28094" lon="-3.28297">
        <ele>972.1</ele>
      </trkpt>
      <trkpt lat="37.28122" lon="-3.2828">
        <ele>971.7</ele>
      </trkpt>
      <trkpt lat="37.28155" lon="-3.28266">
        <ele>971.7</ele>
      </trkpt>
      <trkpt lat="37.28233" lon="-3.28234">
        <ele>972.2</ele>
      </trkpt>
      <trkpt lat="37.28254" lon="-3.28223">
        <ele>972.1</ele>
      </trkpt>
      <trkpt lat="37.28278" lon="-3.28206">
        <ele>972.8</ele>
      </trkpt>
      <trkpt lat="37.28297" lon="-3.28186">
        <ele>972.1</ele>
      </trkpt>
      <trkpt lat="37.28316" lon="-3.28162">
        <ele>970.7</ele>
      </trkpt>
      <trkpt lat="37.28354" lon="-3.28102">
        <ele>968.6</ele>
      </trkpt>
      <trkpt lat="37.28373" lon="-3.28068">
        <ele>966.5</ele>
      </trkpt>
      <trkpt lat="37.28382" lon="-3.28044">
        <ele>964.8</ele>
      </trkpt>
      <trkpt lat="37.28393" lon="-3.2801">
        <ele>962.1</ele>
      </trkpt>
      <trkpt lat="37.28411" lon="-3.27938">
        <ele>962.3</ele>
      </trkpt>
      <trkpt lat="37.28419" lon="-3.27904">
        <ele>962.4</ele>
      </trkpt>
      <trkpt lat="37.28439" lon="-3.27815">
        <ele>962.8</ele>
      </trkpt>
      <trkpt lat="37.28452" lon="-3.27772">
        <ele>966.4</ele>
      </trkpt>
      <trkpt lat="37.28469" lon="-3.27727">
        <ele>971.1</ele>
      </trkpt>
      <trkpt lat="37.28486" lon="-3.27687">
        <ele>974.5</ele>
      </trkpt>
      <trkpt lat="37.28509" lon="-3.27644">
        <ele>975.8</ele>
      </trkpt>
      <trkpt lat="37.28531" lon="-3.27607">
        <ele>977.7</ele>
      </trkpt>
      <trkpt lat="37.28554" lon="-3.27572">
        <ele>982.2</ele>
      </trkpt>
      <trkpt lat="37.28601" lon="-3.27511">
        <ele>990.0</ele>
      </trkpt>
      <trkpt lat="37.28647" lon="-3.2745">
        <ele>988.7</ele>
      </trkpt>
      <trkpt lat="37.28676" lon="-3.27416">
        <ele>987.3</ele>
      </trkpt>
      <trkpt lat="37.28705" lon="-3.27387">
        <ele>990.1</ele>
      </trkpt>
      <trkpt lat="37.28779" lon="-3.27322">
        <ele>993.9</ele>
      </trkpt>
      <trkpt lat="37.28853" lon="-3.27258">
        <ele>996.8</ele>
      </trkpt>
      <trkpt lat="37.28882" lon="-3.27229">
        <ele>996.0</ele>
      </trkpt>
      <trkpt lat="37.28901" lon="-3.27205">
        <ele>995.4</ele>
      </trkpt>
      <trkpt lat="37.28916" lon="-3.27176">
        <ele>995.8</ele>
      </trkpt>
      <trkpt lat="37.28928" lon="-3.27144">
        <ele>996.3</ele>
      </trkpt>
      <trkpt lat="37.28936" lon="-3.27112">
        <ele>997.0</ele>
      </trkpt>
      <trkpt lat="37.28941" lon="-3.27078">
        <ele>998.2</ele>
      </trkpt>
      <trkpt lat="37.28945" lon="-3.2703">
        <ele>999.0</ele>
      </trkpt>
      <trkpt lat="37.28945" lon="-3.26997">
        <ele>999.9</ele>
      </trkpt>
      <trkpt lat="37.2894" lon="-3.26965">
        <ele>998.9</ele>
      </trkpt>
      <trkpt lat="37.28933" lon="-3.26936">
        <ele>998.2</ele>
      </trkpt>
      <trkpt lat="37.2892" lon="-3.269">
        <ele>998.9</ele>
      </trkpt>
      <trkpt lat="37.28914" lon="-3.26875">
        <ele>999.9</ele>
      </trkpt>
      <trkpt lat="37.28911" lon="-3.2685">
        <ele>1000.2</ele>
      </trkpt>
      <trkpt lat="37.28913" lon="-3.26824">
        <ele>998.5</ele>
      </trkpt>
      <trkpt lat="37.28918" lon="-3.26797">
        <ele>995.2</ele>
      </trkpt>
      <trkpt lat="37.28932" lon="-3.26756">
        <ele>989.4</ele>
      </trkpt>
      <trkpt lat="37.28936" lon="-3.26735">
        <ele>987.8</ele>
      </trkpt>
      <trkpt lat="37.28939" lon="-3.26714">
        <ele>986.9</ele>
      </trkpt>
      <trkpt lat="37.28938" lon="-3.26694">
        <ele>986.8</ele>
      </trkpt>
      <trkpt lat="37.28936" lon="-3.26676">
        <ele>987.0</ele>
      </trkpt>
      <trkpt lat="37.28924" lon="-3.2662">
        <ele>985.1</ele>
      </trkpt>
      <trkpt lat="37.28921" lon="-3.26596">
        <ele>983.4</ele>
      </trkpt>
      <trkpt lat="37.28919" lon="-3.26571">
        <ele>981.3</ele>
      </trkpt>
      <trkpt lat="37.28919" lon="-3.2655">
        <ele>979.0</ele>
      </trkpt>
      <trkpt lat="37.2892" lon="-3.26528">
        <ele>976.5</ele>
      </trkpt>
      <trkpt lat="37.28923" lon="-3.26505">
        <ele>973.6</ele>
      </trkpt>
      <trkpt lat="37.28934" lon="-3.26455">
        <ele>970.0</ele>
      </trkpt>
      <trkpt lat="37.28944" lon="-3.2641">
        <ele>971.4</ele>
      </trkpt>
      <trkpt lat="37.28959" lon="-3.26353">
        <ele>973.4</ele>
      </trkpt>
      <trkpt lat="37.2897" lon="-3.26302">
        <ele>975.1</ele>
      </trkpt>
      <trkpt lat="37.28976" lon="-3.2627">
        <ele>976.1</ele>
      </trkpt>
      <trkpt lat="37.28977" lon="-3.26251">
        <ele>976.7</ele>
      </trkpt>
      <trkpt lat="37.28976" lon="-3.26232">
        <ele>977.4</ele>
      </trkpt>
      <trkpt lat="37.28972" lon="-3.26217">
        <ele>980.3</ele>
      </trkpt>
      <trkpt lat="37.28967" lon="-3.26204">
        <ele>982.3</ele>
      </trkpt>
      <trkpt lat="37.28959" lon="-3.26191">
        <ele>983.3</ele>
      </trkpt>
      <trkpt lat="37.28912" lon="-3.26129">
        <ele>982.1</ele>
      </trkpt>
      <trkpt lat="37.28866" lon="-3.26066">
        <ele>991.3</ele>
      </trkpt>
      <trkpt lat="37.28819" lon="-3.26003">
        <ele>1001.1</ele>
      </trkpt>
      <trkpt lat="37.288" lon="-3.25976">
        <ele>1001.3</ele>
      </trkpt>
      <trkpt lat="37.2879" lon="-3.2596">
        <ele>1001.1</ele>
      </trkpt>
      <trkpt lat="37.28784" lon="-3.25942">
        <ele>1002.3</ele>
      </trkpt>
      <trkpt lat="37.2878" lon="-3.25921">
        <ele>1004.5</ele>
      </trkpt>
      <trkpt lat="37.28779" lon="-3.25901">
        <ele>1005.1</ele>
      </trkpt>
      <trkpt lat="37.28781" lon="-3.25883">
        <ele>1006.2</ele>
      </trkpt>
      <trkpt lat="37.28786" lon="-3.25867">
        <ele>1008.1</ele>
      </trkpt>
      <trkpt lat="37.28794" lon="-3.25851">
        <ele>1010.7</ele>
      </trkpt>
      <trkpt lat="37.28804" lon="-3.25836">
        <ele>1013.6</ele>
      </trkpt>
      <trkpt lat="37.28816" lon="-3.25824">
        <ele>1017.0</ele>
      </trkpt>
      <trkpt lat="37.28829" lon="-3.25815">
        <ele>1020.8</ele>
      </trkpt>
      <trkpt lat="37.2888" lon="-3.25798">
        <ele>1032.4</ele>
      </trkpt>
      <trkpt lat="37.28931" lon="-3.25781">
        <ele>1041.1</ele>
      </trkpt>
      <trkpt lat="37.28972" lon="-3.25764">
        <ele>1045.0</ele>
      </trkpt>
      <trkpt lat="37.29002" lon="-3.25747">
        <ele>1047.5</ele>
      </trkpt>
      <trkpt lat="37.29033" lon="-3.25727">
        <ele>1051.8</ele>
      </trkpt>
      <trkpt lat="37.29066" lon="-3.25702">
        <ele>1055.4</ele>
      </trkpt>
      <trkpt lat="37.29095" lon="-3.25674">
        <ele>1058.2</ele>
      </trkpt>
      <trkpt lat="37.29122" lon="-3.25645">
        <ele>1062.1</ele>
      </trkpt>
      <trkpt lat="37.29148" lon="-3.25613">
        <ele>1064.1</ele>
      </trkpt>
      <trkpt lat="37.29168" lon="-3.25584">
        <ele>1064.0</ele>
      </trkpt>
      <trkpt lat="37.29201" lon="-3.25532">
        <ele>1062.7</ele>
      </trkpt>
      <trkpt lat="37.29228" lon="-3.25496">
        <ele>1059.0</ele>
      </trkpt>
      <trkpt lat="37.2925" lon="-3.2547">
        <ele>1055.6</ele>
      </trkpt>
      <trkpt lat="37.29286" lon="-3.25433">
        <ele>1053.5</ele>
      </trkpt>
      <trkpt lat="37.29302" lon="-3.25418">
        <ele>1051.9</ele>
      </trkpt>
      <trkpt lat="37.29344" lon="-3.25386">
        <ele>1049.3</ele>
      </trkpt>
      <trkpt lat="37.29377" lon="-3.25364">
        <ele>1049.4</ele>
      </trkpt>
      <trkpt lat="37.29403" lon="-3.25349">
        <ele>1050.0</ele>
      </trkpt>
      <trkpt lat="37.29429" lon="-3.25337">
        <ele>1050.8</ele>
      </trkpt>
      <trkpt lat="37.29461" lon="-3.25324">
        <ele>1050.9</ele>
      </trkpt>
      <trkpt lat="37.2949" lon="-3.25315">
        <ele>1051.0</ele>
      </trkpt>
      <trkpt lat="37.29524" lon="-3.25307">
        <ele>1050.8</ele>
      </trkpt>
      <trkpt lat="37.29539" lon="-3.25304">
        <ele>1050.9</ele>
      </trkpt>
      <trkpt lat="37.29539" lon="-3.25304">
        <ele>1050.9</ele>
      </trkpt>
      <trkpt lat="37.29539" lon="-3.25304">
        <ele>1050.9</ele>
      </trkpt>
      <trkpt lat="37.29558" lon="-3.25301">
        <ele>1051.2</ele>
      </trkpt>
      <trkpt lat="37.29592" lon="-3.25298">
        <ele>1052.0</ele>
      </trkpt>
      <trkpt lat="37.29668" lon="-3.25295">
        <ele>1052.8</ele>
      </trkpt>
      <trkpt lat="37.29743" lon="-3.25293">
        <ele>1051.6</ele>
      </trkpt>
      <trkpt lat="37.29818" lon="-3.2529">
        <ele>1046.6</ele>
      </trkpt>
      <trkpt lat="37.29875" lon="-3.25287">
        <ele>1041.1</ele>
      </trkpt>
      <trkpt lat="37.29894" lon="-3.25283">
        <ele>1039.4</ele>
      </trkpt>
      <trkpt lat="37.2993" lon="-3.25273">
        <ele>1036.9</ele>
      </trkpt>
      <trkpt lat="37.29946" lon="-3.25268">
        <ele>1035.9</ele>
      </trkpt>
      <trkpt lat="37.29966" lon="-3.25259">
        <ele>1034.8</ele>
      </trkpt>
      <trkpt lat="37.30045" lon="-3.25219">
        <ele>1029.1</ele>
      </trkpt>
      <trkpt lat="37.30124" lon="-3.25179">
        <ele>1022.8</ele>
      </trkpt>
      <trkpt lat="37.30203" lon="-3.25139">
        <ele>1019.7</ele>
      </trkpt>
      <trkpt lat="37.30282" lon="-3.25099">
        <ele>1017.0</ele>
      </trkpt>
      <trkpt lat="37.30296" lon="-3.25092">
        <ele>1016.5</ele>
      </trkpt>
      <trkpt lat="37.30311" lon="-3.25089">
        <ele>1015.5</ele>
      </trkpt>
      <trkpt lat="37.30328" lon="-3.25086">
        <ele>1014.3</ele>
      </trkpt>
      <trkpt lat="37.3034" lon="-3.25086">
        <ele>1014.0</ele>
      </trkpt>
      <trkpt lat="37.3034" lon="-3.25086">
        <ele>1014.0</ele>
      </trkpt>
      <trkpt lat="37.3034" lon="-3.25086">
        <ele>1014.0</ele>
      </trkpt>
      <trkpt lat="37.30361" lon="-3.25087">
        <ele>1014.4</ele>
      </trkpt>
      <trkpt lat="37.30375" lon="-3.2509">
        <ele>1014.5</ele>
      </trkpt>
      <trkpt lat="37.30392" lon="-3.25096">
        <ele>1014.4</ele>
      </trkpt>
      <trkpt lat="37.30407" lon="-3.25103">
        <ele>1014.0</ele>
      </trkpt>
      <trkpt lat="37.30418" lon="-3.2511">
        <ele>1013.4</ele>
      </trkpt>
      <trkpt lat="37.30441" lon="-3.2513">
        <ele>1011.5</ele>
      </trkpt>
      <trkpt lat="37.30478" lon="-3.25175">
        <ele>1010.5</ele>
      </trkpt>
      <trkpt lat="37.30515" lon="-3.2522">
        <ele>1007.3</ele>
      </trkpt>
      <trkpt lat="37.30525" lon="-3.25231">
        <ele>1006.4</ele>
      </trkpt>
      <trkpt lat="37.30537" lon="-3.25241">
        <ele>1005.5</ele>
      </trkpt>
      <trkpt lat="37.30549" lon="-3.25249">
        <ele>1004.7</ele>
      </trkpt>
      <trkpt lat="37.30562" lon="-3.25255">
        <ele>1004.8</ele>
      </trkpt>
      <trkpt lat="37.30574" lon="-3.2526">
        <ele>1004.9</ele>
      </trkpt>
      <trkpt lat="37.30589" lon="-3.25263">
        <ele>1004.3</ele>
      </trkpt>
      <trkpt lat="37.30604" lon="-3.25265">
        <ele>1002.8</ele>
      </trkpt>
      <trkpt lat="37.30617" lon="-3.25264">
        <ele>1001.5</ele>
      </trkpt>
      <trkpt lat="37.30631" lon="-3.25261">
        <ele>1000.1</ele>
      </trkpt>
      <trkpt lat="37.30646" lon="-3.25257">
        <ele>998.5</ele>
      </trkpt>
      <trkpt lat="37.30727" lon="-3.25226">
        <ele>991.3</ele>
      </trkpt>
      <trkpt lat="37.30808" lon="-3.25195">
        <ele>982.6</ele>
      </trkpt>
      <trkpt lat="37.30822" lon="-3.25191">
        <ele>981.2</ele>
      </trkpt>
      <trkpt lat="37.30837" lon="-3.25189">
        <ele>980.4</ele>
      </trkpt>
      <trkpt lat="37.30851" lon="-3.25188">
        <ele>980.5</ele>
      </trkpt>
      <trkpt lat="37.30865" lon="-3.25189">
        <ele>980.9</ele>
      </trkpt>
      <trkpt lat="37.30883" lon="-3.25193">
        <ele>981.9</ele>
      </trkpt>
      <trkpt lat="37.30935" lon="-3.25211">
        <ele>981.8</ele>
      </trkpt>
      <trkpt lat="37.30986" lon="-3.25229">
        <ele>974.5</ele>
      </trkpt>
      <trkpt lat="37.30986" lon="-3.25229">
        <ele>974.5</ele>
      </trkpt>
      <trkpt lat="37.30986" lon="-3.25229">
        <ele>974.5</ele>
      </trkpt>
      <trkpt lat="37.31037" lon="-3.25246">
        <ele>968.1</ele>
      </trkpt>
      <trkpt lat="37.31088" lon="-3.25263">
        <ele>963.4</ele>
      </trkpt>
      <trkpt lat="37.311" lon="-3.25269">
        <ele>959.9</ele>
      </trkpt>
      <trkpt lat="37.31109" lon="-3.25275">
        <ele>957.7</ele>
      </trkpt>
      <trkpt lat="37.3112" lon="-3.25284">
        <ele>955.7</ele>
      </trkpt>
      <trkpt lat="37.31126" lon="-3.2529">
        <ele>955.0</ele>
      </trkpt>
      <trkpt lat="37.31131" lon="-3.25294">
        <ele>954.3</ele>
      </trkpt>
      <trkpt lat="37.3114" lon="-3.25306">
        <ele>954.3</ele>
      </trkpt>
      <trkpt lat="37.31147" lon="-3.25319">
        <ele>955.6</ele>
      </trkpt>
      <trkpt lat="37.31162" lon="-3.25353">
        <ele>959.2</ele>
      </trkpt>
      <trkpt lat="37.3117" lon="-3.25365">
        <ele>959.8</ele>
      </trkpt>
      <trkpt lat="37.31178" lon="-3.25373">
        <ele>959.6</ele>
      </trkpt>
      <trkpt lat="37.31185" lon="-3.25378">
        <ele>959.0</ele>
      </trkpt>
      <trkpt lat="37.31193" lon="-3.25381">
        <ele>957.6</ele>
      </trkpt>
      <trkpt lat="37.31208" lon="-3.25384">
        <ele>954.6</ele>
      </trkpt>
      <trkpt lat="37.31219" lon="-3.25383">
        <ele>951.8</ele>
      </trkpt>
      <trkpt lat="37.31233" lon="-3.25379">
        <ele>948.2</ele>
      </trkpt>
      <trkpt lat="37.31259" lon="-3.25369">
        <ele>943.9</ele>
      </trkpt>
      <trkpt lat="37.31271" lon="-3.25362">
        <ele>944.0</ele>
      </trkpt>
      <trkpt lat="37.31286" lon="-3.25352">
        <ele>944.3</ele>
      </trkpt>
      <trkpt lat="37.313" lon="-3.25341">
        <ele>944.8</ele>
      </trkpt>
      <trkpt lat="37.31311" lon="-3.25329">
        <ele>944.9</ele>
      </trkpt>
      <trkpt lat="37.31322" lon="-3.25317">
        <ele>944.7</ele>
      </trkpt>
      <trkpt lat="37.31335" lon="-3.25299">
        <ele>945.3</ele>
      </trkpt>
      <trkpt lat="37.31343" lon="-3.25285">
        <ele>946.1</ele>
      </trkpt>
      <trkpt lat="37.3135" lon="-3.25271">
        <ele>947.0</ele>
      </trkpt>
      <trkpt lat="37.31369" lon="-3.25224">
        <ele>950.4</ele>
      </trkpt>
      <trkpt lat="37.31379" lon="-3.25209">
        <ele>951.7</ele>
      </trkpt>
      <trkpt lat="37.31389" lon="-3.25199">
        <ele>952.8</ele>
      </trkpt>
      <trkpt lat="37.31399" lon="-3.25192">
        <ele>953.8</ele>
      </trkpt>
      <trkpt lat="37.31411" lon="-3.25187">
        <ele>954.8</ele>
      </trkpt>
      <trkpt lat="37.31422" lon="-3.25184">
        <ele>955.8</ele>
      </trkpt>
      <trkpt lat="37.31433" lon="-3.25183">
        <ele>955.9</ele>
      </trkpt>
      <trkpt lat="37.31442" lon="-3.25184">
        <ele>956.2</ele>
      </trkpt>
      <trkpt lat="37.31515" lon="-3.25205">
        <ele>960.9</ele>
      </trkpt>
      <trkpt lat="37.31589" lon="-3.25226">
        <ele>962.0</ele>
      </trkpt>
      <trkpt lat="37.31603" lon="-3.25229">
        <ele>962.9</ele>
      </trkpt>
      <trkpt lat="37.31634" lon="-3.2523">
        <ele>964.0</ele>
      </trkpt>
      <trkpt lat="37.31675" lon="-3.25219">
        <ele>965.4</ele>
      </trkpt>
      <trkpt lat="37.31704" lon="-3.25201">
        <ele>968.6</ele>
      </trkpt>
      <trkpt lat="37.3174" lon="-3.25171">
        <ele>971.7</ele>
      </trkpt>
      <trkpt lat="37.31791" lon="-3.25125">
        <ele>980.4</ele>
      </trkpt>
      <trkpt lat="37.31842" lon="-3.2508">
        <ele>984.3</ele>
      </trkpt>
      <trkpt lat="37.31893" lon="-3.25044">
        <ele>984.4</ele>
      </trkpt>
      <trkpt lat="37.31966" lon="-3.25003">
        <ele>985.2</ele>
      </trkpt>
      <trkpt lat="37.32044" lon="-3.24969">
        <ele>987.0</ele>
      </trkpt>
      <trkpt lat="37.32073" lon="-3.24953">
        <ele>987.2</ele>
      </trkpt>
      <trkpt lat="37.32097" lon="-3.24936">
        <ele>988.2</ele>
      </trkpt>
      <trkpt lat="37.32142" lon="-3.24895">
        <ele>993.2</ele>
      </trkpt>
      <trkpt lat="37.32177" lon="-3.24859">
        <ele>997.5</ele>
      </trkpt>
      <trkpt lat="37.32211" lon="-3.24823">
        <ele>999.5</ele>
      </trkpt>
      <trkpt lat="37.32223" lon="-3.24814">
        <ele>999.6</ele>
      </trkpt>
      <trkpt lat="37.3223" lon="-3.2481">
        <ele>999.7</ele>
      </trkpt>
      <trkpt lat="37.32236" lon="-3.24806">
        <ele>999.7</ele>
      </trkpt>
      <trkpt lat="37.32245" lon="-3.24803">
        <ele>1000.1</ele>
      </trkpt>
      <trkpt lat="37.32258" lon="-3.24801">
        <ele>1001.0</ele>
      </trkpt>
      <trkpt lat="37.32271" lon="-3.24792">
        <ele>1000.7</ele>
      </trkpt>
      <trkpt lat="37.32281" lon="-3.2478">
        <ele>999.7</ele>
      </trkpt>
      <trkpt lat="37.32288" lon="-3.2477">
        <ele>998.8</ele>
      </trkpt>
      <trkpt lat="37.32295" lon="-3.24754">
        <ele>997.0</ele>
      </trkpt>
      <trkpt lat="37.32303" lon="-3.24731">
        <ele>995.2</ele>
      </trkpt>
      <trkpt lat="37.3231" lon="-3.24702">
        <ele>992.9</ele>
      </trkpt>
      <trkpt lat="37.32313" lon="-3.24674">
        <ele>990.1</ele>
      </trkpt>
      <trkpt lat="37.32311" lon="-3.2463">
        <ele>986.4</ele>
      </trkpt>
      <trkpt lat="37.32304" lon="-3.24573">
        <ele>981.6</ele>
      </trkpt>
      <trkpt lat="37.32303" lon="-3.24555">
        <ele>979.7</ele>
      </trkpt>
      <trkpt lat="37.32304" lon="-3.2453">
        <ele>977.3</ele>
      </trkpt>
      <trkpt lat="37.32308" lon="-3.24504">
        <ele>974.8</ele>
      </trkpt>
      <trkpt lat="37.32315" lon="-3.24477">
        <ele>972.7</ele>
      </trkpt>
      <trkpt lat="37.32331" lon="-3.24428">
        <ele>968.9</ele>
      </trkpt>
      <trkpt lat="37.32337" lon="-3.24401">
        <ele>967.8</ele>
      </trkpt>
      <trkpt lat="37.32339" lon="-3.24376">
        <ele>967.2</ele>
      </trkpt>
      <trkpt lat="37.32339" lon="-3.24351">
        <ele>966.5</ele>
      </trkpt>
      <trkpt lat="37.3233" lon="-3.24289">
        <ele>963.3</ele>
      </trkpt>
      <trkpt lat="37.32327" lon="-3.24258">
        <ele>961.5</ele>
      </trkpt>
      <trkpt lat="37.32325" lon="-3.24231">
        <ele>959.5</ele>
      </trkpt>
      <trkpt lat="37.32328" lon="-3.24201">
        <ele>957.0</ele>
      </trkpt>
      <trkpt lat="37.32333" lon="-3.24168">
        <ele>954.1</ele>
      </trkpt>
      <trkpt lat="37.32342" lon="-3.24138">
        <ele>950.7</ele>
      </trkpt>
      <trkpt lat="37.32353" lon="-3.24115">
        <ele>948.3</ele>
      </trkpt>
      <trkpt lat="37.32367" lon="-3.24089">
        <ele>945.9</ele>
      </trkpt>
      <trkpt lat="37.3238" lon="-3.2407">
        <ele>943.9</ele>
      </trkpt>
      <trkpt lat="37.32402" lon="-3.24047">
        <ele>941.2</ele>
      </trkpt>
      <trkpt lat="37.32474" lon="-3.23997">
        <ele>938.6</ele>
      </trkpt>
      <trkpt lat="37.32545" lon="-3.23946">
        <ele>932.6</ele>
      </trkpt>
      <trkpt lat="37.32565" lon="-3.23928">
        <ele>931.7</ele>
      </trkpt>
      <trkpt lat="37.3258" lon="-3.23909">
        <ele>931.0</ele>
      </trkpt>
      <trkpt lat="37.32596" lon="-3.23882">
        <ele>930.3</ele>
      </trkpt>
      <trkpt lat="37.32603" lon="-3.23861">
        <ele>929.5</ele>
      </trkpt>
      <trkpt lat="37.32607" lon="-3.23843">
        <ele>928.5</ele>
      </trkpt>
      <trkpt lat="37.32618" lon="-3.23764">
        <ele>925.7</ele>
      </trkpt>
      <trkpt lat="37.3263" lon="-3.23685">
        <ele>922.8</ele>
      </trkpt>
      <trkpt lat="37.32641" lon="-3.23606">
        <ele>917.1</ele>
      </trkpt>
      <trkpt lat="37.32669" lon="-3.23512">
        <ele>916.9</ele>
      </trkpt>
      <trkpt lat="37.32699" lon="-3.23419">
        <ele>914.4</ele>
      </trkpt>
      <trkpt lat="37.32719" lon="-3.23325">
        <ele>908.1</ele>
      </trkpt>
      <trkpt lat="37.32727" lon="-3.2326">
        <ele>902.7</ele>
      </trkpt>
      <trkpt lat="37.32727" lon="-3.2326">
        <ele>902.7</ele>
      </trkpt>
      <trkpt lat="37.32732" lon="-3.23222">
        <ele>898.8</ele>
      </trkpt>
      <trkpt lat="37.32743" lon="-3.23116">
        <ele>888.0</ele>
      </trkpt>
      <trkpt lat="37.32754" lon="-3.2301">
        <ele>882.6</ele>
      </trkpt>
      <trkpt lat="37.32765" lon="-3.22904">
        <ele>877.6</ele>
      </trkpt>
      <trkpt lat="37.32771" lon="-3.22861">
        <ele>877.3</ele>
      </trkpt>
      <trkpt lat="37.32779" lon="-3.2282">
        <ele>877.1</ele>
      </trkpt>
      <trkpt lat="37.32779" lon="-3.2282">
        <ele>877.1</ele>
      </trkpt>
      <trkpt lat="37.32779" lon="-3.22818">
        <ele>876.9</ele>
      </trkpt>
      <trkpt lat="37.32785" lon="-3.22795">
        <ele>876.0</ele>
      </trkpt>
      <trkpt lat="37.32785" lon="-3.22795">
        <ele>876.0</ele>
      </trkpt>
      <trkpt lat="37.32787" lon="-3.22789">
        <ele>875.9</ele>
      </trkpt>
      <trkpt lat="37.3279" lon="-3.22774">
        <ele>874.9</ele>
      </trkpt>
      <trkpt lat="37.32797" lon="-3.22754">
        <ele>873.9</ele>
      </trkpt>
      <trkpt lat="37.32805" lon="-3.22733">
        <ele>872.9</ele>
      </trkpt>
      <trkpt lat="37.32812" lon="-3.22714">
        <ele>871.9</ele>
      </trkpt>
      <trkpt lat="37.32816" lon="-3.22706">
        <ele>871.5</ele>
      </trkpt>
      <trkpt lat="37.32823" lon="-3.22687">
        <ele>870.2</ele>
      </trkpt>
      <trkpt lat="37.32832" lon="-3.22669">
        <ele>869.1</ele>
      </trkpt>
      <trkpt lat="37.32832" lon="-3.22669">
        <ele>869.1</ele>
      </trkpt>
      <trkpt lat="37.3284" lon="-3.22654">
        <ele>867.8</ele>
      </trkpt>
      <trkpt lat="37.3279" lon="-3.22692">
        <ele>866.0</ele>
      </trkpt>
      <trkpt lat="37.3277" lon="-3.22719">
        <ele>865.6</ele>
      </trkpt>
      <trkpt lat="37.3276" lon="-3.22745">
        <ele>866.4</ele>
      </trkpt>
      <trkpt lat="37.32738" lon="-3.22818">
        <ele>867.5</ele>
      </trkpt>
      <trkpt lat="37.32733" lon="-3.22842">
        <ele>867.9</ele>
      </trkpt>
      <trkpt lat="37.32732" lon="-3.22853">
        <ele>868.3</ele>
      </trkpt>
      <trkpt lat="37.32738" lon="-3.22867">
        <ele>869.8</ele>
      </trkpt>
      <trkpt lat="37.3274" lon="-3.22878">
        <ele>870.6</ele>
      </trkpt>
      <trkpt lat="37.32737" lon="-3.22891">
        <ele>870.8</ele>
      </trkpt>
      <trkpt lat="37.3273" lon="-3.229">
        <ele>870.1</ele>
      </trkpt>
      <trkpt lat="37.32721" lon="-3.22909">
        <ele>869.1</ele>
      </trkpt>
      <trkpt lat="37.32692" lon="-3.23011">
        <ele>870.0</ele>
      </trkpt>
      <trkpt lat="37.32689" lon="-3.23049">
        <ele>872.4</ele>
      </trkpt>
      <trkpt lat="37.32686" lon="-3.23055">
        <ele>872.3</ele>
      </trkpt>
      <trkpt lat="37.32667" lon="-3.23069">
        <ele>869.9</ele>
      </trkpt>
      <trkpt lat="37.32647" lon="-3.23089">
        <ele>870.7</ele>
      </trkpt>
      <trkpt lat="37.32595" lon="-3.23152">
        <ele>873.1</ele>
      </trkpt>
      <trkpt lat="37.32551" lon="-3.23198">
        <ele>872.2</ele>
      </trkpt>
      <trkpt lat="37.32551" lon="-3.23198">
        <ele>872.2</ele>
      </trkpt>
      <trkpt lat="37.3249" lon="-3.23262">
        <ele>871.2</ele>
      </trkpt>
      <trkpt lat="37.32441" lon="-3.23308">
        <ele>871.9</ele>
      </trkpt>
      <trkpt lat="37.32373" lon="-3.23375">
        <ele>871.6</ele>
      </trkpt>
      <trkpt lat="37.32304" lon="-3.23443">
        <ele>870.5</ele>
      </trkpt>
      <trkpt lat="37.32236" lon="-3.23511">
        <ele>872.3</ele>
      </trkpt>
      <trkpt lat="37.32167" lon="-3.23578">
        <ele>872.8</ele>
      </trkpt>
      <trkpt lat="37.32099" lon="-3.23646">
        <ele>873.0</ele>
      </trkpt>
      <trkpt lat="37.32031" lon="-3.23713">
        <ele>876.5</ele>
      </trkpt>
      <trkpt lat="37.31981" lon="-3.23764">
        <ele>877.7</ele>
      </trkpt>
      <trkpt lat="37.31931" lon="-3.23814">
        <ele>879.5</ele>
      </trkpt>
      <trkpt lat="37.31871" lon="-3.23871">
        <ele>883.3</ele>
      </trkpt>
      <trkpt lat="37.31826" lon="-3.23927">
        <ele>888.3</ele>
      </trkpt>
      <trkpt lat="37.31794" lon="-3.23975">
        <ele>890.3</ele>
      </trkpt>
      <trkpt lat="37.31762" lon="-3.24022">
        <ele>892.3</ele>
      </trkpt>
      <trkpt lat="37.31762" lon="-3.24022">
        <ele>892.3</ele>
      </trkpt>
      <trkpt lat="37.31731" lon="-3.24067">
        <ele>893.5</ele>
      </trkpt>
      <trkpt lat="37.31707" lon="-3.24107">
        <ele>895.3</ele>
      </trkpt>
      <trkpt lat="37.31699" lon="-3.24135">
        <ele>896.8</ele>
      </trkpt>
      <trkpt lat="37.31692" lon="-3.24163">
        <ele>898.2</ele>
      </trkpt>
      <trkpt lat="37.31675" lon="-3.24159">
        <ele>896.3</ele>
      </trkpt>
      <trkpt lat="37.31593" lon="-3.24146">
        <ele>887.5</ele>
      </trkpt>
      <trkpt lat="37.3152" lon="-3.24131">
        <ele>879.2</ele>
      </trkpt>
      <trkpt lat="37.31466" lon="-3.24145">
        <ele>875.8</ele>
      </trkpt>
      <trkpt lat="37.31439" lon="-3.24157">
        <ele>874.4</ele>
      </trkpt>
      <trkpt lat="37.31401" lon="-3.24185">
        <ele>873.8</ele>
      </trkpt>
      <trkpt lat="37.3138" lon="-3.24204">
        <ele>874.0</ele>
      </trkpt>
      <trkpt lat="37.31353" lon="-3.24214">
        <ele>874.3</ele>
      </trkpt>
      <trkpt lat="37.31327" lon="-3.24228">
        <ele>874.6</ele>
      </trkpt>
      <trkpt lat="37.31266" lon="-3.24241">
        <ele>876.4</ele>
      </trkpt>
      <trkpt lat="37.31228" lon="-3.24234">
        <ele>877.7</ele>
      </trkpt>
      <trkpt lat="37.31177" lon="-3.2421">
        <ele>879.5</ele>
      </trkpt>
      <trkpt lat="37.31137" lon="-3.24205">
        <ele>881.7</ele>
      </trkpt>
      <trkpt lat="37.31077" lon="-3.24209">
        <ele>885.3</ele>
      </trkpt>
      <trkpt lat="37.31042" lon="-3.24203">
        <ele>886.6</ele>
      </trkpt>
      <trkpt lat="37.31007" lon="-3.24205">
        <ele>888.2</ele>
      </trkpt>
      <trkpt lat="37.30996" lon="-3.242">
        <ele>888.6</ele>
      </trkpt>
      <trkpt lat="37.30961" lon="-3.24149">
        <ele>891.9</ele>
      </trkpt>
      <trkpt lat="37.30927" lon="-3.24099">
        <ele>897.9</ele>
      </trkpt>
      <trkpt lat="37.30887" lon="-3.24034">
        <ele>907.0</ele>
      </trkpt>
      <trkpt lat="37.30883" lon="-3.24031">
        <ele>907.9</ele>
      </trkpt>
      <trkpt lat="37.30878" lon="-3.24024">
        <ele>909.2</ele>
      </trkpt>
      <trkpt lat="37.30872" lon="-3.24013">
        <ele>910.9</ele>
      </trkpt>
      <trkpt lat="37.30863" lon="-3.23996">
        <ele>913.9</ele>
      </trkpt>
      <trkpt lat="37.30862" lon="-3.23995">
        <ele>914.2</ele>
      </trkpt>
      <trkpt lat="37.30854" lon="-3.23974">
        <ele>918.9</ele>
      </trkpt>
      <trkpt lat="37.30851" lon="-3.23966">
        <ele>920.8</ele>
      </trkpt>
      <trkpt lat="37.30847" lon="-3.23952">
        <ele>923.9</ele>
      </trkpt>
      <trkpt lat="37.30843" lon="-3.23943">
        <ele>926.2</ele>
      </trkpt>
      <trkpt lat="37.30838" lon="-3.23932">
        <ele>929.3</ele>
      </trkpt>
      <trkpt lat="37.30832" lon="-3.23925">
        <ele>931.8</ele>
      </trkpt>
      <trkpt lat="37.30825" lon="-3.2392">
        <ele>933.5</ele>
      </trkpt>
      <trkpt lat="37.30815" lon="-3.23911">
        <ele>936.0</ele>
      </trkpt>
      <trkpt lat="37.30811" lon="-3.23906">
        <ele>937.2</ele>
      </trkpt>
      <trkpt lat="37.30806" lon="-3.23899">
        <ele>938.8</ele>
      </trkpt>
      <trkpt lat="37.308" lon="-3.23888">
        <ele>940.9</ele>
      </trkpt>
      <trkpt lat="37.30798" lon="-3.23887">
        <ele>941.3</ele>
      </trkpt>
      <trkpt lat="37.30792" lon="-3.23871">
        <ele>944.0</ele>
      </trkpt>
      <trkpt lat="37.30785" lon="-3.23851">
        <ele>947.2</ele>
      </trkpt>
      <trkpt lat="37.30784" lon="-3.23848">
        <ele>947.7</ele>
      </trkpt>
      <trkpt lat="37.30778" lon="-3.23832">
        <ele>950.1</ele>
      </trkpt>
      <trkpt lat="37.30776" lon="-3.23827">
        <ele>950.7</ele>
      </trkpt>
      <trkpt lat="37.30771" lon="-3.23815">
        <ele>952.1</ele>
      </trkpt>
      <trkpt lat="37.30769" lon="-3.23807">
        <ele>952.9</ele>
      </trkpt>
      <trkpt lat="37.30766" lon="-3.23798">
        <ele>954.0</ele>
      </trkpt>
      <trkpt lat="37.30761" lon="-3.23788">
        <ele>955.3</ele>
      </trkpt>
      <trkpt lat="37.3076" lon="-3.23787">
        <ele>955.5</ele>
      </trkpt>
      <trkpt lat="37.30754" lon="-3.23779">
        <ele>956.8</ele>
      </trkpt>
      <trkpt lat="37.30747" lon="-3.23771">
        <ele>958.4</ele>
      </trkpt>
      <trkpt lat="37.30745" lon="-3.23769">
        <ele>958.9</ele>
      </trkpt>
      <trkpt lat="37.30736" lon="-3.23761">
        <ele>960.9</ele>
      </trkpt>
      <trkpt lat="37.30733" lon="-3.23757">
        <ele>961.7</ele>
      </trkpt>
      <trkpt lat="37.30731" lon="-3.23755">
        <ele>962.1</ele>
      </trkpt>
      <trkpt lat="37.30728" lon="-3.2375">
        <ele>962.9</ele>
      </trkpt>
      <trkpt lat="37.30725" lon="-3.23743">
        <ele>964.1</ele>
      </trkpt>
      <trkpt lat="37.30724" lon="-3.23738">
        <ele>964.8</ele>
      </trkpt>
      <trkpt lat="37.30723" lon="-3.23737">
        <ele>965.0</ele>
      </trkpt>
      <trkpt lat="37.30722" lon="-3.23729">
        <ele>966.0</ele>
      </trkpt>
      <trkpt lat="37.3072" lon="-3.2372">
        <ele>967.3</ele>
      </trkpt>
      <trkpt lat="37.30718" lon="-3.23717">
        <ele>967.8</ele>
      </trkpt>
      <trkpt lat="37.30716" lon="-3.23713">
        <ele>968.5</ele>
      </trkpt>
      <trkpt lat="37.30713" lon="-3.23706">
        <ele>969.5</ele>
      </trkpt>
      <trkpt lat="37.3071" lon="-3.23701">
        <ele>970.3</ele>
      </trkpt>
      <trkpt lat="37.30709" lon="-3.23697">
        <ele>970.8</ele>
      </trkpt>
      <trkpt lat="37.30709" lon="-3.23696">
        <ele>970.9</ele>
      </trkpt>
      <trkpt lat="37.30708" lon="-3.23692">
        <ele>971.4</ele>
      </trkpt>
      <trkpt lat="37.30708" lon="-3.23687">
        <ele>972.0</ele>
      </trkpt>
      <trkpt lat="37.30708" lon="-3.2368">
        <ele>972.7</ele>
      </trkpt>
      <trkpt lat="37.3071" lon="-3.23667">
        <ele>973.8</ele>
      </trkpt>
      <trkpt lat="37.30712" lon="-3.23653">
        <ele>973.3</ele>
      </trkpt>
      <trkpt lat="37.30715" lon="-3.23631">
        <ele>972.4</ele>
      </trkpt>
      <trkpt lat="37.30718" lon="-3.23613">
        <ele>971.7</ele>
      </trkpt>
      <trkpt lat="37.30719" lon="-3.23608">
        <ele>971.5</ele>
      </trkpt>
      <trkpt lat="37.30722" lon="-3.23588">
        <ele>970.8</ele>
      </trkpt>
      <trkpt lat="37.30723" lon="-3.23581">
        <ele>970.6</ele>
      </trkpt>
      <trkpt lat="37.30723" lon="-3.23579">
        <ele>970.5</ele>
      </trkpt>
      <trkpt lat="37.30723" lon="-3.23573">
        <ele>970.3</ele>
      </trkpt>
      <trkpt lat="37.30722" lon="-3.23567">
        <ele>970.1</ele>
      </trkpt>
      <trkpt lat="37.30719" lon="-3.23559">
        <ele>969.9</ele>
      </trkpt>
      <trkpt lat="37.30717" lon="-3.23554">
        <ele>969.8</ele>
      </trkpt>
      <trkpt lat="37.30714" lon="-3.23551">
        <ele>969.8</ele>
      </trkpt>
      <trkpt lat="37.30702" lon="-3.2354">
        <ele>969.5</ele>
      </trkpt>
      <trkpt lat="37.30692" lon="-3.2353">
        <ele>969.2</ele>
      </trkpt>
      <trkpt lat="37.30691" lon="-3.23528">
        <ele>969.1</ele>
      </trkpt>
      <trkpt lat="37.30688" lon="-3.23522">
        <ele>968.9</ele>
      </trkpt>
      <trkpt lat="37.30685" lon="-3.23512">
        <ele>968.5</ele>
      </trkpt>
      <trkpt lat="37.30684" lon="-3.23508">
        <ele>968.3</ele>
      </trkpt>
      <trkpt lat="37.30683" lon="-3.235">
        <ele>968.0</ele>
      </trkpt>
      <trkpt lat="37.30682" lon="-3.23489">
        <ele>968.0</ele>
      </trkpt>
      <trkpt lat="37.30683" lon="-3.23478">
        <ele>967.9</ele>
      </trkpt>
      <trkpt lat="37.30684" lon="-3.23468">
        <ele>967.8</ele>
      </trkpt>
      <trkpt lat="37.30684" lon="-3.23455">
        <ele>967.8</ele>
      </trkpt>
      <trkpt lat="37.30684" lon="-3.23454">
        <ele>967.8</ele>
      </trkpt>
      <trkpt lat="37.30685" lon="-3.23444">
        <ele>967.7</ele>
      </trkpt>
      <trkpt lat="37.30684" lon="-3.23433">
        <ele>967.7</ele>
      </trkpt>
      <trkpt lat="37.30683" lon="-3.23424">
        <ele>967.6</ele>
      </trkpt>
      <trkpt lat="37.3068" lon="-3.23412">
        <ele>967.7</ele>
      </trkpt>
      <trkpt lat="37.30677" lon="-3.23395">
        <ele>967.8</ele>
      </trkpt>
      <trkpt lat="37.30675" lon="-3.23387">
        <ele>967.8</ele>
      </trkpt>
      <trkpt lat="37.30673" lon="-3.23374">
        <ele>967.8</ele>
      </trkpt>
      <trkpt lat="37.30672" lon="-3.2336">
        <ele>967.9</ele>
      </trkpt>
      <trkpt lat="37.30671" lon="-3.23344">
        <ele>967.9</ele>
      </trkpt>
      <trkpt lat="37.30671" lon="-3.23336">
        <ele>967.9</ele>
      </trkpt>
      <trkpt lat="37.30671" lon="-3.23307">
        <ele>968.2</ele>
      </trkpt>
      <trkpt lat="37.30671" lon="-3.23299">
        <ele>968.3</ele>
      </trkpt>
      <trkpt lat="37.30671" lon="-3.2329">
        <ele>968.4</ele>
      </trkpt>
      <trkpt lat="37.30671" lon="-3.23276">
        <ele>968.6</ele>
      </trkpt>
      <trkpt lat="37.30671" lon="-3.23275">
        <ele>968.6</ele>
      </trkpt>
      <trkpt lat="37.30673" lon="-3.23261">
        <ele>968.7</ele>
      </trkpt>
      <trkpt lat="37.30674" lon="-3.23254">
        <ele>968.8</ele>
      </trkpt>
      <trkpt lat="37.30675" lon="-3.23253">
        <ele>968.8</ele>
      </trkpt>
      <trkpt lat="37.30675" lon="-3.23253">
        <ele>968.8</ele>
      </trkpt>
      <trkpt lat="37.30675" lon="-3.23253">
        <ele>968.8</ele>
      </trkpt>
      <trkpt lat="37.30677" lon="-3.23243">
        <ele>969.2</ele>
      </trkpt>
      <trkpt lat="37.3068" lon="-3.23232">
        <ele>969.9</ele>
      </trkpt>
      <trkpt lat="37.3068" lon="-3.23229">
        <ele>970.1</ele>
      </trkpt>
      <trkpt lat="37.30684" lon="-3.23217">
        <ele>970.7</ele>
      </trkpt>
      <trkpt lat="37.30686" lon="-3.23211">
        <ele>971.0</ele>
      </trkpt>
      <trkpt lat="37.30689" lon="-3.232">
        <ele>971.6</ele>
      </trkpt>
      <trkpt lat="37.30696" lon="-3.23178">
        <ele>972.6</ele>
      </trkpt>
      <trkpt lat="37.30696" lon="-3.23175">
        <ele>972.7</ele>
      </trkpt>
      <trkpt lat="37.30698" lon="-3.23162">
        <ele>973.5</ele>
      </trkpt>
      <trkpt lat="37.30698" lon="-3.23152">
        <ele>974.5</ele>
      </trkpt>
      <trkpt lat="37.30699" lon="-3.23146">
        <ele>974.9</ele>
      </trkpt>
      <trkpt lat="37.30699" lon="-3.2313">
        <ele>976.4</ele>
      </trkpt>
      <trkpt lat="37.30699" lon="-3.23129">
        <ele>976.5</ele>
      </trkpt>
      <trkpt lat="37.30699" lon="-3.23106">
        <ele>978.6</ele>
      </trkpt>
      <trkpt lat="37.30698" lon="-3.23099">
        <ele>979.3</ele>
      </trkpt>
      <trkpt lat="37.30698" lon="-3.23096">
        <ele>979.6</ele>
      </trkpt>
      <trkpt lat="37.30695" lon="-3.23087">
        <ele>980.6</ele>
      </trkpt>
      <trkpt lat="37.30691" lon="-3.23077">
        <ele>981.8</ele>
      </trkpt>
      <trkpt lat="37.30686" lon="-3.23064">
        <ele>983.4</ele>
      </trkpt>
      <trkpt lat="37.30685" lon="-3.23057">
        <ele>984.1</ele>
      </trkpt>
      <trkpt lat="37.30683" lon="-3.2305">
        <ele>984.9</ele>
      </trkpt>
      <trkpt lat="37.30681" lon="-3.23035">
        <ele>986.5</ele>
      </trkpt>
      <trkpt lat="37.30681" lon="-3.23033">
        <ele>986.7</ele>
      </trkpt>
      <trkpt lat="37.30681" lon="-3.23016">
        <ele>988.3</ele>
      </trkpt>
      <trkpt lat="37.30682" lon="-3.23012">
        <ele>988.6</ele>
      </trkpt>
      <trkpt lat="37.30683" lon="-3.23007">
        <ele>989.0</ele>
      </trkpt>
      <trkpt lat="37.30683" lon="-3.22999">
        <ele>989.6</ele>
      </trkpt>
      <trkpt lat="37.30682" lon="-3.2299">
        <ele>989.0</ele>
      </trkpt>
      <trkpt lat="37.30681" lon="-3.22979">
        <ele>988.3</ele>
      </trkpt>
      <trkpt lat="37.3068" lon="-3.22967">
        <ele>987.5</ele>
      </trkpt>
      <trkpt lat="37.30678" lon="-3.22947">
        <ele>986.0</ele>
      </trkpt>
      <trkpt lat="37.30678" lon="-3.22945">
        <ele>985.8</ele>
      </trkpt>
      <trkpt lat="37.30676" lon="-3.22922">
        <ele>984.0</ele>
      </trkpt>
      <trkpt lat="37.30674" lon="-3.22914">
        <ele>983.2</ele>
      </trkpt>
      <trkpt lat="37.30672" lon="-3.22909">
        <ele>982.5</ele>
      </trkpt>
      <trkpt lat="37.3067" lon="-3.22905">
        <ele>982.0</ele>
      </trkpt>
      <trkpt lat="37.30668" lon="-3.22903">
        <ele>981.6</ele>
      </trkpt>
      <trkpt lat="37.30666" lon="-3.22901">
        <ele>981.4</ele>
      </trkpt>
      <trkpt lat="37.30656" lon="-3.22892">
        <ele>981.0</ele>
      </trkpt>
      <trkpt lat="37.30653" lon="-3.2289">
        <ele>980.9</ele>
      </trkpt>
      <trkpt lat="37.30646" lon="-3.22886">
        <ele>980.9</ele>
      </trkpt>
      <trkpt lat="37.30637" lon="-3.2288">
        <ele>980.7</ele>
      </trkpt>
      <trkpt lat="37.30624" lon="-3.2287">
        <ele>980.2</ele>
      </trkpt>
      <trkpt lat="37.30621" lon="-3.22868">
        <ele>980.1</ele>
      </trkpt>
      <trkpt lat="37.30603" lon="-3.22855">
        <ele>979.2</ele>
      </trkpt>
      <trkpt lat="37.3059" lon="-3.22846">
        <ele>978.5</ele>
      </trkpt>
      <trkpt lat="37.30589" lon="-3.22844">
        <ele>978.3</ele>
      </trkpt>
      <trkpt lat="37.30575" lon="-3.22835">
        <ele>977.4</ele>
      </trkpt>
      <trkpt lat="37.30568" lon="-3.2283">
        <ele>977.1</ele>
      </trkpt>
      <trkpt lat="37.30564" lon="-3.22827">
        <ele>977.0</ele>
      </trkpt>
      <trkpt lat="37.3056" lon="-3.22822">
        <ele>976.7</ele>
      </trkpt>
      <trkpt lat="37.30558" lon="-3.2282">
        <ele>976.6</ele>
      </trkpt>
      <trkpt lat="37.30552" lon="-3.22811">
        <ele>976.1</ele>
      </trkpt>
      <trkpt lat="37.30543" lon="-3.22795">
        <ele>975.2</ele>
      </trkpt>
      <trkpt lat="37.30539" lon="-3.22786">
        <ele>974.7</ele>
      </trkpt>
      <trkpt lat="37.30535" lon="-3.22779">
        <ele>974.2</ele>
      </trkpt>
      <trkpt lat="37.30528" lon="-3.22767">
        <ele>973.6</ele>
      </trkpt>
      <trkpt lat="37.30517" lon="-3.22749">
        <ele>972.6</ele>
      </trkpt>
      <trkpt lat="37.30509" lon="-3.22738">
        <ele>973.1</ele>
      </trkpt>
      <trkpt lat="37.30505" lon="-3.22733">
        <ele>973.4</ele>
      </trkpt>
      <trkpt lat="37.30501" lon="-3.22728">
        <ele>973.7</ele>
      </trkpt>
      <trkpt lat="37.30493" lon="-3.22719">
        <ele>974.5</ele>
      </trkpt>
      <trkpt lat="37.30493" lon="-3.22719">
        <ele>974.5</ele>
      </trkpt>
      <trkpt lat="37.30451" lon="-3.22672">
        <ele>979.8</ele>
      </trkpt>
      <trkpt lat="37.30428" lon="-3.22649">
        <ele>983.5</ele>
      </trkpt>
      <trkpt lat="37.30413" lon="-3.22641">
        <ele>985.5</ele>
      </trkpt>
      <trkpt lat="37.30391" lon="-3.22639">
        <ele>987.5</ele>
      </trkpt>
      <trkpt lat="37.3038" lon="-3.22633">
        <ele>988.8</ele>
      </trkpt>
      <trkpt lat="37.30363" lon="-3.22617">
        <ele>991.2</ele>
      </trkpt>
      <trkpt lat="37.30349" lon="-3.22601">
        <ele>993.1</ele>
      </trkpt>
      <trkpt lat="37.30343" lon="-3.22594">
        <ele>993.9</ele>
      </trkpt>
      <trkpt lat="37.30336" lon="-3.2259">
        <ele>994.5</ele>
      </trkpt>
      <trkpt lat="37.30296" lon="-3.22578">
        <ele>1001.4</ele>
      </trkpt>
      <trkpt lat="37.30289" lon="-3.22575">
        <ele>1002.8</ele>
      </trkpt>
      <trkpt lat="37.30264" lon="-3.22553">
        <ele>1007.6</ele>
      </trkpt>
      <trkpt lat="37.30242" lon="-3.2253">
        <ele>1010.7</ele>
      </trkpt>
      <trkpt lat="37.30231" lon="-3.22511">
        <ele>1011.9</ele>
      </trkpt>
      <trkpt lat="37.30228" lon="-3.22502">
        <ele>1012.1</ele>
      </trkpt>
      <trkpt lat="37.30228" lon="-3.22502">
        <ele>1012.1</ele>
      </trkpt>
      <trkpt lat="37.30211" lon="-3.22451">
        <ele>1006.0</ele>
      </trkpt>
      <trkpt lat="37.30201" lon="-3.22408">
        <ele>999.5</ele>
      </trkpt>
      <trkpt lat="37.30195" lon="-3.22374">
        <ele>996.3</ele>
      </trkpt>
      <trkpt lat="37.30198" lon="-3.2236">
        <ele>995.2</ele>
      </trkpt>
      <trkpt lat="37.30205" lon="-3.22348">
        <ele>994.4</ele>
      </trkpt>
      <trkpt lat="37.30227" lon="-3.22322">
        <ele>992.8</ele>
      </trkpt>
      <trkpt lat="37.30235" lon="-3.22308">
        <ele>992.3</ele>
      </trkpt>
      <trkpt lat="37.30236" lon="-3.22293">
        <ele>991.9</ele>
      </trkpt>
      <trkpt lat="37.30242" lon="-3.22259">
        <ele>990.3</ele>
      </trkpt>
      <trkpt lat="37.30263" lon="-3.22209">
        <ele>988.0</ele>
      </trkpt>
      <trkpt lat="37.3027" lon="-3.22129">
        <ele>984.7</ele>
      </trkpt>
      <trkpt lat="37.30266" lon="-3.22064">
        <ele>980.6</ele>
      </trkpt>
      <trkpt lat="37.30261" lon="-3.21999">
        <ele>975.5</ele>
      </trkpt>
      <trkpt lat="37.30264" lon="-3.21935">
        <ele>973.3</ele>
      </trkpt>
      <trkpt lat="37.30271" lon="-3.2189">
        <ele>971.1</ele>
      </trkpt>
      <trkpt lat="37.30282" lon="-3.21839">
        <ele>967.3</ele>
      </trkpt>
      <trkpt lat="37.30294" lon="-3.21793">
        <ele>963.2</ele>
      </trkpt>
      <trkpt lat="37.30297" lon="-3.21786">
        <ele>962.5</ele>
      </trkpt>
      <trkpt lat="37.30297" lon="-3.21786">
        <ele>962.5</ele>
      </trkpt>
      <trkpt lat="37.303" lon="-3.21777">
        <ele>961.7</ele>
      </trkpt>
      <trkpt lat="37.30305" lon="-3.21771">
        <ele>961.1</ele>
      </trkpt>
      <trkpt lat="37.303" lon="-3.21767">
        <ele>960.7</ele>
      </trkpt>
      <trkpt lat="37.30266" lon="-3.21725">
        <ele>958.5</ele>
      </trkpt>
      <trkpt lat="37.30246" lon="-3.21678">
        <ele>957.9</ele>
      </trkpt>
      <trkpt lat="37.30246" lon="-3.21678">
        <ele>957.9</ele>
      </trkpt>
      <trkpt lat="37.30244" lon="-3.21673">
        <ele>957.7</ele>
      </trkpt>
      <trkpt lat="37.30244" lon="-3.21661">
        <ele>956.9</ele>
      </trkpt>
      <trkpt lat="37.30247" lon="-3.21653">
        <ele>955.9</ele>
      </trkpt>
      <trkpt lat="37.30256" lon="-3.21634">
        <ele>953.1</ele>
      </trkpt>
      <trkpt lat="37.30261" lon="-3.21622">
        <ele>951.4</ele>
      </trkpt>
      <trkpt lat="37.30263" lon="-3.2161">
        <ele>949.7</ele>
      </trkpt>
      <trkpt lat="37.30261" lon="-3.21587">
        <ele>946.6</ele>
      </trkpt>
      <trkpt lat="37.30257" lon="-3.21567">
        <ele>945.2</ele>
      </trkpt>
      <trkpt lat="37.30247" lon="-3.21548">
        <ele>944.4</ele>
      </trkpt>
      <trkpt lat="37.30237" lon="-3.21539">
        <ele>944.2</ele>
      </trkpt>
      <trkpt lat="37.30175" lon="-3.21496">
        <ele>944.3</ele>
      </trkpt>
      <trkpt lat="37.30169" lon="-3.21488">
        <ele>945.5</ele>
      </trkpt>
      <trkpt lat="37.30167" lon="-3.21476">
        <ele>947.2</ele>
      </trkpt>
      <trkpt lat="37.30171" lon="-3.21461">
        <ele>949.0</ele>
      </trkpt>
      <trkpt lat="37.30197" lon="-3.21409">
        <ele>953.7</ele>
      </trkpt>
      <trkpt lat="37.30205" lon="-3.21393">
        <ele>954.4</ele>
      </trkpt>
      <trkpt lat="37.3021" lon="-3.21373">
        <ele>955.6</ele>
      </trkpt>
      <trkpt lat="37.30211" lon="-3.21356">
        <ele>956.8</ele>
      </trkpt>
      <trkpt lat="37.30202" lon="-3.21314">
        <ele>958.5</ele>
      </trkpt>
      <trkpt lat="37.30199" lon="-3.21262">
        <ele>958.2</ele>
      </trkpt>
      <trkpt lat="37.30195" lon="-3.21263">
        <ele>958.1</ele>
      </trkpt>
      <trkpt lat="37.30193" lon="-3.21262">
        <ele>958.1</ele>
      </trkpt>
      <trkpt lat="37.30186" lon="-3.21268">
        <ele>957.9</ele>
      </trkpt>
      <trkpt lat="37.30156" lon="-3.21299">
        <ele>958.6</ele>
      </trkpt>
      <trkpt lat="37.30123" lon="-3.2132">
        <ele>960.0</ele>
      </trkpt>
      <trkpt lat="37.30106" lon="-3.21329">
        <ele>960.5</ele>
      </trkpt>
      <trkpt lat="37.30106" lon="-3.21329">
        <ele>960.5</ele>
      </trkpt>
      <trkpt lat="37.30051" lon="-3.21364">
        <ele>962.2</ele>
      </trkpt>
      <trkpt lat="37.29996" lon="-3.21399">
        <ele>965.3</ele>
      </trkpt>
      <trkpt lat="37.29941" lon="-3.21434">
        <ele>967.0</ele>
      </trkpt>
      <trkpt lat="37.29902" lon="-3.21465">
        <ele>969.2</ele>
      </trkpt>
      <trkpt lat="37.29869" lon="-3.21496">
        <ele>971.7</ele>
      </trkpt>
      <trkpt lat="37.29801" lon="-3.21527">
        <ele>974.8</ele>
      </trkpt>
      <trkpt lat="37.29733" lon="-3.21558">
        <ele>978.9</ele>
      </trkpt>
      <trkpt lat="37.29666" lon="-3.21588">
        <ele>982.1</ele>
      </trkpt>
      <trkpt lat="37.29621" lon="-3.21604">
        <ele>984.3</ele>
      </trkpt>
      <trkpt lat="37.29577" lon="-3.21621">
        <ele>986.9</ele>
      </trkpt>
      <trkpt lat="37.29523" lon="-3.21658">
        <ele>989.3</ele>
      </trkpt>
      <trkpt lat="37.29488" lon="-3.21696">
        <ele>990.6</ele>
      </trkpt>
      <trkpt lat="37.29454" lon="-3.21737">
        <ele>992.8</ele>
      </trkpt>
      <trkpt lat="37.29442" lon="-3.21766">
        <ele>993.6</ele>
      </trkpt>
      <trkpt lat="37.29437" lon="-3.21789">
        <ele>993.8</ele>
      </trkpt>
      <trkpt lat="37.29409" lon="-3.2185">
        <ele>996.0</ele>
      </trkpt>
      <trkpt lat="37.29381" lon="-3.21911">
        <ele>994.1</ele>
      </trkpt>
      <trkpt lat="37.29366" lon="-3.21931">
        <ele>994.5</ele>
      </trkpt>
      <trkpt lat="37.29343" lon="-3.21937">
        <ele>997.0</ele>
      </trkpt>
      <trkpt lat="37.2933" lon="-3.21941">
        <ele>998.5</ele>
      </trkpt>
      <trkpt lat="37.29319" lon="-3.21951">
        <ele>999.7</ele>
      </trkpt>
      <trkpt lat="37.29316" lon="-3.21969">
        <ele>999.0</ele>
      </trkpt>
      <trkpt lat="37.29321" lon="-3.2199">
        <ele>996.5</ele>
      </trkpt>
      <trkpt lat="37.29338" lon="-3.22031">
        <ele>991.7</ele>
      </trkpt>
      <trkpt lat="37.29336" lon="-3.22122">
        <ele>990.3</ele>
      </trkpt>
      <trkpt lat="37.29335" lon="-3.22214">
        <ele>989.9</ele>
      </trkpt>
      <trkpt lat="37.29329" lon="-3.22235">
        <ele>990.5</ele>
      </trkpt>
      <trkpt lat="37.29309" lon="-3.22265">
        <ele>993.0</ele>
      </trkpt>
      <trkpt lat="37.29301" lon="-3.22294">
        <ele>994.8</ele>
      </trkpt>
      <trkpt lat="37.29304" lon="-3.22319">
        <ele>995.1</ele>
      </trkpt>
      <trkpt lat="37.29333" lon="-3.22396">
        <ele>997.3</ele>
      </trkpt>
      <trkpt lat="37.29363" lon="-3.22474">
        <ele>999.0</ele>
      </trkpt>
      <trkpt lat="37.29392" lon="-3.22551">
        <ele>999.7</ele>
      </trkpt>
      <trkpt lat="37.29397" lon="-3.22577">
        <ele>1000.6</ele>
      </trkpt>
      <trkpt lat="37.2939" lon="-3.2264">
        <ele>1002.3</ele>
      </trkpt>
      <trkpt lat="37.29393" lon="-3.22725">
        <ele>1005.4</ele>
      </trkpt>
      <trkpt lat="37.29395" lon="-3.2281">
        <ele>1008.1</ele>
      </trkpt>
      <trkpt lat="37.29398" lon="-3.22896">
        <ele>1012.7</ele>
      </trkpt>
      <trkpt lat="37.2938" lon="-3.22974">
        <ele>1017.8</ele>
      </trkpt>
      <trkpt lat="37.29361" lon="-3.23052">
        <ele>1021.1</ele>
      </trkpt>
      <trkpt lat="37.29343" lon="-3.23131">
        <ele>1025.4</ele>
      </trkpt>
      <trkpt lat="37.29336" lon="-3.23156">
        <ele>1027.2</ele>
      </trkpt>
      <trkpt lat="37.29306" lon="-3.23225">
        <ele>1031.7</ele>
      </trkpt>
      <trkpt lat="37.29276" lon="-3.23294">
        <ele>1037.0</ele>
      </trkpt>
      <trkpt lat="37.29246" lon="-3.23364">
        <ele>1040.1</ele>
      </trkpt>
      <trkpt lat="37.29244" lon="-3.23433">
        <ele>1042.6</ele>
      </trkpt>
      <trkpt lat="37.2925" lon="-3.2346">
        <ele>1044.1</ele>
      </trkpt>
      <trkpt lat="37.29287" lon="-3.23525">
        <ele>1046.0</ele>
      </trkpt>
      <trkpt lat="37.29288" lon="-3.2355">
        <ele>1046.2</ele>
      </trkpt>
      <trkpt lat="37.29276" lon="-3.23596">
        <ele>1046.1</ele>
      </trkpt>
      <trkpt lat="37.29278" lon="-3.23625">
        <ele>1043.7</ele>
      </trkpt>
      <trkpt lat="37.29292" lon="-3.23706">
        <ele>1039.7</ele>
      </trkpt>
      <trkpt lat="37.29305" lon="-3.23786">
        <ele>1043.8</ele>
      </trkpt>
      <trkpt lat="37.29319" lon="-3.23867">
        <ele>1049.1</ele>
      </trkpt>
      <trkpt lat="37.29319" lon="-3.23908">
        <ele>1049.7</ele>
      </trkpt>
      <trkpt lat="37.29305" lon="-3.23969">
        <ele>1046.9</ele>
      </trkpt>
      <trkpt lat="37.29285" lon="-3.24029">
        <ele>1043.6</ele>
      </trkpt>
      <trkpt lat="37.29281" lon="-3.24047">
        <ele>1042.8</ele>
      </trkpt>
      <trkpt lat="37.29282" lon="-3.24075">
        <ele>1041.3</ele>
      </trkpt>
      <trkpt lat="37.29286" lon="-3.24094">
        <ele>1039.4</ele>
      </trkpt>
      <trkpt lat="37.29286" lon="-3.24094">
        <ele>1039.4</ele>
      </trkpt>
      <trkpt lat="37.29291" lon="-3.24119">
        <ele>1036.0</ele>
      </trkpt>
      <trkpt lat="37.29317" lon="-3.24168">
        <ele>1028.1</ele>
      </trkpt>
      <trkpt lat="37.29351" lon="-3.24211">
        <ele>1023.4</ele>
      </trkpt>
      <trkpt lat="37.29359" lon="-3.24228">
        <ele>1021.9</ele>
      </trkpt>
      <trkpt lat="37.29356" lon="-3.24251">
        <ele>1021.1</ele>
      </trkpt>
      <trkpt lat="37.29324" lon="-3.24297">
        <ele>1021.8</ele>
      </trkpt>
      <trkpt lat="37.29293" lon="-3.24343">
        <ele>1024.2</ele>
      </trkpt>
      <trkpt lat="37.29266" lon="-3.24377">
        <ele>1025.0</ele>
      </trkpt>
      <trkpt lat="37.29216" lon="-3.24404">
        <ele>1027.3</ele>
      </trkpt>
      <trkpt lat="37.29166" lon="-3.2443">
        <ele>1029.1</ele>
      </trkpt>
      <trkpt lat="37.29167" lon="-3.24432">
        <ele>1023.4</ele>
      </trkpt>
      <trkpt lat="37.29167" lon="-3.24432">
        <ele>1023.4</ele>
      </trkpt>
      <trkpt lat="37.29109" lon="-3.24468">
        <ele>1026.3</ele>
      </trkpt>
      <trkpt lat="37.29051" lon="-3.24504">
        <ele>1030.5</ele>
      </trkpt>
      <trkpt lat="37.28993" lon="-3.2454">
        <ele>1032.6</ele>
      </trkpt>
      <trkpt lat="37.289346" lon="-3.24574">
        <ele>1034.1</ele>
      </trkpt>
      <trkpt lat="37.288763" lon="-3.24608">
        <ele>1035.0</ele>
      </trkpt>
      <trkpt lat="37.28818" lon="-3.24642">
        <ele>1036.5</ele>
      </trkpt>
      <trkpt lat="37.2874" lon="-3.246903">
        <ele>1039.0</ele>
      </trkpt>
      <trkpt lat="37.28662" lon="-3.247386">
        <ele>1041.7</ele>
      </trkpt>
      <trkpt lat="37.28584" lon="-3.24787">
        <ele>1044.2</ele>
      </trkpt>
      <trkpt lat="37.28575" lon="-3.24794">
        <ele>1044.3</ele>
      </trkpt>
      <trkpt lat="37.28561" lon="-3.24813">
        <ele>1044.4</ele>
      </trkpt>
      <trkpt lat="37.28557" lon="-3.24851">
        <ele>1044.5</ele>
      </trkpt>
      <trkpt lat="37.28548" lon="-3.24879">
        <ele>1044.9</ele>
      </trkpt>
      <trkpt lat="37.28538" lon="-3.24895">
        <ele>1045.6</ele>
      </trkpt>
      <trkpt lat="37.284783" lon="-3.249553">
        <ele>1048.3</ele>
      </trkpt>
      <trkpt lat="37.284186" lon="-3.250156">
        <ele>1052.4</ele>
      </trkpt>
      <trkpt lat="37.28359" lon="-3.25076">
        <ele>1060.0</ele>
      </trkpt>
      <trkpt lat="37.28345" lon="-3.25096">
        <ele>1060.0</ele>
      </trkpt>
      <trkpt lat="37.28323" lon="-3.25133">
        <ele>1063.5</ele>
      </trkpt>
      <trkpt lat="37.28308" lon="-3.25179">
        <ele>1065.4</ele>
      </trkpt>
      <trkpt lat="37.283" lon="-3.25191">
        <ele>1065.4</ele>
      </trkpt>
      <trkpt lat="37.28279" lon="-3.25206">
        <ele>1069.6</ele>
      </trkpt>
      <trkpt lat="37.28244" lon="-3.25245">
        <ele>1073.1</ele>
      </trkpt>
      <trkpt lat="37.28236" lon="-3.25255">
        <ele>1073.7</ele>
      </trkpt>
      <trkpt lat="37.28227" lon="-3.25274">
        <ele>1074.8</ele>
      </trkpt>
      <trkpt lat="37.28216" lon="-3.25293">
        <ele>1075.5</ele>
      </trkpt>
      <trkpt lat="37.28181" lon="-3.25329">
        <ele>1074.6</ele>
      </trkpt>
      <trkpt lat="37.28175" lon="-3.25347">
        <ele>1073.5</ele>
      </trkpt>
      <trkpt lat="37.2817" lon="-3.2539">
        <ele>1072.3</ele>
      </trkpt>
      <trkpt lat="37.28164" lon="-3.25407">
        <ele>1068.7</ele>
      </trkpt>
      <trkpt lat="37.28145" lon="-3.25435">
        <ele>1068.7</ele>
      </trkpt>
      <trkpt lat="37.28138" lon="-3.25455">
        <ele>1067.5</ele>
      </trkpt>
      <trkpt lat="37.28131" lon="-3.25511">
        <ele>1064.2</ele>
      </trkpt>
      <trkpt lat="37.28124" lon="-3.25567">
        <ele>1059.6</ele>
      </trkpt>
      <trkpt lat="37.28115" lon="-3.25583">
        <ele>1058.3</ele>
      </trkpt>
      <trkpt lat="37.28081" lon="-3.2561">
        <ele>1055.7</ele>
      </trkpt>
      <trkpt lat="37.2807" lon="-3.25632">
        <ele>1055.5</ele>
      </trkpt>
      <trkpt lat="37.2806" lon="-3.25672">
        <ele>1056.6</ele>
      </trkpt>
      <trkpt lat="37.28045" lon="-3.25705">
        <ele>1057.6</ele>
      </trkpt>
      <trkpt lat="37.28034" lon="-3.25735">
        <ele>1057.9</ele>
      </trkpt>
      <trkpt lat="37.28031" lon="-3.25794">
        <ele>1059.7</ele>
      </trkpt>
      <trkpt lat="37.28021" lon="-3.2582">
        <ele>1059.8</ele>
      </trkpt>
      <trkpt lat="37.27962" lon="-3.25862">
        <ele>1058.6</ele>
      </trkpt>
      <trkpt lat="37.2793" lon="-3.25905">
        <ele>1060.5</ele>
      </trkpt>
      <trkpt lat="37.27921" lon="-3.25925">
        <ele>1060.5</ele>
      </trkpt>
      <trkpt lat="37.27905" lon="-3.26004">
        <ele>1062.0</ele>
      </trkpt>
      <trkpt lat="37.27907" lon="-3.26028">
        <ele>1060.8</ele>
      </trkpt>
      <trkpt lat="37.27917" lon="-3.26072">
        <ele>1058.6</ele>
      </trkpt>
      <trkpt lat="37.27919" lon="-3.26089">
        <ele>1057.1</ele>
      </trkpt>
      <trkpt lat="37.27915" lon="-3.26101">
        <ele>1056.7</ele>
      </trkpt>
      <trkpt lat="37.27905" lon="-3.26109">
        <ele>1056.7</ele>
      </trkpt>
      <trkpt lat="37.2783" lon="-3.2612">
        <ele>1048.6</ele>
      </trkpt>
      <trkpt lat="37.27768" lon="-3.26133">
        <ele>1043.5</ele>
      </trkpt>
      <trkpt lat="37.27762" lon="-3.26139">
        <ele>1042.9</ele>
      </trkpt>
      <trkpt lat="37.27745" lon="-3.26169">
        <ele>1041.2</ele>
      </trkpt>
      <trkpt lat="37.2774" lon="-3.26202">
        <ele>1038.6</ele>
      </trkpt>
      <trkpt lat="37.27741" lon="-3.26228">
        <ele>1036.7</ele>
      </trkpt>
      <trkpt lat="37.27747" lon="-3.26238">
        <ele>1036.7</ele>
      </trkpt>
      <trkpt lat="37.27757" lon="-3.26243">
        <ele>1036.0</ele>
      </trkpt>
      <trkpt lat="37.2779" lon="-3.26243">
        <ele>1033.3</ele>
      </trkpt>
      <trkpt lat="37.27817" lon="-3.26282">
        <ele>1028.9</ele>
      </trkpt>
      <trkpt lat="37.27829" lon="-3.26323">
        <ele>1025.0</ele>
      </trkpt>
      <trkpt lat="37.27834" lon="-3.2635">
        <ele>1024.1</ele>
      </trkpt>
      <trkpt lat="37.27834" lon="-3.26376">
        <ele>1022.1</ele>
      </trkpt>
      <trkpt lat="37.27859" lon="-3.26474">
        <ele>1018.8</ele>
      </trkpt>
      <trkpt lat="37.27855" lon="-3.26505">
        <ele>1019.5</ele>
      </trkpt>
      <trkpt lat="37.27853" lon="-3.26601">
        <ele>1025.8</ele>
      </trkpt>
      <trkpt lat="37.2785" lon="-3.26621">
        <ele>1027.6</ele>
      </trkpt>
      <trkpt lat="37.27841" lon="-3.26643">
        <ele>1029.6</ele>
      </trkpt>
      <trkpt lat="37.27838" lon="-3.26656">
        <ele>1030.3</ele>
      </trkpt>
      <trkpt lat="37.27839" lon="-3.26669">
        <ele>1030.8</ele>
      </trkpt>
      <trkpt lat="37.27862" lon="-3.26726">
        <ele>1032.8</ele>
      </trkpt>
      <trkpt lat="37.27864" lon="-3.26738">
        <ele>1032.8</ele>
      </trkpt>
      <trkpt lat="37.2786" lon="-3.26798">
        <ele>1034.9</ele>
      </trkpt>
      <trkpt lat="37.27852" lon="-3.26821">
        <ele>1037.1</ele>
      </trkpt>
      <trkpt lat="37.27802" lon="-3.26914">
        <ele>1043.2</ele>
      </trkpt>
      <trkpt lat="37.27799" lon="-3.26927">
        <ele>1043.2</ele>
      </trkpt>
      <trkpt lat="37.278" lon="-3.2694">
        <ele>1046.0</ele>
      </trkpt>
      <trkpt lat="37.27813" lon="-3.26975">
        <ele>1047.8</ele>
      </trkpt>
      <trkpt lat="37.27815" lon="-3.26987">
        <ele>1047.8</ele>
      </trkpt>
      <trkpt lat="37.27814" lon="-3.27001">
        <ele>1050.1</ele>
      </trkpt>
      <trkpt lat="37.27809" lon="-3.27013">
        <ele>1050.1</ele>
      </trkpt>
      <trkpt lat="37.27774" lon="-3.27062">
        <ele>1055.6</ele>
      </trkpt>
      <trkpt lat="37.27771" lon="-3.27075">
        <ele>1056.6</ele>
      </trkpt>
      <trkpt lat="37.27774" lon="-3.27091">
        <ele>1057.5</ele>
      </trkpt>
      <trkpt lat="37.27773" lon="-3.27109">
        <ele>1058.7</ele>
      </trkpt>
      <trkpt lat="37.27767" lon="-3.27122">
        <ele>1059.7</ele>
      </trkpt>
      <trkpt lat="37.27716" lon="-3.2715">
        <ele>1063.5</ele>
      </trkpt>
      <trkpt lat="37.27705" lon="-3.27163">
        <ele>1065.2</ele>
      </trkpt>
      <trkpt lat="37.27689" lon="-3.27198">
        <ele>1067.9</ele>
      </trkpt>
      <trkpt lat="37.2768" lon="-3.27211">
        <ele>1069.3</ele>
      </trkpt>
      <trkpt lat="37.27674" lon="-3.27225">
        <ele>1070.3</ele>
      </trkpt>
      <trkpt lat="37.27672" lon="-3.27252">
        <ele>1072.5</ele>
      </trkpt>
      <trkpt lat="37.27667" lon="-3.27266">
        <ele>1074.8</ele>
      </trkpt>
      <trkpt lat="37.27659" lon="-3.27279">
        <ele>1076.5</ele>
      </trkpt>
      <trkpt lat="37.27649" lon="-3.27281">
        <ele>1077.7</ele>
      </trkpt>
      <trkpt lat="37.27635" lon="-3.27275">
        <ele>1078.6</ele>
      </trkpt>
      <trkpt lat="37.27623" lon="-3.27253">
        <ele>1079.6</ele>
      </trkpt>
      <trkpt lat="37.27618" lon="-3.27224">
        <ele>1080.6</ele>
      </trkpt>
      <trkpt lat="37.27611" lon="-3.27212">
        <ele>1082.6</ele>
      </trkpt>
      <trkpt lat="37.27599" lon="-3.27211">
        <ele>1083.3</ele>
      </trkpt>
      <trkpt lat="37.27589" lon="-3.27214">
        <ele>1083.6</ele>
      </trkpt>
      <trkpt lat="37.27579" lon="-3.27241">
        <ele>1083.7</ele>
      </trkpt>
      <trkpt lat="37.27577" lon="-3.27306">
        <ele>1084.6</ele>
      </trkpt>
      <trkpt lat="37.27589" lon="-3.27336">
        <ele>1085.4</ele>
      </trkpt>
      <trkpt lat="37.27595" lon="-3.27359">
        <ele>1086.6</ele>
      </trkpt>
      <trkpt lat="37.27593" lon="-3.27423">
        <ele>1089.6</ele>
      </trkpt>
      <trkpt lat="37.27591" lon="-3.27487">
        <ele>1094.3</ele>
      </trkpt>
      <trkpt lat="37.27563" lon="-3.275635">
        <ele>1099.5</ele>
      </trkpt>
      <trkpt lat="37.27535" lon="-3.2764">
        <ele>1105.3</ele>
      </trkpt>
      <trkpt lat="37.27525" lon="-3.27653">
        <ele>1105.3</ele>
      </trkpt>
      <trkpt lat="37.27501" lon="-3.27668">
        <ele>1104.8</ele>
      </trkpt>
      <trkpt lat="37.27481" lon="-3.27687">
        <ele>1104.2</ele>
      </trkpt>
      <trkpt lat="37.27465" lon="-3.27694">
        <ele>1103.0</ele>
      </trkpt>
      <trkpt lat="37.27448" lon="-3.27693">
        <ele>1102.6</ele>
      </trkpt>
      <trkpt lat="37.27435" lon="-3.27686">
        <ele>1101.5</ele>
      </trkpt>
      <trkpt lat="37.27424" lon="-3.27687">
        <ele>1100.9</ele>
      </trkpt>
      <trkpt lat="37.27402" lon="-3.27708">
        <ele>1097.8</ele>
      </trkpt>
      <trkpt lat="37.2739" lon="-3.27713">
        <ele>1097.8</ele>
      </trkpt>
      <trkpt lat="37.27362" lon="-3.27709">
        <ele>1094.3</ele>
      </trkpt>
      <trkpt lat="37.27326" lon="-3.27714">
        <ele>1091.0</ele>
      </trkpt>
      <trkpt lat="37.27308" lon="-3.2772">
        <ele>1089.7</ele>
      </trkpt>
      <trkpt lat="37.27291" lon="-3.27732">
        <ele>1085.8</ele>
      </trkpt>
      <trkpt lat="37.27283" lon="-3.27743">
        <ele>1085.8</ele>
      </trkpt>
      <trkpt lat="37.27265" lon="-3.27788">
        <ele>1080.3</ele>
      </trkpt>
      <trkpt lat="37.27258" lon="-3.27797">
        <ele>1080.3</ele>
      </trkpt>
      <trkpt lat="37.27242" lon="-3.27803">
        <ele>1079.4</ele>
      </trkpt>
      <trkpt lat="37.27223" lon="-3.27829">
        <ele>1076.0</ele>
      </trkpt>
      <trkpt lat="37.27213" lon="-3.27836">
        <ele>1074.6</ele>
      </trkpt>
      <trkpt lat="37.27204" lon="-3.27841">
        <ele>1074.6</ele>
      </trkpt>
      <trkpt lat="37.27189" lon="-3.27835">
        <ele>1072.9</ele>
      </trkpt>
      <trkpt lat="37.27168" lon="-3.27844">
        <ele>1069.9</ele>
      </trkpt>
      <trkpt lat="37.27156" lon="-3.27865">
        <ele>1069.9</ele>
      </trkpt>
      <trkpt lat="37.27144" lon="-3.27936">
        <ele>1063.8</ele>
      </trkpt>
      <trkpt lat="37.27136" lon="-3.27947">
        <ele>1063.8</ele>
      </trkpt>
      <trkpt lat="37.27122" lon="-3.27962">
        <ele>1061.7</ele>
      </trkpt>
      <trkpt lat="37.27095" lon="-3.27979">
        <ele>1057.9</ele>
      </trkpt>
      <trkpt lat="37.27086" lon="-3.2799">
        <ele>1057.9</ele>
      </trkpt>
      <trkpt lat="37.27055" lon="-3.28047">
        <ele>1053.6</ele>
      </trkpt>
      <trkpt lat="37.27035" lon="-3.28068">
        <ele>1051.6</ele>
      </trkpt>
      <trkpt lat="37.27025" lon="-3.28073">
        <ele>1051.1</ele>
      </trkpt>
      <trkpt lat="37.26974" lon="-3.28091">
        <ele>1047.9</ele>
      </trkpt>
      <trkpt lat="37.26963" lon="-3.28095">
        <ele>1046.7</ele>
      </trkpt>
      <trkpt lat="37.26956" lon="-3.28108">
        <ele>1045.7</ele>
      </trkpt>
      <trkpt lat="37.26952" lon="-3.28121">
        <ele>1044.9</ele>
      </trkpt>
      <trkpt lat="37.26952" lon="-3.28135">
        <ele>1043.4</ele>
      </trkpt>
      <trkpt lat="37.26956" lon="-3.28149">
        <ele>1043.4</ele>
      </trkpt>
      <trkpt lat="37.26964" lon="-3.2816">
        <ele>1041.3</ele>
      </trkpt>
      <trkpt lat="37.26975" lon="-3.28167">
        <ele>1039.4</ele>
      </trkpt>
      <trkpt lat="37.26989" lon="-3.28162">
        <ele>1039.4</ele>
      </trkpt>
      <trkpt lat="37.27003" lon="-3.28155">
        <ele>1036.1</ele>
      </trkpt>
      <trkpt lat="37.27041" lon="-3.28129">
        <ele>1032.4</ele>
      </trkpt>
      <trkpt lat="37.27101" lon="-3.28094">
        <ele>1026.8</ele>
      </trkpt>
      <trkpt lat="37.27124" lon="-3.28093">
        <ele>1024.6</ele>
      </trkpt>
      <trkpt lat="37.27146" lon="-3.28095">
        <ele>1023.3</ele>
      </trkpt>
      <trkpt lat="37.27185" lon="-3.28108">
        <ele>1020.4</ele>
      </trkpt>
      <trkpt lat="37.27198" lon="-3.28109">
        <ele>1020.4</ele>
      </trkpt>
      <trkpt lat="37.2723" lon="-3.28092">
        <ele>1017.3</ele>
      </trkpt>
      <trkpt lat="37.27262" lon="-3.28085">
        <ele>1014.8</ele>
      </trkpt>
      <trkpt lat="37.27297" lon="-3.28065">
        <ele>1010.4</ele>
      </trkpt>
      <trkpt lat="37.27312" lon="-3.28059">
        <ele>1010.4</ele>
      </trkpt>
      <trkpt lat="37.27343" lon="-3.28064">
        <ele>1008.3</ele>
      </trkpt>
      <trkpt lat="37.27359" lon="-3.28072">
        <ele>1006.5</ele>
      </trkpt>
      <trkpt lat="37.274115" lon="-3.281204">
        <ele>1002.5</ele>
      </trkpt>
      <trkpt lat="37.27464" lon="-3.28169">
        <ele>996.1</ele>
      </trkpt>
      <trkpt lat="37.274764" lon="-3.281947">
        <ele>996.5</ele>
      </trkpt>
      <trkpt lat="37.274764" lon="-3.281947">
        <ele>996.5</ele>
      </trkpt>
      <trkpt lat="37.27477" lon="-3.28196">
        <ele>995.1</ele>
      </trkpt>
      <trkpt lat="37.275045" lon="-3.282884">
        <ele>989.4</ele>
      </trkpt>
      <trkpt lat="37.27532" lon="-3.28381">
        <ele>983.1</ele>
      </trkpt>
      <trkpt lat="37.27546" lon="-3.28369">
        <ele>982.4</ele>
      </trkpt>
      <trkpt lat="37.27562" lon="-3.2834">
        <ele>981.7</ele>
      </trkpt>
      <trkpt lat="37.27573" lon="-3.28325">
        <ele>981.1</ele>
      </trkpt>
      <trkpt lat="37.27599" lon="-3.28309">
        <ele>980.4</ele>
      </trkpt>
      <trkpt lat="37.27627" lon="-3.28284">
        <ele>980.0</ele>
      </trkpt>
      <trkpt lat="37.27635" lon="-3.28282">
        <ele>979.7</ele>
      </trkpt>
      <trkpt lat="37.27642" lon="-3.28283">
        <ele>979.7</ele>
      </trkpt>
      <trkpt lat="37.27664" lon="-3.28295">
        <ele>982.5</ele>
      </trkpt>
      <trkpt lat="37.27664" lon="-3.28295">
        <ele>982.5</ele>
      </trkpt>
      <trkpt lat="37.27664" lon="-3.28295">
        <ele>982.5</ele>
      </trkpt>
      <trkpt lat="37.27666" lon="-3.28295">
        <ele>982.5</ele>
      </trkpt>
      <trkpt lat="37.27667" lon="-3.28301">
        <ele>982.4</ele>
      </trkpt>
      <trkpt lat="37.27696" lon="-3.28302">
        <ele>981.9</ele>
      </trkpt>
      <trkpt lat="37.27722" lon="-3.28317">
        <ele>981.4</ele>
      </trkpt>
      <trkpt lat="37.27729" lon="-3.28319">
        <ele>981.3</ele>
      </trkpt>
      <trkpt lat="37.27785" lon="-3.28312">
        <ele>979.0</ele>
      </trkpt>
      <trkpt lat="37.27798" lon="-3.28314">
        <ele>978.3</ele>
      </trkpt>
      <trkpt lat="37.27839" lon="-3.28331">
        <ele>975.9</ele>
      </trkpt>
      <trkpt lat="37.27858" lon="-3.28335">
        <ele>975.4</ele>
      </trkpt>
      <trkpt lat="37.27863" lon="-3.28337">
        <ele>975.3</ele>
      </trkpt>
      <trkpt lat="37.27871" lon="-3.28357">
        <ele>974.9</ele>
      </trkpt>
      <trkpt lat="37.27876" lon="-3.28368">
        <ele>974.7</ele>
      </trkpt>
      <trkpt lat="37.27879" lon="-3.2837">
        <ele>974.7</ele>
      </trkpt>
      <trkpt lat="37.27883" lon="-3.28372">
        <ele>974.6</ele>
      </trkpt>
      <trkpt lat="37.27888" lon="-3.28373">
        <ele>974.5</ele>
      </trkpt>
      <trkpt lat="37.27936" lon="-3.28374">
        <ele>975.7</ele>
      </trkpt>
      <trkpt lat="37.27946" lon="-3.28376">
        <ele>976.5</ele>
      </trkpt>
      <trkpt lat="37.27964" lon="-3.28385">
        <ele>978.5</ele>
      </trkpt>
      <trkpt lat="37.2798" lon="-3.28398">
        <ele>981.3</ele>
      </trkpt>
      <trkpt lat="37.27964" lon="-3.28437">
        <ele>983.3</ele>
      </trkpt>
      <trkpt lat="37.27956" lon="-3.28463">
        <ele>984.5</ele>
      </trkpt>
      <trkpt lat="37.2795" lon="-3.28487">
        <ele>985.6</ele>
      </trkpt>
      <trkpt lat="37.27938" lon="-3.28547">
        <ele>986.6</ele>
      </trkpt>
      <trkpt lat="37.27926" lon="-3.28595">
        <ele>986.6</ele>
      </trkpt>
      <trkpt lat="37.2792" lon="-3.28607">
        <ele>985.8</ele>
      </trkpt>
      <trkpt lat="37.27912" lon="-3.28613">
        <ele>985.1</ele>
      </trkpt>
      <trkpt lat="37.27894" lon="-3.28616">
        <ele>984.0</ele>
      </trkpt>
      <trkpt lat="37.27886" lon="-3.28615">
        <ele>983.5</ele>
      </trkpt>
      <trkpt lat="37.27872" lon="-3.287">
        <ele>985.1</ele>
      </trkpt>
      <trkpt lat="37.27867" lon="-3.2877">
        <ele>986.7</ele>
      </trkpt>
      <trkpt lat="37.278603" lon="-3.288436">
        <ele>986.0</ele>
      </trkpt>
      <trkpt lat="37.278526" lon="-3.289253">
        <ele>986.8</ele>
      </trkpt>
      <trkpt lat="37.27845" lon="-3.29007">
        <ele>988.2</ele>
      </trkpt>
      <trkpt lat="37.278275" lon="-3.29092">
        <ele>989.6</ele>
      </trkpt>
      <trkpt lat="37.2781" lon="-3.29177">
        <ele>990.7</ele>
      </trkpt>
      <trkpt lat="37.27804" lon="-3.29279">
        <ele>992.4</ele>
      </trkpt>
      <trkpt lat="37.27772" lon="-3.29374">
        <ele>994.1</ele>
      </trkpt>
      <trkpt lat="37.27769" lon="-3.29437">
        <ele>994.7</ele>
      </trkpt>
      <trkpt lat="37.2777" lon="-3.29471">
        <ele>994.8</ele>
      </trkpt>
      <trkpt lat="37.27774" lon="-3.29488">
        <ele>995.0</ele>
      </trkpt>
      <trkpt lat="37.27791" lon="-3.29518">
        <ele>995.6</ele>
      </trkpt>
      <trkpt lat="37.27796" lon="-3.29535">
        <ele>995.9</ele>
      </trkpt>
      <trkpt lat="37.27798" lon="-3.295925">
        <ele>997.2</ele>
      </trkpt>
      <trkpt lat="37.278" lon="-3.2965">
        <ele>999.6</ele>
      </trkpt>
      <trkpt lat="37.27807" lon="-3.29699">
        <ele>1001.9</ele>
      </trkpt>
      <trkpt lat="37.27805" lon="-3.29732">
        <ele>1001.9</ele>
      </trkpt>
      <trkpt lat="37.27779" lon="-3.29795">
        <ele>1004.2</ele>
      </trkpt>
      <trkpt lat="37.27796" lon="-3.29873">
        <ele>1005.2</ele>
      </trkpt>
      <trkpt lat="37.27784" lon="-3.29955">
        <ele>1006.0</ele>
      </trkpt>
      <trkpt lat="37.27772" lon="-3.30037">
        <ele>1006.9</ele>
      </trkpt>
      <trkpt lat="37.2776" lon="-3.30119">
        <ele>1008.0</ele>
      </trkpt>
      <trkpt lat="37.27735" lon="-3.30197">
        <ele>1009.6</ele>
      </trkpt>
      <trkpt lat="37.2771" lon="-3.30275">
        <ele>1012.7</ele>
      </trkpt>
      <trkpt lat="37.27686" lon="-3.30377">
        <ele>1014.6</ele>
      </trkpt>
      <trkpt lat="37.27661" lon="-3.30458">
        <ele>1015.7</ele>
      </trkpt>
      <trkpt lat="37.27642" lon="-3.30529">
        <ele>1017.5</ele>
      </trkpt>
      <trkpt lat="37.27623" lon="-3.306">
        <ele>1018.8</ele>
      </trkpt>
      <trkpt lat="37.27598" lon="-3.30648">
        <ele>1021.9</ele>
      </trkpt>
      <trkpt lat="37.27589" lon="-3.30696">
        <ele>1023.6</ele>
      </trkpt>
      <trkpt lat="37.27588" lon="-3.307939">
        <ele>1026.5</ele>
      </trkpt>
      <trkpt lat="37.27587" lon="-3.30892">
        <ele>1028.2</ele>
      </trkpt>
      <trkpt lat="37.275945" lon="-3.309764">
        <ele>1030.1</ele>
      </trkpt>
      <trkpt lat="37.27602" lon="-3.31061">
        <ele>1031.4</ele>
      </trkpt>
      <trkpt lat="37.27625" lon="-3.3117">
        <ele>1033.5</ele>
      </trkpt>
      <trkpt lat="37.27628" lon="-3.31278">
        <ele>1036.0</ele>
      </trkpt>
      <trkpt lat="37.27636" lon="-3.31366">
        <ele>1038.2</ele>
      </trkpt>
      <trkpt lat="37.27648" lon="-3.31414">
        <ele>1039.7</ele>
      </trkpt>
      <trkpt lat="37.27676" lon="-3.31497">
        <ele>1041.0</ele>
      </trkpt>
      <trkpt lat="37.27671" lon="-3.31542">
        <ele>1041.8</ele>
      </trkpt>
      <trkpt lat="37.27655" lon="-3.31572">
        <ele>1042.9</ele>
      </trkpt>
      <trkpt lat="37.276135" lon="-3.316425">
        <ele>1044.9</ele>
      </trkpt>
      <trkpt lat="37.27572" lon="-3.31713">
        <ele>1048.9</ele>
      </trkpt>
      <trkpt lat="37.27568" lon="-3.31735">
        <ele>1050.1</ele>
      </trkpt>
      <trkpt lat="37.27577" lon="-3.318064">
        <ele>1052.8</ele>
      </trkpt>
      <trkpt lat="37.27586" lon="-3.31878">
        <ele>1056.6</ele>
      </trkpt>
      <trkpt lat="37.27585" lon="-3.31896">
        <ele>1056.9</ele>
      </trkpt>
      <trkpt lat="37.2757" lon="-3.31938">
        <ele>1057.7</ele>
      </trkpt>
      <trkpt lat="37.27552" lon="-3.3197">
        <ele>1058.9</ele>
      </trkpt>
      <trkpt lat="37.27524" lon="-3.32011">
        <ele>1059.4</ele>
      </trkpt>
      <trkpt lat="37.275" lon="-3.32062">
        <ele>1060.2</ele>
      </trkpt>
      <trkpt lat="37.27476" lon="-3.32113">
        <ele>1060.8</ele>
      </trkpt>
      <trkpt lat="37.27464" lon="-3.32145">
        <ele>1061.5</ele>
      </trkpt>
      <trkpt lat="37.27457" lon="-3.32167">
        <ele>1061.9</ele>
      </trkpt>
      <trkpt lat="37.27443" lon="-3.32243">
        <ele>1063.9</ele>
      </trkpt>
      <trkpt lat="37.27434" lon="-3.32303">
        <ele>1067.0</ele>
      </trkpt>
      <trkpt lat="37.27425" lon="-3.32363">
        <ele>1068.5</ele>
      </trkpt>
      <trkpt lat="37.27417" lon="-3.3239">
        <ele>1069.1</ele>
      </trkpt>
      <trkpt lat="37.27407" lon="-3.32404">
        <ele>1069.1</ele>
      </trkpt>
      <trkpt lat="37.27402" lon="-3.32409">
        <ele>1069.5</ele>
      </trkpt>
      <trkpt lat="37.27364" lon="-3.32424">
        <ele>1070.2</ele>
      </trkpt>
      <trkpt lat="37.27347" lon="-3.32444">
        <ele>1070.4</ele>
      </trkpt>
      <trkpt lat="37.27342" lon="-3.32452">
        <ele>1071.1</ele>
      </trkpt>
      <trkpt lat="37.27332" lon="-3.32505">
        <ele>1073.2</ele>
      </trkpt>
      <trkpt lat="37.27326" lon="-3.32518">
        <ele>1073.2</ele>
      </trkpt>
      <trkpt lat="37.27277" lon="-3.32566">
        <ele>1077.5</ele>
      </trkpt>
      <trkpt lat="37.27271" lon="-3.32579">
        <ele>1078.4</ele>
      </trkpt>
      <trkpt lat="37.27272" lon="-3.32595">
        <ele>1079.1</ele>
      </trkpt>
      <trkpt lat="37.27281" lon="-3.32634">
        <ele>1081.5</ele>
      </trkpt>
      <trkpt lat="37.27283" lon="-3.32653">
        <ele>1083.0</ele>
      </trkpt>
      <trkpt lat="37.27281" lon="-3.32682">
        <ele>1084.2</ele>
      </trkpt>
      <trkpt lat="37.272735" lon="-3.32743">
        <ele>1086.7</ele>
      </trkpt>
      <trkpt lat="37.27266" lon="-3.32804">
        <ele>1089.2</ele>
      </trkpt>
      <trkpt lat="37.27267" lon="-3.32816">
        <ele>1089.9</ele>
      </trkpt>
      <trkpt lat="37.27278" lon="-3.32851">
        <ele>1091.4</ele>
      </trkpt>
      <trkpt lat="37.2728" lon="-3.32864">
        <ele>1091.4</ele>
      </trkpt>
      <trkpt lat="37.27284" lon="-3.32926">
        <ele>1093.7</ele>
      </trkpt>
      <trkpt lat="37.27283" lon="-3.32939">
        <ele>1093.7</ele>
      </trkpt>
      <trkpt lat="37.27278" lon="-3.32962">
        <ele>1096.2</ele>
      </trkpt>
      <trkpt lat="37.27259" lon="-3.33019">
        <ele>1098.1</ele>
      </trkpt>
      <trkpt lat="37.2724" lon="-3.33076">
        <ele>1100.6</ele>
      </trkpt>
      <trkpt lat="37.27237" lon="-3.33102">
        <ele>1101.8</ele>
      </trkpt>
      <trkpt lat="37.27236" lon="-3.33156">
        <ele>1102.8</ele>
      </trkpt>
      <trkpt lat="37.27234" lon="-3.33163">
        <ele>1102.8</ele>
      </trkpt>
      <trkpt lat="37.27226" lon="-3.33174">
        <ele>1103.0</ele>
      </trkpt>
      <trkpt lat="37.27212" lon="-3.33186">
        <ele>1103.6</ele>
      </trkpt>
      <trkpt lat="37.271844" lon="-3.331977">
        <ele>1104.2</ele>
      </trkpt>
      <trkpt lat="37.27139" lon="-3.33217">
        <ele>1105.3</ele>
      </trkpt>
      <trkpt lat="37.2713" lon="-3.33227">
        <ele>1105.6</ele>
      </trkpt>
      <trkpt lat="37.27125" lon="-3.33244">
        <ele>1105.6</ele>
      </trkpt>
      <trkpt lat="37.27124" lon="-3.33278">
        <ele>1107.0</ele>
      </trkpt>
      <trkpt lat="37.27121" lon="-3.33292">
        <ele>1108.2</ele>
      </trkpt>
      <trkpt lat="37.27097" lon="-3.33346">
        <ele>1109.8</ele>
      </trkpt>
      <trkpt lat="37.27087" lon="-3.33361">
        <ele>1110.8</ele>
      </trkpt>
      <trkpt lat="37.27062" lon="-3.33379">
        <ele>1113.0</ele>
      </trkpt>
      <trkpt lat="37.27054" lon="-3.33387">
        <ele>1113.8</ele>
      </trkpt>
      <trkpt lat="37.2702" lon="-3.33429">
        <ele>1117.7</ele>
      </trkpt>
      <trkpt lat="37.26993" lon="-3.33448">
        <ele>1120.2</ele>
      </trkpt>
      <trkpt lat="37.26983" lon="-3.33457">
        <ele>1120.2</ele>
      </trkpt>
      <trkpt lat="37.26972" lon="-3.33475">
        <ele>1122.1</ele>
      </trkpt>
      <trkpt lat="37.26955" lon="-3.33515">
        <ele>1123.8</ele>
      </trkpt>
      <trkpt lat="37.26949" lon="-3.33522">
        <ele>1125.9</ele>
      </trkpt>
      <trkpt lat="37.26942" lon="-3.33523">
        <ele>1125.9</ele>
      </trkpt>
      <trkpt lat="37.26914" lon="-3.33515">
        <ele>1127.9</ele>
      </trkpt>
      <trkpt lat="37.26891" lon="-3.33515">
        <ele>1129.4</ele>
      </trkpt>
      <trkpt lat="37.26849" lon="-3.335485">
        <ele>1133.4</ele>
      </trkpt>
      <trkpt lat="37.26807" lon="-3.33582">
        <ele>1138.5</ele>
      </trkpt>
      <trkpt lat="37.26788" lon="-3.33589">
        <ele>1139.3</ele>
      </trkpt>
      <trkpt lat="37.26735" lon="-3.33586">
        <ele>1144.3</ele>
      </trkpt>
      <trkpt lat="37.26719" lon="-3.3359">
        <ele>1146.1</ele>
      </trkpt>
      <trkpt lat="37.26663" lon="-3.33632">
        <ele>1153.0</ele>
      </trkpt>
      <trkpt lat="37.26615" lon="-3.33689">
        <ele>1157.8</ele>
      </trkpt>
      <trkpt lat="37.26567" lon="-3.33746">
        <ele>1160.5</ele>
      </trkpt>
      <trkpt lat="37.26537" lon="-3.33827">
        <ele>1164.0</ele>
      </trkpt>
      <trkpt lat="37.26497" lon="-3.33895">
        <ele>1165.7</ele>
      </trkpt>
      <trkpt lat="37.26497" lon="-3.33896">
        <ele>1165.7</ele>
      </trkpt>
      <trkpt lat="37.2647" lon="-3.33922">
        <ele>1167.9</ele>
      </trkpt>
      <trkpt lat="37.26451" lon="-3.33954">
        <ele>1167.9</ele>
      </trkpt>
      <trkpt lat="37.26439" lon="-3.33997">
        <ele>1169.5</ele>
      </trkpt>
      <trkpt lat="37.264065" lon="-3.34045">
        <ele>1172.3</ele>
      </trkpt>
      <trkpt lat="37.26374" lon="-3.34093">
        <ele>1173.5</ele>
      </trkpt>
      <trkpt lat="37.26363" lon="-3.34179">
        <ele>1176.5</ele>
      </trkpt>
      <trkpt lat="37.26362" lon="-3.34214">
        <ele>1177.7</ele>
      </trkpt>
      <trkpt lat="37.26369" lon="-3.34247">
        <ele>1178.7</ele>
      </trkpt>
      <trkpt lat="37.264015" lon="-3.343249">
        <ele>1180.4</ele>
      </trkpt>
      <trkpt lat="37.26434" lon="-3.34403">
        <ele>1183.8</ele>
      </trkpt>
      <trkpt lat="37.26496" lon="-3.34465">
        <ele>1186.0</ele>
      </trkpt>
      <trkpt lat="37.26518" lon="-3.34532">
        <ele>1187.1</ele>
      </trkpt>
      <trkpt lat="37.26525" lon="-3.34593">
        <ele>1188.5</ele>
      </trkpt>
      <trkpt lat="37.265103" lon="-3.346946">
        <ele>1190.1</ele>
      </trkpt>
      <trkpt lat="37.264956" lon="-3.347963">
        <ele>1192.5</ele>
      </trkpt>
      <trkpt lat="37.26481" lon="-3.34898">
        <ele>1195.8</ele>
      </trkpt>
      <trkpt lat="37.26455" lon="-3.34973">
        <ele>1198.4</ele>
      </trkpt>
      <trkpt lat="37.26417" lon="-3.35067">
        <ele>1201.0</ele>
      </trkpt>
      <trkpt lat="37.26369" lon="-3.35125">
        <ele>1202.7</ele>
      </trkpt>
      <trkpt lat="37.26318" lon="-3.35205">
        <ele>1204.4</ele>
      </trkpt>
      <trkpt lat="37.26267" lon="-3.35285">
        <ele>1206.0</ele>
      </trkpt>
      <trkpt lat="37.26243" lon="-3.35393">
        <ele>1207.7</ele>
      </trkpt>
      <trkpt lat="37.26231" lon="-3.354545">
        <ele>1209.4</ele>
      </trkpt>
      <trkpt lat="37.26219" lon="-3.35516">
        <ele>1210.4</ele>
      </trkpt>
      <trkpt lat="37.2618" lon="-3.35603">
        <ele>1213.8</ele>
      </trkpt>
      <trkpt lat="37.26141" lon="-3.3569">
        <ele>1216.4</ele>
      </trkpt>
      <trkpt lat="37.26093" lon="-3.35779">
        <ele>1217.1</ele>
      </trkpt>
      <trkpt lat="37.26045" lon="-3.35868">
        <ele>1217.5</ele>
      </trkpt>
      <trkpt lat="37.25997" lon="-3.35937">
        <ele>1218.9</ele>
      </trkpt>
      <trkpt lat="37.259413" lon="-3.359783">
        <ele>1220.6</ele>
      </trkpt>
      <trkpt lat="37.258856" lon="-3.360196">
        <ele>1222.1</ele>
      </trkpt>
      <trkpt lat="37.2583" lon="-3.36061">
        <ele>1223.8</ele>
      </trkpt>
      <trkpt lat="37.257692" lon="-3.361397">
        <ele>1225.8</ele>
      </trkpt>
      <trkpt lat="37.257085" lon="-3.362185">
        <ele>1228.4</ele>
      </trkpt>
      <trkpt lat="37.256477" lon="-3.362972">
        <ele>1230.7</ele>
      </trkpt>
      <trkpt lat="37.25587" lon="-3.36376">
        <ele>1233.8</ele>
      </trkpt>
      <trkpt lat="37.25553" lon="-3.36471">
        <ele>1236.3</ele>
      </trkpt>
      <trkpt lat="37.255155" lon="-3.365555">
        <ele>1238.9</ele>
      </trkpt>
      <trkpt lat="37.25478" lon="-3.3664">
        <ele>1241.9</ele>
      </trkpt>
      <trkpt lat="37.254393" lon="-3.367403">
        <ele>1245.0</ele>
      </trkpt>
      <trkpt lat="37.254006" lon="-3.368406">
        <ele>1247.4</ele>
      </trkpt>
      <trkpt lat="37.25362" lon="-3.36941">
        <ele>1251.1</ele>
      </trkpt>
      <trkpt lat="37.253475" lon="-3.370445">
        <ele>1253.6</ele>
      </trkpt>
      <trkpt lat="37.25333" lon="-3.37148">
        <ele>1256.0</ele>
      </trkpt>
      <trkpt lat="37.25339" lon="-3.37237">
        <ele>1258.0</ele>
      </trkpt>
      <trkpt lat="37.25337" lon="-3.37312">
        <ele>1261.9</ele>
      </trkpt>
      <trkpt lat="37.25334" lon="-3.37337">
        <ele>1263.2</ele>
      </trkpt>
      <trkpt lat="37.25322" lon="-3.37367">
        <ele>1265.8</ele>
      </trkpt>
      <trkpt lat="37.25278" lon="-3.37456">
        <ele>1275.2</ele>
      </trkpt>
      <trkpt lat="37.25265" lon="-3.37474">
        <ele>1276.2</ele>
      </trkpt>
      <trkpt lat="37.25246" lon="-3.37484">
        <ele>1278.6</ele>
      </trkpt>
      <trkpt lat="37.251863" lon="-3.374966">
        <ele>1284.1</ele>
      </trkpt>
      <trkpt lat="37.251266" lon="-3.375093">
        <ele>1285.0</ele>
      </trkpt>
      <trkpt lat="37.25067" lon="-3.37522">
        <ele>1282.8</ele>
      </trkpt>
      <trkpt lat="37.249956" lon="-3.375436">
        <ele>1278.7</ele>
      </trkpt>
      <trkpt lat="37.249243" lon="-3.375653">
        <ele>1276.2</ele>
      </trkpt>
      <trkpt lat="37.24853" lon="-3.37587">
        <ele>1273.5</ele>
      </trkpt>
      <trkpt lat="37.24842" lon="-3.37591">
        <ele>1273.5</ele>
      </trkpt>
      <trkpt lat="37.24825" lon="-3.37603">
        <ele>1272.2</ele>
      </trkpt>
      <trkpt lat="37.24781" lon="-3.37658">
        <ele>1268.4</ele>
      </trkpt>
      <trkpt lat="37.24771" lon="-3.37676">
        <ele>1268.4</ele>
      </trkpt>
      <trkpt lat="37.24767" lon="-3.37694">
        <ele>1264.6</ele>
      </trkpt>
      <trkpt lat="37.24772" lon="-3.37752">
        <ele>1262.7</ele>
      </trkpt>
      <trkpt lat="37.24769" lon="-3.37766">
        <ele>1262.0</ele>
      </trkpt>
      <trkpt lat="37.24763" lon="-3.37775">
        <ele>1261.3</ele>
      </trkpt>
      <trkpt lat="37.24724" lon="-3.37813">
        <ele>1259.0</ele>
      </trkpt>
      <trkpt lat="37.24709" lon="-3.37832">
        <ele>1258.2</ele>
      </trkpt>
      <trkpt lat="37.24701" lon="-3.37867">
        <ele>1257.3</ele>
      </trkpt>
      <trkpt lat="37.24695" lon="-3.37884">
        <ele>1257.3</ele>
      </trkpt>
      <trkpt lat="37.24689" lon="-3.37894">
        <ele>1256.7</ele>
      </trkpt>
      <trkpt lat="37.24678" lon="-3.37901">
        <ele>1256.7</ele>
      </trkpt>
      <trkpt lat="37.24597" lon="-3.37923">
        <ele>1254.3</ele>
      </trkpt>
      <trkpt lat="37.24582" lon="-3.37922">
        <ele>1253.8</ele>
      </trkpt>
      <trkpt lat="37.24543" lon="-3.37894">
        <ele>1251.1</ele>
      </trkpt>
      <trkpt lat="37.24526" lon="-3.37893">
        <ele>1249.4</ele>
      </trkpt>
      <trkpt lat="37.24512" lon="-3.37895">
        <ele>1249.4</ele>
      </trkpt>
      <trkpt lat="37.24488" lon="-3.37915">
        <ele>1246.7</ele>
      </trkpt>
      <trkpt lat="37.24473" lon="-3.37922">
        <ele>1245.3</ele>
      </trkpt>
      <trkpt lat="37.24402" lon="-3.37915">
        <ele>1239.3</ele>
      </trkpt>
      <trkpt lat="37.2438" lon="-3.37908">
        <ele>1239.3</ele>
      </trkpt>
      <trkpt lat="37.24368" lon="-3.3789">
        <ele>1237.2</ele>
      </trkpt>
      <trkpt lat="37.24355" lon="-3.37861">
        <ele>1235.3</ele>
      </trkpt>
      <trkpt lat="37.24339" lon="-3.37847">
        <ele>1232.7</ele>
      </trkpt>
      <trkpt lat="37.2433" lon="-3.37841">
        <ele>1232.7</ele>
      </trkpt>
      <trkpt lat="37.24313" lon="-3.37842">
        <ele>1232.7</ele>
      </trkpt>
      <trkpt lat="37.243" lon="-3.37854">
        <ele>1229.7</ele>
      </trkpt>
      <trkpt lat="37.24294" lon="-3.37861">
        <ele>1229.7</ele>
      </trkpt>
      <trkpt lat="37.2429" lon="-3.37874">
        <ele>1229.7</ele>
      </trkpt>
      <trkpt lat="37.2429" lon="-3.37895">
        <ele>1227.6</ele>
      </trkpt>
      <trkpt lat="37.24298" lon="-3.37914">
        <ele>1227.6</ele>
      </trkpt>
      <trkpt lat="37.24314" lon="-3.37928">
        <ele>1224.9</ele>
      </trkpt>
      <trkpt lat="37.24333" lon="-3.37938">
        <ele>1223.8</ele>
      </trkpt>
      <trkpt lat="37.24343" lon="-3.37954">
        <ele>1221.4</ele>
      </trkpt>
      <trkpt lat="37.24348" lon="-3.37969">
        <ele>1221.4</ele>
      </trkpt>
      <trkpt lat="37.24344" lon="-3.37989">
        <ele>1218.9</ele>
      </trkpt>
      <trkpt lat="37.24323" lon="-3.38026">
        <ele>1216.3</ele>
      </trkpt>
      <trkpt lat="37.24321" lon="-3.38051">
        <ele>1215.3</ele>
      </trkpt>
      <trkpt lat="37.24327" lon="-3.38071">
        <ele>1214.2</ele>
      </trkpt>
      <trkpt lat="37.24361" lon="-3.38107">
        <ele>1210.3</ele>
      </trkpt>
      <trkpt lat="37.24369" lon="-3.38126">
        <ele>1210.3</ele>
      </trkpt>
      <trkpt lat="37.24371" lon="-3.38151">
        <ele>1206.6</ele>
      </trkpt>
      <trkpt lat="37.24364" lon="-3.38168">
        <ele>1205.5</ele>
      </trkpt>
      <trkpt lat="37.24353" lon="-3.38181">
        <ele>1203.1</ele>
      </trkpt>
      <trkpt lat="37.24338" lon="-3.38189">
        <ele>1203.1</ele>
      </trkpt>
      <trkpt lat="37.24324" lon="-3.38188">
        <ele>1202.0</ele>
      </trkpt>
      <trkpt lat="37.24311" lon="-3.38186">
        <ele>1200.8</ele>
      </trkpt>
      <trkpt lat="37.24283" lon="-3.38161">
        <ele>1199.1</ele>
      </trkpt>
      <trkpt lat="37.24269" lon="-3.38153">
        <ele>1198.1</ele>
      </trkpt>
      <trkpt lat="37.24252" lon="-3.38152">
        <ele>1197.5</ele>
      </trkpt>
      <trkpt lat="37.24241" lon="-3.38155">
        <ele>1197.5</ele>
      </trkpt>
      <trkpt lat="37.24233" lon="-3.38161">
        <ele>1197.5</ele>
      </trkpt>
      <trkpt lat="37.24223" lon="-3.38172">
        <ele>1196.0</ele>
      </trkpt>
      <trkpt lat="37.2419" lon="-3.3824">
        <ele>1193.9</ele>
      </trkpt>
      <trkpt lat="37.24157" lon="-3.38308">
        <ele>1190.9</ele>
      </trkpt>
      <trkpt lat="37.24124" lon="-3.38376">
        <ele>1189.1</ele>
      </trkpt>
      <trkpt lat="37.24062" lon="-3.38429">
        <ele>1188.9</ele>
      </trkpt>
      <trkpt lat="37.23999" lon="-3.3845">
        <ele>1189.0</ele>
      </trkpt>
      <trkpt lat="37.23954" lon="-3.38445">
        <ele>1188.6</ele>
      </trkpt>
      <trkpt lat="37.23936" lon="-3.38451">
        <ele>1188.3</ele>
      </trkpt>
      <trkpt lat="37.23917" lon="-3.38491">
        <ele>1187.8</ele>
      </trkpt>
      <trkpt lat="37.23899" lon="-3.38513">
        <ele>1187.3</ele>
      </trkpt>
      <trkpt lat="37.238125" lon="-3.385385">
        <ele>1186.1</ele>
      </trkpt>
      <trkpt lat="37.23726" lon="-3.38564">
        <ele>1189.4</ele>
      </trkpt>
      <trkpt lat="37.23707" lon="-3.38573">
        <ele>1190.5</ele>
      </trkpt>
      <trkpt lat="37.23696" lon="-3.38593">
        <ele>1191.4</ele>
      </trkpt>
      <trkpt lat="37.23682" lon="-3.38647">
        <ele>1194.8</ele>
      </trkpt>
      <trkpt lat="37.2366" lon="-3.38667">
        <ele>1198.3</ele>
      </trkpt>
      <trkpt lat="37.23634" lon="-3.3868">
        <ele>1199.8</ele>
      </trkpt>
      <trkpt lat="37.23615" lon="-3.38716">
        <ele>1202.6</ele>
      </trkpt>
      <trkpt lat="37.2361" lon="-3.3873">
        <ele>1203.1</ele>
      </trkpt>
      <trkpt lat="37.2361" lon="-3.38731">
        <ele>1203.1</ele>
      </trkpt>
      <trkpt lat="37.23608" lon="-3.38737">
        <ele>1203.6</ele>
      </trkpt>
      <trkpt lat="37.23591" lon="-3.38757">
        <ele>1205.0</ele>
      </trkpt>
      <trkpt lat="37.2355" lon="-3.38789">
        <ele>1206.6</ele>
      </trkpt>
      <trkpt lat="37.23546" lon="-3.3881">
        <ele>1206.7</ele>
      </trkpt>
      <trkpt lat="37.23558" lon="-3.38886">
        <ele>1204.3</ele>
      </trkpt>
      <trkpt lat="37.23543" lon="-3.38913">
        <ele>1202.9</ele>
      </trkpt>
      <trkpt lat="37.2351" lon="-3.38952">
        <ele>1199.9</ele>
      </trkpt>
      <trkpt lat="37.23508" lon="-3.39027">
        <ele>1197.2</ele>
      </trkpt>
      <trkpt lat="37.23478" lon="-3.39107">
        <ele>1195.5</ele>
      </trkpt>
      <trkpt lat="37.23481" lon="-3.39181">
        <ele>1194.3</ele>
      </trkpt>
      <trkpt lat="37.23465" lon="-3.39216">
        <ele>1193.9</ele>
      </trkpt>
      <trkpt lat="37.23413" lon="-3.39261">
        <ele>1191.4</ele>
      </trkpt>
      <trkpt lat="37.23361" lon="-3.39306">
        <ele>1187.2</ele>
      </trkpt>
      <trkpt lat="37.23299" lon="-3.39306">
        <ele>1181.3</ele>
      </trkpt>
      <trkpt lat="37.23245" lon="-3.3932">
        <ele>1178.6</ele>
      </trkpt>
      <trkpt lat="37.23211" lon="-3.39354">
        <ele>1171.9</ele>
      </trkpt>
      <trkpt lat="37.23181" lon="-3.39433">
        <ele>1166.1</ele>
      </trkpt>
      <trkpt lat="37.2314" lon="-3.39524">
        <ele>1162.8</ele>
      </trkpt>
      <trkpt lat="37.23129" lon="-3.39603">
        <ele>1162.4</ele>
      </trkpt>
      <trkpt lat="37.23111" lon="-3.39669">
        <ele>1162.6</ele>
      </trkpt>
      <trkpt lat="37.23064" lon="-3.3973">
        <ele>1163.4</ele>
      </trkpt>
      <trkpt lat="37.23021" lon="-3.397685">
        <ele>1163.5</ele>
      </trkpt>
      <trkpt lat="37.22978" lon="-3.39807">
        <ele>1163.1</ele>
      </trkpt>
      <trkpt lat="37.2296" lon="-3.3982">
        <ele>1162.9</ele>
      </trkpt>
      <trkpt lat="37.229" lon="-3.39812">
        <ele>1161.2</ele>
      </trkpt>
      <trkpt lat="37.228529" lon="-3.39819">
        <ele>1159.3</ele>
      </trkpt>
      <trkpt lat="37.22806" lon="-3.39826">
        <ele>1157.5</ele>
      </trkpt>
      <trkpt lat="37.22791" lon="-3.39833">
        <ele>1156.4</ele>
      </trkpt>
      <trkpt lat="37.2278" lon="-3.39873">
        <ele>1154.3</ele>
      </trkpt>
      <trkpt lat="37.22771" lon="-3.39913">
        <ele>1152.5</ele>
      </trkpt>
      <trkpt lat="37.22753" lon="-3.39934">
        <ele>1151.8</ele>
      </trkpt>
      <trkpt lat="37.22723" lon="-3.39951">
        <ele>1150.8</ele>
      </trkpt>
      <trkpt lat="37.2271" lon="-3.39962">
        <ele>1149.9</ele>
      </trkpt>
      <trkpt lat="37.22677" lon="-3.40053">
        <ele>1148.1</ele>
      </trkpt>
      <trkpt lat="37.22617" lon="-3.40132">
        <ele>1147.2</ele>
      </trkpt>
      <trkpt lat="37.22579" lon="-3.40145">
        <ele>1146.4</ele>
      </trkpt>
      <trkpt lat="37.22544" lon="-3.40185">
        <ele>1145.0</ele>
      </trkpt>
      <trkpt lat="37.22524" lon="-3.40255">
        <ele>1142.4</ele>
      </trkpt>
      <trkpt lat="37.22506" lon="-3.403">
        <ele>1141.1</ele>
      </trkpt>
      <trkpt lat="37.224715" lon="-3.40341">
        <ele>1138.5</ele>
      </trkpt>
      <trkpt lat="37.22437" lon="-3.40382">
        <ele>1136.8</ele>
      </trkpt>
      <trkpt lat="37.2242" lon="-3.4045">
        <ele>1132.3</ele>
      </trkpt>
      <trkpt lat="37.22379" lon="-3.4049">
        <ele>1130.0</ele>
      </trkpt>
      <trkpt lat="37.22358" lon="-3.40527">
        <ele>1128.2</ele>
      </trkpt>
      <trkpt lat="37.22361" lon="-3.40575">
        <ele>1125.5</ele>
      </trkpt>
      <trkpt lat="37.22379" lon="-3.40633">
        <ele>1124.2</ele>
      </trkpt>
      <trkpt lat="37.22372" lon="-3.40681">
        <ele>1123.6</ele>
      </trkpt>
      <trkpt lat="37.22332" lon="-3.40728">
        <ele>1123.2</ele>
      </trkpt>
      <trkpt lat="37.22322" lon="-3.40748">
        <ele>1122.9</ele>
      </trkpt>
      <trkpt lat="37.2232" lon="-3.40774">
        <ele>1122.4</ele>
      </trkpt>
      <trkpt lat="37.223415" lon="-3.408254">
        <ele>1120.4</ele>
      </trkpt>
      <trkpt lat="37.22363" lon="-3.40877">
        <ele>1117.2</ele>
      </trkpt>
      <trkpt lat="37.22372" lon="-3.40931">
        <ele>1113.7</ele>
      </trkpt>
      <trkpt lat="37.2238" lon="-3.41002">
        <ele>1112.0</ele>
      </trkpt>
      <trkpt lat="37.22372" lon="-3.41012">
        <ele>1112.3</ele>
      </trkpt>
      <trkpt lat="37.22362" lon="-3.41014">
        <ele>1112.3</ele>
      </trkpt>
      <trkpt lat="37.22336" lon="-3.41047">
        <ele>1113.4</ele>
      </trkpt>
      <trkpt lat="37.22317" lon="-3.411">
        <ele>1113.4</ele>
      </trkpt>
      <trkpt lat="37.22266" lon="-3.41142">
        <ele>1110.7</ele>
      </trkpt>
      <trkpt lat="37.22242" lon="-3.41175">
        <ele>1107.5</ele>
      </trkpt>
      <trkpt lat="37.22191" lon="-3.41228">
        <ele>1103.1</ele>
      </trkpt>
      <trkpt lat="37.22179" lon="-3.41243">
        <ele>1103.1</ele>
      </trkpt>
      <trkpt lat="37.22174" lon="-3.41263">
        <ele>1101.1</ele>
      </trkpt>
      <trkpt lat="37.22178" lon="-3.4129">
        <ele>1099.0</ele>
      </trkpt>
      <trkpt lat="37.22196" lon="-3.41304">
        <ele>1099.0</ele>
      </trkpt>
      <trkpt lat="37.22233" lon="-3.41317">
        <ele>1095.2</ele>
      </trkpt>
      <trkpt lat="37.22258" lon="-3.41338">
        <ele>1094.2</ele>
      </trkpt>
      <trkpt lat="37.22279" lon="-3.41388">
        <ele>1091.8</ele>
      </trkpt>
      <trkpt lat="37.22279" lon="-3.41413">
        <ele>1090.8</ele>
      </trkpt>
      <trkpt lat="37.22257" lon="-3.41487">
        <ele>1087.2</ele>
      </trkpt>
      <trkpt lat="37.22257" lon="-3.41508">
        <ele>1086.6</ele>
      </trkpt>
      <trkpt lat="37.22263" lon="-3.41524">
        <ele>1085.1</ele>
      </trkpt>
      <trkpt lat="37.22289" lon="-3.41551">
        <ele>1083.5</ele>
      </trkpt>
      <trkpt lat="37.22291" lon="-3.41576">
        <ele>1082.7</ele>
      </trkpt>
      <trkpt lat="37.22288" lon="-3.41597">
        <ele>1082.3</ele>
      </trkpt>
      <trkpt lat="37.22265" lon="-3.4165">
        <ele>1081.9</ele>
      </trkpt>
      <trkpt lat="37.22262" lon="-3.4167">
        <ele>1081.9</ele>
      </trkpt>
      <trkpt lat="37.22269" lon="-3.41724">
        <ele>1081.0</ele>
      </trkpt>
      <trkpt lat="37.22266" lon="-3.41741">
        <ele>1080.7</ele>
      </trkpt>
      <trkpt lat="37.22246" lon="-3.4182">
        <ele>1080.2</ele>
      </trkpt>
      <trkpt lat="37.22231" lon="-3.4184">
        <ele>1080.0</ele>
      </trkpt>
      <trkpt lat="37.22198" lon="-3.41853">
        <ele>1080.0</ele>
      </trkpt>
      <trkpt lat="37.22179" lon="-3.41872">
        <ele>1079.9</ele>
      </trkpt>
      <trkpt lat="37.221625" lon="-3.41927">
        <ele>1079.8</ele>
      </trkpt>
      <trkpt lat="37.22146" lon="-3.41982">
        <ele>1079.3</ele>
      </trkpt>
      <trkpt lat="37.22141" lon="-3.42009">
        <ele>1078.8</ele>
      </trkpt>
      <trkpt lat="37.22141" lon="-3.42036">
        <ele>1078.5</ele>
      </trkpt>
      <trkpt lat="37.22149" lon="-3.4207">
        <ele>1077.9</ele>
      </trkpt>
      <trkpt lat="37.2215" lon="-3.42107">
        <ele>1076.6</ele>
      </trkpt>
      <trkpt lat="37.221223" lon="-3.42174">
        <ele>1073.8</ele>
      </trkpt>
      <trkpt lat="37.220946" lon="-3.42241">
        <ele>1070.6</ele>
      </trkpt>
      <trkpt lat="37.22067" lon="-3.42308">
        <ele>1067.1</ele>
      </trkpt>
      <trkpt lat="37.2207" lon="-3.42329">
        <ele>1067.1</ele>
      </trkpt>
      <trkpt lat="37.22113" lon="-3.42428">
        <ele>1062.1</ele>
      </trkpt>
      <trkpt lat="37.22097" lon="-3.42477">
        <ele>1059.8</ele>
      </trkpt>
      <trkpt lat="37.22063" lon="-3.42558">
        <ele>1056.1</ele>
      </trkpt>
      <trkpt lat="37.22077" lon="-3.42638">
        <ele>1053.6</ele>
      </trkpt>
      <trkpt lat="37.22076" lon="-3.42649">
        <ele>1053.3</ele>
      </trkpt>
      <trkpt lat="37.2206" lon="-3.42694">
        <ele>1052.6</ele>
      </trkpt>
      <trkpt lat="37.22051" lon="-3.42733">
        <ele>1052.6</ele>
      </trkpt>
      <trkpt lat="37.2205" lon="-3.42775">
        <ele>1053.3</ele>
      </trkpt>
      <trkpt lat="37.22038" lon="-3.42823">
        <ele>1054.6</ele>
      </trkpt>
      <trkpt lat="37.22027" lon="-3.42836">
        <ele>1055.0</ele>
      </trkpt>
      <trkpt lat="37.22006" lon="-3.42857">
        <ele>1055.2</ele>
      </trkpt>
      <trkpt lat="37.21978" lon="-3.42894">
        <ele>1055.4</ele>
      </trkpt>
      <trkpt lat="37.21949" lon="-3.42937">
        <ele>1055.7</ele>
      </trkpt>
      <trkpt lat="37.21924" lon="-3.4298">
        <ele>1056.1</ele>
      </trkpt>
      <trkpt lat="37.21899" lon="-3.4306">
        <ele>1057.8</ele>
      </trkpt>
      <trkpt lat="37.21833" lon="-3.43121">
        <ele>1060.4</ele>
      </trkpt>
      <trkpt lat="37.21767" lon="-3.43182">
        <ele>1061.3</ele>
      </trkpt>
      <trkpt lat="37.21743" lon="-3.43264">
        <ele>1059.7</ele>
      </trkpt>
      <trkpt lat="37.21716" lon="-3.43326">
        <ele>1059.1</ele>
      </trkpt>
      <trkpt lat="37.21713" lon="-3.43371">
        <ele>1058.6</ele>
      </trkpt>
      <trkpt lat="37.21706" lon="-3.43393">
        <ele>1058.6</ele>
      </trkpt>
      <trkpt lat="37.21695" lon="-3.43412">
        <ele>1058.3</ele>
      </trkpt>
      <trkpt lat="37.21666" lon="-3.43501">
        <ele>1058.3</ele>
      </trkpt>
      <trkpt lat="37.21638" lon="-3.43548">
        <ele>1058.3</ele>
      </trkpt>
      <trkpt lat="37.2161" lon="-3.43576">
        <ele>1058.7</ele>
      </trkpt>
      <trkpt lat="37.21569" lon="-3.43605">
        <ele>1058.9</ele>
      </trkpt>
      <trkpt lat="37.21543" lon="-3.43609">
        <ele>1058.9</ele>
      </trkpt>
      <trkpt lat="37.21496" lon="-3.43595">
        <ele>1058.6</ele>
      </trkpt>
      <trkpt lat="37.21428" lon="-3.4357">
        <ele>1058.0</ele>
      </trkpt>
      <trkpt lat="37.2137" lon="-3.43543">
        <ele>1056.5</ele>
      </trkpt>
      <trkpt lat="37.21329" lon="-3.434989">
        <ele>1056.4</ele>
      </trkpt>
      <trkpt lat="37.21288" lon="-3.43455">
        <ele>1057.6</ele>
      </trkpt>
      <trkpt lat="37.21271" lon="-3.43448">
        <ele>1058.3</ele>
      </trkpt>
      <trkpt lat="37.21247" lon="-3.43453">
        <ele>1059.1</ele>
      </trkpt>
      <trkpt lat="37.21219" lon="-3.43466">
        <ele>1061.1</ele>
      </trkpt>
      <trkpt lat="37.212" lon="-3.43476">
        <ele>1063.4</ele>
      </trkpt>
      <trkpt lat="37.21184" lon="-3.43494">
        <ele>1064.0</ele>
      </trkpt>
      <trkpt lat="37.21165" lon="-3.43517">
        <ele>1066.8</ele>
      </trkpt>
      <trkpt lat="37.21141" lon="-3.43521">
        <ele>1066.8</ele>
      </trkpt>
      <trkpt lat="37.21133" lon="-3.43528">
        <ele>1069.2</ele>
      </trkpt>
      <trkpt lat="37.21124" lon="-3.43542">
        <ele>1069.2</ele>
      </trkpt>
      <trkpt lat="37.21118" lon="-3.43562">
        <ele>1070.6</ele>
      </trkpt>
      <trkpt lat="37.21111" lon="-3.43571">
        <ele>1070.6</ele>
      </trkpt>
      <trkpt lat="37.21097" lon="-3.43576">
        <ele>1072.0</ele>
      </trkpt>
      <trkpt lat="37.21033" lon="-3.43574">
        <ele>1077.2</ele>
      </trkpt>
      <trkpt lat="37.21025" lon="-3.43575">
        <ele>1077.2</ele>
      </trkpt>
      <trkpt lat="37.21016" lon="-3.43582">
        <ele>1077.2</ele>
      </trkpt>
      <trkpt lat="37.21003" lon="-3.43609">
        <ele>1079.3</ele>
      </trkpt>
      <trkpt lat="37.20992" lon="-3.43623">
        <ele>1080.9</ele>
      </trkpt>
      <trkpt lat="37.20985" lon="-3.43629">
        <ele>1080.9</ele>
      </trkpt>
      <trkpt lat="37.20975" lon="-3.4363">
        <ele>1081.4</ele>
      </trkpt>
      <trkpt lat="37.20961" lon="-3.43628">
        <ele>1082.5</ele>
      </trkpt>
      <trkpt lat="37.20953" lon="-3.43623">
        <ele>1082.5</ele>
      </trkpt>
      <trkpt lat="37.20944" lon="-3.43621">
        <ele>1083.1</ele>
      </trkpt>
      <trkpt lat="37.20919" lon="-3.43623">
        <ele>1083.6</ele>
      </trkpt>
      <trkpt lat="37.20894" lon="-3.43622">
        <ele>1085.0</ele>
      </trkpt>
      <trkpt lat="37.20861" lon="-3.43628">
        <ele>1085.4</ele>
      </trkpt>
      <trkpt lat="37.20849" lon="-3.43622">
        <ele>1085.3</ele>
      </trkpt>
      <trkpt lat="37.20839" lon="-3.43608">
        <ele>1084.9</ele>
      </trkpt>
      <trkpt lat="37.20829" lon="-3.43602">
        <ele>1084.5</ele>
      </trkpt>
      <trkpt lat="37.20825" lon="-3.43602">
        <ele>1084.5</ele>
      </trkpt>
      <trkpt lat="37.20804" lon="-3.4361">
        <ele>1083.0</ele>
      </trkpt>
      <trkpt lat="37.20776" lon="-3.43618">
        <ele>1081.8</ele>
      </trkpt>
      <trkpt lat="37.2077" lon="-3.43623">
        <ele>1079.5</ele>
      </trkpt>
      <trkpt lat="37.20766" lon="-3.43631">
        <ele>1079.5</ele>
      </trkpt>
      <trkpt lat="37.20761" lon="-3.4365">
        <ele>1078.5</ele>
      </trkpt>
      <trkpt lat="37.20756" lon="-3.43659">
        <ele>1078.0</ele>
      </trkpt>
      <trkpt lat="37.20731" lon="-3.43689">
        <ele>1075.9</ele>
      </trkpt>
      <trkpt lat="37.20694" lon="-3.43738">
        <ele>1074.5</ele>
      </trkpt>
      <trkpt lat="37.20685" lon="-3.43745">
        <ele>1073.4</ele>
      </trkpt>
      <trkpt lat="37.20676" lon="-3.43751">
        <ele>1073.4</ele>
      </trkpt>
      <trkpt lat="37.20657" lon="-3.43757">
        <ele>1072.6</ele>
      </trkpt>
      <trkpt lat="37.20634" lon="-3.43754">
        <ele>1071.7</ele>
      </trkpt>
      <trkpt lat="37.20604" lon="-3.43765">
        <ele>1069.7</ele>
      </trkpt>
      <trkpt lat="37.20575" lon="-3.43772">
        <ele>1068.3</ele>
      </trkpt>
      <trkpt lat="37.20561" lon="-3.4378">
        <ele>1067.4</ele>
      </trkpt>
      <trkpt lat="37.20533" lon="-3.43832">
        <ele>1064.8</ele>
      </trkpt>
      <trkpt lat="37.20521" lon="-3.43835">
        <ele>1064.1</ele>
      </trkpt>
      <trkpt lat="37.20506" lon="-3.43834">
        <ele>1063.7</ele>
      </trkpt>
      <trkpt lat="37.20473" lon="-3.43842">
        <ele>1062.6</ele>
      </trkpt>
      <trkpt lat="37.20453" lon="-3.43854">
        <ele>1062.6</ele>
      </trkpt>
      <trkpt lat="37.20439" lon="-3.4386">
        <ele>1062.9</ele>
      </trkpt>
      <trkpt lat="37.20432" lon="-3.43867">
        <ele>1062.9</ele>
      </trkpt>
      <trkpt lat="37.20409" lon="-3.43899">
        <ele>1063.8</ele>
      </trkpt>
      <trkpt lat="37.2038" lon="-3.4395">
        <ele>1063.7</ele>
      </trkpt>
      <trkpt lat="37.20373" lon="-3.43982">
        <ele>1063.1</ele>
      </trkpt>
      <trkpt lat="37.20383" lon="-3.44008">
        <ele>1061.2</ele>
      </trkpt>
      <trkpt lat="37.204" lon="-3.44028">
        <ele>1064.7</ele>
      </trkpt>
      <trkpt lat="37.2042" lon="-3.44054">
        <ele>1064.1</ele>
      </trkpt>
      <trkpt lat="37.20436" lon="-3.44079">
        <ele>1063.2</ele>
      </trkpt>
      <trkpt lat="37.20456" lon="-3.44104">
        <ele>1062.7</ele>
      </trkpt>
      <trkpt lat="37.2046" lon="-3.44111">
        <ele>1062.3</ele>
      </trkpt>
      <trkpt lat="37.20463" lon="-3.4412">
        <ele>1061.2</ele>
      </trkpt>
      <trkpt lat="37.20465" lon="-3.4413">
        <ele>1059.7</ele>
      </trkpt>
      <trkpt lat="37.20465" lon="-3.4413">
        <ele>1059.7</ele>
      </trkpt>
      <trkpt lat="37.20466" lon="-3.4417">
        <ele>1051.6</ele>
      </trkpt>
      <trkpt lat="37.20467" lon="-3.44183">
        <ele>1048.0</ele>
      </trkpt>
      <trkpt lat="37.20469" lon="-3.44196">
        <ele>1044.6</ele>
      </trkpt>
      <trkpt lat="37.20472" lon="-3.44201">
        <ele>1043.8</ele>
      </trkpt>
      <trkpt lat="37.20475" lon="-3.44199">
        <ele>1045.2</ele>
      </trkpt>
      <trkpt lat="37.20476" lon="-3.442">
        <ele>1045.1</ele>
      </trkpt>
      <trkpt lat="37.20479" lon="-3.44207">
        <ele>1043.6</ele>
      </trkpt>
      <trkpt lat="37.2048" lon="-3.44209">
        <ele>1043.2</ele>
      </trkpt>
      <trkpt lat="37.20483" lon="-3.44214">
        <ele>1042.3</ele>
      </trkpt>
      <trkpt lat="37.20487" lon="-3.44217">
        <ele>1042.3</ele>
      </trkpt>
      <trkpt lat="37.20489" lon="-3.44219">
        <ele>1042.0</ele>
      </trkpt>
      <trkpt lat="37.20495" lon="-3.44223">
        <ele>1042.0</ele>
      </trkpt>
      <trkpt lat="37.20501" lon="-3.44226">
        <ele>1042.0</ele>
      </trkpt>
      <trkpt lat="37.20511" lon="-3.44229">
        <ele>1040.6</ele>
      </trkpt>
      <trkpt lat="37.20517" lon="-3.44229">
        <ele>1040.3</ele>
      </trkpt>
      <trkpt lat="37.20536" lon="-3.44226">
        <ele>1040.7</ele>
      </trkpt>
      <trkpt lat="37.20563" lon="-3.44222">
        <ele>1041.7</ele>
      </trkpt>
      <trkpt lat="37.2061" lon="-3.44219">
        <ele>1041.1</ele>
      </trkpt>
      <trkpt lat="37.20638" lon="-3.44211">
        <ele>1043.0</ele>
      </trkpt>
      <trkpt lat="37.2065" lon="-3.4421">
        <ele>1042.6</ele>
      </trkpt>
      <trkpt lat="37.20682" lon="-3.44208">
        <ele>1041.9</ele>
      </trkpt>
      <trkpt lat="37.20684" lon="-3.44208">
        <ele>1041.8</ele>
      </trkpt>
      <trkpt lat="37.207" lon="-3.44209">
        <ele>1041.1</ele>
      </trkpt>
      <trkpt lat="37.20708" lon="-3.4421">
        <ele>1040.6</ele>
      </trkpt>
      <trkpt lat="37.20733" lon="-3.44211">
        <ele>1039.8</ele>
      </trkpt>
      <trkpt lat="37.20739" lon="-3.44211">
        <ele>1039.7</ele>
      </trkpt>
      <trkpt lat="37.20743" lon="-3.44212">
        <ele>1039.3</ele>
      </trkpt>
      <trkpt lat="37.20744" lon="-3.44212">
        <ele>1039.2</ele>
      </trkpt>
      <trkpt lat="37.20764" lon="-3.44216">
        <ele>1039.8</ele>
      </trkpt>
      <trkpt lat="37.20773" lon="-3.44217">
        <ele>1040.8</ele>
      </trkpt>
      <trkpt lat="37.20775" lon="-3.44217">
        <ele>1041.1</ele>
      </trkpt>
      <trkpt lat="37.20779" lon="-3.44218">
        <ele>1041.4</ele>
      </trkpt>
      <trkpt lat="37.20782" lon="-3.44218">
        <ele>1041.8</ele>
      </trkpt>
      <trkpt lat="37.20786" lon="-3.4422">
        <ele>1041.7</ele>
      </trkpt>
      <trkpt lat="37.20789" lon="-3.44221">
        <ele>1041.9</ele>
      </trkpt>
      <trkpt lat="37.20791" lon="-3.44222">
        <ele>1041.8</ele>
      </trkpt>
      <trkpt lat="37.20798" lon="-3.44228">
        <ele>1040.8</ele>
      </trkpt>
      <trkpt lat="37.20802" lon="-3.44231">
        <ele>1040.4</ele>
      </trkpt>
      <trkpt lat="37.2081" lon="-3.4424">
        <ele>1038.5</ele>
      </trkpt>
      <trkpt lat="37.20815" lon="-3.44246">
        <ele>1037.3</ele>
      </trkpt>
      <trkpt lat="37.20817" lon="-3.44248">
        <ele>1036.9</ele>
      </trkpt>
      <trkpt lat="37.2082" lon="-3.44252">
        <ele>1036.7</ele>
      </trkpt>
      <trkpt lat="37.20823" lon="-3.44255">
        <ele>1037.0</ele>
      </trkpt>
      <trkpt lat="37.20827" lon="-3.44261">
        <ele>1037.4</ele>
      </trkpt>
      <trkpt lat="37.20831" lon="-3.44271">
        <ele>1037.4</ele>
      </trkpt>
      <trkpt lat="37.20833" lon="-3.4428">
        <ele>1037.2</ele>
      </trkpt>
      <trkpt lat="37.20833" lon="-3.44284">
        <ele>1036.9</ele>
      </trkpt>
      <trkpt lat="37.20832" lon="-3.44287">
        <ele>1036.6</ele>
      </trkpt>
      <trkpt lat="37.20832" lon="-3.44292">
        <ele>1036.3</ele>
      </trkpt>
      <trkpt lat="37.20832" lon="-3.44297">
        <ele>1036.0</ele>
      </trkpt>
      <trkpt lat="37.20831" lon="-3.44297">
        <ele>1035.9</ele>
      </trkpt>
      <trkpt lat="37.2083" lon="-3.44304">
        <ele>1035.4</ele>
      </trkpt>
      <trkpt lat="37.20828" lon="-3.44311">
        <ele>1034.8</ele>
      </trkpt>
      <trkpt lat="37.20826" lon="-3.44314">
        <ele>1034.5</ele>
      </trkpt>
      <trkpt lat="37.20821" lon="-3.44321">
        <ele>1033.7</ele>
      </trkpt>
      <trkpt lat="37.20816" lon="-3.44325">
        <ele>1033.1</ele>
      </trkpt>
      <trkpt lat="37.20813" lon="-3.44327">
        <ele>1032.8</ele>
      </trkpt>
      <trkpt lat="37.20805" lon="-3.4433">
        <ele>1032.1</ele>
      </trkpt>
      <trkpt lat="37.20801" lon="-3.44331">
        <ele>1031.7</ele>
      </trkpt>
      <trkpt lat="37.20796" lon="-3.44332">
        <ele>1031.3</ele>
      </trkpt>
      <trkpt lat="37.20793" lon="-3.44332">
        <ele>1031.1</ele>
      </trkpt>
      <trkpt lat="37.20785" lon="-3.44332">
        <ele>1030.5</ele>
      </trkpt>
      <trkpt lat="37.20783" lon="-3.44332">
        <ele>1030.4</ele>
      </trkpt>
      <trkpt lat="37.20765" lon="-3.44331">
        <ele>1029.0</ele>
      </trkpt>
      <trkpt lat="37.20759" lon="-3.44331">
        <ele>1028.6</ele>
      </trkpt>
      <trkpt lat="37.20751" lon="-3.44332">
        <ele>1028.0</ele>
      </trkpt>
      <trkpt lat="37.20747" lon="-3.44334">
        <ele>1027.6</ele>
      </trkpt>
      <trkpt lat="37.20732" lon="-3.44341">
        <ele>1026.8</ele>
      </trkpt>
      <trkpt lat="37.2073" lon="-3.44342">
        <ele>1026.7</ele>
      </trkpt>
      <trkpt lat="37.20716" lon="-3.44355">
        <ele>1027.5</ele>
      </trkpt>
      <trkpt lat="37.20712" lon="-3.44359">
        <ele>1027.8</ele>
      </trkpt>
      <trkpt lat="37.20708" lon="-3.44362">
        <ele>1027.8</ele>
      </trkpt>
      <trkpt lat="37.20687" lon="-3.44383">
        <ele>1029.0</ele>
      </trkpt>
      <trkpt lat="37.20673" lon="-3.44397">
        <ele>1029.6</ele>
      </trkpt>
      <trkpt lat="37.20669" lon="-3.44401">
        <ele>1029.7</ele>
      </trkpt>
      <trkpt lat="37.20665" lon="-3.44405">
        <ele>1029.9</ele>
      </trkpt>
      <trkpt lat="37.20655" lon="-3.44417">
        <ele>1030.7</ele>
      </trkpt>
      <trkpt lat="37.20641" lon="-3.44431">
        <ele>1029.8</ele>
      </trkpt>
      <trkpt lat="37.20627" lon="-3.44446">
        <ele>1029.3</ele>
      </trkpt>
      <trkpt lat="37.20622" lon="-3.44453">
        <ele>1029.4</ele>
      </trkpt>
      <trkpt lat="37.20615" lon="-3.44462">
        <ele>1029.5</ele>
      </trkpt>
      <trkpt lat="37.20606" lon="-3.44474">
        <ele>1029.7</ele>
      </trkpt>
      <trkpt lat="37.20605" lon="-3.44476">
        <ele>1029.8</ele>
      </trkpt>
      <trkpt lat="37.20592" lon="-3.44488">
        <ele>1029.5</ele>
      </trkpt>
      <trkpt lat="37.20587" lon="-3.44492">
        <ele>1029.3</ele>
      </trkpt>
      <trkpt lat="37.20578" lon="-3.44496">
        <ele>1028.9</ele>
      </trkpt>
      <trkpt lat="37.20576" lon="-3.44497">
        <ele>1028.9</ele>
      </trkpt>
      <trkpt lat="37.20567" lon="-3.44502">
        <ele>1028.9</ele>
      </trkpt>
      <trkpt lat="37.20559" lon="-3.44504">
        <ele>1028.5</ele>
      </trkpt>
      <trkpt lat="37.20557" lon="-3.44505">
        <ele>1028.5</ele>
      </trkpt>
      <trkpt lat="37.20544" lon="-3.44508">
        <ele>1027.8</ele>
      </trkpt>
      <trkpt lat="37.20541" lon="-3.44509">
        <ele>1027.7</ele>
      </trkpt>
      <trkpt lat="37.2053" lon="-3.4451">
        <ele>1026.9</ele>
      </trkpt>
      <trkpt lat="37.20523" lon="-3.44511">
        <ele>1026.5</ele>
      </trkpt>
      <trkpt lat="37.2051" lon="-3.44512">
        <ele>1025.6</ele>
      </trkpt>
      <trkpt lat="37.20505" lon="-3.44513">
        <ele>1025.3</ele>
      </trkpt>
      <trkpt lat="37.20487" lon="-3.44513">
        <ele>1023.2</ele>
      </trkpt>
      <trkpt lat="37.20475" lon="-3.44514">
        <ele>1021.9</ele>
      </trkpt>
      <trkpt lat="37.20472" lon="-3.44515">
        <ele>1021.6</ele>
      </trkpt>
      <trkpt lat="37.20444" lon="-3.44518">
        <ele>1018.6</ele>
      </trkpt>
      <trkpt lat="37.20439" lon="-3.44519">
        <ele>1018.2</ele>
      </trkpt>
      <trkpt lat="37.20433" lon="-3.4452">
        <ele>1017.6</ele>
      </trkpt>
      <trkpt lat="37.2043" lon="-3.4452">
        <ele>1017.2</ele>
      </trkpt>
      <trkpt lat="37.20424" lon="-3.44521">
        <ele>1016.7</ele>
      </trkpt>
      <trkpt lat="37.20422" lon="-3.44522">
        <ele>1016.6</ele>
      </trkpt>
      <trkpt lat="37.20414" lon="-3.44524">
        <ele>1015.6</ele>
      </trkpt>
      <trkpt lat="37.20413" lon="-3.44525">
        <ele>1015.6</ele>
      </trkpt>
      <trkpt lat="37.20407" lon="-3.44529">
        <ele>1014.7</ele>
      </trkpt>
      <trkpt lat="37.20399" lon="-3.44535">
        <ele>1013.7</ele>
      </trkpt>
      <trkpt lat="37.20397" lon="-3.44537">
        <ele>1013.5</ele>
      </trkpt>
      <trkpt lat="37.20394" lon="-3.44539">
        <ele>1013.1</ele>
      </trkpt>
      <trkpt lat="37.20394" lon="-3.4454">
        <ele>1013.2</ele>
      </trkpt>
      <trkpt lat="37.20391" lon="-3.44544">
        <ele>1013.1</ele>
      </trkpt>
      <trkpt lat="37.20384" lon="-3.44552">
        <ele>1012.6</ele>
      </trkpt>
      <trkpt lat="37.20378" lon="-3.44559">
        <ele>1012.2</ele>
      </trkpt>
      <trkpt lat="37.20374" lon="-3.44565">
        <ele>1012.2</ele>
      </trkpt>
      <trkpt lat="37.20371" lon="-3.44568">
        <ele>1011.8</ele>
      </trkpt>
      <trkpt lat="37.20365" lon="-3.44576">
        <ele>1011.5</ele>
      </trkpt>
      <trkpt lat="37.20336" lon="-3.44615">
        <ele>1007.8</ele>
      </trkpt>
      <trkpt lat="37.20329" lon="-3.44625">
        <ele>1007.0</ele>
      </trkpt>
      <trkpt lat="37.20326" lon="-3.4463">
        <ele>1006.8</ele>
      </trkpt>
      <trkpt lat="37.20323" lon="-3.44634">
        <ele>1006.5</ele>
      </trkpt>
      <trkpt lat="37.20315" lon="-3.44647">
        <ele>1006.0</ele>
      </trkpt>
      <trkpt lat="37.20313" lon="-3.44651">
        <ele>1006.0</ele>
      </trkpt>
      <trkpt lat="37.20306" lon="-3.44662">
        <ele>1005.6</ele>
      </trkpt>
      <trkpt lat="37.20298" lon="-3.44677">
        <ele>1004.0</ele>
      </trkpt>
      <trkpt lat="37.20294" lon="-3.44685">
        <ele>1002.9</ele>
      </trkpt>
      <trkpt lat="37.20293" lon="-3.44687">
        <ele>1002.7</ele>
      </trkpt>
      <trkpt lat="37.20286" lon="-3.44704">
        <ele>1000.8</ele>
      </trkpt>
      <trkpt lat="37.20284" lon="-3.4471">
        <ele>1000.3</ele>
      </trkpt>
      <trkpt lat="37.20281" lon="-3.44736">
        <ele>999.2</ele>
      </trkpt>
      <trkpt lat="37.20282" lon="-3.4475">
        <ele>999.0</ele>
      </trkpt>
      <trkpt lat="37.20283" lon="-3.44758">
        <ele>998.1</ele>
      </trkpt>
      <trkpt lat="37.20284" lon="-3.44762">
        <ele>997.7</ele>
      </trkpt>
      <trkpt lat="37.20287" lon="-3.44774">
        <ele>996.6</ele>
      </trkpt>
      <trkpt lat="37.20288" lon="-3.44779">
        <ele>996.1</ele>
      </trkpt>
      <trkpt lat="37.20288" lon="-3.4478">
        <ele>996.0</ele>
      </trkpt>
      <trkpt lat="37.20289" lon="-3.44782">
        <ele>995.9</ele>
      </trkpt>
      <trkpt lat="37.20292" lon="-3.44792">
        <ele>995.0</ele>
      </trkpt>
      <trkpt lat="37.20301" lon="-3.44811">
        <ele>993.7</ele>
      </trkpt>
      <trkpt lat="37.20306" lon="-3.44818">
        <ele>993.5</ele>
      </trkpt>
      <trkpt lat="37.20307" lon="-3.4482">
        <ele>993.3</ele>
      </trkpt>
      <trkpt lat="37.20309" lon="-3.44823">
        <ele>993.2</ele>
      </trkpt>
      <trkpt lat="37.20333" lon="-3.44851">
        <ele>993.3</ele>
      </trkpt>
      <trkpt lat="37.2034" lon="-3.4486">
        <ele>993.4</ele>
      </trkpt>
      <trkpt lat="37.20357" lon="-3.44883">
        <ele>993.7</ele>
      </trkpt>
      <trkpt lat="37.20358" lon="-3.44885">
        <ele>993.7</ele>
      </trkpt>
      <trkpt lat="37.20361" lon="-3.44891">
        <ele>993.6</ele>
      </trkpt>
      <trkpt lat="37.20362" lon="-3.44896">
        <ele>993.3</ele>
      </trkpt>
      <trkpt lat="37.20363" lon="-3.44903">
        <ele>992.8</ele>
      </trkpt>
      <trkpt lat="37.20363" lon="-3.44911">
        <ele>992.1</ele>
      </trkpt>
      <trkpt lat="37.20363" lon="-3.44914">
        <ele>991.9</ele>
      </trkpt>
      <trkpt lat="37.20362" lon="-3.44919">
        <ele>991.7</ele>
      </trkpt>
      <trkpt lat="37.2036" lon="-3.44928">
        <ele>992.1</ele>
      </trkpt>
      <trkpt lat="37.2035" lon="-3.44946">
        <ele>991.5</ele>
      </trkpt>
      <trkpt lat="37.20349" lon="-3.44948">
        <ele>991.4</ele>
      </trkpt>
      <trkpt lat="37.20343" lon="-3.44956">
        <ele>990.6</ele>
      </trkpt>
      <trkpt lat="37.20335" lon="-3.44967">
        <ele>989.2</ele>
      </trkpt>
      <trkpt lat="37.20322" lon="-3.44983">
        <ele>986.7</ele>
      </trkpt>
      <trkpt lat="37.20282" lon="-3.45034">
        <ele>979.1</ele>
      </trkpt>
      <trkpt lat="37.20277" lon="-3.45042">
        <ele>978.3</ele>
      </trkpt>
      <trkpt lat="37.20269" lon="-3.45052">
        <ele>976.9</ele>
      </trkpt>
      <trkpt lat="37.20265" lon="-3.45057">
        <ele>976.2</ele>
      </trkpt>
      <trkpt lat="37.20256" lon="-3.45069">
        <ele>974.6</ele>
      </trkpt>
      <trkpt lat="37.20252" lon="-3.45075">
        <ele>974.0</ele>
      </trkpt>
      <trkpt lat="37.20246" lon="-3.45084">
        <ele>973.4</ele>
      </trkpt>
      <trkpt lat="37.20244" lon="-3.45087">
        <ele>973.4</ele>
      </trkpt>
      <trkpt lat="37.20241" lon="-3.45091">
        <ele>973.3</ele>
      </trkpt>
      <trkpt lat="37.20238" lon="-3.45097">
        <ele>973.5</ele>
      </trkpt>
      <trkpt lat="37.20237" lon="-3.45101">
        <ele>973.8</ele>
      </trkpt>
      <trkpt lat="37.20235" lon="-3.4511">
        <ele>974.5</ele>
      </trkpt>
      <trkpt lat="37.20232" lon="-3.45143">
        <ele>977.7</ele>
      </trkpt>
      <trkpt lat="37.2023" lon="-3.45163">
        <ele>979.5</ele>
      </trkpt>
      <trkpt lat="37.20229" lon="-3.45171">
        <ele>980.4</ele>
      </trkpt>
      <trkpt lat="37.20227" lon="-3.45175">
        <ele>980.5</ele>
      </trkpt>
      <trkpt lat="37.20225" lon="-3.4518">
        <ele>980.7</ele>
      </trkpt>
      <trkpt lat="37.20221" lon="-3.45188">
        <ele>980.9</ele>
      </trkpt>
      <trkpt lat="37.20201" lon="-3.45212">
        <ele>979.0</ele>
      </trkpt>
      <trkpt lat="37.20185" lon="-3.45233">
        <ele>977.3</ele>
      </trkpt>
      <trkpt lat="37.20153" lon="-3.45274">
        <ele>977.2</ele>
      </trkpt>
      <trkpt lat="37.20145" lon="-3.45282">
        <ele>977.9</ele>
      </trkpt>
      <trkpt lat="37.20137" lon="-3.45288">
        <ele>978.3</ele>
      </trkpt>
      <trkpt lat="37.20129" lon="-3.45291">
        <ele>978.1</ele>
      </trkpt>
      <trkpt lat="37.20128" lon="-3.45291">
        <ele>977.9</ele>
      </trkpt>
      <trkpt lat="37.20119" lon="-3.45293">
        <ele>977.4</ele>
      </trkpt>
      <trkpt lat="37.20111" lon="-3.45295">
        <ele>977.0</ele>
      </trkpt>
      <trkpt lat="37.20057" lon="-3.45303">
        <ele>971.9</ele>
      </trkpt>
      <trkpt lat="37.20049" lon="-3.45305">
        <ele>971.2</ele>
      </trkpt>
      <trkpt lat="37.20042" lon="-3.45308">
        <ele>970.8</ele>
      </trkpt>
      <trkpt lat="37.20039" lon="-3.4531">
        <ele>970.8</ele>
      </trkpt>
      <trkpt lat="37.20037" lon="-3.45312">
        <ele>971.0</ele>
      </trkpt>
      <trkpt lat="37.20033" lon="-3.45314">
        <ele>970.9</ele>
      </trkpt>
      <trkpt lat="37.20028" lon="-3.4532">
        <ele>971.5</ele>
      </trkpt>
      <trkpt lat="37.20025" lon="-3.45324">
        <ele>972.0</ele>
      </trkpt>
      <trkpt lat="37.20014" lon="-3.45342">
        <ele>973.5</ele>
      </trkpt>
      <trkpt lat="37.19994" lon="-3.45379">
        <ele>974.7</ele>
      </trkpt>
      <trkpt lat="37.19993" lon="-3.45381">
        <ele>974.7</ele>
      </trkpt>
      <trkpt lat="37.19986" lon="-3.45387">
        <ele>974.0</ele>
      </trkpt>
      <trkpt lat="37.19981" lon="-3.45393">
        <ele>973.7</ele>
      </trkpt>
      <trkpt lat="37.1998" lon="-3.45394">
        <ele>973.6</ele>
      </trkpt>
      <trkpt lat="37.19975" lon="-3.45401">
        <ele>973.5</ele>
      </trkpt>
      <trkpt lat="37.19958" lon="-3.45416">
        <ele>971.8</ele>
      </trkpt>
      <trkpt lat="37.19935" lon="-3.45437">
        <ele>970.1</ele>
      </trkpt>
      <trkpt lat="37.19935" lon="-3.45438">
        <ele>970.2</ele>
      </trkpt>
      <trkpt lat="37.19927" lon="-3.4545">
        <ele>970.2</ele>
      </trkpt>
      <trkpt lat="37.19918" lon="-3.45466">
        <ele>970.4</ele>
      </trkpt>
      <trkpt lat="37.19911" lon="-3.45478">
        <ele>970.2</ele>
      </trkpt>
      <trkpt lat="37.19909" lon="-3.45488">
        <ele>971.0</ele>
      </trkpt>
      <trkpt lat="37.19907" lon="-3.45498">
        <ele>971.8</ele>
      </trkpt>
      <trkpt lat="37.19905" lon="-3.4551">
        <ele>971.9</ele>
      </trkpt>
      <trkpt lat="37.19903" lon="-3.45533">
        <ele>972.2</ele>
      </trkpt>
      <trkpt lat="37.19903" lon="-3.45555">
        <ele>973.1</ele>
      </trkpt>
      <trkpt lat="37.19904" lon="-3.45577">
        <ele>974.3</ele>
      </trkpt>
      <trkpt lat="37.19904" lon="-3.45578">
        <ele>974.3</ele>
      </trkpt>
      <trkpt lat="37.19906" lon="-3.45599">
        <ele>975.1</ele>
      </trkpt>
      <trkpt lat="37.19907" lon="-3.456">
        <ele>975.4</ele>
      </trkpt>
      <trkpt lat="37.19908" lon="-3.4561">
        <ele>975.7</ele>
      </trkpt>
      <trkpt lat="37.19909" lon="-3.45627">
        <ele>976.0</ele>
      </trkpt>
      <trkpt lat="37.19908" lon="-3.4563">
        <ele>975.8</ele>
      </trkpt>
      <trkpt lat="37.19907" lon="-3.4564">
        <ele>975.6</ele>
      </trkpt>
      <trkpt lat="37.19906" lon="-3.45645">
        <ele>975.3</ele>
      </trkpt>
      <trkpt lat="37.19904" lon="-3.45653">
        <ele>974.9</ele>
      </trkpt>
      <trkpt lat="37.19899" lon="-3.4567">
        <ele>974.1</ele>
      </trkpt>
      <trkpt lat="37.1989" lon="-3.45685">
        <ele>973.4</ele>
      </trkpt>
      <trkpt lat="37.19886" lon="-3.45691">
        <ele>973.0</ele>
      </trkpt>
      <trkpt lat="37.1988" lon="-3.45703">
        <ele>972.8</ele>
      </trkpt>
      <trkpt lat="37.19876" lon="-3.45709">
        <ele>972.5</ele>
      </trkpt>
      <trkpt lat="37.19868" lon="-3.45721">
        <ele>972.0</ele>
      </trkpt>
      <trkpt lat="37.19863" lon="-3.45728">
        <ele>971.7</ele>
      </trkpt>
      <trkpt lat="37.19857" lon="-3.45738">
        <ele>971.5</ele>
      </trkpt>
      <trkpt lat="37.19845" lon="-3.45755">
        <ele>971.3</ele>
      </trkpt>
      <trkpt lat="37.19841" lon="-3.4576">
        <ele>971.5</ele>
      </trkpt>
      <trkpt lat="37.19841" lon="-3.45761">
        <ele>971.7</ele>
      </trkpt>
      <trkpt lat="37.19832" lon="-3.45771">
        <ele>971.9</ele>
      </trkpt>
      <trkpt lat="37.19824" lon="-3.45781">
        <ele>971.8</ele>
      </trkpt>
      <trkpt lat="37.19818" lon="-3.45785">
        <ele>971.0</ele>
      </trkpt>
      <trkpt lat="37.19816" lon="-3.45786">
        <ele>970.7</ele>
      </trkpt>
      <trkpt lat="37.19813" lon="-3.45789">
        <ele>970.6</ele>
      </trkpt>
      <trkpt lat="37.19809" lon="-3.45791">
        <ele>969.9</ele>
      </trkpt>
      <trkpt lat="37.19801" lon="-3.45794">
        <ele>968.5</ele>
      </trkpt>
      <trkpt lat="37.19792" lon="-3.45795">
        <ele>966.3</ele>
      </trkpt>
      <trkpt lat="37.19781" lon="-3.45797">
        <ele>963.9</ele>
      </trkpt>
      <trkpt lat="37.19766" lon="-3.45801">
        <ele>961.0</ele>
      </trkpt>
      <trkpt lat="37.19763" lon="-3.45802">
        <ele>960.5</ele>
      </trkpt>
      <trkpt lat="37.1976" lon="-3.45803">
        <ele>959.9</ele>
      </trkpt>
      <trkpt lat="37.19756" lon="-3.45805">
        <ele>959.4</ele>
      </trkpt>
      <trkpt lat="37.1975" lon="-3.4581">
        <ele>959.1</ele>
      </trkpt>
      <trkpt lat="37.19742" lon="-3.45815">
        <ele>958.6</ele>
      </trkpt>
      <trkpt lat="37.19735" lon="-3.45822">
        <ele>958.9</ele>
      </trkpt>
      <trkpt lat="37.1973" lon="-3.45827">
        <ele>959.0</ele>
      </trkpt>
      <trkpt lat="37.19715" lon="-3.4584">
        <ele>958.5</ele>
      </trkpt>
      <trkpt lat="37.19711" lon="-3.45844">
        <ele>958.2</ele>
      </trkpt>
      <trkpt lat="37.19704" lon="-3.4585">
        <ele>957.7</ele>
      </trkpt>
      <trkpt lat="37.19666" lon="-3.45887">
        <ele>955.8</ele>
      </trkpt>
      <trkpt lat="37.1966" lon="-3.45894">
        <ele>955.1</ele>
      </trkpt>
      <trkpt lat="37.19646" lon="-3.45913">
        <ele>953.7</ele>
      </trkpt>
      <trkpt lat="37.19632" lon="-3.45936">
        <ele>950.8</ele>
      </trkpt>
      <trkpt lat="37.19627" lon="-3.45947">
        <ele>949.9</ele>
      </trkpt>
      <trkpt lat="37.19624" lon="-3.45955">
        <ele>949.5</ele>
      </trkpt>
      <trkpt lat="37.19623" lon="-3.45959">
        <ele>949.5</ele>
      </trkpt>
      <trkpt lat="37.19621" lon="-3.45969">
        <ele>949.5</ele>
      </trkpt>
      <trkpt lat="37.1962" lon="-3.45978">
        <ele>949.8</ele>
      </trkpt>
      <trkpt lat="37.19621" lon="-3.45985">
        <ele>950.5</ele>
      </trkpt>
      <trkpt lat="37.19621" lon="-3.45993">
        <ele>951.0</ele>
      </trkpt>
      <trkpt lat="37.19622" lon="-3.45995">
        <ele>951.4</ele>
      </trkpt>
      <trkpt lat="37.19622" lon="-3.46">
        <ele>951.7</ele>
      </trkpt>
      <trkpt lat="37.19629" lon="-3.46038">
        <ele>953.8</ele>
      </trkpt>
      <trkpt lat="37.19631" lon="-3.46057">
        <ele>954.6</ele>
      </trkpt>
      <trkpt lat="37.19631" lon="-3.4607">
        <ele>954.7</ele>
      </trkpt>
      <trkpt lat="37.19629" lon="-3.46078">
        <ele>954.1</ele>
      </trkpt>
      <trkpt lat="37.19626" lon="-3.46086">
        <ele>953.4</ele>
      </trkpt>
      <trkpt lat="37.19624" lon="-3.46089">
        <ele>953.1</ele>
      </trkpt>
      <trkpt lat="37.19611" lon="-3.46109">
        <ele>951.7</ele>
      </trkpt>
      <trkpt lat="37.19599" lon="-3.46122">
        <ele>949.5</ele>
      </trkpt>
      <trkpt lat="37.19598" lon="-3.46124">
        <ele>949.4</ele>
      </trkpt>
      <trkpt lat="37.19585" lon="-3.46139">
        <ele>947.3</ele>
      </trkpt>
      <trkpt lat="37.19535" lon="-3.46193">
        <ele>934.4</ele>
      </trkpt>
      <trkpt lat="37.1951" lon="-3.46226">
        <ele>928.5</ele>
      </trkpt>
      <trkpt lat="37.19503" lon="-3.46235">
        <ele>927.1</ele>
      </trkpt>
      <trkpt lat="37.19498" lon="-3.46244">
        <ele>926.5</ele>
      </trkpt>
      <trkpt lat="37.19497" lon="-3.46246">
        <ele>926.5</ele>
      </trkpt>
      <trkpt lat="37.19494" lon="-3.46254">
        <ele>925.9</ele>
      </trkpt>
      <trkpt lat="37.19491" lon="-3.46261">
        <ele>924.6</ele>
      </trkpt>
      <trkpt lat="37.19488" lon="-3.46271">
        <ele>923.3</ele>
      </trkpt>
      <trkpt lat="37.19487" lon="-3.46278">
        <ele>922.7</ele>
      </trkpt>
      <trkpt lat="37.19487" lon="-3.46284">
        <ele>922.5</ele>
      </trkpt>
      <trkpt lat="37.19487" lon="-3.46297">
        <ele>922.1</ele>
      </trkpt>
      <trkpt lat="37.19489" lon="-3.46315">
        <ele>922.2</ele>
      </trkpt>
      <trkpt lat="37.19491" lon="-3.46331">
        <ele>922.3</ele>
      </trkpt>
      <trkpt lat="37.19492" lon="-3.46335">
        <ele>922.3</ele>
      </trkpt>
      <trkpt lat="37.19501" lon="-3.46368">
        <ele>921.1</ele>
      </trkpt>
      <trkpt lat="37.19512" lon="-3.464">
        <ele>919.1</ele>
      </trkpt>
      <trkpt lat="37.19515" lon="-3.4641">
        <ele>918.3</ele>
      </trkpt>
      <trkpt lat="37.19519" lon="-3.46426">
        <ele>918.4</ele>
      </trkpt>
      <trkpt lat="37.1952" lon="-3.46429">
        <ele>918.6</ele>
      </trkpt>
      <trkpt lat="37.19522" lon="-3.46437">
        <ele>918.9</ele>
      </trkpt>
      <trkpt lat="37.19523" lon="-3.46454">
        <ele>919.6</ele>
      </trkpt>
      <trkpt lat="37.19524" lon="-3.46461">
        <ele>919.9</ele>
      </trkpt>
      <trkpt lat="37.19524" lon="-3.46464">
        <ele>920.0</ele>
      </trkpt>
      <trkpt lat="37.19523" lon="-3.46478">
        <ele>920.6</ele>
      </trkpt>
      <trkpt lat="37.19519" lon="-3.4649">
        <ele>921.2</ele>
      </trkpt>
      <trkpt lat="37.19515" lon="-3.46497">
        <ele>921.5</ele>
      </trkpt>
      <trkpt lat="37.19507" lon="-3.46511">
        <ele>922.3</ele>
      </trkpt>
      <trkpt lat="37.19501" lon="-3.46519">
        <ele>923.0</ele>
      </trkpt>
      <trkpt lat="37.19494" lon="-3.46526">
        <ele>922.7</ele>
      </trkpt>
      <trkpt lat="37.19492" lon="-3.46531">
        <ele>923.2</ele>
      </trkpt>
      <trkpt lat="37.19473" lon="-3.46546">
        <ele>921.3</ele>
      </trkpt>
      <trkpt lat="37.19456" lon="-3.46557">
        <ele>919.0</ele>
      </trkpt>
      <trkpt lat="37.19451" lon="-3.46561">
        <ele>918.5</ele>
      </trkpt>
      <trkpt lat="37.19444" lon="-3.46565">
        <ele>917.5</ele>
      </trkpt>
      <trkpt lat="37.1944" lon="-3.46567">
        <ele>916.8</ele>
      </trkpt>
      <trkpt lat="37.1943" lon="-3.4657">
        <ele>914.8</ele>
      </trkpt>
      <trkpt lat="37.19419" lon="-3.46575">
        <ele>912.9</ele>
      </trkpt>
      <trkpt lat="37.19404" lon="-3.46583">
        <ele>911.2</ele>
      </trkpt>
      <trkpt lat="37.19403" lon="-3.46581">
        <ele>910.6</ele>
      </trkpt>
      <trkpt lat="37.19402" lon="-3.46582">
        <ele>910.6</ele>
      </trkpt>
      <trkpt lat="37.19397" lon="-3.46587">
        <ele>909.9</ele>
      </trkpt>
      <trkpt lat="37.19392" lon="-3.4659">
        <ele>908.9</ele>
      </trkpt>
      <trkpt lat="37.1939" lon="-3.46593">
        <ele>908.6</ele>
      </trkpt>
      <trkpt lat="37.19388" lon="-3.46597">
        <ele>908.2</ele>
      </trkpt>
      <trkpt lat="37.19387" lon="-3.46599">
        <ele>908.1</ele>
      </trkpt>
      <trkpt lat="37.19385" lon="-3.46604">
        <ele>907.7</ele>
      </trkpt>
      <trkpt lat="37.19384" lon="-3.46613">
        <ele>907.7</ele>
      </trkpt>
      <trkpt lat="37.19384" lon="-3.46621">
        <ele>908.0</ele>
      </trkpt>
      <trkpt lat="37.19384" lon="-3.46627">
        <ele>908.1</ele>
      </trkpt>
      <trkpt lat="37.19385" lon="-3.46644">
        <ele>908.9</ele>
      </trkpt>
      <trkpt lat="37.19386" lon="-3.46658">
        <ele>909.6</ele>
      </trkpt>
      <trkpt lat="37.19387" lon="-3.46676">
        <ele>910.0</ele>
      </trkpt>
      <trkpt lat="37.19387" lon="-3.46683">
        <ele>909.9</ele>
      </trkpt>
      <trkpt lat="37.19387" lon="-3.46689">
        <ele>909.8</ele>
      </trkpt>
      <trkpt lat="37.19386" lon="-3.46695">
        <ele>909.5</ele>
      </trkpt>
      <trkpt lat="37.19385" lon="-3.467">
        <ele>909.1</ele>
      </trkpt>
      <trkpt lat="37.19382" lon="-3.46709">
        <ele>908.1</ele>
      </trkpt>
      <trkpt lat="37.19368" lon="-3.46749">
        <ele>903.4</ele>
      </trkpt>
      <trkpt lat="37.19363" lon="-3.46764">
        <ele>901.7</ele>
      </trkpt>
      <trkpt lat="37.19361" lon="-3.46774">
        <ele>900.9</ele>
      </trkpt>
      <trkpt lat="37.1936" lon="-3.46777">
        <ele>900.6</ele>
      </trkpt>
      <trkpt lat="37.1936" lon="-3.4678">
        <ele>900.5</ele>
      </trkpt>
      <trkpt lat="37.19359" lon="-3.46784">
        <ele>900.2</ele>
      </trkpt>
      <trkpt lat="37.19359" lon="-3.46788">
        <ele>900.1</ele>
      </trkpt>
      <trkpt lat="37.1936" lon="-3.46793">
        <ele>900.3</ele>
      </trkpt>
      <trkpt lat="37.19361" lon="-3.46797">
        <ele>900.6</ele>
      </trkpt>
      <trkpt lat="37.19362" lon="-3.46802">
        <ele>900.7</ele>
      </trkpt>
      <trkpt lat="37.19365" lon="-3.46809">
        <ele>901.4</ele>
      </trkpt>
      <trkpt lat="37.19376" lon="-3.46837">
        <ele>903.4</ele>
      </trkpt>
      <trkpt lat="37.19377" lon="-3.46839">
        <ele>903.5</ele>
      </trkpt>
      <trkpt lat="37.19382" lon="-3.46853">
        <ele>903.8</ele>
      </trkpt>
      <trkpt lat="37.19385" lon="-3.46862">
        <ele>904.0</ele>
      </trkpt>
      <trkpt lat="37.19386" lon="-3.46865">
        <ele>904.1</ele>
      </trkpt>
      <trkpt lat="37.19386" lon="-3.46868">
        <ele>903.9</ele>
      </trkpt>
      <trkpt lat="37.19385" lon="-3.46874">
        <ele>903.1</ele>
      </trkpt>
      <trkpt lat="37.19385" lon="-3.46874">
        <ele>903.1</ele>
      </trkpt>
      <trkpt lat="37.19382" lon="-3.46868">
        <ele>902.6</ele>
      </trkpt>
      <trkpt lat="37.19376" lon="-3.46861">
        <ele>901.3</ele>
      </trkpt>
      <trkpt lat="37.19373" lon="-3.46857">
        <ele>900.8</ele>
      </trkpt>
      <trkpt lat="37.19364" lon="-3.46846">
        <ele>899.3</ele>
      </trkpt>
      <trkpt lat="37.1936" lon="-3.46843">
        <ele>898.6</ele>
      </trkpt>
      <trkpt lat="37.19356" lon="-3.4684">
        <ele>897.9</ele>
      </trkpt>
      <trkpt lat="37.19353" lon="-3.46839">
        <ele>897.2</ele>
      </trkpt>
      <trkpt lat="37.19351" lon="-3.46838">
        <ele>896.8</ele>
      </trkpt>
      <trkpt lat="37.19346" lon="-3.46837">
        <ele>895.7</ele>
      </trkpt>
      <trkpt lat="37.19342" lon="-3.46836">
        <ele>894.8</ele>
      </trkpt>
      <trkpt lat="37.1934" lon="-3.46837">
        <ele>894.1</ele>
      </trkpt>
      <trkpt lat="37.19338" lon="-3.46837">
        <ele>893.6</ele>
      </trkpt>
      <trkpt lat="37.19329" lon="-3.4684">
        <ele>890.7</ele>
      </trkpt>
      <trkpt lat="37.19322" lon="-3.46843">
        <ele>888.2</ele>
      </trkpt>
      <trkpt lat="37.19316" lon="-3.46844">
        <ele>886.3</ele>
      </trkpt>
      <trkpt lat="37.19309" lon="-3.46845">
        <ele>884.1</ele>
      </trkpt>
      <trkpt lat="37.19301" lon="-3.46845">
        <ele>881.8</ele>
      </trkpt>
      <trkpt lat="37.19295" lon="-3.46844">
        <ele>880.3</ele>
      </trkpt>
      <trkpt lat="37.19294" lon="-3.46843">
        <ele>880.2</ele>
      </trkpt>
      <trkpt lat="37.1929" lon="-3.46842">
        <ele>879.3</ele>
      </trkpt>
      <trkpt lat="37.19284" lon="-3.46838">
        <ele>878.4</ele>
      </trkpt>
      <trkpt lat="37.19278" lon="-3.46834">
        <ele>877.6</ele>
      </trkpt>
      <trkpt lat="37.19275" lon="-3.46829">
        <ele>877.0</ele>
      </trkpt>
      <trkpt lat="37.19274" lon="-3.46825">
        <ele>876.8</ele>
      </trkpt>
      <trkpt lat="37.19275" lon="-3.46821">
        <ele>877.2</ele>
      </trkpt>
      <trkpt lat="37.19275" lon="-3.46819">
        <ele>877.3</ele>
      </trkpt>
      <trkpt lat="37.19276" lon="-3.46817">
        <ele>877.6</ele>
      </trkpt>
      <trkpt lat="37.19276" lon="-3.46816">
        <ele>877.6</ele>
      </trkpt>
      <trkpt lat="37.19277" lon="-3.46815">
        <ele>877.9</ele>
      </trkpt>
      <trkpt lat="37.19279" lon="-3.46812">
        <ele>878.5</ele>
      </trkpt>
      <trkpt lat="37.1928" lon="-3.46809">
        <ele>878.8</ele>
      </trkpt>
      <trkpt lat="37.19282" lon="-3.46805">
        <ele>879.5</ele>
      </trkpt>
      <trkpt lat="37.19284" lon="-3.46801">
        <ele>880.1</ele>
      </trkpt>
      <trkpt lat="37.19286" lon="-3.46796">
        <ele>880.7</ele>
      </trkpt>
      <trkpt lat="37.19287" lon="-3.46791">
        <ele>881.1</ele>
      </trkpt>
      <trkpt lat="37.19287" lon="-3.46786">
        <ele>881.2</ele>
      </trkpt>
      <trkpt lat="37.19288" lon="-3.46779">
        <ele>881.6</ele>
      </trkpt>
      <trkpt lat="37.19288" lon="-3.46777">
        <ele>881.6</ele>
      </trkpt>
      <trkpt lat="37.19288" lon="-3.46772">
        <ele>881.7</ele>
      </trkpt>
      <trkpt lat="37.19287" lon="-3.46767">
        <ele>881.5</ele>
      </trkpt>
      <trkpt lat="37.19287" lon="-3.46766">
        <ele>881.6</ele>
      </trkpt>
      <trkpt lat="37.19284" lon="-3.46755">
        <ele>881.1</ele>
      </trkpt>
      <trkpt lat="37.19282" lon="-3.46745">
        <ele>880.6</ele>
      </trkpt>
      <trkpt lat="37.19274" lon="-3.46704">
        <ele>878.1</ele>
      </trkpt>
      <trkpt lat="37.19272" lon="-3.46693">
        <ele>877.5</ele>
      </trkpt>
      <trkpt lat="37.1927" lon="-3.46669">
        <ele>876.6</ele>
      </trkpt>
      <trkpt lat="37.19267" lon="-3.46665">
        <ele>875.7</ele>
      </trkpt>
      <trkpt lat="37.19264" lon="-3.46664">
        <ele>874.8</ele>
      </trkpt>
      <trkpt lat="37.19263" lon="-3.46663">
        <ele>874.5</ele>
      </trkpt>
      <trkpt lat="37.19261" lon="-3.46664">
        <ele>874.0</ele>
      </trkpt>
      <trkpt lat="37.1926" lon="-3.46664">
        <ele>873.7</ele>
      </trkpt>
      <trkpt lat="37.19259" lon="-3.46665">
        <ele>873.5</ele>
      </trkpt>
      <trkpt lat="37.19257" lon="-3.46666">
        <ele>872.9</ele>
      </trkpt>
      <trkpt lat="37.19256" lon="-3.46667">
        <ele>872.7</ele>
      </trkpt>
      <trkpt lat="37.19255" lon="-3.46669">
        <ele>872.4</ele>
      </trkpt>
      <trkpt lat="37.19254" lon="-3.46671">
        <ele>872.2</ele>
      </trkpt>
      <trkpt lat="37.19253" lon="-3.46675">
        <ele>872.0</ele>
      </trkpt>
      <trkpt lat="37.19251" lon="-3.4668">
        <ele>871.6</ele>
      </trkpt>
      <trkpt lat="37.1925" lon="-3.46689">
        <ele>871.5</ele>
      </trkpt>
      <trkpt lat="37.1925" lon="-3.4669">
        <ele>871.6</ele>
      </trkpt>
      <trkpt lat="37.1925" lon="-3.46694">
        <ele>871.7</ele>
      </trkpt>
      <trkpt lat="37.19247" lon="-3.46699">
        <ele>870.8</ele>
      </trkpt>
      <trkpt lat="37.19247" lon="-3.46699">
        <ele>870.8</ele>
      </trkpt>
      <trkpt lat="37.19245" lon="-3.46711">
        <ele>870.4</ele>
      </trkpt>
      <trkpt lat="37.19241" lon="-3.46731">
        <ele>869.6</ele>
      </trkpt>
      <trkpt lat="37.19239" lon="-3.46738">
        <ele>869.2</ele>
      </trkpt>
      <trkpt lat="37.1924" lon="-3.46738">
        <ele>869.5</ele>
      </trkpt>
      <trkpt lat="37.1924" lon="-3.46738">
        <ele>869.5</ele>
      </trkpt>
      <trkpt lat="37.19237" lon="-3.4675">
        <ele>868.8</ele>
      </trkpt>
      <trkpt lat="37.1923" lon="-3.4677">
        <ele>865.9</ele>
      </trkpt>
      <trkpt lat="37.19223" lon="-3.46778">
        <ele>863.4</ele>
      </trkpt>
      <trkpt lat="37.19223" lon="-3.46793">
        <ele>862.9</ele>
      </trkpt>
      <trkpt lat="37.19221" lon="-3.46823">
        <ele>861.3</ele>
      </trkpt>
      <trkpt lat="37.19234" lon="-3.46859">
        <ele>859.3</ele>
      </trkpt>
      <trkpt lat="37.19258" lon="-3.4692">
        <ele>852.2</ele>
      </trkpt>
      <trkpt lat="37.19281" lon="-3.4698">
        <ele>849.4</ele>
      </trkpt>
      <trkpt lat="37.19285" lon="-3.4699">
        <ele>849.0</ele>
      </trkpt>
      <trkpt lat="37.19288" lon="-3.47029">
        <ele>845.1</ele>
      </trkpt>
      <trkpt lat="37.19291" lon="-3.47043">
        <ele>844.4</ele>
      </trkpt>
      <trkpt lat="37.19297" lon="-3.47056">
        <ele>844.4</ele>
      </trkpt>
      <trkpt lat="37.19327" lon="-3.4709">
        <ele>846.6</ele>
      </trkpt>
      <trkpt lat="37.19333" lon="-3.471">
        <ele>847.3</ele>
      </trkpt>
      <trkpt lat="37.19333" lon="-3.471">
        <ele>847.3</ele>
      </trkpt>
      <trkpt lat="37.19339" lon="-3.47113">
        <ele>848.2</ele>
      </trkpt>
      <trkpt lat="37.19344" lon="-3.47125">
        <ele>848.6</ele>
      </trkpt>
      <trkpt lat="37.19344" lon="-3.47135">
        <ele>848.0</ele>
      </trkpt>
      <trkpt lat="37.19344" lon="-3.47142">
        <ele>847.6</ele>
      </trkpt>
      <trkpt lat="37.19342" lon="-3.47146">
        <ele>847.0</ele>
      </trkpt>
      <trkpt lat="37.19303" lon="-3.47129">
        <ele>841.9</ele>
      </trkpt>
      <trkpt lat="37.19278" lon="-3.47123">
        <ele>838.2</ele>
      </trkpt>
      <trkpt lat="37.19272" lon="-3.47122">
        <ele>837.2</ele>
      </trkpt>
      <trkpt lat="37.19261" lon="-3.47121">
        <ele>835.5</ele>
      </trkpt>
      <trkpt lat="37.19256" lon="-3.47124">
        <ele>834.9</ele>
      </trkpt>
      <trkpt lat="37.1925" lon="-3.47127">
        <ele>834.1</ele>
      </trkpt>
      <trkpt lat="37.19204" lon="-3.47172">
        <ele>831.4</ele>
      </trkpt>
      <trkpt lat="37.19195" lon="-3.4718">
        <ele>832.1</ele>
      </trkpt>
      <trkpt lat="37.19184" lon="-3.47191">
        <ele>832.9</ele>
      </trkpt>
      <trkpt lat="37.19175" lon="-3.47199">
        <ele>832.9</ele>
      </trkpt>
      <trkpt lat="37.1917" lon="-3.47205">
        <ele>833.1</ele>
      </trkpt>
      <trkpt lat="37.19161" lon="-3.47213">
        <ele>833.0</ele>
      </trkpt>
      <trkpt lat="37.19152" lon="-3.47222">
        <ele>833.1</ele>
      </trkpt>
      <trkpt lat="37.19141" lon="-3.47232">
        <ele>832.3</ele>
      </trkpt>
      <trkpt lat="37.19132" lon="-3.4724">
        <ele>831.3</ele>
      </trkpt>
      <trkpt lat="37.19119" lon="-3.47262">
        <ele>830.9</ele>
      </trkpt>
      <trkpt lat="37.19115" lon="-3.4727">
        <ele>830.9</ele>
      </trkpt>
      <trkpt lat="37.19106" lon="-3.47314">
        <ele>834.0</ele>
      </trkpt>
      <trkpt lat="37.19101" lon="-3.47337">
        <ele>835.6</ele>
      </trkpt>
      <trkpt lat="37.19098" lon="-3.47345">
        <ele>836.8</ele>
      </trkpt>
      <trkpt lat="37.19093" lon="-3.47352">
        <ele>836.9</ele>
      </trkpt>
      <trkpt lat="37.19091" lon="-3.47354">
        <ele>836.6</ele>
      </trkpt>
      <trkpt lat="37.19084" lon="-3.47362">
        <ele>836.2</ele>
      </trkpt>
      <trkpt lat="37.19078" lon="-3.47369">
        <ele>837.1</ele>
      </trkpt>
      <trkpt lat="37.1906" lon="-3.47389">
        <ele>837.9</ele>
      </trkpt>
      <trkpt lat="37.19037" lon="-3.47414">
        <ele>834.9</ele>
      </trkpt>
      <trkpt lat="37.19031" lon="-3.47421">
        <ele>834.6</ele>
      </trkpt>
      <trkpt lat="37.1903" lon="-3.47422">
        <ele>834.6</ele>
      </trkpt>
      <trkpt lat="37.19024" lon="-3.47429">
        <ele>835.0</ele>
      </trkpt>
      <trkpt lat="37.19017" lon="-3.47436">
        <ele>835.0</ele>
      </trkpt>
      <trkpt lat="37.1901" lon="-3.47443">
        <ele>835.0</ele>
      </trkpt>
      <trkpt lat="37.18996" lon="-3.47458">
        <ele>836.2</ele>
      </trkpt>
      <trkpt lat="37.18989" lon="-3.47466">
        <ele>837.9</ele>
      </trkpt>
      <trkpt lat="37.18962" lon="-3.47495">
        <ele>839.9</ele>
      </trkpt>
      <trkpt lat="37.18959" lon="-3.47498">
        <ele>839.7</ele>
      </trkpt>
      <trkpt lat="37.18956" lon="-3.47502">
        <ele>839.2</ele>
      </trkpt>
      <trkpt lat="37.18943" lon="-3.47521">
        <ele>834.9</ele>
      </trkpt>
      <trkpt lat="37.18921" lon="-3.47561">
        <ele>827.0</ele>
      </trkpt>
      <trkpt lat="37.18912" lon="-3.47581">
        <ele>824.7</ele>
      </trkpt>
      <trkpt lat="37.18899" lon="-3.47606">
        <ele>824.9</ele>
      </trkpt>
      <trkpt lat="37.18894" lon="-3.4762">
        <ele>825.1</ele>
      </trkpt>
      <trkpt lat="37.18892" lon="-3.47626">
        <ele>825.1</ele>
      </trkpt>
      <trkpt lat="37.18891" lon="-3.47631">
        <ele>825.3</ele>
      </trkpt>
      <trkpt lat="37.18888" lon="-3.47648">
        <ele>825.6</ele>
      </trkpt>
      <trkpt lat="37.18888" lon="-3.47658">
        <ele>826.1</ele>
      </trkpt>
      <trkpt lat="37.18888" lon="-3.4767">
        <ele>826.8</ele>
      </trkpt>
      <trkpt lat="37.18888" lon="-3.47677">
        <ele>827.4</ele>
      </trkpt>
      <trkpt lat="37.18888" lon="-3.47681">
        <ele>827.7</ele>
      </trkpt>
      <trkpt lat="37.18891" lon="-3.47735">
        <ele>833.3</ele>
      </trkpt>
      <trkpt lat="37.1889" lon="-3.47752">
        <ele>834.5</ele>
      </trkpt>
      <trkpt lat="37.18888" lon="-3.4776">
        <ele>834.8</ele>
      </trkpt>
      <trkpt lat="37.18885" lon="-3.4778">
        <ele>836.0</ele>
      </trkpt>
      <trkpt lat="37.1888" lon="-3.47792">
        <ele>835.5</ele>
      </trkpt>
      <trkpt lat="37.18876" lon="-3.47802">
        <ele>835.0</ele>
      </trkpt>
      <trkpt lat="37.18872" lon="-3.47812">
        <ele>834.5</ele>
      </trkpt>
      <trkpt lat="37.18868" lon="-3.47822">
        <ele>833.8</ele>
      </trkpt>
      <trkpt lat="37.18859" lon="-3.47842">
        <ele>831.9</ele>
      </trkpt>
      <trkpt lat="37.18855" lon="-3.47851">
        <ele>831.1</ele>
      </trkpt>
      <trkpt lat="37.18846" lon="-3.47869">
        <ele>829.4</ele>
      </trkpt>
      <trkpt lat="37.1884" lon="-3.47881">
        <ele>828.5</ele>
      </trkpt>
      <trkpt lat="37.18832" lon="-3.47894">
        <ele>827.4</ele>
      </trkpt>
      <trkpt lat="37.18815" lon="-3.47913">
        <ele>827.1</ele>
      </trkpt>
      <trkpt lat="37.18802" lon="-3.47928">
        <ele>827.2</ele>
      </trkpt>
      <trkpt lat="37.18796" lon="-3.47935">
        <ele>827.3</ele>
      </trkpt>
      <trkpt lat="37.18789" lon="-3.47943">
        <ele>827.1</ele>
      </trkpt>
      <trkpt lat="37.18789" lon="-3.47944">
        <ele>827.3</ele>
      </trkpt>
      <trkpt lat="37.18776" lon="-3.47959">
        <ele>826.5</ele>
      </trkpt>
      <trkpt lat="37.18769" lon="-3.47966">
        <ele>825.8</ele>
      </trkpt>
      <trkpt lat="37.18766" lon="-3.4797">
        <ele>825.5</ele>
      </trkpt>
      <trkpt lat="37.18763" lon="-3.47974">
        <ele>825.2</ele>
      </trkpt>
      <trkpt lat="37.18762" lon="-3.47975">
        <ele>825.0</ele>
      </trkpt>
      <trkpt lat="37.18754" lon="-3.47986">
        <ele>824.0</ele>
      </trkpt>
      <trkpt lat="37.1874" lon="-3.48003">
        <ele>823.6</ele>
      </trkpt>
      <trkpt lat="37.18733" lon="-3.48017">
        <ele>824.1</ele>
      </trkpt>
      <trkpt lat="37.1873" lon="-3.48027">
        <ele>824.5</ele>
      </trkpt>
      <trkpt lat="37.18728" lon="-3.48035">
        <ele>824.9</ele>
      </trkpt>
      <trkpt lat="37.18724" lon="-3.48067">
        <ele>826.4</ele>
      </trkpt>
      <trkpt lat="37.18724" lon="-3.4807">
        <ele>826.5</ele>
      </trkpt>
      <trkpt lat="37.18724" lon="-3.48071">
        <ele>826.6</ele>
      </trkpt>
      <trkpt lat="37.18723" lon="-3.48083">
        <ele>827.1</ele>
      </trkpt>
      <trkpt lat="37.18722" lon="-3.48093">
        <ele>826.6</ele>
      </trkpt>
      <trkpt lat="37.18721" lon="-3.48098">
        <ele>826.2</ele>
      </trkpt>
      <trkpt lat="37.18721" lon="-3.48098">
        <ele>826.2</ele>
      </trkpt>
      <trkpt lat="37.18717" lon="-3.48149">
        <ele>823.5</ele>
      </trkpt>
      <trkpt lat="37.18714" lon="-3.48171">
        <ele>822.4</ele>
      </trkpt>
      <trkpt lat="37.18711" lon="-3.48186">
        <ele>822.5</ele>
      </trkpt>
      <trkpt lat="37.18706" lon="-3.48199">
        <ele>822.1</ele>
      </trkpt>
      <trkpt lat="37.18698" lon="-3.48211">
        <ele>821.0</ele>
      </trkpt>
      <trkpt lat="37.18668" lon="-3.48255">
        <ele>817.2</ele>
      </trkpt>
      <trkpt lat="37.18657" lon="-3.48272">
        <ele>815.9</ele>
      </trkpt>
      <trkpt lat="37.18629" lon="-3.4833">
        <ele>813.7</ele>
      </trkpt>
      <trkpt lat="37.18626" lon="-3.48342">
        <ele>813.6</ele>
      </trkpt>
      <trkpt lat="37.18625" lon="-3.48353">
        <ele>813.6</ele>
      </trkpt>
      <trkpt lat="37.18625" lon="-3.48364">
        <ele>813.7</ele>
      </trkpt>
      <trkpt lat="37.18636" lon="-3.48408">
        <ele>814.5</ele>
      </trkpt>
      <trkpt lat="37.18636" lon="-3.48417">
        <ele>814.6</ele>
      </trkpt>
      <trkpt lat="37.18634" lon="-3.48426">
        <ele>815.5</ele>
      </trkpt>
      <trkpt lat="37.1861" lon="-3.48476">
        <ele>818.2</ele>
      </trkpt>
      <trkpt lat="37.18607" lon="-3.48486">
        <ele>818.6</ele>
      </trkpt>
      <trkpt lat="37.18594" lon="-3.48557">
        <ele>821.1</ele>
      </trkpt>
      <trkpt lat="37.18579" lon="-3.48645">
        <ele>817.5</ele>
      </trkpt>
      <trkpt lat="37.18563" lon="-3.48733">
        <ele>814.9</ele>
      </trkpt>
      <trkpt lat="37.18548" lon="-3.48821">
        <ele>816.2</ele>
      </trkpt>
      <trkpt lat="37.18543" lon="-3.48841">
        <ele>816.1</ele>
      </trkpt>
      <trkpt lat="37.18536" lon="-3.4886">
        <ele>815.0</ele>
      </trkpt>
      <trkpt lat="37.18509" lon="-3.48911">
        <ele>806.6</ele>
      </trkpt>
      <trkpt lat="37.18501" lon="-3.48932">
        <ele>805.2</ele>
      </trkpt>
      <trkpt lat="37.1848" lon="-3.49021">
        <ele>811.5</ele>
      </trkpt>
      <trkpt lat="37.18469" lon="-3.49054">
        <ele>812.2</ele>
      </trkpt>
      <trkpt lat="37.18454" lon="-3.49088">
        <ele>811.4</ele>
      </trkpt>
      <trkpt lat="37.18432" lon="-3.49124">
        <ele>810.1</ele>
      </trkpt>
      <trkpt lat="37.18389" lon="-3.49177">
        <ele>809.7</ele>
      </trkpt>
      <trkpt lat="37.18346" lon="-3.4923">
        <ele>808.1</ele>
      </trkpt>
      <trkpt lat="37.18328" lon="-3.49255">
        <ele>806.5</ele>
      </trkpt>
      <trkpt lat="37.18303" lon="-3.49281">
        <ele>808.6</ele>
      </trkpt>
      <trkpt lat="37.18238" lon="-3.49338">
        <ele>805.7</ele>
      </trkpt>
      <trkpt lat="37.1822" lon="-3.4936">
        <ele>804.7</ele>
      </trkpt>
      <trkpt lat="37.18174" lon="-3.49419">
        <ele>797.6</ele>
      </trkpt>
      <trkpt lat="37.18128" lon="-3.49478">
        <ele>801.5</ele>
      </trkpt>
      <trkpt lat="37.18118" lon="-3.49495">
        <ele>801.4</ele>
      </trkpt>
      <trkpt lat="37.18108" lon="-3.49517">
        <ele>800.0</ele>
      </trkpt>
      <trkpt lat="37.18081" lon="-3.49597">
        <ele>797.2</ele>
      </trkpt>
      <trkpt lat="37.18054" lon="-3.49677">
        <ele>804.9</ele>
      </trkpt>
      <trkpt lat="37.18044" lon="-3.49701">
        <ele>805.5</ele>
      </trkpt>
      <trkpt lat="37.18031" lon="-3.49722">
        <ele>804.6</ele>
      </trkpt>
      <trkpt lat="37.17986" lon="-3.49788">
        <ele>801.0</ele>
      </trkpt>
      <trkpt lat="37.17942" lon="-3.49854">
        <ele>799.7</ele>
      </trkpt>
      <trkpt lat="37.17907" lon="-3.49903">
        <ele>799.8</ele>
      </trkpt>
      <trkpt lat="37.17872" lon="-3.49953">
        <ele>799.3</ele>
      </trkpt>
      <trkpt lat="37.17854" lon="-3.49985">
        <ele>797.9</ele>
      </trkpt>
      <trkpt lat="37.17825" lon="-3.50048">
        <ele>797.3</ele>
      </trkpt>
      <trkpt lat="37.17795" lon="-3.50111">
        <ele>799.3</ele>
      </trkpt>
      <trkpt lat="37.17779" lon="-3.50144">
        <ele>800.7</ele>
      </trkpt>
      <trkpt lat="37.17761" lon="-3.50173">
        <ele>801.2</ele>
      </trkpt>
      <trkpt lat="37.17718" lon="-3.50231">
        <ele>803.1</ele>
      </trkpt>
      <trkpt lat="37.17675" lon="-3.5029">
        <ele>797.9</ele>
      </trkpt>
      <trkpt lat="37.17648" lon="-3.50323">
        <ele>797.0</ele>
      </trkpt>
      <trkpt lat="37.17588" lon="-3.50386">
        <ele>804.5</ele>
      </trkpt>
      <trkpt lat="37.17529" lon="-3.50449">
        <ele>799.2</ele>
      </trkpt>
      <trkpt lat="37.17509" lon="-3.50474">
        <ele>796.1</ele>
      </trkpt>
      <trkpt lat="37.17497" lon="-3.50493">
        <ele>795.1</ele>
      </trkpt>
      <trkpt lat="37.17488" lon="-3.50515">
        <ele>796.7</ele>
      </trkpt>
      <trkpt lat="37.1747" lon="-3.50574">
        <ele>799.6</ele>
      </trkpt>
      <trkpt lat="37.17464" lon="-3.50588">
        <ele>799.0</ele>
      </trkpt>
      <trkpt lat="37.17455" lon="-3.50604">
        <ele>797.0</ele>
      </trkpt>
      <trkpt lat="37.17401" lon="-3.50681">
        <ele>788.8</ele>
      </trkpt>
      <trkpt lat="37.17348" lon="-3.50757">
        <ele>786.7</ele>
      </trkpt>
      <trkpt lat="37.17326" lon="-3.50784">
        <ele>789.6</ele>
      </trkpt>
      <trkpt lat="37.17308" lon="-3.50803">
        <ele>791.0</ele>
      </trkpt>
      <trkpt lat="37.17264" lon="-3.5084">
        <ele>785.7</ele>
      </trkpt>
      <trkpt lat="37.17231" lon="-3.50879">
        <ele>783.8</ele>
      </trkpt>
      <trkpt lat="37.17183" lon="-3.50937">
        <ele>778.7</ele>
      </trkpt>
      <trkpt lat="37.17134" lon="-3.50996">
        <ele>779.3</ele>
      </trkpt>
      <trkpt lat="37.17104" lon="-3.51028">
        <ele>780.4</ele>
      </trkpt>
      <trkpt lat="37.17058" lon="-3.51066">
        <ele>778.1</ele>
      </trkpt>
      <trkpt lat="37.17011" lon="-3.51103">
        <ele>777.1</ele>
      </trkpt>
      <trkpt lat="37.16975" lon="-3.51138">
        <ele>777.1</ele>
      </trkpt>
      <trkpt lat="37.16943" lon="-3.51179">
        <ele>775.0</ele>
      </trkpt>
      <trkpt lat="37.169" lon="-3.51234">
        <ele>773.7</ele>
      </trkpt>
      <trkpt lat="37.16857" lon="-3.51289">
        <ele>774.7</ele>
      </trkpt>
      <trkpt lat="37.16814" lon="-3.51345">
        <ele>773.0</ele>
      </trkpt>
      <trkpt lat="37.16795" lon="-3.51372">
        <ele>775.7</ele>
      </trkpt>
      <trkpt lat="37.16776" lon="-3.5141">
        <ele>776.6</ele>
      </trkpt>
      <trkpt lat="37.16756" lon="-3.51471">
        <ele>778.5</ele>
      </trkpt>
      <trkpt lat="37.16742" lon="-3.51497">
        <ele>777.9</ele>
      </trkpt>
      <trkpt lat="37.16705" lon="-3.51547">
        <ele>776.3</ele>
      </trkpt>
      <trkpt lat="37.16677" lon="-3.51576">
        <ele>771.5</ele>
      </trkpt>
      <trkpt lat="37.1664" lon="-3.51602">
        <ele>771.3</ele>
      </trkpt>
      <trkpt lat="37.16607" lon="-3.51629">
        <ele>773.5</ele>
      </trkpt>
      <trkpt lat="37.16588" lon="-3.51642">
        <ele>773.3</ele>
      </trkpt>
      <trkpt lat="37.16569" lon="-3.51648">
        <ele>772.6</ele>
      </trkpt>
      <trkpt lat="37.1655" lon="-3.51651">
        <ele>771.8</ele>
      </trkpt>
      <trkpt lat="37.16497" lon="-3.5164">
        <ele>765.5</ele>
      </trkpt>
      <trkpt lat="37.16444" lon="-3.51629">
        <ele>762.3</ele>
      </trkpt>
      <trkpt lat="37.16427" lon="-3.51628">
        <ele>761.8</ele>
      </trkpt>
      <trkpt lat="37.1641" lon="-3.51632">
        <ele>761.8</ele>
      </trkpt>
      <trkpt lat="37.16398" lon="-3.51639">
        <ele>761.8</ele>
      </trkpt>
      <trkpt lat="37.16385" lon="-3.51649">
        <ele>761.7</ele>
      </trkpt>
      <trkpt lat="37.16375" lon="-3.51661">
        <ele>761.8</ele>
      </trkpt>
      <trkpt lat="37.1636" lon="-3.51681">
        <ele>761.9</ele>
      </trkpt>
      <trkpt lat="37.16352" lon="-3.51694">
        <ele>761.7</ele>
      </trkpt>
      <trkpt lat="37.1635" lon="-3.51699">
        <ele>761.8</ele>
      </trkpt>
      <trkpt lat="37.16343" lon="-3.51711">
        <ele>761.1</ele>
      </trkpt>
      <trkpt lat="37.16339" lon="-3.51712">
        <ele>760.0</ele>
      </trkpt>
      <trkpt lat="37.1634" lon="-3.51696">
        <ele>758.8</ele>
      </trkpt>
      <trkpt lat="37.1634" lon="-3.51654">
        <ele>756.2</ele>
      </trkpt>
      <trkpt lat="37.16339" lon="-3.51633">
        <ele>754.9</ele>
      </trkpt>
      <trkpt lat="37.16337" lon="-3.51614">
        <ele>753.8</ele>
      </trkpt>
      <trkpt lat="37.16333" lon="-3.51586">
        <ele>752.1</ele>
      </trkpt>
      <trkpt lat="37.16323" lon="-3.51553">
        <ele>752.3</ele>
      </trkpt>
      <trkpt lat="37.16318" lon="-3.51527">
        <ele>752.6</ele>
      </trkpt>
      <trkpt lat="37.16315" lon="-3.51496">
        <ele>753.0</ele>
      </trkpt>
      <trkpt lat="37.16314" lon="-3.5143">
        <ele>756.6</ele>
      </trkpt>
      <trkpt lat="37.16312" lon="-3.51363">
        <ele>762.0</ele>
      </trkpt>
      <trkpt lat="37.16309" lon="-3.51268">
        <ele>768.9</ele>
      </trkpt>
      <trkpt lat="37.16312" lon="-3.51237">
        <ele>770.8</ele>
      </trkpt>
      <trkpt lat="37.16323" lon="-3.51164">
        <ele>773.5</ele>
      </trkpt>
      <trkpt lat="37.16323" lon="-3.51164">
        <ele>773.5</ele>
      </trkpt>
      <trkpt lat="37.16325" lon="-3.51154">
        <ele>774.0</ele>
      </trkpt>
      <trkpt lat="37.16325" lon="-3.51129">
        <ele>774.6</ele>
      </trkpt>
      <trkpt lat="37.1632" lon="-3.511">
        <ele>774.5</ele>
      </trkpt>
      <trkpt lat="37.163" lon="-3.51022">
        <ele>774.3</ele>
      </trkpt>
      <trkpt lat="37.16281" lon="-3.50944">
        <ele>773.6</ele>
      </trkpt>
      <trkpt lat="37.16264" lon="-3.50886">
        <ele>772.7</ele>
      </trkpt>
      <trkpt lat="37.16247" lon="-3.50828">
        <ele>771.6</ele>
      </trkpt>
      <trkpt lat="37.16243" lon="-3.50809">
        <ele>770.7</ele>
      </trkpt>
      <trkpt lat="37.1624" lon="-3.50803">
        <ele>770.3</ele>
      </trkpt>
      <trkpt lat="37.1624" lon="-3.50803">
        <ele>770.3</ele>
      </trkpt>
      <trkpt lat="37.16253" lon="-3.5079">
        <ele>771.2</ele>
      </trkpt>
      <trkpt lat="37.16258" lon="-3.50784">
        <ele>772.4</ele>
      </trkpt>
      <trkpt lat="37.16258" lon="-3.50784">
        <ele>772.4</ele>
      </trkpt>
      <trkpt lat="37.16281" lon="-3.5076">
        <ele>778.3</ele>
      </trkpt>
      <trkpt lat="37.16306" lon="-3.50731">
        <ele>784.0</ele>
      </trkpt>
      <trkpt lat="37.16313" lon="-3.50723">
        <ele>785.2</ele>
      </trkpt>
      <trkpt lat="37.16315" lon="-3.50719">
        <ele>785.4</ele>
      </trkpt>
      <trkpt lat="37.1632" lon="-3.50712">
        <ele>786.0</ele>
      </trkpt>
      <trkpt lat="37.16324" lon="-3.50701">
        <ele>785.8</ele>
      </trkpt>
      <trkpt lat="37.16327" lon="-3.50684">
        <ele>784.6</ele>
      </trkpt>
      <trkpt lat="37.16327" lon="-3.50672">
        <ele>783.2</ele>
      </trkpt>
      <trkpt lat="37.16327" lon="-3.50667">
        <ele>782.7</ele>
      </trkpt>
      <trkpt lat="37.16328" lon="-3.50643">
        <ele>783.1</ele>
      </trkpt>
      <trkpt lat="37.1633" lon="-3.50605">
        <ele>784.0</ele>
      </trkpt>
      <trkpt lat="37.16331" lon="-3.50588">
        <ele>784.4</ele>
      </trkpt>
      <trkpt lat="37.16332" lon="-3.50575">
        <ele>784.8</ele>
      </trkpt>
      <trkpt lat="37.16334" lon="-3.50558">
        <ele>785.6</ele>
      </trkpt>
      <trkpt lat="37.16335" lon="-3.50552">
        <ele>786.1</ele>
      </trkpt>
      <trkpt lat="37.16336" lon="-3.50544">
        <ele>786.6</ele>
      </trkpt>
      <trkpt lat="37.16339" lon="-3.5053">
        <ele>788.0</ele>
      </trkpt>
      <trkpt lat="37.16344" lon="-3.50511">
        <ele>790.0</ele>
      </trkpt>
      <trkpt lat="37.1635" lon="-3.50494">
        <ele>791.6</ele>
      </trkpt>
      <trkpt lat="37.1638" lon="-3.50431">
        <ele>798.7</ele>
      </trkpt>
      <trkpt lat="37.16388" lon="-3.50411">
        <ele>800.4</ele>
      </trkpt>
      <trkpt lat="37.16397" lon="-3.50391">
        <ele>800.9</ele>
      </trkpt>
      <trkpt lat="37.16398" lon="-3.50389">
        <ele>800.9</ele>
      </trkpt>
      <trkpt lat="37.164" lon="-3.5038">
        <ele>800.1</ele>
      </trkpt>
      <trkpt lat="37.16401" lon="-3.50376">
        <ele>799.7</ele>
      </trkpt>
      <trkpt lat="37.16404" lon="-3.50366">
        <ele>798.9</ele>
      </trkpt>
      <trkpt lat="37.16407" lon="-3.50357">
        <ele>798.2</ele>
      </trkpt>
      <trkpt lat="37.16408" lon="-3.50349">
        <ele>796.9</ele>
      </trkpt>
      <trkpt lat="37.16409" lon="-3.50342">
        <ele>795.8</ele>
      </trkpt>
      <trkpt lat="37.16414" lon="-3.50321">
        <ele>794.0</ele>
      </trkpt>
      <trkpt lat="37.1642" lon="-3.50306">
        <ele>794.6</ele>
      </trkpt>
      <trkpt lat="37.1642" lon="-3.50305">
        <ele>794.5</ele>
      </trkpt>
      <trkpt lat="37.16422" lon="-3.50302">
        <ele>795.2</ele>
      </trkpt>
      <trkpt lat="37.16425" lon="-3.50298">
        <ele>796.2</ele>
      </trkpt>
      <trkpt lat="37.16428" lon="-3.50295">
        <ele>797.3</ele>
      </trkpt>
      <trkpt lat="37.16432" lon="-3.50292">
        <ele>799.0</ele>
      </trkpt>
      <trkpt lat="37.16446" lon="-3.50287">
        <ele>805.4</ele>
      </trkpt>
      <trkpt lat="37.1645" lon="-3.50284">
        <ele>807.1</ele>
      </trkpt>
      <trkpt lat="37.16452" lon="-3.50283">
        <ele>808.0</ele>
      </trkpt>
      <trkpt lat="37.16455" lon="-3.50278">
        <ele>809.0</ele>
      </trkpt>
      <trkpt lat="37.16457" lon="-3.50273">
        <ele>809.6</ele>
      </trkpt>
      <trkpt lat="37.16459" lon="-3.50268">
        <ele>810.2</ele>
      </trkpt>
      <trkpt lat="37.16459" lon="-3.50263">
        <ele>809.9</ele>
      </trkpt>
      <trkpt lat="37.16459" lon="-3.50261">
        <ele>809.7</ele>
      </trkpt>
      <trkpt lat="37.16458" lon="-3.50254">
        <ele>808.6</ele>
      </trkpt>
      <trkpt lat="37.16455" lon="-3.50244">
        <ele>807.2</ele>
      </trkpt>
      <trkpt lat="37.16452" lon="-3.50237">
        <ele>806.1</ele>
      </trkpt>
      <trkpt lat="37.16449" lon="-3.50229">
        <ele>805.0</ele>
      </trkpt>
      <trkpt lat="37.16447" lon="-3.50221">
        <ele>804.4</ele>
      </trkpt>
      <trkpt lat="37.16445" lon="-3.50216">
        <ele>803.7</ele>
      </trkpt>
      <trkpt lat="37.16444" lon="-3.50182">
        <ele>805.2</ele>
      </trkpt>
      <trkpt lat="37.16444" lon="-3.5016">
        <ele>806.3</ele>
      </trkpt>
      <trkpt lat="37.16444" lon="-3.50153">
        <ele>806.6</ele>
      </trkpt>
      <trkpt lat="37.16443" lon="-3.50141">
        <ele>806.5</ele>
      </trkpt>
      <trkpt lat="37.1644" lon="-3.50125">
        <ele>805.5</ele>
      </trkpt>
      <trkpt lat="37.16434" lon="-3.50106">
        <ele>803.3</ele>
      </trkpt>
      <trkpt lat="37.16432" lon="-3.50099">
        <ele>802.6</ele>
      </trkpt>
      <trkpt lat="37.1643" lon="-3.50091">
        <ele>802.0</ele>
      </trkpt>
      <trkpt lat="37.16427" lon="-3.50079">
        <ele>801.1</ele>
      </trkpt>
      <trkpt lat="37.16425" lon="-3.50065">
        <ele>800.5</ele>
      </trkpt>
      <trkpt lat="37.16424" lon="-3.50055">
        <ele>800.3</ele>
      </trkpt>
      <trkpt lat="37.16422" lon="-3.50033">
        <ele>799.8</ele>
      </trkpt>
      <trkpt lat="37.16422" lon="-3.50028">
        <ele>800.0</ele>
      </trkpt>
      <trkpt lat="37.16422" lon="-3.50024">
        <ele>800.1</ele>
      </trkpt>
      <trkpt lat="37.16423" lon="-3.5002">
        <ele>800.7</ele>
      </trkpt>
      <trkpt lat="37.16423" lon="-3.50018">
        <ele>800.7</ele>
      </trkpt>
      <trkpt lat="37.16424" lon="-3.50015">
        <ele>801.3</ele>
      </trkpt>
      <trkpt lat="37.16428" lon="-3.50003">
        <ele>803.6</ele>
      </trkpt>
      <trkpt lat="37.16433" lon="-3.49989">
        <ele>805.1</ele>
      </trkpt>
      <trkpt lat="37.16437" lon="-3.49978">
        <ele>805.8</ele>
      </trkpt>
      <trkpt lat="37.1644" lon="-3.49969">
        <ele>806.3</ele>
      </trkpt>
      <trkpt lat="37.16442" lon="-3.49962">
        <ele>806.4</ele>
      </trkpt>
      <trkpt lat="37.16444" lon="-3.49948">
        <ele>805.8</ele>
      </trkpt>
      <trkpt lat="37.16444" lon="-3.49944">
        <ele>805.3</ele>
      </trkpt>
      <trkpt lat="37.16447" lon="-3.49929">
        <ele>804.9</ele>
      </trkpt>
      <trkpt lat="37.16449" lon="-3.49917">
        <ele>804.4</ele>
      </trkpt>
      <trkpt lat="37.16451" lon="-3.49906">
        <ele>804.4</ele>
      </trkpt>
      <trkpt lat="37.16452" lon="-3.49904">
        <ele>804.7</ele>
      </trkpt>
      <trkpt lat="37.16455" lon="-3.49897">
        <ele>805.4</ele>
      </trkpt>
      <trkpt lat="37.16456" lon="-3.49894">
        <ele>805.5</ele>
      </trkpt>
      <trkpt lat="37.16458" lon="-3.49889">
        <ele>805.9</ele>
      </trkpt>
      <trkpt lat="37.16461" lon="-3.49884">
        <ele>806.6</ele>
      </trkpt>
      <trkpt lat="37.16467" lon="-3.49876">
        <ele>808.1</ele>
      </trkpt>
      <trkpt lat="37.1647" lon="-3.4987">
        <ele>808.6</ele>
      </trkpt>
      <trkpt lat="37.16472" lon="-3.49867">
        <ele>809.0</ele>
      </trkpt>
      <trkpt lat="37.16474" lon="-3.49864">
        <ele>809.4</ele>
      </trkpt>
      <trkpt lat="37.16477" lon="-3.49854">
        <ele>809.3</ele>
      </trkpt>
      <trkpt lat="37.16479" lon="-3.49845">
        <ele>808.9</ele>
      </trkpt>
      <trkpt lat="37.16483" lon="-3.49832">
        <ele>808.6</ele>
      </trkpt>
      <trkpt lat="37.16484" lon="-3.49825">
        <ele>808.2</ele>
      </trkpt>
      <trkpt lat="37.16485" lon="-3.49822">
        <ele>808.2</ele>
      </trkpt>
      <trkpt lat="37.16488" lon="-3.49814">
        <ele>808.2</ele>
      </trkpt>
      <trkpt lat="37.16489" lon="-3.49811">
        <ele>808.2</ele>
      </trkpt>
      <trkpt lat="37.16492" lon="-3.49804">
        <ele>808.3</ele>
      </trkpt>
      <trkpt lat="37.16493" lon="-3.49801">
        <ele>808.2</ele>
      </trkpt>
      <trkpt lat="37.16498" lon="-3.49795">
        <ele>808.9</ele>
      </trkpt>
      <trkpt lat="37.16504" lon="-3.49788">
        <ele>810.4</ele>
      </trkpt>
      <trkpt lat="37.16508" lon="-3.49783">
        <ele>811.7</ele>
      </trkpt>
      <trkpt lat="37.1651" lon="-3.4978">
        <ele>812.3</ele>
      </trkpt>
      <trkpt lat="37.16512" lon="-3.49777">
        <ele>812.9</ele>
      </trkpt>
      <trkpt lat="37.16514" lon="-3.49773">
        <ele>813.4</ele>
      </trkpt>
      <trkpt lat="37.16515" lon="-3.4977">
        <ele>813.5</ele>
      </trkpt>
      <trkpt lat="37.16516" lon="-3.49769">
        <ele>813.9</ele>
      </trkpt>
      <trkpt lat="37.16517" lon="-3.49765">
        <ele>813.9</ele>
      </trkpt>
      <trkpt lat="37.16518" lon="-3.49761">
        <ele>813.9</ele>
      </trkpt>
      <trkpt lat="37.16519" lon="-3.49758">
        <ele>814.0</ele>
      </trkpt>
      <trkpt lat="37.16519" lon="-3.49753">
        <ele>813.5</ele>
      </trkpt>
      <trkpt lat="37.16519" lon="-3.49749">
        <ele>813.3</ele>
      </trkpt>
      <trkpt lat="37.16519" lon="-3.49748">
        <ele>813.5</ele>
      </trkpt>
      <trkpt lat="37.16519" lon="-3.49744">
        <ele>814.2</ele>
      </trkpt>
      <trkpt lat="37.16518" lon="-3.4974">
        <ele>814.4</ele>
      </trkpt>
      <trkpt lat="37.16517" lon="-3.49735">
        <ele>814.9</ele>
      </trkpt>
      <trkpt lat="37.16515" lon="-3.49731">
        <ele>814.6</ele>
      </trkpt>
      <trkpt lat="37.16514" lon="-3.49727">
        <ele>814.9</ele>
      </trkpt>
      <trkpt lat="37.16513" lon="-3.49725">
        <ele>814.7</ele>
      </trkpt>
      <trkpt lat="37.16505" lon="-3.49714">
        <ele>812.9</ele>
      </trkpt>
      <trkpt lat="37.16501" lon="-3.4971">
        <ele>811.7</ele>
      </trkpt>
      <trkpt lat="37.16495" lon="-3.49702">
        <ele>811.4</ele>
      </trkpt>
      <trkpt lat="37.16494" lon="-3.49701">
        <ele>811.3</ele>
      </trkpt>
      <trkpt lat="37.16491" lon="-3.49698">
        <ele>811.0</ele>
      </trkpt>
      <trkpt lat="37.16489" lon="-3.49694">
        <ele>811.2</ele>
      </trkpt>
      <trkpt lat="37.16481" lon="-3.49684">
        <ele>810.7</ele>
      </trkpt>
      <trkpt lat="37.16478" lon="-3.49679">
        <ele>810.7</ele>
      </trkpt>
      <trkpt lat="37.16476" lon="-3.49676">
        <ele>810.6</ele>
      </trkpt>
      <trkpt lat="37.16472" lon="-3.49667">
        <ele>810.9</ele>
      </trkpt>
      <trkpt lat="37.16471" lon="-3.49664">
        <ele>811.0</ele>
      </trkpt>
      <trkpt lat="37.16467" lon="-3.49654">
        <ele>811.3</ele>
      </trkpt>
      <trkpt lat="37.16461" lon="-3.49637">
        <ele>811.9</ele>
      </trkpt>
      <trkpt lat="37.16458" lon="-3.49628">
        <ele>812.2</ele>
      </trkpt>
      <trkpt lat="37.16452" lon="-3.49616">
        <ele>811.9</ele>
      </trkpt>
      <trkpt lat="37.16446" lon="-3.49603">
        <ele>811.7</ele>
      </trkpt>
      <trkpt lat="37.16445" lon="-3.49602">
        <ele>811.5</ele>
      </trkpt>
      <trkpt lat="37.16443" lon="-3.49599">
        <ele>811.2</ele>
      </trkpt>
      <trkpt lat="37.16435" lon="-3.49589">
        <ele>809.7</ele>
      </trkpt>
      <trkpt lat="37.16431" lon="-3.49585">
        <ele>808.8</ele>
      </trkpt>
      <trkpt lat="37.16428" lon="-3.49582">
        <ele>808.1</ele>
      </trkpt>
      <trkpt lat="37.16426" lon="-3.49578">
        <ele>808.0</ele>
      </trkpt>
      <trkpt lat="37.16424" lon="-3.49574">
        <ele>807.8</ele>
      </trkpt>
      <trkpt lat="37.16422" lon="-3.4957">
        <ele>807.7</ele>
      </trkpt>
      <trkpt lat="37.16419" lon="-3.49566">
        <ele>807.1</ele>
      </trkpt>
      <trkpt lat="37.16417" lon="-3.49561">
        <ele>807.1</ele>
      </trkpt>
      <trkpt lat="37.16416" lon="-3.49558">
        <ele>807.3</ele>
      </trkpt>
      <trkpt lat="37.16414" lon="-3.49553">
        <ele>807.6</ele>
      </trkpt>
      <trkpt lat="37.16412" lon="-3.49546">
        <ele>808.2</ele>
      </trkpt>
      <trkpt lat="37.16412" lon="-3.49545">
        <ele>808.3</ele>
      </trkpt>
      <trkpt lat="37.16411" lon="-3.49535">
        <ele>809.4</ele>
      </trkpt>
      <trkpt lat="37.16412" lon="-3.49529">
        <ele>810.3</ele>
      </trkpt>
      <trkpt lat="37.16413" lon="-3.4952">
        <ele>811.7</ele>
      </trkpt>
      <trkpt lat="37.16415" lon="-3.49514">
        <ele>812.8</ele>
      </trkpt>
      <trkpt lat="37.16421" lon="-3.49499">
        <ele>816.9</ele>
      </trkpt>
      <trkpt lat="37.16424" lon="-3.49492">
        <ele>818.7</ele>
      </trkpt>
      <trkpt lat="37.16426" lon="-3.49485">
        <ele>820.1</ele>
      </trkpt>
      <trkpt lat="37.16426" lon="-3.49484">
        <ele>820.1</ele>
      </trkpt>
      <trkpt lat="37.16426" lon="-3.49481">
        <ele>820.4</ele>
      </trkpt>
      <trkpt lat="37.16427" lon="-3.49478">
        <ele>821.0</ele>
      </trkpt>
      <trkpt lat="37.16428" lon="-3.49467">
        <ele>822.3</ele>
      </trkpt>
      <trkpt lat="37.16429" lon="-3.49462">
        <ele>823.2</ele>
      </trkpt>
      <trkpt lat="37.16427" lon="-3.4944">
        <ele>824.2</ele>
      </trkpt>
      <trkpt lat="37.16427" lon="-3.49439">
        <ele>824.3</ele>
      </trkpt>
      <trkpt lat="37.16425" lon="-3.49417">
        <ele>825.3</ele>
      </trkpt>
      <trkpt lat="37.16423" lon="-3.49401">
        <ele>827.0</ele>
      </trkpt>
      <trkpt lat="37.16422" lon="-3.49395">
        <ele>827.6</ele>
      </trkpt>
      <trkpt lat="37.16421" lon="-3.49387">
        <ele>828.4</ele>
      </trkpt>
      <trkpt lat="37.16417" lon="-3.49378">
        <ele>828.2</ele>
      </trkpt>
      <trkpt lat="37.16415" lon="-3.49375">
        <ele>828.0</ele>
      </trkpt>
      <trkpt lat="37.16411" lon="-3.4937">
        <ele>827.5</ele>
      </trkpt>
      <trkpt lat="37.16401" lon="-3.49361">
        <ele>826.1</ele>
      </trkpt>
      <trkpt lat="37.16386" lon="-3.49347">
        <ele>824.3</ele>
      </trkpt>
      <trkpt lat="37.16357" lon="-3.49321">
        <ele>821.1</ele>
      </trkpt>
      <trkpt lat="37.16344" lon="-3.49309">
        <ele>819.4</ele>
      </trkpt>
      <trkpt lat="37.16343" lon="-3.49307">
        <ele>819.4</ele>
      </trkpt>
      <trkpt lat="37.16342" lon="-3.49306">
        <ele>819.3</ele>
      </trkpt>
      <trkpt lat="37.1634" lon="-3.49302">
        <ele>819.3</ele>
      </trkpt>
      <trkpt lat="37.16336" lon="-3.49293">
        <ele>819.5</ele>
      </trkpt>
      <trkpt lat="37.16334" lon="-3.49284">
        <ele>820.3</ele>
      </trkpt>
      <trkpt lat="37.16334" lon="-3.49274">
        <ele>821.7</ele>
      </trkpt>
      <trkpt lat="37.16336" lon="-3.49265">
        <ele>823.6</ele>
      </trkpt>
      <trkpt lat="37.16337" lon="-3.49261">
        <ele>824.5</ele>
      </trkpt>
      <trkpt lat="37.16341" lon="-3.49243">
        <ele>827.7</ele>
      </trkpt>
      <trkpt lat="37.1635" lon="-3.492">
        <ele>833.9</ele>
      </trkpt>
      <trkpt lat="37.16353" lon="-3.49187">
        <ele>835.9</ele>
      </trkpt>
      <trkpt lat="37.16354" lon="-3.49178">
        <ele>837.0</ele>
      </trkpt>
      <trkpt lat="37.16355" lon="-3.49175">
        <ele>837.6</ele>
      </trkpt>
      <trkpt lat="37.16354" lon="-3.49169">
        <ele>837.8</ele>
      </trkpt>
      <trkpt lat="37.16353" lon="-3.49164">
        <ele>838.5</ele>
      </trkpt>
      <trkpt lat="37.16351" lon="-3.49157">
        <ele>840.2</ele>
      </trkpt>
      <trkpt lat="37.1635" lon="-3.49156">
        <ele>840.2</ele>
      </trkpt>
      <trkpt lat="37.16349" lon="-3.49153">
        <ele>840.9</ele>
      </trkpt>
      <trkpt lat="37.16347" lon="-3.4915">
        <ele>841.3</ele>
      </trkpt>
      <trkpt lat="37.16345" lon="-3.49147">
        <ele>841.6</ele>
      </trkpt>
      <trkpt lat="37.16297" lon="-3.49105">
        <ele>843.0</ele>
      </trkpt>
      <trkpt lat="37.16276" lon="-3.49088">
        <ele>843.1</ele>
      </trkpt>
      <trkpt lat="37.16273" lon="-3.49085">
        <ele>843.3</ele>
      </trkpt>
      <trkpt lat="37.16271" lon="-3.49081">
        <ele>844.0</ele>
      </trkpt>
      <trkpt lat="37.16268" lon="-3.49077">
        <ele>844.4</ele>
      </trkpt>
      <trkpt lat="37.16267" lon="-3.49073">
        <ele>845.3</ele>
      </trkpt>
      <trkpt lat="37.16264" lon="-3.49066">
        <ele>846.6</ele>
      </trkpt>
      <trkpt lat="37.16262" lon="-3.49055">
        <ele>849.2</ele>
      </trkpt>
      <trkpt lat="37.16261" lon="-3.4904">
        <ele>853.3</ele>
      </trkpt>
      <trkpt lat="37.1626" lon="-3.49035">
        <ele>854.5</ele>
      </trkpt>
      <trkpt lat="37.16256" lon="-3.49014">
        <ele>859.5</ele>
      </trkpt>
      <trkpt lat="37.16255" lon="-3.49013">
        <ele>859.6</ele>
      </trkpt>
      <trkpt lat="37.16253" lon="-3.49008">
        <ele>860.5</ele>
      </trkpt>
      <trkpt lat="37.16245" lon="-3.49001">
        <ele>861.5</ele>
      </trkpt>
      <trkpt lat="37.16243" lon="-3.49">
        <ele>861.7</ele>
      </trkpt>
      <trkpt lat="37.16239" lon="-3.48999">
        <ele>861.8</ele>
      </trkpt>
      <trkpt lat="37.16224" lon="-3.48998">
        <ele>861.5</ele>
      </trkpt>
      <trkpt lat="37.16223" lon="-3.48999">
        <ele>861.2</ele>
      </trkpt>
      <trkpt lat="37.16206" lon="-3.49003">
        <ele>859.5</ele>
      </trkpt>
      <trkpt lat="37.162" lon="-3.49004">
        <ele>859.0</ele>
      </trkpt>
      <trkpt lat="37.16189" lon="-3.49009">
        <ele>857.1</ele>
      </trkpt>
      <trkpt lat="37.16179" lon="-3.49014">
        <ele>855.1</ele>
      </trkpt>
      <trkpt lat="37.16176" lon="-3.49015">
        <ele>854.7</ele>
      </trkpt>
      <trkpt lat="37.16166" lon="-3.49023">
        <ele>851.7</ele>
      </trkpt>
      <trkpt lat="37.1616" lon="-3.49026">
        <ele>849.4</ele>
      </trkpt>
      <trkpt lat="37.16156" lon="-3.49027">
        <ele>848.2</ele>
      </trkpt>
      <trkpt lat="37.16148" lon="-3.49028">
        <ele>846.2</ele>
      </trkpt>
      <trkpt lat="37.1614" lon="-3.49026">
        <ele>845.0</ele>
      </trkpt>
      <trkpt lat="37.16131" lon="-3.4902">
        <ele>844.6</ele>
      </trkpt>
      <trkpt lat="37.16127" lon="-3.49014">
        <ele>845.3</ele>
      </trkpt>
      <trkpt lat="37.16125" lon="-3.4901">
        <ele>845.9</ele>
      </trkpt>
      <trkpt lat="37.16124" lon="-3.49007">
        <ele>846.4</ele>
      </trkpt>
      <trkpt lat="37.16123" lon="-3.48999">
        <ele>848.1</ele>
      </trkpt>
      <trkpt lat="37.16124" lon="-3.48995">
        <ele>849.0</ele>
      </trkpt>
      <trkpt lat="37.16124" lon="-3.4899">
        <ele>849.7</ele>
      </trkpt>
      <trkpt lat="37.16125" lon="-3.48988">
        <ele>850.2</ele>
      </trkpt>
      <trkpt lat="37.16127" lon="-3.48985">
        <ele>851.2</ele>
      </trkpt>
      <trkpt lat="37.16129" lon="-3.48982">
        <ele>852.2</ele>
      </trkpt>
      <trkpt lat="37.16131" lon="-3.4898">
        <ele>853.1</ele>
      </trkpt>
      <trkpt lat="37.16134" lon="-3.48977">
        <ele>854.4</ele>
      </trkpt>
      <trkpt lat="37.16136" lon="-3.48975">
        <ele>855.3</ele>
      </trkpt>
      <trkpt lat="37.16139" lon="-3.48974">
        <ele>856.3</ele>
      </trkpt>
      <trkpt lat="37.1614" lon="-3.48973">
        <ele>856.8</ele>
      </trkpt>
      <trkpt lat="37.16143" lon="-3.48972">
        <ele>857.8</ele>
      </trkpt>
      <trkpt lat="37.16147" lon="-3.48972">
        <ele>859.0</ele>
      </trkpt>
      <trkpt lat="37.16165" lon="-3.48975">
        <ele>863.6</ele>
      </trkpt>
      <trkpt lat="37.16179" lon="-3.48976">
        <ele>864.4</ele>
      </trkpt>
      <trkpt lat="37.16192" lon="-3.48974">
        <ele>865.4</ele>
      </trkpt>
      <trkpt lat="37.16198" lon="-3.48973">
        <ele>865.9</ele>
      </trkpt>
      <trkpt lat="37.16204" lon="-3.4897">
        <ele>866.8</ele>
      </trkpt>
      <trkpt lat="37.16208" lon="-3.48967">
        <ele>867.6</ele>
      </trkpt>
      <trkpt lat="37.16209" lon="-3.48967">
        <ele>867.7</ele>
      </trkpt>
      <trkpt lat="37.16215" lon="-3.48961">
        <ele>869.2</ele>
      </trkpt>
      <trkpt lat="37.16224" lon="-3.48957">
        <ele>870.5</ele>
      </trkpt>
      <trkpt lat="37.16238" lon="-3.48952">
        <ele>872.3</ele>
      </trkpt>
      <trkpt lat="37.16246" lon="-3.48952">
        <ele>872.7</ele>
      </trkpt>
      <trkpt lat="37.1626" lon="-3.4895">
        <ele>875.3</ele>
      </trkpt>
      <trkpt lat="37.16262" lon="-3.48949">
        <ele>875.8</ele>
      </trkpt>
      <trkpt lat="37.16278" lon="-3.4895">
        <ele>878.6</ele>
      </trkpt>
      <trkpt lat="37.16281" lon="-3.48948">
        <ele>879.5</ele>
      </trkpt>
      <trkpt lat="37.16287" lon="-3.48944">
        <ele>881.3</ele>
      </trkpt>
      <trkpt lat="37.16294" lon="-3.48937">
        <ele>883.6</ele>
      </trkpt>
      <trkpt lat="37.16297" lon="-3.48931">
        <ele>885.0</ele>
      </trkpt>
      <trkpt lat="37.163" lon="-3.48924">
        <ele>886.5</ele>
      </trkpt>
      <trkpt lat="37.16302" lon="-3.48916">
        <ele>888.0</ele>
      </trkpt>
      <trkpt lat="37.16303" lon="-3.48909">
        <ele>889.7</ele>
      </trkpt>
      <trkpt lat="37.16303" lon="-3.489">
        <ele>891.7</ele>
      </trkpt>
      <trkpt lat="37.163" lon="-3.48889">
        <ele>893.7</ele>
      </trkpt>
      <trkpt lat="37.16296" lon="-3.48881">
        <ele>895.0</ele>
      </trkpt>
      <trkpt lat="37.16287" lon="-3.48871">
        <ele>896.1</ele>
      </trkpt>
      <trkpt lat="37.16283" lon="-3.48867">
        <ele>896.4</ele>
      </trkpt>
      <trkpt lat="37.16278" lon="-3.48865">
        <ele>896.3</ele>
      </trkpt>
      <trkpt lat="37.16271" lon="-3.48862">
        <ele>896.1</ele>
      </trkpt>
      <trkpt lat="37.16263" lon="-3.48862">
        <ele>895.1</ele>
      </trkpt>
      <trkpt lat="37.16256" lon="-3.48865">
        <ele>893.5</ele>
      </trkpt>
      <trkpt lat="37.16253" lon="-3.48868">
        <ele>892.5</ele>
      </trkpt>
      <trkpt lat="37.16244" lon="-3.48874">
        <ele>889.7</ele>
      </trkpt>
      <trkpt lat="37.16239" lon="-3.48878">
        <ele>888.0</ele>
      </trkpt>
      <trkpt lat="37.16236" lon="-3.48881">
        <ele>886.9</ele>
      </trkpt>
      <trkpt lat="37.16232" lon="-3.48886">
        <ele>885.4</ele>
      </trkpt>
      <trkpt lat="37.1623" lon="-3.48886">
        <ele>885.1</ele>
      </trkpt>
      <trkpt lat="37.16222" lon="-3.48889">
        <ele>883.5</ele>
      </trkpt>
      <trkpt lat="37.16215" lon="-3.48891">
        <ele>882.3</ele>
      </trkpt>
      <trkpt lat="37.16212" lon="-3.48891">
        <ele>881.9</ele>
      </trkpt>
      <trkpt lat="37.16208" lon="-3.4889">
        <ele>881.5</ele>
      </trkpt>
      <trkpt lat="37.16198" lon="-3.48882">
        <ele>880.9</ele>
      </trkpt>
      <trkpt lat="37.16191" lon="-3.48875">
        <ele>880.2</ele>
      </trkpt>
      <trkpt lat="37.16186" lon="-3.48864">
        <ele>879.9</ele>
      </trkpt>
      <trkpt lat="37.16183" lon="-3.48853">
        <ele>879.8</ele>
      </trkpt>
      <trkpt lat="37.16183" lon="-3.48842">
        <ele>880.3</ele>
      </trkpt>
      <trkpt lat="37.16183" lon="-3.48836">
        <ele>880.6</ele>
      </trkpt>
      <trkpt lat="37.16185" lon="-3.48828">
        <ele>881.1</ele>
      </trkpt>
      <trkpt lat="37.16188" lon="-3.48821">
        <ele>881.9</ele>
      </trkpt>
      <trkpt lat="37.16188" lon="-3.48819">
        <ele>881.8</ele>
      </trkpt>
      <trkpt lat="37.1619" lon="-3.48815">
        <ele>882.4</ele>
      </trkpt>
      <trkpt lat="37.16196" lon="-3.4881">
        <ele>884.3</ele>
      </trkpt>
      <trkpt lat="37.16199" lon="-3.48807">
        <ele>885.4</ele>
      </trkpt>
      <trkpt lat="37.16202" lon="-3.48806">
        <ele>886.4</ele>
      </trkpt>
      <trkpt lat="37.16208" lon="-3.48803">
        <ele>888.6</ele>
      </trkpt>
      <trkpt lat="37.16219" lon="-3.48798">
        <ele>892.8</ele>
      </trkpt>
      <trkpt lat="37.16224" lon="-3.48796">
        <ele>894.8</ele>
      </trkpt>
      <trkpt lat="37.16227" lon="-3.48795">
        <ele>895.9</ele>
      </trkpt>
      <trkpt lat="37.1623" lon="-3.48793">
        <ele>897.2</ele>
      </trkpt>
      <trkpt lat="37.16234" lon="-3.48791">
        <ele>898.9</ele>
      </trkpt>
      <trkpt lat="37.16236" lon="-3.48788">
        <ele>899.9</ele>
      </trkpt>
      <trkpt lat="37.1624" lon="-3.48786">
        <ele>901.7</ele>
      </trkpt>
      <trkpt lat="37.16243" lon="-3.48784">
        <ele>903.1</ele>
      </trkpt>
      <trkpt lat="37.16246" lon="-3.48781">
        <ele>904.6</ele>
      </trkpt>
      <trkpt lat="37.16251" lon="-3.48773">
        <ele>907.5</ele>
      </trkpt>
      <trkpt lat="37.16257" lon="-3.48762">
        <ele>910.9</ele>
      </trkpt>
      <trkpt lat="37.1626" lon="-3.48755">
        <ele>913.0</ele>
      </trkpt>
      <trkpt lat="37.16261" lon="-3.48745">
        <ele>914.8</ele>
      </trkpt>
      <trkpt lat="37.16261" lon="-3.48737">
        <ele>916.0</ele>
      </trkpt>
      <trkpt lat="37.16261" lon="-3.48723">
        <ele>918.1</ele>
      </trkpt>
      <trkpt lat="37.16258" lon="-3.48712">
        <ele>918.3</ele>
      </trkpt>
      <trkpt lat="37.16256" lon="-3.48704">
        <ele>918.4</ele>
      </trkpt>
      <trkpt lat="37.16252" lon="-3.48691">
        <ele>918.1</ele>
      </trkpt>
      <trkpt lat="37.16244" lon="-3.48668">
        <ele>916.3</ele>
      </trkpt>
      <trkpt lat="37.16242" lon="-3.48663">
        <ele>915.4</ele>
      </trkpt>
      <trkpt lat="37.16238" lon="-3.48651">
        <ele>913.8</ele>
      </trkpt>
      <trkpt lat="37.16238" lon="-3.4865">
        <ele>913.8</ele>
      </trkpt>
      <trkpt lat="37.16237" lon="-3.48647">
        <ele>913.4</ele>
      </trkpt>
      <trkpt lat="37.16236" lon="-3.48641">
        <ele>913.2</ele>
      </trkpt>
      <trkpt lat="37.16234" lon="-3.48628">
        <ele>912.8</ele>
      </trkpt>
      <trkpt lat="37.16234" lon="-3.48592">
        <ele>915.1</ele>
      </trkpt>
      <trkpt lat="37.16236" lon="-3.48578">
        <ele>915.9</ele>
      </trkpt>
      <trkpt lat="37.16238" lon="-3.48565">
        <ele>914.8</ele>
      </trkpt>
      <trkpt lat="37.16241" lon="-3.48557">
        <ele>915.2</ele>
      </trkpt>
      <trkpt lat="37.16248" lon="-3.48541">
        <ele>916.3</ele>
      </trkpt>
      <trkpt lat="37.16249" lon="-3.48537">
        <ele>916.1</ele>
      </trkpt>
      <trkpt lat="37.16263" lon="-3.48513">
        <ele>921.3</ele>
      </trkpt>
      <trkpt lat="37.16269" lon="-3.48504">
        <ele>923.9</ele>
      </trkpt>
      <trkpt lat="37.16285" lon="-3.4848">
        <ele>931.4</ele>
      </trkpt>
      <trkpt lat="37.1631" lon="-3.48445">
        <ele>940.7</ele>
      </trkpt>
      <trkpt lat="37.16324" lon="-3.48422">
        <ele>943.4</ele>
      </trkpt>
      <trkpt lat="37.16329" lon="-3.4841">
        <ele>944.6</ele>
      </trkpt>
      <trkpt lat="37.16333" lon="-3.48397">
        <ele>946.1</ele>
      </trkpt>
      <trkpt lat="37.16334" lon="-3.48393">
        <ele>946.6</ele>
      </trkpt>
      <trkpt lat="37.16337" lon="-3.48375">
        <ele>947.6</ele>
      </trkpt>
      <trkpt lat="37.16338" lon="-3.48366">
        <ele>947.8</ele>
      </trkpt>
      <trkpt lat="37.1634" lon="-3.48353">
        <ele>948.2</ele>
      </trkpt>
      <trkpt lat="37.16343" lon="-3.48318">
        <ele>950.2</ele>
      </trkpt>
      <trkpt lat="37.16343" lon="-3.48311">
        <ele>950.8</ele>
      </trkpt>
      <trkpt lat="37.16343" lon="-3.48303">
        <ele>951.6</ele>
      </trkpt>
      <trkpt lat="37.1634" lon="-3.48294">
        <ele>951.5</ele>
      </trkpt>
      <trkpt lat="37.16336" lon="-3.48287">
        <ele>951.0</ele>
      </trkpt>
      <trkpt lat="37.16331" lon="-3.48281">
        <ele>950.6</ele>
      </trkpt>
      <trkpt lat="37.16326" lon="-3.48277">
        <ele>950.6</ele>
      </trkpt>
      <trkpt lat="37.16322" lon="-3.48274">
        <ele>950.6</ele>
      </trkpt>
      <trkpt lat="37.16317" lon="-3.48271">
        <ele>950.6</ele>
      </trkpt>
      <trkpt lat="37.16311" lon="-3.48269">
        <ele>950.3</ele>
      </trkpt>
      <trkpt lat="37.16298" lon="-3.48265">
        <ele>949.8</ele>
      </trkpt>
      <trkpt lat="37.1629" lon="-3.48264">
        <ele>949.3</ele>
      </trkpt>
      <trkpt lat="37.16277" lon="-3.48262">
        <ele>948.7</ele>
      </trkpt>
      <trkpt lat="37.16268" lon="-3.48259">
        <ele>948.7</ele>
      </trkpt>
      <trkpt lat="37.16257" lon="-3.48253">
        <ele>949.6</ele>
      </trkpt>
      <trkpt lat="37.16253" lon="-3.48251">
        <ele>949.9</ele>
      </trkpt>
      <trkpt lat="37.1624" lon="-3.4824">
        <ele>950.6</ele>
      </trkpt>
      <trkpt lat="37.16238" lon="-3.48238">
        <ele>950.7</ele>
      </trkpt>
      <trkpt lat="37.16234" lon="-3.48232">
        <ele>951.7</ele>
      </trkpt>
      <trkpt lat="37.16226" lon="-3.48221">
        <ele>953.4</ele>
      </trkpt>
      <trkpt lat="37.16214" lon="-3.48205">
        <ele>956.0</ele>
      </trkpt>
      <trkpt lat="37.16202" lon="-3.48195">
        <ele>956.6</ele>
      </trkpt>
      <trkpt lat="37.16199" lon="-3.48193">
        <ele>956.6</ele>
      </trkpt>
      <trkpt lat="37.16183" lon="-3.48181">
        <ele>957.2</ele>
      </trkpt>
      <trkpt lat="37.1618" lon="-3.48178">
        <ele>957.7</ele>
      </trkpt>
      <trkpt lat="37.16175" lon="-3.48172">
        <ele>958.9</ele>
      </trkpt>
      <trkpt lat="37.16162" lon="-3.48146">
        <ele>963.6</ele>
      </trkpt>
      <trkpt lat="37.16157" lon="-3.48136">
        <ele>964.8</ele>
      </trkpt>
      <trkpt lat="37.16153" lon="-3.48126">
        <ele>966.4</ele>
      </trkpt>
      <trkpt lat="37.1615" lon="-3.48118">
        <ele>967.7</ele>
      </trkpt>
      <trkpt lat="37.16138" lon="-3.48099">
        <ele>968.8</ele>
      </trkpt>
      <trkpt lat="37.16125" lon="-3.4808">
        <ele>968.6</ele>
      </trkpt>
      <trkpt lat="37.16123" lon="-3.48073">
        <ele>968.0</ele>
      </trkpt>
      <trkpt lat="37.1612" lon="-3.48062">
        <ele>967.0</ele>
      </trkpt>
      <trkpt lat="37.16119" lon="-3.48045">
        <ele>966.8</ele>
      </trkpt>
      <trkpt lat="37.16121" lon="-3.48033">
        <ele>967.9</ele>
      </trkpt>
      <trkpt lat="37.16123" lon="-3.48024">
        <ele>969.0</ele>
      </trkpt>
      <trkpt lat="37.16128" lon="-3.48015">
        <ele>971.6</ele>
      </trkpt>
      <trkpt lat="37.16133" lon="-3.48006">
        <ele>974.4</ele>
      </trkpt>
      <trkpt lat="37.16138" lon="-3.47996">
        <ele>976.9</ele>
      </trkpt>
      <trkpt lat="37.16139" lon="-3.47991">
        <ele>977.0</ele>
      </trkpt>
      <trkpt lat="37.16141" lon="-3.47985">
        <ele>977.6</ele>
      </trkpt>
      <trkpt lat="37.16143" lon="-3.47972">
        <ele>977.6</ele>
      </trkpt>
      <trkpt lat="37.16141" lon="-3.47945">
        <ele>974.5</ele>
      </trkpt>
      <trkpt lat="37.16139" lon="-3.47934">
        <ele>972.7</ele>
      </trkpt>
      <trkpt lat="37.16139" lon="-3.47921">
        <ele>971.7</ele>
      </trkpt>
      <trkpt lat="37.16141" lon="-3.4791">
        <ele>971.8</ele>
      </trkpt>
      <trkpt lat="37.16144" lon="-3.47902">
        <ele>972.6</ele>
      </trkpt>
      <trkpt lat="37.16146" lon="-3.47896">
        <ele>973.1</ele>
      </trkpt>
      <trkpt lat="37.16152" lon="-3.47886">
        <ele>975.2</ele>
      </trkpt>
      <trkpt lat="37.16154" lon="-3.47883">
        <ele>975.9</ele>
      </trkpt>
      <trkpt lat="37.16159" lon="-3.47874">
        <ele>977.6</ele>
      </trkpt>
      <trkpt lat="37.16161" lon="-3.4787">
        <ele>978.3</ele>
      </trkpt>
      <trkpt lat="37.16163" lon="-3.47866">
        <ele>978.9</ele>
      </trkpt>
      <trkpt lat="37.16164" lon="-3.47864">
        <ele>979.3</ele>
      </trkpt>
      <trkpt lat="37.16167" lon="-3.47857">
        <ele>980.2</ele>
      </trkpt>
      <trkpt lat="37.1617" lon="-3.47847">
        <ele>981.2</ele>
      </trkpt>
      <trkpt lat="37.16172" lon="-3.47835">
        <ele>981.4</ele>
      </trkpt>
      <trkpt lat="37.16171" lon="-3.47824">
        <ele>980.5</ele>
      </trkpt>
      <trkpt lat="37.16168" lon="-3.47814">
        <ele>978.6</ele>
      </trkpt>
      <trkpt lat="37.16166" lon="-3.47806">
        <ele>977.4</ele>
      </trkpt>
      <trkpt lat="37.16164" lon="-3.478">
        <ele>976.4</ele>
      </trkpt>
      <trkpt lat="37.1616" lon="-3.47787">
        <ele>974.6</ele>
      </trkpt>
      <trkpt lat="37.16159" lon="-3.47772">
        <ele>974.1</ele>
      </trkpt>
      <trkpt lat="37.16159" lon="-3.47761">
        <ele>974.1</ele>
      </trkpt>
      <trkpt lat="37.16162" lon="-3.47739">
        <ele>977.7</ele>
      </trkpt>
      <trkpt lat="37.16163" lon="-3.47727">
        <ele>980.8</ele>
      </trkpt>
      <trkpt lat="37.16163" lon="-3.47718">
        <ele>982.8</ele>
      </trkpt>
      <trkpt lat="37.16163" lon="-3.47717">
        <ele>983.1</ele>
      </trkpt>
      <trkpt lat="37.1616" lon="-3.47706">
        <ele>984.3</ele>
      </trkpt>
      <trkpt lat="37.16155" lon="-3.47695">
        <ele>984.7</ele>
      </trkpt>
      <trkpt lat="37.16146" lon="-3.47686">
        <ele>982.9</ele>
      </trkpt>
      <trkpt lat="37.16142" lon="-3.47683">
        <ele>981.9</ele>
      </trkpt>
      <trkpt lat="37.16138" lon="-3.4768">
        <ele>980.8</ele>
      </trkpt>
      <trkpt lat="37.16099" lon="-3.47656">
        <ele>968.9</ele>
      </trkpt>
      <trkpt lat="37.16095" lon="-3.47651">
        <ele>968.1</ele>
      </trkpt>
      <trkpt lat="37.16093" lon="-3.47649">
        <ele>967.6</ele>
      </trkpt>
      <trkpt lat="37.16091" lon="-3.47647">
        <ele>967.2</ele>
      </trkpt>
      <trkpt lat="37.16088" lon="-3.47642">
        <ele>966.8</ele>
      </trkpt>
      <trkpt lat="37.16076" lon="-3.47616">
        <ele>967.1</ele>
      </trkpt>
      <trkpt lat="37.16066" lon="-3.47585">
        <ele>968.7</ele>
      </trkpt>
      <trkpt lat="37.16063" lon="-3.47576">
        <ele>968.5</ele>
      </trkpt>
      <trkpt lat="37.16061" lon="-3.47566">
        <ele>968.8</ele>
      </trkpt>
      <trkpt lat="37.1606" lon="-3.47564">
        <ele>968.7</ele>
      </trkpt>
      <trkpt lat="37.1606" lon="-3.47546">
        <ele>970.7</ele>
      </trkpt>
      <trkpt lat="37.16063" lon="-3.47515">
        <ele>975.3</ele>
      </trkpt>
      <trkpt lat="37.16062" lon="-3.47499">
        <ele>976.8</ele>
      </trkpt>
      <trkpt lat="37.16058" lon="-3.4749">
        <ele>977.0</ele>
      </trkpt>
      <trkpt lat="37.16053" lon="-3.47482">
        <ele>976.6</ele>
      </trkpt>
      <trkpt lat="37.16048" lon="-3.47477">
        <ele>975.7</ele>
      </trkpt>
      <trkpt lat="37.16042" lon="-3.47473">
        <ele>974.2</ele>
      </trkpt>
      <trkpt lat="37.16036" lon="-3.4747">
        <ele>972.4</ele>
      </trkpt>
      <trkpt lat="37.16025" lon="-3.47463">
        <ele>969.4</ele>
      </trkpt>
      <trkpt lat="37.16024" lon="-3.47462">
        <ele>969.2</ele>
      </trkpt>
      <trkpt lat="37.1602" lon="-3.4746">
        <ele>967.9</ele>
      </trkpt>
      <trkpt lat="37.16015" lon="-3.47457">
        <ele>966.5</ele>
      </trkpt>
      <trkpt lat="37.16009" lon="-3.4745">
        <ele>965.1</ele>
      </trkpt>
      <trkpt lat="37.16002" lon="-3.47436">
        <ele>964.3</ele>
      </trkpt>
      <trkpt lat="37.15999" lon="-3.47426">
        <ele>964.7</ele>
      </trkpt>
      <trkpt lat="37.15999" lon="-3.47425">
        <ele>964.8</ele>
      </trkpt>
      <trkpt lat="37.15997" lon="-3.47414">
        <ele>965.8</ele>
      </trkpt>
      <trkpt lat="37.15994" lon="-3.47403">
        <ele>966.3</ele>
      </trkpt>
      <trkpt lat="37.15992" lon="-3.4739">
        <ele>966.9</ele>
      </trkpt>
      <trkpt lat="37.15991" lon="-3.47387">
        <ele>967.0</ele>
      </trkpt>
      <trkpt lat="37.15989" lon="-3.47382">
        <ele>966.9</ele>
      </trkpt>
      <trkpt lat="37.15988" lon="-3.47379">
        <ele>966.9</ele>
      </trkpt>
      <trkpt lat="37.15984" lon="-3.47367">
        <ele>966.8</ele>
      </trkpt>
      <trkpt lat="37.15982" lon="-3.47361">
        <ele>966.6</ele>
      </trkpt>
      <trkpt lat="37.15973" lon="-3.47341">
        <ele>965.0</ele>
      </trkpt>
      <trkpt lat="37.15972" lon="-3.47338">
        <ele>964.8</ele>
      </trkpt>
      <trkpt lat="37.15967" lon="-3.4733">
        <ele>963.8</ele>
      </trkpt>
      <trkpt lat="37.15967" lon="-3.47327">
        <ele>964.3</ele>
      </trkpt>
      <trkpt lat="37.15965" lon="-3.47321">
        <ele>964.5</ele>
      </trkpt>
      <trkpt lat="37.15965" lon="-3.4732">
        <ele>964.7</ele>
      </trkpt>
      <trkpt lat="37.1596" lon="-3.47308">
        <ele>965.0</ele>
      </trkpt>
      <trkpt lat="37.15958" lon="-3.473">
        <ele>965.6</ele>
      </trkpt>
      <trkpt lat="37.15958" lon="-3.47297">
        <ele>966.1</ele>
      </trkpt>
      <trkpt lat="37.15957" lon="-3.47286">
        <ele>967.5</ele>
      </trkpt>
      <trkpt lat="37.15957" lon="-3.47285">
        <ele>967.6</ele>
      </trkpt>
      <trkpt lat="37.15957" lon="-3.47284">
        <ele>967.8</ele>
      </trkpt>
      <trkpt lat="37.15957" lon="-3.47278">
        <ele>968.7</ele>
      </trkpt>
      <trkpt lat="37.15959" lon="-3.47255">
        <ele>972.9</ele>
      </trkpt>
      <trkpt lat="37.1596" lon="-3.47233">
        <ele>974.2</ele>
      </trkpt>
      <trkpt lat="37.15961" lon="-3.47229">
        <ele>974.5</ele>
      </trkpt>
      <trkpt lat="37.15964" lon="-3.47211">
        <ele>975.5</ele>
      </trkpt>
      <trkpt lat="37.15968" lon="-3.4719">
        <ele>976.7</ele>
      </trkpt>
      <trkpt lat="37.15968" lon="-3.47189">
        <ele>976.7</ele>
      </trkpt>
      <trkpt lat="37.15973" lon="-3.47174">
        <ele>978.1</ele>
      </trkpt>
      <trkpt lat="37.15973" lon="-3.47173">
        <ele>978.1</ele>
      </trkpt>
      <trkpt lat="37.15975" lon="-3.47168">
        <ele>978.7</ele>
      </trkpt>
      <trkpt lat="37.15984" lon="-3.47148">
        <ele>978.7</ele>
      </trkpt>
      <trkpt lat="37.1599" lon="-3.47134">
        <ele>978.4</ele>
      </trkpt>
      <trkpt lat="37.15992" lon="-3.47129">
        <ele>978.2</ele>
      </trkpt>
      <trkpt lat="37.15999" lon="-3.47114">
        <ele>977.8</ele>
      </trkpt>
      <trkpt lat="37.16001" lon="-3.47109">
        <ele>977.9</ele>
      </trkpt>
      <trkpt lat="37.16002" lon="-3.47107">
        <ele>978.2</ele>
      </trkpt>
      <trkpt lat="37.16019" lon="-3.47069">
        <ele>979.1</ele>
      </trkpt>
      <trkpt lat="37.16028" lon="-3.4705">
        <ele>976.8</ele>
      </trkpt>
      <trkpt lat="37.16032" lon="-3.4704">
        <ele>975.3</ele>
      </trkpt>
      <trkpt lat="37.16034" lon="-3.47035">
        <ele>974.6</ele>
      </trkpt>
      <trkpt lat="37.16047" lon="-3.47012">
        <ele>974.1</ele>
      </trkpt>
      <trkpt lat="37.16048" lon="-3.4701">
        <ele>974.0</ele>
      </trkpt>
      <trkpt lat="37.16056" lon="-3.47001">
        <ele>976.0</ele>
      </trkpt>
      <trkpt lat="37.16057" lon="-3.47001">
        <ele>976.7</ele>
      </trkpt>
      <trkpt lat="37.16061" lon="-3.46997">
        <ele>978.3</ele>
      </trkpt>
      <trkpt lat="37.16075" lon="-3.46984">
        <ele>984.0</ele>
      </trkpt>
      <trkpt lat="37.16097" lon="-3.46966">
        <ele>990.2</ele>
      </trkpt>
      <trkpt lat="37.16132" lon="-3.46937">
        <ele>997.7</ele>
      </trkpt>
      <trkpt lat="37.1615" lon="-3.46918">
        <ele>999.7</ele>
      </trkpt>
      <trkpt lat="37.16159" lon="-3.46903">
        <ele>999.7</ele>
      </trkpt>
      <trkpt lat="37.16165" lon="-3.46892">
        <ele>999.4</ele>
      </trkpt>
      <trkpt lat="37.16166" lon="-3.46887">
        <ele>998.5</ele>
      </trkpt>
      <trkpt lat="37.16168" lon="-3.46881">
        <ele>997.9</ele>
      </trkpt>
      <trkpt lat="37.16173" lon="-3.46868">
        <ele>996.9</ele>
      </trkpt>
      <trkpt lat="37.16174" lon="-3.46866">
        <ele>996.9</ele>
      </trkpt>
      <trkpt lat="37.16177" lon="-3.46858">
        <ele>996.1</ele>
      </trkpt>
      <trkpt lat="37.16182" lon="-3.4685">
        <ele>996.3</ele>
      </trkpt>
      <trkpt lat="37.16187" lon="-3.46842">
        <ele>996.2</ele>
      </trkpt>
      <trkpt lat="37.16196" lon="-3.46833">
        <ele>997.6</ele>
      </trkpt>
      <trkpt lat="37.1623" lon="-3.46797">
        <ele>1001.0</ele>
      </trkpt>
      <trkpt lat="37.16256" lon="-3.46778">
        <ele>1004.7</ele>
      </trkpt>
      <trkpt lat="37.16258" lon="-3.46776">
        <ele>1004.7</ele>
      </trkpt>
      <trkpt lat="37.1627" lon="-3.46767">
        <ele>1005.6</ele>
      </trkpt>
      <trkpt lat="37.16274" lon="-3.46764">
        <ele>1005.9</ele>
      </trkpt>
      <trkpt lat="37.16288" lon="-3.46754">
        <ele>1006.9</ele>
      </trkpt>
      <trkpt lat="37.16298" lon="-3.46747">
        <ele>1008.6</ele>
      </trkpt>
      <trkpt lat="37.16307" lon="-3.46742">
        <ele>1011.5</ele>
      </trkpt>
      <trkpt lat="37.16312" lon="-3.46735">
        <ele>1012.9</ele>
      </trkpt>
      <trkpt lat="37.16316" lon="-3.46728">
        <ele>1013.9</ele>
      </trkpt>
      <trkpt lat="37.16321" lon="-3.46718">
        <ele>1015.1</ele>
      </trkpt>
      <trkpt lat="37.16323" lon="-3.46709">
        <ele>1015.3</ele>
      </trkpt>
      <trkpt lat="37.16323" lon="-3.46698">
        <ele>1014.7</ele>
      </trkpt>
      <trkpt lat="37.16322" lon="-3.4669">
        <ele>1013.9</ele>
      </trkpt>
      <trkpt lat="37.16322" lon="-3.46689">
        <ele>1013.9</ele>
      </trkpt>
      <trkpt lat="37.16321" lon="-3.46683">
        <ele>1013.3</ele>
      </trkpt>
      <trkpt lat="37.1632" lon="-3.46679">
        <ele>1012.8</ele>
      </trkpt>
      <trkpt lat="37.16316" lon="-3.4667">
        <ele>1011.2</ele>
      </trkpt>
      <trkpt lat="37.16312" lon="-3.46662">
        <ele>1012.0</ele>
      </trkpt>
      <trkpt lat="37.16306" lon="-3.46656">
        <ele>1013.0</ele>
      </trkpt>
      <trkpt lat="37.163" lon="-3.46651">
        <ele>1013.5</ele>
      </trkpt>
      <trkpt lat="37.16292" lon="-3.46644">
        <ele>1014.3</ele>
      </trkpt>
      <trkpt lat="37.16285" lon="-3.46638">
        <ele>1015.0</ele>
      </trkpt>
      <trkpt lat="37.16278" lon="-3.46632">
        <ele>1015.6</ele>
      </trkpt>
      <trkpt lat="37.1627" lon="-3.46625">
        <ele>1016.4</ele>
      </trkpt>
      <trkpt lat="37.16269" lon="-3.46624">
        <ele>1016.5</ele>
      </trkpt>
      <trkpt lat="37.16262" lon="-3.46616">
        <ele>1018.0</ele>
      </trkpt>
      <trkpt lat="37.16257" lon="-3.4661">
        <ele>1019.2</ele>
      </trkpt>
      <trkpt lat="37.1625" lon="-3.46602">
        <ele>1020.7</ele>
      </trkpt>
      <trkpt lat="37.16248" lon="-3.46601">
        <ele>1020.3</ele>
      </trkpt>
      <trkpt lat="37.16243" lon="-3.46598">
        <ele>1019.3</ele>
      </trkpt>
      <trkpt lat="37.16235" lon="-3.46594">
        <ele>1017.4</ele>
      </trkpt>
      <trkpt lat="37.16226" lon="-3.46591">
        <ele>1014.6</ele>
      </trkpt>
      <trkpt lat="37.16225" lon="-3.4659">
        <ele>1014.5</ele>
      </trkpt>
      <trkpt lat="37.1622" lon="-3.46588">
        <ele>1013.1</ele>
      </trkpt>
      <trkpt lat="37.16212" lon="-3.46583">
        <ele>1011.4</ele>
      </trkpt>
      <trkpt lat="37.16208" lon="-3.46582">
        <ele>1009.9</ele>
      </trkpt>
      <trkpt lat="37.16205" lon="-3.4658">
        <ele>1009.4</ele>
      </trkpt>
      <trkpt lat="37.16196" lon="-3.46574">
        <ele>1007.6</ele>
      </trkpt>
      <trkpt lat="37.1619" lon="-3.46567">
        <ele>1007.7</ele>
      </trkpt>
      <trkpt lat="37.16186" lon="-3.46563">
        <ele>1007.4</ele>
      </trkpt>
      <trkpt lat="37.16181" lon="-3.46554">
        <ele>1008.6</ele>
      </trkpt>
      <trkpt lat="37.16174" lon="-3.46544">
        <ele>1009.2</ele>
      </trkpt>
      <trkpt lat="37.16172" lon="-3.46539">
        <ele>1010.2</ele>
      </trkpt>
      <trkpt lat="37.16171" lon="-3.46536">
        <ele>1010.9</ele>
      </trkpt>
      <trkpt lat="37.16169" lon="-3.46531">
        <ele>1011.9</ele>
      </trkpt>
      <trkpt lat="37.16166" lon="-3.4652">
        <ele>1014.6</ele>
      </trkpt>
      <trkpt lat="37.16165" lon="-3.46514">
        <ele>1016.2</ele>
      </trkpt>
      <trkpt lat="37.16164" lon="-3.46505">
        <ele>1018.9</ele>
      </trkpt>
      <trkpt lat="37.16164" lon="-3.46492">
        <ele>1021.4</ele>
      </trkpt>
      <trkpt lat="37.16163" lon="-3.46475">
        <ele>1021.8</ele>
      </trkpt>
      <trkpt lat="37.16163" lon="-3.46469">
        <ele>1022.2</ele>
      </trkpt>
      <trkpt lat="37.16164" lon="-3.46447">
        <ele>1024.6</ele>
      </trkpt>
      <trkpt lat="37.16165" lon="-3.46424">
        <ele>1027.1</ele>
      </trkpt>
      <trkpt lat="37.16166" lon="-3.46402">
        <ele>1027.2</ele>
      </trkpt>
      <trkpt lat="37.16166" lon="-3.46391">
        <ele>1026.3</ele>
      </trkpt>
      <trkpt lat="37.16167" lon="-3.46379">
        <ele>1026.1</ele>
      </trkpt>
      <trkpt lat="37.16168" lon="-3.46362">
        <ele>1025.4</ele>
      </trkpt>
      <trkpt lat="37.16172" lon="-3.46346">
        <ele>1026.8</ele>
      </trkpt>
      <trkpt lat="37.16175" lon="-3.46336">
        <ele>1028.0</ele>
      </trkpt>
      <trkpt lat="37.16179" lon="-3.46326">
        <ele>1028.7</ele>
      </trkpt>
      <trkpt lat="37.16184" lon="-3.46316">
        <ele>1029.6</ele>
      </trkpt>
      <trkpt lat="37.16186" lon="-3.46312">
        <ele>1029.9</ele>
      </trkpt>
      <trkpt lat="37.16198" lon="-3.46296">
        <ele>1033.6</ele>
      </trkpt>
      <trkpt lat="37.16202" lon="-3.46292">
        <ele>1035.1</ele>
      </trkpt>
      <trkpt lat="37.16205" lon="-3.46287">
        <ele>1035.6</ele>
      </trkpt>
      <trkpt lat="37.16209" lon="-3.4628">
        <ele>1036.2</ele>
      </trkpt>
      <trkpt lat="37.16216" lon="-3.46266">
        <ele>1036.6</ele>
      </trkpt>
      <trkpt lat="37.16218" lon="-3.46261">
        <ele>1036.3</ele>
      </trkpt>
      <trkpt lat="37.16221" lon="-3.46254">
        <ele>1036.1</ele>
      </trkpt>
      <trkpt lat="37.16225" lon="-3.46242">
        <ele>1037.1</ele>
      </trkpt>
      <trkpt lat="37.16226" lon="-3.46241">
        <ele>1037.7</ele>
      </trkpt>
      <trkpt lat="37.16229" lon="-3.46233">
        <ele>1039.1</ele>
      </trkpt>
      <trkpt lat="37.16232" lon="-3.46224">
        <ele>1040.3</ele>
      </trkpt>
      <trkpt lat="37.16233" lon="-3.4622">
        <ele>1040.6</ele>
      </trkpt>
      <trkpt lat="37.16235" lon="-3.46213">
        <ele>1041.2</ele>
      </trkpt>
      <trkpt lat="37.16235" lon="-3.46209">
        <ele>1041.0</ele>
      </trkpt>
      <trkpt lat="37.16237" lon="-3.46201">
        <ele>1041.5</ele>
      </trkpt>
      <trkpt lat="37.16237" lon="-3.46198">
        <ele>1041.3</ele>
      </trkpt>
      <trkpt lat="37.16237" lon="-3.4618">
        <ele>1040.3</ele>
      </trkpt>
      <trkpt lat="37.16236" lon="-3.46172">
        <ele>1039.4</ele>
      </trkpt>
      <trkpt lat="37.16234" lon="-3.46157">
        <ele>1039.6</ele>
      </trkpt>
      <trkpt lat="37.16234" lon="-3.46153">
        <ele>1040.2</ele>
      </trkpt>
      <trkpt lat="37.16232" lon="-3.46146">
        <ele>1040.4</ele>
      </trkpt>
      <trkpt lat="37.1623" lon="-3.4614">
        <ele>1040.7</ele>
      </trkpt>
      <trkpt lat="37.16226" lon="-3.46132">
        <ele>1040.7</ele>
      </trkpt>
      <trkpt lat="37.16222" lon="-3.46124">
        <ele>1040.9</ele>
      </trkpt>
      <trkpt lat="37.16216" lon="-3.46116">
        <ele>1040.9</ele>
      </trkpt>
      <trkpt lat="37.16211" lon="-3.46109">
        <ele>1041.1</ele>
      </trkpt>
      <trkpt lat="37.1621" lon="-3.46108">
        <ele>1041.1</ele>
      </trkpt>
      <trkpt lat="37.16203" lon="-3.46102">
        <ele>1041.0</ele>
      </trkpt>
      <trkpt lat="37.16196" lon="-3.46096">
        <ele>1041.0</ele>
      </trkpt>
      <trkpt lat="37.16195" lon="-3.46096">
        <ele>1040.9</ele>
      </trkpt>
      <trkpt lat="37.16189" lon="-3.46091">
        <ele>1041.1</ele>
      </trkpt>
      <trkpt lat="37.16182" lon="-3.46087">
        <ele>1041.1</ele>
      </trkpt>
      <trkpt lat="37.16174" lon="-3.46084">
        <ele>1040.8</ele>
      </trkpt>
      <trkpt lat="37.16166" lon="-3.46082">
        <ele>1040.4</ele>
      </trkpt>
      <trkpt lat="37.16154" lon="-3.4608">
        <ele>1039.7</ele>
      </trkpt>
      <trkpt lat="37.16146" lon="-3.46078">
        <ele>1039.3</ele>
      </trkpt>
      <trkpt lat="37.16144" lon="-3.46078">
        <ele>1039.1</ele>
      </trkpt>
      <trkpt lat="37.16139" lon="-3.46077">
        <ele>1038.8</ele>
      </trkpt>
      <trkpt lat="37.16131" lon="-3.46075">
        <ele>1038.4</ele>
      </trkpt>
      <trkpt lat="37.16123" lon="-3.46072">
        <ele>1038.2</ele>
      </trkpt>
      <trkpt lat="37.16117" lon="-3.46068">
        <ele>1038.5</ele>
      </trkpt>
      <trkpt lat="37.16112" lon="-3.46062">
        <ele>1039.3</ele>
      </trkpt>
      <trkpt lat="37.16106" lon="-3.46051">
        <ele>1041.1</ele>
      </trkpt>
      <trkpt lat="37.16103" lon="-3.46043">
        <ele>1042.5</ele>
      </trkpt>
      <trkpt lat="37.16103" lon="-3.46042">
        <ele>1042.7</ele>
      </trkpt>
      <trkpt lat="37.16099" lon="-3.46031">
        <ele>1044.6</ele>
      </trkpt>
      <trkpt lat="37.16098" lon="-3.46029">
        <ele>1044.8</ele>
      </trkpt>
      <trkpt lat="37.16096" lon="-3.46022">
        <ele>1046.0</ele>
      </trkpt>
      <trkpt lat="37.16096" lon="-3.46021">
        <ele>1046.2</ele>
      </trkpt>
      <trkpt lat="37.16094" lon="-3.46013">
        <ele>1047.6</ele>
      </trkpt>
      <trkpt lat="37.16093" lon="-3.46008">
        <ele>1048.5</ele>
      </trkpt>
      <trkpt lat="37.16092" lon="-3.46002">
        <ele>1049.5</ele>
      </trkpt>
      <trkpt lat="37.16092" lon="-3.45999">
        <ele>1050.0</ele>
      </trkpt>
      <trkpt lat="37.16092" lon="-3.45997">
        <ele>1050.2</ele>
      </trkpt>
      <trkpt lat="37.16092" lon="-3.45991">
        <ele>1050.5</ele>
      </trkpt>
      <trkpt lat="37.16092" lon="-3.45988">
        <ele>1050.7</ele>
      </trkpt>
      <trkpt lat="37.16092" lon="-3.45986">
        <ele>1050.9</ele>
      </trkpt>
      <trkpt lat="37.16093" lon="-3.45981">
        <ele>1051.4</ele>
      </trkpt>
      <trkpt lat="37.16093" lon="-3.45977">
        <ele>1051.7</ele>
      </trkpt>
      <trkpt lat="37.16094" lon="-3.45971">
        <ele>1052.3</ele>
      </trkpt>
      <trkpt lat="37.16096" lon="-3.4596">
        <ele>1053.4</ele>
      </trkpt>
      <trkpt lat="37.16099" lon="-3.45942">
        <ele>1055.3</ele>
      </trkpt>
      <trkpt lat="37.16102" lon="-3.45928">
        <ele>1057.0</ele>
      </trkpt>
      <trkpt lat="37.16102" lon="-3.45927">
        <ele>1057.0</ele>
      </trkpt>
      <trkpt lat="37.16105" lon="-3.45918">
        <ele>1058.4</ele>
      </trkpt>
      <trkpt lat="37.16108" lon="-3.45905">
        <ele>1059.2</ele>
      </trkpt>
      <trkpt lat="37.16113" lon="-3.45889">
        <ele>1060.3</ele>
      </trkpt>
      <trkpt lat="37.16119" lon="-3.45868">
        <ele>1061.2</ele>
      </trkpt>
      <trkpt lat="37.16122" lon="-3.45858">
        <ele>1061.6</ele>
      </trkpt>
      <trkpt lat="37.16127" lon="-3.45844">
        <ele>1062.1</ele>
      </trkpt>
      <trkpt lat="37.1613" lon="-3.45833">
        <ele>1062.2</ele>
      </trkpt>
      <trkpt lat="37.1613" lon="-3.45825">
        <ele>1062.9</ele>
      </trkpt>
      <trkpt lat="37.16131" lon="-3.45818">
        <ele>1063.6</ele>
      </trkpt>
      <trkpt lat="37.1613" lon="-3.45811">
        <ele>1064.1</ele>
      </trkpt>
      <trkpt lat="37.16128" lon="-3.45806">
        <ele>1064.3</ele>
      </trkpt>
      <trkpt lat="37.16126" lon="-3.45802">
        <ele>1064.4</ele>
      </trkpt>
      <trkpt lat="37.16125" lon="-3.458">
        <ele>1064.5</ele>
      </trkpt>
      <trkpt lat="37.1612" lon="-3.45788">
        <ele>1065.1</ele>
      </trkpt>
      <trkpt lat="37.16105" lon="-3.45755">
        <ele>1067.0</ele>
      </trkpt>
      <trkpt lat="37.16102" lon="-3.45747">
        <ele>1067.4</ele>
      </trkpt>
      <trkpt lat="37.16101" lon="-3.45739">
        <ele>1067.5</ele>
      </trkpt>
      <trkpt lat="37.16099" lon="-3.45732">
        <ele>1067.6</ele>
      </trkpt>
      <trkpt lat="37.16099" lon="-3.45726">
        <ele>1067.7</ele>
      </trkpt>
      <trkpt lat="37.16099" lon="-3.45721">
        <ele>1067.8</ele>
      </trkpt>
      <trkpt lat="37.16099" lon="-3.45718">
        <ele>1067.9</ele>
      </trkpt>
      <trkpt lat="37.16099" lon="-3.45715">
        <ele>1068.0</ele>
      </trkpt>
      <trkpt lat="37.16098" lon="-3.45707">
        <ele>1068.1</ele>
      </trkpt>
      <trkpt lat="37.16098" lon="-3.45705">
        <ele>1068.1</ele>
      </trkpt>
      <trkpt lat="37.16097" lon="-3.45699">
        <ele>1068.2</ele>
      </trkpt>
      <trkpt lat="37.16097" lon="-3.45695">
        <ele>1068.3</ele>
      </trkpt>
      <trkpt lat="37.1609" lon="-3.45651">
        <ele>1069.7</ele>
      </trkpt>
      <trkpt lat="37.16088" lon="-3.45638">
        <ele>1070.7</ele>
      </trkpt>
      <trkpt lat="37.16085" lon="-3.45623">
        <ele>1071.7</ele>
      </trkpt>
      <trkpt lat="37.16077" lon="-3.4558">
        <ele>1075.8</ele>
      </trkpt>
      <trkpt lat="37.16077" lon="-3.45579">
        <ele>1075.9</ele>
      </trkpt>
      <trkpt lat="37.16075" lon="-3.4557">
        <ele>1077.1</ele>
      </trkpt>
      <trkpt lat="37.16075" lon="-3.45562">
        <ele>1078.1</ele>
      </trkpt>
      <trkpt lat="37.16075" lon="-3.45555">
        <ele>1078.9</ele>
      </trkpt>
      <trkpt lat="37.16075" lon="-3.45548">
        <ele>1079.8</ele>
      </trkpt>
      <trkpt lat="37.16076" lon="-3.4554">
        <ele>1080.7</ele>
      </trkpt>
      <trkpt lat="37.16079" lon="-3.45514">
        <ele>1083.6</ele>
      </trkpt>
      <trkpt lat="37.16082" lon="-3.45483">
        <ele>1085.9</ele>
      </trkpt>
      <trkpt lat="37.16086" lon="-3.45463">
        <ele>1086.8</ele>
      </trkpt>
      <trkpt lat="37.16087" lon="-3.45451">
        <ele>1087.4</ele>
      </trkpt>
      <trkpt lat="37.16088" lon="-3.45441">
        <ele>1087.9</ele>
      </trkpt>
      <trkpt lat="37.16089" lon="-3.45439">
        <ele>1088.0</ele>
      </trkpt>
      <trkpt lat="37.16089" lon="-3.45429">
        <ele>1088.5</ele>
      </trkpt>
      <trkpt lat="37.16089" lon="-3.45419">
        <ele>1089.0</ele>
      </trkpt>
      <trkpt lat="37.16088" lon="-3.45402">
        <ele>1088.8</ele>
      </trkpt>
      <trkpt lat="37.16087" lon="-3.45396">
        <ele>1088.6</ele>
      </trkpt>
      <trkpt lat="37.16087" lon="-3.45393">
        <ele>1088.5</ele>
      </trkpt>
      <trkpt lat="37.16086" lon="-3.45384">
        <ele>1088.3</ele>
      </trkpt>
      <trkpt lat="37.16084" lon="-3.45371">
        <ele>1087.9</ele>
      </trkpt>
      <trkpt lat="37.16083" lon="-3.45359">
        <ele>1087.6</ele>
      </trkpt>
      <trkpt lat="37.16083" lon="-3.45358">
        <ele>1087.6</ele>
      </trkpt>
      <trkpt lat="37.16083" lon="-3.45349">
        <ele>1087.4</ele>
      </trkpt>
      <trkpt lat="37.16084" lon="-3.45343">
        <ele>1087.2</ele>
      </trkpt>
      <trkpt lat="37.16085" lon="-3.45336">
        <ele>1087.1</ele>
      </trkpt>
      <trkpt lat="37.16088" lon="-3.45326">
        <ele>1086.5</ele>
      </trkpt>
      <trkpt lat="37.16092" lon="-3.45311">
        <ele>1085.6</ele>
      </trkpt>
      <trkpt lat="37.16096" lon="-3.45299">
        <ele>1084.8</ele>
      </trkpt>
      <trkpt lat="37.161" lon="-3.45287">
        <ele>1084.1</ele>
      </trkpt>
      <trkpt lat="37.16103" lon="-3.45277">
        <ele>1083.5</ele>
      </trkpt>
      <trkpt lat="37.16104" lon="-3.45273">
        <ele>1083.3</ele>
      </trkpt>
      <trkpt lat="37.16105" lon="-3.4527">
        <ele>1083.1</ele>
      </trkpt>
      <trkpt lat="37.16108" lon="-3.45262">
        <ele>1082.7</ele>
      </trkpt>
      <trkpt lat="37.16109" lon="-3.45256">
        <ele>1082.3</ele>
      </trkpt>
      <trkpt lat="37.1611" lon="-3.45252">
        <ele>1082.1</ele>
      </trkpt>
      <trkpt lat="37.16111" lon="-3.45248">
        <ele>1082.1</ele>
      </trkpt>
      <trkpt lat="37.16111" lon="-3.45242">
        <ele>1082.4</ele>
      </trkpt>
      <trkpt lat="37.1611" lon="-3.45237">
        <ele>1082.6</ele>
      </trkpt>
      <trkpt lat="37.16109" lon="-3.45232">
        <ele>1082.8</ele>
      </trkpt>
      <trkpt lat="37.16108" lon="-3.4523">
        <ele>1082.8</ele>
      </trkpt>
      <trkpt lat="37.16106" lon="-3.45227">
        <ele>1082.9</ele>
      </trkpt>
      <trkpt lat="37.16103" lon="-3.45221">
        <ele>1083.0</ele>
      </trkpt>
      <trkpt lat="37.16097" lon="-3.45212">
        <ele>1083.1</ele>
      </trkpt>
      <trkpt lat="37.16091" lon="-3.45208">
        <ele>1082.9</ele>
      </trkpt>
      <trkpt lat="37.16085" lon="-3.45205">
        <ele>1082.7</ele>
      </trkpt>
      <trkpt lat="37.1608" lon="-3.45202">
        <ele>1082.3</ele>
      </trkpt>
      <trkpt lat="37.16074" lon="-3.45199">
        <ele>1081.6</ele>
      </trkpt>
      <trkpt lat="37.16072" lon="-3.45198">
        <ele>1081.4</ele>
      </trkpt>
      <trkpt lat="37.16064" lon="-3.45195">
        <ele>1080.4</ele>
      </trkpt>
      <trkpt lat="37.16055" lon="-3.45192">
        <ele>1079.3</ele>
      </trkpt>
      <trkpt lat="37.16053" lon="-3.45191">
        <ele>1079.0</ele>
      </trkpt>
      <trkpt lat="37.16045" lon="-3.45189">
        <ele>1078.0</ele>
      </trkpt>
      <trkpt lat="37.1604" lon="-3.45186">
        <ele>1077.3</ele>
      </trkpt>
      <trkpt lat="37.16035" lon="-3.45184">
        <ele>1076.6</ele>
      </trkpt>
      <trkpt lat="37.16031" lon="-3.45182">
        <ele>1076.0</ele>
      </trkpt>
      <trkpt lat="37.1603" lon="-3.45181">
        <ele>1075.8</ele>
      </trkpt>
      <trkpt lat="37.16025" lon="-3.45178">
        <ele>1075.1</ele>
      </trkpt>
      <trkpt lat="37.1602" lon="-3.45174">
        <ele>1074.3</ele>
      </trkpt>
      <trkpt lat="37.16017" lon="-3.45171">
        <ele>1073.7</ele>
      </trkpt>
      <trkpt lat="37.16011" lon="-3.45165">
        <ele>1072.9</ele>
      </trkpt>
      <trkpt lat="37.16007" lon="-3.45159">
        <ele>1072.8</ele>
      </trkpt>
      <trkpt lat="37.16004" lon="-3.45154">
        <ele>1072.7</ele>
      </trkpt>
      <trkpt lat="37.15999" lon="-3.45145">
        <ele>1072.6</ele>
      </trkpt>
      <trkpt lat="37.15997" lon="-3.4514">
        <ele>1072.6</ele>
      </trkpt>
      <trkpt lat="37.15994" lon="-3.45135">
        <ele>1072.3</ele>
      </trkpt>
      <trkpt lat="37.15991" lon="-3.45127">
        <ele>1072.3</ele>
      </trkpt>
      <trkpt lat="37.15989" lon="-3.45119">
        <ele>1072.6</ele>
      </trkpt>
      <trkpt lat="37.15987" lon="-3.45114">
        <ele>1072.5</ele>
      </trkpt>
      <trkpt lat="37.15987" lon="-3.45112">
        <ele>1072.7</ele>
      </trkpt>
      <trkpt lat="37.15984" lon="-3.45107">
        <ele>1072.4</ele>
      </trkpt>
      <trkpt lat="37.15984" lon="-3.45106">
        <ele>1072.5</ele>
      </trkpt>
      <trkpt lat="37.1598" lon="-3.45101">
        <ele>1072.0</ele>
      </trkpt>
      <trkpt lat="37.15978" lon="-3.45098">
        <ele>1071.8</ele>
      </trkpt>
      <trkpt lat="37.15976" lon="-3.45097">
        <ele>1071.4</ele>
      </trkpt>
      <trkpt lat="37.15975" lon="-3.45096">
        <ele>1071.3</ele>
      </trkpt>
      <trkpt lat="37.15974" lon="-3.45096">
        <ele>1071.1</ele>
      </trkpt>
      <trkpt lat="37.15971" lon="-3.45093">
        <ele>1070.6</ele>
      </trkpt>
      <trkpt lat="37.15966" lon="-3.4509">
        <ele>1069.7</ele>
      </trkpt>
      <trkpt lat="37.15964" lon="-3.45089">
        <ele>1069.3</ele>
      </trkpt>
      <trkpt lat="37.1596" lon="-3.45086">
        <ele>1068.7</ele>
      </trkpt>
      <trkpt lat="37.15959" lon="-3.45085">
        <ele>1068.5</ele>
      </trkpt>
      <trkpt lat="37.15957" lon="-3.45084">
        <ele>1068.1</ele>
      </trkpt>
      <trkpt lat="37.15955" lon="-3.45082">
        <ele>1067.9</ele>
      </trkpt>
      <trkpt lat="37.15948" lon="-3.45077">
        <ele>1066.7</ele>
      </trkpt>
      <trkpt lat="37.15942" lon="-3.45072">
        <ele>1065.7</ele>
      </trkpt>
      <trkpt lat="37.15938" lon="-3.45069">
        <ele>1064.9</ele>
      </trkpt>
      <trkpt lat="37.15935" lon="-3.45065">
        <ele>1064.4</ele>
      </trkpt>
      <trkpt lat="37.15932" lon="-3.4506">
        <ele>1064.0</ele>
      </trkpt>
      <trkpt lat="37.15932" lon="-3.45059">
        <ele>1064.1</ele>
      </trkpt>
      <trkpt lat="37.15931" lon="-3.45057">
        <ele>1064.0</ele>
      </trkpt>
      <trkpt lat="37.1593" lon="-3.45055">
        <ele>1063.8</ele>
      </trkpt>
      <trkpt lat="37.1593" lon="-3.45052">
        <ele>1064.0</ele>
      </trkpt>
      <trkpt lat="37.1593" lon="-3.45049">
        <ele>1064.2</ele>
      </trkpt>
      <trkpt lat="37.1593" lon="-3.45043">
        <ele>1064.6</ele>
      </trkpt>
      <trkpt lat="37.1593" lon="-3.45042">
        <ele>1064.7</ele>
      </trkpt>
      <trkpt lat="37.15931" lon="-3.45037">
        <ele>1065.3</ele>
      </trkpt>
      <trkpt lat="37.15931" lon="-3.45035">
        <ele>1065.4</ele>
      </trkpt>
      <trkpt lat="37.15931" lon="-3.45033">
        <ele>1065.5</ele>
      </trkpt>
      <trkpt lat="37.15932" lon="-3.4503">
        <ele>1066.0</ele>
      </trkpt>
      <trkpt lat="37.15933" lon="-3.45024">
        <ele>1066.7</ele>
      </trkpt>
      <trkpt lat="37.15934" lon="-3.45016">
        <ele>1067.5</ele>
      </trkpt>
      <trkpt lat="37.15934" lon="-3.45013">
        <ele>1067.7</ele>
      </trkpt>
      <trkpt lat="37.15934" lon="-3.45011">
        <ele>1067.9</ele>
      </trkpt>
      <trkpt lat="37.15934" lon="-3.45008">
        <ele>1068.1</ele>
      </trkpt>
      <trkpt lat="37.15933" lon="-3.45006">
        <ele>1067.9</ele>
      </trkpt>
      <trkpt lat="37.15931" lon="-3.45">
        <ele>1067.6</ele>
      </trkpt>
      <trkpt lat="37.15929" lon="-3.44994">
        <ele>1067.2</ele>
      </trkpt>
      <trkpt lat="37.15928" lon="-3.44993">
        <ele>1066.9</ele>
      </trkpt>
      <trkpt lat="37.15928" lon="-3.44992">
        <ele>1066.9</ele>
      </trkpt>
      <trkpt lat="37.15924" lon="-3.44986">
        <ele>1065.9</ele>
      </trkpt>
      <trkpt lat="37.15916" lon="-3.44977">
        <ele>1063.5</ele>
      </trkpt>
      <trkpt lat="37.15915" lon="-3.44976">
        <ele>1063.0</ele>
      </trkpt>
      <trkpt lat="37.15908" lon="-3.44967">
        <ele>1060.1</ele>
      </trkpt>
      <trkpt lat="37.15908" lon="-3.44966">
        <ele>1060.1</ele>
      </trkpt>
      <trkpt lat="37.15905" lon="-3.44961">
        <ele>1059.0</ele>
      </trkpt>
      <trkpt lat="37.15904" lon="-3.44959">
        <ele>1058.7</ele>
      </trkpt>
      <trkpt lat="37.15903" lon="-3.44958">
        <ele>1058.3</ele>
      </trkpt>
      <trkpt lat="37.15902" lon="-3.44954">
        <ele>1058.1</ele>
      </trkpt>
      <trkpt lat="37.159" lon="-3.44947">
        <ele>1057.7</ele>
      </trkpt>
      <trkpt lat="37.15898" lon="-3.44937">
        <ele>1057.6</ele>
      </trkpt>
      <trkpt lat="37.15897" lon="-3.44926">
        <ele>1058.0</ele>
      </trkpt>
      <trkpt lat="37.15897" lon="-3.44923">
        <ele>1058.2</ele>
      </trkpt>
      <trkpt lat="37.15897" lon="-3.44901">
        <ele>1059.2</ele>
      </trkpt>
      <trkpt lat="37.15897" lon="-3.44899">
        <ele>1059.3</ele>
      </trkpt>
      <trkpt lat="37.15897" lon="-3.44894">
        <ele>1059.5</ele>
      </trkpt>
      <trkpt lat="37.15898" lon="-3.44887">
        <ele>1060.1</ele>
      </trkpt>
      <trkpt lat="37.15898" lon="-3.44878">
        <ele>1060.4</ele>
      </trkpt>
      <trkpt lat="37.15898" lon="-3.44872">
        <ele>1060.6</ele>
      </trkpt>
      <trkpt lat="37.15898" lon="-3.44849">
        <ele>1061.3</ele>
      </trkpt>
      <trkpt lat="37.15899" lon="-3.4484">
        <ele>1061.9</ele>
      </trkpt>
      <trkpt lat="37.15899" lon="-3.44838">
        <ele>1062.0</ele>
      </trkpt>
      <trkpt lat="37.15901" lon="-3.44823">
        <ele>1063.6</ele>
      </trkpt>
      <trkpt lat="37.15901" lon="-3.44822">
        <ele>1063.7</ele>
      </trkpt>
      <trkpt lat="37.15902" lon="-3.44818">
        <ele>1064.3</ele>
      </trkpt>
      <trkpt lat="37.15902" lon="-3.44816">
        <ele>1064.4</ele>
      </trkpt>
      <trkpt lat="37.15904" lon="-3.44807">
        <ele>1065.6</ele>
      </trkpt>
      <trkpt lat="37.15906" lon="-3.44796">
        <ele>1066.9</ele>
      </trkpt>
      <trkpt lat="37.15906" lon="-3.44792">
        <ele>1067.2</ele>
      </trkpt>
      <trkpt lat="37.15909" lon="-3.44776">
        <ele>1068.8</ele>
      </trkpt>
      <trkpt lat="37.1591" lon="-3.44774">
        <ele>1069.0</ele>
      </trkpt>
      <trkpt lat="37.1591" lon="-3.44772">
        <ele>1069.2</ele>
      </trkpt>
      <trkpt lat="37.15911" lon="-3.44769">
        <ele>1069.5</ele>
      </trkpt>
      <trkpt lat="37.15911" lon="-3.44764">
        <ele>1069.8</ele>
      </trkpt>
      <trkpt lat="37.15911" lon="-3.44762">
        <ele>1069.9</ele>
      </trkpt>
      <trkpt lat="37.15911" lon="-3.4476">
        <ele>1070.0</ele>
      </trkpt>
      <trkpt lat="37.1591" lon="-3.44756">
        <ele>1070.2</ele>
      </trkpt>
      <trkpt lat="37.15909" lon="-3.44753">
        <ele>1070.3</ele>
      </trkpt>
      <trkpt lat="37.15906" lon="-3.44748">
        <ele>1071.1</ele>
      </trkpt>
      <trkpt lat="37.15903" lon="-3.44745">
        <ele>1072.1</ele>
      </trkpt>
      <trkpt lat="37.15899" lon="-3.44742">
        <ele>1073.0</ele>
      </trkpt>
      <trkpt lat="37.15897" lon="-3.44742">
        <ele>1072.9</ele>
      </trkpt>
      <trkpt lat="37.15894" lon="-3.44741">
        <ele>1073.1</ele>
      </trkpt>
      <trkpt lat="37.15892" lon="-3.44741">
        <ele>1073.0</ele>
      </trkpt>
      <trkpt lat="37.15888" lon="-3.44741">
        <ele>1072.8</ele>
      </trkpt>
      <trkpt lat="37.15883" lon="-3.44742">
        <ele>1072.2</ele>
      </trkpt>
      <trkpt lat="37.15876" lon="-3.44742">
        <ele>1071.8</ele>
      </trkpt>
      <trkpt lat="37.15865" lon="-3.44742">
        <ele>1071.3</ele>
      </trkpt>
      <trkpt lat="37.15858" lon="-3.44742">
        <ele>1070.9</ele>
      </trkpt>
      <trkpt lat="37.15856" lon="-3.44741">
        <ele>1071.2</ele>
      </trkpt>
      <trkpt lat="37.15851" lon="-3.4474">
        <ele>1071.4</ele>
      </trkpt>
      <trkpt lat="37.15841" lon="-3.44738">
        <ele>1071.8</ele>
      </trkpt>
      <trkpt lat="37.15831" lon="-3.44738">
        <ele>1071.2</ele>
      </trkpt>
      <trkpt lat="37.15824" lon="-3.44739">
        <ele>1069.9</ele>
      </trkpt>
      <trkpt lat="37.15823" lon="-3.4474">
        <ele>1069.4</ele>
      </trkpt>
      <trkpt lat="37.15821" lon="-3.4474">
        <ele>1069.1</ele>
      </trkpt>
      <trkpt lat="37.15806" lon="-3.44745">
        <ele>1065.4</ele>
      </trkpt>
      <trkpt lat="37.15787" lon="-3.44752">
        <ele>1061.1</ele>
      </trkpt>
      <trkpt lat="37.15783" lon="-3.44753">
        <ele>1060.6</ele>
      </trkpt>
      <trkpt lat="37.15779" lon="-3.44755">
        <ele>1059.8</ele>
      </trkpt>
      <trkpt lat="37.15775" lon="-3.44755">
        <ele>1059.5</ele>
      </trkpt>
      <trkpt lat="37.15772" lon="-3.44755">
        <ele>1059.2</ele>
      </trkpt>
      <trkpt lat="37.15771" lon="-3.44755">
        <ele>1059.1</ele>
      </trkpt>
      <trkpt lat="37.15768" lon="-3.44755">
        <ele>1058.8</ele>
      </trkpt>
      <trkpt lat="37.15766" lon="-3.44753">
        <ele>1059.0</ele>
      </trkpt>
      <trkpt lat="37.15763" lon="-3.44751">
        <ele>1059.1</ele>
      </trkpt>
      <trkpt lat="37.1576" lon="-3.44747">
        <ele>1059.9</ele>
      </trkpt>
      <trkpt lat="37.15758" lon="-3.44741">
        <ele>1061.5</ele>
      </trkpt>
      <trkpt lat="37.15756" lon="-3.44737">
        <ele>1062.5</ele>
      </trkpt>
      <trkpt lat="37.15752" lon="-3.44722">
        <ele>1066.4</ele>
      </trkpt>
      <trkpt lat="37.15749" lon="-3.44709">
        <ele>1069.3</ele>
      </trkpt>
      <trkpt lat="37.15746" lon="-3.44698">
        <ele>1070.8</ele>
      </trkpt>
      <trkpt lat="37.15745" lon="-3.44692">
        <ele>1072.0</ele>
      </trkpt>
      <trkpt lat="37.15743" lon="-3.44689">
        <ele>1071.8</ele>
      </trkpt>
      <trkpt lat="37.15742" lon="-3.44685">
        <ele>1072.3</ele>
      </trkpt>
      <trkpt lat="37.1574" lon="-3.44682">
        <ele>1072.1</ele>
      </trkpt>
      <trkpt lat="37.15737" lon="-3.44678">
        <ele>1071.5</ele>
      </trkpt>
      <trkpt lat="37.15734" lon="-3.44675">
        <ele>1070.7</ele>
      </trkpt>
      <trkpt lat="37.1573" lon="-3.44672">
        <ele>1069.3</ele>
      </trkpt>
      <trkpt lat="37.1573" lon="-3.44671">
        <ele>1069.6</ele>
      </trkpt>
      <trkpt lat="37.15724" lon="-3.44667">
        <ele>1067.3</ele>
      </trkpt>
      <trkpt lat="37.15719" lon="-3.44663">
        <ele>1065.6</ele>
      </trkpt>
      <trkpt lat="37.15713" lon="-3.44657">
        <ele>1064.0</ele>
      </trkpt>
      <trkpt lat="37.15708" lon="-3.44653">
        <ele>1062.3</ele>
      </trkpt>
      <trkpt lat="37.15705" lon="-3.44649">
        <ele>1061.8</ele>
      </trkpt>
      <trkpt lat="37.15702" lon="-3.44645">
        <ele>1061.2</ele>
      </trkpt>
      <trkpt lat="37.15702" lon="-3.44644">
        <ele>1061.5</ele>
      </trkpt>
      <trkpt lat="37.157" lon="-3.44641">
        <ele>1061.2</ele>
      </trkpt>
      <trkpt lat="37.15698" lon="-3.44636">
        <ele>1061.5</ele>
      </trkpt>
      <trkpt lat="37.15698" lon="-3.44632">
        <ele>1062.6</ele>
      </trkpt>
      <trkpt lat="37.15698" lon="-3.44629">
        <ele>1063.5</ele>
      </trkpt>
      <trkpt lat="37.15698" lon="-3.44625">
        <ele>1064.6</ele>
      </trkpt>
      <trkpt lat="37.15699" lon="-3.44623">
        <ele>1065.8</ele>
      </trkpt>
      <trkpt lat="37.15699" lon="-3.44618">
        <ele>1067.2</ele>
      </trkpt>
      <trkpt lat="37.157" lon="-3.44611">
        <ele>1069.8</ele>
      </trkpt>
      <trkpt lat="37.157" lon="-3.44604">
        <ele>1071.9</ele>
      </trkpt>
      <trkpt lat="37.15699" lon="-3.446">
        <ele>1072.4</ele>
      </trkpt>
      <trkpt lat="37.15699" lon="-3.44596">
        <ele>1073.5</ele>
      </trkpt>
      <trkpt lat="37.15698" lon="-3.44593">
        <ele>1073.8</ele>
      </trkpt>
      <trkpt lat="37.15697" lon="-3.4459">
        <ele>1074.0</ele>
      </trkpt>
      <trkpt lat="37.15695" lon="-3.44585">
        <ele>1074.2</ele>
      </trkpt>
      <trkpt lat="37.15693" lon="-3.4458">
        <ele>1073.3</ele>
      </trkpt>
      <trkpt lat="37.15691" lon="-3.44576">
        <ele>1072.0</ele>
      </trkpt>
      <trkpt lat="37.15687" lon="-3.44566">
        <ele>1069.5</ele>
      </trkpt>
      <trkpt lat="37.15684" lon="-3.4456">
        <ele>1067.9</ele>
      </trkpt>
      <trkpt lat="37.15683" lon="-3.44558">
        <ele>1067.4</ele>
      </trkpt>
      <trkpt lat="37.15681" lon="-3.44552">
        <ele>1066.4</ele>
      </trkpt>
      <trkpt lat="37.15679" lon="-3.44547">
        <ele>1065.5</ele>
      </trkpt>
      <trkpt lat="37.15679" lon="-3.44543">
        <ele>1065.6</ele>
      </trkpt>
      <trkpt lat="37.15678" lon="-3.44539">
        <ele>1065.2</ele>
      </trkpt>
      <trkpt lat="37.15678" lon="-3.44535">
        <ele>1065.3</ele>
      </trkpt>
      <trkpt lat="37.15679" lon="-3.4453">
        <ele>1065.9</ele>
      </trkpt>
      <trkpt lat="37.15681" lon="-3.44524">
        <ele>1066.8</ele>
      </trkpt>
      <trkpt lat="37.15682" lon="-3.4452">
        <ele>1067.2</ele>
      </trkpt>
      <trkpt lat="37.15684" lon="-3.44518">
        <ele>1068.0</ele>
      </trkpt>
      <trkpt lat="37.15687" lon="-3.44512">
        <ele>1069.0</ele>
      </trkpt>
      <trkpt lat="37.15691" lon="-3.44505">
        <ele>1070.1</ele>
      </trkpt>
      <trkpt lat="37.15695" lon="-3.445">
        <ele>1071.2</ele>
      </trkpt>
      <trkpt lat="37.15695" lon="-3.445">
        <ele>1071.2</ele>
      </trkpt>
      <trkpt lat="37.15704" lon="-3.44488">
        <ele>1071.4</ele>
      </trkpt>
      <trkpt lat="37.15706" lon="-3.44484">
        <ele>1071.1</ele>
      </trkpt>
      <trkpt lat="37.1571" lon="-3.44479">
        <ele>1071.2</ele>
      </trkpt>
      <trkpt lat="37.15722" lon="-3.44464">
        <ele>1071.0</ele>
      </trkpt>
      <trkpt lat="37.15722" lon="-3.44464">
        <ele>1071.0</ele>
      </trkpt>
      <trkpt lat="37.15751" lon="-3.44432">
        <ele>1070.1</ele>
      </trkpt>
      <trkpt lat="37.15754" lon="-3.44429">
        <ele>1070.2</ele>
      </trkpt>
      <trkpt lat="37.15759" lon="-3.44425">
        <ele>1070.4</ele>
      </trkpt>
      <trkpt lat="37.1576" lon="-3.44424">
        <ele>1070.3</ele>
      </trkpt>
      <trkpt lat="37.1576" lon="-3.44424">
        <ele>1070.3</ele>
      </trkpt>
      <trkpt lat="37.1576" lon="-3.44415">
        <ele>1067.9</ele>
      </trkpt>
      <trkpt lat="37.1576" lon="-3.44409">
        <ele>1067.0</ele>
      </trkpt>
      <trkpt lat="37.15759" lon="-3.44392">
        <ele>1064.2</ele>
      </trkpt>
      <trkpt lat="37.15759" lon="-3.44387">
        <ele>1063.4</ele>
      </trkpt>
      <trkpt lat="37.15759" lon="-3.44382">
        <ele>1062.7</ele>
      </trkpt>
      <trkpt lat="37.15758" lon="-3.44362">
        <ele>1059.5</ele>
      </trkpt>
      <trkpt lat="37.15758" lon="-3.44362">
        <ele>1059.5</ele>
      </trkpt>
      <trkpt lat="37.15758" lon="-3.44354">
        <ele>1058.3</ele>
      </trkpt>
      <trkpt lat="37.15758" lon="-3.44347">
        <ele>1057.2</ele>
      </trkpt>
      <trkpt lat="37.15758" lon="-3.44336">
        <ele>1055.6</ele>
      </trkpt>
      <trkpt lat="37.15757" lon="-3.44324">
        <ele>1054.5</ele>
      </trkpt>
      <trkpt lat="37.15757" lon="-3.44317">
        <ele>1054.1</ele>
      </trkpt>
      <trkpt lat="37.15759" lon="-3.44309">
        <ele>1053.9</ele>
      </trkpt>
      <trkpt lat="37.1576" lon="-3.44305">
        <ele>1053.9</ele>
      </trkpt>
      <trkpt lat="37.1576" lon="-3.44304">
        <ele>1053.8</ele>
      </trkpt>
      <trkpt lat="37.15763" lon="-3.44299">
        <ele>1054.0</ele>
      </trkpt>
      <trkpt lat="37.15768" lon="-3.44292">
        <ele>1054.4</ele>
      </trkpt>
      <trkpt lat="37.15768" lon="-3.44292">
        <ele>1054.4</ele>
      </trkpt>
      <trkpt lat="37.15769" lon="-3.44292">
        <ele>1054.6</ele>
      </trkpt>
      <trkpt lat="37.15771" lon="-3.44292">
        <ele>1054.9</ele>
      </trkpt>
      <trkpt lat="37.15773" lon="-3.4429">
        <ele>1055.1</ele>
      </trkpt>
      <trkpt lat="37.15776" lon="-3.44289">
        <ele>1055.6</ele>
      </trkpt>
      <trkpt lat="37.15778" lon="-3.44287">
        <ele>1055.8</ele>
      </trkpt>
      <trkpt lat="37.15779" lon="-3.44286">
        <ele>1055.9</ele>
      </trkpt>
      <trkpt lat="37.15782" lon="-3.44283">
        <ele>1056.3</ele>
      </trkpt>
      <trkpt lat="37.15784" lon="-3.44282">
        <ele>1056.6</ele>
      </trkpt>
      <trkpt lat="37.15786" lon="-3.44279">
        <ele>1056.8</ele>
      </trkpt>
      <trkpt lat="37.1579" lon="-3.44275">
        <ele>1057.3</ele>
      </trkpt>
      <trkpt lat="37.15792" lon="-3.44271">
        <ele>1057.4</ele>
      </trkpt>
      <trkpt lat="37.15796" lon="-3.44265">
        <ele>1057.9</ele>
      </trkpt>
      <trkpt lat="37.15798" lon="-3.44263">
        <ele>1058.2</ele>
      </trkpt>
      <trkpt lat="37.15803" lon="-3.44256">
        <ele>1058.8</ele>
      </trkpt>
      <trkpt lat="37.15811" lon="-3.44248">
        <ele>1059.8</ele>
      </trkpt>
      <trkpt lat="37.15814" lon="-3.44245">
        <ele>1060.1</ele>
      </trkpt>
      <trkpt lat="37.1582" lon="-3.44242">
        <ele>1061.0</ele>
      </trkpt>
      <trkpt lat="37.15824" lon="-3.44239">
        <ele>1061.5</ele>
      </trkpt>
      <trkpt lat="37.1583" lon="-3.44234">
        <ele>1062.4</ele>
      </trkpt>
      <trkpt lat="37.1583" lon="-3.44234">
        <ele>1062.4</ele>
      </trkpt>
      <trkpt lat="37.15832" lon="-3.44232">
        <ele>1062.7</ele>
      </trkpt>
      <trkpt lat="37.1584" lon="-3.44226">
        <ele>1063.6</ele>
      </trkpt>
      <trkpt lat="37.15852" lon="-3.44212">
        <ele>1064.8</ele>
      </trkpt>
      <trkpt lat="37.15858" lon="-3.44203">
        <ele>1065.4</ele>
      </trkpt>
      <trkpt lat="37.15863" lon="-3.44196">
        <ele>1065.9</ele>
      </trkpt>
      <trkpt lat="37.15866" lon="-3.4419">
        <ele>1066.1</ele>
      </trkpt>
      <trkpt lat="37.1587" lon="-3.44179">
        <ele>1066.2</ele>
      </trkpt>
      <trkpt lat="37.15875" lon="-3.44165">
        <ele>1066.5</ele>
      </trkpt>
      <trkpt lat="37.15879" lon="-3.44154">
        <ele>1067.5</ele>
      </trkpt>
      <trkpt lat="37.15882" lon="-3.44142">
        <ele>1068.3</ele>
      </trkpt>
      <trkpt lat="37.15886" lon="-3.44132">
        <ele>1069.4</ele>
      </trkpt>
      <trkpt lat="37.15887" lon="-3.44129">
        <ele>1069.7</ele>
      </trkpt>
      <trkpt lat="37.1589" lon="-3.44122">
        <ele>1070.5</ele>
      </trkpt>
      <trkpt lat="37.15895" lon="-3.44112">
        <ele>1071.9</ele>
      </trkpt>
      <trkpt lat="37.15895" lon="-3.44112">
        <ele>1071.9</ele>
      </trkpt>
      <trkpt lat="37.15895" lon="-3.44109">
        <ele>1072.0</ele>
      </trkpt>
      <trkpt lat="37.15894" lon="-3.44106">
        <ele>1071.8</ele>
      </trkpt>
      <trkpt lat="37.1589" lon="-3.44097">
        <ele>1071.2</ele>
      </trkpt>
      <trkpt lat="37.15889" lon="-3.44094">
        <ele>1071.1</ele>
      </trkpt>
      <trkpt lat="37.15887" lon="-3.44088">
        <ele>1070.8</ele>
      </trkpt>
      <trkpt lat="37.15886" lon="-3.44085">
        <ele>1070.6</ele>
      </trkpt>
      <trkpt lat="37.15883" lon="-3.44078">
        <ele>1070.1</ele>
      </trkpt>
      <trkpt lat="37.15879" lon="-3.44067">
        <ele>1069.6</ele>
      </trkpt>
      <trkpt lat="37.15872" lon="-3.44046">
        <ele>1068.9</ele>
      </trkpt>
      <trkpt lat="37.15871" lon="-3.44042">
        <ele>1068.8</ele>
      </trkpt>
      <trkpt lat="37.15869" lon="-3.44037">
        <ele>1068.5</ele>
      </trkpt>
      <trkpt lat="37.15869" lon="-3.44036">
        <ele>1068.6</ele>
      </trkpt>
      <trkpt lat="37.15866" lon="-3.4403">
        <ele>1068.2</ele>
      </trkpt>
      <trkpt lat="37.15864" lon="-3.44024">
        <ele>1067.9</ele>
      </trkpt>
      <trkpt lat="37.15861" lon="-3.4402">
        <ele>1067.4</ele>
      </trkpt>
      <trkpt lat="37.15859" lon="-3.44017">
        <ele>1067.1</ele>
      </trkpt>
      <trkpt lat="37.15856" lon="-3.44013">
        <ele>1066.6</ele>
      </trkpt>
      <trkpt lat="37.15853" lon="-3.44007">
        <ele>1066.2</ele>
      </trkpt>
      <trkpt lat="37.15853" lon="-3.44006">
        <ele>1066.2</ele>
      </trkpt>
      <trkpt lat="37.15851" lon="-3.44002">
        <ele>1065.9</ele>
      </trkpt>
      <trkpt lat="37.1585" lon="-3.43999">
        <ele>1065.8</ele>
      </trkpt>
      <trkpt lat="37.15848" lon="-3.43996">
        <ele>1065.4</ele>
      </trkpt>
      <trkpt lat="37.15846" lon="-3.43989">
        <ele>1065.0</ele>
      </trkpt>
      <trkpt lat="37.15846" lon="-3.43986">
        <ele>1065.0</ele>
      </trkpt>
      <trkpt lat="37.15845" lon="-3.43982">
        <ele>1064.8</ele>
      </trkpt>
      <trkpt lat="37.15844" lon="-3.43978">
        <ele>1064.5</ele>
      </trkpt>
      <trkpt lat="37.15844" lon="-3.43976">
        <ele>1064.5</ele>
      </trkpt>
      <trkpt lat="37.15843" lon="-3.43971">
        <ele>1064.3</ele>
      </trkpt>
      <trkpt lat="37.15842" lon="-3.43967">
        <ele>1064.1</ele>
      </trkpt>
      <trkpt lat="37.15842" lon="-3.43963">
        <ele>1064.1</ele>
      </trkpt>
      <trkpt lat="37.15842" lon="-3.43959">
        <ele>1064.1</ele>
      </trkpt>
      <trkpt lat="37.15842" lon="-3.43954">
        <ele>1064.2</ele>
      </trkpt>
      <trkpt lat="37.15843" lon="-3.43951">
        <ele>1064.4</ele>
      </trkpt>
      <trkpt lat="37.15845" lon="-3.43947">
        <ele>1064.9</ele>
      </trkpt>
      <trkpt lat="37.15848" lon="-3.43943">
        <ele>1065.7</ele>
      </trkpt>
      <trkpt lat="37.1585" lon="-3.4394">
        <ele>1066.2</ele>
      </trkpt>
      <trkpt lat="37.15853" lon="-3.43936">
        <ele>1067.0</ele>
      </trkpt>
      <trkpt lat="37.15855" lon="-3.43932">
        <ele>1067.6</ele>
      </trkpt>
      <trkpt lat="37.15857" lon="-3.43928">
        <ele>1068.1</ele>
      </trkpt>
      <trkpt lat="37.15859" lon="-3.43924">
        <ele>1068.7</ele>
      </trkpt>
      <trkpt lat="37.15861" lon="-3.43919">
        <ele>1069.3</ele>
      </trkpt>
      <trkpt lat="37.15862" lon="-3.43914">
        <ele>1069.6</ele>
      </trkpt>
      <trkpt lat="37.15862" lon="-3.43907">
        <ele>1069.8</ele>
      </trkpt>
      <trkpt lat="37.15863" lon="-3.43902">
        <ele>1070.1</ele>
      </trkpt>
      <trkpt lat="37.15863" lon="-3.43896">
        <ele>1070.3</ele>
      </trkpt>
      <trkpt lat="37.15862" lon="-3.43892">
        <ele>1070.1</ele>
      </trkpt>
      <trkpt lat="37.15862" lon="-3.43887">
        <ele>1070.2</ele>
      </trkpt>
      <trkpt lat="37.15861" lon="-3.43882">
        <ele>1070.0</ele>
      </trkpt>
      <trkpt lat="37.1586" lon="-3.43878">
        <ele>1069.8</ele>
      </trkpt>
      <trkpt lat="37.15859" lon="-3.43874">
        <ele>1069.6</ele>
      </trkpt>
      <trkpt lat="37.15859" lon="-3.43873">
        <ele>1069.6</ele>
      </trkpt>
      <trkpt lat="37.15857" lon="-3.43869">
        <ele>1069.1</ele>
      </trkpt>
      <trkpt lat="37.15854" lon="-3.43865">
        <ele>1068.4</ele>
      </trkpt>
      <trkpt lat="37.15853" lon="-3.43863">
        <ele>1068.1</ele>
      </trkpt>
      <trkpt lat="37.15848" lon="-3.43857">
        <ele>1066.8</ele>
      </trkpt>
      <trkpt lat="37.15835" lon="-3.43842">
        <ele>1063.4</ele>
      </trkpt>
      <trkpt lat="37.15829" lon="-3.43836">
        <ele>1062.1</ele>
      </trkpt>
      <trkpt lat="37.15824" lon="-3.43832">
        <ele>1061.2</ele>
      </trkpt>
      <trkpt lat="37.15819" lon="-3.43827">
        <ele>1060.2</ele>
      </trkpt>
      <trkpt lat="37.15818" lon="-3.43826">
        <ele>1060.0</ele>
      </trkpt>
      <trkpt lat="37.15814" lon="-3.43823">
        <ele>1059.3</ele>
      </trkpt>
      <trkpt lat="37.15812" lon="-3.43822">
        <ele>1058.9</ele>
      </trkpt>
      <trkpt lat="37.15809" lon="-3.4382">
        <ele>1058.4</ele>
      </trkpt>
      <trkpt lat="37.15806" lon="-3.43817">
        <ele>1057.8</ele>
      </trkpt>
      <trkpt lat="37.15802" lon="-3.43814">
        <ele>1057.1</ele>
      </trkpt>
      <trkpt lat="37.158" lon="-3.43812">
        <ele>1056.8</ele>
      </trkpt>
      <trkpt lat="37.15797" lon="-3.43809">
        <ele>1056.2</ele>
      </trkpt>
      <trkpt lat="37.15796" lon="-3.43804">
        <ele>1056.1</ele>
      </trkpt>
      <trkpt lat="37.15796" lon="-3.43799">
        <ele>1056.2</ele>
      </trkpt>
      <trkpt lat="37.15796" lon="-3.4379">
        <ele>1056.2</ele>
      </trkpt>
      <trkpt lat="37.15796" lon="-3.43785">
        <ele>1056.3</ele>
      </trkpt>
      <trkpt lat="37.15797" lon="-3.4378">
        <ele>1056.5</ele>
      </trkpt>
      <trkpt lat="37.15797" lon="-3.43776">
        <ele>1056.5</ele>
      </trkpt>
      <trkpt lat="37.15796" lon="-3.43771">
        <ele>1056.4</ele>
      </trkpt>
      <trkpt lat="37.15796" lon="-3.43767">
        <ele>1056.5</ele>
      </trkpt>
      <trkpt lat="37.15794" lon="-3.43762">
        <ele>1056.2</ele>
      </trkpt>
      <trkpt lat="37.15793" lon="-3.43757">
        <ele>1056.1</ele>
      </trkpt>
      <trkpt lat="37.15792" lon="-3.43751">
        <ele>1056.0</ele>
      </trkpt>
      <trkpt lat="37.15792" lon="-3.43745">
        <ele>1056.5</ele>
      </trkpt>
      <trkpt lat="37.15792" lon="-3.4374">
        <ele>1057.0</ele>
      </trkpt>
      <trkpt lat="37.15791" lon="-3.43736">
        <ele>1057.3</ele>
      </trkpt>
      <trkpt lat="37.15791" lon="-3.43733">
        <ele>1057.5</ele>
      </trkpt>
      <trkpt lat="37.1579" lon="-3.4373">
        <ele>1057.7</ele>
      </trkpt>
      <trkpt lat="37.15788" lon="-3.43727">
        <ele>1057.7</ele>
      </trkpt>
      <trkpt lat="37.15787" lon="-3.43724">
        <ele>1057.9</ele>
      </trkpt>
      <trkpt lat="37.15784" lon="-3.4372">
        <ele>1057.9</ele>
      </trkpt>
      <trkpt lat="37.15782" lon="-3.43718">
        <ele>1057.9</ele>
      </trkpt>
      <trkpt lat="37.1578" lon="-3.43715">
        <ele>1057.9</ele>
      </trkpt>
      <trkpt lat="37.15779" lon="-3.43714">
        <ele>1057.9</ele>
      </trkpt>
      <trkpt lat="37.15775" lon="-3.4371">
        <ele>1057.8</ele>
      </trkpt>
      <trkpt lat="37.15772" lon="-3.43708">
        <ele>1057.7</ele>
      </trkpt>
      <trkpt lat="37.15767" lon="-3.43706">
        <ele>1057.3</ele>
      </trkpt>
      <trkpt lat="37.15764" lon="-3.43705">
        <ele>1057.1</ele>
      </trkpt>
      <trkpt lat="37.15762" lon="-3.43704">
        <ele>1056.9</ele>
      </trkpt>
      <trkpt lat="37.15757" lon="-3.43704">
        <ele>1056.3</ele>
      </trkpt>
      <trkpt lat="37.15753" lon="-3.43704">
        <ele>1055.9</ele>
      </trkpt>
      <trkpt lat="37.1575" lon="-3.43705">
        <ele>1055.4</ele>
      </trkpt>
      <trkpt lat="37.15748" lon="-3.43705">
        <ele>1055.0</ele>
      </trkpt>
      <trkpt lat="37.15748" lon="-3.43705">
        <ele>1055.0</ele>
      </trkpt>
      <trkpt lat="37.15746" lon="-3.43705">
        <ele>1054.5</ele>
      </trkpt>
      <trkpt lat="37.15743" lon="-3.43705">
        <ele>1053.8</ele>
      </trkpt>
      <trkpt lat="37.15739" lon="-3.43706">
        <ele>1052.8</ele>
      </trkpt>
      <trkpt lat="37.15736" lon="-3.43705">
        <ele>1052.3</ele>
      </trkpt>
      <trkpt lat="37.15733" lon="-3.43703">
        <ele>1051.9</ele>
      </trkpt>
      <trkpt lat="37.15731" lon="-3.43702">
        <ele>1051.5</ele>
      </trkpt>
      <trkpt lat="37.15729" lon="-3.437">
        <ele>1051.3</ele>
      </trkpt>
      <trkpt lat="37.15727" lon="-3.43696">
        <ele>1051.3</ele>
      </trkpt>
      <trkpt lat="37.15723" lon="-3.4369">
        <ele>1051.1</ele>
      </trkpt>
      <trkpt lat="37.15723" lon="-3.4369">
        <ele>1051.1</ele>
      </trkpt>
      <trkpt lat="37.15723" lon="-3.43681">
        <ele>1052.2</ele>
      </trkpt>
      <trkpt lat="37.15724" lon="-3.43677">
        <ele>1052.9</ele>
      </trkpt>
      <trkpt lat="37.15725" lon="-3.43672">
        <ele>1053.7</ele>
      </trkpt>
      <trkpt lat="37.15725" lon="-3.43668">
        <ele>1054.1</ele>
      </trkpt>
      <trkpt lat="37.15725" lon="-3.43667">
        <ele>1054.3</ele>
      </trkpt>
      <trkpt lat="37.15727" lon="-3.4366">
        <ele>1056.1</ele>
      </trkpt>
      <trkpt lat="37.15728" lon="-3.43654">
        <ele>1057.5</ele>
      </trkpt>
      <trkpt lat="37.1573" lon="-3.43646">
        <ele>1059.5</ele>
      </trkpt>
      <trkpt lat="37.15732" lon="-3.43641">
        <ele>1061.0</ele>
      </trkpt>
      <trkpt lat="37.15733" lon="-3.43636">
        <ele>1062.2</ele>
      </trkpt>
      <trkpt lat="37.15736" lon="-3.43631">
        <ele>1063.9</ele>
      </trkpt>
      <trkpt lat="37.15739" lon="-3.43625">
        <ele>1065.9</ele>
      </trkpt>
      <trkpt lat="37.15742" lon="-3.43622">
        <ele>1067.2</ele>
      </trkpt>
      <trkpt lat="37.15743" lon="-3.43621">
        <ele>1067.6</ele>
      </trkpt>
      <trkpt lat="37.15745" lon="-3.4362">
        <ele>1068.3</ele>
      </trkpt>
      <trkpt lat="37.15749" lon="-3.43618">
        <ele>1069.7</ele>
      </trkpt>
      <trkpt lat="37.15753" lon="-3.43616">
        <ele>1070.7</ele>
      </trkpt>
      <trkpt lat="37.15754" lon="-3.43616">
        <ele>1070.9</ele>
      </trkpt>
      <trkpt lat="37.15758" lon="-3.43613">
        <ele>1072.0</ele>
      </trkpt>
      <trkpt lat="37.15764" lon="-3.4361">
        <ele>1073.5</ele>
      </trkpt>
      <trkpt lat="37.15771" lon="-3.43605">
        <ele>1075.5</ele>
      </trkpt>
      <trkpt lat="37.15777" lon="-3.43601">
        <ele>1077.3</ele>
      </trkpt>
      <trkpt lat="37.15781" lon="-3.43598">
        <ele>1078.5</ele>
      </trkpt>
      <trkpt lat="37.15781" lon="-3.43598">
        <ele>1078.5</ele>
      </trkpt>
      <trkpt lat="37.15782" lon="-3.43598">
        <ele>1078.7</ele>
      </trkpt>
      <trkpt lat="37.15786" lon="-3.43594">
        <ele>1080.2</ele>
      </trkpt>
      <trkpt lat="37.15788" lon="-3.43592">
        <ele>1080.9</ele>
      </trkpt>
      <trkpt lat="37.1579" lon="-3.43588">
        <ele>1082.2</ele>
      </trkpt>
      <trkpt lat="37.15791" lon="-3.43586">
        <ele>1082.8</ele>
      </trkpt>
      <trkpt lat="37.15791" lon="-3.43582">
        <ele>1083.6</ele>
      </trkpt>
      <trkpt lat="37.1579" lon="-3.43577">
        <ele>1084.2</ele>
      </trkpt>
      <trkpt lat="37.15789" lon="-3.43573">
        <ele>1084.6</ele>
      </trkpt>
      <trkpt lat="37.15788" lon="-3.43568">
        <ele>1085.2</ele>
      </trkpt>
      <trkpt lat="37.15787" lon="-3.43563">
        <ele>1085.7</ele>
      </trkpt>
      <trkpt lat="37.15787" lon="-3.43563">
        <ele>1085.7</ele>
      </trkpt>
      <trkpt lat="37.15786" lon="-3.43558">
        <ele>1086.3</ele>
      </trkpt>
      <trkpt lat="37.15787" lon="-3.43553">
        <ele>1087.2</ele>
      </trkpt>
      <trkpt lat="37.15787" lon="-3.4355">
        <ele>1087.6</ele>
      </trkpt>
      <trkpt lat="37.15788" lon="-3.43546">
        <ele>1088.4</ele>
      </trkpt>
      <trkpt lat="37.15788" lon="-3.43543">
        <ele>1088.8</ele>
      </trkpt>
      <trkpt lat="37.15788" lon="-3.43543">
        <ele>1088.8</ele>
      </trkpt>
      <trkpt lat="37.15786" lon="-3.43538">
        <ele>1089.2</ele>
      </trkpt>
      <trkpt lat="37.15785" lon="-3.43535">
        <ele>1089.4</ele>
      </trkpt>
      <trkpt lat="37.1578" lon="-3.4353">
        <ele>1089.1</ele>
      </trkpt>
      <trkpt lat="37.15778" lon="-3.43528">
        <ele>1088.9</ele>
      </trkpt>
      <trkpt lat="37.15776" lon="-3.43523">
        <ele>1089.2</ele>
      </trkpt>
      <trkpt lat="37.15774" lon="-3.43519">
        <ele>1089.3</ele>
      </trkpt>
      <trkpt lat="37.15772" lon="-3.43516">
        <ele>1089.2</ele>
      </trkpt>
      <trkpt lat="37.15771" lon="-3.43513">
        <ele>1089.4</ele>
      </trkpt>
      <trkpt lat="37.1577" lon="-3.43508">
        <ele>1089.8</ele>
      </trkpt>
      <trkpt lat="37.15769" lon="-3.43504">
        <ele>1090.1</ele>
      </trkpt>
      <trkpt lat="37.15768" lon="-3.43501">
        <ele>1090.2</ele>
      </trkpt>
      <trkpt lat="37.15766" lon="-3.43493">
        <ele>1090.3</ele>
      </trkpt>
      <trkpt lat="37.15763" lon="-3.43485">
        <ele>1090.2</ele>
      </trkpt>
      <trkpt lat="37.15761" lon="-3.43473">
        <ele>1090.5</ele>
      </trkpt>
      <trkpt lat="37.15758" lon="-3.43459">
        <ele>1090.6</ele>
      </trkpt>
      <trkpt lat="37.15756" lon="-3.4345">
        <ele>1090.7</ele>
      </trkpt>
      <trkpt lat="37.15755" lon="-3.43442">
        <ele>1090.9</ele>
      </trkpt>
      <trkpt lat="37.15755" lon="-3.43441">
        <ele>1091.0</ele>
      </trkpt>
      <trkpt lat="37.15755" lon="-3.43436">
        <ele>1091.3</ele>
      </trkpt>
      <trkpt lat="37.15755" lon="-3.43429">
        <ele>1091.7</ele>
      </trkpt>
      <trkpt lat="37.15754" lon="-3.43421">
        <ele>1091.9</ele>
      </trkpt>
      <trkpt lat="37.15752" lon="-3.43412">
        <ele>1092.0</ele>
      </trkpt>
      <trkpt lat="37.15749" lon="-3.43402">
        <ele>1092.1</ele>
      </trkpt>
      <trkpt lat="37.15747" lon="-3.43397">
        <ele>1092.0</ele>
      </trkpt>
      <trkpt lat="37.15745" lon="-3.4339">
        <ele>1092.1</ele>
      </trkpt>
      <trkpt lat="37.1574" lon="-3.43377">
        <ele>1091.9</ele>
      </trkpt>
      <trkpt lat="37.15737" lon="-3.43368">
        <ele>1091.9</ele>
      </trkpt>
      <trkpt lat="37.15734" lon="-3.43361">
        <ele>1091.7</ele>
      </trkpt>
      <trkpt lat="37.15731" lon="-3.43356">
        <ele>1091.3</ele>
      </trkpt>
      <trkpt lat="37.15728" lon="-3.43344">
        <ele>1091.4</ele>
      </trkpt>
      <trkpt lat="37.15727" lon="-3.43337">
        <ele>1091.8</ele>
      </trkpt>
      <trkpt lat="37.15727" lon="-3.43335">
        <ele>1092.0</ele>
      </trkpt>
      <trkpt lat="37.15727" lon="-3.43331">
        <ele>1092.4</ele>
      </trkpt>
      <trkpt lat="37.15726" lon="-3.43325">
        <ele>1092.9</ele>
      </trkpt>
      <trkpt lat="37.15726" lon="-3.43318">
        <ele>1093.9</ele>
      </trkpt>
      <trkpt lat="37.15725" lon="-3.43312">
        <ele>1094.4</ele>
      </trkpt>
      <trkpt lat="37.15725" lon="-3.43311">
        <ele>1094.6</ele>
      </trkpt>
      <trkpt lat="37.15724" lon="-3.43303">
        <ele>1095.4</ele>
      </trkpt>
      <trkpt lat="37.15723" lon="-3.43297">
        <ele>1096.0</ele>
      </trkpt>
      <trkpt lat="37.15722" lon="-3.43292">
        <ele>1096.4</ele>
      </trkpt>
      <trkpt lat="37.15722" lon="-3.43288">
        <ele>1097.0</ele>
      </trkpt>
      <trkpt lat="37.15723" lon="-3.43285">
        <ele>1097.6</ele>
      </trkpt>
      <trkpt lat="37.15725" lon="-3.43283">
        <ele>1098.4</ele>
      </trkpt>
      <trkpt lat="37.15726" lon="-3.4328">
        <ele>1099.1</ele>
      </trkpt>
      <trkpt lat="37.15728" lon="-3.43274">
        <ele>1100.5</ele>
      </trkpt>
      <trkpt lat="37.1573" lon="-3.4327">
        <ele>1101.5</ele>
      </trkpt>
      <trkpt lat="37.15731" lon="-3.43267">
        <ele>1102.2</ele>
      </trkpt>
      <trkpt lat="37.15731" lon="-3.43264">
        <ele>1102.6</ele>
      </trkpt>
      <trkpt lat="37.15732" lon="-3.43262">
        <ele>1103.1</ele>
      </trkpt>
      <trkpt lat="37.15732" lon="-3.4326">
        <ele>1103.4</ele>
      </trkpt>
      <trkpt lat="37.15732" lon="-3.43258">
        <ele>1103.6</ele>
      </trkpt>
      <trkpt lat="37.15732" lon="-3.43257">
        <ele>1103.8</ele>
      </trkpt>
      <trkpt lat="37.15731" lon="-3.43255">
        <ele>1103.8</ele>
      </trkpt>
      <trkpt lat="37.1573" lon="-3.43252">
        <ele>1103.9</ele>
      </trkpt>
      <trkpt lat="37.15729" lon="-3.4325">
        <ele>1104.0</ele>
      </trkpt>
      <trkpt lat="37.15728" lon="-3.43248">
        <ele>1104.2</ele>
      </trkpt>
      <trkpt lat="37.15726" lon="-3.43246">
        <ele>1104.1</ele>
      </trkpt>
      <trkpt lat="37.15724" lon="-3.43243">
        <ele>1104.3</ele>
      </trkpt>
      <trkpt lat="37.15721" lon="-3.43241">
        <ele>1104.0</ele>
      </trkpt>
      <trkpt lat="37.15716" lon="-3.43237">
        <ele>1103.7</ele>
      </trkpt>
      <trkpt lat="37.15711" lon="-3.43233">
        <ele>1103.3</ele>
      </trkpt>
      <trkpt lat="37.15707" lon="-3.43228">
        <ele>1103.4</ele>
      </trkpt>
      <trkpt lat="37.15706" lon="-3.43228">
        <ele>1103.2</ele>
      </trkpt>
      <trkpt lat="37.15703" lon="-3.43225">
        <ele>1103.1</ele>
      </trkpt>
      <trkpt lat="37.157" lon="-3.43221">
        <ele>1103.3</ele>
      </trkpt>
      <trkpt lat="37.15697" lon="-3.43216">
        <ele>1103.6</ele>
      </trkpt>
      <trkpt lat="37.15694" lon="-3.43211">
        <ele>1104.0</ele>
      </trkpt>
      <trkpt lat="37.15692" lon="-3.43205">
        <ele>1104.8</ele>
      </trkpt>
      <trkpt lat="37.15691" lon="-3.432">
        <ele>1105.6</ele>
      </trkpt>
      <trkpt lat="37.1569" lon="-3.43196">
        <ele>1106.3</ele>
      </trkpt>
      <trkpt lat="37.15689" lon="-3.43194">
        <ele>1106.5</ele>
      </trkpt>
      <trkpt lat="37.15689" lon="-3.43192">
        <ele>1106.9</ele>
      </trkpt>
      <trkpt lat="37.15688" lon="-3.43187">
        <ele>1107.7</ele>
      </trkpt>
      <trkpt lat="37.15685" lon="-3.43182">
        <ele>1108.1</ele>
      </trkpt>
      <trkpt lat="37.15683" lon="-3.43178">
        <ele>1108.5</ele>
      </trkpt>
      <trkpt lat="37.1568" lon="-3.43171">
        <ele>1109.3</ele>
      </trkpt>
      <trkpt lat="37.15677" lon="-3.43166">
        <ele>1109.7</ele>
      </trkpt>
      <trkpt lat="37.15677" lon="-3.43165">
        <ele>1109.9</ele>
      </trkpt>
      <trkpt lat="37.15674" lon="-3.43161">
        <ele>1110.2</ele>
      </trkpt>
      <trkpt lat="37.15671" lon="-3.43157">
        <ele>1110.5</ele>
      </trkpt>
      <trkpt lat="37.15668" lon="-3.43153">
        <ele>1110.8</ele>
      </trkpt>
      <trkpt lat="37.15665" lon="-3.4315">
        <ele>1110.8</ele>
      </trkpt>
      <trkpt lat="37.15659" lon="-3.43146">
        <ele>1110.5</ele>
      </trkpt>
      <trkpt lat="37.15654" lon="-3.43142">
        <ele>1110.4</ele>
      </trkpt>
      <trkpt lat="37.15647" lon="-3.43137">
        <ele>1109.9</ele>
      </trkpt>
      <trkpt lat="37.15639" lon="-3.43129">
        <ele>1109.8</ele>
      </trkpt>
      <trkpt lat="37.15635" lon="-3.43125">
        <ele>1109.7</ele>
      </trkpt>
      <trkpt lat="37.15629" lon="-3.43121">
        <ele>1109.1</ele>
      </trkpt>
      <trkpt lat="37.15624" lon="-3.43116">
        <ele>1108.8</ele>
      </trkpt>
      <trkpt lat="37.1562" lon="-3.43112">
        <ele>1108.5</ele>
      </trkpt>
      <trkpt lat="37.15616" lon="-3.4311">
        <ele>1107.8</ele>
      </trkpt>
      <trkpt lat="37.15612" lon="-3.43108">
        <ele>1107.1</ele>
      </trkpt>
      <trkpt lat="37.15607" lon="-3.43106">
        <ele>1106.1</ele>
      </trkpt>
      <trkpt lat="37.15604" lon="-3.43104">
        <ele>1105.7</ele>
      </trkpt>
      <trkpt lat="37.15603" lon="-3.43104">
        <ele>1105.4</ele>
      </trkpt>
      <trkpt lat="37.15601" lon="-3.43101">
        <ele>1105.4</ele>
      </trkpt>
      <trkpt lat="37.15598" lon="-3.43098">
        <ele>1105.0</ele>
      </trkpt>
      <trkpt lat="37.15594" lon="-3.43092">
        <ele>1104.8</ele>
      </trkpt>
      <trkpt lat="37.15593" lon="-3.4309">
        <ele>1104.9</ele>
      </trkpt>
      <trkpt lat="37.1559" lon="-3.43086">
        <ele>1104.6</ele>
      </trkpt>
      <trkpt lat="37.15586" lon="-3.4308">
        <ele>1104.5</ele>
      </trkpt>
      <trkpt lat="37.15582" lon="-3.4307">
        <ele>1105.1</ele>
      </trkpt>
      <trkpt lat="37.15576" lon="-3.43056">
        <ele>1105.1</ele>
      </trkpt>
      <trkpt lat="37.15573" lon="-3.43049">
        <ele>1105.1</ele>
      </trkpt>
      <trkpt lat="37.1557" lon="-3.43042">
        <ele>1105.1</ele>
      </trkpt>
      <trkpt lat="37.15566" lon="-3.43031">
        <ele>1105.4</ele>
      </trkpt>
      <trkpt lat="37.15565" lon="-3.4303">
        <ele>1105.2</ele>
      </trkpt>
      <trkpt lat="37.15565" lon="-3.43028">
        <ele>1105.6</ele>
      </trkpt>
      <trkpt lat="37.15562" lon="-3.43022">
        <ele>1105.3</ele>
      </trkpt>
      <trkpt lat="37.15558" lon="-3.43014">
        <ele>1105.0</ele>
      </trkpt>
      <trkpt lat="37.15557" lon="-3.43012">
        <ele>1105.0</ele>
      </trkpt>
      <trkpt lat="37.15556" lon="-3.43009">
        <ele>1105.1</ele>
      </trkpt>
      <trkpt lat="37.15554" lon="-3.43005">
        <ele>1104.9</ele>
      </trkpt>
      <trkpt lat="37.1555" lon="-3.42995">
        <ele>1105.2</ele>
      </trkpt>
      <trkpt lat="37.15546" lon="-3.42985">
        <ele>1106.0</ele>
      </trkpt>
      <trkpt lat="37.1554" lon="-3.42972">
        <ele>1106.9</ele>
      </trkpt>
      <trkpt lat="37.15538" lon="-3.42969">
        <ele>1106.9</ele>
      </trkpt>
      <trkpt lat="37.15538" lon="-3.42968">
        <ele>1107.2</ele>
      </trkpt>
      <trkpt lat="37.15531" lon="-3.42953">
        <ele>1108.9</ele>
      </trkpt>
      <trkpt lat="37.1553" lon="-3.42952">
        <ele>1108.9</ele>
      </trkpt>
      <trkpt lat="37.15529" lon="-3.4295">
        <ele>1109.2</ele>
      </trkpt>
      <trkpt lat="37.15526" lon="-3.42945">
        <ele>1109.7</ele>
      </trkpt>
      <trkpt lat="37.15523" lon="-3.4294">
        <ele>1110.3</ele>
      </trkpt>
      <trkpt lat="37.15521" lon="-3.42938">
        <ele>1110.3</ele>
      </trkpt>
      <trkpt lat="37.15519" lon="-3.42936">
        <ele>1110.4</ele>
      </trkpt>
      <trkpt lat="37.15518" lon="-3.42935">
        <ele>1110.4</ele>
      </trkpt>
      <trkpt lat="37.15517" lon="-3.42934">
        <ele>1110.4</ele>
      </trkpt>
      <trkpt lat="37.15516" lon="-3.42934">
        <ele>1110.1</ele>
      </trkpt>
      <trkpt lat="37.15514" lon="-3.42933">
        <ele>1109.9</ele>
      </trkpt>
      <trkpt lat="37.15511" lon="-3.42933">
        <ele>1109.0</ele>
      </trkpt>
      <trkpt lat="37.15506" lon="-3.42931">
        <ele>1108.2</ele>
      </trkpt>
      <trkpt lat="37.15502" lon="-3.42931">
        <ele>1107.1</ele>
      </trkpt>
      <trkpt lat="37.15497" lon="-3.4293">
        <ele>1106.0</ele>
      </trkpt>
      <trkpt lat="37.15492" lon="-3.42927">
        <ele>1105.7</ele>
      </trkpt>
      <trkpt lat="37.15487" lon="-3.42925">
        <ele>1105.0</ele>
      </trkpt>
      <trkpt lat="37.15483" lon="-3.42923">
        <ele>1104.6</ele>
      </trkpt>
      <trkpt lat="37.15482" lon="-3.42923">
        <ele>1104.3</ele>
      </trkpt>
      <trkpt lat="37.15479" lon="-3.42921">
        <ele>1104.2</ele>
      </trkpt>
      <trkpt lat="37.15476" lon="-3.42919">
        <ele>1104.2</ele>
      </trkpt>
      <trkpt lat="37.15473" lon="-3.42916">
        <ele>1104.4</ele>
      </trkpt>
      <trkpt lat="37.1547" lon="-3.42912">
        <ele>1104.5</ele>
      </trkpt>
      <trkpt lat="37.15469" lon="-3.42911">
        <ele>1104.4</ele>
      </trkpt>
      <trkpt lat="37.15468" lon="-3.42909">
        <ele>1104.6</ele>
      </trkpt>
      <trkpt lat="37.15465" lon="-3.42904">
        <ele>1104.9</ele>
      </trkpt>
      <trkpt lat="37.15463" lon="-3.42899">
        <ele>1105.6</ele>
      </trkpt>
      <trkpt lat="37.1546" lon="-3.42894">
        <ele>1105.9</ele>
      </trkpt>
      <trkpt lat="37.1546" lon="-3.42893">
        <ele>1106.2</ele>
      </trkpt>
      <trkpt lat="37.15459" lon="-3.42892">
        <ele>1106.1</ele>
      </trkpt>
      <trkpt lat="37.15457" lon="-3.42888">
        <ele>1106.5</ele>
      </trkpt>
      <trkpt lat="37.15453" lon="-3.42881">
        <ele>1107.1</ele>
      </trkpt>
      <trkpt lat="37.15451" lon="-3.42877">
        <ele>1107.5</ele>
      </trkpt>
      <trkpt lat="37.15448" lon="-3.42874">
        <ele>1107.4</ele>
      </trkpt>
      <trkpt lat="37.15447" lon="-3.42873">
        <ele>1107.4</ele>
      </trkpt>
      <trkpt lat="37.15446" lon="-3.42871">
        <ele>1107.6</ele>
      </trkpt>
      <trkpt lat="37.15442" lon="-3.42868">
        <ele>1107.2</ele>
      </trkpt>
      <trkpt lat="37.15439" lon="-3.42866">
        <ele>1106.9</ele>
      </trkpt>
      <trkpt lat="37.15435" lon="-3.42863">
        <ele>1106.5</ele>
      </trkpt>
      <trkpt lat="37.15434" lon="-3.42863">
        <ele>1106.3</ele>
      </trkpt>
      <trkpt lat="37.15433" lon="-3.42862">
        <ele>1106.2</ele>
      </trkpt>
      <trkpt lat="37.15432" lon="-3.42861">
        <ele>1106.2</ele>
      </trkpt>
      <trkpt lat="37.15428" lon="-3.4286">
        <ele>1105.4</ele>
      </trkpt>
      <trkpt lat="37.15425" lon="-3.42857">
        <ele>1105.3</ele>
      </trkpt>
      <trkpt lat="37.15421" lon="-3.42855">
        <ele>1104.7</ele>
      </trkpt>
      <trkpt lat="37.15418" lon="-3.42852">
        <ele>1104.7</ele>
      </trkpt>
      <trkpt lat="37.15416" lon="-3.4285">
        <ele>1104.6</ele>
      </trkpt>
      <trkpt lat="37.15416" lon="-3.42849">
        <ele>1104.8</ele>
      </trkpt>
      <trkpt lat="37.15413" lon="-3.42846">
        <ele>1104.5</ele>
      </trkpt>
      <trkpt lat="37.1541" lon="-3.42842">
        <ele>1104.5</ele>
      </trkpt>
      <trkpt lat="37.15407" lon="-3.42837">
        <ele>1104.8</ele>
      </trkpt>
      <trkpt lat="37.15404" lon="-3.42831">
        <ele>1105.1</ele>
      </trkpt>
      <trkpt lat="37.15401" lon="-3.42825">
        <ele>1105.0</ele>
      </trkpt>
      <trkpt lat="37.15396" lon="-3.42818">
        <ele>1104.1</ele>
      </trkpt>
      <trkpt lat="37.15396" lon="-3.42817">
        <ele>1104.3</ele>
      </trkpt>
      <trkpt lat="37.15395" lon="-3.42816">
        <ele>1104.0</ele>
      </trkpt>
      <trkpt lat="37.15394" lon="-3.42815">
        <ele>1103.8</ele>
      </trkpt>
      <trkpt lat="37.15392" lon="-3.42811">
        <ele>1103.4</ele>
      </trkpt>
      <trkpt lat="37.15387" lon="-3.42806">
        <ele>1101.9</ele>
      </trkpt>
      <trkpt lat="37.15381" lon="-3.42798">
        <ele>1100.1</ele>
      </trkpt>
      <trkpt lat="37.15376" lon="-3.42792">
        <ele>1098.2</ele>
      </trkpt>
      <trkpt lat="37.15372" lon="-3.42787">
        <ele>1096.6</ele>
      </trkpt>
      <trkpt lat="37.15371" lon="-3.42785">
        <ele>1096.2</ele>
      </trkpt>
      <trkpt lat="37.15369" lon="-3.42783">
        <ele>1095.3</ele>
      </trkpt>
      <trkpt lat="37.15369" lon="-3.42782">
        <ele>1095.4</ele>
      </trkpt>
      <trkpt lat="37.15366" lon="-3.42777">
        <ele>1094.0</ele>
      </trkpt>
      <trkpt lat="37.15364" lon="-3.42772">
        <ele>1093.1</ele>
      </trkpt>
      <trkpt lat="37.15362" lon="-3.42767">
        <ele>1092.2</ele>
      </trkpt>
      <trkpt lat="37.15361" lon="-3.42765">
        <ele>1091.6</ele>
      </trkpt>
      <trkpt lat="37.15361" lon="-3.42763">
        <ele>1091.7</ele>
      </trkpt>
      <trkpt lat="37.1536" lon="-3.42757">
        <ele>1091.2</ele>
      </trkpt>
      <trkpt lat="37.1536" lon="-3.42749">
        <ele>1091.7</ele>
      </trkpt>
      <trkpt lat="37.1536" lon="-3.42743">
        <ele>1093.7</ele>
      </trkpt>
      <trkpt lat="37.1536" lon="-3.4274">
        <ele>1094.7</ele>
      </trkpt>
      <trkpt lat="37.15361" lon="-3.42734">
        <ele>1097.3</ele>
      </trkpt>
      <trkpt lat="37.15362" lon="-3.42725">
        <ele>1100.9</ele>
      </trkpt>
      <trkpt lat="37.15362" lon="-3.42721">
        <ele>1102.2</ele>
      </trkpt>
      <trkpt lat="37.15363" lon="-3.42717">
        <ele>1104.0</ele>
      </trkpt>
      <trkpt lat="37.15363" lon="-3.42716">
        <ele>1104.3</ele>
      </trkpt>
      <trkpt lat="37.15365" lon="-3.42708">
        <ele>1107.8</ele>
      </trkpt>
      <trkpt lat="37.15365" lon="-3.42701">
        <ele>1110.0</ele>
      </trkpt>
      <trkpt lat="37.15366" lon="-3.42699">
        <ele>1111.1</ele>
      </trkpt>
      <trkpt lat="37.15366" lon="-3.42698">
        <ele>1111.4</ele>
      </trkpt>
      <trkpt lat="37.15366" lon="-3.42695">
        <ele>1112.3</ele>
      </trkpt>
      <trkpt lat="37.15366" lon="-3.42694">
        <ele>1112.6</ele>
      </trkpt>
      <trkpt lat="37.15366" lon="-3.42687">
        <ele>1114.8</ele>
      </trkpt>
      <trkpt lat="37.15366" lon="-3.42679">
        <ele>1117.4</ele>
      </trkpt>
      <trkpt lat="37.15366" lon="-3.42676">
        <ele>1118.3</ele>
      </trkpt>
      <trkpt lat="37.15365" lon="-3.42673">
        <ele>1119.0</ele>
      </trkpt>
      <trkpt lat="37.15365" lon="-3.42671">
        <ele>1119.6</ele>
      </trkpt>
      <trkpt lat="37.15365" lon="-3.42664">
        <ele>1121.2</ele>
      </trkpt>
      <trkpt lat="37.15364" lon="-3.42657">
        <ele>1121.3</ele>
      </trkpt>
      <trkpt lat="37.15363" lon="-3.42651">
        <ele>1121.4</ele>
      </trkpt>
      <trkpt lat="37.15362" lon="-3.42644">
        <ele>1121.4</ele>
      </trkpt>
      <trkpt lat="37.15361" lon="-3.42638">
        <ele>1121.3</ele>
      </trkpt>
      <trkpt lat="37.1536" lon="-3.42632">
        <ele>1121.2</ele>
      </trkpt>
      <trkpt lat="37.1536" lon="-3.42631">
        <ele>1121.2</ele>
      </trkpt>
      <trkpt lat="37.15359" lon="-3.42628">
        <ele>1120.9</ele>
      </trkpt>
      <trkpt lat="37.15358" lon="-3.42626">
        <ele>1120.5</ele>
      </trkpt>
      <trkpt lat="37.15357" lon="-3.42623">
        <ele>1120.1</ele>
      </trkpt>
      <trkpt lat="37.15355" lon="-3.4262">
        <ele>1119.2</ele>
      </trkpt>
      <trkpt lat="37.15353" lon="-3.42617">
        <ele>1118.3</ele>
      </trkpt>
      <trkpt lat="37.1535" lon="-3.42615">
        <ele>1116.7</ele>
      </trkpt>
      <trkpt lat="37.15348" lon="-3.42613">
        <ele>1115.6</ele>
      </trkpt>
      <trkpt lat="37.15345" lon="-3.42609">
        <ele>1113.9</ele>
      </trkpt>
      <trkpt lat="37.15343" lon="-3.42606">
        <ele>1112.7</ele>
      </trkpt>
      <trkpt lat="37.15341" lon="-3.42603">
        <ele>1111.4</ele>
      </trkpt>
      <trkpt lat="37.15339" lon="-3.42597">
        <ele>1109.8</ele>
      </trkpt>
      <trkpt lat="37.15339" lon="-3.42596">
        <ele>1109.7</ele>
      </trkpt>
      <trkpt lat="37.15338" lon="-3.42596">
        <ele>1109.1</ele>
      </trkpt>
      <trkpt lat="37.15338" lon="-3.42593">
        <ele>1108.9</ele>
      </trkpt>
      <trkpt lat="37.15337" lon="-3.42592">
        <ele>1108.2</ele>
      </trkpt>
      <trkpt lat="37.15336" lon="-3.42587">
        <ele>1107.1</ele>
      </trkpt>
      <trkpt lat="37.15334" lon="-3.42583">
        <ele>1105.5</ele>
      </trkpt>
      <trkpt lat="37.15332" lon="-3.42582">
        <ele>1104.2</ele>
      </trkpt>
      <trkpt lat="37.1533" lon="-3.4258">
        <ele>1103.0</ele>
      </trkpt>
      <trkpt lat="37.15327" lon="-3.42579">
        <ele>1100.6</ele>
      </trkpt>
      <trkpt lat="37.15325" lon="-3.42577">
        <ele>1099.4</ele>
      </trkpt>
      <trkpt lat="37.15322" lon="-3.42575">
        <ele>1097.3</ele>
      </trkpt>
      <trkpt lat="37.1532" lon="-3.42573">
        <ele>1096.1</ele>
      </trkpt>
      <trkpt lat="37.15319" lon="-3.42571">
        <ele>1095.8</ele>
      </trkpt>
      <trkpt lat="37.15317" lon="-3.42568">
        <ele>1094.8</ele>
      </trkpt>
      <trkpt lat="37.15317" lon="-3.42567">
        <ele>1095.1</ele>
      </trkpt>
      <trkpt lat="37.15316" lon="-3.42565">
        <ele>1094.7</ele>
      </trkpt>
      <trkpt lat="37.15315" lon="-3.42562">
        <ele>1094.7</ele>
      </trkpt>
      <trkpt lat="37.15314" lon="-3.42558">
        <ele>1094.8</ele>
      </trkpt>
      <trkpt lat="37.15314" lon="-3.42554">
        <ele>1095.9</ele>
      </trkpt>
      <trkpt lat="37.15313" lon="-3.42549">
        <ele>1096.3</ele>
      </trkpt>
      <trkpt lat="37.15312" lon="-3.42545">
        <ele>1096.5</ele>
      </trkpt>
      <trkpt lat="37.15311" lon="-3.42543">
        <ele>1096.1</ele>
      </trkpt>
      <trkpt lat="37.1531" lon="-3.4254">
        <ele>1096.1</ele>
      </trkpt>
      <trkpt lat="37.15309" lon="-3.42536">
        <ele>1096.2</ele>
      </trkpt>
      <trkpt lat="37.15306" lon="-3.42531">
        <ele>1095.0</ele>
      </trkpt>
      <trkpt lat="37.15303" lon="-3.42525">
        <ele>1094.0</ele>
      </trkpt>
      <trkpt lat="37.153" lon="-3.42521">
        <ele>1092.5</ele>
      </trkpt>
      <trkpt lat="37.15297" lon="-3.42515">
        <ele>1091.6</ele>
      </trkpt>
      <trkpt lat="37.15295" lon="-3.42511">
        <ele>1090.9</ele>
      </trkpt>
      <trkpt lat="37.15293" lon="-3.42507">
        <ele>1090.3</ele>
      </trkpt>
      <trkpt lat="37.15292" lon="-3.42501">
        <ele>1091.0</ele>
      </trkpt>
      <trkpt lat="37.15291" lon="-3.42496">
        <ele>1090.4</ele>
      </trkpt>
      <trkpt lat="37.1529" lon="-3.42492">
        <ele>1089.5</ele>
      </trkpt>
      <trkpt lat="37.1529" lon="-3.42491">
        <ele>1089.5</ele>
      </trkpt>
      <trkpt lat="37.1529" lon="-3.42486">
        <ele>1089.5</ele>
      </trkpt>
      <trkpt lat="37.1529" lon="-3.42485">
        <ele>1089.5</ele>
      </trkpt>
      <trkpt lat="37.1529" lon="-3.42482">
        <ele>1089.4</ele>
      </trkpt>
      <trkpt lat="37.1529" lon="-3.42477">
        <ele>1089.4</ele>
      </trkpt>
      <trkpt lat="37.15289" lon="-3.42472">
        <ele>1088.5</ele>
      </trkpt>
      <trkpt lat="37.15289" lon="-3.42469">
        <ele>1088.5</ele>
      </trkpt>
      <trkpt lat="37.15289" lon="-3.42467">
        <ele>1088.5</ele>
      </trkpt>
      <trkpt lat="37.15289" lon="-3.42462">
        <ele>1088.4</ele>
      </trkpt>
      <trkpt lat="37.15288" lon="-3.42457">
        <ele>1087.6</ele>
      </trkpt>
      <trkpt lat="37.15288" lon="-3.42453">
        <ele>1087.6</ele>
      </trkpt>
      <trkpt lat="37.15286" lon="-3.42449">
        <ele>1086.0</ele>
      </trkpt>
      <trkpt lat="37.15285" lon="-3.42445">
        <ele>1085.2</ele>
      </trkpt>
      <trkpt lat="37.15282" lon="-3.42437">
        <ele>1082.8</ele>
      </trkpt>
      <trkpt lat="37.1528" lon="-3.42427">
        <ele>1081.3</ele>
      </trkpt>
      <trkpt lat="37.1528" lon="-3.42426">
        <ele>1081.3</ele>
      </trkpt>
      <trkpt lat="37.15279" lon="-3.42421">
        <ele>1080.6</ele>
      </trkpt>
      <trkpt lat="37.15279" lon="-3.42419">
        <ele>1080.6</ele>
      </trkpt>
      <trkpt lat="37.15279" lon="-3.42416">
        <ele>1080.6</ele>
      </trkpt>
      <trkpt lat="37.15279" lon="-3.42411">
        <ele>1080.4</ele>
      </trkpt>
      <trkpt lat="37.1528" lon="-3.42404">
        <ele>1080.9</ele>
      </trkpt>
      <trkpt lat="37.15282" lon="-3.42398">
        <ele>1082.1</ele>
      </trkpt>
      <trkpt lat="37.15284" lon="-3.42393">
        <ele>1083.2</ele>
      </trkpt>
      <trkpt lat="37.15288" lon="-3.42387">
        <ele>1085.7</ele>
      </trkpt>
      <trkpt lat="37.15291" lon="-3.42381">
        <ele>1087.4</ele>
      </trkpt>
      <trkpt lat="37.15294" lon="-3.42375">
        <ele>1089.0</ele>
      </trkpt>
      <trkpt lat="37.15298" lon="-3.42367">
        <ele>1091.1</ele>
      </trkpt>
      <trkpt lat="37.15299" lon="-3.42366">
        <ele>1091.7</ele>
      </trkpt>
      <trkpt lat="37.15301" lon="-3.42361">
        <ele>1092.6</ele>
      </trkpt>
      <trkpt lat="37.15302" lon="-3.4236">
        <ele>1093.1</ele>
      </trkpt>
      <trkpt lat="37.15306" lon="-3.42354">
        <ele>1095.1</ele>
      </trkpt>
      <trkpt lat="37.15307" lon="-3.42349">
        <ele>1095.3</ele>
      </trkpt>
      <trkpt lat="37.15308" lon="-3.42344">
        <ele>1095.4</ele>
      </trkpt>
      <trkpt lat="37.15309" lon="-3.4234">
        <ele>1095.6</ele>
      </trkpt>
      <trkpt lat="37.15309" lon="-3.42336">
        <ele>1095.2</ele>
      </trkpt>
      <trkpt lat="37.15309" lon="-3.42332">
        <ele>1095.1</ele>
      </trkpt>
      <trkpt lat="37.15308" lon="-3.42329">
        <ele>1094.8</ele>
      </trkpt>
      <trkpt lat="37.15306" lon="-3.42326">
        <ele>1093.9</ele>
      </trkpt>
      <trkpt lat="37.15304" lon="-3.42322">
        <ele>1093.1</ele>
      </trkpt>
      <trkpt lat="37.15302" lon="-3.4232">
        <ele>1092.2</ele>
      </trkpt>
      <trkpt lat="37.153" lon="-3.42318">
        <ele>1091.2</ele>
      </trkpt>
      <trkpt lat="37.15298" lon="-3.42317">
        <ele>1090.2</ele>
      </trkpt>
      <trkpt lat="37.15295" lon="-3.42315">
        <ele>1088.7</ele>
      </trkpt>
      <trkpt lat="37.15293" lon="-3.42313">
        <ele>1087.8</ele>
      </trkpt>
      <trkpt lat="37.15291" lon="-3.42312">
        <ele>1086.8</ele>
      </trkpt>
      <trkpt lat="37.1529" lon="-3.42309">
        <ele>1086.6</ele>
      </trkpt>
      <trkpt lat="37.15289" lon="-3.42306">
        <ele>1086.3</ele>
      </trkpt>
      <trkpt lat="37.15288" lon="-3.42302">
        <ele>1086.2</ele>
      </trkpt>
      <trkpt lat="37.15288" lon="-3.42299">
        <ele>1086.5</ele>
      </trkpt>
      <trkpt lat="37.15288" lon="-3.42294">
        <ele>1087.1</ele>
      </trkpt>
      <trkpt lat="37.15287" lon="-3.42289">
        <ele>1087.0</ele>
      </trkpt>
      <trkpt lat="37.15287" lon="-3.42284">
        <ele>1087.6</ele>
      </trkpt>
      <trkpt lat="37.15285" lon="-3.42276">
        <ele>1087.4</ele>
      </trkpt>
      <trkpt lat="37.15283" lon="-3.42269">
        <ele>1087.1</ele>
      </trkpt>
      <trkpt lat="37.15283" lon="-3.42268">
        <ele>1087.2</ele>
      </trkpt>
      <trkpt lat="37.15282" lon="-3.42264">
        <ele>1087.2</ele>
      </trkpt>
      <trkpt lat="37.15282" lon="-3.42262">
        <ele>1087.4</ele>
      </trkpt>
      <trkpt lat="37.15282" lon="-3.4226">
        <ele>1087.6</ele>
      </trkpt>
      <trkpt lat="37.1528" lon="-3.42256">
        <ele>1087.1</ele>
      </trkpt>
      <trkpt lat="37.15279" lon="-3.42252">
        <ele>1087.0</ele>
      </trkpt>
      <trkpt lat="37.15276" lon="-3.42248">
        <ele>1086.5</ele>
      </trkpt>
      <trkpt lat="37.15274" lon="-3.42245">
        <ele>1086.5</ele>
      </trkpt>
      <trkpt lat="37.15272" lon="-3.42243">
        <ele>1086.2</ele>
      </trkpt>
      <trkpt lat="37.1527" lon="-3.42242">
        <ele>1085.5</ele>
      </trkpt>
      <trkpt lat="37.15265" lon="-3.42238">
        <ele>1084.5</ele>
      </trkpt>
      <trkpt lat="37.15262" lon="-3.42235">
        <ele>1084.2</ele>
      </trkpt>
      <trkpt lat="37.15258" lon="-3.42232">
        <ele>1083.4</ele>
      </trkpt>
      <trkpt lat="37.15257" lon="-3.42231">
        <ele>1083.3</ele>
      </trkpt>
      <trkpt lat="37.15248" lon="-3.42225">
        <ele>1081.3</ele>
      </trkpt>
      <trkpt lat="37.15246" lon="-3.42223">
        <ele>1081.0</ele>
      </trkpt>
      <trkpt lat="37.15242" lon="-3.4222">
        <ele>1080.2</ele>
      </trkpt>
      <trkpt lat="37.15237" lon="-3.42217">
        <ele>1078.8</ele>
      </trkpt>
      <trkpt lat="37.15224" lon="-3.42208">
        <ele>1075.8</ele>
      </trkpt>
      <trkpt lat="37.15215" lon="-3.42201">
        <ele>1074.2</ele>
      </trkpt>
      <trkpt lat="37.15214" lon="-3.422">
        <ele>1074.2</ele>
      </trkpt>
      <trkpt lat="37.15211" lon="-3.42197">
        <ele>1073.9</ele>
      </trkpt>
      <trkpt lat="37.15205" lon="-3.42193">
        <ele>1072.7</ele>
      </trkpt>
      <trkpt lat="37.15196" lon="-3.42185">
        <ele>1071.7</ele>
      </trkpt>
      <trkpt lat="37.15195" lon="-3.42185">
        <ele>1071.2</ele>
      </trkpt>
      <trkpt lat="37.1519" lon="-3.42182">
        <ele>1070.1</ele>
      </trkpt>
      <trkpt lat="37.15187" lon="-3.4218">
        <ele>1069.6</ele>
      </trkpt>
      <trkpt lat="37.15184" lon="-3.42178">
        <ele>1069.0</ele>
      </trkpt>
      <trkpt lat="37.15184" lon="-3.42177">
        <ele>1069.5</ele>
      </trkpt>
      <trkpt lat="37.15182" lon="-3.42175">
        <ele>1069.4</ele>
      </trkpt>
      <trkpt lat="37.1518" lon="-3.42174">
        <ele>1068.9</ele>
      </trkpt>
      <trkpt lat="37.15179" lon="-3.42173">
        <ele>1068.9</ele>
      </trkpt>
      <trkpt lat="37.15177" lon="-3.4217">
        <ele>1069.3</ele>
      </trkpt>
      <trkpt lat="37.15174" lon="-3.42166">
        <ele>1069.5</ele>
      </trkpt>
      <trkpt lat="37.15172" lon="-3.42161">
        <ele>1069.9</ele>
      </trkpt>
      <trkpt lat="37.1517" lon="-3.42155">
        <ele>1070.6</ele>
      </trkpt>
      <trkpt lat="37.15168" lon="-3.42151">
        <ele>1070.7</ele>
      </trkpt>
      <trkpt lat="37.15167" lon="-3.42149">
        <ele>1070.8</ele>
      </trkpt>
      <trkpt lat="37.15167" lon="-3.42149">
        <ele>1070.8</ele>
      </trkpt>
      <trkpt lat="37.15167" lon="-3.42149">
        <ele>1070.8</ele>
      </trkpt>
      <trkpt lat="37.1516" lon="-3.42131">
        <ele>1071.5</ele>
      </trkpt>
      <trkpt lat="37.15153" lon="-3.42115">
        <ele>1071.7</ele>
      </trkpt>
      <trkpt lat="37.15148" lon="-3.42106">
        <ele>1071.3</ele>
      </trkpt>
      <trkpt lat="37.15146" lon="-3.42102">
        <ele>1071.2</ele>
      </trkpt>
      <trkpt lat="37.1514" lon="-3.42088">
        <ele>1071.7</ele>
      </trkpt>
      <trkpt lat="37.15137" lon="-3.42079">
        <ele>1072.0</ele>
      </trkpt>
      <trkpt lat="37.15135" lon="-3.42075">
        <ele>1071.5</ele>
      </trkpt>
      <trkpt lat="37.15132" lon="-3.42071">
        <ele>1070.5</ele>
      </trkpt>
      <trkpt lat="37.15129" lon="-3.42067">
        <ele>1069.4</ele>
      </trkpt>
      <trkpt lat="37.15124" lon="-3.42061">
        <ele>1067.7</ele>
      </trkpt>
      <trkpt lat="37.15123" lon="-3.4206">
        <ele>1067.3</ele>
      </trkpt>
      <trkpt lat="37.15121" lon="-3.42057">
        <ele>1066.8</ele>
      </trkpt>
      <trkpt lat="37.15117" lon="-3.42052">
        <ele>1065.5</ele>
      </trkpt>
      <trkpt lat="37.15114" lon="-3.42049">
        <ele>1064.4</ele>
      </trkpt>
      <trkpt lat="37.15114" lon="-3.42048">
        <ele>1064.6</ele>
      </trkpt>
      <trkpt lat="37.15111" lon="-3.42044">
        <ele>1063.7</ele>
      </trkpt>
      <trkpt lat="37.1511" lon="-3.42043">
        <ele>1063.3</ele>
      </trkpt>
      <trkpt lat="37.15109" lon="-3.4204">
        <ele>1063.4</ele>
      </trkpt>
      <trkpt lat="37.15106" lon="-3.42035">
        <ele>1062.7</ele>
      </trkpt>
      <trkpt lat="37.15105" lon="-3.42031">
        <ele>1062.9</ele>
      </trkpt>
      <trkpt lat="37.15104" lon="-3.4203">
        <ele>1062.6</ele>
      </trkpt>
      <trkpt lat="37.15104" lon="-3.42028">
        <ele>1063.0</ele>
      </trkpt>
      <trkpt lat="37.15104" lon="-3.42024">
        <ele>1063.7</ele>
      </trkpt>
      <trkpt lat="37.15104" lon="-3.42023">
        <ele>1063.9</ele>
      </trkpt>
      <trkpt lat="37.15104" lon="-3.42022">
        <ele>1064.1</ele>
      </trkpt>
      <trkpt lat="37.15103" lon="-3.42016">
        <ele>1064.7</ele>
      </trkpt>
      <trkpt lat="37.15101" lon="-3.42009">
        <ele>1065.0</ele>
      </trkpt>
      <trkpt lat="37.15099" lon="-3.42002">
        <ele>1065.3</ele>
      </trkpt>
      <trkpt lat="37.15099" lon="-3.42001">
        <ele>1065.5</ele>
      </trkpt>
      <trkpt lat="37.15096" lon="-3.41992">
        <ele>1063.8</ele>
      </trkpt>
      <trkpt lat="37.15096" lon="-3.41984">
        <ele>1063.4</ele>
      </trkpt>
      <trkpt lat="37.15095" lon="-3.41976">
        <ele>1062.4</ele>
      </trkpt>
      <trkpt lat="37.15095" lon="-3.41969">
        <ele>1062.0</ele>
      </trkpt>
      <trkpt lat="37.15095" lon="-3.41963">
        <ele>1061.7</ele>
      </trkpt>
      <trkpt lat="37.15095" lon="-3.41957">
        <ele>1061.4</ele>
      </trkpt>
      <trkpt lat="37.15095" lon="-3.41951">
        <ele>1061.1</ele>
      </trkpt>
      <trkpt lat="37.15096" lon="-3.41945">
        <ele>1061.2</ele>
      </trkpt>
      <trkpt lat="37.15096" lon="-3.41943">
        <ele>1061.1</ele>
      </trkpt>
      <trkpt lat="37.15096" lon="-3.4194">
        <ele>1060.9</ele>
      </trkpt>
      <trkpt lat="37.15097" lon="-3.41936">
        <ele>1061.2</ele>
      </trkpt>
      <trkpt lat="37.15098" lon="-3.41935">
        <ele>1061.6</ele>
      </trkpt>
      <trkpt lat="37.15104" lon="-3.41923">
        <ele>1063.6</ele>
      </trkpt>
      <trkpt lat="37.1511" lon="-3.41912">
        <ele>1066.0</ele>
      </trkpt>
      <trkpt lat="37.15116" lon="-3.41902">
        <ele>1069.1</ele>
      </trkpt>
      <trkpt lat="37.15119" lon="-3.41895">
        <ele>1070.7</ele>
      </trkpt>
      <trkpt lat="37.15121" lon="-3.41891">
        <ele>1071.7</ele>
      </trkpt>
      <trkpt lat="37.15122" lon="-3.41888">
        <ele>1072.2</ele>
      </trkpt>
      <trkpt lat="37.15121" lon="-3.41884">
        <ele>1071.9</ele>
      </trkpt>
      <trkpt lat="37.15121" lon="-3.41883">
        <ele>1072.0</ele>
      </trkpt>
      <trkpt lat="37.15117" lon="-3.41876">
        <ele>1070.5</ele>
      </trkpt>
      <trkpt lat="37.1511" lon="-3.4187">
        <ele>1067.7</ele>
      </trkpt>
      <trkpt lat="37.15109" lon="-3.41869">
        <ele>1067.3</ele>
      </trkpt>
      <trkpt lat="37.15101" lon="-3.41863">
        <ele>1064.2</ele>
      </trkpt>
      <trkpt lat="37.15096" lon="-3.41856">
        <ele>1062.3</ele>
      </trkpt>
      <trkpt lat="37.15093" lon="-3.4185">
        <ele>1061.3</ele>
      </trkpt>
      <trkpt lat="37.15092" lon="-3.41848">
        <ele>1061.0</ele>
      </trkpt>
      <trkpt lat="37.15091" lon="-3.41846">
        <ele>1060.6</ele>
      </trkpt>
      <trkpt lat="37.15088" lon="-3.41837">
        <ele>1059.8</ele>
      </trkpt>
      <trkpt lat="37.15087" lon="-3.41834">
        <ele>1059.5</ele>
      </trkpt>
      <trkpt lat="37.15082" lon="-3.41823">
        <ele>1059.3</ele>
      </trkpt>
      <trkpt lat="37.15081" lon="-3.41821">
        <ele>1059.3</ele>
      </trkpt>
      <trkpt lat="37.15079" lon="-3.41819">
        <ele>1058.9</ele>
      </trkpt>
      <trkpt lat="37.15072" lon="-3.41812">
        <ele>1057.6</ele>
      </trkpt>
      <trkpt lat="37.15058" lon="-3.41801">
        <ele>1054.0</ele>
      </trkpt>
      <trkpt lat="37.15047" lon="-3.41791">
        <ele>1051.1</ele>
      </trkpt>
      <trkpt lat="37.15045" lon="-3.41789">
        <ele>1050.6</ele>
      </trkpt>
      <trkpt lat="37.15044" lon="-3.41785">
        <ele>1050.6</ele>
      </trkpt>
      <trkpt lat="37.15045" lon="-3.41779">
        <ele>1051.7</ele>
      </trkpt>
      <trkpt lat="37.15045" lon="-3.41777">
        <ele>1051.9</ele>
      </trkpt>
      <trkpt lat="37.15045" lon="-3.41774">
        <ele>1052.3</ele>
      </trkpt>
      <trkpt lat="37.15043" lon="-3.41771">
        <ele>1051.8</ele>
      </trkpt>
      <trkpt lat="37.15042" lon="-3.41769">
        <ele>1051.6</ele>
      </trkpt>
      <trkpt lat="37.1504" lon="-3.41765">
        <ele>1051.2</ele>
      </trkpt>
      <trkpt lat="37.15039" lon="-3.41762">
        <ele>1051.1</ele>
      </trkpt>
      <trkpt lat="37.15032" lon="-3.41745">
        <ele>1049.5</ele>
      </trkpt>
      <trkpt lat="37.15031" lon="-3.41742">
        <ele>1049.2</ele>
      </trkpt>
      <trkpt lat="37.15028" lon="-3.41734">
        <ele>1048.3</ele>
      </trkpt>
      <trkpt lat="37.15028" lon="-3.41726">
        <ele>1048.7</ele>
      </trkpt>
      <trkpt lat="37.15029" lon="-3.41724">
        <ele>1049.3</ele>
      </trkpt>
      <trkpt lat="37.15029" lon="-3.41714">
        <ele>1049.8</ele>
      </trkpt>
      <trkpt lat="37.15032" lon="-3.41704">
        <ele>1051.9</ele>
      </trkpt>
      <trkpt lat="37.15032" lon="-3.41702">
        <ele>1052.0</ele>
      </trkpt>
      <trkpt lat="37.15033" lon="-3.41694">
        <ele>1053.0</ele>
      </trkpt>
      <trkpt lat="37.15032" lon="-3.41689">
        <ele>1052.8</ele>
      </trkpt>
      <trkpt lat="37.15031" lon="-3.41683">
        <ele>1052.6</ele>
      </trkpt>
      <trkpt lat="37.1503" lon="-3.4168">
        <ele>1052.2</ele>
      </trkpt>
      <trkpt lat="37.15028" lon="-3.41678">
        <ele>1051.2</ele>
      </trkpt>
      <trkpt lat="37.15025" lon="-3.41672">
        <ele>1049.8</ele>
      </trkpt>
      <trkpt lat="37.1502" lon="-3.41661">
        <ele>1047.2</ele>
      </trkpt>
      <trkpt lat="37.15015" lon="-3.41653">
        <ele>1044.3</ele>
      </trkpt>
      <trkpt lat="37.15008" lon="-3.4165">
        <ele>1040.4</ele>
      </trkpt>
      <trkpt lat="37.15006" lon="-3.4165">
        <ele>1039.3</ele>
      </trkpt>
      <trkpt lat="37.15005" lon="-3.41651">
        <ele>1038.8</ele>
      </trkpt>
      <trkpt lat="37.15004" lon="-3.41652">
        <ele>1038.2</ele>
      </trkpt>
      <trkpt lat="37.15003" lon="-3.41653">
        <ele>1037.7</ele>
      </trkpt>
      <trkpt lat="37.15002" lon="-3.41657">
        <ele>1037.1</ele>
      </trkpt>
      <trkpt lat="37.15001" lon="-3.41662">
        <ele>1036.6</ele>
      </trkpt>
      <trkpt lat="37.15002" lon="-3.4167">
        <ele>1037.1</ele>
      </trkpt>
      <trkpt lat="37.15002" lon="-3.41671">
        <ele>1037.1</ele>
      </trkpt>
      <trkpt lat="37.15005" lon="-3.41677">
        <ele>1038.6</ele>
      </trkpt>
      <trkpt lat="37.15007" lon="-3.4168">
        <ele>1039.7</ele>
      </trkpt>
      <trkpt lat="37.1501" lon="-3.41683">
        <ele>1041.2</ele>
      </trkpt>
      <trkpt lat="37.15012" lon="-3.41687">
        <ele>1042.2</ele>
      </trkpt>
      <trkpt lat="37.15014" lon="-3.41689">
        <ele>1043.2</ele>
      </trkpt>
      <trkpt lat="37.15015" lon="-3.4169">
        <ele>1043.7</ele>
      </trkpt>
      <trkpt lat="37.15015" lon="-3.41692">
        <ele>1043.6</ele>
      </trkpt>
      <trkpt lat="37.15016" lon="-3.41699">
        <ele>1043.9</ele>
      </trkpt>
      <trkpt lat="37.15015" lon="-3.41702">
        <ele>1043.3</ele>
      </trkpt>
      <trkpt lat="37.15013" lon="-3.41705">
        <ele>1042.2</ele>
      </trkpt>
      <trkpt lat="37.15011" lon="-3.41706">
        <ele>1041.1</ele>
      </trkpt>
      <trkpt lat="37.1501" lon="-3.41706">
        <ele>1040.6</ele>
      </trkpt>
      <trkpt lat="37.15008" lon="-3.41707">
        <ele>1039.6</ele>
      </trkpt>
      <trkpt lat="37.15006" lon="-3.41707">
        <ele>1038.6</ele>
      </trkpt>
      <trkpt lat="37.15003" lon="-3.41704">
        <ele>1037.1</ele>
      </trkpt>
      <trkpt lat="37.15" lon="-3.41701">
        <ele>1035.6</ele>
      </trkpt>
      <trkpt lat="37.14997" lon="-3.41695">
        <ele>1035.7</ele>
      </trkpt>
      <trkpt lat="37.14997" lon="-3.41694">
        <ele>1035.7</ele>
      </trkpt>
      <trkpt lat="37.14993" lon="-3.41685">
        <ele>1035.7</ele>
      </trkpt>
      <trkpt lat="37.14989" lon="-3.41673">
        <ele>1035.4</ele>
      </trkpt>
      <trkpt lat="37.14985" lon="-3.41661">
        <ele>1035.0</ele>
      </trkpt>
      <trkpt lat="37.14983" lon="-3.41654">
        <ele>1035.1</ele>
      </trkpt>
      <trkpt lat="37.14982" lon="-3.41652">
        <ele>1035.1</ele>
      </trkpt>
      <trkpt lat="37.14982" lon="-3.41649">
        <ele>1035.2</ele>
      </trkpt>
      <trkpt lat="37.14982" lon="-3.41645">
        <ele>1035.3</ele>
      </trkpt>
      <trkpt lat="37.14983" lon="-3.41641">
        <ele>1035.4</ele>
      </trkpt>
      <trkpt lat="37.14985" lon="-3.41637">
        <ele>1035.6</ele>
      </trkpt>
      <trkpt lat="37.14988" lon="-3.41632">
        <ele>1035.7</ele>
      </trkpt>
      <trkpt lat="37.14991" lon="-3.41627">
        <ele>1035.9</ele>
      </trkpt>
      <trkpt lat="37.14997" lon="-3.41614">
        <ele>1036.0</ele>
      </trkpt>
      <trkpt lat="37.14997" lon="-3.41613">
        <ele>1036.0</ele>
      </trkpt>
      <trkpt lat="37.15001" lon="-3.41606">
        <ele>1036.5</ele>
      </trkpt>
      <trkpt lat="37.15003" lon="-3.41598">
        <ele>1037.6</ele>
      </trkpt>
      <trkpt lat="37.15005" lon="-3.41593">
        <ele>1038.6</ele>
      </trkpt>
      <trkpt lat="37.15005" lon="-3.41592">
        <ele>1038.6</ele>
      </trkpt>
      <trkpt lat="37.15006" lon="-3.41582">
        <ele>1039.2</ele>
      </trkpt>
      <trkpt lat="37.15007" lon="-3.41574">
        <ele>1040.2</ele>
      </trkpt>
      <trkpt lat="37.15007" lon="-3.4157">
        <ele>1040.4</ele>
      </trkpt>
      <trkpt lat="37.15007" lon="-3.41565">
        <ele>1040.6</ele>
      </trkpt>
      <trkpt lat="37.15007" lon="-3.41561">
        <ele>1040.8</ele>
      </trkpt>
      <trkpt lat="37.15007" lon="-3.41553">
        <ele>1041.2</ele>
      </trkpt>
      <trkpt lat="37.15006" lon="-3.41549">
        <ele>1041.4</ele>
      </trkpt>
      <trkpt lat="37.15006" lon="-3.41548">
        <ele>1041.5</ele>
      </trkpt>
      <trkpt lat="37.15004" lon="-3.41546">
        <ele>1041.6</ele>
      </trkpt>
      <trkpt lat="37.15002" lon="-3.41543">
        <ele>1041.8</ele>
      </trkpt>
      <trkpt lat="37.14998" lon="-3.4154">
        <ele>1042.1</ele>
      </trkpt>
      <trkpt lat="37.14993" lon="-3.41539">
        <ele>1042.5</ele>
      </trkpt>
      <trkpt lat="37.14987" lon="-3.41539">
        <ele>1042.8</ele>
      </trkpt>
      <trkpt lat="37.14983" lon="-3.41541">
        <ele>1043.1</ele>
      </trkpt>
      <trkpt lat="37.14979" lon="-3.41545">
        <ele>1043.5</ele>
      </trkpt>
      <trkpt lat="37.14979" lon="-3.41546">
        <ele>1043.3</ele>
      </trkpt>
      <trkpt lat="37.14976" lon="-3.41551">
        <ele>1042.9</ele>
      </trkpt>
      <trkpt lat="37.14972" lon="-3.41557">
        <ele>1042.4</ele>
      </trkpt>
      <trkpt lat="37.14967" lon="-3.41566">
        <ele>1041.2</ele>
      </trkpt>
      <trkpt lat="37.14965" lon="-3.41569">
        <ele>1040.8</ele>
      </trkpt>
      <trkpt lat="37.14964" lon="-3.41572">
        <ele>1040.2</ele>
      </trkpt>
      <trkpt lat="37.14961" lon="-3.4158">
        <ele>1038.6</ele>
      </trkpt>
      <trkpt lat="37.14959" lon="-3.41585">
        <ele>1037.9</ele>
      </trkpt>
      <trkpt lat="37.14957" lon="-3.41589">
        <ele>1037.7</ele>
      </trkpt>
      <trkpt lat="37.14956" lon="-3.41591">
        <ele>1037.6</ele>
      </trkpt>
      <trkpt lat="37.14956" lon="-3.41592">
        <ele>1037.6</ele>
      </trkpt>
      <trkpt lat="37.14953" lon="-3.41597">
        <ele>1037.3</ele>
      </trkpt>
      <trkpt lat="37.14949" lon="-3.41602">
        <ele>1037.1</ele>
      </trkpt>
      <trkpt lat="37.14947" lon="-3.41606">
        <ele>1036.8</ele>
      </trkpt>
      <trkpt lat="37.14946" lon="-3.41607">
        <ele>1036.8</ele>
      </trkpt>
      <trkpt lat="37.14942" lon="-3.4161">
        <ele>1036.6</ele>
      </trkpt>
      <trkpt lat="37.14939" lon="-3.41614">
        <ele>1036.2</ele>
      </trkpt>
      <trkpt lat="37.14934" lon="-3.41618">
        <ele>1035.9</ele>
      </trkpt>
      <trkpt lat="37.14931" lon="-3.4162">
        <ele>1035.7</ele>
      </trkpt>
      <trkpt lat="37.14929" lon="-3.41621">
        <ele>1035.6</ele>
      </trkpt>
      <trkpt lat="37.14926" lon="-3.41622">
        <ele>1035.4</ele>
      </trkpt>
      <trkpt lat="37.14919" lon="-3.41623">
        <ele>1035.3</ele>
      </trkpt>
      <trkpt lat="37.14916" lon="-3.41623">
        <ele>1035.4</ele>
      </trkpt>
      <trkpt lat="37.14914" lon="-3.41623">
        <ele>1035.8</ele>
      </trkpt>
      <trkpt lat="37.14913" lon="-3.41623">
        <ele>1036.1</ele>
      </trkpt>
      <trkpt lat="37.14911" lon="-3.41622">
        <ele>1036.6</ele>
      </trkpt>
      <trkpt lat="37.14906" lon="-3.4162">
        <ele>1037.8</ele>
      </trkpt>
      <trkpt lat="37.14896" lon="-3.41615">
        <ele>1039.9</ele>
      </trkpt>
      <trkpt lat="37.14894" lon="-3.41614">
        <ele>1040.2</ele>
      </trkpt>
      <trkpt lat="37.14832" lon="-3.41569">
        <ele>1045.9</ele>
      </trkpt>
      <trkpt lat="37.14832" lon="-3.41569">
        <ele>1045.9</ele>
      </trkpt>
      <trkpt lat="37.14829" lon="-3.41566">
        <ele>1047.5</ele>
      </trkpt>
      <trkpt lat="37.1482" lon="-3.41558">
        <ele>1051.2</ele>
      </trkpt>
      <trkpt lat="37.14808" lon="-3.41549">
        <ele>1054.3</ele>
      </trkpt>
      <trkpt lat="37.14794" lon="-3.4154">
        <ele>1055.8</ele>
      </trkpt>
      <trkpt lat="37.14781" lon="-3.4153">
        <ele>1055.6</ele>
      </trkpt>
      <trkpt lat="37.14765" lon="-3.41521">
        <ele>1053.3</ele>
      </trkpt>
      <trkpt lat="37.14693" lon="-3.41467">
        <ele>1055.2</ele>
      </trkpt>
      <trkpt lat="37.14683" lon="-3.41459">
        <ele>1054.7</ele>
      </trkpt>
      <trkpt lat="37.14646" lon="-3.41431">
        <ele>1056.9</ele>
      </trkpt>
      <trkpt lat="37.14645" lon="-3.41428">
        <ele>1057.0</ele>
      </trkpt>
      <trkpt lat="37.14643" lon="-3.41424">
        <ele>1057.2</ele>
      </trkpt>
      <trkpt lat="37.1464" lon="-3.41416">
        <ele>1057.6</ele>
      </trkpt>
      <trkpt lat="37.14634" lon="-3.41401">
        <ele>1058.2</ele>
      </trkpt>
      <trkpt lat="37.14628" lon="-3.41385">
        <ele>1059.0</ele>
      </trkpt>
      <trkpt lat="37.14626" lon="-3.41378">
        <ele>1059.3</ele>
      </trkpt>
      <trkpt lat="37.1462" lon="-3.41366">
        <ele>1059.9</ele>
      </trkpt>
      <trkpt lat="37.14619" lon="-3.41363">
        <ele>1060.0</ele>
      </trkpt>
      <trkpt lat="37.14617" lon="-3.41359">
        <ele>1060.2</ele>
      </trkpt>
      <trkpt lat="37.14616" lon="-3.41356">
        <ele>1060.3</ele>
      </trkpt>
      <trkpt lat="37.14612" lon="-3.41348">
        <ele>1060.7</ele>
      </trkpt>
      <trkpt lat="37.14609" lon="-3.41341">
        <ele>1061.0</ele>
      </trkpt>
      <trkpt lat="37.14604" lon="-3.41333">
        <ele>1061.5</ele>
      </trkpt>
      <trkpt lat="37.14596" lon="-3.41324">
        <ele>1060.3</ele>
      </trkpt>
      <trkpt lat="37.1459" lon="-3.41316">
        <ele>1059.9</ele>
      </trkpt>
      <trkpt lat="37.14568" lon="-3.41287">
        <ele>1065.8</ele>
      </trkpt>
      <trkpt lat="37.14556" lon="-3.41271">
        <ele>1068.4</ele>
      </trkpt>
      <trkpt lat="37.14544" lon="-3.41257">
        <ele>1070.9</ele>
      </trkpt>
      <trkpt lat="37.14532" lon="-3.41237">
        <ele>1074.0</ele>
      </trkpt>
      <trkpt lat="37.14524" lon="-3.41223">
        <ele>1076.1</ele>
      </trkpt>
      <trkpt lat="37.14511" lon="-3.41208">
        <ele>1078.8</ele>
      </trkpt>
      <trkpt lat="37.1451" lon="-3.41208">
        <ele>1079.0</ele>
      </trkpt>
      <trkpt lat="37.14505" lon="-3.41204">
        <ele>1078.8</ele>
      </trkpt>
      <trkpt lat="37.14495" lon="-3.41202">
        <ele>1077.5</ele>
      </trkpt>
      <trkpt lat="37.14493" lon="-3.41202">
        <ele>1077.5</ele>
      </trkpt>
      <trkpt lat="37.14486" lon="-3.41201">
        <ele>1077.9</ele>
      </trkpt>
      <trkpt lat="37.14478" lon="-3.41202">
        <ele>1077.4</ele>
      </trkpt>
      <trkpt lat="37.14465" lon="-3.41205">
        <ele>1076.2</ele>
      </trkpt>
      <trkpt lat="37.14458" lon="-3.41209">
        <ele>1074.8</ele>
      </trkpt>
      <trkpt lat="37.14454" lon="-3.41211">
        <ele>1074.2</ele>
      </trkpt>
      <trkpt lat="37.14444" lon="-3.41217">
        <ele>1072.7</ele>
      </trkpt>
      <trkpt lat="37.14441" lon="-3.41217">
        <ele>1072.8</ele>
      </trkpt>
      <trkpt lat="37.14433" lon="-3.4122">
        <ele>1072.5</ele>
      </trkpt>
      <trkpt lat="37.14427" lon="-3.41221">
        <ele>1072.8</ele>
      </trkpt>
      <trkpt lat="37.14424" lon="-3.41221">
        <ele>1073.0</ele>
      </trkpt>
      <trkpt lat="37.14422" lon="-3.41221">
        <ele>1073.1</ele>
      </trkpt>
      <trkpt lat="37.14415" lon="-3.4122">
        <ele>1073.5</ele>
      </trkpt>
      <trkpt lat="37.14407" lon="-3.41218">
        <ele>1074.1</ele>
      </trkpt>
      <trkpt lat="37.14406" lon="-3.41218">
        <ele>1074.1</ele>
      </trkpt>
      <trkpt lat="37.14398" lon="-3.41217">
        <ele>1074.7</ele>
      </trkpt>
      <trkpt lat="37.14392" lon="-3.41218">
        <ele>1075.1</ele>
      </trkpt>
      <trkpt lat="37.14376" lon="-3.41217">
        <ele>1076.1</ele>
      </trkpt>
      <trkpt lat="37.14374" lon="-3.41217">
        <ele>1076.3</ele>
      </trkpt>
      <trkpt lat="37.14356" lon="-3.41217">
        <ele>1077.5</ele>
      </trkpt>
      <trkpt lat="37.14355" lon="-3.41217">
        <ele>1077.6</ele>
      </trkpt>
      <trkpt lat="37.14338" lon="-3.41218">
        <ele>1078.7</ele>
      </trkpt>
      <trkpt lat="37.14335" lon="-3.41218">
        <ele>1078.8</ele>
      </trkpt>
      <trkpt lat="37.14334" lon="-3.41218">
        <ele>1078.9</ele>
      </trkpt>
      <trkpt lat="37.14333" lon="-3.41217">
        <ele>1078.8</ele>
      </trkpt>
      <trkpt lat="37.14331" lon="-3.41216">
        <ele>1079.3</ele>
      </trkpt>
      <trkpt lat="37.1433" lon="-3.41214">
        <ele>1079.1</ele>
      </trkpt>
      <trkpt lat="37.14329" lon="-3.41213">
        <ele>1079.2</ele>
      </trkpt>
      <trkpt lat="37.14328" lon="-3.4121">
        <ele>1078.8</ele>
      </trkpt>
      <trkpt lat="37.14326" lon="-3.41205">
        <ele>1078.3</ele>
      </trkpt>
      <trkpt lat="37.14326" lon="-3.41204">
        <ele>1078.0</ele>
      </trkpt>
      <trkpt lat="37.14322" lon="-3.41193">
        <ele>1076.7</ele>
      </trkpt>
      <trkpt lat="37.14321" lon="-3.41186">
        <ele>1075.2</ele>
      </trkpt>
      <trkpt lat="37.1432" lon="-3.41183">
        <ele>1074.8</ele>
      </trkpt>
      <trkpt lat="37.1432" lon="-3.41181">
        <ele>1074.3</ele>
      </trkpt>
      <trkpt lat="37.14318" lon="-3.41177">
        <ele>1074.0</ele>
      </trkpt>
      <trkpt lat="37.14317" lon="-3.41173">
        <ele>1073.3</ele>
      </trkpt>
      <trkpt lat="37.14316" lon="-3.41168">
        <ele>1072.4</ele>
      </trkpt>
      <trkpt lat="37.14314" lon="-3.41161">
        <ele>1073.4</ele>
      </trkpt>
      <trkpt lat="37.14313" lon="-3.41158">
        <ele>1074.0</ele>
      </trkpt>
      <trkpt lat="37.1431" lon="-3.41151">
        <ele>1075.7</ele>
      </trkpt>
      <trkpt lat="37.14305" lon="-3.41143">
        <ele>1077.7</ele>
      </trkpt>
      <trkpt lat="37.14304" lon="-3.41143">
        <ele>1078.0</ele>
      </trkpt>
      <trkpt lat="37.14301" lon="-3.41139">
        <ele>1079.0</ele>
      </trkpt>
      <trkpt lat="37.14296" lon="-3.41135">
        <ele>1080.3</ele>
      </trkpt>
      <trkpt lat="37.14291" lon="-3.41129">
        <ele>1081.5</ele>
      </trkpt>
      <trkpt lat="37.14287" lon="-3.41124">
        <ele>1082.3</ele>
      </trkpt>
      <trkpt lat="37.14286" lon="-3.41123">
        <ele>1082.5</ele>
      </trkpt>
      <trkpt lat="37.14285" lon="-3.41119">
        <ele>1082.7</ele>
      </trkpt>
      <trkpt lat="37.14283" lon="-3.41115">
        <ele>1082.9</ele>
      </trkpt>
      <trkpt lat="37.14278" lon="-3.41107">
        <ele>1083.4</ele>
      </trkpt>
      <trkpt lat="37.14275" lon="-3.41101">
        <ele>1083.5</ele>
      </trkpt>
      <trkpt lat="37.1427" lon="-3.41094">
        <ele>1083.4</ele>
      </trkpt>
      <trkpt lat="37.14265" lon="-3.41089">
        <ele>1083.3</ele>
      </trkpt>
      <trkpt lat="37.14264" lon="-3.41087">
        <ele>1083.2</ele>
      </trkpt>
      <trkpt lat="37.14258" lon="-3.41081">
        <ele>1082.7</ele>
      </trkpt>
      <trkpt lat="37.14254" lon="-3.41077">
        <ele>1082.2</ele>
      </trkpt>
      <trkpt lat="37.14251" lon="-3.41074">
        <ele>1081.8</ele>
      </trkpt>
      <trkpt lat="37.14245" lon="-3.41068">
        <ele>1084.9</ele>
      </trkpt>
      <trkpt lat="37.1424" lon="-3.41059">
        <ele>1087.3</ele>
      </trkpt>
      <trkpt lat="37.1424" lon="-3.41057">
        <ele>1087.0</ele>
      </trkpt>
      <trkpt lat="37.14239" lon="-3.41057">
        <ele>1087.7</ele>
      </trkpt>
      <trkpt lat="37.14235" lon="-3.4105">
        <ele>1089.4</ele>
      </trkpt>
      <trkpt lat="37.14231" lon="-3.41042">
        <ele>1090.7</ele>
      </trkpt>
      <trkpt lat="37.14228" lon="-3.41033">
        <ele>1090.8</ele>
      </trkpt>
      <trkpt lat="37.14226" lon="-3.41023">
        <ele>1090.0</ele>
      </trkpt>
      <trkpt lat="37.14224" lon="-3.41015">
        <ele>1089.4</ele>
      </trkpt>
      <trkpt lat="37.14222" lon="-3.41005">
        <ele>1088.3</ele>
      </trkpt>
      <trkpt lat="37.14221" lon="-3.40996">
        <ele>1087.9</ele>
      </trkpt>
      <trkpt lat="37.1422" lon="-3.40995">
        <ele>1088.5</ele>
      </trkpt>
      <trkpt lat="37.14219" lon="-3.40991">
        <ele>1089.4</ele>
      </trkpt>
      <trkpt lat="37.14215" lon="-3.40987">
        <ele>1091.8</ele>
      </trkpt>
      <trkpt lat="37.14209" lon="-3.40983">
        <ele>1095.2</ele>
      </trkpt>
      <trkpt lat="37.14206" lon="-3.40982">
        <ele>1096.8</ele>
      </trkpt>
      <trkpt lat="37.14205" lon="-3.4098">
        <ele>1097.4</ele>
      </trkpt>
      <trkpt lat="37.14204" lon="-3.40977">
        <ele>1098.1</ele>
      </trkpt>
      <trkpt lat="37.14204" lon="-3.40974">
        <ele>1098.3</ele>
      </trkpt>
      <trkpt lat="37.14204" lon="-3.40972">
        <ele>1098.4</ele>
      </trkpt>
      <trkpt lat="37.14205" lon="-3.40971">
        <ele>1098.0</ele>
      </trkpt>
      <trkpt lat="37.14209" lon="-3.40965">
        <ele>1096.3</ele>
      </trkpt>
      <trkpt lat="37.14211" lon="-3.40964">
        <ele>1095.3</ele>
      </trkpt>
      <trkpt lat="37.14216" lon="-3.40957">
        <ele>1093.2</ele>
      </trkpt>
      <trkpt lat="37.14223" lon="-3.40947">
        <ele>1090.4</ele>
      </trkpt>
      <trkpt lat="37.14229" lon="-3.40939">
        <ele>1088.1</ele>
      </trkpt>
      <trkpt lat="37.14235" lon="-3.4093">
        <ele>1085.9</ele>
      </trkpt>
      <trkpt lat="37.14237" lon="-3.40927">
        <ele>1085.2</ele>
      </trkpt>
      <trkpt lat="37.14244" lon="-3.40915">
        <ele>1082.9</ele>
      </trkpt>
      <trkpt lat="37.14245" lon="-3.40912">
        <ele>1082.5</ele>
      </trkpt>
      <trkpt lat="37.14246" lon="-3.40912">
        <ele>1082.0</ele>
      </trkpt>
      <trkpt lat="37.14249" lon="-3.40906">
        <ele>1080.8</ele>
      </trkpt>
      <trkpt lat="37.14252" lon="-3.40899">
        <ele>1081.5</ele>
      </trkpt>
      <trkpt lat="37.14254" lon="-3.40894">
        <ele>1082.7</ele>
      </trkpt>
      <trkpt lat="37.14254" lon="-3.40892">
        <ele>1082.7</ele>
      </trkpt>
      <trkpt lat="37.14254" lon="-3.4089">
        <ele>1082.8</ele>
      </trkpt>
      <trkpt lat="37.14254" lon="-3.40887">
        <ele>1083.0</ele>
      </trkpt>
      <trkpt lat="37.14254" lon="-3.40884">
        <ele>1083.1</ele>
      </trkpt>
      <trkpt lat="37.14252" lon="-3.40881">
        <ele>1082.3</ele>
      </trkpt>
      <trkpt lat="37.14249" lon="-3.40879">
        <ele>1081.8</ele>
      </trkpt>
      <trkpt lat="37.14245" lon="-3.40877">
        <ele>1083.8</ele>
      </trkpt>
      <trkpt lat="37.14244" lon="-3.40877">
        <ele>1084.3</ele>
      </trkpt>
      <trkpt lat="37.14242" lon="-3.40877">
        <ele>1085.2</ele>
      </trkpt>
      <trkpt lat="37.14238" lon="-3.40876">
        <ele>1087.1</ele>
      </trkpt>
      <trkpt lat="37.14233" lon="-3.40872">
        <ele>1089.7</ele>
      </trkpt>
      <trkpt lat="37.1423" lon="-3.4087">
        <ele>1091.2</ele>
      </trkpt>
      <trkpt lat="37.14228" lon="-3.40868">
        <ele>1092.2</ele>
      </trkpt>
      <trkpt lat="37.14225" lon="-3.40867">
        <ele>1093.7</ele>
      </trkpt>
      <trkpt lat="37.1422" lon="-3.40865">
        <ele>1096.1</ele>
      </trkpt>
      <trkpt lat="37.14217" lon="-3.40864">
        <ele>1097.6</ele>
      </trkpt>
      <trkpt lat="37.14211" lon="-3.4086">
        <ele>1100.6</ele>
      </trkpt>
      <trkpt lat="37.14205" lon="-3.4085">
        <ele>1103.9</ele>
      </trkpt>
      <trkpt lat="37.14203" lon="-3.40842">
        <ele>1105.2</ele>
      </trkpt>
      <trkpt lat="37.14203" lon="-3.40841">
        <ele>1105.2</ele>
      </trkpt>
      <trkpt lat="37.14203" lon="-3.4084">
        <ele>1105.3</ele>
      </trkpt>
      <trkpt lat="37.14201" lon="-3.40818">
        <ele>1105.8</ele>
      </trkpt>
      <trkpt lat="37.142" lon="-3.40812">
        <ele>1106.0</ele>
      </trkpt>
      <trkpt lat="37.142" lon="-3.40807">
        <ele>1105.7</ele>
      </trkpt>
      <trkpt lat="37.14199" lon="-3.40802">
        <ele>1105.8</ele>
      </trkpt>
      <trkpt lat="37.14197" lon="-3.40797">
        <ele>1106.2</ele>
      </trkpt>
      <trkpt lat="37.14197" lon="-3.40796">
        <ele>1106.2</ele>
      </trkpt>
      <trkpt lat="37.14194" lon="-3.40793">
        <ele>1106.9</ele>
      </trkpt>
      <trkpt lat="37.14191" lon="-3.40791">
        <ele>1107.6</ele>
      </trkpt>
      <trkpt lat="37.14188" lon="-3.40789">
        <ele>1108.3</ele>
      </trkpt>
      <trkpt lat="37.14186" lon="-3.40789">
        <ele>1108.9</ele>
      </trkpt>
      <trkpt lat="37.14184" lon="-3.40789">
        <ele>1109.5</ele>
      </trkpt>
      <trkpt lat="37.14182" lon="-3.4079">
        <ele>1110.2</ele>
      </trkpt>
      <trkpt lat="37.14182" lon="-3.40791">
        <ele>1110.3</ele>
      </trkpt>
      <trkpt lat="37.14182" lon="-3.40792">
        <ele>1110.4</ele>
      </trkpt>
      <trkpt lat="37.14181" lon="-3.40792">
        <ele>1110.7</ele>
      </trkpt>
      <trkpt lat="37.14181" lon="-3.40799">
        <ele>1111.7</ele>
      </trkpt>
      <trkpt lat="37.14183" lon="-3.40806">
        <ele>1111.8</ele>
      </trkpt>
      <trkpt lat="37.14185" lon="-3.40813">
        <ele>1111.9</ele>
      </trkpt>
      <trkpt lat="37.14187" lon="-3.40818">
        <ele>1111.6</ele>
      </trkpt>
      <trkpt lat="37.1419" lon="-3.40824">
        <ele>1110.9</ele>
      </trkpt>
      <trkpt lat="37.14192" lon="-3.40829">
        <ele>1110.5</ele>
      </trkpt>
      <trkpt lat="37.14193" lon="-3.40833">
        <ele>1110.3</ele>
      </trkpt>
      <trkpt lat="37.14195" lon="-3.40839">
        <ele>1109.1</ele>
      </trkpt>
      <trkpt lat="37.14196" lon="-3.40842">
        <ele>1108.5</ele>
      </trkpt>
      <trkpt lat="37.14199" lon="-3.40848">
        <ele>1106.8</ele>
      </trkpt>
      <trkpt lat="37.14201" lon="-3.40852">
        <ele>1105.7</ele>
      </trkpt>
      <trkpt lat="37.14201" lon="-3.40853">
        <ele>1105.7</ele>
      </trkpt>
      <trkpt lat="37.14201" lon="-3.40854">
        <ele>1105.6</ele>
      </trkpt>
      <trkpt lat="37.14201" lon="-3.40857">
        <ele>1105.5</ele>
      </trkpt>
      <trkpt lat="37.142" lon="-3.40859">
        <ele>1105.9</ele>
      </trkpt>
      <trkpt lat="37.14198" lon="-3.4086">
        <ele>1106.8</ele>
      </trkpt>
      <trkpt lat="37.14197" lon="-3.4086">
        <ele>1107.3</ele>
      </trkpt>
      <trkpt lat="37.14194" lon="-3.40858">
        <ele>1108.8</ele>
      </trkpt>
      <trkpt lat="37.14192" lon="-3.40856">
        <ele>1109.8</ele>
      </trkpt>
      <trkpt lat="37.1419" lon="-3.40853">
        <ele>1110.9</ele>
      </trkpt>
      <trkpt lat="37.1419" lon="-3.40852">
        <ele>1111.0</ele>
      </trkpt>
      <trkpt lat="37.14189" lon="-3.4085">
        <ele>1111.5</ele>
      </trkpt>
      <trkpt lat="37.14185" lon="-3.40839">
        <ele>1113.9</ele>
      </trkpt>
      <trkpt lat="37.14184" lon="-3.40837">
        <ele>1114.5</ele>
      </trkpt>
      <trkpt lat="37.14183" lon="-3.40833">
        <ele>1115.1</ele>
      </trkpt>
      <trkpt lat="37.14182" lon="-3.40832">
        <ele>1115.5</ele>
      </trkpt>
      <trkpt lat="37.14181" lon="-3.40828">
        <ele>1115.4</ele>
      </trkpt>
      <trkpt lat="37.1418" lon="-3.40824">
        <ele>1115.3</ele>
      </trkpt>
      <trkpt lat="37.14178" lon="-3.40819">
        <ele>1115.5</ele>
      </trkpt>
      <trkpt lat="37.14176" lon="-3.40812">
        <ele>1115.3</ele>
      </trkpt>
      <trkpt lat="37.14176" lon="-3.40811">
        <ele>1115.1</ele>
      </trkpt>
      <trkpt lat="37.14174" lon="-3.40803">
        <ele>1114.6</ele>
      </trkpt>
      <trkpt lat="37.14173" lon="-3.40799">
        <ele>1114.3</ele>
      </trkpt>
      <trkpt lat="37.14171" lon="-3.40791">
        <ele>1113.6</ele>
      </trkpt>
      <trkpt lat="37.1417" lon="-3.40789">
        <ele>1113.5</ele>
      </trkpt>
      <trkpt lat="37.14167" lon="-3.40779">
        <ele>1112.5</ele>
      </trkpt>
      <trkpt lat="37.14164" lon="-3.40774">
        <ele>1112.9</ele>
      </trkpt>
      <trkpt lat="37.14162" lon="-3.4077">
        <ele>1113.0</ele>
      </trkpt>
      <trkpt lat="37.14162" lon="-3.40769">
        <ele>1112.8</ele>
      </trkpt>
      <trkpt lat="37.1416" lon="-3.40766">
        <ele>1113.2</ele>
      </trkpt>
      <trkpt lat="37.14158" lon="-3.40764">
        <ele>1113.7</ele>
      </trkpt>
      <trkpt lat="37.14156" lon="-3.40764">
        <ele>1114.7</ele>
      </trkpt>
      <trkpt lat="37.14155" lon="-3.40765">
        <ele>1115.3</ele>
      </trkpt>
      <trkpt lat="37.14154" lon="-3.40767">
        <ele>1116.2</ele>
      </trkpt>
      <trkpt lat="37.14152" lon="-3.40771">
        <ele>1117.9</ele>
      </trkpt>
      <trkpt lat="37.1415" lon="-3.40774">
        <ele>1119.4</ele>
      </trkpt>
      <trkpt lat="37.14149" lon="-3.40777">
        <ele>1120.4</ele>
      </trkpt>
      <trkpt lat="37.14146" lon="-3.40781">
        <ele>1122.6</ele>
      </trkpt>
      <trkpt lat="37.14144" lon="-3.40784">
        <ele>1124.1</ele>
      </trkpt>
      <trkpt lat="37.14141" lon="-3.40785">
        <ele>1125.7</ele>
      </trkpt>
      <trkpt lat="37.14138" lon="-3.40783">
        <ele>1126.7</ele>
      </trkpt>
      <trkpt lat="37.14137" lon="-3.40782">
        <ele>1127.0</ele>
      </trkpt>
      <trkpt lat="37.14135" lon="-3.40778">
        <ele>1127.2</ele>
      </trkpt>
      <trkpt lat="37.14132" lon="-3.40775">
        <ele>1128.0</ele>
      </trkpt>
      <trkpt lat="37.14128" lon="-3.40771">
        <ele>1129.1</ele>
      </trkpt>
      <trkpt lat="37.14123" lon="-3.40768">
        <ele>1130.9</ele>
      </trkpt>
      <trkpt lat="37.14123" lon="-3.40767">
        <ele>1130.7</ele>
      </trkpt>
      <trkpt lat="37.14117" lon="-3.40762">
        <ele>1132.5</ele>
      </trkpt>
      <trkpt lat="37.14113" lon="-3.40758">
        <ele>1133.6</ele>
      </trkpt>
      <trkpt lat="37.14109" lon="-3.40754">
        <ele>1134.8</ele>
      </trkpt>
      <trkpt lat="37.14107" lon="-3.40752">
        <ele>1135.3</ele>
      </trkpt>
      <trkpt lat="37.14103" lon="-3.40746">
        <ele>1136.4</ele>
      </trkpt>
      <trkpt lat="37.14097" lon="-3.40737">
        <ele>1138.2</ele>
      </trkpt>
      <trkpt lat="37.14096" lon="-3.40736">
        <ele>1138.5</ele>
      </trkpt>
      <trkpt lat="37.14091" lon="-3.40723">
        <ele>1139.3</ele>
      </trkpt>
      <trkpt lat="37.14088" lon="-3.40718">
        <ele>1140.1</ele>
      </trkpt>
      <trkpt lat="37.14088" lon="-3.40717">
        <ele>1140.0</ele>
      </trkpt>
      <trkpt lat="37.14086" lon="-3.40712">
        <ele>1140.3</ele>
      </trkpt>
      <trkpt lat="37.14083" lon="-3.40699">
        <ele>1140.0</ele>
      </trkpt>
      <trkpt lat="37.14082" lon="-3.40697">
        <ele>1140.2</ele>
      </trkpt>
      <trkpt lat="37.14082" lon="-3.40696">
        <ele>1140.0</ele>
      </trkpt>
      <trkpt lat="37.14081" lon="-3.40692">
        <ele>1139.9</ele>
      </trkpt>
      <trkpt lat="37.1408" lon="-3.40688">
        <ele>1139.8</ele>
      </trkpt>
      <trkpt lat="37.1408" lon="-3.40681">
        <ele>1139.0</ele>
      </trkpt>
      <trkpt lat="37.1408" lon="-3.40676">
        <ele>1138.3</ele>
      </trkpt>
      <trkpt lat="37.14081" lon="-3.40674">
        <ele>1137.7</ele>
      </trkpt>
      <trkpt lat="37.14081" lon="-3.40672">
        <ele>1137.5</ele>
      </trkpt>
      <trkpt lat="37.14082" lon="-3.40669">
        <ele>1136.8</ele>
      </trkpt>
      <trkpt lat="37.14081" lon="-3.40665">
        <ele>1136.8</ele>
      </trkpt>
      <trkpt lat="37.14078" lon="-3.40661">
        <ele>1137.8</ele>
      </trkpt>
      <trkpt lat="37.14075" lon="-3.40658">
        <ele>1138.8</ele>
      </trkpt>
      <trkpt lat="37.1407" lon="-3.40654">
        <ele>1140.5</ele>
      </trkpt>
      <trkpt lat="37.14065" lon="-3.40647">
        <ele>1142.1</ele>
      </trkpt>
      <trkpt lat="37.14061" lon="-3.4064">
        <ele>1143.3</ele>
      </trkpt>
      <trkpt lat="37.14057" lon="-3.40634">
        <ele>1144.5</ele>
      </trkpt>
      <trkpt lat="37.14055" lon="-3.40627">
        <ele>1144.9</ele>
      </trkpt>
      <trkpt lat="37.14052" lon="-3.40621">
        <ele>1145.7</ele>
      </trkpt>
      <trkpt lat="37.14052" lon="-3.4062">
        <ele>1145.7</ele>
      </trkpt>
      <trkpt lat="37.14049" lon="-3.40613">
        <ele>1146.4</ele>
      </trkpt>
      <trkpt lat="37.14045" lon="-3.40602">
        <ele>1147.2</ele>
      </trkpt>
      <trkpt lat="37.14045" lon="-3.406">
        <ele>1147.2</ele>
      </trkpt>
      <trkpt lat="37.1404" lon="-3.40588">
        <ele>1148.2</ele>
      </trkpt>
      <trkpt lat="37.14038" lon="-3.40583">
        <ele>1148.6</ele>
      </trkpt>
      <trkpt lat="37.14037" lon="-3.40577">
        <ele>1148.6</ele>
      </trkpt>
      <trkpt lat="37.14037" lon="-3.4057">
        <ele>1148.3</ele>
      </trkpt>
      <trkpt lat="37.14034" lon="-3.40563">
        <ele>1148.9</ele>
      </trkpt>
      <trkpt lat="37.14032" lon="-3.40559">
        <ele>1149.5</ele>
      </trkpt>
      <trkpt lat="37.14029" lon="-3.40555">
        <ele>1150.3</ele>
      </trkpt>
      <trkpt lat="37.14026" lon="-3.4055">
        <ele>1151.2</ele>
      </trkpt>
      <trkpt lat="37.1402" lon="-3.40544">
        <ele>1153.2</ele>
      </trkpt>
      <trkpt lat="37.1402" lon="-3.40543">
        <ele>1153.2</ele>
      </trkpt>
      <trkpt lat="37.14019" lon="-3.40542">
        <ele>1153.5</ele>
      </trkpt>
      <trkpt lat="37.14016" lon="-3.40537">
        <ele>1154.6</ele>
      </trkpt>
      <trkpt lat="37.14011" lon="-3.40531">
        <ele>1156.4</ele>
      </trkpt>
      <trkpt lat="37.14008" lon="-3.40525">
        <ele>1157.6</ele>
      </trkpt>
      <trkpt lat="37.14006" lon="-3.40521">
        <ele>1158.4</ele>
      </trkpt>
      <trkpt lat="37.14002" lon="-3.40504">
        <ele>1160.1</ele>
      </trkpt>
      <trkpt lat="37.14001" lon="-3.40504">
        <ele>1160.5</ele>
      </trkpt>
      <trkpt lat="37.14" lon="-3.40501">
        <ele>1161.0</ele>
      </trkpt>
      <trkpt lat="37.13997" lon="-3.4049">
        <ele>1161.1</ele>
      </trkpt>
      <trkpt lat="37.1399" lon="-3.40464">
        <ele>1161.2</ele>
      </trkpt>
      <trkpt lat="37.13989" lon="-3.40462">
        <ele>1161.4</ele>
      </trkpt>
      <trkpt lat="37.13989" lon="-3.40461">
        <ele>1161.3</ele>
      </trkpt>
      <trkpt lat="37.13983" lon="-3.40446">
        <ele>1162.5</ele>
      </trkpt>
      <trkpt lat="37.13982" lon="-3.40441">
        <ele>1162.5</ele>
      </trkpt>
      <trkpt lat="37.13981" lon="-3.40439">
        <ele>1162.8</ele>
      </trkpt>
      <trkpt lat="37.13978" lon="-3.40428">
        <ele>1163.1</ele>
      </trkpt>
      <trkpt lat="37.13973" lon="-3.40421">
        <ele>1165.0</ele>
      </trkpt>
      <trkpt lat="37.13972" lon="-3.40419">
        <ele>1165.4</ele>
      </trkpt>
      <trkpt lat="37.1397" lon="-3.40416">
        <ele>1166.0</ele>
      </trkpt>
      <trkpt lat="37.13966" lon="-3.40411">
        <ele>1166.8</ele>
      </trkpt>
      <trkpt lat="37.13961" lon="-3.40404">
        <ele>1167.6</ele>
      </trkpt>
      <trkpt lat="37.13958" lon="-3.404">
        <ele>1168.2</ele>
      </trkpt>
      <trkpt lat="37.13951" lon="-3.4039">
        <ele>1169.5</ele>
      </trkpt>
      <trkpt lat="37.13945" lon="-3.40382">
        <ele>1170.9</ele>
      </trkpt>
      <trkpt lat="37.1394" lon="-3.40376">
        <ele>1172.4</ele>
      </trkpt>
      <trkpt lat="37.13932" lon="-3.40367">
        <ele>1175.0</ele>
      </trkpt>
      <trkpt lat="37.13931" lon="-3.40365">
        <ele>1175.1</ele>
      </trkpt>
      <trkpt lat="37.13921" lon="-3.40354">
        <ele>1178.8</ele>
      </trkpt>
      <trkpt lat="37.13919" lon="-3.40352">
        <ele>1179.6</ele>
      </trkpt>
      <trkpt lat="37.13913" lon="-3.40344">
        <ele>1181.4</ele>
      </trkpt>
      <trkpt lat="37.13907" lon="-3.40335">
        <ele>1182.8</ele>
      </trkpt>
      <trkpt lat="37.13906" lon="-3.40335">
        <ele>1183.4</ele>
      </trkpt>
      <trkpt lat="37.139" lon="-3.40318">
        <ele>1181.8</ele>
      </trkpt>
      <trkpt lat="37.13899" lon="-3.40315">
        <ele>1181.5</ele>
      </trkpt>
      <trkpt lat="37.13896" lon="-3.40304">
        <ele>1179.9</ele>
      </trkpt>
      <trkpt lat="37.13894" lon="-3.40295">
        <ele>1178.4</ele>
      </trkpt>
      <trkpt lat="37.13893" lon="-3.40294">
        <ele>1178.7</ele>
      </trkpt>
      <trkpt lat="37.13891" lon="-3.40286">
        <ele>1177.4</ele>
      </trkpt>
      <trkpt lat="37.13887" lon="-3.40278">
        <ele>1177.4</ele>
      </trkpt>
      <trkpt lat="37.13884" lon="-3.40275">
        <ele>1178.2</ele>
      </trkpt>
      <trkpt lat="37.13881" lon="-3.40272">
        <ele>1179.0</ele>
      </trkpt>
      <trkpt lat="37.13876" lon="-3.40271">
        <ele>1181.6</ele>
      </trkpt>
      <trkpt lat="37.13871" lon="-3.40271">
        <ele>1184.5</ele>
      </trkpt>
      <trkpt lat="37.13867" lon="-3.40271">
        <ele>1186.8</ele>
      </trkpt>
      <trkpt lat="37.13867" lon="-3.40273">
        <ele>1187.3</ele>
      </trkpt>
      <trkpt lat="37.13867" lon="-3.40273">
        <ele>1187.3</ele>
      </trkpt>
      <trkpt lat="37.13865" lon="-3.40275">
        <ele>1189.1</ele>
      </trkpt>
      <trkpt lat="37.13865" lon="-3.40279">
        <ele>1190.2</ele>
      </trkpt>
      <trkpt lat="37.13866" lon="-3.40286">
        <ele>1191.7</ele>
      </trkpt>
      <trkpt lat="37.13867" lon="-3.40294">
        <ele>1193.5</ele>
      </trkpt>
      <trkpt lat="37.13868" lon="-3.40297">
        <ele>1193.8</ele>
      </trkpt>
      <trkpt lat="37.1387" lon="-3.40304">
        <ele>1194.7</ele>
      </trkpt>
      <trkpt lat="37.13872" lon="-3.40312">
        <ele>1195.9</ele>
      </trkpt>
      <trkpt lat="37.13873" lon="-3.40316">
        <ele>1196.5</ele>
      </trkpt>
      <trkpt lat="37.13875" lon="-3.40321">
        <ele>1196.9</ele>
      </trkpt>
      <trkpt lat="37.13876" lon="-3.40326">
        <ele>1197.8</ele>
      </trkpt>
      <trkpt lat="37.13879" lon="-3.40335">
        <ele>1198.6</ele>
      </trkpt>
      <trkpt lat="37.13879" lon="-3.40337">
        <ele>1199.0</ele>
      </trkpt>
      <trkpt lat="37.13881" lon="-3.40342">
        <ele>1198.9</ele>
      </trkpt>
      <trkpt lat="37.13884" lon="-3.4035">
        <ele>1198.9</ele>
      </trkpt>
      <trkpt lat="37.13887" lon="-3.40357">
        <ele>1198.6</ele>
      </trkpt>
      <trkpt lat="37.13889" lon="-3.40361">
        <ele>1198.4</ele>
      </trkpt>
      <trkpt lat="37.13895" lon="-3.40375">
        <ele>1198.0</ele>
      </trkpt>
      <trkpt lat="37.13896" lon="-3.40377">
        <ele>1197.8</ele>
      </trkpt>
      <trkpt lat="37.13899" lon="-3.40382">
        <ele>1197.2</ele>
      </trkpt>
      <trkpt lat="37.13903" lon="-3.40395">
        <ele>1197.8</ele>
      </trkpt>
      <trkpt lat="37.13907" lon="-3.40402">
        <ele>1197.1</ele>
      </trkpt>
      <trkpt lat="37.13911" lon="-3.40411">
        <ele>1196.8</ele>
      </trkpt>
      <trkpt lat="37.13914" lon="-3.40416">
        <ele>1196.3</ele>
      </trkpt>
      <trkpt lat="37.13916" lon="-3.40421">
        <ele>1195.6</ele>
      </trkpt>
      <trkpt lat="37.13921" lon="-3.40431">
        <ele>1193.4</ele>
      </trkpt>
      <trkpt lat="37.13923" lon="-3.40434">
        <ele>1192.5</ele>
      </trkpt>
      <trkpt lat="37.13923" lon="-3.40435">
        <ele>1192.6</ele>
      </trkpt>
      <trkpt lat="37.13924" lon="-3.4044">
        <ele>1192.3</ele>
      </trkpt>
      <trkpt lat="37.13925" lon="-3.4045">
        <ele>1192.4</ele>
      </trkpt>
      <trkpt lat="37.13923" lon="-3.40455">
        <ele>1193.7</ele>
      </trkpt>
      <trkpt lat="37.13923" lon="-3.40457">
        <ele>1193.8</ele>
      </trkpt>
      <trkpt lat="37.13923" lon="-3.40458">
        <ele>1193.8</ele>
      </trkpt>
      <trkpt lat="37.13921" lon="-3.40463">
        <ele>1195.1</ele>
      </trkpt>
      <trkpt lat="37.13919" lon="-3.40468">
        <ele>1196.3</ele>
      </trkpt>
      <trkpt lat="37.13917" lon="-3.40472">
        <ele>1197.5</ele>
      </trkpt>
      <trkpt lat="37.13914" lon="-3.40477">
        <ele>1199.2</ele>
      </trkpt>
      <trkpt lat="37.13913" lon="-3.40478">
        <ele>1199.7</ele>
      </trkpt>
      <trkpt lat="37.13911" lon="-3.4048">
        <ele>1200.8</ele>
      </trkpt>
      <trkpt lat="37.13907" lon="-3.40485">
        <ele>1202.9</ele>
      </trkpt>
      <trkpt lat="37.13899" lon="-3.40489">
        <ele>1206.9</ele>
      </trkpt>
      <trkpt lat="37.13893" lon="-3.4049">
        <ele>1209.8</ele>
      </trkpt>
      <trkpt lat="37.13888" lon="-3.40492">
        <ele>1212.2</ele>
      </trkpt>
      <trkpt lat="37.13883" lon="-3.40494">
        <ele>1214.6</ele>
      </trkpt>
      <trkpt lat="37.13882" lon="-3.40494">
        <ele>1215.1</ele>
      </trkpt>
      <trkpt lat="37.1388" lon="-3.40494">
        <ele>1216.1</ele>
      </trkpt>
      <trkpt lat="37.13876" lon="-3.40496">
        <ele>1218.0</ele>
      </trkpt>
      <trkpt lat="37.13873" lon="-3.40499">
        <ele>1219.4</ele>
      </trkpt>
      <trkpt lat="37.13871" lon="-3.405">
        <ele>1220.4</ele>
      </trkpt>
      <trkpt lat="37.13869" lon="-3.40503">
        <ele>1221.2</ele>
      </trkpt>
      <trkpt lat="37.13869" lon="-3.40506">
        <ele>1221.1</ele>
      </trkpt>
      <trkpt lat="37.13869" lon="-3.40507">
        <ele>1221.1</ele>
      </trkpt>
      <trkpt lat="37.13869" lon="-3.40513">
        <ele>1220.9</ele>
      </trkpt>
      <trkpt lat="37.13869" lon="-3.40516">
        <ele>1220.8</ele>
      </trkpt>
      <trkpt lat="37.13869" lon="-3.40523">
        <ele>1220.6</ele>
      </trkpt>
      <trkpt lat="37.1387" lon="-3.4053">
        <ele>1219.8</ele>
      </trkpt>
      <trkpt lat="37.1387" lon="-3.40532">
        <ele>1219.8</ele>
      </trkpt>
      <trkpt lat="37.13871" lon="-3.40537">
        <ele>1219.1</ele>
      </trkpt>
      <trkpt lat="37.13871" lon="-3.4054">
        <ele>1219.0</ele>
      </trkpt>
      <trkpt lat="37.13873" lon="-3.40549">
        <ele>1217.7</ele>
      </trkpt>
      <trkpt lat="37.13872" lon="-3.40551">
        <ele>1218.2</ele>
      </trkpt>
      <trkpt lat="37.13871" lon="-3.40553">
        <ele>1218.6</ele>
      </trkpt>
      <trkpt lat="37.13866" lon="-3.40558">
        <ele>1220.9</ele>
      </trkpt>
      <trkpt lat="37.13862" lon="-3.40561">
        <ele>1222.8</ele>
      </trkpt>
      <trkpt lat="37.13857" lon="-3.40563">
        <ele>1225.3</ele>
      </trkpt>
      <trkpt lat="37.13855" lon="-3.40564">
        <ele>1226.3</ele>
      </trkpt>
      <trkpt lat="37.13852" lon="-3.40566">
        <ele>1227.8</ele>
      </trkpt>
      <trkpt lat="37.1385" lon="-3.40569">
        <ele>1228.7</ele>
      </trkpt>
      <trkpt lat="37.1385" lon="-3.40575">
        <ele>1228.6</ele>
      </trkpt>
      <trkpt lat="37.1385" lon="-3.4058">
        <ele>1228.5</ele>
      </trkpt>
      <trkpt lat="37.13849" lon="-3.40582">
        <ele>1228.9</ele>
      </trkpt>
      <trkpt lat="37.13849" lon="-3.40585">
        <ele>1229.0</ele>
      </trkpt>
      <trkpt lat="37.13848" lon="-3.40588">
        <ele>1229.7</ele>
      </trkpt>
      <trkpt lat="37.13847" lon="-3.40591">
        <ele>1230.5</ele>
      </trkpt>
      <trkpt lat="37.13846" lon="-3.40594">
        <ele>1231.2</ele>
      </trkpt>
      <trkpt lat="37.13845" lon="-3.40595">
        <ele>1231.8</ele>
      </trkpt>
      <trkpt lat="37.13841" lon="-3.40594">
        <ele>1233.8</ele>
      </trkpt>
      <trkpt lat="37.13841" lon="-3.40593">
        <ele>1233.7</ele>
      </trkpt>
      <trkpt lat="37.13839" lon="-3.40587">
        <ele>1234.3</ele>
      </trkpt>
      <trkpt lat="37.13839" lon="-3.40582">
        <ele>1234.1</ele>
      </trkpt>
      <trkpt lat="37.13837" lon="-3.40572">
        <ele>1235.3</ele>
      </trkpt>
      <trkpt lat="37.13837" lon="-3.40571">
        <ele>1235.3</ele>
      </trkpt>
      <trkpt lat="37.13836" lon="-3.40569">
        <ele>1235.8</ele>
      </trkpt>
      <trkpt lat="37.13835" lon="-3.40565">
        <ele>1236.4</ele>
      </trkpt>
      <trkpt lat="37.13834" lon="-3.40557">
        <ele>1237.0</ele>
      </trkpt>
      <trkpt lat="37.13833" lon="-3.40549">
        <ele>1237.6</ele>
      </trkpt>
      <trkpt lat="37.13833" lon="-3.40545">
        <ele>1237.6</ele>
      </trkpt>
      <trkpt lat="37.13831" lon="-3.40531">
        <ele>1238.9</ele>
      </trkpt>
      <trkpt lat="37.1383" lon="-3.40526">
        <ele>1239.6</ele>
      </trkpt>
      <trkpt lat="37.13829" lon="-3.40522">
        <ele>1240.2</ele>
      </trkpt>
      <trkpt lat="37.13829" lon="-3.40517">
        <ele>1240.3</ele>
      </trkpt>
      <trkpt lat="37.13828" lon="-3.40509">
        <ele>1241.0</ele>
      </trkpt>
      <trkpt lat="37.13827" lon="-3.40502">
        <ele>1241.7</ele>
      </trkpt>
      <trkpt lat="37.13827" lon="-3.40498">
        <ele>1241.8</ele>
      </trkpt>
      <trkpt lat="37.13828" lon="-3.40491">
        <ele>1241.4</ele>
      </trkpt>
      <trkpt lat="37.13828" lon="-3.40489">
        <ele>1241.4</ele>
      </trkpt>
      <trkpt lat="37.13829" lon="-3.40485">
        <ele>1240.9</ele>
      </trkpt>
      <trkpt lat="37.1383" lon="-3.40482">
        <ele>1240.4</ele>
      </trkpt>
      <trkpt lat="37.1383" lon="-3.40479">
        <ele>1240.5</ele>
      </trkpt>
      <trkpt lat="37.13832" lon="-3.40472">
        <ele>1239.5</ele>
      </trkpt>
      <trkpt lat="37.13832" lon="-3.4047">
        <ele>1239.5</ele>
      </trkpt>
      <trkpt lat="37.13833" lon="-3.4046">
        <ele>1239.2</ele>
      </trkpt>
      <trkpt lat="37.13833" lon="-3.40449">
        <ele>1239.4</ele>
      </trkpt>
      <trkpt lat="37.13832" lon="-3.40442">
        <ele>1240.2</ele>
      </trkpt>
      <trkpt lat="37.13832" lon="-3.40437">
        <ele>1240.3</ele>
      </trkpt>
      <trkpt lat="37.13831" lon="-3.40431">
        <ele>1241.0</ele>
      </trkpt>
      <trkpt lat="37.13831" lon="-3.40426">
        <ele>1241.2</ele>
      </trkpt>
      <trkpt lat="37.1383" lon="-3.40421">
        <ele>1241.9</ele>
      </trkpt>
      <trkpt lat="37.13828" lon="-3.40418">
        <ele>1243.2</ele>
      </trkpt>
      <trkpt lat="37.13828" lon="-3.40416">
        <ele>1243.1</ele>
      </trkpt>
      <trkpt lat="37.13827" lon="-3.40414">
        <ele>1243.3</ele>
      </trkpt>
      <trkpt lat="37.13826" lon="-3.4041">
        <ele>1243.1</ele>
      </trkpt>
      <trkpt lat="37.13824" lon="-3.40406">
        <ele>1243.5</ele>
      </trkpt>
      <trkpt lat="37.13823" lon="-3.40403">
        <ele>1243.6</ele>
      </trkpt>
      <trkpt lat="37.1382" lon="-3.40398">
        <ele>1244.4</ele>
      </trkpt>
      <trkpt lat="37.13819" lon="-3.40396">
        <ele>1244.6</ele>
      </trkpt>
      <trkpt lat="37.13815" lon="-3.40391">
        <ele>1246.1</ele>
      </trkpt>
      <trkpt lat="37.1381" lon="-3.40387">
        <ele>1248.3</ele>
      </trkpt>
      <trkpt lat="37.13806" lon="-3.40381">
        <ele>1249.5</ele>
      </trkpt>
      <trkpt lat="37.138" lon="-3.40377">
        <ele>1252.4</ele>
      </trkpt>
      <trkpt lat="37.13796" lon="-3.40373">
        <ele>1254.0</ele>
      </trkpt>
      <trkpt lat="37.13792" lon="-3.40368">
        <ele>1255.4</ele>
      </trkpt>
      <trkpt lat="37.13785" lon="-3.40361">
        <ele>1258.3</ele>
      </trkpt>
      <trkpt lat="37.1378" lon="-3.40351">
        <ele>1259.4</ele>
      </trkpt>
      <trkpt lat="37.13774" lon="-3.4034">
        <ele>1260.9</ele>
      </trkpt>
      <trkpt lat="37.13773" lon="-3.40339">
        <ele>1261.3</ele>
      </trkpt>
      <trkpt lat="37.13773" lon="-3.40339">
        <ele>1261.3</ele>
      </trkpt>
      <trkpt lat="37.13768" lon="-3.40329">
        <ele>1262.0</ele>
      </trkpt>
      <trkpt lat="37.13762" lon="-3.40319">
        <ele>1262.8</ele>
      </trkpt>
      <trkpt lat="37.13759" lon="-3.40312">
        <ele>1262.7</ele>
      </trkpt>
      <trkpt lat="37.13757" lon="-3.40306">
        <ele>1262.2</ele>
      </trkpt>
      <trkpt lat="37.13749" lon="-3.4029">
        <ele>1262.6</ele>
      </trkpt>
      <trkpt lat="37.13748" lon="-3.40284">
        <ele>1261.6</ele>
      </trkpt>
      <trkpt lat="37.13745" lon="-3.40278">
        <ele>1261.8</ele>
      </trkpt>
      <trkpt lat="37.13743" lon="-3.40275">
        <ele>1262.2</ele>
      </trkpt>
      <trkpt lat="37.13742" lon="-3.40272">
        <ele>1262.0</ele>
      </trkpt>
      <trkpt lat="37.13742" lon="-3.40271">
        <ele>1261.7</ele>
      </trkpt>
      <trkpt lat="37.13741" lon="-3.40269">
        <ele>1261.8</ele>
      </trkpt>
      <trkpt lat="37.1374" lon="-3.40265">
        <ele>1261.3</ele>
      </trkpt>
      <trkpt lat="37.13739" lon="-3.40263">
        <ele>1261.4</ele>
      </trkpt>
      <trkpt lat="37.13737" lon="-3.40259">
        <ele>1261.5</ele>
      </trkpt>
      <trkpt lat="37.13734" lon="-3.40254">
        <ele>1262.0</ele>
      </trkpt>
      <trkpt lat="37.13731" lon="-3.4025">
        <ele>1262.8</ele>
      </trkpt>
      <trkpt lat="37.13728" lon="-3.40246">
        <ele>1263.2</ele>
      </trkpt>
      <trkpt lat="37.13723" lon="-3.40242">
        <ele>1264.7</ele>
      </trkpt>
      <trkpt lat="37.13719" lon="-3.40239">
        <ele>1265.9</ele>
      </trkpt>
      <trkpt lat="37.13717" lon="-3.40238">
        <ele>1266.8</ele>
      </trkpt>
      <trkpt lat="37.13712" lon="-3.40234">
        <ele>1268.2</ele>
      </trkpt>
      <trkpt lat="37.13709" lon="-3.40231">
        <ele>1268.7</ele>
      </trkpt>
      <trkpt lat="37.13706" lon="-3.40229">
        <ele>1269.7</ele>
      </trkpt>
      <trkpt lat="37.13704" lon="-3.40227">
        <ele>1270.0</ele>
      </trkpt>
      <trkpt lat="37.13702" lon="-3.40225">
        <ele>1270.4</ele>
      </trkpt>
      <trkpt lat="37.13698" lon="-3.40221">
        <ele>1271.0</ele>
      </trkpt>
      <trkpt lat="37.13693" lon="-3.40218">
        <ele>1272.7</ele>
      </trkpt>
      <trkpt lat="37.13688" lon="-3.40216">
        <ele>1274.7</ele>
      </trkpt>
      <trkpt lat="37.13684" lon="-3.40213">
        <ele>1275.7</ele>
      </trkpt>
      <trkpt lat="37.13679" lon="-3.40208">
        <ele>1276.3</ele>
      </trkpt>
      <trkpt lat="37.13675" lon="-3.40204">
        <ele>1276.8</ele>
      </trkpt>
      <trkpt lat="37.13673" lon="-3.40203">
        <ele>1277.4</ele>
      </trkpt>
      <trkpt lat="37.13667" lon="-3.40199">
        <ele>1278.9</ele>
      </trkpt>
      <trkpt lat="37.13659" lon="-3.40192">
        <ele>1279.1</ele>
      </trkpt>
      <trkpt lat="37.13658" lon="-3.40191">
        <ele>1279.1</ele>
      </trkpt>
      <trkpt lat="37.13652" lon="-3.40188">
        <ele>1280.2</ele>
      </trkpt>
      <trkpt lat="37.13643" lon="-3.40184">
        <ele>1282.2</ele>
      </trkpt>
      <trkpt lat="37.1364" lon="-3.40183">
        <ele>1283.0</ele>
      </trkpt>
      <trkpt lat="37.13633" lon="-3.4018">
        <ele>1284.5</ele>
      </trkpt>
      <trkpt lat="37.13625" lon="-3.40178">
        <ele>1286.9</ele>
      </trkpt>
      <trkpt lat="37.13624" lon="-3.40177">
        <ele>1286.9</ele>
      </trkpt>
      <trkpt lat="37.13617" lon="-3.40175">
        <ele>1288.9</ele>
      </trkpt>
      <trkpt lat="37.13612" lon="-3.40175">
        <ele>1291.0</ele>
      </trkpt>
      <trkpt lat="37.13608" lon="-3.40174">
        <ele>1292.2</ele>
      </trkpt>
      <trkpt lat="37.13604" lon="-3.40173">
        <ele>1293.4</ele>
      </trkpt>
      <trkpt lat="37.136" lon="-3.40173">
        <ele>1295.1</ele>
      </trkpt>
      <trkpt lat="37.13597" lon="-3.40172">
        <ele>1295.9</ele>
      </trkpt>
      <trkpt lat="37.13593" lon="-3.40172">
        <ele>1297.5</ele>
      </trkpt>
      <trkpt lat="37.13588" lon="-3.40173">
        <ele>1300.1</ele>
      </trkpt>
      <trkpt lat="37.13585" lon="-3.40173">
        <ele>1301.4</ele>
      </trkpt>
      <trkpt lat="37.13582" lon="-3.40174">
        <ele>1303.0</ele>
      </trkpt>
      <trkpt lat="37.13577" lon="-3.40174">
        <ele>1304.6</ele>
      </trkpt>
      <trkpt lat="37.13572" lon="-3.40175">
        <ele>1306.7</ele>
      </trkpt>
      <trkpt lat="37.1357" lon="-3.40176">
        <ele>1307.8</ele>
      </trkpt>
      <trkpt lat="37.13568" lon="-3.40177">
        <ele>1308.9</ele>
      </trkpt>
      <trkpt lat="37.13565" lon="-3.40178">
        <ele>1310.3</ele>
      </trkpt>
      <trkpt lat="37.13562" lon="-3.40178">
        <ele>1311.3</ele>
      </trkpt>
      <trkpt lat="37.13558" lon="-3.40178">
        <ele>1312.5</ele>
      </trkpt>
      <trkpt lat="37.13553" lon="-3.40177">
        <ele>1313.6</ele>
      </trkpt>
      <trkpt lat="37.13547" lon="-3.40176">
        <ele>1315.1</ele>
      </trkpt>
      <trkpt lat="37.13542" lon="-3.40171">
        <ele>1314.7</ele>
      </trkpt>
      <trkpt lat="37.13537" lon="-3.40167">
        <ele>1314.7</ele>
      </trkpt>
      <trkpt lat="37.13537" lon="-3.40166">
        <ele>1314.3</ele>
      </trkpt>
      <trkpt lat="37.13534" lon="-3.40162">
        <ele>1313.8</ele>
      </trkpt>
      <trkpt lat="37.1353" lon="-3.40154">
        <ele>1312.3</ele>
      </trkpt>
      <trkpt lat="37.13526" lon="-3.40149">
        <ele>1311.9</ele>
      </trkpt>
      <trkpt lat="37.13523" lon="-3.40143">
        <ele>1310.9</ele>
      </trkpt>
      <trkpt lat="37.1352" lon="-3.40136">
        <ele>1309.6</ele>
      </trkpt>
      <trkpt lat="37.13517" lon="-3.4013">
        <ele>1308.7</ele>
      </trkpt>
      <trkpt lat="37.13515" lon="-3.40125">
        <ele>1307.8</ele>
      </trkpt>
      <trkpt lat="37.13514" lon="-3.40117">
        <ele>1305.5</ele>
      </trkpt>
      <trkpt lat="37.13513" lon="-3.40113">
        <ele>1304.6</ele>
      </trkpt>
      <trkpt lat="37.13513" lon="-3.40108">
        <ele>1302.9</ele>
      </trkpt>
      <trkpt lat="37.13512" lon="-3.40108">
        <ele>1303.3</ele>
      </trkpt>
      <trkpt lat="37.1351" lon="-3.40097">
        <ele>1300.6</ele>
      </trkpt>
      <trkpt lat="37.13507" lon="-3.40089">
        <ele>1299.4</ele>
      </trkpt>
      <trkpt lat="37.13504" lon="-3.40086">
        <ele>1299.9</ele>
      </trkpt>
      <trkpt lat="37.13494" lon="-3.4008">
        <ele>1301.0</ele>
      </trkpt>
      <trkpt lat="37.1349" lon="-3.40078">
        <ele>1301.1</ele>
      </trkpt>
      <trkpt lat="37.13483" lon="-3.40076">
        <ele>1301.8</ele>
      </trkpt>
      <trkpt lat="37.13476" lon="-3.40073">
        <ele>1302.2</ele>
      </trkpt>
      <trkpt lat="37.13472" lon="-3.40071">
        <ele>1302.2</ele>
      </trkpt>
      <trkpt lat="37.13468" lon="-3.40069">
        <ele>1302.3</ele>
      </trkpt>
      <trkpt lat="37.13458" lon="-3.40066">
        <ele>1303.3</ele>
      </trkpt>
      <trkpt lat="37.13455" lon="-3.40065">
        <ele>1303.5</ele>
      </trkpt>
      <trkpt lat="37.13452" lon="-3.40063">
        <ele>1303.4</ele>
      </trkpt>
      <trkpt lat="37.13442" lon="-3.4006">
        <ele>1304.3</ele>
      </trkpt>
      <trkpt lat="37.13438" lon="-3.40059">
        <ele>1304.8</ele>
      </trkpt>
      <trkpt lat="37.13437" lon="-3.40059">
        <ele>1305.0</ele>
      </trkpt>
      <trkpt lat="37.13433" lon="-3.40058">
        <ele>1305.4</ele>
      </trkpt>
      <trkpt lat="37.1343" lon="-3.40058">
        <ele>1306.1</ele>
      </trkpt>
      <trkpt lat="37.13424" lon="-3.40058">
        <ele>1307.4</ele>
      </trkpt>
      <trkpt lat="37.1342" lon="-3.40058">
        <ele>1308.3</ele>
      </trkpt>
      <trkpt lat="37.13416" lon="-3.40059">
        <ele>1309.6</ele>
      </trkpt>
      <trkpt lat="37.13411" lon="-3.40062">
        <ele>1311.6</ele>
      </trkpt>
      <trkpt lat="37.13404" lon="-3.40068">
        <ele>1314.9</ele>
      </trkpt>
      <trkpt lat="37.13402" lon="-3.40069">
        <ele>1315.5</ele>
      </trkpt>
      <trkpt lat="37.13393" lon="-3.40076">
        <ele>1319.1</ele>
      </trkpt>
      <trkpt lat="37.13388" lon="-3.40079">
        <ele>1320.6</ele>
      </trkpt>
      <trkpt lat="37.13381" lon="-3.40083">
        <ele>1322.5</ele>
      </trkpt>
      <trkpt lat="37.13372" lon="-3.40087">
        <ele>1324.2</ele>
      </trkpt>
      <trkpt lat="37.1337" lon="-3.40088">
        <ele>1324.6</ele>
      </trkpt>
      <trkpt lat="37.13355" lon="-3.40095">
        <ele>1327.8</ele>
      </trkpt>
      <trkpt lat="37.13354" lon="-3.40096">
        <ele>1328.2</ele>
      </trkpt>
      <trkpt lat="37.13345" lon="-3.40097">
        <ele>1329.3</ele>
      </trkpt>
      <trkpt lat="37.13337" lon="-3.40099">
        <ele>1330.6</ele>
      </trkpt>
      <trkpt lat="37.13329" lon="-3.40101">
        <ele>1332.6</ele>
      </trkpt>
      <trkpt lat="37.13325" lon="-3.40102">
        <ele>1334.0</ele>
      </trkpt>
      <trkpt lat="37.13319" lon="-3.40103">
        <ele>1335.8</ele>
      </trkpt>
      <trkpt lat="37.13316" lon="-3.40104">
        <ele>1336.9</ele>
      </trkpt>
      <trkpt lat="37.13314" lon="-3.40103">
        <ele>1337.1</ele>
      </trkpt>
      <trkpt lat="37.13306" lon="-3.401">
        <ele>1338.3</ele>
      </trkpt>
      <trkpt lat="37.13302" lon="-3.40098">
        <ele>1338.8</ele>
      </trkpt>
      <trkpt lat="37.13299" lon="-3.40096">
        <ele>1339.0</ele>
      </trkpt>
      <trkpt lat="37.13292" lon="-3.4009">
        <ele>1339.2</ele>
      </trkpt>
      <trkpt lat="37.13287" lon="-3.40086">
        <ele>1339.5</ele>
      </trkpt>
      <trkpt lat="37.13281" lon="-3.40081">
        <ele>1340.2</ele>
      </trkpt>
      <trkpt lat="37.13275" lon="-3.40074">
        <ele>1341.4</ele>
      </trkpt>
      <trkpt lat="37.13273" lon="-3.40072">
        <ele>1341.8</ele>
      </trkpt>
      <trkpt lat="37.13266" lon="-3.40065">
        <ele>1343.4</ele>
      </trkpt>
      <trkpt lat="37.13263" lon="-3.4006">
        <ele>1344.0</ele>
      </trkpt>
      <trkpt lat="37.13261" lon="-3.40055">
        <ele>1344.4</ele>
      </trkpt>
      <trkpt lat="37.13258" lon="-3.40047">
        <ele>1345.0</ele>
      </trkpt>
      <trkpt lat="37.13257" lon="-3.40034">
        <ele>1344.7</ele>
      </trkpt>
      <trkpt lat="37.13257" lon="-3.40032">
        <ele>1344.6</ele>
      </trkpt>
      <trkpt lat="37.13257" lon="-3.40025">
        <ele>1344.3</ele>
      </trkpt>
      <trkpt lat="37.1326" lon="-3.40018">
        <ele>1342.8</ele>
      </trkpt>
      <trkpt lat="37.13262" lon="-3.40013">
        <ele>1341.7</ele>
      </trkpt>
      <trkpt lat="37.13267" lon="-3.40003">
        <ele>1339.1</ele>
      </trkpt>
      <trkpt lat="37.13271" lon="-3.39994">
        <ele>1337.5</ele>
      </trkpt>
      <trkpt lat="37.13271" lon="-3.39993">
        <ele>1337.6</ele>
      </trkpt>
      <trkpt lat="37.13276" lon="-3.3998">
        <ele>1336.1</ele>
      </trkpt>
      <trkpt lat="37.13278" lon="-3.39972">
        <ele>1335.7</ele>
      </trkpt>
      <trkpt lat="37.13279" lon="-3.39969">
        <ele>1335.4</ele>
      </trkpt>
      <trkpt lat="37.13281" lon="-3.39958">
        <ele>1335.1</ele>
      </trkpt>
      <trkpt lat="37.13282" lon="-3.39951">
        <ele>1335.0</ele>
      </trkpt>
      <trkpt lat="37.13283" lon="-3.39945">
        <ele>1334.8</ele>
      </trkpt>
      <trkpt lat="37.13283" lon="-3.39936">
        <ele>1335.2</ele>
      </trkpt>
      <trkpt lat="37.13283" lon="-3.39928">
        <ele>1335.6</ele>
      </trkpt>
      <trkpt lat="37.13283" lon="-3.39919">
        <ele>1336.0</ele>
      </trkpt>
      <trkpt lat="37.13282" lon="-3.39912">
        <ele>1336.5</ele>
      </trkpt>
      <trkpt lat="37.13283" lon="-3.39907">
        <ele>1335.9</ele>
      </trkpt>
      <trkpt lat="37.13283" lon="-3.39905">
        <ele>1335.8</ele>
      </trkpt>
      <trkpt lat="37.13283" lon="-3.39895">
        <ele>1335.5</ele>
      </trkpt>
      <trkpt lat="37.13283" lon="-3.39892">
        <ele>1335.4</ele>
      </trkpt>
      <trkpt lat="37.13283" lon="-3.39883">
        <ele>1335.1</ele>
      </trkpt>
      <trkpt lat="37.13283" lon="-3.39877">
        <ele>1334.9</ele>
      </trkpt>
      <trkpt lat="37.13283" lon="-3.39877">
        <ele>1334.9</ele>
      </trkpt>
      <trkpt lat="37.13279" lon="-3.39887">
        <ele>1337.3</ele>
      </trkpt>
      <trkpt lat="37.13274" lon="-3.39894">
        <ele>1340.0</ele>
      </trkpt>
      <trkpt lat="37.13273" lon="-3.39896">
        <ele>1340.6</ele>
      </trkpt>
      <trkpt lat="37.13269" lon="-3.39902">
        <ele>1342.7</ele>
      </trkpt>
      <trkpt lat="37.13267" lon="-3.39903">
        <ele>1343.7</ele>
      </trkpt>
      <trkpt lat="37.13266" lon="-3.39904">
        <ele>1344.2</ele>
      </trkpt>
      <trkpt lat="37.13264" lon="-3.39904">
        <ele>1345.2</ele>
      </trkpt>
      <trkpt lat="37.13263" lon="-3.39905">
        <ele>1345.7</ele>
      </trkpt>
      <trkpt lat="37.13262" lon="-3.39905">
        <ele>1346.2</ele>
      </trkpt>
      <trkpt lat="37.13259" lon="-3.39907">
        <ele>1347.7</ele>
      </trkpt>
      <trkpt lat="37.13259" lon="-3.39908">
        <ele>1347.7</ele>
      </trkpt>
      <trkpt lat="37.13258" lon="-3.39909">
        <ele>1348.2</ele>
      </trkpt>
      <trkpt lat="37.13254" lon="-3.39917">
        <ele>1350.1</ele>
      </trkpt>
      <trkpt lat="37.13249" lon="-3.39928">
        <ele>1351.5</ele>
      </trkpt>
      <trkpt lat="37.13247" lon="-3.39934">
        <ele>1351.8</ele>
      </trkpt>
      <trkpt lat="37.13244" lon="-3.39939">
        <ele>1352.5</ele>
      </trkpt>
      <trkpt lat="37.1324" lon="-3.39948">
        <ele>1353.3</ele>
      </trkpt>
      <trkpt lat="37.1324" lon="-3.39949">
        <ele>1353.3</ele>
      </trkpt>
      <trkpt lat="37.13235" lon="-3.39957">
        <ele>1354.5</ele>
      </trkpt>
      <trkpt lat="37.1323" lon="-3.39966">
        <ele>1355.6</ele>
      </trkpt>
      <trkpt lat="37.13229" lon="-3.39967">
        <ele>1355.9</ele>
      </trkpt>
      <trkpt lat="37.13225" lon="-3.39977">
        <ele>1356.7</ele>
      </trkpt>
      <trkpt lat="37.13221" lon="-3.39986">
        <ele>1357.4</ele>
      </trkpt>
      <trkpt lat="37.13217" lon="-3.39994">
        <ele>1358.3</ele>
      </trkpt>
      <trkpt lat="37.1321" lon="-3.40003">
        <ele>1360.4</ele>
      </trkpt>
      <trkpt lat="37.13205" lon="-3.40009">
        <ele>1362.2</ele>
      </trkpt>
      <trkpt lat="37.13202" lon="-3.40019">
        <ele>1363.2</ele>
      </trkpt>
      <trkpt lat="37.13201" lon="-3.40022">
        <ele>1363.5</ele>
      </trkpt>
      <trkpt lat="37.13197" lon="-3.4003">
        <ele>1364.8</ele>
      </trkpt>
      <trkpt lat="37.13193" lon="-3.40037">
        <ele>1366.0</ele>
      </trkpt>
      <trkpt lat="37.1319" lon="-3.40041">
        <ele>1366.9</ele>
      </trkpt>
      <trkpt lat="37.13189" lon="-3.40043">
        <ele>1367.2</ele>
      </trkpt>
      <trkpt lat="37.13181" lon="-3.40051">
        <ele>1369.6</ele>
      </trkpt>
      <trkpt lat="37.13176" lon="-3.40055">
        <ele>1371.1</ele>
      </trkpt>
      <trkpt lat="37.13175" lon="-3.40056">
        <ele>1371.4</ele>
      </trkpt>
      <trkpt lat="37.13169" lon="-3.40061">
        <ele>1373.1</ele>
      </trkpt>
      <trkpt lat="37.13167" lon="-3.40063">
        <ele>1373.6</ele>
      </trkpt>
      <trkpt lat="37.13161" lon="-3.40068">
        <ele>1375.6</ele>
      </trkpt>
      <trkpt lat="37.13157" lon="-3.40078">
        <ele>1376.8</ele>
      </trkpt>
      <trkpt lat="37.13153" lon="-3.40084">
        <ele>1378.4</ele>
      </trkpt>
      <trkpt lat="37.13151" lon="-3.40086">
        <ele>1379.5</ele>
      </trkpt>
      <trkpt lat="37.13151" lon="-3.40087">
        <ele>1379.6</ele>
      </trkpt>
      <trkpt lat="37.1315" lon="-3.40091">
        <ele>1380.7</ele>
      </trkpt>
      <trkpt lat="37.1315" lon="-3.40093">
        <ele>1381.1</ele>
      </trkpt>
      <trkpt lat="37.1315" lon="-3.40095">
        <ele>1381.4</ele>
      </trkpt>
      <trkpt lat="37.13154" lon="-3.401">
        <ele>1380.6</ele>
      </trkpt>
      <trkpt lat="37.13157" lon="-3.40104">
        <ele>1380.0</ele>
      </trkpt>
      <trkpt lat="37.13157" lon="-3.40105">
        <ele>1380.2</ele>
      </trkpt>
      <trkpt lat="37.13164" lon="-3.40111">
        <ele>1378.1</ele>
      </trkpt>
      <trkpt lat="37.13171" lon="-3.40118">
        <ele>1376.9</ele>
      </trkpt>
      <trkpt lat="37.13171" lon="-3.40119">
        <ele>1377.1</ele>
      </trkpt>
      <trkpt lat="37.13176" lon="-3.40123">
        <ele>1376.4</ele>
      </trkpt>
      <trkpt lat="37.1318" lon="-3.40131">
        <ele>1376.8</ele>
      </trkpt>
      <trkpt lat="37.13182" lon="-3.40135">
        <ele>1376.9</ele>
      </trkpt>
      <trkpt lat="37.13183" lon="-3.40136">
        <ele>1376.9</ele>
      </trkpt>
      <trkpt lat="37.13188" lon="-3.40145">
        <ele>1377.2</ele>
      </trkpt>
      <trkpt lat="37.13191" lon="-3.40153">
        <ele>1378.0</ele>
      </trkpt>
      <trkpt lat="37.13192" lon="-3.40155">
        <ele>1378.1</ele>
      </trkpt>
      <trkpt lat="37.13194" lon="-3.4016">
        <ele>1378.6</ele>
      </trkpt>
      <trkpt lat="37.13196" lon="-3.40168">
        <ele>1379.7</ele>
      </trkpt>
      <trkpt lat="37.13199" lon="-3.40174">
        <ele>1380.7</ele>
      </trkpt>
      <trkpt lat="37.13199" lon="-3.40176">
        <ele>1381.3</ele>
      </trkpt>
      <trkpt lat="37.13201" lon="-3.40179">
        <ele>1381.7</ele>
      </trkpt>
      <trkpt lat="37.13204" lon="-3.40185">
        <ele>1382.7</ele>
      </trkpt>
      <trkpt lat="37.13208" lon="-3.40192">
        <ele>1383.7</ele>
      </trkpt>
      <trkpt lat="37.13212" lon="-3.40197">
        <ele>1384.3</ele>
      </trkpt>
      <trkpt lat="37.13216" lon="-3.40202">
        <ele>1384.9</ele>
      </trkpt>
      <trkpt lat="37.1322" lon="-3.40207">
        <ele>1385.4</ele>
      </trkpt>
      <trkpt lat="37.13222" lon="-3.40208">
        <ele>1385.3</ele>
      </trkpt>
      <trkpt lat="37.13223" lon="-3.40209">
        <ele>1385.4</ele>
      </trkpt>
      <trkpt lat="37.13227" lon="-3.40211">
        <ele>1385.1</ele>
      </trkpt>
      <trkpt lat="37.13231" lon="-3.40214">
        <ele>1385.1</ele>
      </trkpt>
      <trkpt lat="37.13235" lon="-3.40215">
        <ele>1384.6</ele>
      </trkpt>
      <trkpt lat="37.13237" lon="-3.40217">
        <ele>1384.8</ele>
      </trkpt>
      <trkpt lat="37.13239" lon="-3.40219">
        <ele>1384.9</ele>
      </trkpt>
      <trkpt lat="37.13243" lon="-3.40221">
        <ele>1384.7</ele>
      </trkpt>
      <trkpt lat="37.13248" lon="-3.40225">
        <ele>1384.8</ele>
      </trkpt>
      <trkpt lat="37.13252" lon="-3.40228">
        <ele>1384.9</ele>
      </trkpt>
      <trkpt lat="37.13254" lon="-3.4023">
        <ele>1385.1</ele>
      </trkpt>
      <trkpt lat="37.13255" lon="-3.4023">
        <ele>1385.0</ele>
      </trkpt>
      <trkpt lat="37.13256" lon="-3.40231">
        <ele>1385.1</ele>
      </trkpt>
      <trkpt lat="37.13258" lon="-3.40233">
        <ele>1385.3</ele>
      </trkpt>
      <trkpt lat="37.13262" lon="-3.40237">
        <ele>1385.8</ele>
      </trkpt>
      <trkpt lat="37.13266" lon="-3.40241">
        <ele>1386.4</ele>
      </trkpt>
      <trkpt lat="37.1327" lon="-3.40244">
        <ele>1386.7</ele>
      </trkpt>
      <trkpt lat="37.13274" lon="-3.40247">
        <ele>1387.0</ele>
      </trkpt>
      <trkpt lat="37.13278" lon="-3.40249">
        <ele>1387.0</ele>
      </trkpt>
      <trkpt lat="37.13282" lon="-3.40251">
        <ele>1387.1</ele>
      </trkpt>
      <trkpt lat="37.13285" lon="-3.40253">
        <ele>1387.3</ele>
      </trkpt>
      <trkpt lat="37.13286" lon="-3.40253">
        <ele>1387.2</ele>
      </trkpt>
      <trkpt lat="37.13289" lon="-3.40254">
        <ele>1387.1</ele>
      </trkpt>
      <trkpt lat="37.13293" lon="-3.40254">
        <ele>1386.6</ele>
      </trkpt>
      <trkpt lat="37.13297" lon="-3.40255">
        <ele>1386.4</ele>
      </trkpt>
      <trkpt lat="37.13302" lon="-3.40257">
        <ele>1386.4</ele>
      </trkpt>
      <trkpt lat="37.13303" lon="-3.40257">
        <ele>1386.3</ele>
      </trkpt>
      <trkpt lat="37.13306" lon="-3.40257">
        <ele>1385.9</ele>
      </trkpt>
      <trkpt lat="37.13312" lon="-3.40257">
        <ele>1385.1</ele>
      </trkpt>
      <trkpt lat="37.13317" lon="-3.40258">
        <ele>1384.7</ele>
      </trkpt>
      <trkpt lat="37.1332" lon="-3.40259">
        <ele>1384.7</ele>
      </trkpt>
      <trkpt lat="37.13321" lon="-3.40259">
        <ele>1384.5</ele>
      </trkpt>
      <trkpt lat="37.13323" lon="-3.40261">
        <ele>1384.9</ele>
      </trkpt>
      <trkpt lat="37.13326" lon="-3.40264">
        <ele>1385.5</ele>
      </trkpt>
      <trkpt lat="37.1333" lon="-3.40268">
        <ele>1386.3</ele>
      </trkpt>
      <trkpt lat="37.13333" lon="-3.4027">
        <ele>1386.5</ele>
      </trkpt>
      <trkpt lat="37.13336" lon="-3.40271">
        <ele>1386.5</ele>
      </trkpt>
      <trkpt lat="37.13342" lon="-3.40274">
        <ele>1386.7</ele>
      </trkpt>
      <trkpt lat="37.13344" lon="-3.40275">
        <ele>1386.7</ele>
      </trkpt>
      <trkpt lat="37.13348" lon="-3.40276">
        <ele>1386.6</ele>
      </trkpt>
      <trkpt lat="37.13351" lon="-3.40277">
        <ele>1386.5</ele>
      </trkpt>
      <trkpt lat="37.13352" lon="-3.40277">
        <ele>1386.4</ele>
      </trkpt>
      <trkpt lat="37.13353" lon="-3.40278">
        <ele>1386.6</ele>
      </trkpt>
      <trkpt lat="37.13354" lon="-3.40278">
        <ele>1386.4</ele>
      </trkpt>
      <trkpt lat="37.1336" lon="-3.40285">
        <ele>1387.9</ele>
      </trkpt>
      <trkpt lat="37.13365" lon="-3.40291">
        <ele>1389.1</ele>
      </trkpt>
      <trkpt lat="37.13366" lon="-3.40293">
        <ele>1389.6</ele>
      </trkpt>
      <trkpt lat="37.13369" lon="-3.40298">
        <ele>1390.8</ele>
      </trkpt>
      <trkpt lat="37.13373" lon="-3.40303">
        <ele>1391.8</ele>
      </trkpt>
      <trkpt lat="37.13376" lon="-3.40308">
        <ele>1393.0</ele>
      </trkpt>
      <trkpt lat="37.13377" lon="-3.4031">
        <ele>1393.4</ele>
      </trkpt>
      <trkpt lat="37.13379" lon="-3.40313">
        <ele>1394.1</ele>
      </trkpt>
      <trkpt lat="37.13383" lon="-3.40317">
        <ele>1394.8</ele>
      </trkpt>
      <trkpt lat="37.13389" lon="-3.40323">
        <ele>1395.8</ele>
      </trkpt>
      <trkpt lat="37.13391" lon="-3.40325">
        <ele>1396.1</ele>
      </trkpt>
      <trkpt lat="37.13392" lon="-3.40325">
        <ele>1396.0</ele>
      </trkpt>
      <trkpt lat="37.13394" lon="-3.40326">
        <ele>1396.0</ele>
      </trkpt>
      <trkpt lat="37.13396" lon="-3.40327">
        <ele>1396.0</ele>
      </trkpt>
      <trkpt lat="37.13402" lon="-3.40331">
        <ele>1396.4</ele>
      </trkpt>
      <trkpt lat="37.13406" lon="-3.40332">
        <ele>1396.1</ele>
      </trkpt>
      <trkpt lat="37.13408" lon="-3.40332">
        <ele>1395.8</ele>
      </trkpt>
      <trkpt lat="37.13411" lon="-3.40332">
        <ele>1395.4</ele>
      </trkpt>
      <trkpt lat="37.13416" lon="-3.40332">
        <ele>1394.7</ele>
      </trkpt>
      <trkpt lat="37.13419" lon="-3.40332">
        <ele>1394.3</ele>
      </trkpt>
      <trkpt lat="37.13424" lon="-3.40333">
        <ele>1394.0</ele>
      </trkpt>
      <trkpt lat="37.13426" lon="-3.40333">
        <ele>1393.8</ele>
      </trkpt>
      <trkpt lat="37.1343" lon="-3.40333">
        <ele>1393.3</ele>
      </trkpt>
      <trkpt lat="37.13434" lon="-3.40333">
        <ele>1392.8</ele>
      </trkpt>
      <trkpt lat="37.13437" lon="-3.40334">
        <ele>1392.7</ele>
      </trkpt>
      <trkpt lat="37.13441" lon="-3.40335">
        <ele>1392.4</ele>
      </trkpt>
      <trkpt lat="37.13444" lon="-3.40336">
        <ele>1392.1</ele>
      </trkpt>
      <trkpt lat="37.13445" lon="-3.40336">
        <ele>1392.0</ele>
      </trkpt>
      <trkpt lat="37.13449" lon="-3.40338">
        <ele>1391.8</ele>
      </trkpt>
      <trkpt lat="37.13451" lon="-3.4034">
        <ele>1391.9</ele>
      </trkpt>
      <trkpt lat="37.13455" lon="-3.40345">
        <ele>1392.1</ele>
      </trkpt>
      <trkpt lat="37.13458" lon="-3.40348">
        <ele>1392.2</ele>
      </trkpt>
      <trkpt lat="37.13461" lon="-3.4035">
        <ele>1392.0</ele>
      </trkpt>
      <trkpt lat="37.13462" lon="-3.40351">
        <ele>1392.0</ele>
      </trkpt>
      <trkpt lat="37.13465" lon="-3.40355">
        <ele>1392.2</ele>
      </trkpt>
      <trkpt lat="37.13467" lon="-3.40358">
        <ele>1392.3</ele>
      </trkpt>
      <trkpt lat="37.13469" lon="-3.40362">
        <ele>1392.5</ele>
      </trkpt>
      <trkpt lat="37.1347" lon="-3.40364">
        <ele>1392.6</ele>
      </trkpt>
      <trkpt lat="37.1347" lon="-3.40365">
        <ele>1392.7</ele>
      </trkpt>
      <trkpt lat="37.13473" lon="-3.40369">
        <ele>1392.8</ele>
      </trkpt>
      <trkpt lat="37.13473" lon="-3.40372">
        <ele>1393.2</ele>
      </trkpt>
      <trkpt lat="37.13475" lon="-3.40376">
        <ele>1393.3</ele>
      </trkpt>
      <trkpt lat="37.13475" lon="-3.40379">
        <ele>1393.7</ele>
      </trkpt>
      <trkpt lat="37.13476" lon="-3.40382">
        <ele>1393.9</ele>
      </trkpt>
      <trkpt lat="37.13476" lon="-3.40384">
        <ele>1394.1</ele>
      </trkpt>
      <trkpt lat="37.13476" lon="-3.40386">
        <ele>1394.4</ele>
      </trkpt>
      <trkpt lat="37.13476" lon="-3.40388">
        <ele>1394.6</ele>
      </trkpt>
      <trkpt lat="37.13475" lon="-3.40389">
        <ele>1394.9</ele>
      </trkpt>
      <trkpt lat="37.13475" lon="-3.40392">
        <ele>1395.3</ele>
      </trkpt>
      <trkpt lat="37.13474" lon="-3.40396">
        <ele>1396.0</ele>
      </trkpt>
      <trkpt lat="37.13472" lon="-3.404">
        <ele>1396.9</ele>
      </trkpt>
      <trkpt lat="37.1347" lon="-3.40405">
        <ele>1398.0</ele>
      </trkpt>
      <trkpt lat="37.13469" lon="-3.40406">
        <ele>1398.3</ele>
      </trkpt>
      <trkpt lat="37.13468" lon="-3.40408">
        <ele>1398.8</ele>
      </trkpt>
      <trkpt lat="37.13467" lon="-3.4041">
        <ele>1399.2</ele>
      </trkpt>
      <trkpt lat="37.13465" lon="-3.40415">
        <ele>1400.3</ele>
      </trkpt>
      <trkpt lat="37.13463" lon="-3.40417">
        <ele>1401.0</ele>
      </trkpt>
      <trkpt lat="37.1346" lon="-3.4042">
        <ele>1401.5</ele>
      </trkpt>
      <trkpt lat="37.13457" lon="-3.40423">
        <ele>1402.0</ele>
      </trkpt>
      <trkpt lat="37.13457" lon="-3.40424">
        <ele>1401.9</ele>
      </trkpt>
      <trkpt lat="37.13453" lon="-3.40426">
        <ele>1402.7</ele>
      </trkpt>
      <trkpt lat="37.1345" lon="-3.40429">
        <ele>1403.3</ele>
      </trkpt>
      <trkpt lat="37.13448" lon="-3.4043">
        <ele>1403.7</ele>
      </trkpt>
      <trkpt lat="37.13444" lon="-3.40431">
        <ele>1404.5</ele>
      </trkpt>
      <trkpt lat="37.13439" lon="-3.40433">
        <ele>1405.6</ele>
      </trkpt>
      <trkpt lat="37.13435" lon="-3.40434">
        <ele>1406.4</ele>
      </trkpt>
      <trkpt lat="37.13431" lon="-3.40434">
        <ele>1407.3</ele>
      </trkpt>
      <trkpt lat="37.13427" lon="-3.40434">
        <ele>1408.2</ele>
      </trkpt>
      <trkpt lat="37.13423" lon="-3.40434">
        <ele>1409.2</ele>
      </trkpt>
      <trkpt lat="37.13416" lon="-3.40434">
        <ele>1410.7</ele>
      </trkpt>
      <trkpt lat="37.13413" lon="-3.40435">
        <ele>1411.4</ele>
      </trkpt>
      <trkpt lat="37.13411" lon="-3.40435">
        <ele>1411.9</ele>
      </trkpt>
      <trkpt lat="37.13406" lon="-3.40436">
        <ele>1413.1</ele>
      </trkpt>
      <trkpt lat="37.13402" lon="-3.40436">
        <ele>1414.1</ele>
      </trkpt>
      <trkpt lat="37.13399" lon="-3.40438">
        <ele>1414.8</ele>
      </trkpt>
      <trkpt lat="37.13398" lon="-3.4044">
        <ele>1415.1</ele>
      </trkpt>
      <trkpt lat="37.13397" lon="-3.40441">
        <ele>1415.4</ele>
      </trkpt>
      <trkpt lat="37.13395" lon="-3.40445">
        <ele>1416.0</ele>
      </trkpt>
      <trkpt lat="37.13394" lon="-3.40448">
        <ele>1416.3</ele>
      </trkpt>
      <trkpt lat="37.13394" lon="-3.4045">
        <ele>1416.3</ele>
      </trkpt>
      <trkpt lat="37.13392" lon="-3.40457">
        <ele>1417.1</ele>
      </trkpt>
      <trkpt lat="37.13392" lon="-3.40461">
        <ele>1417.2</ele>
      </trkpt>
      <trkpt lat="37.13392" lon="-3.40462">
        <ele>1417.2</ele>
      </trkpt>
      <trkpt lat="37.1339" lon="-3.40469">
        <ele>1418.0</ele>
      </trkpt>
      <trkpt lat="37.1339" lon="-3.40473">
        <ele>1418.1</ele>
      </trkpt>
      <trkpt lat="37.13388" lon="-3.4048">
        <ele>1419.0</ele>
      </trkpt>
      <trkpt lat="37.13387" lon="-3.40482">
        <ele>1419.4</ele>
      </trkpt>
      <trkpt lat="37.13387" lon="-3.40484">
        <ele>1419.5</ele>
      </trkpt>
      <trkpt lat="37.13385" lon="-3.40489">
        <ele>1420.3</ele>
      </trkpt>
      <trkpt lat="37.13383" lon="-3.40494">
        <ele>1421.3</ele>
      </trkpt>
      <trkpt lat="37.13381" lon="-3.40498">
        <ele>1422.2</ele>
      </trkpt>
      <trkpt lat="37.1338" lon="-3.40503">
        <ele>1422.7</ele>
      </trkpt>
      <trkpt lat="37.13379" lon="-3.40505">
        <ele>1423.2</ele>
      </trkpt>
      <trkpt lat="37.13377" lon="-3.40513">
        <ele>1424.2</ele>
      </trkpt>
      <trkpt lat="37.13377" lon="-3.40524">
        <ele>1424.6</ele>
      </trkpt>
      <trkpt lat="37.13377" lon="-3.40525">
        <ele>1424.6</ele>
      </trkpt>
      <trkpt lat="37.13377" lon="-3.4053">
        <ele>1424.8</ele>
      </trkpt>
      <trkpt lat="37.13377" lon="-3.40536">
        <ele>1425.0</ele>
      </trkpt>
      <trkpt lat="37.13377" lon="-3.4054">
        <ele>1425.1</ele>
      </trkpt>
      <trkpt lat="37.13377" lon="-3.40547">
        <ele>1425.3</ele>
      </trkpt>
      <trkpt lat="37.13377" lon="-3.40554">
        <ele>1425.6</ele>
      </trkpt>
      <trkpt lat="37.13378" lon="-3.40559">
        <ele>1425.3</ele>
      </trkpt>
      <trkpt lat="37.13378" lon="-3.40564">
        <ele>1425.5</ele>
      </trkpt>
      <trkpt lat="37.13378" lon="-3.40569">
        <ele>1425.6</ele>
      </trkpt>
      <trkpt lat="37.13378" lon="-3.4057">
        <ele>1425.7</ele>
      </trkpt>
      <trkpt lat="37.13379" lon="-3.40575">
        <ele>1425.4</ele>
      </trkpt>
      <trkpt lat="37.13379" lon="-3.40584">
        <ele>1425.7</ele>
      </trkpt>
      <trkpt lat="37.1338" lon="-3.40591">
        <ele>1426.1</ele>
      </trkpt>
      <trkpt lat="37.1338" lon="-3.40592">
        <ele>1426.2</ele>
      </trkpt>
      <trkpt lat="37.13381" lon="-3.40595">
        <ele>1426.1</ele>
      </trkpt>
      <trkpt lat="37.13382" lon="-3.40604">
        <ele>1426.8</ele>
      </trkpt>
      <trkpt lat="37.13386" lon="-3.40613">
        <ele>1426.2</ele>
      </trkpt>
      <trkpt lat="37.13389" lon="-3.40619">
        <ele>1425.7</ele>
      </trkpt>
      <trkpt lat="37.13391" lon="-3.40624">
        <ele>1425.5</ele>
      </trkpt>
      <trkpt lat="37.13394" lon="-3.40629">
        <ele>1424.9</ele>
      </trkpt>
      <trkpt lat="37.13395" lon="-3.40633">
        <ele>1425.1</ele>
      </trkpt>
      <trkpt lat="37.13396" lon="-3.40634">
        <ele>1424.8</ele>
      </trkpt>
      <trkpt lat="37.13398" lon="-3.40642">
        <ele>1425.2</ele>
      </trkpt>
      <trkpt lat="37.13398" lon="-3.40647">
        <ele>1425.9</ele>
      </trkpt>
      <trkpt lat="37.13398" lon="-3.40654">
        <ele>1426.9</ele>
      </trkpt>
      <trkpt lat="37.13398" lon="-3.40655">
        <ele>1427.0</ele>
      </trkpt>
      <trkpt lat="37.13395" lon="-3.40668">
        <ele>1429.7</ele>
      </trkpt>
      <trkpt lat="37.13394" lon="-3.40676">
        <ele>1429.5</ele>
      </trkpt>
      <trkpt lat="37.13392" lon="-3.40681">
        <ele>1429.9</ele>
      </trkpt>
      <trkpt lat="37.13388" lon="-3.4069">
        <ele>1430.6</ele>
      </trkpt>
      <trkpt lat="37.13386" lon="-3.40696">
        <ele>1430.9</ele>
      </trkpt>
      <trkpt lat="37.13385" lon="-3.40698">
        <ele>1431.1</ele>
      </trkpt>
      <trkpt lat="37.1338" lon="-3.4071">
        <ele>1431.9</ele>
      </trkpt>
      <trkpt lat="37.13375" lon="-3.40721">
        <ele>1432.8</ele>
      </trkpt>
      <trkpt lat="37.1337" lon="-3.4073">
        <ele>1433.7</ele>
      </trkpt>
      <trkpt lat="37.13365" lon="-3.40739">
        <ele>1434.6</ele>
      </trkpt>
      <trkpt lat="37.13357" lon="-3.40747">
        <ele>1436.6</ele>
      </trkpt>
      <trkpt lat="37.13352" lon="-3.40752">
        <ele>1438.0</ele>
      </trkpt>
      <trkpt lat="37.13346" lon="-3.40757">
        <ele>1440.0</ele>
      </trkpt>
      <trkpt lat="37.13341" lon="-3.40762">
        <ele>1441.7</ele>
      </trkpt>
      <trkpt lat="37.1334" lon="-3.40764">
        <ele>1442.1</ele>
      </trkpt>
      <trkpt lat="37.13335" lon="-3.4077">
        <ele>1443.9</ele>
      </trkpt>
      <trkpt lat="37.13331" lon="-3.40777">
        <ele>1445.9</ele>
      </trkpt>
      <trkpt lat="37.1333" lon="-3.4078">
        <ele>1446.5</ele>
      </trkpt>
      <trkpt lat="37.1333" lon="-3.40787">
        <ele>1446.6</ele>
      </trkpt>
      <trkpt lat="37.13331" lon="-3.40794">
        <ele>1446.3</ele>
      </trkpt>
      <trkpt lat="37.13333" lon="-3.40803">
        <ele>1445.4</ele>
      </trkpt>
      <trkpt lat="37.13333" lon="-3.40804">
        <ele>1445.5</ele>
      </trkpt>
      <trkpt lat="37.13333" lon="-3.40808">
        <ele>1445.6</ele>
      </trkpt>
      <trkpt lat="37.13335" lon="-3.40817">
        <ele>1445.0</ele>
      </trkpt>
      <trkpt lat="37.13337" lon="-3.40824">
        <ele>1444.3</ele>
      </trkpt>
      <trkpt lat="37.1334" lon="-3.4084">
        <ele>1444.6</ele>
      </trkpt>
      <trkpt lat="37.13341" lon="-3.40846">
        <ele>1445.4</ele>
      </trkpt>
      <trkpt lat="37.13343" lon="-3.40853">
        <ele>1445.9</ele>
      </trkpt>
      <trkpt lat="37.13345" lon="-3.40861">
        <ele>1446.6</ele>
      </trkpt>
      <trkpt lat="37.13346" lon="-3.40867">
        <ele>1447.3</ele>
      </trkpt>
      <trkpt lat="37.13347" lon="-3.4088">
        <ele>1449.4</ele>
      </trkpt>
      <trkpt lat="37.13347" lon="-3.4089">
        <ele>1451.3</ele>
      </trkpt>
      <trkpt lat="37.13348" lon="-3.409">
        <ele>1452.8</ele>
      </trkpt>
      <trkpt lat="37.13349" lon="-3.4091">
        <ele>1454.2</ele>
      </trkpt>
      <trkpt lat="37.13351" lon="-3.40919">
        <ele>1455.1</ele>
      </trkpt>
      <trkpt lat="37.13355" lon="-3.40931">
        <ele>1456.4</ele>
      </trkpt>
      <trkpt lat="37.1336" lon="-3.40938">
        <ele>1455.8</ele>
      </trkpt>
      <trkpt lat="37.1336" lon="-3.40939">
        <ele>1456.0</ele>
      </trkpt>
      <trkpt lat="37.13365" lon="-3.40948">
        <ele>1455.9</ele>
      </trkpt>
      <trkpt lat="37.13368" lon="-3.40953">
        <ele>1455.7</ele>
      </trkpt>
      <trkpt lat="37.13371" lon="-3.40958">
        <ele>1455.4</ele>
      </trkpt>
      <trkpt lat="37.13372" lon="-3.4096">
        <ele>1455.4</ele>
      </trkpt>
      <trkpt lat="37.13376" lon="-3.40966">
        <ele>1454.9</ele>
      </trkpt>
      <trkpt lat="37.13378" lon="-3.4097">
        <ele>1454.9</ele>
      </trkpt>
      <trkpt lat="37.13381" lon="-3.40976">
        <ele>1454.9</ele>
      </trkpt>
      <trkpt lat="37.13383" lon="-3.4098">
        <ele>1454.8</ele>
      </trkpt>
      <trkpt lat="37.13385" lon="-3.40985">
        <ele>1455.0</ele>
      </trkpt>
      <trkpt lat="37.13386" lon="-3.40994">
        <ele>1456.7</ele>
      </trkpt>
      <trkpt lat="37.13389" lon="-3.41003">
        <ele>1456.8</ele>
      </trkpt>
      <trkpt lat="37.13392" lon="-3.41012">
        <ele>1455.7</ele>
      </trkpt>
      <trkpt lat="37.13394" lon="-3.41018">
        <ele>1455.0</ele>
      </trkpt>
      <trkpt lat="37.13395" lon="-3.41018">
        <ele>1454.4</ele>
      </trkpt>
      <trkpt lat="37.13398" lon="-3.41029">
        <ele>1453.3</ele>
      </trkpt>
      <trkpt lat="37.13401" lon="-3.41037">
        <ele>1452.0</ele>
      </trkpt>
      <trkpt lat="37.13402" lon="-3.41039">
        <ele>1451.5</ele>
      </trkpt>
      <trkpt lat="37.13406" lon="-3.41048">
        <ele>1449.5</ele>
      </trkpt>
      <trkpt lat="37.13409" lon="-3.41057">
        <ele>1448.0</ele>
      </trkpt>
      <trkpt lat="37.1341" lon="-3.41067">
        <ele>1447.8</ele>
      </trkpt>
      <trkpt lat="37.13409" lon="-3.41073">
        <ele>1448.6</ele>
      </trkpt>
      <trkpt lat="37.13408" lon="-3.41079">
        <ele>1449.5</ele>
      </trkpt>
      <trkpt lat="37.13407" lon="-3.41081">
        <ele>1450.2</ele>
      </trkpt>
      <trkpt lat="37.13405" lon="-3.41085">
        <ele>1451.8</ele>
      </trkpt>
      <trkpt lat="37.13404" lon="-3.41087">
        <ele>1452.7</ele>
      </trkpt>
      <trkpt lat="37.13402" lon="-3.41093">
        <ele>1454.9</ele>
      </trkpt>
      <trkpt lat="37.13401" lon="-3.41098">
        <ele>1456.3</ele>
      </trkpt>
      <trkpt lat="37.134" lon="-3.41101">
        <ele>1457.4</ele>
      </trkpt>
      <trkpt lat="37.13399" lon="-3.41104">
        <ele>1458.5</ele>
      </trkpt>
      <trkpt lat="37.13397" lon="-3.41111">
        <ele>1460.9</ele>
      </trkpt>
      <trkpt lat="37.13396" lon="-3.41119">
        <ele>1462.7</ele>
      </trkpt>
      <trkpt lat="37.13396" lon="-3.41121">
        <ele>1463.0</ele>
      </trkpt>
      <trkpt lat="37.13394" lon="-3.4113">
        <ele>1465.7</ele>
      </trkpt>
      <trkpt lat="37.13393" lon="-3.41141">
        <ele>1468.0</ele>
      </trkpt>
      <trkpt lat="37.13393" lon="-3.41142">
        <ele>1468.2</ele>
      </trkpt>
      <trkpt lat="37.13392" lon="-3.41149">
        <ele>1469.9</ele>
      </trkpt>
      <trkpt lat="37.13392" lon="-3.41157">
        <ele>1471.1</ele>
      </trkpt>
      <trkpt lat="37.13392" lon="-3.41166">
        <ele>1472.5</ele>
      </trkpt>
      <trkpt lat="37.13391" lon="-3.41175">
        <ele>1474.4</ele>
      </trkpt>
      <trkpt lat="37.1339" lon="-3.41182">
        <ele>1476.0</ele>
      </trkpt>
      <trkpt lat="37.1339" lon="-3.4119">
        <ele>1477.1</ele>
      </trkpt>
      <trkpt lat="37.13389" lon="-3.41201">
        <ele>1479.3</ele>
      </trkpt>
      <trkpt lat="37.13388" lon="-3.41207">
        <ele>1480.7</ele>
      </trkpt>
      <trkpt lat="37.13388" lon="-3.41209">
        <ele>1481.0</ele>
      </trkpt>
      <trkpt lat="37.13387" lon="-3.41217">
        <ele>1482.7</ele>
      </trkpt>
      <trkpt lat="37.13387" lon="-3.41224">
        <ele>1483.6</ele>
      </trkpt>
      <trkpt lat="37.13388" lon="-3.41231">
        <ele>1484.0</ele>
      </trkpt>
      <trkpt lat="37.13394" lon="-3.41242">
        <ele>1481.7</ele>
      </trkpt>
      <trkpt lat="37.13399" lon="-3.41251">
        <ele>1480.1</ele>
      </trkpt>
      <trkpt lat="37.13403" lon="-3.41257">
        <ele>1479.3</ele>
      </trkpt>
      <trkpt lat="37.13405" lon="-3.41262">
        <ele>1479.5</ele>
      </trkpt>
      <trkpt lat="37.13408" lon="-3.41268">
        <ele>1479.5</ele>
      </trkpt>
      <trkpt lat="37.13411" lon="-3.41274">
        <ele>1479.4</ele>
      </trkpt>
      <trkpt lat="37.13415" lon="-3.41278">
        <ele>1478.3</ele>
      </trkpt>
      <trkpt lat="37.1342" lon="-3.41282">
        <ele>1478.4</ele>
      </trkpt>
      <trkpt lat="37.13421" lon="-3.41283">
        <ele>1478.7</ele>
      </trkpt>
      <trkpt lat="37.13423" lon="-3.41285">
        <ele>1479.2</ele>
      </trkpt>
      <trkpt lat="37.13427" lon="-3.41288">
        <ele>1479.9</ele>
      </trkpt>
      <trkpt lat="37.1343" lon="-3.41291">
        <ele>1480.7</ele>
      </trkpt>
      <trkpt lat="37.13431" lon="-3.41292">
        <ele>1480.9</ele>
      </trkpt>
      <trkpt lat="37.13433" lon="-3.41296">
        <ele>1482.0</ele>
      </trkpt>
      <trkpt lat="37.13434" lon="-3.41299">
        <ele>1482.9</ele>
      </trkpt>
      <trkpt lat="37.13436" lon="-3.41304">
        <ele>1484.3</ele>
      </trkpt>
      <trkpt lat="37.13437" lon="-3.41312">
        <ele>1486.6</ele>
      </trkpt>
      <trkpt lat="37.13438" lon="-3.41316">
        <ele>1487.8</ele>
      </trkpt>
      <trkpt lat="37.13437" lon="-3.4132">
        <ele>1489.0</ele>
      </trkpt>
      <trkpt lat="37.13436" lon="-3.41327">
        <ele>1489.2</ele>
      </trkpt>
      <trkpt lat="37.13435" lon="-3.41329">
        <ele>1489.3</ele>
      </trkpt>
      <trkpt lat="37.13435" lon="-3.41333">
        <ele>1489.5</ele>
      </trkpt>
      <trkpt lat="37.13438" lon="-3.4134">
        <ele>1489.8</ele>
      </trkpt>
      <trkpt lat="37.13442" lon="-3.41346">
        <ele>1490.2</ele>
      </trkpt>
      <trkpt lat="37.13445" lon="-3.41348">
        <ele>1490.3</ele>
      </trkpt>
      <trkpt lat="37.13451" lon="-3.4135">
        <ele>1490.6</ele>
      </trkpt>
      <trkpt lat="37.13454" lon="-3.4135">
        <ele>1490.8</ele>
      </trkpt>
      <trkpt lat="37.13457" lon="-3.4135">
        <ele>1491.0</ele>
      </trkpt>
      <trkpt lat="37.13462" lon="-3.4135">
        <ele>1491.2</ele>
      </trkpt>
      <trkpt lat="37.13464" lon="-3.41348">
        <ele>1491.3</ele>
      </trkpt>
      <trkpt lat="37.13468" lon="-3.41346">
        <ele>1491.6</ele>
      </trkpt>
      <trkpt lat="37.13471" lon="-3.41345">
        <ele>1491.7</ele>
      </trkpt>
      <trkpt lat="37.13473" lon="-3.41344">
        <ele>1491.8</ele>
      </trkpt>
      <trkpt lat="37.13476" lon="-3.41343">
        <ele>1492.0</ele>
      </trkpt>
      <trkpt lat="37.13482" lon="-3.41339">
        <ele>1492.4</ele>
      </trkpt>
      <trkpt lat="37.13484" lon="-3.41336">
        <ele>1491.5</ele>
      </trkpt>
      <trkpt lat="37.13487" lon="-3.41333">
        <ele>1490.5</ele>
      </trkpt>
      <trkpt lat="37.13488" lon="-3.41332">
        <ele>1490.2</ele>
      </trkpt>
      <trkpt lat="37.13493" lon="-3.41325">
        <ele>1487.8</ele>
      </trkpt>
      <trkpt lat="37.13496" lon="-3.41319">
        <ele>1485.9</ele>
      </trkpt>
      <trkpt lat="37.13498" lon="-3.41316">
        <ele>1484.9</ele>
      </trkpt>
      <trkpt lat="37.135" lon="-3.41312">
        <ele>1483.6</ele>
      </trkpt>
      <trkpt lat="37.13504" lon="-3.41307">
        <ele>1481.8</ele>
      </trkpt>
      <trkpt lat="37.13506" lon="-3.41303">
        <ele>1480.5</ele>
      </trkpt>
      <trkpt lat="37.1351" lon="-3.41299">
        <ele>1479.1</ele>
      </trkpt>
      <trkpt lat="37.1351" lon="-3.41298">
        <ele>1478.8</ele>
      </trkpt>
      <trkpt lat="37.13513" lon="-3.41291">
        <ele>1476.6</ele>
      </trkpt>
      <trkpt lat="37.13516" lon="-3.41289">
        <ele>1475.9</ele>
      </trkpt>
      <trkpt lat="37.13521" lon="-3.41288">
        <ele>1475.3</ele>
      </trkpt>
      <trkpt lat="37.13524" lon="-3.41288">
        <ele>1475.2</ele>
      </trkpt>
      <trkpt lat="37.13525" lon="-3.41288">
        <ele>1475.1</ele>
      </trkpt>
      <trkpt lat="37.13533" lon="-3.4129">
        <ele>1475.3</ele>
      </trkpt>
      <trkpt lat="37.13537" lon="-3.41291">
        <ele>1475.3</ele>
      </trkpt>
      <trkpt lat="37.13541" lon="-3.41293">
        <ele>1475.6</ele>
      </trkpt>
      <trkpt lat="37.13545" lon="-3.413">
        <ele>1477.2</ele>
      </trkpt>
      <trkpt lat="37.13548" lon="-3.41306">
        <ele>1478.5</ele>
      </trkpt>
      <trkpt lat="37.13553" lon="-3.41315">
        <ele>1480.4</ele>
      </trkpt>
      <trkpt lat="37.13556" lon="-3.41322">
        <ele>1481.9</ele>
      </trkpt>
      <trkpt lat="37.13561" lon="-3.41331">
        <ele>1483.6</ele>
      </trkpt>
      <trkpt lat="37.13563" lon="-3.41338">
        <ele>1485.3</ele>
      </trkpt>
      <trkpt lat="37.13566" lon="-3.41345">
        <ele>1487.1</ele>
      </trkpt>
      <trkpt lat="37.13567" lon="-3.41347">
        <ele>1487.6</ele>
      </trkpt>
      <trkpt lat="37.13568" lon="-3.41353">
        <ele>1489.3</ele>
      </trkpt>
      <trkpt lat="37.1357" lon="-3.41358">
        <ele>1490.6</ele>
      </trkpt>
      <trkpt lat="37.13573" lon="-3.41365">
        <ele>1492.4</ele>
      </trkpt>
      <trkpt lat="37.13574" lon="-3.41367">
        <ele>1492.9</ele>
      </trkpt>
      <trkpt lat="37.13577" lon="-3.41371">
        <ele>1493.9</ele>
      </trkpt>
      <trkpt lat="37.13585" lon="-3.41378">
        <ele>1494.6</ele>
      </trkpt>
      <trkpt lat="37.13589" lon="-3.4138">
        <ele>1493.3</ele>
      </trkpt>
      <trkpt lat="37.13592" lon="-3.41383">
        <ele>1492.8</ele>
      </trkpt>
      <trkpt lat="37.136" lon="-3.41389">
        <ele>1490.7</ele>
      </trkpt>
      <trkpt lat="37.13604" lon="-3.41392">
        <ele>1489.6</ele>
      </trkpt>
      <trkpt lat="37.13605" lon="-3.41393">
        <ele>1489.4</ele>
      </trkpt>
      <trkpt lat="37.1361" lon="-3.41397">
        <ele>1488.0</ele>
      </trkpt>
      <trkpt lat="37.13614" lon="-3.41407">
        <ele>1488.7</ele>
      </trkpt>
      <trkpt lat="37.13615" lon="-3.41414">
        <ele>1490.0</ele>
      </trkpt>
      <trkpt lat="37.13617" lon="-3.41428">
        <ele>1492.1</ele>
      </trkpt>
      <trkpt lat="37.13617" lon="-3.41432">
        <ele>1492.9</ele>
      </trkpt>
      <trkpt lat="37.13617" lon="-3.4144">
        <ele>1494.7</ele>
      </trkpt>
      <trkpt lat="37.13616" lon="-3.4145">
        <ele>1497.3</ele>
      </trkpt>
      <trkpt lat="37.13617" lon="-3.4146">
        <ele>1499.0</ele>
      </trkpt>
      <trkpt lat="37.13617" lon="-3.41476">
        <ele>1502.5</ele>
      </trkpt>
      <trkpt lat="37.13617" lon="-3.41477">
        <ele>1502.7</ele>
      </trkpt>
      <trkpt lat="37.13617" lon="-3.41486">
        <ele>1504.6</ele>
      </trkpt>
      <trkpt lat="37.13616" lon="-3.41497">
        <ele>1507.4</ele>
      </trkpt>
      <trkpt lat="37.13615" lon="-3.41503">
        <ele>1509.1</ele>
      </trkpt>
      <trkpt lat="37.13616" lon="-3.41513">
        <ele>1510.9</ele>
      </trkpt>
      <trkpt lat="37.13618" lon="-3.41521">
        <ele>1512.0</ele>
      </trkpt>
      <trkpt lat="37.13618" lon="-3.41522">
        <ele>1512.2</ele>
      </trkpt>
      <trkpt lat="37.13624" lon="-3.4153">
        <ele>1512.0</ele>
      </trkpt>
      <trkpt lat="37.13629" lon="-3.41534">
        <ele>1511.4</ele>
      </trkpt>
      <trkpt lat="37.13635" lon="-3.41541">
        <ele>1511.3</ele>
      </trkpt>
      <trkpt lat="37.13636" lon="-3.41542">
        <ele>1511.3</ele>
      </trkpt>
      <trkpt lat="37.13639" lon="-3.41546">
        <ele>1511.5</ele>
      </trkpt>
      <trkpt lat="37.13642" lon="-3.4155">
        <ele>1511.7</ele>
      </trkpt>
      <trkpt lat="37.13645" lon="-3.41556">
        <ele>1512.6</ele>
      </trkpt>
      <trkpt lat="37.13648" lon="-3.41564">
        <ele>1514.1</ele>
      </trkpt>
      <trkpt lat="37.13654" lon="-3.4158">
        <ele>1517.6</ele>
      </trkpt>
      <trkpt lat="37.13655" lon="-3.41583">
        <ele>1518.3</ele>
      </trkpt>
      <trkpt lat="37.13658" lon="-3.41596">
        <ele>1519.5</ele>
      </trkpt>
      <trkpt lat="37.13664" lon="-3.41608">
        <ele>1520.0</ele>
      </trkpt>
      <trkpt lat="37.1367" lon="-3.41614">
        <ele>1519.0</ele>
      </trkpt>
      <trkpt lat="37.1367" lon="-3.41614">
        <ele>1519.0</ele>
      </trkpt>
      <trkpt lat="37.13672" lon="-3.41617">
        <ele>1518.6</ele>
      </trkpt>
      <trkpt lat="37.13678" lon="-3.41621">
        <ele>1516.7</ele>
      </trkpt>
      <trkpt lat="37.13686" lon="-3.41626">
        <ele>1514.3</ele>
      </trkpt>
      <trkpt lat="37.13689" lon="-3.41628">
        <ele>1513.5</ele>
      </trkpt>
      <trkpt lat="37.13692" lon="-3.41631">
        <ele>1512.8</ele>
      </trkpt>
      <trkpt lat="37.137" lon="-3.41637">
        <ele>1510.9</ele>
      </trkpt>
      <trkpt lat="37.13705" lon="-3.41644">
        <ele>1510.6</ele>
      </trkpt>
      <trkpt lat="37.1371" lon="-3.41651">
        <ele>1510.3</ele>
      </trkpt>
      <trkpt lat="37.13715" lon="-3.4166">
        <ele>1510.7</ele>
      </trkpt>
      <trkpt lat="37.13721" lon="-3.41668">
        <ele>1510.5</ele>
      </trkpt>
      <trkpt lat="37.13723" lon="-3.41675">
        <ele>1510.7</ele>
      </trkpt>
      <trkpt lat="37.13723" lon="-3.41678">
        <ele>1511.1</ele>
      </trkpt>
      <trkpt lat="37.13722" lon="-3.4169">
        <ele>1512.8</ele>
      </trkpt>
      <trkpt lat="37.1372" lon="-3.41698">
        <ele>1514.3</ele>
      </trkpt>
      <trkpt lat="37.13718" lon="-3.41703">
        <ele>1515.6</ele>
      </trkpt>
      <trkpt lat="37.13715" lon="-3.4171">
        <ele>1517.3</ele>
      </trkpt>
      <trkpt lat="37.13713" lon="-3.41717">
        <ele>1518.8</ele>
      </trkpt>
      <trkpt lat="37.13712" lon="-3.4172">
        <ele>1519.4</ele>
      </trkpt>
      <trkpt lat="37.13711" lon="-3.41725">
        <ele>1520.3</ele>
      </trkpt>
      <trkpt lat="37.13709" lon="-3.41732">
        <ele>1521.7</ele>
      </trkpt>
      <trkpt lat="37.13708" lon="-3.41737">
        <ele>1522.6</ele>
      </trkpt>
      <trkpt lat="37.13709" lon="-3.41742">
        <ele>1522.9</ele>
      </trkpt>
      <trkpt lat="37.13709" lon="-3.41744">
        <ele>1523.1</ele>
      </trkpt>
      <trkpt lat="37.13709" lon="-3.41749">
        <ele>1523.7</ele>
      </trkpt>
      <trkpt lat="37.13711" lon="-3.41754">
        <ele>1523.3</ele>
      </trkpt>
      <trkpt lat="37.13712" lon="-3.41758">
        <ele>1523.1</ele>
      </trkpt>
      <trkpt lat="37.13715" lon="-3.41763">
        <ele>1522.4</ele>
      </trkpt>
      <trkpt lat="37.13715" lon="-3.41763">
        <ele>1522.4</ele>
      </trkpt>
      <trkpt lat="37.13715" lon="-3.41765">
        <ele>1522.4</ele>
      </trkpt>
      <trkpt lat="37.13715" lon="-3.41768">
        <ele>1522.5</ele>
      </trkpt>
      <trkpt lat="37.13715" lon="-3.4177">
        <ele>1522.6</ele>
      </trkpt>
      <trkpt lat="37.13715" lon="-3.41771">
        <ele>1522.6</ele>
      </trkpt>
      <trkpt lat="37.13716" lon="-3.41778">
        <ele>1522.6</ele>
      </trkpt>
      <trkpt lat="37.13717" lon="-3.41785">
        <ele>1522.6</ele>
      </trkpt>
      <trkpt lat="37.13717" lon="-3.41787">
        <ele>1522.6</ele>
      </trkpt>
      <trkpt lat="37.13716" lon="-3.41791">
        <ele>1523.0</ele>
      </trkpt>
      <trkpt lat="37.13715" lon="-3.41796">
        <ele>1523.5</ele>
      </trkpt>
      <trkpt lat="37.13712" lon="-3.41801">
        <ele>1524.3</ele>
      </trkpt>
      <trkpt lat="37.13709" lon="-3.41805">
        <ele>1525.2</ele>
      </trkpt>
      <trkpt lat="37.13709" lon="-3.41806">
        <ele>1525.2</ele>
      </trkpt>
      <trkpt lat="37.13705" lon="-3.41811">
        <ele>1526.2</ele>
      </trkpt>
      <trkpt lat="37.13701" lon="-3.41815">
        <ele>1527.2</ele>
      </trkpt>
      <trkpt lat="37.13697" lon="-3.41821">
        <ele>1528.1</ele>
      </trkpt>
      <trkpt lat="37.13692" lon="-3.41827">
        <ele>1529.1</ele>
      </trkpt>
      <trkpt lat="37.13688" lon="-3.41833">
        <ele>1529.9</ele>
      </trkpt>
      <trkpt lat="37.13684" lon="-3.41837">
        <ele>1530.8</ele>
      </trkpt>
      <trkpt lat="37.1368" lon="-3.41843">
        <ele>1531.8</ele>
      </trkpt>
      <trkpt lat="37.13677" lon="-3.41847">
        <ele>1532.5</ele>
      </trkpt>
      <trkpt lat="37.13675" lon="-3.41853">
        <ele>1533.2</ele>
      </trkpt>
      <trkpt lat="37.13675" lon="-3.41855">
        <ele>1533.2</ele>
      </trkpt>
      <trkpt lat="37.13675" lon="-3.41857">
        <ele>1533.3</ele>
      </trkpt>
      <trkpt lat="37.13674" lon="-3.41862">
        <ele>1533.7</ele>
      </trkpt>
      <trkpt lat="37.13674" lon="-3.41867">
        <ele>1533.9</ele>
      </trkpt>
      <trkpt lat="37.13674" lon="-3.41872">
        <ele>1534.1</ele>
      </trkpt>
      <trkpt lat="37.13674" lon="-3.41878">
        <ele>1534.3</ele>
      </trkpt>
      <trkpt lat="37.13675" lon="-3.41882">
        <ele>1534.3</ele>
      </trkpt>
      <trkpt lat="37.13677" lon="-3.41887">
        <ele>1534.1</ele>
      </trkpt>
      <trkpt lat="37.1368" lon="-3.41891">
        <ele>1533.7</ele>
      </trkpt>
      <trkpt lat="37.13683" lon="-3.41894">
        <ele>1533.3</ele>
      </trkpt>
      <trkpt lat="37.13684" lon="-3.41895">
        <ele>1533.2</ele>
      </trkpt>
      <trkpt lat="37.13689" lon="-3.41898">
        <ele>1532.5</ele>
      </trkpt>
      <trkpt lat="37.13694" lon="-3.41902">
        <ele>1531.8</ele>
      </trkpt>
      <trkpt lat="37.13698" lon="-3.41904">
        <ele>1531.2</ele>
      </trkpt>
      <trkpt lat="37.13701" lon="-3.41906">
        <ele>1530.7</ele>
      </trkpt>
      <trkpt lat="37.13705" lon="-3.41908">
        <ele>1530.2</ele>
      </trkpt>
      <trkpt lat="37.13708" lon="-3.41911">
        <ele>1529.8</ele>
      </trkpt>
      <trkpt lat="37.1371" lon="-3.41913">
        <ele>1529.5</ele>
      </trkpt>
      <trkpt lat="37.13714" lon="-3.41916">
        <ele>1529.0</ele>
      </trkpt>
      <trkpt lat="37.13715" lon="-3.41917">
        <ele>1528.9</ele>
      </trkpt>
      <trkpt lat="37.13716" lon="-3.4192">
        <ele>1529.0</ele>
      </trkpt>
      <trkpt lat="37.13719" lon="-3.41927">
        <ele>1529.1</ele>
      </trkpt>
      <trkpt lat="37.13721" lon="-3.41932">
        <ele>1529.1</ele>
      </trkpt>
      <trkpt lat="37.13721" lon="-3.4194">
        <ele>1529.8</ele>
      </trkpt>
      <trkpt lat="37.13721" lon="-3.41945">
        <ele>1530.2</ele>
      </trkpt>
      <trkpt lat="37.1372" lon="-3.4195">
        <ele>1530.8</ele>
      </trkpt>
      <trkpt lat="37.13718" lon="-3.41953">
        <ele>1531.5</ele>
      </trkpt>
      <trkpt lat="37.13717" lon="-3.41954">
        <ele>1531.8</ele>
      </trkpt>
      <trkpt lat="37.13714" lon="-3.41958">
        <ele>1532.9</ele>
      </trkpt>
      <trkpt lat="37.13711" lon="-3.41961">
        <ele>1533.9</ele>
      </trkpt>
      <trkpt lat="37.13705" lon="-3.41966">
        <ele>1535.8</ele>
      </trkpt>
      <trkpt lat="37.13704" lon="-3.41967">
        <ele>1536.2</ele>
      </trkpt>
      <trkpt lat="37.13699" lon="-3.41973">
        <ele>1538.1</ele>
      </trkpt>
      <trkpt lat="37.13693" lon="-3.41979">
        <ele>1540.4</ele>
      </trkpt>
      <trkpt lat="37.13692" lon="-3.41983">
        <ele>1541.2</ele>
      </trkpt>
      <trkpt lat="37.13691" lon="-3.41985">
        <ele>1541.8</ele>
      </trkpt>
      <trkpt lat="37.13688" lon="-3.41995">
        <ele>1543.9</ele>
      </trkpt>
      <trkpt lat="37.13687" lon="-3.42">
        <ele>1544.9</ele>
      </trkpt>
      <trkpt lat="37.13686" lon="-3.42005">
        <ele>1544.7</ele>
      </trkpt>
      <trkpt lat="37.13686" lon="-3.4201">
        <ele>1544.6</ele>
      </trkpt>
      <trkpt lat="37.13686" lon="-3.42015">
        <ele>1544.5</ele>
      </trkpt>
      <trkpt lat="37.13687" lon="-3.42019">
        <ele>1544.4</ele>
      </trkpt>
      <trkpt lat="37.13688" lon="-3.42023">
        <ele>1544.3</ele>
      </trkpt>
      <trkpt lat="37.13689" lon="-3.42026">
        <ele>1544.3</ele>
      </trkpt>
      <trkpt lat="37.13691" lon="-3.42029">
        <ele>1544.2</ele>
      </trkpt>
      <trkpt lat="37.13693" lon="-3.42032">
        <ele>1544.1</ele>
      </trkpt>
      <trkpt lat="37.13697" lon="-3.42036">
        <ele>1544.0</ele>
      </trkpt>
      <trkpt lat="37.13702" lon="-3.4204">
        <ele>1543.8</ele>
      </trkpt>
      <trkpt lat="37.13706" lon="-3.42043">
        <ele>1543.7</ele>
      </trkpt>
      <trkpt lat="37.1371" lon="-3.42045">
        <ele>1543.6</ele>
      </trkpt>
      <trkpt lat="37.13715" lon="-3.42048">
        <ele>1543.4</ele>
      </trkpt>
      <trkpt lat="37.1372" lon="-3.42052">
        <ele>1543.3</ele>
      </trkpt>
      <trkpt lat="37.13724" lon="-3.42057">
        <ele>1542.9</ele>
      </trkpt>
      <trkpt lat="37.13728" lon="-3.42063">
        <ele>1542.6</ele>
      </trkpt>
      <trkpt lat="37.13736" lon="-3.4208">
        <ele>1542.8</ele>
      </trkpt>
      <trkpt lat="37.13738" lon="-3.42086">
        <ele>1543.1</ele>
      </trkpt>
      <trkpt lat="37.1374" lon="-3.42091">
        <ele>1543.1</ele>
      </trkpt>
      <trkpt lat="37.13741" lon="-3.42096">
        <ele>1543.4</ele>
      </trkpt>
      <trkpt lat="37.13741" lon="-3.42101">
        <ele>1544.1</ele>
      </trkpt>
      <trkpt lat="37.13741" lon="-3.42106">
        <ele>1544.7</ele>
      </trkpt>
      <trkpt lat="37.13741" lon="-3.42111">
        <ele>1545.4</ele>
      </trkpt>
      <trkpt lat="37.1374" lon="-3.42118">
        <ele>1546.6</ele>
      </trkpt>
      <trkpt lat="37.13737" lon="-3.42124">
        <ele>1548.5</ele>
      </trkpt>
      <trkpt lat="37.13734" lon="-3.42131">
        <ele>1550.5</ele>
      </trkpt>
      <trkpt lat="37.13731" lon="-3.42138">
        <ele>1552.5</ele>
      </trkpt>
      <trkpt lat="37.13729" lon="-3.42144">
        <ele>1554.1</ele>
      </trkpt>
      <trkpt lat="37.13728" lon="-3.42149">
        <ele>1555.2</ele>
      </trkpt>
      <trkpt lat="37.13728" lon="-3.42156">
        <ele>1556.2</ele>
      </trkpt>
      <trkpt lat="37.13729" lon="-3.4216">
        <ele>1556.4</ele>
      </trkpt>
      <trkpt lat="37.1373" lon="-3.42166">
        <ele>1556.8</ele>
      </trkpt>
      <trkpt lat="37.13732" lon="-3.42172">
        <ele>1557.0</ele>
      </trkpt>
      <trkpt lat="37.13735" lon="-3.42178">
        <ele>1556.7</ele>
      </trkpt>
      <trkpt lat="37.13739" lon="-3.42187">
        <ele>1556.5</ele>
      </trkpt>
      <trkpt lat="37.13744" lon="-3.42193">
        <ele>1555.3</ele>
      </trkpt>
      <trkpt lat="37.13747" lon="-3.422">
        <ele>1555.1</ele>
      </trkpt>
      <trkpt lat="37.1375" lon="-3.42209">
        <ele>1555.1</ele>
      </trkpt>
      <trkpt lat="37.13751" lon="-3.42215">
        <ele>1555.6</ele>
      </trkpt>
      <trkpt lat="37.13752" lon="-3.42222">
        <ele>1556.3</ele>
      </trkpt>
      <trkpt lat="37.13753" lon="-3.42228">
        <ele>1556.9</ele>
      </trkpt>
      <trkpt lat="37.13754" lon="-3.42238">
        <ele>1558.0</ele>
      </trkpt>
      <trkpt lat="37.13754" lon="-3.42243">
        <ele>1558.7</ele>
      </trkpt>
      <trkpt lat="37.13755" lon="-3.42257">
        <ele>1560.5</ele>
      </trkpt>
      <trkpt lat="37.13756" lon="-3.42266">
        <ele>1561.5</ele>
      </trkpt>
      <trkpt lat="37.13757" lon="-3.42273">
        <ele>1562.1</ele>
      </trkpt>
      <trkpt lat="37.13758" lon="-3.42279">
        <ele>1562.6</ele>
      </trkpt>
      <trkpt lat="37.13759" lon="-3.42285">
        <ele>1563.1</ele>
      </trkpt>
      <trkpt lat="37.1376" lon="-3.4229">
        <ele>1563.4</ele>
      </trkpt>
      <trkpt lat="37.13763" lon="-3.42295">
        <ele>1562.9</ele>
      </trkpt>
      <trkpt lat="37.13768" lon="-3.42301">
        <ele>1561.7</ele>
      </trkpt>
      <trkpt lat="37.13772" lon="-3.42306">
        <ele>1560.7</ele>
      </trkpt>
      <trkpt lat="37.13778" lon="-3.42312">
        <ele>1558.9</ele>
      </trkpt>
      <trkpt lat="37.13782" lon="-3.42317">
        <ele>1557.8</ele>
      </trkpt>
      <trkpt lat="37.13785" lon="-3.42321">
        <ele>1556.9</ele>
      </trkpt>
      <trkpt lat="37.13786" lon="-3.42325">
        <ele>1556.8</ele>
      </trkpt>
      <trkpt lat="37.13787" lon="-3.42331">
        <ele>1556.9</ele>
      </trkpt>
      <trkpt lat="37.13786" lon="-3.42339">
        <ele>1558.0</ele>
      </trkpt>
      <trkpt lat="37.13786" lon="-3.4234">
        <ele>1558.0</ele>
      </trkpt>
      <trkpt lat="37.13785" lon="-3.4235">
        <ele>1559.2</ele>
      </trkpt>
      <trkpt lat="37.13784" lon="-3.42359">
        <ele>1560.3</ele>
      </trkpt>
      <trkpt lat="37.13781" lon="-3.42371">
        <ele>1562.6</ele>
      </trkpt>
      <trkpt lat="37.13778" lon="-3.42383">
        <ele>1565.0</ele>
      </trkpt>
      <trkpt lat="37.13775" lon="-3.42392">
        <ele>1567.2</ele>
      </trkpt>
      <trkpt lat="37.13774" lon="-3.42399">
        <ele>1568.2</ele>
      </trkpt>
      <trkpt lat="37.13771" lon="-3.42407">
        <ele>1570.4</ele>
      </trkpt>
      <trkpt lat="37.1377" lon="-3.42413">
        <ele>1571.4</ele>
      </trkpt>
      <trkpt lat="37.13769" lon="-3.42421">
        <ele>1572.3</ele>
      </trkpt>
      <trkpt lat="37.13769" lon="-3.42428">
        <ele>1572.6</ele>
      </trkpt>
      <trkpt lat="37.13768" lon="-3.42436">
        <ele>1573.3</ele>
      </trkpt>
      <trkpt lat="37.13768" lon="-3.42446">
        <ele>1573.7</ele>
      </trkpt>
      <trkpt lat="37.13768" lon="-3.42449">
        <ele>1573.8</ele>
      </trkpt>
      <trkpt lat="37.13766" lon="-3.42473">
        <ele>1575.5</ele>
      </trkpt>
      <trkpt lat="37.13765" lon="-3.42479">
        <ele>1576.1</ele>
      </trkpt>
      <trkpt lat="37.13764" lon="-3.42485">
        <ele>1576.7</ele>
      </trkpt>
      <trkpt lat="37.13764" lon="-3.4249">
        <ele>1576.8</ele>
      </trkpt>
      <trkpt lat="37.13765" lon="-3.42494">
        <ele>1576.5</ele>
      </trkpt>
      <trkpt lat="37.13765" lon="-3.42495">
        <ele>1576.5</ele>
      </trkpt>
      <trkpt lat="37.13766" lon="-3.425">
        <ele>1576.3</ele>
      </trkpt>
      <trkpt lat="37.13767" lon="-3.42503">
        <ele>1576.0</ele>
      </trkpt>
      <trkpt lat="37.13768" lon="-3.42508">
        <ele>1575.9</ele>
      </trkpt>
      <trkpt lat="37.13768" lon="-3.42513">
        <ele>1576.2</ele>
      </trkpt>
      <trkpt lat="37.13769" lon="-3.42517">
        <ele>1576.0</ele>
      </trkpt>
      <trkpt lat="37.13768" lon="-3.42522">
        <ele>1576.7</ele>
      </trkpt>
      <trkpt lat="37.13768" lon="-3.42526">
        <ele>1577.0</ele>
      </trkpt>
      <trkpt lat="37.13766" lon="-3.42531">
        <ele>1578.0</ele>
      </trkpt>
      <trkpt lat="37.13764" lon="-3.42536">
        <ele>1579.1</ele>
      </trkpt>
      <trkpt lat="37.1376" lon="-3.42542">
        <ele>1581.1</ele>
      </trkpt>
      <trkpt lat="37.13758" lon="-3.42546">
        <ele>1582.1</ele>
      </trkpt>
      <trkpt lat="37.13757" lon="-3.42549">
        <ele>1582.6</ele>
      </trkpt>
      <trkpt lat="37.13756" lon="-3.42552">
        <ele>1583.2</ele>
      </trkpt>
      <trkpt lat="37.13755" lon="-3.42555">
        <ele>1583.7</ele>
      </trkpt>
      <trkpt lat="37.13754" lon="-3.42558">
        <ele>1584.2</ele>
      </trkpt>
      <trkpt lat="37.13755" lon="-3.42564">
        <ele>1584.2</ele>
      </trkpt>
      <trkpt lat="37.13756" lon="-3.42569">
        <ele>1584.0</ele>
      </trkpt>
      <trkpt lat="37.13757" lon="-3.42572">
        <ele>1583.8</ele>
      </trkpt>
      <trkpt lat="37.13759" lon="-3.42576">
        <ele>1583.3</ele>
      </trkpt>
      <trkpt lat="37.1376" lon="-3.42577">
        <ele>1582.9</ele>
      </trkpt>
      <trkpt lat="37.13761" lon="-3.4258">
        <ele>1582.7</ele>
      </trkpt>
      <trkpt lat="37.13763" lon="-3.42584">
        <ele>1582.2</ele>
      </trkpt>
      <trkpt lat="37.13765" lon="-3.42588">
        <ele>1582.0</ele>
      </trkpt>
      <trkpt lat="37.13767" lon="-3.42595">
        <ele>1582.1</ele>
      </trkpt>
      <trkpt lat="37.13768" lon="-3.42597">
        <ele>1581.9</ele>
      </trkpt>
      <trkpt lat="37.13769" lon="-3.42604">
        <ele>1582.4</ele>
      </trkpt>
      <trkpt lat="37.13773" lon="-3.42633">
        <ele>1584.2</ele>
      </trkpt>
      <trkpt lat="37.13778" lon="-3.42661">
        <ele>1585.3</ele>
      </trkpt>
      <trkpt lat="37.1378" lon="-3.42675">
        <ele>1586.1</ele>
      </trkpt>
      <trkpt lat="37.1378" lon="-3.42681">
        <ele>1586.9</ele>
      </trkpt>
      <trkpt lat="37.13779" lon="-3.42686">
        <ele>1587.9</ele>
      </trkpt>
      <trkpt lat="37.13779" lon="-3.42689">
        <ele>1588.3</ele>
      </trkpt>
      <trkpt lat="37.13779" lon="-3.42704">
        <ele>1590.3</ele>
      </trkpt>
      <trkpt lat="37.13778" lon="-3.42718">
        <ele>1592.5</ele>
      </trkpt>
      <trkpt lat="37.13777" lon="-3.42725">
        <ele>1593.8</ele>
      </trkpt>
      <trkpt lat="37.13777" lon="-3.42733">
        <ele>1594.8</ele>
      </trkpt>
      <trkpt lat="37.13777" lon="-3.42739">
        <ele>1595.6</ele>
      </trkpt>
      <trkpt lat="37.13777" lon="-3.42744">
        <ele>1596.2</ele>
      </trkpt>
      <trkpt lat="37.13778" lon="-3.4275">
        <ele>1596.6</ele>
      </trkpt>
      <trkpt lat="37.13779" lon="-3.42759">
        <ele>1597.2</ele>
      </trkpt>
      <trkpt lat="37.13781" lon="-3.42769">
        <ele>1597.6</ele>
      </trkpt>
      <trkpt lat="37.13784" lon="-3.42778">
        <ele>1597.6</ele>
      </trkpt>
      <trkpt lat="37.13786" lon="-3.42784">
        <ele>1597.7</ele>
      </trkpt>
      <trkpt lat="37.13789" lon="-3.42789">
        <ele>1597.3</ele>
      </trkpt>
      <trkpt lat="37.13793" lon="-3.42798">
        <ele>1597.2</ele>
      </trkpt>
      <trkpt lat="37.13799" lon="-3.42807">
        <ele>1596.5</ele>
      </trkpt>
      <trkpt lat="37.13804" lon="-3.42813">
        <ele>1595.9</ele>
      </trkpt>
      <trkpt lat="37.1381" lon="-3.42818">
        <ele>1594.9</ele>
      </trkpt>
      <trkpt lat="37.13816" lon="-3.42824">
        <ele>1594.1</ele>
      </trkpt>
      <trkpt lat="37.13822" lon="-3.42828">
        <ele>1593.1</ele>
      </trkpt>
      <trkpt lat="37.13826" lon="-3.42832">
        <ele>1592.8</ele>
      </trkpt>
      <trkpt lat="37.1383" lon="-3.42835">
        <ele>1592.1</ele>
      </trkpt>
      <trkpt lat="37.13834" lon="-3.42839">
        <ele>1591.4</ele>
      </trkpt>
      <trkpt lat="37.13836" lon="-3.42842">
        <ele>1590.9</ele>
      </trkpt>
      <trkpt lat="37.13838" lon="-3.42845">
        <ele>1590.5</ele>
      </trkpt>
      <trkpt lat="37.1384" lon="-3.4285">
        <ele>1590.3</ele>
      </trkpt>
      <trkpt lat="37.13841" lon="-3.42855">
        <ele>1590.5</ele>
      </trkpt>
      <trkpt lat="37.13844" lon="-3.42862">
        <ele>1590.2</ele>
      </trkpt>
      <trkpt lat="37.13858" lon="-3.42902">
        <ele>1590.3</ele>
      </trkpt>
      <trkpt lat="37.13859" lon="-3.42905">
        <ele>1590.4</ele>
      </trkpt>
      <trkpt lat="37.13861" lon="-3.42912">
        <ele>1590.7</ele>
      </trkpt>
      <trkpt lat="37.13863" lon="-3.42917">
        <ele>1590.7</ele>
      </trkpt>
      <trkpt lat="37.13863" lon="-3.42922">
        <ele>1590.7</ele>
      </trkpt>
      <trkpt lat="37.13863" lon="-3.42927">
        <ele>1590.8</ele>
      </trkpt>
      <trkpt lat="37.13862" lon="-3.42931">
        <ele>1591.2</ele>
      </trkpt>
      <trkpt lat="37.13861" lon="-3.42934">
        <ele>1591.5</ele>
      </trkpt>
      <trkpt lat="37.13859" lon="-3.42938">
        <ele>1592.1</ele>
      </trkpt>
      <trkpt lat="37.13858" lon="-3.42942">
        <ele>1592.5</ele>
      </trkpt>
      <trkpt lat="37.13855" lon="-3.42946">
        <ele>1593.3</ele>
      </trkpt>
      <trkpt lat="37.13851" lon="-3.4295">
        <ele>1594.4</ele>
      </trkpt>
      <trkpt lat="37.13848" lon="-3.42953">
        <ele>1595.2</ele>
      </trkpt>
      <trkpt lat="37.13844" lon="-3.42955">
        <ele>1596.3</ele>
      </trkpt>
      <trkpt lat="37.1384" lon="-3.42956">
        <ele>1597.3</ele>
      </trkpt>
      <trkpt lat="37.13839" lon="-3.42956">
        <ele>1597.6</ele>
      </trkpt>
      <trkpt lat="37.13833" lon="-3.42957">
        <ele>1599.1</ele>
      </trkpt>
      <trkpt lat="37.13825" lon="-3.42959">
        <ele>1600.5</ele>
      </trkpt>
      <trkpt lat="37.13821" lon="-3.42959">
        <ele>1601.2</ele>
      </trkpt>
      <trkpt lat="37.13813" lon="-3.4296">
        <ele>1602.6</ele>
      </trkpt>
      <trkpt lat="37.13804" lon="-3.4296">
        <ele>1604.2</ele>
      </trkpt>
      <trkpt lat="37.13798" lon="-3.4296">
        <ele>1605.3</ele>
      </trkpt>
      <trkpt lat="37.13794" lon="-3.4296">
        <ele>1606.0</ele>
      </trkpt>
      <trkpt lat="37.13791" lon="-3.42959">
        <ele>1606.6</ele>
      </trkpt>
      <trkpt lat="37.13788" lon="-3.42959">
        <ele>1607.1</ele>
      </trkpt>
      <trkpt lat="37.13785" lon="-3.42957">
        <ele>1607.8</ele>
      </trkpt>
      <trkpt lat="37.13781" lon="-3.42955">
        <ele>1608.6</ele>
      </trkpt>
      <trkpt lat="37.13778" lon="-3.42953">
        <ele>1609.2</ele>
      </trkpt>
      <trkpt lat="37.13775" lon="-3.4295">
        <ele>1609.9</ele>
      </trkpt>
      <trkpt lat="37.13773" lon="-3.42947">
        <ele>1610.4</ele>
      </trkpt>
      <trkpt lat="37.13772" lon="-3.42943">
        <ele>1610.8</ele>
      </trkpt>
      <trkpt lat="37.13772" lon="-3.42942">
        <ele>1610.8</ele>
      </trkpt>
      <trkpt lat="37.13771" lon="-3.42938">
        <ele>1611.2</ele>
      </trkpt>
      <trkpt lat="37.13769" lon="-3.42932">
        <ele>1611.8</ele>
      </trkpt>
      <trkpt lat="37.13768" lon="-3.42924">
        <ele>1612.4</ele>
      </trkpt>
      <trkpt lat="37.13768" lon="-3.42915">
        <ele>1612.7</ele>
      </trkpt>
      <trkpt lat="37.13767" lon="-3.42907">
        <ele>1612.5</ele>
      </trkpt>
      <trkpt lat="37.13767" lon="-3.42899">
        <ele>1612.2</ele>
      </trkpt>
      <trkpt lat="37.13766" lon="-3.42894">
        <ele>1612.2</ele>
      </trkpt>
      <trkpt lat="37.13766" lon="-3.42891">
        <ele>1612.0</ele>
      </trkpt>
      <trkpt lat="37.13766" lon="-3.42887">
        <ele>1611.9</ele>
      </trkpt>
      <trkpt lat="37.13765" lon="-3.42884">
        <ele>1611.9</ele>
      </trkpt>
      <trkpt lat="37.13764" lon="-3.42881">
        <ele>1612.0</ele>
      </trkpt>
      <trkpt lat="37.13763" lon="-3.42877">
        <ele>1612.1</ele>
      </trkpt>
      <trkpt lat="37.13762" lon="-3.42877">
        <ele>1612.3</ele>
      </trkpt>
      <trkpt lat="37.13761" lon="-3.42875">
        <ele>1612.5</ele>
      </trkpt>
      <trkpt lat="37.1376" lon="-3.42872">
        <ele>1612.6</ele>
      </trkpt>
      <trkpt lat="37.13758" lon="-3.42869">
        <ele>1613.0</ele>
      </trkpt>
      <trkpt lat="37.13754" lon="-3.42866">
        <ele>1613.8</ele>
      </trkpt>
      <trkpt lat="37.13752" lon="-3.42865">
        <ele>1614.3</ele>
      </trkpt>
      <trkpt lat="37.13749" lon="-3.42863">
        <ele>1615.0</ele>
      </trkpt>
      <trkpt lat="37.13746" lon="-3.42862">
        <ele>1616.0</ele>
      </trkpt>
      <trkpt lat="37.13742" lon="-3.42862">
        <ele>1617.3</ele>
      </trkpt>
      <trkpt lat="37.13739" lon="-3.42862">
        <ele>1618.3</ele>
      </trkpt>
      <trkpt lat="37.13735" lon="-3.42862">
        <ele>1619.6</ele>
      </trkpt>
      <trkpt lat="37.13732" lon="-3.42863">
        <ele>1620.6</ele>
      </trkpt>
      <trkpt lat="37.13728" lon="-3.42864">
        <ele>1621.8</ele>
      </trkpt>
      <trkpt lat="37.13725" lon="-3.42866">
        <ele>1622.8</ele>
      </trkpt>
      <trkpt lat="37.13721" lon="-3.4287">
        <ele>1624.0</ele>
      </trkpt>
      <trkpt lat="37.13718" lon="-3.42872">
        <ele>1624.9</ele>
      </trkpt>
      <trkpt lat="37.13716" lon="-3.42875">
        <ele>1625.4</ele>
      </trkpt>
      <trkpt lat="37.13715" lon="-3.42876">
        <ele>1625.7</ele>
      </trkpt>
      <trkpt lat="37.13713" lon="-3.42879">
        <ele>1626.2</ele>
      </trkpt>
      <trkpt lat="37.13712" lon="-3.42881">
        <ele>1626.4</ele>
      </trkpt>
      <trkpt lat="37.13711" lon="-3.42885">
        <ele>1626.6</ele>
      </trkpt>
      <trkpt lat="37.1371" lon="-3.42888">
        <ele>1626.7</ele>
      </trkpt>
      <trkpt lat="37.1371" lon="-3.42892">
        <ele>1626.6</ele>
      </trkpt>
      <trkpt lat="37.1371" lon="-3.42895">
        <ele>1626.5</ele>
      </trkpt>
      <trkpt lat="37.1371" lon="-3.42896">
        <ele>1626.4</ele>
      </trkpt>
      <trkpt lat="37.13711" lon="-3.429">
        <ele>1626.0</ele>
      </trkpt>
      <trkpt lat="37.13711" lon="-3.42905">
        <ele>1625.8</ele>
      </trkpt>
      <trkpt lat="37.13712" lon="-3.42912">
        <ele>1625.3</ele>
      </trkpt>
      <trkpt lat="37.13713" lon="-3.4292">
        <ele>1624.6</ele>
      </trkpt>
      <trkpt lat="37.13714" lon="-3.42928">
        <ele>1623.9</ele>
      </trkpt>
      <trkpt lat="37.13715" lon="-3.42935">
        <ele>1623.1</ele>
      </trkpt>
      <trkpt lat="37.13715" lon="-3.4294">
        <ele>1622.8</ele>
      </trkpt>
      <trkpt lat="37.13715" lon="-3.42945">
        <ele>1622.5</ele>
      </trkpt>
      <trkpt lat="37.13715" lon="-3.42949">
        <ele>1622.2</ele>
      </trkpt>
      <trkpt lat="37.13715" lon="-3.42955">
        <ele>1621.8</ele>
      </trkpt>
      <trkpt lat="37.13714" lon="-3.42961">
        <ele>1621.6</ele>
      </trkpt>
      <trkpt lat="37.13713" lon="-3.42962">
        <ele>1621.7</ele>
      </trkpt>
      <trkpt lat="37.13712" lon="-3.42966">
        <ele>1621.7</ele>
      </trkpt>
      <trkpt lat="37.1371" lon="-3.42971">
        <ele>1621.7</ele>
      </trkpt>
      <trkpt lat="37.13708" lon="-3.42976">
        <ele>1621.8</ele>
      </trkpt>
      <trkpt lat="37.13706" lon="-3.42979">
        <ele>1622.0</ele>
      </trkpt>
      <trkpt lat="37.13704" lon="-3.42981">
        <ele>1622.2</ele>
      </trkpt>
      <trkpt lat="37.13702" lon="-3.42983">
        <ele>1622.5</ele>
      </trkpt>
      <trkpt lat="37.13699" lon="-3.42985">
        <ele>1623.0</ele>
      </trkpt>
      <trkpt lat="37.13697" lon="-3.42987">
        <ele>1623.2</ele>
      </trkpt>
      <trkpt lat="37.13694" lon="-3.42988">
        <ele>1623.7</ele>
      </trkpt>
      <trkpt lat="37.13692" lon="-3.42988">
        <ele>1624.1</ele>
      </trkpt>
      <trkpt lat="37.13689" lon="-3.42989">
        <ele>1624.6</ele>
      </trkpt>
      <trkpt lat="37.13685" lon="-3.42989">
        <ele>1625.4</ele>
      </trkpt>
      <trkpt lat="37.1368" lon="-3.42989">
        <ele>1626.4</ele>
      </trkpt>
      <trkpt lat="37.13675" lon="-3.42987">
        <ele>1627.6</ele>
      </trkpt>
      <trkpt lat="37.13671" lon="-3.42985">
        <ele>1628.6</ele>
      </trkpt>
      <trkpt lat="37.13668" lon="-3.42984">
        <ele>1629.3</ele>
      </trkpt>
      <trkpt lat="37.13665" lon="-3.4298">
        <ele>1630.6</ele>
      </trkpt>
      <trkpt lat="37.13662" lon="-3.42976">
        <ele>1632.3</ele>
      </trkpt>
      <trkpt lat="37.1366" lon="-3.42973">
        <ele>1633.4</ele>
      </trkpt>
      <trkpt lat="37.13658" lon="-3.42969">
        <ele>1634.7</ele>
      </trkpt>
      <trkpt lat="37.13657" lon="-3.42968">
        <ele>1635.2</ele>
      </trkpt>
      <trkpt lat="37.13656" lon="-3.42962">
        <ele>1636.2</ele>
      </trkpt>
      <trkpt lat="37.13656" lon="-3.42957">
        <ele>1636.7</ele>
      </trkpt>
      <trkpt lat="37.13656" lon="-3.42952">
        <ele>1637.1</ele>
      </trkpt>
      <trkpt lat="37.13657" lon="-3.42948">
        <ele>1637.1</ele>
      </trkpt>
      <trkpt lat="37.13657" lon="-3.42944">
        <ele>1637.5</ele>
      </trkpt>
      <trkpt lat="37.1366" lon="-3.42937">
        <ele>1636.9</ele>
      </trkpt>
      <trkpt lat="37.13662" lon="-3.42933">
        <ele>1636.4</ele>
      </trkpt>
      <trkpt lat="37.13664" lon="-3.42929">
        <ele>1635.9</ele>
      </trkpt>
      <trkpt lat="37.13667" lon="-3.42925">
        <ele>1635.1</ele>
      </trkpt>
      <trkpt lat="37.13669" lon="-3.42919">
        <ele>1635.2</ele>
      </trkpt>
      <trkpt lat="37.13674" lon="-3.42908">
        <ele>1635.1</ele>
      </trkpt>
      <trkpt lat="37.13679" lon="-3.42895">
        <ele>1635.0</ele>
      </trkpt>
      <trkpt lat="37.13682" lon="-3.42887">
        <ele>1634.8</ele>
      </trkpt>
      <trkpt lat="37.13683" lon="-3.42886">
        <ele>1634.6</ele>
      </trkpt>
      <trkpt lat="37.13684" lon="-3.42883">
        <ele>1634.5</ele>
      </trkpt>
      <trkpt lat="37.13685" lon="-3.42881">
        <ele>1634.4</ele>
      </trkpt>
      <trkpt lat="37.13685" lon="-3.42878">
        <ele>1634.7</ele>
      </trkpt>
      <trkpt lat="37.13685" lon="-3.42876">
        <ele>1634.8</ele>
      </trkpt>
      <trkpt lat="37.13684" lon="-3.42874">
        <ele>1635.3</ele>
      </trkpt>
      <trkpt lat="37.13682" lon="-3.42872">
        <ele>1636.1</ele>
      </trkpt>
      <trkpt lat="37.13681" lon="-3.42871">
        <ele>1636.5</ele>
      </trkpt>
      <trkpt lat="37.13679" lon="-3.42871">
        <ele>1637.1</ele>
      </trkpt>
      <trkpt lat="37.13678" lon="-3.42872">
        <ele>1637.3</ele>
      </trkpt>
      <trkpt lat="37.13678" lon="-3.42872">
        <ele>1637.3</ele>
      </trkpt>
      <trkpt lat="37.13677" lon="-3.42872">
        <ele>1637.6</ele>
      </trkpt>
      <trkpt lat="37.13675" lon="-3.42873">
        <ele>1638.1</ele>
      </trkpt>
      <trkpt lat="37.13673" lon="-3.42875">
        <ele>1638.6</ele>
      </trkpt>
      <trkpt lat="37.13672" lon="-3.42877">
        <ele>1638.7</ele>
      </trkpt>
      <trkpt lat="37.13671" lon="-3.42882">
        <ele>1638.5</ele>
      </trkpt>
      <trkpt lat="37.13671" lon="-3.42887">
        <ele>1638.0</ele>
      </trkpt>
      <trkpt lat="37.1367" lon="-3.42892">
        <ele>1637.7</ele>
      </trkpt>
      <trkpt lat="37.13669" lon="-3.42897">
        <ele>1637.5</ele>
      </trkpt>
      <trkpt lat="37.13666" lon="-3.42904">
        <ele>1637.6</ele>
      </trkpt>
      <trkpt lat="37.13664" lon="-3.42909">
        <ele>1637.9</ele>
      </trkpt>
      <trkpt lat="37.13661" lon="-3.42914">
        <ele>1638.7</ele>
      </trkpt>
      <trkpt lat="37.13658" lon="-3.42919">
        <ele>1639.4</ele>
      </trkpt>
      <trkpt lat="37.13654" lon="-3.42923">
        <ele>1640.7</ele>
      </trkpt>
      <trkpt lat="37.1365" lon="-3.42928">
        <ele>1641.9</ele>
      </trkpt>
      <trkpt lat="37.13647" lon="-3.42933">
        <ele>1642.7</ele>
      </trkpt>
      <trkpt lat="37.13643" lon="-3.42938">
        <ele>1644.0</ele>
      </trkpt>
      <trkpt lat="37.13639" lon="-3.42943">
        <ele>1645.2</ele>
      </trkpt>
      <trkpt lat="37.13635" lon="-3.42949">
        <ele>1646.3</ele>
      </trkpt>
      <trkpt lat="37.13632" lon="-3.42956">
        <ele>1647.0</ele>
      </trkpt>
      <trkpt lat="37.1363" lon="-3.42963">
        <ele>1647.2</ele>
      </trkpt>
      <trkpt lat="37.13627" lon="-3.42972">
        <ele>1647.7</ele>
      </trkpt>
      <trkpt lat="37.13624" lon="-3.42982">
        <ele>1648.0</ele>
      </trkpt>
      <trkpt lat="37.13621" lon="-3.42992">
        <ele>1648.4</ele>
      </trkpt>
      <trkpt lat="37.1362" lon="-3.42997">
        <ele>1648.4</ele>
      </trkpt>
      <trkpt lat="37.13619" lon="-3.43002">
        <ele>1648.3</ele>
      </trkpt>
      <trkpt lat="37.13617" lon="-3.43006">
        <ele>1648.7</ele>
      </trkpt>
      <trkpt lat="37.13616" lon="-3.4301">
        <ele>1648.6</ele>
      </trkpt>
      <trkpt lat="37.13614" lon="-3.43014">
        <ele>1649.0</ele>
      </trkpt>
      <trkpt lat="37.13612" lon="-3.43018">
        <ele>1649.3</ele>
      </trkpt>
      <trkpt lat="37.13609" lon="-3.43025">
        <ele>1649.5</ele>
      </trkpt>
      <trkpt lat="37.13593" lon="-3.43051">
        <ele>1651.9</ele>
      </trkpt>
      <trkpt lat="37.13581" lon="-3.43072">
        <ele>1652.6</ele>
      </trkpt>
      <trkpt lat="37.13576" lon="-3.43079">
        <ele>1652.8</ele>
      </trkpt>
      <trkpt lat="37.13574" lon="-3.43083">
        <ele>1652.7</ele>
      </trkpt>
      <trkpt lat="37.1357" lon="-3.43086">
        <ele>1653.3</ele>
      </trkpt>
      <trkpt lat="37.13568" lon="-3.43088">
        <ele>1653.4</ele>
      </trkpt>
      <trkpt lat="37.13564" lon="-3.4309">
        <ele>1654.1</ele>
      </trkpt>
      <trkpt lat="37.13561" lon="-3.43091">
        <ele>1654.8</ele>
      </trkpt>
      <trkpt lat="37.13556" lon="-3.43093">
        <ele>1655.7</ele>
      </trkpt>
      <trkpt lat="37.13552" lon="-3.43094">
        <ele>1656.7</ele>
      </trkpt>
      <trkpt lat="37.13548" lon="-3.43096">
        <ele>1657.3</ele>
      </trkpt>
      <trkpt lat="37.13546" lon="-3.43097">
        <ele>1657.7</ele>
      </trkpt>
      <trkpt lat="37.13543" lon="-3.431">
        <ele>1657.8</ele>
      </trkpt>
      <trkpt lat="37.1354" lon="-3.43102">
        <ele>1658.2</ele>
      </trkpt>
      <trkpt lat="37.13538" lon="-3.43105">
        <ele>1658.1</ele>
      </trkpt>
      <trkpt lat="37.13536" lon="-3.43107">
        <ele>1658.2</ele>
      </trkpt>
      <trkpt lat="37.13535" lon="-3.43111">
        <ele>1657.5</ele>
      </trkpt>
      <trkpt lat="37.13533" lon="-3.43115">
        <ele>1657.1</ele>
      </trkpt>
      <trkpt lat="37.13532" lon="-3.43119">
        <ele>1656.5</ele>
      </trkpt>
      <trkpt lat="37.13531" lon="-3.43122">
        <ele>1656.0</ele>
      </trkpt>
      <trkpt lat="37.13529" lon="-3.43126">
        <ele>1655.6</ele>
      </trkpt>
      <trkpt lat="37.13527" lon="-3.4313">
        <ele>1655.2</ele>
      </trkpt>
      <trkpt lat="37.13525" lon="-3.43133">
        <ele>1655.0</ele>
      </trkpt>
      <trkpt lat="37.13523" lon="-3.43136">
        <ele>1654.8</ele>
      </trkpt>
      <trkpt lat="37.13521" lon="-3.43138">
        <ele>1654.8</ele>
      </trkpt>
      <trkpt lat="37.13518" lon="-3.43141">
        <ele>1654.9</ele>
      </trkpt>
      <trkpt lat="37.13514" lon="-3.43144">
        <ele>1655.2</ele>
      </trkpt>
      <trkpt lat="37.1351" lon="-3.43145">
        <ele>1655.9</ele>
      </trkpt>
      <trkpt lat="37.13508" lon="-3.43146">
        <ele>1656.2</ele>
      </trkpt>
      <trkpt lat="37.13504" lon="-3.43147">
        <ele>1657.0</ele>
      </trkpt>
      <trkpt lat="37.135" lon="-3.43148">
        <ele>1657.7</ele>
      </trkpt>
      <trkpt lat="37.13496" lon="-3.43148">
        <ele>1659.0</ele>
      </trkpt>
      <trkpt lat="37.13491" lon="-3.43149">
        <ele>1660.3</ele>
      </trkpt>
      <trkpt lat="37.13486" lon="-3.43151">
        <ele>1661.4</ele>
      </trkpt>
      <trkpt lat="37.13483" lon="-3.43152">
        <ele>1662.1</ele>
      </trkpt>
      <trkpt lat="37.13482" lon="-3.43153">
        <ele>1662.1</ele>
      </trkpt>
      <trkpt lat="37.1348" lon="-3.43154">
        <ele>1662.5</ele>
      </trkpt>
      <trkpt lat="37.13476" lon="-3.43158">
        <ele>1662.8</ele>
      </trkpt>
      <trkpt lat="37.13473" lon="-3.43161">
        <ele>1663.1</ele>
      </trkpt>
      <trkpt lat="37.13469" lon="-3.43165">
        <ele>1663.4</ele>
      </trkpt>
      <trkpt lat="37.13465" lon="-3.43169">
        <ele>1663.8</ele>
      </trkpt>
      <trkpt lat="37.13461" lon="-3.43173">
        <ele>1664.3</ele>
      </trkpt>
      <trkpt lat="37.13455" lon="-3.43179">
        <ele>1665.0</ele>
      </trkpt>
      <trkpt lat="37.13451" lon="-3.43183">
        <ele>1665.5</ele>
      </trkpt>
      <trkpt lat="37.13448" lon="-3.43186">
        <ele>1665.9</ele>
      </trkpt>
      <trkpt lat="37.13446" lon="-3.4319">
        <ele>1665.7</ele>
      </trkpt>
      <trkpt lat="37.13443" lon="-3.43194">
        <ele>1665.9</ele>
      </trkpt>
      <trkpt lat="37.13441" lon="-3.43198">
        <ele>1665.8</ele>
      </trkpt>
      <trkpt lat="37.13439" lon="-3.43203">
        <ele>1665.4</ele>
      </trkpt>
      <trkpt lat="37.13437" lon="-3.43209">
        <ele>1664.9</ele>
      </trkpt>
      <trkpt lat="37.13434" lon="-3.43215">
        <ele>1664.7</ele>
      </trkpt>
      <trkpt lat="37.13428" lon="-3.43223">
        <ele>1665.2</ele>
      </trkpt>
      <trkpt lat="37.13421" lon="-3.43233">
        <ele>1665.7</ele>
      </trkpt>
      <trkpt lat="37.13415" lon="-3.43241">
        <ele>1666.1</ele>
      </trkpt>
      <trkpt lat="37.1341" lon="-3.43248">
        <ele>1665.9</ele>
      </trkpt>
      <trkpt lat="37.13408" lon="-3.4325">
        <ele>1666.0</ele>
      </trkpt>
      <trkpt lat="37.13406" lon="-3.43252">
        <ele>1666.1</ele>
      </trkpt>
      <trkpt lat="37.13404" lon="-3.43254">
        <ele>1666.2</ele>
      </trkpt>
      <trkpt lat="37.134" lon="-3.43257">
        <ele>1666.6</ele>
      </trkpt>
      <trkpt lat="37.13395" lon="-3.43261">
        <ele>1667.0</ele>
      </trkpt>
      <trkpt lat="37.13394" lon="-3.43261">
        <ele>1667.3</ele>
      </trkpt>
      <trkpt lat="37.13391" lon="-3.43263">
        <ele>1667.6</ele>
      </trkpt>
      <trkpt lat="37.13388" lon="-3.43264">
        <ele>1668.1</ele>
      </trkpt>
      <trkpt lat="37.13382" lon="-3.43267">
        <ele>1669.0</ele>
      </trkpt>
      <trkpt lat="37.13376" lon="-3.43269">
        <ele>1670.1</ele>
      </trkpt>
      <trkpt lat="37.13375" lon="-3.4327">
        <ele>1670.1</ele>
      </trkpt>
      <trkpt lat="37.13369" lon="-3.43273">
        <ele>1671.0</ele>
      </trkpt>
      <trkpt lat="37.13367" lon="-3.43275">
        <ele>1671.2</ele>
      </trkpt>
      <trkpt lat="37.13361" lon="-3.43279">
        <ele>1671.9</ele>
      </trkpt>
      <trkpt lat="37.13354" lon="-3.43284">
        <ele>1672.8</ele>
      </trkpt>
      <trkpt lat="37.13348" lon="-3.43287">
        <ele>1673.7</ele>
      </trkpt>
      <trkpt lat="37.13344" lon="-3.4329">
        <ele>1674.2</ele>
      </trkpt>
      <trkpt lat="37.13343" lon="-3.43291">
        <ele>1674.3</ele>
      </trkpt>
      <trkpt lat="37.13338" lon="-3.43295">
        <ele>1674.9</ele>
      </trkpt>
      <trkpt lat="37.13334" lon="-3.43299">
        <ele>1675.2</ele>
      </trkpt>
      <trkpt lat="37.13331" lon="-3.43303">
        <ele>1675.2</ele>
      </trkpt>
      <trkpt lat="37.1333" lon="-3.43303">
        <ele>1675.4</ele>
      </trkpt>
      <trkpt lat="37.1333" lon="-3.43304">
        <ele>1675.3</ele>
      </trkpt>
      <trkpt lat="37.13326" lon="-3.43308">
        <ele>1675.5</ele>
      </trkpt>
      <trkpt lat="37.13322" lon="-3.43312">
        <ele>1675.7</ele>
      </trkpt>
      <trkpt lat="37.13319" lon="-3.43314">
        <ele>1676.0</ele>
      </trkpt>
      <trkpt lat="37.13316" lon="-3.43315">
        <ele>1676.5</ele>
      </trkpt>
      <trkpt lat="37.13316" lon="-3.43315">
        <ele>1676.5</ele>
      </trkpt>
      <trkpt lat="37.13318" lon="-3.43311">
        <ele>1676.6</ele>
      </trkpt>
      <trkpt lat="37.13322" lon="-3.43303">
        <ele>1677.0</ele>
      </trkpt>
      <trkpt lat="37.13328" lon="-3.43291">
        <ele>1677.7</ele>
      </trkpt>
      <trkpt lat="37.13331" lon="-3.43282">
        <ele>1678.5</ele>
      </trkpt>
      <trkpt lat="37.13333" lon="-3.43275">
        <ele>1679.2</ele>
      </trkpt>
      <trkpt lat="37.13336" lon="-3.43265">
        <ele>1680.0</ele>
      </trkpt>
      <trkpt lat="37.13336" lon="-3.43258">
        <ele>1681.1</ele>
      </trkpt>
      <trkpt lat="37.13336" lon="-3.43256">
        <ele>1681.5</ele>
      </trkpt>
      <trkpt lat="37.13336" lon="-3.43251">
        <ele>1682.2</ele>
      </trkpt>
      <trkpt lat="37.13336" lon="-3.43242">
        <ele>1683.6</ele>
      </trkpt>
      <trkpt lat="37.13336" lon="-3.43238">
        <ele>1684.1</ele>
      </trkpt>
      <trkpt lat="37.13335" lon="-3.43212">
        <ele>1688.1</ele>
      </trkpt>
      <trkpt lat="37.13337" lon="-3.43196">
        <ele>1690.1</ele>
      </trkpt>
      <trkpt lat="37.13341" lon="-3.43182">
        <ele>1691.3</ele>
      </trkpt>
      <trkpt lat="37.1334" lon="-3.43182">
        <ele>1666.8</ele>
      </trkpt>
      <trkpt lat="37.1335" lon="-3.43169">
        <ele>1669.1</ele>
      </trkpt>
      <trkpt lat="37.133676" lon="-3.431587">
        <ele>1690.4</ele>
      </trkpt>
      <trkpt lat="37.13374" lon="-3.43155">
        <ele>1671.3</ele>
      </trkpt>
      <trkpt lat="37.13388" lon="-3.43135">
        <ele>1671.3</ele>
      </trkpt>
      <trkpt lat="37.13399" lon="-3.43094">
        <ele>1675.2</ele>
      </trkpt>
      <trkpt lat="37.13431" lon="-3.43035">
        <ele>1679.2</ele>
      </trkpt>
      <trkpt lat="37.13449" lon="-3.4298">
        <ele>1682.9</ele>
      </trkpt>
      <trkpt lat="37.13467" lon="-3.42938">
        <ele>1686.6</ele>
      </trkpt>
      <trkpt lat="37.13472" lon="-3.42918">
        <ele>1687.3</ele>
      </trkpt>
      <trkpt lat="37.13477" lon="-3.42836">
        <ele>1693.8</ele>
      </trkpt>
      <trkpt lat="37.13487" lon="-3.42789">
        <ele>1697.8</ele>
      </trkpt>
      <trkpt lat="37.13485" lon="-3.42774">
        <ele>1697.8</ele>
      </trkpt>
      <trkpt lat="37.13481" lon="-3.42761">
        <ele>1698.7</ele>
      </trkpt>
      <trkpt lat="37.13475" lon="-3.4275">
        <ele>1699.7</ele>
      </trkpt>
      <trkpt lat="37.13464" lon="-3.42748">
        <ele>1703.1</ele>
      </trkpt>
      <trkpt lat="37.13457" lon="-3.4275">
        <ele>1703.1</ele>
      </trkpt>
      <trkpt lat="37.13453" lon="-3.42761">
        <ele>1704.2</ele>
      </trkpt>
      <trkpt lat="37.13454" lon="-3.42796">
        <ele>1707.2</ele>
      </trkpt>
      <trkpt lat="37.1345" lon="-3.42809">
        <ele>1707.9</ele>
      </trkpt>
      <trkpt lat="37.13438" lon="-3.42823">
        <ele>1709.6</ele>
      </trkpt>
      <trkpt lat="37.13406" lon="-3.42839">
        <ele>1712.5</ele>
      </trkpt>
      <trkpt lat="37.13374" lon="-3.4289">
        <ele>1715.4</ele>
      </trkpt>
      <trkpt lat="37.13312" lon="-3.42971">
        <ele>1721.3</ele>
      </trkpt>
      <trkpt lat="37.13302" lon="-3.42979">
        <ele>1722.1</ele>
      </trkpt>
      <trkpt lat="37.13292" lon="-3.42984">
        <ele>1722.6</ele>
      </trkpt>
      <trkpt lat="37.13282" lon="-3.42985">
        <ele>1725.1</ele>
      </trkpt>
      <trkpt lat="37.13274" lon="-3.42979">
        <ele>1725.1</ele>
      </trkpt>
      <trkpt lat="37.13268" lon="-3.42968">
        <ele>1727.1</ele>
      </trkpt>
      <trkpt lat="37.13267" lon="-3.42954">
        <ele>1727.5</ele>
      </trkpt>
      <trkpt lat="37.13272" lon="-3.42944">
        <ele>1728.4</ele>
      </trkpt>
      <trkpt lat="37.13303" lon="-3.42904">
        <ele>1732.4</ele>
      </trkpt>
      <trkpt lat="37.1331" lon="-3.42887">
        <ele>1733.5</ele>
      </trkpt>
      <trkpt lat="37.13313" lon="-3.42876">
        <ele>1733.5</ele>
      </trkpt>
      <trkpt lat="37.13316" lon="-3.42823">
        <ele>1738.6</ele>
      </trkpt>
      <trkpt lat="37.13327" lon="-3.42788">
        <ele>1741.7</ele>
      </trkpt>
      <trkpt lat="37.1333" lon="-3.4276">
        <ele>1742.5</ele>
      </trkpt>
      <trkpt lat="37.13343" lon="-3.42701">
        <ele>1746.6</ele>
      </trkpt>
      <trkpt lat="37.13342" lon="-3.42687">
        <ele>1747.6</ele>
      </trkpt>
      <trkpt lat="37.13334" lon="-3.42674">
        <ele>1749.2</ele>
      </trkpt>
      <trkpt lat="37.13324" lon="-3.42673">
        <ele>1750.2</ele>
      </trkpt>
      <trkpt lat="37.13312" lon="-3.42675">
        <ele>1751.2</ele>
      </trkpt>
      <trkpt lat="37.13304" lon="-3.42682">
        <ele>1752.5</ele>
      </trkpt>
      <trkpt lat="37.13289" lon="-3.42714">
        <ele>1755.3</ele>
      </trkpt>
      <trkpt lat="37.13234" lon="-3.42774">
        <ele>1761.7</ele>
      </trkpt>
      <trkpt lat="37.13211" lon="-3.42811">
        <ele>1761.7</ele>
      </trkpt>
      <trkpt lat="37.13161" lon="-3.42863">
        <ele>1770.0</ele>
      </trkpt>
      <trkpt lat="37.13111" lon="-3.42946">
        <ele>1775.2</ele>
      </trkpt>
      <trkpt lat="37.13101" lon="-3.42954">
        <ele>1776.1</ele>
      </trkpt>
      <trkpt lat="37.13092" lon="-3.42957">
        <ele>1776.1</ele>
      </trkpt>
      <trkpt lat="37.13082" lon="-3.42951">
        <ele>1779.0</ele>
      </trkpt>
      <trkpt lat="37.13075" lon="-3.42938">
        <ele>1779.0</ele>
      </trkpt>
      <trkpt lat="37.13074" lon="-3.42918">
        <ele>1781.7</ele>
      </trkpt>
      <trkpt lat="37.13081" lon="-3.42903">
        <ele>1781.7</ele>
      </trkpt>
      <trkpt lat="37.13103" lon="-3.42872">
        <ele>1785.3</ele>
      </trkpt>
      <trkpt lat="37.13115" lon="-3.4285">
        <ele>1788.8</ele>
      </trkpt>
      <trkpt lat="37.13132" lon="-3.42795">
        <ele>1792.2</ele>
      </trkpt>
      <trkpt lat="37.13135" lon="-3.42771">
        <ele>1792.2</ele>
      </trkpt>
      <trkpt lat="37.1313" lon="-3.42694">
        <ele>1798.4</ele>
      </trkpt>
      <trkpt lat="37.13105" lon="-3.4262">
        <ele>1805.6</ele>
      </trkpt>
      <trkpt lat="37.13104" lon="-3.42579">
        <ele>1807.5</ele>
      </trkpt>
      <trkpt lat="37.13098" lon="-3.42543">
        <ele>1811.5</ele>
      </trkpt>
      <trkpt lat="37.13084" lon="-3.425">
        <ele>1813.4</ele>
      </trkpt>
      <trkpt lat="37.13074" lon="-3.42483">
        <ele>1815.2</ele>
      </trkpt>
      <trkpt lat="37.13062" lon="-3.42476">
        <ele>1816.7</ele>
      </trkpt>
      <trkpt lat="37.13051" lon="-3.42477">
        <ele>1816.7</ele>
      </trkpt>
      <trkpt lat="37.13045" lon="-3.42484">
        <ele>1819.3</ele>
      </trkpt>
      <trkpt lat="37.13042" lon="-3.42498">
        <ele>1820.7</ele>
      </trkpt>
      <trkpt lat="37.13045" lon="-3.42512">
        <ele>1820.7</ele>
      </trkpt>
      <trkpt lat="37.13056" lon="-3.42531">
        <ele>1823.3</ele>
      </trkpt>
      <trkpt lat="37.13061" lon="-3.42546">
        <ele>1824.5</ele>
      </trkpt>
      <trkpt lat="37.13057" lon="-3.42564">
        <ele>1824.5</ele>
      </trkpt>
      <trkpt lat="37.13033" lon="-3.42599">
        <ele>1827.6</ele>
      </trkpt>
      <trkpt lat="37.13029" lon="-3.42613">
        <ele>1830.0</ele>
      </trkpt>
      <trkpt lat="37.13034" lon="-3.42646">
        <ele>1831.9</ele>
      </trkpt>
      <trkpt lat="37.13032" lon="-3.42656">
        <ele>1832.6</ele>
      </trkpt>
      <trkpt lat="37.12999" lon="-3.42728">
        <ele>1837.7</ele>
      </trkpt>
      <trkpt lat="37.1299" lon="-3.42736">
        <ele>1837.7</ele>
      </trkpt>
      <trkpt lat="37.12979" lon="-3.42741">
        <ele>1840.0</ele>
      </trkpt>
      <trkpt lat="37.12968" lon="-3.42737">
        <ele>1840.0</ele>
      </trkpt>
      <trkpt lat="37.12957" lon="-3.42723">
        <ele>1841.4</ele>
      </trkpt>
      <trkpt lat="37.12949" lon="-3.42706">
        <ele>1842.5</ele>
      </trkpt>
      <trkpt lat="37.12945" lon="-3.42667">
        <ele>1845.3</ele>
      </trkpt>
      <trkpt lat="37.1294" lon="-3.42648">
        <ele>1846.9</ele>
      </trkpt>
      <trkpt lat="37.12932" lon="-3.42638">
        <ele>1846.9</ele>
      </trkpt>
      <trkpt lat="37.1292" lon="-3.42633">
        <ele>1848.6</ele>
      </trkpt>
      <trkpt lat="37.12912" lon="-3.42632">
        <ele>1849.5</ele>
      </trkpt>
      <trkpt lat="37.12901" lon="-3.42642">
        <ele>1850.8</ele>
      </trkpt>
      <trkpt lat="37.12886" lon="-3.4268">
        <ele>1854.9</ele>
      </trkpt>
      <trkpt lat="37.1287" lon="-3.42707">
        <ele>1855.7</ele>
      </trkpt>
      <trkpt lat="37.12867" lon="-3.42723">
        <ele>1858.3</ele>
      </trkpt>
      <trkpt lat="37.12861" lon="-3.42829">
        <ele>1866.0</ele>
      </trkpt>
      <trkpt lat="37.12855" lon="-3.4286">
        <ele>1866.4</ele>
      </trkpt>
      <trkpt lat="37.12855" lon="-3.42859">
        <ele>1866.3</ele>
      </trkpt>
      <trkpt lat="37.12852" lon="-3.42877">
        <ele>1866.3</ele>
      </trkpt>
      <trkpt lat="37.12834" lon="-3.42923">
        <ele>1871.9</ele>
      </trkpt>
      <trkpt lat="37.12821" lon="-3.42961">
        <ele>1873.3</ele>
      </trkpt>
      <trkpt lat="37.12809" lon="-3.43007">
        <ele>1875.5</ele>
      </trkpt>
      <trkpt lat="37.12799" lon="-3.43033">
        <ele>1877.9</ele>
      </trkpt>
      <trkpt lat="37.12788" lon="-3.43049">
        <ele>1881.5</ele>
      </trkpt>
      <trkpt lat="37.12779" lon="-3.43055">
        <ele>1881.5</ele>
      </trkpt>
      <trkpt lat="37.12743" lon="-3.43055">
        <ele>1884.3</ele>
      </trkpt>
      <trkpt lat="37.12732" lon="-3.4306">
        <ele>1884.3</ele>
      </trkpt>
      <trkpt lat="37.12726" lon="-3.43067">
        <ele>1887.4</ele>
      </trkpt>
      <trkpt lat="37.12714" lon="-3.4312">
        <ele>1889.9</ele>
      </trkpt>
      <trkpt lat="37.12706" lon="-3.43164">
        <ele>1892.9</ele>
      </trkpt>
      <trkpt lat="37.12707" lon="-3.43184">
        <ele>1894.5</ele>
      </trkpt>
      <trkpt lat="37.12729" lon="-3.43243">
        <ele>1898.1</ele>
      </trkpt>
      <trkpt lat="37.12731" lon="-3.43262">
        <ele>1901.6</ele>
      </trkpt>
      <trkpt lat="37.12733" lon="-3.43325">
        <ele>1904.2</ele>
      </trkpt>
      <trkpt lat="37.12727" lon="-3.43393">
        <ele>1908.8</ele>
      </trkpt>
      <trkpt lat="37.12722" lon="-3.43419">
        <ele>1909.7</ele>
      </trkpt>
      <trkpt lat="37.12699" lon="-3.43472">
        <ele>1912.8</ele>
      </trkpt>
      <trkpt lat="37.12689" lon="-3.4351">
        <ele>1914.8</ele>
      </trkpt>
      <trkpt lat="37.12678" lon="-3.43521">
        <ele>1916.4</ele>
      </trkpt>
      <trkpt lat="37.1265" lon="-3.43535">
        <ele>1918.1</ele>
      </trkpt>
      <trkpt lat="37.12633" lon="-3.4354">
        <ele>1918.8</ele>
      </trkpt>
      <trkpt lat="37.12547" lon="-3.43547">
        <ele>1924.2</ele>
      </trkpt>
      <trkpt lat="37.12508" lon="-3.43561">
        <ele>1925.6</ele>
      </trkpt>
      <trkpt lat="37.12468" lon="-3.43581">
        <ele>1927.6</ele>
      </trkpt>
      <trkpt lat="37.124035" lon="-3.43599">
        <ele>1930.9</ele>
      </trkpt>
      <trkpt lat="37.12339" lon="-3.43617">
        <ele>1935.7</ele>
      </trkpt>
      <trkpt lat="37.12275" lon="-3.43623">
        <ele>1941.9</ele>
      </trkpt>
      <trkpt lat="37.12234" lon="-3.43623">
        <ele>1944.5</ele>
      </trkpt>
      <trkpt lat="37.12223" lon="-3.43629">
        <ele>1945.9</ele>
      </trkpt>
      <trkpt lat="37.12185" lon="-3.43657">
        <ele>1950.2</ele>
      </trkpt>
      <trkpt lat="37.12177" lon="-3.4367">
        <ele>1950.2</ele>
      </trkpt>
      <trkpt lat="37.12175" lon="-3.43682">
        <ele>1951.2</ele>
      </trkpt>
      <trkpt lat="37.12175" lon="-3.43704">
        <ele>1952.2</ele>
      </trkpt>
      <trkpt lat="37.12172" lon="-3.43716">
        <ele>1952.8</ele>
      </trkpt>
      <trkpt lat="37.12164" lon="-3.43731">
        <ele>1953.7</ele>
      </trkpt>
      <trkpt lat="37.121146" lon="-3.437903">
        <ele>1959.3</ele>
      </trkpt>
      <trkpt lat="37.120653" lon="-3.438496">
        <ele>1965.1</ele>
      </trkpt>
      <trkpt lat="37.12016" lon="-3.43909">
        <ele>1969.6</ele>
      </trkpt>
      <trkpt lat="37.12006" lon="-3.43934">
        <ele>1971.6</ele>
      </trkpt>
      <trkpt lat="37.11998" lon="-3.43964">
        <ele>1973.4</ele>
      </trkpt>
      <trkpt lat="37.11995" lon="-3.43992">
        <ele>1974.9</ele>
      </trkpt>
      <trkpt lat="37.12001" lon="-3.4403">
        <ele>1977.2</ele>
      </trkpt>
      <trkpt lat="37.12" lon="-3.44043">
        <ele>1977.2</ele>
      </trkpt>
      <trkpt lat="37.11997" lon="-3.44055">
        <ele>1978.4</ele>
      </trkpt>
      <trkpt lat="37.11969" lon="-3.44079">
        <ele>1980.6</ele>
      </trkpt>
      <trkpt lat="37.11945" lon="-3.44111">
        <ele>1983.4</ele>
      </trkpt>
      <trkpt lat="37.11935" lon="-3.44112">
        <ele>1984.3</ele>
      </trkpt>
      <trkpt lat="37.11924" lon="-3.44111">
        <ele>1984.3</ele>
      </trkpt>
      <trkpt lat="37.11917" lon="-3.44104">
        <ele>1986.3</ele>
      </trkpt>
      <trkpt lat="37.11915" lon="-3.44092">
        <ele>1987.3</ele>
      </trkpt>
      <trkpt lat="37.11918" lon="-3.44082">
        <ele>1988.1</ele>
      </trkpt>
      <trkpt lat="37.11927" lon="-3.4407">
        <ele>1989.2</ele>
      </trkpt>
      <trkpt lat="37.11941" lon="-3.44063">
        <ele>1990.1</ele>
      </trkpt>
      <trkpt lat="37.11951" lon="-3.44055">
        <ele>1991.1</ele>
      </trkpt>
      <trkpt lat="37.11957" lon="-3.44037">
        <ele>1991.7</ele>
      </trkpt>
      <trkpt lat="37.11955" lon="-3.44023">
        <ele>1992.5</ele>
      </trkpt>
      <trkpt lat="37.11945" lon="-3.44009">
        <ele>1993.8</ele>
      </trkpt>
      <trkpt lat="37.11929" lon="-3.43996">
        <ele>1993.8</ele>
      </trkpt>
      <trkpt lat="37.11918" lon="-3.43978">
        <ele>1997.1</ele>
      </trkpt>
      <trkpt lat="37.1191" lon="-3.43957">
        <ele>1998.2</ele>
      </trkpt>
      <trkpt lat="37.11909" lon="-3.43934">
        <ele>1999.8</ele>
      </trkpt>
      <trkpt lat="37.11913" lon="-3.43916">
        <ele>1999.8</ele>
      </trkpt>
      <trkpt lat="37.11922" lon="-3.43894">
        <ele>2002.1</ele>
      </trkpt>
      <trkpt lat="37.11964" lon="-3.43808">
        <ele>2008.4</ele>
      </trkpt>
      <trkpt lat="37.1197" lon="-3.43788">
        <ele>2009.7</ele>
      </trkpt>
      <trkpt lat="37.11971" lon="-3.43765">
        <ele>2009.7</ele>
      </trkpt>
      <trkpt lat="37.11964" lon="-3.4369">
        <ele>2013.9</ele>
      </trkpt>
      <trkpt lat="37.11968" lon="-3.43628">
        <ele>2019.6</ele>
      </trkpt>
      <trkpt lat="37.11968" lon="-3.43602">
        <ele>2023.2</ele>
      </trkpt>
      <trkpt lat="37.11964" lon="-3.43572">
        <ele>2024.6</ele>
      </trkpt>
      <trkpt lat="37.11965" lon="-3.43562">
        <ele>2024.6</ele>
      </trkpt>
      <trkpt lat="37.11974" lon="-3.43542">
        <ele>2026.9</ele>
      </trkpt>
      <trkpt lat="37.12003" lon="-3.43516">
        <ele>2029.3</ele>
      </trkpt>
      <trkpt lat="37.12025" lon="-3.43472">
        <ele>2032.9</ele>
      </trkpt>
      <trkpt lat="37.12035" lon="-3.43467">
        <ele>2034.4</ele>
      </trkpt>
      <trkpt lat="37.12054" lon="-3.4346">
        <ele>2034.4</ele>
      </trkpt>
      <trkpt lat="37.12065" lon="-3.43453">
        <ele>2037.2</ele>
      </trkpt>
      <trkpt lat="37.12086" lon="-3.43426">
        <ele>2040.8</ele>
      </trkpt>
      <trkpt lat="37.12108" lon="-3.43404">
        <ele>2040.8</ele>
      </trkpt>
      <trkpt lat="37.12162" lon="-3.43357">
        <ele>2046.8</ele>
      </trkpt>
      <trkpt lat="37.12173" lon="-3.43351">
        <ele>2047.5</ele>
      </trkpt>
      <trkpt lat="37.12212" lon="-3.43353">
        <ele>2050.3</ele>
      </trkpt>
      <trkpt lat="37.12221" lon="-3.4335">
        <ele>2051.2</ele>
      </trkpt>
      <trkpt lat="37.12227" lon="-3.43333">
        <ele>2053.7</ele>
      </trkpt>
      <trkpt lat="37.12226" lon="-3.43318">
        <ele>2054.6</ele>
      </trkpt>
      <trkpt lat="37.12218" lon="-3.43304">
        <ele>2055.9</ele>
      </trkpt>
      <trkpt lat="37.12192" lon="-3.43286">
        <ele>2057.9</ele>
      </trkpt>
      <trkpt lat="37.12171" lon="-3.43279">
        <ele>2059.6</ele>
      </trkpt>
      <trkpt lat="37.12154" lon="-3.43283">
        <ele>2060.6</ele>
      </trkpt>
      <trkpt lat="37.12134" lon="-3.43291">
        <ele>2061.1</ele>
      </trkpt>
      <trkpt lat="37.12116" lon="-3.43291">
        <ele>2062.6</ele>
      </trkpt>
      <trkpt lat="37.12105" lon="-3.43279">
        <ele>2064.0</ele>
      </trkpt>
      <trkpt lat="37.12099" lon="-3.43263">
        <ele>2065.5</ele>
      </trkpt>
      <trkpt lat="37.12107" lon="-3.43243">
        <ele>2067.4</ele>
      </trkpt>
      <trkpt lat="37.1212" lon="-3.43235">
        <ele>2068.5</ele>
      </trkpt>
      <trkpt lat="37.1214" lon="-3.43224">
        <ele>2069.6</ele>
      </trkpt>
      <trkpt lat="37.12189" lon="-3.43185">
        <ele>2072.7</ele>
      </trkpt>
      <trkpt lat="37.12237" lon="-3.43143">
        <ele>2078.0</ele>
      </trkpt>
      <trkpt lat="37.1224" lon="-3.43124">
        <ele>2079.6</ele>
      </trkpt>
      <trkpt lat="37.12236" lon="-3.43104">
        <ele>2080.9</ele>
      </trkpt>
      <trkpt lat="37.12226" lon="-3.43095">
        <ele>2082.7</ele>
      </trkpt>
      <trkpt lat="37.12213" lon="-3.43094">
        <ele>2083.5</ele>
      </trkpt>
      <trkpt lat="37.12177" lon="-3.43113">
        <ele>2087.1</ele>
      </trkpt>
      <trkpt lat="37.12137" lon="-3.43121">
        <ele>2088.3</ele>
      </trkpt>
      <trkpt lat="37.12091" lon="-3.43141">
        <ele>2093.5</ele>
      </trkpt>
      <trkpt lat="37.12045" lon="-3.43161">
        <ele>2095.4</ele>
      </trkpt>
      <trkpt lat="37.12022" lon="-3.43162">
        <ele>2098.1</ele>
      </trkpt>
      <trkpt lat="37.12001" lon="-3.43154">
        <ele>2101.9</ele>
      </trkpt>
      <trkpt lat="37.11951" lon="-3.43106">
        <ele>2105.8</ele>
      </trkpt>
      <trkpt lat="37.11929" lon="-3.43101">
        <ele>2107.4</ele>
      </trkpt>
      <trkpt lat="37.11917" lon="-3.43102">
        <ele>2108.5</ele>
      </trkpt>
      <trkpt lat="37.11889" lon="-3.43128">
        <ele>2111.1</ele>
      </trkpt>
      <trkpt lat="37.11866" lon="-3.43135">
        <ele>2112.0</ele>
      </trkpt>
      <trkpt lat="37.11839" lon="-3.43135">
        <ele>2113.0</ele>
      </trkpt>
      <trkpt lat="37.11809" lon="-3.43128">
        <ele>2115.8</ele>
      </trkpt>
      <trkpt lat="37.11764" lon="-3.43075">
        <ele>2120.8</ele>
      </trkpt>
      <trkpt lat="37.11732" lon="-3.4304">
        <ele>2123.9</ele>
      </trkpt>
      <trkpt lat="37.1169" lon="-3.42967">
        <ele>2129.0</ele>
      </trkpt>
      <trkpt lat="37.1168" lon="-3.42931">
        <ele>2130.4</ele>
      </trkpt>
      <trkpt lat="37.11671" lon="-3.42849">
        <ele>2133.0</ele>
      </trkpt>
      <trkpt lat="37.11671" lon="-3.42782">
        <ele>2135.2</ele>
      </trkpt>
      <trkpt lat="37.1166" lon="-3.42687">
        <ele>2138.2</ele>
      </trkpt>
      <trkpt lat="37.11662" lon="-3.42626">
        <ele>2139.8</ele>
      </trkpt>
      <trkpt lat="37.11656" lon="-3.42595">
        <ele>2141.0</ele>
      </trkpt>
      <trkpt lat="37.11644" lon="-3.42561">
        <ele>2142.6</ele>
      </trkpt>
      <trkpt lat="37.11596" lon="-3.42492">
        <ele>2147.0</ele>
      </trkpt>
      <trkpt lat="37.1157" lon="-3.42451">
        <ele>2148.7</ele>
      </trkpt>
      <trkpt lat="37.11548" lon="-3.42408">
        <ele>2151.6</ele>
      </trkpt>
      <trkpt lat="37.11515" lon="-3.42328">
        <ele>2157.7</ele>
      </trkpt>
      <trkpt lat="37.114985" lon="-3.422744">
        <ele>2162.4</ele>
      </trkpt>
      <trkpt lat="37.11482" lon="-3.42221">
        <ele>2167.1</ele>
      </trkpt>
      <trkpt lat="37.11482" lon="-3.42215">
        <ele>2167.9</ele>
      </trkpt>
      <trkpt lat="37.1145" lon="-3.42172">
        <ele>2168.5</ele>
      </trkpt>
      <trkpt lat="37.11432" lon="-3.42158">
        <ele>2168.5</ele>
      </trkpt>
      <trkpt lat="37.11378" lon="-3.421229">
        <ele>2168.8</ele>
      </trkpt>
      <trkpt lat="37.11324" lon="-3.420879">
        <ele>2169.4</ele>
      </trkpt>
      <trkpt lat="37.1127" lon="-3.42053">
        <ele>2168.9</ele>
      </trkpt>
      <trkpt lat="37.1127" lon="-3.42054">
        <ele>2168.9</ele>
      </trkpt>
      <trkpt lat="37.112225" lon="-3.420224">
        <ele>2167.6</ele>
      </trkpt>
      <trkpt lat="37.11175" lon="-3.41991">
        <ele>2166.5</ele>
      </trkpt>
      <trkpt lat="37.11127" lon="-3.41963">
        <ele>2166.1</ele>
      </trkpt>
      <trkpt lat="37.111" lon="-3.41951">
        <ele>2165.5</ele>
      </trkpt>
      <trkpt lat="37.11019" lon="-3.419194">
        <ele>2163.4</ele>
      </trkpt>
      <trkpt lat="37.10938" lon="-3.41888">
        <ele>2162.6</ele>
      </trkpt>
      <trkpt lat="37.10916" lon="-3.41874">
        <ele>2162.6</ele>
      </trkpt>
      <trkpt lat="37.10899" lon="-3.41855">
        <ele>2162.6</ele>
      </trkpt>
      <trkpt lat="37.10885" lon="-3.41833">
        <ele>2162.6</ele>
      </trkpt>
      <trkpt lat="37.10876" lon="-3.41813">
        <ele>2162.4</ele>
      </trkpt>
      <trkpt lat="37.10855" lon="-3.417489">
        <ele>2161.6</ele>
      </trkpt>
      <trkpt lat="37.10834" lon="-3.41685">
        <ele>2160.4</ele>
      </trkpt>
      <trkpt lat="37.10823" lon="-3.41644">
        <ele>2159.7</ele>
      </trkpt>
      <trkpt lat="37.10814" lon="-3.41596">
        <ele>2158.8</ele>
      </trkpt>
      <trkpt lat="37.10813" lon="-3.41521">
        <ele>2158.3</ele>
      </trkpt>
      <trkpt lat="37.1082" lon="-3.41446">
        <ele>2155.9</ele>
      </trkpt>
      <trkpt lat="37.10821" lon="-3.41419">
        <ele>2155.7</ele>
      </trkpt>
      <trkpt lat="37.10816" lon="-3.41398">
        <ele>2155.1</ele>
      </trkpt>
      <trkpt lat="37.10809" lon="-3.41379">
        <ele>2154.4</ele>
      </trkpt>
      <trkpt lat="37.10766" lon="-3.41299">
        <ele>2146.7</ele>
      </trkpt>
      <trkpt lat="37.10753" lon="-3.41272">
        <ele>2161.5</ele>
      </trkpt>
      <trkpt lat="37.10752" lon="-3.41262">
        <ele>2162.3</ele>
      </trkpt>
      <trkpt lat="37.10746" lon="-3.4125">
        <ele>2162.1</ele>
      </trkpt>
      <trkpt lat="37.10746" lon="-3.41246">
        <ele>2162.2</ele>
      </trkpt>
      <trkpt lat="37.10746" lon="-3.41242">
        <ele>2162.4</ele>
      </trkpt>
      <trkpt lat="37.10752" lon="-3.41227">
        <ele>2164.0</ele>
      </trkpt>
      <trkpt lat="37.10757" lon="-3.41212">
        <ele>2165.3</ele>
      </trkpt>
      <trkpt lat="37.1076" lon="-3.412">
        <ele>2166.2</ele>
      </trkpt>
      <trkpt lat="37.10765" lon="-3.41179">
        <ele>2167.6</ele>
      </trkpt>
      <trkpt lat="37.10765" lon="-3.41147">
        <ele>2170.0</ele>
      </trkpt>
      <trkpt lat="37.10763" lon="-3.41131">
        <ele>2171.3</ele>
      </trkpt>
      <trkpt lat="37.10758" lon="-3.41115">
        <ele>2172.1</ele>
      </trkpt>
      <trkpt lat="37.10746" lon="-3.41084">
        <ele>2173.3</ele>
      </trkpt>
      <trkpt lat="37.10706" lon="-3.40999">
        <ele>2177.0</ele>
      </trkpt>
      <trkpt lat="37.10666" lon="-3.40915">
        <ele>2186.1</ele>
      </trkpt>
      <trkpt lat="37.10626" lon="-3.40831">
        <ele>2192.0</ele>
      </trkpt>
      <trkpt lat="37.10626" lon="-3.40831">
        <ele>2192.0</ele>
      </trkpt>
      <trkpt lat="37.10612" lon="-3.40802">
        <ele>2194.0</ele>
      </trkpt>
      <trkpt lat="37.10604" lon="-3.40788">
        <ele>2194.8</ele>
      </trkpt>
      <trkpt lat="37.10596" lon="-3.40776">
        <ele>2195.2</ele>
      </trkpt>
      <trkpt lat="37.10587" lon="-3.40766">
        <ele>2195.3</ele>
      </trkpt>
      <trkpt lat="37.10576" lon="-3.40757">
        <ele>2196.2</ele>
      </trkpt>
      <trkpt lat="37.10566" lon="-3.4075">
        <ele>2197.6</ele>
      </trkpt>
      <trkpt lat="37.10543" lon="-3.40742">
        <ele>2200.9</ele>
      </trkpt>
      <trkpt lat="37.10523" lon="-3.40739">
        <ele>2202.7</ele>
      </trkpt>
      <trkpt lat="37.10477" lon="-3.40741">
        <ele>2202.5</ele>
      </trkpt>
      <trkpt lat="37.10459" lon="-3.4074">
        <ele>2202.5</ele>
      </trkpt>
      <trkpt lat="37.10436" lon="-3.40738">
        <ele>2202.8</ele>
      </trkpt>
      <trkpt lat="37.10419" lon="-3.40733">
        <ele>2204.4</ele>
      </trkpt>
      <trkpt lat="37.1039" lon="-3.40722">
        <ele>2205.0</ele>
      </trkpt>
      <trkpt lat="37.10361" lon="-3.40705">
        <ele>2207.8</ele>
      </trkpt>
      <trkpt lat="37.10345" lon="-3.40693">
        <ele>2210.3</ele>
      </trkpt>
      <trkpt lat="37.10328" lon="-3.40678">
        <ele>2213.5</ele>
      </trkpt>
      <trkpt lat="37.10312" lon="-3.4066">
        <ele>2216.4</ele>
      </trkpt>
      <trkpt lat="37.10272" lon="-3.40612">
        <ele>2222.5</ele>
      </trkpt>
      <trkpt lat="37.10231" lon="-3.40565">
        <ele>2225.8</ele>
      </trkpt>
      <trkpt lat="37.10221" lon="-3.40552">
        <ele>2225.4</ele>
      </trkpt>
      <trkpt lat="37.10211" lon="-3.40536">
        <ele>2225.3</ele>
      </trkpt>
      <trkpt lat="37.10203" lon="-3.40521">
        <ele>2225.2</ele>
      </trkpt>
      <trkpt lat="37.10196" lon="-3.40503">
        <ele>2225.8</ele>
      </trkpt>
      <trkpt lat="37.10191" lon="-3.40484">
        <ele>2227.6</ele>
      </trkpt>
      <trkpt lat="37.10186" lon="-3.40462">
        <ele>2230.1</ele>
      </trkpt>
      <trkpt lat="37.10175" lon="-3.40378">
        <ele>2242.0</ele>
      </trkpt>
      <trkpt lat="37.1017" lon="-3.40357">
        <ele>2243.9</ele>
      </trkpt>
      <trkpt lat="37.10164" lon="-3.40333">
        <ele>2246.2</ele>
      </trkpt>
      <trkpt lat="37.10156" lon="-3.40312">
        <ele>2249.2</ele>
      </trkpt>
      <trkpt lat="37.10139" lon="-3.40277">
        <ele>2252.6</ele>
      </trkpt>
      <trkpt lat="37.10097" lon="-3.40202">
        <ele>2255.5</ele>
      </trkpt>
      <trkpt lat="37.10055" lon="-3.40128">
        <ele>2258.8</ele>
      </trkpt>
      <trkpt lat="37.10039" lon="-3.40103">
        <ele>2259.8</ele>
      </trkpt>
      <trkpt lat="37.10024" lon="-3.40083">
        <ele>2260.3</ele>
      </trkpt>
      <trkpt lat="37.10024" lon="-3.40083">
        <ele>2260.3</ele>
      </trkpt>
      <trkpt lat="37.09995" lon="-3.40046">
        <ele>2263.1</ele>
      </trkpt>
      <trkpt lat="37.09976" lon="-3.40026">
        <ele>2264.9</ele>
      </trkpt>
      <trkpt lat="37.09958" lon="-3.40009">
        <ele>2266.5</ele>
      </trkpt>
      <trkpt lat="37.09917" lon="-3.39975">
        <ele>2270.7</ele>
      </trkpt>
      <trkpt lat="37.09873" lon="-3.39945">
        <ele>2267.8</ele>
      </trkpt>
      <trkpt lat="37.09861" lon="-3.39935">
        <ele>2267.8</ele>
      </trkpt>
      <trkpt lat="37.09853" lon="-3.39926">
        <ele>2268.7</ele>
      </trkpt>
      <trkpt lat="37.09849" lon="-3.3992">
        <ele>2269.8</ele>
      </trkpt>
      <trkpt lat="37.09841" lon="-3.39912">
        <ele>2269.6</ele>
      </trkpt>
      <trkpt lat="37.09839" lon="-3.39911">
        <ele>2269.2</ele>
      </trkpt>
      <trkpt lat="37.09836" lon="-3.39908">
        <ele>2268.9</ele>
      </trkpt>
      <trkpt lat="37.09834" lon="-3.39905">
        <ele>2269.0</ele>
      </trkpt>
      <trkpt lat="37.09834" lon="-3.39901">
        <ele>2270.0</ele>
      </trkpt>
      <trkpt lat="37.09834" lon="-3.39897">
        <ele>2270.9</ele>
      </trkpt>
      <trkpt lat="37.0982" lon="-3.39867">
        <ele>2273.3</ele>
      </trkpt>
      <trkpt lat="37.09811" lon="-3.39843">
        <ele>2276.3</ele>
      </trkpt>
      <trkpt lat="37.09798" lon="-3.39822">
        <ele>2277.0</ele>
      </trkpt>
      <trkpt lat="37.09779" lon="-3.39801">
        <ele>2275.1</ele>
      </trkpt>
      <trkpt lat="37.09744" lon="-3.39775">
        <ele>2268.0</ele>
      </trkpt>
      <trkpt lat="37.09726" lon="-3.39755">
        <ele>2264.9</ele>
      </trkpt>
      <trkpt lat="37.09699" lon="-3.39709">
        <ele>2262.7</ele>
      </trkpt>
      <trkpt lat="37.09672" lon="-3.39663">
        <ele>2261.9</ele>
      </trkpt>
      <trkpt lat="37.0966" lon="-3.39644">
        <ele>2262.9</ele>
      </trkpt>
      <trkpt lat="37.09637" lon="-3.39627">
        <ele>2259.9</ele>
      </trkpt>
      <trkpt lat="37.09574" lon="-3.39602">
        <ele>2249.2</ele>
      </trkpt>
      <trkpt lat="37.09563" lon="-3.39597">
        <ele>2248.8</ele>
      </trkpt>
      <trkpt lat="37.09563" lon="-3.39597">
        <ele>2248.8</ele>
      </trkpt>
      <trkpt lat="37.09537" lon="-3.39584">
        <ele>2247.8</ele>
      </trkpt>
      <trkpt lat="37.09497" lon="-3.39567">
        <ele>2244.4</ele>
      </trkpt>
      <trkpt lat="37.09432" lon="-3.39524">
        <ele>2243.7</ele>
      </trkpt>
      <trkpt lat="37.09382" lon="-3.39499">
        <ele>2242.7</ele>
      </trkpt>
      <trkpt lat="37.09367" lon="-3.39498">
        <ele>2241.4</ele>
      </trkpt>
      <trkpt lat="37.09352" lon="-3.39502">
        <ele>2238.6</ele>
      </trkpt>
      <trkpt lat="37.09332" lon="-3.39512">
        <ele>2234.3</ele>
      </trkpt>
      <trkpt lat="37.0932" lon="-3.39523">
        <ele>2232.1</ele>
      </trkpt>
      <trkpt lat="37.09318" lon="-3.39529">
        <ele>2230.8</ele>
      </trkpt>
      <trkpt lat="37.0932" lon="-3.39534">
        <ele>2229.7</ele>
      </trkpt>
      <trkpt lat="37.09323" lon="-3.39538">
        <ele>2228.7</ele>
      </trkpt>
      <trkpt lat="37.0933" lon="-3.39542">
        <ele>2227.5</ele>
      </trkpt>
      <trkpt lat="37.09342" lon="-3.39539">
        <ele>2229.0</ele>
      </trkpt>
      <trkpt lat="37.09356" lon="-3.39533">
        <ele>2231.9</ele>
      </trkpt>
      <trkpt lat="37.0937" lon="-3.39533">
        <ele>2233.4</ele>
      </trkpt>
      <trkpt lat="37.09383" lon="-3.39539">
        <ele>2233.5</ele>
      </trkpt>
      <trkpt lat="37.0942" lon="-3.39577">
        <ele>2229.0</ele>
      </trkpt>
      <trkpt lat="37.09441" lon="-3.39602">
        <ele>2226.8</ele>
      </trkpt>
      <trkpt lat="37.0946" lon="-3.3963">
        <ele>2222.7</ele>
      </trkpt>
      <trkpt lat="37.09473" lon="-3.39644">
        <ele>2220.4</ele>
      </trkpt>
      <trkpt lat="37.09473" lon="-3.39644">
        <ele>2220.4</ele>
      </trkpt>
      <trkpt lat="37.09485" lon="-3.39658">
        <ele>2217.6</ele>
      </trkpt>
      <trkpt lat="37.09492" lon="-3.39663">
        <ele>2216.6</ele>
      </trkpt>
      <trkpt lat="37.09516" lon="-3.39675">
        <ele>2216.2</ele>
      </trkpt>
      <trkpt lat="37.09541" lon="-3.39697">
        <ele>2214.5</ele>
      </trkpt>
      <trkpt lat="37.0956" lon="-3.39718">
        <ele>2212.5</ele>
      </trkpt>
      <trkpt lat="37.0957" lon="-3.39731">
        <ele>2211.1</ele>
      </trkpt>
      <trkpt lat="37.09578" lon="-3.39744">
        <ele>2209.5</ele>
      </trkpt>
      <trkpt lat="37.09586" lon="-3.3976">
        <ele>2207.5</ele>
      </trkpt>
      <trkpt lat="37.09609" lon="-3.39834">
        <ele>2200.1</ele>
      </trkpt>
      <trkpt lat="37.09628" lon="-3.39914">
        <ele>2193.2</ele>
      </trkpt>
      <trkpt lat="37.09628" lon="-3.39922">
        <ele>2191.5</ele>
      </trkpt>
      <trkpt lat="37.09628" lon="-3.39922">
        <ele>2191.5</ele>
      </trkpt>
      <trkpt lat="37.09627" lon="-3.39927">
        <ele>2190.0</ele>
      </trkpt>
      <trkpt lat="37.09624" lon="-3.3993">
        <ele>2188.2</ele>
      </trkpt>
      <trkpt lat="37.09621" lon="-3.39933">
        <ele>2186.4</ele>
      </trkpt>
      <trkpt lat="37.09616" lon="-3.39934">
        <ele>2184.3</ele>
      </trkpt>
      <trkpt lat="37.09611" lon="-3.39932">
        <ele>2182.9</ele>
      </trkpt>
      <trkpt lat="37.09608" lon="-3.39929">
        <ele>2182.4</ele>
      </trkpt>
      <trkpt lat="37.09599" lon="-3.39906">
        <ele>2183.0</ele>
      </trkpt>
      <trkpt lat="37.09597" lon="-3.39892">
        <ele>2184.5</ele>
      </trkpt>
      <trkpt lat="37.09595" lon="-3.39869">
        <ele>2187.3</ele>
      </trkpt>
      <trkpt lat="37.09593" lon="-3.39861">
        <ele>2187.6</ele>
      </trkpt>
      <trkpt lat="37.09571" lon="-3.39835">
        <ele>2184.1</ele>
      </trkpt>
      <trkpt lat="37.09557" lon="-3.39815">
        <ele>2186.5</ele>
      </trkpt>
      <trkpt lat="37.09557" lon="-3.39815">
        <ele>2186.5</ele>
      </trkpt>
      <trkpt lat="37.09543" lon="-3.39795">
        <ele>2189.5</ele>
      </trkpt>
      <trkpt lat="37.09535" lon="-3.39786">
        <ele>2190.7</ele>
      </trkpt>
      <trkpt lat="37.09526" lon="-3.3978">
        <ele>2190.9</ele>
      </trkpt>
      <trkpt lat="37.0952" lon="-3.3978">
        <ele>2189.8</ele>
      </trkpt>
      <trkpt lat="37.09512" lon="-3.39781">
        <ele>2188.1</ele>
      </trkpt>
      <trkpt lat="37.0949" lon="-3.398">
        <ele>2179.3</ele>
      </trkpt>
      <trkpt lat="37.09479" lon="-3.39803">
        <ele>2177.8</ele>
      </trkpt>
      <trkpt lat="37.09468" lon="-3.398">
        <ele>2178.3</ele>
      </trkpt>
      <trkpt lat="37.09456" lon="-3.39793">
        <ele>2180.0</ele>
      </trkpt>
      <trkpt lat="37.09443" lon="-3.39792">
        <ele>2179.7</ele>
      </trkpt>
      <trkpt lat="37.09396" lon="-3.39799">
        <ele>2175.5</ele>
      </trkpt>
      <trkpt lat="37.09396" lon="-3.39799">
        <ele>2175.5</ele>
      </trkpt>
      <trkpt lat="37.09387" lon="-3.39801">
        <ele>2174.6</ele>
      </trkpt>
      <trkpt lat="37.09364" lon="-3.39802">
        <ele>2173.7</ele>
      </trkpt>
      <trkpt lat="37.09349" lon="-3.39805">
        <ele>2172.3</ele>
      </trkpt>
      <trkpt lat="37.09344" lon="-3.39808">
        <ele>2171.2</ele>
      </trkpt>
      <trkpt lat="37.09343" lon="-3.39814">
        <ele>2169.3</ele>
      </trkpt>
      <trkpt lat="37.09343" lon="-3.3982">
        <ele>2167.4</ele>
      </trkpt>
      <trkpt lat="37.09347" lon="-3.39824">
        <ele>2166.3</ele>
      </trkpt>
      <trkpt lat="37.09353" lon="-3.39825">
        <ele>2166.1</ele>
      </trkpt>
      <trkpt lat="37.09361" lon="-3.39825">
        <ele>2166.3</ele>
      </trkpt>
      <trkpt lat="37.09382" lon="-3.39821">
        <ele>2168.1</ele>
      </trkpt>
      <trkpt lat="37.09402" lon="-3.39822">
        <ele>2168.3</ele>
      </trkpt>
      <trkpt lat="37.09417" lon="-3.39825">
        <ele>2167.7</ele>
      </trkpt>
      <trkpt lat="37.09427" lon="-3.39831">
        <ele>2166.3</ele>
      </trkpt>
      <trkpt lat="37.09469" lon="-3.39869">
        <ele>2161.9</ele>
      </trkpt>
      <trkpt lat="37.09469" lon="-3.39869">
        <ele>2161.9</ele>
      </trkpt>
      <trkpt lat="37.09495" lon="-3.39893">
        <ele>2160.6</ele>
      </trkpt>
      <trkpt lat="37.09502" lon="-3.399">
        <ele>2160.6</ele>
      </trkpt>
      <trkpt lat="37.09489" lon="-3.39914">
        <ele>2157.1</ele>
      </trkpt>
      <trkpt lat="37.09486" lon="-3.39915">
        <ele>2156.6</ele>
      </trkpt>
      <trkpt lat="37.09486" lon="-3.39915">
        <ele>2156.6</ele>
      </trkpt>
      <trkpt lat="37.09473" lon="-3.39921">
        <ele>2154.4</ele>
      </trkpt>
      <trkpt lat="37.094634" lon="-3.399376">
        <ele>2151.9</ele>
      </trkpt>
      <trkpt lat="37.09458" lon="-3.39947">
        <ele>2150.6</ele>
      </trkpt>
    </trkseg>
  </trk>
</gpx>
