<?xml version="1.0" encoding="UTF-8"?>
<gpx xmlns:gpxdata="http://www.cluetrust.com/XML/GPXDATA/1/0" xmlns:xsi="http://www.w3.org/2001/XMLSchema-instance" xmlns="http://www.topografix.com/GPX/1/1" version="1.1" creator="http://ridewithgps.com/" xsi:schemaLocation="http://www.topografix.com/GPX/1/1 http://www.topografix.com/GPX/1/1/gpx.xsd http://www.cluetrust.com/XML/GPXDATA/1/0 http://www.cluetrust.com/Schemas/gpxdata10.xsd">
  <metadata>
    <name>SNL - SUBIDA AL VELETA </name>
    <link href="https://ridewithgps.com/routes/50725749">
      <text>SNL - SUBIDA AL VELETA </text>
    </link>
    <time>2025-05-12T13:32:03Z</time>
  </metadata>
  <wpt lat="37.13277592725025" lon="-3.437540816277196">
    <name>AV 1 - Dornajo</name>
    <cmt>water</cmt>
    <sym>Dot</sym>
    <type>water</type>
  </wpt>
  <wpt lat="37.09404445531502" lon="-3.3844299212707907">
    <name>AV 2 - Hoya de la Mora</name>
    <cmt>water</cmt>
    <sym>Dot</sym>
    <type>water</type>
  </wpt>
  <trk>
    <name>SNL - SUBIDA AL VELETA </name>
    <trkseg>
      <trkpt lat="37.15611" lon="-3.53575">
        <ele>725.8</ele>
      </trkpt>
      <trkpt lat="37.15609" lon="-3.536">
        <ele>725.9</ele>
      </trkpt>
      <trkpt lat="37.15604" lon="-3.53629">
        <ele>725.7</ele>
      </trkpt>
      <trkpt lat="37.15597" lon="-3.53661">
        <ele>725.5</ele>
      </trkpt>
      <trkpt lat="37.156" lon="-3.53669">
        <ele>725.6</ele>
      </trkpt>
      <trkpt lat="37.15605" lon="-3.53673">
        <ele>725.8</ele>
      </trkpt>
      <trkpt lat="37.15612" lon="-3.53673">
        <ele>726.1</ele>
      </trkpt>
      <trkpt lat="37.15667" lon="-3.53649">
        <ele>728.0</ele>
      </trkpt>
      <trkpt lat="37.15685" lon="-3.53645">
        <ele>728.8</ele>
      </trkpt>
      <trkpt lat="37.1569" lon="-3.53647">
        <ele>729.1</ele>
      </trkpt>
      <trkpt lat="37.15693" lon="-3.53656">
        <ele>729.2</ele>
      </trkpt>
      <trkpt lat="37.15758" lon="-3.53639">
        <ele>732.4</ele>
      </trkpt>
      <trkpt lat="37.15823" lon="-3.53621">
        <ele>738.5</ele>
      </trkpt>
      <trkpt lat="37.15823" lon="-3.53621">
        <ele>738.5</ele>
      </trkpt>
      <trkpt lat="37.15854" lon="-3.53612">
        <ele>740.6</ele>
      </trkpt>
      <trkpt lat="37.15851" lon="-3.53595">
        <ele>740.2</ele>
      </trkpt>
      <trkpt lat="37.15851" lon="-3.53571">
        <ele>739.8</ele>
      </trkpt>
      <trkpt lat="37.15854" lon="-3.53545">
        <ele>739.8</ele>
      </trkpt>
      <trkpt lat="37.15867" lon="-3.53478">
        <ele>742.4</ele>
      </trkpt>
      <trkpt lat="37.1587" lon="-3.53459">
        <ele>743.6</ele>
      </trkpt>
      <trkpt lat="37.15872" lon="-3.53417">
        <ele>745.2</ele>
      </trkpt>
      <trkpt lat="37.1587" lon="-3.53377">
        <ele>745.7</ele>
      </trkpt>
      <trkpt lat="37.15867" lon="-3.53347">
        <ele>745.9</ele>
      </trkpt>
      <trkpt lat="37.1586" lon="-3.53314">
        <ele>745.9</ele>
      </trkpt>
      <trkpt lat="37.15837" lon="-3.53258">
        <ele>745.9</ele>
      </trkpt>
      <trkpt lat="37.15837" lon="-3.53258">
        <ele>745.9</ele>
      </trkpt>
      <trkpt lat="37.15822" lon="-3.53221">
        <ele>747.3</ele>
      </trkpt>
      <trkpt lat="37.15819" lon="-3.53221">
        <ele>746.9</ele>
      </trkpt>
      <trkpt lat="37.158183" lon="-3.53226">
        <ele>675.6</ele>
      </trkpt>
      <trkpt lat="37.158163" lon="-3.532192">
        <ele>675.4</ele>
      </trkpt>
      <trkpt lat="37.158138" lon="-3.532119">
        <ele>675.4</ele>
      </trkpt>
      <trkpt lat="37.158111" lon="-3.532046">
        <ele>675.4</ele>
      </trkpt>
      <trkpt lat="37.158086" lon="-3.531975">
        <ele>675.8</ele>
      </trkpt>
      <trkpt lat="37.158063" lon="-3.531913">
        <ele>676.0</ele>
      </trkpt>
      <trkpt lat="37.158039" lon="-3.531851">
        <ele>676.4</ele>
      </trkpt>
      <trkpt lat="37.15802" lon="-3.531791">
        <ele>676.6</ele>
      </trkpt>
      <trkpt lat="37.157999" lon="-3.531733">
        <ele>676.8</ele>
      </trkpt>
      <trkpt lat="37.157977" lon="-3.531674">
        <ele>677.2</ele>
      </trkpt>
      <trkpt lat="37.157955" lon="-3.531615">
        <ele>677.2</ele>
      </trkpt>
      <trkpt lat="37.157934" lon="-3.531554">
        <ele>677.4</ele>
      </trkpt>
      <trkpt lat="37.157912" lon="-3.531492">
        <ele>677.6</ele>
      </trkpt>
      <trkpt lat="37.157894" lon="-3.531425">
        <ele>677.6</ele>
      </trkpt>
      <trkpt lat="37.157874" lon="-3.531357">
        <ele>677.6</ele>
      </trkpt>
      <trkpt lat="37.157852" lon="-3.53129">
        <ele>677.8</ele>
      </trkpt>
      <trkpt lat="37.157827" lon="-3.531225">
        <ele>677.8</ele>
      </trkpt>
      <trkpt lat="37.157804" lon="-3.531159">
        <ele>677.8</ele>
      </trkpt>
      <trkpt lat="37.157778" lon="-3.531091">
        <ele>678.0</ele>
      </trkpt>
      <trkpt lat="37.157751" lon="-3.53102">
        <ele>678.0</ele>
      </trkpt>
      <trkpt lat="37.157722" lon="-3.530947">
        <ele>678.2</ele>
      </trkpt>
      <trkpt lat="37.157691" lon="-3.530874">
        <ele>678.4</ele>
      </trkpt>
      <trkpt lat="37.15766" lon="-3.5308">
        <ele>678.4</ele>
      </trkpt>
      <trkpt lat="37.157628" lon="-3.530725">
        <ele>678.2</ele>
      </trkpt>
      <trkpt lat="37.157595" lon="-3.530648">
        <ele>678.2</ele>
      </trkpt>
      <trkpt lat="37.157561" lon="-3.530572">
        <ele>678.2</ele>
      </trkpt>
      <trkpt lat="37.15753" lon="-3.530493">
        <ele>678.0</ele>
      </trkpt>
      <trkpt lat="37.157498" lon="-3.530415">
        <ele>678.0</ele>
      </trkpt>
      <trkpt lat="37.157468" lon="-3.530337">
        <ele>678.0</ele>
      </trkpt>
      <trkpt lat="37.157443" lon="-3.530259">
        <ele>678.0</ele>
      </trkpt>
      <trkpt lat="37.15742" lon="-3.530179">
        <ele>678.2</ele>
      </trkpt>
      <trkpt lat="37.157401" lon="-3.530099">
        <ele>678.4</ele>
      </trkpt>
      <trkpt lat="37.157384" lon="-3.530018">
        <ele>678.4</ele>
      </trkpt>
      <trkpt lat="37.157366" lon="-3.52994">
        <ele>678.4</ele>
      </trkpt>
      <trkpt lat="37.157345" lon="-3.529864">
        <ele>678.6</ele>
      </trkpt>
      <trkpt lat="37.157315" lon="-3.529792">
        <ele>678.6</ele>
      </trkpt>
      <trkpt lat="37.157281" lon="-3.529718">
        <ele>678.6</ele>
      </trkpt>
      <trkpt lat="37.15725" lon="-3.529642">
        <ele>678.4</ele>
      </trkpt>
      <trkpt lat="37.157221" lon="-3.529561">
        <ele>678.4</ele>
      </trkpt>
      <trkpt lat="37.157194" lon="-3.529473">
        <ele>678.4</ele>
      </trkpt>
      <trkpt lat="37.15717" lon="-3.529379">
        <ele>678.2</ele>
      </trkpt>
      <trkpt lat="37.157151" lon="-3.52928">
        <ele>678.0</ele>
      </trkpt>
      <trkpt lat="37.157134" lon="-3.529176">
        <ele>677.4</ele>
      </trkpt>
      <trkpt lat="37.157122" lon="-3.529068">
        <ele>676.8</ele>
      </trkpt>
      <trkpt lat="37.157116" lon="-3.528956">
        <ele>676.6</ele>
      </trkpt>
      <trkpt lat="37.157117" lon="-3.528841">
        <ele>676.4</ele>
      </trkpt>
      <trkpt lat="37.157125" lon="-3.528725">
        <ele>676.2</ele>
      </trkpt>
      <trkpt lat="37.157139" lon="-3.528609">
        <ele>676.4</ele>
      </trkpt>
      <trkpt lat="37.157159" lon="-3.528495">
        <ele>676.8</ele>
      </trkpt>
      <trkpt lat="37.157183" lon="-3.528382">
        <ele>676.8</ele>
      </trkpt>
      <trkpt lat="37.157207" lon="-3.52827">
        <ele>676.8</ele>
      </trkpt>
      <trkpt lat="37.157235" lon="-3.528159">
        <ele>676.4</ele>
      </trkpt>
      <trkpt lat="37.157266" lon="-3.528052">
        <ele>676.0</ele>
      </trkpt>
      <trkpt lat="37.157302" lon="-3.527947">
        <ele>675.8</ele>
      </trkpt>
      <trkpt lat="37.157346" lon="-3.527846">
        <ele>675.6</ele>
      </trkpt>
      <trkpt lat="37.157397" lon="-3.527749">
        <ele>675.4</ele>
      </trkpt>
      <trkpt lat="37.157455" lon="-3.52765">
        <ele>675.8</ele>
      </trkpt>
      <trkpt lat="37.157522" lon="-3.527563">
        <ele>676.0</ele>
      </trkpt>
      <trkpt lat="37.157594" lon="-3.52748">
        <ele>675.8</ele>
      </trkpt>
      <trkpt lat="37.15767" lon="-3.527403">
        <ele>675.6</ele>
      </trkpt>
      <trkpt lat="37.15775" lon="-3.527334">
        <ele>675.4</ele>
      </trkpt>
      <trkpt lat="37.157835" lon="-3.527271">
        <ele>675.6</ele>
      </trkpt>
      <trkpt lat="37.157923" lon="-3.527212">
        <ele>675.6</ele>
      </trkpt>
      <trkpt lat="37.158012" lon="-3.527157">
        <ele>676.0</ele>
      </trkpt>
      <trkpt lat="37.158101" lon="-3.527118">
        <ele>676.4</ele>
      </trkpt>
      <trkpt lat="37.158197" lon="-3.527101">
        <ele>676.8</ele>
      </trkpt>
      <trkpt lat="37.158297" lon="-3.527106">
        <ele>677.0</ele>
      </trkpt>
      <trkpt lat="37.158401" lon="-3.527122">
        <ele>677.2</ele>
      </trkpt>
      <trkpt lat="37.158503" lon="-3.527152">
        <ele>677.4</ele>
      </trkpt>
      <trkpt lat="37.158604" lon="-3.527196">
        <ele>677.4</ele>
      </trkpt>
      <trkpt lat="37.158703" lon="-3.527249">
        <ele>677.4</ele>
      </trkpt>
      <trkpt lat="37.1588" lon="-3.527308">
        <ele>677.6</ele>
      </trkpt>
      <trkpt lat="37.158897" lon="-3.527366">
        <ele>677.6</ele>
      </trkpt>
      <trkpt lat="37.158996" lon="-3.527421">
        <ele>677.6</ele>
      </trkpt>
      <trkpt lat="37.159095" lon="-3.52747">
        <ele>677.8</ele>
      </trkpt>
      <trkpt lat="37.159195" lon="-3.527513">
        <ele>677.6</ele>
      </trkpt>
      <trkpt lat="37.159295" lon="-3.527548">
        <ele>677.4</ele>
      </trkpt>
      <trkpt lat="37.159396" lon="-3.527572">
        <ele>677.4</ele>
      </trkpt>
      <trkpt lat="37.159497" lon="-3.52759">
        <ele>677.6</ele>
      </trkpt>
      <trkpt lat="37.159598" lon="-3.5276">
        <ele>677.6</ele>
      </trkpt>
      <trkpt lat="37.159697" lon="-3.527604">
        <ele>677.8</ele>
      </trkpt>
      <trkpt lat="37.159793" lon="-3.527601">
        <ele>678.0</ele>
      </trkpt>
      <trkpt lat="37.15989" lon="-3.527574">
        <ele>678.2</ele>
      </trkpt>
      <trkpt lat="37.159991" lon="-3.52753">
        <ele>678.4</ele>
      </trkpt>
      <trkpt lat="37.160085" lon="-3.527474">
        <ele>678.4</ele>
      </trkpt>
      <trkpt lat="37.160173" lon="-3.527407">
        <ele>678.4</ele>
      </trkpt>
      <trkpt lat="37.160258" lon="-3.527332">
        <ele>678.4</ele>
      </trkpt>
      <trkpt lat="37.160332" lon="-3.527248">
        <ele>678.4</ele>
      </trkpt>
      <trkpt lat="37.160401" lon="-3.527155">
        <ele>678.6</ele>
      </trkpt>
      <trkpt lat="37.160465" lon="-3.527057">
        <ele>678.8</ele>
      </trkpt>
      <trkpt lat="37.160527" lon="-3.526959">
        <ele>679.0</ele>
      </trkpt>
      <trkpt lat="37.160592" lon="-3.526863">
        <ele>679.2</ele>
      </trkpt>
      <trkpt lat="37.16066" lon="-3.52677">
        <ele>679.4</ele>
      </trkpt>
      <trkpt lat="37.16073" lon="-3.526678">
        <ele>679.4</ele>
      </trkpt>
      <trkpt lat="37.160801" lon="-3.526586">
        <ele>679.4</ele>
      </trkpt>
      <trkpt lat="37.160874" lon="-3.526495">
        <ele>679.4</ele>
      </trkpt>
      <trkpt lat="37.160945" lon="-3.526404">
        <ele>679.4</ele>
      </trkpt>
      <trkpt lat="37.161017" lon="-3.526315">
        <ele>679.4</ele>
      </trkpt>
      <trkpt lat="37.161088" lon="-3.526227">
        <ele>679.4</ele>
      </trkpt>
      <trkpt lat="37.161157" lon="-3.526137">
        <ele>679.4</ele>
      </trkpt>
      <trkpt lat="37.161225" lon="-3.526048">
        <ele>679.8</ele>
      </trkpt>
      <trkpt lat="37.161291" lon="-3.52596">
        <ele>680.0</ele>
      </trkpt>
      <trkpt lat="37.161354" lon="-3.525872">
        <ele>680.2</ele>
      </trkpt>
      <trkpt lat="37.161413" lon="-3.525781">
        <ele>680.6</ele>
      </trkpt>
      <trkpt lat="37.161467" lon="-3.525688">
        <ele>681.0</ele>
      </trkpt>
      <trkpt lat="37.161514" lon="-3.525592">
        <ele>681.6</ele>
      </trkpt>
      <trkpt lat="37.161557" lon="-3.525492">
        <ele>682.0</ele>
      </trkpt>
      <trkpt lat="37.161596" lon="-3.525393">
        <ele>682.2</ele>
      </trkpt>
      <trkpt lat="37.161629" lon="-3.525293">
        <ele>682.6</ele>
      </trkpt>
      <trkpt lat="37.161659" lon="-3.525192">
        <ele>682.8</ele>
      </trkpt>
      <trkpt lat="37.161684" lon="-3.525086">
        <ele>683.0</ele>
      </trkpt>
      <trkpt lat="37.161707" lon="-3.524976">
        <ele>683.0</ele>
      </trkpt>
      <trkpt lat="37.161727" lon="-3.524864">
        <ele>682.8</ele>
      </trkpt>
      <trkpt lat="37.161747" lon="-3.524752">
        <ele>682.4</ele>
      </trkpt>
      <trkpt lat="37.161767" lon="-3.52464">
        <ele>682.2</ele>
      </trkpt>
      <trkpt lat="37.161788" lon="-3.524526">
        <ele>682.0</ele>
      </trkpt>
      <trkpt lat="37.161809" lon="-3.524409">
        <ele>681.8</ele>
      </trkpt>
      <trkpt lat="37.16183" lon="-3.524291">
        <ele>681.6</ele>
      </trkpt>
      <trkpt lat="37.161851" lon="-3.524172">
        <ele>681.4</ele>
      </trkpt>
      <trkpt lat="37.161872" lon="-3.524053">
        <ele>681.4</ele>
      </trkpt>
      <trkpt lat="37.161893" lon="-3.523935">
        <ele>681.6</ele>
      </trkpt>
      <trkpt lat="37.161915" lon="-3.523816">
        <ele>681.6</ele>
      </trkpt>
      <trkpt lat="37.161937" lon="-3.523696">
        <ele>681.6</ele>
      </trkpt>
      <trkpt lat="37.161961" lon="-3.523577">
        <ele>681.6</ele>
      </trkpt>
      <trkpt lat="37.161984" lon="-3.523451">
        <ele>681.4</ele>
      </trkpt>
      <trkpt lat="37.162009" lon="-3.523329">
        <ele>681.4</ele>
      </trkpt>
      <trkpt lat="37.162036" lon="-3.523205">
        <ele>681.4</ele>
      </trkpt>
      <trkpt lat="37.162064" lon="-3.523082">
        <ele>681.2</ele>
      </trkpt>
      <trkpt lat="37.162093" lon="-3.522957">
        <ele>681.2</ele>
      </trkpt>
      <trkpt lat="37.162124" lon="-3.522833">
        <ele>681.0</ele>
      </trkpt>
      <trkpt lat="37.162157" lon="-3.522708">
        <ele>680.8</ele>
      </trkpt>
      <trkpt lat="37.162191" lon="-3.522583">
        <ele>680.4</ele>
      </trkpt>
      <trkpt lat="37.162227" lon="-3.522458">
        <ele>680.0</ele>
      </trkpt>
      <trkpt lat="37.162266" lon="-3.52233">
        <ele>679.8</ele>
      </trkpt>
      <trkpt lat="37.162308" lon="-3.5222">
        <ele>679.4</ele>
      </trkpt>
      <trkpt lat="37.162348" lon="-3.52207">
        <ele>679.0</ele>
      </trkpt>
      <trkpt lat="37.162388" lon="-3.521939">
        <ele>678.8</ele>
      </trkpt>
      <trkpt lat="37.162427" lon="-3.521808">
        <ele>678.8</ele>
      </trkpt>
      <trkpt lat="37.162467" lon="-3.521679">
        <ele>678.6</ele>
      </trkpt>
      <trkpt lat="37.162508" lon="-3.521551">
        <ele>678.4</ele>
      </trkpt>
      <trkpt lat="37.162551" lon="-3.521423">
        <ele>678.6</ele>
      </trkpt>
      <trkpt lat="37.162593" lon="-3.521297">
        <ele>678.8</ele>
      </trkpt>
      <trkpt lat="37.162634" lon="-3.52117">
        <ele>678.8</ele>
      </trkpt>
      <trkpt lat="37.162673" lon="-3.521046">
        <ele>678.8</ele>
      </trkpt>
      <trkpt lat="37.162712" lon="-3.520921">
        <ele>678.8</ele>
      </trkpt>
      <trkpt lat="37.16275" lon="-3.520795">
        <ele>678.8</ele>
      </trkpt>
      <trkpt lat="37.162787" lon="-3.52067">
        <ele>678.6</ele>
      </trkpt>
      <trkpt lat="37.162822" lon="-3.520542">
        <ele>678.2</ele>
      </trkpt>
      <trkpt lat="37.162854" lon="-3.520411">
        <ele>678.2</ele>
      </trkpt>
      <trkpt lat="37.162884" lon="-3.520278">
        <ele>678.4</ele>
      </trkpt>
      <trkpt lat="37.162911" lon="-3.520147">
        <ele>678.6</ele>
      </trkpt>
      <trkpt lat="37.162937" lon="-3.520012">
        <ele>678.8</ele>
      </trkpt>
      <trkpt lat="37.162959" lon="-3.519879">
        <ele>679.0</ele>
      </trkpt>
      <trkpt lat="37.162979" lon="-3.519751">
        <ele>679.2</ele>
      </trkpt>
      <trkpt lat="37.162994" lon="-3.519621">
        <ele>679.6</ele>
      </trkpt>
      <trkpt lat="37.163007" lon="-3.519492">
        <ele>679.6</ele>
      </trkpt>
      <trkpt lat="37.163022" lon="-3.519363">
        <ele>679.8</ele>
      </trkpt>
      <trkpt lat="37.163037" lon="-3.519235">
        <ele>679.8</ele>
      </trkpt>
      <trkpt lat="37.163046" lon="-3.519119">
        <ele>680.0</ele>
      </trkpt>
      <trkpt lat="37.16306" lon="-3.518998">
        <ele>680.0</ele>
      </trkpt>
      <trkpt lat="37.163076" lon="-3.518874">
        <ele>680.2</ele>
      </trkpt>
      <trkpt lat="37.163088" lon="-3.51875">
        <ele>680.6</ele>
      </trkpt>
      <trkpt lat="37.163102" lon="-3.518628">
        <ele>681.0</ele>
      </trkpt>
      <trkpt lat="37.163118" lon="-3.518507">
        <ele>681.4</ele>
      </trkpt>
      <trkpt lat="37.163133" lon="-3.518386">
        <ele>681.8</ele>
      </trkpt>
      <trkpt lat="37.163148" lon="-3.518268">
        <ele>682.2</ele>
      </trkpt>
      <trkpt lat="37.163164" lon="-3.518151">
        <ele>682.4</ele>
      </trkpt>
      <trkpt lat="37.163182" lon="-3.518036">
        <ele>682.4</ele>
      </trkpt>
      <trkpt lat="37.163203" lon="-3.517924">
        <ele>682.4</ele>
      </trkpt>
      <trkpt lat="37.163225" lon="-3.517813">
        <ele>682.6</ele>
      </trkpt>
      <trkpt lat="37.163246" lon="-3.517702">
        <ele>682.8</ele>
      </trkpt>
      <trkpt lat="37.163271" lon="-3.517591">
        <ele>683.0</ele>
      </trkpt>
      <trkpt lat="37.163297" lon="-3.517479">
        <ele>683.2</ele>
      </trkpt>
      <trkpt lat="37.163321" lon="-3.517369">
        <ele>683.2</ele>
      </trkpt>
      <trkpt lat="37.163344" lon="-3.517257">
        <ele>683.6</ele>
      </trkpt>
      <trkpt lat="37.163362" lon="-3.517143">
        <ele>683.8</ele>
      </trkpt>
      <trkpt lat="37.163373" lon="-3.517031">
        <ele>683.8</ele>
      </trkpt>
      <trkpt lat="37.163381" lon="-3.51692">
        <ele>684.0</ele>
      </trkpt>
      <trkpt lat="37.163385" lon="-3.516812">
        <ele>684.2</ele>
      </trkpt>
      <trkpt lat="37.163383" lon="-3.516707">
        <ele>684.2</ele>
      </trkpt>
      <trkpt lat="37.163381" lon="-3.516598">
        <ele>684.3</ele>
      </trkpt>
      <trkpt lat="37.163378" lon="-3.516489">
        <ele>684.4</ele>
      </trkpt>
      <trkpt lat="37.163374" lon="-3.516379">
        <ele>684.5</ele>
      </trkpt>
      <trkpt lat="37.163372" lon="-3.516266">
        <ele>684.6</ele>
      </trkpt>
      <trkpt lat="37.163365" lon="-3.51615">
        <ele>684.7</ele>
      </trkpt>
      <trkpt lat="37.163354" lon="-3.51603">
        <ele>684.8</ele>
      </trkpt>
      <trkpt lat="37.163336" lon="-3.51591">
        <ele>684.8</ele>
      </trkpt>
      <trkpt lat="37.16331" lon="-3.515789">
        <ele>684.6</ele>
      </trkpt>
      <trkpt lat="37.163274" lon="-3.515672">
        <ele>684.4</ele>
      </trkpt>
      <trkpt lat="37.163236" lon="-3.515552">
        <ele>684.2</ele>
      </trkpt>
      <trkpt lat="37.1632" lon="-3.51543">
        <ele>684.0</ele>
      </trkpt>
      <trkpt lat="37.163171" lon="-3.515307">
        <ele>684.0</ele>
      </trkpt>
      <trkpt lat="37.163151" lon="-3.515183">
        <ele>684.0</ele>
      </trkpt>
      <trkpt lat="37.163137" lon="-3.515055">
        <ele>684.0</ele>
      </trkpt>
      <trkpt lat="37.16313" lon="-3.514933">
        <ele>684.4</ele>
      </trkpt>
      <trkpt lat="37.163126" lon="-3.514813">
        <ele>684.4</ele>
      </trkpt>
      <trkpt lat="37.163123" lon="-3.51469">
        <ele>684.2</ele>
      </trkpt>
      <trkpt lat="37.163121" lon="-3.514571">
        <ele>684.2</ele>
      </trkpt>
      <trkpt lat="37.163118" lon="-3.514451">
        <ele>684.4</ele>
      </trkpt>
      <trkpt lat="37.163115" lon="-3.514332">
        <ele>684.6</ele>
      </trkpt>
      <trkpt lat="37.163115" lon="-3.514211">
        <ele>684.8</ele>
      </trkpt>
      <trkpt lat="37.163113" lon="-3.514092">
        <ele>685.4</ele>
      </trkpt>
      <trkpt lat="37.163112" lon="-3.513972">
        <ele>685.8</ele>
      </trkpt>
      <trkpt lat="37.163109" lon="-3.513855">
        <ele>686.0</ele>
      </trkpt>
      <trkpt lat="37.163108" lon="-3.51374">
        <ele>686.2</ele>
      </trkpt>
      <trkpt lat="37.163108" lon="-3.513624">
        <ele>686.2</ele>
      </trkpt>
      <trkpt lat="37.163111" lon="-3.513507">
        <ele>686.2</ele>
      </trkpt>
      <trkpt lat="37.163111" lon="-3.513392">
        <ele>686.2</ele>
      </trkpt>
      <trkpt lat="37.163107" lon="-3.513284">
        <ele>686.4</ele>
      </trkpt>
      <trkpt lat="37.163104" lon="-3.513181">
        <ele>686.8</ele>
      </trkpt>
      <trkpt lat="37.163103" lon="-3.513078">
        <ele>686.8</ele>
      </trkpt>
      <trkpt lat="37.163103" lon="-3.512978">
        <ele>687.0</ele>
      </trkpt>
      <trkpt lat="37.163098" lon="-3.512876">
        <ele>687.2</ele>
      </trkpt>
      <trkpt lat="37.163094" lon="-3.512772">
        <ele>687.4</ele>
      </trkpt>
      <trkpt lat="37.163096" lon="-3.512669">
        <ele>687.6</ele>
      </trkpt>
      <trkpt lat="37.163102" lon="-3.512567">
        <ele>687.8</ele>
      </trkpt>
      <trkpt lat="37.163114" lon="-3.512469">
        <ele>688.0</ele>
      </trkpt>
      <trkpt lat="37.163128" lon="-3.512367">
        <ele>688.2</ele>
      </trkpt>
      <trkpt lat="37.163141" lon="-3.512265">
        <ele>688.6</ele>
      </trkpt>
      <trkpt lat="37.163155" lon="-3.512163">
        <ele>689.0</ele>
      </trkpt>
      <trkpt lat="37.163172" lon="-3.512061">
        <ele>689.4</ele>
      </trkpt>
      <trkpt lat="37.163193" lon="-3.511957">
        <ele>689.8</ele>
      </trkpt>
      <trkpt lat="37.163213" lon="-3.511855">
        <ele>690.2</ele>
      </trkpt>
      <trkpt lat="37.16323" lon="-3.511752">
        <ele>690.4</ele>
      </trkpt>
      <trkpt lat="37.163246" lon="-3.51165">
        <ele>690.8</ele>
      </trkpt>
      <trkpt lat="37.163259" lon="-3.511544">
        <ele>691.2</ele>
      </trkpt>
      <trkpt lat="37.163269" lon="-3.511438">
        <ele>691.4</ele>
      </trkpt>
      <trkpt lat="37.163274" lon="-3.511329">
        <ele>691.6</ele>
      </trkpt>
      <trkpt lat="37.163271" lon="-3.511227">
        <ele>691.8</ele>
      </trkpt>
      <trkpt lat="37.163259" lon="-3.511126">
        <ele>692.0</ele>
      </trkpt>
      <trkpt lat="37.163241" lon="-3.511026">
        <ele>692.0</ele>
      </trkpt>
      <trkpt lat="37.163221" lon="-3.510927">
        <ele>692.2</ele>
      </trkpt>
      <trkpt lat="37.163197" lon="-3.510835">
        <ele>692.6</ele>
      </trkpt>
      <trkpt lat="37.163177" lon="-3.510742">
        <ele>692.8</ele>
      </trkpt>
      <trkpt lat="37.163156" lon="-3.51066">
        <ele>693.0</ele>
      </trkpt>
      <trkpt lat="37.163135" lon="-3.510573">
        <ele>693.2</ele>
      </trkpt>
      <trkpt lat="37.163112" lon="-3.510477">
        <ele>693.4</ele>
      </trkpt>
      <trkpt lat="37.163086" lon="-3.510378">
        <ele>693.6</ele>
      </trkpt>
      <trkpt lat="37.16306" lon="-3.510284">
        <ele>694.0</ele>
      </trkpt>
      <trkpt lat="37.163032" lon="-3.510182">
        <ele>694.2</ele>
      </trkpt>
      <trkpt lat="37.163007" lon="-3.510084">
        <ele>694.6</ele>
      </trkpt>
      <trkpt lat="37.16298" lon="-3.509991">
        <ele>694.8</ele>
      </trkpt>
      <trkpt lat="37.162955" lon="-3.509896">
        <ele>695.2</ele>
      </trkpt>
      <trkpt lat="37.162928" lon="-3.509799">
        <ele>695.2</ele>
      </trkpt>
      <trkpt lat="37.162902" lon="-3.509699">
        <ele>695.8</ele>
      </trkpt>
      <trkpt lat="37.162875" lon="-3.509603">
        <ele>696.4</ele>
      </trkpt>
      <trkpt lat="37.162849" lon="-3.509512">
        <ele>696.6</ele>
      </trkpt>
      <trkpt lat="37.16282" lon="-3.509417">
        <ele>696.8</ele>
      </trkpt>
      <trkpt lat="37.162792" lon="-3.509324">
        <ele>696.8</ele>
      </trkpt>
      <trkpt lat="37.162763" lon="-3.509229">
        <ele>696.8</ele>
      </trkpt>
      <trkpt lat="37.162735" lon="-3.509134">
        <ele>697.0</ele>
      </trkpt>
      <trkpt lat="37.16271" lon="-3.50904">
        <ele>697.0</ele>
      </trkpt>
      <trkpt lat="37.162684" lon="-3.508948">
        <ele>697.2</ele>
      </trkpt>
      <trkpt lat="37.162656" lon="-3.508856">
        <ele>697.4</ele>
      </trkpt>
      <trkpt lat="37.162628" lon="-3.508766">
        <ele>697.8</ele>
      </trkpt>
      <trkpt lat="37.1626" lon="-3.508674">
        <ele>698.0</ele>
      </trkpt>
      <trkpt lat="37.162575" lon="-3.508581">
        <ele>698.0</ele>
      </trkpt>
      <trkpt lat="37.162549" lon="-3.508489">
        <ele>698.2</ele>
      </trkpt>
      <trkpt lat="37.162522" lon="-3.508397">
        <ele>698.4</ele>
      </trkpt>
      <trkpt lat="37.162493" lon="-3.508304">
        <ele>698.8</ele>
      </trkpt>
      <trkpt lat="37.162463" lon="-3.508211">
        <ele>699.0</ele>
      </trkpt>
      <trkpt lat="37.162425" lon="-3.508122">
        <ele>699.0</ele>
      </trkpt>
      <trkpt lat="37.162384" lon="-3.508037">
        <ele>699.2</ele>
      </trkpt>
      <trkpt lat="37.162335" lon="-3.507955">
        <ele>699.2</ele>
      </trkpt>
      <trkpt lat="37.162284" lon="-3.507873">
        <ele>699.2</ele>
      </trkpt>
      <trkpt lat="37.162229" lon="-3.507798">
        <ele>699.3</ele>
      </trkpt>
      <trkpt lat="37.162167" lon="-3.507725">
        <ele>699.3</ele>
      </trkpt>
      <trkpt lat="37.162105" lon="-3.507653">
        <ele>699.4</ele>
      </trkpt>
      <trkpt lat="37.162039" lon="-3.507586">
        <ele>699.5</ele>
      </trkpt>
      <trkpt lat="37.161974" lon="-3.507516">
        <ele>699.6</ele>
      </trkpt>
      <trkpt lat="37.161909" lon="-3.507446">
        <ele>699.7</ele>
      </trkpt>
      <trkpt lat="37.161844" lon="-3.507374">
        <ele>699.8</ele>
      </trkpt>
      <trkpt lat="37.161783" lon="-3.507301">
        <ele>699.9</ele>
      </trkpt>
      <trkpt lat="37.161723" lon="-3.507219">
        <ele>700.0</ele>
      </trkpt>
      <trkpt lat="37.161667" lon="-3.507132">
        <ele>700.2</ele>
      </trkpt>
      <trkpt lat="37.161616" lon="-3.507041">
        <ele>700.4</ele>
      </trkpt>
      <trkpt lat="37.161571" lon="-3.506945">
        <ele>700.4</ele>
      </trkpt>
      <trkpt lat="37.161537" lon="-3.506848">
        <ele>700.8</ele>
      </trkpt>
      <trkpt lat="37.161511" lon="-3.506745">
        <ele>701.2</ele>
      </trkpt>
      <trkpt lat="37.161492" lon="-3.506641">
        <ele>701.6</ele>
      </trkpt>
      <trkpt lat="37.16148" lon="-3.506534">
        <ele>701.8</ele>
      </trkpt>
      <trkpt lat="37.161475" lon="-3.506426">
        <ele>702.0</ele>
      </trkpt>
      <trkpt lat="37.161473" lon="-3.506319">
        <ele>702.2</ele>
      </trkpt>
      <trkpt lat="37.161476" lon="-3.506211">
        <ele>702.4</ele>
      </trkpt>
      <trkpt lat="37.161481" lon="-3.506102">
        <ele>702.6</ele>
      </trkpt>
      <trkpt lat="37.16149" lon="-3.505998">
        <ele>703.2</ele>
      </trkpt>
      <trkpt lat="37.161504" lon="-3.505896">
        <ele>703.4</ele>
      </trkpt>
      <trkpt lat="37.161523" lon="-3.505796">
        <ele>703.6</ele>
      </trkpt>
      <trkpt lat="37.161541" lon="-3.505695">
        <ele>703.8</ele>
      </trkpt>
      <trkpt lat="37.161561" lon="-3.505597">
        <ele>704.0</ele>
      </trkpt>
      <trkpt lat="37.161584" lon="-3.505501">
        <ele>704.2</ele>
      </trkpt>
      <trkpt lat="37.161607" lon="-3.505407">
        <ele>704.4</ele>
      </trkpt>
      <trkpt lat="37.161631" lon="-3.505312">
        <ele>704.6</ele>
      </trkpt>
      <trkpt lat="37.161654" lon="-3.50522">
        <ele>704.6</ele>
      </trkpt>
      <trkpt lat="37.161677" lon="-3.505124">
        <ele>704.8</ele>
      </trkpt>
      <trkpt lat="37.161698" lon="-3.505029">
        <ele>705.4</ele>
      </trkpt>
      <trkpt lat="37.161715" lon="-3.504934">
        <ele>705.8</ele>
      </trkpt>
      <trkpt lat="37.161731" lon="-3.504842">
        <ele>706.2</ele>
      </trkpt>
      <trkpt lat="37.161744" lon="-3.50475">
        <ele>706.6</ele>
      </trkpt>
      <trkpt lat="37.161756" lon="-3.504661">
        <ele>706.8</ele>
      </trkpt>
      <trkpt lat="37.16177" lon="-3.50457">
        <ele>707.0</ele>
      </trkpt>
      <trkpt lat="37.161791" lon="-3.504475">
        <ele>707.0</ele>
      </trkpt>
      <trkpt lat="37.161819" lon="-3.50438">
        <ele>707.0</ele>
      </trkpt>
      <trkpt lat="37.16185" lon="-3.504287">
        <ele>707.2</ele>
      </trkpt>
      <trkpt lat="37.161884" lon="-3.504196">
        <ele>707.4</ele>
      </trkpt>
      <trkpt lat="37.161923" lon="-3.504109">
        <ele>707.8</ele>
      </trkpt>
      <trkpt lat="37.161965" lon="-3.50402">
        <ele>708.0</ele>
      </trkpt>
      <trkpt lat="37.16201" lon="-3.503934">
        <ele>708.4</ele>
      </trkpt>
      <trkpt lat="37.162056" lon="-3.503849">
        <ele>708.4</ele>
      </trkpt>
      <trkpt lat="37.162103" lon="-3.503765">
        <ele>708.6</ele>
      </trkpt>
      <trkpt lat="37.16215" lon="-3.503683">
        <ele>708.8</ele>
      </trkpt>
      <trkpt lat="37.162197" lon="-3.503602">
        <ele>709.0</ele>
      </trkpt>
      <trkpt lat="37.162246" lon="-3.503525">
        <ele>709.2</ele>
      </trkpt>
      <trkpt lat="37.162294" lon="-3.503449">
        <ele>709.4</ele>
      </trkpt>
      <trkpt lat="37.162343" lon="-3.503376">
        <ele>709.8</ele>
      </trkpt>
      <trkpt lat="37.162395" lon="-3.503307">
        <ele>710.0</ele>
      </trkpt>
      <trkpt lat="37.162446" lon="-3.503239">
        <ele>710.0</ele>
      </trkpt>
      <trkpt lat="37.162496" lon="-3.503169">
        <ele>710.2</ele>
      </trkpt>
      <trkpt lat="37.162543" lon="-3.503098">
        <ele>710.4</ele>
      </trkpt>
      <trkpt lat="37.162587" lon="-3.503025">
        <ele>710.8</ele>
      </trkpt>
      <trkpt lat="37.162629" lon="-3.502952">
        <ele>711.2</ele>
      </trkpt>
      <trkpt lat="37.162669" lon="-3.50288">
        <ele>711.4</ele>
      </trkpt>
      <trkpt lat="37.162707" lon="-3.502807">
        <ele>711.8</ele>
      </trkpt>
      <trkpt lat="37.162742" lon="-3.502737">
        <ele>712.0</ele>
      </trkpt>
      <trkpt lat="37.162775" lon="-3.502669">
        <ele>712.4</ele>
      </trkpt>
      <trkpt lat="37.1628" lon="-3.502606">
        <ele>712.8</ele>
      </trkpt>
      <trkpt lat="37.162822" lon="-3.502542">
        <ele>713.2</ele>
      </trkpt>
      <trkpt lat="37.162841" lon="-3.502477">
        <ele>713.6</ele>
      </trkpt>
      <trkpt lat="37.162855" lon="-3.502409">
        <ele>713.8</ele>
      </trkpt>
      <trkpt lat="37.162863" lon="-3.502338">
        <ele>714.2</ele>
      </trkpt>
      <trkpt lat="37.162865" lon="-3.502265">
        <ele>714.4</ele>
      </trkpt>
      <trkpt lat="37.162861" lon="-3.502196">
        <ele>714.6</ele>
      </trkpt>
      <trkpt lat="37.162852" lon="-3.502129">
        <ele>714.8</ele>
      </trkpt>
      <trkpt lat="37.162842" lon="-3.502061">
        <ele>715.6</ele>
      </trkpt>
      <trkpt lat="37.162831" lon="-3.501996">
        <ele>716.4</ele>
      </trkpt>
      <trkpt lat="37.162819" lon="-3.501928">
        <ele>717.0</ele>
      </trkpt>
      <trkpt lat="37.162807" lon="-3.501858">
        <ele>717.2</ele>
      </trkpt>
      <trkpt lat="37.162796" lon="-3.501794">
        <ele>717.4</ele>
      </trkpt>
      <trkpt lat="37.162784" lon="-3.501729">
        <ele>718.0</ele>
      </trkpt>
      <trkpt lat="37.162775" lon="-3.501664">
        <ele>718.4</ele>
      </trkpt>
      <trkpt lat="37.162766" lon="-3.5016">
        <ele>718.8</ele>
      </trkpt>
      <trkpt lat="37.162756" lon="-3.501541">
        <ele>719.4</ele>
      </trkpt>
      <trkpt lat="37.162749" lon="-3.501478">
        <ele>719.8</ele>
      </trkpt>
      <trkpt lat="37.162742" lon="-3.501419">
        <ele>720.2</ele>
      </trkpt>
      <trkpt lat="37.162733" lon="-3.501361">
        <ele>720.8</ele>
      </trkpt>
      <trkpt lat="37.162725" lon="-3.501302">
        <ele>721.2</ele>
      </trkpt>
      <trkpt lat="37.162715" lon="-3.501247">
        <ele>721.6</ele>
      </trkpt>
      <trkpt lat="37.16271" lon="-3.501188">
        <ele>722.0</ele>
      </trkpt>
      <trkpt lat="37.162706" lon="-3.501128">
        <ele>722.2</ele>
      </trkpt>
      <trkpt lat="37.1627" lon="-3.501067">
        <ele>722.4</ele>
      </trkpt>
      <trkpt lat="37.162693" lon="-3.501005">
        <ele>723.0</ele>
      </trkpt>
      <trkpt lat="37.162687" lon="-3.500943">
        <ele>723.4</ele>
      </trkpt>
      <trkpt lat="37.162677" lon="-3.500881">
        <ele>723.6</ele>
      </trkpt>
      <trkpt lat="37.162672" lon="-3.500818">
        <ele>724.0</ele>
      </trkpt>
      <trkpt lat="37.162666" lon="-3.500758">
        <ele>724.2</ele>
      </trkpt>
      <trkpt lat="37.162659" lon="-3.500695">
        <ele>724.6</ele>
      </trkpt>
      <trkpt lat="37.162653" lon="-3.500633">
        <ele>724.8</ele>
      </trkpt>
      <trkpt lat="37.162648" lon="-3.500571">
        <ele>725.2</ele>
      </trkpt>
      <trkpt lat="37.162641" lon="-3.500509">
        <ele>725.4</ele>
      </trkpt>
      <trkpt lat="37.162636" lon="-3.500448">
        <ele>725.8</ele>
      </trkpt>
      <trkpt lat="37.162629" lon="-3.500384">
        <ele>726.0</ele>
      </trkpt>
      <trkpt lat="37.162619" lon="-3.500319">
        <ele>726.2</ele>
      </trkpt>
      <trkpt lat="37.16261" lon="-3.500253">
        <ele>726.4</ele>
      </trkpt>
      <trkpt lat="37.162602" lon="-3.500187">
        <ele>726.6</ele>
      </trkpt>
      <trkpt lat="37.162594" lon="-3.50012">
        <ele>726.8</ele>
      </trkpt>
      <trkpt lat="37.162586" lon="-3.500054">
        <ele>727.2</ele>
      </trkpt>
      <trkpt lat="37.162578" lon="-3.499989">
        <ele>727.8</ele>
      </trkpt>
      <trkpt lat="37.162568" lon="-3.499928">
        <ele>728.2</ele>
      </trkpt>
      <trkpt lat="37.162557" lon="-3.499868">
        <ele>728.8</ele>
      </trkpt>
      <trkpt lat="37.162545" lon="-3.49981">
        <ele>729.2</ele>
      </trkpt>
      <trkpt lat="37.162533" lon="-3.499754">
        <ele>729.6</ele>
      </trkpt>
      <trkpt lat="37.162528" lon="-3.499694">
        <ele>730.0</ele>
      </trkpt>
      <trkpt lat="37.162521" lon="-3.499635">
        <ele>730.2</ele>
      </trkpt>
      <trkpt lat="37.162514" lon="-3.499575">
        <ele>730.6</ele>
      </trkpt>
      <trkpt lat="37.162509" lon="-3.499516">
        <ele>730.8</ele>
      </trkpt>
      <trkpt lat="37.162505" lon="-3.499463">
        <ele>730.8</ele>
      </trkpt>
      <trkpt lat="37.162503" lon="-3.499407">
        <ele>731.2</ele>
      </trkpt>
      <trkpt lat="37.162503" lon="-3.49935">
        <ele>731.8</ele>
      </trkpt>
      <trkpt lat="37.162505" lon="-3.499296">
        <ele>732.0</ele>
      </trkpt>
      <trkpt lat="37.16251" lon="-3.499244">
        <ele>732.6</ele>
      </trkpt>
      <trkpt lat="37.162524" lon="-3.499193">
        <ele>733.0</ele>
      </trkpt>
      <trkpt lat="37.162537" lon="-3.499146">
        <ele>733.4</ele>
      </trkpt>
      <trkpt lat="37.162554" lon="-3.499096">
        <ele>733.8</ele>
      </trkpt>
      <trkpt lat="37.162571" lon="-3.499045">
        <ele>734.0</ele>
      </trkpt>
      <trkpt lat="37.162589" lon="-3.498996">
        <ele>734.4</ele>
      </trkpt>
      <trkpt lat="37.162605" lon="-3.498943">
        <ele>734.8</ele>
      </trkpt>
      <trkpt lat="37.16262" lon="-3.498891">
        <ele>735.0</ele>
      </trkpt>
      <trkpt lat="37.162631" lon="-3.498835">
        <ele>735.0</ele>
      </trkpt>
      <trkpt lat="37.16264" lon="-3.498781">
        <ele>735.4</ele>
      </trkpt>
      <trkpt lat="37.162644" lon="-3.498725">
        <ele>735.8</ele>
      </trkpt>
      <trkpt lat="37.162645" lon="-3.498669">
        <ele>736.2</ele>
      </trkpt>
      <trkpt lat="37.162644" lon="-3.498615">
        <ele>736.8</ele>
      </trkpt>
      <trkpt lat="37.162644" lon="-3.498558">
        <ele>737.2</ele>
      </trkpt>
      <trkpt lat="37.162642" lon="-3.498505">
        <ele>737.6</ele>
      </trkpt>
      <trkpt lat="37.162641" lon="-3.498452">
        <ele>738.0</ele>
      </trkpt>
      <trkpt lat="37.162642" lon="-3.498399">
        <ele>738.4</ele>
      </trkpt>
      <trkpt lat="37.162646" lon="-3.498345">
        <ele>738.6</ele>
      </trkpt>
      <trkpt lat="37.162652" lon="-3.498293">
        <ele>739.0</ele>
      </trkpt>
      <trkpt lat="37.162659" lon="-3.498241">
        <ele>739.4</ele>
      </trkpt>
      <trkpt lat="37.16267" lon="-3.498191">
        <ele>739.6</ele>
      </trkpt>
      <trkpt lat="37.162683" lon="-3.498144">
        <ele>739.8</ele>
      </trkpt>
      <trkpt lat="37.162699" lon="-3.498097">
        <ele>740.4</ele>
      </trkpt>
      <trkpt lat="37.162714" lon="-3.498047">
        <ele>740.8</ele>
      </trkpt>
      <trkpt lat="37.162727" lon="-3.497997">
        <ele>741.0</ele>
      </trkpt>
      <trkpt lat="37.162738" lon="-3.497947">
        <ele>741.4</ele>
      </trkpt>
      <trkpt lat="37.162749" lon="-3.497897">
        <ele>741.6</ele>
      </trkpt>
      <trkpt lat="37.16276" lon="-3.497848">
        <ele>742.0</ele>
      </trkpt>
      <trkpt lat="37.162769" lon="-3.497798">
        <ele>742.2</ele>
      </trkpt>
      <trkpt lat="37.162778" lon="-3.497748">
        <ele>742.6</ele>
      </trkpt>
      <trkpt lat="37.162786" lon="-3.497696">
        <ele>742.8</ele>
      </trkpt>
      <trkpt lat="37.162792" lon="-3.497646">
        <ele>743.0</ele>
      </trkpt>
      <trkpt lat="37.162797" lon="-3.497597">
        <ele>743.2</ele>
      </trkpt>
      <trkpt lat="37.162801" lon="-3.497548">
        <ele>743.8</ele>
      </trkpt>
      <trkpt lat="37.162804" lon="-3.497497">
        <ele>744.0</ele>
      </trkpt>
      <trkpt lat="37.162808" lon="-3.497446">
        <ele>744.2</ele>
      </trkpt>
      <trkpt lat="37.162811" lon="-3.497395">
        <ele>744.6</ele>
      </trkpt>
      <trkpt lat="37.162813" lon="-3.497347">
        <ele>745.0</ele>
      </trkpt>
      <trkpt lat="37.162814" lon="-3.497298">
        <ele>745.4</ele>
      </trkpt>
      <trkpt lat="37.162816" lon="-3.497245">
        <ele>745.8</ele>
      </trkpt>
      <trkpt lat="37.162816" lon="-3.497196">
        <ele>746.0</ele>
      </trkpt>
      <trkpt lat="37.162816" lon="-3.497146">
        <ele>746.4</ele>
      </trkpt>
      <trkpt lat="37.162817" lon="-3.497096">
        <ele>746.8</ele>
      </trkpt>
      <trkpt lat="37.162816" lon="-3.497049">
        <ele>747.0</ele>
      </trkpt>
      <trkpt lat="37.162814" lon="-3.497001">
        <ele>747.2</ele>
      </trkpt>
      <trkpt lat="37.16281" lon="-3.496952">
        <ele>747.4</ele>
      </trkpt>
      <trkpt lat="37.162805" lon="-3.496901">
        <ele>747.8</ele>
      </trkpt>
      <trkpt lat="37.1628" lon="-3.496849">
        <ele>748.0</ele>
      </trkpt>
      <trkpt lat="37.162794" lon="-3.496797">
        <ele>748.2</ele>
      </trkpt>
      <trkpt lat="37.162786" lon="-3.496746">
        <ele>748.6</ele>
      </trkpt>
      <trkpt lat="37.162777" lon="-3.496694">
        <ele>748.8</ele>
      </trkpt>
      <trkpt lat="37.162767" lon="-3.496643">
        <ele>749.2</ele>
      </trkpt>
      <trkpt lat="37.162755" lon="-3.496592">
        <ele>749.6</ele>
      </trkpt>
      <trkpt lat="37.162743" lon="-3.496543">
        <ele>750.0</ele>
      </trkpt>
      <trkpt lat="37.162732" lon="-3.496492">
        <ele>750.2</ele>
      </trkpt>
      <trkpt lat="37.162719" lon="-3.496441">
        <ele>750.4</ele>
      </trkpt>
      <trkpt lat="37.162705" lon="-3.496392">
        <ele>750.8</ele>
      </trkpt>
      <trkpt lat="37.16269" lon="-3.496344">
        <ele>750.8</ele>
      </trkpt>
      <trkpt lat="37.162673" lon="-3.496295">
        <ele>751.0</ele>
      </trkpt>
      <trkpt lat="37.162653" lon="-3.496247">
        <ele>751.4</ele>
      </trkpt>
      <trkpt lat="37.162633" lon="-3.4962">
        <ele>751.8</ele>
      </trkpt>
      <trkpt lat="37.162612" lon="-3.496153">
        <ele>752.0</ele>
      </trkpt>
      <trkpt lat="37.16259" lon="-3.496107">
        <ele>752.4</ele>
      </trkpt>
      <trkpt lat="37.162567" lon="-3.496061">
        <ele>752.6</ele>
      </trkpt>
      <trkpt lat="37.162544" lon="-3.496018">
        <ele>752.8</ele>
      </trkpt>
      <trkpt lat="37.162521" lon="-3.495975">
        <ele>753.2</ele>
      </trkpt>
      <trkpt lat="37.162499" lon="-3.495931">
        <ele>753.4</ele>
      </trkpt>
      <trkpt lat="37.162477" lon="-3.495887">
        <ele>753.8</ele>
      </trkpt>
      <trkpt lat="37.162457" lon="-3.495843">
        <ele>754.2</ele>
      </trkpt>
      <trkpt lat="37.162438" lon="-3.495798">
        <ele>754.8</ele>
      </trkpt>
      <trkpt lat="37.162423" lon="-3.495752">
        <ele>755.0</ele>
      </trkpt>
      <trkpt lat="37.162411" lon="-3.495704">
        <ele>755.4</ele>
      </trkpt>
      <trkpt lat="37.162403" lon="-3.495656">
        <ele>755.8</ele>
      </trkpt>
      <trkpt lat="37.162395" lon="-3.495607">
        <ele>756.0</ele>
      </trkpt>
      <trkpt lat="37.162387" lon="-3.49556">
        <ele>756.4</ele>
      </trkpt>
      <trkpt lat="37.16238" lon="-3.495512">
        <ele>756.8</ele>
      </trkpt>
      <trkpt lat="37.162371" lon="-3.495464">
        <ele>757.0</ele>
      </trkpt>
      <trkpt lat="37.162359" lon="-3.495417">
        <ele>757.4</ele>
      </trkpt>
      <trkpt lat="37.162343" lon="-3.495372">
        <ele>757.6</ele>
      </trkpt>
      <trkpt lat="37.162325" lon="-3.495327">
        <ele>757.8</ele>
      </trkpt>
      <trkpt lat="37.162307" lon="-3.495285">
        <ele>758.2</ele>
      </trkpt>
      <trkpt lat="37.162286" lon="-3.495245">
        <ele>758.6</ele>
      </trkpt>
      <trkpt lat="37.162264" lon="-3.495208">
        <ele>758.8</ele>
      </trkpt>
      <trkpt lat="37.162239" lon="-3.495171">
        <ele>759.0</ele>
      </trkpt>
      <trkpt lat="37.162212" lon="-3.495139">
        <ele>759.0</ele>
      </trkpt>
      <trkpt lat="37.162181" lon="-3.49511">
        <ele>759.4</ele>
      </trkpt>
      <trkpt lat="37.162149" lon="-3.495084">
        <ele>760.0</ele>
      </trkpt>
      <trkpt lat="37.162116" lon="-3.495058">
        <ele>760.4</ele>
      </trkpt>
      <trkpt lat="37.162083" lon="-3.495034">
        <ele>760.6</ele>
      </trkpt>
      <trkpt lat="37.162051" lon="-3.49501">
        <ele>761.0</ele>
      </trkpt>
      <trkpt lat="37.162018" lon="-3.494982">
        <ele>761.2</ele>
      </trkpt>
      <trkpt lat="37.161988" lon="-3.494951">
        <ele>761.8</ele>
      </trkpt>
      <trkpt lat="37.161963" lon="-3.494916">
        <ele>762.2</ele>
      </trkpt>
      <trkpt lat="37.16194" lon="-3.494881">
        <ele>762.4</ele>
      </trkpt>
      <trkpt lat="37.161921" lon="-3.494842">
        <ele>762.6</ele>
      </trkpt>
      <trkpt lat="37.161902" lon="-3.494802">
        <ele>762.8</ele>
      </trkpt>
      <trkpt lat="37.16189" lon="-3.49476">
        <ele>763.0</ele>
      </trkpt>
      <trkpt lat="37.161878" lon="-3.494717">
        <ele>763.4</ele>
      </trkpt>
      <trkpt lat="37.161867" lon="-3.494675">
        <ele>763.6</ele>
      </trkpt>
      <trkpt lat="37.161855" lon="-3.494633">
        <ele>764.0</ele>
      </trkpt>
      <trkpt lat="37.161845" lon="-3.494591">
        <ele>764.4</ele>
      </trkpt>
      <trkpt lat="37.161832" lon="-3.494551">
        <ele>764.8</ele>
      </trkpt>
      <trkpt lat="37.161818" lon="-3.494511">
        <ele>765.2</ele>
      </trkpt>
      <trkpt lat="37.161804" lon="-3.494472">
        <ele>765.6</ele>
      </trkpt>
      <trkpt lat="37.161787" lon="-3.494436">
        <ele>766.0</ele>
      </trkpt>
      <trkpt lat="37.161766" lon="-3.494409">
        <ele>766.4</ele>
      </trkpt>
      <trkpt lat="37.161742" lon="-3.494382">
        <ele>766.8</ele>
      </trkpt>
      <trkpt lat="37.161722" lon="-3.494358">
        <ele>767.2</ele>
      </trkpt>
      <trkpt lat="37.161697" lon="-3.494336">
        <ele>767.4</ele>
      </trkpt>
      <trkpt lat="37.161665" lon="-3.494318">
        <ele>767.8</ele>
      </trkpt>
      <trkpt lat="37.161633" lon="-3.494309">
        <ele>768.2</ele>
      </trkpt>
      <trkpt lat="37.161602" lon="-3.494313">
        <ele>768.4</ele>
      </trkpt>
      <trkpt lat="37.161574" lon="-3.494323">
        <ele>768.8</ele>
      </trkpt>
      <trkpt lat="37.16154" lon="-3.494333">
        <ele>769.2</ele>
      </trkpt>
      <trkpt lat="37.161509" lon="-3.494347">
        <ele>769.6</ele>
      </trkpt>
      <trkpt lat="37.161477" lon="-3.494365">
        <ele>769.8</ele>
      </trkpt>
      <trkpt lat="37.161449" lon="-3.494392">
        <ele>770.0</ele>
      </trkpt>
      <trkpt lat="37.161424" lon="-3.494426">
        <ele>770.2</ele>
      </trkpt>
      <trkpt lat="37.161401" lon="-3.494461">
        <ele>770.4</ele>
      </trkpt>
      <trkpt lat="37.161384" lon="-3.494498">
        <ele>770.8</ele>
      </trkpt>
      <trkpt lat="37.161366" lon="-3.494536">
        <ele>771.2</ele>
      </trkpt>
      <trkpt lat="37.161354" lon="-3.494576">
        <ele>771.4</ele>
      </trkpt>
      <trkpt lat="37.161345" lon="-3.494618">
        <ele>771.8</ele>
      </trkpt>
      <trkpt lat="37.16134" lon="-3.49466">
        <ele>772.2</ele>
      </trkpt>
      <trkpt lat="37.161337" lon="-3.494709">
        <ele>772.4</ele>
      </trkpt>
      <trkpt lat="37.161343" lon="-3.494756">
        <ele>772.6</ele>
      </trkpt>
      <trkpt lat="37.16136" lon="-3.494805">
        <ele>772.6</ele>
      </trkpt>
      <trkpt lat="37.16139" lon="-3.494845">
        <ele>772.8</ele>
      </trkpt>
      <trkpt lat="37.161418" lon="-3.494888">
        <ele>772.8</ele>
      </trkpt>
      <trkpt lat="37.16145" lon="-3.494925">
        <ele>772.8</ele>
      </trkpt>
      <trkpt lat="37.161482" lon="-3.494968">
        <ele>772.8</ele>
      </trkpt>
      <trkpt lat="37.161515" lon="-3.495009">
        <ele>773.0</ele>
      </trkpt>
      <trkpt lat="37.161543" lon="-3.495048">
        <ele>773.2</ele>
      </trkpt>
      <trkpt lat="37.161572" lon="-3.495091">
        <ele>773.6</ele>
      </trkpt>
      <trkpt lat="37.161599" lon="-3.495131">
        <ele>774.0</ele>
      </trkpt>
      <trkpt lat="37.161627" lon="-3.495171">
        <ele>774.2</ele>
      </trkpt>
      <trkpt lat="37.161654" lon="-3.49521">
        <ele>774.8</ele>
      </trkpt>
      <trkpt lat="37.161674" lon="-3.495257">
        <ele>775.2</ele>
      </trkpt>
      <trkpt lat="37.161689" lon="-3.495304">
        <ele>775.6</ele>
      </trkpt>
      <trkpt lat="37.161705" lon="-3.495346">
        <ele>776.2</ele>
      </trkpt>
      <trkpt lat="37.161717" lon="-3.495388">
        <ele>776.4</ele>
      </trkpt>
      <trkpt lat="37.161721" lon="-3.495434">
        <ele>776.6</ele>
      </trkpt>
      <trkpt lat="37.161719" lon="-3.495478">
        <ele>777.0</ele>
      </trkpt>
      <trkpt lat="37.161708" lon="-3.495526">
        <ele>777.4</ele>
      </trkpt>
      <trkpt lat="37.161695" lon="-3.495567">
        <ele>777.8</ele>
      </trkpt>
      <trkpt lat="37.161672" lon="-3.495607">
        <ele>778.0</ele>
      </trkpt>
      <trkpt lat="37.161642" lon="-3.495642">
        <ele>778.4</ele>
      </trkpt>
      <trkpt lat="37.161613" lon="-3.49567">
        <ele>778.6</ele>
      </trkpt>
      <trkpt lat="37.161584" lon="-3.495692">
        <ele>778.8</ele>
      </trkpt>
      <trkpt lat="37.161553" lon="-3.495708">
        <ele>779.0</ele>
      </trkpt>
      <trkpt lat="37.161521" lon="-3.49572">
        <ele>779.4</ele>
      </trkpt>
      <trkpt lat="37.161491" lon="-3.495727">
        <ele>779.6</ele>
      </trkpt>
      <trkpt lat="37.161458" lon="-3.495734">
        <ele>779.8</ele>
      </trkpt>
      <trkpt lat="37.161423" lon="-3.495735">
        <ele>780.2</ele>
      </trkpt>
      <trkpt lat="37.161384" lon="-3.495734">
        <ele>780.6</ele>
      </trkpt>
      <trkpt lat="37.161343" lon="-3.495729">
        <ele>780.8</ele>
      </trkpt>
      <trkpt lat="37.161305" lon="-3.495724">
        <ele>781.0</ele>
      </trkpt>
      <trkpt lat="37.161266" lon="-3.495721">
        <ele>781.4</ele>
      </trkpt>
      <trkpt lat="37.161228" lon="-3.495721">
        <ele>781.8</ele>
      </trkpt>
      <trkpt lat="37.161187" lon="-3.495722">
        <ele>782.2</ele>
      </trkpt>
      <trkpt lat="37.161147" lon="-3.495726">
        <ele>782.4</ele>
      </trkpt>
      <trkpt lat="37.161106" lon="-3.495735">
        <ele>782.6</ele>
      </trkpt>
      <trkpt lat="37.161065" lon="-3.49575">
        <ele>782.8</ele>
      </trkpt>
      <trkpt lat="37.161027" lon="-3.495769">
        <ele>783.4</ele>
      </trkpt>
      <trkpt lat="37.160992" lon="-3.495796">
        <ele>783.8</ele>
      </trkpt>
      <trkpt lat="37.160961" lon="-3.495828">
        <ele>784.0</ele>
      </trkpt>
      <trkpt lat="37.160932" lon="-3.495864">
        <ele>784.4</ele>
      </trkpt>
      <trkpt lat="37.160907" lon="-3.4959">
        <ele>784.8</ele>
      </trkpt>
      <trkpt lat="37.160884" lon="-3.495939">
        <ele>785.0</ele>
      </trkpt>
      <trkpt lat="37.160864" lon="-3.495977">
        <ele>785.2</ele>
      </trkpt>
      <trkpt lat="37.160847" lon="-3.496021">
        <ele>785.4</ele>
      </trkpt>
      <trkpt lat="37.16083" lon="-3.496065">
        <ele>785.6</ele>
      </trkpt>
      <trkpt lat="37.160816" lon="-3.496107">
        <ele>786.0</ele>
      </trkpt>
      <trkpt lat="37.160801" lon="-3.496151">
        <ele>786.2</ele>
      </trkpt>
      <trkpt lat="37.160786" lon="-3.496196">
        <ele>786.4</ele>
      </trkpt>
      <trkpt lat="37.16077" lon="-3.496241">
        <ele>786.8</ele>
      </trkpt>
      <trkpt lat="37.160756" lon="-3.496286">
        <ele>787.0</ele>
      </trkpt>
      <trkpt lat="37.160741" lon="-3.496332">
        <ele>787.4</ele>
      </trkpt>
      <trkpt lat="37.160728" lon="-3.496377">
        <ele>787.6</ele>
      </trkpt>
      <trkpt lat="37.160713" lon="-3.496424">
        <ele>788.0</ele>
      </trkpt>
      <trkpt lat="37.1607" lon="-3.496468">
        <ele>788.0</ele>
      </trkpt>
      <trkpt lat="37.160687" lon="-3.496516">
        <ele>788.6</ele>
      </trkpt>
      <trkpt lat="37.160673" lon="-3.496564">
        <ele>788.8</ele>
      </trkpt>
      <trkpt lat="37.160658" lon="-3.496611">
        <ele>789.2</ele>
      </trkpt>
      <trkpt lat="37.160644" lon="-3.496658">
        <ele>789.6</ele>
      </trkpt>
      <trkpt lat="37.160629" lon="-3.496705">
        <ele>790.0</ele>
      </trkpt>
      <trkpt lat="37.160613" lon="-3.496752">
        <ele>790.2</ele>
      </trkpt>
      <trkpt lat="37.160597" lon="-3.496798">
        <ele>790.4</ele>
      </trkpt>
      <trkpt lat="37.16058" lon="-3.496845">
        <ele>790.6</ele>
      </trkpt>
      <trkpt lat="37.160564" lon="-3.496892">
        <ele>790.8</ele>
      </trkpt>
      <trkpt lat="37.160548" lon="-3.496938">
        <ele>791.2</ele>
      </trkpt>
      <trkpt lat="37.160532" lon="-3.496986">
        <ele>791.4</ele>
      </trkpt>
      <trkpt lat="37.160515" lon="-3.497033">
        <ele>791.8</ele>
      </trkpt>
      <trkpt lat="37.160495" lon="-3.497079">
        <ele>792.0</ele>
      </trkpt>
      <trkpt lat="37.160477" lon="-3.497125">
        <ele>792.4</ele>
      </trkpt>
      <trkpt lat="37.160458" lon="-3.497171">
        <ele>792.8</ele>
      </trkpt>
      <trkpt lat="37.160439" lon="-3.497217">
        <ele>793.0</ele>
      </trkpt>
      <trkpt lat="37.160422" lon="-3.497263">
        <ele>793.4</ele>
      </trkpt>
      <trkpt lat="37.160405" lon="-3.49731">
        <ele>793.6</ele>
      </trkpt>
      <trkpt lat="37.160388" lon="-3.497356">
        <ele>794.2</ele>
      </trkpt>
      <trkpt lat="37.160371" lon="-3.4974">
        <ele>794.6</ele>
      </trkpt>
      <trkpt lat="37.160355" lon="-3.497444">
        <ele>794.8</ele>
      </trkpt>
      <trkpt lat="37.160338" lon="-3.497488">
        <ele>795.0</ele>
      </trkpt>
      <trkpt lat="37.160318" lon="-3.497533">
        <ele>795.2</ele>
      </trkpt>
      <trkpt lat="37.1603" lon="-3.497576">
        <ele>795.6</ele>
      </trkpt>
      <trkpt lat="37.160284" lon="-3.497621">
        <ele>796.0</ele>
      </trkpt>
      <trkpt lat="37.16027" lon="-3.497668">
        <ele>796.4</ele>
      </trkpt>
      <trkpt lat="37.160257" lon="-3.497716">
        <ele>796.8</ele>
      </trkpt>
      <trkpt lat="37.160246" lon="-3.497763">
        <ele>797.0</ele>
      </trkpt>
      <trkpt lat="37.160236" lon="-3.497811">
        <ele>797.4</ele>
      </trkpt>
      <trkpt lat="37.160229" lon="-3.497859">
        <ele>797.8</ele>
      </trkpt>
      <trkpt lat="37.160224" lon="-3.497907">
        <ele>798.0</ele>
      </trkpt>
      <trkpt lat="37.160221" lon="-3.497956">
        <ele>798.2</ele>
      </trkpt>
      <trkpt lat="37.160217" lon="-3.498005">
        <ele>798.4</ele>
      </trkpt>
      <trkpt lat="37.160214" lon="-3.498054">
        <ele>798.8</ele>
      </trkpt>
      <trkpt lat="37.160213" lon="-3.498102">
        <ele>799.2</ele>
      </trkpt>
      <trkpt lat="37.160213" lon="-3.49815">
        <ele>799.4</ele>
      </trkpt>
      <trkpt lat="37.160217" lon="-3.498198">
        <ele>799.6</ele>
      </trkpt>
      <trkpt lat="37.160214" lon="-3.498247">
        <ele>800.0</ele>
      </trkpt>
      <trkpt lat="37.160211" lon="-3.498296">
        <ele>800.4</ele>
      </trkpt>
      <trkpt lat="37.160208" lon="-3.498346">
        <ele>800.6</ele>
      </trkpt>
      <trkpt lat="37.160207" lon="-3.498397">
        <ele>800.8</ele>
      </trkpt>
      <trkpt lat="37.160207" lon="-3.498446">
        <ele>801.0</ele>
      </trkpt>
      <trkpt lat="37.160207" lon="-3.498496">
        <ele>801.2</ele>
      </trkpt>
      <trkpt lat="37.16021" lon="-3.498546">
        <ele>801.6</ele>
      </trkpt>
      <trkpt lat="37.160214" lon="-3.498595">
        <ele>802.0</ele>
      </trkpt>
      <trkpt lat="37.160222" lon="-3.498642">
        <ele>802.4</ele>
      </trkpt>
      <trkpt lat="37.160233" lon="-3.498689">
        <ele>802.8</ele>
      </trkpt>
      <trkpt lat="37.160247" lon="-3.498735">
        <ele>803.4</ele>
      </trkpt>
      <trkpt lat="37.160262" lon="-3.498782">
        <ele>803.6</ele>
      </trkpt>
      <trkpt lat="37.160278" lon="-3.498829">
        <ele>803.8</ele>
      </trkpt>
      <trkpt lat="37.160295" lon="-3.498875">
        <ele>804.2</ele>
      </trkpt>
      <trkpt lat="37.160312" lon="-3.49892">
        <ele>804.4</ele>
      </trkpt>
      <trkpt lat="37.16033" lon="-3.498966">
        <ele>804.6</ele>
      </trkpt>
      <trkpt lat="37.160348" lon="-3.499011">
        <ele>804.8</ele>
      </trkpt>
      <trkpt lat="37.160365" lon="-3.499055">
        <ele>805.0</ele>
      </trkpt>
      <trkpt lat="37.160382" lon="-3.499101">
        <ele>805.4</ele>
      </trkpt>
      <trkpt lat="37.160398" lon="-3.499146">
        <ele>805.8</ele>
      </trkpt>
      <trkpt lat="37.160416" lon="-3.499189">
        <ele>806.2</ele>
      </trkpt>
      <trkpt lat="37.16043" lon="-3.499237">
        <ele>806.6</ele>
      </trkpt>
      <trkpt lat="37.160442" lon="-3.499283">
        <ele>807.0</ele>
      </trkpt>
      <trkpt lat="37.160453" lon="-3.499331">
        <ele>807.2</ele>
      </trkpt>
      <trkpt lat="37.160462" lon="-3.499379">
        <ele>807.4</ele>
      </trkpt>
      <trkpt lat="37.160468" lon="-3.499427">
        <ele>807.8</ele>
      </trkpt>
      <trkpt lat="37.16047" lon="-3.499476">
        <ele>808.0</ele>
      </trkpt>
      <trkpt lat="37.160469" lon="-3.499525">
        <ele>808.4</ele>
      </trkpt>
      <trkpt lat="37.160466" lon="-3.499575">
        <ele>808.6</ele>
      </trkpt>
      <trkpt lat="37.16046" lon="-3.499625">
        <ele>809.0</ele>
      </trkpt>
      <trkpt lat="37.160451" lon="-3.499673">
        <ele>809.4</ele>
      </trkpt>
      <trkpt lat="37.160444" lon="-3.499721">
        <ele>809.6</ele>
      </trkpt>
      <trkpt lat="37.160437" lon="-3.499768">
        <ele>809.8</ele>
      </trkpt>
      <trkpt lat="37.160429" lon="-3.499815">
        <ele>810.0</ele>
      </trkpt>
      <trkpt lat="37.160422" lon="-3.49986">
        <ele>810.4</ele>
      </trkpt>
      <trkpt lat="37.160415" lon="-3.499906">
        <ele>810.8</ele>
      </trkpt>
      <trkpt lat="37.160407" lon="-3.499953">
        <ele>811.0</ele>
      </trkpt>
      <trkpt lat="37.160399" lon="-3.499999">
        <ele>811.0</ele>
      </trkpt>
      <trkpt lat="37.160388" lon="-3.500048">
        <ele>811.4</ele>
      </trkpt>
      <trkpt lat="37.160379" lon="-3.500094">
        <ele>811.6</ele>
      </trkpt>
      <trkpt lat="37.160367" lon="-3.500141">
        <ele>811.8</ele>
      </trkpt>
      <trkpt lat="37.160351" lon="-3.500186">
        <ele>812.4</ele>
      </trkpt>
      <trkpt lat="37.160333" lon="-3.50023">
        <ele>812.6</ele>
      </trkpt>
      <trkpt lat="37.160312" lon="-3.500274">
        <ele>812.8</ele>
      </trkpt>
      <trkpt lat="37.160288" lon="-3.500314">
        <ele>813.2</ele>
      </trkpt>
      <trkpt lat="37.160259" lon="-3.500349">
        <ele>813.4</ele>
      </trkpt>
      <trkpt lat="37.160229" lon="-3.50038">
        <ele>813.6</ele>
      </trkpt>
      <trkpt lat="37.160195" lon="-3.50041">
        <ele>813.8</ele>
      </trkpt>
      <trkpt lat="37.16016" lon="-3.500437">
        <ele>813.8</ele>
      </trkpt>
      <trkpt lat="37.160127" lon="-3.500463">
        <ele>814.0</ele>
      </trkpt>
      <trkpt lat="37.160093" lon="-3.500493">
        <ele>814.2</ele>
      </trkpt>
      <trkpt lat="37.160061" lon="-3.500525">
        <ele>814.4</ele>
      </trkpt>
      <trkpt lat="37.160028" lon="-3.500557">
        <ele>815.0</ele>
      </trkpt>
      <trkpt lat="37.159995" lon="-3.50059">
        <ele>815.4</ele>
      </trkpt>
      <trkpt lat="37.159964" lon="-3.500626">
        <ele>815.8</ele>
      </trkpt>
      <trkpt lat="37.159935" lon="-3.500658">
        <ele>816.2</ele>
      </trkpt>
      <trkpt lat="37.159909" lon="-3.500691">
        <ele>816.4</ele>
      </trkpt>
      <trkpt lat="37.159884" lon="-3.500726">
        <ele>816.8</ele>
      </trkpt>
      <trkpt lat="37.159861" lon="-3.500763">
        <ele>817.2</ele>
      </trkpt>
      <trkpt lat="37.159844" lon="-3.500797">
        <ele>817.6</ele>
      </trkpt>
      <trkpt lat="37.159828" lon="-3.500833">
        <ele>818.0</ele>
      </trkpt>
      <trkpt lat="37.159812" lon="-3.50087">
        <ele>818.4</ele>
      </trkpt>
      <trkpt lat="37.159798" lon="-3.500907">
        <ele>818.8</ele>
      </trkpt>
      <trkpt lat="37.159785" lon="-3.500946">
        <ele>819.0</ele>
      </trkpt>
      <trkpt lat="37.159773" lon="-3.500984">
        <ele>819.4</ele>
      </trkpt>
      <trkpt lat="37.15976" lon="-3.501022">
        <ele>819.6</ele>
      </trkpt>
      <trkpt lat="37.159744" lon="-3.501064">
        <ele>820.0</ele>
      </trkpt>
      <trkpt lat="37.159728" lon="-3.501105">
        <ele>820.2</ele>
      </trkpt>
      <trkpt lat="37.159711" lon="-3.501148">
        <ele>820.6</ele>
      </trkpt>
      <trkpt lat="37.159695" lon="-3.501189">
        <ele>820.8</ele>
      </trkpt>
      <trkpt lat="37.159676" lon="-3.501228">
        <ele>821.2</ele>
      </trkpt>
      <trkpt lat="37.159654" lon="-3.501265">
        <ele>821.6</ele>
      </trkpt>
      <trkpt lat="37.159631" lon="-3.501298">
        <ele>822.0</ele>
      </trkpt>
      <trkpt lat="37.159605" lon="-3.501328">
        <ele>822.4</ele>
      </trkpt>
      <trkpt lat="37.159578" lon="-3.501352">
        <ele>822.6</ele>
      </trkpt>
      <trkpt lat="37.15955" lon="-3.501371">
        <ele>823.0</ele>
      </trkpt>
      <trkpt lat="37.159518" lon="-3.501385">
        <ele>823.2</ele>
      </trkpt>
      <trkpt lat="37.159486" lon="-3.501395">
        <ele>823.4</ele>
      </trkpt>
      <trkpt lat="37.159457" lon="-3.501399">
        <ele>823.6</ele>
      </trkpt>
      <trkpt lat="37.159429" lon="-3.501398">
        <ele>824.0</ele>
      </trkpt>
      <trkpt lat="37.159401" lon="-3.501392">
        <ele>824.2</ele>
      </trkpt>
      <trkpt lat="37.159373" lon="-3.501382">
        <ele>824.4</ele>
      </trkpt>
      <trkpt lat="37.159344" lon="-3.501367">
        <ele>824.6</ele>
      </trkpt>
      <trkpt lat="37.159316" lon="-3.501349">
        <ele>824.8</ele>
      </trkpt>
      <trkpt lat="37.159285" lon="-3.501328">
        <ele>825.2</ele>
      </trkpt>
      <trkpt lat="37.159253" lon="-3.501304">
        <ele>825.4</ele>
      </trkpt>
      <trkpt lat="37.159218" lon="-3.501277">
        <ele>825.8</ele>
      </trkpt>
      <trkpt lat="37.159178" lon="-3.501251">
        <ele>826.0</ele>
      </trkpt>
      <trkpt lat="37.15914" lon="-3.501227">
        <ele>826.2</ele>
      </trkpt>
      <trkpt lat="37.159104" lon="-3.501196">
        <ele>826.4</ele>
      </trkpt>
      <trkpt lat="37.159071" lon="-3.501163">
        <ele>826.6</ele>
      </trkpt>
      <trkpt lat="37.159038" lon="-3.501127">
        <ele>826.8</ele>
      </trkpt>
      <trkpt lat="37.159005" lon="-3.501091">
        <ele>827.0</ele>
      </trkpt>
      <trkpt lat="37.158972" lon="-3.501053">
        <ele>827.2</ele>
      </trkpt>
      <trkpt lat="37.158942" lon="-3.501007">
        <ele>827.6</ele>
      </trkpt>
      <trkpt lat="37.158913" lon="-3.500966">
        <ele>828.0</ele>
      </trkpt>
      <trkpt lat="37.158882" lon="-3.500926">
        <ele>828.4</ele>
      </trkpt>
      <trkpt lat="37.158851" lon="-3.500886">
        <ele>828.8</ele>
      </trkpt>
      <trkpt lat="37.158821" lon="-3.500845">
        <ele>829.2</ele>
      </trkpt>
      <trkpt lat="37.158789" lon="-3.500807">
        <ele>829.4</ele>
      </trkpt>
      <trkpt lat="37.158759" lon="-3.500768">
        <ele>829.6</ele>
      </trkpt>
      <trkpt lat="37.158728" lon="-3.500728">
        <ele>829.8</ele>
      </trkpt>
      <trkpt lat="37.158697" lon="-3.500687">
        <ele>830.0</ele>
      </trkpt>
      <trkpt lat="37.158665" lon="-3.500647">
        <ele>830.2</ele>
      </trkpt>
      <trkpt lat="37.15863" lon="-3.500612">
        <ele>830.6</ele>
      </trkpt>
      <trkpt lat="37.158595" lon="-3.500576">
        <ele>830.8</ele>
      </trkpt>
      <trkpt lat="37.158562" lon="-3.50054">
        <ele>831.2</ele>
      </trkpt>
      <trkpt lat="37.158528" lon="-3.500505">
        <ele>831.4</ele>
      </trkpt>
      <trkpt lat="37.158494" lon="-3.500472">
        <ele>831.6</ele>
      </trkpt>
      <trkpt lat="37.158459" lon="-3.500443">
        <ele>832.0</ele>
      </trkpt>
      <trkpt lat="37.158423" lon="-3.500417">
        <ele>832.4</ele>
      </trkpt>
      <trkpt lat="37.158386" lon="-3.500398">
        <ele>832.6</ele>
      </trkpt>
      <trkpt lat="37.158347" lon="-3.500386">
        <ele>832.8</ele>
      </trkpt>
      <trkpt lat="37.158306" lon="-3.500375">
        <ele>833.2</ele>
      </trkpt>
      <trkpt lat="37.158266" lon="-3.500364">
        <ele>833.6</ele>
      </trkpt>
      <trkpt lat="37.158232" lon="-3.500356">
        <ele>834.0</ele>
      </trkpt>
      <trkpt lat="37.158193" lon="-3.500348">
        <ele>834.2</ele>
      </trkpt>
      <trkpt lat="37.158156" lon="-3.500337">
        <ele>834.6</ele>
      </trkpt>
      <trkpt lat="37.158121" lon="-3.500325">
        <ele>835.0</ele>
      </trkpt>
      <trkpt lat="37.158088" lon="-3.500313">
        <ele>835.2</ele>
      </trkpt>
      <trkpt lat="37.158049" lon="-3.500302">
        <ele>835.6</ele>
      </trkpt>
      <trkpt lat="37.158007" lon="-3.50029">
        <ele>835.8</ele>
      </trkpt>
      <trkpt lat="37.15797" lon="-3.500276">
        <ele>836.0</ele>
      </trkpt>
      <trkpt lat="37.157931" lon="-3.500257">
        <ele>836.6</ele>
      </trkpt>
      <trkpt lat="37.157895" lon="-3.500244">
        <ele>837.0</ele>
      </trkpt>
      <trkpt lat="37.15786" lon="-3.500229">
        <ele>837.4</ele>
      </trkpt>
      <trkpt lat="37.157827" lon="-3.500212">
        <ele>837.6</ele>
      </trkpt>
      <trkpt lat="37.157796" lon="-3.500195">
        <ele>838.0</ele>
      </trkpt>
      <trkpt lat="37.157764" lon="-3.500176">
        <ele>838.2</ele>
      </trkpt>
      <trkpt lat="37.157734" lon="-3.500149">
        <ele>838.6</ele>
      </trkpt>
      <trkpt lat="37.157703" lon="-3.500118">
        <ele>839.0</ele>
      </trkpt>
      <trkpt lat="37.157679" lon="-3.500085">
        <ele>839.4</ele>
      </trkpt>
      <trkpt lat="37.157656" lon="-3.500048">
        <ele>839.6</ele>
      </trkpt>
      <trkpt lat="37.157636" lon="-3.500009">
        <ele>839.8</ele>
      </trkpt>
      <trkpt lat="37.157619" lon="-3.499968">
        <ele>840.0</ele>
      </trkpt>
      <trkpt lat="37.157606" lon="-3.499926">
        <ele>840.2</ele>
      </trkpt>
      <trkpt lat="37.157594" lon="-3.499881">
        <ele>840.4</ele>
      </trkpt>
      <trkpt lat="37.157584" lon="-3.499839">
        <ele>840.6</ele>
      </trkpt>
      <trkpt lat="37.157577" lon="-3.499798">
        <ele>840.8</ele>
      </trkpt>
      <trkpt lat="37.157571" lon="-3.499754">
        <ele>841.0</ele>
      </trkpt>
      <trkpt lat="37.157564" lon="-3.499712">
        <ele>841.4</ele>
      </trkpt>
      <trkpt lat="37.157562" lon="-3.49967">
        <ele>841.4</ele>
      </trkpt>
      <trkpt lat="37.157551" lon="-3.499574">
        <ele>842.0</ele>
      </trkpt>
      <trkpt lat="37.157545" lon="-3.499524">
        <ele>842.4</ele>
      </trkpt>
      <trkpt lat="37.157541" lon="-3.499477">
        <ele>842.8</ele>
      </trkpt>
      <trkpt lat="37.15754" lon="-3.499431">
        <ele>843.2</ele>
      </trkpt>
      <trkpt lat="37.157553" lon="-3.499366">
        <ele>843.4</ele>
      </trkpt>
      <trkpt lat="37.157557" lon="-3.499314">
        <ele>843.6</ele>
      </trkpt>
      <trkpt lat="37.157562" lon="-3.499262">
        <ele>843.8</ele>
      </trkpt>
      <trkpt lat="37.157566" lon="-3.499209">
        <ele>844.0</ele>
      </trkpt>
      <trkpt lat="37.15757" lon="-3.499158">
        <ele>844.4</ele>
      </trkpt>
      <trkpt lat="37.157574" lon="-3.499107">
        <ele>844.6</ele>
      </trkpt>
      <trkpt lat="37.157579" lon="-3.499056">
        <ele>845.0</ele>
      </trkpt>
      <trkpt lat="37.157585" lon="-3.499006">
        <ele>845.4</ele>
      </trkpt>
      <trkpt lat="37.157592" lon="-3.498955">
        <ele>845.8</ele>
      </trkpt>
      <trkpt lat="37.157597" lon="-3.498905">
        <ele>846.2</ele>
      </trkpt>
      <trkpt lat="37.1576" lon="-3.498856">
        <ele>846.6</ele>
      </trkpt>
      <trkpt lat="37.157604" lon="-3.498808">
        <ele>846.8</ele>
      </trkpt>
      <trkpt lat="37.15761" lon="-3.498763">
        <ele>847.2</ele>
      </trkpt>
      <trkpt lat="37.157616" lon="-3.498716">
        <ele>847.4</ele>
      </trkpt>
      <trkpt lat="37.157622" lon="-3.49867">
        <ele>847.6</ele>
      </trkpt>
      <trkpt lat="37.15763" lon="-3.498623">
        <ele>847.8</ele>
      </trkpt>
      <trkpt lat="37.157638" lon="-3.498578">
        <ele>848.2</ele>
      </trkpt>
      <trkpt lat="37.157648" lon="-3.498533">
        <ele>848.4</ele>
      </trkpt>
      <trkpt lat="37.157662" lon="-3.49849">
        <ele>848.6</ele>
      </trkpt>
      <trkpt lat="37.157679" lon="-3.498449">
        <ele>848.8</ele>
      </trkpt>
      <trkpt lat="37.157701" lon="-3.49841">
        <ele>849.0</ele>
      </trkpt>
      <trkpt lat="37.157725" lon="-3.498372">
        <ele>849.4</ele>
      </trkpt>
      <trkpt lat="37.157752" lon="-3.498334">
        <ele>849.8</ele>
      </trkpt>
      <trkpt lat="37.157779" lon="-3.498298">
        <ele>850.0</ele>
      </trkpt>
      <trkpt lat="37.157807" lon="-3.498264">
        <ele>850.2</ele>
      </trkpt>
      <trkpt lat="37.157835" lon="-3.498228">
        <ele>850.4</ele>
      </trkpt>
      <trkpt lat="37.157864" lon="-3.498193">
        <ele>850.6</ele>
      </trkpt>
      <trkpt lat="37.157893" lon="-3.49816">
        <ele>851.0</ele>
      </trkpt>
      <trkpt lat="37.157922" lon="-3.498127">
        <ele>851.2</ele>
      </trkpt>
      <trkpt lat="37.157951" lon="-3.498092">
        <ele>851.4</ele>
      </trkpt>
      <trkpt lat="37.157978" lon="-3.498057">
        <ele>851.8</ele>
      </trkpt>
      <trkpt lat="37.158005" lon="-3.498024">
        <ele>852.2</ele>
      </trkpt>
      <trkpt lat="37.158034" lon="-3.497991">
        <ele>852.4</ele>
      </trkpt>
      <trkpt lat="37.158063" lon="-3.49796">
        <ele>852.8</ele>
      </trkpt>
      <trkpt lat="37.158091" lon="-3.497928">
        <ele>853.2</ele>
      </trkpt>
      <trkpt lat="37.158118" lon="-3.497895">
        <ele>853.6</ele>
      </trkpt>
      <trkpt lat="37.158145" lon="-3.497863">
        <ele>854.2</ele>
      </trkpt>
      <trkpt lat="37.158173" lon="-3.497832">
        <ele>854.4</ele>
      </trkpt>
      <trkpt lat="37.158201" lon="-3.497802">
        <ele>854.8</ele>
      </trkpt>
      <trkpt lat="37.15823" lon="-3.497771">
        <ele>855.4</ele>
      </trkpt>
      <trkpt lat="37.158257" lon="-3.49774">
        <ele>855.6</ele>
      </trkpt>
      <trkpt lat="37.158286" lon="-3.497709">
        <ele>855.8</ele>
      </trkpt>
      <trkpt lat="37.158315" lon="-3.497679">
        <ele>856.0</ele>
      </trkpt>
      <trkpt lat="37.158343" lon="-3.497646">
        <ele>856.4</ele>
      </trkpt>
      <trkpt lat="37.158369" lon="-3.497612">
        <ele>856.8</ele>
      </trkpt>
      <trkpt lat="37.158395" lon="-3.497578">
        <ele>857.0</ele>
      </trkpt>
      <trkpt lat="37.158421" lon="-3.497542">
        <ele>857.4</ele>
      </trkpt>
      <trkpt lat="37.158445" lon="-3.497503">
        <ele>857.8</ele>
      </trkpt>
      <trkpt lat="37.158468" lon="-3.497462">
        <ele>858.2</ele>
      </trkpt>
      <trkpt lat="37.158487" lon="-3.497418">
        <ele>858.4</ele>
      </trkpt>
      <trkpt lat="37.158502" lon="-3.497371">
        <ele>858.6</ele>
      </trkpt>
      <trkpt lat="37.15851" lon="-3.497321">
        <ele>858.8</ele>
      </trkpt>
      <trkpt lat="37.158509" lon="-3.497268">
        <ele>859.0</ele>
      </trkpt>
      <trkpt lat="37.158498" lon="-3.497216">
        <ele>859.2</ele>
      </trkpt>
      <trkpt lat="37.15848" lon="-3.497168">
        <ele>859.4</ele>
      </trkpt>
      <trkpt lat="37.158454" lon="-3.497124">
        <ele>859.6</ele>
      </trkpt>
      <trkpt lat="37.158422" lon="-3.497087">
        <ele>859.8</ele>
      </trkpt>
      <trkpt lat="37.158383" lon="-3.497056">
        <ele>860.4</ele>
      </trkpt>
      <trkpt lat="37.158343" lon="-3.497031">
        <ele>860.6</ele>
      </trkpt>
      <trkpt lat="37.158302" lon="-3.497015">
        <ele>860.6</ele>
      </trkpt>
      <trkpt lat="37.158262" lon="-3.497004">
        <ele>861.0</ele>
      </trkpt>
      <trkpt lat="37.158221" lon="-3.496998">
        <ele>861.2</ele>
      </trkpt>
      <trkpt lat="37.158185" lon="-3.496999">
        <ele>861.4</ele>
      </trkpt>
      <trkpt lat="37.158144" lon="-3.496996">
        <ele>861.8</ele>
      </trkpt>
      <trkpt lat="37.158103" lon="-3.496994">
        <ele>862.2</ele>
      </trkpt>
      <trkpt lat="37.15806" lon="-3.49699">
        <ele>862.6</ele>
      </trkpt>
      <trkpt lat="37.158018" lon="-3.496986">
        <ele>862.8</ele>
      </trkpt>
      <trkpt lat="37.157977" lon="-3.496976">
        <ele>862.8</ele>
      </trkpt>
      <trkpt lat="37.157938" lon="-3.496963">
        <ele>863.2</ele>
      </trkpt>
      <trkpt lat="37.157899" lon="-3.496948">
        <ele>863.4</ele>
      </trkpt>
      <trkpt lat="37.157862" lon="-3.496932">
        <ele>863.8</ele>
      </trkpt>
      <trkpt lat="37.157824" lon="-3.496914">
        <ele>864.0</ele>
      </trkpt>
      <trkpt lat="37.157788" lon="-3.496895">
        <ele>864.4</ele>
      </trkpt>
      <trkpt lat="37.157754" lon="-3.496877">
        <ele>864.6</ele>
      </trkpt>
      <trkpt lat="37.157723" lon="-3.496856">
        <ele>864.8</ele>
      </trkpt>
      <trkpt lat="37.15769" lon="-3.496834">
        <ele>865.2</ele>
      </trkpt>
      <trkpt lat="37.15766" lon="-3.496809">
        <ele>865.4</ele>
      </trkpt>
      <trkpt lat="37.157626" lon="-3.496777">
        <ele>865.6</ele>
      </trkpt>
      <trkpt lat="37.157593" lon="-3.496745">
        <ele>866.0</ele>
      </trkpt>
      <trkpt lat="37.157559" lon="-3.496713">
        <ele>866.2</ele>
      </trkpt>
      <trkpt lat="37.157523" lon="-3.496684">
        <ele>866.2</ele>
      </trkpt>
      <trkpt lat="37.157487" lon="-3.496656">
        <ele>866.6</ele>
      </trkpt>
      <trkpt lat="37.157452" lon="-3.496633">
        <ele>866.8</ele>
      </trkpt>
      <trkpt lat="37.157415" lon="-3.496611">
        <ele>867.4</ele>
      </trkpt>
      <trkpt lat="37.157378" lon="-3.496594">
        <ele>868.0</ele>
      </trkpt>
      <trkpt lat="37.157343" lon="-3.496581">
        <ele>868.4</ele>
      </trkpt>
      <trkpt lat="37.157308" lon="-3.496571">
        <ele>868.8</ele>
      </trkpt>
      <trkpt lat="37.15727" lon="-3.496561">
        <ele>869.0</ele>
      </trkpt>
      <trkpt lat="37.157231" lon="-3.496553">
        <ele>869.2</ele>
      </trkpt>
      <trkpt lat="37.157191" lon="-3.496548">
        <ele>869.6</ele>
      </trkpt>
      <trkpt lat="37.157153" lon="-3.496544">
        <ele>869.8</ele>
      </trkpt>
      <trkpt lat="37.157116" lon="-3.496541">
        <ele>870.2</ele>
      </trkpt>
      <trkpt lat="37.157078" lon="-3.49654">
        <ele>870.6</ele>
      </trkpt>
      <trkpt lat="37.157039" lon="-3.49654">
        <ele>871.0</ele>
      </trkpt>
      <trkpt lat="37.156999" lon="-3.49654">
        <ele>871.4</ele>
      </trkpt>
      <trkpt lat="37.15696" lon="-3.496538">
        <ele>871.6</ele>
      </trkpt>
      <trkpt lat="37.156923" lon="-3.496536">
        <ele>872.0</ele>
      </trkpt>
      <trkpt lat="37.156882" lon="-3.496527">
        <ele>872.2</ele>
      </trkpt>
      <trkpt lat="37.156845" lon="-3.496515">
        <ele>872.6</ele>
      </trkpt>
      <trkpt lat="37.156811" lon="-3.496503">
        <ele>872.8</ele>
      </trkpt>
      <trkpt lat="37.15678" lon="-3.496486">
        <ele>873.0</ele>
      </trkpt>
      <trkpt lat="37.15675" lon="-3.496461">
        <ele>873.4</ele>
      </trkpt>
      <trkpt lat="37.156724" lon="-3.496429">
        <ele>873.6</ele>
      </trkpt>
      <trkpt lat="37.156702" lon="-3.49639">
        <ele>874.0</ele>
      </trkpt>
      <trkpt lat="37.156686" lon="-3.496347">
        <ele>874.4</ele>
      </trkpt>
      <trkpt lat="37.156679" lon="-3.496302">
        <ele>874.8</ele>
      </trkpt>
      <trkpt lat="37.15668" lon="-3.496255">
        <ele>875.0</ele>
      </trkpt>
      <trkpt lat="37.156687" lon="-3.496208">
        <ele>875.4</ele>
      </trkpt>
      <trkpt lat="37.156698" lon="-3.496162">
        <ele>875.8</ele>
      </trkpt>
      <trkpt lat="37.156712" lon="-3.496119">
        <ele>876.0</ele>
      </trkpt>
      <trkpt lat="37.156728" lon="-3.49608">
        <ele>876.6</ele>
      </trkpt>
      <trkpt lat="37.156741" lon="-3.496035">
        <ele>876.8</ele>
      </trkpt>
      <trkpt lat="37.156759" lon="-3.495997">
        <ele>877.0</ele>
      </trkpt>
      <trkpt lat="37.15678" lon="-3.495965">
        <ele>877.4</ele>
      </trkpt>
      <trkpt lat="37.156802" lon="-3.495934">
        <ele>877.8</ele>
      </trkpt>
      <trkpt lat="37.156825" lon="-3.4959">
        <ele>878.0</ele>
      </trkpt>
      <trkpt lat="37.156849" lon="-3.495869">
        <ele>878.2</ele>
      </trkpt>
      <trkpt lat="37.156873" lon="-3.495837">
        <ele>878.6</ele>
      </trkpt>
      <trkpt lat="37.156897" lon="-3.495804">
        <ele>878.8</ele>
      </trkpt>
      <trkpt lat="37.15692" lon="-3.495771">
        <ele>879.2</ele>
      </trkpt>
      <trkpt lat="37.156946" lon="-3.495738">
        <ele>879.4</ele>
      </trkpt>
      <trkpt lat="37.156972" lon="-3.495705">
        <ele>879.6</ele>
      </trkpt>
      <trkpt lat="37.156998" lon="-3.495673">
        <ele>879.8</ele>
      </trkpt>
      <trkpt lat="37.157025" lon="-3.495644">
        <ele>880.2</ele>
      </trkpt>
      <trkpt lat="37.157053" lon="-3.495618">
        <ele>880.2</ele>
      </trkpt>
      <trkpt lat="37.157083" lon="-3.495593">
        <ele>880.6</ele>
      </trkpt>
      <trkpt lat="37.157113" lon="-3.495568">
        <ele>881.0</ele>
      </trkpt>
      <trkpt lat="37.157144" lon="-3.495546">
        <ele>881.2</ele>
      </trkpt>
      <trkpt lat="37.157176" lon="-3.495525">
        <ele>881.4</ele>
      </trkpt>
      <trkpt lat="37.157209" lon="-3.495506">
        <ele>882.0</ele>
      </trkpt>
      <trkpt lat="37.157242" lon="-3.49549">
        <ele>882.2</ele>
      </trkpt>
      <trkpt lat="37.157275" lon="-3.495476">
        <ele>882.4</ele>
      </trkpt>
      <trkpt lat="37.157309" lon="-3.495464">
        <ele>882.6</ele>
      </trkpt>
      <trkpt lat="37.157344" lon="-3.495454">
        <ele>882.8</ele>
      </trkpt>
      <trkpt lat="37.15738" lon="-3.495446">
        <ele>883.0</ele>
      </trkpt>
      <trkpt lat="37.157415" lon="-3.49544">
        <ele>883.2</ele>
      </trkpt>
      <trkpt lat="37.157449" lon="-3.495432">
        <ele>883.4</ele>
      </trkpt>
      <trkpt lat="37.157484" lon="-3.495424">
        <ele>884.2</ele>
      </trkpt>
      <trkpt lat="37.157519" lon="-3.495415">
        <ele>884.6</ele>
      </trkpt>
      <trkpt lat="37.157556" lon="-3.495408">
        <ele>884.8</ele>
      </trkpt>
      <trkpt lat="37.157593" lon="-3.495402">
        <ele>884.8</ele>
      </trkpt>
      <trkpt lat="37.157633" lon="-3.495396">
        <ele>885.0</ele>
      </trkpt>
      <trkpt lat="37.157673" lon="-3.495392">
        <ele>885.2</ele>
      </trkpt>
      <trkpt lat="37.157713" lon="-3.495386">
        <ele>885.4</ele>
      </trkpt>
      <trkpt lat="37.157751" lon="-3.495379">
        <ele>885.6</ele>
      </trkpt>
      <trkpt lat="37.157788" lon="-3.495372">
        <ele>886.0</ele>
      </trkpt>
      <trkpt lat="37.157829" lon="-3.495364">
        <ele>886.4</ele>
      </trkpt>
      <trkpt lat="37.157868" lon="-3.495358">
        <ele>886.6</ele>
      </trkpt>
      <trkpt lat="37.157905" lon="-3.495348">
        <ele>886.8</ele>
      </trkpt>
      <trkpt lat="37.157945" lon="-3.495339">
        <ele>887.0</ele>
      </trkpt>
      <trkpt lat="37.157984" lon="-3.495322">
        <ele>887.4</ele>
      </trkpt>
      <trkpt lat="37.158024" lon="-3.495301">
        <ele>887.6</ele>
      </trkpt>
      <trkpt lat="37.15806" lon="-3.495273">
        <ele>887.8</ele>
      </trkpt>
      <trkpt lat="37.158096" lon="-3.49525">
        <ele>888.0</ele>
      </trkpt>
      <trkpt lat="37.158129" lon="-3.495218">
        <ele>888.4</ele>
      </trkpt>
      <trkpt lat="37.158159" lon="-3.495181">
        <ele>888.8</ele>
      </trkpt>
      <trkpt lat="37.158184" lon="-3.495141">
        <ele>889.2</ele>
      </trkpt>
      <trkpt lat="37.158206" lon="-3.495099">
        <ele>889.6</ele>
      </trkpt>
      <trkpt lat="37.158225" lon="-3.495055">
        <ele>890.0</ele>
      </trkpt>
      <trkpt lat="37.158239" lon="-3.495009">
        <ele>890.4</ele>
      </trkpt>
      <trkpt lat="37.15825" lon="-3.494961">
        <ele>890.6</ele>
      </trkpt>
      <trkpt lat="37.158259" lon="-3.494913">
        <ele>890.8</ele>
      </trkpt>
      <trkpt lat="37.158266" lon="-3.494865">
        <ele>891.0</ele>
      </trkpt>
      <trkpt lat="37.158275" lon="-3.494816">
        <ele>891.2</ele>
      </trkpt>
      <trkpt lat="37.158286" lon="-3.494768">
        <ele>891.6</ele>
      </trkpt>
      <trkpt lat="37.158298" lon="-3.494722">
        <ele>892.0</ele>
      </trkpt>
      <trkpt lat="37.15831" lon="-3.494674">
        <ele>892.2</ele>
      </trkpt>
      <trkpt lat="37.158322" lon="-3.494626">
        <ele>892.4</ele>
      </trkpt>
      <trkpt lat="37.158335" lon="-3.494576">
        <ele>892.6</ele>
      </trkpt>
      <trkpt lat="37.158352" lon="-3.494529">
        <ele>892.8</ele>
      </trkpt>
      <trkpt lat="37.15837" lon="-3.494482">
        <ele>893.0</ele>
      </trkpt>
      <trkpt lat="37.158389" lon="-3.494435">
        <ele>893.2</ele>
      </trkpt>
      <trkpt lat="37.158406" lon="-3.494388">
        <ele>893.6</ele>
      </trkpt>
      <trkpt lat="37.158422" lon="-3.49434">
        <ele>894.2</ele>
      </trkpt>
      <trkpt lat="37.158439" lon="-3.494291">
        <ele>894.6</ele>
      </trkpt>
      <trkpt lat="37.158455" lon="-3.494241">
        <ele>895.0</ele>
      </trkpt>
      <trkpt lat="37.158468" lon="-3.494191">
        <ele>895.2</ele>
      </trkpt>
      <trkpt lat="37.158481" lon="-3.49414">
        <ele>895.6</ele>
      </trkpt>
      <trkpt lat="37.158493" lon="-3.494089">
        <ele>895.8</ele>
      </trkpt>
      <trkpt lat="37.158501" lon="-3.494037">
        <ele>896.0</ele>
      </trkpt>
      <trkpt lat="37.158505" lon="-3.493985">
        <ele>896.2</ele>
      </trkpt>
      <trkpt lat="37.158509" lon="-3.493931">
        <ele>896.4</ele>
      </trkpt>
      <trkpt lat="37.158509" lon="-3.493877">
        <ele>896.8</ele>
      </trkpt>
      <trkpt lat="37.158507" lon="-3.493824">
        <ele>897.0</ele>
      </trkpt>
      <trkpt lat="37.158502" lon="-3.493769">
        <ele>897.4</ele>
      </trkpt>
      <trkpt lat="37.158494" lon="-3.493715">
        <ele>897.8</ele>
      </trkpt>
      <trkpt lat="37.158484" lon="-3.493662">
        <ele>898.0</ele>
      </trkpt>
      <trkpt lat="37.158473" lon="-3.493609">
        <ele>898.2</ele>
      </trkpt>
      <trkpt lat="37.158458" lon="-3.493557">
        <ele>898.4</ele>
      </trkpt>
      <trkpt lat="37.158442" lon="-3.493507">
        <ele>898.4</ele>
      </trkpt>
      <trkpt lat="37.158426" lon="-3.493459">
        <ele>898.6</ele>
      </trkpt>
      <trkpt lat="37.158407" lon="-3.493412">
        <ele>898.8</ele>
      </trkpt>
      <trkpt lat="37.158385" lon="-3.493367">
        <ele>899.0</ele>
      </trkpt>
      <trkpt lat="37.158361" lon="-3.493325">
        <ele>899.4</ele>
      </trkpt>
      <trkpt lat="37.158336" lon="-3.493284">
        <ele>900.0</ele>
      </trkpt>
      <trkpt lat="37.15831" lon="-3.493244">
        <ele>900.4</ele>
      </trkpt>
      <trkpt lat="37.158282" lon="-3.493207">
        <ele>901.0</ele>
      </trkpt>
      <trkpt lat="37.158254" lon="-3.493171">
        <ele>901.4</ele>
      </trkpt>
      <trkpt lat="37.158225" lon="-3.493136">
        <ele>901.8</ele>
      </trkpt>
      <trkpt lat="37.158195" lon="-3.493101">
        <ele>902.2</ele>
      </trkpt>
      <trkpt lat="37.158164" lon="-3.493067">
        <ele>902.4</ele>
      </trkpt>
      <trkpt lat="37.158133" lon="-3.493032">
        <ele>902.6</ele>
      </trkpt>
      <trkpt lat="37.158102" lon="-3.492998">
        <ele>902.8</ele>
      </trkpt>
      <trkpt lat="37.158071" lon="-3.492965">
        <ele>903.0</ele>
      </trkpt>
      <trkpt lat="37.158038" lon="-3.492934">
        <ele>903.2</ele>
      </trkpt>
      <trkpt lat="37.158004" lon="-3.492905">
        <ele>903.4</ele>
      </trkpt>
      <trkpt lat="37.157969" lon="-3.492879">
        <ele>903.6</ele>
      </trkpt>
      <trkpt lat="37.15793" lon="-3.492857">
        <ele>904.0</ele>
      </trkpt>
      <trkpt lat="37.157889" lon="-3.492839">
        <ele>904.2</ele>
      </trkpt>
      <trkpt lat="37.157846" lon="-3.492828">
        <ele>904.6</ele>
      </trkpt>
      <trkpt lat="37.157806" lon="-3.492822">
        <ele>905.0</ele>
      </trkpt>
      <trkpt lat="37.157765" lon="-3.49282">
        <ele>905.4</ele>
      </trkpt>
      <trkpt lat="37.157725" lon="-3.492823">
        <ele>905.8</ele>
      </trkpt>
      <trkpt lat="37.157683" lon="-3.492832">
        <ele>906.2</ele>
      </trkpt>
      <trkpt lat="37.157645" lon="-3.492847">
        <ele>906.6</ele>
      </trkpt>
      <trkpt lat="37.157609" lon="-3.492866">
        <ele>906.8</ele>
      </trkpt>
      <trkpt lat="37.157574" lon="-3.492887">
        <ele>907.0</ele>
      </trkpt>
      <trkpt lat="37.15754" lon="-3.492909">
        <ele>907.2</ele>
      </trkpt>
      <trkpt lat="37.157506" lon="-3.492934">
        <ele>907.6</ele>
      </trkpt>
      <trkpt lat="37.157472" lon="-3.492963">
        <ele>908.2</ele>
      </trkpt>
      <trkpt lat="37.157436" lon="-3.492994">
        <ele>908.4</ele>
      </trkpt>
      <trkpt lat="37.157402" lon="-3.493023">
        <ele>908.6</ele>
      </trkpt>
      <trkpt lat="37.157367" lon="-3.493053">
        <ele>909.0</ele>
      </trkpt>
      <trkpt lat="37.157334" lon="-3.493086">
        <ele>909.2</ele>
      </trkpt>
      <trkpt lat="37.157304" lon="-3.493123">
        <ele>909.6</ele>
      </trkpt>
      <trkpt lat="37.157276" lon="-3.49316">
        <ele>909.8</ele>
      </trkpt>
      <trkpt lat="37.157247" lon="-3.493197">
        <ele>910.0</ele>
      </trkpt>
      <trkpt lat="37.157219" lon="-3.493235">
        <ele>910.2</ele>
      </trkpt>
      <trkpt lat="37.157193" lon="-3.493275">
        <ele>910.8</ele>
      </trkpt>
      <trkpt lat="37.157169" lon="-3.493316">
        <ele>911.2</ele>
      </trkpt>
      <trkpt lat="37.157143" lon="-3.493356">
        <ele>911.4</ele>
      </trkpt>
      <trkpt lat="37.157117" lon="-3.493395">
        <ele>911.8</ele>
      </trkpt>
      <trkpt lat="37.157091" lon="-3.493434">
        <ele>912.0</ele>
      </trkpt>
      <trkpt lat="37.157066" lon="-3.493473">
        <ele>912.2</ele>
      </trkpt>
      <trkpt lat="37.15704" lon="-3.493512">
        <ele>912.4</ele>
      </trkpt>
      <trkpt lat="37.157014" lon="-3.493549">
        <ele>912.8</ele>
      </trkpt>
      <trkpt lat="37.156985" lon="-3.493583">
        <ele>913.0</ele>
      </trkpt>
      <trkpt lat="37.156955" lon="-3.493616">
        <ele>913.4</ele>
      </trkpt>
      <trkpt lat="37.156923" lon="-3.493646">
        <ele>913.6</ele>
      </trkpt>
      <trkpt lat="37.156889" lon="-3.493673">
        <ele>914.2</ele>
      </trkpt>
      <trkpt lat="37.156854" lon="-3.493698">
        <ele>914.4</ele>
      </trkpt>
      <trkpt lat="37.156819" lon="-3.493722">
        <ele>914.8</ele>
      </trkpt>
      <trkpt lat="37.156784" lon="-3.493748">
        <ele>915.0</ele>
      </trkpt>
      <trkpt lat="37.156752" lon="-3.493775">
        <ele>915.2</ele>
      </trkpt>
      <trkpt lat="37.15672" lon="-3.493801">
        <ele>915.6</ele>
      </trkpt>
      <trkpt lat="37.156688" lon="-3.493823">
        <ele>915.8</ele>
      </trkpt>
      <trkpt lat="37.156653" lon="-3.493845">
        <ele>916.0</ele>
      </trkpt>
      <trkpt lat="37.15662" lon="-3.493865">
        <ele>916.2</ele>
      </trkpt>
      <trkpt lat="37.156586" lon="-3.493886">
        <ele>916.4</ele>
      </trkpt>
      <trkpt lat="37.156554" lon="-3.493906">
        <ele>916.6</ele>
      </trkpt>
      <trkpt lat="37.156516" lon="-3.493926">
        <ele>917.0</ele>
      </trkpt>
      <trkpt lat="37.15648" lon="-3.493946">
        <ele>917.4</ele>
      </trkpt>
      <trkpt lat="37.156446" lon="-3.493971">
        <ele>917.6</ele>
      </trkpt>
      <trkpt lat="37.156413" lon="-3.493998">
        <ele>918.0</ele>
      </trkpt>
      <trkpt lat="37.156375" lon="-3.494027">
        <ele>918.2</ele>
      </trkpt>
      <trkpt lat="37.15634" lon="-3.49406">
        <ele>918.4</ele>
      </trkpt>
      <trkpt lat="37.156306" lon="-3.494093">
        <ele>918.6</ele>
      </trkpt>
      <trkpt lat="37.156271" lon="-3.494128">
        <ele>918.8</ele>
      </trkpt>
      <trkpt lat="37.156237" lon="-3.494164">
        <ele>919.0</ele>
      </trkpt>
      <trkpt lat="37.156204" lon="-3.494198">
        <ele>919.2</ele>
      </trkpt>
      <trkpt lat="37.156172" lon="-3.494233">
        <ele>919.8</ele>
      </trkpt>
      <trkpt lat="37.156141" lon="-3.49427">
        <ele>920.0</ele>
      </trkpt>
      <trkpt lat="37.156111" lon="-3.494305">
        <ele>920.4</ele>
      </trkpt>
      <trkpt lat="37.156082" lon="-3.494341">
        <ele>920.8</ele>
      </trkpt>
      <trkpt lat="37.156048" lon="-3.494375">
        <ele>921.0</ele>
      </trkpt>
      <trkpt lat="37.156013" lon="-3.494406">
        <ele>921.2</ele>
      </trkpt>
      <trkpt lat="37.155976" lon="-3.494434">
        <ele>921.6</ele>
      </trkpt>
      <trkpt lat="37.155942" lon="-3.49446">
        <ele>922.0</ele>
      </trkpt>
      <trkpt lat="37.155905" lon="-3.494482">
        <ele>922.6</ele>
      </trkpt>
      <trkpt lat="37.155867" lon="-3.494503">
        <ele>922.8</ele>
      </trkpt>
      <trkpt lat="37.155833" lon="-3.494522">
        <ele>923.4</ele>
      </trkpt>
      <trkpt lat="37.155793" lon="-3.494536">
        <ele>923.6</ele>
      </trkpt>
      <trkpt lat="37.155755" lon="-3.49455">
        <ele>923.8</ele>
      </trkpt>
      <trkpt lat="37.155717" lon="-3.494564">
        <ele>924.0</ele>
      </trkpt>
      <trkpt lat="37.155681" lon="-3.494578">
        <ele>924.2</ele>
      </trkpt>
      <trkpt lat="37.155648" lon="-3.494594">
        <ele>924.4</ele>
      </trkpt>
      <trkpt lat="37.155617" lon="-3.494616">
        <ele>924.6</ele>
      </trkpt>
      <trkpt lat="37.155589" lon="-3.494639">
        <ele>924.8</ele>
      </trkpt>
      <trkpt lat="37.155555" lon="-3.49466">
        <ele>925.2</ele>
      </trkpt>
      <trkpt lat="37.155518" lon="-3.494682">
        <ele>925.6</ele>
      </trkpt>
      <trkpt lat="37.155487" lon="-3.494708">
        <ele>925.8</ele>
      </trkpt>
      <trkpt lat="37.155455" lon="-3.494736">
        <ele>926.2</ele>
      </trkpt>
      <trkpt lat="37.155416" lon="-3.494763">
        <ele>926.4</ele>
      </trkpt>
      <trkpt lat="37.155382" lon="-3.494789">
        <ele>926.6</ele>
      </trkpt>
      <trkpt lat="37.155348" lon="-3.494813">
        <ele>927.0</ele>
      </trkpt>
      <trkpt lat="37.155312" lon="-3.494837">
        <ele>927.6</ele>
      </trkpt>
      <trkpt lat="37.15528" lon="-3.494862">
        <ele>928.0</ele>
      </trkpt>
      <trkpt lat="37.155251" lon="-3.494889">
        <ele>928.4</ele>
      </trkpt>
      <trkpt lat="37.155221" lon="-3.494917">
        <ele>928.8</ele>
      </trkpt>
      <trkpt lat="37.155194" lon="-3.494942">
        <ele>929.0</ele>
      </trkpt>
      <trkpt lat="37.155163" lon="-3.494967">
        <ele>929.0</ele>
      </trkpt>
      <trkpt lat="37.155136" lon="-3.494993">
        <ele>929.2</ele>
      </trkpt>
      <trkpt lat="37.155113" lon="-3.49502">
        <ele>929.4</ele>
      </trkpt>
      <trkpt lat="37.155081" lon="-3.495048">
        <ele>929.6</ele>
      </trkpt>
      <trkpt lat="37.15505" lon="-3.495077">
        <ele>929.8</ele>
      </trkpt>
      <trkpt lat="37.15502" lon="-3.495111">
        <ele>930.2</ele>
      </trkpt>
      <trkpt lat="37.154996" lon="-3.495151">
        <ele>930.4</ele>
      </trkpt>
      <trkpt lat="37.154976" lon="-3.495191">
        <ele>930.8</ele>
      </trkpt>
      <trkpt lat="37.154955" lon="-3.495236">
        <ele>931.0</ele>
      </trkpt>
      <trkpt lat="37.154945" lon="-3.495285">
        <ele>931.4</ele>
      </trkpt>
      <trkpt lat="37.154938" lon="-3.495337">
        <ele>931.6</ele>
      </trkpt>
      <trkpt lat="37.154934" lon="-3.495391">
        <ele>931.8</ele>
      </trkpt>
      <trkpt lat="37.154935" lon="-3.495446">
        <ele>932.2</ele>
      </trkpt>
      <trkpt lat="37.154937" lon="-3.495501">
        <ele>932.4</ele>
      </trkpt>
      <trkpt lat="37.154941" lon="-3.495556">
        <ele>932.6</ele>
      </trkpt>
      <trkpt lat="37.154947" lon="-3.495609">
        <ele>933.0</ele>
      </trkpt>
      <trkpt lat="37.154955" lon="-3.495666">
        <ele>933.2</ele>
      </trkpt>
      <trkpt lat="37.154963" lon="-3.495723">
        <ele>933.4</ele>
      </trkpt>
      <trkpt lat="37.154969" lon="-3.495781">
        <ele>933.6</ele>
      </trkpt>
      <trkpt lat="37.15497" lon="-3.495839">
        <ele>933.8</ele>
      </trkpt>
      <trkpt lat="37.154964" lon="-3.495894">
        <ele>934.0</ele>
      </trkpt>
      <trkpt lat="37.154951" lon="-3.495949">
        <ele>934.4</ele>
      </trkpt>
      <trkpt lat="37.15493" lon="-3.496006">
        <ele>934.4</ele>
      </trkpt>
      <trkpt lat="37.154902" lon="-3.496058">
        <ele>934.6</ele>
      </trkpt>
      <trkpt lat="37.154866" lon="-3.496102">
        <ele>934.6</ele>
      </trkpt>
      <trkpt lat="37.154823" lon="-3.496138">
        <ele>934.8</ele>
      </trkpt>
      <trkpt lat="37.154775" lon="-3.496162">
        <ele>935.0</ele>
      </trkpt>
      <trkpt lat="37.154723" lon="-3.496172">
        <ele>935.2</ele>
      </trkpt>
      <trkpt lat="37.154671" lon="-3.496171">
        <ele>935.4</ele>
      </trkpt>
      <trkpt lat="37.154619" lon="-3.496158">
        <ele>935.6</ele>
      </trkpt>
      <trkpt lat="37.154568" lon="-3.496135">
        <ele>935.8</ele>
      </trkpt>
      <trkpt lat="37.154519" lon="-3.496103">
        <ele>936.0</ele>
      </trkpt>
      <trkpt lat="37.154471" lon="-3.496066">
        <ele>936.3</ele>
      </trkpt>
      <trkpt lat="37.154424" lon="-3.496028">
        <ele>936.5</ele>
      </trkpt>
      <trkpt lat="37.154381" lon="-3.49599">
        <ele>936.8</ele>
      </trkpt>
      <trkpt lat="37.154341" lon="-3.495949">
        <ele>937.0</ele>
      </trkpt>
      <trkpt lat="37.154301" lon="-3.495911">
        <ele>937.3</ele>
      </trkpt>
      <trkpt lat="37.154272" lon="-3.495869">
        <ele>937.5</ele>
      </trkpt>
      <trkpt lat="37.154243" lon="-3.49582">
        <ele>937.7</ele>
      </trkpt>
      <trkpt lat="37.154216" lon="-3.495763">
        <ele>938.0</ele>
      </trkpt>
      <trkpt lat="37.154192" lon="-3.495707">
        <ele>938.6</ele>
      </trkpt>
      <trkpt lat="37.154179" lon="-3.495648">
        <ele>939.0</ele>
      </trkpt>
      <trkpt lat="37.154174" lon="-3.495588">
        <ele>939.2</ele>
      </trkpt>
      <trkpt lat="37.154183" lon="-3.495526">
        <ele>939.8</ele>
      </trkpt>
      <trkpt lat="37.154194" lon="-3.495467">
        <ele>940.2</ele>
      </trkpt>
      <trkpt lat="37.154211" lon="-3.495407">
        <ele>940.8</ele>
      </trkpt>
      <trkpt lat="37.154227" lon="-3.495353">
        <ele>941.4</ele>
      </trkpt>
      <trkpt lat="37.154248" lon="-3.4953">
        <ele>942.0</ele>
      </trkpt>
      <trkpt lat="37.154269" lon="-3.49525">
        <ele>942.4</ele>
      </trkpt>
      <trkpt lat="37.154287" lon="-3.495203">
        <ele>942.8</ele>
      </trkpt>
      <trkpt lat="37.154308" lon="-3.495155">
        <ele>943.4</ele>
      </trkpt>
      <trkpt lat="37.154327" lon="-3.495111">
        <ele>943.8</ele>
      </trkpt>
      <trkpt lat="37.154347" lon="-3.495069">
        <ele>944.2</ele>
      </trkpt>
      <trkpt lat="37.154366" lon="-3.495029">
        <ele>944.4</ele>
      </trkpt>
      <trkpt lat="37.154386" lon="-3.494988">
        <ele>944.6</ele>
      </trkpt>
      <trkpt lat="37.154406" lon="-3.494947">
        <ele>944.8</ele>
      </trkpt>
      <trkpt lat="37.154427" lon="-3.494908">
        <ele>945.0</ele>
      </trkpt>
      <trkpt lat="37.154447" lon="-3.494868">
        <ele>945.4</ele>
      </trkpt>
      <trkpt lat="37.154465" lon="-3.494829">
        <ele>945.6</ele>
      </trkpt>
      <trkpt lat="37.154483" lon="-3.494789">
        <ele>946.0</ele>
      </trkpt>
      <trkpt lat="37.154501" lon="-3.494749">
        <ele>946.2</ele>
      </trkpt>
      <trkpt lat="37.154519" lon="-3.49471">
        <ele>946.4</ele>
      </trkpt>
      <trkpt lat="37.154536" lon="-3.494671">
        <ele>946.8</ele>
      </trkpt>
      <trkpt lat="37.154553" lon="-3.494631">
        <ele>947.0</ele>
      </trkpt>
      <trkpt lat="37.154571" lon="-3.49459">
        <ele>947.4</ele>
      </trkpt>
      <trkpt lat="37.154592" lon="-3.49455">
        <ele>947.6</ele>
      </trkpt>
      <trkpt lat="37.154611" lon="-3.494508">
        <ele>947.8</ele>
      </trkpt>
      <trkpt lat="37.154628" lon="-3.494464">
        <ele>948.0</ele>
      </trkpt>
      <trkpt lat="37.154647" lon="-3.49442">
        <ele>948.2</ele>
      </trkpt>
      <trkpt lat="37.154667" lon="-3.494376">
        <ele>948.6</ele>
      </trkpt>
      <trkpt lat="37.154688" lon="-3.494332">
        <ele>949.0</ele>
      </trkpt>
      <trkpt lat="37.15471" lon="-3.494288">
        <ele>949.2</ele>
      </trkpt>
      <trkpt lat="37.154732" lon="-3.494242">
        <ele>949.4</ele>
      </trkpt>
      <trkpt lat="37.154754" lon="-3.494197">
        <ele>949.6</ele>
      </trkpt>
      <trkpt lat="37.154774" lon="-3.494152">
        <ele>949.8</ele>
      </trkpt>
      <trkpt lat="37.154793" lon="-3.494104">
        <ele>949.8</ele>
      </trkpt>
      <trkpt lat="37.154809" lon="-3.494055">
        <ele>950.0</ele>
      </trkpt>
      <trkpt lat="37.154827" lon="-3.494008">
        <ele>950.4</ele>
      </trkpt>
      <trkpt lat="37.154845" lon="-3.493962">
        <ele>951.0</ele>
      </trkpt>
      <trkpt lat="37.154862" lon="-3.493916">
        <ele>951.4</ele>
      </trkpt>
      <trkpt lat="37.15488" lon="-3.493871">
        <ele>952.0</ele>
      </trkpt>
      <trkpt lat="37.154897" lon="-3.493827">
        <ele>952.2</ele>
      </trkpt>
      <trkpt lat="37.154914" lon="-3.493782">
        <ele>952.6</ele>
      </trkpt>
      <trkpt lat="37.15493" lon="-3.493738">
        <ele>953.0</ele>
      </trkpt>
      <trkpt lat="37.154945" lon="-3.493693">
        <ele>953.0</ele>
      </trkpt>
      <trkpt lat="37.154961" lon="-3.493648">
        <ele>953.2</ele>
      </trkpt>
      <trkpt lat="37.154978" lon="-3.493604">
        <ele>953.4</ele>
      </trkpt>
      <trkpt lat="37.154994" lon="-3.493559">
        <ele>953.8</ele>
      </trkpt>
      <trkpt lat="37.155009" lon="-3.493513">
        <ele>954.0</ele>
      </trkpt>
      <trkpt lat="37.155024" lon="-3.493468">
        <ele>954.4</ele>
      </trkpt>
      <trkpt lat="37.155041" lon="-3.493424">
        <ele>954.8</ele>
      </trkpt>
      <trkpt lat="37.155058" lon="-3.493381">
        <ele>955.2</ele>
      </trkpt>
      <trkpt lat="37.155072" lon="-3.493336">
        <ele>955.4</ele>
      </trkpt>
      <trkpt lat="37.155083" lon="-3.49329">
        <ele>955.8</ele>
      </trkpt>
      <trkpt lat="37.155092" lon="-3.493243">
        <ele>956.2</ele>
      </trkpt>
      <trkpt lat="37.1551" lon="-3.493196">
        <ele>956.4</ele>
      </trkpt>
      <trkpt lat="37.155105" lon="-3.493149">
        <ele>956.6</ele>
      </trkpt>
      <trkpt lat="37.15511" lon="-3.493103">
        <ele>956.8</ele>
      </trkpt>
      <trkpt lat="37.155114" lon="-3.493057">
        <ele>957.0</ele>
      </trkpt>
      <trkpt lat="37.155117" lon="-3.493011">
        <ele>957.2</ele>
      </trkpt>
      <trkpt lat="37.155117" lon="-3.492964">
        <ele>957.6</ele>
      </trkpt>
      <trkpt lat="37.155118" lon="-3.492916">
        <ele>958.0</ele>
      </trkpt>
      <trkpt lat="37.155117" lon="-3.492868">
        <ele>958.2</ele>
      </trkpt>
      <trkpt lat="37.155115" lon="-3.492821">
        <ele>958.4</ele>
      </trkpt>
      <trkpt lat="37.155112" lon="-3.492775">
        <ele>958.8</ele>
      </trkpt>
      <trkpt lat="37.155106" lon="-3.492728">
        <ele>959.2</ele>
      </trkpt>
      <trkpt lat="37.155099" lon="-3.492681">
        <ele>959.6</ele>
      </trkpt>
      <trkpt lat="37.15509" lon="-3.492636">
        <ele>959.6</ele>
      </trkpt>
      <trkpt lat="37.155082" lon="-3.49259">
        <ele>960.0</ele>
      </trkpt>
      <trkpt lat="37.155072" lon="-3.492544">
        <ele>960.4</ele>
      </trkpt>
      <trkpt lat="37.15506" lon="-3.492499">
        <ele>960.6</ele>
      </trkpt>
      <trkpt lat="37.155045" lon="-3.492457">
        <ele>961.0</ele>
      </trkpt>
      <trkpt lat="37.15503" lon="-3.492415">
        <ele>961.2</ele>
      </trkpt>
      <trkpt lat="37.155014" lon="-3.492374">
        <ele>961.6</ele>
      </trkpt>
      <trkpt lat="37.154998" lon="-3.492333">
        <ele>962.0</ele>
      </trkpt>
      <trkpt lat="37.15498" lon="-3.492293">
        <ele>962.4</ele>
      </trkpt>
      <trkpt lat="37.154959" lon="-3.492257">
        <ele>962.6</ele>
      </trkpt>
      <trkpt lat="37.154938" lon="-3.49222">
        <ele>963.0</ele>
      </trkpt>
      <trkpt lat="37.154913" lon="-3.492187">
        <ele>963.0</ele>
      </trkpt>
      <trkpt lat="37.154889" lon="-3.492152">
        <ele>963.4</ele>
      </trkpt>
      <trkpt lat="37.154866" lon="-3.492118">
        <ele>963.8</ele>
      </trkpt>
      <trkpt lat="37.154838" lon="-3.492088">
        <ele>964.2</ele>
      </trkpt>
      <trkpt lat="37.154813" lon="-3.492059">
        <ele>964.6</ele>
      </trkpt>
      <trkpt lat="37.154785" lon="-3.492032">
        <ele>965.0</ele>
      </trkpt>
      <trkpt lat="37.154759" lon="-3.492004">
        <ele>965.2</ele>
      </trkpt>
      <trkpt lat="37.154731" lon="-3.491977">
        <ele>965.4</ele>
      </trkpt>
      <trkpt lat="37.154703" lon="-3.491955">
        <ele>965.6</ele>
      </trkpt>
      <trkpt lat="37.154674" lon="-3.491929">
        <ele>965.8</ele>
      </trkpt>
      <trkpt lat="37.154646" lon="-3.491903">
        <ele>966.2</ele>
      </trkpt>
      <trkpt lat="37.154618" lon="-3.491876">
        <ele>966.6</ele>
      </trkpt>
      <trkpt lat="37.15459" lon="-3.491849">
        <ele>967.2</ele>
      </trkpt>
      <trkpt lat="37.154563" lon="-3.491823">
        <ele>967.6</ele>
      </trkpt>
      <trkpt lat="37.154536" lon="-3.491798">
        <ele>968.0</ele>
      </trkpt>
      <trkpt lat="37.154508" lon="-3.491773">
        <ele>968.4</ele>
      </trkpt>
      <trkpt lat="37.154483" lon="-3.491745">
        <ele>968.6</ele>
      </trkpt>
      <trkpt lat="37.154457" lon="-3.491717">
        <ele>968.8</ele>
      </trkpt>
      <trkpt lat="37.154432" lon="-3.491692">
        <ele>969.0</ele>
      </trkpt>
      <trkpt lat="37.154406" lon="-3.491668">
        <ele>969.4</ele>
      </trkpt>
      <trkpt lat="37.15438" lon="-3.491643">
        <ele>969.6</ele>
      </trkpt>
      <trkpt lat="37.154353" lon="-3.491617">
        <ele>970.0</ele>
      </trkpt>
      <trkpt lat="37.154328" lon="-3.491592">
        <ele>970.2</ele>
      </trkpt>
      <trkpt lat="37.154304" lon="-3.491567">
        <ele>970.4</ele>
      </trkpt>
      <trkpt lat="37.154277" lon="-3.491541">
        <ele>970.6</ele>
      </trkpt>
      <trkpt lat="37.154251" lon="-3.491514">
        <ele>970.4</ele>
      </trkpt>
      <trkpt lat="37.154225" lon="-3.491484">
        <ele>970.6</ele>
      </trkpt>
      <trkpt lat="37.1542" lon="-3.491453">
        <ele>971.0</ele>
      </trkpt>
      <trkpt lat="37.154177" lon="-3.491421">
        <ele>971.0</ele>
      </trkpt>
      <trkpt lat="37.154154" lon="-3.49139">
        <ele>971.4</ele>
      </trkpt>
      <trkpt lat="37.154133" lon="-3.491358">
        <ele>971.8</ele>
      </trkpt>
      <trkpt lat="37.154115" lon="-3.491324">
        <ele>972.2</ele>
      </trkpt>
      <trkpt lat="37.154097" lon="-3.491291">
        <ele>972.6</ele>
      </trkpt>
      <trkpt lat="37.154078" lon="-3.491256">
        <ele>973.0</ele>
      </trkpt>
      <trkpt lat="37.154059" lon="-3.49122">
        <ele>973.2</ele>
      </trkpt>
      <trkpt lat="37.154041" lon="-3.491185">
        <ele>973.4</ele>
      </trkpt>
      <trkpt lat="37.154025" lon="-3.491147">
        <ele>973.8</ele>
      </trkpt>
      <trkpt lat="37.154009" lon="-3.491109">
        <ele>974.0</ele>
      </trkpt>
      <trkpt lat="37.153994" lon="-3.49107">
        <ele>974.2</ele>
      </trkpt>
      <trkpt lat="37.153981" lon="-3.491029">
        <ele>974.4</ele>
      </trkpt>
      <trkpt lat="37.153972" lon="-3.490987">
        <ele>974.8</ele>
      </trkpt>
      <trkpt lat="37.153964" lon="-3.490945">
        <ele>975.0</ele>
      </trkpt>
      <trkpt lat="37.153957" lon="-3.490903">
        <ele>975.4</ele>
      </trkpt>
      <trkpt lat="37.153952" lon="-3.49086">
        <ele>975.6</ele>
      </trkpt>
      <trkpt lat="37.15395" lon="-3.490816">
        <ele>975.6</ele>
      </trkpt>
      <trkpt lat="37.153951" lon="-3.490772">
        <ele>975.8</ele>
      </trkpt>
      <trkpt lat="37.153953" lon="-3.490726">
        <ele>976.0</ele>
      </trkpt>
      <trkpt lat="37.153957" lon="-3.49068">
        <ele>976.2</ele>
      </trkpt>
      <trkpt lat="37.153964" lon="-3.490634">
        <ele>976.6</ele>
      </trkpt>
      <trkpt lat="37.153972" lon="-3.490589">
        <ele>977.0</ele>
      </trkpt>
      <trkpt lat="37.153984" lon="-3.490545">
        <ele>977.4</ele>
      </trkpt>
      <trkpt lat="37.153999" lon="-3.490501">
        <ele>977.4</ele>
      </trkpt>
      <trkpt lat="37.154015" lon="-3.490458">
        <ele>977.6</ele>
      </trkpt>
      <trkpt lat="37.154033" lon="-3.490416">
        <ele>978.0</ele>
      </trkpt>
      <trkpt lat="37.154054" lon="-3.490374">
        <ele>978.4</ele>
      </trkpt>
      <trkpt lat="37.154076" lon="-3.490333">
        <ele>978.6</ele>
      </trkpt>
      <trkpt lat="37.154101" lon="-3.490293">
        <ele>978.6</ele>
      </trkpt>
      <trkpt lat="37.154127" lon="-3.490254">
        <ele>978.8</ele>
      </trkpt>
      <trkpt lat="37.154154" lon="-3.490217">
        <ele>979.2</ele>
      </trkpt>
      <trkpt lat="37.154182" lon="-3.490182">
        <ele>979.2</ele>
      </trkpt>
      <trkpt lat="37.154211" lon="-3.49015">
        <ele>979.6</ele>
      </trkpt>
      <trkpt lat="37.154242" lon="-3.490121">
        <ele>979.8</ele>
      </trkpt>
      <trkpt lat="37.154272" lon="-3.490092">
        <ele>980.2</ele>
      </trkpt>
      <trkpt lat="37.154304" lon="-3.490064">
        <ele>980.6</ele>
      </trkpt>
      <trkpt lat="37.154337" lon="-3.49004">
        <ele>980.8</ele>
      </trkpt>
      <trkpt lat="37.154371" lon="-3.490018">
        <ele>981.0</ele>
      </trkpt>
      <trkpt lat="37.154408" lon="-3.489998">
        <ele>981.4</ele>
      </trkpt>
      <trkpt lat="37.154445" lon="-3.489979">
        <ele>981.8</ele>
      </trkpt>
      <trkpt lat="37.154483" lon="-3.489961">
        <ele>982.0</ele>
      </trkpt>
      <trkpt lat="37.154519" lon="-3.489945">
        <ele>982.2</ele>
      </trkpt>
      <trkpt lat="37.154556" lon="-3.48993">
        <ele>982.6</ele>
      </trkpt>
      <trkpt lat="37.154593" lon="-3.489915">
        <ele>982.8</ele>
      </trkpt>
      <trkpt lat="37.154629" lon="-3.4899">
        <ele>983.0</ele>
      </trkpt>
      <trkpt lat="37.154666" lon="-3.489887">
        <ele>983.4</ele>
      </trkpt>
      <trkpt lat="37.154702" lon="-3.489874">
        <ele>983.8</ele>
      </trkpt>
      <trkpt lat="37.15474" lon="-3.489861">
        <ele>984.2</ele>
      </trkpt>
      <trkpt lat="37.154777" lon="-3.489848">
        <ele>984.6</ele>
      </trkpt>
      <trkpt lat="37.154815" lon="-3.489835">
        <ele>984.8</ele>
      </trkpt>
      <trkpt lat="37.154852" lon="-3.489823">
        <ele>985.2</ele>
      </trkpt>
      <trkpt lat="37.154888" lon="-3.48981">
        <ele>985.4</ele>
      </trkpt>
      <trkpt lat="37.154923" lon="-3.489796">
        <ele>985.6</ele>
      </trkpt>
      <trkpt lat="37.154958" lon="-3.489783">
        <ele>985.8</ele>
      </trkpt>
      <trkpt lat="37.154992" lon="-3.489766">
        <ele>986.2</ele>
      </trkpt>
      <trkpt lat="37.155025" lon="-3.489747">
        <ele>986.6</ele>
      </trkpt>
      <trkpt lat="37.155058" lon="-3.489725">
        <ele>987.0</ele>
      </trkpt>
      <trkpt lat="37.15509" lon="-3.489702">
        <ele>987.8</ele>
      </trkpt>
      <trkpt lat="37.15512" lon="-3.489676">
        <ele>988.6</ele>
      </trkpt>
      <trkpt lat="37.155148" lon="-3.489647">
        <ele>989.0</ele>
      </trkpt>
      <trkpt lat="37.155175" lon="-3.489615">
        <ele>989.4</ele>
      </trkpt>
      <trkpt lat="37.155201" lon="-3.48958">
        <ele>989.6</ele>
      </trkpt>
      <trkpt lat="37.155223" lon="-3.489542">
        <ele>989.8</ele>
      </trkpt>
      <trkpt lat="37.155243" lon="-3.489504">
        <ele>990.0</ele>
      </trkpt>
      <trkpt lat="37.15526" lon="-3.489465">
        <ele>990.2</ele>
      </trkpt>
      <trkpt lat="37.155276" lon="-3.489425">
        <ele>990.6</ele>
      </trkpt>
      <trkpt lat="37.155289" lon="-3.489383">
        <ele>990.8</ele>
      </trkpt>
      <trkpt lat="37.155297" lon="-3.489338">
        <ele>991.0</ele>
      </trkpt>
      <trkpt lat="37.155302" lon="-3.489292">
        <ele>991.0</ele>
      </trkpt>
      <trkpt lat="37.155303" lon="-3.489246">
        <ele>991.2</ele>
      </trkpt>
      <trkpt lat="37.155303" lon="-3.489201">
        <ele>991.4</ele>
      </trkpt>
      <trkpt lat="37.155299" lon="-3.489155">
        <ele>991.6</ele>
      </trkpt>
      <trkpt lat="37.155294" lon="-3.489109">
        <ele>992.0</ele>
      </trkpt>
      <trkpt lat="37.155287" lon="-3.489065">
        <ele>992.2</ele>
      </trkpt>
      <trkpt lat="37.155276" lon="-3.489021">
        <ele>992.6</ele>
      </trkpt>
      <trkpt lat="37.155264" lon="-3.488979">
        <ele>993.2</ele>
      </trkpt>
      <trkpt lat="37.155249" lon="-3.488938">
        <ele>993.6</ele>
      </trkpt>
      <trkpt lat="37.155231" lon="-3.488899">
        <ele>994.0</ele>
      </trkpt>
      <trkpt lat="37.155211" lon="-3.488862">
        <ele>994.2</ele>
      </trkpt>
      <trkpt lat="37.155191" lon="-3.488824">
        <ele>994.6</ele>
      </trkpt>
      <trkpt lat="37.15517" lon="-3.488787">
        <ele>994.8</ele>
      </trkpt>
      <trkpt lat="37.155153" lon="-3.488746">
        <ele>995.2</ele>
      </trkpt>
      <trkpt lat="37.155134" lon="-3.488707">
        <ele>995.4</ele>
      </trkpt>
      <trkpt lat="37.155115" lon="-3.488668">
        <ele>995.8</ele>
      </trkpt>
      <trkpt lat="37.155095" lon="-3.488629">
        <ele>996.0</ele>
      </trkpt>
      <trkpt lat="37.155074" lon="-3.488591">
        <ele>996.2</ele>
      </trkpt>
      <trkpt lat="37.155054" lon="-3.488552">
        <ele>996.4</ele>
      </trkpt>
      <trkpt lat="37.155033" lon="-3.488514">
        <ele>996.6</ele>
      </trkpt>
      <trkpt lat="37.155013" lon="-3.488476">
        <ele>997.0</ele>
      </trkpt>
      <trkpt lat="37.154993" lon="-3.488438">
        <ele>997.2</ele>
      </trkpt>
      <trkpt lat="37.154973" lon="-3.4884">
        <ele>997.4</ele>
      </trkpt>
      <trkpt lat="37.154953" lon="-3.488363">
        <ele>997.8</ele>
      </trkpt>
      <trkpt lat="37.154933" lon="-3.488327">
        <ele>998.0</ele>
      </trkpt>
      <trkpt lat="37.154914" lon="-3.48829">
        <ele>998.4</ele>
      </trkpt>
      <trkpt lat="37.154892" lon="-3.488253">
        <ele>998.6</ele>
      </trkpt>
      <trkpt lat="37.154871" lon="-3.488218">
        <ele>999.0</ele>
      </trkpt>
      <trkpt lat="37.15485" lon="-3.488181">
        <ele>999.2</ele>
      </trkpt>
      <trkpt lat="37.15483" lon="-3.488145">
        <ele>999.6</ele>
      </trkpt>
      <trkpt lat="37.15481" lon="-3.488109">
        <ele>999.8</ele>
      </trkpt>
      <trkpt lat="37.154791" lon="-3.488073">
        <ele>1000.0</ele>
      </trkpt>
      <trkpt lat="37.154773" lon="-3.488033">
        <ele>1000.2</ele>
      </trkpt>
      <trkpt lat="37.154752" lon="-3.487995">
        <ele>1000.8</ele>
      </trkpt>
      <trkpt lat="37.154733" lon="-3.487958">
        <ele>1001.2</ele>
      </trkpt>
      <trkpt lat="37.154713" lon="-3.487921">
        <ele>1001.6</ele>
      </trkpt>
      <trkpt lat="37.154693" lon="-3.487884">
        <ele>1001.6</ele>
      </trkpt>
      <trkpt lat="37.154674" lon="-3.487848">
        <ele>1002.0</ele>
      </trkpt>
      <trkpt lat="37.154656" lon="-3.487811">
        <ele>1002.4</ele>
      </trkpt>
      <trkpt lat="37.154637" lon="-3.487775">
        <ele>1002.8</ele>
      </trkpt>
      <trkpt lat="37.154618" lon="-3.487738">
        <ele>1003.0</ele>
      </trkpt>
      <trkpt lat="37.154599" lon="-3.487702">
        <ele>1003.2</ele>
      </trkpt>
      <trkpt lat="37.15458" lon="-3.487665">
        <ele>1003.4</ele>
      </trkpt>
      <trkpt lat="37.15456" lon="-3.48763">
        <ele>1003.6</ele>
      </trkpt>
      <trkpt lat="37.154539" lon="-3.487594">
        <ele>1004.0</ele>
      </trkpt>
      <trkpt lat="37.15452" lon="-3.487557">
        <ele>1004.2</ele>
      </trkpt>
      <trkpt lat="37.1545" lon="-3.48752">
        <ele>1004.4</ele>
      </trkpt>
      <trkpt lat="37.15448" lon="-3.487482">
        <ele>1004.8</ele>
      </trkpt>
      <trkpt lat="37.154459" lon="-3.487446">
        <ele>1005.2</ele>
      </trkpt>
      <trkpt lat="37.154439" lon="-3.487409">
        <ele>1005.4</ele>
      </trkpt>
      <trkpt lat="37.154418" lon="-3.487373">
        <ele>1005.8</ele>
      </trkpt>
      <trkpt lat="37.154398" lon="-3.487336">
        <ele>1006.2</ele>
      </trkpt>
      <trkpt lat="37.154378" lon="-3.487299">
        <ele>1006.6</ele>
      </trkpt>
      <trkpt lat="37.154359" lon="-3.487263">
        <ele>1006.8</ele>
      </trkpt>
      <trkpt lat="37.154339" lon="-3.487227">
        <ele>1007.0</ele>
      </trkpt>
      <trkpt lat="37.15432" lon="-3.487191">
        <ele>1007.4</ele>
      </trkpt>
      <trkpt lat="37.154301" lon="-3.487155">
        <ele>1007.4</ele>
      </trkpt>
      <trkpt lat="37.154283" lon="-3.48712">
        <ele>1007.6</ele>
      </trkpt>
      <trkpt lat="37.154263" lon="-3.487085">
        <ele>1007.8</ele>
      </trkpt>
      <trkpt lat="37.154244" lon="-3.487049">
        <ele>1008.2</ele>
      </trkpt>
      <trkpt lat="37.154224" lon="-3.487013">
        <ele>1008.4</ele>
      </trkpt>
      <trkpt lat="37.154205" lon="-3.486977">
        <ele>1008.8</ele>
      </trkpt>
      <trkpt lat="37.154186" lon="-3.486941">
        <ele>1009.2</ele>
      </trkpt>
      <trkpt lat="37.154167" lon="-3.486905">
        <ele>1009.4</ele>
      </trkpt>
      <trkpt lat="37.154148" lon="-3.48687">
        <ele>1009.6</ele>
      </trkpt>
      <trkpt lat="37.154128" lon="-3.486834">
        <ele>1010.0</ele>
      </trkpt>
      <trkpt lat="37.154108" lon="-3.486797">
        <ele>1010.2</ele>
      </trkpt>
      <trkpt lat="37.15409" lon="-3.48676">
        <ele>1010.4</ele>
      </trkpt>
      <trkpt lat="37.154072" lon="-3.486724">
        <ele>1010.8</ele>
      </trkpt>
      <trkpt lat="37.154051" lon="-3.486689">
        <ele>1011.2</ele>
      </trkpt>
      <trkpt lat="37.154031" lon="-3.486655">
        <ele>1011.4</ele>
      </trkpt>
      <trkpt lat="37.15401" lon="-3.48662">
        <ele>1011.6</ele>
      </trkpt>
      <trkpt lat="37.153992" lon="-3.486584">
        <ele>1012.0</ele>
      </trkpt>
      <trkpt lat="37.153973" lon="-3.486549">
        <ele>1012.2</ele>
      </trkpt>
      <trkpt lat="37.153953" lon="-3.48651">
        <ele>1012.6</ele>
      </trkpt>
      <trkpt lat="37.153932" lon="-3.486475">
        <ele>1013.0</ele>
      </trkpt>
      <trkpt lat="37.15391" lon="-3.486438">
        <ele>1013.2</ele>
      </trkpt>
      <trkpt lat="37.15389" lon="-3.486401">
        <ele>1013.6</ele>
      </trkpt>
      <trkpt lat="37.153869" lon="-3.486365">
        <ele>1014.0</ele>
      </trkpt>
      <trkpt lat="37.153848" lon="-3.486329">
        <ele>1014.4</ele>
      </trkpt>
      <trkpt lat="37.153826" lon="-3.486293">
        <ele>1014.6</ele>
      </trkpt>
      <trkpt lat="37.153804" lon="-3.486258">
        <ele>1014.8</ele>
      </trkpt>
      <trkpt lat="37.153783" lon="-3.486223">
        <ele>1015.0</ele>
      </trkpt>
      <trkpt lat="37.153761" lon="-3.486188">
        <ele>1015.2</ele>
      </trkpt>
      <trkpt lat="37.153739" lon="-3.486152">
        <ele>1015.4</ele>
      </trkpt>
      <trkpt lat="37.153719" lon="-3.486115">
        <ele>1015.8</ele>
      </trkpt>
      <trkpt lat="37.1537" lon="-3.486078">
        <ele>1015.8</ele>
      </trkpt>
      <trkpt lat="37.153681" lon="-3.486041">
        <ele>1016.0</ele>
      </trkpt>
      <trkpt lat="37.153661" lon="-3.486005">
        <ele>1016.4</ele>
      </trkpt>
      <trkpt lat="37.15364" lon="-3.48597">
        <ele>1016.8</ele>
      </trkpt>
      <trkpt lat="37.153619" lon="-3.485933">
        <ele>1017.0</ele>
      </trkpt>
      <trkpt lat="37.1536" lon="-3.485895">
        <ele>1017.4</ele>
      </trkpt>
      <trkpt lat="37.153581" lon="-3.485855">
        <ele>1017.4</ele>
      </trkpt>
      <trkpt lat="37.153562" lon="-3.485816">
        <ele>1017.6</ele>
      </trkpt>
      <trkpt lat="37.153542" lon="-3.485778">
        <ele>1018.0</ele>
      </trkpt>
      <trkpt lat="37.153522" lon="-3.48574">
        <ele>1018.4</ele>
      </trkpt>
      <trkpt lat="37.153502" lon="-3.485701">
        <ele>1018.8</ele>
      </trkpt>
      <trkpt lat="37.153482" lon="-3.485663">
        <ele>1019.2</ele>
      </trkpt>
      <trkpt lat="37.153462" lon="-3.485624">
        <ele>1019.6</ele>
      </trkpt>
      <trkpt lat="37.153441" lon="-3.485583">
        <ele>1020.0</ele>
      </trkpt>
      <trkpt lat="37.153421" lon="-3.485543">
        <ele>1020.0</ele>
      </trkpt>
      <trkpt lat="37.153401" lon="-3.485504">
        <ele>1020.2</ele>
      </trkpt>
      <trkpt lat="37.153381" lon="-3.485464">
        <ele>1020.6</ele>
      </trkpt>
      <trkpt lat="37.153362" lon="-3.485423">
        <ele>1020.8</ele>
      </trkpt>
      <trkpt lat="37.15334" lon="-3.485383">
        <ele>1021.0</ele>
      </trkpt>
      <trkpt lat="37.153319" lon="-3.485342">
        <ele>1021.4</ele>
      </trkpt>
      <trkpt lat="37.153298" lon="-3.485298">
        <ele>1021.8</ele>
      </trkpt>
      <trkpt lat="37.153278" lon="-3.485254">
        <ele>1022.0</ele>
      </trkpt>
      <trkpt lat="37.153257" lon="-3.485212">
        <ele>1022.2</ele>
      </trkpt>
      <trkpt lat="37.153235" lon="-3.485172">
        <ele>1022.6</ele>
      </trkpt>
      <trkpt lat="37.153213" lon="-3.485133">
        <ele>1023.0</ele>
      </trkpt>
      <trkpt lat="37.153192" lon="-3.485093">
        <ele>1023.2</ele>
      </trkpt>
      <trkpt lat="37.153171" lon="-3.485051">
        <ele>1023.6</ele>
      </trkpt>
      <trkpt lat="37.153149" lon="-3.485005">
        <ele>1023.8</ele>
      </trkpt>
      <trkpt lat="37.153127" lon="-3.484962">
        <ele>1024.2</ele>
      </trkpt>
      <trkpt lat="37.153104" lon="-3.484919">
        <ele>1024.2</ele>
      </trkpt>
      <trkpt lat="37.153083" lon="-3.484875">
        <ele>1024.4</ele>
      </trkpt>
      <trkpt lat="37.153062" lon="-3.484832">
        <ele>1025.0</ele>
      </trkpt>
      <trkpt lat="37.15304" lon="-3.484787">
        <ele>1025.2</ele>
      </trkpt>
      <trkpt lat="37.153019" lon="-3.484743">
        <ele>1025.4</ele>
      </trkpt>
      <trkpt lat="37.152997" lon="-3.484698">
        <ele>1025.8</ele>
      </trkpt>
      <trkpt lat="37.152976" lon="-3.484653">
        <ele>1026.0</ele>
      </trkpt>
      <trkpt lat="37.152956" lon="-3.484607">
        <ele>1026.4</ele>
      </trkpt>
      <trkpt lat="37.152936" lon="-3.484561">
        <ele>1026.8</ele>
      </trkpt>
      <trkpt lat="37.152917" lon="-3.484515">
        <ele>1027.0</ele>
      </trkpt>
      <trkpt lat="37.152896" lon="-3.484468">
        <ele>1027.4</ele>
      </trkpt>
      <trkpt lat="37.152877" lon="-3.48442">
        <ele>1027.8</ele>
      </trkpt>
      <trkpt lat="37.152857" lon="-3.484372">
        <ele>1028.2</ele>
      </trkpt>
      <trkpt lat="37.152836" lon="-3.484326">
        <ele>1028.4</ele>
      </trkpt>
      <trkpt lat="37.152815" lon="-3.48428">
        <ele>1028.6</ele>
      </trkpt>
      <trkpt lat="37.152794" lon="-3.484234">
        <ele>1029.0</ele>
      </trkpt>
      <trkpt lat="37.152773" lon="-3.48419">
        <ele>1029.4</ele>
      </trkpt>
      <trkpt lat="37.152752" lon="-3.484146">
        <ele>1029.6</ele>
      </trkpt>
      <trkpt lat="37.152731" lon="-3.484101">
        <ele>1029.8</ele>
      </trkpt>
      <trkpt lat="37.15271" lon="-3.484057">
        <ele>1030.2</ele>
      </trkpt>
      <trkpt lat="37.152689" lon="-3.484012">
        <ele>1030.4</ele>
      </trkpt>
      <trkpt lat="37.152666" lon="-3.483968">
        <ele>1030.6</ele>
      </trkpt>
      <trkpt lat="37.152643" lon="-3.483924">
        <ele>1030.6</ele>
      </trkpt>
      <trkpt lat="37.15262" lon="-3.48388">
        <ele>1030.8</ele>
      </trkpt>
      <trkpt lat="37.152597" lon="-3.483836">
        <ele>1031.2</ele>
      </trkpt>
      <trkpt lat="37.152574" lon="-3.483791">
        <ele>1031.6</ele>
      </trkpt>
      <trkpt lat="37.152551" lon="-3.483747">
        <ele>1031.8</ele>
      </trkpt>
      <trkpt lat="37.152528" lon="-3.483703">
        <ele>1032.0</ele>
      </trkpt>
      <trkpt lat="37.152505" lon="-3.483659">
        <ele>1032.4</ele>
      </trkpt>
      <trkpt lat="37.152483" lon="-3.483615">
        <ele>1032.6</ele>
      </trkpt>
      <trkpt lat="37.15246" lon="-3.48357">
        <ele>1033.0</ele>
      </trkpt>
      <trkpt lat="37.152437" lon="-3.483524">
        <ele>1033.2</ele>
      </trkpt>
      <trkpt lat="37.152414" lon="-3.483479">
        <ele>1033.4</ele>
      </trkpt>
      <trkpt lat="37.152391" lon="-3.483436">
        <ele>1033.8</ele>
      </trkpt>
      <trkpt lat="37.152368" lon="-3.483393">
        <ele>1034.2</ele>
      </trkpt>
      <trkpt lat="37.152346" lon="-3.483349">
        <ele>1034.6</ele>
      </trkpt>
      <trkpt lat="37.152324" lon="-3.483306">
        <ele>1034.8</ele>
      </trkpt>
      <trkpt lat="37.152302" lon="-3.483264">
        <ele>1035.0</ele>
      </trkpt>
      <trkpt lat="37.152279" lon="-3.483223">
        <ele>1035.4</ele>
      </trkpt>
      <trkpt lat="37.152256" lon="-3.483179">
        <ele>1035.6</ele>
      </trkpt>
      <trkpt lat="37.152234" lon="-3.483136">
        <ele>1036.0</ele>
      </trkpt>
      <trkpt lat="37.152212" lon="-3.483094">
        <ele>1036.4</ele>
      </trkpt>
      <trkpt lat="37.152191" lon="-3.48305">
        <ele>1036.6</ele>
      </trkpt>
      <trkpt lat="37.152169" lon="-3.483007">
        <ele>1036.8</ele>
      </trkpt>
      <trkpt lat="37.152148" lon="-3.482964">
        <ele>1037.2</ele>
      </trkpt>
      <trkpt lat="37.152128" lon="-3.48292">
        <ele>1037.4</ele>
      </trkpt>
      <trkpt lat="37.152109" lon="-3.482877">
        <ele>1037.6</ele>
      </trkpt>
      <trkpt lat="37.15209" lon="-3.482834">
        <ele>1037.8</ele>
      </trkpt>
      <trkpt lat="37.152071" lon="-3.48279">
        <ele>1038.2</ele>
      </trkpt>
      <trkpt lat="37.152053" lon="-3.482746">
        <ele>1038.4</ele>
      </trkpt>
      <trkpt lat="37.152036" lon="-3.482701">
        <ele>1038.8</ele>
      </trkpt>
      <trkpt lat="37.152021" lon="-3.482656">
        <ele>1039.4</ele>
      </trkpt>
      <trkpt lat="37.152007" lon="-3.482611">
        <ele>1039.6</ele>
      </trkpt>
      <trkpt lat="37.151996" lon="-3.482565">
        <ele>1039.8</ele>
      </trkpt>
      <trkpt lat="37.151985" lon="-3.482521">
        <ele>1040.2</ele>
      </trkpt>
      <trkpt lat="37.151975" lon="-3.482475">
        <ele>1040.2</ele>
      </trkpt>
      <trkpt lat="37.151967" lon="-3.482428">
        <ele>1040.6</ele>
      </trkpt>
      <trkpt lat="37.15196" lon="-3.48238">
        <ele>1040.8</ele>
      </trkpt>
      <trkpt lat="37.151956" lon="-3.482332">
        <ele>1041.0</ele>
      </trkpt>
      <trkpt lat="37.151954" lon="-3.482284">
        <ele>1041.2</ele>
      </trkpt>
      <trkpt lat="37.151954" lon="-3.482236">
        <ele>1041.6</ele>
      </trkpt>
      <trkpt lat="37.151955" lon="-3.482188">
        <ele>1041.8</ele>
      </trkpt>
      <trkpt lat="37.151959" lon="-3.482139">
        <ele>1042.0</ele>
      </trkpt>
      <trkpt lat="37.151966" lon="-3.482089">
        <ele>1042.2</ele>
      </trkpt>
      <trkpt lat="37.151975" lon="-3.48204">
        <ele>1042.6</ele>
      </trkpt>
      <trkpt lat="37.151985" lon="-3.481993">
        <ele>1042.8</ele>
      </trkpt>
      <trkpt lat="37.151997" lon="-3.481946">
        <ele>1043.2</ele>
      </trkpt>
      <trkpt lat="37.15201" lon="-3.481902">
        <ele>1043.2</ele>
      </trkpt>
      <trkpt lat="37.152025" lon="-3.48186">
        <ele>1043.8</ele>
      </trkpt>
      <trkpt lat="37.152042" lon="-3.481819">
        <ele>1044.2</ele>
      </trkpt>
      <trkpt lat="37.152061" lon="-3.481781">
        <ele>1044.4</ele>
      </trkpt>
      <trkpt lat="37.15208" lon="-3.481743">
        <ele>1044.6</ele>
      </trkpt>
      <trkpt lat="37.152102" lon="-3.481705">
        <ele>1044.8</ele>
      </trkpt>
      <trkpt lat="37.152126" lon="-3.481668">
        <ele>1045.0</ele>
      </trkpt>
      <trkpt lat="37.152152" lon="-3.481632">
        <ele>1045.2</ele>
      </trkpt>
      <trkpt lat="37.152178" lon="-3.481598">
        <ele>1045.4</ele>
      </trkpt>
      <trkpt lat="37.152206" lon="-3.481567">
        <ele>1045.8</ele>
      </trkpt>
      <trkpt lat="37.152233" lon="-3.48154">
        <ele>1046.4</ele>
      </trkpt>
      <trkpt lat="37.152261" lon="-3.481512">
        <ele>1046.6</ele>
      </trkpt>
      <trkpt lat="37.15229" lon="-3.481483">
        <ele>1046.8</ele>
      </trkpt>
      <trkpt lat="37.152321" lon="-3.481452">
        <ele>1047.2</ele>
      </trkpt>
      <trkpt lat="37.15235" lon="-3.481424">
        <ele>1047.4</ele>
      </trkpt>
      <trkpt lat="37.15238" lon="-3.481398">
        <ele>1047.6</ele>
      </trkpt>
      <trkpt lat="37.152411" lon="-3.481375">
        <ele>1047.8</ele>
      </trkpt>
      <trkpt lat="37.152443" lon="-3.481349">
        <ele>1048.0</ele>
      </trkpt>
      <trkpt lat="37.152477" lon="-3.481323">
        <ele>1048.2</ele>
      </trkpt>
      <trkpt lat="37.152511" lon="-3.481297">
        <ele>1048.4</ele>
      </trkpt>
      <trkpt lat="37.152544" lon="-3.481272">
        <ele>1048.8</ele>
      </trkpt>
      <trkpt lat="37.152577" lon="-3.481248">
        <ele>1049.0</ele>
      </trkpt>
      <trkpt lat="37.15261" lon="-3.481222">
        <ele>1049.4</ele>
      </trkpt>
      <trkpt lat="37.152642" lon="-3.481196">
        <ele>1050.0</ele>
      </trkpt>
      <trkpt lat="37.152674" lon="-3.481168">
        <ele>1050.4</ele>
      </trkpt>
      <trkpt lat="37.152708" lon="-3.481137">
        <ele>1050.6</ele>
      </trkpt>
      <trkpt lat="37.152741" lon="-3.481109">
        <ele>1050.8</ele>
      </trkpt>
      <trkpt lat="37.152773" lon="-3.481083">
        <ele>1051.0</ele>
      </trkpt>
      <trkpt lat="37.152802" lon="-3.481054">
        <ele>1051.4</ele>
      </trkpt>
      <trkpt lat="37.152831" lon="-3.48102">
        <ele>1051.8</ele>
      </trkpt>
      <trkpt lat="37.152856" lon="-3.480981">
        <ele>1052.8</ele>
      </trkpt>
      <trkpt lat="37.15288" lon="-3.480941">
        <ele>1053.6</ele>
      </trkpt>
      <trkpt lat="37.152906" lon="-3.480902">
        <ele>1053.8</ele>
      </trkpt>
      <trkpt lat="37.152931" lon="-3.480862">
        <ele>1054.2</ele>
      </trkpt>
      <trkpt lat="37.152954" lon="-3.480822">
        <ele>1054.4</ele>
      </trkpt>
      <trkpt lat="37.152973" lon="-3.48078">
        <ele>1054.6</ele>
      </trkpt>
      <trkpt lat="37.15299" lon="-3.480737">
        <ele>1054.8</ele>
      </trkpt>
      <trkpt lat="37.153005" lon="-3.480691">
        <ele>1055.0</ele>
      </trkpt>
      <trkpt lat="37.153018" lon="-3.480645">
        <ele>1055.0</ele>
      </trkpt>
      <trkpt lat="37.153029" lon="-3.480598">
        <ele>1055.2</ele>
      </trkpt>
      <trkpt lat="37.153037" lon="-3.480552">
        <ele>1055.2</ele>
      </trkpt>
      <trkpt lat="37.153044" lon="-3.480505">
        <ele>1055.4</ele>
      </trkpt>
      <trkpt lat="37.15305" lon="-3.480458">
        <ele>1056.0</ele>
      </trkpt>
      <trkpt lat="37.153054" lon="-3.480413">
        <ele>1056.2</ele>
      </trkpt>
      <trkpt lat="37.153057" lon="-3.480368">
        <ele>1056.8</ele>
      </trkpt>
      <trkpt lat="37.153056" lon="-3.480324">
        <ele>1057.0</ele>
      </trkpt>
      <trkpt lat="37.153053" lon="-3.48028">
        <ele>1057.6</ele>
      </trkpt>
      <trkpt lat="37.153047" lon="-3.480236">
        <ele>1058.0</ele>
      </trkpt>
      <trkpt lat="37.153041" lon="-3.480192">
        <ele>1058.4</ele>
      </trkpt>
      <trkpt lat="37.153035" lon="-3.480148">
        <ele>1058.6</ele>
      </trkpt>
      <trkpt lat="37.15303" lon="-3.480104">
        <ele>1058.8</ele>
      </trkpt>
      <trkpt lat="37.153022" lon="-3.48006">
        <ele>1059.0</ele>
      </trkpt>
      <trkpt lat="37.153012" lon="-3.480017">
        <ele>1059.4</ele>
      </trkpt>
      <trkpt lat="37.153" lon="-3.479975">
        <ele>1059.6</ele>
      </trkpt>
      <trkpt lat="37.152988" lon="-3.479933">
        <ele>1060.2</ele>
      </trkpt>
      <trkpt lat="37.152976" lon="-3.479893">
        <ele>1060.6</ele>
      </trkpt>
      <trkpt lat="37.152965" lon="-3.479852">
        <ele>1060.8</ele>
      </trkpt>
      <trkpt lat="37.152953" lon="-3.47981">
        <ele>1061.2</ele>
      </trkpt>
      <trkpt lat="37.15294" lon="-3.479768">
        <ele>1061.4</ele>
      </trkpt>
      <trkpt lat="37.15293" lon="-3.479723">
        <ele>1061.8</ele>
      </trkpt>
      <trkpt lat="37.152922" lon="-3.479677">
        <ele>1062.0</ele>
      </trkpt>
      <trkpt lat="37.152913" lon="-3.479631">
        <ele>1062.4</ele>
      </trkpt>
      <trkpt lat="37.152903" lon="-3.479587">
        <ele>1062.6</ele>
      </trkpt>
      <trkpt lat="37.152891" lon="-3.479543">
        <ele>1062.8</ele>
      </trkpt>
      <trkpt lat="37.152881" lon="-3.479498">
        <ele>1063.4</ele>
      </trkpt>
      <trkpt lat="37.152872" lon="-3.479455">
        <ele>1063.4</ele>
      </trkpt>
      <trkpt lat="37.152861" lon="-3.479411">
        <ele>1063.6</ele>
      </trkpt>
      <trkpt lat="37.15285" lon="-3.479368">
        <ele>1063.8</ele>
      </trkpt>
      <trkpt lat="37.152839" lon="-3.479324">
        <ele>1064.2</ele>
      </trkpt>
      <trkpt lat="37.152827" lon="-3.47928">
        <ele>1064.6</ele>
      </trkpt>
      <trkpt lat="37.152817" lon="-3.479236">
        <ele>1065.0</ele>
      </trkpt>
      <trkpt lat="37.152802" lon="-3.479194">
        <ele>1065.2</ele>
      </trkpt>
      <trkpt lat="37.152789" lon="-3.47915">
        <ele>1065.4</ele>
      </trkpt>
      <trkpt lat="37.152775" lon="-3.479106">
        <ele>1065.8</ele>
      </trkpt>
      <trkpt lat="37.152762" lon="-3.479062">
        <ele>1066.2</ele>
      </trkpt>
      <trkpt lat="37.152751" lon="-3.479016">
        <ele>1066.4</ele>
      </trkpt>
      <trkpt lat="37.152741" lon="-3.478969">
        <ele>1066.8</ele>
      </trkpt>
      <trkpt lat="37.152731" lon="-3.478921">
        <ele>1067.0</ele>
      </trkpt>
      <trkpt lat="37.15272" lon="-3.478875">
        <ele>1067.2</ele>
      </trkpt>
      <trkpt lat="37.152707" lon="-3.478827">
        <ele>1067.4</ele>
      </trkpt>
      <trkpt lat="37.152693" lon="-3.478778">
        <ele>1067.8</ele>
      </trkpt>
      <trkpt lat="37.152676" lon="-3.47873">
        <ele>1068.0</ele>
      </trkpt>
      <trkpt lat="37.152659" lon="-3.478683">
        <ele>1068.4</ele>
      </trkpt>
      <trkpt lat="37.152637" lon="-3.47864">
        <ele>1068.6</ele>
      </trkpt>
      <trkpt lat="37.152614" lon="-3.478597">
        <ele>1069.0</ele>
      </trkpt>
      <trkpt lat="37.152587" lon="-3.478558">
        <ele>1069.2</ele>
      </trkpt>
      <trkpt lat="37.152556" lon="-3.478522">
        <ele>1069.6</ele>
      </trkpt>
      <trkpt lat="37.152523" lon="-3.47849">
        <ele>1070.0</ele>
      </trkpt>
      <trkpt lat="37.152488" lon="-3.478465">
        <ele>1070.2</ele>
      </trkpt>
      <trkpt lat="37.152454" lon="-3.478447">
        <ele>1070.4</ele>
      </trkpt>
      <trkpt lat="37.15242" lon="-3.478436">
        <ele>1070.8</ele>
      </trkpt>
      <trkpt lat="37.152386" lon="-3.478432">
        <ele>1071.2</ele>
      </trkpt>
      <trkpt lat="37.15235" lon="-3.478433">
        <ele>1071.6</ele>
      </trkpt>
      <trkpt lat="37.152314" lon="-3.47844">
        <ele>1071.8</ele>
      </trkpt>
      <trkpt lat="37.15228" lon="-3.478452">
        <ele>1072.0</ele>
      </trkpt>
      <trkpt lat="37.152247" lon="-3.478469">
        <ele>1072.4</ele>
      </trkpt>
      <trkpt lat="37.152215" lon="-3.478489">
        <ele>1072.8</ele>
      </trkpt>
      <trkpt lat="37.152187" lon="-3.478515">
        <ele>1073.2</ele>
      </trkpt>
      <trkpt lat="37.152164" lon="-3.478547">
        <ele>1073.6</ele>
      </trkpt>
      <trkpt lat="37.152143" lon="-3.478583">
        <ele>1073.6</ele>
      </trkpt>
      <trkpt lat="37.152125" lon="-3.478622">
        <ele>1074.0</ele>
      </trkpt>
      <trkpt lat="37.15211" lon="-3.478663">
        <ele>1074.4</ele>
      </trkpt>
      <trkpt lat="37.152098" lon="-3.478706">
        <ele>1074.8</ele>
      </trkpt>
      <trkpt lat="37.152091" lon="-3.47875">
        <ele>1075.2</ele>
      </trkpt>
      <trkpt lat="37.152088" lon="-3.478792">
        <ele>1075.6</ele>
      </trkpt>
      <trkpt lat="37.152088" lon="-3.478835">
        <ele>1075.8</ele>
      </trkpt>
      <trkpt lat="37.15209" lon="-3.478877">
        <ele>1076.0</ele>
      </trkpt>
      <trkpt lat="37.152093" lon="-3.478918">
        <ele>1076.4</ele>
      </trkpt>
      <trkpt lat="37.152101" lon="-3.478959">
        <ele>1076.8</ele>
      </trkpt>
      <trkpt lat="37.15211" lon="-3.479">
        <ele>1077.2</ele>
      </trkpt>
      <trkpt lat="37.152121" lon="-3.479041">
        <ele>1077.6</ele>
      </trkpt>
      <trkpt lat="37.152135" lon="-3.479084">
        <ele>1078.0</ele>
      </trkpt>
      <trkpt lat="37.15215" lon="-3.479125">
        <ele>1078.2</ele>
      </trkpt>
      <trkpt lat="37.152167" lon="-3.479167">
        <ele>1078.4</ele>
      </trkpt>
      <trkpt lat="37.152183" lon="-3.47921">
        <ele>1078.8</ele>
      </trkpt>
      <trkpt lat="37.1522" lon="-3.479254">
        <ele>1079.0</ele>
      </trkpt>
      <trkpt lat="37.152218" lon="-3.479297">
        <ele>1079.2</ele>
      </trkpt>
      <trkpt lat="37.152236" lon="-3.479343">
        <ele>1079.6</ele>
      </trkpt>
      <trkpt lat="37.152254" lon="-3.479393">
        <ele>1080.0</ele>
      </trkpt>
      <trkpt lat="37.152272" lon="-3.479442">
        <ele>1080.2</ele>
      </trkpt>
      <trkpt lat="37.152288" lon="-3.479489">
        <ele>1080.4</ele>
      </trkpt>
      <trkpt lat="37.152303" lon="-3.479537">
        <ele>1080.8</ele>
      </trkpt>
      <trkpt lat="37.152317" lon="-3.479584">
        <ele>1081.0</ele>
      </trkpt>
      <trkpt lat="37.152329" lon="-3.47963">
        <ele>1081.2</ele>
      </trkpt>
      <trkpt lat="37.15234" lon="-3.479675">
        <ele>1081.4</ele>
      </trkpt>
      <trkpt lat="37.15235" lon="-3.479721">
        <ele>1081.6</ele>
      </trkpt>
      <trkpt lat="37.152356" lon="-3.47977">
        <ele>1081.8</ele>
      </trkpt>
      <trkpt lat="37.15236" lon="-3.479817">
        <ele>1082.2</ele>
      </trkpt>
      <trkpt lat="37.152361" lon="-3.479864">
        <ele>1082.4</ele>
      </trkpt>
      <trkpt lat="37.152357" lon="-3.479911">
        <ele>1082.4</ele>
      </trkpt>
      <trkpt lat="37.152351" lon="-3.47996">
        <ele>1082.6</ele>
      </trkpt>
      <trkpt lat="37.152343" lon="-3.480009">
        <ele>1082.6</ele>
      </trkpt>
      <trkpt lat="37.152333" lon="-3.480058">
        <ele>1082.8</ele>
      </trkpt>
      <trkpt lat="37.15232" lon="-3.480107">
        <ele>1083.0</ele>
      </trkpt>
      <trkpt lat="37.152304" lon="-3.480154">
        <ele>1083.0</ele>
      </trkpt>
      <trkpt lat="37.152287" lon="-3.480199">
        <ele>1083.4</ele>
      </trkpt>
      <trkpt lat="37.152267" lon="-3.480244">
        <ele>1083.8</ele>
      </trkpt>
      <trkpt lat="37.152245" lon="-3.480287">
        <ele>1084.0</ele>
      </trkpt>
      <trkpt lat="37.152221" lon="-3.480328">
        <ele>1084.0</ele>
      </trkpt>
      <trkpt lat="37.152193" lon="-3.480364">
        <ele>1084.2</ele>
      </trkpt>
      <trkpt lat="37.152163" lon="-3.4804">
        <ele>1084.4</ele>
      </trkpt>
      <trkpt lat="37.152131" lon="-3.480433">
        <ele>1084.8</ele>
      </trkpt>
      <trkpt lat="37.152098" lon="-3.480465">
        <ele>1084.8</ele>
      </trkpt>
      <trkpt lat="37.152063" lon="-3.480496">
        <ele>1085.0</ele>
      </trkpt>
      <trkpt lat="37.152027" lon="-3.480524">
        <ele>1085.4</ele>
      </trkpt>
      <trkpt lat="37.151988" lon="-3.480549">
        <ele>1085.6</ele>
      </trkpt>
      <trkpt lat="37.151949" lon="-3.480572">
        <ele>1085.8</ele>
      </trkpt>
      <trkpt lat="37.151909" lon="-3.480594">
        <ele>1086.4</ele>
      </trkpt>
      <trkpt lat="37.151869" lon="-3.480616">
        <ele>1086.8</ele>
      </trkpt>
      <trkpt lat="37.151827" lon="-3.480636">
        <ele>1087.0</ele>
      </trkpt>
      <trkpt lat="37.151784" lon="-3.480654">
        <ele>1087.0</ele>
      </trkpt>
      <trkpt lat="37.15174" lon="-3.48067">
        <ele>1087.2</ele>
      </trkpt>
      <trkpt lat="37.151697" lon="-3.480686">
        <ele>1087.4</ele>
      </trkpt>
      <trkpt lat="37.151655" lon="-3.480702">
        <ele>1087.8</ele>
      </trkpt>
      <trkpt lat="37.151613" lon="-3.480717">
        <ele>1088.2</ele>
      </trkpt>
      <trkpt lat="37.151572" lon="-3.480731">
        <ele>1088.6</ele>
      </trkpt>
      <trkpt lat="37.15153" lon="-3.480746">
        <ele>1088.8</ele>
      </trkpt>
      <trkpt lat="37.151489" lon="-3.480762">
        <ele>1089.0</ele>
      </trkpt>
      <trkpt lat="37.151448" lon="-3.480777">
        <ele>1089.2</ele>
      </trkpt>
      <trkpt lat="37.151408" lon="-3.480793">
        <ele>1089.4</ele>
      </trkpt>
      <trkpt lat="37.151369" lon="-3.480809">
        <ele>1089.6</ele>
      </trkpt>
      <trkpt lat="37.151329" lon="-3.480825">
        <ele>1089.8</ele>
      </trkpt>
      <trkpt lat="37.15129" lon="-3.480842">
        <ele>1090.0</ele>
      </trkpt>
      <trkpt lat="37.151252" lon="-3.480858">
        <ele>1090.6</ele>
      </trkpt>
      <trkpt lat="37.151214" lon="-3.480873">
        <ele>1091.2</ele>
      </trkpt>
      <trkpt lat="37.151176" lon="-3.480888">
        <ele>1091.6</ele>
      </trkpt>
      <trkpt lat="37.151139" lon="-3.480901">
        <ele>1091.8</ele>
      </trkpt>
      <trkpt lat="37.151103" lon="-3.480914">
        <ele>1092.0</ele>
      </trkpt>
      <trkpt lat="37.151066" lon="-3.480927">
        <ele>1092.2</ele>
      </trkpt>
      <trkpt lat="37.151028" lon="-3.480941">
        <ele>1092.2</ele>
      </trkpt>
      <trkpt lat="37.150992" lon="-3.480955">
        <ele>1092.6</ele>
      </trkpt>
      <trkpt lat="37.150954" lon="-3.480969">
        <ele>1093.0</ele>
      </trkpt>
      <trkpt lat="37.150918" lon="-3.480983">
        <ele>1093.2</ele>
      </trkpt>
      <trkpt lat="37.150882" lon="-3.480999">
        <ele>1093.6</ele>
      </trkpt>
      <trkpt lat="37.150846" lon="-3.481013">
        <ele>1093.8</ele>
      </trkpt>
      <trkpt lat="37.150808" lon="-3.481026">
        <ele>1093.8</ele>
      </trkpt>
      <trkpt lat="37.150771" lon="-3.481038">
        <ele>1094.0</ele>
      </trkpt>
      <trkpt lat="37.150733" lon="-3.481052">
        <ele>1094.6</ele>
      </trkpt>
      <trkpt lat="37.150698" lon="-3.481067">
        <ele>1095.0</ele>
      </trkpt>
      <trkpt lat="37.150662" lon="-3.481082">
        <ele>1095.4</ele>
      </trkpt>
      <trkpt lat="37.150627" lon="-3.481097">
        <ele>1096.0</ele>
      </trkpt>
      <trkpt lat="37.150591" lon="-3.481112">
        <ele>1096.2</ele>
      </trkpt>
      <trkpt lat="37.150555" lon="-3.481128">
        <ele>1096.4</ele>
      </trkpt>
      <trkpt lat="37.15052" lon="-3.481146">
        <ele>1096.8</ele>
      </trkpt>
      <trkpt lat="37.150486" lon="-3.481165">
        <ele>1097.2</ele>
      </trkpt>
      <trkpt lat="37.150451" lon="-3.481185">
        <ele>1097.4</ele>
      </trkpt>
      <trkpt lat="37.150416" lon="-3.481205">
        <ele>1097.6</ele>
      </trkpt>
      <trkpt lat="37.150381" lon="-3.481226">
        <ele>1097.8</ele>
      </trkpt>
      <trkpt lat="37.150347" lon="-3.481248">
        <ele>1098.2</ele>
      </trkpt>
      <trkpt lat="37.150314" lon="-3.481271">
        <ele>1098.4</ele>
      </trkpt>
      <trkpt lat="37.150281" lon="-3.481295">
        <ele>1098.8</ele>
      </trkpt>
      <trkpt lat="37.150249" lon="-3.48132">
        <ele>1099.0</ele>
      </trkpt>
      <trkpt lat="37.150217" lon="-3.481345">
        <ele>1099.4</ele>
      </trkpt>
      <trkpt lat="37.150186" lon="-3.481372">
        <ele>1099.6</ele>
      </trkpt>
      <trkpt lat="37.150156" lon="-3.481401">
        <ele>1099.8</ele>
      </trkpt>
      <trkpt lat="37.150126" lon="-3.481431">
        <ele>1100.0</ele>
      </trkpt>
      <trkpt lat="37.150096" lon="-3.481462">
        <ele>1100.4</ele>
      </trkpt>
      <trkpt lat="37.150066" lon="-3.481493">
        <ele>1101.0</ele>
      </trkpt>
      <trkpt lat="37.150039" lon="-3.481527">
        <ele>1101.4</ele>
      </trkpt>
      <trkpt lat="37.150013" lon="-3.481562">
        <ele>1101.8</ele>
      </trkpt>
      <trkpt lat="37.149988" lon="-3.481599">
        <ele>1102.0</ele>
      </trkpt>
      <trkpt lat="37.149964" lon="-3.481637">
        <ele>1102.2</ele>
      </trkpt>
      <trkpt lat="37.149942" lon="-3.481675">
        <ele>1102.6</ele>
      </trkpt>
      <trkpt lat="37.149922" lon="-3.481713">
        <ele>1103.2</ele>
      </trkpt>
      <trkpt lat="37.149903" lon="-3.48175">
        <ele>1103.6</ele>
      </trkpt>
      <trkpt lat="37.149888" lon="-3.48179">
        <ele>1104.0</ele>
      </trkpt>
      <trkpt lat="37.149875" lon="-3.481832">
        <ele>1104.2</ele>
      </trkpt>
      <trkpt lat="37.149863" lon="-3.481877">
        <ele>1104.4</ele>
      </trkpt>
      <trkpt lat="37.149852" lon="-3.481921">
        <ele>1104.6</ele>
      </trkpt>
      <trkpt lat="37.149841" lon="-3.481965">
        <ele>1104.8</ele>
      </trkpt>
      <trkpt lat="37.149832" lon="-3.48201">
        <ele>1105.0</ele>
      </trkpt>
      <trkpt lat="37.149823" lon="-3.482054">
        <ele>1105.2</ele>
      </trkpt>
      <trkpt lat="37.149814" lon="-3.482097">
        <ele>1105.4</ele>
      </trkpt>
      <trkpt lat="37.149807" lon="-3.482141">
        <ele>1105.8</ele>
      </trkpt>
      <trkpt lat="37.1498" lon="-3.482185">
        <ele>1106.2</ele>
      </trkpt>
      <trkpt lat="37.149794" lon="-3.48223">
        <ele>1106.6</ele>
      </trkpt>
      <trkpt lat="37.149791" lon="-3.482276">
        <ele>1106.8</ele>
      </trkpt>
      <trkpt lat="37.149787" lon="-3.482323">
        <ele>1107.2</ele>
      </trkpt>
      <trkpt lat="37.149785" lon="-3.482368">
        <ele>1107.6</ele>
      </trkpt>
      <trkpt lat="37.149787" lon="-3.482414">
        <ele>1108.0</ele>
      </trkpt>
      <trkpt lat="37.149792" lon="-3.48246">
        <ele>1108.4</ele>
      </trkpt>
      <trkpt lat="37.149797" lon="-3.482507">
        <ele>1108.6</ele>
      </trkpt>
      <trkpt lat="37.149801" lon="-3.482553">
        <ele>1108.8</ele>
      </trkpt>
      <trkpt lat="37.149805" lon="-3.482599">
        <ele>1109.0</ele>
      </trkpt>
      <trkpt lat="37.149809" lon="-3.482644">
        <ele>1109.8</ele>
      </trkpt>
      <trkpt lat="37.149813" lon="-3.48269">
        <ele>1110.0</ele>
      </trkpt>
      <trkpt lat="37.149818" lon="-3.482737">
        <ele>1110.4</ele>
      </trkpt>
      <trkpt lat="37.149825" lon="-3.482783">
        <ele>1110.6</ele>
      </trkpt>
      <trkpt lat="37.149833" lon="-3.48283">
        <ele>1110.8</ele>
      </trkpt>
      <trkpt lat="37.149841" lon="-3.482877">
        <ele>1111.2</ele>
      </trkpt>
      <trkpt lat="37.14985" lon="-3.482924">
        <ele>1111.6</ele>
      </trkpt>
      <trkpt lat="37.14986" lon="-3.48297">
        <ele>1111.8</ele>
      </trkpt>
      <trkpt lat="37.149869" lon="-3.483017">
        <ele>1112.2</ele>
      </trkpt>
      <trkpt lat="37.149878" lon="-3.483063">
        <ele>1112.6</ele>
      </trkpt>
      <trkpt lat="37.149888" lon="-3.483108">
        <ele>1112.8</ele>
      </trkpt>
      <trkpt lat="37.149898" lon="-3.483152">
        <ele>1113.0</ele>
      </trkpt>
      <trkpt lat="37.149907" lon="-3.483196">
        <ele>1113.4</ele>
      </trkpt>
      <trkpt lat="37.149916" lon="-3.48324">
        <ele>1113.8</ele>
      </trkpt>
      <trkpt lat="37.149924" lon="-3.483284">
        <ele>1114.0</ele>
      </trkpt>
      <trkpt lat="37.149932" lon="-3.483328">
        <ele>1114.2</ele>
      </trkpt>
      <trkpt lat="37.14994" lon="-3.483371">
        <ele>1114.6</ele>
      </trkpt>
      <trkpt lat="37.149948" lon="-3.483415">
        <ele>1114.8</ele>
      </trkpt>
      <trkpt lat="37.149956" lon="-3.483459">
        <ele>1115.2</ele>
      </trkpt>
      <trkpt lat="37.149964" lon="-3.483504">
        <ele>1115.6</ele>
      </trkpt>
      <trkpt lat="37.149971" lon="-3.483548">
        <ele>1116.0</ele>
      </trkpt>
      <trkpt lat="37.149978" lon="-3.483592">
        <ele>1116.2</ele>
      </trkpt>
      <trkpt lat="37.149984" lon="-3.483636">
        <ele>1116.6</ele>
      </trkpt>
      <trkpt lat="37.149991" lon="-3.48368">
        <ele>1116.8</ele>
      </trkpt>
      <trkpt lat="37.149998" lon="-3.483725">
        <ele>1117.0</ele>
      </trkpt>
      <trkpt lat="37.150004" lon="-3.48377">
        <ele>1117.4</ele>
      </trkpt>
      <trkpt lat="37.15001" lon="-3.483815">
        <ele>1117.6</ele>
      </trkpt>
      <trkpt lat="37.150016" lon="-3.48386">
        <ele>1118.0</ele>
      </trkpt>
      <trkpt lat="37.150021" lon="-3.483905">
        <ele>1118.2</ele>
      </trkpt>
      <trkpt lat="37.150027" lon="-3.48395">
        <ele>1118.4</ele>
      </trkpt>
      <trkpt lat="37.150031" lon="-3.483994">
        <ele>1118.8</ele>
      </trkpt>
      <trkpt lat="37.150033" lon="-3.484039">
        <ele>1119.0</ele>
      </trkpt>
      <trkpt lat="37.150035" lon="-3.484083">
        <ele>1119.4</ele>
      </trkpt>
      <trkpt lat="37.150037" lon="-3.484128">
        <ele>1119.6</ele>
      </trkpt>
      <trkpt lat="37.150038" lon="-3.484172">
        <ele>1119.8</ele>
      </trkpt>
      <trkpt lat="37.150038" lon="-3.484217">
        <ele>1120.2</ele>
      </trkpt>
      <trkpt lat="37.150039" lon="-3.484261">
        <ele>1120.8</ele>
      </trkpt>
      <trkpt lat="37.150038" lon="-3.484306">
        <ele>1121.2</ele>
      </trkpt>
      <trkpt lat="37.150036" lon="-3.484351">
        <ele>1121.4</ele>
      </trkpt>
      <trkpt lat="37.150032" lon="-3.484395">
        <ele>1121.6</ele>
      </trkpt>
      <trkpt lat="37.150027" lon="-3.484439">
        <ele>1121.8</ele>
      </trkpt>
      <trkpt lat="37.150021" lon="-3.484481">
        <ele>1122.0</ele>
      </trkpt>
      <trkpt lat="37.150013" lon="-3.48452">
        <ele>1122.2</ele>
      </trkpt>
      <trkpt lat="37.150005" lon="-3.48456">
        <ele>1122.6</ele>
      </trkpt>
      <trkpt lat="37.149996" lon="-3.484602">
        <ele>1123.2</ele>
      </trkpt>
      <trkpt lat="37.149986" lon="-3.484643">
        <ele>1123.4</ele>
      </trkpt>
      <trkpt lat="37.149975" lon="-3.484684">
        <ele>1123.6</ele>
      </trkpt>
      <trkpt lat="37.149962" lon="-3.484726">
        <ele>1123.8</ele>
      </trkpt>
      <trkpt lat="37.149947" lon="-3.484765">
        <ele>1124.2</ele>
      </trkpt>
      <trkpt lat="37.149931" lon="-3.484805">
        <ele>1124.4</ele>
      </trkpt>
      <trkpt lat="37.149913" lon="-3.484844">
        <ele>1124.6</ele>
      </trkpt>
      <trkpt lat="37.149894" lon="-3.484882">
        <ele>1125.0</ele>
      </trkpt>
      <trkpt lat="37.149875" lon="-3.484919">
        <ele>1125.2</ele>
      </trkpt>
      <trkpt lat="37.149854" lon="-3.484957">
        <ele>1125.6</ele>
      </trkpt>
      <trkpt lat="37.149832" lon="-3.484992">
        <ele>1125.8</ele>
      </trkpt>
      <trkpt lat="37.149809" lon="-3.485028">
        <ele>1125.8</ele>
      </trkpt>
      <trkpt lat="37.149786" lon="-3.485061">
        <ele>1126.2</ele>
      </trkpt>
      <trkpt lat="37.149761" lon="-3.485093">
        <ele>1126.4</ele>
      </trkpt>
      <trkpt lat="37.149736" lon="-3.485124">
        <ele>1126.8</ele>
      </trkpt>
      <trkpt lat="37.14971" lon="-3.485154">
        <ele>1127.2</ele>
      </trkpt>
      <trkpt lat="37.149683" lon="-3.485181">
        <ele>1127.4</ele>
      </trkpt>
      <trkpt lat="37.149654" lon="-3.485206">
        <ele>1127.6</ele>
      </trkpt>
      <trkpt lat="37.149623" lon="-3.48523">
        <ele>1128.0</ele>
      </trkpt>
      <trkpt lat="37.149591" lon="-3.485252">
        <ele>1128.2</ele>
      </trkpt>
      <trkpt lat="37.14956" lon="-3.485274">
        <ele>1128.4</ele>
      </trkpt>
      <trkpt lat="37.149528" lon="-3.485294">
        <ele>1128.4</ele>
      </trkpt>
      <trkpt lat="37.149493" lon="-3.485313">
        <ele>1128.4</ele>
      </trkpt>
      <trkpt lat="37.149457" lon="-3.485332">
        <ele>1128.6</ele>
      </trkpt>
      <trkpt lat="37.149417" lon="-3.485346">
        <ele>1128.8</ele>
      </trkpt>
      <trkpt lat="37.149377" lon="-3.485355">
        <ele>1129.0</ele>
      </trkpt>
      <trkpt lat="37.149337" lon="-3.485361">
        <ele>1129.0</ele>
      </trkpt>
      <trkpt lat="37.149298" lon="-3.485366">
        <ele>1129.2</ele>
      </trkpt>
      <trkpt lat="37.149256" lon="-3.485367">
        <ele>1129.6</ele>
      </trkpt>
      <trkpt lat="37.149214" lon="-3.485366">
        <ele>1130.2</ele>
      </trkpt>
      <trkpt lat="37.149173" lon="-3.485365">
        <ele>1130.4</ele>
      </trkpt>
      <trkpt lat="37.149131" lon="-3.485365">
        <ele>1130.8</ele>
      </trkpt>
      <trkpt lat="37.149091" lon="-3.485365">
        <ele>1131.0</ele>
      </trkpt>
      <trkpt lat="37.14905" lon="-3.485366">
        <ele>1131.6</ele>
      </trkpt>
      <trkpt lat="37.149011" lon="-3.485367">
        <ele>1131.6</ele>
      </trkpt>
      <trkpt lat="37.148972" lon="-3.485367">
        <ele>1131.8</ele>
      </trkpt>
      <trkpt lat="37.148933" lon="-3.485367">
        <ele>1132.4</ele>
      </trkpt>
      <trkpt lat="37.148893" lon="-3.485364">
        <ele>1132.6</ele>
      </trkpt>
      <trkpt lat="37.148854" lon="-3.485361">
        <ele>1133.2</ele>
      </trkpt>
      <trkpt lat="37.148818" lon="-3.485358">
        <ele>1133.6</ele>
      </trkpt>
      <trkpt lat="37.14878" lon="-3.485354">
        <ele>1133.8</ele>
      </trkpt>
      <trkpt lat="37.148744" lon="-3.48535">
        <ele>1134.0</ele>
      </trkpt>
      <trkpt lat="37.148709" lon="-3.485347">
        <ele>1134.6</ele>
      </trkpt>
      <trkpt lat="37.148672" lon="-3.485342">
        <ele>1134.8</ele>
      </trkpt>
      <trkpt lat="37.148635" lon="-3.485335">
        <ele>1135.0</ele>
      </trkpt>
      <trkpt lat="37.148599" lon="-3.485331">
        <ele>1135.4</ele>
      </trkpt>
      <trkpt lat="37.148563" lon="-3.485327">
        <ele>1135.6</ele>
      </trkpt>
      <trkpt lat="37.148525" lon="-3.48532">
        <ele>1136.0</ele>
      </trkpt>
      <trkpt lat="37.148489" lon="-3.485316">
        <ele>1136.2</ele>
      </trkpt>
      <trkpt lat="37.148454" lon="-3.485311">
        <ele>1136.4</ele>
      </trkpt>
      <trkpt lat="37.148418" lon="-3.485306">
        <ele>1136.6</ele>
      </trkpt>
      <trkpt lat="37.148382" lon="-3.485299">
        <ele>1137.0</ele>
      </trkpt>
      <trkpt lat="37.148346" lon="-3.485296">
        <ele>1137.0</ele>
      </trkpt>
      <trkpt lat="37.14831" lon="-3.485292">
        <ele>1137.4</ele>
      </trkpt>
      <trkpt lat="37.148275" lon="-3.485289">
        <ele>1137.8</ele>
      </trkpt>
      <trkpt lat="37.148236" lon="-3.485282">
        <ele>1138.2</ele>
      </trkpt>
      <trkpt lat="37.148201" lon="-3.485278">
        <ele>1138.4</ele>
      </trkpt>
      <trkpt lat="37.148168" lon="-3.485274">
        <ele>1138.8</ele>
      </trkpt>
      <trkpt lat="37.148134" lon="-3.485271">
        <ele>1139.0</ele>
      </trkpt>
      <trkpt lat="37.148099" lon="-3.485265">
        <ele>1139.4</ele>
      </trkpt>
      <trkpt lat="37.148065" lon="-3.485262">
        <ele>1139.6</ele>
      </trkpt>
      <trkpt lat="37.148031" lon="-3.485258">
        <ele>1140.0</ele>
      </trkpt>
      <trkpt lat="37.147996" lon="-3.485254">
        <ele>1140.2</ele>
      </trkpt>
      <trkpt lat="37.147961" lon="-3.485249">
        <ele>1140.4</ele>
      </trkpt>
      <trkpt lat="37.147925" lon="-3.485245">
        <ele>1140.8</ele>
      </trkpt>
      <trkpt lat="37.147888" lon="-3.48524">
        <ele>1141.0</ele>
      </trkpt>
      <trkpt lat="37.147853" lon="-3.485237">
        <ele>1141.4</ele>
      </trkpt>
      <trkpt lat="37.147818" lon="-3.485234">
        <ele>1141.8</ele>
      </trkpt>
      <trkpt lat="37.147783" lon="-3.485228">
        <ele>1142.0</ele>
      </trkpt>
      <trkpt lat="37.147749" lon="-3.485222">
        <ele>1142.4</ele>
      </trkpt>
      <trkpt lat="37.147713" lon="-3.485217">
        <ele>1142.6</ele>
      </trkpt>
      <trkpt lat="37.147677" lon="-3.485212">
        <ele>1143.0</ele>
      </trkpt>
      <trkpt lat="37.147641" lon="-3.485208">
        <ele>1143.2</ele>
      </trkpt>
      <trkpt lat="37.147605" lon="-3.485204">
        <ele>1143.4</ele>
      </trkpt>
      <trkpt lat="37.14757" lon="-3.485202">
        <ele>1143.6</ele>
      </trkpt>
      <trkpt lat="37.147535" lon="-3.485198">
        <ele>1144.0</ele>
      </trkpt>
      <trkpt lat="37.1475" lon="-3.485192">
        <ele>1144.2</ele>
      </trkpt>
      <trkpt lat="37.147465" lon="-3.485188">
        <ele>1144.4</ele>
      </trkpt>
      <trkpt lat="37.147431" lon="-3.485185">
        <ele>1144.8</ele>
      </trkpt>
      <trkpt lat="37.147396" lon="-3.485181">
        <ele>1145.0</ele>
      </trkpt>
      <trkpt lat="37.147362" lon="-3.485178">
        <ele>1145.4</ele>
      </trkpt>
      <trkpt lat="37.147328" lon="-3.485175">
        <ele>1145.6</ele>
      </trkpt>
      <trkpt lat="37.147293" lon="-3.485172">
        <ele>1145.8</ele>
      </trkpt>
      <trkpt lat="37.147257" lon="-3.48517">
        <ele>1146.0</ele>
      </trkpt>
      <trkpt lat="37.14722" lon="-3.485167">
        <ele>1146.2</ele>
      </trkpt>
      <trkpt lat="37.147183" lon="-3.485165">
        <ele>1146.4</ele>
      </trkpt>
      <trkpt lat="37.147147" lon="-3.485166">
        <ele>1146.6</ele>
      </trkpt>
      <trkpt lat="37.147108" lon="-3.485164">
        <ele>1147.0</ele>
      </trkpt>
      <trkpt lat="37.147071" lon="-3.485162">
        <ele>1147.2</ele>
      </trkpt>
      <trkpt lat="37.147032" lon="-3.485161">
        <ele>1147.6</ele>
      </trkpt>
      <trkpt lat="37.146994" lon="-3.485162">
        <ele>1148.0</ele>
      </trkpt>
      <trkpt lat="37.146956" lon="-3.485166">
        <ele>1148.2</ele>
      </trkpt>
      <trkpt lat="37.146917" lon="-3.48517">
        <ele>1148.6</ele>
      </trkpt>
      <trkpt lat="37.146878" lon="-3.485173">
        <ele>1148.8</ele>
      </trkpt>
      <trkpt lat="37.14684" lon="-3.485178">
        <ele>1149.2</ele>
      </trkpt>
      <trkpt lat="37.146802" lon="-3.485185">
        <ele>1149.4</ele>
      </trkpt>
      <trkpt lat="37.146762" lon="-3.485198">
        <ele>1149.6</ele>
      </trkpt>
      <trkpt lat="37.146724" lon="-3.485212">
        <ele>1149.8</ele>
      </trkpt>
      <trkpt lat="37.146687" lon="-3.48523">
        <ele>1150.2</ele>
      </trkpt>
      <trkpt lat="37.146652" lon="-3.485248">
        <ele>1150.4</ele>
      </trkpt>
      <trkpt lat="37.146619" lon="-3.485265">
        <ele>1150.8</ele>
      </trkpt>
      <trkpt lat="37.146588" lon="-3.485286">
        <ele>1151.2</ele>
      </trkpt>
      <trkpt lat="37.146559" lon="-3.485311">
        <ele>1151.6</ele>
      </trkpt>
      <trkpt lat="37.146532" lon="-3.485338">
        <ele>1152.0</ele>
      </trkpt>
      <trkpt lat="37.146502" lon="-3.485362">
        <ele>1152.2</ele>
      </trkpt>
      <trkpt lat="37.146474" lon="-3.485387">
        <ele>1152.4</ele>
      </trkpt>
      <trkpt lat="37.146445" lon="-3.48541">
        <ele>1152.8</ele>
      </trkpt>
      <trkpt lat="37.146415" lon="-3.485432">
        <ele>1153.2</ele>
      </trkpt>
      <trkpt lat="37.146384" lon="-3.485455">
        <ele>1153.6</ele>
      </trkpt>
      <trkpt lat="37.146355" lon="-3.48548">
        <ele>1153.8</ele>
      </trkpt>
      <trkpt lat="37.146327" lon="-3.485508">
        <ele>1154.2</ele>
      </trkpt>
      <trkpt lat="37.146297" lon="-3.485535">
        <ele>1154.6</ele>
      </trkpt>
      <trkpt lat="37.146268" lon="-3.48556">
        <ele>1155.0</ele>
      </trkpt>
      <trkpt lat="37.146239" lon="-3.485587">
        <ele>1155.4</ele>
      </trkpt>
      <trkpt lat="37.146213" lon="-3.485615">
        <ele>1155.8</ele>
      </trkpt>
      <trkpt lat="37.146188" lon="-3.485644">
        <ele>1156.0</ele>
      </trkpt>
      <trkpt lat="37.146164" lon="-3.485674">
        <ele>1156.2</ele>
      </trkpt>
      <trkpt lat="37.146141" lon="-3.485705">
        <ele>1156.2</ele>
      </trkpt>
      <trkpt lat="37.146118" lon="-3.485736">
        <ele>1156.4</ele>
      </trkpt>
      <trkpt lat="37.146094" lon="-3.485767">
        <ele>1156.8</ele>
      </trkpt>
      <trkpt lat="37.146072" lon="-3.485799">
        <ele>1157.0</ele>
      </trkpt>
      <trkpt lat="37.146052" lon="-3.485834">
        <ele>1157.4</ele>
      </trkpt>
      <trkpt lat="37.146032" lon="-3.48587">
        <ele>1157.8</ele>
      </trkpt>
      <trkpt lat="37.146015" lon="-3.485912">
        <ele>1158.2</ele>
      </trkpt>
      <trkpt lat="37.145999" lon="-3.485955">
        <ele>1158.6</ele>
      </trkpt>
      <trkpt lat="37.145982" lon="-3.485998">
        <ele>1158.8</ele>
      </trkpt>
      <trkpt lat="37.145965" lon="-3.486042">
        <ele>1159.0</ele>
      </trkpt>
      <trkpt lat="37.145948" lon="-3.486086">
        <ele>1159.4</ele>
      </trkpt>
      <trkpt lat="37.145933" lon="-3.486132">
        <ele>1159.6</ele>
      </trkpt>
      <trkpt lat="37.14592" lon="-3.486179">
        <ele>1159.8</ele>
      </trkpt>
      <trkpt lat="37.145907" lon="-3.486225">
        <ele>1160.2</ele>
      </trkpt>
      <trkpt lat="37.145896" lon="-3.486271">
        <ele>1160.2</ele>
      </trkpt>
      <trkpt lat="37.145886" lon="-3.486316">
        <ele>1160.6</ele>
      </trkpt>
      <trkpt lat="37.145876" lon="-3.486361">
        <ele>1160.8</ele>
      </trkpt>
      <trkpt lat="37.145865" lon="-3.486406">
        <ele>1161.0</ele>
      </trkpt>
      <trkpt lat="37.145856" lon="-3.486451">
        <ele>1161.4</ele>
      </trkpt>
      <trkpt lat="37.145848" lon="-3.486497">
        <ele>1161.6</ele>
      </trkpt>
      <trkpt lat="37.14584" lon="-3.486543">
        <ele>1161.8</ele>
      </trkpt>
      <trkpt lat="37.145831" lon="-3.486589">
        <ele>1162.2</ele>
      </trkpt>
      <trkpt lat="37.145822" lon="-3.486634">
        <ele>1162.2</ele>
      </trkpt>
      <trkpt lat="37.145813" lon="-3.48668">
        <ele>1162.4</ele>
      </trkpt>
      <trkpt lat="37.145803" lon="-3.486725">
        <ele>1162.8</ele>
      </trkpt>
      <trkpt lat="37.145794" lon="-3.486771">
        <ele>1163.0</ele>
      </trkpt>
      <trkpt lat="37.145787" lon="-3.486817">
        <ele>1163.4</ele>
      </trkpt>
      <trkpt lat="37.145781" lon="-3.486864">
        <ele>1163.6</ele>
      </trkpt>
      <trkpt lat="37.145772" lon="-3.486909">
        <ele>1163.8</ele>
      </trkpt>
      <trkpt lat="37.145762" lon="-3.486953">
        <ele>1164.0</ele>
      </trkpt>
      <trkpt lat="37.145752" lon="-3.486998">
        <ele>1164.6</ele>
      </trkpt>
      <trkpt lat="37.145741" lon="-3.487042">
        <ele>1165.2</ele>
      </trkpt>
      <trkpt lat="37.145727" lon="-3.487083">
        <ele>1165.6</ele>
      </trkpt>
      <trkpt lat="37.145713" lon="-3.487125">
        <ele>1165.8</ele>
      </trkpt>
      <trkpt lat="37.145701" lon="-3.487165">
        <ele>1166.2</ele>
      </trkpt>
      <trkpt lat="37.145685" lon="-3.487204">
        <ele>1166.8</ele>
      </trkpt>
      <trkpt lat="37.145667" lon="-3.487242">
        <ele>1167.0</ele>
      </trkpt>
      <trkpt lat="37.145647" lon="-3.487278">
        <ele>1167.2</ele>
      </trkpt>
      <trkpt lat="37.145625" lon="-3.487314">
        <ele>1167.4</ele>
      </trkpt>
      <trkpt lat="37.145602" lon="-3.487349">
        <ele>1167.6</ele>
      </trkpt>
      <trkpt lat="37.145578" lon="-3.487383">
        <ele>1167.8</ele>
      </trkpt>
      <trkpt lat="37.145551" lon="-3.487416">
        <ele>1168.0</ele>
      </trkpt>
      <trkpt lat="37.145523" lon="-3.487446">
        <ele>1168.2</ele>
      </trkpt>
      <trkpt lat="37.145493" lon="-3.487473">
        <ele>1168.6</ele>
      </trkpt>
      <trkpt lat="37.145462" lon="-3.487498">
        <ele>1168.8</ele>
      </trkpt>
      <trkpt lat="37.145429" lon="-3.48752">
        <ele>1169.0</ele>
      </trkpt>
      <trkpt lat="37.145394" lon="-3.487539">
        <ele>1169.2</ele>
      </trkpt>
      <trkpt lat="37.14536" lon="-3.487555">
        <ele>1169.4</ele>
      </trkpt>
      <trkpt lat="37.145324" lon="-3.487568">
        <ele>1169.6</ele>
      </trkpt>
      <trkpt lat="37.145288" lon="-3.487578">
        <ele>1170.0</ele>
      </trkpt>
      <trkpt lat="37.145253" lon="-3.487584">
        <ele>1170.4</ele>
      </trkpt>
      <trkpt lat="37.145217" lon="-3.487589">
        <ele>1170.8</ele>
      </trkpt>
      <trkpt lat="37.14518" lon="-3.487592">
        <ele>1171.2</ele>
      </trkpt>
      <trkpt lat="37.145145" lon="-3.487592">
        <ele>1171.8</ele>
      </trkpt>
      <trkpt lat="37.145112" lon="-3.487589">
        <ele>1171.8</ele>
      </trkpt>
      <trkpt lat="37.145077" lon="-3.487583">
        <ele>1172.2</ele>
      </trkpt>
      <trkpt lat="37.145043" lon="-3.487572">
        <ele>1172.4</ele>
      </trkpt>
      <trkpt lat="37.145011" lon="-3.487561">
        <ele>1172.6</ele>
      </trkpt>
      <trkpt lat="37.144982" lon="-3.487545">
        <ele>1172.8</ele>
      </trkpt>
      <trkpt lat="37.144953" lon="-3.487523">
        <ele>1173.0</ele>
      </trkpt>
      <trkpt lat="37.144924" lon="-3.487498">
        <ele>1173.4</ele>
      </trkpt>
      <trkpt lat="37.1449" lon="-3.48747">
        <ele>1173.8</ele>
      </trkpt>
      <trkpt lat="37.144874" lon="-3.48744">
        <ele>1174.2</ele>
      </trkpt>
      <trkpt lat="37.144849" lon="-3.487405">
        <ele>1174.4</ele>
      </trkpt>
      <trkpt lat="37.144822" lon="-3.487368">
        <ele>1174.8</ele>
      </trkpt>
      <trkpt lat="37.144797" lon="-3.487334">
        <ele>1175.2</ele>
      </trkpt>
      <trkpt lat="37.144773" lon="-3.487301">
        <ele>1175.4</ele>
      </trkpt>
      <trkpt lat="37.144748" lon="-3.48727">
        <ele>1175.8</ele>
      </trkpt>
      <trkpt lat="37.144724" lon="-3.487239">
        <ele>1176.2</ele>
      </trkpt>
      <trkpt lat="37.144702" lon="-3.487208">
        <ele>1176.4</ele>
      </trkpt>
      <trkpt lat="37.144681" lon="-3.487177">
        <ele>1176.8</ele>
      </trkpt>
      <trkpt lat="37.144659" lon="-3.487144">
        <ele>1177.0</ele>
      </trkpt>
      <trkpt lat="37.14464" lon="-3.487109">
        <ele>1177.0</ele>
      </trkpt>
      <trkpt lat="37.144622" lon="-3.487074">
        <ele>1177.4</ele>
      </trkpt>
      <trkpt lat="37.144603" lon="-3.487039">
        <ele>1177.6</ele>
      </trkpt>
      <trkpt lat="37.144585" lon="-3.487004">
        <ele>1177.8</ele>
      </trkpt>
      <trkpt lat="37.144565" lon="-3.486969">
        <ele>1178.2</ele>
      </trkpt>
      <trkpt lat="37.144547" lon="-3.486932">
        <ele>1178.2</ele>
      </trkpt>
      <trkpt lat="37.144532" lon="-3.486893">
        <ele>1178.4</ele>
      </trkpt>
      <trkpt lat="37.144515" lon="-3.486854">
        <ele>1178.8</ele>
      </trkpt>
      <trkpt lat="37.144498" lon="-3.486816">
        <ele>1179.0</ele>
      </trkpt>
      <trkpt lat="37.14448" lon="-3.486777">
        <ele>1179.2</ele>
      </trkpt>
      <trkpt lat="37.14446" lon="-3.48674">
        <ele>1179.4</ele>
      </trkpt>
      <trkpt lat="37.144439" lon="-3.486704">
        <ele>1179.8</ele>
      </trkpt>
      <trkpt lat="37.144417" lon="-3.486669">
        <ele>1180.0</ele>
      </trkpt>
      <trkpt lat="37.144397" lon="-3.486633">
        <ele>1180.2</ele>
      </trkpt>
      <trkpt lat="37.144378" lon="-3.486597">
        <ele>1180.4</ele>
      </trkpt>
      <trkpt lat="37.144359" lon="-3.486562">
        <ele>1180.6</ele>
      </trkpt>
      <trkpt lat="37.144341" lon="-3.486527">
        <ele>1181.0</ele>
      </trkpt>
      <trkpt lat="37.144324" lon="-3.486491">
        <ele>1181.6</ele>
      </trkpt>
      <trkpt lat="37.144307" lon="-3.486455">
        <ele>1182.0</ele>
      </trkpt>
      <trkpt lat="37.14429" lon="-3.486418">
        <ele>1182.0</ele>
      </trkpt>
      <trkpt lat="37.144273" lon="-3.486382">
        <ele>1182.2</ele>
      </trkpt>
      <trkpt lat="37.144257" lon="-3.486346">
        <ele>1182.6</ele>
      </trkpt>
      <trkpt lat="37.14424" lon="-3.48631">
        <ele>1182.8</ele>
      </trkpt>
      <trkpt lat="37.144221" lon="-3.486275">
        <ele>1183.2</ele>
      </trkpt>
      <trkpt lat="37.144199" lon="-3.486243">
        <ele>1183.4</ele>
      </trkpt>
      <trkpt lat="37.144175" lon="-3.486212">
        <ele>1183.8</ele>
      </trkpt>
      <trkpt lat="37.144151" lon="-3.486183">
        <ele>1183.8</ele>
      </trkpt>
      <trkpt lat="37.144125" lon="-3.486157">
        <ele>1184.0</ele>
      </trkpt>
      <trkpt lat="37.144099" lon="-3.486132">
        <ele>1184.4</ele>
      </trkpt>
      <trkpt lat="37.144071" lon="-3.48611">
        <ele>1184.6</ele>
      </trkpt>
      <trkpt lat="37.144042" lon="-3.486091">
        <ele>1184.8</ele>
      </trkpt>
      <trkpt lat="37.144011" lon="-3.486075">
        <ele>1185.2</ele>
      </trkpt>
      <trkpt lat="37.143981" lon="-3.486061">
        <ele>1185.6</ele>
      </trkpt>
      <trkpt lat="37.143951" lon="-3.48605">
        <ele>1185.8</ele>
      </trkpt>
      <trkpt lat="37.143919" lon="-3.486043">
        <ele>1186.4</ele>
      </trkpt>
      <trkpt lat="37.143886" lon="-3.486038">
        <ele>1186.6</ele>
      </trkpt>
      <trkpt lat="37.143853" lon="-3.486036">
        <ele>1187.0</ele>
      </trkpt>
      <trkpt lat="37.143819" lon="-3.486038">
        <ele>1187.2</ele>
      </trkpt>
      <trkpt lat="37.143785" lon="-3.486046">
        <ele>1187.6</ele>
      </trkpt>
      <trkpt lat="37.143751" lon="-3.486057">
        <ele>1187.8</ele>
      </trkpt>
      <trkpt lat="37.143718" lon="-3.48607">
        <ele>1187.8</ele>
      </trkpt>
      <trkpt lat="37.143687" lon="-3.486089">
        <ele>1188.2</ele>
      </trkpt>
      <trkpt lat="37.143656" lon="-3.486112">
        <ele>1188.6</ele>
      </trkpt>
      <trkpt lat="37.143624" lon="-3.486138">
        <ele>1188.8</ele>
      </trkpt>
      <trkpt lat="37.143593" lon="-3.486168">
        <ele>1189.2</ele>
      </trkpt>
      <trkpt lat="37.143563" lon="-3.486199">
        <ele>1189.6</ele>
      </trkpt>
      <trkpt lat="37.143536" lon="-3.486234">
        <ele>1190.0</ele>
      </trkpt>
      <trkpt lat="37.143508" lon="-3.486274">
        <ele>1190.2</ele>
      </trkpt>
      <trkpt lat="37.143478" lon="-3.486318">
        <ele>1190.2</ele>
      </trkpt>
      <trkpt lat="37.143452" lon="-3.486364">
        <ele>1190.6</ele>
      </trkpt>
      <trkpt lat="37.143427" lon="-3.486411">
        <ele>1191.0</ele>
      </trkpt>
      <trkpt lat="37.143406" lon="-3.486461">
        <ele>1191.2</ele>
      </trkpt>
      <trkpt lat="37.143385" lon="-3.486512">
        <ele>1191.8</ele>
      </trkpt>
      <trkpt lat="37.143364" lon="-3.486564">
        <ele>1191.8</ele>
      </trkpt>
      <trkpt lat="37.14334" lon="-3.486615">
        <ele>1192.0</ele>
      </trkpt>
      <trkpt lat="37.143314" lon="-3.486666">
        <ele>1192.2</ele>
      </trkpt>
      <trkpt lat="37.143289" lon="-3.486718">
        <ele>1192.4</ele>
      </trkpt>
      <trkpt lat="37.143265" lon="-3.486771">
        <ele>1192.6</ele>
      </trkpt>
      <trkpt lat="37.143239" lon="-3.486824">
        <ele>1192.8</ele>
      </trkpt>
      <trkpt lat="37.143211" lon="-3.486876">
        <ele>1193.0</ele>
      </trkpt>
      <trkpt lat="37.143183" lon="-3.486929">
        <ele>1193.2</ele>
      </trkpt>
      <trkpt lat="37.143153" lon="-3.486981">
        <ele>1193.6</ele>
      </trkpt>
      <trkpt lat="37.143124" lon="-3.487034">
        <ele>1194.0</ele>
      </trkpt>
      <trkpt lat="37.143092" lon="-3.487086">
        <ele>1194.4</ele>
      </trkpt>
      <trkpt lat="37.143059" lon="-3.487137">
        <ele>1194.4</ele>
      </trkpt>
      <trkpt lat="37.143025" lon="-3.487186">
        <ele>1194.6</ele>
      </trkpt>
      <trkpt lat="37.14299" lon="-3.487235">
        <ele>1194.8</ele>
      </trkpt>
      <trkpt lat="37.142955" lon="-3.487282">
        <ele>1194.8</ele>
      </trkpt>
      <trkpt lat="37.142918" lon="-3.487328">
        <ele>1195.0</ele>
      </trkpt>
      <trkpt lat="37.142881" lon="-3.487371">
        <ele>1195.2</ele>
      </trkpt>
      <trkpt lat="37.142842" lon="-3.487414">
        <ele>1195.6</ele>
      </trkpt>
      <trkpt lat="37.142802" lon="-3.487457">
        <ele>1195.8</ele>
      </trkpt>
      <trkpt lat="37.14276" lon="-3.487499">
        <ele>1196.0</ele>
      </trkpt>
      <trkpt lat="37.142716" lon="-3.487541">
        <ele>1196.4</ele>
      </trkpt>
      <trkpt lat="37.142673" lon="-3.487583">
        <ele>1196.4</ele>
      </trkpt>
      <trkpt lat="37.142628" lon="-3.487622">
        <ele>1196.6</ele>
      </trkpt>
      <trkpt lat="37.14258" lon="-3.487657">
        <ele>1196.8</ele>
      </trkpt>
      <trkpt lat="37.142531" lon="-3.487688">
        <ele>1197.0</ele>
      </trkpt>
      <trkpt lat="37.14248" lon="-3.487716">
        <ele>1197.6</ele>
      </trkpt>
      <trkpt lat="37.142429" lon="-3.48774">
        <ele>1197.8</ele>
      </trkpt>
      <trkpt lat="37.142377" lon="-3.487756">
        <ele>1198.2</ele>
      </trkpt>
      <trkpt lat="37.142325" lon="-3.487763">
        <ele>1198.4</ele>
      </trkpt>
      <trkpt lat="37.142272" lon="-3.487758">
        <ele>1198.4</ele>
      </trkpt>
      <trkpt lat="37.142219" lon="-3.487745">
        <ele>1198.6</ele>
      </trkpt>
      <trkpt lat="37.142166" lon="-3.487723">
        <ele>1198.8</ele>
      </trkpt>
      <trkpt lat="37.142117" lon="-3.487696">
        <ele>1199.0</ele>
      </trkpt>
      <trkpt lat="37.142074" lon="-3.487663">
        <ele>1199.6</ele>
      </trkpt>
      <trkpt lat="37.142035" lon="-3.487623">
        <ele>1200.0</ele>
      </trkpt>
      <trkpt lat="37.141998" lon="-3.487576">
        <ele>1200.0</ele>
      </trkpt>
      <trkpt lat="37.141969" lon="-3.487522">
        <ele>1200.0</ele>
      </trkpt>
      <trkpt lat="37.141943" lon="-3.487464">
        <ele>1200.2</ele>
      </trkpt>
      <trkpt lat="37.14192" lon="-3.487404">
        <ele>1200.2</ele>
      </trkpt>
      <trkpt lat="37.141898" lon="-3.487342">
        <ele>1200.4</ele>
      </trkpt>
      <trkpt lat="37.14188" lon="-3.48728">
        <ele>1200.6</ele>
      </trkpt>
      <trkpt lat="37.141861" lon="-3.487217">
        <ele>1200.6</ele>
      </trkpt>
      <trkpt lat="37.141841" lon="-3.487156">
        <ele>1200.8</ele>
      </trkpt>
      <trkpt lat="37.141819" lon="-3.487096">
        <ele>1201.4</ele>
      </trkpt>
      <trkpt lat="37.141791" lon="-3.487039">
        <ele>1201.6</ele>
      </trkpt>
      <trkpt lat="37.141762" lon="-3.486986">
        <ele>1201.8</ele>
      </trkpt>
      <trkpt lat="37.141733" lon="-3.486936">
        <ele>1202.0</ele>
      </trkpt>
      <trkpt lat="37.141702" lon="-3.486889">
        <ele>1202.4</ele>
      </trkpt>
      <trkpt lat="37.141674" lon="-3.486842">
        <ele>1203.0</ele>
      </trkpt>
      <trkpt lat="37.141648" lon="-3.486795">
        <ele>1203.4</ele>
      </trkpt>
      <trkpt lat="37.141623" lon="-3.486749">
        <ele>1203.6</ele>
      </trkpt>
      <trkpt lat="37.141598" lon="-3.486701">
        <ele>1204.0</ele>
      </trkpt>
      <trkpt lat="37.141575" lon="-3.486653">
        <ele>1204.4</ele>
      </trkpt>
      <trkpt lat="37.141551" lon="-3.486604">
        <ele>1204.6</ele>
      </trkpt>
      <trkpt lat="37.141525" lon="-3.486562">
        <ele>1204.8</ele>
      </trkpt>
      <trkpt lat="37.1415" lon="-3.486518">
        <ele>1205.2</ele>
      </trkpt>
      <trkpt lat="37.141478" lon="-3.486471">
        <ele>1205.4</ele>
      </trkpt>
      <trkpt lat="37.141457" lon="-3.486428">
        <ele>1205.6</ele>
      </trkpt>
      <trkpt lat="37.141435" lon="-3.486387">
        <ele>1206.0</ele>
      </trkpt>
      <trkpt lat="37.141411" lon="-3.486344">
        <ele>1206.2</ele>
      </trkpt>
      <trkpt lat="37.141384" lon="-3.486305">
        <ele>1206.6</ele>
      </trkpt>
      <trkpt lat="37.141355" lon="-3.48627">
        <ele>1206.8</ele>
      </trkpt>
      <trkpt lat="37.141327" lon="-3.48624">
        <ele>1207.2</ele>
      </trkpt>
      <trkpt lat="37.141295" lon="-3.486212">
        <ele>1207.6</ele>
      </trkpt>
      <trkpt lat="37.141261" lon="-3.486191">
        <ele>1208.0</ele>
      </trkpt>
      <trkpt lat="37.141225" lon="-3.486171">
        <ele>1208.4</ele>
      </trkpt>
      <trkpt lat="37.141187" lon="-3.486156">
        <ele>1208.8</ele>
      </trkpt>
      <trkpt lat="37.141152" lon="-3.486148">
        <ele>1209.2</ele>
      </trkpt>
      <trkpt lat="37.141114" lon="-3.486143">
        <ele>1209.6</ele>
      </trkpt>
      <trkpt lat="37.141078" lon="-3.486139">
        <ele>1209.8</ele>
      </trkpt>
      <trkpt lat="37.141042" lon="-3.486136">
        <ele>1210.2</ele>
      </trkpt>
      <trkpt lat="37.141006" lon="-3.486129">
        <ele>1210.6</ele>
      </trkpt>
      <trkpt lat="37.140971" lon="-3.48612">
        <ele>1211.0</ele>
      </trkpt>
      <trkpt lat="37.140933" lon="-3.48611">
        <ele>1211.4</ele>
      </trkpt>
      <trkpt lat="37.140896" lon="-3.486101">
        <ele>1211.6</ele>
      </trkpt>
      <trkpt lat="37.140858" lon="-3.48609">
        <ele>1211.8</ele>
      </trkpt>
      <trkpt lat="37.140823" lon="-3.486078">
        <ele>1212.2</ele>
      </trkpt>
      <trkpt lat="37.140789" lon="-3.486063">
        <ele>1212.4</ele>
      </trkpt>
      <trkpt lat="37.140755" lon="-3.486045">
        <ele>1212.8</ele>
      </trkpt>
      <trkpt lat="37.140721" lon="-3.486028">
        <ele>1213.0</ele>
      </trkpt>
      <trkpt lat="37.140688" lon="-3.486012">
        <ele>1213.2</ele>
      </trkpt>
      <trkpt lat="37.140655" lon="-3.485998">
        <ele>1213.2</ele>
      </trkpt>
      <trkpt lat="37.140621" lon="-3.485982">
        <ele>1213.2</ele>
      </trkpt>
      <trkpt lat="37.140585" lon="-3.485964">
        <ele>1213.4</ele>
      </trkpt>
      <trkpt lat="37.14055" lon="-3.485945">
        <ele>1213.6</ele>
      </trkpt>
      <trkpt lat="37.140516" lon="-3.485924">
        <ele>1213.8</ele>
      </trkpt>
      <trkpt lat="37.140483" lon="-3.485901">
        <ele>1214.0</ele>
      </trkpt>
      <trkpt lat="37.140452" lon="-3.485876">
        <ele>1214.4</ele>
      </trkpt>
      <trkpt lat="37.140421" lon="-3.485847">
        <ele>1214.8</ele>
      </trkpt>
      <trkpt lat="37.140393" lon="-3.485814">
        <ele>1215.0</ele>
      </trkpt>
      <trkpt lat="37.140367" lon="-3.485778">
        <ele>1215.2</ele>
      </trkpt>
      <trkpt lat="37.140343" lon="-3.485741">
        <ele>1215.8</ele>
      </trkpt>
      <trkpt lat="37.14032" lon="-3.4857">
        <ele>1216.2</ele>
      </trkpt>
      <trkpt lat="37.140297" lon="-3.485659">
        <ele>1216.4</ele>
      </trkpt>
      <trkpt lat="37.140275" lon="-3.48562">
        <ele>1216.4</ele>
      </trkpt>
      <trkpt lat="37.140253" lon="-3.48558">
        <ele>1216.6</ele>
      </trkpt>
      <trkpt lat="37.140233" lon="-3.485537">
        <ele>1216.8</ele>
      </trkpt>
      <trkpt lat="37.140213" lon="-3.485497">
        <ele>1217.6</ele>
      </trkpt>
      <trkpt lat="37.140191" lon="-3.485458">
        <ele>1217.8</ele>
      </trkpt>
      <trkpt lat="37.140169" lon="-3.485417">
        <ele>1218.0</ele>
      </trkpt>
      <trkpt lat="37.140147" lon="-3.485378">
        <ele>1218.2</ele>
      </trkpt>
      <trkpt lat="37.140125" lon="-3.48534">
        <ele>1218.4</ele>
      </trkpt>
      <trkpt lat="37.140103" lon="-3.485303">
        <ele>1218.6</ele>
      </trkpt>
      <trkpt lat="37.14008" lon="-3.485265">
        <ele>1218.8</ele>
      </trkpt>
      <trkpt lat="37.140058" lon="-3.48523">
        <ele>1219.0</ele>
      </trkpt>
      <trkpt lat="37.140035" lon="-3.485195">
        <ele>1219.2</ele>
      </trkpt>
      <trkpt lat="37.140013" lon="-3.485161">
        <ele>1219.6</ele>
      </trkpt>
      <trkpt lat="37.139992" lon="-3.485128">
        <ele>1220.0</ele>
      </trkpt>
      <trkpt lat="37.139972" lon="-3.485093">
        <ele>1220.4</ele>
      </trkpt>
      <trkpt lat="37.139951" lon="-3.48506">
        <ele>1220.8</ele>
      </trkpt>
      <trkpt lat="37.139931" lon="-3.485026">
        <ele>1221.4</ele>
      </trkpt>
      <trkpt lat="37.139911" lon="-3.484988">
        <ele>1222.0</ele>
      </trkpt>
      <trkpt lat="37.139889" lon="-3.484952">
        <ele>1222.6</ele>
      </trkpt>
      <trkpt lat="37.139866" lon="-3.484919">
        <ele>1223.0</ele>
      </trkpt>
      <trkpt lat="37.139843" lon="-3.484881">
        <ele>1223.4</ele>
      </trkpt>
      <trkpt lat="37.139821" lon="-3.484843">
        <ele>1223.6</ele>
      </trkpt>
      <trkpt lat="37.139799" lon="-3.484805">
        <ele>1223.6</ele>
      </trkpt>
      <trkpt lat="37.139776" lon="-3.484764">
        <ele>1223.8</ele>
      </trkpt>
      <trkpt lat="37.139752" lon="-3.484723">
        <ele>1224.0</ele>
      </trkpt>
      <trkpt lat="37.13973" lon="-3.484681">
        <ele>1224.4</ele>
      </trkpt>
      <trkpt lat="37.139707" lon="-3.48464">
        <ele>1224.6</ele>
      </trkpt>
      <trkpt lat="37.139684" lon="-3.484599">
        <ele>1225.0</ele>
      </trkpt>
      <trkpt lat="37.139658" lon="-3.484559">
        <ele>1225.2</ele>
      </trkpt>
      <trkpt lat="37.139631" lon="-3.484518">
        <ele>1225.4</ele>
      </trkpt>
      <trkpt lat="37.139606" lon="-3.484474">
        <ele>1225.6</ele>
      </trkpt>
      <trkpt lat="37.139581" lon="-3.484426">
        <ele>1225.8</ele>
      </trkpt>
      <trkpt lat="37.139557" lon="-3.484377">
        <ele>1226.0</ele>
      </trkpt>
      <trkpt lat="37.139532" lon="-3.484327">
        <ele>1226.6</ele>
      </trkpt>
      <trkpt lat="37.139503" lon="-3.484278">
        <ele>1227.0</ele>
      </trkpt>
      <trkpt lat="37.139473" lon="-3.48423">
        <ele>1227.0</ele>
      </trkpt>
      <trkpt lat="37.139444" lon="-3.484182">
        <ele>1227.2</ele>
      </trkpt>
      <trkpt lat="37.139415" lon="-3.484135">
        <ele>1227.2</ele>
      </trkpt>
      <trkpt lat="37.139387" lon="-3.484088">
        <ele>1227.2</ele>
      </trkpt>
      <trkpt lat="37.139358" lon="-3.484042">
        <ele>1227.2</ele>
      </trkpt>
      <trkpt lat="37.13933" lon="-3.483997">
        <ele>1227.2</ele>
      </trkpt>
      <trkpt lat="37.139302" lon="-3.483952">
        <ele>1227.4</ele>
      </trkpt>
      <trkpt lat="37.139274" lon="-3.48391">
        <ele>1227.6</ele>
      </trkpt>
      <trkpt lat="37.139246" lon="-3.483867">
        <ele>1228.0</ele>
      </trkpt>
      <trkpt lat="37.139218" lon="-3.483824">
        <ele>1228.3</ele>
      </trkpt>
      <trkpt lat="37.139191" lon="-3.48378">
        <ele>1228.6</ele>
      </trkpt>
      <trkpt lat="37.139164" lon="-3.483736">
        <ele>1228.9</ele>
      </trkpt>
      <trkpt lat="37.139137" lon="-3.483691">
        <ele>1229.2</ele>
      </trkpt>
      <trkpt lat="37.13911" lon="-3.483646">
        <ele>1229.5</ele>
      </trkpt>
      <trkpt lat="37.139083" lon="-3.483601">
        <ele>1229.8</ele>
      </trkpt>
      <trkpt lat="37.139059" lon="-3.483554">
        <ele>1230.1</ele>
      </trkpt>
      <trkpt lat="37.139036" lon="-3.483503">
        <ele>1230.4</ele>
      </trkpt>
      <trkpt lat="37.139015" lon="-3.48345">
        <ele>1230.8</ele>
      </trkpt>
      <trkpt lat="37.138995" lon="-3.483395">
        <ele>1231.1</ele>
      </trkpt>
      <trkpt lat="37.138981" lon="-3.483338">
        <ele>1231.4</ele>
      </trkpt>
      <trkpt lat="37.138971" lon="-3.483279">
        <ele>1231.7</ele>
      </trkpt>
      <trkpt lat="37.138965" lon="-3.48322">
        <ele>1232.1</ele>
      </trkpt>
      <trkpt lat="37.138965" lon="-3.48316">
        <ele>1232.4</ele>
      </trkpt>
      <trkpt lat="37.13897" lon="-3.483101">
        <ele>1232.7</ele>
      </trkpt>
      <trkpt lat="37.138979" lon="-3.483048">
        <ele>1233.0</ele>
      </trkpt>
      <trkpt lat="37.138996" lon="-3.482993">
        <ele>1233.4</ele>
      </trkpt>
      <trkpt lat="37.139018" lon="-3.482938">
        <ele>1233.6</ele>
      </trkpt>
      <trkpt lat="37.139041" lon="-3.482884">
        <ele>1234.0</ele>
      </trkpt>
      <trkpt lat="37.13907" lon="-3.482832">
        <ele>1234.0</ele>
      </trkpt>
      <trkpt lat="37.1391" lon="-3.482781">
        <ele>1234.4</ele>
      </trkpt>
      <trkpt lat="37.139134" lon="-3.482736">
        <ele>1234.6</ele>
      </trkpt>
      <trkpt lat="37.13917" lon="-3.482696">
        <ele>1234.8</ele>
      </trkpt>
      <trkpt lat="37.139205" lon="-3.482657">
        <ele>1235.0</ele>
      </trkpt>
      <trkpt lat="37.13924" lon="-3.482622">
        <ele>1235.2</ele>
      </trkpt>
      <trkpt lat="37.139277" lon="-3.482589">
        <ele>1235.4</ele>
      </trkpt>
      <trkpt lat="37.139316" lon="-3.48256">
        <ele>1235.6</ele>
      </trkpt>
      <trkpt lat="37.139356" lon="-3.48253">
        <ele>1235.8</ele>
      </trkpt>
      <trkpt lat="37.139397" lon="-3.482499">
        <ele>1236.2</ele>
      </trkpt>
      <trkpt lat="37.13944" lon="-3.482465">
        <ele>1236.6</ele>
      </trkpt>
      <trkpt lat="37.139483" lon="-3.482434">
        <ele>1237.0</ele>
      </trkpt>
      <trkpt lat="37.139527" lon="-3.482404">
        <ele>1237.2</ele>
      </trkpt>
      <trkpt lat="37.139572" lon="-3.482373">
        <ele>1237.4</ele>
      </trkpt>
      <trkpt lat="37.139618" lon="-3.482343">
        <ele>1237.6</ele>
      </trkpt>
      <trkpt lat="37.139664" lon="-3.482314">
        <ele>1237.8</ele>
      </trkpt>
      <trkpt lat="37.139708" lon="-3.482284">
        <ele>1237.8</ele>
      </trkpt>
      <trkpt lat="37.139753" lon="-3.482254">
        <ele>1238.2</ele>
      </trkpt>
      <trkpt lat="37.139797" lon="-3.482224">
        <ele>1238.4</ele>
      </trkpt>
      <trkpt lat="37.139842" lon="-3.482196">
        <ele>1238.6</ele>
      </trkpt>
      <trkpt lat="37.139885" lon="-3.482166">
        <ele>1238.8</ele>
      </trkpt>
      <trkpt lat="37.139928" lon="-3.482137">
        <ele>1239.0</ele>
      </trkpt>
      <trkpt lat="37.139973" lon="-3.482107">
        <ele>1239.2</ele>
      </trkpt>
      <trkpt lat="37.140016" lon="-3.482074">
        <ele>1239.6</ele>
      </trkpt>
      <trkpt lat="37.14006" lon="-3.48204">
        <ele>1239.8</ele>
      </trkpt>
      <trkpt lat="37.140103" lon="-3.482004">
        <ele>1239.8</ele>
      </trkpt>
      <trkpt lat="37.140146" lon="-3.481968">
        <ele>1240.0</ele>
      </trkpt>
      <trkpt lat="37.140187" lon="-3.481929">
        <ele>1240.4</ele>
      </trkpt>
      <trkpt lat="37.140227" lon="-3.481886">
        <ele>1240.6</ele>
      </trkpt>
      <trkpt lat="37.140265" lon="-3.481839">
        <ele>1241.0</ele>
      </trkpt>
      <trkpt lat="37.140298" lon="-3.481788">
        <ele>1241.0</ele>
      </trkpt>
      <trkpt lat="37.14033" lon="-3.481736">
        <ele>1241.4</ele>
      </trkpt>
      <trkpt lat="37.140359" lon="-3.481682">
        <ele>1241.8</ele>
      </trkpt>
      <trkpt lat="37.140384" lon="-3.481626">
        <ele>1242.0</ele>
      </trkpt>
      <trkpt lat="37.140408" lon="-3.481571">
        <ele>1242.2</ele>
      </trkpt>
      <trkpt lat="37.14043" lon="-3.481515">
        <ele>1242.4</ele>
      </trkpt>
      <trkpt lat="37.140451" lon="-3.481459">
        <ele>1242.6</ele>
      </trkpt>
      <trkpt lat="37.140473" lon="-3.481401">
        <ele>1243.0</ele>
      </trkpt>
      <trkpt lat="37.140495" lon="-3.481344">
        <ele>1243.2</ele>
      </trkpt>
      <trkpt lat="37.140517" lon="-3.481286">
        <ele>1243.6</ele>
      </trkpt>
      <trkpt lat="37.14054" lon="-3.481227">
        <ele>1243.6</ele>
      </trkpt>
      <trkpt lat="37.140566" lon="-3.481167">
        <ele>1244.0</ele>
      </trkpt>
      <trkpt lat="37.140597" lon="-3.481106">
        <ele>1244.2</ele>
      </trkpt>
      <trkpt lat="37.140633" lon="-3.481048">
        <ele>1244.4</ele>
      </trkpt>
      <trkpt lat="37.140672" lon="-3.480993">
        <ele>1245.0</ele>
      </trkpt>
      <trkpt lat="37.14071" lon="-3.480936">
        <ele>1245.4</ele>
      </trkpt>
      <trkpt lat="37.14075" lon="-3.480875">
        <ele>1245.8</ele>
      </trkpt>
      <trkpt lat="37.140788" lon="-3.480814">
        <ele>1246.4</ele>
      </trkpt>
      <trkpt lat="37.140818" lon="-3.480752">
        <ele>1247.0</ele>
      </trkpt>
      <trkpt lat="37.140843" lon="-3.48069">
        <ele>1247.8</ele>
      </trkpt>
      <trkpt lat="37.140861" lon="-3.480633">
        <ele>1248.4</ele>
      </trkpt>
      <trkpt lat="37.140873" lon="-3.480574">
        <ele>1249.0</ele>
      </trkpt>
      <trkpt lat="37.140879" lon="-3.480514">
        <ele>1249.4</ele>
      </trkpt>
      <trkpt lat="37.140882" lon="-3.480455">
        <ele>1250.0</ele>
      </trkpt>
      <trkpt lat="37.140891" lon="-3.480394">
        <ele>1250.4</ele>
      </trkpt>
      <trkpt lat="37.140905" lon="-3.480333">
        <ele>1251.0</ele>
      </trkpt>
      <trkpt lat="37.140922" lon="-3.480273">
        <ele>1251.2</ele>
      </trkpt>
      <trkpt lat="37.140945" lon="-3.480211">
        <ele>1251.6</ele>
      </trkpt>
      <trkpt lat="37.140975" lon="-3.480154">
        <ele>1251.8</ele>
      </trkpt>
      <trkpt lat="37.141005" lon="-3.480101">
        <ele>1252.0</ele>
      </trkpt>
      <trkpt lat="37.141036" lon="-3.480049">
        <ele>1252.2</ele>
      </trkpt>
      <trkpt lat="37.141069" lon="-3.48">
        <ele>1252.6</ele>
      </trkpt>
      <trkpt lat="37.141104" lon="-3.479951">
        <ele>1252.8</ele>
      </trkpt>
      <trkpt lat="37.14114" lon="-3.479903">
        <ele>1253.2</ele>
      </trkpt>
      <trkpt lat="37.141172" lon="-3.479854">
        <ele>1253.6</ele>
      </trkpt>
      <trkpt lat="37.141202" lon="-3.4798">
        <ele>1254.0</ele>
      </trkpt>
      <trkpt lat="37.14123" lon="-3.479743">
        <ele>1254.4</ele>
      </trkpt>
      <trkpt lat="37.141249" lon="-3.479681">
        <ele>1254.8</ele>
      </trkpt>
      <trkpt lat="37.141259" lon="-3.479618">
        <ele>1254.8</ele>
      </trkpt>
      <trkpt lat="37.141256" lon="-3.479549">
        <ele>1255.0</ele>
      </trkpt>
      <trkpt lat="37.141251" lon="-3.47948">
        <ele>1255.4</ele>
      </trkpt>
      <trkpt lat="37.141246" lon="-3.479409">
        <ele>1255.4</ele>
      </trkpt>
      <trkpt lat="37.141244" lon="-3.479337">
        <ele>1255.4</ele>
      </trkpt>
      <trkpt lat="37.141242" lon="-3.47926">
        <ele>1255.4</ele>
      </trkpt>
      <trkpt lat="37.141241" lon="-3.479179">
        <ele>1255.4</ele>
      </trkpt>
      <trkpt lat="37.141238" lon="-3.479093">
        <ele>1255.2</ele>
      </trkpt>
      <trkpt lat="37.141232" lon="-3.479">
        <ele>1255.2</ele>
      </trkpt>
      <trkpt lat="37.141226" lon="-3.478911">
        <ele>1255.0</ele>
      </trkpt>
      <trkpt lat="37.141213" lon="-3.478821">
        <ele>1254.8</ele>
      </trkpt>
      <trkpt lat="37.141189" lon="-3.478733">
        <ele>1255.0</ele>
      </trkpt>
      <trkpt lat="37.141157" lon="-3.478646">
        <ele>1255.0</ele>
      </trkpt>
      <trkpt lat="37.141126" lon="-3.478557">
        <ele>1255.0</ele>
      </trkpt>
      <trkpt lat="37.141096" lon="-3.478464">
        <ele>1255.0</ele>
      </trkpt>
      <trkpt lat="37.141065" lon="-3.478368">
        <ele>1255.2</ele>
      </trkpt>
      <trkpt lat="37.141035" lon="-3.478271">
        <ele>1255.4</ele>
      </trkpt>
      <trkpt lat="37.141005" lon="-3.478173">
        <ele>1255.6</ele>
      </trkpt>
      <trkpt lat="37.140978" lon="-3.478075">
        <ele>1255.6</ele>
      </trkpt>
      <trkpt lat="37.140953" lon="-3.477977">
        <ele>1255.8</ele>
      </trkpt>
      <trkpt lat="37.14093" lon="-3.477881">
        <ele>1255.8</ele>
      </trkpt>
      <trkpt lat="37.140911" lon="-3.477785">
        <ele>1255.8</ele>
      </trkpt>
      <trkpt lat="37.140896" lon="-3.477688">
        <ele>1255.8</ele>
      </trkpt>
      <trkpt lat="37.140885" lon="-3.477589">
        <ele>1255.8</ele>
      </trkpt>
      <trkpt lat="37.140879" lon="-3.477491">
        <ele>1256.0</ele>
      </trkpt>
      <trkpt lat="37.140874" lon="-3.477394">
        <ele>1256.2</ele>
      </trkpt>
      <trkpt lat="37.140867" lon="-3.477296">
        <ele>1256.2</ele>
      </trkpt>
      <trkpt lat="37.140861" lon="-3.477197">
        <ele>1256.2</ele>
      </trkpt>
      <trkpt lat="37.140856" lon="-3.477096">
        <ele>1256.2</ele>
      </trkpt>
      <trkpt lat="37.140851" lon="-3.476995">
        <ele>1256.2</ele>
      </trkpt>
      <trkpt lat="37.140847" lon="-3.476897">
        <ele>1256.0</ele>
      </trkpt>
      <trkpt lat="37.14084" lon="-3.476797">
        <ele>1255.8</ele>
      </trkpt>
      <trkpt lat="37.140836" lon="-3.476692">
        <ele>1255.8</ele>
      </trkpt>
      <trkpt lat="37.140832" lon="-3.476592">
        <ele>1255.8</ele>
      </trkpt>
      <trkpt lat="37.140828" lon="-3.476493">
        <ele>1255.8</ele>
      </trkpt>
      <trkpt lat="37.140823" lon="-3.476395">
        <ele>1255.8</ele>
      </trkpt>
      <trkpt lat="37.140817" lon="-3.4763">
        <ele>1256.2</ele>
      </trkpt>
      <trkpt lat="37.140808" lon="-3.47621">
        <ele>1256.4</ele>
      </trkpt>
      <trkpt lat="37.140802" lon="-3.476125">
        <ele>1256.6</ele>
      </trkpt>
      <trkpt lat="37.140798" lon="-3.476043">
        <ele>1257.0</ele>
      </trkpt>
      <trkpt lat="37.140797" lon="-3.475965">
        <ele>1257.6</ele>
      </trkpt>
      <trkpt lat="37.140793" lon="-3.47589">
        <ele>1257.8</ele>
      </trkpt>
      <trkpt lat="37.140788" lon="-3.475819">
        <ele>1258.2</ele>
      </trkpt>
      <trkpt lat="37.140779" lon="-3.475751">
        <ele>1258.6</ele>
      </trkpt>
      <trkpt lat="37.140769" lon="-3.475686">
        <ele>1259.0</ele>
      </trkpt>
      <trkpt lat="37.140756" lon="-3.475625">
        <ele>1259.6</ele>
      </trkpt>
      <trkpt lat="37.140742" lon="-3.475566">
        <ele>1260.2</ele>
      </trkpt>
      <trkpt lat="37.140728" lon="-3.47551">
        <ele>1260.4</ele>
      </trkpt>
      <trkpt lat="37.140715" lon="-3.475456">
        <ele>1260.8</ele>
      </trkpt>
      <trkpt lat="37.140701" lon="-3.475402">
        <ele>1261.4</ele>
      </trkpt>
      <trkpt lat="37.140688" lon="-3.475344">
        <ele>1261.6</ele>
      </trkpt>
      <trkpt lat="37.140674" lon="-3.475285">
        <ele>1261.6</ele>
      </trkpt>
      <trkpt lat="37.140658" lon="-3.475227">
        <ele>1261.8</ele>
      </trkpt>
      <trkpt lat="37.140642" lon="-3.47517">
        <ele>1262.0</ele>
      </trkpt>
      <trkpt lat="37.140627" lon="-3.475114">
        <ele>1262.6</ele>
      </trkpt>
      <trkpt lat="37.140613" lon="-3.475059">
        <ele>1263.0</ele>
      </trkpt>
      <trkpt lat="37.140598" lon="-3.475006">
        <ele>1263.2</ele>
      </trkpt>
      <trkpt lat="37.140583" lon="-3.474953">
        <ele>1263.6</ele>
      </trkpt>
      <trkpt lat="37.140567" lon="-3.4749">
        <ele>1264.2</ele>
      </trkpt>
      <trkpt lat="37.140552" lon="-3.474849">
        <ele>1264.6</ele>
      </trkpt>
      <trkpt lat="37.140537" lon="-3.474798">
        <ele>1265.0</ele>
      </trkpt>
      <trkpt lat="37.140522" lon="-3.474748">
        <ele>1265.4</ele>
      </trkpt>
      <trkpt lat="37.140507" lon="-3.474699">
        <ele>1265.6</ele>
      </trkpt>
      <trkpt lat="37.140492" lon="-3.47465">
        <ele>1265.8</ele>
      </trkpt>
      <trkpt lat="37.140478" lon="-3.474601">
        <ele>1266.0</ele>
      </trkpt>
      <trkpt lat="37.140464" lon="-3.474553">
        <ele>1266.4</ele>
      </trkpt>
      <trkpt lat="37.14045" lon="-3.474505">
        <ele>1266.6</ele>
      </trkpt>
      <trkpt lat="37.140437" lon="-3.474457">
        <ele>1267.2</ele>
      </trkpt>
      <trkpt lat="37.140423" lon="-3.47441">
        <ele>1267.4</ele>
      </trkpt>
      <trkpt lat="37.140409" lon="-3.474362">
        <ele>1267.8</ele>
      </trkpt>
      <trkpt lat="37.140395" lon="-3.474315">
        <ele>1267.8</ele>
      </trkpt>
      <trkpt lat="37.140383" lon="-3.474268">
        <ele>1268.0</ele>
      </trkpt>
      <trkpt lat="37.140369" lon="-3.474221">
        <ele>1268.2</ele>
      </trkpt>
      <trkpt lat="37.140357" lon="-3.474175">
        <ele>1268.4</ele>
      </trkpt>
      <trkpt lat="37.140347" lon="-3.474127">
        <ele>1268.6</ele>
      </trkpt>
      <trkpt lat="37.140337" lon="-3.47408">
        <ele>1269.0</ele>
      </trkpt>
      <trkpt lat="37.140328" lon="-3.474033">
        <ele>1269.4</ele>
      </trkpt>
      <trkpt lat="37.140318" lon="-3.473987">
        <ele>1269.8</ele>
      </trkpt>
      <trkpt lat="37.14031" lon="-3.47394">
        <ele>1270.0</ele>
      </trkpt>
      <trkpt lat="37.140303" lon="-3.473893">
        <ele>1270.4</ele>
      </trkpt>
      <trkpt lat="37.140297" lon="-3.473845">
        <ele>1270.8</ele>
      </trkpt>
      <trkpt lat="37.140291" lon="-3.473796">
        <ele>1271.0</ele>
      </trkpt>
      <trkpt lat="37.140286" lon="-3.473745">
        <ele>1271.2</ele>
      </trkpt>
      <trkpt lat="37.140282" lon="-3.473694">
        <ele>1271.4</ele>
      </trkpt>
      <trkpt lat="37.140281" lon="-3.473641">
        <ele>1271.6</ele>
      </trkpt>
      <trkpt lat="37.140281" lon="-3.473588">
        <ele>1271.8</ele>
      </trkpt>
      <trkpt lat="37.140281" lon="-3.473535">
        <ele>1272.0</ele>
      </trkpt>
      <trkpt lat="37.140284" lon="-3.473482">
        <ele>1272.4</ele>
      </trkpt>
      <trkpt lat="37.140287" lon="-3.473429">
        <ele>1272.6</ele>
      </trkpt>
      <trkpt lat="37.14029" lon="-3.473377">
        <ele>1273.0</ele>
      </trkpt>
      <trkpt lat="37.140295" lon="-3.473326">
        <ele>1273.4</ele>
      </trkpt>
      <trkpt lat="37.140304" lon="-3.473273">
        <ele>1273.8</ele>
      </trkpt>
      <trkpt lat="37.14031" lon="-3.473221">
        <ele>1274.0</ele>
      </trkpt>
      <trkpt lat="37.140318" lon="-3.473168">
        <ele>1274.2</ele>
      </trkpt>
      <trkpt lat="37.140325" lon="-3.473114">
        <ele>1274.4</ele>
      </trkpt>
      <trkpt lat="37.140334" lon="-3.473061">
        <ele>1274.6</ele>
      </trkpt>
      <trkpt lat="37.140342" lon="-3.473007">
        <ele>1275.0</ele>
      </trkpt>
      <trkpt lat="37.14035" lon="-3.472954">
        <ele>1275.2</ele>
      </trkpt>
      <trkpt lat="37.140357" lon="-3.472901">
        <ele>1275.8</ele>
      </trkpt>
      <trkpt lat="37.140363" lon="-3.472849">
        <ele>1276.2</ele>
      </trkpt>
      <trkpt lat="37.140369" lon="-3.472795">
        <ele>1276.6</ele>
      </trkpt>
      <trkpt lat="37.140375" lon="-3.472741">
        <ele>1277.0</ele>
      </trkpt>
      <trkpt lat="37.140381" lon="-3.472687">
        <ele>1277.2</ele>
      </trkpt>
      <trkpt lat="37.140386" lon="-3.472633">
        <ele>1277.6</ele>
      </trkpt>
      <trkpt lat="37.140393" lon="-3.472579">
        <ele>1277.8</ele>
      </trkpt>
      <trkpt lat="37.140398" lon="-3.472527">
        <ele>1278.2</ele>
      </trkpt>
      <trkpt lat="37.140397" lon="-3.472474">
        <ele>1278.6</ele>
      </trkpt>
      <trkpt lat="37.14039" lon="-3.472423">
        <ele>1279.0</ele>
      </trkpt>
      <trkpt lat="37.140377" lon="-3.472374">
        <ele>1279.0</ele>
      </trkpt>
      <trkpt lat="37.140359" lon="-3.472329">
        <ele>1279.2</ele>
      </trkpt>
      <trkpt lat="37.14034" lon="-3.472286">
        <ele>1279.4</ele>
      </trkpt>
      <trkpt lat="37.140318" lon="-3.472244">
        <ele>1279.6</ele>
      </trkpt>
      <trkpt lat="37.140295" lon="-3.472202">
        <ele>1279.8</ele>
      </trkpt>
      <trkpt lat="37.140272" lon="-3.472161">
        <ele>1280.0</ele>
      </trkpt>
      <trkpt lat="37.140249" lon="-3.472121">
        <ele>1280.4</ele>
      </trkpt>
      <trkpt lat="37.140225" lon="-3.472078">
        <ele>1281.0</ele>
      </trkpt>
      <trkpt lat="37.140199" lon="-3.472039">
        <ele>1281.4</ele>
      </trkpt>
      <trkpt lat="37.140172" lon="-3.472">
        <ele>1281.8</ele>
      </trkpt>
      <trkpt lat="37.140146" lon="-3.471963">
        <ele>1282.0</ele>
      </trkpt>
      <trkpt lat="37.14012" lon="-3.471924">
        <ele>1282.2</ele>
      </trkpt>
      <trkpt lat="37.140097" lon="-3.471885">
        <ele>1282.4</ele>
      </trkpt>
      <trkpt lat="37.140074" lon="-3.471845">
        <ele>1282.8</ele>
      </trkpt>
      <trkpt lat="37.140052" lon="-3.471807">
        <ele>1283.0</ele>
      </trkpt>
      <trkpt lat="37.140032" lon="-3.471764">
        <ele>1283.2</ele>
      </trkpt>
      <trkpt lat="37.140013" lon="-3.471721">
        <ele>1283.4</ele>
      </trkpt>
      <trkpt lat="37.139993" lon="-3.471677">
        <ele>1283.8</ele>
      </trkpt>
      <trkpt lat="37.139974" lon="-3.471633">
        <ele>1284.2</ele>
      </trkpt>
      <trkpt lat="37.139957" lon="-3.471587">
        <ele>1284.6</ele>
      </trkpt>
      <trkpt lat="37.139941" lon="-3.471541">
        <ele>1285.0</ele>
      </trkpt>
      <trkpt lat="37.139926" lon="-3.471493">
        <ele>1285.4</ele>
      </trkpt>
      <trkpt lat="37.139913" lon="-3.471446">
        <ele>1285.6</ele>
      </trkpt>
      <trkpt lat="37.139903" lon="-3.471398">
        <ele>1286.0</ele>
      </trkpt>
      <trkpt lat="37.139896" lon="-3.47135">
        <ele>1286.2</ele>
      </trkpt>
      <trkpt lat="37.139892" lon="-3.471301">
        <ele>1286.4</ele>
      </trkpt>
      <trkpt lat="37.139893" lon="-3.471252">
        <ele>1286.6</ele>
      </trkpt>
      <trkpt lat="37.1399" lon="-3.471203">
        <ele>1287.0</ele>
      </trkpt>
      <trkpt lat="37.139912" lon="-3.471155">
        <ele>1287.4</ele>
      </trkpt>
      <trkpt lat="37.139929" lon="-3.47111">
        <ele>1287.8</ele>
      </trkpt>
      <trkpt lat="37.139947" lon="-3.471068">
        <ele>1288.6</ele>
      </trkpt>
      <trkpt lat="37.139968" lon="-3.471026">
        <ele>1288.8</ele>
      </trkpt>
      <trkpt lat="37.139989" lon="-3.470985">
        <ele>1289.2</ele>
      </trkpt>
      <trkpt lat="37.140009" lon="-3.470943">
        <ele>1289.4</ele>
      </trkpt>
      <trkpt lat="37.14003" lon="-3.470903">
        <ele>1289.6</ele>
      </trkpt>
      <trkpt lat="37.14005" lon="-3.470864">
        <ele>1289.8</ele>
      </trkpt>
      <trkpt lat="37.140067" lon="-3.470824">
        <ele>1290.0</ele>
      </trkpt>
      <trkpt lat="37.140079" lon="-3.470783">
        <ele>1290.4</ele>
      </trkpt>
      <trkpt lat="37.140089" lon="-3.47074">
        <ele>1290.6</ele>
      </trkpt>
      <trkpt lat="37.140093" lon="-3.470698">
        <ele>1290.6</ele>
      </trkpt>
      <trkpt lat="37.140095" lon="-3.470654">
        <ele>1290.8</ele>
      </trkpt>
      <trkpt lat="37.140093" lon="-3.47061">
        <ele>1291.0</ele>
      </trkpt>
      <trkpt lat="37.140089" lon="-3.470565">
        <ele>1291.4</ele>
      </trkpt>
      <trkpt lat="37.140084" lon="-3.470519">
        <ele>1291.8</ele>
      </trkpt>
      <trkpt lat="37.140078" lon="-3.470473">
        <ele>1292.2</ele>
      </trkpt>
      <trkpt lat="37.140071" lon="-3.470429">
        <ele>1292.4</ele>
      </trkpt>
      <trkpt lat="37.140065" lon="-3.470385">
        <ele>1292.6</ele>
      </trkpt>
      <trkpt lat="37.140057" lon="-3.47034">
        <ele>1293.0</ele>
      </trkpt>
      <trkpt lat="37.140048" lon="-3.470296">
        <ele>1293.2</ele>
      </trkpt>
      <trkpt lat="37.140038" lon="-3.470252">
        <ele>1293.4</ele>
      </trkpt>
      <trkpt lat="37.140028" lon="-3.470208">
        <ele>1293.8</ele>
      </trkpt>
      <trkpt lat="37.140017" lon="-3.470165">
        <ele>1294.2</ele>
      </trkpt>
      <trkpt lat="37.140004" lon="-3.470123">
        <ele>1294.4</ele>
      </trkpt>
      <trkpt lat="37.13999" lon="-3.47008">
        <ele>1294.6</ele>
      </trkpt>
      <trkpt lat="37.139974" lon="-3.47004">
        <ele>1294.8</ele>
      </trkpt>
      <trkpt lat="37.139955" lon="-3.470003">
        <ele>1294.8</ele>
      </trkpt>
      <trkpt lat="37.139934" lon="-3.469965">
        <ele>1295.2</ele>
      </trkpt>
      <trkpt lat="37.139912" lon="-3.46993">
        <ele>1295.4</ele>
      </trkpt>
      <trkpt lat="37.13989" lon="-3.469895">
        <ele>1295.6</ele>
      </trkpt>
      <trkpt lat="37.139866" lon="-3.469861">
        <ele>1295.8</ele>
      </trkpt>
      <trkpt lat="37.139841" lon="-3.469827">
        <ele>1296.2</ele>
      </trkpt>
      <trkpt lat="37.139816" lon="-3.46979">
        <ele>1296.4</ele>
      </trkpt>
      <trkpt lat="37.139791" lon="-3.469752">
        <ele>1296.6</ele>
      </trkpt>
      <trkpt lat="37.139765" lon="-3.469714">
        <ele>1296.8</ele>
      </trkpt>
      <trkpt lat="37.13974" lon="-3.469674">
        <ele>1297.2</ele>
      </trkpt>
      <trkpt lat="37.139717" lon="-3.469632">
        <ele>1297.6</ele>
      </trkpt>
      <trkpt lat="37.139696" lon="-3.469587">
        <ele>1297.8</ele>
      </trkpt>
      <trkpt lat="37.139674" lon="-3.469543">
        <ele>1297.8</ele>
      </trkpt>
      <trkpt lat="37.139652" lon="-3.469499">
        <ele>1298.0</ele>
      </trkpt>
      <trkpt lat="37.139628" lon="-3.469457">
        <ele>1298.2</ele>
      </trkpt>
      <trkpt lat="37.139599" lon="-3.469419">
        <ele>1298.4</ele>
      </trkpt>
      <trkpt lat="37.139572" lon="-3.469382">
        <ele>1298.8</ele>
      </trkpt>
      <trkpt lat="37.139545" lon="-3.469346">
        <ele>1298.8</ele>
      </trkpt>
      <trkpt lat="37.139515" lon="-3.469313">
        <ele>1299.0</ele>
      </trkpt>
      <trkpt lat="37.139483" lon="-3.469285">
        <ele>1299.2</ele>
      </trkpt>
      <trkpt lat="37.139451" lon="-3.46926">
        <ele>1299.4</ele>
      </trkpt>
      <trkpt lat="37.139418" lon="-3.469233">
        <ele>1300.0</ele>
      </trkpt>
      <trkpt lat="37.139384" lon="-3.469208">
        <ele>1300.6</ele>
      </trkpt>
      <trkpt lat="37.139352" lon="-3.469184">
        <ele>1301.0</ele>
      </trkpt>
      <trkpt lat="37.139319" lon="-3.469158">
        <ele>1301.2</ele>
      </trkpt>
      <trkpt lat="37.139284" lon="-3.469136">
        <ele>1301.8</ele>
      </trkpt>
      <trkpt lat="37.139246" lon="-3.469116">
        <ele>1302.0</ele>
      </trkpt>
      <trkpt lat="37.139209" lon="-3.469097">
        <ele>1302.2</ele>
      </trkpt>
      <trkpt lat="37.139172" lon="-3.469077">
        <ele>1302.4</ele>
      </trkpt>
      <trkpt lat="37.139134" lon="-3.469056">
        <ele>1302.8</ele>
      </trkpt>
      <trkpt lat="37.139099" lon="-3.469033">
        <ele>1303.0</ele>
      </trkpt>
      <trkpt lat="37.139063" lon="-3.469009">
        <ele>1303.4</ele>
      </trkpt>
      <trkpt lat="37.139026" lon="-3.468987">
        <ele>1303.6</ele>
      </trkpt>
      <trkpt lat="37.138991" lon="-3.468964">
        <ele>1303.8</ele>
      </trkpt>
      <trkpt lat="37.138957" lon="-3.468941">
        <ele>1304.0</ele>
      </trkpt>
      <trkpt lat="37.138922" lon="-3.468918">
        <ele>1304.4</ele>
      </trkpt>
      <trkpt lat="37.138887" lon="-3.468896">
        <ele>1304.6</ele>
      </trkpt>
      <trkpt lat="37.138852" lon="-3.468876">
        <ele>1305.2</ele>
      </trkpt>
      <trkpt lat="37.138815" lon="-3.468857">
        <ele>1305.4</ele>
      </trkpt>
      <trkpt lat="37.138779" lon="-3.468841">
        <ele>1305.6</ele>
      </trkpt>
      <trkpt lat="37.138743" lon="-3.468825">
        <ele>1305.8</ele>
      </trkpt>
      <trkpt lat="37.138707" lon="-3.468812">
        <ele>1306.0</ele>
      </trkpt>
      <trkpt lat="37.138668" lon="-3.4688">
        <ele>1306.4</ele>
      </trkpt>
      <trkpt lat="37.13863" lon="-3.468792">
        <ele>1306.8</ele>
      </trkpt>
      <trkpt lat="37.138593" lon="-3.468787">
        <ele>1307.2</ele>
      </trkpt>
      <trkpt lat="37.138555" lon="-3.46878">
        <ele>1307.6</ele>
      </trkpt>
      <trkpt lat="37.138518" lon="-3.468778">
        <ele>1307.8</ele>
      </trkpt>
      <trkpt lat="37.138481" lon="-3.468775">
        <ele>1308.2</ele>
      </trkpt>
      <trkpt lat="37.138444" lon="-3.468772">
        <ele>1308.2</ele>
      </trkpt>
      <trkpt lat="37.138407" lon="-3.468765">
        <ele>1308.4</ele>
      </trkpt>
      <trkpt lat="37.138371" lon="-3.468754">
        <ele>1308.6</ele>
      </trkpt>
      <trkpt lat="37.138337" lon="-3.468742">
        <ele>1308.8</ele>
      </trkpt>
      <trkpt lat="37.138298" lon="-3.468726">
        <ele>1309.0</ele>
      </trkpt>
      <trkpt lat="37.138262" lon="-3.468708">
        <ele>1309.2</ele>
      </trkpt>
      <trkpt lat="37.138228" lon="-3.468683">
        <ele>1309.6</ele>
      </trkpt>
      <trkpt lat="37.138197" lon="-3.468654">
        <ele>1309.8</ele>
      </trkpt>
      <trkpt lat="37.138169" lon="-3.468624">
        <ele>1310.0</ele>
      </trkpt>
      <trkpt lat="37.138144" lon="-3.468592">
        <ele>1310.4</ele>
      </trkpt>
      <trkpt lat="37.138119" lon="-3.468555">
        <ele>1310.8</ele>
      </trkpt>
      <trkpt lat="37.138096" lon="-3.468516">
        <ele>1311.2</ele>
      </trkpt>
      <trkpt lat="37.138073" lon="-3.468475">
        <ele>1311.4</ele>
      </trkpt>
      <trkpt lat="37.138051" lon="-3.468434">
        <ele>1311.6</ele>
      </trkpt>
      <trkpt lat="37.13803" lon="-3.468393">
        <ele>1311.8</ele>
      </trkpt>
      <trkpt lat="37.138009" lon="-3.468351">
        <ele>1312.2</ele>
      </trkpt>
      <trkpt lat="37.137988" lon="-3.468307">
        <ele>1312.6</ele>
      </trkpt>
      <trkpt lat="37.137967" lon="-3.468263">
        <ele>1313.0</ele>
      </trkpt>
      <trkpt lat="37.137943" lon="-3.468221">
        <ele>1313.4</ele>
      </trkpt>
      <trkpt lat="37.13792" lon="-3.46818">
        <ele>1313.6</ele>
      </trkpt>
      <trkpt lat="37.1379" lon="-3.468137">
        <ele>1314.0</ele>
      </trkpt>
      <trkpt lat="37.137878" lon="-3.468096">
        <ele>1314.2</ele>
      </trkpt>
      <trkpt lat="37.137857" lon="-3.468055">
        <ele>1314.4</ele>
      </trkpt>
      <trkpt lat="37.137835" lon="-3.468015">
        <ele>1314.6</ele>
      </trkpt>
      <trkpt lat="37.137814" lon="-3.467973">
        <ele>1315.2</ele>
      </trkpt>
      <trkpt lat="37.137797" lon="-3.46793">
        <ele>1315.6</ele>
      </trkpt>
      <trkpt lat="37.137783" lon="-3.467885">
        <ele>1315.8</ele>
      </trkpt>
      <trkpt lat="37.137772" lon="-3.467838">
        <ele>1315.8</ele>
      </trkpt>
      <trkpt lat="37.137764" lon="-3.46779">
        <ele>1316.0</ele>
      </trkpt>
      <trkpt lat="37.137762" lon="-3.467738">
        <ele>1316.2</ele>
      </trkpt>
      <trkpt lat="37.137765" lon="-3.467687">
        <ele>1316.0</ele>
      </trkpt>
      <trkpt lat="37.137773" lon="-3.46764">
        <ele>1316.4</ele>
      </trkpt>
      <trkpt lat="37.137783" lon="-3.467594">
        <ele>1316.6</ele>
      </trkpt>
      <trkpt lat="37.137799" lon="-3.467547">
        <ele>1316.8</ele>
      </trkpt>
      <trkpt lat="37.137816" lon="-3.467503">
        <ele>1317.0</ele>
      </trkpt>
      <trkpt lat="37.137836" lon="-3.467463">
        <ele>1317.2</ele>
      </trkpt>
      <trkpt lat="37.137852" lon="-3.46743">
        <ele>1317.4</ele>
      </trkpt>
      <trkpt lat="37.137883" lon="-3.467392">
        <ele>1317.6</ele>
      </trkpt>
      <trkpt lat="37.137918" lon="-3.467364">
        <ele>1318.0</ele>
      </trkpt>
      <trkpt lat="37.137953" lon="-3.467342">
        <ele>1318.2</ele>
      </trkpt>
      <trkpt lat="37.137993" lon="-3.467322">
        <ele>1318.6</ele>
      </trkpt>
      <trkpt lat="37.138037" lon="-3.4673">
        <ele>1319.0</ele>
      </trkpt>
      <trkpt lat="37.13808" lon="-3.467276">
        <ele>1319.4</ele>
      </trkpt>
      <trkpt lat="37.138124" lon="-3.467256">
        <ele>1319.8</ele>
      </trkpt>
      <trkpt lat="37.138167" lon="-3.467236">
        <ele>1320.4</ele>
      </trkpt>
      <trkpt lat="37.138208" lon="-3.467216">
        <ele>1320.6</ele>
      </trkpt>
      <trkpt lat="37.138248" lon="-3.467197">
        <ele>1320.8</ele>
      </trkpt>
      <trkpt lat="37.13829" lon="-3.467177">
        <ele>1321.0</ele>
      </trkpt>
      <trkpt lat="37.13833" lon="-3.46716">
        <ele>1321.2</ele>
      </trkpt>
      <trkpt lat="37.138369" lon="-3.467143">
        <ele>1321.6</ele>
      </trkpt>
      <trkpt lat="37.138408" lon="-3.467125">
        <ele>1321.8</ele>
      </trkpt>
      <trkpt lat="37.138447" lon="-3.467109">
        <ele>1322.6</ele>
      </trkpt>
      <trkpt lat="37.138486" lon="-3.467093">
        <ele>1322.8</ele>
      </trkpt>
      <trkpt lat="37.138524" lon="-3.467076">
        <ele>1323.2</ele>
      </trkpt>
      <trkpt lat="37.138559" lon="-3.467058">
        <ele>1323.2</ele>
      </trkpt>
      <trkpt lat="37.138595" lon="-3.46704">
        <ele>1323.4</ele>
      </trkpt>
      <trkpt lat="37.138632" lon="-3.467024">
        <ele>1323.6</ele>
      </trkpt>
      <trkpt lat="37.13867" lon="-3.467008">
        <ele>1323.8</ele>
      </trkpt>
      <trkpt lat="37.138705" lon="-3.466992">
        <ele>1324.0</ele>
      </trkpt>
      <trkpt lat="37.138744" lon="-3.466973">
        <ele>1324.0</ele>
      </trkpt>
      <trkpt lat="37.138782" lon="-3.466953">
        <ele>1324.6</ele>
      </trkpt>
      <trkpt lat="37.13882" lon="-3.466934">
        <ele>1324.8</ele>
      </trkpt>
      <trkpt lat="37.138857" lon="-3.466914">
        <ele>1325.0</ele>
      </trkpt>
      <trkpt lat="37.138891" lon="-3.46689">
        <ele>1325.4</ele>
      </trkpt>
      <trkpt lat="37.138924" lon="-3.466863">
        <ele>1325.6</ele>
      </trkpt>
      <trkpt lat="37.138959" lon="-3.466832">
        <ele>1325.8</ele>
      </trkpt>
      <trkpt lat="37.138993" lon="-3.466802">
        <ele>1326.0</ele>
      </trkpt>
      <trkpt lat="37.139025" lon="-3.466773">
        <ele>1326.2</ele>
      </trkpt>
      <trkpt lat="37.139056" lon="-3.466741">
        <ele>1326.4</ele>
      </trkpt>
      <trkpt lat="37.139087" lon="-3.466706">
        <ele>1326.6</ele>
      </trkpt>
      <trkpt lat="37.139114" lon="-3.466668">
        <ele>1327.0</ele>
      </trkpt>
      <trkpt lat="37.139141" lon="-3.466631">
        <ele>1327.4</ele>
      </trkpt>
      <trkpt lat="37.139166" lon="-3.466591">
        <ele>1328.0</ele>
      </trkpt>
      <trkpt lat="37.139184" lon="-3.466546">
        <ele>1328.4</ele>
      </trkpt>
      <trkpt lat="37.139197" lon="-3.4665">
        <ele>1328.6</ele>
      </trkpt>
      <trkpt lat="37.139206" lon="-3.466454">
        <ele>1328.8</ele>
      </trkpt>
      <trkpt lat="37.139211" lon="-3.466411">
        <ele>1328.8</ele>
      </trkpt>
      <trkpt lat="37.139214" lon="-3.466368">
        <ele>1328.8</ele>
      </trkpt>
      <trkpt lat="37.139217" lon="-3.466324">
        <ele>1329.2</ele>
      </trkpt>
      <trkpt lat="37.139217" lon="-3.466279">
        <ele>1329.4</ele>
      </trkpt>
      <trkpt lat="37.13922" lon="-3.466234">
        <ele>1330.0</ele>
      </trkpt>
      <trkpt lat="37.139225" lon="-3.466189">
        <ele>1330.4</ele>
      </trkpt>
      <trkpt lat="37.139234" lon="-3.466144">
        <ele>1330.8</ele>
      </trkpt>
      <trkpt lat="37.139249" lon="-3.466101">
        <ele>1331.4</ele>
      </trkpt>
      <trkpt lat="37.139268" lon="-3.466059">
        <ele>1331.6</ele>
      </trkpt>
      <trkpt lat="37.139289" lon="-3.46602">
        <ele>1331.8</ele>
      </trkpt>
      <trkpt lat="37.139313" lon="-3.465985">
        <ele>1332.0</ele>
      </trkpt>
      <trkpt lat="37.139341" lon="-3.465951">
        <ele>1332.4</ele>
      </trkpt>
      <trkpt lat="37.139371" lon="-3.46592">
        <ele>1332.8</ele>
      </trkpt>
      <trkpt lat="37.139398" lon="-3.465892">
        <ele>1333.0</ele>
      </trkpt>
      <trkpt lat="37.139427" lon="-3.465865">
        <ele>1333.2</ele>
      </trkpt>
      <trkpt lat="37.139458" lon="-3.465839">
        <ele>1333.4</ele>
      </trkpt>
      <trkpt lat="37.139492" lon="-3.465816">
        <ele>1333.6</ele>
      </trkpt>
      <trkpt lat="37.139527" lon="-3.465795">
        <ele>1333.8</ele>
      </trkpt>
      <trkpt lat="37.139564" lon="-3.465773">
        <ele>1334.0</ele>
      </trkpt>
      <trkpt lat="37.1396" lon="-3.465749">
        <ele>1334.2</ele>
      </trkpt>
      <trkpt lat="37.139637" lon="-3.465724">
        <ele>1334.4</ele>
      </trkpt>
      <trkpt lat="37.139674" lon="-3.465697">
        <ele>1334.6</ele>
      </trkpt>
      <trkpt lat="37.139709" lon="-3.465667">
        <ele>1334.8</ele>
      </trkpt>
      <trkpt lat="37.139743" lon="-3.465634">
        <ele>1335.2</ele>
      </trkpt>
      <trkpt lat="37.139775" lon="-3.465599">
        <ele>1335.6</ele>
      </trkpt>
      <trkpt lat="37.139805" lon="-3.465563">
        <ele>1336.0</ele>
      </trkpt>
      <trkpt lat="37.139835" lon="-3.465526">
        <ele>1336.4</ele>
      </trkpt>
      <trkpt lat="37.139863" lon="-3.465491">
        <ele>1336.6</ele>
      </trkpt>
      <trkpt lat="37.139894" lon="-3.465456">
        <ele>1336.8</ele>
      </trkpt>
      <trkpt lat="37.139925" lon="-3.465423">
        <ele>1337.2</ele>
      </trkpt>
      <trkpt lat="37.139953" lon="-3.465388">
        <ele>1337.4</ele>
      </trkpt>
      <trkpt lat="37.139981" lon="-3.465353">
        <ele>1337.4</ele>
      </trkpt>
      <trkpt lat="37.140008" lon="-3.465318">
        <ele>1337.6</ele>
      </trkpt>
      <trkpt lat="37.140036" lon="-3.465281">
        <ele>1338.0</ele>
      </trkpt>
      <trkpt lat="37.140062" lon="-3.465244">
        <ele>1338.4</ele>
      </trkpt>
      <trkpt lat="37.140088" lon="-3.465207">
        <ele>1338.8</ele>
      </trkpt>
      <trkpt lat="37.140112" lon="-3.46517">
        <ele>1339.0</ele>
      </trkpt>
      <trkpt lat="37.140137" lon="-3.465133">
        <ele>1339.4</ele>
      </trkpt>
      <trkpt lat="37.140158" lon="-3.465096">
        <ele>1339.6</ele>
      </trkpt>
      <trkpt lat="37.140185" lon="-3.46506">
        <ele>1340.0</ele>
      </trkpt>
      <trkpt lat="37.140207" lon="-3.465023">
        <ele>1340.2</ele>
      </trkpt>
      <trkpt lat="37.140231" lon="-3.464988">
        <ele>1340.4</ele>
      </trkpt>
      <trkpt lat="37.140258" lon="-3.464955">
        <ele>1340.6</ele>
      </trkpt>
      <trkpt lat="37.140287" lon="-3.464921">
        <ele>1340.8</ele>
      </trkpt>
      <trkpt lat="37.140313" lon="-3.464889">
        <ele>1341.0</ele>
      </trkpt>
      <trkpt lat="37.140342" lon="-3.464858">
        <ele>1341.4</ele>
      </trkpt>
      <trkpt lat="37.140372" lon="-3.464827">
        <ele>1342.0</ele>
      </trkpt>
      <trkpt lat="37.140402" lon="-3.464796">
        <ele>1342.4</ele>
      </trkpt>
      <trkpt lat="37.140433" lon="-3.464764">
        <ele>1342.6</ele>
      </trkpt>
      <trkpt lat="37.140467" lon="-3.464731">
        <ele>1342.8</ele>
      </trkpt>
      <trkpt lat="37.1405" lon="-3.4647">
        <ele>1343.0</ele>
      </trkpt>
      <trkpt lat="37.140534" lon="-3.464669">
        <ele>1343.2</ele>
      </trkpt>
      <trkpt lat="37.140568" lon="-3.464635">
        <ele>1343.4</ele>
      </trkpt>
      <trkpt lat="37.140601" lon="-3.464601">
        <ele>1343.8</ele>
      </trkpt>
      <trkpt lat="37.140633" lon="-3.464569">
        <ele>1344.0</ele>
      </trkpt>
      <trkpt lat="37.140666" lon="-3.464536">
        <ele>1344.2</ele>
      </trkpt>
      <trkpt lat="37.140698" lon="-3.464503">
        <ele>1344.6</ele>
      </trkpt>
      <trkpt lat="37.14073" lon="-3.46447">
        <ele>1344.8</ele>
      </trkpt>
      <trkpt lat="37.140761" lon="-3.464437">
        <ele>1345.0</ele>
      </trkpt>
      <trkpt lat="37.140792" lon="-3.464404">
        <ele>1345.4</ele>
      </trkpt>
      <trkpt lat="37.140823" lon="-3.464372">
        <ele>1345.8</ele>
      </trkpt>
      <trkpt lat="37.140852" lon="-3.46434">
        <ele>1346.2</ele>
      </trkpt>
      <trkpt lat="37.14088" lon="-3.464306">
        <ele>1346.4</ele>
      </trkpt>
      <trkpt lat="37.14091" lon="-3.464271">
        <ele>1346.6</ele>
      </trkpt>
      <trkpt lat="37.140938" lon="-3.464236">
        <ele>1347.0</ele>
      </trkpt>
      <trkpt lat="37.140965" lon="-3.4642">
        <ele>1347.4</ele>
      </trkpt>
      <trkpt lat="37.140991" lon="-3.464164">
        <ele>1347.6</ele>
      </trkpt>
      <trkpt lat="37.141015" lon="-3.464127">
        <ele>1347.8</ele>
      </trkpt>
      <trkpt lat="37.141039" lon="-3.464088">
        <ele>1348.0</ele>
      </trkpt>
      <trkpt lat="37.141065" lon="-3.464051">
        <ele>1348.4</ele>
      </trkpt>
      <trkpt lat="37.141089" lon="-3.464014">
        <ele>1348.8</ele>
      </trkpt>
      <trkpt lat="37.141111" lon="-3.463975">
        <ele>1349.2</ele>
      </trkpt>
      <trkpt lat="37.141132" lon="-3.463936">
        <ele>1349.6</ele>
      </trkpt>
      <trkpt lat="37.141158" lon="-3.463893">
        <ele>1350.0</ele>
      </trkpt>
      <trkpt lat="37.14118" lon="-3.463851">
        <ele>1350.0</ele>
      </trkpt>
      <trkpt lat="37.1412" lon="-3.463808">
        <ele>1350.2</ele>
      </trkpt>
      <trkpt lat="37.14122" lon="-3.463766">
        <ele>1350.6</ele>
      </trkpt>
      <trkpt lat="37.141237" lon="-3.463724">
        <ele>1350.8</ele>
      </trkpt>
      <trkpt lat="37.141253" lon="-3.463682">
        <ele>1351.2</ele>
      </trkpt>
      <trkpt lat="37.141268" lon="-3.463638">
        <ele>1351.4</ele>
      </trkpt>
      <trkpt lat="37.141282" lon="-3.463593">
        <ele>1351.6</ele>
      </trkpt>
      <trkpt lat="37.141298" lon="-3.463549">
        <ele>1352.0</ele>
      </trkpt>
      <trkpt lat="37.141314" lon="-3.463504">
        <ele>1352.4</ele>
      </trkpt>
      <trkpt lat="37.141329" lon="-3.463457">
        <ele>1353.0</ele>
      </trkpt>
      <trkpt lat="37.14134" lon="-3.463409">
        <ele>1353.4</ele>
      </trkpt>
      <trkpt lat="37.141348" lon="-3.463362">
        <ele>1353.8</ele>
      </trkpt>
      <trkpt lat="37.141351" lon="-3.463317">
        <ele>1354.0</ele>
      </trkpt>
      <trkpt lat="37.141355" lon="-3.463271">
        <ele>1354.4</ele>
      </trkpt>
      <trkpt lat="37.141347" lon="-3.463227">
        <ele>1354.6</ele>
      </trkpt>
      <trkpt lat="37.141329" lon="-3.463185">
        <ele>1354.8</ele>
      </trkpt>
      <trkpt lat="37.141305" lon="-3.463147">
        <ele>1355.2</ele>
      </trkpt>
      <trkpt lat="37.141274" lon="-3.463115">
        <ele>1355.6</ele>
      </trkpt>
      <trkpt lat="37.141238" lon="-3.463091">
        <ele>1356.0</ele>
      </trkpt>
      <trkpt lat="37.141203" lon="-3.463073">
        <ele>1356.4</ele>
      </trkpt>
      <trkpt lat="37.141171" lon="-3.463052">
        <ele>1356.6</ele>
      </trkpt>
      <trkpt lat="37.141139" lon="-3.463031">
        <ele>1357.2</ele>
      </trkpt>
      <trkpt lat="37.141107" lon="-3.463016">
        <ele>1357.6</ele>
      </trkpt>
      <trkpt lat="37.141075" lon="-3.462998">
        <ele>1358.0</ele>
      </trkpt>
      <trkpt lat="37.141044" lon="-3.462979">
        <ele>1358.2</ele>
      </trkpt>
      <trkpt lat="37.141014" lon="-3.462953">
        <ele>1358.6</ele>
      </trkpt>
      <trkpt lat="37.140981" lon="-3.462921">
        <ele>1359.0</ele>
      </trkpt>
      <trkpt lat="37.140952" lon="-3.462889">
        <ele>1359.4</ele>
      </trkpt>
      <trkpt lat="37.140923" lon="-3.462856">
        <ele>1359.4</ele>
      </trkpt>
      <trkpt lat="37.140896" lon="-3.462822">
        <ele>1359.8</ele>
      </trkpt>
      <trkpt lat="37.140869" lon="-3.462787">
        <ele>1360.0</ele>
      </trkpt>
      <trkpt lat="37.140845" lon="-3.462748">
        <ele>1360.2</ele>
      </trkpt>
      <trkpt lat="37.140821" lon="-3.462705">
        <ele>1360.4</ele>
      </trkpt>
      <trkpt lat="37.1408" lon="-3.462662">
        <ele>1360.8</ele>
      </trkpt>
      <trkpt lat="37.140778" lon="-3.46262">
        <ele>1361.2</ele>
      </trkpt>
      <trkpt lat="37.140758" lon="-3.462575">
        <ele>1361.6</ele>
      </trkpt>
      <trkpt lat="37.140738" lon="-3.46253">
        <ele>1361.6</ele>
      </trkpt>
      <trkpt lat="37.140719" lon="-3.462486">
        <ele>1362.0</ele>
      </trkpt>
      <trkpt lat="37.1407" lon="-3.46244">
        <ele>1362.0</ele>
      </trkpt>
      <trkpt lat="37.140678" lon="-3.462394">
        <ele>1362.4</ele>
      </trkpt>
      <trkpt lat="37.140658" lon="-3.462346">
        <ele>1362.6</ele>
      </trkpt>
      <trkpt lat="37.140634" lon="-3.462302">
        <ele>1362.8</ele>
      </trkpt>
      <trkpt lat="37.140611" lon="-3.462259">
        <ele>1363.0</ele>
      </trkpt>
      <trkpt lat="37.140587" lon="-3.462218">
        <ele>1363.4</ele>
      </trkpt>
      <trkpt lat="37.140564" lon="-3.462179">
        <ele>1363.6</ele>
      </trkpt>
      <trkpt lat="37.140541" lon="-3.46214">
        <ele>1363.8</ele>
      </trkpt>
      <trkpt lat="37.140516" lon="-3.4621">
        <ele>1364.0</ele>
      </trkpt>
      <trkpt lat="37.140492" lon="-3.462061">
        <ele>1364.2</ele>
      </trkpt>
      <trkpt lat="37.140464" lon="-3.462024">
        <ele>1364.6</ele>
      </trkpt>
      <trkpt lat="37.140435" lon="-3.46199">
        <ele>1364.6</ele>
      </trkpt>
      <trkpt lat="37.140408" lon="-3.461954">
        <ele>1365.2</ele>
      </trkpt>
      <trkpt lat="37.14038" lon="-3.461918">
        <ele>1365.2</ele>
      </trkpt>
      <trkpt lat="37.140353" lon="-3.461881">
        <ele>1365.4</ele>
      </trkpt>
      <trkpt lat="37.140326" lon="-3.461845">
        <ele>1365.8</ele>
      </trkpt>
      <trkpt lat="37.140301" lon="-3.461808">
        <ele>1366.2</ele>
      </trkpt>
      <trkpt lat="37.140276" lon="-3.461768">
        <ele>1366.2</ele>
      </trkpt>
      <trkpt lat="37.140251" lon="-3.46173">
        <ele>1366.6</ele>
      </trkpt>
      <trkpt lat="37.140225" lon="-3.461691">
        <ele>1366.8</ele>
      </trkpt>
      <trkpt lat="37.140201" lon="-3.461653">
        <ele>1367.2</ele>
      </trkpt>
      <trkpt lat="37.140176" lon="-3.461616">
        <ele>1367.4</ele>
      </trkpt>
      <trkpt lat="37.140152" lon="-3.46158">
        <ele>1367.6</ele>
      </trkpt>
      <trkpt lat="37.140132" lon="-3.461541">
        <ele>1367.8</ele>
      </trkpt>
      <trkpt lat="37.140113" lon="-3.4615">
        <ele>1368.2</ele>
      </trkpt>
      <trkpt lat="37.140095" lon="-3.461459">
        <ele>1368.4</ele>
      </trkpt>
      <trkpt lat="37.140081" lon="-3.461416">
        <ele>1368.6</ele>
      </trkpt>
      <trkpt lat="37.140069" lon="-3.461372">
        <ele>1369.0</ele>
      </trkpt>
      <trkpt lat="37.140056" lon="-3.461327">
        <ele>1369.4</ele>
      </trkpt>
      <trkpt lat="37.140046" lon="-3.46128">
        <ele>1369.6</ele>
      </trkpt>
      <trkpt lat="37.140039" lon="-3.461231">
        <ele>1370.0</ele>
      </trkpt>
      <trkpt lat="37.14003" lon="-3.461183">
        <ele>1370.2</ele>
      </trkpt>
      <trkpt lat="37.140021" lon="-3.461136">
        <ele>1370.4</ele>
      </trkpt>
      <trkpt lat="37.14001" lon="-3.46109">
        <ele>1370.8</ele>
      </trkpt>
      <trkpt lat="37.139999" lon="-3.461044">
        <ele>1371.0</ele>
      </trkpt>
      <trkpt lat="37.13999" lon="-3.460999">
        <ele>1371.4</ele>
      </trkpt>
      <trkpt lat="37.139979" lon="-3.460956">
        <ele>1371.8</ele>
      </trkpt>
      <trkpt lat="37.13996" lon="-3.460918">
        <ele>1372.2</ele>
      </trkpt>
      <trkpt lat="37.139939" lon="-3.460882">
        <ele>1372.4</ele>
      </trkpt>
      <trkpt lat="37.13992" lon="-3.460845">
        <ele>1372.6</ele>
      </trkpt>
      <trkpt lat="37.139899" lon="-3.460808">
        <ele>1372.6</ele>
      </trkpt>
      <trkpt lat="37.13987" lon="-3.460778">
        <ele>1373.0</ele>
      </trkpt>
      <trkpt lat="37.13984" lon="-3.46075">
        <ele>1373.4</ele>
      </trkpt>
      <trkpt lat="37.139809" lon="-3.460724">
        <ele>1373.8</ele>
      </trkpt>
      <trkpt lat="37.139778" lon="-3.460699">
        <ele>1374.2</ele>
      </trkpt>
      <trkpt lat="37.139746" lon="-3.460673">
        <ele>1374.6</ele>
      </trkpt>
      <trkpt lat="37.139715" lon="-3.460646">
        <ele>1374.8</ele>
      </trkpt>
      <trkpt lat="37.139683" lon="-3.460621">
        <ele>1375.0</ele>
      </trkpt>
      <trkpt lat="37.139652" lon="-3.460594">
        <ele>1375.0</ele>
      </trkpt>
      <trkpt lat="37.139624" lon="-3.460566">
        <ele>1375.2</ele>
      </trkpt>
      <trkpt lat="37.139596" lon="-3.460537">
        <ele>1375.6</ele>
      </trkpt>
      <trkpt lat="37.139567" lon="-3.460509">
        <ele>1375.8</ele>
      </trkpt>
      <trkpt lat="37.139536" lon="-3.460484">
        <ele>1376.0</ele>
      </trkpt>
      <trkpt lat="37.139505" lon="-3.460458">
        <ele>1376.2</ele>
      </trkpt>
      <trkpt lat="37.139469" lon="-3.460438">
        <ele>1376.6</ele>
      </trkpt>
      <trkpt lat="37.139435" lon="-3.460423">
        <ele>1377.0</ele>
      </trkpt>
      <trkpt lat="37.139401" lon="-3.460419">
        <ele>1377.2</ele>
      </trkpt>
      <trkpt lat="37.139368" lon="-3.460424">
        <ele>1377.4</ele>
      </trkpt>
      <trkpt lat="37.139334" lon="-3.460436">
        <ele>1377.8</ele>
      </trkpt>
      <trkpt lat="37.139299" lon="-3.460452">
        <ele>1378.2</ele>
      </trkpt>
      <trkpt lat="37.139265" lon="-3.460472">
        <ele>1378.6</ele>
      </trkpt>
      <trkpt lat="37.139235" lon="-3.460499">
        <ele>1378.8</ele>
      </trkpt>
      <trkpt lat="37.139203" lon="-3.460527">
        <ele>1379.0</ele>
      </trkpt>
      <trkpt lat="37.139172" lon="-3.460557">
        <ele>1379.2</ele>
      </trkpt>
      <trkpt lat="37.139141" lon="-3.460588">
        <ele>1379.6</ele>
      </trkpt>
      <trkpt lat="37.139113" lon="-3.460622">
        <ele>1380.0</ele>
      </trkpt>
      <trkpt lat="37.139088" lon="-3.460657">
        <ele>1380.0</ele>
      </trkpt>
      <trkpt lat="37.139062" lon="-3.460693">
        <ele>1380.2</ele>
      </trkpt>
      <trkpt lat="37.139038" lon="-3.460732">
        <ele>1380.6</ele>
      </trkpt>
      <trkpt lat="37.139016" lon="-3.460773">
        <ele>1381.2</ele>
      </trkpt>
      <trkpt lat="37.138991" lon="-3.460812">
        <ele>1381.4</ele>
      </trkpt>
      <trkpt lat="37.138964" lon="-3.460848">
        <ele>1381.6</ele>
      </trkpt>
      <trkpt lat="37.138931" lon="-3.46088">
        <ele>1381.8</ele>
      </trkpt>
      <trkpt lat="37.138896" lon="-3.460907">
        <ele>1382.2</ele>
      </trkpt>
      <trkpt lat="37.138857" lon="-3.460924">
        <ele>1382.4</ele>
      </trkpt>
      <trkpt lat="37.138814" lon="-3.460933">
        <ele>1382.4</ele>
      </trkpt>
      <trkpt lat="37.138769" lon="-3.460931">
        <ele>1382.6</ele>
      </trkpt>
      <trkpt lat="37.138724" lon="-3.460921">
        <ele>1382.8</ele>
      </trkpt>
      <trkpt lat="37.138678" lon="-3.4609">
        <ele>1383.0</ele>
      </trkpt>
      <trkpt lat="37.138637" lon="-3.460872">
        <ele>1383.0</ele>
      </trkpt>
      <trkpt lat="37.138604" lon="-3.460836">
        <ele>1383.0</ele>
      </trkpt>
      <trkpt lat="37.138572" lon="-3.460796">
        <ele>1383.2</ele>
      </trkpt>
      <trkpt lat="37.138542" lon="-3.460749">
        <ele>1383.2</ele>
      </trkpt>
      <trkpt lat="37.138517" lon="-3.460698">
        <ele>1383.6</ele>
      </trkpt>
      <trkpt lat="37.138496" lon="-3.460643">
        <ele>1383.8</ele>
      </trkpt>
      <trkpt lat="37.138477" lon="-3.46059">
        <ele>1384.4</ele>
      </trkpt>
      <trkpt lat="37.138461" lon="-3.46054">
        <ele>1384.8</ele>
      </trkpt>
      <trkpt lat="37.13845" lon="-3.460492">
        <ele>1385.2</ele>
      </trkpt>
      <trkpt lat="37.138445" lon="-3.460447">
        <ele>1385.8</ele>
      </trkpt>
      <trkpt lat="37.138446" lon="-3.460401">
        <ele>1386.4</ele>
      </trkpt>
      <trkpt lat="37.138448" lon="-3.460351">
        <ele>1386.8</ele>
      </trkpt>
      <trkpt lat="37.13845" lon="-3.460302">
        <ele>1387.0</ele>
      </trkpt>
      <trkpt lat="37.138456" lon="-3.460245">
        <ele>1387.2</ele>
      </trkpt>
      <trkpt lat="37.13846" lon="-3.460189">
        <ele>1387.4</ele>
      </trkpt>
      <trkpt lat="37.138463" lon="-3.460136">
        <ele>1387.6</ele>
      </trkpt>
      <trkpt lat="37.138468" lon="-3.460081">
        <ele>1388.0</ele>
      </trkpt>
      <trkpt lat="37.138469" lon="-3.460026">
        <ele>1388.2</ele>
      </trkpt>
      <trkpt lat="37.138467" lon="-3.459973">
        <ele>1388.6</ele>
      </trkpt>
      <trkpt lat="37.138468" lon="-3.459919">
        <ele>1388.8</ele>
      </trkpt>
      <trkpt lat="37.138468" lon="-3.459866">
        <ele>1389.2</ele>
      </trkpt>
      <trkpt lat="37.138466" lon="-3.459815">
        <ele>1389.4</ele>
      </trkpt>
      <trkpt lat="37.138464" lon="-3.459762">
        <ele>1389.6</ele>
      </trkpt>
      <trkpt lat="37.138462" lon="-3.459708">
        <ele>1389.6</ele>
      </trkpt>
      <trkpt lat="37.138459" lon="-3.459655">
        <ele>1390.0</ele>
      </trkpt>
      <trkpt lat="37.138456" lon="-3.459602">
        <ele>1390.2</ele>
      </trkpt>
      <trkpt lat="37.138454" lon="-3.459546">
        <ele>1390.6</ele>
      </trkpt>
      <trkpt lat="37.138449" lon="-3.459489">
        <ele>1391.2</ele>
      </trkpt>
      <trkpt lat="37.138445" lon="-3.459434">
        <ele>1391.6</ele>
      </trkpt>
      <trkpt lat="37.138446" lon="-3.459377">
        <ele>1391.8</ele>
      </trkpt>
      <trkpt lat="37.13845" lon="-3.459321">
        <ele>1392.2</ele>
      </trkpt>
      <trkpt lat="37.138456" lon="-3.459269">
        <ele>1392.6</ele>
      </trkpt>
      <trkpt lat="37.138476" lon="-3.459214">
        <ele>1392.8</ele>
      </trkpt>
      <trkpt lat="37.138499" lon="-3.459166">
        <ele>1393.0</ele>
      </trkpt>
      <trkpt lat="37.138521" lon="-3.459121">
        <ele>1393.2</ele>
      </trkpt>
      <trkpt lat="37.138543" lon="-3.459079">
        <ele>1393.4</ele>
      </trkpt>
      <trkpt lat="37.138567" lon="-3.459033">
        <ele>1393.4</ele>
      </trkpt>
      <trkpt lat="37.138586" lon="-3.458987">
        <ele>1393.8</ele>
      </trkpt>
      <trkpt lat="37.138605" lon="-3.45894">
        <ele>1394.2</ele>
      </trkpt>
      <trkpt lat="37.138628" lon="-3.458892">
        <ele>1394.4</ele>
      </trkpt>
      <trkpt lat="37.13865" lon="-3.458848">
        <ele>1394.8</ele>
      </trkpt>
      <trkpt lat="37.138671" lon="-3.458803">
        <ele>1395.0</ele>
      </trkpt>
      <trkpt lat="37.138689" lon="-3.458758">
        <ele>1395.4</ele>
      </trkpt>
      <trkpt lat="37.138705" lon="-3.458713">
        <ele>1395.8</ele>
      </trkpt>
      <trkpt lat="37.138724" lon="-3.458663">
        <ele>1396.0</ele>
      </trkpt>
      <trkpt lat="37.138745" lon="-3.458608">
        <ele>1396.4</ele>
      </trkpt>
      <trkpt lat="37.138763" lon="-3.458554">
        <ele>1396.6</ele>
      </trkpt>
      <trkpt lat="37.138774" lon="-3.458502">
        <ele>1396.8</ele>
      </trkpt>
      <trkpt lat="37.138785" lon="-3.45845">
        <ele>1397.2</ele>
      </trkpt>
      <trkpt lat="37.138794" lon="-3.458398">
        <ele>1397.4</ele>
      </trkpt>
      <trkpt lat="37.138803" lon="-3.458345">
        <ele>1397.8</ele>
      </trkpt>
      <trkpt lat="37.138809" lon="-3.458293">
        <ele>1398.4</ele>
      </trkpt>
      <trkpt lat="37.138816" lon="-3.458239">
        <ele>1398.6</ele>
      </trkpt>
      <trkpt lat="37.138823" lon="-3.458184">
        <ele>1399.0</ele>
      </trkpt>
      <trkpt lat="37.138829" lon="-3.45813">
        <ele>1399.4</ele>
      </trkpt>
      <trkpt lat="37.138833" lon="-3.458073">
        <ele>1399.6</ele>
      </trkpt>
      <trkpt lat="37.138836" lon="-3.45802">
        <ele>1400.0</ele>
      </trkpt>
      <trkpt lat="37.138842" lon="-3.457966">
        <ele>1400.2</ele>
      </trkpt>
      <trkpt lat="37.138848" lon="-3.45791">
        <ele>1400.6</ele>
      </trkpt>
      <trkpt lat="37.138854" lon="-3.457857">
        <ele>1401.0</ele>
      </trkpt>
      <trkpt lat="37.138861" lon="-3.457804">
        <ele>1401.4</ele>
      </trkpt>
      <trkpt lat="37.138869" lon="-3.457751">
        <ele>1401.8</ele>
      </trkpt>
      <trkpt lat="37.138876" lon="-3.457696">
        <ele>1402.2</ele>
      </trkpt>
      <trkpt lat="37.138889" lon="-3.457642">
        <ele>1402.4</ele>
      </trkpt>
      <trkpt lat="37.138902" lon="-3.457588">
        <ele>1402.6</ele>
      </trkpt>
      <trkpt lat="37.138914" lon="-3.457535">
        <ele>1402.8</ele>
      </trkpt>
      <trkpt lat="37.138928" lon="-3.457481">
        <ele>1403.0</ele>
      </trkpt>
      <trkpt lat="37.138944" lon="-3.457428">
        <ele>1403.2</ele>
      </trkpt>
      <trkpt lat="37.138961" lon="-3.457377">
        <ele>1403.4</ele>
      </trkpt>
      <trkpt lat="37.138979" lon="-3.457327">
        <ele>1404.0</ele>
      </trkpt>
      <trkpt lat="37.139" lon="-3.457276">
        <ele>1404.6</ele>
      </trkpt>
      <trkpt lat="37.139021" lon="-3.457226">
        <ele>1404.8</ele>
      </trkpt>
      <trkpt lat="37.139041" lon="-3.457176">
        <ele>1405.0</ele>
      </trkpt>
      <trkpt lat="37.139061" lon="-3.457127">
        <ele>1405.2</ele>
      </trkpt>
      <trkpt lat="37.139073" lon="-3.457076">
        <ele>1405.6</ele>
      </trkpt>
      <trkpt lat="37.139084" lon="-3.457023">
        <ele>1405.8</ele>
      </trkpt>
      <trkpt lat="37.139087" lon="-3.456967">
        <ele>1406.0</ele>
      </trkpt>
      <trkpt lat="37.139082" lon="-3.456912">
        <ele>1406.4</ele>
      </trkpt>
      <trkpt lat="37.13907" lon="-3.456859">
        <ele>1406.8</ele>
      </trkpt>
      <trkpt lat="37.139048" lon="-3.45681">
        <ele>1407.0</ele>
      </trkpt>
      <trkpt lat="37.139018" lon="-3.456767">
        <ele>1407.4</ele>
      </trkpt>
      <trkpt lat="37.138979" lon="-3.456735">
        <ele>1407.6</ele>
      </trkpt>
      <trkpt lat="37.138935" lon="-3.456711">
        <ele>1407.8</ele>
      </trkpt>
      <trkpt lat="37.138887" lon="-3.456692">
        <ele>1408.0</ele>
      </trkpt>
      <trkpt lat="37.138837" lon="-3.456676">
        <ele>1408.2</ele>
      </trkpt>
      <trkpt lat="37.138786" lon="-3.456664">
        <ele>1408.4</ele>
      </trkpt>
      <trkpt lat="37.138731" lon="-3.456655">
        <ele>1408.2</ele>
      </trkpt>
      <trkpt lat="37.138675" lon="-3.456649">
        <ele>1408.0</ele>
      </trkpt>
      <trkpt lat="37.138616" lon="-3.456644">
        <ele>1407.6</ele>
      </trkpt>
      <trkpt lat="37.138556" lon="-3.456639">
        <ele>1407.6</ele>
      </trkpt>
      <trkpt lat="37.138495" lon="-3.456634">
        <ele>1407.6</ele>
      </trkpt>
      <trkpt lat="37.138432" lon="-3.456632">
        <ele>1407.6</ele>
      </trkpt>
      <trkpt lat="37.138372" lon="-3.456638">
        <ele>1407.6</ele>
      </trkpt>
      <trkpt lat="37.138313" lon="-3.456654">
        <ele>1407.6</ele>
      </trkpt>
      <trkpt lat="37.138255" lon="-3.45668">
        <ele>1407.8</ele>
      </trkpt>
      <trkpt lat="37.138201" lon="-3.456715">
        <ele>1408.0</ele>
      </trkpt>
      <trkpt lat="37.138151" lon="-3.456756">
        <ele>1408.6</ele>
      </trkpt>
      <trkpt lat="37.138106" lon="-3.456799">
        <ele>1409.0</ele>
      </trkpt>
      <trkpt lat="37.138061" lon="-3.45684">
        <ele>1409.2</ele>
      </trkpt>
      <trkpt lat="37.138019" lon="-3.456879">
        <ele>1409.4</ele>
      </trkpt>
      <trkpt lat="37.137979" lon="-3.456918">
        <ele>1410.0</ele>
      </trkpt>
      <trkpt lat="37.137939" lon="-3.456955">
        <ele>1410.6</ele>
      </trkpt>
      <trkpt lat="37.137901" lon="-3.456992">
        <ele>1411.0</ele>
      </trkpt>
      <trkpt lat="37.137863" lon="-3.457026">
        <ele>1411.4</ele>
      </trkpt>
      <trkpt lat="37.137824" lon="-3.457061">
        <ele>1411.8</ele>
      </trkpt>
      <trkpt lat="37.137786" lon="-3.457098">
        <ele>1412.4</ele>
      </trkpt>
      <trkpt lat="37.137748" lon="-3.457135">
        <ele>1412.6</ele>
      </trkpt>
      <trkpt lat="37.137711" lon="-3.457169">
        <ele>1413.0</ele>
      </trkpt>
      <trkpt lat="37.137676" lon="-3.457204">
        <ele>1413.2</ele>
      </trkpt>
      <trkpt lat="37.137641" lon="-3.457241">
        <ele>1413.4</ele>
      </trkpt>
      <trkpt lat="37.137605" lon="-3.457275">
        <ele>1413.8</ele>
      </trkpt>
      <trkpt lat="37.137569" lon="-3.457309">
        <ele>1414.2</ele>
      </trkpt>
      <trkpt lat="37.137535" lon="-3.457342">
        <ele>1414.4</ele>
      </trkpt>
      <trkpt lat="37.137499" lon="-3.457372">
        <ele>1414.6</ele>
      </trkpt>
      <trkpt lat="37.137457" lon="-3.457401">
        <ele>1414.8</ele>
      </trkpt>
      <trkpt lat="37.137418" lon="-3.457431">
        <ele>1415.2</ele>
      </trkpt>
      <trkpt lat="37.137375" lon="-3.457457">
        <ele>1415.4</ele>
      </trkpt>
      <trkpt lat="37.137333" lon="-3.457483">
        <ele>1415.8</ele>
      </trkpt>
      <trkpt lat="37.137291" lon="-3.457506">
        <ele>1416.2</ele>
      </trkpt>
      <trkpt lat="37.137248" lon="-3.457528">
        <ele>1416.4</ele>
      </trkpt>
      <trkpt lat="37.137204" lon="-3.457546">
        <ele>1416.8</ele>
      </trkpt>
      <trkpt lat="37.137162" lon="-3.457561">
        <ele>1417.2</ele>
      </trkpt>
      <trkpt lat="37.137116" lon="-3.45757">
        <ele>1417.6</ele>
      </trkpt>
      <trkpt lat="37.137072" lon="-3.457579">
        <ele>1417.8</ele>
      </trkpt>
      <trkpt lat="37.137026" lon="-3.457586">
        <ele>1418.0</ele>
      </trkpt>
      <trkpt lat="37.136982" lon="-3.457594">
        <ele>1418.2</ele>
      </trkpt>
      <trkpt lat="37.136937" lon="-3.4576">
        <ele>1418.4</ele>
      </trkpt>
      <trkpt lat="37.136891" lon="-3.457605">
        <ele>1418.2</ele>
      </trkpt>
      <trkpt lat="37.136848" lon="-3.457613">
        <ele>1418.4</ele>
      </trkpt>
      <trkpt lat="37.136805" lon="-3.457622">
        <ele>1418.6</ele>
      </trkpt>
      <trkpt lat="37.13676" lon="-3.457628">
        <ele>1419.0</ele>
      </trkpt>
      <trkpt lat="37.136716" lon="-3.457634">
        <ele>1419.6</ele>
      </trkpt>
      <trkpt lat="37.136671" lon="-3.457635">
        <ele>1419.8</ele>
      </trkpt>
      <trkpt lat="37.136627" lon="-3.457637">
        <ele>1420.2</ele>
      </trkpt>
      <trkpt lat="37.136584" lon="-3.457638">
        <ele>1420.4</ele>
      </trkpt>
      <trkpt lat="37.13654" lon="-3.457641">
        <ele>1420.6</ele>
      </trkpt>
      <trkpt lat="37.136495" lon="-3.457642">
        <ele>1420.8</ele>
      </trkpt>
      <trkpt lat="37.13645" lon="-3.457644">
        <ele>1421.2</ele>
      </trkpt>
      <trkpt lat="37.136408" lon="-3.457645">
        <ele>1421.6</ele>
      </trkpt>
      <trkpt lat="37.13637" lon="-3.45765">
        <ele>1422.0</ele>
      </trkpt>
      <trkpt lat="37.136331" lon="-3.457653">
        <ele>1422.4</ele>
      </trkpt>
      <trkpt lat="37.136292" lon="-3.457654">
        <ele>1423.0</ele>
      </trkpt>
      <trkpt lat="37.136254" lon="-3.457658">
        <ele>1423.4</ele>
      </trkpt>
      <trkpt lat="37.136217" lon="-3.457663">
        <ele>1423.6</ele>
      </trkpt>
      <trkpt lat="37.136183" lon="-3.457667">
        <ele>1423.6</ele>
      </trkpt>
      <trkpt lat="37.13615" lon="-3.457667">
        <ele>1423.8</ele>
      </trkpt>
      <trkpt lat="37.136118" lon="-3.457667">
        <ele>1424.2</ele>
      </trkpt>
      <trkpt lat="37.136082" lon="-3.457664">
        <ele>1424.4</ele>
      </trkpt>
      <trkpt lat="37.136045" lon="-3.457661">
        <ele>1424.8</ele>
      </trkpt>
      <trkpt lat="37.136008" lon="-3.457661">
        <ele>1425.2</ele>
      </trkpt>
      <trkpt lat="37.135972" lon="-3.457655">
        <ele>1425.4</ele>
      </trkpt>
      <trkpt lat="37.135937" lon="-3.457647">
        <ele>1425.8</ele>
      </trkpt>
      <trkpt lat="37.135899" lon="-3.457633">
        <ele>1426.0</ele>
      </trkpt>
      <trkpt lat="37.135864" lon="-3.457618">
        <ele>1426.2</ele>
      </trkpt>
      <trkpt lat="37.135826" lon="-3.457595">
        <ele>1426.4</ele>
      </trkpt>
      <trkpt lat="37.135791" lon="-3.457571">
        <ele>1426.4</ele>
      </trkpt>
      <trkpt lat="37.135756" lon="-3.457547">
        <ele>1426.4</ele>
      </trkpt>
      <trkpt lat="37.135721" lon="-3.457516">
        <ele>1426.4</ele>
      </trkpt>
      <trkpt lat="37.13569" lon="-3.457483">
        <ele>1427.0</ele>
      </trkpt>
      <trkpt lat="37.135664" lon="-3.457443">
        <ele>1427.2</ele>
      </trkpt>
      <trkpt lat="37.135642" lon="-3.457403">
        <ele>1427.6</ele>
      </trkpt>
      <trkpt lat="37.135623" lon="-3.457353">
        <ele>1428.2</ele>
      </trkpt>
      <trkpt lat="37.135607" lon="-3.457301">
        <ele>1428.6</ele>
      </trkpt>
      <trkpt lat="37.135596" lon="-3.457248">
        <ele>1429.0</ele>
      </trkpt>
      <trkpt lat="37.135588" lon="-3.457196">
        <ele>1429.0</ele>
      </trkpt>
      <trkpt lat="37.135586" lon="-3.457143">
        <ele>1429.2</ele>
      </trkpt>
      <trkpt lat="37.135588" lon="-3.457092">
        <ele>1429.4</ele>
      </trkpt>
      <trkpt lat="37.135594" lon="-3.457042">
        <ele>1429.4</ele>
      </trkpt>
      <trkpt lat="37.135605" lon="-3.456994">
        <ele>1429.6</ele>
      </trkpt>
      <trkpt lat="37.135615" lon="-3.456943">
        <ele>1429.8</ele>
      </trkpt>
      <trkpt lat="37.135624" lon="-3.456893">
        <ele>1430.0</ele>
      </trkpt>
      <trkpt lat="37.135634" lon="-3.456842">
        <ele>1430.2</ele>
      </trkpt>
      <trkpt lat="37.135643" lon="-3.456795">
        <ele>1430.4</ele>
      </trkpt>
      <trkpt lat="37.135656" lon="-3.456744">
        <ele>1430.6</ele>
      </trkpt>
      <trkpt lat="37.135669" lon="-3.456692">
        <ele>1431.0</ele>
      </trkpt>
      <trkpt lat="37.135685" lon="-3.456642">
        <ele>1431.6</ele>
      </trkpt>
      <trkpt lat="37.135699" lon="-3.456592">
        <ele>1432.0</ele>
      </trkpt>
      <trkpt lat="37.135713" lon="-3.45654">
        <ele>1432.2</ele>
      </trkpt>
      <trkpt lat="37.135728" lon="-3.456489">
        <ele>1432.6</ele>
      </trkpt>
      <trkpt lat="37.135741" lon="-3.456437">
        <ele>1433.0</ele>
      </trkpt>
      <trkpt lat="37.135752" lon="-3.456385">
        <ele>1433.4</ele>
      </trkpt>
      <trkpt lat="37.135763" lon="-3.456335">
        <ele>1433.6</ele>
      </trkpt>
      <trkpt lat="37.13577" lon="-3.456285">
        <ele>1433.8</ele>
      </trkpt>
      <trkpt lat="37.135784" lon="-3.456233">
        <ele>1434.2</ele>
      </trkpt>
      <trkpt lat="37.135796" lon="-3.456182">
        <ele>1434.6</ele>
      </trkpt>
      <trkpt lat="37.135809" lon="-3.456132">
        <ele>1435.2</ele>
      </trkpt>
      <trkpt lat="37.13582" lon="-3.456082">
        <ele>1435.6</ele>
      </trkpt>
      <trkpt lat="37.13583" lon="-3.456034">
        <ele>1436.0</ele>
      </trkpt>
      <trkpt lat="37.135841" lon="-3.455983">
        <ele>1436.2</ele>
      </trkpt>
      <trkpt lat="37.135854" lon="-3.455936">
        <ele>1436.6</ele>
      </trkpt>
      <trkpt lat="37.135865" lon="-3.455887">
        <ele>1436.8</ele>
      </trkpt>
      <trkpt lat="37.135875" lon="-3.455839">
        <ele>1437.2</ele>
      </trkpt>
      <trkpt lat="37.135885" lon="-3.455789">
        <ele>1437.4</ele>
      </trkpt>
      <trkpt lat="37.135899" lon="-3.455739">
        <ele>1437.6</ele>
      </trkpt>
      <trkpt lat="37.135912" lon="-3.455689">
        <ele>1437.8</ele>
      </trkpt>
      <trkpt lat="37.135924" lon="-3.455638">
        <ele>1438.0</ele>
      </trkpt>
      <trkpt lat="37.135936" lon="-3.455586">
        <ele>1438.4</ele>
      </trkpt>
      <trkpt lat="37.13595" lon="-3.455533">
        <ele>1438.6</ele>
      </trkpt>
      <trkpt lat="37.135962" lon="-3.455485">
        <ele>1439.0</ele>
      </trkpt>
      <trkpt lat="37.135976" lon="-3.455433">
        <ele>1439.4</ele>
      </trkpt>
      <trkpt lat="37.13599" lon="-3.455381">
        <ele>1439.8</ele>
      </trkpt>
      <trkpt lat="37.136006" lon="-3.455329">
        <ele>1440.0</ele>
      </trkpt>
      <trkpt lat="37.13602" lon="-3.455275">
        <ele>1440.4</ele>
      </trkpt>
      <trkpt lat="37.136034" lon="-3.455223">
        <ele>1440.6</ele>
      </trkpt>
      <trkpt lat="37.13605" lon="-3.455171">
        <ele>1440.8</ele>
      </trkpt>
      <trkpt lat="37.136067" lon="-3.455119">
        <ele>1441.2</ele>
      </trkpt>
      <trkpt lat="37.136081" lon="-3.455069">
        <ele>1441.4</ele>
      </trkpt>
      <trkpt lat="37.136097" lon="-3.455017">
        <ele>1441.8</ele>
      </trkpt>
      <trkpt lat="37.136114" lon="-3.454967">
        <ele>1442.2</ele>
      </trkpt>
      <trkpt lat="37.136132" lon="-3.454915">
        <ele>1442.6</ele>
      </trkpt>
      <trkpt lat="37.136148" lon="-3.454864">
        <ele>1443.0</ele>
      </trkpt>
      <trkpt lat="37.136162" lon="-3.454813">
        <ele>1443.4</ele>
      </trkpt>
      <trkpt lat="37.136177" lon="-3.454762">
        <ele>1443.6</ele>
      </trkpt>
      <trkpt lat="37.136191" lon="-3.454712">
        <ele>1443.8</ele>
      </trkpt>
      <trkpt lat="37.136206" lon="-3.454663">
        <ele>1444.0</ele>
      </trkpt>
      <trkpt lat="37.136222" lon="-3.454612">
        <ele>1444.4</ele>
      </trkpt>
      <trkpt lat="37.136238" lon="-3.454562">
        <ele>1444.4</ele>
      </trkpt>
      <trkpt lat="37.136255" lon="-3.454512">
        <ele>1444.6</ele>
      </trkpt>
      <trkpt lat="37.136274" lon="-3.454462">
        <ele>1444.8</ele>
      </trkpt>
      <trkpt lat="37.136295" lon="-3.454416">
        <ele>1445.0</ele>
      </trkpt>
      <trkpt lat="37.136315" lon="-3.454367">
        <ele>1445.4</ele>
      </trkpt>
      <trkpt lat="37.136336" lon="-3.454317">
        <ele>1446.0</ele>
      </trkpt>
      <trkpt lat="37.136357" lon="-3.454268">
        <ele>1446.4</ele>
      </trkpt>
      <trkpt lat="37.136375" lon="-3.454221">
        <ele>1446.8</ele>
      </trkpt>
      <trkpt lat="37.136392" lon="-3.454173">
        <ele>1447.2</ele>
      </trkpt>
      <trkpt lat="37.136411" lon="-3.454124">
        <ele>1447.6</ele>
      </trkpt>
      <trkpt lat="37.136423" lon="-3.454073">
        <ele>1448.0</ele>
      </trkpt>
      <trkpt lat="37.13643" lon="-3.454023">
        <ele>1448.4</ele>
      </trkpt>
      <trkpt lat="37.136435" lon="-3.453972">
        <ele>1449.0</ele>
      </trkpt>
      <trkpt lat="37.136444" lon="-3.453922">
        <ele>1449.2</ele>
      </trkpt>
      <trkpt lat="37.13644" lon="-3.453871">
        <ele>1449.4</ele>
      </trkpt>
      <trkpt lat="37.136423" lon="-3.453823">
        <ele>1449.6</ele>
      </trkpt>
      <trkpt lat="37.136395" lon="-3.453782">
        <ele>1449.8</ele>
      </trkpt>
      <trkpt lat="37.136361" lon="-3.453753">
        <ele>1450.2</ele>
      </trkpt>
      <trkpt lat="37.136323" lon="-3.453731">
        <ele>1450.4</ele>
      </trkpt>
      <trkpt lat="37.136284" lon="-3.453715">
        <ele>1450.8</ele>
      </trkpt>
      <trkpt lat="37.136245" lon="-3.453703">
        <ele>1451.2</ele>
      </trkpt>
      <trkpt lat="37.136202" lon="-3.453688">
        <ele>1451.4</ele>
      </trkpt>
      <trkpt lat="37.136155" lon="-3.45367">
        <ele>1451.6</ele>
      </trkpt>
      <trkpt lat="37.136104" lon="-3.453653">
        <ele>1451.8</ele>
      </trkpt>
      <trkpt lat="37.136044" lon="-3.453629">
        <ele>1451.8</ele>
      </trkpt>
      <trkpt lat="37.135983" lon="-3.453606">
        <ele>1451.8</ele>
      </trkpt>
      <trkpt lat="37.135921" lon="-3.453581">
        <ele>1451.8</ele>
      </trkpt>
      <trkpt lat="37.135859" lon="-3.453554">
        <ele>1451.8</ele>
      </trkpt>
      <trkpt lat="37.135797" lon="-3.453522">
        <ele>1451.6</ele>
      </trkpt>
      <trkpt lat="37.135733" lon="-3.453483">
        <ele>1451.4</ele>
      </trkpt>
      <trkpt lat="37.135675" lon="-3.45343">
        <ele>1450.8</ele>
      </trkpt>
      <trkpt lat="37.135622" lon="-3.453366">
        <ele>1450.4</ele>
      </trkpt>
      <trkpt lat="37.135575" lon="-3.453292">
        <ele>1450.0</ele>
      </trkpt>
      <trkpt lat="37.135539" lon="-3.453207">
        <ele>1449.8</ele>
      </trkpt>
      <trkpt lat="37.135509" lon="-3.453121">
        <ele>1449.6</ele>
      </trkpt>
      <trkpt lat="37.135482" lon="-3.453025">
        <ele>1449.4</ele>
      </trkpt>
      <trkpt lat="37.13546" lon="-3.45293">
        <ele>1449.4</ele>
      </trkpt>
      <trkpt lat="37.135431" lon="-3.452833">
        <ele>1449.0</ele>
      </trkpt>
      <trkpt lat="37.135393" lon="-3.452738">
        <ele>1448.8</ele>
      </trkpt>
      <trkpt lat="37.13534" lon="-3.452648">
        <ele>1448.6</ele>
      </trkpt>
      <trkpt lat="37.13528" lon="-3.452562">
        <ele>1448.2</ele>
      </trkpt>
      <trkpt lat="37.135219" lon="-3.452475">
        <ele>1447.6</ele>
      </trkpt>
      <trkpt lat="37.135158" lon="-3.452383">
        <ele>1446.8</ele>
      </trkpt>
      <trkpt lat="37.135102" lon="-3.452279">
        <ele>1446.4</ele>
      </trkpt>
      <trkpt lat="37.135047" lon="-3.452179">
        <ele>1446.2</ele>
      </trkpt>
      <trkpt lat="37.134986" lon="-3.452084">
        <ele>1446.2</ele>
      </trkpt>
      <trkpt lat="37.134918" lon="-3.451998">
        <ele>1446.2</ele>
      </trkpt>
      <trkpt lat="37.134855" lon="-3.451913">
        <ele>1446.4</ele>
      </trkpt>
      <trkpt lat="37.134792" lon="-3.451828">
        <ele>1446.8</ele>
      </trkpt>
      <trkpt lat="37.134731" lon="-3.451742">
        <ele>1447.0</ele>
      </trkpt>
      <trkpt lat="37.134666" lon="-3.451658">
        <ele>1446.8</ele>
      </trkpt>
      <trkpt lat="37.134598" lon="-3.451576">
        <ele>1446.6</ele>
      </trkpt>
      <trkpt lat="37.134527" lon="-3.451497">
        <ele>1446.6</ele>
      </trkpt>
      <trkpt lat="37.134444" lon="-3.451429">
        <ele>1446.6</ele>
      </trkpt>
      <trkpt lat="37.134359" lon="-3.451369">
        <ele>1446.4</ele>
      </trkpt>
      <trkpt lat="37.13427" lon="-3.451314">
        <ele>1446.2</ele>
      </trkpt>
      <trkpt lat="37.13418" lon="-3.451259">
        <ele>1446.0</ele>
      </trkpt>
      <trkpt lat="37.134086" lon="-3.45121">
        <ele>1445.0</ele>
      </trkpt>
      <trkpt lat="37.13399" lon="-3.451166">
        <ele>1444.4</ele>
      </trkpt>
      <trkpt lat="37.133889" lon="-3.451126">
        <ele>1443.8</ele>
      </trkpt>
      <trkpt lat="37.133785" lon="-3.451091">
        <ele>1443.0</ele>
      </trkpt>
      <trkpt lat="37.133681" lon="-3.451054">
        <ele>1442.6</ele>
      </trkpt>
      <trkpt lat="37.133581" lon="-3.451013">
        <ele>1442.4</ele>
      </trkpt>
      <trkpt lat="37.133481" lon="-3.450959">
        <ele>1442.2</ele>
      </trkpt>
      <trkpt lat="37.133385" lon="-3.450906">
        <ele>1442.0</ele>
      </trkpt>
      <trkpt lat="37.133291" lon="-3.450846">
        <ele>1442.0</ele>
      </trkpt>
      <trkpt lat="37.133202" lon="-3.45079">
        <ele>1441.8</ele>
      </trkpt>
      <trkpt lat="37.133114" lon="-3.450744">
        <ele>1441.8</ele>
      </trkpt>
      <trkpt lat="37.133024" lon="-3.450715">
        <ele>1442.4</ele>
      </trkpt>
      <trkpt lat="37.132937" lon="-3.450694">
        <ele>1443.4</ele>
      </trkpt>
      <trkpt lat="37.132856" lon="-3.450674">
        <ele>1444.6</ele>
      </trkpt>
      <trkpt lat="37.132776" lon="-3.450652">
        <ele>1446.0</ele>
      </trkpt>
      <trkpt lat="37.132698" lon="-3.450626">
        <ele>1447.0</ele>
      </trkpt>
      <trkpt lat="37.132627" lon="-3.450595">
        <ele>1447.8</ele>
      </trkpt>
      <trkpt lat="37.132562" lon="-3.450559">
        <ele>1448.4</ele>
      </trkpt>
      <trkpt lat="37.132503" lon="-3.450521">
        <ele>1449.0</ele>
      </trkpt>
      <trkpt lat="37.132446" lon="-3.450477">
        <ele>1449.8</ele>
      </trkpt>
      <trkpt lat="37.132395" lon="-3.450435">
        <ele>1451.0</ele>
      </trkpt>
      <trkpt lat="37.132345" lon="-3.450385">
        <ele>1451.6</ele>
      </trkpt>
      <trkpt lat="37.132304" lon="-3.450338">
        <ele>1452.2</ele>
      </trkpt>
      <trkpt lat="37.132265" lon="-3.450292">
        <ele>1452.6</ele>
      </trkpt>
      <trkpt lat="37.132233" lon="-3.450239">
        <ele>1453.2</ele>
      </trkpt>
      <trkpt lat="37.132205" lon="-3.450171">
        <ele>1454.0</ele>
      </trkpt>
      <trkpt lat="37.132181" lon="-3.450101">
        <ele>1454.8</ele>
      </trkpt>
      <trkpt lat="37.132163" lon="-3.450031">
        <ele>1455.2</ele>
      </trkpt>
      <trkpt lat="37.132152" lon="-3.449958">
        <ele>1455.6</ele>
      </trkpt>
      <trkpt lat="37.132142" lon="-3.449892">
        <ele>1455.8</ele>
      </trkpt>
      <trkpt lat="37.132137" lon="-3.449821">
        <ele>1456.2</ele>
      </trkpt>
      <trkpt lat="37.132135" lon="-3.449752">
        <ele>1456.6</ele>
      </trkpt>
      <trkpt lat="37.132132" lon="-3.449684">
        <ele>1457.0</ele>
      </trkpt>
      <trkpt lat="37.132124" lon="-3.449619">
        <ele>1457.4</ele>
      </trkpt>
      <trkpt lat="37.132108" lon="-3.449555">
        <ele>1457.6</ele>
      </trkpt>
      <trkpt lat="37.132085" lon="-3.449493">
        <ele>1457.8</ele>
      </trkpt>
      <trkpt lat="37.132054" lon="-3.449437">
        <ele>1457.8</ele>
      </trkpt>
      <trkpt lat="37.132014" lon="-3.449388">
        <ele>1457.8</ele>
      </trkpt>
      <trkpt lat="37.131971" lon="-3.449347">
        <ele>1457.8</ele>
      </trkpt>
      <trkpt lat="37.131923" lon="-3.449316">
        <ele>1458.0</ele>
      </trkpt>
      <trkpt lat="37.13187" lon="-3.449294">
        <ele>1458.2</ele>
      </trkpt>
      <trkpt lat="37.131816" lon="-3.449277">
        <ele>1458.2</ele>
      </trkpt>
      <trkpt lat="37.131759" lon="-3.449264">
        <ele>1458.2</ele>
      </trkpt>
      <trkpt lat="37.1317" lon="-3.449252">
        <ele>1458.4</ele>
      </trkpt>
      <trkpt lat="37.131638" lon="-3.449237">
        <ele>1458.0</ele>
      </trkpt>
      <trkpt lat="37.131577" lon="-3.449219">
        <ele>1457.8</ele>
      </trkpt>
      <trkpt lat="37.131514" lon="-3.449197">
        <ele>1457.4</ele>
      </trkpt>
      <trkpt lat="37.13145" lon="-3.449172">
        <ele>1457.2</ele>
      </trkpt>
      <trkpt lat="37.131382" lon="-3.449141">
        <ele>1457.0</ele>
      </trkpt>
      <trkpt lat="37.131313" lon="-3.449108">
        <ele>1456.6</ele>
      </trkpt>
      <trkpt lat="37.13124" lon="-3.44907">
        <ele>1456.2</ele>
      </trkpt>
      <trkpt lat="37.131167" lon="-3.449025">
        <ele>1455.6</ele>
      </trkpt>
      <trkpt lat="37.131091" lon="-3.448979">
        <ele>1455.0</ele>
      </trkpt>
      <trkpt lat="37.131014" lon="-3.448933">
        <ele>1454.6</ele>
      </trkpt>
      <trkpt lat="37.130935" lon="-3.448884">
        <ele>1454.0</ele>
      </trkpt>
      <trkpt lat="37.130852" lon="-3.448834">
        <ele>1453.2</ele>
      </trkpt>
      <trkpt lat="37.130768" lon="-3.44878">
        <ele>1452.6</ele>
      </trkpt>
      <trkpt lat="37.130684" lon="-3.448717">
        <ele>1452.2</ele>
      </trkpt>
      <trkpt lat="37.130607" lon="-3.448642">
        <ele>1451.4</ele>
      </trkpt>
      <trkpt lat="37.130547" lon="-3.448544">
        <ele>1450.6</ele>
      </trkpt>
      <trkpt lat="37.130508" lon="-3.448424">
        <ele>1450.2</ele>
      </trkpt>
      <trkpt lat="37.130485" lon="-3.448294">
        <ele>1449.4</ele>
      </trkpt>
      <trkpt lat="37.130468" lon="-3.448159">
        <ele>1448.6</ele>
      </trkpt>
      <trkpt lat="37.130455" lon="-3.448018">
        <ele>1447.8</ele>
      </trkpt>
      <trkpt lat="37.130441" lon="-3.447878">
        <ele>1447.0</ele>
      </trkpt>
      <trkpt lat="37.130429" lon="-3.447736">
        <ele>1446.0</ele>
      </trkpt>
      <trkpt lat="37.130435" lon="-3.447592">
        <ele>1445.4</ele>
      </trkpt>
      <trkpt lat="37.130468" lon="-3.447457">
        <ele>1445.2</ele>
      </trkpt>
      <trkpt lat="37.130525" lon="-3.447337">
        <ele>1445.0</ele>
      </trkpt>
      <trkpt lat="37.130604" lon="-3.447243">
        <ele>1445.0</ele>
      </trkpt>
      <trkpt lat="37.130696" lon="-3.447169">
        <ele>1445.4</ele>
      </trkpt>
      <trkpt lat="37.130788" lon="-3.447108">
        <ele>1446.2</ele>
      </trkpt>
      <trkpt lat="37.130879" lon="-3.447057">
        <ele>1447.0</ele>
      </trkpt>
      <trkpt lat="37.130963" lon="-3.44701">
        <ele>1447.4</ele>
      </trkpt>
      <trkpt lat="37.131047" lon="-3.446964">
        <ele>1447.8</ele>
      </trkpt>
      <trkpt lat="37.131128" lon="-3.446919">
        <ele>1448.2</ele>
      </trkpt>
      <trkpt lat="37.131206" lon="-3.446874">
        <ele>1448.8</ele>
      </trkpt>
      <trkpt lat="37.13128" lon="-3.44683">
        <ele>1449.6</ele>
      </trkpt>
      <trkpt lat="37.131355" lon="-3.446788">
        <ele>1450.2</ele>
      </trkpt>
      <trkpt lat="37.131424" lon="-3.446745">
        <ele>1450.6</ele>
      </trkpt>
      <trkpt lat="37.131496" lon="-3.446701">
        <ele>1451.2</ele>
      </trkpt>
      <trkpt lat="37.131563" lon="-3.44666">
        <ele>1451.4</ele>
      </trkpt>
      <trkpt lat="37.131626" lon="-3.446618">
        <ele>1451.8</ele>
      </trkpt>
      <trkpt lat="37.131684" lon="-3.446578">
        <ele>1452.4</ele>
      </trkpt>
      <trkpt lat="37.131739" lon="-3.446536">
        <ele>1452.8</ele>
      </trkpt>
      <trkpt lat="37.131789" lon="-3.446499">
        <ele>1453.4</ele>
      </trkpt>
      <trkpt lat="37.13184" lon="-3.446459">
        <ele>1454.0</ele>
      </trkpt>
      <trkpt lat="37.131889" lon="-3.44642">
        <ele>1454.4</ele>
      </trkpt>
      <trkpt lat="37.131937" lon="-3.446379">
        <ele>1455.0</ele>
      </trkpt>
      <trkpt lat="37.131982" lon="-3.446342">
        <ele>1455.4</ele>
      </trkpt>
      <trkpt lat="37.132027" lon="-3.446303">
        <ele>1455.8</ele>
      </trkpt>
      <trkpt lat="37.132069" lon="-3.446264">
        <ele>1456.2</ele>
      </trkpt>
      <trkpt lat="37.132111" lon="-3.446223">
        <ele>1456.8</ele>
      </trkpt>
      <trkpt lat="37.132151" lon="-3.44618">
        <ele>1457.0</ele>
      </trkpt>
      <trkpt lat="37.132189" lon="-3.446138">
        <ele>1457.4</ele>
      </trkpt>
      <trkpt lat="37.132223" lon="-3.446096">
        <ele>1457.6</ele>
      </trkpt>
      <trkpt lat="37.132261" lon="-3.446051">
        <ele>1458.2</ele>
      </trkpt>
      <trkpt lat="37.132294" lon="-3.446009">
        <ele>1458.6</ele>
      </trkpt>
      <trkpt lat="37.132326" lon="-3.445965">
        <ele>1459.2</ele>
      </trkpt>
      <trkpt lat="37.132358" lon="-3.445921">
        <ele>1459.6</ele>
      </trkpt>
      <trkpt lat="37.132388" lon="-3.445878">
        <ele>1460.0</ele>
      </trkpt>
      <trkpt lat="37.132414" lon="-3.445834">
        <ele>1460.2</ele>
      </trkpt>
      <trkpt lat="37.132442" lon="-3.44579">
        <ele>1460.6</ele>
      </trkpt>
      <trkpt lat="37.132467" lon="-3.445746">
        <ele>1461.0</ele>
      </trkpt>
      <trkpt lat="37.132491" lon="-3.445702">
        <ele>1461.4</ele>
      </trkpt>
      <trkpt lat="37.132517" lon="-3.445659">
        <ele>1461.8</ele>
      </trkpt>
      <trkpt lat="37.132541" lon="-3.445615">
        <ele>1462.4</ele>
      </trkpt>
      <trkpt lat="37.132564" lon="-3.44557">
        <ele>1462.8</ele>
      </trkpt>
      <trkpt lat="37.132586" lon="-3.445524">
        <ele>1463.2</ele>
      </trkpt>
      <trkpt lat="37.132605" lon="-3.445477">
        <ele>1463.6</ele>
      </trkpt>
      <trkpt lat="37.132622" lon="-3.445429">
        <ele>1463.6</ele>
      </trkpt>
      <trkpt lat="37.132638" lon="-3.445381">
        <ele>1463.8</ele>
      </trkpt>
      <trkpt lat="37.132652" lon="-3.445333">
        <ele>1464.0</ele>
      </trkpt>
      <trkpt lat="37.132666" lon="-3.445284">
        <ele>1464.2</ele>
      </trkpt>
      <trkpt lat="37.132677" lon="-3.445234">
        <ele>1464.4</ele>
      </trkpt>
      <trkpt lat="37.132687" lon="-3.445183">
        <ele>1464.6</ele>
      </trkpt>
      <trkpt lat="37.132696" lon="-3.445133">
        <ele>1465.0</ele>
      </trkpt>
      <trkpt lat="37.132702" lon="-3.445082">
        <ele>1465.4</ele>
      </trkpt>
      <trkpt lat="37.132706" lon="-3.445031">
        <ele>1465.8</ele>
      </trkpt>
      <trkpt lat="37.132707" lon="-3.44498">
        <ele>1466.0</ele>
      </trkpt>
      <trkpt lat="37.132707" lon="-3.44493">
        <ele>1466.4</ele>
      </trkpt>
      <trkpt lat="37.13271" lon="-3.444884">
        <ele>1466.6</ele>
      </trkpt>
      <trkpt lat="37.132702" lon="-3.444832">
        <ele>1467.0</ele>
      </trkpt>
      <trkpt lat="37.132693" lon="-3.44478">
        <ele>1467.4</ele>
      </trkpt>
      <trkpt lat="37.132679" lon="-3.44473">
        <ele>1467.6</ele>
      </trkpt>
      <trkpt lat="37.13266" lon="-3.444682">
        <ele>1467.8</ele>
      </trkpt>
      <trkpt lat="37.132639" lon="-3.444636">
        <ele>1468.0</ele>
      </trkpt>
      <trkpt lat="37.132617" lon="-3.444591">
        <ele>1468.2</ele>
      </trkpt>
      <trkpt lat="37.132599" lon="-3.444547">
        <ele>1468.4</ele>
      </trkpt>
      <trkpt lat="37.132583" lon="-3.444502">
        <ele>1468.6</ele>
      </trkpt>
      <trkpt lat="37.13257" lon="-3.444457">
        <ele>1469.0</ele>
      </trkpt>
      <trkpt lat="37.132562" lon="-3.444411">
        <ele>1469.2</ele>
      </trkpt>
      <trkpt lat="37.132555" lon="-3.444367">
        <ele>1469.6</ele>
      </trkpt>
      <trkpt lat="37.132551" lon="-3.444326">
        <ele>1470.4</ele>
      </trkpt>
      <trkpt lat="37.132549" lon="-3.444281">
        <ele>1470.8</ele>
      </trkpt>
      <trkpt lat="37.132551" lon="-3.444235">
        <ele>1471.0</ele>
      </trkpt>
      <trkpt lat="37.132555" lon="-3.444188">
        <ele>1471.2</ele>
      </trkpt>
      <trkpt lat="37.132559" lon="-3.444141">
        <ele>1471.6</ele>
      </trkpt>
      <trkpt lat="37.132566" lon="-3.444096">
        <ele>1472.0</ele>
      </trkpt>
      <trkpt lat="37.132574" lon="-3.44405">
        <ele>1472.4</ele>
      </trkpt>
      <trkpt lat="37.132581" lon="-3.444002">
        <ele>1472.6</ele>
      </trkpt>
      <trkpt lat="37.132589" lon="-3.443954">
        <ele>1472.8</ele>
      </trkpt>
      <trkpt lat="37.132598" lon="-3.443907">
        <ele>1473.0</ele>
      </trkpt>
      <trkpt lat="37.132606" lon="-3.44386">
        <ele>1473.2</ele>
      </trkpt>
      <trkpt lat="37.132613" lon="-3.443813">
        <ele>1473.2</ele>
      </trkpt>
      <trkpt lat="37.132621" lon="-3.443766">
        <ele>1473.4</ele>
      </trkpt>
      <trkpt lat="37.132631" lon="-3.44372">
        <ele>1473.4</ele>
      </trkpt>
      <trkpt lat="37.132641" lon="-3.443674">
        <ele>1474.0</ele>
      </trkpt>
      <trkpt lat="37.13265" lon="-3.443629">
        <ele>1474.4</ele>
      </trkpt>
      <trkpt lat="37.132661" lon="-3.443584">
        <ele>1474.8</ele>
      </trkpt>
      <trkpt lat="37.132672" lon="-3.443539">
        <ele>1475.2</ele>
      </trkpt>
      <trkpt lat="37.132679" lon="-3.443494">
        <ele>1475.2</ele>
      </trkpt>
      <trkpt lat="37.132687" lon="-3.443448">
        <ele>1475.4</ele>
      </trkpt>
      <trkpt lat="37.132692" lon="-3.4434">
        <ele>1475.6</ele>
      </trkpt>
      <trkpt lat="37.132697" lon="-3.443353">
        <ele>1476.0</ele>
      </trkpt>
      <trkpt lat="37.132703" lon="-3.443307">
        <ele>1476.0</ele>
      </trkpt>
      <trkpt lat="37.132708" lon="-3.44326">
        <ele>1476.2</ele>
      </trkpt>
      <trkpt lat="37.132717" lon="-3.443214">
        <ele>1476.4</ele>
      </trkpt>
      <trkpt lat="37.132725" lon="-3.443166">
        <ele>1476.8</ele>
      </trkpt>
      <trkpt lat="37.132736" lon="-3.44312">
        <ele>1477.6</ele>
      </trkpt>
      <trkpt lat="37.132747" lon="-3.443074">
        <ele>1478.0</ele>
      </trkpt>
      <trkpt lat="37.13276" lon="-3.44303">
        <ele>1478.4</ele>
      </trkpt>
      <trkpt lat="37.132776" lon="-3.442988">
        <ele>1478.6</ele>
      </trkpt>
      <trkpt lat="37.132797" lon="-3.442946">
        <ele>1478.8</ele>
      </trkpt>
      <trkpt lat="37.13282" lon="-3.44291">
        <ele>1479.2</ele>
      </trkpt>
      <trkpt lat="37.132844" lon="-3.442879">
        <ele>1479.4</ele>
      </trkpt>
      <trkpt lat="37.132872" lon="-3.442854">
        <ele>1479.8</ele>
      </trkpt>
      <trkpt lat="37.132905" lon="-3.44283">
        <ele>1480.0</ele>
      </trkpt>
      <trkpt lat="37.132943" lon="-3.442812">
        <ele>1480.2</ele>
      </trkpt>
      <trkpt lat="37.132985" lon="-3.4428">
        <ele>1480.4</ele>
      </trkpt>
      <trkpt lat="37.133029" lon="-3.442793">
        <ele>1480.6</ele>
      </trkpt>
      <trkpt lat="37.133073" lon="-3.442785">
        <ele>1480.8</ele>
      </trkpt>
      <trkpt lat="37.133116" lon="-3.44278">
        <ele>1481.0</ele>
      </trkpt>
      <trkpt lat="37.133158" lon="-3.442776">
        <ele>1481.2</ele>
      </trkpt>
      <trkpt lat="37.133202" lon="-3.442772">
        <ele>1481.4</ele>
      </trkpt>
      <trkpt lat="37.133248" lon="-3.442772">
        <ele>1481.4</ele>
      </trkpt>
      <trkpt lat="37.133292" lon="-3.442775">
        <ele>1481.4</ele>
      </trkpt>
      <trkpt lat="37.133337" lon="-3.442775">
        <ele>1481.8</ele>
      </trkpt>
      <trkpt lat="37.133379" lon="-3.442774">
        <ele>1482.2</ele>
      </trkpt>
      <trkpt lat="37.133424" lon="-3.442776">
        <ele>1482.6</ele>
      </trkpt>
      <trkpt lat="37.133469" lon="-3.442776">
        <ele>1483.0</ele>
      </trkpt>
      <trkpt lat="37.133508" lon="-3.442775">
        <ele>1483.4</ele>
      </trkpt>
      <trkpt lat="37.133546" lon="-3.442775">
        <ele>1483.4</ele>
      </trkpt>
      <trkpt lat="37.133587" lon="-3.442774">
        <ele>1483.6</ele>
      </trkpt>
      <trkpt lat="37.13363" lon="-3.442774">
        <ele>1483.6</ele>
      </trkpt>
      <trkpt lat="37.133672" lon="-3.442771">
        <ele>1484.2</ele>
      </trkpt>
      <trkpt lat="37.133713" lon="-3.442767">
        <ele>1484.6</ele>
      </trkpt>
      <trkpt lat="37.133753" lon="-3.442768">
        <ele>1485.0</ele>
      </trkpt>
      <trkpt lat="37.133793" lon="-3.442768">
        <ele>1485.4</ele>
      </trkpt>
      <trkpt lat="37.133832" lon="-3.442761">
        <ele>1485.6</ele>
      </trkpt>
      <trkpt lat="37.133869" lon="-3.442758">
        <ele>1485.8</ele>
      </trkpt>
      <trkpt lat="37.133909" lon="-3.442758">
        <ele>1486.0</ele>
      </trkpt>
      <trkpt lat="37.133949" lon="-3.442756">
        <ele>1486.2</ele>
      </trkpt>
      <trkpt lat="37.133988" lon="-3.442753">
        <ele>1486.6</ele>
      </trkpt>
      <trkpt lat="37.134028" lon="-3.442747">
        <ele>1486.8</ele>
      </trkpt>
      <trkpt lat="37.134068" lon="-3.442739">
        <ele>1487.2</ele>
      </trkpt>
      <trkpt lat="37.134109" lon="-3.442726">
        <ele>1487.4</ele>
      </trkpt>
      <trkpt lat="37.13415" lon="-3.442713">
        <ele>1487.6</ele>
      </trkpt>
      <trkpt lat="37.134189" lon="-3.442698">
        <ele>1487.8</ele>
      </trkpt>
      <trkpt lat="37.134227" lon="-3.442679">
        <ele>1488.0</ele>
      </trkpt>
      <trkpt lat="37.134272" lon="-3.442651">
        <ele>1488.4</ele>
      </trkpt>
      <trkpt lat="37.134311" lon="-3.442623">
        <ele>1488.8</ele>
      </trkpt>
      <trkpt lat="37.134348" lon="-3.44259">
        <ele>1489.2</ele>
      </trkpt>
      <trkpt lat="37.134382" lon="-3.442555">
        <ele>1489.4</ele>
      </trkpt>
      <trkpt lat="37.134413" lon="-3.442515">
        <ele>1489.8</ele>
      </trkpt>
      <trkpt lat="37.134445" lon="-3.442474">
        <ele>1490.2</ele>
      </trkpt>
      <trkpt lat="37.134471" lon="-3.442433">
        <ele>1490.4</ele>
      </trkpt>
      <trkpt lat="37.134493" lon="-3.442389">
        <ele>1491.0</ele>
      </trkpt>
      <trkpt lat="37.134514" lon="-3.442344">
        <ele>1491.4</ele>
      </trkpt>
      <trkpt lat="37.134532" lon="-3.442298">
        <ele>1491.8</ele>
      </trkpt>
      <trkpt lat="37.134547" lon="-3.44225">
        <ele>1492.0</ele>
      </trkpt>
      <trkpt lat="37.134564" lon="-3.4422">
        <ele>1492.2</ele>
      </trkpt>
      <trkpt lat="37.134581" lon="-3.442151">
        <ele>1492.4</ele>
      </trkpt>
      <trkpt lat="37.134595" lon="-3.442101">
        <ele>1492.8</ele>
      </trkpt>
      <trkpt lat="37.134608" lon="-3.442052">
        <ele>1493.0</ele>
      </trkpt>
      <trkpt lat="37.134623" lon="-3.442004">
        <ele>1493.4</ele>
      </trkpt>
      <trkpt lat="37.134638" lon="-3.441956">
        <ele>1493.8</ele>
      </trkpt>
      <trkpt lat="37.13465" lon="-3.441908">
        <ele>1494.0</ele>
      </trkpt>
      <trkpt lat="37.134663" lon="-3.441861">
        <ele>1494.2</ele>
      </trkpt>
      <trkpt lat="37.134675" lon="-3.441813">
        <ele>1494.4</ele>
      </trkpt>
      <trkpt lat="37.134687" lon="-3.441767">
        <ele>1494.6</ele>
      </trkpt>
      <trkpt lat="37.1347" lon="-3.44172">
        <ele>1494.6</ele>
      </trkpt>
      <trkpt lat="37.134713" lon="-3.441673">
        <ele>1495.0</ele>
      </trkpt>
      <trkpt lat="37.134725" lon="-3.441625">
        <ele>1495.4</ele>
      </trkpt>
      <trkpt lat="37.134735" lon="-3.441578">
        <ele>1495.8</ele>
      </trkpt>
      <trkpt lat="37.13475" lon="-3.44153">
        <ele>1496.2</ele>
      </trkpt>
      <trkpt lat="37.134763" lon="-3.441481">
        <ele>1496.6</ele>
      </trkpt>
      <trkpt lat="37.134778" lon="-3.441431">
        <ele>1496.6</ele>
      </trkpt>
      <trkpt lat="37.134787" lon="-3.44138">
        <ele>1496.8</ele>
      </trkpt>
      <trkpt lat="37.134792" lon="-3.44133">
        <ele>1497.0</ele>
      </trkpt>
      <trkpt lat="37.134796" lon="-3.441278">
        <ele>1497.2</ele>
      </trkpt>
      <trkpt lat="37.134796" lon="-3.441226">
        <ele>1497.6</ele>
      </trkpt>
      <trkpt lat="37.134789" lon="-3.441178">
        <ele>1498.0</ele>
      </trkpt>
      <trkpt lat="37.134776" lon="-3.44113">
        <ele>1498.2</ele>
      </trkpt>
      <trkpt lat="37.134759" lon="-3.441085">
        <ele>1498.4</ele>
      </trkpt>
      <trkpt lat="37.134738" lon="-3.44104">
        <ele>1498.6</ele>
      </trkpt>
      <trkpt lat="37.134715" lon="-3.440997">
        <ele>1499.0</ele>
      </trkpt>
      <trkpt lat="37.134691" lon="-3.440955">
        <ele>1499.4</ele>
      </trkpt>
      <trkpt lat="37.134666" lon="-3.440914">
        <ele>1499.8</ele>
      </trkpt>
      <trkpt lat="37.134642" lon="-3.440875">
        <ele>1500.2</ele>
      </trkpt>
      <trkpt lat="37.134617" lon="-3.440835">
        <ele>1500.8</ele>
      </trkpt>
      <trkpt lat="37.134592" lon="-3.440795">
        <ele>1501.2</ele>
      </trkpt>
      <trkpt lat="37.134566" lon="-3.440756">
        <ele>1501.4</ele>
      </trkpt>
      <trkpt lat="37.13454" lon="-3.44072">
        <ele>1501.6</ele>
      </trkpt>
      <trkpt lat="37.134516" lon="-3.440683">
        <ele>1501.8</ele>
      </trkpt>
      <trkpt lat="37.134492" lon="-3.440644">
        <ele>1502.0</ele>
      </trkpt>
      <trkpt lat="37.134467" lon="-3.440606">
        <ele>1502.4</ele>
      </trkpt>
      <trkpt lat="37.134443" lon="-3.440566">
        <ele>1502.8</ele>
      </trkpt>
      <trkpt lat="37.134419" lon="-3.440525">
        <ele>1503.2</ele>
      </trkpt>
      <trkpt lat="37.134396" lon="-3.440485">
        <ele>1503.4</ele>
      </trkpt>
      <trkpt lat="37.134373" lon="-3.440444">
        <ele>1503.8</ele>
      </trkpt>
      <trkpt lat="37.13435" lon="-3.440404">
        <ele>1504.2</ele>
      </trkpt>
      <trkpt lat="37.134327" lon="-3.440363">
        <ele>1504.4</ele>
      </trkpt>
      <trkpt lat="37.134303" lon="-3.440323">
        <ele>1504.4</ele>
      </trkpt>
      <trkpt lat="37.134278" lon="-3.440283">
        <ele>1504.8</ele>
      </trkpt>
      <trkpt lat="37.134255" lon="-3.440242">
        <ele>1505.2</ele>
      </trkpt>
      <trkpt lat="37.134229" lon="-3.440202">
        <ele>1505.4</ele>
      </trkpt>
      <trkpt lat="37.134203" lon="-3.440163">
        <ele>1505.8</ele>
      </trkpt>
      <trkpt lat="37.134178" lon="-3.440124">
        <ele>1506.0</ele>
      </trkpt>
      <trkpt lat="37.134153" lon="-3.440086">
        <ele>1506.2</ele>
      </trkpt>
      <trkpt lat="37.134127" lon="-3.44005">
        <ele>1506.6</ele>
      </trkpt>
      <trkpt lat="37.134097" lon="-3.440016">
        <ele>1507.0</ele>
      </trkpt>
      <trkpt lat="37.134066" lon="-3.439984">
        <ele>1507.2</ele>
      </trkpt>
      <trkpt lat="37.134036" lon="-3.439949">
        <ele>1507.6</ele>
      </trkpt>
      <trkpt lat="37.134008" lon="-3.439914">
        <ele>1508.0</ele>
      </trkpt>
      <trkpt lat="37.13398" lon="-3.43988">
        <ele>1508.2</ele>
      </trkpt>
      <trkpt lat="37.133953" lon="-3.439848">
        <ele>1508.6</ele>
      </trkpt>
      <trkpt lat="37.133925" lon="-3.439815">
        <ele>1508.8</ele>
      </trkpt>
      <trkpt lat="37.133897" lon="-3.439783">
        <ele>1509.2</ele>
      </trkpt>
      <trkpt lat="37.133869" lon="-3.439752">
        <ele>1509.4</ele>
      </trkpt>
      <trkpt lat="37.133842" lon="-3.439721">
        <ele>1510.0</ele>
      </trkpt>
      <trkpt lat="37.133815" lon="-3.439689">
        <ele>1510.0</ele>
      </trkpt>
      <trkpt lat="37.133787" lon="-3.439657">
        <ele>1510.4</ele>
      </trkpt>
      <trkpt lat="37.133758" lon="-3.439625">
        <ele>1510.4</ele>
      </trkpt>
      <trkpt lat="37.133728" lon="-3.439592">
        <ele>1510.6</ele>
      </trkpt>
      <trkpt lat="37.133698" lon="-3.439562">
        <ele>1510.6</ele>
      </trkpt>
      <trkpt lat="37.133667" lon="-3.439532">
        <ele>1510.8</ele>
      </trkpt>
      <trkpt lat="37.133637" lon="-3.439504">
        <ele>1511.0</ele>
      </trkpt>
      <trkpt lat="37.133606" lon="-3.439478">
        <ele>1511.4</ele>
      </trkpt>
      <trkpt lat="37.133574" lon="-3.439454">
        <ele>1511.8</ele>
      </trkpt>
      <trkpt lat="37.133544" lon="-3.43943">
        <ele>1512.0</ele>
      </trkpt>
      <trkpt lat="37.133513" lon="-3.439407">
        <ele>1512.4</ele>
      </trkpt>
      <trkpt lat="37.133481" lon="-3.439386">
        <ele>1512.6</ele>
      </trkpt>
      <trkpt lat="37.133449" lon="-3.439364">
        <ele>1512.8</ele>
      </trkpt>
      <trkpt lat="37.133416" lon="-3.439343">
        <ele>1512.8</ele>
      </trkpt>
      <trkpt lat="37.133384" lon="-3.439323">
        <ele>1513.0</ele>
      </trkpt>
      <trkpt lat="37.13335" lon="-3.439302">
        <ele>1513.4</ele>
      </trkpt>
      <trkpt lat="37.133318" lon="-3.439278">
        <ele>1514.0</ele>
      </trkpt>
      <trkpt lat="37.133287" lon="-3.439251">
        <ele>1514.0</ele>
      </trkpt>
      <trkpt lat="37.133256" lon="-3.43922">
        <ele>1514.4</ele>
      </trkpt>
      <trkpt lat="37.133225" lon="-3.439183">
        <ele>1514.6</ele>
      </trkpt>
      <trkpt lat="37.133196" lon="-3.43915">
        <ele>1514.8</ele>
      </trkpt>
      <trkpt lat="37.133166" lon="-3.439114">
        <ele>1515.0</ele>
      </trkpt>
      <trkpt lat="37.13314" lon="-3.439074">
        <ele>1515.0</ele>
      </trkpt>
      <trkpt lat="37.133114" lon="-3.439034">
        <ele>1515.4</ele>
      </trkpt>
      <trkpt lat="37.133089" lon="-3.438991">
        <ele>1515.8</ele>
      </trkpt>
      <trkpt lat="37.133065" lon="-3.438952">
        <ele>1516.2</ele>
      </trkpt>
      <trkpt lat="37.133041" lon="-3.438913">
        <ele>1516.6</ele>
      </trkpt>
      <trkpt lat="37.13302" lon="-3.438873">
        <ele>1517.0</ele>
      </trkpt>
      <trkpt lat="37.132999" lon="-3.438836">
        <ele>1517.4</ele>
      </trkpt>
      <trkpt lat="37.132976" lon="-3.438799">
        <ele>1517.6</ele>
      </trkpt>
      <trkpt lat="37.132952" lon="-3.438761">
        <ele>1517.8</ele>
      </trkpt>
      <trkpt lat="37.132932" lon="-3.438721">
        <ele>1518.0</ele>
      </trkpt>
      <trkpt lat="37.132911" lon="-3.438682">
        <ele>1518.0</ele>
      </trkpt>
      <trkpt lat="37.132891" lon="-3.438643">
        <ele>1518.4</ele>
      </trkpt>
      <trkpt lat="37.132869" lon="-3.438602">
        <ele>1518.6</ele>
      </trkpt>
      <trkpt lat="37.132849" lon="-3.438561">
        <ele>1518.8</ele>
      </trkpt>
      <trkpt lat="37.13283" lon="-3.438518">
        <ele>1519.2</ele>
      </trkpt>
      <trkpt lat="37.132812" lon="-3.438474">
        <ele>1519.4</ele>
      </trkpt>
      <trkpt lat="37.132795" lon="-3.438428">
        <ele>1519.8</ele>
      </trkpt>
      <trkpt lat="37.132777" lon="-3.438382">
        <ele>1520.4</ele>
      </trkpt>
      <trkpt lat="37.132762" lon="-3.438333">
        <ele>1520.6</ele>
      </trkpt>
      <trkpt lat="37.132749" lon="-3.438284">
        <ele>1521.0</ele>
      </trkpt>
      <trkpt lat="37.132739" lon="-3.438234">
        <ele>1521.2</ele>
      </trkpt>
      <trkpt lat="37.132732" lon="-3.438182">
        <ele>1521.4</ele>
      </trkpt>
      <trkpt lat="37.132726" lon="-3.438129">
        <ele>1521.4</ele>
      </trkpt>
      <trkpt lat="37.132724" lon="-3.438076">
        <ele>1521.6</ele>
      </trkpt>
      <trkpt lat="37.132721" lon="-3.438023">
        <ele>1521.8</ele>
      </trkpt>
      <trkpt lat="37.132719" lon="-3.437971">
        <ele>1522.0</ele>
      </trkpt>
      <trkpt lat="37.13272" lon="-3.437919">
        <ele>1522.4</ele>
      </trkpt>
      <trkpt lat="37.132724" lon="-3.437867">
        <ele>1522.6</ele>
      </trkpt>
      <trkpt lat="37.132729" lon="-3.437815">
        <ele>1522.8</ele>
      </trkpt>
      <trkpt lat="37.132734" lon="-3.437764">
        <ele>1523.0</ele>
      </trkpt>
      <trkpt lat="37.132742" lon="-3.437714">
        <ele>1523.2</ele>
      </trkpt>
      <trkpt lat="37.132751" lon="-3.437664">
        <ele>1523.4</ele>
      </trkpt>
      <trkpt lat="37.132762" lon="-3.437615">
        <ele>1523.8</ele>
      </trkpt>
      <trkpt lat="37.132771" lon="-3.437566">
        <ele>1524.2</ele>
      </trkpt>
      <trkpt lat="37.132776" lon="-3.437541">
        <ele>1651.2</ele>
      </trkpt>
      <trkpt lat="37.13278" lon="-3.43752">
        <ele>1524.4</ele>
      </trkpt>
      <trkpt lat="37.132789" lon="-3.437474">
        <ele>1524.8</ele>
      </trkpt>
      <trkpt lat="37.132798" lon="-3.437428">
        <ele>1525.2</ele>
      </trkpt>
      <trkpt lat="37.132808" lon="-3.437381">
        <ele>1525.6</ele>
      </trkpt>
      <trkpt lat="37.132818" lon="-3.437334">
        <ele>1525.8</ele>
      </trkpt>
      <trkpt lat="37.132827" lon="-3.437287">
        <ele>1526.2</ele>
      </trkpt>
      <trkpt lat="37.132839" lon="-3.437241">
        <ele>1526.4</ele>
      </trkpt>
      <trkpt lat="37.132852" lon="-3.437195">
        <ele>1526.8</ele>
      </trkpt>
      <trkpt lat="37.132864" lon="-3.437149">
        <ele>1527.0</ele>
      </trkpt>
      <trkpt lat="37.132877" lon="-3.437103">
        <ele>1527.2</ele>
      </trkpt>
      <trkpt lat="37.132889" lon="-3.437057">
        <ele>1527.4</ele>
      </trkpt>
      <trkpt lat="37.1329" lon="-3.437011">
        <ele>1527.8</ele>
      </trkpt>
      <trkpt lat="37.132912" lon="-3.436966">
        <ele>1528.0</ele>
      </trkpt>
      <trkpt lat="37.132925" lon="-3.43692">
        <ele>1528.2</ele>
      </trkpt>
      <trkpt lat="37.132936" lon="-3.436874">
        <ele>1528.4</ele>
      </trkpt>
      <trkpt lat="37.132946" lon="-3.436826">
        <ele>1528.6</ele>
      </trkpt>
      <trkpt lat="37.132955" lon="-3.436778">
        <ele>1528.8</ele>
      </trkpt>
      <trkpt lat="37.132963" lon="-3.436728">
        <ele>1529.0</ele>
      </trkpt>
      <trkpt lat="37.132972" lon="-3.436678">
        <ele>1529.4</ele>
      </trkpt>
      <trkpt lat="37.132983" lon="-3.436627">
        <ele>1529.8</ele>
      </trkpt>
      <trkpt lat="37.132992" lon="-3.436575">
        <ele>1530.0</ele>
      </trkpt>
      <trkpt lat="37.133001" lon="-3.436523">
        <ele>1530.2</ele>
      </trkpt>
      <trkpt lat="37.133009" lon="-3.43647">
        <ele>1530.4</ele>
      </trkpt>
      <trkpt lat="37.133016" lon="-3.436418">
        <ele>1530.6</ele>
      </trkpt>
      <trkpt lat="37.133022" lon="-3.436365">
        <ele>1530.8</ele>
      </trkpt>
      <trkpt lat="37.133026" lon="-3.436312">
        <ele>1530.8</ele>
      </trkpt>
      <trkpt lat="37.133027" lon="-3.436258">
        <ele>1531.2</ele>
      </trkpt>
      <trkpt lat="37.133023" lon="-3.436205">
        <ele>1531.6</ele>
      </trkpt>
      <trkpt lat="37.133014" lon="-3.436152">
        <ele>1531.8</ele>
      </trkpt>
      <trkpt lat="37.133" lon="-3.4361">
        <ele>1532.0</ele>
      </trkpt>
      <trkpt lat="37.132985" lon="-3.436051">
        <ele>1532.2</ele>
      </trkpt>
      <trkpt lat="37.132965" lon="-3.436007">
        <ele>1532.6</ele>
      </trkpt>
      <trkpt lat="37.132944" lon="-3.435965">
        <ele>1533.0</ele>
      </trkpt>
      <trkpt lat="37.132918" lon="-3.435928">
        <ele>1533.4</ele>
      </trkpt>
      <trkpt lat="37.132894" lon="-3.43589">
        <ele>1533.6</ele>
      </trkpt>
      <trkpt lat="37.132872" lon="-3.435852">
        <ele>1534.0</ele>
      </trkpt>
      <trkpt lat="37.13285" lon="-3.435814">
        <ele>1534.6</ele>
      </trkpt>
      <trkpt lat="37.132828" lon="-3.435774">
        <ele>1535.0</ele>
      </trkpt>
      <trkpt lat="37.132808" lon="-3.435733">
        <ele>1535.2</ele>
      </trkpt>
      <trkpt lat="37.132789" lon="-3.43569">
        <ele>1535.6</ele>
      </trkpt>
      <trkpt lat="37.132773" lon="-3.435648">
        <ele>1535.8</ele>
      </trkpt>
      <trkpt lat="37.132755" lon="-3.435601">
        <ele>1536.2</ele>
      </trkpt>
      <trkpt lat="37.132743" lon="-3.435556">
        <ele>1536.4</ele>
      </trkpt>
      <trkpt lat="37.132734" lon="-3.435512">
        <ele>1537.0</ele>
      </trkpt>
      <trkpt lat="37.132726" lon="-3.435469">
        <ele>1537.4</ele>
      </trkpt>
      <trkpt lat="37.13272" lon="-3.435426">
        <ele>1538.2</ele>
      </trkpt>
      <trkpt lat="37.132718" lon="-3.435382">
        <ele>1538.4</ele>
      </trkpt>
      <trkpt lat="37.132716" lon="-3.435337">
        <ele>1538.8</ele>
      </trkpt>
      <trkpt lat="37.132713" lon="-3.435293">
        <ele>1539.4</ele>
      </trkpt>
      <trkpt lat="37.132711" lon="-3.43525">
        <ele>1539.6</ele>
      </trkpt>
      <trkpt lat="37.132711" lon="-3.435207">
        <ele>1539.8</ele>
      </trkpt>
      <trkpt lat="37.132709" lon="-3.435164">
        <ele>1540.0</ele>
      </trkpt>
      <trkpt lat="37.132706" lon="-3.435121">
        <ele>1540.0</ele>
      </trkpt>
      <trkpt lat="37.132701" lon="-3.435079">
        <ele>1540.2</ele>
      </trkpt>
      <trkpt lat="37.132696" lon="-3.435038">
        <ele>1540.4</ele>
      </trkpt>
      <trkpt lat="37.132691" lon="-3.434996">
        <ele>1540.6</ele>
      </trkpt>
      <trkpt lat="37.132687" lon="-3.434956">
        <ele>1541.0</ele>
      </trkpt>
      <trkpt lat="37.132683" lon="-3.434916">
        <ele>1541.4</ele>
      </trkpt>
      <trkpt lat="37.13268" lon="-3.434874">
        <ele>1541.6</ele>
      </trkpt>
      <trkpt lat="37.132675" lon="-3.434832">
        <ele>1541.8</ele>
      </trkpt>
      <trkpt lat="37.132668" lon="-3.434792">
        <ele>1542.2</ele>
      </trkpt>
      <trkpt lat="37.132659" lon="-3.434754">
        <ele>1542.6</ele>
      </trkpt>
      <trkpt lat="37.132652" lon="-3.434714">
        <ele>1542.8</ele>
      </trkpt>
      <trkpt lat="37.132647" lon="-3.434674">
        <ele>1543.4</ele>
      </trkpt>
      <trkpt lat="37.132642" lon="-3.434634">
        <ele>1543.6</ele>
      </trkpt>
      <trkpt lat="37.132636" lon="-3.434595">
        <ele>1543.8</ele>
      </trkpt>
      <trkpt lat="37.132635" lon="-3.434555">
        <ele>1544.0</ele>
      </trkpt>
      <trkpt lat="37.132627" lon="-3.434516">
        <ele>1544.2</ele>
      </trkpt>
      <trkpt lat="37.132621" lon="-3.434476">
        <ele>1544.6</ele>
      </trkpt>
      <trkpt lat="37.132615" lon="-3.434435">
        <ele>1544.8</ele>
      </trkpt>
      <trkpt lat="37.132612" lon="-3.434393">
        <ele>1545.2</ele>
      </trkpt>
      <trkpt lat="37.13261" lon="-3.434351">
        <ele>1545.4</ele>
      </trkpt>
      <trkpt lat="37.132609" lon="-3.434306">
        <ele>1545.6</ele>
      </trkpt>
      <trkpt lat="37.132609" lon="-3.434262">
        <ele>1546.0</ele>
      </trkpt>
      <trkpt lat="37.13261" lon="-3.434217">
        <ele>1546.4</ele>
      </trkpt>
      <trkpt lat="37.132612" lon="-3.434173">
        <ele>1546.6</ele>
      </trkpt>
      <trkpt lat="37.132615" lon="-3.434129">
        <ele>1546.8</ele>
      </trkpt>
      <trkpt lat="37.132619" lon="-3.434083">
        <ele>1547.0</ele>
      </trkpt>
      <trkpt lat="37.132622" lon="-3.434038">
        <ele>1547.2</ele>
      </trkpt>
      <trkpt lat="37.132627" lon="-3.433991">
        <ele>1547.6</ele>
      </trkpt>
      <trkpt lat="37.132635" lon="-3.433945">
        <ele>1548.0</ele>
      </trkpt>
      <trkpt lat="37.132644" lon="-3.433901">
        <ele>1548.4</ele>
      </trkpt>
      <trkpt lat="37.132655" lon="-3.433857">
        <ele>1548.6</ele>
      </trkpt>
      <trkpt lat="37.132669" lon="-3.433816">
        <ele>1548.8</ele>
      </trkpt>
      <trkpt lat="37.132687" lon="-3.433773">
        <ele>1548.8</ele>
      </trkpt>
      <trkpt lat="37.132708" lon="-3.433731">
        <ele>1549.0</ele>
      </trkpt>
      <trkpt lat="37.13273" lon="-3.433689">
        <ele>1549.0</ele>
      </trkpt>
      <trkpt lat="37.132754" lon="-3.433649">
        <ele>1549.0</ele>
      </trkpt>
      <trkpt lat="37.132782" lon="-3.433607">
        <ele>1549.2</ele>
      </trkpt>
      <trkpt lat="37.132807" lon="-3.433568">
        <ele>1549.4</ele>
      </trkpt>
      <trkpt lat="37.132832" lon="-3.43353">
        <ele>1549.8</ele>
      </trkpt>
      <trkpt lat="37.132858" lon="-3.433492">
        <ele>1549.8</ele>
      </trkpt>
      <trkpt lat="37.132885" lon="-3.433455">
        <ele>1550.2</ele>
      </trkpt>
      <trkpt lat="37.132912" lon="-3.433419">
        <ele>1550.6</ele>
      </trkpt>
      <trkpt lat="37.132938" lon="-3.433383">
        <ele>1550.8</ele>
      </trkpt>
      <trkpt lat="37.132965" lon="-3.433348">
        <ele>1551.2</ele>
      </trkpt>
      <trkpt lat="37.132992" lon="-3.433315">
        <ele>1551.2</ele>
      </trkpt>
      <trkpt lat="37.133019" lon="-3.43328">
        <ele>1551.8</ele>
      </trkpt>
      <trkpt lat="37.133044" lon="-3.433244">
        <ele>1552.2</ele>
      </trkpt>
      <trkpt lat="37.13307" lon="-3.433208">
        <ele>1552.6</ele>
      </trkpt>
      <trkpt lat="37.133096" lon="-3.433172">
        <ele>1552.8</ele>
      </trkpt>
      <trkpt lat="37.133121" lon="-3.433134">
        <ele>1553.2</ele>
      </trkpt>
      <trkpt lat="37.133145" lon="-3.433097">
        <ele>1553.4</ele>
      </trkpt>
      <trkpt lat="37.133167" lon="-3.433056">
        <ele>1553.6</ele>
      </trkpt>
      <trkpt lat="37.133189" lon="-3.433015">
        <ele>1553.8</ele>
      </trkpt>
      <trkpt lat="37.133211" lon="-3.432976">
        <ele>1554.2</ele>
      </trkpt>
      <trkpt lat="37.133232" lon="-3.432937">
        <ele>1554.6</ele>
      </trkpt>
      <trkpt lat="37.133251" lon="-3.432898">
        <ele>1555.0</ele>
      </trkpt>
      <trkpt lat="37.133271" lon="-3.432857">
        <ele>1555.4</ele>
      </trkpt>
      <trkpt lat="37.133288" lon="-3.432816">
        <ele>1555.8</ele>
      </trkpt>
      <trkpt lat="37.133301" lon="-3.432775">
        <ele>1556.0</ele>
      </trkpt>
      <trkpt lat="37.133313" lon="-3.432737">
        <ele>1556.2</ele>
      </trkpt>
      <trkpt lat="37.133327" lon="-3.4327">
        <ele>1556.6</ele>
      </trkpt>
      <trkpt lat="37.133338" lon="-3.43266">
        <ele>1556.8</ele>
      </trkpt>
      <trkpt lat="37.133347" lon="-3.432615">
        <ele>1556.8</ele>
      </trkpt>
      <trkpt lat="37.133351" lon="-3.43257">
        <ele>1557.2</ele>
      </trkpt>
      <trkpt lat="37.133355" lon="-3.432524">
        <ele>1557.4</ele>
      </trkpt>
      <trkpt lat="37.133356" lon="-3.432481">
        <ele>1557.6</ele>
      </trkpt>
      <trkpt lat="37.133357" lon="-3.432435">
        <ele>1557.8</ele>
      </trkpt>
      <trkpt lat="37.133359" lon="-3.43239">
        <ele>1558.2</ele>
      </trkpt>
      <trkpt lat="37.133359" lon="-3.432343">
        <ele>1558.4</ele>
      </trkpt>
      <trkpt lat="37.133358" lon="-3.432294">
        <ele>1558.4</ele>
      </trkpt>
      <trkpt lat="37.133356" lon="-3.432247">
        <ele>1558.6</ele>
      </trkpt>
      <trkpt lat="37.133355" lon="-3.4322">
        <ele>1558.8</ele>
      </trkpt>
      <trkpt lat="37.133351" lon="-3.432155">
        <ele>1559.2</ele>
      </trkpt>
      <trkpt lat="37.13335" lon="-3.43211">
        <ele>1559.4</ele>
      </trkpt>
      <trkpt lat="37.133346" lon="-3.432067">
        <ele>1560.0</ele>
      </trkpt>
      <trkpt lat="37.133343" lon="-3.432024">
        <ele>1560.4</ele>
      </trkpt>
      <trkpt lat="37.13335" lon="-3.431978">
        <ele>1560.6</ele>
      </trkpt>
      <trkpt lat="37.133363" lon="-3.431934">
        <ele>1560.8</ele>
      </trkpt>
      <trkpt lat="37.13338" lon="-3.431893">
        <ele>1561.2</ele>
      </trkpt>
      <trkpt lat="37.133403" lon="-3.431852">
        <ele>1561.6</ele>
      </trkpt>
      <trkpt lat="37.133428" lon="-3.431813">
        <ele>1562.2</ele>
      </trkpt>
      <trkpt lat="37.133455" lon="-3.431777">
        <ele>1562.6</ele>
      </trkpt>
      <trkpt lat="37.133483" lon="-3.431743">
        <ele>1563.0</ele>
      </trkpt>
      <trkpt lat="37.133512" lon="-3.431713">
        <ele>1563.2</ele>
      </trkpt>
      <trkpt lat="37.133544" lon="-3.431688">
        <ele>1563.6</ele>
      </trkpt>
      <trkpt lat="37.133574" lon="-3.431665">
        <ele>1563.8</ele>
      </trkpt>
      <trkpt lat="37.133604" lon="-3.431643">
        <ele>1564.4</ele>
      </trkpt>
      <trkpt lat="37.133637" lon="-3.431623">
        <ele>1564.8</ele>
      </trkpt>
      <trkpt lat="37.133672" lon="-3.431606">
        <ele>1565.0</ele>
      </trkpt>
      <trkpt lat="37.133703" lon="-3.43158">
        <ele>1565.8</ele>
      </trkpt>
      <trkpt lat="37.133731" lon="-3.431553">
        <ele>1566.4</ele>
      </trkpt>
      <trkpt lat="37.133755" lon="-3.431522">
        <ele>1566.8</ele>
      </trkpt>
      <trkpt lat="37.133778" lon="-3.431488">
        <ele>1567.0</ele>
      </trkpt>
      <trkpt lat="37.133798" lon="-3.431458">
        <ele>1567.2</ele>
      </trkpt>
      <trkpt lat="37.133815" lon="-3.431432">
        <ele>1567.4</ele>
      </trkpt>
      <trkpt lat="37.133826" lon="-3.431398">
        <ele>1567.4</ele>
      </trkpt>
      <trkpt lat="37.133842" lon="-3.431359">
        <ele>1567.6</ele>
      </trkpt>
      <trkpt lat="37.133857" lon="-3.431321">
        <ele>1567.6</ele>
      </trkpt>
      <trkpt lat="37.133874" lon="-3.43128">
        <ele>1567.6</ele>
      </trkpt>
      <trkpt lat="37.13389" lon="-3.431234">
        <ele>1567.8</ele>
      </trkpt>
      <trkpt lat="37.133905" lon="-3.431187">
        <ele>1568.2</ele>
      </trkpt>
      <trkpt lat="37.133916" lon="-3.431135">
        <ele>1568.4</ele>
      </trkpt>
      <trkpt lat="37.13393" lon="-3.431087">
        <ele>1568.2</ele>
      </trkpt>
      <trkpt lat="37.133943" lon="-3.431038">
        <ele>1568.6</ele>
      </trkpt>
      <trkpt lat="37.133957" lon="-3.430993">
        <ele>1568.6</ele>
      </trkpt>
      <trkpt lat="37.133975" lon="-3.43095">
        <ele>1568.8</ele>
      </trkpt>
      <trkpt lat="37.133993" lon="-3.430909">
        <ele>1569.2</ele>
      </trkpt>
      <trkpt lat="37.134013" lon="-3.430869">
        <ele>1569.4</ele>
      </trkpt>
      <trkpt lat="37.134033" lon="-3.430824">
        <ele>1569.6</ele>
      </trkpt>
      <trkpt lat="37.134055" lon="-3.430782">
        <ele>1569.8</ele>
      </trkpt>
      <trkpt lat="37.134084" lon="-3.430743">
        <ele>1570.2</ele>
      </trkpt>
      <trkpt lat="37.13411" lon="-3.430709">
        <ele>1570.4</ele>
      </trkpt>
      <trkpt lat="37.13413" lon="-3.430668">
        <ele>1570.6</ele>
      </trkpt>
      <trkpt lat="37.13415" lon="-3.430632">
        <ele>1570.8</ele>
      </trkpt>
      <trkpt lat="37.134169" lon="-3.430599">
        <ele>1571.0</ele>
      </trkpt>
      <trkpt lat="37.134187" lon="-3.430558">
        <ele>1571.4</ele>
      </trkpt>
      <trkpt lat="37.134208" lon="-3.430519">
        <ele>1571.8</ele>
      </trkpt>
      <trkpt lat="37.134225" lon="-3.430479">
        <ele>1572.2</ele>
      </trkpt>
      <trkpt lat="37.134239" lon="-3.430437">
        <ele>1572.4</ele>
      </trkpt>
      <trkpt lat="37.134255" lon="-3.430398">
        <ele>1572.6</ele>
      </trkpt>
      <trkpt lat="37.134267" lon="-3.430356">
        <ele>1572.8</ele>
      </trkpt>
      <trkpt lat="37.134279" lon="-3.430313">
        <ele>1573.0</ele>
      </trkpt>
      <trkpt lat="37.134296" lon="-3.430269">
        <ele>1573.2</ele>
      </trkpt>
      <trkpt lat="37.13431" lon="-3.430224">
        <ele>1573.4</ele>
      </trkpt>
      <trkpt lat="37.134323" lon="-3.430183">
        <ele>1573.6</ele>
      </trkpt>
      <trkpt lat="37.134333" lon="-3.430141">
        <ele>1573.8</ele>
      </trkpt>
      <trkpt lat="37.134341" lon="-3.430094">
        <ele>1574.2</ele>
      </trkpt>
      <trkpt lat="37.134352" lon="-3.430049">
        <ele>1574.8</ele>
      </trkpt>
      <trkpt lat="37.134363" lon="-3.430007">
        <ele>1575.2</ele>
      </trkpt>
      <trkpt lat="37.134373" lon="-3.429966">
        <ele>1575.4</ele>
      </trkpt>
      <trkpt lat="37.134383" lon="-3.429927">
        <ele>1575.6</ele>
      </trkpt>
      <trkpt lat="37.134397" lon="-3.429886">
        <ele>1575.8</ele>
      </trkpt>
      <trkpt lat="37.134412" lon="-3.429843">
        <ele>1576.0</ele>
      </trkpt>
      <trkpt lat="37.134431" lon="-3.429799">
        <ele>1576.2</ele>
      </trkpt>
      <trkpt lat="37.134448" lon="-3.429761">
        <ele>1577.0</ele>
      </trkpt>
      <trkpt lat="37.134465" lon="-3.429727">
        <ele>1577.6</ele>
      </trkpt>
      <trkpt lat="37.134479" lon="-3.429692">
        <ele>1578.0</ele>
      </trkpt>
      <trkpt lat="37.134498" lon="-3.429656">
        <ele>1578.4</ele>
      </trkpt>
      <trkpt lat="37.134514" lon="-3.429616">
        <ele>1578.8</ele>
      </trkpt>
      <trkpt lat="37.134529" lon="-3.429576">
        <ele>1579.2</ele>
      </trkpt>
      <trkpt lat="37.134551" lon="-3.429537">
        <ele>1579.2</ele>
      </trkpt>
      <trkpt lat="37.134566" lon="-3.429499">
        <ele>1579.6</ele>
      </trkpt>
      <trkpt lat="37.134582" lon="-3.429464">
        <ele>1579.6</ele>
      </trkpt>
      <trkpt lat="37.1346" lon="-3.429426">
        <ele>1579.6</ele>
      </trkpt>
      <trkpt lat="37.134617" lon="-3.429385">
        <ele>1579.6</ele>
      </trkpt>
      <trkpt lat="37.134638" lon="-3.429345">
        <ele>1579.8</ele>
      </trkpt>
      <trkpt lat="37.134657" lon="-3.429295">
        <ele>1580.0</ele>
      </trkpt>
      <trkpt lat="37.134675" lon="-3.429239">
        <ele>1580.0</ele>
      </trkpt>
      <trkpt lat="37.13469" lon="-3.429185">
        <ele>1580.2</ele>
      </trkpt>
      <trkpt lat="37.134699" lon="-3.429131">
        <ele>1580.4</ele>
      </trkpt>
      <trkpt lat="37.134708" lon="-3.42908">
        <ele>1580.6</ele>
      </trkpt>
      <trkpt lat="37.134715" lon="-3.429027">
        <ele>1581.0</ele>
      </trkpt>
      <trkpt lat="37.134722" lon="-3.428976">
        <ele>1581.6</ele>
      </trkpt>
      <trkpt lat="37.134725" lon="-3.428925">
        <ele>1582.0</ele>
      </trkpt>
      <trkpt lat="37.134727" lon="-3.428872">
        <ele>1582.4</ele>
      </trkpt>
      <trkpt lat="37.13473" lon="-3.428825">
        <ele>1582.6</ele>
      </trkpt>
      <trkpt lat="37.134734" lon="-3.42878">
        <ele>1582.8</ele>
      </trkpt>
      <trkpt lat="37.134739" lon="-3.428738">
        <ele>1583.0</ele>
      </trkpt>
      <trkpt lat="37.13474" lon="-3.428699">
        <ele>1583.2</ele>
      </trkpt>
      <trkpt lat="37.13474" lon="-3.428651">
        <ele>1583.6</ele>
      </trkpt>
      <trkpt lat="37.134746" lon="-3.428598">
        <ele>1584.2</ele>
      </trkpt>
      <trkpt lat="37.134753" lon="-3.428548">
        <ele>1584.4</ele>
      </trkpt>
      <trkpt lat="37.134759" lon="-3.428497">
        <ele>1584.8</ele>
      </trkpt>
      <trkpt lat="37.134766" lon="-3.428445">
        <ele>1585.2</ele>
      </trkpt>
      <trkpt lat="37.134774" lon="-3.428397">
        <ele>1585.4</ele>
      </trkpt>
      <trkpt lat="37.134783" lon="-3.428347">
        <ele>1585.8</ele>
      </trkpt>
      <trkpt lat="37.134793" lon="-3.4283">
        <ele>1586.2</ele>
      </trkpt>
      <trkpt lat="37.134804" lon="-3.428254">
        <ele>1586.4</ele>
      </trkpt>
      <trkpt lat="37.134815" lon="-3.428209">
        <ele>1586.8</ele>
      </trkpt>
      <trkpt lat="37.134825" lon="-3.428165">
        <ele>1587.2</ele>
      </trkpt>
      <trkpt lat="37.134836" lon="-3.42812">
        <ele>1587.6</ele>
      </trkpt>
      <trkpt lat="37.134845" lon="-3.428077">
        <ele>1587.8</ele>
      </trkpt>
      <trkpt lat="37.134852" lon="-3.428033">
        <ele>1588.0</ele>
      </trkpt>
      <trkpt lat="37.13486" lon="-3.427988">
        <ele>1588.2</ele>
      </trkpt>
      <trkpt lat="37.134862" lon="-3.427946">
        <ele>1588.4</ele>
      </trkpt>
      <trkpt lat="37.134863" lon="-3.427905">
        <ele>1588.8</ele>
      </trkpt>
      <trkpt lat="37.134859" lon="-3.427859">
        <ele>1589.2</ele>
      </trkpt>
      <trkpt lat="37.134852" lon="-3.427814">
        <ele>1589.6</ele>
      </trkpt>
      <trkpt lat="37.134845" lon="-3.427771">
        <ele>1590.0</ele>
      </trkpt>
      <trkpt lat="37.134833" lon="-3.427733">
        <ele>1590.2</ele>
      </trkpt>
      <trkpt lat="37.134819" lon="-3.427692">
        <ele>1590.4</ele>
      </trkpt>
      <trkpt lat="37.134804" lon="-3.427653">
        <ele>1590.6</ele>
      </trkpt>
      <trkpt lat="37.134785" lon="-3.427613">
        <ele>1591.0</ele>
      </trkpt>
      <trkpt lat="37.134764" lon="-3.427575">
        <ele>1591.2</ele>
      </trkpt>
      <trkpt lat="37.134743" lon="-3.427539">
        <ele>1591.4</ele>
      </trkpt>
      <trkpt lat="37.13472" lon="-3.427507">
        <ele>1591.8</ele>
      </trkpt>
      <trkpt lat="37.134693" lon="-3.427481">
        <ele>1592.0</ele>
      </trkpt>
      <trkpt lat="37.13466" lon="-3.427462">
        <ele>1592.4</ele>
      </trkpt>
      <trkpt lat="37.134629" lon="-3.427458">
        <ele>1592.8</ele>
      </trkpt>
      <trkpt lat="37.134599" lon="-3.42746">
        <ele>1593.2</ele>
      </trkpt>
      <trkpt lat="37.134575" lon="-3.427476">
        <ele>1593.6</ele>
      </trkpt>
      <trkpt lat="37.134557" lon="-3.427503">
        <ele>1593.6</ele>
      </trkpt>
      <trkpt lat="37.13455" lon="-3.427539">
        <ele>1593.8</ele>
      </trkpt>
      <trkpt lat="37.134548" lon="-3.427581">
        <ele>1594.2</ele>
      </trkpt>
      <trkpt lat="37.13455" lon="-3.42762">
        <ele>1594.6</ele>
      </trkpt>
      <trkpt lat="37.134553" lon="-3.427658">
        <ele>1595.0</ele>
      </trkpt>
      <trkpt lat="37.134558" lon="-3.427695">
        <ele>1595.4</ele>
      </trkpt>
      <trkpt lat="37.134561" lon="-3.427732">
        <ele>1595.6</ele>
      </trkpt>
      <trkpt lat="37.134564" lon="-3.427769">
        <ele>1595.8</ele>
      </trkpt>
      <trkpt lat="37.134566" lon="-3.427808">
        <ele>1596.0</ele>
      </trkpt>
      <trkpt lat="37.134566" lon="-3.427846">
        <ele>1596.2</ele>
      </trkpt>
      <trkpt lat="37.134563" lon="-3.427886">
        <ele>1596.4</ele>
      </trkpt>
      <trkpt lat="37.134556" lon="-3.427925">
        <ele>1596.6</ele>
      </trkpt>
      <trkpt lat="37.134546" lon="-3.427964">
        <ele>1597.0</ele>
      </trkpt>
      <trkpt lat="37.134532" lon="-3.428001">
        <ele>1597.4</ele>
      </trkpt>
      <trkpt lat="37.134514" lon="-3.428036">
        <ele>1597.6</ele>
      </trkpt>
      <trkpt lat="37.134493" lon="-3.428067">
        <ele>1598.2</ele>
      </trkpt>
      <trkpt lat="37.134468" lon="-3.428095">
        <ele>1598.4</ele>
      </trkpt>
      <trkpt lat="37.134442" lon="-3.428124">
        <ele>1598.6</ele>
      </trkpt>
      <trkpt lat="37.134412" lon="-3.42815">
        <ele>1598.8</ele>
      </trkpt>
      <trkpt lat="37.134382" lon="-3.428174">
        <ele>1599.0</ele>
      </trkpt>
      <trkpt lat="37.13435" lon="-3.428196">
        <ele>1599.2</ele>
      </trkpt>
      <trkpt lat="37.134317" lon="-3.428218">
        <ele>1599.4</ele>
      </trkpt>
      <trkpt lat="37.134285" lon="-3.428241">
        <ele>1599.8</ele>
      </trkpt>
      <trkpt lat="37.13425" lon="-3.42826">
        <ele>1600.0</ele>
      </trkpt>
      <trkpt lat="37.134218" lon="-3.428282">
        <ele>1600.0</ele>
      </trkpt>
      <trkpt lat="37.134188" lon="-3.428303">
        <ele>1600.2</ele>
      </trkpt>
      <trkpt lat="37.134162" lon="-3.428325">
        <ele>1600.2</ele>
      </trkpt>
      <trkpt lat="37.134135" lon="-3.428347">
        <ele>1600.6</ele>
      </trkpt>
      <trkpt lat="37.134111" lon="-3.428368">
        <ele>1601.0</ele>
      </trkpt>
      <trkpt lat="37.134085" lon="-3.428393">
        <ele>1601.2</ele>
      </trkpt>
      <trkpt lat="37.134056" lon="-3.428421">
        <ele>1601.6</ele>
      </trkpt>
      <trkpt lat="37.134028" lon="-3.428448">
        <ele>1601.8</ele>
      </trkpt>
      <trkpt lat="37.133999" lon="-3.428473">
        <ele>1602.2</ele>
      </trkpt>
      <trkpt lat="37.133971" lon="-3.428499">
        <ele>1602.4</ele>
      </trkpt>
      <trkpt lat="37.133945" lon="-3.428527">
        <ele>1602.4</ele>
      </trkpt>
      <trkpt lat="37.13392" lon="-3.428555">
        <ele>1602.6</ele>
      </trkpt>
      <trkpt lat="37.133896" lon="-3.428585">
        <ele>1602.8</ele>
      </trkpt>
      <trkpt lat="37.133872" lon="-3.428615">
        <ele>1603.2</ele>
      </trkpt>
      <trkpt lat="37.133849" lon="-3.428646">
        <ele>1603.6</ele>
      </trkpt>
      <trkpt lat="37.133828" lon="-3.428683">
        <ele>1603.8</ele>
      </trkpt>
      <trkpt lat="37.133806" lon="-3.428719">
        <ele>1604.0</ele>
      </trkpt>
      <trkpt lat="37.133784" lon="-3.428755">
        <ele>1604.2</ele>
      </trkpt>
      <trkpt lat="37.133762" lon="-3.428791">
        <ele>1604.4</ele>
      </trkpt>
      <trkpt lat="37.133741" lon="-3.428829">
        <ele>1604.6</ele>
      </trkpt>
      <trkpt lat="37.133714" lon="-3.428868">
        <ele>1604.8</ele>
      </trkpt>
      <trkpt lat="37.133686" lon="-3.428904">
        <ele>1605.2</ele>
      </trkpt>
      <trkpt lat="37.133657" lon="-3.428937">
        <ele>1605.4</ele>
      </trkpt>
      <trkpt lat="37.133628" lon="-3.428975">
        <ele>1605.6</ele>
      </trkpt>
      <trkpt lat="37.133599" lon="-3.429013">
        <ele>1605.6</ele>
      </trkpt>
      <trkpt lat="37.133571" lon="-3.429052">
        <ele>1605.8</ele>
      </trkpt>
      <trkpt lat="37.133538" lon="-3.429085">
        <ele>1606.0</ele>
      </trkpt>
      <trkpt lat="37.133508" lon="-3.429124">
        <ele>1606.2</ele>
      </trkpt>
      <trkpt lat="37.133478" lon="-3.429164">
        <ele>1606.4</ele>
      </trkpt>
      <trkpt lat="37.133449" lon="-3.429201">
        <ele>1606.6</ele>
      </trkpt>
      <trkpt lat="37.133423" lon="-3.42924">
        <ele>1607.0</ele>
      </trkpt>
      <trkpt lat="37.133397" lon="-3.429275">
        <ele>1607.2</ele>
      </trkpt>
      <trkpt lat="37.133372" lon="-3.42931">
        <ele>1607.4</ele>
      </trkpt>
      <trkpt lat="37.133346" lon="-3.429343">
        <ele>1607.4</ele>
      </trkpt>
      <trkpt lat="37.133318" lon="-3.429376">
        <ele>1607.8</ele>
      </trkpt>
      <trkpt lat="37.13329" lon="-3.429408">
        <ele>1608.0</ele>
      </trkpt>
      <trkpt lat="37.133262" lon="-3.42944">
        <ele>1608.4</ele>
      </trkpt>
      <trkpt lat="37.133234" lon="-3.429472">
        <ele>1608.4</ele>
      </trkpt>
      <trkpt lat="37.133207" lon="-3.429506">
        <ele>1608.8</ele>
      </trkpt>
      <trkpt lat="37.133179" lon="-3.429537">
        <ele>1609.0</ele>
      </trkpt>
      <trkpt lat="37.133151" lon="-3.429568">
        <ele>1609.2</ele>
      </trkpt>
      <trkpt lat="37.133122" lon="-3.429598">
        <ele>1609.6</ele>
      </trkpt>
      <trkpt lat="37.133094" lon="-3.429629">
        <ele>1609.8</ele>
      </trkpt>
      <trkpt lat="37.133067" lon="-3.429658">
        <ele>1610.0</ele>
      </trkpt>
      <trkpt lat="37.133038" lon="-3.429686">
        <ele>1610.2</ele>
      </trkpt>
      <trkpt lat="37.133006" lon="-3.429709">
        <ele>1610.4</ele>
      </trkpt>
      <trkpt lat="37.132978" lon="-3.429729">
        <ele>1610.6</ele>
      </trkpt>
      <trkpt lat="37.132948" lon="-3.429745">
        <ele>1610.8</ele>
      </trkpt>
      <trkpt lat="37.132919" lon="-3.429757">
        <ele>1611.2</ele>
      </trkpt>
      <trkpt lat="37.132887" lon="-3.429766">
        <ele>1611.6</ele>
      </trkpt>
      <trkpt lat="37.132855" lon="-3.42977">
        <ele>1611.8</ele>
      </trkpt>
      <trkpt lat="37.132824" lon="-3.429765">
        <ele>1612.0</ele>
      </trkpt>
      <trkpt lat="37.132794" lon="-3.429754">
        <ele>1612.4</ele>
      </trkpt>
      <trkpt lat="37.132766" lon="-3.429741">
        <ele>1612.8</ele>
      </trkpt>
      <trkpt lat="37.13274" lon="-3.429725">
        <ele>1613.2</ele>
      </trkpt>
      <trkpt lat="37.132715" lon="-3.42971">
        <ele>1613.6</ele>
      </trkpt>
      <trkpt lat="37.132692" lon="-3.429686">
        <ele>1614.0</ele>
      </trkpt>
      <trkpt lat="37.132676" lon="-3.429665">
        <ele>1614.4</ele>
      </trkpt>
      <trkpt lat="37.132663" lon="-3.429641">
        <ele>1614.6</ele>
      </trkpt>
      <trkpt lat="37.132663" lon="-3.429606">
        <ele>1614.8</ele>
      </trkpt>
      <trkpt lat="37.132667" lon="-3.42957">
        <ele>1615.0</ele>
      </trkpt>
      <trkpt lat="37.132679" lon="-3.429532">
        <ele>1615.4</ele>
      </trkpt>
      <trkpt lat="37.132691" lon="-3.429493">
        <ele>1616.0</ele>
      </trkpt>
      <trkpt lat="37.132708" lon="-3.429459">
        <ele>1616.4</ele>
      </trkpt>
      <trkpt lat="37.13273" lon="-3.429421">
        <ele>1616.8</ele>
      </trkpt>
      <trkpt lat="37.132751" lon="-3.429384">
        <ele>1617.0</ele>
      </trkpt>
      <trkpt lat="37.132771" lon="-3.429348">
        <ele>1617.2</ele>
      </trkpt>
      <trkpt lat="37.132795" lon="-3.42931">
        <ele>1617.4</ele>
      </trkpt>
      <trkpt lat="37.132822" lon="-3.429273">
        <ele>1617.8</ele>
      </trkpt>
      <trkpt lat="37.132849" lon="-3.429237">
        <ele>1618.2</ele>
      </trkpt>
      <trkpt lat="37.132875" lon="-3.429201">
        <ele>1618.6</ele>
      </trkpt>
      <trkpt lat="37.1329" lon="-3.429167">
        <ele>1619.0</ele>
      </trkpt>
      <trkpt lat="37.132927" lon="-3.429131">
        <ele>1619.2</ele>
      </trkpt>
      <trkpt lat="37.132955" lon="-3.429094">
        <ele>1619.6</ele>
      </trkpt>
      <trkpt lat="37.132983" lon="-3.429059">
        <ele>1620.2</ele>
      </trkpt>
      <trkpt lat="37.133011" lon="-3.429027">
        <ele>1620.6</ele>
      </trkpt>
      <trkpt lat="37.133032" lon="-3.42899">
        <ele>1621.0</ele>
      </trkpt>
      <trkpt lat="37.133053" lon="-3.428954">
        <ele>1621.2</ele>
      </trkpt>
      <trkpt lat="37.133068" lon="-3.428916">
        <ele>1621.4</ele>
      </trkpt>
      <trkpt lat="37.133083" lon="-3.428878">
        <ele>1621.6</ele>
      </trkpt>
      <trkpt lat="37.133092" lon="-3.42884">
        <ele>1621.8</ele>
      </trkpt>
      <trkpt lat="37.1331" lon="-3.428803">
        <ele>1622.0</ele>
      </trkpt>
      <trkpt lat="37.133105" lon="-3.428766">
        <ele>1622.0</ele>
      </trkpt>
      <trkpt lat="37.133105" lon="-3.428733">
        <ele>1622.2</ele>
      </trkpt>
      <trkpt lat="37.133108" lon="-3.428695">
        <ele>1622.4</ele>
      </trkpt>
      <trkpt lat="37.133112" lon="-3.428654">
        <ele>1622.4</ele>
      </trkpt>
      <trkpt lat="37.133113" lon="-3.428611">
        <ele>1622.4</ele>
      </trkpt>
      <trkpt lat="37.133111" lon="-3.428569">
        <ele>1622.8</ele>
      </trkpt>
      <trkpt lat="37.133113" lon="-3.428525">
        <ele>1623.0</ele>
      </trkpt>
      <trkpt lat="37.133111" lon="-3.428482">
        <ele>1623.2</ele>
      </trkpt>
      <trkpt lat="37.133113" lon="-3.42844">
        <ele>1623.6</ele>
      </trkpt>
      <trkpt lat="37.133117" lon="-3.428402">
        <ele>1624.0</ele>
      </trkpt>
      <trkpt lat="37.133122" lon="-3.428363">
        <ele>1624.4</ele>
      </trkpt>
      <trkpt lat="37.133128" lon="-3.428331">
        <ele>1624.8</ele>
      </trkpt>
      <trkpt lat="37.133132" lon="-3.428296">
        <ele>1625.4</ele>
      </trkpt>
      <trkpt lat="37.133131" lon="-3.428261">
        <ele>1625.6</ele>
      </trkpt>
      <trkpt lat="37.133131" lon="-3.428227">
        <ele>1626.0</ele>
      </trkpt>
      <trkpt lat="37.13314" lon="-3.428188">
        <ele>1626.2</ele>
      </trkpt>
      <trkpt lat="37.133144" lon="-3.428151">
        <ele>1626.6</ele>
      </trkpt>
      <trkpt lat="37.133151" lon="-3.428112">
        <ele>1627.0</ele>
      </trkpt>
      <trkpt lat="37.133161" lon="-3.428071">
        <ele>1627.2</ele>
      </trkpt>
      <trkpt lat="37.133173" lon="-3.428031">
        <ele>1627.4</ele>
      </trkpt>
      <trkpt lat="37.133183" lon="-3.427992">
        <ele>1627.8</ele>
      </trkpt>
      <trkpt lat="37.133192" lon="-3.427951">
        <ele>1628.0</ele>
      </trkpt>
      <trkpt lat="37.133204" lon="-3.427908">
        <ele>1628.2</ele>
      </trkpt>
      <trkpt lat="37.133222" lon="-3.427865">
        <ele>1628.4</ele>
      </trkpt>
      <trkpt lat="37.13323" lon="-3.427827">
        <ele>1628.4</ele>
      </trkpt>
      <trkpt lat="37.133238" lon="-3.427784">
        <ele>1628.6</ele>
      </trkpt>
      <trkpt lat="37.133248" lon="-3.427733">
        <ele>1628.6</ele>
      </trkpt>
      <trkpt lat="37.13326" lon="-3.42768">
        <ele>1629.0</ele>
      </trkpt>
      <trkpt lat="37.133267" lon="-3.427631">
        <ele>1629.2</ele>
      </trkpt>
      <trkpt lat="37.133283" lon="-3.427582">
        <ele>1629.6</ele>
      </trkpt>
      <trkpt lat="37.133293" lon="-3.427538">
        <ele>1630.0</ele>
      </trkpt>
      <trkpt lat="37.133302" lon="-3.427491">
        <ele>1630.4</ele>
      </trkpt>
      <trkpt lat="37.133314" lon="-3.427447">
        <ele>1631.0</ele>
      </trkpt>
      <trkpt lat="37.133324" lon="-3.427405">
        <ele>1631.2</ele>
      </trkpt>
      <trkpt lat="37.133337" lon="-3.427362">
        <ele>1631.4</ele>
      </trkpt>
      <trkpt lat="37.13335" lon="-3.427324">
        <ele>1631.6</ele>
      </trkpt>
      <trkpt lat="37.133364" lon="-3.427284">
        <ele>1631.8</ele>
      </trkpt>
      <trkpt lat="37.133378" lon="-3.427244">
        <ele>1631.8</ele>
      </trkpt>
      <trkpt lat="37.133388" lon="-3.427208">
        <ele>1632.0</ele>
      </trkpt>
      <trkpt lat="37.133395" lon="-3.42717">
        <ele>1632.2</ele>
      </trkpt>
      <trkpt lat="37.133402" lon="-3.42713">
        <ele>1632.4</ele>
      </trkpt>
      <trkpt lat="37.133407" lon="-3.427087">
        <ele>1632.6</ele>
      </trkpt>
      <trkpt lat="37.133409" lon="-3.427043">
        <ele>1633.2</ele>
      </trkpt>
      <trkpt lat="37.133407" lon="-3.426997">
        <ele>1633.4</ele>
      </trkpt>
      <trkpt lat="37.133401" lon="-3.42696">
        <ele>1633.8</ele>
      </trkpt>
      <trkpt lat="37.133392" lon="-3.426919">
        <ele>1634.2</ele>
      </trkpt>
      <trkpt lat="37.133382" lon="-3.426872">
        <ele>1634.4</ele>
      </trkpt>
      <trkpt lat="37.133368" lon="-3.426829">
        <ele>1634.8</ele>
      </trkpt>
      <trkpt lat="37.133347" lon="-3.42679">
        <ele>1635.0</ele>
      </trkpt>
      <trkpt lat="37.133326" lon="-3.426761">
        <ele>1635.4</ele>
      </trkpt>
      <trkpt lat="37.1333" lon="-3.426735">
        <ele>1635.6</ele>
      </trkpt>
      <trkpt lat="37.133272" lon="-3.426716">
        <ele>1636.0</ele>
      </trkpt>
      <trkpt lat="37.133242" lon="-3.426702">
        <ele>1636.4</ele>
      </trkpt>
      <trkpt lat="37.133213" lon="-3.426694">
        <ele>1636.6</ele>
      </trkpt>
      <trkpt lat="37.133187" lon="-3.426691">
        <ele>1636.8</ele>
      </trkpt>
      <trkpt lat="37.133159" lon="-3.426687">
        <ele>1637.0</ele>
      </trkpt>
      <trkpt lat="37.133132" lon="-3.426691">
        <ele>1637.4</ele>
      </trkpt>
      <trkpt lat="37.133106" lon="-3.426705">
        <ele>1637.6</ele>
      </trkpt>
      <trkpt lat="37.133079" lon="-3.426725">
        <ele>1638.0</ele>
      </trkpt>
      <trkpt lat="37.133056" lon="-3.426749">
        <ele>1638.2</ele>
      </trkpt>
      <trkpt lat="37.133035" lon="-3.426788">
        <ele>1638.6</ele>
      </trkpt>
      <trkpt lat="37.133015" lon="-3.426822">
        <ele>1638.8</ele>
      </trkpt>
      <trkpt lat="37.132992" lon="-3.426857">
        <ele>1639.0</ele>
      </trkpt>
      <trkpt lat="37.132969" lon="-3.426891">
        <ele>1639.4</ele>
      </trkpt>
      <trkpt lat="37.132948" lon="-3.426931">
        <ele>1639.6</ele>
      </trkpt>
      <trkpt lat="37.132929" lon="-3.426969">
        <ele>1639.8</ele>
      </trkpt>
      <trkpt lat="37.132911" lon="-3.427003">
        <ele>1640.0</ele>
      </trkpt>
      <trkpt lat="37.132892" lon="-3.427039">
        <ele>1640.2</ele>
      </trkpt>
      <trkpt lat="37.132871" lon="-3.427073">
        <ele>1640.4</ele>
      </trkpt>
      <trkpt lat="37.13285" lon="-3.427105">
        <ele>1640.8</ele>
      </trkpt>
      <trkpt lat="37.132829" lon="-3.427136">
        <ele>1641.2</ele>
      </trkpt>
      <trkpt lat="37.132804" lon="-3.427162">
        <ele>1641.4</ele>
      </trkpt>
      <trkpt lat="37.13278" lon="-3.42719">
        <ele>1641.6</ele>
      </trkpt>
      <trkpt lat="37.132755" lon="-3.427217">
        <ele>1642.0</ele>
      </trkpt>
      <trkpt lat="37.132729" lon="-3.427243">
        <ele>1642.2</ele>
      </trkpt>
      <trkpt lat="37.132706" lon="-3.427273">
        <ele>1642.6</ele>
      </trkpt>
      <trkpt lat="37.13268" lon="-3.427302">
        <ele>1643.0</ele>
      </trkpt>
      <trkpt lat="37.132657" lon="-3.42733">
        <ele>1643.2</ele>
      </trkpt>
      <trkpt lat="37.132627" lon="-3.427356">
        <ele>1643.4</ele>
      </trkpt>
      <trkpt lat="37.1326" lon="-3.427384">
        <ele>1643.4</ele>
      </trkpt>
      <trkpt lat="37.132574" lon="-3.427412">
        <ele>1643.6</ele>
      </trkpt>
      <trkpt lat="37.132542" lon="-3.42744">
        <ele>1644.0</ele>
      </trkpt>
      <trkpt lat="37.132508" lon="-3.427466">
        <ele>1644.4</ele>
      </trkpt>
      <trkpt lat="37.132478" lon="-3.427491">
        <ele>1644.6</ele>
      </trkpt>
      <trkpt lat="37.132448" lon="-3.427517">
        <ele>1644.8</ele>
      </trkpt>
      <trkpt lat="37.132421" lon="-3.427547">
        <ele>1645.2</ele>
      </trkpt>
      <trkpt lat="37.132393" lon="-3.427574">
        <ele>1645.6</ele>
      </trkpt>
      <trkpt lat="37.132368" lon="-3.427601">
        <ele>1646.0</ele>
      </trkpt>
      <trkpt lat="37.132341" lon="-3.427629">
        <ele>1646.4</ele>
      </trkpt>
      <trkpt lat="37.132319" lon="-3.427662">
        <ele>1646.8</ele>
      </trkpt>
      <trkpt lat="37.132298" lon="-3.427695">
        <ele>1647.0</ele>
      </trkpt>
      <trkpt lat="37.132274" lon="-3.427728">
        <ele>1647.4</ele>
      </trkpt>
      <trkpt lat="37.132251" lon="-3.427761">
        <ele>1647.6</ele>
      </trkpt>
      <trkpt lat="37.132229" lon="-3.427793">
        <ele>1647.8</ele>
      </trkpt>
      <trkpt lat="37.132206" lon="-3.427824">
        <ele>1648.0</ele>
      </trkpt>
      <trkpt lat="37.132183" lon="-3.427855">
        <ele>1648.2</ele>
      </trkpt>
      <trkpt lat="37.132163" lon="-3.427887">
        <ele>1648.4</ele>
      </trkpt>
      <trkpt lat="37.13214" lon="-3.427922">
        <ele>1648.4</ele>
      </trkpt>
      <trkpt lat="37.132118" lon="-3.427957">
        <ele>1648.8</ele>
      </trkpt>
      <trkpt lat="37.132095" lon="-3.427989">
        <ele>1649.2</ele>
      </trkpt>
      <trkpt lat="37.132071" lon="-3.428023">
        <ele>1649.4</ele>
      </trkpt>
      <trkpt lat="37.132046" lon="-3.428057">
        <ele>1649.8</ele>
      </trkpt>
      <trkpt lat="37.132022" lon="-3.428088">
        <ele>1649.8</ele>
      </trkpt>
      <trkpt lat="37.131997" lon="-3.428117">
        <ele>1650.0</ele>
      </trkpt>
      <trkpt lat="37.131973" lon="-3.428143">
        <ele>1650.2</ele>
      </trkpt>
      <trkpt lat="37.131949" lon="-3.428172">
        <ele>1650.4</ele>
      </trkpt>
      <trkpt lat="37.131921" lon="-3.428199">
        <ele>1650.8</ele>
      </trkpt>
      <trkpt lat="37.131893" lon="-3.428227">
        <ele>1651.0</ele>
      </trkpt>
      <trkpt lat="37.131866" lon="-3.428256">
        <ele>1651.4</ele>
      </trkpt>
      <trkpt lat="37.131841" lon="-3.428287">
        <ele>1651.6</ele>
      </trkpt>
      <trkpt lat="37.131817" lon="-3.428317">
        <ele>1651.8</ele>
      </trkpt>
      <trkpt lat="37.131788" lon="-3.428346">
        <ele>1652.0</ele>
      </trkpt>
      <trkpt lat="37.131757" lon="-3.428374">
        <ele>1652.4</ele>
      </trkpt>
      <trkpt lat="37.131727" lon="-3.428404">
        <ele>1652.6</ele>
      </trkpt>
      <trkpt lat="37.131699" lon="-3.428436">
        <ele>1653.0</ele>
      </trkpt>
      <trkpt lat="37.131672" lon="-3.42847">
        <ele>1653.4</ele>
      </trkpt>
      <trkpt lat="37.131645" lon="-3.428508">
        <ele>1653.6</ele>
      </trkpt>
      <trkpt lat="37.131619" lon="-3.428547">
        <ele>1653.8</ele>
      </trkpt>
      <trkpt lat="37.131595" lon="-3.428584">
        <ele>1654.0</ele>
      </trkpt>
      <trkpt lat="37.131573" lon="-3.428622">
        <ele>1654.2</ele>
      </trkpt>
      <trkpt lat="37.131554" lon="-3.428664">
        <ele>1654.6</ele>
      </trkpt>
      <trkpt lat="37.131531" lon="-3.428703">
        <ele>1654.8</ele>
      </trkpt>
      <trkpt lat="37.13151" lon="-3.428745">
        <ele>1655.2</ele>
      </trkpt>
      <trkpt lat="37.131487" lon="-3.428782">
        <ele>1655.6</ele>
      </trkpt>
      <trkpt lat="37.131464" lon="-3.428817">
        <ele>1655.8</ele>
      </trkpt>
      <trkpt lat="37.131441" lon="-3.428851">
        <ele>1655.8</ele>
      </trkpt>
      <trkpt lat="37.131422" lon="-3.428885">
        <ele>1656.0</ele>
      </trkpt>
      <trkpt lat="37.131407" lon="-3.428922">
        <ele>1655.8</ele>
      </trkpt>
      <trkpt lat="37.131391" lon="-3.428958">
        <ele>1656.0</ele>
      </trkpt>
      <trkpt lat="37.131373" lon="-3.428988">
        <ele>1656.4</ele>
      </trkpt>
      <trkpt lat="37.131352" lon="-3.429017">
        <ele>1656.8</ele>
      </trkpt>
      <trkpt lat="37.13133" lon="-3.429051">
        <ele>1657.0</ele>
      </trkpt>
      <trkpt lat="37.131311" lon="-3.429087">
        <ele>1657.2</ele>
      </trkpt>
      <trkpt lat="37.131293" lon="-3.429119">
        <ele>1657.2</ele>
      </trkpt>
      <trkpt lat="37.131277" lon="-3.429154">
        <ele>1657.4</ele>
      </trkpt>
      <trkpt lat="37.131252" lon="-3.429191">
        <ele>1657.6</ele>
      </trkpt>
      <trkpt lat="37.131226" lon="-3.429224">
        <ele>1658.0</ele>
      </trkpt>
      <trkpt lat="37.131203" lon="-3.429257">
        <ele>1658.2</ele>
      </trkpt>
      <trkpt lat="37.131179" lon="-3.42929">
        <ele>1658.6</ele>
      </trkpt>
      <trkpt lat="37.131149" lon="-3.429331">
        <ele>1658.8</ele>
      </trkpt>
      <trkpt lat="37.131116" lon="-3.429364">
        <ele>1659.0</ele>
      </trkpt>
      <trkpt lat="37.131079" lon="-3.429404">
        <ele>1659.2</ele>
      </trkpt>
      <trkpt lat="37.13104" lon="-3.429433">
        <ele>1659.4</ele>
      </trkpt>
      <trkpt lat="37.131004" lon="-3.429455">
        <ele>1659.6</ele>
      </trkpt>
      <trkpt lat="37.130968" lon="-3.429463">
        <ele>1660.0</ele>
      </trkpt>
      <trkpt lat="37.130934" lon="-3.429466">
        <ele>1660.4</ele>
      </trkpt>
      <trkpt lat="37.130901" lon="-3.429465">
        <ele>1661.0</ele>
      </trkpt>
      <trkpt lat="37.13087" lon="-3.429459">
        <ele>1661.2</ele>
      </trkpt>
      <trkpt lat="37.130844" lon="-3.429449">
        <ele>1661.6</ele>
      </trkpt>
      <trkpt lat="37.130821" lon="-3.429434">
        <ele>1661.8</ele>
      </trkpt>
      <trkpt lat="37.130803" lon="-3.429414">
        <ele>1662.2</ele>
      </trkpt>
      <trkpt lat="37.130789" lon="-3.429389">
        <ele>1662.6</ele>
      </trkpt>
      <trkpt lat="37.130772" lon="-3.429361">
        <ele>1663.0</ele>
      </trkpt>
      <trkpt lat="37.130753" lon="-3.429334">
        <ele>1663.4</ele>
      </trkpt>
      <trkpt lat="37.130737" lon="-3.429308">
        <ele>1663.8</ele>
      </trkpt>
      <trkpt lat="37.130721" lon="-3.429286">
        <ele>1664.2</ele>
      </trkpt>
      <trkpt lat="37.130719" lon="-3.429249">
        <ele>1664.6</ele>
      </trkpt>
      <trkpt lat="37.13072" lon="-3.429218">
        <ele>1665.0</ele>
      </trkpt>
      <trkpt lat="37.130724" lon="-3.429183">
        <ele>1665.2</ele>
      </trkpt>
      <trkpt lat="37.130734" lon="-3.429143">
        <ele>1665.4</ele>
      </trkpt>
      <trkpt lat="37.130744" lon="-3.429107">
        <ele>1665.8</ele>
      </trkpt>
      <trkpt lat="37.130759" lon="-3.429077">
        <ele>1666.0</ele>
      </trkpt>
      <trkpt lat="37.130774" lon="-3.429044">
        <ele>1666.6</ele>
      </trkpt>
      <trkpt lat="37.130792" lon="-3.429011">
        <ele>1667.0</ele>
      </trkpt>
      <trkpt lat="37.130812" lon="-3.428976">
        <ele>1667.2</ele>
      </trkpt>
      <trkpt lat="37.130831" lon="-3.428943">
        <ele>1667.4</ele>
      </trkpt>
      <trkpt lat="37.130849" lon="-3.42891">
        <ele>1667.6</ele>
      </trkpt>
      <trkpt lat="37.130871" lon="-3.428877">
        <ele>1667.6</ele>
      </trkpt>
      <trkpt lat="37.130895" lon="-3.428845">
        <ele>1667.6</ele>
      </trkpt>
      <trkpt lat="37.130916" lon="-3.428815">
        <ele>1667.8</ele>
      </trkpt>
      <trkpt lat="37.130937" lon="-3.428785">
        <ele>1668.0</ele>
      </trkpt>
      <trkpt lat="37.130958" lon="-3.428753">
        <ele>1668.4</ele>
      </trkpt>
      <trkpt lat="37.130979" lon="-3.428718">
        <ele>1668.6</ele>
      </trkpt>
      <trkpt lat="37.131" lon="-3.428685">
        <ele>1669.0</ele>
      </trkpt>
      <trkpt lat="37.131021" lon="-3.428652">
        <ele>1669.2</ele>
      </trkpt>
      <trkpt lat="37.131039" lon="-3.42862">
        <ele>1669.4</ele>
      </trkpt>
      <trkpt lat="37.131057" lon="-3.428587">
        <ele>1669.8</ele>
      </trkpt>
      <trkpt lat="37.131082" lon="-3.428553">
        <ele>1670.4</ele>
      </trkpt>
      <trkpt lat="37.131105" lon="-3.42852">
        <ele>1670.6</ele>
      </trkpt>
      <trkpt lat="37.131122" lon="-3.428488">
        <ele>1670.8</ele>
      </trkpt>
      <trkpt lat="37.131138" lon="-3.428455">
        <ele>1671.0</ele>
      </trkpt>
      <trkpt lat="37.131151" lon="-3.428421">
        <ele>1671.4</ele>
      </trkpt>
      <trkpt lat="37.131164" lon="-3.428386">
        <ele>1671.8</ele>
      </trkpt>
      <trkpt lat="37.131179" lon="-3.428351">
        <ele>1672.0</ele>
      </trkpt>
      <trkpt lat="37.131194" lon="-3.428318">
        <ele>1672.2</ele>
      </trkpt>
      <trkpt lat="37.131207" lon="-3.428284">
        <ele>1672.4</ele>
      </trkpt>
      <trkpt lat="37.131218" lon="-3.428249">
        <ele>1672.6</ele>
      </trkpt>
      <trkpt lat="37.131226" lon="-3.428213">
        <ele>1673.0</ele>
      </trkpt>
      <trkpt lat="37.131234" lon="-3.428177">
        <ele>1673.4</ele>
      </trkpt>
      <trkpt lat="37.131247" lon="-3.428145">
        <ele>1674.0</ele>
      </trkpt>
      <trkpt lat="37.131257" lon="-3.428116">
        <ele>1674.8</ele>
      </trkpt>
      <trkpt lat="37.131269" lon="-3.428084">
        <ele>1675.0</ele>
      </trkpt>
      <trkpt lat="37.131279" lon="-3.428056">
        <ele>1675.0</ele>
      </trkpt>
      <trkpt lat="37.131289" lon="-3.428027">
        <ele>1675.0</ele>
      </trkpt>
      <trkpt lat="37.131298" lon="-3.427998">
        <ele>1675.0</ele>
      </trkpt>
      <trkpt lat="37.131304" lon="-3.427971">
        <ele>1675.2</ele>
      </trkpt>
      <trkpt lat="37.13131" lon="-3.42794">
        <ele>1675.2</ele>
      </trkpt>
      <trkpt lat="37.131316" lon="-3.427909">
        <ele>1675.4</ele>
      </trkpt>
      <trkpt lat="37.131322" lon="-3.427874">
        <ele>1675.6</ele>
      </trkpt>
      <trkpt lat="37.131323" lon="-3.42784">
        <ele>1676.0</ele>
      </trkpt>
      <trkpt lat="37.131323" lon="-3.427809">
        <ele>1676.0</ele>
      </trkpt>
      <trkpt lat="37.131324" lon="-3.427766">
        <ele>1676.4</ele>
      </trkpt>
      <trkpt lat="37.131337" lon="-3.427736">
        <ele>1676.6</ele>
      </trkpt>
      <trkpt lat="37.131341" lon="-3.427705">
        <ele>1677.0</ele>
      </trkpt>
      <trkpt lat="37.131339" lon="-3.427674">
        <ele>1677.2</ele>
      </trkpt>
      <trkpt lat="37.131338" lon="-3.427639">
        <ele>1677.6</ele>
      </trkpt>
      <trkpt lat="37.131338" lon="-3.427594">
        <ele>1677.8</ele>
      </trkpt>
      <trkpt lat="37.131332" lon="-3.42755">
        <ele>1678.2</ele>
      </trkpt>
      <trkpt lat="37.131328" lon="-3.427503">
        <ele>1678.6</ele>
      </trkpt>
      <trkpt lat="37.131324" lon="-3.427461">
        <ele>1678.8</ele>
      </trkpt>
      <trkpt lat="37.131325" lon="-3.427413">
        <ele>1679.0</ele>
      </trkpt>
      <trkpt lat="37.131331" lon="-3.427369">
        <ele>1679.0</ele>
      </trkpt>
      <trkpt lat="37.13133" lon="-3.427324">
        <ele>1679.4</ele>
      </trkpt>
      <trkpt lat="37.131329" lon="-3.427284">
        <ele>1679.8</ele>
      </trkpt>
      <trkpt lat="37.131327" lon="-3.427245">
        <ele>1680.0</ele>
      </trkpt>
      <trkpt lat="37.131322" lon="-3.427207">
        <ele>1680.2</ele>
      </trkpt>
      <trkpt lat="37.131318" lon="-3.427174">
        <ele>1680.2</ele>
      </trkpt>
      <trkpt lat="37.131317" lon="-3.427142">
        <ele>1680.8</ele>
      </trkpt>
      <trkpt lat="37.131313" lon="-3.42711">
        <ele>1681.2</ele>
      </trkpt>
      <trkpt lat="37.13131" lon="-3.427083">
        <ele>1681.6</ele>
      </trkpt>
      <trkpt lat="37.131304" lon="-3.427049">
        <ele>1681.8</ele>
      </trkpt>
      <trkpt lat="37.131299" lon="-3.42701">
        <ele>1682.0</ele>
      </trkpt>
      <trkpt lat="37.131292" lon="-3.426973">
        <ele>1682.2</ele>
      </trkpt>
      <trkpt lat="37.131284" lon="-3.426932">
        <ele>1682.4</ele>
      </trkpt>
      <trkpt lat="37.131275" lon="-3.426889">
        <ele>1682.6</ele>
      </trkpt>
      <trkpt lat="37.131268" lon="-3.426852">
        <ele>1683.0</ele>
      </trkpt>
      <trkpt lat="37.13126" lon="-3.426814">
        <ele>1683.4</ele>
      </trkpt>
      <trkpt lat="37.131256" lon="-3.426782">
        <ele>1683.6</ele>
      </trkpt>
      <trkpt lat="37.131254" lon="-3.426754">
        <ele>1683.8</ele>
      </trkpt>
      <trkpt lat="37.131251" lon="-3.426724">
        <ele>1684.0</ele>
      </trkpt>
      <trkpt lat="37.131249" lon="-3.426702">
        <ele>1684.2</ele>
      </trkpt>
      <trkpt lat="37.13124" lon="-3.426672">
        <ele>1684.4</ele>
      </trkpt>
      <trkpt lat="37.131221" lon="-3.426626">
        <ele>1684.8</ele>
      </trkpt>
      <trkpt lat="37.131198" lon="-3.426581">
        <ele>1685.0</ele>
      </trkpt>
      <trkpt lat="37.131183" lon="-3.426547">
        <ele>1685.6</ele>
      </trkpt>
      <trkpt lat="37.131166" lon="-3.426511">
        <ele>1686.2</ele>
      </trkpt>
      <trkpt lat="37.131147" lon="-3.426477">
        <ele>1686.4</ele>
      </trkpt>
      <trkpt lat="37.131132" lon="-3.426443">
        <ele>1686.6</ele>
      </trkpt>
      <trkpt lat="37.131118" lon="-3.426405">
        <ele>1687.0</ele>
      </trkpt>
      <trkpt lat="37.1311" lon="-3.426365">
        <ele>1687.2</ele>
      </trkpt>
      <trkpt lat="37.131084" lon="-3.426327">
        <ele>1687.0</ele>
      </trkpt>
      <trkpt lat="37.131073" lon="-3.426284">
        <ele>1687.4</ele>
      </trkpt>
      <trkpt lat="37.131063" lon="-3.426242">
        <ele>1687.6</ele>
      </trkpt>
      <trkpt lat="37.131058" lon="-3.426205">
        <ele>1687.6</ele>
      </trkpt>
      <trkpt lat="37.131053" lon="-3.426172">
        <ele>1687.8</ele>
      </trkpt>
      <trkpt lat="37.131057" lon="-3.426135">
        <ele>1688.0</ele>
      </trkpt>
      <trkpt lat="37.131059" lon="-3.426102">
        <ele>1688.2</ele>
      </trkpt>
      <trkpt lat="37.131062" lon="-3.426068">
        <ele>1688.4</ele>
      </trkpt>
      <trkpt lat="37.131064" lon="-3.426033">
        <ele>1688.8</ele>
      </trkpt>
      <trkpt lat="37.131065" lon="-3.425995">
        <ele>1689.0</ele>
      </trkpt>
      <trkpt lat="37.131061" lon="-3.425957">
        <ele>1689.2</ele>
      </trkpt>
      <trkpt lat="37.131061" lon="-3.425914">
        <ele>1689.6</ele>
      </trkpt>
      <trkpt lat="37.131062" lon="-3.425873">
        <ele>1690.0</ele>
      </trkpt>
      <trkpt lat="37.131056" lon="-3.425832">
        <ele>1690.4</ele>
      </trkpt>
      <trkpt lat="37.13105" lon="-3.425789">
        <ele>1690.6</ele>
      </trkpt>
      <trkpt lat="37.131045" lon="-3.425745">
        <ele>1690.8</ele>
      </trkpt>
      <trkpt lat="37.131037" lon="-3.425707">
        <ele>1691.0</ele>
      </trkpt>
      <trkpt lat="37.131028" lon="-3.425673">
        <ele>1691.2</ele>
      </trkpt>
      <trkpt lat="37.131022" lon="-3.425639">
        <ele>1691.4</ele>
      </trkpt>
      <trkpt lat="37.131019" lon="-3.425601">
        <ele>1691.6</ele>
      </trkpt>
      <trkpt lat="37.131013" lon="-3.425557">
        <ele>1692.0</ele>
      </trkpt>
      <trkpt lat="37.131002" lon="-3.425516">
        <ele>1692.6</ele>
      </trkpt>
      <trkpt lat="37.130989" lon="-3.425476">
        <ele>1693.0</ele>
      </trkpt>
      <trkpt lat="37.130977" lon="-3.425438">
        <ele>1693.4</ele>
      </trkpt>
      <trkpt lat="37.130965" lon="-3.425402">
        <ele>1693.6</ele>
      </trkpt>
      <trkpt lat="37.130954" lon="-3.425362">
        <ele>1693.8</ele>
      </trkpt>
      <trkpt lat="37.130947" lon="-3.425316">
        <ele>1693.8</ele>
      </trkpt>
      <trkpt lat="37.13094" lon="-3.425271">
        <ele>1694.0</ele>
      </trkpt>
      <trkpt lat="37.130935" lon="-3.425232">
        <ele>1694.4</ele>
      </trkpt>
      <trkpt lat="37.130926" lon="-3.425193">
        <ele>1694.8</ele>
      </trkpt>
      <trkpt lat="37.13091" lon="-3.425146">
        <ele>1695.2</ele>
      </trkpt>
      <trkpt lat="37.130891" lon="-3.425102">
        <ele>1695.2</ele>
      </trkpt>
      <trkpt lat="37.130871" lon="-3.425062">
        <ele>1695.4</ele>
      </trkpt>
      <trkpt lat="37.130855" lon="-3.42502">
        <ele>1695.8</ele>
      </trkpt>
      <trkpt lat="37.130841" lon="-3.424979">
        <ele>1696.2</ele>
      </trkpt>
      <trkpt lat="37.130822" lon="-3.424934">
        <ele>1696.4</ele>
      </trkpt>
      <trkpt lat="37.130798" lon="-3.424895">
        <ele>1696.8</ele>
      </trkpt>
      <trkpt lat="37.130771" lon="-3.424862">
        <ele>1697.2</ele>
      </trkpt>
      <trkpt lat="37.130741" lon="-3.424828">
        <ele>1697.4</ele>
      </trkpt>
      <trkpt lat="37.130709" lon="-3.424799">
        <ele>1697.8</ele>
      </trkpt>
      <trkpt lat="37.130675" lon="-3.424778">
        <ele>1697.8</ele>
      </trkpt>
      <trkpt lat="37.130641" lon="-3.424768">
        <ele>1698.2</ele>
      </trkpt>
      <trkpt lat="37.130607" lon="-3.424762">
        <ele>1698.6</ele>
      </trkpt>
      <trkpt lat="37.130574" lon="-3.424765">
        <ele>1698.8</ele>
      </trkpt>
      <trkpt lat="37.130541" lon="-3.424772">
        <ele>1698.8</ele>
      </trkpt>
      <trkpt lat="37.130509" lon="-3.424782">
        <ele>1699.2</ele>
      </trkpt>
      <trkpt lat="37.130481" lon="-3.424797">
        <ele>1699.6</ele>
      </trkpt>
      <trkpt lat="37.130457" lon="-3.424824">
        <ele>1700.0</ele>
      </trkpt>
      <trkpt lat="37.130437" lon="-3.424854">
        <ele>1700.4</ele>
      </trkpt>
      <trkpt lat="37.130422" lon="-3.424888">
        <ele>1700.8</ele>
      </trkpt>
      <trkpt lat="37.130414" lon="-3.424921">
        <ele>1701.0</ele>
      </trkpt>
      <trkpt lat="37.130409" lon="-3.424957">
        <ele>1701.4</ele>
      </trkpt>
      <trkpt lat="37.130409" lon="-3.424995">
        <ele>1701.6</ele>
      </trkpt>
      <trkpt lat="37.130417" lon="-3.425031">
        <ele>1701.8</ele>
      </trkpt>
      <trkpt lat="37.130431" lon="-3.425066">
        <ele>1702.0</ele>
      </trkpt>
      <trkpt lat="37.13045" lon="-3.425102">
        <ele>1702.4</ele>
      </trkpt>
      <trkpt lat="37.130472" lon="-3.425134">
        <ele>1702.6</ele>
      </trkpt>
      <trkpt lat="37.130496" lon="-3.425163">
        <ele>1703.0</ele>
      </trkpt>
      <trkpt lat="37.13052" lon="-3.425191">
        <ele>1703.2</ele>
      </trkpt>
      <trkpt lat="37.13054" lon="-3.42522">
        <ele>1703.6</ele>
      </trkpt>
      <trkpt lat="37.130559" lon="-3.425251">
        <ele>1703.8</ele>
      </trkpt>
      <trkpt lat="37.130575" lon="-3.425285">
        <ele>1704.0</ele>
      </trkpt>
      <trkpt lat="37.130588" lon="-3.425322">
        <ele>1704.4</ele>
      </trkpt>
      <trkpt lat="37.130598" lon="-3.42536">
        <ele>1704.6</ele>
      </trkpt>
      <trkpt lat="37.130606" lon="-3.425401">
        <ele>1704.8</ele>
      </trkpt>
      <trkpt lat="37.130612" lon="-3.425442">
        <ele>1705.2</ele>
      </trkpt>
      <trkpt lat="37.130613" lon="-3.425483">
        <ele>1705.4</ele>
      </trkpt>
      <trkpt lat="37.130605" lon="-3.425524">
        <ele>1705.6</ele>
      </trkpt>
      <trkpt lat="37.130591" lon="-3.425565">
        <ele>1706.0</ele>
      </trkpt>
      <trkpt lat="37.130577" lon="-3.425601">
        <ele>1706.2</ele>
      </trkpt>
      <trkpt lat="37.13056" lon="-3.425635">
        <ele>1706.4</ele>
      </trkpt>
      <trkpt lat="37.130541" lon="-3.425667">
        <ele>1706.8</ele>
      </trkpt>
      <trkpt lat="37.130521" lon="-3.425701">
        <ele>1707.0</ele>
      </trkpt>
      <trkpt lat="37.130499" lon="-3.425738">
        <ele>1707.2</ele>
      </trkpt>
      <trkpt lat="37.130472" lon="-3.425774">
        <ele>1707.4</ele>
      </trkpt>
      <trkpt lat="37.130447" lon="-3.425811">
        <ele>1707.8</ele>
      </trkpt>
      <trkpt lat="37.130421" lon="-3.425847">
        <ele>1708.0</ele>
      </trkpt>
      <trkpt lat="37.130396" lon="-3.42588">
        <ele>1708.6</ele>
      </trkpt>
      <trkpt lat="37.13037" lon="-3.425914">
        <ele>1709.0</ele>
      </trkpt>
      <trkpt lat="37.130347" lon="-3.425951">
        <ele>1709.2</ele>
      </trkpt>
      <trkpt lat="37.13033" lon="-3.425994">
        <ele>1709.6</ele>
      </trkpt>
      <trkpt lat="37.130317" lon="-3.426041">
        <ele>1709.8</ele>
      </trkpt>
      <trkpt lat="37.130305" lon="-3.426082">
        <ele>1710.0</ele>
      </trkpt>
      <trkpt lat="37.130299" lon="-3.426127">
        <ele>1710.0</ele>
      </trkpt>
      <trkpt lat="37.130303" lon="-3.426172">
        <ele>1710.2</ele>
      </trkpt>
      <trkpt lat="37.13031" lon="-3.426216">
        <ele>1710.6</ele>
      </trkpt>
      <trkpt lat="37.130318" lon="-3.426258">
        <ele>1710.8</ele>
      </trkpt>
      <trkpt lat="37.130326" lon="-3.426299">
        <ele>1711.0</ele>
      </trkpt>
      <trkpt lat="37.13033" lon="-3.426345">
        <ele>1711.4</ele>
      </trkpt>
      <trkpt lat="37.13033" lon="-3.426388">
        <ele>1711.8</ele>
      </trkpt>
      <trkpt lat="37.130329" lon="-3.426431">
        <ele>1712.2</ele>
      </trkpt>
      <trkpt lat="37.130323" lon="-3.42647">
        <ele>1712.6</ele>
      </trkpt>
      <trkpt lat="37.130314" lon="-3.426509">
        <ele>1713.0</ele>
      </trkpt>
      <trkpt lat="37.130301" lon="-3.426548">
        <ele>1713.4</ele>
      </trkpt>
      <trkpt lat="37.130289" lon="-3.426586">
        <ele>1713.8</ele>
      </trkpt>
      <trkpt lat="37.130274" lon="-3.426626">
        <ele>1714.0</ele>
      </trkpt>
      <trkpt lat="37.13026" lon="-3.426664">
        <ele>1714.2</ele>
      </trkpt>
      <trkpt lat="37.130244" lon="-3.426705">
        <ele>1714.4</ele>
      </trkpt>
      <trkpt lat="37.130227" lon="-3.426747">
        <ele>1714.8</ele>
      </trkpt>
      <trkpt lat="37.130209" lon="-3.42679">
        <ele>1715.0</ele>
      </trkpt>
      <trkpt lat="37.130193" lon="-3.426832">
        <ele>1715.2</ele>
      </trkpt>
      <trkpt lat="37.130178" lon="-3.426876">
        <ele>1715.6</ele>
      </trkpt>
      <trkpt lat="37.130161" lon="-3.426922">
        <ele>1715.8</ele>
      </trkpt>
      <trkpt lat="37.130143" lon="-3.426965">
        <ele>1716.2</ele>
      </trkpt>
      <trkpt lat="37.130124" lon="-3.427004">
        <ele>1716.4</ele>
      </trkpt>
      <trkpt lat="37.130104" lon="-3.427042">
        <ele>1716.8</ele>
      </trkpt>
      <trkpt lat="37.130084" lon="-3.42708">
        <ele>1716.8</ele>
      </trkpt>
      <trkpt lat="37.130063" lon="-3.427121">
        <ele>1717.2</ele>
      </trkpt>
      <trkpt lat="37.130042" lon="-3.427161">
        <ele>1717.4</ele>
      </trkpt>
      <trkpt lat="37.13002" lon="-3.427197">
        <ele>1717.6</ele>
      </trkpt>
      <trkpt lat="37.129995" lon="-3.427232">
        <ele>1718.0</ele>
      </trkpt>
      <trkpt lat="37.129966" lon="-3.427261">
        <ele>1718.0</ele>
      </trkpt>
      <trkpt lat="37.129934" lon="-3.427289">
        <ele>1718.2</ele>
      </trkpt>
      <trkpt lat="37.129902" lon="-3.427312">
        <ele>1718.4</ele>
      </trkpt>
      <trkpt lat="37.129868" lon="-3.42733">
        <ele>1718.8</ele>
      </trkpt>
      <trkpt lat="37.129832" lon="-3.427341">
        <ele>1719.0</ele>
      </trkpt>
      <trkpt lat="37.129797" lon="-3.427348">
        <ele>1719.2</ele>
      </trkpt>
      <trkpt lat="37.129759" lon="-3.427344">
        <ele>1719.6</ele>
      </trkpt>
      <trkpt lat="37.129723" lon="-3.427332">
        <ele>1720.0</ele>
      </trkpt>
      <trkpt lat="37.129691" lon="-3.427318">
        <ele>1720.4</ele>
      </trkpt>
      <trkpt lat="37.129661" lon="-3.427296">
        <ele>1721.0</ele>
      </trkpt>
      <trkpt lat="37.129633" lon="-3.42727">
        <ele>1721.2</ele>
      </trkpt>
      <trkpt lat="37.129607" lon="-3.427241">
        <ele>1721.6</ele>
      </trkpt>
      <trkpt lat="37.129585" lon="-3.42721">
        <ele>1721.8</ele>
      </trkpt>
      <trkpt lat="37.129564" lon="-3.427177">
        <ele>1722.2</ele>
      </trkpt>
      <trkpt lat="37.129544" lon="-3.427145">
        <ele>1722.6</ele>
      </trkpt>
      <trkpt lat="37.129522" lon="-3.427105">
        <ele>1723.0</ele>
      </trkpt>
      <trkpt lat="37.129502" lon="-3.427061">
        <ele>1723.2</ele>
      </trkpt>
      <trkpt lat="37.129485" lon="-3.427014">
        <ele>1723.4</ele>
      </trkpt>
      <trkpt lat="37.129472" lon="-3.426965">
        <ele>1723.4</ele>
      </trkpt>
      <trkpt lat="37.129461" lon="-3.426919">
        <ele>1723.8</ele>
      </trkpt>
      <trkpt lat="37.12945" lon="-3.426874">
        <ele>1724.2</ele>
      </trkpt>
      <trkpt lat="37.129441" lon="-3.426829">
        <ele>1724.6</ele>
      </trkpt>
      <trkpt lat="37.129435" lon="-3.426786">
        <ele>1725.2</ele>
      </trkpt>
      <trkpt lat="37.129428" lon="-3.426744">
        <ele>1725.6</ele>
      </trkpt>
      <trkpt lat="37.129424" lon="-3.426706">
        <ele>1726.0</ele>
      </trkpt>
      <trkpt lat="37.129418" lon="-3.426669">
        <ele>1726.2</ele>
      </trkpt>
      <trkpt lat="37.129409" lon="-3.426628">
        <ele>1726.4</ele>
      </trkpt>
      <trkpt lat="37.129397" lon="-3.426585">
        <ele>1726.6</ele>
      </trkpt>
      <trkpt lat="37.129384" lon="-3.426544">
        <ele>1726.8</ele>
      </trkpt>
      <trkpt lat="37.129367" lon="-3.426505">
        <ele>1727.2</ele>
      </trkpt>
      <trkpt lat="37.129344" lon="-3.426468">
        <ele>1727.4</ele>
      </trkpt>
      <trkpt lat="37.129317" lon="-3.426438">
        <ele>1727.8</ele>
      </trkpt>
      <trkpt lat="37.129288" lon="-3.42641">
        <ele>1728.2</ele>
      </trkpt>
      <trkpt lat="37.129257" lon="-3.426386">
        <ele>1728.4</ele>
      </trkpt>
      <trkpt lat="37.129225" lon="-3.426368">
        <ele>1729.0</ele>
      </trkpt>
      <trkpt lat="37.129191" lon="-3.426358">
        <ele>1729.6</ele>
      </trkpt>
      <trkpt lat="37.129157" lon="-3.426355">
        <ele>1730.0</ele>
      </trkpt>
      <trkpt lat="37.129122" lon="-3.426362">
        <ele>1730.4</ele>
      </trkpt>
      <trkpt lat="37.129087" lon="-3.426376">
        <ele>1730.8</ele>
      </trkpt>
      <trkpt lat="37.129055" lon="-3.426396">
        <ele>1731.0</ele>
      </trkpt>
      <trkpt lat="37.129027" lon="-3.426423">
        <ele>1731.2</ele>
      </trkpt>
      <trkpt lat="37.129003" lon="-3.426454">
        <ele>1731.6</ele>
      </trkpt>
      <trkpt lat="37.128982" lon="-3.426488">
        <ele>1731.8</ele>
      </trkpt>
      <trkpt lat="37.128962" lon="-3.426524">
        <ele>1732.0</ele>
      </trkpt>
      <trkpt lat="37.128942" lon="-3.426559">
        <ele>1732.2</ele>
      </trkpt>
      <trkpt lat="37.128922" lon="-3.426594">
        <ele>1732.4</ele>
      </trkpt>
      <trkpt lat="37.128904" lon="-3.426633">
        <ele>1732.8</ele>
      </trkpt>
      <trkpt lat="37.128887" lon="-3.426671">
        <ele>1733.0</ele>
      </trkpt>
      <trkpt lat="37.128869" lon="-3.426709">
        <ele>1733.2</ele>
      </trkpt>
      <trkpt lat="37.128853" lon="-3.426748">
        <ele>1733.4</ele>
      </trkpt>
      <trkpt lat="37.128834" lon="-3.426785">
        <ele>1733.6</ele>
      </trkpt>
      <trkpt lat="37.128815" lon="-3.426821">
        <ele>1734.0</ele>
      </trkpt>
      <trkpt lat="37.128796" lon="-3.426857">
        <ele>1734.6</ele>
      </trkpt>
      <trkpt lat="37.128778" lon="-3.426893">
        <ele>1735.0</ele>
      </trkpt>
      <trkpt lat="37.128758" lon="-3.426927">
        <ele>1735.2</ele>
      </trkpt>
      <trkpt lat="37.12874" lon="-3.426959">
        <ele>1735.6</ele>
      </trkpt>
      <trkpt lat="37.128724" lon="-3.426992">
        <ele>1735.8</ele>
      </trkpt>
      <trkpt lat="37.12871" lon="-3.427027">
        <ele>1736.2</ele>
      </trkpt>
      <trkpt lat="37.128698" lon="-3.427063">
        <ele>1736.6</ele>
      </trkpt>
      <trkpt lat="37.128686" lon="-3.427102">
        <ele>1736.8</ele>
      </trkpt>
      <trkpt lat="37.128677" lon="-3.427142">
        <ele>1737.0</ele>
      </trkpt>
      <trkpt lat="37.128666" lon="-3.427179">
        <ele>1737.6</ele>
      </trkpt>
      <trkpt lat="37.128656" lon="-3.427214">
        <ele>1738.0</ele>
      </trkpt>
      <trkpt lat="37.128649" lon="-3.427251">
        <ele>1738.4</ele>
      </trkpt>
      <trkpt lat="37.128644" lon="-3.427288">
        <ele>1738.8</ele>
      </trkpt>
      <trkpt lat="37.12864" lon="-3.427324">
        <ele>1739.0</ele>
      </trkpt>
      <trkpt lat="37.128635" lon="-3.427365">
        <ele>1739.2</ele>
      </trkpt>
      <trkpt lat="37.128629" lon="-3.427408">
        <ele>1739.4</ele>
      </trkpt>
      <trkpt lat="37.128626" lon="-3.427452">
        <ele>1739.8</ele>
      </trkpt>
      <trkpt lat="37.128623" lon="-3.427496">
        <ele>1740.0</ele>
      </trkpt>
      <trkpt lat="37.128623" lon="-3.427539">
        <ele>1740.2</ele>
      </trkpt>
      <trkpt lat="37.128624" lon="-3.427581">
        <ele>1740.4</ele>
      </trkpt>
      <trkpt lat="37.128623" lon="-3.427624">
        <ele>1740.6</ele>
      </trkpt>
      <trkpt lat="37.12862" lon="-3.427665">
        <ele>1741.0</ele>
      </trkpt>
      <trkpt lat="37.128619" lon="-3.427708">
        <ele>1741.2</ele>
      </trkpt>
      <trkpt lat="37.128619" lon="-3.42775">
        <ele>1741.6</ele>
      </trkpt>
      <trkpt lat="37.12862" lon="-3.42779">
        <ele>1742.0</ele>
      </trkpt>
      <trkpt lat="37.128619" lon="-3.427829">
        <ele>1742.2</ele>
      </trkpt>
      <trkpt lat="37.128617" lon="-3.427868">
        <ele>1742.4</ele>
      </trkpt>
      <trkpt lat="37.128613" lon="-3.427909">
        <ele>1742.8</ele>
      </trkpt>
      <trkpt lat="37.128609" lon="-3.427951">
        <ele>1743.0</ele>
      </trkpt>
      <trkpt lat="37.128606" lon="-3.427992">
        <ele>1743.2</ele>
      </trkpt>
      <trkpt lat="37.128603" lon="-3.428029">
        <ele>1743.4</ele>
      </trkpt>
      <trkpt lat="37.128598" lon="-3.428066">
        <ele>1743.6</ele>
      </trkpt>
      <trkpt lat="37.12859" lon="-3.428103">
        <ele>1744.0</ele>
      </trkpt>
      <trkpt lat="37.128583" lon="-3.428143">
        <ele>1744.4</ele>
      </trkpt>
      <trkpt lat="37.12858" lon="-3.428181">
        <ele>1744.8</ele>
      </trkpt>
      <trkpt lat="37.128576" lon="-3.428218">
        <ele>1745.2</ele>
      </trkpt>
      <trkpt lat="37.128571" lon="-3.428254">
        <ele>1745.2</ele>
      </trkpt>
      <trkpt lat="37.128567" lon="-3.42829">
        <ele>1745.4</ele>
      </trkpt>
      <trkpt lat="37.128563" lon="-3.428326">
        <ele>1745.6</ele>
      </trkpt>
      <trkpt lat="37.12856" lon="-3.428361">
        <ele>1745.8</ele>
      </trkpt>
      <trkpt lat="37.128555" lon="-3.428398">
        <ele>1746.0</ele>
      </trkpt>
      <trkpt lat="37.128549" lon="-3.428439">
        <ele>1746.2</ele>
      </trkpt>
      <trkpt lat="37.128544" lon="-3.428477">
        <ele>1746.6</ele>
      </trkpt>
      <trkpt lat="37.128538" lon="-3.42851">
        <ele>1746.8</ele>
      </trkpt>
      <trkpt lat="37.12853" lon="-3.428545">
        <ele>1747.2</ele>
      </trkpt>
      <trkpt lat="37.128521" lon="-3.428581">
        <ele>1747.6</ele>
      </trkpt>
      <trkpt lat="37.128512" lon="-3.428614">
        <ele>1747.6</ele>
      </trkpt>
      <trkpt lat="37.128501" lon="-3.428653">
        <ele>1747.8</ele>
      </trkpt>
      <trkpt lat="37.128486" lon="-3.428702">
        <ele>1747.8</ele>
      </trkpt>
      <trkpt lat="37.128471" lon="-3.428749">
        <ele>1748.0</ele>
      </trkpt>
      <trkpt lat="37.12846" lon="-3.428791">
        <ele>1748.4</ele>
      </trkpt>
      <trkpt lat="37.128451" lon="-3.428832">
        <ele>1748.6</ele>
      </trkpt>
      <trkpt lat="37.128442" lon="-3.428872">
        <ele>1748.6</ele>
      </trkpt>
      <trkpt lat="37.128431" lon="-3.428915">
        <ele>1749.0</ele>
      </trkpt>
      <trkpt lat="37.128417" lon="-3.42896">
        <ele>1749.4</ele>
      </trkpt>
      <trkpt lat="37.128402" lon="-3.429004">
        <ele>1749.6</ele>
      </trkpt>
      <trkpt lat="37.128391" lon="-3.429048">
        <ele>1750.0</ele>
      </trkpt>
      <trkpt lat="37.128378" lon="-3.429093">
        <ele>1750.2</ele>
      </trkpt>
      <trkpt lat="37.128364" lon="-3.429136">
        <ele>1750.4</ele>
      </trkpt>
      <trkpt lat="37.128348" lon="-3.429181">
        <ele>1750.8</ele>
      </trkpt>
      <trkpt lat="37.128333" lon="-3.429224">
        <ele>1751.0</ele>
      </trkpt>
      <trkpt lat="37.128318" lon="-3.429269">
        <ele>1751.2</ele>
      </trkpt>
      <trkpt lat="37.128303" lon="-3.42931">
        <ele>1751.8</ele>
      </trkpt>
      <trkpt lat="37.128287" lon="-3.429352">
        <ele>1752.0</ele>
      </trkpt>
      <trkpt lat="37.128273" lon="-3.429394">
        <ele>1752.2</ele>
      </trkpt>
      <trkpt lat="37.128261" lon="-3.429438">
        <ele>1752.4</ele>
      </trkpt>
      <trkpt lat="37.128249" lon="-3.42948">
        <ele>1752.6</ele>
      </trkpt>
      <trkpt lat="37.128235" lon="-3.429524">
        <ele>1753.0</ele>
      </trkpt>
      <trkpt lat="37.128222" lon="-3.429567">
        <ele>1753.2</ele>
      </trkpt>
      <trkpt lat="37.12821" lon="-3.429612">
        <ele>1753.4</ele>
      </trkpt>
      <trkpt lat="37.128197" lon="-3.429656">
        <ele>1753.8</ele>
      </trkpt>
      <trkpt lat="37.128185" lon="-3.4297">
        <ele>1754.0</ele>
      </trkpt>
      <trkpt lat="37.128174" lon="-3.429743">
        <ele>1754.2</ele>
      </trkpt>
      <trkpt lat="37.128165" lon="-3.429785">
        <ele>1754.4</ele>
      </trkpt>
      <trkpt lat="37.128154" lon="-3.429829">
        <ele>1754.8</ele>
      </trkpt>
      <trkpt lat="37.128141" lon="-3.42987">
        <ele>1755.0</ele>
      </trkpt>
      <trkpt lat="37.128127" lon="-3.42991">
        <ele>1755.2</ele>
      </trkpt>
      <trkpt lat="37.128115" lon="-3.42995">
        <ele>1755.4</ele>
      </trkpt>
      <trkpt lat="37.128103" lon="-3.429991">
        <ele>1755.8</ele>
      </trkpt>
      <trkpt lat="37.128092" lon="-3.430031">
        <ele>1756.0</ele>
      </trkpt>
      <trkpt lat="37.12808" lon="-3.430071">
        <ele>1756.4</ele>
      </trkpt>
      <trkpt lat="37.128068" lon="-3.430111">
        <ele>1756.6</ele>
      </trkpt>
      <trkpt lat="37.128056" lon="-3.430152">
        <ele>1757.0</ele>
      </trkpt>
      <trkpt lat="37.128045" lon="-3.430193">
        <ele>1757.6</ele>
      </trkpt>
      <trkpt lat="37.12803" lon="-3.430233">
        <ele>1757.8</ele>
      </trkpt>
      <trkpt lat="37.128012" lon="-3.430273">
        <ele>1758.2</ele>
      </trkpt>
      <trkpt lat="37.127991" lon="-3.430309">
        <ele>1758.4</ele>
      </trkpt>
      <trkpt lat="37.127969" lon="-3.430344">
        <ele>1758.8</ele>
      </trkpt>
      <trkpt lat="37.127946" lon="-3.430376">
        <ele>1759.0</ele>
      </trkpt>
      <trkpt lat="37.12792" lon="-3.430409">
        <ele>1759.2</ele>
      </trkpt>
      <trkpt lat="37.127893" lon="-3.430438">
        <ele>1759.4</ele>
      </trkpt>
      <trkpt lat="37.127865" lon="-3.430464">
        <ele>1759.6</ele>
      </trkpt>
      <trkpt lat="37.127834" lon="-3.430487">
        <ele>1759.8</ele>
      </trkpt>
      <trkpt lat="37.127802" lon="-3.430505">
        <ele>1760.2</ele>
      </trkpt>
      <trkpt lat="37.127768" lon="-3.430517">
        <ele>1760.4</ele>
      </trkpt>
      <trkpt lat="37.127734" lon="-3.430526">
        <ele>1760.6</ele>
      </trkpt>
      <trkpt lat="37.1277" lon="-3.43053">
        <ele>1761.0</ele>
      </trkpt>
      <trkpt lat="37.127667" lon="-3.430534">
        <ele>1761.4</ele>
      </trkpt>
      <trkpt lat="37.127633" lon="-3.430536">
        <ele>1761.8</ele>
      </trkpt>
      <trkpt lat="37.127597" lon="-3.430535">
        <ele>1762.0</ele>
      </trkpt>
      <trkpt lat="37.127561" lon="-3.430533">
        <ele>1762.4</ele>
      </trkpt>
      <trkpt lat="37.127525" lon="-3.430532">
        <ele>1762.6</ele>
      </trkpt>
      <trkpt lat="37.127491" lon="-3.430534">
        <ele>1762.8</ele>
      </trkpt>
      <trkpt lat="37.127459" lon="-3.430537">
        <ele>1763.0</ele>
      </trkpt>
      <trkpt lat="37.127427" lon="-3.430542">
        <ele>1763.2</ele>
      </trkpt>
      <trkpt lat="37.127394" lon="-3.430552">
        <ele>1763.6</ele>
      </trkpt>
      <trkpt lat="37.127363" lon="-3.430566">
        <ele>1764.0</ele>
      </trkpt>
      <trkpt lat="37.127333" lon="-3.430586">
        <ele>1764.2</ele>
      </trkpt>
      <trkpt lat="37.127306" lon="-3.430608">
        <ele>1764.4</ele>
      </trkpt>
      <trkpt lat="37.127282" lon="-3.430634">
        <ele>1764.6</ele>
      </trkpt>
      <trkpt lat="37.127261" lon="-3.430665">
        <ele>1765.0</ele>
      </trkpt>
      <trkpt lat="37.127245" lon="-3.430699">
        <ele>1765.4</ele>
      </trkpt>
      <trkpt lat="37.127232" lon="-3.430733">
        <ele>1765.8</ele>
      </trkpt>
      <trkpt lat="37.127219" lon="-3.430767">
        <ele>1766.2</ele>
      </trkpt>
      <trkpt lat="37.12721" lon="-3.430803">
        <ele>1766.6</ele>
      </trkpt>
      <trkpt lat="37.127201" lon="-3.43084">
        <ele>1766.8</ele>
      </trkpt>
      <trkpt lat="37.127193" lon="-3.43088">
        <ele>1767.4</ele>
      </trkpt>
      <trkpt lat="37.127186" lon="-3.430921">
        <ele>1767.6</ele>
      </trkpt>
      <trkpt lat="37.127178" lon="-3.430959">
        <ele>1768.0</ele>
      </trkpt>
      <trkpt lat="37.12717" lon="-3.431">
        <ele>1768.2</ele>
      </trkpt>
      <trkpt lat="37.127162" lon="-3.431042">
        <ele>1768.4</ele>
      </trkpt>
      <trkpt lat="37.127155" lon="-3.43108">
        <ele>1768.4</ele>
      </trkpt>
      <trkpt lat="37.127151" lon="-3.43112">
        <ele>1768.4</ele>
      </trkpt>
      <trkpt lat="37.127145" lon="-3.431154">
        <ele>1768.8</ele>
      </trkpt>
      <trkpt lat="37.127137" lon="-3.43119">
        <ele>1769.0</ele>
      </trkpt>
      <trkpt lat="37.127129" lon="-3.431228">
        <ele>1769.4</ele>
      </trkpt>
      <trkpt lat="37.127121" lon="-3.431269">
        <ele>1769.6</ele>
      </trkpt>
      <trkpt lat="37.127116" lon="-3.431307">
        <ele>1770.0</ele>
      </trkpt>
      <trkpt lat="37.12711" lon="-3.431348">
        <ele>1770.4</ele>
      </trkpt>
      <trkpt lat="37.127106" lon="-3.43139">
        <ele>1770.6</ele>
      </trkpt>
      <trkpt lat="37.127105" lon="-3.431434">
        <ele>1770.8</ele>
      </trkpt>
      <trkpt lat="37.127104" lon="-3.43148">
        <ele>1771.2</ele>
      </trkpt>
      <trkpt lat="37.127105" lon="-3.431524">
        <ele>1771.6</ele>
      </trkpt>
      <trkpt lat="37.127106" lon="-3.431565">
        <ele>1772.0</ele>
      </trkpt>
      <trkpt lat="37.127101" lon="-3.431607">
        <ele>1772.4</ele>
      </trkpt>
      <trkpt lat="37.127102" lon="-3.431654">
        <ele>1772.4</ele>
      </trkpt>
      <trkpt lat="37.127105" lon="-3.4317">
        <ele>1772.8</ele>
      </trkpt>
      <trkpt lat="37.127109" lon="-3.431743">
        <ele>1773.2</ele>
      </trkpt>
      <trkpt lat="37.127115" lon="-3.431786">
        <ele>1773.4</ele>
      </trkpt>
      <trkpt lat="37.127121" lon="-3.431827">
        <ele>1773.6</ele>
      </trkpt>
      <trkpt lat="37.12713" lon="-3.431868">
        <ele>1773.8</ele>
      </trkpt>
      <trkpt lat="37.127142" lon="-3.431909">
        <ele>1774.2</ele>
      </trkpt>
      <trkpt lat="37.127156" lon="-3.43195">
        <ele>1774.6</ele>
      </trkpt>
      <trkpt lat="37.12717" lon="-3.431989">
        <ele>1774.8</ele>
      </trkpt>
      <trkpt lat="37.127186" lon="-3.432033">
        <ele>1775.0</ele>
      </trkpt>
      <trkpt lat="37.127203" lon="-3.432072">
        <ele>1775.2</ele>
      </trkpt>
      <trkpt lat="37.12722" lon="-3.43211">
        <ele>1775.6</ele>
      </trkpt>
      <trkpt lat="37.127237" lon="-3.432148">
        <ele>1776.0</ele>
      </trkpt>
      <trkpt lat="37.127254" lon="-3.432185">
        <ele>1776.2</ele>
      </trkpt>
      <trkpt lat="37.127268" lon="-3.432225">
        <ele>1776.4</ele>
      </trkpt>
      <trkpt lat="37.127283" lon="-3.432266">
        <ele>1776.6</ele>
      </trkpt>
      <trkpt lat="37.127297" lon="-3.432307">
        <ele>1777.0</ele>
      </trkpt>
      <trkpt lat="37.127309" lon="-3.432351">
        <ele>1777.4</ele>
      </trkpt>
      <trkpt lat="37.127319" lon="-3.432395">
        <ele>1777.6</ele>
      </trkpt>
      <trkpt lat="37.127328" lon="-3.432438">
        <ele>1777.6</ele>
      </trkpt>
      <trkpt lat="37.127335" lon="-3.432483">
        <ele>1778.0</ele>
      </trkpt>
      <trkpt lat="37.12734" lon="-3.432531">
        <ele>1778.2</ele>
      </trkpt>
      <trkpt lat="37.127345" lon="-3.432578">
        <ele>1778.4</ele>
      </trkpt>
      <trkpt lat="37.127349" lon="-3.432624">
        <ele>1778.8</ele>
      </trkpt>
      <trkpt lat="37.127351" lon="-3.432671">
        <ele>1779.0</ele>
      </trkpt>
      <trkpt lat="37.127353" lon="-3.432717">
        <ele>1779.4</ele>
      </trkpt>
      <trkpt lat="37.127354" lon="-3.43276">
        <ele>1779.8</ele>
      </trkpt>
      <trkpt lat="37.127354" lon="-3.432805">
        <ele>1780.0</ele>
      </trkpt>
      <trkpt lat="37.127352" lon="-3.432851">
        <ele>1780.2</ele>
      </trkpt>
      <trkpt lat="37.127352" lon="-3.432895">
        <ele>1780.2</ele>
      </trkpt>
      <trkpt lat="37.127352" lon="-3.432939">
        <ele>1780.4</ele>
      </trkpt>
      <trkpt lat="37.127351" lon="-3.432984">
        <ele>1780.8</ele>
      </trkpt>
      <trkpt lat="37.12735" lon="-3.433029">
        <ele>1781.0</ele>
      </trkpt>
      <trkpt lat="37.12735" lon="-3.433075">
        <ele>1781.4</ele>
      </trkpt>
      <trkpt lat="37.127349" lon="-3.433117">
        <ele>1781.8</ele>
      </trkpt>
      <trkpt lat="37.127348" lon="-3.433162">
        <ele>1782.0</ele>
      </trkpt>
      <trkpt lat="37.127345" lon="-3.433207">
        <ele>1782.4</ele>
      </trkpt>
      <trkpt lat="37.127341" lon="-3.433253">
        <ele>1782.6</ele>
      </trkpt>
      <trkpt lat="37.127337" lon="-3.433298">
        <ele>1783.0</ele>
      </trkpt>
      <trkpt lat="37.127333" lon="-3.433343">
        <ele>1783.2</ele>
      </trkpt>
      <trkpt lat="37.127329" lon="-3.433387">
        <ele>1783.4</ele>
      </trkpt>
      <trkpt lat="37.127324" lon="-3.433432">
        <ele>1783.6</ele>
      </trkpt>
      <trkpt lat="37.12732" lon="-3.433478">
        <ele>1783.8</ele>
      </trkpt>
      <trkpt lat="37.127316" lon="-3.433523">
        <ele>1784.2</ele>
      </trkpt>
      <trkpt lat="37.127313" lon="-3.433569">
        <ele>1784.4</ele>
      </trkpt>
      <trkpt lat="37.127308" lon="-3.433614">
        <ele>1784.6</ele>
      </trkpt>
      <trkpt lat="37.127304" lon="-3.433658">
        <ele>1785.0</ele>
      </trkpt>
      <trkpt lat="37.1273" lon="-3.433703">
        <ele>1785.4</ele>
      </trkpt>
      <trkpt lat="37.127295" lon="-3.433749">
        <ele>1785.6</ele>
      </trkpt>
      <trkpt lat="37.127292" lon="-3.433794">
        <ele>1786.0</ele>
      </trkpt>
      <trkpt lat="37.127288" lon="-3.433838">
        <ele>1786.2</ele>
      </trkpt>
      <trkpt lat="37.127286" lon="-3.433881">
        <ele>1786.6</ele>
      </trkpt>
      <trkpt lat="37.127281" lon="-3.433924">
        <ele>1787.0</ele>
      </trkpt>
      <trkpt lat="37.127273" lon="-3.433966">
        <ele>1787.0</ele>
      </trkpt>
      <trkpt lat="37.127265" lon="-3.434009">
        <ele>1787.2</ele>
      </trkpt>
      <trkpt lat="37.127256" lon="-3.434053">
        <ele>1787.4</ele>
      </trkpt>
      <trkpt lat="37.127244" lon="-3.434097">
        <ele>1787.4</ele>
      </trkpt>
      <trkpt lat="37.127231" lon="-3.434145">
        <ele>1787.6</ele>
      </trkpt>
      <trkpt lat="37.127216" lon="-3.434191">
        <ele>1787.8</ele>
      </trkpt>
      <trkpt lat="37.127198" lon="-3.434237">
        <ele>1788.2</ele>
      </trkpt>
      <trkpt lat="37.12718" lon="-3.434284">
        <ele>1788.6</ele>
      </trkpt>
      <trkpt lat="37.12716" lon="-3.434329">
        <ele>1789.0</ele>
      </trkpt>
      <trkpt lat="37.12714" lon="-3.434375">
        <ele>1789.2</ele>
      </trkpt>
      <trkpt lat="37.12712" lon="-3.434423">
        <ele>1789.2</ele>
      </trkpt>
      <trkpt lat="37.127101" lon="-3.434469">
        <ele>1789.4</ele>
      </trkpt>
      <trkpt lat="37.127083" lon="-3.434516">
        <ele>1789.8</ele>
      </trkpt>
      <trkpt lat="37.127065" lon="-3.434562">
        <ele>1790.2</ele>
      </trkpt>
      <trkpt lat="37.127047" lon="-3.434609">
        <ele>1790.4</ele>
      </trkpt>
      <trkpt lat="37.12703" lon="-3.434656">
        <ele>1790.6</ele>
      </trkpt>
      <trkpt lat="37.127015" lon="-3.434704">
        <ele>1790.8</ele>
      </trkpt>
      <trkpt lat="37.127" lon="-3.434753">
        <ele>1791.0</ele>
      </trkpt>
      <trkpt lat="37.126988" lon="-3.434802">
        <ele>1791.2</ele>
      </trkpt>
      <trkpt lat="37.126976" lon="-3.43485">
        <ele>1791.4</ele>
      </trkpt>
      <trkpt lat="37.126964" lon="-3.434899">
        <ele>1792.0</ele>
      </trkpt>
      <trkpt lat="37.126952" lon="-3.434947">
        <ele>1792.2</ele>
      </trkpt>
      <trkpt lat="37.126936" lon="-3.434994">
        <ele>1792.4</ele>
      </trkpt>
      <trkpt lat="37.126917" lon="-3.435039">
        <ele>1792.6</ele>
      </trkpt>
      <trkpt lat="37.126893" lon="-3.435081">
        <ele>1792.6</ele>
      </trkpt>
      <trkpt lat="37.126866" lon="-3.435117">
        <ele>1792.8</ele>
      </trkpt>
      <trkpt lat="37.126835" lon="-3.435149">
        <ele>1793.2</ele>
      </trkpt>
      <trkpt lat="37.126801" lon="-3.435176">
        <ele>1793.6</ele>
      </trkpt>
      <trkpt lat="37.126764" lon="-3.435198">
        <ele>1794.0</ele>
      </trkpt>
      <trkpt lat="37.126725" lon="-3.435218">
        <ele>1794.2</ele>
      </trkpt>
      <trkpt lat="37.126685" lon="-3.435239">
        <ele>1794.4</ele>
      </trkpt>
      <trkpt lat="37.126644" lon="-3.435258">
        <ele>1794.6</ele>
      </trkpt>
      <trkpt lat="37.126603" lon="-3.435277">
        <ele>1794.8</ele>
      </trkpt>
      <trkpt lat="37.126562" lon="-3.435295">
        <ele>1795.2</ele>
      </trkpt>
      <trkpt lat="37.126521" lon="-3.435313">
        <ele>1795.4</ele>
      </trkpt>
      <trkpt lat="37.126479" lon="-3.43533">
        <ele>1795.6</ele>
      </trkpt>
      <trkpt lat="37.126436" lon="-3.435344">
        <ele>1795.6</ele>
      </trkpt>
      <trkpt lat="37.126392" lon="-3.435357">
        <ele>1795.8</ele>
      </trkpt>
      <trkpt lat="37.126348" lon="-3.435366">
        <ele>1796.0</ele>
      </trkpt>
      <trkpt lat="37.126303" lon="-3.435373">
        <ele>1796.4</ele>
      </trkpt>
      <trkpt lat="37.126259" lon="-3.435379">
        <ele>1796.6</ele>
      </trkpt>
      <trkpt lat="37.126213" lon="-3.435385">
        <ele>1796.8</ele>
      </trkpt>
      <trkpt lat="37.126169" lon="-3.435391">
        <ele>1797.2</ele>
      </trkpt>
      <trkpt lat="37.126123" lon="-3.435396">
        <ele>1797.4</ele>
      </trkpt>
      <trkpt lat="37.126078" lon="-3.435396">
        <ele>1797.8</ele>
      </trkpt>
      <trkpt lat="37.126033" lon="-3.435396">
        <ele>1798.0</ele>
      </trkpt>
      <trkpt lat="37.125988" lon="-3.435398">
        <ele>1798.0</ele>
      </trkpt>
      <trkpt lat="37.125943" lon="-3.435401">
        <ele>1798.4</ele>
      </trkpt>
      <trkpt lat="37.125898" lon="-3.435403">
        <ele>1798.6</ele>
      </trkpt>
      <trkpt lat="37.125853" lon="-3.435403">
        <ele>1799.0</ele>
      </trkpt>
      <trkpt lat="37.125808" lon="-3.435404">
        <ele>1799.2</ele>
      </trkpt>
      <trkpt lat="37.125762" lon="-3.435409">
        <ele>1799.4</ele>
      </trkpt>
      <trkpt lat="37.125717" lon="-3.435413">
        <ele>1799.6</ele>
      </trkpt>
      <trkpt lat="37.125672" lon="-3.435419">
        <ele>1799.8</ele>
      </trkpt>
      <trkpt lat="37.125628" lon="-3.435424">
        <ele>1800.0</ele>
      </trkpt>
      <trkpt lat="37.125585" lon="-3.435428">
        <ele>1800.0</ele>
      </trkpt>
      <trkpt lat="37.12554" lon="-3.435434">
        <ele>1800.4</ele>
      </trkpt>
      <trkpt lat="37.125493" lon="-3.43544">
        <ele>1800.6</ele>
      </trkpt>
      <trkpt lat="37.125445" lon="-3.435445">
        <ele>1800.8</ele>
      </trkpt>
      <trkpt lat="37.125397" lon="-3.435453">
        <ele>1801.0</ele>
      </trkpt>
      <trkpt lat="37.12535" lon="-3.435464">
        <ele>1801.2</ele>
      </trkpt>
      <trkpt lat="37.125303" lon="-3.435476">
        <ele>1801.4</ele>
      </trkpt>
      <trkpt lat="37.125257" lon="-3.435492">
        <ele>1801.6</ele>
      </trkpt>
      <trkpt lat="37.125212" lon="-3.43551">
        <ele>1801.8</ele>
      </trkpt>
      <trkpt lat="37.125166" lon="-3.43553">
        <ele>1802.2</ele>
      </trkpt>
      <trkpt lat="37.125121" lon="-3.435551">
        <ele>1802.4</ele>
      </trkpt>
      <trkpt lat="37.125076" lon="-3.435572">
        <ele>1802.6</ele>
      </trkpt>
      <trkpt lat="37.125031" lon="-3.435592">
        <ele>1802.8</ele>
      </trkpt>
      <trkpt lat="37.12499" lon="-3.435613">
        <ele>1803.2</ele>
      </trkpt>
      <trkpt lat="37.124947" lon="-3.435635">
        <ele>1803.2</ele>
      </trkpt>
      <trkpt lat="37.124908" lon="-3.435659">
        <ele>1803.4</ele>
      </trkpt>
      <trkpt lat="37.124864" lon="-3.43568">
        <ele>1803.6</ele>
      </trkpt>
      <trkpt lat="37.124819" lon="-3.435705">
        <ele>1804.0</ele>
      </trkpt>
      <trkpt lat="37.124772" lon="-3.435727">
        <ele>1804.2</ele>
      </trkpt>
      <trkpt lat="37.124727" lon="-3.435749">
        <ele>1804.2</ele>
      </trkpt>
      <trkpt lat="37.124682" lon="-3.43577">
        <ele>1804.4</ele>
      </trkpt>
      <trkpt lat="37.124634" lon="-3.435788">
        <ele>1804.6</ele>
      </trkpt>
      <trkpt lat="37.124587" lon="-3.435805">
        <ele>1804.8</ele>
      </trkpt>
      <trkpt lat="37.124541" lon="-3.435823">
        <ele>1805.0</ele>
      </trkpt>
      <trkpt lat="37.124494" lon="-3.435839">
        <ele>1805.2</ele>
      </trkpt>
      <trkpt lat="37.124446" lon="-3.435853">
        <ele>1805.4</ele>
      </trkpt>
      <trkpt lat="37.124401" lon="-3.435869">
        <ele>1805.8</ele>
      </trkpt>
      <trkpt lat="37.124356" lon="-3.435884">
        <ele>1805.8</ele>
      </trkpt>
      <trkpt lat="37.12431" lon="-3.435901">
        <ele>1806.2</ele>
      </trkpt>
      <trkpt lat="37.124263" lon="-3.435914">
        <ele>1806.4</ele>
      </trkpt>
      <trkpt lat="37.12422" lon="-3.435927">
        <ele>1806.4</ele>
      </trkpt>
      <trkpt lat="37.124173" lon="-3.435937">
        <ele>1806.6</ele>
      </trkpt>
      <trkpt lat="37.124127" lon="-3.435948">
        <ele>1806.8</ele>
      </trkpt>
      <trkpt lat="37.124081" lon="-3.43596">
        <ele>1807.0</ele>
      </trkpt>
      <trkpt lat="37.124038" lon="-3.435973">
        <ele>1807.4</ele>
      </trkpt>
      <trkpt lat="37.123993" lon="-3.435983">
        <ele>1807.8</ele>
      </trkpt>
      <trkpt lat="37.123952" lon="-3.435998">
        <ele>1808.2</ele>
      </trkpt>
      <trkpt lat="37.123912" lon="-3.436011">
        <ele>1808.2</ele>
      </trkpt>
      <trkpt lat="37.123869" lon="-3.436022">
        <ele>1808.6</ele>
      </trkpt>
      <trkpt lat="37.123831" lon="-3.436037">
        <ele>1809.2</ele>
      </trkpt>
      <trkpt lat="37.123792" lon="-3.436052">
        <ele>1809.6</ele>
      </trkpt>
      <trkpt lat="37.123751" lon="-3.436064">
        <ele>1810.0</ele>
      </trkpt>
      <trkpt lat="37.123712" lon="-3.436078">
        <ele>1810.6</ele>
      </trkpt>
      <trkpt lat="37.123673" lon="-3.436092">
        <ele>1810.8</ele>
      </trkpt>
      <trkpt lat="37.123633" lon="-3.436108">
        <ele>1811.0</ele>
      </trkpt>
      <trkpt lat="37.123595" lon="-3.436122">
        <ele>1811.4</ele>
      </trkpt>
      <trkpt lat="37.12356" lon="-3.436135">
        <ele>1811.6</ele>
      </trkpt>
      <trkpt lat="37.12352" lon="-3.436139">
        <ele>1812.0</ele>
      </trkpt>
      <trkpt lat="37.123481" lon="-3.436147">
        <ele>1812.2</ele>
      </trkpt>
      <trkpt lat="37.123442" lon="-3.436152">
        <ele>1812.6</ele>
      </trkpt>
      <trkpt lat="37.123404" lon="-3.436157">
        <ele>1813.0</ele>
      </trkpt>
      <trkpt lat="37.123366" lon="-3.436162">
        <ele>1813.4</ele>
      </trkpt>
      <trkpt lat="37.123329" lon="-3.436165">
        <ele>1813.6</ele>
      </trkpt>
      <trkpt lat="37.123291" lon="-3.436165">
        <ele>1813.8</ele>
      </trkpt>
      <trkpt lat="37.123253" lon="-3.436163">
        <ele>1813.8</ele>
      </trkpt>
      <trkpt lat="37.123215" lon="-3.43616">
        <ele>1814.2</ele>
      </trkpt>
      <trkpt lat="37.123176" lon="-3.436159">
        <ele>1814.4</ele>
      </trkpt>
      <trkpt lat="37.123137" lon="-3.436157">
        <ele>1814.8</ele>
      </trkpt>
      <trkpt lat="37.1231" lon="-3.436156">
        <ele>1815.0</ele>
      </trkpt>
      <trkpt lat="37.123062" lon="-3.436157">
        <ele>1815.4</ele>
      </trkpt>
      <trkpt lat="37.123025" lon="-3.436158">
        <ele>1815.6</ele>
      </trkpt>
      <trkpt lat="37.122986" lon="-3.43616">
        <ele>1816.0</ele>
      </trkpt>
      <trkpt lat="37.12295" lon="-3.436163">
        <ele>1816.2</ele>
      </trkpt>
      <trkpt lat="37.122913" lon="-3.436165">
        <ele>1816.6</ele>
      </trkpt>
      <trkpt lat="37.122876" lon="-3.436169">
        <ele>1816.6</ele>
      </trkpt>
      <trkpt lat="37.122838" lon="-3.436173">
        <ele>1817.0</ele>
      </trkpt>
      <trkpt lat="37.122801" lon="-3.436178">
        <ele>1817.2</ele>
      </trkpt>
      <trkpt lat="37.122764" lon="-3.436182">
        <ele>1817.4</ele>
      </trkpt>
      <trkpt lat="37.122727" lon="-3.436185">
        <ele>1818.0</ele>
      </trkpt>
      <trkpt lat="37.122691" lon="-3.436188">
        <ele>1818.2</ele>
      </trkpt>
      <trkpt lat="37.122654" lon="-3.436189">
        <ele>1818.4</ele>
      </trkpt>
      <trkpt lat="37.122618" lon="-3.43619">
        <ele>1818.6</ele>
      </trkpt>
      <trkpt lat="37.122582" lon="-3.436193">
        <ele>1819.0</ele>
      </trkpt>
      <trkpt lat="37.122546" lon="-3.436195">
        <ele>1819.2</ele>
      </trkpt>
      <trkpt lat="37.12251" lon="-3.436192">
        <ele>1819.6</ele>
      </trkpt>
      <trkpt lat="37.122473" lon="-3.436189">
        <ele>1820.0</ele>
      </trkpt>
      <trkpt lat="37.122436" lon="-3.436187">
        <ele>1820.2</ele>
      </trkpt>
      <trkpt lat="37.122398" lon="-3.436187">
        <ele>1820.6</ele>
      </trkpt>
      <trkpt lat="37.12236" lon="-3.436189">
        <ele>1821.0</ele>
      </trkpt>
      <trkpt lat="37.122323" lon="-3.436196">
        <ele>1821.4</ele>
      </trkpt>
      <trkpt lat="37.122285" lon="-3.436207">
        <ele>1821.6</ele>
      </trkpt>
      <trkpt lat="37.122248" lon="-3.436222">
        <ele>1821.8</ele>
      </trkpt>
      <trkpt lat="37.122212" lon="-3.436243">
        <ele>1822.0</ele>
      </trkpt>
      <trkpt lat="37.122179" lon="-3.436265">
        <ele>1822.0</ele>
      </trkpt>
      <trkpt lat="37.122147" lon="-3.436291">
        <ele>1822.2</ele>
      </trkpt>
      <trkpt lat="37.122114" lon="-3.436319">
        <ele>1822.6</ele>
      </trkpt>
      <trkpt lat="37.12208" lon="-3.436346">
        <ele>1823.0</ele>
      </trkpt>
      <trkpt lat="37.122047" lon="-3.436376">
        <ele>1823.4</ele>
      </trkpt>
      <trkpt lat="37.122015" lon="-3.436407">
        <ele>1823.8</ele>
      </trkpt>
      <trkpt lat="37.121981" lon="-3.436435">
        <ele>1824.2</ele>
      </trkpt>
      <trkpt lat="37.121948" lon="-3.436463">
        <ele>1824.6</ele>
      </trkpt>
      <trkpt lat="37.121915" lon="-3.436492">
        <ele>1824.6</ele>
      </trkpt>
      <trkpt lat="37.121883" lon="-3.436521">
        <ele>1825.0</ele>
      </trkpt>
      <trkpt lat="37.121855" lon="-3.436551">
        <ele>1825.2</ele>
      </trkpt>
      <trkpt lat="37.121831" lon="-3.436584">
        <ele>1825.4</ele>
      </trkpt>
      <trkpt lat="37.121808" lon="-3.436619">
        <ele>1825.8</ele>
      </trkpt>
      <trkpt lat="37.12179" lon="-3.43666">
        <ele>1826.2</ele>
      </trkpt>
      <trkpt lat="37.121777" lon="-3.436704">
        <ele>1826.4</ele>
      </trkpt>
      <trkpt lat="37.121768" lon="-3.43675">
        <ele>1827.0</ele>
      </trkpt>
      <trkpt lat="37.121762" lon="-3.4368">
        <ele>1827.4</ele>
      </trkpt>
      <trkpt lat="37.121759" lon="-3.43685">
        <ele>1827.6</ele>
      </trkpt>
      <trkpt lat="37.121756" lon="-3.436899">
        <ele>1828.0</ele>
      </trkpt>
      <trkpt lat="37.121754" lon="-3.436947">
        <ele>1828.2</ele>
      </trkpt>
      <trkpt lat="37.121754" lon="-3.436994">
        <ele>1828.2</ele>
      </trkpt>
      <trkpt lat="37.121748" lon="-3.437042">
        <ele>1828.6</ele>
      </trkpt>
      <trkpt lat="37.12174" lon="-3.437091">
        <ele>1828.8</ele>
      </trkpt>
      <trkpt lat="37.121727" lon="-3.437137">
        <ele>1829.2</ele>
      </trkpt>
      <trkpt lat="37.121708" lon="-3.437181">
        <ele>1829.4</ele>
      </trkpt>
      <trkpt lat="37.121685" lon="-3.437221">
        <ele>1829.6</ele>
      </trkpt>
      <trkpt lat="37.12166" lon="-3.437258">
        <ele>1829.8</ele>
      </trkpt>
      <trkpt lat="37.121633" lon="-3.437292">
        <ele>1830.0</ele>
      </trkpt>
      <trkpt lat="37.121603" lon="-3.437326">
        <ele>1830.2</ele>
      </trkpt>
      <trkpt lat="37.121574" lon="-3.43736">
        <ele>1830.4</ele>
      </trkpt>
      <trkpt lat="37.121543" lon="-3.437394">
        <ele>1830.8</ele>
      </trkpt>
      <trkpt lat="37.121515" lon="-3.43743">
        <ele>1831.2</ele>
      </trkpt>
      <trkpt lat="37.121486" lon="-3.437464">
        <ele>1831.4</ele>
      </trkpt>
      <trkpt lat="37.121457" lon="-3.4375">
        <ele>1831.6</ele>
      </trkpt>
      <trkpt lat="37.121427" lon="-3.437531">
        <ele>1832.0</ele>
      </trkpt>
      <trkpt lat="37.121396" lon="-3.437562">
        <ele>1832.2</ele>
      </trkpt>
      <trkpt lat="37.121367" lon="-3.437595">
        <ele>1832.6</ele>
      </trkpt>
      <trkpt lat="37.121338" lon="-3.437627">
        <ele>1832.8</ele>
      </trkpt>
      <trkpt lat="37.12131" lon="-3.43766">
        <ele>1833.0</ele>
      </trkpt>
      <trkpt lat="37.121281" lon="-3.437691">
        <ele>1833.4</ele>
      </trkpt>
      <trkpt lat="37.121253" lon="-3.437724">
        <ele>1833.8</ele>
      </trkpt>
      <trkpt lat="37.121226" lon="-3.437757">
        <ele>1834.0</ele>
      </trkpt>
      <trkpt lat="37.121198" lon="-3.437789">
        <ele>1834.2</ele>
      </trkpt>
      <trkpt lat="37.121171" lon="-3.437822">
        <ele>1834.4</ele>
      </trkpt>
      <trkpt lat="37.121144" lon="-3.437856">
        <ele>1834.6</ele>
      </trkpt>
      <trkpt lat="37.121119" lon="-3.43789">
        <ele>1835.0</ele>
      </trkpt>
      <trkpt lat="37.121093" lon="-3.437926">
        <ele>1835.2</ele>
      </trkpt>
      <trkpt lat="37.121068" lon="-3.437962">
        <ele>1835.4</ele>
      </trkpt>
      <trkpt lat="37.121043" lon="-3.437998">
        <ele>1835.6</ele>
      </trkpt>
      <trkpt lat="37.121019" lon="-3.438033">
        <ele>1836.0</ele>
      </trkpt>
      <trkpt lat="37.120995" lon="-3.438066">
        <ele>1836.4</ele>
      </trkpt>
      <trkpt lat="37.120969" lon="-3.438099">
        <ele>1836.8</ele>
      </trkpt>
      <trkpt lat="37.120942" lon="-3.438133">
        <ele>1837.0</ele>
      </trkpt>
      <trkpt lat="37.120916" lon="-3.438166">
        <ele>1837.2</ele>
      </trkpt>
      <trkpt lat="37.12089" lon="-3.438199">
        <ele>1837.4</ele>
      </trkpt>
      <trkpt lat="37.120864" lon="-3.438231">
        <ele>1837.6</ele>
      </trkpt>
      <trkpt lat="37.120838" lon="-3.438262">
        <ele>1837.8</ele>
      </trkpt>
      <trkpt lat="37.120811" lon="-3.438293">
        <ele>1838.2</ele>
      </trkpt>
      <trkpt lat="37.120785" lon="-3.438325">
        <ele>1838.4</ele>
      </trkpt>
      <trkpt lat="37.120758" lon="-3.438356">
        <ele>1838.6</ele>
      </trkpt>
      <trkpt lat="37.120731" lon="-3.438387">
        <ele>1839.0</ele>
      </trkpt>
      <trkpt lat="37.120704" lon="-3.438418">
        <ele>1839.2</ele>
      </trkpt>
      <trkpt lat="37.120679" lon="-3.438449">
        <ele>1839.4</ele>
      </trkpt>
      <trkpt lat="37.120653" lon="-3.43848">
        <ele>1839.8</ele>
      </trkpt>
      <trkpt lat="37.120626" lon="-3.438509">
        <ele>1840.2</ele>
      </trkpt>
      <trkpt lat="37.120598" lon="-3.438539">
        <ele>1840.6</ele>
      </trkpt>
      <trkpt lat="37.12057" lon="-3.438569">
        <ele>1840.8</ele>
      </trkpt>
      <trkpt lat="37.120544" lon="-3.438599">
        <ele>1841.0</ele>
      </trkpt>
      <trkpt lat="37.120518" lon="-3.438631">
        <ele>1841.0</ele>
      </trkpt>
      <trkpt lat="37.120491" lon="-3.438662">
        <ele>1841.2</ele>
      </trkpt>
      <trkpt lat="37.120464" lon="-3.438691">
        <ele>1841.6</ele>
      </trkpt>
      <trkpt lat="37.120438" lon="-3.438722">
        <ele>1842.0</ele>
      </trkpt>
      <trkpt lat="37.120412" lon="-3.438753">
        <ele>1842.2</ele>
      </trkpt>
      <trkpt lat="37.120387" lon="-3.438784">
        <ele>1842.6</ele>
      </trkpt>
      <trkpt lat="37.120361" lon="-3.438814">
        <ele>1843.0</ele>
      </trkpt>
      <trkpt lat="37.120335" lon="-3.438845">
        <ele>1843.2</ele>
      </trkpt>
      <trkpt lat="37.12031" lon="-3.438876">
        <ele>1843.4</ele>
      </trkpt>
      <trkpt lat="37.120284" lon="-3.438907">
        <ele>1843.6</ele>
      </trkpt>
      <trkpt lat="37.120259" lon="-3.438939">
        <ele>1843.8</ele>
      </trkpt>
      <trkpt lat="37.120234" lon="-3.438971">
        <ele>1844.0</ele>
      </trkpt>
      <trkpt lat="37.120211" lon="-3.439004">
        <ele>1844.2</ele>
      </trkpt>
      <trkpt lat="37.120188" lon="-3.439038">
        <ele>1844.4</ele>
      </trkpt>
      <trkpt lat="37.120168" lon="-3.439073">
        <ele>1844.6</ele>
      </trkpt>
      <trkpt lat="37.120148" lon="-3.43911">
        <ele>1845.0</ele>
      </trkpt>
      <trkpt lat="37.120129" lon="-3.439151">
        <ele>1845.2</ele>
      </trkpt>
      <trkpt lat="37.120114" lon="-3.439193">
        <ele>1845.4</ele>
      </trkpt>
      <trkpt lat="37.120098" lon="-3.439234">
        <ele>1845.8</ele>
      </trkpt>
      <trkpt lat="37.120084" lon="-3.439275">
        <ele>1846.0</ele>
      </trkpt>
      <trkpt lat="37.12007" lon="-3.439316">
        <ele>1846.4</ele>
      </trkpt>
      <trkpt lat="37.120059" lon="-3.439358">
        <ele>1846.4</ele>
      </trkpt>
      <trkpt lat="37.12005" lon="-3.439399">
        <ele>1846.6</ele>
      </trkpt>
      <trkpt lat="37.120042" lon="-3.43944">
        <ele>1846.8</ele>
      </trkpt>
      <trkpt lat="37.120034" lon="-3.439481">
        <ele>1847.4</ele>
      </trkpt>
      <trkpt lat="37.120025" lon="-3.439522">
        <ele>1848.0</ele>
      </trkpt>
      <trkpt lat="37.120018" lon="-3.439563">
        <ele>1848.2</ele>
      </trkpt>
      <trkpt lat="37.120011" lon="-3.439603">
        <ele>1848.4</ele>
      </trkpt>
      <trkpt lat="37.120005" lon="-3.439645">
        <ele>1848.6</ele>
      </trkpt>
      <trkpt lat="37.119998" lon="-3.439687">
        <ele>1848.8</ele>
      </trkpt>
      <trkpt lat="37.119992" lon="-3.439729">
        <ele>1849.2</ele>
      </trkpt>
      <trkpt lat="37.119986" lon="-3.439771">
        <ele>1849.4</ele>
      </trkpt>
      <trkpt lat="37.119984" lon="-3.439813">
        <ele>1849.8</ele>
      </trkpt>
      <trkpt lat="37.119983" lon="-3.439857">
        <ele>1850.2</ele>
      </trkpt>
      <trkpt lat="37.119987" lon="-3.439902">
        <ele>1850.6</ele>
      </trkpt>
      <trkpt lat="37.119993" lon="-3.439948">
        <ele>1850.8</ele>
      </trkpt>
      <trkpt lat="37.12" lon="-3.439997">
        <ele>1851.0</ele>
      </trkpt>
      <trkpt lat="37.120007" lon="-3.440043">
        <ele>1851.0</ele>
      </trkpt>
      <trkpt lat="37.120014" lon="-3.440093">
        <ele>1851.0</ele>
      </trkpt>
      <trkpt lat="37.12002" lon="-3.440145">
        <ele>1851.0</ele>
      </trkpt>
      <trkpt lat="37.120026" lon="-3.440196">
        <ele>1851.2</ele>
      </trkpt>
      <trkpt lat="37.120031" lon="-3.440248">
        <ele>1851.4</ele>
      </trkpt>
      <trkpt lat="37.120034" lon="-3.440298">
        <ele>1851.8</ele>
      </trkpt>
      <trkpt lat="37.120032" lon="-3.44035">
        <ele>1852.2</ele>
      </trkpt>
      <trkpt lat="37.120025" lon="-3.4404">
        <ele>1852.4</ele>
      </trkpt>
      <trkpt lat="37.12001" lon="-3.440447">
        <ele>1852.6</ele>
      </trkpt>
      <trkpt lat="37.119988" lon="-3.44049">
        <ele>1853.0</ele>
      </trkpt>
      <trkpt lat="37.11996" lon="-3.440528">
        <ele>1853.2</ele>
      </trkpt>
      <trkpt lat="37.119928" lon="-3.440562">
        <ele>1853.6</ele>
      </trkpt>
      <trkpt lat="37.119898" lon="-3.440591">
        <ele>1854.0</ele>
      </trkpt>
      <trkpt lat="37.119864" lon="-3.44062">
        <ele>1854.2</ele>
      </trkpt>
      <trkpt lat="37.119829" lon="-3.440646">
        <ele>1854.4</ele>
      </trkpt>
      <trkpt lat="37.119795" lon="-3.440673">
        <ele>1854.6</ele>
      </trkpt>
      <trkpt lat="37.119761" lon="-3.440701">
        <ele>1854.6</ele>
      </trkpt>
      <trkpt lat="37.119728" lon="-3.440733">
        <ele>1854.8</ele>
      </trkpt>
      <trkpt lat="37.119696" lon="-3.440765">
        <ele>1855.0</ele>
      </trkpt>
      <trkpt lat="37.119667" lon="-3.440802">
        <ele>1855.2</ele>
      </trkpt>
      <trkpt lat="37.11964" lon="-3.440842">
        <ele>1855.2</ele>
      </trkpt>
      <trkpt lat="37.119614" lon="-3.440882">
        <ele>1855.6</ele>
      </trkpt>
      <trkpt lat="37.119588" lon="-3.440922">
        <ele>1856.0</ele>
      </trkpt>
      <trkpt lat="37.119562" lon="-3.440961">
        <ele>1856.4</ele>
      </trkpt>
      <trkpt lat="37.119535" lon="-3.440998">
        <ele>1856.8</ele>
      </trkpt>
      <trkpt lat="37.119507" lon="-3.441029">
        <ele>1857.0</ele>
      </trkpt>
      <trkpt lat="37.119479" lon="-3.441055">
        <ele>1857.2</ele>
      </trkpt>
      <trkpt lat="37.119446" lon="-3.441079">
        <ele>1857.6</ele>
      </trkpt>
      <trkpt lat="37.11941" lon="-3.441098">
        <ele>1857.8</ele>
      </trkpt>
      <trkpt lat="37.119376" lon="-3.441112">
        <ele>1858.4</ele>
      </trkpt>
      <trkpt lat="37.119342" lon="-3.441115">
        <ele>1858.8</ele>
      </trkpt>
      <trkpt lat="37.119306" lon="-3.441113">
        <ele>1859.4</ele>
      </trkpt>
      <trkpt lat="37.119274" lon="-3.44111">
        <ele>1859.8</ele>
      </trkpt>
      <trkpt lat="37.119243" lon="-3.4411">
        <ele>1860.2</ele>
      </trkpt>
      <trkpt lat="37.119217" lon="-3.441083">
        <ele>1860.4</ele>
      </trkpt>
      <trkpt lat="37.119196" lon="-3.441056">
        <ele>1860.8</ele>
      </trkpt>
      <trkpt lat="37.11918" lon="-3.441013">
        <ele>1861.2</ele>
      </trkpt>
      <trkpt lat="37.119177" lon="-3.440965">
        <ele>1861.4</ele>
      </trkpt>
      <trkpt lat="37.119182" lon="-3.440914">
        <ele>1861.8</ele>
      </trkpt>
      <trkpt lat="37.119197" lon="-3.440865">
        <ele>1862.4</ele>
      </trkpt>
      <trkpt lat="37.119222" lon="-3.44081">
        <ele>1862.8</ele>
      </trkpt>
      <trkpt lat="37.11925" lon="-3.440767">
        <ele>1863.6</ele>
      </trkpt>
      <trkpt lat="37.119281" lon="-3.440734">
        <ele>1864.2</ele>
      </trkpt>
      <trkpt lat="37.119316" lon="-3.440706">
        <ele>1864.6</ele>
      </trkpt>
      <trkpt lat="37.119356" lon="-3.44068">
        <ele>1865.2</ele>
      </trkpt>
      <trkpt lat="37.119391" lon="-3.440657">
        <ele>1865.6</ele>
      </trkpt>
      <trkpt lat="37.119428" lon="-3.440632">
        <ele>1865.8</ele>
      </trkpt>
      <trkpt lat="37.119466" lon="-3.440604">
        <ele>1866.0</ele>
      </trkpt>
      <trkpt lat="37.119503" lon="-3.440574">
        <ele>1866.2</ele>
      </trkpt>
      <trkpt lat="37.119536" lon="-3.440539">
        <ele>1866.4</ele>
      </trkpt>
      <trkpt lat="37.119565" lon="-3.4405">
        <ele>1866.8</ele>
      </trkpt>
      <trkpt lat="37.119588" lon="-3.440457">
        <ele>1867.0</ele>
      </trkpt>
      <trkpt lat="37.119606" lon="-3.440411">
        <ele>1867.0</ele>
      </trkpt>
      <trkpt lat="37.119615" lon="-3.440361">
        <ele>1867.0</ele>
      </trkpt>
      <trkpt lat="37.119617" lon="-3.440311">
        <ele>1867.0</ele>
      </trkpt>
      <trkpt lat="37.11961" lon="-3.440261">
        <ele>1867.0</ele>
      </trkpt>
      <trkpt lat="37.119596" lon="-3.440212">
        <ele>1867.2</ele>
      </trkpt>
      <trkpt lat="37.119576" lon="-3.440165">
        <ele>1867.4</ele>
      </trkpt>
      <trkpt lat="37.119553" lon="-3.440122">
        <ele>1867.6</ele>
      </trkpt>
      <trkpt lat="37.119524" lon="-3.440084">
        <ele>1868.0</ele>
      </trkpt>
      <trkpt lat="37.11949" lon="-3.440054">
        <ele>1868.2</ele>
      </trkpt>
      <trkpt lat="37.119454" lon="-3.440028">
        <ele>1868.6</ele>
      </trkpt>
      <trkpt lat="37.119419" lon="-3.440002">
        <ele>1868.8</ele>
      </trkpt>
      <trkpt lat="37.119386" lon="-3.439973">
        <ele>1869.0</ele>
      </trkpt>
      <trkpt lat="37.119356" lon="-3.439941">
        <ele>1869.2</ele>
      </trkpt>
      <trkpt lat="37.119328" lon="-3.439907">
        <ele>1869.4</ele>
      </trkpt>
      <trkpt lat="37.119301" lon="-3.439871">
        <ele>1869.8</ele>
      </trkpt>
      <trkpt lat="37.119275" lon="-3.439836">
        <ele>1870.0</ele>
      </trkpt>
      <trkpt lat="37.119249" lon="-3.4398">
        <ele>1870.4</ele>
      </trkpt>
      <trkpt lat="37.119226" lon="-3.439762">
        <ele>1870.8</ele>
      </trkpt>
      <trkpt lat="37.119207" lon="-3.439721">
        <ele>1871.2</ele>
      </trkpt>
      <trkpt lat="37.119189" lon="-3.43968">
        <ele>1871.6</ele>
      </trkpt>
      <trkpt lat="37.119171" lon="-3.43964">
        <ele>1872.0</ele>
      </trkpt>
      <trkpt lat="37.119156" lon="-3.439598">
        <ele>1872.2</ele>
      </trkpt>
      <trkpt lat="37.119144" lon="-3.439555">
        <ele>1872.6</ele>
      </trkpt>
      <trkpt lat="37.119135" lon="-3.43951">
        <ele>1872.8</ele>
      </trkpt>
      <trkpt lat="37.119128" lon="-3.439465">
        <ele>1872.8</ele>
      </trkpt>
      <trkpt lat="37.119126" lon="-3.439418">
        <ele>1873.4</ele>
      </trkpt>
      <trkpt lat="37.119126" lon="-3.439372">
        <ele>1873.8</ele>
      </trkpt>
      <trkpt lat="37.119128" lon="-3.439326">
        <ele>1874.2</ele>
      </trkpt>
      <trkpt lat="37.119131" lon="-3.43928">
        <ele>1874.4</ele>
      </trkpt>
      <trkpt lat="37.119136" lon="-3.439235">
        <ele>1874.6</ele>
      </trkpt>
      <trkpt lat="37.119145" lon="-3.43919">
        <ele>1875.0</ele>
      </trkpt>
      <trkpt lat="37.11916" lon="-3.439146">
        <ele>1875.4</ele>
      </trkpt>
      <trkpt lat="37.119177" lon="-3.439103">
        <ele>1875.8</ele>
      </trkpt>
      <trkpt lat="37.119194" lon="-3.43906">
        <ele>1876.2</ele>
      </trkpt>
      <trkpt lat="37.119214" lon="-3.439019">
        <ele>1876.6</ele>
      </trkpt>
      <trkpt lat="37.119235" lon="-3.438977">
        <ele>1876.8</ele>
      </trkpt>
      <trkpt lat="37.119254" lon="-3.438937">
        <ele>1877.0</ele>
      </trkpt>
      <trkpt lat="37.119274" lon="-3.438898">
        <ele>1877.4</ele>
      </trkpt>
      <trkpt lat="37.119294" lon="-3.438857">
        <ele>1877.8</ele>
      </trkpt>
      <trkpt lat="37.119314" lon="-3.438817">
        <ele>1878.2</ele>
      </trkpt>
      <trkpt lat="37.119334" lon="-3.438778">
        <ele>1878.6</ele>
      </trkpt>
      <trkpt lat="37.119354" lon="-3.438738">
        <ele>1878.8</ele>
      </trkpt>
      <trkpt lat="37.119375" lon="-3.438697">
        <ele>1879.2</ele>
      </trkpt>
      <trkpt lat="37.119395" lon="-3.438656">
        <ele>1879.4</ele>
      </trkpt>
      <trkpt lat="37.119414" lon="-3.438615">
        <ele>1879.6</ele>
      </trkpt>
      <trkpt lat="37.119434" lon="-3.438574">
        <ele>1880.0</ele>
      </trkpt>
      <trkpt lat="37.119454" lon="-3.438534">
        <ele>1880.2</ele>
      </trkpt>
      <trkpt lat="37.119475" lon="-3.438496">
        <ele>1880.6</ele>
      </trkpt>
      <trkpt lat="37.119496" lon="-3.438457">
        <ele>1880.8</ele>
      </trkpt>
      <trkpt lat="37.119515" lon="-3.438418">
        <ele>1881.0</ele>
      </trkpt>
      <trkpt lat="37.119535" lon="-3.438379">
        <ele>1881.4</ele>
      </trkpt>
      <trkpt lat="37.119556" lon="-3.43834">
        <ele>1881.6</ele>
      </trkpt>
      <trkpt lat="37.119575" lon="-3.438302">
        <ele>1882.0</ele>
      </trkpt>
      <trkpt lat="37.119595" lon="-3.438262">
        <ele>1882.2</ele>
      </trkpt>
      <trkpt lat="37.119615" lon="-3.438223">
        <ele>1882.4</ele>
      </trkpt>
      <trkpt lat="37.119636" lon="-3.438185">
        <ele>1883.0</ele>
      </trkpt>
      <trkpt lat="37.119656" lon="-3.438145">
        <ele>1883.4</ele>
      </trkpt>
      <trkpt lat="37.119673" lon="-3.438105">
        <ele>1883.6</ele>
      </trkpt>
      <trkpt lat="37.119689" lon="-3.438064">
        <ele>1883.8</ele>
      </trkpt>
      <trkpt lat="37.119705" lon="-3.438022">
        <ele>1884.0</ele>
      </trkpt>
      <trkpt lat="37.119719" lon="-3.43798">
        <ele>1884.2</ele>
      </trkpt>
      <trkpt lat="37.11973" lon="-3.437936">
        <ele>1884.4</ele>
      </trkpt>
      <trkpt lat="37.119739" lon="-3.437892">
        <ele>1884.6</ele>
      </trkpt>
      <trkpt lat="37.119746" lon="-3.437847">
        <ele>1884.8</ele>
      </trkpt>
      <trkpt lat="37.119752" lon="-3.437801">
        <ele>1885.0</ele>
      </trkpt>
      <trkpt lat="37.119755" lon="-3.437755">
        <ele>1885.2</ele>
      </trkpt>
      <trkpt lat="37.119758" lon="-3.43771">
        <ele>1885.4</ele>
      </trkpt>
      <trkpt lat="37.119757" lon="-3.437663">
        <ele>1885.6</ele>
      </trkpt>
      <trkpt lat="37.119755" lon="-3.437616">
        <ele>1885.8</ele>
      </trkpt>
      <trkpt lat="37.119751" lon="-3.437571">
        <ele>1886.2</ele>
      </trkpt>
      <trkpt lat="37.119747" lon="-3.437526">
        <ele>1886.6</ele>
      </trkpt>
      <trkpt lat="37.119739" lon="-3.437481">
        <ele>1886.8</ele>
      </trkpt>
      <trkpt lat="37.11973" lon="-3.437437">
        <ele>1886.8</ele>
      </trkpt>
      <trkpt lat="37.119718" lon="-3.437393">
        <ele>1887.2</ele>
      </trkpt>
      <trkpt lat="37.119705" lon="-3.437349">
        <ele>1887.6</ele>
      </trkpt>
      <trkpt lat="37.119693" lon="-3.437305">
        <ele>1887.8</ele>
      </trkpt>
      <trkpt lat="37.119681" lon="-3.437261">
        <ele>1888.0</ele>
      </trkpt>
      <trkpt lat="37.119671" lon="-3.437217">
        <ele>1888.2</ele>
      </trkpt>
      <trkpt lat="37.119661" lon="-3.437173">
        <ele>1888.8</ele>
      </trkpt>
      <trkpt lat="37.119652" lon="-3.437128">
        <ele>1889.2</ele>
      </trkpt>
      <trkpt lat="37.119645" lon="-3.437083">
        <ele>1889.4</ele>
      </trkpt>
      <trkpt lat="37.119639" lon="-3.437037">
        <ele>1889.8</ele>
      </trkpt>
      <trkpt lat="37.119635" lon="-3.43699">
        <ele>1890.0</ele>
      </trkpt>
      <trkpt lat="37.119632" lon="-3.436944">
        <ele>1890.4</ele>
      </trkpt>
      <trkpt lat="37.119633" lon="-3.436898">
        <ele>1890.6</ele>
      </trkpt>
      <trkpt lat="37.119637" lon="-3.436851">
        <ele>1890.6</ele>
      </trkpt>
      <trkpt lat="37.11964" lon="-3.436805">
        <ele>1891.0</ele>
      </trkpt>
      <trkpt lat="37.119644" lon="-3.436758">
        <ele>1891.2</ele>
      </trkpt>
      <trkpt lat="37.119647" lon="-3.436712">
        <ele>1891.6</ele>
      </trkpt>
      <trkpt lat="37.11965" lon="-3.436666">
        <ele>1891.8</ele>
      </trkpt>
      <trkpt lat="37.119654" lon="-3.43662">
        <ele>1892.0</ele>
      </trkpt>
      <trkpt lat="37.119657" lon="-3.436574">
        <ele>1892.4</ele>
      </trkpt>
      <trkpt lat="37.11966" lon="-3.436528">
        <ele>1892.8</ele>
      </trkpt>
      <trkpt lat="37.119663" lon="-3.436483">
        <ele>1893.0</ele>
      </trkpt>
      <trkpt lat="37.119665" lon="-3.436436">
        <ele>1893.0</ele>
      </trkpt>
      <trkpt lat="37.119666" lon="-3.436389">
        <ele>1893.4</ele>
      </trkpt>
      <trkpt lat="37.119668" lon="-3.436343">
        <ele>1893.8</ele>
      </trkpt>
      <trkpt lat="37.119669" lon="-3.436297">
        <ele>1894.2</ele>
      </trkpt>
      <trkpt lat="37.119668" lon="-3.43625">
        <ele>1894.4</ele>
      </trkpt>
      <trkpt lat="37.119668" lon="-3.436203">
        <ele>1894.8</ele>
      </trkpt>
      <trkpt lat="37.119669" lon="-3.436157">
        <ele>1894.8</ele>
      </trkpt>
      <trkpt lat="37.11967" lon="-3.436111">
        <ele>1895.0</ele>
      </trkpt>
      <trkpt lat="37.119669" lon="-3.436064">
        <ele>1895.2</ele>
      </trkpt>
      <trkpt lat="37.119668" lon="-3.436019">
        <ele>1895.6</ele>
      </trkpt>
      <trkpt lat="37.119664" lon="-3.435973">
        <ele>1895.8</ele>
      </trkpt>
      <trkpt lat="37.11966" lon="-3.435927">
        <ele>1896.4</ele>
      </trkpt>
      <trkpt lat="37.119654" lon="-3.435881">
        <ele>1896.6</ele>
      </trkpt>
      <trkpt lat="37.119649" lon="-3.435835">
        <ele>1896.6</ele>
      </trkpt>
      <trkpt lat="37.119646" lon="-3.43579">
        <ele>1897.0</ele>
      </trkpt>
      <trkpt lat="37.119642" lon="-3.435744">
        <ele>1897.2</ele>
      </trkpt>
      <trkpt lat="37.119639" lon="-3.435699">
        <ele>1897.4</ele>
      </trkpt>
      <trkpt lat="37.11964" lon="-3.435655">
        <ele>1897.8</ele>
      </trkpt>
      <trkpt lat="37.119646" lon="-3.435611">
        <ele>1898.0</ele>
      </trkpt>
      <trkpt lat="37.119658" lon="-3.435568">
        <ele>1898.4</ele>
      </trkpt>
      <trkpt lat="37.119679" lon="-3.435528">
        <ele>1898.6</ele>
      </trkpt>
      <trkpt lat="37.119706" lon="-3.435494">
        <ele>1899.2</ele>
      </trkpt>
      <trkpt lat="37.119733" lon="-3.435462">
        <ele>1900.0</ele>
      </trkpt>
      <trkpt lat="37.119761" lon="-3.43543">
        <ele>1900.4</ele>
      </trkpt>
      <trkpt lat="37.119791" lon="-3.4354">
        <ele>1901.0</ele>
      </trkpt>
      <trkpt lat="37.119823" lon="-3.435372">
        <ele>1901.2</ele>
      </trkpt>
      <trkpt lat="37.119854" lon="-3.435344">
        <ele>1901.4</ele>
      </trkpt>
      <trkpt lat="37.119885" lon="-3.435318">
        <ele>1901.6</ele>
      </trkpt>
      <trkpt lat="37.119917" lon="-3.435292">
        <ele>1902.4</ele>
      </trkpt>
      <trkpt lat="37.119947" lon="-3.435267">
        <ele>1903.0</ele>
      </trkpt>
      <trkpt lat="37.119976" lon="-3.43524">
        <ele>1903.4</ele>
      </trkpt>
      <trkpt lat="37.120005" lon="-3.435211">
        <ele>1903.6</ele>
      </trkpt>
      <trkpt lat="37.120033" lon="-3.435181">
        <ele>1903.8</ele>
      </trkpt>
      <trkpt lat="37.120059" lon="-3.435147">
        <ele>1903.8</ele>
      </trkpt>
      <trkpt lat="37.120082" lon="-3.435111">
        <ele>1904.0</ele>
      </trkpt>
      <trkpt lat="37.120103" lon="-3.435072">
        <ele>1903.8</ele>
      </trkpt>
      <trkpt lat="37.120123" lon="-3.435032">
        <ele>1904.0</ele>
      </trkpt>
      <trkpt lat="37.120142" lon="-3.434993">
        <ele>1904.4</ele>
      </trkpt>
      <trkpt lat="37.120161" lon="-3.434953">
        <ele>1904.6</ele>
      </trkpt>
      <trkpt lat="37.120178" lon="-3.434911">
        <ele>1904.8</ele>
      </trkpt>
      <trkpt lat="37.120194" lon="-3.43487">
        <ele>1905.0</ele>
      </trkpt>
      <trkpt lat="37.120213" lon="-3.43483">
        <ele>1905.2</ele>
      </trkpt>
      <trkpt lat="37.120234" lon="-3.434791">
        <ele>1905.4</ele>
      </trkpt>
      <trkpt lat="37.120256" lon="-3.434754">
        <ele>1905.8</ele>
      </trkpt>
      <trkpt lat="37.120279" lon="-3.43472">
        <ele>1906.2</ele>
      </trkpt>
      <trkpt lat="37.120307" lon="-3.43469">
        <ele>1906.8</ele>
      </trkpt>
      <trkpt lat="37.120338" lon="-3.434668">
        <ele>1907.6</ele>
      </trkpt>
      <trkpt lat="37.120372" lon="-3.434652">
        <ele>1908.2</ele>
      </trkpt>
      <trkpt lat="37.120407" lon="-3.434641">
        <ele>1908.2</ele>
      </trkpt>
      <trkpt lat="37.120443" lon="-3.434633">
        <ele>1908.6</ele>
      </trkpt>
      <trkpt lat="37.120479" lon="-3.434626">
        <ele>1909.0</ele>
      </trkpt>
      <trkpt lat="37.120514" lon="-3.434618">
        <ele>1909.2</ele>
      </trkpt>
      <trkpt lat="37.120549" lon="-3.434607">
        <ele>1909.2</ele>
      </trkpt>
      <trkpt lat="37.120583" lon="-3.434593">
        <ele>1909.6</ele>
      </trkpt>
      <trkpt lat="37.120617" lon="-3.434574">
        <ele>1909.6</ele>
      </trkpt>
      <trkpt lat="37.120648" lon="-3.434549">
        <ele>1909.8</ele>
      </trkpt>
      <trkpt lat="37.120678" lon="-3.434521">
        <ele>1910.0</ele>
      </trkpt>
      <trkpt lat="37.120707" lon="-3.434491">
        <ele>1910.2</ele>
      </trkpt>
      <trkpt lat="37.120734" lon="-3.434459">
        <ele>1910.6</ele>
      </trkpt>
      <trkpt lat="37.12076" lon="-3.434426">
        <ele>1910.8</ele>
      </trkpt>
      <trkpt lat="37.120786" lon="-3.434392">
        <ele>1911.2</ele>
      </trkpt>
      <trkpt lat="37.120812" lon="-3.43436">
        <ele>1911.4</ele>
      </trkpt>
      <trkpt lat="37.120838" lon="-3.434327">
        <ele>1911.6</ele>
      </trkpt>
      <trkpt lat="37.120863" lon="-3.434293">
        <ele>1911.8</ele>
      </trkpt>
      <trkpt lat="37.120889" lon="-3.43426">
        <ele>1912.2</ele>
      </trkpt>
      <trkpt lat="37.120915" lon="-3.434228">
        <ele>1912.6</ele>
      </trkpt>
      <trkpt lat="37.120943" lon="-3.434196">
        <ele>1912.8</ele>
      </trkpt>
      <trkpt lat="37.12097" lon="-3.434164">
        <ele>1913.0</ele>
      </trkpt>
      <trkpt lat="37.120997" lon="-3.434133">
        <ele>1913.2</ele>
      </trkpt>
      <trkpt lat="37.121024" lon="-3.434102">
        <ele>1913.6</ele>
      </trkpt>
      <trkpt lat="37.121051" lon="-3.434071">
        <ele>1913.8</ele>
      </trkpt>
      <trkpt lat="37.121079" lon="-3.434041">
        <ele>1914.0</ele>
      </trkpt>
      <trkpt lat="37.121108" lon="-3.434013">
        <ele>1914.2</ele>
      </trkpt>
      <trkpt lat="37.121138" lon="-3.433987">
        <ele>1914.6</ele>
      </trkpt>
      <trkpt lat="37.121169" lon="-3.433961">
        <ele>1914.8</ele>
      </trkpt>
      <trkpt lat="37.121199" lon="-3.433936">
        <ele>1915.2</ele>
      </trkpt>
      <trkpt lat="37.121227" lon="-3.433909">
        <ele>1915.4</ele>
      </trkpt>
      <trkpt lat="37.121257" lon="-3.433882">
        <ele>1915.6</ele>
      </trkpt>
      <trkpt lat="37.121286" lon="-3.433857">
        <ele>1916.0</ele>
      </trkpt>
      <trkpt lat="37.121317" lon="-3.433831">
        <ele>1916.2</ele>
      </trkpt>
      <trkpt lat="37.121347" lon="-3.433805">
        <ele>1916.6</ele>
      </trkpt>
      <trkpt lat="37.121377" lon="-3.433779">
        <ele>1916.8</ele>
      </trkpt>
      <trkpt lat="37.121406" lon="-3.433754">
        <ele>1917.4</ele>
      </trkpt>
      <trkpt lat="37.121435" lon="-3.433727">
        <ele>1917.6</ele>
      </trkpt>
      <trkpt lat="37.121464" lon="-3.433703">
        <ele>1917.6</ele>
      </trkpt>
      <trkpt lat="37.121494" lon="-3.433678">
        <ele>1917.6</ele>
      </trkpt>
      <trkpt lat="37.121524" lon="-3.433653">
        <ele>1918.0</ele>
      </trkpt>
      <trkpt lat="37.121553" lon="-3.433628">
        <ele>1918.4</ele>
      </trkpt>
      <trkpt lat="37.121582" lon="-3.433603">
        <ele>1918.6</ele>
      </trkpt>
      <trkpt lat="37.121611" lon="-3.43358">
        <ele>1919.0</ele>
      </trkpt>
      <trkpt lat="37.121642" lon="-3.433557">
        <ele>1919.4</ele>
      </trkpt>
      <trkpt lat="37.121673" lon="-3.433538">
        <ele>1919.6</ele>
      </trkpt>
      <trkpt lat="37.121704" lon="-3.433522">
        <ele>1919.6</ele>
      </trkpt>
      <trkpt lat="37.121737" lon="-3.43351">
        <ele>1919.8</ele>
      </trkpt>
      <trkpt lat="37.121771" lon="-3.433501">
        <ele>1920.0</ele>
      </trkpt>
      <trkpt lat="37.121805" lon="-3.433499">
        <ele>1920.4</ele>
      </trkpt>
      <trkpt lat="37.121839" lon="-3.4335">
        <ele>1920.8</ele>
      </trkpt>
      <trkpt lat="37.121874" lon="-3.433501">
        <ele>1921.0</ele>
      </trkpt>
      <trkpt lat="37.121908" lon="-3.433505">
        <ele>1921.2</ele>
      </trkpt>
      <trkpt lat="37.121942" lon="-3.433512">
        <ele>1921.4</ele>
      </trkpt>
      <trkpt lat="37.121977" lon="-3.433519">
        <ele>1921.8</ele>
      </trkpt>
      <trkpt lat="37.122011" lon="-3.433527">
        <ele>1922.0</ele>
      </trkpt>
      <trkpt lat="37.122044" lon="-3.433531">
        <ele>1922.2</ele>
      </trkpt>
      <trkpt lat="37.122077" lon="-3.43353">
        <ele>1922.4</ele>
      </trkpt>
      <trkpt lat="37.122111" lon="-3.433524">
        <ele>1922.8</ele>
      </trkpt>
      <trkpt lat="37.122145" lon="-3.433515">
        <ele>1923.2</ele>
      </trkpt>
      <trkpt lat="37.122176" lon="-3.433503">
        <ele>1923.4</ele>
      </trkpt>
      <trkpt lat="37.122205" lon="-3.433484">
        <ele>1923.6</ele>
      </trkpt>
      <trkpt lat="37.122229" lon="-3.433458">
        <ele>1923.8</ele>
      </trkpt>
      <trkpt lat="37.122249" lon="-3.433426">
        <ele>1924.0</ele>
      </trkpt>
      <trkpt lat="37.122266" lon="-3.433393">
        <ele>1924.2</ele>
      </trkpt>
      <trkpt lat="37.122278" lon="-3.433357">
        <ele>1924.4</ele>
      </trkpt>
      <trkpt lat="37.122284" lon="-3.433318">
        <ele>1924.6</ele>
      </trkpt>
      <trkpt lat="37.122283" lon="-3.433274">
        <ele>1925.0</ele>
      </trkpt>
      <trkpt lat="37.122276" lon="-3.43323">
        <ele>1925.4</ele>
      </trkpt>
      <trkpt lat="37.122266" lon="-3.433183">
        <ele>1925.4</ele>
      </trkpt>
      <trkpt lat="37.122254" lon="-3.433139">
        <ele>1926.0</ele>
      </trkpt>
      <trkpt lat="37.122236" lon="-3.433097">
        <ele>1926.2</ele>
      </trkpt>
      <trkpt lat="37.122212" lon="-3.433058">
        <ele>1926.8</ele>
      </trkpt>
      <trkpt lat="37.122184" lon="-3.433026">
        <ele>1927.2</ele>
      </trkpt>
      <trkpt lat="37.122153" lon="-3.432998">
        <ele>1927.6</ele>
      </trkpt>
      <trkpt lat="37.122123" lon="-3.432971">
        <ele>1928.0</ele>
      </trkpt>
      <trkpt lat="37.12209" lon="-3.432947">
        <ele>1928.2</ele>
      </trkpt>
      <trkpt lat="37.122056" lon="-3.432926">
        <ele>1928.4</ele>
      </trkpt>
      <trkpt lat="37.12202" lon="-3.432906">
        <ele>1928.6</ele>
      </trkpt>
      <trkpt lat="37.121984" lon="-3.432886">
        <ele>1928.6</ele>
      </trkpt>
      <trkpt lat="37.121948" lon="-3.432867">
        <ele>1928.8</ele>
      </trkpt>
      <trkpt lat="37.121912" lon="-3.432849">
        <ele>1929.2</ele>
      </trkpt>
      <trkpt lat="37.121877" lon="-3.432833">
        <ele>1929.2</ele>
      </trkpt>
      <trkpt lat="37.121841" lon="-3.432819">
        <ele>1929.4</ele>
      </trkpt>
      <trkpt lat="37.121805" lon="-3.432808">
        <ele>1929.6</ele>
      </trkpt>
      <trkpt lat="37.121768" lon="-3.432798">
        <ele>1929.8</ele>
      </trkpt>
      <trkpt lat="37.12173" lon="-3.43279">
        <ele>1930.0</ele>
      </trkpt>
      <trkpt lat="37.121693" lon="-3.432784">
        <ele>1930.0</ele>
      </trkpt>
      <trkpt lat="37.121654" lon="-3.432783">
        <ele>1930.2</ele>
      </trkpt>
      <trkpt lat="37.121613" lon="-3.432787">
        <ele>1930.6</ele>
      </trkpt>
      <trkpt lat="37.121573" lon="-3.432796">
        <ele>1930.8</ele>
      </trkpt>
      <trkpt lat="37.121531" lon="-3.43281">
        <ele>1931.2</ele>
      </trkpt>
      <trkpt lat="37.12149" lon="-3.432825">
        <ele>1931.2</ele>
      </trkpt>
      <trkpt lat="37.121448" lon="-3.43284">
        <ele>1931.2</ele>
      </trkpt>
      <trkpt lat="37.121407" lon="-3.432855">
        <ele>1931.4</ele>
      </trkpt>
      <trkpt lat="37.121366" lon="-3.432871">
        <ele>1931.6</ele>
      </trkpt>
      <trkpt lat="37.121325" lon="-3.432884">
        <ele>1931.6</ele>
      </trkpt>
      <trkpt lat="37.121283" lon="-3.432892">
        <ele>1931.6</ele>
      </trkpt>
      <trkpt lat="37.12124" lon="-3.432895">
        <ele>1932.0</ele>
      </trkpt>
      <trkpt lat="37.121198" lon="-3.432891">
        <ele>1932.6</ele>
      </trkpt>
      <trkpt lat="37.121158" lon="-3.432882">
        <ele>1933.0</ele>
      </trkpt>
      <trkpt lat="37.121121" lon="-3.432867">
        <ele>1933.4</ele>
      </trkpt>
      <trkpt lat="37.121088" lon="-3.432843">
        <ele>1933.8</ele>
      </trkpt>
      <trkpt lat="37.121061" lon="-3.432813">
        <ele>1934.0</ele>
      </trkpt>
      <trkpt lat="37.121042" lon="-3.432775">
        <ele>1934.2</ele>
      </trkpt>
      <trkpt lat="37.121029" lon="-3.432731">
        <ele>1934.4</ele>
      </trkpt>
      <trkpt lat="37.121022" lon="-3.432686">
        <ele>1934.8</ele>
      </trkpt>
      <trkpt lat="37.121021" lon="-3.43264">
        <ele>1935.2</ele>
      </trkpt>
      <trkpt lat="37.121025" lon="-3.432596">
        <ele>1935.8</ele>
      </trkpt>
      <trkpt lat="37.121033" lon="-3.432552">
        <ele>1936.4</ele>
      </trkpt>
      <trkpt lat="37.121045" lon="-3.432508">
        <ele>1936.8</ele>
      </trkpt>
      <trkpt lat="37.121065" lon="-3.43247">
        <ele>1937.6</ele>
      </trkpt>
      <trkpt lat="37.121091" lon="-3.432433">
        <ele>1938.2</ele>
      </trkpt>
      <trkpt lat="37.12112" lon="-3.432398">
        <ele>1939.0</ele>
      </trkpt>
      <trkpt lat="37.121151" lon="-3.432367">
        <ele>1939.4</ele>
      </trkpt>
      <trkpt lat="37.121187" lon="-3.432344">
        <ele>1939.8</ele>
      </trkpt>
      <trkpt lat="37.121223" lon="-3.432325">
        <ele>1940.0</ele>
      </trkpt>
      <trkpt lat="37.12126" lon="-3.432308">
        <ele>1940.4</ele>
      </trkpt>
      <trkpt lat="37.121297" lon="-3.432291">
        <ele>1940.6</ele>
      </trkpt>
      <trkpt lat="37.121334" lon="-3.432276">
        <ele>1940.8</ele>
      </trkpt>
      <trkpt lat="37.121371" lon="-3.43226">
        <ele>1941.0</ele>
      </trkpt>
      <trkpt lat="37.121408" lon="-3.43224">
        <ele>1941.2</ele>
      </trkpt>
      <trkpt lat="37.121444" lon="-3.432217">
        <ele>1941.4</ele>
      </trkpt>
      <trkpt lat="37.121481" lon="-3.432192">
        <ele>1941.4</ele>
      </trkpt>
      <trkpt lat="37.121518" lon="-3.432167">
        <ele>1941.4</ele>
      </trkpt>
      <trkpt lat="37.121554" lon="-3.43214">
        <ele>1941.6</ele>
      </trkpt>
      <trkpt lat="37.12159" lon="-3.432113">
        <ele>1941.6</ele>
      </trkpt>
      <trkpt lat="37.121625" lon="-3.432086">
        <ele>1942.0</ele>
      </trkpt>
      <trkpt lat="37.12166" lon="-3.432058">
        <ele>1942.4</ele>
      </trkpt>
      <trkpt lat="37.121694" lon="-3.432029">
        <ele>1942.6</ele>
      </trkpt>
      <trkpt lat="37.121727" lon="-3.431999">
        <ele>1943.0</ele>
      </trkpt>
      <trkpt lat="37.121762" lon="-3.431973">
        <ele>1943.4</ele>
      </trkpt>
      <trkpt lat="37.121797" lon="-3.431948">
        <ele>1943.6</ele>
      </trkpt>
      <trkpt lat="37.121831" lon="-3.431922">
        <ele>1944.0</ele>
      </trkpt>
      <trkpt lat="37.121866" lon="-3.431896">
        <ele>1944.2</ele>
      </trkpt>
      <trkpt lat="37.1219" lon="-3.43187">
        <ele>1944.4</ele>
      </trkpt>
      <trkpt lat="37.121933" lon="-3.431844">
        <ele>1944.8</ele>
      </trkpt>
      <trkpt lat="37.121964" lon="-3.431818">
        <ele>1945.0</ele>
      </trkpt>
      <trkpt lat="37.121995" lon="-3.431791">
        <ele>1945.2</ele>
      </trkpt>
      <trkpt lat="37.122025" lon="-3.431765">
        <ele>1945.4</ele>
      </trkpt>
      <trkpt lat="37.122056" lon="-3.431738">
        <ele>1945.6</ele>
      </trkpt>
      <trkpt lat="37.122087" lon="-3.431713">
        <ele>1946.0</ele>
      </trkpt>
      <trkpt lat="37.122118" lon="-3.431689">
        <ele>1946.4</ele>
      </trkpt>
      <trkpt lat="37.12215" lon="-3.431667">
        <ele>1946.8</ele>
      </trkpt>
      <trkpt lat="37.12218" lon="-3.431643">
        <ele>1947.0</ele>
      </trkpt>
      <trkpt lat="37.12221" lon="-3.431617">
        <ele>1947.2</ele>
      </trkpt>
      <trkpt lat="37.12224" lon="-3.431592">
        <ele>1947.4</ele>
      </trkpt>
      <trkpt lat="37.12227" lon="-3.431568">
        <ele>1947.6</ele>
      </trkpt>
      <trkpt lat="37.122299" lon="-3.431542">
        <ele>1947.8</ele>
      </trkpt>
      <trkpt lat="37.122326" lon="-3.431514">
        <ele>1947.8</ele>
      </trkpt>
      <trkpt lat="37.122351" lon="-3.431484">
        <ele>1948.0</ele>
      </trkpt>
      <trkpt lat="37.122376" lon="-3.431451">
        <ele>1948.0</ele>
      </trkpt>
      <trkpt lat="37.122396" lon="-3.431417">
        <ele>1948.0</ele>
      </trkpt>
      <trkpt lat="37.122412" lon="-3.43138">
        <ele>1948.2</ele>
      </trkpt>
      <trkpt lat="37.122425" lon="-3.431341">
        <ele>1948.4</ele>
      </trkpt>
      <trkpt lat="37.122433" lon="-3.431301">
        <ele>1948.6</ele>
      </trkpt>
      <trkpt lat="37.122438" lon="-3.431261">
        <ele>1948.8</ele>
      </trkpt>
      <trkpt lat="37.12244" lon="-3.43122">
        <ele>1949.2</ele>
      </trkpt>
      <trkpt lat="37.122438" lon="-3.431179">
        <ele>1949.4</ele>
      </trkpt>
      <trkpt lat="37.122431" lon="-3.431139">
        <ele>1949.6</ele>
      </trkpt>
      <trkpt lat="37.122421" lon="-3.431099">
        <ele>1949.6</ele>
      </trkpt>
      <trkpt lat="37.122408" lon="-3.43106">
        <ele>1950.0</ele>
      </trkpt>
      <trkpt lat="37.122391" lon="-3.431024">
        <ele>1950.4</ele>
      </trkpt>
      <trkpt lat="37.122371" lon="-3.430991">
        <ele>1950.8</ele>
      </trkpt>
      <trkpt lat="37.122347" lon="-3.430962">
        <ele>1951.2</ele>
      </trkpt>
      <trkpt lat="37.122318" lon="-3.430939">
        <ele>1951.4</ele>
      </trkpt>
      <trkpt lat="37.122285" lon="-3.430921">
        <ele>1951.8</ele>
      </trkpt>
      <trkpt lat="37.12225" lon="-3.430911">
        <ele>1952.0</ele>
      </trkpt>
      <trkpt lat="37.122213" lon="-3.430908">
        <ele>1952.0</ele>
      </trkpt>
      <trkpt lat="37.122176" lon="-3.430909">
        <ele>1952.2</ele>
      </trkpt>
      <trkpt lat="37.122139" lon="-3.430916">
        <ele>1952.6</ele>
      </trkpt>
      <trkpt lat="37.122103" lon="-3.430929">
        <ele>1953.0</ele>
      </trkpt>
      <trkpt lat="37.122067" lon="-3.430947">
        <ele>1953.2</ele>
      </trkpt>
      <trkpt lat="37.122032" lon="-3.430968">
        <ele>1953.6</ele>
      </trkpt>
      <trkpt lat="37.121998" lon="-3.430989">
        <ele>1954.0</ele>
      </trkpt>
      <trkpt lat="37.121963" lon="-3.43101">
        <ele>1954.2</ele>
      </trkpt>
      <trkpt lat="37.121927" lon="-3.431031">
        <ele>1954.4</ele>
      </trkpt>
      <trkpt lat="37.121891" lon="-3.431053">
        <ele>1954.4</ele>
      </trkpt>
      <trkpt lat="37.121853" lon="-3.431072">
        <ele>1954.6</ele>
      </trkpt>
      <trkpt lat="37.121815" lon="-3.431088">
        <ele>1954.8</ele>
      </trkpt>
      <trkpt lat="37.121775" lon="-3.431103">
        <ele>1955.0</ele>
      </trkpt>
      <trkpt lat="37.121735" lon="-3.431115">
        <ele>1955.2</ele>
      </trkpt>
      <trkpt lat="37.121695" lon="-3.431128">
        <ele>1955.8</ele>
      </trkpt>
      <trkpt lat="37.121654" lon="-3.431139">
        <ele>1956.0</ele>
      </trkpt>
      <trkpt lat="37.121614" lon="-3.431149">
        <ele>1956.0</ele>
      </trkpt>
      <trkpt lat="37.121572" lon="-3.431159">
        <ele>1956.2</ele>
      </trkpt>
      <trkpt lat="37.12153" lon="-3.431165">
        <ele>1956.2</ele>
      </trkpt>
      <trkpt lat="37.121489" lon="-3.431172">
        <ele>1956.4</ele>
      </trkpt>
      <trkpt lat="37.12145" lon="-3.431179">
        <ele>1957.0</ele>
      </trkpt>
      <trkpt lat="37.121411" lon="-3.431189">
        <ele>1957.4</ele>
      </trkpt>
      <trkpt lat="37.121372" lon="-3.431199">
        <ele>1957.6</ele>
      </trkpt>
      <trkpt lat="37.121333" lon="-3.43121">
        <ele>1958.0</ele>
      </trkpt>
      <trkpt lat="37.121295" lon="-3.43122">
        <ele>1958.2</ele>
      </trkpt>
      <trkpt lat="37.121257" lon="-3.431231">
        <ele>1958.6</ele>
      </trkpt>
      <trkpt lat="37.121221" lon="-3.431247">
        <ele>1959.0</ele>
      </trkpt>
      <trkpt lat="37.121186" lon="-3.431262">
        <ele>1959.2</ele>
      </trkpt>
      <trkpt lat="37.12115" lon="-3.431275">
        <ele>1959.8</ele>
      </trkpt>
      <trkpt lat="37.121115" lon="-3.431291">
        <ele>1960.0</ele>
      </trkpt>
      <trkpt lat="37.12108" lon="-3.431308">
        <ele>1960.4</ele>
      </trkpt>
      <trkpt lat="37.121045" lon="-3.431326">
        <ele>1960.6</ele>
      </trkpt>
      <trkpt lat="37.121011" lon="-3.431345">
        <ele>1961.0</ele>
      </trkpt>
      <trkpt lat="37.120976" lon="-3.431364">
        <ele>1961.2</ele>
      </trkpt>
      <trkpt lat="37.12094" lon="-3.431379">
        <ele>1961.4</ele>
      </trkpt>
      <trkpt lat="37.120904" lon="-3.431393">
        <ele>1962.0</ele>
      </trkpt>
      <trkpt lat="37.120868" lon="-3.431407">
        <ele>1962.2</ele>
      </trkpt>
      <trkpt lat="37.120831" lon="-3.431423">
        <ele>1962.6</ele>
      </trkpt>
      <trkpt lat="37.120795" lon="-3.431441">
        <ele>1962.6</ele>
      </trkpt>
      <trkpt lat="37.120757" lon="-3.431458">
        <ele>1962.6</ele>
      </trkpt>
      <trkpt lat="37.120719" lon="-3.431476">
        <ele>1962.8</ele>
      </trkpt>
      <trkpt lat="37.120681" lon="-3.431492">
        <ele>1963.2</ele>
      </trkpt>
      <trkpt lat="37.120642" lon="-3.431508">
        <ele>1963.4</ele>
      </trkpt>
      <trkpt lat="37.120604" lon="-3.431524">
        <ele>1963.8</ele>
      </trkpt>
      <trkpt lat="37.120565" lon="-3.431541">
        <ele>1964.2</ele>
      </trkpt>
      <trkpt lat="37.120527" lon="-3.431555">
        <ele>1964.4</ele>
      </trkpt>
      <trkpt lat="37.120487" lon="-3.431566">
        <ele>1964.6</ele>
      </trkpt>
      <trkpt lat="37.120446" lon="-3.431576">
        <ele>1965.0</ele>
      </trkpt>
      <trkpt lat="37.120406" lon="-3.431585">
        <ele>1965.0</ele>
      </trkpt>
      <trkpt lat="37.120365" lon="-3.43159">
        <ele>1965.4</ele>
      </trkpt>
      <trkpt lat="37.120324" lon="-3.431593">
        <ele>1965.8</ele>
      </trkpt>
      <trkpt lat="37.120282" lon="-3.431592">
        <ele>1966.0</ele>
      </trkpt>
      <trkpt lat="37.120241" lon="-3.431588">
        <ele>1966.2</ele>
      </trkpt>
      <trkpt lat="37.1202" lon="-3.431581">
        <ele>1966.4</ele>
      </trkpt>
      <trkpt lat="37.120161" lon="-3.431569">
        <ele>1967.0</ele>
      </trkpt>
      <trkpt lat="37.120121" lon="-3.431555">
        <ele>1967.4</ele>
      </trkpt>
      <trkpt lat="37.120083" lon="-3.43154">
        <ele>1967.6</ele>
      </trkpt>
      <trkpt lat="37.120045" lon="-3.431525">
        <ele>1967.8</ele>
      </trkpt>
      <trkpt lat="37.120007" lon="-3.431505">
        <ele>1968.0</ele>
      </trkpt>
      <trkpt lat="37.119971" lon="-3.431482">
        <ele>1968.2</ele>
      </trkpt>
      <trkpt lat="37.119937" lon="-3.431455">
        <ele>1968.6</ele>
      </trkpt>
      <trkpt lat="37.119905" lon="-3.431427">
        <ele>1968.8</ele>
      </trkpt>
      <trkpt lat="37.119874" lon="-3.431399">
        <ele>1969.0</ele>
      </trkpt>
      <trkpt lat="37.119843" lon="-3.431371">
        <ele>1969.4</ele>
      </trkpt>
      <trkpt lat="37.119813" lon="-3.431343">
        <ele>1969.6</ele>
      </trkpt>
      <trkpt lat="37.119783" lon="-3.431314">
        <ele>1969.6</ele>
      </trkpt>
      <trkpt lat="37.119755" lon="-3.431285">
        <ele>1970.0</ele>
      </trkpt>
      <trkpt lat="37.119727" lon="-3.431256">
        <ele>1970.2</ele>
      </trkpt>
      <trkpt lat="37.119699" lon="-3.431229">
        <ele>1970.6</ele>
      </trkpt>
      <trkpt lat="37.119669" lon="-3.431205">
        <ele>1971.0</ele>
      </trkpt>
      <trkpt lat="37.11964" lon="-3.43118">
        <ele>1971.4</ele>
      </trkpt>
      <trkpt lat="37.119613" lon="-3.431153">
        <ele>1971.8</ele>
      </trkpt>
      <trkpt lat="37.119586" lon="-3.431125">
        <ele>1972.2</ele>
      </trkpt>
      <trkpt lat="37.119557" lon="-3.431097">
        <ele>1972.4</ele>
      </trkpt>
      <trkpt lat="37.119528" lon="-3.431073">
        <ele>1972.6</ele>
      </trkpt>
      <trkpt lat="37.119498" lon="-3.43105">
        <ele>1972.6</ele>
      </trkpt>
      <trkpt lat="37.119466" lon="-3.43103">
        <ele>1973.0</ele>
      </trkpt>
      <trkpt lat="37.119433" lon="-3.431015">
        <ele>1973.2</ele>
      </trkpt>
      <trkpt lat="37.119399" lon="-3.431005">
        <ele>1973.4</ele>
      </trkpt>
      <trkpt lat="37.119363" lon="-3.431">
        <ele>1974.0</ele>
      </trkpt>
      <trkpt lat="37.119329" lon="-3.430999">
        <ele>1974.4</ele>
      </trkpt>
      <trkpt lat="37.119294" lon="-3.431001">
        <ele>1975.0</ele>
      </trkpt>
      <trkpt lat="37.11926" lon="-3.431006">
        <ele>1975.2</ele>
      </trkpt>
      <trkpt lat="37.119225" lon="-3.431014">
        <ele>1975.4</ele>
      </trkpt>
      <trkpt lat="37.119191" lon="-3.431023">
        <ele>1975.6</ele>
      </trkpt>
      <trkpt lat="37.119158" lon="-3.431036">
        <ele>1975.8</ele>
      </trkpt>
      <trkpt lat="37.119126" lon="-3.431056">
        <ele>1976.2</ele>
      </trkpt>
      <trkpt lat="37.119095" lon="-3.43108">
        <ele>1976.4</ele>
      </trkpt>
      <trkpt lat="37.119066" lon="-3.431106">
        <ele>1976.6</ele>
      </trkpt>
      <trkpt lat="37.119037" lon="-3.431134">
        <ele>1976.8</ele>
      </trkpt>
      <trkpt lat="37.119008" lon="-3.431163">
        <ele>1977.4</ele>
      </trkpt>
      <trkpt lat="37.118978" lon="-3.431193">
        <ele>1977.8</ele>
      </trkpt>
      <trkpt lat="37.118946" lon="-3.43122">
        <ele>1978.0</ele>
      </trkpt>
      <trkpt lat="37.118912" lon="-3.431245">
        <ele>1978.2</ele>
      </trkpt>
      <trkpt lat="37.118875" lon="-3.431266">
        <ele>1978.4</ele>
      </trkpt>
      <trkpt lat="37.118837" lon="-3.431286">
        <ele>1978.6</ele>
      </trkpt>
      <trkpt lat="37.118798" lon="-3.431305">
        <ele>1978.6</ele>
      </trkpt>
      <trkpt lat="37.11876" lon="-3.431322">
        <ele>1978.6</ele>
      </trkpt>
      <trkpt lat="37.118721" lon="-3.431336">
        <ele>1979.0</ele>
      </trkpt>
      <trkpt lat="37.118682" lon="-3.431347">
        <ele>1979.2</ele>
      </trkpt>
      <trkpt lat="37.118644" lon="-3.431355">
        <ele>1979.6</ele>
      </trkpt>
      <trkpt lat="37.118605" lon="-3.431361">
        <ele>1980.0</ele>
      </trkpt>
      <trkpt lat="37.118565" lon="-3.431364">
        <ele>1980.4</ele>
      </trkpt>
      <trkpt lat="37.118527" lon="-3.431368">
        <ele>1980.8</ele>
      </trkpt>
      <trkpt lat="37.118489" lon="-3.43137">
        <ele>1981.0</ele>
      </trkpt>
      <trkpt lat="37.118453" lon="-3.431368">
        <ele>1981.2</ele>
      </trkpt>
      <trkpt lat="37.118416" lon="-3.431365">
        <ele>1981.6</ele>
      </trkpt>
      <trkpt lat="37.11838" lon="-3.431358">
        <ele>1981.8</ele>
      </trkpt>
      <trkpt lat="37.118343" lon="-3.43135">
        <ele>1982.0</ele>
      </trkpt>
      <trkpt lat="37.118306" lon="-3.431343">
        <ele>1982.0</ele>
      </trkpt>
      <trkpt lat="37.118269" lon="-3.431333">
        <ele>1982.2</ele>
      </trkpt>
      <trkpt lat="37.118232" lon="-3.431321">
        <ele>1982.6</ele>
      </trkpt>
      <trkpt lat="37.118195" lon="-3.431308">
        <ele>1983.0</ele>
      </trkpt>
      <trkpt lat="37.11816" lon="-3.431291">
        <ele>1983.2</ele>
      </trkpt>
      <trkpt lat="37.118126" lon="-3.431269">
        <ele>1983.4</ele>
      </trkpt>
      <trkpt lat="37.118093" lon="-3.431244">
        <ele>1983.6</ele>
      </trkpt>
      <trkpt lat="37.118059" lon="-3.431216">
        <ele>1983.8</ele>
      </trkpt>
      <trkpt lat="37.118026" lon="-3.431185">
        <ele>1984.0</ele>
      </trkpt>
      <trkpt lat="37.117994" lon="-3.431155">
        <ele>1984.2</ele>
      </trkpt>
      <trkpt lat="37.117962" lon="-3.431123">
        <ele>1984.4</ele>
      </trkpt>
      <trkpt lat="37.117932" lon="-3.43109">
        <ele>1984.6</ele>
      </trkpt>
      <trkpt lat="37.117902" lon="-3.431055">
        <ele>1985.2</ele>
      </trkpt>
      <trkpt lat="37.117872" lon="-3.431019">
        <ele>1985.6</ele>
      </trkpt>
      <trkpt lat="37.117843" lon="-3.430984">
        <ele>1985.8</ele>
      </trkpt>
      <trkpt lat="37.117813" lon="-3.430951">
        <ele>1986.0</ele>
      </trkpt>
      <trkpt lat="37.117783" lon="-3.430918">
        <ele>1986.2</ele>
      </trkpt>
      <trkpt lat="37.117751" lon="-3.430886">
        <ele>1986.6</ele>
      </trkpt>
      <trkpt lat="37.11772" lon="-3.430854">
        <ele>1987.2</ele>
      </trkpt>
      <trkpt lat="37.117691" lon="-3.430821">
        <ele>1987.6</ele>
      </trkpt>
      <trkpt lat="37.117663" lon="-3.430788">
        <ele>1987.6</ele>
      </trkpt>
      <trkpt lat="37.117634" lon="-3.430755">
        <ele>1987.8</ele>
      </trkpt>
      <trkpt lat="37.117605" lon="-3.430723">
        <ele>1988.2</ele>
      </trkpt>
      <trkpt lat="37.117576" lon="-3.43069">
        <ele>1988.6</ele>
      </trkpt>
      <trkpt lat="37.117547" lon="-3.430658">
        <ele>1988.8</ele>
      </trkpt>
      <trkpt lat="37.117519" lon="-3.430627">
        <ele>1989.0</ele>
      </trkpt>
      <trkpt lat="37.117491" lon="-3.430595">
        <ele>1989.2</ele>
      </trkpt>
      <trkpt lat="37.117464" lon="-3.43056">
        <ele>1989.6</ele>
      </trkpt>
      <trkpt lat="37.117437" lon="-3.430526">
        <ele>1989.8</ele>
      </trkpt>
      <trkpt lat="37.117408" lon="-3.430491">
        <ele>1989.8</ele>
      </trkpt>
      <trkpt lat="37.11738" lon="-3.430455">
        <ele>1989.8</ele>
      </trkpt>
      <trkpt lat="37.117352" lon="-3.430418">
        <ele>1990.0</ele>
      </trkpt>
      <trkpt lat="37.117325" lon="-3.430381">
        <ele>1990.2</ele>
      </trkpt>
      <trkpt lat="37.117297" lon="-3.430344">
        <ele>1990.6</ele>
      </trkpt>
      <trkpt lat="37.11727" lon="-3.430307">
        <ele>1991.0</ele>
      </trkpt>
      <trkpt lat="37.117243" lon="-3.430268">
        <ele>1991.4</ele>
      </trkpt>
      <trkpt lat="37.117218" lon="-3.430229">
        <ele>1991.6</ele>
      </trkpt>
      <trkpt lat="37.117194" lon="-3.430188">
        <ele>1991.8</ele>
      </trkpt>
      <trkpt lat="37.117171" lon="-3.430147">
        <ele>1992.0</ele>
      </trkpt>
      <trkpt lat="37.117148" lon="-3.430106">
        <ele>1992.4</ele>
      </trkpt>
      <trkpt lat="37.117125" lon="-3.430066">
        <ele>1993.0</ele>
      </trkpt>
      <trkpt lat="37.117102" lon="-3.430025">
        <ele>1993.2</ele>
      </trkpt>
      <trkpt lat="37.117078" lon="-3.429984">
        <ele>1993.4</ele>
      </trkpt>
      <trkpt lat="37.117055" lon="-3.429941">
        <ele>1993.6</ele>
      </trkpt>
      <trkpt lat="37.11703" lon="-3.429899">
        <ele>1993.6</ele>
      </trkpt>
      <trkpt lat="37.117005" lon="-3.429854">
        <ele>1993.8</ele>
      </trkpt>
      <trkpt lat="37.11698" lon="-3.429806">
        <ele>1994.0</ele>
      </trkpt>
      <trkpt lat="37.116954" lon="-3.429755">
        <ele>1994.2</ele>
      </trkpt>
      <trkpt lat="37.116927" lon="-3.429702">
        <ele>1994.4</ele>
      </trkpt>
      <trkpt lat="37.1169" lon="-3.429645">
        <ele>1994.4</ele>
      </trkpt>
      <trkpt lat="37.116876" lon="-3.429586">
        <ele>1994.6</ele>
      </trkpt>
      <trkpt lat="37.116854" lon="-3.429522">
        <ele>1994.6</ele>
      </trkpt>
      <trkpt lat="37.116835" lon="-3.429456">
        <ele>1994.4</ele>
      </trkpt>
      <trkpt lat="37.116819" lon="-3.429388">
        <ele>1994.4</ele>
      </trkpt>
      <trkpt lat="37.116804" lon="-3.429317">
        <ele>1994.4</ele>
      </trkpt>
      <trkpt lat="37.116792" lon="-3.429245">
        <ele>1994.4</ele>
      </trkpt>
      <trkpt lat="37.116782" lon="-3.429171">
        <ele>1994.6</ele>
      </trkpt>
      <trkpt lat="37.116772" lon="-3.429097">
        <ele>1994.6</ele>
      </trkpt>
      <trkpt lat="37.116763" lon="-3.429024">
        <ele>1994.8</ele>
      </trkpt>
      <trkpt lat="37.116755" lon="-3.42895">
        <ele>1995.0</ele>
      </trkpt>
      <trkpt lat="37.116747" lon="-3.428877">
        <ele>1995.2</ele>
      </trkpt>
      <trkpt lat="37.11674" lon="-3.428804">
        <ele>1995.4</ele>
      </trkpt>
      <trkpt lat="37.116733" lon="-3.428731">
        <ele>1995.6</ele>
      </trkpt>
      <trkpt lat="37.116727" lon="-3.428659">
        <ele>1995.8</ele>
      </trkpt>
      <trkpt lat="37.116721" lon="-3.428588">
        <ele>1995.8</ele>
      </trkpt>
      <trkpt lat="37.116717" lon="-3.428517">
        <ele>1996.2</ele>
      </trkpt>
      <trkpt lat="37.116712" lon="-3.428445">
        <ele>1996.2</ele>
      </trkpt>
      <trkpt lat="37.116708" lon="-3.428374">
        <ele>1996.4</ele>
      </trkpt>
      <trkpt lat="37.116705" lon="-3.428302">
        <ele>1996.6</ele>
      </trkpt>
      <trkpt lat="37.116703" lon="-3.428231">
        <ele>1997.0</ele>
      </trkpt>
      <trkpt lat="37.1167" lon="-3.428161">
        <ele>1997.2</ele>
      </trkpt>
      <trkpt lat="37.1167" lon="-3.428091">
        <ele>1997.2</ele>
      </trkpt>
      <trkpt lat="37.116699" lon="-3.428022">
        <ele>1997.4</ele>
      </trkpt>
      <trkpt lat="37.116697" lon="-3.427953">
        <ele>1997.6</ele>
      </trkpt>
      <trkpt lat="37.116696" lon="-3.427883">
        <ele>1997.6</ele>
      </trkpt>
      <trkpt lat="37.116696" lon="-3.427813">
        <ele>1997.8</ele>
      </trkpt>
      <trkpt lat="37.116694" lon="-3.427743">
        <ele>1998.2</ele>
      </trkpt>
      <trkpt lat="37.116692" lon="-3.427672">
        <ele>1998.6</ele>
      </trkpt>
      <trkpt lat="37.116688" lon="-3.427602">
        <ele>1998.8</ele>
      </trkpt>
      <trkpt lat="37.116683" lon="-3.427531">
        <ele>1999.2</ele>
      </trkpt>
      <trkpt lat="37.116676" lon="-3.427461">
        <ele>1999.2</ele>
      </trkpt>
      <trkpt lat="37.116667" lon="-3.42739">
        <ele>1999.2</ele>
      </trkpt>
      <trkpt lat="37.116658" lon="-3.427319">
        <ele>1999.2</ele>
      </trkpt>
      <trkpt lat="37.116647" lon="-3.427248">
        <ele>1999.2</ele>
      </trkpt>
      <trkpt lat="37.116635" lon="-3.427178">
        <ele>1999.6</ele>
      </trkpt>
      <trkpt lat="37.116625" lon="-3.427106">
        <ele>1999.8</ele>
      </trkpt>
      <trkpt lat="37.116614" lon="-3.427033">
        <ele>1999.6</ele>
      </trkpt>
      <trkpt lat="37.116605" lon="-3.426959">
        <ele>1999.8</ele>
      </trkpt>
      <trkpt lat="37.116599" lon="-3.426886">
        <ele>2000.0</ele>
      </trkpt>
      <trkpt lat="37.116597" lon="-3.426812">
        <ele>2000.2</ele>
      </trkpt>
      <trkpt lat="37.116598" lon="-3.426738">
        <ele>2000.4</ele>
      </trkpt>
      <trkpt lat="37.116601" lon="-3.426664">
        <ele>2000.8</ele>
      </trkpt>
      <trkpt lat="37.116606" lon="-3.42659">
        <ele>2001.0</ele>
      </trkpt>
      <trkpt lat="37.116609" lon="-3.426516">
        <ele>2001.2</ele>
      </trkpt>
      <trkpt lat="37.116612" lon="-3.42644">
        <ele>2001.2</ele>
      </trkpt>
      <trkpt lat="37.116615" lon="-3.426365">
        <ele>2001.2</ele>
      </trkpt>
      <trkpt lat="37.116615" lon="-3.426291">
        <ele>2001.4</ele>
      </trkpt>
      <trkpt lat="37.116609" lon="-3.426217">
        <ele>2001.8</ele>
      </trkpt>
      <trkpt lat="37.116601" lon="-3.426143">
        <ele>2001.8</ele>
      </trkpt>
      <trkpt lat="37.116587" lon="-3.42607">
        <ele>2002.0</ele>
      </trkpt>
      <trkpt lat="37.11657" lon="-3.425998">
        <ele>2002.2</ele>
      </trkpt>
      <trkpt lat="37.11655" lon="-3.425927">
        <ele>2002.4</ele>
      </trkpt>
      <trkpt lat="37.116527" lon="-3.425858">
        <ele>2002.8</ele>
      </trkpt>
      <trkpt lat="37.116502" lon="-3.42579">
        <ele>2003.0</ele>
      </trkpt>
      <trkpt lat="37.116474" lon="-3.425723">
        <ele>2003.4</ele>
      </trkpt>
      <trkpt lat="37.116444" lon="-3.425657">
        <ele>2003.6</ele>
      </trkpt>
      <trkpt lat="37.116413" lon="-3.425592">
        <ele>2004.0</ele>
      </trkpt>
      <trkpt lat="37.11638" lon="-3.42553">
        <ele>2004.2</ele>
      </trkpt>
      <trkpt lat="37.116343" lon="-3.42547">
        <ele>2004.4</ele>
      </trkpt>
      <trkpt lat="37.116305" lon="-3.425411">
        <ele>2004.6</ele>
      </trkpt>
      <trkpt lat="37.116266" lon="-3.425352">
        <ele>2004.8</ele>
      </trkpt>
      <trkpt lat="37.116227" lon="-3.425292">
        <ele>2005.2</ele>
      </trkpt>
      <trkpt lat="37.116188" lon="-3.425232">
        <ele>2005.4</ele>
      </trkpt>
      <trkpt lat="37.116149" lon="-3.425171">
        <ele>2005.6</ele>
      </trkpt>
      <trkpt lat="37.116109" lon="-3.425111">
        <ele>2005.6</ele>
      </trkpt>
      <trkpt lat="37.116069" lon="-3.42505">
        <ele>2005.6</ele>
      </trkpt>
      <trkpt lat="37.116029" lon="-3.42499">
        <ele>2005.6</ele>
      </trkpt>
      <trkpt lat="37.115989" lon="-3.424932">
        <ele>2005.8</ele>
      </trkpt>
      <trkpt lat="37.115949" lon="-3.424875">
        <ele>2006.0</ele>
      </trkpt>
      <trkpt lat="37.115911" lon="-3.424816">
        <ele>2006.2</ele>
      </trkpt>
      <trkpt lat="37.115875" lon="-3.424756">
        <ele>2006.4</ele>
      </trkpt>
      <trkpt lat="37.115838" lon="-3.424698">
        <ele>2006.4</ele>
      </trkpt>
      <trkpt lat="37.115802" lon="-3.424641">
        <ele>2006.6</ele>
      </trkpt>
      <trkpt lat="37.115766" lon="-3.424584">
        <ele>2006.6</ele>
      </trkpt>
      <trkpt lat="37.115731" lon="-3.424527">
        <ele>2007.2</ele>
      </trkpt>
      <trkpt lat="37.115696" lon="-3.424469">
        <ele>2007.4</ele>
      </trkpt>
      <trkpt lat="37.115664" lon="-3.424411">
        <ele>2007.8</ele>
      </trkpt>
      <trkpt lat="37.115633" lon="-3.424353">
        <ele>2008.0</ele>
      </trkpt>
      <trkpt lat="37.115605" lon="-3.424294">
        <ele>2008.6</ele>
      </trkpt>
      <trkpt lat="37.115579" lon="-3.424236">
        <ele>2009.0</ele>
      </trkpt>
      <trkpt lat="37.115553" lon="-3.424178">
        <ele>2009.2</ele>
      </trkpt>
      <trkpt lat="37.115528" lon="-3.424121">
        <ele>2009.6</ele>
      </trkpt>
      <trkpt lat="37.115504" lon="-3.424065">
        <ele>2010.0</ele>
      </trkpt>
      <trkpt lat="37.11548" lon="-3.424011">
        <ele>2010.6</ele>
      </trkpt>
      <trkpt lat="37.115455" lon="-3.423959">
        <ele>2011.0</ele>
      </trkpt>
      <trkpt lat="37.115431" lon="-3.423906">
        <ele>2011.2</ele>
      </trkpt>
      <trkpt lat="37.115408" lon="-3.423853">
        <ele>2011.2</ele>
      </trkpt>
      <trkpt lat="37.115385" lon="-3.4238">
        <ele>2011.6</ele>
      </trkpt>
      <trkpt lat="37.115363" lon="-3.423747">
        <ele>2012.0</ele>
      </trkpt>
      <trkpt lat="37.11534" lon="-3.423695">
        <ele>2012.4</ele>
      </trkpt>
      <trkpt lat="37.115319" lon="-3.423642">
        <ele>2012.8</ele>
      </trkpt>
      <trkpt lat="37.115298" lon="-3.42359">
        <ele>2013.0</ele>
      </trkpt>
      <trkpt lat="37.115275" lon="-3.423539">
        <ele>2013.4</ele>
      </trkpt>
      <trkpt lat="37.115253" lon="-3.423488">
        <ele>2013.6</ele>
      </trkpt>
      <trkpt lat="37.11523" lon="-3.423436">
        <ele>2013.8</ele>
      </trkpt>
      <trkpt lat="37.115208" lon="-3.423384">
        <ele>2014.0</ele>
      </trkpt>
      <trkpt lat="37.115187" lon="-3.42333">
        <ele>2014.0</ele>
      </trkpt>
      <trkpt lat="37.115167" lon="-3.423276">
        <ele>2014.0</ele>
      </trkpt>
      <trkpt lat="37.115148" lon="-3.423222">
        <ele>2014.2</ele>
      </trkpt>
      <trkpt lat="37.115132" lon="-3.423166">
        <ele>2014.4</ele>
      </trkpt>
      <trkpt lat="37.11512" lon="-3.423107">
        <ele>2014.6</ele>
      </trkpt>
      <trkpt lat="37.115111" lon="-3.423047">
        <ele>2015.2</ele>
      </trkpt>
      <trkpt lat="37.115105" lon="-3.422985">
        <ele>2015.6</ele>
      </trkpt>
      <trkpt lat="37.115102" lon="-3.422923">
        <ele>2015.8</ele>
      </trkpt>
      <trkpt lat="37.115102" lon="-3.42286">
        <ele>2016.0</ele>
      </trkpt>
      <trkpt lat="37.115102" lon="-3.422798">
        <ele>2016.0</ele>
      </trkpt>
      <trkpt lat="37.115105" lon="-3.422736">
        <ele>2016.2</ele>
      </trkpt>
      <trkpt lat="37.115111" lon="-3.422675">
        <ele>2016.6</ele>
      </trkpt>
      <trkpt lat="37.115121" lon="-3.422616">
        <ele>2017.0</ele>
      </trkpt>
      <trkpt lat="37.115133" lon="-3.42256">
        <ele>2017.4</ele>
      </trkpt>
      <trkpt lat="37.115147" lon="-3.422507">
        <ele>2018.0</ele>
      </trkpt>
      <trkpt lat="37.115162" lon="-3.422457">
        <ele>2018.4</ele>
      </trkpt>
      <trkpt lat="37.115178" lon="-3.422409">
        <ele>2019.0</ele>
      </trkpt>
      <trkpt lat="37.115197" lon="-3.422364">
        <ele>2019.6</ele>
      </trkpt>
      <trkpt lat="37.115223" lon="-3.422323">
        <ele>2020.4</ele>
      </trkpt>
      <trkpt lat="37.115255" lon="-3.422288">
        <ele>2021.0</ele>
      </trkpt>
      <trkpt lat="37.11529" lon="-3.42226">
        <ele>2021.4</ele>
      </trkpt>
      <trkpt lat="37.115328" lon="-3.422238">
        <ele>2021.8</ele>
      </trkpt>
      <trkpt lat="37.115367" lon="-3.422218">
        <ele>2021.8</ele>
      </trkpt>
      <trkpt lat="37.115408" lon="-3.422198">
        <ele>2022.6</ele>
      </trkpt>
      <trkpt lat="37.115447" lon="-3.422177">
        <ele>2022.8</ele>
      </trkpt>
      <trkpt lat="37.115484" lon="-3.422154">
        <ele>2023.0</ele>
      </trkpt>
      <trkpt lat="37.115521" lon="-3.422127">
        <ele>2023.0</ele>
      </trkpt>
      <trkpt lat="37.115557" lon="-3.422098">
        <ele>2023.2</ele>
      </trkpt>
      <trkpt lat="37.115591" lon="-3.422067">
        <ele>2023.4</ele>
      </trkpt>
      <trkpt lat="37.115624" lon="-3.422031">
        <ele>2023.6</ele>
      </trkpt>
      <trkpt lat="37.115652" lon="-3.421992">
        <ele>2023.8</ele>
      </trkpt>
      <trkpt lat="37.115676" lon="-3.421949">
        <ele>2023.8</ele>
      </trkpt>
      <trkpt lat="37.115695" lon="-3.421904">
        <ele>2024.0</ele>
      </trkpt>
      <trkpt lat="37.115708" lon="-3.421856">
        <ele>2024.4</ele>
      </trkpt>
      <trkpt lat="37.115718" lon="-3.421807">
        <ele>2024.6</ele>
      </trkpt>
      <trkpt lat="37.115725" lon="-3.421759">
        <ele>2024.8</ele>
      </trkpt>
      <trkpt lat="37.115727" lon="-3.421711">
        <ele>2024.8</ele>
      </trkpt>
      <trkpt lat="37.115722" lon="-3.421663">
        <ele>2025.0</ele>
      </trkpt>
      <trkpt lat="37.115712" lon="-3.421614">
        <ele>2025.2</ele>
      </trkpt>
      <trkpt lat="37.115697" lon="-3.421566">
        <ele>2025.4</ele>
      </trkpt>
      <trkpt lat="37.115677" lon="-3.421518">
        <ele>2025.6</ele>
      </trkpt>
      <trkpt lat="37.115653" lon="-3.421473">
        <ele>2026.2</ele>
      </trkpt>
      <trkpt lat="37.115624" lon="-3.421434">
        <ele>2026.8</ele>
      </trkpt>
      <trkpt lat="37.115589" lon="-3.421402">
        <ele>2027.2</ele>
      </trkpt>
      <trkpt lat="37.115552" lon="-3.421374">
        <ele>2027.4</ele>
      </trkpt>
      <trkpt lat="37.115512" lon="-3.42135">
        <ele>2027.8</ele>
      </trkpt>
      <trkpt lat="37.11547" lon="-3.421336">
        <ele>2028.0</ele>
      </trkpt>
      <trkpt lat="37.115426" lon="-3.421329">
        <ele>2028.2</ele>
      </trkpt>
      <trkpt lat="37.115381" lon="-3.421331">
        <ele>2028.2</ele>
      </trkpt>
      <trkpt lat="37.115337" lon="-3.421341">
        <ele>2028.4</ele>
      </trkpt>
      <trkpt lat="37.115294" lon="-3.421357">
        <ele>2028.8</ele>
      </trkpt>
      <trkpt lat="37.115251" lon="-3.421376">
        <ele>2029.2</ele>
      </trkpt>
      <trkpt lat="37.115212" lon="-3.421401">
        <ele>2029.6</ele>
      </trkpt>
      <trkpt lat="37.115173" lon="-3.421427">
        <ele>2029.8</ele>
      </trkpt>
      <trkpt lat="37.115133" lon="-3.421453">
        <ele>2030.0</ele>
      </trkpt>
      <trkpt lat="37.115091" lon="-3.421475">
        <ele>2030.2</ele>
      </trkpt>
      <trkpt lat="37.115046" lon="-3.421494">
        <ele>2030.2</ele>
      </trkpt>
      <trkpt lat="37.114999" lon="-3.421507">
        <ele>2030.4</ele>
      </trkpt>
      <trkpt lat="37.114951" lon="-3.421509">
        <ele>2030.6</ele>
      </trkpt>
      <trkpt lat="37.114902" lon="-3.421503">
        <ele>2030.8</ele>
      </trkpt>
      <trkpt lat="37.114855" lon="-3.421489">
        <ele>2030.8</ele>
      </trkpt>
      <trkpt lat="37.114812" lon="-3.421468">
        <ele>2031.0</ele>
      </trkpt>
      <trkpt lat="37.11477" lon="-3.421443">
        <ele>2031.0</ele>
      </trkpt>
      <trkpt lat="37.114733" lon="-3.421412">
        <ele>2031.2</ele>
      </trkpt>
      <trkpt lat="37.1147" lon="-3.421376">
        <ele>2031.8</ele>
      </trkpt>
      <trkpt lat="37.11467" lon="-3.421339">
        <ele>2032.0</ele>
      </trkpt>
      <trkpt lat="37.114642" lon="-3.421298">
        <ele>2032.4</ele>
      </trkpt>
      <trkpt lat="37.114616" lon="-3.421257">
        <ele>2032.8</ele>
      </trkpt>
      <trkpt lat="37.114588" lon="-3.421217">
        <ele>2033.0</ele>
      </trkpt>
      <trkpt lat="37.114561" lon="-3.421178">
        <ele>2033.0</ele>
      </trkpt>
      <trkpt lat="37.114534" lon="-3.421139">
        <ele>2033.2</ele>
      </trkpt>
      <trkpt lat="37.114508" lon="-3.421099">
        <ele>2033.4</ele>
      </trkpt>
      <trkpt lat="37.114484" lon="-3.421059">
        <ele>2033.8</ele>
      </trkpt>
      <trkpt lat="37.114458" lon="-3.42102">
        <ele>2034.2</ele>
      </trkpt>
      <trkpt lat="37.114431" lon="-3.420985">
        <ele>2034.6</ele>
      </trkpt>
      <trkpt lat="37.114403" lon="-3.420951">
        <ele>2035.0</ele>
      </trkpt>
      <trkpt lat="37.114374" lon="-3.420919">
        <ele>2035.2</ele>
      </trkpt>
      <trkpt lat="37.114345" lon="-3.420886">
        <ele>2035.4</ele>
      </trkpt>
      <trkpt lat="37.114317" lon="-3.420854">
        <ele>2035.8</ele>
      </trkpt>
      <trkpt lat="37.114288" lon="-3.420823">
        <ele>2036.2</ele>
      </trkpt>
      <trkpt lat="37.114259" lon="-3.420793">
        <ele>2036.6</ele>
      </trkpt>
      <trkpt lat="37.114231" lon="-3.420761">
        <ele>2037.0</ele>
      </trkpt>
      <trkpt lat="37.114203" lon="-3.420729">
        <ele>2037.2</ele>
      </trkpt>
      <trkpt lat="37.114176" lon="-3.420695">
        <ele>2037.4</ele>
      </trkpt>
      <trkpt lat="37.114153" lon="-3.420658">
        <ele>2037.8</ele>
      </trkpt>
      <trkpt lat="37.114132" lon="-3.420619">
        <ele>2038.2</ele>
      </trkpt>
      <trkpt lat="37.114112" lon="-3.42058">
        <ele>2038.4</ele>
      </trkpt>
      <trkpt lat="37.114093" lon="-3.42054">
        <ele>2038.8</ele>
      </trkpt>
      <trkpt lat="37.114072" lon="-3.420501">
        <ele>2039.2</ele>
      </trkpt>
      <trkpt lat="37.114052" lon="-3.420463">
        <ele>2039.4</ele>
      </trkpt>
      <trkpt lat="37.114031" lon="-3.420424">
        <ele>2039.4</ele>
      </trkpt>
      <trkpt lat="37.11401" lon="-3.420385">
        <ele>2039.8</ele>
      </trkpt>
      <trkpt lat="37.113988" lon="-3.420348">
        <ele>2040.0</ele>
      </trkpt>
      <trkpt lat="37.113965" lon="-3.420312">
        <ele>2040.4</ele>
      </trkpt>
      <trkpt lat="37.11394" lon="-3.420279">
        <ele>2040.8</ele>
      </trkpt>
      <trkpt lat="37.113914" lon="-3.420247">
        <ele>2041.0</ele>
      </trkpt>
      <trkpt lat="37.113887" lon="-3.420216">
        <ele>2041.4</ele>
      </trkpt>
      <trkpt lat="37.11386" lon="-3.420186">
        <ele>2041.6</ele>
      </trkpt>
      <trkpt lat="37.113833" lon="-3.420157">
        <ele>2042.0</ele>
      </trkpt>
      <trkpt lat="37.113804" lon="-3.420128">
        <ele>2042.6</ele>
      </trkpt>
      <trkpt lat="37.113777" lon="-3.4201">
        <ele>2043.0</ele>
      </trkpt>
      <trkpt lat="37.113752" lon="-3.42007">
        <ele>2043.2</ele>
      </trkpt>
      <trkpt lat="37.113727" lon="-3.420039">
        <ele>2043.6</ele>
      </trkpt>
      <trkpt lat="37.113704" lon="-3.420005">
        <ele>2043.6</ele>
      </trkpt>
      <trkpt lat="37.113679" lon="-3.419972">
        <ele>2044.0</ele>
      </trkpt>
      <trkpt lat="37.113653" lon="-3.419938">
        <ele>2044.2</ele>
      </trkpt>
      <trkpt lat="37.113629" lon="-3.419903">
        <ele>2044.6</ele>
      </trkpt>
      <trkpt lat="37.113604" lon="-3.419866">
        <ele>2044.8</ele>
      </trkpt>
      <trkpt lat="37.11358" lon="-3.419829">
        <ele>2045.2</ele>
      </trkpt>
      <trkpt lat="37.113555" lon="-3.419792">
        <ele>2045.4</ele>
      </trkpt>
      <trkpt lat="37.113531" lon="-3.419755">
        <ele>2045.8</ele>
      </trkpt>
      <trkpt lat="37.113507" lon="-3.419717">
        <ele>2046.0</ele>
      </trkpt>
      <trkpt lat="37.113483" lon="-3.419679">
        <ele>2046.2</ele>
      </trkpt>
      <trkpt lat="37.113459" lon="-3.419642">
        <ele>2046.4</ele>
      </trkpt>
      <trkpt lat="37.113435" lon="-3.419606">
        <ele>2046.6</ele>
      </trkpt>
      <trkpt lat="37.113411" lon="-3.419569">
        <ele>2047.0</ele>
      </trkpt>
      <trkpt lat="37.113387" lon="-3.419532">
        <ele>2047.2</ele>
      </trkpt>
      <trkpt lat="37.113363" lon="-3.419495">
        <ele>2047.4</ele>
      </trkpt>
      <trkpt lat="37.11334" lon="-3.41946">
        <ele>2047.6</ele>
      </trkpt>
      <trkpt lat="37.113317" lon="-3.419424">
        <ele>2048.2</ele>
      </trkpt>
      <trkpt lat="37.113294" lon="-3.419388">
        <ele>2048.4</ele>
      </trkpt>
      <trkpt lat="37.11327" lon="-3.419354">
        <ele>2048.6</ele>
      </trkpt>
      <trkpt lat="37.113247" lon="-3.419319">
        <ele>2048.8</ele>
      </trkpt>
      <trkpt lat="37.113224" lon="-3.419283">
        <ele>2048.8</ele>
      </trkpt>
      <trkpt lat="37.113201" lon="-3.419248">
        <ele>2049.0</ele>
      </trkpt>
      <trkpt lat="37.113177" lon="-3.419213">
        <ele>2049.4</ele>
      </trkpt>
      <trkpt lat="37.113153" lon="-3.419178">
        <ele>2049.8</ele>
      </trkpt>
      <trkpt lat="37.11313" lon="-3.419141">
        <ele>2050.0</ele>
      </trkpt>
      <trkpt lat="37.113106" lon="-3.419105">
        <ele>2050.2</ele>
      </trkpt>
      <trkpt lat="37.113082" lon="-3.419069">
        <ele>2050.6</ele>
      </trkpt>
      <trkpt lat="37.113057" lon="-3.419033">
        <ele>2051.0</ele>
      </trkpt>
      <trkpt lat="37.113032" lon="-3.418996">
        <ele>2051.2</ele>
      </trkpt>
      <trkpt lat="37.113009" lon="-3.418959">
        <ele>2051.6</ele>
      </trkpt>
      <trkpt lat="37.112986" lon="-3.418921">
        <ele>2052.0</ele>
      </trkpt>
      <trkpt lat="37.112964" lon="-3.418882">
        <ele>2052.4</ele>
      </trkpt>
      <trkpt lat="37.112945" lon="-3.418841">
        <ele>2052.6</ele>
      </trkpt>
      <trkpt lat="37.112926" lon="-3.418797">
        <ele>2052.8</ele>
      </trkpt>
      <trkpt lat="37.11291" lon="-3.418753">
        <ele>2053.0</ele>
      </trkpt>
      <trkpt lat="37.112895" lon="-3.418707">
        <ele>2053.0</ele>
      </trkpt>
      <trkpt lat="37.112881" lon="-3.418662">
        <ele>2053.4</ele>
      </trkpt>
      <trkpt lat="37.112869" lon="-3.418615">
        <ele>2053.6</ele>
      </trkpt>
      <trkpt lat="37.112861" lon="-3.418569">
        <ele>2054.0</ele>
      </trkpt>
      <trkpt lat="37.112851" lon="-3.418523">
        <ele>2054.2</ele>
      </trkpt>
      <trkpt lat="37.112841" lon="-3.418479">
        <ele>2054.6</ele>
      </trkpt>
      <trkpt lat="37.112832" lon="-3.418437">
        <ele>2055.0</ele>
      </trkpt>
      <trkpt lat="37.112823" lon="-3.418395">
        <ele>2055.4</ele>
      </trkpt>
      <trkpt lat="37.112815" lon="-3.418352">
        <ele>2055.6</ele>
      </trkpt>
      <trkpt lat="37.112807" lon="-3.41831">
        <ele>2056.0</ele>
      </trkpt>
      <trkpt lat="37.112799" lon="-3.418267">
        <ele>2056.4</ele>
      </trkpt>
      <trkpt lat="37.112789" lon="-3.418224">
        <ele>2056.6</ele>
      </trkpt>
      <trkpt lat="37.112778" lon="-3.418182">
        <ele>2056.8</ele>
      </trkpt>
      <trkpt lat="37.112762" lon="-3.418141">
        <ele>2056.8</ele>
      </trkpt>
      <trkpt lat="37.112744" lon="-3.418103">
        <ele>2057.2</ele>
      </trkpt>
      <trkpt lat="37.112721" lon="-3.418069">
        <ele>2057.6</ele>
      </trkpt>
      <trkpt lat="37.112696" lon="-3.418039">
        <ele>2057.8</ele>
      </trkpt>
      <trkpt lat="37.112666" lon="-3.418014">
        <ele>2058.0</ele>
      </trkpt>
      <trkpt lat="37.112635" lon="-3.417992">
        <ele>2058.4</ele>
      </trkpt>
      <trkpt lat="37.112603" lon="-3.417972">
        <ele>2059.2</ele>
      </trkpt>
      <trkpt lat="37.11257" lon="-3.417955">
        <ele>2059.4</ele>
      </trkpt>
      <trkpt lat="37.112536" lon="-3.41794">
        <ele>2059.4</ele>
      </trkpt>
      <trkpt lat="37.112502" lon="-3.417928">
        <ele>2059.8</ele>
      </trkpt>
      <trkpt lat="37.112467" lon="-3.417916">
        <ele>2060.2</ele>
      </trkpt>
      <trkpt lat="37.112432" lon="-3.417905">
        <ele>2060.4</ele>
      </trkpt>
      <trkpt lat="37.112396" lon="-3.417895">
        <ele>2060.4</ele>
      </trkpt>
      <trkpt lat="37.112361" lon="-3.417884">
        <ele>2060.6</ele>
      </trkpt>
      <trkpt lat="37.112326" lon="-3.417873">
        <ele>2061.0</ele>
      </trkpt>
      <trkpt lat="37.112291" lon="-3.417862">
        <ele>2061.4</ele>
      </trkpt>
      <trkpt lat="37.112255" lon="-3.41785">
        <ele>2061.8</ele>
      </trkpt>
      <trkpt lat="37.11222" lon="-3.417839">
        <ele>2062.0</ele>
      </trkpt>
      <trkpt lat="37.112184" lon="-3.417828">
        <ele>2062.6</ele>
      </trkpt>
      <trkpt lat="37.112148" lon="-3.417817">
        <ele>2063.0</ele>
      </trkpt>
      <trkpt lat="37.112112" lon="-3.417805">
        <ele>2063.4</ele>
      </trkpt>
      <trkpt lat="37.112076" lon="-3.417792">
        <ele>2063.6</ele>
      </trkpt>
      <trkpt lat="37.112039" lon="-3.41778">
        <ele>2063.8</ele>
      </trkpt>
      <trkpt lat="37.112002" lon="-3.417765">
        <ele>2063.8</ele>
      </trkpt>
      <trkpt lat="37.111966" lon="-3.417749">
        <ele>2064.0</ele>
      </trkpt>
      <trkpt lat="37.111929" lon="-3.417733">
        <ele>2064.2</ele>
      </trkpt>
      <trkpt lat="37.111892" lon="-3.417716">
        <ele>2064.4</ele>
      </trkpt>
      <trkpt lat="37.111857" lon="-3.417698">
        <ele>2064.6</ele>
      </trkpt>
      <trkpt lat="37.111822" lon="-3.417679">
        <ele>2065.2</ele>
      </trkpt>
      <trkpt lat="37.111787" lon="-3.417659">
        <ele>2065.6</ele>
      </trkpt>
      <trkpt lat="37.111752" lon="-3.417636">
        <ele>2066.0</ele>
      </trkpt>
      <trkpt lat="37.111718" lon="-3.417611">
        <ele>2066.2</ele>
      </trkpt>
      <trkpt lat="37.111687" lon="-3.417584">
        <ele>2066.6</ele>
      </trkpt>
      <trkpt lat="37.111658" lon="-3.417555">
        <ele>2066.8</ele>
      </trkpt>
      <trkpt lat="37.111629" lon="-3.417525">
        <ele>2066.8</ele>
      </trkpt>
      <trkpt lat="37.111603" lon="-3.417495">
        <ele>2067.0</ele>
      </trkpt>
      <trkpt lat="37.111579" lon="-3.417462">
        <ele>2067.2</ele>
      </trkpt>
      <trkpt lat="37.111558" lon="-3.417426">
        <ele>2067.6</ele>
      </trkpt>
      <trkpt lat="37.111539" lon="-3.417388">
        <ele>2068.0</ele>
      </trkpt>
      <trkpt lat="37.111522" lon="-3.417348">
        <ele>2068.4</ele>
      </trkpt>
      <trkpt lat="37.111505" lon="-3.417307">
        <ele>2068.6</ele>
      </trkpt>
      <trkpt lat="37.11149" lon="-3.417266">
        <ele>2068.6</ele>
      </trkpt>
      <trkpt lat="37.111474" lon="-3.417224">
        <ele>2068.8</ele>
      </trkpt>
      <trkpt lat="37.111461" lon="-3.417181">
        <ele>2069.2</ele>
      </trkpt>
      <trkpt lat="37.111448" lon="-3.417137">
        <ele>2069.4</ele>
      </trkpt>
      <trkpt lat="37.111436" lon="-3.417094">
        <ele>2069.6</ele>
      </trkpt>
      <trkpt lat="37.111425" lon="-3.417049">
        <ele>2069.8</ele>
      </trkpt>
      <trkpt lat="37.111417" lon="-3.417004">
        <ele>2070.0</ele>
      </trkpt>
      <trkpt lat="37.111408" lon="-3.416959">
        <ele>2070.2</ele>
      </trkpt>
      <trkpt lat="37.1114" lon="-3.416914">
        <ele>2070.4</ele>
      </trkpt>
      <trkpt lat="37.111392" lon="-3.416869">
        <ele>2070.6</ele>
      </trkpt>
      <trkpt lat="37.111383" lon="-3.416826">
        <ele>2070.8</ele>
      </trkpt>
      <trkpt lat="37.111375" lon="-3.416783">
        <ele>2071.0</ele>
      </trkpt>
      <trkpt lat="37.111366" lon="-3.416739">
        <ele>2071.2</ele>
      </trkpt>
      <trkpt lat="37.111358" lon="-3.416695">
        <ele>2071.4</ele>
      </trkpt>
      <trkpt lat="37.11135" lon="-3.41665">
        <ele>2071.8</ele>
      </trkpt>
      <trkpt lat="37.111342" lon="-3.416606">
        <ele>2072.2</ele>
      </trkpt>
      <trkpt lat="37.111336" lon="-3.416563">
        <ele>2072.4</ele>
      </trkpt>
      <trkpt lat="37.111329" lon="-3.416519">
        <ele>2072.6</ele>
      </trkpt>
      <trkpt lat="37.111321" lon="-3.416475">
        <ele>2073.2</ele>
      </trkpt>
      <trkpt lat="37.111313" lon="-3.416431">
        <ele>2073.4</ele>
      </trkpt>
      <trkpt lat="37.111305" lon="-3.416387">
        <ele>2073.6</ele>
      </trkpt>
      <trkpt lat="37.111296" lon="-3.416344">
        <ele>2074.0</ele>
      </trkpt>
      <trkpt lat="37.111287" lon="-3.4163">
        <ele>2074.2</ele>
      </trkpt>
      <trkpt lat="37.111278" lon="-3.416257">
        <ele>2074.6</ele>
      </trkpt>
      <trkpt lat="37.111269" lon="-3.416215">
        <ele>2075.0</ele>
      </trkpt>
      <trkpt lat="37.11126" lon="-3.416172">
        <ele>2075.2</ele>
      </trkpt>
      <trkpt lat="37.111249" lon="-3.416131">
        <ele>2075.2</ele>
      </trkpt>
      <trkpt lat="37.111238" lon="-3.416088">
        <ele>2075.4</ele>
      </trkpt>
      <trkpt lat="37.111226" lon="-3.416047">
        <ele>2075.6</ele>
      </trkpt>
      <trkpt lat="37.111214" lon="-3.416005">
        <ele>2076.0</ele>
      </trkpt>
      <trkpt lat="37.111201" lon="-3.415963">
        <ele>2076.4</ele>
      </trkpt>
      <trkpt lat="37.111187" lon="-3.415922">
        <ele>2076.8</ele>
      </trkpt>
      <trkpt lat="37.111172" lon="-3.415882">
        <ele>2076.8</ele>
      </trkpt>
      <trkpt lat="37.111157" lon="-3.415841">
        <ele>2077.4</ele>
      </trkpt>
      <trkpt lat="37.111142" lon="-3.4158">
        <ele>2077.6</ele>
      </trkpt>
      <trkpt lat="37.111128" lon="-3.415757">
        <ele>2078.0</ele>
      </trkpt>
      <trkpt lat="37.111113" lon="-3.415716">
        <ele>2078.2</ele>
      </trkpt>
      <trkpt lat="37.111099" lon="-3.415674">
        <ele>2078.4</ele>
      </trkpt>
      <trkpt lat="37.111086" lon="-3.415631">
        <ele>2078.6</ele>
      </trkpt>
      <trkpt lat="37.111074" lon="-3.415588">
        <ele>2079.0</ele>
      </trkpt>
      <trkpt lat="37.111062" lon="-3.415544">
        <ele>2079.2</ele>
      </trkpt>
      <trkpt lat="37.11105" lon="-3.415501">
        <ele>2079.6</ele>
      </trkpt>
      <trkpt lat="37.11104" lon="-3.415457">
        <ele>2079.8</ele>
      </trkpt>
      <trkpt lat="37.11103" lon="-3.415413">
        <ele>2080.0</ele>
      </trkpt>
      <trkpt lat="37.111021" lon="-3.415369">
        <ele>2080.2</ele>
      </trkpt>
      <trkpt lat="37.111011" lon="-3.415325">
        <ele>2080.6</ele>
      </trkpt>
      <trkpt lat="37.111002" lon="-3.415281">
        <ele>2080.6</ele>
      </trkpt>
      <trkpt lat="37.110995" lon="-3.415238">
        <ele>2080.8</ele>
      </trkpt>
      <trkpt lat="37.110989" lon="-3.415194">
        <ele>2081.0</ele>
      </trkpt>
      <trkpt lat="37.110984" lon="-3.41515">
        <ele>2081.4</ele>
      </trkpt>
      <trkpt lat="37.11098" lon="-3.415107">
        <ele>2081.6</ele>
      </trkpt>
      <trkpt lat="37.110975" lon="-3.415063">
        <ele>2081.8</ele>
      </trkpt>
      <trkpt lat="37.11097" lon="-3.41502">
        <ele>2082.2</ele>
      </trkpt>
      <trkpt lat="37.110966" lon="-3.414977">
        <ele>2082.6</ele>
      </trkpt>
      <trkpt lat="37.110961" lon="-3.414933">
        <ele>2082.8</ele>
      </trkpt>
      <trkpt lat="37.110956" lon="-3.414888">
        <ele>2083.0</ele>
      </trkpt>
      <trkpt lat="37.110951" lon="-3.414844">
        <ele>2083.2</ele>
      </trkpt>
      <trkpt lat="37.110947" lon="-3.414799">
        <ele>2083.4</ele>
      </trkpt>
      <trkpt lat="37.110943" lon="-3.414756">
        <ele>2083.8</ele>
      </trkpt>
      <trkpt lat="37.11094" lon="-3.414711">
        <ele>2084.0</ele>
      </trkpt>
      <trkpt lat="37.110935" lon="-3.414668">
        <ele>2084.2</ele>
      </trkpt>
      <trkpt lat="37.110931" lon="-3.414624">
        <ele>2084.6</ele>
      </trkpt>
      <trkpt lat="37.110928" lon="-3.414581">
        <ele>2085.0</ele>
      </trkpt>
      <trkpt lat="37.110925" lon="-3.414538">
        <ele>2085.2</ele>
      </trkpt>
      <trkpt lat="37.110922" lon="-3.414496">
        <ele>2085.6</ele>
      </trkpt>
      <trkpt lat="37.110919" lon="-3.414454">
        <ele>2085.6</ele>
      </trkpt>
      <trkpt lat="37.110916" lon="-3.414412">
        <ele>2086.0</ele>
      </trkpt>
      <trkpt lat="37.110914" lon="-3.414369">
        <ele>2086.2</ele>
      </trkpt>
      <trkpt lat="37.110911" lon="-3.414326">
        <ele>2086.4</ele>
      </trkpt>
      <trkpt lat="37.110909" lon="-3.414284">
        <ele>2086.6</ele>
      </trkpt>
      <trkpt lat="37.110907" lon="-3.414241">
        <ele>2086.8</ele>
      </trkpt>
      <trkpt lat="37.110905" lon="-3.414199">
        <ele>2087.0</ele>
      </trkpt>
      <trkpt lat="37.110905" lon="-3.414155">
        <ele>2087.2</ele>
      </trkpt>
      <trkpt lat="37.110906" lon="-3.414111">
        <ele>2087.4</ele>
      </trkpt>
      <trkpt lat="37.110907" lon="-3.414067">
        <ele>2087.6</ele>
      </trkpt>
      <trkpt lat="37.110909" lon="-3.414023">
        <ele>2087.6</ele>
      </trkpt>
      <trkpt lat="37.110913" lon="-3.413979">
        <ele>2088.0</ele>
      </trkpt>
      <trkpt lat="37.110916" lon="-3.413934">
        <ele>2088.2</ele>
      </trkpt>
      <trkpt lat="37.11092" lon="-3.41389">
        <ele>2088.4</ele>
      </trkpt>
      <trkpt lat="37.110924" lon="-3.413846">
        <ele>2088.6</ele>
      </trkpt>
      <trkpt lat="37.110928" lon="-3.413801">
        <ele>2089.0</ele>
      </trkpt>
      <trkpt lat="37.110933" lon="-3.413755">
        <ele>2089.2</ele>
      </trkpt>
      <trkpt lat="37.110939" lon="-3.413709">
        <ele>2089.6</ele>
      </trkpt>
      <trkpt lat="37.110944" lon="-3.41366">
        <ele>2089.8</ele>
      </trkpt>
      <trkpt lat="37.11095" lon="-3.413612">
        <ele>2090.2</ele>
      </trkpt>
      <trkpt lat="37.110957" lon="-3.413563">
        <ele>2090.6</ele>
      </trkpt>
      <trkpt lat="37.110964" lon="-3.413515">
        <ele>2090.8</ele>
      </trkpt>
      <trkpt lat="37.110971" lon="-3.413468">
        <ele>2091.0</ele>
      </trkpt>
      <trkpt lat="37.11098" lon="-3.413421">
        <ele>2091.2</ele>
      </trkpt>
      <trkpt lat="37.110989" lon="-3.413374">
        <ele>2091.4</ele>
      </trkpt>
      <trkpt lat="37.110997" lon="-3.413329">
        <ele>2091.6</ele>
      </trkpt>
      <trkpt lat="37.111006" lon="-3.413283">
        <ele>2091.8</ele>
      </trkpt>
      <trkpt lat="37.111014" lon="-3.413238">
        <ele>2092.0</ele>
      </trkpt>
      <trkpt lat="37.111022" lon="-3.413194">
        <ele>2092.2</ele>
      </trkpt>
      <trkpt lat="37.111028" lon="-3.41315">
        <ele>2092.6</ele>
      </trkpt>
      <trkpt lat="37.111034" lon="-3.413105">
        <ele>2092.8</ele>
      </trkpt>
      <trkpt lat="37.111042" lon="-3.413061">
        <ele>2093.0</ele>
      </trkpt>
      <trkpt lat="37.11105" lon="-3.413016">
        <ele>2093.2</ele>
      </trkpt>
      <trkpt lat="37.111059" lon="-3.412973">
        <ele>2093.6</ele>
      </trkpt>
      <trkpt lat="37.111067" lon="-3.412928">
        <ele>2094.0</ele>
      </trkpt>
      <trkpt lat="37.111074" lon="-3.412883">
        <ele>2094.4</ele>
      </trkpt>
      <trkpt lat="37.111081" lon="-3.412837">
        <ele>2094.6</ele>
      </trkpt>
      <trkpt lat="37.111088" lon="-3.412792">
        <ele>2095.0</ele>
      </trkpt>
      <trkpt lat="37.111095" lon="-3.412746">
        <ele>2095.2</ele>
      </trkpt>
      <trkpt lat="37.111104" lon="-3.412701">
        <ele>2095.6</ele>
      </trkpt>
      <trkpt lat="37.111112" lon="-3.412657">
        <ele>2095.6</ele>
      </trkpt>
      <trkpt lat="37.11112" lon="-3.412612">
        <ele>2096.0</ele>
      </trkpt>
      <trkpt lat="37.111127" lon="-3.412567">
        <ele>2096.2</ele>
      </trkpt>
      <trkpt lat="37.111133" lon="-3.412522">
        <ele>2096.2</ele>
      </trkpt>
      <trkpt lat="37.111138" lon="-3.412476">
        <ele>2096.4</ele>
      </trkpt>
      <trkpt lat="37.111141" lon="-3.412429">
        <ele>2096.6</ele>
      </trkpt>
      <trkpt lat="37.111143" lon="-3.412382">
        <ele>2096.8</ele>
      </trkpt>
      <trkpt lat="37.111143" lon="-3.412336">
        <ele>2097.0</ele>
      </trkpt>
      <trkpt lat="37.111142" lon="-3.412289">
        <ele>2097.4</ele>
      </trkpt>
      <trkpt lat="37.111139" lon="-3.412243">
        <ele>2097.6</ele>
      </trkpt>
      <trkpt lat="37.111135" lon="-3.412195">
        <ele>2098.0</ele>
      </trkpt>
      <trkpt lat="37.111132" lon="-3.412147">
        <ele>2098.2</ele>
      </trkpt>
      <trkpt lat="37.111127" lon="-3.412098">
        <ele>2098.4</ele>
      </trkpt>
      <trkpt lat="37.111122" lon="-3.412048">
        <ele>2098.6</ele>
      </trkpt>
      <trkpt lat="37.111117" lon="-3.411998">
        <ele>2098.8</ele>
      </trkpt>
      <trkpt lat="37.111112" lon="-3.411947">
        <ele>2099.0</ele>
      </trkpt>
      <trkpt lat="37.111108" lon="-3.411897">
        <ele>2099.2</ele>
      </trkpt>
      <trkpt lat="37.111106" lon="-3.411847">
        <ele>2099.4</ele>
      </trkpt>
      <trkpt lat="37.111103" lon="-3.411797">
        <ele>2099.8</ele>
      </trkpt>
      <trkpt lat="37.1111" lon="-3.411749">
        <ele>2100.2</ele>
      </trkpt>
      <trkpt lat="37.111097" lon="-3.4117">
        <ele>2100.4</ele>
      </trkpt>
      <trkpt lat="37.111097" lon="-3.411651">
        <ele>2100.8</ele>
      </trkpt>
      <trkpt lat="37.111097" lon="-3.411602">
        <ele>2101.0</ele>
      </trkpt>
      <trkpt lat="37.111097" lon="-3.411553">
        <ele>2101.2</ele>
      </trkpt>
      <trkpt lat="37.111097" lon="-3.411504">
        <ele>2101.4</ele>
      </trkpt>
      <trkpt lat="37.111097" lon="-3.411455">
        <ele>2101.8</ele>
      </trkpt>
      <trkpt lat="37.111097" lon="-3.411406">
        <ele>2102.0</ele>
      </trkpt>
      <trkpt lat="37.111096" lon="-3.411356">
        <ele>2102.4</ele>
      </trkpt>
      <trkpt lat="37.111097" lon="-3.411306">
        <ele>2102.6</ele>
      </trkpt>
      <trkpt lat="37.111098" lon="-3.411255">
        <ele>2102.8</ele>
      </trkpt>
      <trkpt lat="37.1111" lon="-3.411205">
        <ele>2103.2</ele>
      </trkpt>
      <trkpt lat="37.111101" lon="-3.411155">
        <ele>2103.4</ele>
      </trkpt>
      <trkpt lat="37.111101" lon="-3.411106">
        <ele>2103.6</ele>
      </trkpt>
      <trkpt lat="37.111101" lon="-3.411057">
        <ele>2103.8</ele>
      </trkpt>
      <trkpt lat="37.111097" lon="-3.411009">
        <ele>2104.2</ele>
      </trkpt>
      <trkpt lat="37.111092" lon="-3.410962">
        <ele>2104.2</ele>
      </trkpt>
      <trkpt lat="37.111089" lon="-3.410916">
        <ele>2104.4</ele>
      </trkpt>
      <trkpt lat="37.111087" lon="-3.41087">
        <ele>2104.8</ele>
      </trkpt>
      <trkpt lat="37.111086" lon="-3.410826">
        <ele>2105.4</ele>
      </trkpt>
      <trkpt lat="37.111084" lon="-3.410781">
        <ele>2105.6</ele>
      </trkpt>
      <trkpt lat="37.111081" lon="-3.410736">
        <ele>2106.0</ele>
      </trkpt>
      <trkpt lat="37.111077" lon="-3.410691">
        <ele>2106.2</ele>
      </trkpt>
      <trkpt lat="37.111074" lon="-3.410646">
        <ele>2106.0</ele>
      </trkpt>
      <trkpt lat="37.11107" lon="-3.4106">
        <ele>2106.2</ele>
      </trkpt>
      <trkpt lat="37.111064" lon="-3.410554">
        <ele>2106.6</ele>
      </trkpt>
      <trkpt lat="37.111056" lon="-3.410509">
        <ele>2107.0</ele>
      </trkpt>
      <trkpt lat="37.111047" lon="-3.410465">
        <ele>2107.4</ele>
      </trkpt>
      <trkpt lat="37.111035" lon="-3.410423">
        <ele>2107.6</ele>
      </trkpt>
      <trkpt lat="37.111023" lon="-3.41038">
        <ele>2108.0</ele>
      </trkpt>
      <trkpt lat="37.11101" lon="-3.410337">
        <ele>2108.4</ele>
      </trkpt>
      <trkpt lat="37.110996" lon="-3.410296">
        <ele>2108.8</ele>
      </trkpt>
      <trkpt lat="37.110981" lon="-3.410255">
        <ele>2109.0</ele>
      </trkpt>
      <trkpt lat="37.110967" lon="-3.410213">
        <ele>2109.4</ele>
      </trkpt>
      <trkpt lat="37.110952" lon="-3.41017">
        <ele>2109.6</ele>
      </trkpt>
      <trkpt lat="37.110937" lon="-3.410128">
        <ele>2109.8</ele>
      </trkpt>
      <trkpt lat="37.11092" lon="-3.410086">
        <ele>2110.0</ele>
      </trkpt>
      <trkpt lat="37.110903" lon="-3.410045">
        <ele>2110.2</ele>
      </trkpt>
      <trkpt lat="37.110886" lon="-3.410002">
        <ele>2110.4</ele>
      </trkpt>
      <trkpt lat="37.110869" lon="-3.409957">
        <ele>2110.8</ele>
      </trkpt>
      <trkpt lat="37.110852" lon="-3.409911">
        <ele>2111.0</ele>
      </trkpt>
      <trkpt lat="37.110835" lon="-3.409866">
        <ele>2111.2</ele>
      </trkpt>
      <trkpt lat="37.110819" lon="-3.40982">
        <ele>2111.4</ele>
      </trkpt>
      <trkpt lat="37.110803" lon="-3.409774">
        <ele>2111.6</ele>
      </trkpt>
      <trkpt lat="37.110788" lon="-3.409728">
        <ele>2112.0</ele>
      </trkpt>
      <trkpt lat="37.110775" lon="-3.409681">
        <ele>2112.4</ele>
      </trkpt>
      <trkpt lat="37.110763" lon="-3.409634">
        <ele>2112.6</ele>
      </trkpt>
      <trkpt lat="37.110752" lon="-3.409587">
        <ele>2112.6</ele>
      </trkpt>
      <trkpt lat="37.110742" lon="-3.409541">
        <ele>2112.8</ele>
      </trkpt>
      <trkpt lat="37.110734" lon="-3.409494">
        <ele>2113.0</ele>
      </trkpt>
      <trkpt lat="37.110727" lon="-3.409447">
        <ele>2113.0</ele>
      </trkpt>
      <trkpt lat="37.110721" lon="-3.409401">
        <ele>2113.2</ele>
      </trkpt>
      <trkpt lat="37.110716" lon="-3.409356">
        <ele>2113.4</ele>
      </trkpt>
      <trkpt lat="37.110711" lon="-3.409312">
        <ele>2114.0</ele>
      </trkpt>
      <trkpt lat="37.110708" lon="-3.409269">
        <ele>2114.6</ele>
      </trkpt>
      <trkpt lat="37.110706" lon="-3.409225">
        <ele>2114.8</ele>
      </trkpt>
      <trkpt lat="37.110705" lon="-3.409182">
        <ele>2115.0</ele>
      </trkpt>
      <trkpt lat="37.110703" lon="-3.409139">
        <ele>2115.2</ele>
      </trkpt>
      <trkpt lat="37.110704" lon="-3.409096">
        <ele>2115.6</ele>
      </trkpt>
      <trkpt lat="37.110707" lon="-3.409053">
        <ele>2116.0</ele>
      </trkpt>
      <trkpt lat="37.110709" lon="-3.409011">
        <ele>2116.2</ele>
      </trkpt>
      <trkpt lat="37.110711" lon="-3.408968">
        <ele>2116.4</ele>
      </trkpt>
      <trkpt lat="37.110714" lon="-3.408926">
        <ele>2116.8</ele>
      </trkpt>
      <trkpt lat="37.110718" lon="-3.408884">
        <ele>2117.2</ele>
      </trkpt>
      <trkpt lat="37.110722" lon="-3.408841">
        <ele>2117.4</ele>
      </trkpt>
      <trkpt lat="37.110726" lon="-3.408798">
        <ele>2117.8</ele>
      </trkpt>
      <trkpt lat="37.110732" lon="-3.408755">
        <ele>2118.2</ele>
      </trkpt>
      <trkpt lat="37.110739" lon="-3.408712">
        <ele>2118.2</ele>
      </trkpt>
      <trkpt lat="37.110745" lon="-3.40867">
        <ele>2118.4</ele>
      </trkpt>
      <trkpt lat="37.110751" lon="-3.408629">
        <ele>2118.8</ele>
      </trkpt>
      <trkpt lat="37.110757" lon="-3.408587">
        <ele>2119.2</ele>
      </trkpt>
      <trkpt lat="37.110762" lon="-3.408545">
        <ele>2119.6</ele>
      </trkpt>
      <trkpt lat="37.110768" lon="-3.408504">
        <ele>2119.6</ele>
      </trkpt>
      <trkpt lat="37.110776" lon="-3.408463">
        <ele>2119.8</ele>
      </trkpt>
      <trkpt lat="37.110783" lon="-3.408423">
        <ele>2119.8</ele>
      </trkpt>
      <trkpt lat="37.11079" lon="-3.408383">
        <ele>2120.0</ele>
      </trkpt>
      <trkpt lat="37.110796" lon="-3.408342">
        <ele>2120.2</ele>
      </trkpt>
      <trkpt lat="37.110801" lon="-3.408301">
        <ele>2120.6</ele>
      </trkpt>
      <trkpt lat="37.110806" lon="-3.40826">
        <ele>2121.0</ele>
      </trkpt>
      <trkpt lat="37.110812" lon="-3.40822">
        <ele>2121.0</ele>
      </trkpt>
      <trkpt lat="37.11082" lon="-3.40818">
        <ele>2121.2</ele>
      </trkpt>
      <trkpt lat="37.110828" lon="-3.40814">
        <ele>2121.4</ele>
      </trkpt>
      <trkpt lat="37.110836" lon="-3.408101">
        <ele>2121.8</ele>
      </trkpt>
      <trkpt lat="37.110842" lon="-3.408061">
        <ele>2122.2</ele>
      </trkpt>
      <trkpt lat="37.110847" lon="-3.40802">
        <ele>2122.6</ele>
      </trkpt>
      <trkpt lat="37.110853" lon="-3.407979">
        <ele>2122.8</ele>
      </trkpt>
      <trkpt lat="37.110859" lon="-3.40794">
        <ele>2123.0</ele>
      </trkpt>
      <trkpt lat="37.110866" lon="-3.407899">
        <ele>2123.0</ele>
      </trkpt>
      <trkpt lat="37.110872" lon="-3.407859">
        <ele>2123.4</ele>
      </trkpt>
      <trkpt lat="37.110879" lon="-3.407818">
        <ele>2123.8</ele>
      </trkpt>
      <trkpt lat="37.110886" lon="-3.407777">
        <ele>2124.0</ele>
      </trkpt>
      <trkpt lat="37.110893" lon="-3.407737">
        <ele>2124.4</ele>
      </trkpt>
      <trkpt lat="37.110899" lon="-3.407698">
        <ele>2124.8</ele>
      </trkpt>
      <trkpt lat="37.110905" lon="-3.407658">
        <ele>2125.0</ele>
      </trkpt>
      <trkpt lat="37.110911" lon="-3.407619">
        <ele>2125.2</ele>
      </trkpt>
      <trkpt lat="37.110918" lon="-3.407579">
        <ele>2125.2</ele>
      </trkpt>
      <trkpt lat="37.110924" lon="-3.40754">
        <ele>2125.4</ele>
      </trkpt>
      <trkpt lat="37.11093" lon="-3.407501">
        <ele>2125.4</ele>
      </trkpt>
      <trkpt lat="37.110936" lon="-3.407461">
        <ele>2125.4</ele>
      </trkpt>
      <trkpt lat="37.110943" lon="-3.407422">
        <ele>2125.6</ele>
      </trkpt>
      <trkpt lat="37.110949" lon="-3.407382">
        <ele>2125.6</ele>
      </trkpt>
      <trkpt lat="37.110954" lon="-3.407342">
        <ele>2125.6</ele>
      </trkpt>
      <trkpt lat="37.11096" lon="-3.407302">
        <ele>2126.0</ele>
      </trkpt>
      <trkpt lat="37.110967" lon="-3.407262">
        <ele>2126.4</ele>
      </trkpt>
      <trkpt lat="37.110974" lon="-3.407222">
        <ele>2126.8</ele>
      </trkpt>
      <trkpt lat="37.110981" lon="-3.40718">
        <ele>2127.0</ele>
      </trkpt>
      <trkpt lat="37.110989" lon="-3.407138">
        <ele>2127.4</ele>
      </trkpt>
      <trkpt lat="37.110996" lon="-3.407096">
        <ele>2128.0</ele>
      </trkpt>
      <trkpt lat="37.111004" lon="-3.407053">
        <ele>2128.2</ele>
      </trkpt>
      <trkpt lat="37.111012" lon="-3.407011">
        <ele>2128.6</ele>
      </trkpt>
      <trkpt lat="37.111018" lon="-3.406969">
        <ele>2128.8</ele>
      </trkpt>
      <trkpt lat="37.111023" lon="-3.406928">
        <ele>2129.0</ele>
      </trkpt>
      <trkpt lat="37.111029" lon="-3.406887">
        <ele>2129.2</ele>
      </trkpt>
      <trkpt lat="37.111036" lon="-3.406846">
        <ele>2129.2</ele>
      </trkpt>
      <trkpt lat="37.111041" lon="-3.406803">
        <ele>2129.6</ele>
      </trkpt>
      <trkpt lat="37.111044" lon="-3.40676">
        <ele>2130.0</ele>
      </trkpt>
      <trkpt lat="37.111046" lon="-3.406719">
        <ele>2130.4</ele>
      </trkpt>
      <trkpt lat="37.111044" lon="-3.406679">
        <ele>2130.6</ele>
      </trkpt>
      <trkpt lat="37.111044" lon="-3.406635">
        <ele>2130.8</ele>
      </trkpt>
      <trkpt lat="37.111043" lon="-3.406591">
        <ele>2131.0</ele>
      </trkpt>
      <trkpt lat="37.111038" lon="-3.406548">
        <ele>2131.4</ele>
      </trkpt>
      <trkpt lat="37.111032" lon="-3.406505">
        <ele>2131.6</ele>
      </trkpt>
      <trkpt lat="37.111023" lon="-3.406463">
        <ele>2132.0</ele>
      </trkpt>
      <trkpt lat="37.111014" lon="-3.406421">
        <ele>2132.2</ele>
      </trkpt>
      <trkpt lat="37.111003" lon="-3.406379">
        <ele>2132.4</ele>
      </trkpt>
      <trkpt lat="37.110992" lon="-3.406338">
        <ele>2132.6</ele>
      </trkpt>
      <trkpt lat="37.110979" lon="-3.406298">
        <ele>2133.2</ele>
      </trkpt>
      <trkpt lat="37.110966" lon="-3.406257">
        <ele>2133.6</ele>
      </trkpt>
      <trkpt lat="37.110953" lon="-3.406216">
        <ele>2133.8</ele>
      </trkpt>
      <trkpt lat="37.11094" lon="-3.406176">
        <ele>2134.2</ele>
      </trkpt>
      <trkpt lat="37.110926" lon="-3.406136">
        <ele>2134.4</ele>
      </trkpt>
      <trkpt lat="37.110912" lon="-3.406096">
        <ele>2134.4</ele>
      </trkpt>
      <trkpt lat="37.110899" lon="-3.406057">
        <ele>2134.6</ele>
      </trkpt>
      <trkpt lat="37.110885" lon="-3.406018">
        <ele>2135.2</ele>
      </trkpt>
      <trkpt lat="37.110869" lon="-3.40598">
        <ele>2135.6</ele>
      </trkpt>
      <trkpt lat="37.110854" lon="-3.405941">
        <ele>2136.0</ele>
      </trkpt>
      <trkpt lat="37.110838" lon="-3.405904">
        <ele>2136.4</ele>
      </trkpt>
      <trkpt lat="37.110822" lon="-3.405866">
        <ele>2136.6</ele>
      </trkpt>
      <trkpt lat="37.110806" lon="-3.405829">
        <ele>2136.8</ele>
      </trkpt>
      <trkpt lat="37.110788" lon="-3.405792">
        <ele>2137.0</ele>
      </trkpt>
      <trkpt lat="37.110768" lon="-3.405755">
        <ele>2137.0</ele>
      </trkpt>
      <trkpt lat="37.110749" lon="-3.405719">
        <ele>2137.2</ele>
      </trkpt>
      <trkpt lat="37.110728" lon="-3.405684">
        <ele>2137.6</ele>
      </trkpt>
      <trkpt lat="37.110706" lon="-3.405649">
        <ele>2137.6</ele>
      </trkpt>
      <trkpt lat="37.110683" lon="-3.405616">
        <ele>2137.8</ele>
      </trkpt>
      <trkpt lat="37.11066" lon="-3.405583">
        <ele>2138.0</ele>
      </trkpt>
      <trkpt lat="37.110635" lon="-3.405551">
        <ele>2138.2</ele>
      </trkpt>
      <trkpt lat="37.110608" lon="-3.405519">
        <ele>2138.6</ele>
      </trkpt>
      <trkpt lat="37.110583" lon="-3.405486">
        <ele>2139.0</ele>
      </trkpt>
      <trkpt lat="37.110557" lon="-3.405455">
        <ele>2139.2</ele>
      </trkpt>
      <trkpt lat="37.110529" lon="-3.405425">
        <ele>2139.6</ele>
      </trkpt>
      <trkpt lat="37.110501" lon="-3.405397">
        <ele>2139.8</ele>
      </trkpt>
      <trkpt lat="37.110472" lon="-3.405369">
        <ele>2140.0</ele>
      </trkpt>
      <trkpt lat="37.110443" lon="-3.405342">
        <ele>2140.0</ele>
      </trkpt>
      <trkpt lat="37.110412" lon="-3.405317">
        <ele>2140.2</ele>
      </trkpt>
      <trkpt lat="37.11038" lon="-3.405293">
        <ele>2140.4</ele>
      </trkpt>
      <trkpt lat="37.110349" lon="-3.405269">
        <ele>2140.8</ele>
      </trkpt>
      <trkpt lat="37.110318" lon="-3.405245">
        <ele>2141.0</ele>
      </trkpt>
      <trkpt lat="37.110285" lon="-3.405223">
        <ele>2141.4</ele>
      </trkpt>
      <trkpt lat="37.110252" lon="-3.405203">
        <ele>2141.6</ele>
      </trkpt>
      <trkpt lat="37.110219" lon="-3.405183">
        <ele>2141.8</ele>
      </trkpt>
      <trkpt lat="37.110186" lon="-3.405163">
        <ele>2142.2</ele>
      </trkpt>
      <trkpt lat="37.110153" lon="-3.405144">
        <ele>2142.4</ele>
      </trkpt>
      <trkpt lat="37.11012" lon="-3.405125">
        <ele>2142.6</ele>
      </trkpt>
      <trkpt lat="37.110085" lon="-3.405106">
        <ele>2142.6</ele>
      </trkpt>
      <trkpt lat="37.11005" lon="-3.405087">
        <ele>2143.0</ele>
      </trkpt>
      <trkpt lat="37.110016" lon="-3.405068">
        <ele>2143.4</ele>
      </trkpt>
      <trkpt lat="37.109981" lon="-3.405049">
        <ele>2143.8</ele>
      </trkpt>
      <trkpt lat="37.109947" lon="-3.405031">
        <ele>2144.2</ele>
      </trkpt>
      <trkpt lat="37.109914" lon="-3.405012">
        <ele>2144.6</ele>
      </trkpt>
      <trkpt lat="37.109881" lon="-3.404994">
        <ele>2144.6</ele>
      </trkpt>
      <trkpt lat="37.109847" lon="-3.404974">
        <ele>2144.8</ele>
      </trkpt>
      <trkpt lat="37.109813" lon="-3.404955">
        <ele>2145.0</ele>
      </trkpt>
      <trkpt lat="37.10978" lon="-3.404936">
        <ele>2145.2</ele>
      </trkpt>
      <trkpt lat="37.109746" lon="-3.404917">
        <ele>2145.6</ele>
      </trkpt>
      <trkpt lat="37.109713" lon="-3.404897">
        <ele>2145.8</ele>
      </trkpt>
      <trkpt lat="37.10968" lon="-3.404877">
        <ele>2146.2</ele>
      </trkpt>
      <trkpt lat="37.109646" lon="-3.404857">
        <ele>2146.4</ele>
      </trkpt>
      <trkpt lat="37.109613" lon="-3.404838">
        <ele>2146.8</ele>
      </trkpt>
      <trkpt lat="37.10958" lon="-3.404818">
        <ele>2146.8</ele>
      </trkpt>
      <trkpt lat="37.109548" lon="-3.404798">
        <ele>2147.0</ele>
      </trkpt>
      <trkpt lat="37.109516" lon="-3.404779">
        <ele>2147.2</ele>
      </trkpt>
      <trkpt lat="37.109483" lon="-3.404761">
        <ele>2147.6</ele>
      </trkpt>
      <trkpt lat="37.109451" lon="-3.404742">
        <ele>2147.8</ele>
      </trkpt>
      <trkpt lat="37.109418" lon="-3.404723">
        <ele>2148.0</ele>
      </trkpt>
      <trkpt lat="37.109385" lon="-3.404705">
        <ele>2148.4</ele>
      </trkpt>
      <trkpt lat="37.109352" lon="-3.404688">
        <ele>2148.8</ele>
      </trkpt>
      <trkpt lat="37.109319" lon="-3.404668">
        <ele>2149.0</ele>
      </trkpt>
      <trkpt lat="37.109287" lon="-3.404648">
        <ele>2149.2</ele>
      </trkpt>
      <trkpt lat="37.109255" lon="-3.404629">
        <ele>2149.4</ele>
      </trkpt>
      <trkpt lat="37.109223" lon="-3.404611">
        <ele>2149.6</ele>
      </trkpt>
      <trkpt lat="37.109191" lon="-3.404593">
        <ele>2150.0</ele>
      </trkpt>
      <trkpt lat="37.109158" lon="-3.404573">
        <ele>2150.0</ele>
      </trkpt>
      <trkpt lat="37.109125" lon="-3.404555">
        <ele>2150.4</ele>
      </trkpt>
      <trkpt lat="37.109092" lon="-3.404537">
        <ele>2150.6</ele>
      </trkpt>
      <trkpt lat="37.109059" lon="-3.40452">
        <ele>2151.0</ele>
      </trkpt>
      <trkpt lat="37.109025" lon="-3.404503">
        <ele>2151.2</ele>
      </trkpt>
      <trkpt lat="37.108992" lon="-3.404485">
        <ele>2151.6</ele>
      </trkpt>
      <trkpt lat="37.108959" lon="-3.404466">
        <ele>2151.8</ele>
      </trkpt>
      <trkpt lat="37.108926" lon="-3.404447">
        <ele>2152.2</ele>
      </trkpt>
      <trkpt lat="37.108893" lon="-3.404427">
        <ele>2152.4</ele>
      </trkpt>
      <trkpt lat="37.108861" lon="-3.404408">
        <ele>2152.8</ele>
      </trkpt>
      <trkpt lat="37.108828" lon="-3.40439">
        <ele>2153.0</ele>
      </trkpt>
      <trkpt lat="37.108795" lon="-3.404372">
        <ele>2153.2</ele>
      </trkpt>
      <trkpt lat="37.108762" lon="-3.404354">
        <ele>2153.6</ele>
      </trkpt>
      <trkpt lat="37.108729" lon="-3.404335">
        <ele>2153.8</ele>
      </trkpt>
      <trkpt lat="37.108697" lon="-3.404315">
        <ele>2154.2</ele>
      </trkpt>
      <trkpt lat="37.108663" lon="-3.404295">
        <ele>2154.2</ele>
      </trkpt>
      <trkpt lat="37.10863" lon="-3.404277">
        <ele>2154.4</ele>
      </trkpt>
      <trkpt lat="37.108598" lon="-3.404258">
        <ele>2154.6</ele>
      </trkpt>
      <trkpt lat="37.108565" lon="-3.404239">
        <ele>2154.8</ele>
      </trkpt>
      <trkpt lat="37.108532" lon="-3.404219">
        <ele>2155.0</ele>
      </trkpt>
      <trkpt lat="37.108499" lon="-3.4042">
        <ele>2155.2</ele>
      </trkpt>
      <trkpt lat="37.108466" lon="-3.404182">
        <ele>2155.8</ele>
      </trkpt>
      <trkpt lat="37.108432" lon="-3.404164">
        <ele>2156.0</ele>
      </trkpt>
      <trkpt lat="37.108399" lon="-3.404146">
        <ele>2156.4</ele>
      </trkpt>
      <trkpt lat="37.108367" lon="-3.404127">
        <ele>2156.8</ele>
      </trkpt>
      <trkpt lat="37.108334" lon="-3.404108">
        <ele>2157.0</ele>
      </trkpt>
      <trkpt lat="37.108302" lon="-3.40409">
        <ele>2157.4</ele>
      </trkpt>
      <trkpt lat="37.10827" lon="-3.404073">
        <ele>2157.4</ele>
      </trkpt>
      <trkpt lat="37.108237" lon="-3.404055">
        <ele>2157.6</ele>
      </trkpt>
      <trkpt lat="37.108205" lon="-3.404037">
        <ele>2158.0</ele>
      </trkpt>
      <trkpt lat="37.108173" lon="-3.404019">
        <ele>2158.2</ele>
      </trkpt>
      <trkpt lat="37.108141" lon="-3.404001">
        <ele>2158.4</ele>
      </trkpt>
      <trkpt lat="37.108109" lon="-3.403984">
        <ele>2158.8</ele>
      </trkpt>
      <trkpt lat="37.108077" lon="-3.403966">
        <ele>2159.0</ele>
      </trkpt>
      <trkpt lat="37.108045" lon="-3.403947">
        <ele>2159.4</ele>
      </trkpt>
      <trkpt lat="37.108013" lon="-3.403928">
        <ele>2159.4</ele>
      </trkpt>
      <trkpt lat="37.107982" lon="-3.403909">
        <ele>2159.6</ele>
      </trkpt>
      <trkpt lat="37.10795" lon="-3.403889">
        <ele>2159.8</ele>
      </trkpt>
      <trkpt lat="37.107919" lon="-3.403867">
        <ele>2160.0</ele>
      </trkpt>
      <trkpt lat="37.107889" lon="-3.403845">
        <ele>2160.2</ele>
      </trkpt>
      <trkpt lat="37.107859" lon="-3.403823">
        <ele>2160.4</ele>
      </trkpt>
      <trkpt lat="37.107829" lon="-3.403801">
        <ele>2160.6</ele>
      </trkpt>
      <trkpt lat="37.107799" lon="-3.403778">
        <ele>2161.0</ele>
      </trkpt>
      <trkpt lat="37.10777" lon="-3.403755">
        <ele>2161.0</ele>
      </trkpt>
      <trkpt lat="37.107741" lon="-3.403732">
        <ele>2161.4</ele>
      </trkpt>
      <trkpt lat="37.107712" lon="-3.403708">
        <ele>2161.8</ele>
      </trkpt>
      <trkpt lat="37.107685" lon="-3.403684">
        <ele>2162.0</ele>
      </trkpt>
      <trkpt lat="37.107657" lon="-3.403659">
        <ele>2162.2</ele>
      </trkpt>
      <trkpt lat="37.107627" lon="-3.403634">
        <ele>2162.6</ele>
      </trkpt>
      <trkpt lat="37.107597" lon="-3.403612">
        <ele>2163.0</ele>
      </trkpt>
      <trkpt lat="37.107565" lon="-3.403591">
        <ele>2163.6</ele>
      </trkpt>
      <trkpt lat="37.107533" lon="-3.403571">
        <ele>2164.0</ele>
      </trkpt>
      <trkpt lat="37.1075" lon="-3.403554">
        <ele>2164.4</ele>
      </trkpt>
      <trkpt lat="37.107466" lon="-3.40354">
        <ele>2164.6</ele>
      </trkpt>
      <trkpt lat="37.107431" lon="-3.403528">
        <ele>2164.8</ele>
      </trkpt>
      <trkpt lat="37.107393" lon="-3.403518">
        <ele>2165.0</ele>
      </trkpt>
      <trkpt lat="37.107356" lon="-3.40351">
        <ele>2165.2</ele>
      </trkpt>
      <trkpt lat="37.107319" lon="-3.403504">
        <ele>2165.4</ele>
      </trkpt>
      <trkpt lat="37.107281" lon="-3.4035">
        <ele>2165.8</ele>
      </trkpt>
      <trkpt lat="37.107242" lon="-3.403498">
        <ele>2166.0</ele>
      </trkpt>
      <trkpt lat="37.107206" lon="-3.403498">
        <ele>2166.2</ele>
      </trkpt>
      <trkpt lat="37.107166" lon="-3.403498">
        <ele>2166.4</ele>
      </trkpt>
      <trkpt lat="37.107125" lon="-3.403499">
        <ele>2166.8</ele>
      </trkpt>
      <trkpt lat="37.107081" lon="-3.4035">
        <ele>2167.0</ele>
      </trkpt>
      <trkpt lat="37.107039" lon="-3.403501">
        <ele>2167.2</ele>
      </trkpt>
      <trkpt lat="37.106999" lon="-3.403502">
        <ele>2167.6</ele>
      </trkpt>
      <trkpt lat="37.106958" lon="-3.403504">
        <ele>2168.0</ele>
      </trkpt>
      <trkpt lat="37.106919" lon="-3.403506">
        <ele>2168.2</ele>
      </trkpt>
      <trkpt lat="37.106879" lon="-3.403507">
        <ele>2168.6</ele>
      </trkpt>
      <trkpt lat="37.10684" lon="-3.403509">
        <ele>2168.8</ele>
      </trkpt>
      <trkpt lat="37.1068" lon="-3.403511">
        <ele>2169.0</ele>
      </trkpt>
      <trkpt lat="37.106761" lon="-3.403511">
        <ele>2169.2</ele>
      </trkpt>
      <trkpt lat="37.106721" lon="-3.403512">
        <ele>2169.4</ele>
      </trkpt>
      <trkpt lat="37.106682" lon="-3.403512">
        <ele>2169.4</ele>
      </trkpt>
      <trkpt lat="37.106643" lon="-3.403511">
        <ele>2169.4</ele>
      </trkpt>
      <trkpt lat="37.106605" lon="-3.403507">
        <ele>2169.8</ele>
      </trkpt>
      <trkpt lat="37.106567" lon="-3.403499">
        <ele>2170.0</ele>
      </trkpt>
      <trkpt lat="37.106529" lon="-3.403488">
        <ele>2170.4</ele>
      </trkpt>
      <trkpt lat="37.106492" lon="-3.403477">
        <ele>2171.0</ele>
      </trkpt>
      <trkpt lat="37.106456" lon="-3.403465">
        <ele>2171.4</ele>
      </trkpt>
      <trkpt lat="37.106422" lon="-3.403451">
        <ele>2171.6</ele>
      </trkpt>
      <trkpt lat="37.10639" lon="-3.403435">
        <ele>2172.0</ele>
      </trkpt>
      <trkpt lat="37.106359" lon="-3.403417">
        <ele>2172.4</ele>
      </trkpt>
      <trkpt lat="37.106329" lon="-3.403401">
        <ele>2172.6</ele>
      </trkpt>
      <trkpt lat="37.106299" lon="-3.403385">
        <ele>2172.8</ele>
      </trkpt>
      <trkpt lat="37.106268" lon="-3.403365">
        <ele>2173.0</ele>
      </trkpt>
      <trkpt lat="37.106237" lon="-3.403346">
        <ele>2173.0</ele>
      </trkpt>
      <trkpt lat="37.106206" lon="-3.403326">
        <ele>2173.2</ele>
      </trkpt>
      <trkpt lat="37.106176" lon="-3.403305">
        <ele>2173.6</ele>
      </trkpt>
      <trkpt lat="37.106146" lon="-3.403283">
        <ele>2173.8</ele>
      </trkpt>
      <trkpt lat="37.106115" lon="-3.40326">
        <ele>2174.2</ele>
      </trkpt>
      <trkpt lat="37.106086" lon="-3.403237">
        <ele>2174.6</ele>
      </trkpt>
      <trkpt lat="37.106059" lon="-3.403213">
        <ele>2174.8</ele>
      </trkpt>
      <trkpt lat="37.106032" lon="-3.403189">
        <ele>2175.2</ele>
      </trkpt>
      <trkpt lat="37.106007" lon="-3.403164">
        <ele>2175.4</ele>
      </trkpt>
      <trkpt lat="37.105982" lon="-3.403138">
        <ele>2176.0</ele>
      </trkpt>
      <trkpt lat="37.105957" lon="-3.403111">
        <ele>2176.4</ele>
      </trkpt>
      <trkpt lat="37.105932" lon="-3.403083">
        <ele>2176.4</ele>
      </trkpt>
      <trkpt lat="37.105906" lon="-3.403054">
        <ele>2176.4</ele>
      </trkpt>
      <trkpt lat="37.105881" lon="-3.403024">
        <ele>2176.6</ele>
      </trkpt>
      <trkpt lat="37.105857" lon="-3.402994">
        <ele>2177.0</ele>
      </trkpt>
      <trkpt lat="37.105833" lon="-3.402963">
        <ele>2177.2</ele>
      </trkpt>
      <trkpt lat="37.105809" lon="-3.402931">
        <ele>2177.4</ele>
      </trkpt>
      <trkpt lat="37.105785" lon="-3.402899">
        <ele>2177.6</ele>
      </trkpt>
      <trkpt lat="37.105761" lon="-3.402867">
        <ele>2178.0</ele>
      </trkpt>
      <trkpt lat="37.105737" lon="-3.402835">
        <ele>2178.2</ele>
      </trkpt>
      <trkpt lat="37.105713" lon="-3.402804">
        <ele>2178.2</ele>
      </trkpt>
      <trkpt lat="37.105689" lon="-3.402772">
        <ele>2178.4</ele>
      </trkpt>
      <trkpt lat="37.105666" lon="-3.40274">
        <ele>2178.6</ele>
      </trkpt>
      <trkpt lat="37.105642" lon="-3.402706">
        <ele>2178.8</ele>
      </trkpt>
      <trkpt lat="37.10562" lon="-3.402672">
        <ele>2179.0</ele>
      </trkpt>
      <trkpt lat="37.105597" lon="-3.402639">
        <ele>2179.2</ele>
      </trkpt>
      <trkpt lat="37.105575" lon="-3.402605">
        <ele>2179.4</ele>
      </trkpt>
      <trkpt lat="37.105552" lon="-3.40257">
        <ele>2179.6</ele>
      </trkpt>
      <trkpt lat="37.10553" lon="-3.402537">
        <ele>2179.8</ele>
      </trkpt>
      <trkpt lat="37.105507" lon="-3.402503">
        <ele>2180.2</ele>
      </trkpt>
      <trkpt lat="37.105484" lon="-3.402469">
        <ele>2180.4</ele>
      </trkpt>
      <trkpt lat="37.105461" lon="-3.402435">
        <ele>2180.6</ele>
      </trkpt>
      <trkpt lat="37.105439" lon="-3.402401">
        <ele>2181.0</ele>
      </trkpt>
      <trkpt lat="37.105416" lon="-3.402366">
        <ele>2181.2</ele>
      </trkpt>
      <trkpt lat="37.105394" lon="-3.402332">
        <ele>2181.4</ele>
      </trkpt>
      <trkpt lat="37.105371" lon="-3.402297">
        <ele>2181.8</ele>
      </trkpt>
      <trkpt lat="37.105349" lon="-3.402263">
        <ele>2182.0</ele>
      </trkpt>
      <trkpt lat="37.105328" lon="-3.402228">
        <ele>2182.4</ele>
      </trkpt>
      <trkpt lat="37.105308" lon="-3.402192">
        <ele>2182.6</ele>
      </trkpt>
      <trkpt lat="37.105289" lon="-3.402156">
        <ele>2182.8</ele>
      </trkpt>
      <trkpt lat="37.10527" lon="-3.40212">
        <ele>2183.2</ele>
      </trkpt>
      <trkpt lat="37.105252" lon="-3.402084">
        <ele>2183.4</ele>
      </trkpt>
      <trkpt lat="37.105234" lon="-3.402048">
        <ele>2183.8</ele>
      </trkpt>
      <trkpt lat="37.105216" lon="-3.402011">
        <ele>2184.2</ele>
      </trkpt>
      <trkpt lat="37.105198" lon="-3.401973">
        <ele>2184.4</ele>
      </trkpt>
      <trkpt lat="37.105179" lon="-3.401936">
        <ele>2184.6</ele>
      </trkpt>
      <trkpt lat="37.10516" lon="-3.4019">
        <ele>2184.8</ele>
      </trkpt>
      <trkpt lat="37.105141" lon="-3.401862">
        <ele>2185.2</ele>
      </trkpt>
      <trkpt lat="37.105123" lon="-3.401825">
        <ele>2185.6</ele>
      </trkpt>
      <trkpt lat="37.105106" lon="-3.401788">
        <ele>2186.0</ele>
      </trkpt>
      <trkpt lat="37.105086" lon="-3.401751">
        <ele>2186.2</ele>
      </trkpt>
      <trkpt lat="37.105066" lon="-3.401715">
        <ele>2186.4</ele>
      </trkpt>
      <trkpt lat="37.105045" lon="-3.401679">
        <ele>2186.8</ele>
      </trkpt>
      <trkpt lat="37.105025" lon="-3.401642">
        <ele>2187.0</ele>
      </trkpt>
      <trkpt lat="37.105004" lon="-3.401605">
        <ele>2187.4</ele>
      </trkpt>
      <trkpt lat="37.104984" lon="-3.401569">
        <ele>2187.4</ele>
      </trkpt>
      <trkpt lat="37.104963" lon="-3.401534">
        <ele>2187.6</ele>
      </trkpt>
      <trkpt lat="37.104941" lon="-3.401499">
        <ele>2187.8</ele>
      </trkpt>
      <trkpt lat="37.10492" lon="-3.401464">
        <ele>2188.2</ele>
      </trkpt>
      <trkpt lat="37.104899" lon="-3.401428">
        <ele>2188.4</ele>
      </trkpt>
      <trkpt lat="37.104877" lon="-3.401393">
        <ele>2188.6</ele>
      </trkpt>
      <trkpt lat="37.104855" lon="-3.401359">
        <ele>2189.0</ele>
      </trkpt>
      <trkpt lat="37.104832" lon="-3.401325">
        <ele>2189.2</ele>
      </trkpt>
      <trkpt lat="37.10481" lon="-3.40129">
        <ele>2189.4</ele>
      </trkpt>
      <trkpt lat="37.104788" lon="-3.401255">
        <ele>2190.0</ele>
      </trkpt>
      <trkpt lat="37.104765" lon="-3.40122">
        <ele>2190.4</ele>
      </trkpt>
      <trkpt lat="37.104742" lon="-3.401186">
        <ele>2190.6</ele>
      </trkpt>
      <trkpt lat="37.10472" lon="-3.401151">
        <ele>2190.8</ele>
      </trkpt>
      <trkpt lat="37.104697" lon="-3.401117">
        <ele>2191.0</ele>
      </trkpt>
      <trkpt lat="37.104674" lon="-3.401082">
        <ele>2191.2</ele>
      </trkpt>
      <trkpt lat="37.104652" lon="-3.401047">
        <ele>2191.2</ele>
      </trkpt>
      <trkpt lat="37.10463" lon="-3.401011">
        <ele>2191.4</ele>
      </trkpt>
      <trkpt lat="37.104608" lon="-3.400977">
        <ele>2191.6</ele>
      </trkpt>
      <trkpt lat="37.104585" lon="-3.400941">
        <ele>2192.0</ele>
      </trkpt>
      <trkpt lat="37.104562" lon="-3.400905">
        <ele>2192.0</ele>
      </trkpt>
      <trkpt lat="37.104539" lon="-3.400867">
        <ele>2192.2</ele>
      </trkpt>
      <trkpt lat="37.104515" lon="-3.40083">
        <ele>2192.6</ele>
      </trkpt>
      <trkpt lat="37.104489" lon="-3.400791">
        <ele>2193.0</ele>
      </trkpt>
      <trkpt lat="37.104463" lon="-3.400752">
        <ele>2193.2</ele>
      </trkpt>
      <trkpt lat="37.104439" lon="-3.400711">
        <ele>2193.4</ele>
      </trkpt>
      <trkpt lat="37.104415" lon="-3.400671">
        <ele>2193.8</ele>
      </trkpt>
      <trkpt lat="37.10439" lon="-3.400633">
        <ele>2194.0</ele>
      </trkpt>
      <trkpt lat="37.104364" lon="-3.400593">
        <ele>2194.4</ele>
      </trkpt>
      <trkpt lat="37.104339" lon="-3.400553">
        <ele>2194.6</ele>
      </trkpt>
      <trkpt lat="37.104314" lon="-3.400512">
        <ele>2195.0</ele>
      </trkpt>
      <trkpt lat="37.104287" lon="-3.400472">
        <ele>2195.4</ele>
      </trkpt>
      <trkpt lat="37.104261" lon="-3.40043">
        <ele>2195.6</ele>
      </trkpt>
      <trkpt lat="37.104234" lon="-3.400388">
        <ele>2195.8</ele>
      </trkpt>
      <trkpt lat="37.104207" lon="-3.400346">
        <ele>2195.8</ele>
      </trkpt>
      <trkpt lat="37.10418" lon="-3.400305">
        <ele>2196.0</ele>
      </trkpt>
      <trkpt lat="37.104154" lon="-3.400264">
        <ele>2196.2</ele>
      </trkpt>
      <trkpt lat="37.104129" lon="-3.400224">
        <ele>2196.4</ele>
      </trkpt>
      <trkpt lat="37.104102" lon="-3.400184">
        <ele>2196.8</ele>
      </trkpt>
      <trkpt lat="37.104077" lon="-3.400144">
        <ele>2197.0</ele>
      </trkpt>
      <trkpt lat="37.104052" lon="-3.400103">
        <ele>2197.6</ele>
      </trkpt>
      <trkpt lat="37.104026" lon="-3.400064">
        <ele>2198.0</ele>
      </trkpt>
      <trkpt lat="37.104" lon="-3.400023">
        <ele>2198.4</ele>
      </trkpt>
      <trkpt lat="37.103975" lon="-3.399983">
        <ele>2198.6</ele>
      </trkpt>
      <trkpt lat="37.103948" lon="-3.399943">
        <ele>2199.0</ele>
      </trkpt>
      <trkpt lat="37.103922" lon="-3.399903">
        <ele>2199.0</ele>
      </trkpt>
      <trkpt lat="37.103897" lon="-3.399863">
        <ele>2199.0</ele>
      </trkpt>
      <trkpt lat="37.103871" lon="-3.399824">
        <ele>2199.2</ele>
      </trkpt>
      <trkpt lat="37.103845" lon="-3.399785">
        <ele>2199.6</ele>
      </trkpt>
      <trkpt lat="37.103819" lon="-3.399745">
        <ele>2199.8</ele>
      </trkpt>
      <trkpt lat="37.103794" lon="-3.399704">
        <ele>2200.0</ele>
      </trkpt>
      <trkpt lat="37.103769" lon="-3.399663">
        <ele>2200.2</ele>
      </trkpt>
      <trkpt lat="37.103744" lon="-3.399621">
        <ele>2200.4</ele>
      </trkpt>
      <trkpt lat="37.103721" lon="-3.399577">
        <ele>2200.8</ele>
      </trkpt>
      <trkpt lat="37.103701" lon="-3.399532">
        <ele>2201.0</ele>
      </trkpt>
      <trkpt lat="37.103682" lon="-3.399486">
        <ele>2201.2</ele>
      </trkpt>
      <trkpt lat="37.103666" lon="-3.399437">
        <ele>2201.6</ele>
      </trkpt>
      <trkpt lat="37.103652" lon="-3.399388">
        <ele>2202.0</ele>
      </trkpt>
      <trkpt lat="37.10364" lon="-3.399338">
        <ele>2202.4</ele>
      </trkpt>
      <trkpt lat="37.103628" lon="-3.399288">
        <ele>2202.6</ele>
      </trkpt>
      <trkpt lat="37.103618" lon="-3.399237">
        <ele>2202.6</ele>
      </trkpt>
      <trkpt lat="37.103607" lon="-3.399187">
        <ele>2202.8</ele>
      </trkpt>
      <trkpt lat="37.103599" lon="-3.399136">
        <ele>2203.0</ele>
      </trkpt>
      <trkpt lat="37.103591" lon="-3.399086">
        <ele>2203.2</ele>
      </trkpt>
      <trkpt lat="37.103582" lon="-3.399036">
        <ele>2203.6</ele>
      </trkpt>
      <trkpt lat="37.103572" lon="-3.398987">
        <ele>2203.8</ele>
      </trkpt>
      <trkpt lat="37.103561" lon="-3.398939">
        <ele>2204.0</ele>
      </trkpt>
      <trkpt lat="37.103549" lon="-3.398893">
        <ele>2204.4</ele>
      </trkpt>
      <trkpt lat="37.103536" lon="-3.398848">
        <ele>2204.8</ele>
      </trkpt>
      <trkpt lat="37.103522" lon="-3.398802">
        <ele>2205.2</ele>
      </trkpt>
      <trkpt lat="37.103506" lon="-3.398757">
        <ele>2205.6</ele>
      </trkpt>
      <trkpt lat="37.103489" lon="-3.398712">
        <ele>2205.8</ele>
      </trkpt>
      <trkpt lat="37.103471" lon="-3.398668">
        <ele>2206.0</ele>
      </trkpt>
      <trkpt lat="37.103452" lon="-3.398624">
        <ele>2206.2</ele>
      </trkpt>
      <trkpt lat="37.103432" lon="-3.398579">
        <ele>2206.4</ele>
      </trkpt>
      <trkpt lat="37.103413" lon="-3.398532">
        <ele>2206.4</ele>
      </trkpt>
      <trkpt lat="37.103395" lon="-3.398487">
        <ele>2207.0</ele>
      </trkpt>
      <trkpt lat="37.103377" lon="-3.398441">
        <ele>2207.2</ele>
      </trkpt>
      <trkpt lat="37.103359" lon="-3.398395">
        <ele>2207.6</ele>
      </trkpt>
      <trkpt lat="37.103339" lon="-3.398349">
        <ele>2207.8</ele>
      </trkpt>
      <trkpt lat="37.103319" lon="-3.398305">
        <ele>2208.0</ele>
      </trkpt>
      <trkpt lat="37.103298" lon="-3.398261">
        <ele>2208.0</ele>
      </trkpt>
      <trkpt lat="37.103276" lon="-3.398218">
        <ele>2208.2</ele>
      </trkpt>
      <trkpt lat="37.103255" lon="-3.398175">
        <ele>2208.4</ele>
      </trkpt>
      <trkpt lat="37.103234" lon="-3.398133">
        <ele>2208.6</ele>
      </trkpt>
      <trkpt lat="37.103212" lon="-3.39809">
        <ele>2208.8</ele>
      </trkpt>
      <trkpt lat="37.10319" lon="-3.398048">
        <ele>2209.0</ele>
      </trkpt>
      <trkpt lat="37.103168" lon="-3.398006">
        <ele>2209.4</ele>
      </trkpt>
      <trkpt lat="37.103146" lon="-3.397965">
        <ele>2209.6</ele>
      </trkpt>
      <trkpt lat="37.103123" lon="-3.397924">
        <ele>2210.2</ele>
      </trkpt>
      <trkpt lat="37.103098" lon="-3.397883">
        <ele>2210.4</ele>
      </trkpt>
      <trkpt lat="37.103072" lon="-3.397845">
        <ele>2210.6</ele>
      </trkpt>
      <trkpt lat="37.103045" lon="-3.397809">
        <ele>2210.8</ele>
      </trkpt>
      <trkpt lat="37.103016" lon="-3.397775">
        <ele>2211.6</ele>
      </trkpt>
      <trkpt lat="37.102986" lon="-3.397743">
        <ele>2211.8</ele>
      </trkpt>
      <trkpt lat="37.102956" lon="-3.39771">
        <ele>2212.2</ele>
      </trkpt>
      <trkpt lat="37.102927" lon="-3.397676">
        <ele>2212.6</ele>
      </trkpt>
      <trkpt lat="37.102897" lon="-3.397643">
        <ele>2212.8</ele>
      </trkpt>
      <trkpt lat="37.102867" lon="-3.397609">
        <ele>2212.8</ele>
      </trkpt>
      <trkpt lat="37.102837" lon="-3.397574">
        <ele>2213.0</ele>
      </trkpt>
      <trkpt lat="37.102806" lon="-3.39754">
        <ele>2213.4</ele>
      </trkpt>
      <trkpt lat="37.102773" lon="-3.397505">
        <ele>2213.4</ele>
      </trkpt>
      <trkpt lat="37.10274" lon="-3.397471">
        <ele>2213.8</ele>
      </trkpt>
      <trkpt lat="37.102707" lon="-3.397437">
        <ele>2214.0</ele>
      </trkpt>
      <trkpt lat="37.102673" lon="-3.397403">
        <ele>2214.2</ele>
      </trkpt>
      <trkpt lat="37.102638" lon="-3.397367">
        <ele>2214.4</ele>
      </trkpt>
      <trkpt lat="37.102606" lon="-3.397331">
        <ele>2214.4</ele>
      </trkpt>
      <trkpt lat="37.102573" lon="-3.397294">
        <ele>2214.4</ele>
      </trkpt>
      <trkpt lat="37.102539" lon="-3.397257">
        <ele>2214.6</ele>
      </trkpt>
      <trkpt lat="37.102504" lon="-3.397219">
        <ele>2214.6</ele>
      </trkpt>
      <trkpt lat="37.10247" lon="-3.397181">
        <ele>2215.0</ele>
      </trkpt>
      <trkpt lat="37.102436" lon="-3.397144">
        <ele>2215.4</ele>
      </trkpt>
      <trkpt lat="37.102401" lon="-3.397109">
        <ele>2215.6</ele>
      </trkpt>
      <trkpt lat="37.102366" lon="-3.397073">
        <ele>2215.8</ele>
      </trkpt>
      <trkpt lat="37.102331" lon="-3.397037">
        <ele>2216.2</ele>
      </trkpt>
      <trkpt lat="37.102296" lon="-3.397002">
        <ele>2216.4</ele>
      </trkpt>
      <trkpt lat="37.102261" lon="-3.396966">
        <ele>2216.8</ele>
      </trkpt>
      <trkpt lat="37.102229" lon="-3.396931">
        <ele>2217.0</ele>
      </trkpt>
      <trkpt lat="37.102195" lon="-3.396896">
        <ele>2217.2</ele>
      </trkpt>
      <trkpt lat="37.102161" lon="-3.39686">
        <ele>2217.4</ele>
      </trkpt>
      <trkpt lat="37.102127" lon="-3.396823">
        <ele>2217.4</ele>
      </trkpt>
      <trkpt lat="37.102093" lon="-3.396786">
        <ele>2217.6</ele>
      </trkpt>
      <trkpt lat="37.102059" lon="-3.396748">
        <ele>2217.8</ele>
      </trkpt>
      <trkpt lat="37.102027" lon="-3.39671">
        <ele>2218.0</ele>
      </trkpt>
      <trkpt lat="37.101998" lon="-3.396669">
        <ele>2218.2</ele>
      </trkpt>
      <trkpt lat="37.101971" lon="-3.396628">
        <ele>2218.4</ele>
      </trkpt>
      <trkpt lat="37.101946" lon="-3.396584">
        <ele>2218.6</ele>
      </trkpt>
      <trkpt lat="37.101921" lon="-3.396541">
        <ele>2219.0</ele>
      </trkpt>
      <trkpt lat="37.101898" lon="-3.396497">
        <ele>2219.2</ele>
      </trkpt>
      <trkpt lat="37.101876" lon="-3.396451">
        <ele>2219.8</ele>
      </trkpt>
      <trkpt lat="37.101855" lon="-3.396405">
        <ele>2220.2</ele>
      </trkpt>
      <trkpt lat="37.101836" lon="-3.39636">
        <ele>2220.4</ele>
      </trkpt>
      <trkpt lat="37.101817" lon="-3.396315">
        <ele>2220.6</ele>
      </trkpt>
      <trkpt lat="37.101798" lon="-3.396271">
        <ele>2220.8</ele>
      </trkpt>
      <trkpt lat="37.101779" lon="-3.396226">
        <ele>2221.0</ele>
      </trkpt>
      <trkpt lat="37.101761" lon="-3.396181">
        <ele>2221.2</ele>
      </trkpt>
      <trkpt lat="37.101744" lon="-3.396135">
        <ele>2221.6</ele>
      </trkpt>
      <trkpt lat="37.10173" lon="-3.396088">
        <ele>2222.0</ele>
      </trkpt>
      <trkpt lat="37.101714" lon="-3.39604">
        <ele>2222.2</ele>
      </trkpt>
      <trkpt lat="37.101698" lon="-3.395993">
        <ele>2222.4</ele>
      </trkpt>
      <trkpt lat="37.101681" lon="-3.395945">
        <ele>2222.4</ele>
      </trkpt>
      <trkpt lat="37.101665" lon="-3.395897">
        <ele>2222.6</ele>
      </trkpt>
      <trkpt lat="37.101649" lon="-3.395849">
        <ele>2222.6</ele>
      </trkpt>
      <trkpt lat="37.101632" lon="-3.395803">
        <ele>2223.2</ele>
      </trkpt>
      <trkpt lat="37.101614" lon="-3.395758">
        <ele>2223.4</ele>
      </trkpt>
      <trkpt lat="37.101595" lon="-3.395713">
        <ele>2223.6</ele>
      </trkpt>
      <trkpt lat="37.101578" lon="-3.395667">
        <ele>2223.6</ele>
      </trkpt>
      <trkpt lat="37.101561" lon="-3.395621">
        <ele>2224.0</ele>
      </trkpt>
      <trkpt lat="37.101545" lon="-3.395575">
        <ele>2224.6</ele>
      </trkpt>
      <trkpt lat="37.101529" lon="-3.395529">
        <ele>2225.2</ele>
      </trkpt>
      <trkpt lat="37.101513" lon="-3.395483">
        <ele>2225.6</ele>
      </trkpt>
      <trkpt lat="37.101495" lon="-3.395438">
        <ele>2226.0</ele>
      </trkpt>
      <trkpt lat="37.101476" lon="-3.395394">
        <ele>2226.2</ele>
      </trkpt>
      <trkpt lat="37.101459" lon="-3.395352">
        <ele>2226.4</ele>
      </trkpt>
      <trkpt lat="37.101442" lon="-3.39531">
        <ele>2226.6</ele>
      </trkpt>
      <trkpt lat="37.101425" lon="-3.395269">
        <ele>2226.8</ele>
      </trkpt>
      <trkpt lat="37.10141" lon="-3.395227">
        <ele>2227.6</ele>
      </trkpt>
      <trkpt lat="37.101393" lon="-3.395187">
        <ele>2228.0</ele>
      </trkpt>
      <trkpt lat="37.101373" lon="-3.395147">
        <ele>2228.2</ele>
      </trkpt>
      <trkpt lat="37.101354" lon="-3.395109">
        <ele>2228.6</ele>
      </trkpt>
      <trkpt lat="37.101333" lon="-3.39507">
        <ele>2228.8</ele>
      </trkpt>
      <trkpt lat="37.101313" lon="-3.395032">
        <ele>2229.0</ele>
      </trkpt>
      <trkpt lat="37.101291" lon="-3.394994">
        <ele>2229.4</ele>
      </trkpt>
      <trkpt lat="37.10127" lon="-3.394956">
        <ele>2229.6</ele>
      </trkpt>
      <trkpt lat="37.101247" lon="-3.394919">
        <ele>2229.8</ele>
      </trkpt>
      <trkpt lat="37.101222" lon="-3.394884">
        <ele>2229.8</ele>
      </trkpt>
      <trkpt lat="37.101197" lon="-3.394849">
        <ele>2230.2</ele>
      </trkpt>
      <trkpt lat="37.101173" lon="-3.394812">
        <ele>2230.4</ele>
      </trkpt>
      <trkpt lat="37.101148" lon="-3.394776">
        <ele>2230.6</ele>
      </trkpt>
      <trkpt lat="37.101123" lon="-3.394741">
        <ele>2230.8</ele>
      </trkpt>
      <trkpt lat="37.101098" lon="-3.394705">
        <ele>2231.0</ele>
      </trkpt>
      <trkpt lat="37.101073" lon="-3.394667">
        <ele>2231.2</ele>
      </trkpt>
      <trkpt lat="37.101047" lon="-3.394628">
        <ele>2231.4</ele>
      </trkpt>
      <trkpt lat="37.10102" lon="-3.394591">
        <ele>2231.6</ele>
      </trkpt>
      <trkpt lat="37.100994" lon="-3.394554">
        <ele>2232.0</ele>
      </trkpt>
      <trkpt lat="37.100968" lon="-3.394516">
        <ele>2232.2</ele>
      </trkpt>
      <trkpt lat="37.100945" lon="-3.394477">
        <ele>2232.4</ele>
      </trkpt>
      <trkpt lat="37.100922" lon="-3.394438">
        <ele>2232.6</ele>
      </trkpt>
      <trkpt lat="37.100898" lon="-3.394401">
        <ele>2232.8</ele>
      </trkpt>
      <trkpt lat="37.100872" lon="-3.394365">
        <ele>2233.0</ele>
      </trkpt>
      <trkpt lat="37.100845" lon="-3.394329">
        <ele>2233.2</ele>
      </trkpt>
      <trkpt lat="37.10082" lon="-3.394293">
        <ele>2233.4</ele>
      </trkpt>
      <trkpt lat="37.100795" lon="-3.394258">
        <ele>2233.6</ele>
      </trkpt>
      <trkpt lat="37.10077" lon="-3.394223">
        <ele>2234.4</ele>
      </trkpt>
      <trkpt lat="37.100746" lon="-3.394187">
        <ele>2234.6</ele>
      </trkpt>
      <trkpt lat="37.100721" lon="-3.394154">
        <ele>2234.6</ele>
      </trkpt>
      <trkpt lat="37.100696" lon="-3.39412">
        <ele>2235.0</ele>
      </trkpt>
      <trkpt lat="37.100672" lon="-3.394087">
        <ele>2235.2</ele>
      </trkpt>
      <trkpt lat="37.100648" lon="-3.394054">
        <ele>2235.6</ele>
      </trkpt>
      <trkpt lat="37.100625" lon="-3.394021">
        <ele>2235.8</ele>
      </trkpt>
      <trkpt lat="37.100603" lon="-3.393987">
        <ele>2236.0</ele>
      </trkpt>
      <trkpt lat="37.100581" lon="-3.393953">
        <ele>2236.2</ele>
      </trkpt>
      <trkpt lat="37.10056" lon="-3.393919">
        <ele>2236.6</ele>
      </trkpt>
      <trkpt lat="37.100539" lon="-3.393884">
        <ele>2237.0</ele>
      </trkpt>
      <trkpt lat="37.100518" lon="-3.39385">
        <ele>2237.4</ele>
      </trkpt>
      <trkpt lat="37.100498" lon="-3.393815">
        <ele>2237.8</ele>
      </trkpt>
      <trkpt lat="37.100479" lon="-3.393779">
        <ele>2238.0</ele>
      </trkpt>
      <trkpt lat="37.10046" lon="-3.393744">
        <ele>2238.0</ele>
      </trkpt>
      <trkpt lat="37.100441" lon="-3.393708">
        <ele>2238.2</ele>
      </trkpt>
      <trkpt lat="37.100423" lon="-3.393671">
        <ele>2238.4</ele>
      </trkpt>
      <trkpt lat="37.100406" lon="-3.393633">
        <ele>2238.8</ele>
      </trkpt>
      <trkpt lat="37.10039" lon="-3.393595">
        <ele>2239.2</ele>
      </trkpt>
      <trkpt lat="37.100374" lon="-3.393558">
        <ele>2239.4</ele>
      </trkpt>
      <trkpt lat="37.100358" lon="-3.393521">
        <ele>2239.6</ele>
      </trkpt>
      <trkpt lat="37.100342" lon="-3.393484">
        <ele>2239.8</ele>
      </trkpt>
      <trkpt lat="37.100326" lon="-3.393446">
        <ele>2240.2</ele>
      </trkpt>
      <trkpt lat="37.100312" lon="-3.393408">
        <ele>2240.4</ele>
      </trkpt>
      <trkpt lat="37.100296" lon="-3.39337">
        <ele>2240.6</ele>
      </trkpt>
      <trkpt lat="37.100278" lon="-3.393332">
        <ele>2241.0</ele>
      </trkpt>
      <trkpt lat="37.100264" lon="-3.393296">
        <ele>2241.2</ele>
      </trkpt>
      <trkpt lat="37.100248" lon="-3.393257">
        <ele>2241.8</ele>
      </trkpt>
      <trkpt lat="37.100232" lon="-3.393218">
        <ele>2242.0</ele>
      </trkpt>
      <trkpt lat="37.100215" lon="-3.393179">
        <ele>2242.4</ele>
      </trkpt>
      <trkpt lat="37.100198" lon="-3.393142">
        <ele>2242.8</ele>
      </trkpt>
      <trkpt lat="37.10018" lon="-3.393104">
        <ele>2243.0</ele>
      </trkpt>
      <trkpt lat="37.100161" lon="-3.393066">
        <ele>2243.2</ele>
      </trkpt>
      <trkpt lat="37.100141" lon="-3.393027">
        <ele>2243.4</ele>
      </trkpt>
      <trkpt lat="37.100122" lon="-3.392988">
        <ele>2243.6</ele>
      </trkpt>
      <trkpt lat="37.100102" lon="-3.392951">
        <ele>2244.0</ele>
      </trkpt>
      <trkpt lat="37.100082" lon="-3.392913">
        <ele>2244.2</ele>
      </trkpt>
      <trkpt lat="37.100061" lon="-3.392876">
        <ele>2244.4</ele>
      </trkpt>
      <trkpt lat="37.100039" lon="-3.39284">
        <ele>2244.8</ele>
      </trkpt>
      <trkpt lat="37.100019" lon="-3.392803">
        <ele>2245.2</ele>
      </trkpt>
      <trkpt lat="37.1" lon="-3.392766">
        <ele>2245.4</ele>
      </trkpt>
      <trkpt lat="37.099979" lon="-3.392731">
        <ele>2245.6</ele>
      </trkpt>
      <trkpt lat="37.099958" lon="-3.392695">
        <ele>2245.8</ele>
      </trkpt>
      <trkpt lat="37.099938" lon="-3.39266">
        <ele>2246.2</ele>
      </trkpt>
      <trkpt lat="37.099916" lon="-3.392626">
        <ele>2246.4</ele>
      </trkpt>
      <trkpt lat="37.099894" lon="-3.392591">
        <ele>2246.6</ele>
      </trkpt>
      <trkpt lat="37.099872" lon="-3.392557">
        <ele>2246.8</ele>
      </trkpt>
      <trkpt lat="37.099851" lon="-3.392521">
        <ele>2247.0</ele>
      </trkpt>
      <trkpt lat="37.09983" lon="-3.392486">
        <ele>2247.2</ele>
      </trkpt>
      <trkpt lat="37.099809" lon="-3.392453">
        <ele>2247.2</ele>
      </trkpt>
      <trkpt lat="37.099789" lon="-3.392417">
        <ele>2247.6</ele>
      </trkpt>
      <trkpt lat="37.099769" lon="-3.392382">
        <ele>2247.8</ele>
      </trkpt>
      <trkpt lat="37.099749" lon="-3.392348">
        <ele>2248.2</ele>
      </trkpt>
      <trkpt lat="37.09973" lon="-3.392315">
        <ele>2248.6</ele>
      </trkpt>
      <trkpt lat="37.099709" lon="-3.39228">
        <ele>2249.0</ele>
      </trkpt>
      <trkpt lat="37.099689" lon="-3.392245">
        <ele>2249.2</ele>
      </trkpt>
      <trkpt lat="37.099668" lon="-3.392211">
        <ele>2249.4</ele>
      </trkpt>
      <trkpt lat="37.099649" lon="-3.392176">
        <ele>2249.6</ele>
      </trkpt>
      <trkpt lat="37.09963" lon="-3.392142">
        <ele>2249.8</ele>
      </trkpt>
      <trkpt lat="37.099612" lon="-3.392108">
        <ele>2250.0</ele>
      </trkpt>
      <trkpt lat="37.099593" lon="-3.392075">
        <ele>2250.4</ele>
      </trkpt>
      <trkpt lat="37.099574" lon="-3.39204">
        <ele>2250.8</ele>
      </trkpt>
      <trkpt lat="37.099554" lon="-3.392003">
        <ele>2251.2</ele>
      </trkpt>
      <trkpt lat="37.099534" lon="-3.391966">
        <ele>2251.2</ele>
      </trkpt>
      <trkpt lat="37.099517" lon="-3.391924">
        <ele>2251.6</ele>
      </trkpt>
      <trkpt lat="37.099501" lon="-3.391881">
        <ele>2251.8</ele>
      </trkpt>
      <trkpt lat="37.099483" lon="-3.391841">
        <ele>2252.0</ele>
      </trkpt>
      <trkpt lat="37.099461" lon="-3.391804">
        <ele>2252.2</ele>
      </trkpt>
      <trkpt lat="37.099439" lon="-3.391766">
        <ele>2252.4</ele>
      </trkpt>
      <trkpt lat="37.099418" lon="-3.391727">
        <ele>2252.6</ele>
      </trkpt>
      <trkpt lat="37.099398" lon="-3.391689">
        <ele>2253.0</ele>
      </trkpt>
      <trkpt lat="37.099379" lon="-3.391649">
        <ele>2253.4</ele>
      </trkpt>
      <trkpt lat="37.099359" lon="-3.39161">
        <ele>2253.6</ele>
      </trkpt>
      <trkpt lat="37.099337" lon="-3.391574">
        <ele>2253.8</ele>
      </trkpt>
      <trkpt lat="37.099312" lon="-3.39154">
        <ele>2254.0</ele>
      </trkpt>
      <trkpt lat="37.099285" lon="-3.391507">
        <ele>2254.0</ele>
      </trkpt>
      <trkpt lat="37.099257" lon="-3.391476">
        <ele>2254.0</ele>
      </trkpt>
      <trkpt lat="37.099228" lon="-3.391446">
        <ele>2254.0</ele>
      </trkpt>
      <trkpt lat="37.099196" lon="-3.391418">
        <ele>2254.0</ele>
      </trkpt>
      <trkpt lat="37.099165" lon="-3.39139">
        <ele>2254.2</ele>
      </trkpt>
      <trkpt lat="37.099134" lon="-3.391364">
        <ele>2254.4</ele>
      </trkpt>
      <trkpt lat="37.099102" lon="-3.391339">
        <ele>2254.8</ele>
      </trkpt>
      <trkpt lat="37.099071" lon="-3.391314">
        <ele>2255.2</ele>
      </trkpt>
      <trkpt lat="37.099039" lon="-3.391289">
        <ele>2255.4</ele>
      </trkpt>
      <trkpt lat="37.099008" lon="-3.391266">
        <ele>2255.6</ele>
      </trkpt>
      <trkpt lat="37.098978" lon="-3.391245">
        <ele>2255.8</ele>
      </trkpt>
      <trkpt lat="37.098946" lon="-3.391224">
        <ele>2256.0</ele>
      </trkpt>
      <trkpt lat="37.098915" lon="-3.391202">
        <ele>2256.4</ele>
      </trkpt>
      <trkpt lat="37.098884" lon="-3.391181">
        <ele>2256.6</ele>
      </trkpt>
      <trkpt lat="37.098852" lon="-3.391163">
        <ele>2256.8</ele>
      </trkpt>
      <trkpt lat="37.098817" lon="-3.391145">
        <ele>2257.0</ele>
      </trkpt>
      <trkpt lat="37.098787" lon="-3.391121">
        <ele>2257.4</ele>
      </trkpt>
      <trkpt lat="37.098758" lon="-3.391094">
        <ele>2257.4</ele>
      </trkpt>
      <trkpt lat="37.098728" lon="-3.391068">
        <ele>2257.8</ele>
      </trkpt>
      <trkpt lat="37.098698" lon="-3.391045">
        <ele>2258.0</ele>
      </trkpt>
      <trkpt lat="37.098668" lon="-3.391021">
        <ele>2258.2</ele>
      </trkpt>
      <trkpt lat="37.098639" lon="-3.390999">
        <ele>2258.2</ele>
      </trkpt>
      <trkpt lat="37.09861" lon="-3.390976">
        <ele>2258.6</ele>
      </trkpt>
      <trkpt lat="37.098586" lon="-3.390956">
        <ele>2259.0</ele>
      </trkpt>
      <trkpt lat="37.098554" lon="-3.390932">
        <ele>2259.4</ele>
      </trkpt>
      <trkpt lat="37.098517" lon="-3.390905">
        <ele>2259.8</ele>
      </trkpt>
      <trkpt lat="37.098486" lon="-3.390882">
        <ele>2260.0</ele>
      </trkpt>
      <trkpt lat="37.098455" lon="-3.390859">
        <ele>2260.4</ele>
      </trkpt>
      <trkpt lat="37.098423" lon="-3.390836">
        <ele>2260.6</ele>
      </trkpt>
      <trkpt lat="37.098392" lon="-3.390813">
        <ele>2260.8</ele>
      </trkpt>
      <trkpt lat="37.09836" lon="-3.39079">
        <ele>2261.0</ele>
      </trkpt>
      <trkpt lat="37.098329" lon="-3.390767">
        <ele>2261.4</ele>
      </trkpt>
      <trkpt lat="37.098298" lon="-3.390744">
        <ele>2261.4</ele>
      </trkpt>
      <trkpt lat="37.098266" lon="-3.390722">
        <ele>2261.4</ele>
      </trkpt>
      <trkpt lat="37.098235" lon="-3.390702">
        <ele>2261.4</ele>
      </trkpt>
      <trkpt lat="37.098203" lon="-3.390678">
        <ele>2261.6</ele>
      </trkpt>
      <trkpt lat="37.098171" lon="-3.390655">
        <ele>2262.0</ele>
      </trkpt>
      <trkpt lat="37.098139" lon="-3.390632">
        <ele>2262.2</ele>
      </trkpt>
      <trkpt lat="37.098107" lon="-3.390611">
        <ele>2262.4</ele>
      </trkpt>
      <trkpt lat="37.098074" lon="-3.390589">
        <ele>2262.4</ele>
      </trkpt>
      <trkpt lat="37.098041" lon="-3.390567">
        <ele>2262.6</ele>
      </trkpt>
      <trkpt lat="37.098009" lon="-3.390546">
        <ele>2263.0</ele>
      </trkpt>
      <trkpt lat="37.097978" lon="-3.390526">
        <ele>2263.2</ele>
      </trkpt>
      <trkpt lat="37.097946" lon="-3.390503">
        <ele>2263.6</ele>
      </trkpt>
      <trkpt lat="37.097914" lon="-3.390481">
        <ele>2263.8</ele>
      </trkpt>
      <trkpt lat="37.097882" lon="-3.39046">
        <ele>2264.0</ele>
      </trkpt>
      <trkpt lat="37.097849" lon="-3.390438">
        <ele>2264.2</ele>
      </trkpt>
      <trkpt lat="37.097818" lon="-3.390417">
        <ele>2264.4</ele>
      </trkpt>
      <trkpt lat="37.097787" lon="-3.390395">
        <ele>2264.8</ele>
      </trkpt>
      <trkpt lat="37.097757" lon="-3.390374">
        <ele>2265.2</ele>
      </trkpt>
      <trkpt lat="37.097726" lon="-3.390354">
        <ele>2265.4</ele>
      </trkpt>
      <trkpt lat="37.097693" lon="-3.390333">
        <ele>2265.6</ele>
      </trkpt>
      <trkpt lat="37.09766" lon="-3.390312">
        <ele>2266.0</ele>
      </trkpt>
      <trkpt lat="37.097625" lon="-3.390288">
        <ele>2266.0</ele>
      </trkpt>
      <trkpt lat="37.097593" lon="-3.390264">
        <ele>2266.2</ele>
      </trkpt>
      <trkpt lat="37.097561" lon="-3.390241">
        <ele>2266.4</ele>
      </trkpt>
      <trkpt lat="37.097529" lon="-3.390217">
        <ele>2266.6</ele>
      </trkpt>
      <trkpt lat="37.097499" lon="-3.390193">
        <ele>2267.0</ele>
      </trkpt>
      <trkpt lat="37.097469" lon="-3.390169">
        <ele>2267.2</ele>
      </trkpt>
      <trkpt lat="37.09744" lon="-3.390143">
        <ele>2267.6</ele>
      </trkpt>
      <trkpt lat="37.097413" lon="-3.390117">
        <ele>2268.0</ele>
      </trkpt>
      <trkpt lat="37.097385" lon="-3.39009">
        <ele>2268.0</ele>
      </trkpt>
      <trkpt lat="37.097356" lon="-3.390063">
        <ele>2268.2</ele>
      </trkpt>
      <trkpt lat="37.097328" lon="-3.390034">
        <ele>2268.4</ele>
      </trkpt>
      <trkpt lat="37.097301" lon="-3.390004">
        <ele>2268.4</ele>
      </trkpt>
      <trkpt lat="37.097273" lon="-3.389976">
        <ele>2268.6</ele>
      </trkpt>
      <trkpt lat="37.097245" lon="-3.389947">
        <ele>2269.2</ele>
      </trkpt>
      <trkpt lat="37.097217" lon="-3.389917">
        <ele>2269.4</ele>
      </trkpt>
      <trkpt lat="37.097189" lon="-3.389888">
        <ele>2269.8</ele>
      </trkpt>
      <trkpt lat="37.09716" lon="-3.389859">
        <ele>2270.2</ele>
      </trkpt>
      <trkpt lat="37.097132" lon="-3.389828">
        <ele>2270.6</ele>
      </trkpt>
      <trkpt lat="37.097104" lon="-3.389798">
        <ele>2270.8</ele>
      </trkpt>
      <trkpt lat="37.097077" lon="-3.389769">
        <ele>2271.0</ele>
      </trkpt>
      <trkpt lat="37.097049" lon="-3.38974">
        <ele>2271.0</ele>
      </trkpt>
      <trkpt lat="37.097023" lon="-3.38971">
        <ele>2271.2</ele>
      </trkpt>
      <trkpt lat="37.096995" lon="-3.389679">
        <ele>2271.4</ele>
      </trkpt>
      <trkpt lat="37.096967" lon="-3.389649">
        <ele>2271.6</ele>
      </trkpt>
      <trkpt lat="37.096941" lon="-3.389617">
        <ele>2271.8</ele>
      </trkpt>
      <trkpt lat="37.096916" lon="-3.389584">
        <ele>2272.0</ele>
      </trkpt>
      <trkpt lat="37.09689" lon="-3.389551">
        <ele>2272.2</ele>
      </trkpt>
      <trkpt lat="37.096866" lon="-3.389517">
        <ele>2272.4</ele>
      </trkpt>
      <trkpt lat="37.096843" lon="-3.389482">
        <ele>2272.6</ele>
      </trkpt>
      <trkpt lat="37.09682" lon="-3.389446">
        <ele>2273.0</ele>
      </trkpt>
      <trkpt lat="37.096797" lon="-3.389411">
        <ele>2273.2</ele>
      </trkpt>
      <trkpt lat="37.096776" lon="-3.389375">
        <ele>2273.6</ele>
      </trkpt>
      <trkpt lat="37.096754" lon="-3.389339">
        <ele>2273.8</ele>
      </trkpt>
      <trkpt lat="37.096733" lon="-3.389301">
        <ele>2274.0</ele>
      </trkpt>
      <trkpt lat="37.096712" lon="-3.389264">
        <ele>2274.2</ele>
      </trkpt>
      <trkpt lat="37.096691" lon="-3.389227">
        <ele>2274.6</ele>
      </trkpt>
      <trkpt lat="37.096668" lon="-3.389192">
        <ele>2274.8</ele>
      </trkpt>
      <trkpt lat="37.096644" lon="-3.389159">
        <ele>2275.2</ele>
      </trkpt>
      <trkpt lat="37.09662" lon="-3.389125">
        <ele>2275.4</ele>
      </trkpt>
      <trkpt lat="37.096595" lon="-3.389092">
        <ele>2275.6</ele>
      </trkpt>
      <trkpt lat="37.096571" lon="-3.389059">
        <ele>2275.8</ele>
      </trkpt>
      <trkpt lat="37.096546" lon="-3.389027">
        <ele>2275.8</ele>
      </trkpt>
      <trkpt lat="37.096519" lon="-3.388996">
        <ele>2276.4</ele>
      </trkpt>
      <trkpt lat="37.096492" lon="-3.388969">
        <ele>2277.0</ele>
      </trkpt>
      <trkpt lat="37.096462" lon="-3.388946">
        <ele>2277.4</ele>
      </trkpt>
      <trkpt lat="37.09643" lon="-3.388928">
        <ele>2277.6</ele>
      </trkpt>
      <trkpt lat="37.096397" lon="-3.388913">
        <ele>2277.8</ele>
      </trkpt>
      <trkpt lat="37.096362" lon="-3.388899">
        <ele>2278.0</ele>
      </trkpt>
      <trkpt lat="37.096327" lon="-3.388888">
        <ele>2278.6</ele>
      </trkpt>
      <trkpt lat="37.096291" lon="-3.388881">
        <ele>2278.8</ele>
      </trkpt>
      <trkpt lat="37.096253" lon="-3.388877">
        <ele>2279.0</ele>
      </trkpt>
      <trkpt lat="37.096214" lon="-3.388874">
        <ele>2279.2</ele>
      </trkpt>
      <trkpt lat="37.096176" lon="-3.388873">
        <ele>2279.2</ele>
      </trkpt>
      <trkpt lat="37.096137" lon="-3.388872">
        <ele>2279.6</ele>
      </trkpt>
      <trkpt lat="37.096099" lon="-3.38887">
        <ele>2279.8</ele>
      </trkpt>
      <trkpt lat="37.096063" lon="-3.388868">
        <ele>2280.2</ele>
      </trkpt>
      <trkpt lat="37.096026" lon="-3.388865">
        <ele>2280.4</ele>
      </trkpt>
      <trkpt lat="37.09599" lon="-3.388863">
        <ele>2280.6</ele>
      </trkpt>
      <trkpt lat="37.095954" lon="-3.388861">
        <ele>2281.0</ele>
      </trkpt>
      <trkpt lat="37.095918" lon="-3.388858">
        <ele>2281.4</ele>
      </trkpt>
      <trkpt lat="37.095881" lon="-3.388857">
        <ele>2281.8</ele>
      </trkpt>
      <trkpt lat="37.095846" lon="-3.388855">
        <ele>2282.0</ele>
      </trkpt>
      <trkpt lat="37.095811" lon="-3.388854">
        <ele>2282.2</ele>
      </trkpt>
      <trkpt lat="37.095776" lon="-3.388858">
        <ele>2282.4</ele>
      </trkpt>
      <trkpt lat="37.095741" lon="-3.388867">
        <ele>2282.6</ele>
      </trkpt>
      <trkpt lat="37.095706" lon="-3.388877">
        <ele>2282.8</ele>
      </trkpt>
      <trkpt lat="37.09567" lon="-3.388881">
        <ele>2283.4</ele>
      </trkpt>
      <trkpt lat="37.095636" lon="-3.388882">
        <ele>2283.6</ele>
      </trkpt>
      <trkpt lat="37.095602" lon="-3.388881">
        <ele>2284.2</ele>
      </trkpt>
      <trkpt lat="37.095568" lon="-3.388874">
        <ele>2284.4</ele>
      </trkpt>
      <trkpt lat="37.095535" lon="-3.388865">
        <ele>2284.6</ele>
      </trkpt>
      <trkpt lat="37.095501" lon="-3.388853">
        <ele>2284.8</ele>
      </trkpt>
      <trkpt lat="37.095469" lon="-3.388841">
        <ele>2285.0</ele>
      </trkpt>
      <trkpt lat="37.095437" lon="-3.388824">
        <ele>2285.2</ele>
      </trkpt>
      <trkpt lat="37.095407" lon="-3.388807">
        <ele>2285.6</ele>
      </trkpt>
      <trkpt lat="37.095376" lon="-3.388788">
        <ele>2285.8</ele>
      </trkpt>
      <trkpt lat="37.095346" lon="-3.38877">
        <ele>2286.0</ele>
      </trkpt>
      <trkpt lat="37.095316" lon="-3.38875">
        <ele>2286.2</ele>
      </trkpt>
      <trkpt lat="37.095287" lon="-3.38873">
        <ele>2286.6</ele>
      </trkpt>
      <trkpt lat="37.095256" lon="-3.388709">
        <ele>2286.8</ele>
      </trkpt>
      <trkpt lat="37.095226" lon="-3.388689">
        <ele>2287.2</ele>
      </trkpt>
      <trkpt lat="37.095197" lon="-3.38867">
        <ele>2287.6</ele>
      </trkpt>
      <trkpt lat="37.095167" lon="-3.38865">
        <ele>2288.0</ele>
      </trkpt>
      <trkpt lat="37.095136" lon="-3.38863">
        <ele>2288.2</ele>
      </trkpt>
      <trkpt lat="37.095106" lon="-3.388611">
        <ele>2288.4</ele>
      </trkpt>
      <trkpt lat="37.095075" lon="-3.388595">
        <ele>2288.6</ele>
      </trkpt>
      <trkpt lat="37.095044" lon="-3.38858">
        <ele>2288.8</ele>
      </trkpt>
      <trkpt lat="37.095013" lon="-3.388567">
        <ele>2289.2</ele>
      </trkpt>
      <trkpt lat="37.094981" lon="-3.388554">
        <ele>2289.4</ele>
      </trkpt>
      <trkpt lat="37.094949" lon="-3.388542">
        <ele>2289.6</ele>
      </trkpt>
      <trkpt lat="37.094917" lon="-3.388531">
        <ele>2289.8</ele>
      </trkpt>
      <trkpt lat="37.094883" lon="-3.388521">
        <ele>2290.2</ele>
      </trkpt>
      <trkpt lat="37.09485" lon="-3.388511">
        <ele>2290.6</ele>
      </trkpt>
      <trkpt lat="37.094816" lon="-3.388501">
        <ele>2290.8</ele>
      </trkpt>
      <trkpt lat="37.094782" lon="-3.388493">
        <ele>2291.0</ele>
      </trkpt>
      <trkpt lat="37.094747" lon="-3.388486">
        <ele>2291.4</ele>
      </trkpt>
      <trkpt lat="37.094712" lon="-3.388479">
        <ele>2291.6</ele>
      </trkpt>
      <trkpt lat="37.094678" lon="-3.388472">
        <ele>2291.8</ele>
      </trkpt>
      <trkpt lat="37.094642" lon="-3.388465">
        <ele>2292.2</ele>
      </trkpt>
      <trkpt lat="37.094606" lon="-3.388459">
        <ele>2292.4</ele>
      </trkpt>
      <trkpt lat="37.094571" lon="-3.388454">
        <ele>2292.6</ele>
      </trkpt>
      <trkpt lat="37.094537" lon="-3.38845">
        <ele>2292.8</ele>
      </trkpt>
      <trkpt lat="37.094502" lon="-3.388446">
        <ele>2293.2</ele>
      </trkpt>
      <trkpt lat="37.094467" lon="-3.388442">
        <ele>2293.6</ele>
      </trkpt>
      <trkpt lat="37.094433" lon="-3.388438">
        <ele>2293.8</ele>
      </trkpt>
      <trkpt lat="37.094398" lon="-3.388434">
        <ele>2293.8</ele>
      </trkpt>
      <trkpt lat="37.094364" lon="-3.388435">
        <ele>2294.0</ele>
      </trkpt>
      <trkpt lat="37.094329" lon="-3.38844">
        <ele>2294.0</ele>
      </trkpt>
      <trkpt lat="37.094293" lon="-3.388445">
        <ele>2294.0</ele>
      </trkpt>
      <trkpt lat="37.094256" lon="-3.388448">
        <ele>2294.2</ele>
      </trkpt>
      <trkpt lat="37.09422" lon="-3.388449">
        <ele>2294.6</ele>
      </trkpt>
      <trkpt lat="37.094182" lon="-3.388451">
        <ele>2295.0</ele>
      </trkpt>
      <trkpt lat="37.094145" lon="-3.388452">
        <ele>2295.6</ele>
      </trkpt>
      <trkpt lat="37.094106" lon="-3.388455">
        <ele>2295.8</ele>
      </trkpt>
      <trkpt lat="37.094068" lon="-3.388459">
        <ele>2295.8</ele>
      </trkpt>
      <trkpt lat="37.094029" lon="-3.388463">
        <ele>2296.2</ele>
      </trkpt>
      <trkpt lat="37.093988" lon="-3.388467">
        <ele>2296.4</ele>
      </trkpt>
      <trkpt lat="37.093948" lon="-3.388473">
        <ele>2296.6</ele>
      </trkpt>
      <trkpt lat="37.09391" lon="-3.388479">
        <ele>2297.0</ele>
      </trkpt>
      <trkpt lat="37.09387" lon="-3.388485">
        <ele>2297.2</ele>
      </trkpt>
      <trkpt lat="37.093831" lon="-3.388491">
        <ele>2297.4</ele>
      </trkpt>
      <trkpt lat="37.093793" lon="-3.388495">
        <ele>2297.6</ele>
      </trkpt>
      <trkpt lat="37.093755" lon="-3.388498">
        <ele>2297.8</ele>
      </trkpt>
      <trkpt lat="37.093716" lon="-3.388501">
        <ele>2297.8</ele>
      </trkpt>
      <trkpt lat="37.093677" lon="-3.388504">
        <ele>2298.2</ele>
      </trkpt>
      <trkpt lat="37.093637" lon="-3.388509">
        <ele>2298.6</ele>
      </trkpt>
      <trkpt lat="37.093597" lon="-3.388514">
        <ele>2298.8</ele>
      </trkpt>
      <trkpt lat="37.093558" lon="-3.388513">
        <ele>2299.0</ele>
      </trkpt>
      <trkpt lat="37.093519" lon="-3.388509">
        <ele>2299.4</ele>
      </trkpt>
      <trkpt lat="37.093481" lon="-3.388505">
        <ele>2299.6</ele>
      </trkpt>
      <trkpt lat="37.093444" lon="-3.388501">
        <ele>2299.8</ele>
      </trkpt>
      <trkpt lat="37.093407" lon="-3.388494">
        <ele>2300.0</ele>
      </trkpt>
      <trkpt lat="37.093369" lon="-3.388484">
        <ele>2300.4</ele>
      </trkpt>
      <trkpt lat="37.093332" lon="-3.388473">
        <ele>2300.6</ele>
      </trkpt>
      <trkpt lat="37.093295" lon="-3.388462">
        <ele>2300.8</ele>
      </trkpt>
      <trkpt lat="37.093258" lon="-3.38845">
        <ele>2301.0</ele>
      </trkpt>
      <trkpt lat="37.093221" lon="-3.388437">
        <ele>2301.2</ele>
      </trkpt>
      <trkpt lat="37.093186" lon="-3.38842">
        <ele>2301.6</ele>
      </trkpt>
      <trkpt lat="37.093151" lon="-3.388401">
        <ele>2301.8</ele>
      </trkpt>
      <trkpt lat="37.093117" lon="-3.388384">
        <ele>2301.8</ele>
      </trkpt>
      <trkpt lat="37.093084" lon="-3.388367">
        <ele>2302.2</ele>
      </trkpt>
      <trkpt lat="37.09305" lon="-3.388352">
        <ele>2302.6</ele>
      </trkpt>
      <trkpt lat="37.093016" lon="-3.388341">
        <ele>2303.0</ele>
      </trkpt>
      <trkpt lat="37.092982" lon="-3.388332">
        <ele>2303.0</ele>
      </trkpt>
      <trkpt lat="37.092947" lon="-3.388324">
        <ele>2303.4</ele>
      </trkpt>
      <trkpt lat="37.092914" lon="-3.388314">
        <ele>2303.6</ele>
      </trkpt>
      <trkpt lat="37.092881" lon="-3.388301">
        <ele>2303.8</ele>
      </trkpt>
      <trkpt lat="37.092846" lon="-3.388288">
        <ele>2304.0</ele>
      </trkpt>
      <trkpt lat="37.092812" lon="-3.388276">
        <ele>2304.0</ele>
      </trkpt>
      <trkpt lat="37.092778" lon="-3.388262">
        <ele>2304.2</ele>
      </trkpt>
      <trkpt lat="37.092744" lon="-3.388247">
        <ele>2304.6</ele>
      </trkpt>
      <trkpt lat="37.09271" lon="-3.38823">
        <ele>2304.8</ele>
      </trkpt>
      <trkpt lat="37.092676" lon="-3.388215">
        <ele>2304.8</ele>
      </trkpt>
      <trkpt lat="37.092642" lon="-3.3882">
        <ele>2305.2</ele>
      </trkpt>
      <trkpt lat="37.092608" lon="-3.388184">
        <ele>2305.2</ele>
      </trkpt>
      <trkpt lat="37.092573" lon="-3.388168">
        <ele>2305.6</ele>
      </trkpt>
      <trkpt lat="37.092539" lon="-3.388151">
        <ele>2305.8</ele>
      </trkpt>
      <trkpt lat="37.092504" lon="-3.388135">
        <ele>2306.2</ele>
      </trkpt>
      <trkpt lat="37.092469" lon="-3.388119">
        <ele>2306.4</ele>
      </trkpt>
      <trkpt lat="37.092434" lon="-3.388103">
        <ele>2306.8</ele>
      </trkpt>
      <trkpt lat="37.0924" lon="-3.388087">
        <ele>2307.0</ele>
      </trkpt>
      <trkpt lat="37.092367" lon="-3.388071">
        <ele>2307.2</ele>
      </trkpt>
      <trkpt lat="37.092332" lon="-3.388059">
        <ele>2307.4</ele>
      </trkpt>
      <trkpt lat="37.092298" lon="-3.388049">
        <ele>2307.6</ele>
      </trkpt>
      <trkpt lat="37.092264" lon="-3.388038">
        <ele>2307.6</ele>
      </trkpt>
      <trkpt lat="37.09223" lon="-3.388025">
        <ele>2308.0</ele>
      </trkpt>
      <trkpt lat="37.092197" lon="-3.388011">
        <ele>2308.2</ele>
      </trkpt>
      <trkpt lat="37.092163" lon="-3.387998">
        <ele>2308.6</ele>
      </trkpt>
      <trkpt lat="37.092131" lon="-3.387984">
        <ele>2309.0</ele>
      </trkpt>
      <trkpt lat="37.092099" lon="-3.387968">
        <ele>2309.2</ele>
      </trkpt>
      <trkpt lat="37.092069" lon="-3.387946">
        <ele>2309.4</ele>
      </trkpt>
      <trkpt lat="37.092042" lon="-3.387919">
        <ele>2309.8</ele>
      </trkpt>
      <trkpt lat="37.092017" lon="-3.387889">
        <ele>2309.8</ele>
      </trkpt>
      <trkpt lat="37.091996" lon="-3.387854">
        <ele>2310.2</ele>
      </trkpt>
      <trkpt lat="37.091985" lon="-3.387814">
        <ele>2310.6</ele>
      </trkpt>
      <trkpt lat="37.091985" lon="-3.387771">
        <ele>2310.8</ele>
      </trkpt>
      <trkpt lat="37.091992" lon="-3.387731">
        <ele>2311.2</ele>
      </trkpt>
      <trkpt lat="37.092007" lon="-3.387695">
        <ele>2311.4</ele>
      </trkpt>
      <trkpt lat="37.092027" lon="-3.387663">
        <ele>2312.2</ele>
      </trkpt>
      <trkpt lat="37.09205" lon="-3.387634">
        <ele>2313.0</ele>
      </trkpt>
      <trkpt lat="37.092074" lon="-3.38761">
        <ele>2313.6</ele>
      </trkpt>
      <trkpt lat="37.092103" lon="-3.387591">
        <ele>2314.0</ele>
      </trkpt>
      <trkpt lat="37.092134" lon="-3.387575">
        <ele>2314.2</ele>
      </trkpt>
      <trkpt lat="37.092171" lon="-3.387568">
        <ele>2314.6</ele>
      </trkpt>
      <trkpt lat="37.092211" lon="-3.38757">
        <ele>2315.0</ele>
      </trkpt>
      <trkpt lat="37.09225" lon="-3.387578">
        <ele>2315.2</ele>
      </trkpt>
      <trkpt lat="37.092294" lon="-3.387591">
        <ele>2315.6</ele>
      </trkpt>
      <trkpt lat="37.092339" lon="-3.387604">
        <ele>2315.8</ele>
      </trkpt>
      <trkpt lat="37.092383" lon="-3.387616">
        <ele>2316.2</ele>
      </trkpt>
      <trkpt lat="37.092429" lon="-3.387628">
        <ele>2316.4</ele>
      </trkpt>
      <trkpt lat="37.092474" lon="-3.387638">
        <ele>2316.4</ele>
      </trkpt>
      <trkpt lat="37.092519" lon="-3.387647">
        <ele>2316.6</ele>
      </trkpt>
      <trkpt lat="37.092563" lon="-3.387654">
        <ele>2316.8</ele>
      </trkpt>
      <trkpt lat="37.092605" lon="-3.38766">
        <ele>2317.2</ele>
      </trkpt>
      <trkpt lat="37.092648" lon="-3.387664">
        <ele>2317.4</ele>
      </trkpt>
      <trkpt lat="37.092689" lon="-3.387663">
        <ele>2317.8</ele>
      </trkpt>
      <trkpt lat="37.09273" lon="-3.387663">
        <ele>2318.0</ele>
      </trkpt>
      <trkpt lat="37.092771" lon="-3.387663">
        <ele>2318.2</ele>
      </trkpt>
      <trkpt lat="37.092813" lon="-3.387664">
        <ele>2318.6</ele>
      </trkpt>
      <trkpt lat="37.092854" lon="-3.387663">
        <ele>2318.8</ele>
      </trkpt>
      <trkpt lat="37.092894" lon="-3.387659">
        <ele>2318.8</ele>
      </trkpt>
      <trkpt lat="37.092933" lon="-3.387651">
        <ele>2319.0</ele>
      </trkpt>
      <trkpt lat="37.092972" lon="-3.387641">
        <ele>2319.0</ele>
      </trkpt>
      <trkpt lat="37.093008" lon="-3.387632">
        <ele>2319.0</ele>
      </trkpt>
      <trkpt lat="37.093044" lon="-3.38762">
        <ele>2319.4</ele>
      </trkpt>
      <trkpt lat="37.09308" lon="-3.387607">
        <ele>2319.6</ele>
      </trkpt>
      <trkpt lat="37.093115" lon="-3.387593">
        <ele>2320.0</ele>
      </trkpt>
      <trkpt lat="37.093149" lon="-3.387578">
        <ele>2320.4</ele>
      </trkpt>
      <trkpt lat="37.093182" lon="-3.387562">
        <ele>2321.0</ele>
      </trkpt>
      <trkpt lat="37.093215" lon="-3.387544">
        <ele>2321.2</ele>
      </trkpt>
      <trkpt lat="37.093248" lon="-3.387526">
        <ele>2321.4</ele>
      </trkpt>
      <trkpt lat="37.093281" lon="-3.387506">
        <ele>2321.6</ele>
      </trkpt>
      <trkpt lat="37.093313" lon="-3.387487">
        <ele>2322.0</ele>
      </trkpt>
      <trkpt lat="37.093344" lon="-3.387468">
        <ele>2321.8</ele>
      </trkpt>
      <trkpt lat="37.093375" lon="-3.387448">
        <ele>2322.2</ele>
      </trkpt>
      <trkpt lat="37.093406" lon="-3.387423">
        <ele>2322.4</ele>
      </trkpt>
      <trkpt lat="37.093436" lon="-3.387396">
        <ele>2323.0</ele>
      </trkpt>
      <trkpt lat="37.093467" lon="-3.387372">
        <ele>2323.2</ele>
      </trkpt>
      <trkpt lat="37.093498" lon="-3.387347">
        <ele>2323.4</ele>
      </trkpt>
      <trkpt lat="37.093528" lon="-3.387319">
        <ele>2323.6</ele>
      </trkpt>
      <trkpt lat="37.09356" lon="-3.387291">
        <ele>2323.8</ele>
      </trkpt>
      <trkpt lat="37.093591" lon="-3.387261">
        <ele>2324.0</ele>
      </trkpt>
      <trkpt lat="37.093622" lon="-3.387232">
        <ele>2324.2</ele>
      </trkpt>
      <trkpt lat="37.093652" lon="-3.387201">
        <ele>2324.6</ele>
      </trkpt>
      <trkpt lat="37.09368" lon="-3.38717">
        <ele>2324.6</ele>
      </trkpt>
      <trkpt lat="37.093707" lon="-3.387138">
        <ele>2325.0</ele>
      </trkpt>
      <trkpt lat="37.093732" lon="-3.387103">
        <ele>2325.2</ele>
      </trkpt>
      <trkpt lat="37.093755" lon="-3.387067">
        <ele>2325.4</ele>
      </trkpt>
      <trkpt lat="37.093776" lon="-3.387028">
        <ele>2325.4</ele>
      </trkpt>
      <trkpt lat="37.093791" lon="-3.386986">
        <ele>2325.6</ele>
      </trkpt>
      <trkpt lat="37.093803" lon="-3.386942">
        <ele>2325.8</ele>
      </trkpt>
      <trkpt lat="37.093811" lon="-3.386897">
        <ele>2326.0</ele>
      </trkpt>
      <trkpt lat="37.093817" lon="-3.386851">
        <ele>2326.2</ele>
      </trkpt>
      <trkpt lat="37.093818" lon="-3.386804">
        <ele>2326.6</ele>
      </trkpt>
      <trkpt lat="37.093816" lon="-3.38676">
        <ele>2327.0</ele>
      </trkpt>
      <trkpt lat="37.093811" lon="-3.386715">
        <ele>2327.4</ele>
      </trkpt>
      <trkpt lat="37.093804" lon="-3.386671">
        <ele>2327.6</ele>
      </trkpt>
      <trkpt lat="37.093797" lon="-3.386628">
        <ele>2328.0</ele>
      </trkpt>
      <trkpt lat="37.093791" lon="-3.386584">
        <ele>2328.2</ele>
      </trkpt>
      <trkpt lat="37.093786" lon="-3.38654">
        <ele>2328.6</ele>
      </trkpt>
      <trkpt lat="37.093781" lon="-3.386496">
        <ele>2328.8</ele>
      </trkpt>
      <trkpt lat="37.093775" lon="-3.386452">
        <ele>2329.2</ele>
      </trkpt>
      <trkpt lat="37.093768" lon="-3.386409">
        <ele>2329.4</ele>
      </trkpt>
      <trkpt lat="37.093758" lon="-3.386366">
        <ele>2329.6</ele>
      </trkpt>
      <trkpt lat="37.093743" lon="-3.386324">
        <ele>2329.8</ele>
      </trkpt>
      <trkpt lat="37.093728" lon="-3.386282">
        <ele>2330.0</ele>
      </trkpt>
      <trkpt lat="37.093719" lon="-3.386239">
        <ele>2330.2</ele>
      </trkpt>
      <trkpt lat="37.093715" lon="-3.386194">
        <ele>2330.4</ele>
      </trkpt>
      <trkpt lat="37.093714" lon="-3.386148">
        <ele>2330.8</ele>
      </trkpt>
      <trkpt lat="37.093711" lon="-3.3861">
        <ele>2331.0</ele>
      </trkpt>
      <trkpt lat="37.093707" lon="-3.386053">
        <ele>2331.4</ele>
      </trkpt>
      <trkpt lat="37.093707" lon="-3.386006">
        <ele>2331.6</ele>
      </trkpt>
      <trkpt lat="37.093711" lon="-3.385958">
        <ele>2331.8</ele>
      </trkpt>
      <trkpt lat="37.093716" lon="-3.385909">
        <ele>2331.8</ele>
      </trkpt>
      <trkpt lat="37.09372" lon="-3.385859">
        <ele>2331.8</ele>
      </trkpt>
      <trkpt lat="37.093725" lon="-3.385809">
        <ele>2331.8</ele>
      </trkpt>
      <trkpt lat="37.093731" lon="-3.385758">
        <ele>2332.0</ele>
      </trkpt>
      <trkpt lat="37.093737" lon="-3.385708">
        <ele>2332.2</ele>
      </trkpt>
      <trkpt lat="37.093743" lon="-3.385658">
        <ele>2332.2</ele>
      </trkpt>
      <trkpt lat="37.09375" lon="-3.385607">
        <ele>2332.4</ele>
      </trkpt>
      <trkpt lat="37.093755" lon="-3.385556">
        <ele>2332.6</ele>
      </trkpt>
      <trkpt lat="37.093761" lon="-3.385504">
        <ele>2332.8</ele>
      </trkpt>
      <trkpt lat="37.093768" lon="-3.385451">
        <ele>2332.8</ele>
      </trkpt>
      <trkpt lat="37.093774" lon="-3.385399">
        <ele>2333.0</ele>
      </trkpt>
      <trkpt lat="37.093783" lon="-3.385346">
        <ele>2333.2</ele>
      </trkpt>
      <trkpt lat="37.093796" lon="-3.385295">
        <ele>2333.4</ele>
      </trkpt>
      <trkpt lat="37.093814" lon="-3.385246">
        <ele>2333.6</ele>
      </trkpt>
      <trkpt lat="37.093835" lon="-3.385198">
        <ele>2333.8</ele>
      </trkpt>
      <trkpt lat="37.093861" lon="-3.385155">
        <ele>2334.0</ele>
      </trkpt>
      <trkpt lat="37.093891" lon="-3.385115">
        <ele>2334.4</ele>
      </trkpt>
      <trkpt lat="37.093922" lon="-3.385077">
        <ele>2334.6</ele>
      </trkpt>
      <trkpt lat="37.093956" lon="-3.385043">
        <ele>2335.0</ele>
      </trkpt>
      <trkpt lat="37.09399" lon="-3.38501">
        <ele>2335.2</ele>
      </trkpt>
      <trkpt lat="37.094024" lon="-3.384975">
        <ele>2335.2</ele>
      </trkpt>
      <trkpt lat="37.094053" lon="-3.384937">
        <ele>2335.4</ele>
      </trkpt>
      <trkpt lat="37.09408" lon="-3.384894">
        <ele>2335.6</ele>
      </trkpt>
      <trkpt lat="37.094103" lon="-3.384846">
        <ele>2335.6</ele>
      </trkpt>
      <trkpt lat="37.094119" lon="-3.384793">
        <ele>2335.8</ele>
      </trkpt>
      <trkpt lat="37.09413" lon="-3.384737">
        <ele>2336.0</ele>
      </trkpt>
      <trkpt lat="37.094133" lon="-3.384682">
        <ele>2336.4</ele>
      </trkpt>
      <trkpt lat="37.094131" lon="-3.384627">
        <ele>2336.8</ele>
      </trkpt>
      <trkpt lat="37.094121" lon="-3.384575">
        <ele>2337.4</ele>
      </trkpt>
      <trkpt lat="37.094105" lon="-3.384525">
        <ele>2337.8</ele>
      </trkpt>
      <trkpt lat="37.094082" lon="-3.384479">
        <ele>2338.2</ele>
      </trkpt>
      <trkpt lat="37.094053" lon="-3.384439">
        <ele>2338.4</ele>
      </trkpt>
      <trkpt lat="37.094044" lon="-3.38443">
        <ele>2509.1</ele>
      </trkpt>
      <trkpt lat="37.094021" lon="-3.384405">
        <ele>2338.6</ele>
      </trkpt>
      <trkpt lat="37.093987" lon="-3.384379">
        <ele>2338.8</ele>
      </trkpt>
      <trkpt lat="37.09395" lon="-3.384362">
        <ele>2339.6</ele>
      </trkpt>
      <trkpt lat="37.093911" lon="-3.384354">
        <ele>2340.6</ele>
      </trkpt>
      <trkpt lat="37.093872" lon="-3.384351">
        <ele>2341.2</ele>
      </trkpt>
      <trkpt lat="37.093834" lon="-3.384354">
        <ele>2341.6</ele>
      </trkpt>
      <trkpt lat="37.093795" lon="-3.384363">
        <ele>2342.0</ele>
      </trkpt>
      <trkpt lat="37.093759" lon="-3.384378">
        <ele>2342.0</ele>
      </trkpt>
      <trkpt lat="37.093724" lon="-3.3844">
        <ele>2342.4</ele>
      </trkpt>
      <trkpt lat="37.093689" lon="-3.384424">
        <ele>2342.6</ele>
      </trkpt>
      <trkpt lat="37.093655" lon="-3.384452">
        <ele>2342.6</ele>
      </trkpt>
      <trkpt lat="37.093621" lon="-3.384482">
        <ele>2343.0</ele>
      </trkpt>
      <trkpt lat="37.093586" lon="-3.384513">
        <ele>2343.6</ele>
      </trkpt>
      <trkpt lat="37.093553" lon="-3.384546">
        <ele>2344.0</ele>
      </trkpt>
      <trkpt lat="37.093521" lon="-3.384581">
        <ele>2344.2</ele>
      </trkpt>
      <trkpt lat="37.093488" lon="-3.384615">
        <ele>2344.4</ele>
      </trkpt>
      <trkpt lat="37.093452" lon="-3.384645">
        <ele>2344.6</ele>
      </trkpt>
      <trkpt lat="37.093417" lon="-3.384672">
        <ele>2345.0</ele>
      </trkpt>
      <trkpt lat="37.093383" lon="-3.384701">
        <ele>2345.0</ele>
      </trkpt>
      <trkpt lat="37.093351" lon="-3.384733">
        <ele>2345.4</ele>
      </trkpt>
      <trkpt lat="37.093321" lon="-3.384765">
        <ele>2346.0</ele>
      </trkpt>
      <trkpt lat="37.093291" lon="-3.384795">
        <ele>2346.6</ele>
      </trkpt>
      <trkpt lat="37.09326" lon="-3.384823">
        <ele>2347.0</ele>
      </trkpt>
      <trkpt lat="37.093229" lon="-3.38485">
        <ele>2347.4</ele>
      </trkpt>
      <trkpt lat="37.093199" lon="-3.384879">
        <ele>2347.8</ele>
      </trkpt>
      <trkpt lat="37.093169" lon="-3.384908">
        <ele>2348.0</ele>
      </trkpt>
      <trkpt lat="37.093138" lon="-3.384937">
        <ele>2348.2</ele>
      </trkpt>
      <trkpt lat="37.093107" lon="-3.384966">
        <ele>2348.4</ele>
      </trkpt>
      <trkpt lat="37.093076" lon="-3.384996">
        <ele>2348.8</ele>
      </trkpt>
      <trkpt lat="37.093044" lon="-3.385025">
        <ele>2348.8</ele>
      </trkpt>
      <trkpt lat="37.093013" lon="-3.385054">
        <ele>2349.4</ele>
      </trkpt>
      <trkpt lat="37.092982" lon="-3.385084">
        <ele>2349.4</ele>
      </trkpt>
      <trkpt lat="37.092952" lon="-3.385114">
        <ele>2349.6</ele>
      </trkpt>
      <trkpt lat="37.092921" lon="-3.385142">
        <ele>2349.6</ele>
      </trkpt>
      <trkpt lat="37.092889" lon="-3.385171">
        <ele>2350.0</ele>
      </trkpt>
      <trkpt lat="37.092858" lon="-3.385199">
        <ele>2350.4</ele>
      </trkpt>
      <trkpt lat="37.092825" lon="-3.385226">
        <ele>2350.8</ele>
      </trkpt>
      <trkpt lat="37.092793" lon="-3.385252">
        <ele>2351.2</ele>
      </trkpt>
      <trkpt lat="37.09276" lon="-3.385277">
        <ele>2351.2</ele>
      </trkpt>
      <trkpt lat="37.092727" lon="-3.385304">
        <ele>2351.6</ele>
      </trkpt>
      <trkpt lat="37.092694" lon="-3.38533">
        <ele>2351.8</ele>
      </trkpt>
      <trkpt lat="37.092659" lon="-3.385354">
        <ele>2352.2</ele>
      </trkpt>
      <trkpt lat="37.092624" lon="-3.385377">
        <ele>2352.4</ele>
      </trkpt>
      <trkpt lat="37.092587" lon="-3.385399">
        <ele>2352.6</ele>
      </trkpt>
      <trkpt lat="37.092549" lon="-3.385418">
        <ele>2352.8</ele>
      </trkpt>
      <trkpt lat="37.09251" lon="-3.385437">
        <ele>2353.0</ele>
      </trkpt>
      <trkpt lat="37.092471" lon="-3.385457">
        <ele>2353.0</ele>
      </trkpt>
      <trkpt lat="37.092432" lon="-3.385476">
        <ele>2353.2</ele>
      </trkpt>
      <trkpt lat="37.092393" lon="-3.385493">
        <ele>2353.4</ele>
      </trkpt>
      <trkpt lat="37.092354" lon="-3.385511">
        <ele>2353.6</ele>
      </trkpt>
      <trkpt lat="37.092316" lon="-3.385529">
        <ele>2353.8</ele>
      </trkpt>
      <trkpt lat="37.092277" lon="-3.385546">
        <ele>2354.2</ele>
      </trkpt>
      <trkpt lat="37.092239" lon="-3.385563">
        <ele>2354.4</ele>
      </trkpt>
      <trkpt lat="37.0922" lon="-3.38558">
        <ele>2354.8</ele>
      </trkpt>
      <trkpt lat="37.09216" lon="-3.385595">
        <ele>2355.0</ele>
      </trkpt>
      <trkpt lat="37.092121" lon="-3.38561">
        <ele>2355.2</ele>
      </trkpt>
      <trkpt lat="37.092084" lon="-3.385628">
        <ele>2355.4</ele>
      </trkpt>
      <trkpt lat="37.092046" lon="-3.385646">
        <ele>2355.8</ele>
      </trkpt>
      <trkpt lat="37.092008" lon="-3.385663">
        <ele>2356.2</ele>
      </trkpt>
      <trkpt lat="37.09197" lon="-3.385683">
        <ele>2356.6</ele>
      </trkpt>
      <trkpt lat="37.091932" lon="-3.385704">
        <ele>2357.0</ele>
      </trkpt>
      <trkpt lat="37.091894" lon="-3.385722">
        <ele>2357.2</ele>
      </trkpt>
      <trkpt lat="37.091855" lon="-3.385739">
        <ele>2357.2</ele>
      </trkpt>
      <trkpt lat="37.091816" lon="-3.385756">
        <ele>2357.4</ele>
      </trkpt>
      <trkpt lat="37.091777" lon="-3.385773">
        <ele>2357.6</ele>
      </trkpt>
      <trkpt lat="37.091738" lon="-3.385785">
        <ele>2357.8</ele>
      </trkpt>
      <trkpt lat="37.091699" lon="-3.385786">
        <ele>2358.2</ele>
      </trkpt>
      <trkpt lat="37.091664" lon="-3.385779">
        <ele>2358.4</ele>
      </trkpt>
      <trkpt lat="37.091628" lon="-3.385769">
        <ele>2358.6</ele>
      </trkpt>
      <trkpt lat="37.091593" lon="-3.385754">
        <ele>2358.8</ele>
      </trkpt>
      <trkpt lat="37.09156" lon="-3.385734">
        <ele>2359.2</ele>
      </trkpt>
      <trkpt lat="37.09153" lon="-3.385708">
        <ele>2359.4</ele>
      </trkpt>
      <trkpt lat="37.091504" lon="-3.385677">
        <ele>2359.6</ele>
      </trkpt>
      <trkpt lat="37.091485" lon="-3.385641">
        <ele>2359.8</ele>
      </trkpt>
      <trkpt lat="37.09147" lon="-3.3856">
        <ele>2360.2</ele>
      </trkpt>
      <trkpt lat="37.09146" lon="-3.385558">
        <ele>2360.4</ele>
      </trkpt>
      <trkpt lat="37.091453" lon="-3.385516">
        <ele>2360.6</ele>
      </trkpt>
      <trkpt lat="37.091451" lon="-3.385474">
        <ele>2361.0</ele>
      </trkpt>
      <trkpt lat="37.091454" lon="-3.38543">
        <ele>2361.2</ele>
      </trkpt>
      <trkpt lat="37.091461" lon="-3.385388">
        <ele>2361.6</ele>
      </trkpt>
      <trkpt lat="37.091474" lon="-3.385347">
        <ele>2361.8</ele>
      </trkpt>
      <trkpt lat="37.091491" lon="-3.385308">
        <ele>2362.2</ele>
      </trkpt>
      <trkpt lat="37.091515" lon="-3.385274">
        <ele>2362.8</ele>
      </trkpt>
      <trkpt lat="37.091545" lon="-3.385248">
        <ele>2363.6</ele>
      </trkpt>
      <trkpt lat="37.091579" lon="-3.38523">
        <ele>2364.0</ele>
      </trkpt>
      <trkpt lat="37.091614" lon="-3.385213">
        <ele>2364.2</ele>
      </trkpt>
      <trkpt lat="37.091649" lon="-3.385192">
        <ele>2364.4</ele>
      </trkpt>
      <trkpt lat="37.091681" lon="-3.385169">
        <ele>2364.6</ele>
      </trkpt>
      <trkpt lat="37.091712" lon="-3.385146">
        <ele>2364.8</ele>
      </trkpt>
      <trkpt lat="37.091743" lon="-3.385121">
        <ele>2365.0</ele>
      </trkpt>
      <trkpt lat="37.091773" lon="-3.385095">
        <ele>2365.2</ele>
      </trkpt>
      <trkpt lat="37.091805" lon="-3.38507">
        <ele>2365.2</ele>
      </trkpt>
      <trkpt lat="37.091836" lon="-3.385043">
        <ele>2365.4</ele>
      </trkpt>
      <trkpt lat="37.091867" lon="-3.385016">
        <ele>2365.6</ele>
      </trkpt>
      <trkpt lat="37.091897" lon="-3.384988">
        <ele>2365.8</ele>
      </trkpt>
      <trkpt lat="37.091926" lon="-3.384961">
        <ele>2366.0</ele>
      </trkpt>
      <trkpt lat="37.091955" lon="-3.384932">
        <ele>2366.2</ele>
      </trkpt>
      <trkpt lat="37.091981" lon="-3.3849">
        <ele>2366.4</ele>
      </trkpt>
      <trkpt lat="37.092006" lon="-3.384867">
        <ele>2366.6</ele>
      </trkpt>
      <trkpt lat="37.092028" lon="-3.384832">
        <ele>2366.8</ele>
      </trkpt>
      <trkpt lat="37.09205" lon="-3.384796">
        <ele>2366.6</ele>
      </trkpt>
      <trkpt lat="37.092068" lon="-3.384758">
        <ele>2367.0</ele>
      </trkpt>
      <trkpt lat="37.092082" lon="-3.384718">
        <ele>2367.2</ele>
      </trkpt>
      <trkpt lat="37.092095" lon="-3.384676">
        <ele>2367.4</ele>
      </trkpt>
      <trkpt lat="37.092106" lon="-3.384633">
        <ele>2367.6</ele>
      </trkpt>
      <trkpt lat="37.092115" lon="-3.38459">
        <ele>2367.8</ele>
      </trkpt>
      <trkpt lat="37.092124" lon="-3.384547">
        <ele>2368.0</ele>
      </trkpt>
      <trkpt lat="37.09213" lon="-3.384503">
        <ele>2368.4</ele>
      </trkpt>
      <trkpt lat="37.092134" lon="-3.384459">
        <ele>2368.6</ele>
      </trkpt>
      <trkpt lat="37.092134" lon="-3.384415">
        <ele>2368.8</ele>
      </trkpt>
      <trkpt lat="37.092132" lon="-3.38437">
        <ele>2369.2</ele>
      </trkpt>
      <trkpt lat="37.092126" lon="-3.384326">
        <ele>2369.4</ele>
      </trkpt>
      <trkpt lat="37.092117" lon="-3.384281">
        <ele>2369.4</ele>
      </trkpt>
      <trkpt lat="37.092105" lon="-3.384238">
        <ele>2369.8</ele>
      </trkpt>
      <trkpt lat="37.09209" lon="-3.384196">
        <ele>2370.2</ele>
      </trkpt>
      <trkpt lat="37.092069" lon="-3.384158">
        <ele>2370.6</ele>
      </trkpt>
      <trkpt lat="37.092043" lon="-3.384124">
        <ele>2370.8</ele>
      </trkpt>
      <trkpt lat="37.092018" lon="-3.384091">
        <ele>2371.2</ele>
      </trkpt>
      <trkpt lat="37.091994" lon="-3.384057">
        <ele>2371.4</ele>
      </trkpt>
      <trkpt lat="37.091972" lon="-3.384021">
        <ele>2371.8</ele>
      </trkpt>
      <trkpt lat="37.091952" lon="-3.383984">
        <ele>2372.0</ele>
      </trkpt>
      <trkpt lat="37.091934" lon="-3.383945">
        <ele>2372.2</ele>
      </trkpt>
      <trkpt lat="37.091918" lon="-3.383905">
        <ele>2372.2</ele>
      </trkpt>
      <trkpt lat="37.091899" lon="-3.383867">
        <ele>2372.4</ele>
      </trkpt>
      <trkpt lat="37.09188" lon="-3.38383">
        <ele>2372.8</ele>
      </trkpt>
      <trkpt lat="37.091861" lon="-3.383792">
        <ele>2372.8</ele>
      </trkpt>
      <trkpt lat="37.091842" lon="-3.383754">
        <ele>2373.2</ele>
      </trkpt>
      <trkpt lat="37.091823" lon="-3.383716">
        <ele>2373.6</ele>
      </trkpt>
      <trkpt lat="37.091805" lon="-3.383678">
        <ele>2374.0</ele>
      </trkpt>
      <trkpt lat="37.091786" lon="-3.383639">
        <ele>2374.4</ele>
      </trkpt>
      <trkpt lat="37.091767" lon="-3.383601">
        <ele>2374.6</ele>
      </trkpt>
      <trkpt lat="37.091747" lon="-3.383564">
        <ele>2374.8</ele>
      </trkpt>
      <trkpt lat="37.091728" lon="-3.383526">
        <ele>2375.0</ele>
      </trkpt>
      <trkpt lat="37.09171" lon="-3.383487">
        <ele>2375.2</ele>
      </trkpt>
      <trkpt lat="37.091692" lon="-3.383447">
        <ele>2375.4</ele>
      </trkpt>
      <trkpt lat="37.091675" lon="-3.383407">
        <ele>2375.4</ele>
      </trkpt>
      <trkpt lat="37.091662" lon="-3.383364">
        <ele>2375.8</ele>
      </trkpt>
      <trkpt lat="37.091655" lon="-3.38332">
        <ele>2376.0</ele>
      </trkpt>
      <trkpt lat="37.091654" lon="-3.383274">
        <ele>2376.2</ele>
      </trkpt>
      <trkpt lat="37.091658" lon="-3.383228">
        <ele>2376.6</ele>
      </trkpt>
      <trkpt lat="37.091663" lon="-3.38318">
        <ele>2376.8</ele>
      </trkpt>
      <trkpt lat="37.091667" lon="-3.383132">
        <ele>2377.0</ele>
      </trkpt>
      <trkpt lat="37.09167" lon="-3.383085">
        <ele>2377.2</ele>
      </trkpt>
      <trkpt lat="37.091672" lon="-3.38304">
        <ele>2377.4</ele>
      </trkpt>
      <trkpt lat="37.091671" lon="-3.382995">
        <ele>2377.6</ele>
      </trkpt>
      <trkpt lat="37.091666" lon="-3.382951">
        <ele>2378.0</ele>
      </trkpt>
      <trkpt lat="37.091658" lon="-3.38291">
        <ele>2378.2</ele>
      </trkpt>
      <trkpt lat="37.091645" lon="-3.382872">
        <ele>2378.6</ele>
      </trkpt>
      <trkpt lat="37.091627" lon="-3.382836">
        <ele>2379.0</ele>
      </trkpt>
      <trkpt lat="37.091605" lon="-3.382804">
        <ele>2379.4</ele>
      </trkpt>
      <trkpt lat="37.091579" lon="-3.382778">
        <ele>2379.8</ele>
      </trkpt>
      <trkpt lat="37.091551" lon="-3.382758">
        <ele>2380.0</ele>
      </trkpt>
      <trkpt lat="37.09152" lon="-3.382741">
        <ele>2380.4</ele>
      </trkpt>
      <trkpt lat="37.091487" lon="-3.38273">
        <ele>2380.8</ele>
      </trkpt>
      <trkpt lat="37.091453" lon="-3.382726">
        <ele>2381.2</ele>
      </trkpt>
      <trkpt lat="37.091418" lon="-3.382728">
        <ele>2381.4</ele>
      </trkpt>
      <trkpt lat="37.091384" lon="-3.382738">
        <ele>2381.8</ele>
      </trkpt>
      <trkpt lat="37.09135" lon="-3.382759">
        <ele>2381.8</ele>
      </trkpt>
      <trkpt lat="37.091319" lon="-3.382787">
        <ele>2382.2</ele>
      </trkpt>
      <trkpt lat="37.091292" lon="-3.382823">
        <ele>2382.4</ele>
      </trkpt>
      <trkpt lat="37.091265" lon="-3.382861">
        <ele>2382.6</ele>
      </trkpt>
      <trkpt lat="37.091246" lon="-3.382904">
        <ele>2382.6</ele>
      </trkpt>
      <trkpt lat="37.091236" lon="-3.382951">
        <ele>2382.8</ele>
      </trkpt>
      <trkpt lat="37.091231" lon="-3.382999">
        <ele>2383.0</ele>
      </trkpt>
      <trkpt lat="37.091231" lon="-3.383048">
        <ele>2383.2</ele>
      </trkpt>
      <trkpt lat="37.091236" lon="-3.383098">
        <ele>2383.2</ele>
      </trkpt>
      <trkpt lat="37.091242" lon="-3.383148">
        <ele>2383.2</ele>
      </trkpt>
      <trkpt lat="37.09125" lon="-3.3832">
        <ele>2383.4</ele>
      </trkpt>
      <trkpt lat="37.091258" lon="-3.383253">
        <ele>2383.4</ele>
      </trkpt>
      <trkpt lat="37.091266" lon="-3.383306">
        <ele>2383.6</ele>
      </trkpt>
      <trkpt lat="37.091275" lon="-3.383359">
        <ele>2384.0</ele>
      </trkpt>
      <trkpt lat="37.091281" lon="-3.383412">
        <ele>2384.4</ele>
      </trkpt>
      <trkpt lat="37.091283" lon="-3.383467">
        <ele>2385.0</ele>
      </trkpt>
      <trkpt lat="37.09128" lon="-3.383519">
        <ele>2385.2</ele>
      </trkpt>
      <trkpt lat="37.091271" lon="-3.38357">
        <ele>2385.4</ele>
      </trkpt>
      <trkpt lat="37.091257" lon="-3.383619">
        <ele>2385.4</ele>
      </trkpt>
      <trkpt lat="37.09124" lon="-3.383665">
        <ele>2385.6</ele>
      </trkpt>
      <trkpt lat="37.091221" lon="-3.383709">
        <ele>2385.6</ele>
      </trkpt>
      <trkpt lat="37.091201" lon="-3.383752">
        <ele>2386.2</ele>
      </trkpt>
      <trkpt lat="37.091182" lon="-3.383794">
        <ele>2386.6</ele>
      </trkpt>
      <trkpt lat="37.091161" lon="-3.383835">
        <ele>2386.8</ele>
      </trkpt>
      <trkpt lat="37.091138" lon="-3.383874">
        <ele>2387.2</ele>
      </trkpt>
      <trkpt lat="37.091113" lon="-3.383911">
        <ele>2387.4</ele>
      </trkpt>
      <trkpt lat="37.091085" lon="-3.383943">
        <ele>2387.6</ele>
      </trkpt>
      <trkpt lat="37.091054" lon="-3.383972">
        <ele>2388.0</ele>
      </trkpt>
      <trkpt lat="37.091021" lon="-3.383996">
        <ele>2388.4</ele>
      </trkpt>
      <trkpt lat="37.090986" lon="-3.384016">
        <ele>2388.6</ele>
      </trkpt>
      <trkpt lat="37.09095" lon="-3.384032">
        <ele>2388.6</ele>
      </trkpt>
      <trkpt lat="37.090913" lon="-3.384044">
        <ele>2388.8</ele>
      </trkpt>
      <trkpt lat="37.090877" lon="-3.384053">
        <ele>2389.2</ele>
      </trkpt>
      <trkpt lat="37.090841" lon="-3.384062">
        <ele>2389.6</ele>
      </trkpt>
      <trkpt lat="37.090804" lon="-3.38407">
        <ele>2390.0</ele>
      </trkpt>
      <trkpt lat="37.090767" lon="-3.384079">
        <ele>2390.2</ele>
      </trkpt>
      <trkpt lat="37.090729" lon="-3.384089">
        <ele>2390.6</ele>
      </trkpt>
      <trkpt lat="37.090692" lon="-3.384099">
        <ele>2390.8</ele>
      </trkpt>
      <trkpt lat="37.090655" lon="-3.384108">
        <ele>2391.0</ele>
      </trkpt>
      <trkpt lat="37.090617" lon="-3.384118">
        <ele>2391.0</ele>
      </trkpt>
      <trkpt lat="37.09058" lon="-3.384125">
        <ele>2391.4</ele>
      </trkpt>
      <trkpt lat="37.090542" lon="-3.384131">
        <ele>2391.8</ele>
      </trkpt>
      <trkpt lat="37.090504" lon="-3.384139">
        <ele>2392.0</ele>
      </trkpt>
      <trkpt lat="37.090466" lon="-3.384146">
        <ele>2392.2</ele>
      </trkpt>
      <trkpt lat="37.090428" lon="-3.384156">
        <ele>2392.4</ele>
      </trkpt>
      <trkpt lat="37.09039" lon="-3.384166">
        <ele>2392.6</ele>
      </trkpt>
      <trkpt lat="37.090351" lon="-3.384175">
        <ele>2392.8</ele>
      </trkpt>
      <trkpt lat="37.090313" lon="-3.384185">
        <ele>2393.0</ele>
      </trkpt>
      <trkpt lat="37.090276" lon="-3.384194">
        <ele>2393.2</ele>
      </trkpt>
      <trkpt lat="37.09024" lon="-3.384203">
        <ele>2393.6</ele>
      </trkpt>
      <trkpt lat="37.090203" lon="-3.384213">
        <ele>2393.8</ele>
      </trkpt>
      <trkpt lat="37.090167" lon="-3.384221">
        <ele>2394.2</ele>
      </trkpt>
      <trkpt lat="37.09013" lon="-3.384228">
        <ele>2394.4</ele>
      </trkpt>
      <trkpt lat="37.090094" lon="-3.384236">
        <ele>2394.6</ele>
      </trkpt>
      <trkpt lat="37.090059" lon="-3.384242">
        <ele>2395.0</ele>
      </trkpt>
      <trkpt lat="37.090022" lon="-3.384244">
        <ele>2395.2</ele>
      </trkpt>
      <trkpt lat="37.089986" lon="-3.38424">
        <ele>2395.6</ele>
      </trkpt>
      <trkpt lat="37.089952" lon="-3.384227">
        <ele>2395.8</ele>
      </trkpt>
      <trkpt lat="37.089919" lon="-3.38421">
        <ele>2396.0</ele>
      </trkpt>
      <trkpt lat="37.089888" lon="-3.384186">
        <ele>2396.6</ele>
      </trkpt>
      <trkpt lat="37.089862" lon="-3.384157">
        <ele>2396.8</ele>
      </trkpt>
      <trkpt lat="37.089842" lon="-3.384125">
        <ele>2397.0</ele>
      </trkpt>
      <trkpt lat="37.08983" lon="-3.384088">
        <ele>2397.4</ele>
      </trkpt>
      <trkpt lat="37.089827" lon="-3.384048">
        <ele>2398.0</ele>
      </trkpt>
      <trkpt lat="37.089832" lon="-3.384008">
        <ele>2398.4</ele>
      </trkpt>
      <trkpt lat="37.089842" lon="-3.383965">
        <ele>2398.6</ele>
      </trkpt>
      <trkpt lat="37.089854" lon="-3.383923">
        <ele>2399.0</ele>
      </trkpt>
      <trkpt lat="37.089869" lon="-3.383882">
        <ele>2399.2</ele>
      </trkpt>
      <trkpt lat="37.089886" lon="-3.383845">
        <ele>2400.0</ele>
      </trkpt>
      <trkpt lat="37.089907" lon="-3.383814">
        <ele>2400.6</ele>
      </trkpt>
      <trkpt lat="37.08993" lon="-3.383784">
        <ele>2401.0</ele>
      </trkpt>
      <trkpt lat="37.089957" lon="-3.383752">
        <ele>2401.4</ele>
      </trkpt>
      <trkpt lat="37.089984" lon="-3.383722">
        <ele>2401.4</ele>
      </trkpt>
      <trkpt lat="37.090013" lon="-3.383693">
        <ele>2401.6</ele>
      </trkpt>
      <trkpt lat="37.090042" lon="-3.383664">
        <ele>2401.8</ele>
      </trkpt>
      <trkpt lat="37.090071" lon="-3.383634">
        <ele>2401.8</ele>
      </trkpt>
      <trkpt lat="37.090099" lon="-3.383605">
        <ele>2402.0</ele>
      </trkpt>
      <trkpt lat="37.090128" lon="-3.383575">
        <ele>2402.4</ele>
      </trkpt>
      <trkpt lat="37.090155" lon="-3.383546">
        <ele>2402.8</ele>
      </trkpt>
      <trkpt lat="37.09018" lon="-3.383515">
        <ele>2403.0</ele>
      </trkpt>
      <trkpt lat="37.090204" lon="-3.383482">
        <ele>2402.8</ele>
      </trkpt>
      <trkpt lat="37.090224" lon="-3.383444">
        <ele>2402.8</ele>
      </trkpt>
      <trkpt lat="37.090243" lon="-3.383403">
        <ele>2403.0</ele>
      </trkpt>
      <trkpt lat="37.090259" lon="-3.383361">
        <ele>2403.4</ele>
      </trkpt>
      <trkpt lat="37.090271" lon="-3.383316">
        <ele>2403.6</ele>
      </trkpt>
      <trkpt lat="37.090278" lon="-3.383269">
        <ele>2404.0</ele>
      </trkpt>
      <trkpt lat="37.09028" lon="-3.38322">
        <ele>2404.6</ele>
      </trkpt>
      <trkpt lat="37.090276" lon="-3.38317">
        <ele>2404.8</ele>
      </trkpt>
      <trkpt lat="37.090265" lon="-3.383121">
        <ele>2405.2</ele>
      </trkpt>
      <trkpt lat="37.090247" lon="-3.383074">
        <ele>2405.4</ele>
      </trkpt>
      <trkpt lat="37.090224" lon="-3.383029">
        <ele>2405.8</ele>
      </trkpt>
      <trkpt lat="37.090194" lon="-3.38299">
        <ele>2406.0</ele>
      </trkpt>
      <trkpt lat="37.090158" lon="-3.382954">
        <ele>2406.0</ele>
      </trkpt>
      <trkpt lat="37.090119" lon="-3.382923">
        <ele>2406.4</ele>
      </trkpt>
      <trkpt lat="37.090077" lon="-3.382899">
        <ele>2406.8</ele>
      </trkpt>
      <trkpt lat="37.090033" lon="-3.382885">
        <ele>2407.2</ele>
      </trkpt>
      <trkpt lat="37.089988" lon="-3.382883">
        <ele>2407.6</ele>
      </trkpt>
      <trkpt lat="37.089944" lon="-3.382891">
        <ele>2408.2</ele>
      </trkpt>
      <trkpt lat="37.089901" lon="-3.382905">
        <ele>2408.6</ele>
      </trkpt>
      <trkpt lat="37.08986" lon="-3.382923">
        <ele>2409.0</ele>
      </trkpt>
      <trkpt lat="37.08982" lon="-3.382941">
        <ele>2409.4</ele>
      </trkpt>
      <trkpt lat="37.089779" lon="-3.382959">
        <ele>2409.8</ele>
      </trkpt>
      <trkpt lat="37.089738" lon="-3.382975">
        <ele>2410.2</ele>
      </trkpt>
      <trkpt lat="37.089697" lon="-3.38299">
        <ele>2410.6</ele>
      </trkpt>
      <trkpt lat="37.089657" lon="-3.383003">
        <ele>2410.8</ele>
      </trkpt>
      <trkpt lat="37.089615" lon="-3.383016">
        <ele>2411.0</ele>
      </trkpt>
      <trkpt lat="37.089575" lon="-3.383028">
        <ele>2411.2</ele>
      </trkpt>
      <trkpt lat="37.089534" lon="-3.383039">
        <ele>2411.6</ele>
      </trkpt>
      <trkpt lat="37.089493" lon="-3.383049">
        <ele>2411.8</ele>
      </trkpt>
      <trkpt lat="37.089452" lon="-3.383058">
        <ele>2412.0</ele>
      </trkpt>
      <trkpt lat="37.08941" lon="-3.383067">
        <ele>2412.2</ele>
      </trkpt>
      <trkpt lat="37.089368" lon="-3.383074">
        <ele>2412.4</ele>
      </trkpt>
      <trkpt lat="37.089328" lon="-3.383078">
        <ele>2412.6</ele>
      </trkpt>
      <trkpt lat="37.089288" lon="-3.383081">
        <ele>2413.0</ele>
      </trkpt>
      <trkpt lat="37.089248" lon="-3.383082">
        <ele>2413.2</ele>
      </trkpt>
      <trkpt lat="37.089208" lon="-3.383082">
        <ele>2413.6</ele>
      </trkpt>
      <trkpt lat="37.08917" lon="-3.38308">
        <ele>2414.0</ele>
      </trkpt>
      <trkpt lat="37.089129" lon="-3.383077">
        <ele>2414.4</ele>
      </trkpt>
      <trkpt lat="37.08909" lon="-3.383073">
        <ele>2414.6</ele>
      </trkpt>
      <trkpt lat="37.089049" lon="-3.383068">
        <ele>2414.8</ele>
      </trkpt>
      <trkpt lat="37.08901" lon="-3.383063">
        <ele>2415.0</ele>
      </trkpt>
      <trkpt lat="37.088972" lon="-3.383056">
        <ele>2415.4</ele>
      </trkpt>
      <trkpt lat="37.088935" lon="-3.383046">
        <ele>2415.6</ele>
      </trkpt>
      <trkpt lat="37.0889" lon="-3.383034">
        <ele>2415.8</ele>
      </trkpt>
      <trkpt lat="37.088864" lon="-3.383023">
        <ele>2416.0</ele>
      </trkpt>
      <trkpt lat="37.088829" lon="-3.383012">
        <ele>2416.2</ele>
      </trkpt>
      <trkpt lat="37.088792" lon="-3.383004">
        <ele>2416.4</ele>
      </trkpt>
      <trkpt lat="37.088757" lon="-3.382999">
        <ele>2416.8</ele>
      </trkpt>
      <trkpt lat="37.088723" lon="-3.382993">
        <ele>2417.2</ele>
      </trkpt>
      <trkpt lat="37.088688" lon="-3.382989">
        <ele>2417.8</ele>
      </trkpt>
      <trkpt lat="37.088653" lon="-3.382985">
        <ele>2418.2</ele>
      </trkpt>
      <trkpt lat="37.088617" lon="-3.38298">
        <ele>2418.4</ele>
      </trkpt>
      <trkpt lat="37.088583" lon="-3.382975">
        <ele>2418.8</ele>
      </trkpt>
      <trkpt lat="37.088547" lon="-3.382971">
        <ele>2419.0</ele>
      </trkpt>
      <trkpt lat="37.088513" lon="-3.382965">
        <ele>2419.2</ele>
      </trkpt>
      <trkpt lat="37.088478" lon="-3.382954">
        <ele>2419.4</ele>
      </trkpt>
      <trkpt lat="37.088443" lon="-3.382944">
        <ele>2419.6</ele>
      </trkpt>
      <trkpt lat="37.088407" lon="-3.382932">
        <ele>2419.8</ele>
      </trkpt>
      <trkpt lat="37.088372" lon="-3.382919">
        <ele>2420.0</ele>
      </trkpt>
      <trkpt lat="37.088336" lon="-3.382908">
        <ele>2420.2</ele>
      </trkpt>
      <trkpt lat="37.088299" lon="-3.382898">
        <ele>2420.2</ele>
      </trkpt>
      <trkpt lat="37.088263" lon="-3.382886">
        <ele>2420.6</ele>
      </trkpt>
      <trkpt lat="37.088227" lon="-3.382874">
        <ele>2421.0</ele>
      </trkpt>
      <trkpt lat="37.088191" lon="-3.382861">
        <ele>2421.4</ele>
      </trkpt>
      <trkpt lat="37.088155" lon="-3.382847">
        <ele>2421.6</ele>
      </trkpt>
      <trkpt lat="37.08812" lon="-3.38283">
        <ele>2421.8</ele>
      </trkpt>
      <trkpt lat="37.088087" lon="-3.382812">
        <ele>2422.0</ele>
      </trkpt>
      <trkpt lat="37.088054" lon="-3.382792">
        <ele>2422.6</ele>
      </trkpt>
      <trkpt lat="37.088021" lon="-3.382772">
        <ele>2422.8</ele>
      </trkpt>
      <trkpt lat="37.087988" lon="-3.382752">
        <ele>2423.0</ele>
      </trkpt>
      <trkpt lat="37.087955" lon="-3.382734">
        <ele>2423.0</ele>
      </trkpt>
      <trkpt lat="37.087922" lon="-3.382719">
        <ele>2423.0</ele>
      </trkpt>
      <trkpt lat="37.087887" lon="-3.382706">
        <ele>2423.2</ele>
      </trkpt>
      <trkpt lat="37.087853" lon="-3.382696">
        <ele>2423.4</ele>
      </trkpt>
      <trkpt lat="37.087817" lon="-3.38269">
        <ele>2423.8</ele>
      </trkpt>
      <trkpt lat="37.087781" lon="-3.382686">
        <ele>2424.2</ele>
      </trkpt>
      <trkpt lat="37.087746" lon="-3.382684">
        <ele>2424.6</ele>
      </trkpt>
      <trkpt lat="37.08771" lon="-3.382683">
        <ele>2425.0</ele>
      </trkpt>
      <trkpt lat="37.087673" lon="-3.382684">
        <ele>2425.0</ele>
      </trkpt>
      <trkpt lat="37.087637" lon="-3.382686">
        <ele>2425.2</ele>
      </trkpt>
      <trkpt lat="37.0876" lon="-3.382688">
        <ele>2425.4</ele>
      </trkpt>
      <trkpt lat="37.087562" lon="-3.382692">
        <ele>2425.8</ele>
      </trkpt>
      <trkpt lat="37.087525" lon="-3.382695">
        <ele>2426.0</ele>
      </trkpt>
      <trkpt lat="37.087486" lon="-3.382698">
        <ele>2426.2</ele>
      </trkpt>
      <trkpt lat="37.087448" lon="-3.3827">
        <ele>2426.4</ele>
      </trkpt>
      <trkpt lat="37.087409" lon="-3.382703">
        <ele>2426.6</ele>
      </trkpt>
      <trkpt lat="37.087371" lon="-3.382707">
        <ele>2427.0</ele>
      </trkpt>
      <trkpt lat="37.087331" lon="-3.382711">
        <ele>2427.2</ele>
      </trkpt>
      <trkpt lat="37.087293" lon="-3.382715">
        <ele>2427.6</ele>
      </trkpt>
      <trkpt lat="37.087255" lon="-3.382716">
        <ele>2427.8</ele>
      </trkpt>
      <trkpt lat="37.087217" lon="-3.382718">
        <ele>2428.2</ele>
      </trkpt>
      <trkpt lat="37.087181" lon="-3.382721">
        <ele>2428.4</ele>
      </trkpt>
      <trkpt lat="37.087145" lon="-3.382722">
        <ele>2428.6</ele>
      </trkpt>
      <trkpt lat="37.087109" lon="-3.382716">
        <ele>2428.8</ele>
      </trkpt>
      <trkpt lat="37.087075" lon="-3.382706">
        <ele>2429.2</ele>
      </trkpt>
      <trkpt lat="37.087042" lon="-3.382693">
        <ele>2429.6</ele>
      </trkpt>
      <trkpt lat="37.087008" lon="-3.382677">
        <ele>2429.8</ele>
      </trkpt>
      <trkpt lat="37.086976" lon="-3.382659">
        <ele>2430.0</ele>
      </trkpt>
      <trkpt lat="37.086946" lon="-3.382634">
        <ele>2430.4</ele>
      </trkpt>
      <trkpt lat="37.086919" lon="-3.382608">
        <ele>2430.8</ele>
      </trkpt>
      <trkpt lat="37.086893" lon="-3.382576">
        <ele>2431.0</ele>
      </trkpt>
      <trkpt lat="37.086869" lon="-3.382546">
        <ele>2431.2</ele>
      </trkpt>
      <trkpt lat="37.086845" lon="-3.382515">
        <ele>2431.2</ele>
      </trkpt>
      <trkpt lat="37.086823" lon="-3.382483">
        <ele>2431.6</ele>
      </trkpt>
      <trkpt lat="37.086799" lon="-3.38245">
        <ele>2431.8</ele>
      </trkpt>
      <trkpt lat="37.086777" lon="-3.382417">
        <ele>2432.0</ele>
      </trkpt>
      <trkpt lat="37.086757" lon="-3.382381">
        <ele>2432.4</ele>
      </trkpt>
      <trkpt lat="37.086738" lon="-3.382345">
        <ele>2432.8</ele>
      </trkpt>
      <trkpt lat="37.086719" lon="-3.382308">
        <ele>2433.0</ele>
      </trkpt>
      <trkpt lat="37.086701" lon="-3.38227">
        <ele>2433.0</ele>
      </trkpt>
      <trkpt lat="37.086685" lon="-3.382229">
        <ele>2433.2</ele>
      </trkpt>
      <trkpt lat="37.086669" lon="-3.382187">
        <ele>2433.6</ele>
      </trkpt>
      <trkpt lat="37.086656" lon="-3.382143">
        <ele>2434.0</ele>
      </trkpt>
      <trkpt lat="37.086645" lon="-3.382098">
        <ele>2434.2</ele>
      </trkpt>
      <trkpt lat="37.086634" lon="-3.382053">
        <ele>2434.4</ele>
      </trkpt>
      <trkpt lat="37.086622" lon="-3.382007">
        <ele>2434.6</ele>
      </trkpt>
      <trkpt lat="37.08661" lon="-3.381962">
        <ele>2434.8</ele>
      </trkpt>
      <trkpt lat="37.086597" lon="-3.381917">
        <ele>2435.2</ele>
      </trkpt>
      <trkpt lat="37.086585" lon="-3.381873">
        <ele>2435.6</ele>
      </trkpt>
      <trkpt lat="37.086571" lon="-3.381829">
        <ele>2435.8</ele>
      </trkpt>
      <trkpt lat="37.086557" lon="-3.381784">
        <ele>2436.0</ele>
      </trkpt>
      <trkpt lat="37.086543" lon="-3.38174">
        <ele>2436.2</ele>
      </trkpt>
      <trkpt lat="37.086527" lon="-3.381696">
        <ele>2436.2</ele>
      </trkpt>
      <trkpt lat="37.086508" lon="-3.381653">
        <ele>2436.4</ele>
      </trkpt>
      <trkpt lat="37.086488" lon="-3.381613">
        <ele>2436.8</ele>
      </trkpt>
      <trkpt lat="37.086465" lon="-3.381576">
        <ele>2437.0</ele>
      </trkpt>
      <trkpt lat="37.086441" lon="-3.381541">
        <ele>2437.2</ele>
      </trkpt>
      <trkpt lat="37.086417" lon="-3.381505">
        <ele>2437.6</ele>
      </trkpt>
      <trkpt lat="37.086392" lon="-3.381471">
        <ele>2437.8</ele>
      </trkpt>
      <trkpt lat="37.086368" lon="-3.381437">
        <ele>2438.0</ele>
      </trkpt>
      <trkpt lat="37.086346" lon="-3.3814">
        <ele>2438.4</ele>
      </trkpt>
      <trkpt lat="37.086324" lon="-3.381365">
        <ele>2438.6</ele>
      </trkpt>
      <trkpt lat="37.0863" lon="-3.381331">
        <ele>2439.0</ele>
      </trkpt>
      <trkpt lat="37.086275" lon="-3.381298">
        <ele>2439.0</ele>
      </trkpt>
      <trkpt lat="37.086251" lon="-3.381265">
        <ele>2439.2</ele>
      </trkpt>
      <trkpt lat="37.086229" lon="-3.38123">
        <ele>2439.4</ele>
      </trkpt>
      <trkpt lat="37.086208" lon="-3.381195">
        <ele>2439.8</ele>
      </trkpt>
      <trkpt lat="37.086185" lon="-3.381161">
        <ele>2440.0</ele>
      </trkpt>
      <trkpt lat="37.086165" lon="-3.381125">
        <ele>2440.4</ele>
      </trkpt>
      <trkpt lat="37.086146" lon="-3.381087">
        <ele>2440.6</ele>
      </trkpt>
      <trkpt lat="37.086129" lon="-3.381047">
        <ele>2440.6</ele>
      </trkpt>
      <trkpt lat="37.086112" lon="-3.381006">
        <ele>2440.8</ele>
      </trkpt>
      <trkpt lat="37.086095" lon="-3.380966">
        <ele>2441.0</ele>
      </trkpt>
      <trkpt lat="37.086077" lon="-3.380925">
        <ele>2441.6</ele>
      </trkpt>
      <trkpt lat="37.086058" lon="-3.380885">
        <ele>2442.0</ele>
      </trkpt>
      <trkpt lat="37.086039" lon="-3.380846">
        <ele>2442.2</ele>
      </trkpt>
      <trkpt lat="37.08602" lon="-3.380805">
        <ele>2442.4</ele>
      </trkpt>
      <trkpt lat="37.086002" lon="-3.380765">
        <ele>2442.8</ele>
      </trkpt>
      <trkpt lat="37.085984" lon="-3.380725">
        <ele>2443.0</ele>
      </trkpt>
      <trkpt lat="37.085966" lon="-3.380686">
        <ele>2443.2</ele>
      </trkpt>
      <trkpt lat="37.085947" lon="-3.380649">
        <ele>2443.4</ele>
      </trkpt>
      <trkpt lat="37.085929" lon="-3.380611">
        <ele>2443.8</ele>
      </trkpt>
      <trkpt lat="37.085909" lon="-3.380574">
        <ele>2444.0</ele>
      </trkpt>
      <trkpt lat="37.085888" lon="-3.380538">
        <ele>2444.4</ele>
      </trkpt>
      <trkpt lat="37.085868" lon="-3.380501">
        <ele>2444.6</ele>
      </trkpt>
      <trkpt lat="37.085847" lon="-3.380464">
        <ele>2444.8</ele>
      </trkpt>
      <trkpt lat="37.085826" lon="-3.380426">
        <ele>2445.0</ele>
      </trkpt>
      <trkpt lat="37.085806" lon="-3.380388">
        <ele>2445.2</ele>
      </trkpt>
      <trkpt lat="37.085785" lon="-3.380351">
        <ele>2445.6</ele>
      </trkpt>
      <trkpt lat="37.085764" lon="-3.380314">
        <ele>2446.0</ele>
      </trkpt>
      <trkpt lat="37.085745" lon="-3.380276">
        <ele>2446.2</ele>
      </trkpt>
      <trkpt lat="37.085725" lon="-3.380238">
        <ele>2446.6</ele>
      </trkpt>
      <trkpt lat="37.085705" lon="-3.3802">
        <ele>2446.8</ele>
      </trkpt>
      <trkpt lat="37.085684" lon="-3.380164">
        <ele>2446.8</ele>
      </trkpt>
      <trkpt lat="37.085663" lon="-3.380129">
        <ele>2447.0</ele>
      </trkpt>
      <trkpt lat="37.085642" lon="-3.380094">
        <ele>2447.4</ele>
      </trkpt>
      <trkpt lat="37.08562" lon="-3.380061">
        <ele>2447.8</ele>
      </trkpt>
      <trkpt lat="37.085596" lon="-3.380031">
        <ele>2448.2</ele>
      </trkpt>
      <trkpt lat="37.085567" lon="-3.380006">
        <ele>2448.6</ele>
      </trkpt>
      <trkpt lat="37.085536" lon="-3.379989">
        <ele>2449.0</ele>
      </trkpt>
      <trkpt lat="37.085504" lon="-3.379979">
        <ele>2449.6</ele>
      </trkpt>
      <trkpt lat="37.085472" lon="-3.379977">
        <ele>2449.8</ele>
      </trkpt>
      <trkpt lat="37.085441" lon="-3.379981">
        <ele>2450.2</ele>
      </trkpt>
      <trkpt lat="37.08541" lon="-3.379993">
        <ele>2450.6</ele>
      </trkpt>
      <trkpt lat="37.085383" lon="-3.38001">
        <ele>2451.0</ele>
      </trkpt>
      <trkpt lat="37.085357" lon="-3.380033">
        <ele>2451.2</ele>
      </trkpt>
      <trkpt lat="37.085337" lon="-3.380061">
        <ele>2451.6</ele>
      </trkpt>
      <trkpt lat="37.085322" lon="-3.380094">
        <ele>2452.0</ele>
      </trkpt>
      <trkpt lat="37.085311" lon="-3.380131">
        <ele>2452.6</ele>
      </trkpt>
      <trkpt lat="37.085303" lon="-3.380166">
        <ele>2453.0</ele>
      </trkpt>
      <trkpt lat="37.085301" lon="-3.380203">
        <ele>2453.4</ele>
      </trkpt>
      <trkpt lat="37.085305" lon="-3.38024">
        <ele>2453.8</ele>
      </trkpt>
      <trkpt lat="37.085316" lon="-3.380277">
        <ele>2454.0</ele>
      </trkpt>
      <trkpt lat="37.085331" lon="-3.380317">
        <ele>2454.4</ele>
      </trkpt>
      <trkpt lat="37.085351" lon="-3.380356">
        <ele>2454.8</ele>
      </trkpt>
      <trkpt lat="37.085372" lon="-3.380393">
        <ele>2455.0</ele>
      </trkpt>
      <trkpt lat="37.085392" lon="-3.380429">
        <ele>2455.2</ele>
      </trkpt>
      <trkpt lat="37.08541" lon="-3.380465">
        <ele>2455.2</ele>
      </trkpt>
      <trkpt lat="37.085429" lon="-3.380502">
        <ele>2455.2</ele>
      </trkpt>
      <trkpt lat="37.085445" lon="-3.380538">
        <ele>2455.4</ele>
      </trkpt>
      <trkpt lat="37.085462" lon="-3.380574">
        <ele>2455.8</ele>
      </trkpt>
      <trkpt lat="37.085477" lon="-3.380612">
        <ele>2456.0</ele>
      </trkpt>
      <trkpt lat="37.085491" lon="-3.38065">
        <ele>2456.6</ele>
      </trkpt>
      <trkpt lat="37.085503" lon="-3.380689">
        <ele>2457.0</ele>
      </trkpt>
      <trkpt lat="37.085513" lon="-3.38073">
        <ele>2457.2</ele>
      </trkpt>
      <trkpt lat="37.085521" lon="-3.380771">
        <ele>2457.4</ele>
      </trkpt>
      <trkpt lat="37.085528" lon="-3.380811">
        <ele>2457.6</ele>
      </trkpt>
      <trkpt lat="37.085532" lon="-3.380852">
        <ele>2457.8</ele>
      </trkpt>
      <trkpt lat="37.085532" lon="-3.380893">
        <ele>2458.2</ele>
      </trkpt>
      <trkpt lat="37.085529" lon="-3.380933">
        <ele>2458.4</ele>
      </trkpt>
      <trkpt lat="37.085522" lon="-3.38097">
        <ele>2458.6</ele>
      </trkpt>
      <trkpt lat="37.085513" lon="-3.381007">
        <ele>2459.0</ele>
      </trkpt>
      <trkpt lat="37.085503" lon="-3.381042">
        <ele>2459.4</ele>
      </trkpt>
      <trkpt lat="37.085492" lon="-3.381078">
        <ele>2459.8</ele>
      </trkpt>
      <trkpt lat="37.085482" lon="-3.381114">
        <ele>2460.0</ele>
      </trkpt>
      <trkpt lat="37.085472" lon="-3.38115">
        <ele>2460.2</ele>
      </trkpt>
      <trkpt lat="37.085464" lon="-3.381187">
        <ele>2460.4</ele>
      </trkpt>
      <trkpt lat="37.085455" lon="-3.381224">
        <ele>2460.6</ele>
      </trkpt>
      <trkpt lat="37.085446" lon="-3.381261">
        <ele>2460.8</ele>
      </trkpt>
      <trkpt lat="37.085435" lon="-3.381297">
        <ele>2461.0</ele>
      </trkpt>
      <trkpt lat="37.085425" lon="-3.381332">
        <ele>2461.6</ele>
      </trkpt>
      <trkpt lat="37.085415" lon="-3.381368">
        <ele>2461.8</ele>
      </trkpt>
      <trkpt lat="37.085406" lon="-3.381404">
        <ele>2461.8</ele>
      </trkpt>
      <trkpt lat="37.085398" lon="-3.38144">
        <ele>2462.2</ele>
      </trkpt>
      <trkpt lat="37.085388" lon="-3.381476">
        <ele>2462.4</ele>
      </trkpt>
      <trkpt lat="37.085378" lon="-3.381513">
        <ele>2462.8</ele>
      </trkpt>
      <trkpt lat="37.085369" lon="-3.381552">
        <ele>2462.8</ele>
      </trkpt>
      <trkpt lat="37.085359" lon="-3.381591">
        <ele>2463.0</ele>
      </trkpt>
      <trkpt lat="37.085348" lon="-3.38163">
        <ele>2463.2</ele>
      </trkpt>
      <trkpt lat="37.085335" lon="-3.381667">
        <ele>2463.4</ele>
      </trkpt>
      <trkpt lat="37.085318" lon="-3.381701">
        <ele>2463.6</ele>
      </trkpt>
      <trkpt lat="37.085295" lon="-3.38173">
        <ele>2463.8</ele>
      </trkpt>
      <trkpt lat="37.085269" lon="-3.381753">
        <ele>2464.2</ele>
      </trkpt>
      <trkpt lat="37.085238" lon="-3.38177">
        <ele>2464.6</ele>
      </trkpt>
      <trkpt lat="37.085207" lon="-3.38178">
        <ele>2464.8</ele>
      </trkpt>
      <trkpt lat="37.085174" lon="-3.381782">
        <ele>2465.0</ele>
      </trkpt>
      <trkpt lat="37.085141" lon="-3.381778">
        <ele>2465.4</ele>
      </trkpt>
      <trkpt lat="37.085107" lon="-3.381773">
        <ele>2465.4</ele>
      </trkpt>
      <trkpt lat="37.085075" lon="-3.381764">
        <ele>2465.6</ele>
      </trkpt>
      <trkpt lat="37.085046" lon="-3.381752">
        <ele>2466.0</ele>
      </trkpt>
      <trkpt lat="37.085018" lon="-3.381734">
        <ele>2466.0</ele>
      </trkpt>
      <trkpt lat="37.084994" lon="-3.381711">
        <ele>2466.2</ele>
      </trkpt>
      <trkpt lat="37.084973" lon="-3.381683">
        <ele>2466.4</ele>
      </trkpt>
      <trkpt lat="37.084953" lon="-3.381648">
        <ele>2466.8</ele>
      </trkpt>
      <trkpt lat="37.084939" lon="-3.381613">
        <ele>2467.2</ele>
      </trkpt>
      <trkpt lat="37.084926" lon="-3.381576">
        <ele>2467.6</ele>
      </trkpt>
      <trkpt lat="37.084914" lon="-3.381539">
        <ele>2468.0</ele>
      </trkpt>
      <trkpt lat="37.084902" lon="-3.381501">
        <ele>2468.4</ele>
      </trkpt>
      <trkpt lat="37.08489" lon="-3.381462">
        <ele>2468.6</ele>
      </trkpt>
      <trkpt lat="37.084879" lon="-3.381423">
        <ele>2468.6</ele>
      </trkpt>
      <trkpt lat="37.084866" lon="-3.381382">
        <ele>2468.8</ele>
      </trkpt>
      <trkpt lat="37.084853" lon="-3.381342">
        <ele>2468.8</ele>
      </trkpt>
      <trkpt lat="37.084839" lon="-3.381302">
        <ele>2469.0</ele>
      </trkpt>
      <trkpt lat="37.084826" lon="-3.381262">
        <ele>2469.0</ele>
      </trkpt>
      <trkpt lat="37.084813" lon="-3.381222">
        <ele>2469.2</ele>
      </trkpt>
      <trkpt lat="37.084801" lon="-3.381181">
        <ele>2469.6</ele>
      </trkpt>
      <trkpt lat="37.084789" lon="-3.38114">
        <ele>2469.8</ele>
      </trkpt>
      <trkpt lat="37.084777" lon="-3.381099">
        <ele>2470.2</ele>
      </trkpt>
      <trkpt lat="37.084764" lon="-3.381058">
        <ele>2470.4</ele>
      </trkpt>
      <trkpt lat="37.084751" lon="-3.381017">
        <ele>2470.8</ele>
      </trkpt>
      <trkpt lat="37.084738" lon="-3.380974">
        <ele>2471.0</ele>
      </trkpt>
      <trkpt lat="37.084725" lon="-3.380931">
        <ele>2471.0</ele>
      </trkpt>
      <trkpt lat="37.084714" lon="-3.380885">
        <ele>2471.2</ele>
      </trkpt>
      <trkpt lat="37.084703" lon="-3.380839">
        <ele>2471.6</ele>
      </trkpt>
      <trkpt lat="37.084694" lon="-3.380793">
        <ele>2472.0</ele>
      </trkpt>
      <trkpt lat="37.084685" lon="-3.380746">
        <ele>2472.2</ele>
      </trkpt>
      <trkpt lat="37.084676" lon="-3.380698">
        <ele>2472.4</ele>
      </trkpt>
      <trkpt lat="37.084668" lon="-3.380651">
        <ele>2472.4</ele>
      </trkpt>
      <trkpt lat="37.084662" lon="-3.380605">
        <ele>2472.4</ele>
      </trkpt>
      <trkpt lat="37.084656" lon="-3.380559">
        <ele>2472.4</ele>
      </trkpt>
      <trkpt lat="37.084649" lon="-3.380515">
        <ele>2472.6</ele>
      </trkpt>
      <trkpt lat="37.084642" lon="-3.38047">
        <ele>2473.0</ele>
      </trkpt>
      <trkpt lat="37.084638" lon="-3.380424">
        <ele>2473.0</ele>
      </trkpt>
      <trkpt lat="37.084634" lon="-3.380379">
        <ele>2473.4</ele>
      </trkpt>
      <trkpt lat="37.084631" lon="-3.380333">
        <ele>2473.8</ele>
      </trkpt>
      <trkpt lat="37.08463" lon="-3.380287">
        <ele>2474.2</ele>
      </trkpt>
      <trkpt lat="37.084629" lon="-3.380241">
        <ele>2474.4</ele>
      </trkpt>
      <trkpt lat="37.084627" lon="-3.380195">
        <ele>2474.4</ele>
      </trkpt>
      <trkpt lat="37.084625" lon="-3.380147">
        <ele>2474.6</ele>
      </trkpt>
      <trkpt lat="37.084624" lon="-3.380101">
        <ele>2474.6</ele>
      </trkpt>
      <trkpt lat="37.08462" lon="-3.380054">
        <ele>2474.6</ele>
      </trkpt>
      <trkpt lat="37.084614" lon="-3.380008">
        <ele>2475.0</ele>
      </trkpt>
      <trkpt lat="37.084605" lon="-3.379963">
        <ele>2475.2</ele>
      </trkpt>
      <trkpt lat="37.084592" lon="-3.37992">
        <ele>2475.4</ele>
      </trkpt>
      <trkpt lat="37.084574" lon="-3.37988">
        <ele>2475.6</ele>
      </trkpt>
      <trkpt lat="37.084549" lon="-3.379844">
        <ele>2475.8</ele>
      </trkpt>
      <trkpt lat="37.084522" lon="-3.379811">
        <ele>2476.0</ele>
      </trkpt>
      <trkpt lat="37.084493" lon="-3.379782">
        <ele>2476.4</ele>
      </trkpt>
      <trkpt lat="37.084463" lon="-3.379756">
        <ele>2476.8</ele>
      </trkpt>
      <trkpt lat="37.084434" lon="-3.379732">
        <ele>2477.0</ele>
      </trkpt>
      <trkpt lat="37.084405" lon="-3.379713">
        <ele>2477.4</ele>
      </trkpt>
      <trkpt lat="37.084373" lon="-3.379704">
        <ele>2477.8</ele>
      </trkpt>
      <trkpt lat="37.084341" lon="-3.379706">
        <ele>2478.0</ele>
      </trkpt>
      <trkpt lat="37.084309" lon="-3.379716">
        <ele>2478.4</ele>
      </trkpt>
      <trkpt lat="37.084279" lon="-3.379735">
        <ele>2478.8</ele>
      </trkpt>
      <trkpt lat="37.084254" lon="-3.379762">
        <ele>2479.4</ele>
      </trkpt>
      <trkpt lat="37.084237" lon="-3.379795">
        <ele>2479.8</ele>
      </trkpt>
      <trkpt lat="37.084228" lon="-3.379833">
        <ele>2480.2</ele>
      </trkpt>
      <trkpt lat="37.084222" lon="-3.379873">
        <ele>2480.4</ele>
      </trkpt>
      <trkpt lat="37.084216" lon="-3.379914">
        <ele>2480.4</ele>
      </trkpt>
      <trkpt lat="37.08421" lon="-3.379956">
        <ele>2480.6</ele>
      </trkpt>
      <trkpt lat="37.084205" lon="-3.379998">
        <ele>2480.8</ele>
      </trkpt>
      <trkpt lat="37.0842" lon="-3.380041">
        <ele>2481.2</ele>
      </trkpt>
      <trkpt lat="37.084198" lon="-3.380084">
        <ele>2481.4</ele>
      </trkpt>
      <trkpt lat="37.084196" lon="-3.380129">
        <ele>2481.4</ele>
      </trkpt>
      <trkpt lat="37.084196" lon="-3.380175">
        <ele>2481.6</ele>
      </trkpt>
      <trkpt lat="37.084197" lon="-3.380221">
        <ele>2481.8</ele>
      </trkpt>
      <trkpt lat="37.084198" lon="-3.380267">
        <ele>2482.0</ele>
      </trkpt>
      <trkpt lat="37.084198" lon="-3.380315">
        <ele>2482.0</ele>
      </trkpt>
      <trkpt lat="37.084195" lon="-3.380363">
        <ele>2482.4</ele>
      </trkpt>
      <trkpt lat="37.084188" lon="-3.380411">
        <ele>2482.6</ele>
      </trkpt>
      <trkpt lat="37.084178" lon="-3.38046">
        <ele>2482.6</ele>
      </trkpt>
      <trkpt lat="37.084165" lon="-3.380508">
        <ele>2482.6</ele>
      </trkpt>
      <trkpt lat="37.084151" lon="-3.380554">
        <ele>2482.8</ele>
      </trkpt>
      <trkpt lat="37.084129" lon="-3.380596">
        <ele>2483.0</ele>
      </trkpt>
      <trkpt lat="37.084103" lon="-3.380633">
        <ele>2483.4</ele>
      </trkpt>
      <trkpt lat="37.084071" lon="-3.380667">
        <ele>2483.8</ele>
      </trkpt>
      <trkpt lat="37.084035" lon="-3.380696">
        <ele>2484.0</ele>
      </trkpt>
      <trkpt lat="37.084" lon="-3.380721">
        <ele>2484.2</ele>
      </trkpt>
      <trkpt lat="37.083964" lon="-3.380742">
        <ele>2484.4</ele>
      </trkpt>
      <trkpt lat="37.083927" lon="-3.380757">
        <ele>2484.6</ele>
      </trkpt>
      <trkpt lat="37.083887" lon="-3.380769">
        <ele>2484.8</ele>
      </trkpt>
      <trkpt lat="37.083848" lon="-3.380773">
        <ele>2485.2</ele>
      </trkpt>
      <trkpt lat="37.083809" lon="-3.380768">
        <ele>2485.2</ele>
      </trkpt>
      <trkpt lat="37.08377" lon="-3.380753">
        <ele>2485.6</ele>
      </trkpt>
      <trkpt lat="37.083736" lon="-3.380729">
        <ele>2485.8</ele>
      </trkpt>
      <trkpt lat="37.083704" lon="-3.380703">
        <ele>2486.0</ele>
      </trkpt>
      <trkpt lat="37.083672" lon="-3.380679">
        <ele>2486.2</ele>
      </trkpt>
      <trkpt lat="37.083639" lon="-3.380654">
        <ele>2486.4</ele>
      </trkpt>
      <trkpt lat="37.083609" lon="-3.380626">
        <ele>2486.8</ele>
      </trkpt>
      <trkpt lat="37.083579" lon="-3.380597">
        <ele>2487.0</ele>
      </trkpt>
      <trkpt lat="37.083552" lon="-3.380565">
        <ele>2487.2</ele>
      </trkpt>
      <trkpt lat="37.083528" lon="-3.38053">
        <ele>2487.4</ele>
      </trkpt>
      <trkpt lat="37.083506" lon="-3.380493">
        <ele>2487.8</ele>
      </trkpt>
      <trkpt lat="37.083488" lon="-3.380453">
        <ele>2488.2</ele>
      </trkpt>
      <trkpt lat="37.083476" lon="-3.380409">
        <ele>2488.4</ele>
      </trkpt>
      <trkpt lat="37.083474" lon="-3.380363">
        <ele>2488.6</ele>
      </trkpt>
      <trkpt lat="37.083479" lon="-3.380317">
        <ele>2488.8</ele>
      </trkpt>
      <trkpt lat="37.083487" lon="-3.38027">
        <ele>2489.0</ele>
      </trkpt>
      <trkpt lat="37.083496" lon="-3.380224">
        <ele>2489.2</ele>
      </trkpt>
      <trkpt lat="37.083505" lon="-3.380177">
        <ele>2489.2</ele>
      </trkpt>
      <trkpt lat="37.083512" lon="-3.380131">
        <ele>2489.4</ele>
      </trkpt>
      <trkpt lat="37.083521" lon="-3.380085">
        <ele>2489.6</ele>
      </trkpt>
      <trkpt lat="37.083531" lon="-3.38004">
        <ele>2489.8</ele>
      </trkpt>
      <trkpt lat="37.083539" lon="-3.379994">
        <ele>2490.0</ele>
      </trkpt>
      <trkpt lat="37.083547" lon="-3.379946">
        <ele>2490.2</ele>
      </trkpt>
      <trkpt lat="37.083554" lon="-3.379899">
        <ele>2490.6</ele>
      </trkpt>
      <trkpt lat="37.08356" lon="-3.379852">
        <ele>2491.0</ele>
      </trkpt>
      <trkpt lat="37.083566" lon="-3.379805">
        <ele>2491.2</ele>
      </trkpt>
      <trkpt lat="37.083572" lon="-3.379759">
        <ele>2491.4</ele>
      </trkpt>
      <trkpt lat="37.08358" lon="-3.379715">
        <ele>2491.6</ele>
      </trkpt>
      <trkpt lat="37.08359" lon="-3.379671">
        <ele>2492.0</ele>
      </trkpt>
      <trkpt lat="37.083599" lon="-3.379627">
        <ele>2492.2</ele>
      </trkpt>
      <trkpt lat="37.083607" lon="-3.379583">
        <ele>2492.4</ele>
      </trkpt>
      <trkpt lat="37.083616" lon="-3.37954">
        <ele>2492.6</ele>
      </trkpt>
      <trkpt lat="37.083625" lon="-3.379497">
        <ele>2492.8</ele>
      </trkpt>
      <trkpt lat="37.08363" lon="-3.379454">
        <ele>2493.0</ele>
      </trkpt>
      <trkpt lat="37.083632" lon="-3.379411">
        <ele>2493.4</ele>
      </trkpt>
      <trkpt lat="37.083627" lon="-3.379369">
        <ele>2493.8</ele>
      </trkpt>
      <trkpt lat="37.083615" lon="-3.379329">
        <ele>2494.0</ele>
      </trkpt>
      <trkpt lat="37.083597" lon="-3.379294">
        <ele>2494.2</ele>
      </trkpt>
      <trkpt lat="37.083574" lon="-3.379263">
        <ele>2494.4</ele>
      </trkpt>
      <trkpt lat="37.08355" lon="-3.379234">
        <ele>2494.8</ele>
      </trkpt>
      <trkpt lat="37.083523" lon="-3.379209">
        <ele>2495.2</ele>
      </trkpt>
      <trkpt lat="37.083494" lon="-3.379189">
        <ele>2495.4</ele>
      </trkpt>
      <trkpt lat="37.083465" lon="-3.379173">
        <ele>2495.6</ele>
      </trkpt>
      <trkpt lat="37.083434" lon="-3.379163">
        <ele>2495.8</ele>
      </trkpt>
      <trkpt lat="37.083403" lon="-3.379158">
        <ele>2496.0</ele>
      </trkpt>
      <trkpt lat="37.083372" lon="-3.379157">
        <ele>2496.2</ele>
      </trkpt>
      <trkpt lat="37.083342" lon="-3.379161">
        <ele>2496.6</ele>
      </trkpt>
      <trkpt lat="37.083312" lon="-3.379169">
        <ele>2497.0</ele>
      </trkpt>
      <trkpt lat="37.083284" lon="-3.37918">
        <ele>2497.4</ele>
      </trkpt>
      <trkpt lat="37.083257" lon="-3.379191">
        <ele>2497.6</ele>
      </trkpt>
      <trkpt lat="37.083231" lon="-3.379206">
        <ele>2498.0</ele>
      </trkpt>
      <trkpt lat="37.083207" lon="-3.379226">
        <ele>2498.2</ele>
      </trkpt>
      <trkpt lat="37.083184" lon="-3.379248">
        <ele>2498.6</ele>
      </trkpt>
      <trkpt lat="37.083161" lon="-3.379268">
        <ele>2499.0</ele>
      </trkpt>
      <trkpt lat="37.083136" lon="-3.379288">
        <ele>2499.4</ele>
      </trkpt>
      <trkpt lat="37.083111" lon="-3.379309">
        <ele>2499.6</ele>
      </trkpt>
      <trkpt lat="37.083087" lon="-3.379333">
        <ele>2500.0</ele>
      </trkpt>
      <trkpt lat="37.083062" lon="-3.379357">
        <ele>2500.2</ele>
      </trkpt>
      <trkpt lat="37.083035" lon="-3.379378">
        <ele>2500.4</ele>
      </trkpt>
      <trkpt lat="37.083007" lon="-3.379397">
        <ele>2500.8</ele>
      </trkpt>
      <trkpt lat="37.082979" lon="-3.379416">
        <ele>2501.2</ele>
      </trkpt>
      <trkpt lat="37.08295" lon="-3.379434">
        <ele>2501.4</ele>
      </trkpt>
      <trkpt lat="37.082921" lon="-3.37945">
        <ele>2501.6</ele>
      </trkpt>
      <trkpt lat="37.08289" lon="-3.379462">
        <ele>2501.8</ele>
      </trkpt>
      <trkpt lat="37.082859" lon="-3.379468">
        <ele>2502.2</ele>
      </trkpt>
      <trkpt lat="37.082828" lon="-3.379471">
        <ele>2502.8</ele>
      </trkpt>
      <trkpt lat="37.082798" lon="-3.37947">
        <ele>2503.0</ele>
      </trkpt>
      <trkpt lat="37.082767" lon="-3.379468">
        <ele>2503.2</ele>
      </trkpt>
      <trkpt lat="37.082737" lon="-3.379463">
        <ele>2503.2</ele>
      </trkpt>
      <trkpt lat="37.082705" lon="-3.379456">
        <ele>2503.6</ele>
      </trkpt>
      <trkpt lat="37.082674" lon="-3.379448">
        <ele>2503.8</ele>
      </trkpt>
      <trkpt lat="37.082643" lon="-3.379439">
        <ele>2504.0</ele>
      </trkpt>
      <trkpt lat="37.082613" lon="-3.379431">
        <ele>2504.2</ele>
      </trkpt>
      <trkpt lat="37.082582" lon="-3.379425">
        <ele>2504.4</ele>
      </trkpt>
      <trkpt lat="37.08255" lon="-3.37942">
        <ele>2504.8</ele>
      </trkpt>
      <trkpt lat="37.082519" lon="-3.379414">
        <ele>2504.8</ele>
      </trkpt>
      <trkpt lat="37.082488" lon="-3.379405">
        <ele>2505.0</ele>
      </trkpt>
      <trkpt lat="37.082457" lon="-3.379395">
        <ele>2505.0</ele>
      </trkpt>
      <trkpt lat="37.082427" lon="-3.379385">
        <ele>2505.4</ele>
      </trkpt>
      <trkpt lat="37.082396" lon="-3.379374">
        <ele>2505.6</ele>
      </trkpt>
      <trkpt lat="37.082364" lon="-3.379364">
        <ele>2506.0</ele>
      </trkpt>
      <trkpt lat="37.082332" lon="-3.379358">
        <ele>2506.4</ele>
      </trkpt>
      <trkpt lat="37.082299" lon="-3.379353">
        <ele>2506.6</ele>
      </trkpt>
      <trkpt lat="37.082267" lon="-3.379349">
        <ele>2506.8</ele>
      </trkpt>
      <trkpt lat="37.082235" lon="-3.379348">
        <ele>2507.2</ele>
      </trkpt>
      <trkpt lat="37.082201" lon="-3.37935">
        <ele>2507.2</ele>
      </trkpt>
      <trkpt lat="37.082167" lon="-3.379356">
        <ele>2507.4</ele>
      </trkpt>
      <trkpt lat="37.082133" lon="-3.379366">
        <ele>2507.4</ele>
      </trkpt>
      <trkpt lat="37.0821" lon="-3.379383">
        <ele>2507.4</ele>
      </trkpt>
      <trkpt lat="37.082069" lon="-3.379403">
        <ele>2507.6</ele>
      </trkpt>
      <trkpt lat="37.082038" lon="-3.379423">
        <ele>2507.8</ele>
      </trkpt>
      <trkpt lat="37.082009" lon="-3.379447">
        <ele>2508.0</ele>
      </trkpt>
      <trkpt lat="37.081981" lon="-3.379474">
        <ele>2508.4</ele>
      </trkpt>
      <trkpt lat="37.081952" lon="-3.379499">
        <ele>2508.4</ele>
      </trkpt>
      <trkpt lat="37.081922" lon="-3.379522">
        <ele>2508.6</ele>
      </trkpt>
      <trkpt lat="37.081894" lon="-3.379547">
        <ele>2509.0</ele>
      </trkpt>
      <trkpt lat="37.081866" lon="-3.379573">
        <ele>2509.4</ele>
      </trkpt>
      <trkpt lat="37.081839" lon="-3.3796">
        <ele>2509.8</ele>
      </trkpt>
      <trkpt lat="37.081811" lon="-3.379625">
        <ele>2510.2</ele>
      </trkpt>
      <trkpt lat="37.081782" lon="-3.37965">
        <ele>2510.4</ele>
      </trkpt>
      <trkpt lat="37.081753" lon="-3.379676">
        <ele>2510.6</ele>
      </trkpt>
      <trkpt lat="37.081723" lon="-3.3797">
        <ele>2510.6</ele>
      </trkpt>
      <trkpt lat="37.081691" lon="-3.379722">
        <ele>2510.8</ele>
      </trkpt>
      <trkpt lat="37.081659" lon="-3.37974">
        <ele>2511.0</ele>
      </trkpt>
      <trkpt lat="37.081626" lon="-3.379753">
        <ele>2511.2</ele>
      </trkpt>
      <trkpt lat="37.081592" lon="-3.379763">
        <ele>2511.6</ele>
      </trkpt>
      <trkpt lat="37.081558" lon="-3.379768">
        <ele>2511.8</ele>
      </trkpt>
      <trkpt lat="37.081524" lon="-3.379769">
        <ele>2512.0</ele>
      </trkpt>
      <trkpt lat="37.081491" lon="-3.379761">
        <ele>2512.4</ele>
      </trkpt>
      <trkpt lat="37.08146" lon="-3.379745">
        <ele>2512.8</ele>
      </trkpt>
      <trkpt lat="37.081433" lon="-3.379721">
        <ele>2513.0</ele>
      </trkpt>
      <trkpt lat="37.081408" lon="-3.379693">
        <ele>2513.4</ele>
      </trkpt>
      <trkpt lat="37.081387" lon="-3.37966">
        <ele>2513.6</ele>
      </trkpt>
      <trkpt lat="37.081371" lon="-3.379624">
        <ele>2514.0</ele>
      </trkpt>
      <trkpt lat="37.08136" lon="-3.379584">
        <ele>2514.2</ele>
      </trkpt>
      <trkpt lat="37.081353" lon="-3.379543">
        <ele>2514.4</ele>
      </trkpt>
      <trkpt lat="37.081351" lon="-3.3795">
        <ele>2514.8</ele>
      </trkpt>
      <trkpt lat="37.081352" lon="-3.379457">
        <ele>2515.0</ele>
      </trkpt>
      <trkpt lat="37.081358" lon="-3.379413">
        <ele>2515.2</ele>
      </trkpt>
      <trkpt lat="37.08137" lon="-3.37937">
        <ele>2515.6</ele>
      </trkpt>
      <trkpt lat="37.081386" lon="-3.379331">
        <ele>2516.0</ele>
      </trkpt>
      <trkpt lat="37.081407" lon="-3.379294">
        <ele>2516.2</ele>
      </trkpt>
      <trkpt lat="37.08143" lon="-3.379259">
        <ele>2516.6</ele>
      </trkpt>
      <trkpt lat="37.081455" lon="-3.379226">
        <ele>2517.0</ele>
      </trkpt>
      <trkpt lat="37.081483" lon="-3.379194">
        <ele>2517.4</ele>
      </trkpt>
      <trkpt lat="37.081511" lon="-3.379163">
        <ele>2517.6</ele>
      </trkpt>
      <trkpt lat="37.081542" lon="-3.379133">
        <ele>2517.8</ele>
      </trkpt>
      <trkpt lat="37.081574" lon="-3.379105">
        <ele>2518.0</ele>
      </trkpt>
      <trkpt lat="37.081605" lon="-3.379077">
        <ele>2518.2</ele>
      </trkpt>
      <trkpt lat="37.081638" lon="-3.379052">
        <ele>2518.4</ele>
      </trkpt>
      <trkpt lat="37.081671" lon="-3.37903">
        <ele>2518.6</ele>
      </trkpt>
      <trkpt lat="37.081704" lon="-3.379009">
        <ele>2518.6</ele>
      </trkpt>
      <trkpt lat="37.081734" lon="-3.378984">
        <ele>2518.6</ele>
      </trkpt>
      <trkpt lat="37.081759" lon="-3.378954">
        <ele>2518.6</ele>
      </trkpt>
      <trkpt lat="37.081783" lon="-3.378924">
        <ele>2518.8</ele>
      </trkpt>
      <trkpt lat="37.081805" lon="-3.378892">
        <ele>2519.0</ele>
      </trkpt>
      <trkpt lat="37.081824" lon="-3.378857">
        <ele>2519.4</ele>
      </trkpt>
      <trkpt lat="37.081838" lon="-3.378819">
        <ele>2519.6</ele>
      </trkpt>
      <trkpt lat="37.081849" lon="-3.378778">
        <ele>2519.8</ele>
      </trkpt>
      <trkpt lat="37.081857" lon="-3.378737">
        <ele>2520.0</ele>
      </trkpt>
      <trkpt lat="37.081862" lon="-3.378695">
        <ele>2520.2</ele>
      </trkpt>
      <trkpt lat="37.081864" lon="-3.378652">
        <ele>2520.4</ele>
      </trkpt>
      <trkpt lat="37.081865" lon="-3.37861">
        <ele>2520.8</ele>
      </trkpt>
      <trkpt lat="37.081864" lon="-3.378567">
        <ele>2521.0</ele>
      </trkpt>
      <trkpt lat="37.081862" lon="-3.378523">
        <ele>2521.0</ele>
      </trkpt>
      <trkpt lat="37.081857" lon="-3.378479">
        <ele>2521.4</ele>
      </trkpt>
      <trkpt lat="37.08185" lon="-3.378435">
        <ele>2521.6</ele>
      </trkpt>
      <trkpt lat="37.081843" lon="-3.378391">
        <ele>2521.8</ele>
      </trkpt>
      <trkpt lat="37.081832" lon="-3.378348">
        <ele>2522.0</ele>
      </trkpt>
      <trkpt lat="37.081818" lon="-3.378305">
        <ele>2522.2</ele>
      </trkpt>
      <trkpt lat="37.0818" lon="-3.378264">
        <ele>2522.6</ele>
      </trkpt>
      <trkpt lat="37.081779" lon="-3.378227">
        <ele>2522.8</ele>
      </trkpt>
      <trkpt lat="37.081751" lon="-3.378196">
        <ele>2523.0</ele>
      </trkpt>
      <trkpt lat="37.081719" lon="-3.378173">
        <ele>2523.2</ele>
      </trkpt>
      <trkpt lat="37.081685" lon="-3.378159">
        <ele>2523.4</ele>
      </trkpt>
      <trkpt lat="37.081648" lon="-3.378156">
        <ele>2523.8</ele>
      </trkpt>
      <trkpt lat="37.081613" lon="-3.378163">
        <ele>2523.8</ele>
      </trkpt>
      <trkpt lat="37.081579" lon="-3.37818">
        <ele>2524.2</ele>
      </trkpt>
      <trkpt lat="37.081548" lon="-3.378206">
        <ele>2524.6</ele>
      </trkpt>
      <trkpt lat="37.08152" lon="-3.378234">
        <ele>2525.0</ele>
      </trkpt>
      <trkpt lat="37.081493" lon="-3.378265">
        <ele>2525.4</ele>
      </trkpt>
      <trkpt lat="37.081467" lon="-3.378298">
        <ele>2525.6</ele>
      </trkpt>
      <trkpt lat="37.081442" lon="-3.378331">
        <ele>2525.8</ele>
      </trkpt>
      <trkpt lat="37.081416" lon="-3.378362">
        <ele>2525.8</ele>
      </trkpt>
      <trkpt lat="37.081389" lon="-3.378394">
        <ele>2525.8</ele>
      </trkpt>
      <trkpt lat="37.081361" lon="-3.378424">
        <ele>2526.0</ele>
      </trkpt>
      <trkpt lat="37.081332" lon="-3.378452">
        <ele>2526.6</ele>
      </trkpt>
      <trkpt lat="37.081299" lon="-3.378473">
        <ele>2526.8</ele>
      </trkpt>
      <trkpt lat="37.081264" lon="-3.378484">
        <ele>2526.8</ele>
      </trkpt>
      <trkpt lat="37.081228" lon="-3.378487">
        <ele>2527.0</ele>
      </trkpt>
      <trkpt lat="37.081192" lon="-3.378485">
        <ele>2527.4</ele>
      </trkpt>
      <trkpt lat="37.081157" lon="-3.378482">
        <ele>2527.8</ele>
      </trkpt>
      <trkpt lat="37.081123" lon="-3.378479">
        <ele>2527.8</ele>
      </trkpt>
      <trkpt lat="37.081089" lon="-3.378474">
        <ele>2528.4</ele>
      </trkpt>
      <trkpt lat="37.081058" lon="-3.378467">
        <ele>2528.6</ele>
      </trkpt>
      <trkpt lat="37.081027" lon="-3.378456">
        <ele>2529.0</ele>
      </trkpt>
      <trkpt lat="37.080996" lon="-3.378445">
        <ele>2529.2</ele>
      </trkpt>
      <trkpt lat="37.080965" lon="-3.378433">
        <ele>2529.4</ele>
      </trkpt>
      <trkpt lat="37.080934" lon="-3.37842">
        <ele>2529.6</ele>
      </trkpt>
      <trkpt lat="37.080902" lon="-3.378409">
        <ele>2529.8</ele>
      </trkpt>
      <trkpt lat="37.08087" lon="-3.378397">
        <ele>2530.2</ele>
      </trkpt>
      <trkpt lat="37.080838" lon="-3.378386">
        <ele>2530.6</ele>
      </trkpt>
      <trkpt lat="37.080806" lon="-3.378376">
        <ele>2531.0</ele>
      </trkpt>
      <trkpt lat="37.080774" lon="-3.378367">
        <ele>2531.2</ele>
      </trkpt>
      <trkpt lat="37.080743" lon="-3.378361">
        <ele>2531.4</ele>
      </trkpt>
      <trkpt lat="37.080711" lon="-3.378357">
        <ele>2531.8</ele>
      </trkpt>
      <trkpt lat="37.08068" lon="-3.378356">
        <ele>2532.0</ele>
      </trkpt>
      <trkpt lat="37.080647" lon="-3.378356">
        <ele>2532.2</ele>
      </trkpt>
      <trkpt lat="37.080615" lon="-3.378357">
        <ele>2532.2</ele>
      </trkpt>
      <trkpt lat="37.080582" lon="-3.378359">
        <ele>2532.6</ele>
      </trkpt>
      <trkpt lat="37.080549" lon="-3.378362">
        <ele>2532.8</ele>
      </trkpt>
      <trkpt lat="37.080516" lon="-3.378365">
        <ele>2533.2</ele>
      </trkpt>
      <trkpt lat="37.080481" lon="-3.378371">
        <ele>2533.2</ele>
      </trkpt>
      <trkpt lat="37.080447" lon="-3.378378">
        <ele>2533.4</ele>
      </trkpt>
      <trkpt lat="37.080413" lon="-3.378385">
        <ele>2533.6</ele>
      </trkpt>
      <trkpt lat="37.080379" lon="-3.378392">
        <ele>2534.0</ele>
      </trkpt>
      <trkpt lat="37.080345" lon="-3.378399">
        <ele>2534.2</ele>
      </trkpt>
      <trkpt lat="37.080311" lon="-3.378406">
        <ele>2534.6</ele>
      </trkpt>
      <trkpt lat="37.080278" lon="-3.378412">
        <ele>2535.0</ele>
      </trkpt>
      <trkpt lat="37.080244" lon="-3.378416">
        <ele>2535.0</ele>
      </trkpt>
      <trkpt lat="37.080211" lon="-3.378417">
        <ele>2535.2</ele>
      </trkpt>
      <trkpt lat="37.080178" lon="-3.378414">
        <ele>2535.4</ele>
      </trkpt>
      <trkpt lat="37.080146" lon="-3.378408">
        <ele>2535.8</ele>
      </trkpt>
      <trkpt lat="37.080115" lon="-3.378399">
        <ele>2536.0</ele>
      </trkpt>
      <trkpt lat="37.080086" lon="-3.378384">
        <ele>2536.4</ele>
      </trkpt>
      <trkpt lat="37.080059" lon="-3.378362">
        <ele>2536.6</ele>
      </trkpt>
      <trkpt lat="37.080034" lon="-3.378334">
        <ele>2537.0</ele>
      </trkpt>
      <trkpt lat="37.080014" lon="-3.378304">
        <ele>2537.2</ele>
      </trkpt>
      <trkpt lat="37.079999" lon="-3.37827">
        <ele>2537.6</ele>
      </trkpt>
      <trkpt lat="37.079992" lon="-3.378231">
        <ele>2538.2</ele>
      </trkpt>
      <trkpt lat="37.079991" lon="-3.37819">
        <ele>2538.4</ele>
      </trkpt>
      <trkpt lat="37.079995" lon="-3.378147">
        <ele>2538.6</ele>
      </trkpt>
      <trkpt lat="37.080005" lon="-3.378106">
        <ele>2538.8</ele>
      </trkpt>
      <trkpt lat="37.080022" lon="-3.37807">
        <ele>2538.8</ele>
      </trkpt>
      <trkpt lat="37.080043" lon="-3.37804">
        <ele>2539.2</ele>
      </trkpt>
      <trkpt lat="37.080064" lon="-3.37801">
        <ele>2539.6</ele>
      </trkpt>
      <trkpt lat="37.080086" lon="-3.37798">
        <ele>2540.2</ele>
      </trkpt>
      <trkpt lat="37.080109" lon="-3.377949">
        <ele>2540.6</ele>
      </trkpt>
      <trkpt lat="37.080133" lon="-3.37792">
        <ele>2541.0</ele>
      </trkpt>
      <trkpt lat="37.080157" lon="-3.377894">
        <ele>2541.2</ele>
      </trkpt>
      <trkpt lat="37.080183" lon="-3.377869">
        <ele>2541.6</ele>
      </trkpt>
      <trkpt lat="37.080209" lon="-3.377845">
        <ele>2541.8</ele>
      </trkpt>
      <trkpt lat="37.080234" lon="-3.37782">
        <ele>2542.0</ele>
      </trkpt>
      <trkpt lat="37.080259" lon="-3.377795">
        <ele>2542.2</ele>
      </trkpt>
      <trkpt lat="37.080282" lon="-3.377768">
        <ele>2542.2</ele>
      </trkpt>
      <trkpt lat="37.080305" lon="-3.377737">
        <ele>2542.4</ele>
      </trkpt>
      <trkpt lat="37.080326" lon="-3.377706">
        <ele>2542.6</ele>
      </trkpt>
      <trkpt lat="37.080348" lon="-3.377674">
        <ele>2542.6</ele>
      </trkpt>
      <trkpt lat="37.08037" lon="-3.37764">
        <ele>2542.8</ele>
      </trkpt>
      <trkpt lat="37.08039" lon="-3.377603">
        <ele>2543.0</ele>
      </trkpt>
      <trkpt lat="37.080404" lon="-3.377563">
        <ele>2543.0</ele>
      </trkpt>
      <trkpt lat="37.080415" lon="-3.377522">
        <ele>2543.0</ele>
      </trkpt>
      <trkpt lat="37.080421" lon="-3.377479">
        <ele>2543.4</ele>
      </trkpt>
      <trkpt lat="37.080428" lon="-3.377436">
        <ele>2543.8</ele>
      </trkpt>
      <trkpt lat="37.080435" lon="-3.377394">
        <ele>2544.0</ele>
      </trkpt>
      <trkpt lat="37.080437" lon="-3.377351">
        <ele>2544.2</ele>
      </trkpt>
      <trkpt lat="37.080435" lon="-3.377309">
        <ele>2544.4</ele>
      </trkpt>
      <trkpt lat="37.080432" lon="-3.377266">
        <ele>2544.6</ele>
      </trkpt>
      <trkpt lat="37.080432" lon="-3.377225">
        <ele>2544.8</ele>
      </trkpt>
      <trkpt lat="37.080436" lon="-3.377184">
        <ele>2545.0</ele>
      </trkpt>
      <trkpt lat="37.080439" lon="-3.377143">
        <ele>2545.0</ele>
      </trkpt>
      <trkpt lat="37.08044" lon="-3.377103">
        <ele>2545.2</ele>
      </trkpt>
      <trkpt lat="37.08044" lon="-3.377064">
        <ele>2545.6</ele>
      </trkpt>
      <trkpt lat="37.08044" lon="-3.377025">
        <ele>2545.8</ele>
      </trkpt>
      <trkpt lat="37.080442" lon="-3.376986">
        <ele>2546.0</ele>
      </trkpt>
      <trkpt lat="37.080445" lon="-3.376948">
        <ele>2546.2</ele>
      </trkpt>
      <trkpt lat="37.080448" lon="-3.37691">
        <ele>2546.6</ele>
      </trkpt>
      <trkpt lat="37.080447" lon="-3.376873">
        <ele>2546.8</ele>
      </trkpt>
      <trkpt lat="37.080448" lon="-3.376836">
        <ele>2547.0</ele>
      </trkpt>
      <trkpt lat="37.080447" lon="-3.376798">
        <ele>2547.2</ele>
      </trkpt>
      <trkpt lat="37.080446" lon="-3.376761">
        <ele>2547.6</ele>
      </trkpt>
      <trkpt lat="37.080442" lon="-3.376723">
        <ele>2548.0</ele>
      </trkpt>
      <trkpt lat="37.080439" lon="-3.376685">
        <ele>2548.2</ele>
      </trkpt>
      <trkpt lat="37.08044" lon="-3.376647">
        <ele>2548.4</ele>
      </trkpt>
      <trkpt lat="37.080441" lon="-3.376608">
        <ele>2548.6</ele>
      </trkpt>
      <trkpt lat="37.080442" lon="-3.37657">
        <ele>2548.6</ele>
      </trkpt>
      <trkpt lat="37.080443" lon="-3.376532">
        <ele>2548.8</ele>
      </trkpt>
      <trkpt lat="37.080441" lon="-3.376494">
        <ele>2549.0</ele>
      </trkpt>
      <trkpt lat="37.080433" lon="-3.376456">
        <ele>2549.2</ele>
      </trkpt>
      <trkpt lat="37.080423" lon="-3.376421">
        <ele>2549.6</ele>
      </trkpt>
      <trkpt lat="37.080409" lon="-3.376388">
        <ele>2550.0</ele>
      </trkpt>
      <trkpt lat="37.080392" lon="-3.376357">
        <ele>2550.2</ele>
      </trkpt>
      <trkpt lat="37.080372" lon="-3.376328">
        <ele>2550.6</ele>
      </trkpt>
      <trkpt lat="37.080351" lon="-3.376301">
        <ele>2551.0</ele>
      </trkpt>
      <trkpt lat="37.080325" lon="-3.376281">
        <ele>2551.0</ele>
      </trkpt>
      <trkpt lat="37.080296" lon="-3.376267">
        <ele>2551.4</ele>
      </trkpt>
      <trkpt lat="37.080264" lon="-3.376259">
        <ele>2551.6</ele>
      </trkpt>
      <trkpt lat="37.080231" lon="-3.376254">
        <ele>2551.8</ele>
      </trkpt>
      <trkpt lat="37.080197" lon="-3.376256">
        <ele>2552.2</ele>
      </trkpt>
      <trkpt lat="37.080165" lon="-3.376268">
        <ele>2552.4</ele>
      </trkpt>
      <trkpt lat="37.080133" lon="-3.376285">
        <ele>2552.8</ele>
      </trkpt>
      <trkpt lat="37.080104" lon="-3.376308">
        <ele>2553.0</ele>
      </trkpt>
      <trkpt lat="37.080077" lon="-3.376335">
        <ele>2553.2</ele>
      </trkpt>
      <trkpt lat="37.080053" lon="-3.376367">
        <ele>2553.4</ele>
      </trkpt>
      <trkpt lat="37.080032" lon="-3.376402">
        <ele>2553.6</ele>
      </trkpt>
      <trkpt lat="37.080012" lon="-3.376439">
        <ele>2553.8</ele>
      </trkpt>
      <trkpt lat="37.079991" lon="-3.376476">
        <ele>2553.6</ele>
      </trkpt>
      <trkpt lat="37.079972" lon="-3.376513">
        <ele>2554.0</ele>
      </trkpt>
      <trkpt lat="37.079952" lon="-3.37655">
        <ele>2554.2</ele>
      </trkpt>
      <trkpt lat="37.079932" lon="-3.376586">
        <ele>2554.6</ele>
      </trkpt>
      <trkpt lat="37.079912" lon="-3.376623">
        <ele>2554.8</ele>
      </trkpt>
      <trkpt lat="37.079893" lon="-3.376659">
        <ele>2555.0</ele>
      </trkpt>
      <trkpt lat="37.079873" lon="-3.376696">
        <ele>2555.2</ele>
      </trkpt>
      <trkpt lat="37.079853" lon="-3.376733">
        <ele>2555.6</ele>
      </trkpt>
      <trkpt lat="37.079834" lon="-3.376769">
        <ele>2555.8</ele>
      </trkpt>
      <trkpt lat="37.079814" lon="-3.376805">
        <ele>2556.0</ele>
      </trkpt>
      <trkpt lat="37.079793" lon="-3.376841">
        <ele>2556.4</ele>
      </trkpt>
      <trkpt lat="37.079773" lon="-3.376877">
        <ele>2556.4</ele>
      </trkpt>
      <trkpt lat="37.079754" lon="-3.376913">
        <ele>2556.6</ele>
      </trkpt>
      <trkpt lat="37.079734" lon="-3.37695">
        <ele>2556.8</ele>
      </trkpt>
      <trkpt lat="37.079714" lon="-3.376987">
        <ele>2557.2</ele>
      </trkpt>
      <trkpt lat="37.079694" lon="-3.377025">
        <ele>2557.4</ele>
      </trkpt>
      <trkpt lat="37.079673" lon="-3.377061">
        <ele>2557.6</ele>
      </trkpt>
      <trkpt lat="37.079653" lon="-3.377098">
        <ele>2557.8</ele>
      </trkpt>
      <trkpt lat="37.079632" lon="-3.377134">
        <ele>2558.0</ele>
      </trkpt>
      <trkpt lat="37.079612" lon="-3.37717">
        <ele>2558.2</ele>
      </trkpt>
      <trkpt lat="37.079592" lon="-3.377206">
        <ele>2558.0</ele>
      </trkpt>
      <trkpt lat="37.079572" lon="-3.377241">
        <ele>2558.4</ele>
      </trkpt>
      <trkpt lat="37.079551" lon="-3.377275">
        <ele>2559.0</ele>
      </trkpt>
      <trkpt lat="37.079528" lon="-3.377306">
        <ele>2559.2</ele>
      </trkpt>
      <trkpt lat="37.079504" lon="-3.377335">
        <ele>2559.4</ele>
      </trkpt>
      <trkpt lat="37.079479" lon="-3.37736">
        <ele>2559.6</ele>
      </trkpt>
      <trkpt lat="37.079452" lon="-3.377384">
        <ele>2560.0</ele>
      </trkpt>
      <trkpt lat="37.079426" lon="-3.377405">
        <ele>2560.2</ele>
      </trkpt>
      <trkpt lat="37.079399" lon="-3.377425">
        <ele>2560.8</ele>
      </trkpt>
      <trkpt lat="37.07937" lon="-3.377441">
        <ele>2561.0</ele>
      </trkpt>
      <trkpt lat="37.079342" lon="-3.377457">
        <ele>2561.4</ele>
      </trkpt>
      <trkpt lat="37.079312" lon="-3.377472">
        <ele>2561.6</ele>
      </trkpt>
      <trkpt lat="37.079283" lon="-3.377487">
        <ele>2561.6</ele>
      </trkpt>
      <trkpt lat="37.079254" lon="-3.377502">
        <ele>2562.0</ele>
      </trkpt>
      <trkpt lat="37.079224" lon="-3.377517">
        <ele>2562.2</ele>
      </trkpt>
      <trkpt lat="37.079195" lon="-3.377533">
        <ele>2562.4</ele>
      </trkpt>
      <trkpt lat="37.079166" lon="-3.377551">
        <ele>2562.6</ele>
      </trkpt>
      <trkpt lat="37.079136" lon="-3.377568">
        <ele>2563.0</ele>
      </trkpt>
      <trkpt lat="37.079107" lon="-3.377585">
        <ele>2563.4</ele>
      </trkpt>
      <trkpt lat="37.079076" lon="-3.3776">
        <ele>2563.6</ele>
      </trkpt>
      <trkpt lat="37.079044" lon="-3.377611">
        <ele>2563.8</ele>
      </trkpt>
      <trkpt lat="37.07901" lon="-3.377623">
        <ele>2564.0</ele>
      </trkpt>
      <trkpt lat="37.078977" lon="-3.377637">
        <ele>2564.4</ele>
      </trkpt>
      <trkpt lat="37.078945" lon="-3.377654">
        <ele>2564.6</ele>
      </trkpt>
      <trkpt lat="37.078913" lon="-3.377672">
        <ele>2565.0</ele>
      </trkpt>
      <trkpt lat="37.078883" lon="-3.377689">
        <ele>2565.2</ele>
      </trkpt>
      <trkpt lat="37.078852" lon="-3.377706">
        <ele>2565.4</ele>
      </trkpt>
      <trkpt lat="37.078821" lon="-3.377723">
        <ele>2565.6</ele>
      </trkpt>
      <trkpt lat="37.078791" lon="-3.377741">
        <ele>2565.8</ele>
      </trkpt>
      <trkpt lat="37.078762" lon="-3.37776">
        <ele>2566.0</ele>
      </trkpt>
      <trkpt lat="37.078733" lon="-3.377781">
        <ele>2566.4</ele>
      </trkpt>
      <trkpt lat="37.078703" lon="-3.3778">
        <ele>2566.6</ele>
      </trkpt>
      <trkpt lat="37.078672" lon="-3.37782">
        <ele>2566.8</ele>
      </trkpt>
      <trkpt lat="37.07864" lon="-3.377841">
        <ele>2567.0</ele>
      </trkpt>
      <trkpt lat="37.078609" lon="-3.37786">
        <ele>2567.2</ele>
      </trkpt>
      <trkpt lat="37.078576" lon="-3.377878">
        <ele>2567.6</ele>
      </trkpt>
      <trkpt lat="37.078543" lon="-3.377895">
        <ele>2568.0</ele>
      </trkpt>
      <trkpt lat="37.07851" lon="-3.377911">
        <ele>2568.4</ele>
      </trkpt>
      <trkpt lat="37.078476" lon="-3.377927">
        <ele>2568.8</ele>
      </trkpt>
      <trkpt lat="37.078441" lon="-3.377936">
        <ele>2569.0</ele>
      </trkpt>
      <trkpt lat="37.078407" lon="-3.377937">
        <ele>2569.4</ele>
      </trkpt>
      <trkpt lat="37.078374" lon="-3.37793">
        <ele>2569.8</ele>
      </trkpt>
      <trkpt lat="37.078343" lon="-3.377915">
        <ele>2569.8</ele>
      </trkpt>
      <trkpt lat="37.078314" lon="-3.377894">
        <ele>2570.2</ele>
      </trkpt>
      <trkpt lat="37.078289" lon="-3.377871">
        <ele>2570.6</ele>
      </trkpt>
      <trkpt lat="37.078267" lon="-3.37784">
        <ele>2570.8</ele>
      </trkpt>
      <trkpt lat="37.07825" lon="-3.377803">
        <ele>2571.2</ele>
      </trkpt>
      <trkpt lat="37.07824" lon="-3.377764">
        <ele>2571.8</ele>
      </trkpt>
      <trkpt lat="37.078236" lon="-3.377724">
        <ele>2572.0</ele>
      </trkpt>
      <trkpt lat="37.078238" lon="-3.377682">
        <ele>2572.2</ele>
      </trkpt>
      <trkpt lat="37.078247" lon="-3.377637">
        <ele>2572.4</ele>
      </trkpt>
      <trkpt lat="37.078262" lon="-3.377594">
        <ele>2572.8</ele>
      </trkpt>
      <trkpt lat="37.078287" lon="-3.377555">
        <ele>2573.6</ele>
      </trkpt>
      <trkpt lat="37.078313" lon="-3.377522">
        <ele>2574.0</ele>
      </trkpt>
      <trkpt lat="37.078343" lon="-3.377494">
        <ele>2574.0</ele>
      </trkpt>
      <trkpt lat="37.078378" lon="-3.37747">
        <ele>2574.4</ele>
      </trkpt>
      <trkpt lat="37.078414" lon="-3.377448">
        <ele>2574.4</ele>
      </trkpt>
      <trkpt lat="37.078453" lon="-3.377426">
        <ele>2574.6</ele>
      </trkpt>
      <trkpt lat="37.078493" lon="-3.377404">
        <ele>2574.8</ele>
      </trkpt>
      <trkpt lat="37.078534" lon="-3.377382">
        <ele>2574.8</ele>
      </trkpt>
      <trkpt lat="37.078575" lon="-3.377358">
        <ele>2574.8</ele>
      </trkpt>
      <trkpt lat="37.078616" lon="-3.377333">
        <ele>2575.0</ele>
      </trkpt>
      <trkpt lat="37.078656" lon="-3.377304">
        <ele>2575.0</ele>
      </trkpt>
      <trkpt lat="37.078692" lon="-3.377271">
        <ele>2575.0</ele>
      </trkpt>
      <trkpt lat="37.078725" lon="-3.377231">
        <ele>2575.0</ele>
      </trkpt>
      <trkpt lat="37.078751" lon="-3.377184">
        <ele>2575.0</ele>
      </trkpt>
      <trkpt lat="37.078767" lon="-3.377132">
        <ele>2575.0</ele>
      </trkpt>
      <trkpt lat="37.078777" lon="-3.377078">
        <ele>2575.0</ele>
      </trkpt>
      <trkpt lat="37.078783" lon="-3.377023">
        <ele>2575.2</ele>
      </trkpt>
      <trkpt lat="37.078788" lon="-3.376969">
        <ele>2575.4</ele>
      </trkpt>
      <trkpt lat="37.078791" lon="-3.376914">
        <ele>2575.8</ele>
      </trkpt>
      <trkpt lat="37.078796" lon="-3.37686">
        <ele>2575.8</ele>
      </trkpt>
      <trkpt lat="37.0788" lon="-3.376806">
        <ele>2576.2</ele>
      </trkpt>
      <trkpt lat="37.078804" lon="-3.376753">
        <ele>2576.2</ele>
      </trkpt>
      <trkpt lat="37.078808" lon="-3.3767">
        <ele>2576.6</ele>
      </trkpt>
      <trkpt lat="37.078812" lon="-3.376647">
        <ele>2576.8</ele>
      </trkpt>
      <trkpt lat="37.078815" lon="-3.376593">
        <ele>2577.2</ele>
      </trkpt>
      <trkpt lat="37.078819" lon="-3.37654">
        <ele>2577.6</ele>
      </trkpt>
      <trkpt lat="37.078823" lon="-3.376485">
        <ele>2577.8</ele>
      </trkpt>
      <trkpt lat="37.078829" lon="-3.376431">
        <ele>2578.0</ele>
      </trkpt>
      <trkpt lat="37.078837" lon="-3.376377">
        <ele>2578.2</ele>
      </trkpt>
      <trkpt lat="37.07885" lon="-3.376325">
        <ele>2578.4</ele>
      </trkpt>
      <trkpt lat="37.07887" lon="-3.376275">
        <ele>2578.6</ele>
      </trkpt>
      <trkpt lat="37.078896" lon="-3.376232">
        <ele>2579.0</ele>
      </trkpt>
      <trkpt lat="37.078925" lon="-3.376192">
        <ele>2579.2</ele>
      </trkpt>
      <trkpt lat="37.078958" lon="-3.376156">
        <ele>2579.4</ele>
      </trkpt>
      <trkpt lat="37.078995" lon="-3.376126">
        <ele>2579.6</ele>
      </trkpt>
      <trkpt lat="37.079033" lon="-3.376095">
        <ele>2579.8</ele>
      </trkpt>
      <trkpt lat="37.07907" lon="-3.376063">
        <ele>2579.8</ele>
      </trkpt>
      <trkpt lat="37.079104" lon="-3.37603">
        <ele>2580.0</ele>
      </trkpt>
      <trkpt lat="37.079137" lon="-3.375992">
        <ele>2580.2</ele>
      </trkpt>
      <trkpt lat="37.079163" lon="-3.375949">
        <ele>2580.2</ele>
      </trkpt>
      <trkpt lat="37.07918" lon="-3.375902">
        <ele>2580.6</ele>
      </trkpt>
      <trkpt lat="37.079186" lon="-3.375854">
        <ele>2580.8</ele>
      </trkpt>
      <trkpt lat="37.079184" lon="-3.375807">
        <ele>2581.0</ele>
      </trkpt>
      <trkpt lat="37.079174" lon="-3.375764">
        <ele>2581.2</ele>
      </trkpt>
      <trkpt lat="37.079155" lon="-3.375726">
        <ele>2581.6</ele>
      </trkpt>
      <trkpt lat="37.079132" lon="-3.375692">
        <ele>2582.0</ele>
      </trkpt>
      <trkpt lat="37.079103" lon="-3.375663">
        <ele>2582.4</ele>
      </trkpt>
      <trkpt lat="37.07907" lon="-3.375642">
        <ele>2582.8</ele>
      </trkpt>
      <trkpt lat="37.079034" lon="-3.375629">
        <ele>2583.2</ele>
      </trkpt>
      <trkpt lat="37.078998" lon="-3.375627">
        <ele>2583.8</ele>
      </trkpt>
      <trkpt lat="37.078964" lon="-3.375631">
        <ele>2584.2</ele>
      </trkpt>
      <trkpt lat="37.078929" lon="-3.375638">
        <ele>2584.6</ele>
      </trkpt>
      <trkpt lat="37.078894" lon="-3.375649">
        <ele>2585.0</ele>
      </trkpt>
      <trkpt lat="37.078861" lon="-3.375663">
        <ele>2585.2</ele>
      </trkpt>
      <trkpt lat="37.078828" lon="-3.37568">
        <ele>2585.4</ele>
      </trkpt>
      <trkpt lat="37.078795" lon="-3.375695">
        <ele>2586.0</ele>
      </trkpt>
      <trkpt lat="37.078764" lon="-3.375715">
        <ele>2586.2</ele>
      </trkpt>
      <trkpt lat="37.078735" lon="-3.375738">
        <ele>2586.6</ele>
      </trkpt>
      <trkpt lat="37.078707" lon="-3.375762">
        <ele>2587.0</ele>
      </trkpt>
      <trkpt lat="37.07868" lon="-3.37579">
        <ele>2587.2</ele>
      </trkpt>
      <trkpt lat="37.078654" lon="-3.375819">
        <ele>2587.4</ele>
      </trkpt>
      <trkpt lat="37.078629" lon="-3.375848">
        <ele>2587.6</ele>
      </trkpt>
      <trkpt lat="37.078606" lon="-3.375879">
        <ele>2587.8</ele>
      </trkpt>
      <trkpt lat="37.078584" lon="-3.375913">
        <ele>2588.0</ele>
      </trkpt>
      <trkpt lat="37.078562" lon="-3.375946">
        <ele>2588.0</ele>
      </trkpt>
      <trkpt lat="37.07854" lon="-3.37598">
        <ele>2588.2</ele>
      </trkpt>
      <trkpt lat="37.078519" lon="-3.376015">
        <ele>2588.6</ele>
      </trkpt>
      <trkpt lat="37.078499" lon="-3.376048">
        <ele>2589.0</ele>
      </trkpt>
      <trkpt lat="37.078479" lon="-3.376082">
        <ele>2589.4</ele>
      </trkpt>
      <trkpt lat="37.07846" lon="-3.376116">
        <ele>2589.8</ele>
      </trkpt>
      <trkpt lat="37.078443" lon="-3.376151">
        <ele>2590.0</ele>
      </trkpt>
      <trkpt lat="37.078425" lon="-3.376186">
        <ele>2590.2</ele>
      </trkpt>
      <trkpt lat="37.078408" lon="-3.376221">
        <ele>2590.4</ele>
      </trkpt>
      <trkpt lat="37.07839" lon="-3.376258">
        <ele>2590.8</ele>
      </trkpt>
      <trkpt lat="37.078372" lon="-3.376294">
        <ele>2591.2</ele>
      </trkpt>
      <trkpt lat="37.078352" lon="-3.376328">
        <ele>2591.2</ele>
      </trkpt>
      <trkpt lat="37.078334" lon="-3.376363">
        <ele>2591.6</ele>
      </trkpt>
      <trkpt lat="37.078315" lon="-3.376397">
        <ele>2591.8</ele>
      </trkpt>
      <trkpt lat="37.078295" lon="-3.376432">
        <ele>2592.2</ele>
      </trkpt>
      <trkpt lat="37.078276" lon="-3.376466">
        <ele>2592.2</ele>
      </trkpt>
      <trkpt lat="37.078256" lon="-3.376499">
        <ele>2592.6</ele>
      </trkpt>
      <trkpt lat="37.078234" lon="-3.376532">
        <ele>2593.0</ele>
      </trkpt>
      <trkpt lat="37.078211" lon="-3.376563">
        <ele>2593.2</ele>
      </trkpt>
      <trkpt lat="37.078186" lon="-3.376591">
        <ele>2593.4</ele>
      </trkpt>
      <trkpt lat="37.07816" lon="-3.376619">
        <ele>2593.6</ele>
      </trkpt>
      <trkpt lat="37.078132" lon="-3.376645">
        <ele>2594.0</ele>
      </trkpt>
      <trkpt lat="37.078104" lon="-3.376671">
        <ele>2594.2</ele>
      </trkpt>
      <trkpt lat="37.078075" lon="-3.376695">
        <ele>2594.2</ele>
      </trkpt>
      <trkpt lat="37.078046" lon="-3.376718">
        <ele>2594.4</ele>
      </trkpt>
      <trkpt lat="37.078016" lon="-3.37674">
        <ele>2594.8</ele>
      </trkpt>
      <trkpt lat="37.077986" lon="-3.37676">
        <ele>2595.0</ele>
      </trkpt>
      <trkpt lat="37.077955" lon="-3.376779">
        <ele>2595.2</ele>
      </trkpt>
      <trkpt lat="37.077923" lon="-3.376797">
        <ele>2595.6</ele>
      </trkpt>
      <trkpt lat="37.077892" lon="-3.376814">
        <ele>2595.8</ele>
      </trkpt>
      <trkpt lat="37.07786" lon="-3.376832">
        <ele>2596.0</ele>
      </trkpt>
      <trkpt lat="37.077828" lon="-3.376849">
        <ele>2596.2</ele>
      </trkpt>
      <trkpt lat="37.077796" lon="-3.376866">
        <ele>2596.6</ele>
      </trkpt>
      <trkpt lat="37.077764" lon="-3.376884">
        <ele>2597.0</ele>
      </trkpt>
      <trkpt lat="37.077732" lon="-3.3769">
        <ele>2597.4</ele>
      </trkpt>
      <trkpt lat="37.077699" lon="-3.376916">
        <ele>2597.8</ele>
      </trkpt>
      <trkpt lat="37.077667" lon="-3.376934">
        <ele>2598.0</ele>
      </trkpt>
      <trkpt lat="37.077635" lon="-3.376952">
        <ele>2598.2</ele>
      </trkpt>
      <trkpt lat="37.077602" lon="-3.37697">
        <ele>2598.2</ele>
      </trkpt>
      <trkpt lat="37.077571" lon="-3.376989">
        <ele>2598.4</ele>
      </trkpt>
      <trkpt lat="37.077539" lon="-3.377007">
        <ele>2598.8</ele>
      </trkpt>
      <trkpt lat="37.077507" lon="-3.377025">
        <ele>2599.0</ele>
      </trkpt>
      <trkpt lat="37.077476" lon="-3.377044">
        <ele>2599.4</ele>
      </trkpt>
      <trkpt lat="37.077446" lon="-3.377065">
        <ele>2600.0</ele>
      </trkpt>
      <trkpt lat="37.077415" lon="-3.377085">
        <ele>2600.2</ele>
      </trkpt>
      <trkpt lat="37.077384" lon="-3.377104">
        <ele>2600.4</ele>
      </trkpt>
      <trkpt lat="37.077354" lon="-3.377122">
        <ele>2600.6</ele>
      </trkpt>
      <trkpt lat="37.077323" lon="-3.377141">
        <ele>2600.6</ele>
      </trkpt>
      <trkpt lat="37.077293" lon="-3.377162">
        <ele>2600.6</ele>
      </trkpt>
      <trkpt lat="37.077263" lon="-3.377183">
        <ele>2600.8</ele>
      </trkpt>
      <trkpt lat="37.077234" lon="-3.377203">
        <ele>2601.2</ele>
      </trkpt>
      <trkpt lat="37.077205" lon="-3.377224">
        <ele>2601.4</ele>
      </trkpt>
      <trkpt lat="37.077176" lon="-3.377245">
        <ele>2601.8</ele>
      </trkpt>
      <trkpt lat="37.077148" lon="-3.377267">
        <ele>2602.2</ele>
      </trkpt>
      <trkpt lat="37.07712" lon="-3.37729">
        <ele>2602.2</ele>
      </trkpt>
      <trkpt lat="37.077091" lon="-3.37731">
        <ele>2602.4</ele>
      </trkpt>
      <trkpt lat="37.077062" lon="-3.377329">
        <ele>2602.8</ele>
      </trkpt>
      <trkpt lat="37.077032" lon="-3.377348">
        <ele>2603.2</ele>
      </trkpt>
      <trkpt lat="37.077002" lon="-3.377368">
        <ele>2603.4</ele>
      </trkpt>
      <trkpt lat="37.076972" lon="-3.377387">
        <ele>2603.8</ele>
      </trkpt>
      <trkpt lat="37.076942" lon="-3.377407">
        <ele>2604.2</ele>
      </trkpt>
      <trkpt lat="37.076913" lon="-3.377428">
        <ele>2604.4</ele>
      </trkpt>
      <trkpt lat="37.076883" lon="-3.377446">
        <ele>2604.6</ele>
      </trkpt>
      <trkpt lat="37.076854" lon="-3.377463">
        <ele>2604.8</ele>
      </trkpt>
      <trkpt lat="37.076824" lon="-3.37748">
        <ele>2605.0</ele>
      </trkpt>
      <trkpt lat="37.076792" lon="-3.377497">
        <ele>2605.2</ele>
      </trkpt>
      <trkpt lat="37.07676" lon="-3.377515">
        <ele>2605.2</ele>
      </trkpt>
      <trkpt lat="37.076729" lon="-3.377531">
        <ele>2605.2</ele>
      </trkpt>
      <trkpt lat="37.076698" lon="-3.377548">
        <ele>2605.6</ele>
      </trkpt>
      <trkpt lat="37.076668" lon="-3.377564">
        <ele>2605.8</ele>
      </trkpt>
      <trkpt lat="37.076637" lon="-3.37758">
        <ele>2606.0</ele>
      </trkpt>
      <trkpt lat="37.076605" lon="-3.377594">
        <ele>2606.2</ele>
      </trkpt>
      <trkpt lat="37.076573" lon="-3.377609">
        <ele>2606.4</ele>
      </trkpt>
      <trkpt lat="37.076542" lon="-3.37763">
        <ele>2606.6</ele>
      </trkpt>
      <trkpt lat="37.076514" lon="-3.377656">
        <ele>2606.6</ele>
      </trkpt>
      <trkpt lat="37.076488" lon="-3.377685">
        <ele>2606.8</ele>
      </trkpt>
      <trkpt lat="37.076466" lon="-3.377716">
        <ele>2606.8</ele>
      </trkpt>
      <trkpt lat="37.076447" lon="-3.377752">
        <ele>2607.0</ele>
      </trkpt>
      <trkpt lat="37.07643" lon="-3.377788">
        <ele>2607.4</ele>
      </trkpt>
      <trkpt lat="37.076411" lon="-3.377823">
        <ele>2607.8</ele>
      </trkpt>
      <trkpt lat="37.076392" lon="-3.377858">
        <ele>2608.2</ele>
      </trkpt>
      <trkpt lat="37.076376" lon="-3.377895">
        <ele>2608.4</ele>
      </trkpt>
      <trkpt lat="37.07636" lon="-3.377933">
        <ele>2609.0</ele>
      </trkpt>
      <trkpt lat="37.076347" lon="-3.377972">
        <ele>2609.2</ele>
      </trkpt>
      <trkpt lat="37.076335" lon="-3.378013">
        <ele>2609.2</ele>
      </trkpt>
      <trkpt lat="37.076324" lon="-3.378054">
        <ele>2609.2</ele>
      </trkpt>
      <trkpt lat="37.076314" lon="-3.378099">
        <ele>2609.4</ele>
      </trkpt>
      <trkpt lat="37.076307" lon="-3.378144">
        <ele>2609.4</ele>
      </trkpt>
      <trkpt lat="37.076302" lon="-3.378189">
        <ele>2609.6</ele>
      </trkpt>
      <trkpt lat="37.0763" lon="-3.378234">
        <ele>2609.6</ele>
      </trkpt>
      <trkpt lat="37.076302" lon="-3.378279">
        <ele>2610.0</ele>
      </trkpt>
      <trkpt lat="37.076308" lon="-3.378323">
        <ele>2610.2</ele>
      </trkpt>
      <trkpt lat="37.076317" lon="-3.378365">
        <ele>2610.6</ele>
      </trkpt>
      <trkpt lat="37.076329" lon="-3.378406">
        <ele>2610.8</ele>
      </trkpt>
      <trkpt lat="37.076347" lon="-3.378446">
        <ele>2611.2</ele>
      </trkpt>
      <trkpt lat="37.076368" lon="-3.378484">
        <ele>2611.4</ele>
      </trkpt>
      <trkpt lat="37.07639" lon="-3.378522">
        <ele>2611.4</ele>
      </trkpt>
      <trkpt lat="37.076414" lon="-3.378558">
        <ele>2611.6</ele>
      </trkpt>
      <trkpt lat="37.076438" lon="-3.378594">
        <ele>2612.0</ele>
      </trkpt>
      <trkpt lat="37.076462" lon="-3.37863">
        <ele>2612.2</ele>
      </trkpt>
      <trkpt lat="37.076485" lon="-3.378664">
        <ele>2612.4</ele>
      </trkpt>
      <trkpt lat="37.076509" lon="-3.3787">
        <ele>2612.6</ele>
      </trkpt>
      <trkpt lat="37.076532" lon="-3.378737">
        <ele>2613.0</ele>
      </trkpt>
      <trkpt lat="37.076553" lon="-3.378776">
        <ele>2613.0</ele>
      </trkpt>
      <trkpt lat="37.076571" lon="-3.378816">
        <ele>2613.0</ele>
      </trkpt>
      <trkpt lat="37.07658" lon="-3.378859">
        <ele>2613.4</ele>
      </trkpt>
      <trkpt lat="37.076582" lon="-3.378903">
        <ele>2613.8</ele>
      </trkpt>
      <trkpt lat="37.076577" lon="-3.378947">
        <ele>2614.0</ele>
      </trkpt>
      <trkpt lat="37.076566" lon="-3.378988">
        <ele>2614.2</ele>
      </trkpt>
      <trkpt lat="37.07655" lon="-3.37903">
        <ele>2614.4</ele>
      </trkpt>
      <trkpt lat="37.07653" lon="-3.379069">
        <ele>2614.6</ele>
      </trkpt>
      <trkpt lat="37.076506" lon="-3.379104">
        <ele>2615.2</ele>
      </trkpt>
      <trkpt lat="37.07648" lon="-3.379136">
        <ele>2615.6</ele>
      </trkpt>
      <trkpt lat="37.076449" lon="-3.379162">
        <ele>2616.0</ele>
      </trkpt>
      <trkpt lat="37.076417" lon="-3.37918">
        <ele>2616.4</ele>
      </trkpt>
      <trkpt lat="37.076383" lon="-3.379194">
        <ele>2616.6</ele>
      </trkpt>
      <trkpt lat="37.076348" lon="-3.379202">
        <ele>2616.6</ele>
      </trkpt>
      <trkpt lat="37.076314" lon="-3.379209">
        <ele>2616.8</ele>
      </trkpt>
      <trkpt lat="37.07628" lon="-3.379214">
        <ele>2617.0</ele>
      </trkpt>
      <trkpt lat="37.076248" lon="-3.379221">
        <ele>2617.2</ele>
      </trkpt>
      <trkpt lat="37.076216" lon="-3.379233">
        <ele>2617.6</ele>
      </trkpt>
      <trkpt lat="37.076184" lon="-3.379247">
        <ele>2618.0</ele>
      </trkpt>
      <trkpt lat="37.076151" lon="-3.379261">
        <ele>2618.2</ele>
      </trkpt>
      <trkpt lat="37.076118" lon="-3.379275">
        <ele>2618.6</ele>
      </trkpt>
      <trkpt lat="37.076085" lon="-3.379289">
        <ele>2618.8</ele>
      </trkpt>
      <trkpt lat="37.076051" lon="-3.379303">
        <ele>2619.0</ele>
      </trkpt>
      <trkpt lat="37.076017" lon="-3.379315">
        <ele>2619.2</ele>
      </trkpt>
      <trkpt lat="37.075983" lon="-3.379326">
        <ele>2619.2</ele>
      </trkpt>
      <trkpt lat="37.075949" lon="-3.379339">
        <ele>2619.2</ele>
      </trkpt>
      <trkpt lat="37.075916" lon="-3.379354">
        <ele>2619.4</ele>
      </trkpt>
      <trkpt lat="37.075882" lon="-3.379369">
        <ele>2619.6</ele>
      </trkpt>
      <trkpt lat="37.075848" lon="-3.379384">
        <ele>2619.8</ele>
      </trkpt>
      <trkpt lat="37.075814" lon="-3.3794">
        <ele>2620.2</ele>
      </trkpt>
      <trkpt lat="37.075779" lon="-3.379414">
        <ele>2620.6</ele>
      </trkpt>
      <trkpt lat="37.075746" lon="-3.379427">
        <ele>2621.0</ele>
      </trkpt>
      <trkpt lat="37.075713" lon="-3.37944">
        <ele>2621.0</ele>
      </trkpt>
      <trkpt lat="37.075681" lon="-3.379453">
        <ele>2621.6</ele>
      </trkpt>
      <trkpt lat="37.075648" lon="-3.379462">
        <ele>2621.6</ele>
      </trkpt>
      <trkpt lat="37.075615" lon="-3.379471">
        <ele>2621.8</ele>
      </trkpt>
      <trkpt lat="37.075582" lon="-3.379478">
        <ele>2622.0</ele>
      </trkpt>
      <trkpt lat="37.07555" lon="-3.379485">
        <ele>2622.4</ele>
      </trkpt>
      <trkpt lat="37.075517" lon="-3.379492">
        <ele>2622.8</ele>
      </trkpt>
      <trkpt lat="37.075485" lon="-3.3795">
        <ele>2623.0</ele>
      </trkpt>
      <trkpt lat="37.075452" lon="-3.379508">
        <ele>2623.2</ele>
      </trkpt>
      <trkpt lat="37.075421" lon="-3.379518">
        <ele>2623.6</ele>
      </trkpt>
      <trkpt lat="37.075389" lon="-3.379525">
        <ele>2623.8</ele>
      </trkpt>
      <trkpt lat="37.075357" lon="-3.379533">
        <ele>2623.6</ele>
      </trkpt>
      <trkpt lat="37.075325" lon="-3.37954">
        <ele>2623.8</ele>
      </trkpt>
      <trkpt lat="37.075293" lon="-3.379548">
        <ele>2624.0</ele>
      </trkpt>
      <trkpt lat="37.07526" lon="-3.379555">
        <ele>2624.4</ele>
      </trkpt>
      <trkpt lat="37.075228" lon="-3.379561">
        <ele>2624.8</ele>
      </trkpt>
      <trkpt lat="37.075196" lon="-3.379566">
        <ele>2625.2</ele>
      </trkpt>
      <trkpt lat="37.075164" lon="-3.37957">
        <ele>2625.4</ele>
      </trkpt>
      <trkpt lat="37.075132" lon="-3.379574">
        <ele>2625.8</ele>
      </trkpt>
      <trkpt lat="37.0751" lon="-3.379576">
        <ele>2626.0</ele>
      </trkpt>
      <trkpt lat="37.075069" lon="-3.379578">
        <ele>2626.2</ele>
      </trkpt>
      <trkpt lat="37.075037" lon="-3.379581">
        <ele>2626.6</ele>
      </trkpt>
      <trkpt lat="37.075006" lon="-3.379583">
        <ele>2626.6</ele>
      </trkpt>
      <trkpt lat="37.074975" lon="-3.379584">
        <ele>2626.8</ele>
      </trkpt>
      <trkpt lat="37.074943" lon="-3.379585">
        <ele>2627.0</ele>
      </trkpt>
      <trkpt lat="37.074912" lon="-3.379586">
        <ele>2627.4</ele>
      </trkpt>
      <trkpt lat="37.07488" lon="-3.379586">
        <ele>2627.6</ele>
      </trkpt>
      <trkpt lat="37.074849" lon="-3.379586">
        <ele>2627.8</ele>
      </trkpt>
      <trkpt lat="37.074817" lon="-3.379586">
        <ele>2628.2</ele>
      </trkpt>
      <trkpt lat="37.074785" lon="-3.379585">
        <ele>2628.6</ele>
      </trkpt>
      <trkpt lat="37.074753" lon="-3.379584">
        <ele>2629.0</ele>
      </trkpt>
      <trkpt lat="37.074721" lon="-3.379582">
        <ele>2629.2</ele>
      </trkpt>
      <trkpt lat="37.074688" lon="-3.379581">
        <ele>2629.6</ele>
      </trkpt>
      <trkpt lat="37.074654" lon="-3.379579">
        <ele>2630.0</ele>
      </trkpt>
      <trkpt lat="37.07462" lon="-3.379578">
        <ele>2630.0</ele>
      </trkpt>
      <trkpt lat="37.074587" lon="-3.379577">
        <ele>2630.4</ele>
      </trkpt>
      <trkpt lat="37.074554" lon="-3.379578">
        <ele>2630.6</ele>
      </trkpt>
      <trkpt lat="37.074522" lon="-3.379581">
        <ele>2631.0</ele>
      </trkpt>
      <trkpt lat="37.07449" lon="-3.379584">
        <ele>2631.4</ele>
      </trkpt>
      <trkpt lat="37.074457" lon="-3.379588">
        <ele>2631.6</ele>
      </trkpt>
      <trkpt lat="37.074424" lon="-3.379593">
        <ele>2632.0</ele>
      </trkpt>
      <trkpt lat="37.074392" lon="-3.379598">
        <ele>2632.0</ele>
      </trkpt>
      <trkpt lat="37.07436" lon="-3.379607">
        <ele>2632.0</ele>
      </trkpt>
      <trkpt lat="37.074329" lon="-3.379616">
        <ele>2632.0</ele>
      </trkpt>
      <trkpt lat="37.074297" lon="-3.379624">
        <ele>2632.0</ele>
      </trkpt>
      <trkpt lat="37.074264" lon="-3.379634">
        <ele>2632.2</ele>
      </trkpt>
      <trkpt lat="37.074233" lon="-3.379644">
        <ele>2632.4</ele>
      </trkpt>
      <trkpt lat="37.074199" lon="-3.379655">
        <ele>2632.6</ele>
      </trkpt>
      <trkpt lat="37.074166" lon="-3.379665">
        <ele>2633.0</ele>
      </trkpt>
      <trkpt lat="37.074133" lon="-3.379679">
        <ele>2633.2</ele>
      </trkpt>
      <trkpt lat="37.0741" lon="-3.379694">
        <ele>2633.6</ele>
      </trkpt>
      <trkpt lat="37.074068" lon="-3.379703">
        <ele>2634.0</ele>
      </trkpt>
      <trkpt lat="37.074038" lon="-3.379707">
        <ele>2634.4</ele>
      </trkpt>
      <trkpt lat="37.074008" lon="-3.379703">
        <ele>2634.4</ele>
      </trkpt>
      <trkpt lat="37.073979" lon="-3.37969">
        <ele>2634.8</ele>
      </trkpt>
      <trkpt lat="37.073954" lon="-3.379674">
        <ele>2635.0</ele>
      </trkpt>
      <trkpt lat="37.073931" lon="-3.379652">
        <ele>2635.2</ele>
      </trkpt>
      <trkpt lat="37.073911" lon="-3.379622">
        <ele>2635.8</ele>
      </trkpt>
      <trkpt lat="37.073894" lon="-3.37959">
        <ele>2636.0</ele>
      </trkpt>
      <trkpt lat="37.073882" lon="-3.379555">
        <ele>2636.6</ele>
      </trkpt>
      <trkpt lat="37.073877" lon="-3.379516">
        <ele>2637.0</ele>
      </trkpt>
      <trkpt lat="37.073881" lon="-3.379474">
        <ele>2637.4</ele>
      </trkpt>
      <trkpt lat="37.073891" lon="-3.379438">
        <ele>2637.6</ele>
      </trkpt>
      <trkpt lat="37.073907" lon="-3.379401">
        <ele>2638.0</ele>
      </trkpt>
      <trkpt lat="37.073928" lon="-3.37937">
        <ele>2638.4</ele>
      </trkpt>
      <trkpt lat="37.07395" lon="-3.379341">
        <ele>2638.6</ele>
      </trkpt>
      <trkpt lat="37.073978" lon="-3.379317">
        <ele>2639.2</ele>
      </trkpt>
      <trkpt lat="37.074008" lon="-3.379296">
        <ele>2639.6</ele>
      </trkpt>
      <trkpt lat="37.07404" lon="-3.379279">
        <ele>2640.0</ele>
      </trkpt>
      <trkpt lat="37.07407" lon="-3.379263">
        <ele>2640.4</ele>
      </trkpt>
      <trkpt lat="37.0741" lon="-3.379245">
        <ele>2640.6</ele>
      </trkpt>
      <trkpt lat="37.074131" lon="-3.379226">
        <ele>2640.8</ele>
      </trkpt>
      <trkpt lat="37.07416" lon="-3.379205">
        <ele>2641.0</ele>
      </trkpt>
      <trkpt lat="37.074189" lon="-3.379185">
        <ele>2641.4</ele>
      </trkpt>
      <trkpt lat="37.074219" lon="-3.379164">
        <ele>2641.6</ele>
      </trkpt>
      <trkpt lat="37.074248" lon="-3.379142">
        <ele>2641.8</ele>
      </trkpt>
      <trkpt lat="37.074276" lon="-3.379116">
        <ele>2642.0</ele>
      </trkpt>
      <trkpt lat="37.074304" lon="-3.37909">
        <ele>2642.2</ele>
      </trkpt>
      <trkpt lat="37.074332" lon="-3.379065">
        <ele>2642.2</ele>
      </trkpt>
      <trkpt lat="37.074358" lon="-3.379037">
        <ele>2642.2</ele>
      </trkpt>
      <trkpt lat="37.074382" lon="-3.379009">
        <ele>2642.6</ele>
      </trkpt>
      <trkpt lat="37.074406" lon="-3.378979">
        <ele>2642.8</ele>
      </trkpt>
      <trkpt lat="37.074431" lon="-3.378949">
        <ele>2643.2</ele>
      </trkpt>
      <trkpt lat="37.074454" lon="-3.37892">
        <ele>2643.4</ele>
      </trkpt>
      <trkpt lat="37.074476" lon="-3.378889">
        <ele>2643.6</ele>
      </trkpt>
      <trkpt lat="37.074499" lon="-3.378857">
        <ele>2644.0</ele>
      </trkpt>
      <trkpt lat="37.074523" lon="-3.378828">
        <ele>2644.0</ele>
      </trkpt>
      <trkpt lat="37.074548" lon="-3.3788">
        <ele>2644.2</ele>
      </trkpt>
      <trkpt lat="37.074574" lon="-3.378773">
        <ele>2644.6</ele>
      </trkpt>
      <trkpt lat="37.0746" lon="-3.378749">
        <ele>2644.8</ele>
      </trkpt>
      <trkpt lat="37.074627" lon="-3.378724">
        <ele>2645.0</ele>
      </trkpt>
      <trkpt lat="37.074653" lon="-3.3787">
        <ele>2645.6</ele>
      </trkpt>
      <trkpt lat="37.07468" lon="-3.378677">
        <ele>2646.0</ele>
      </trkpt>
      <trkpt lat="37.074706" lon="-3.378655">
        <ele>2646.2</ele>
      </trkpt>
      <trkpt lat="37.074732" lon="-3.378632">
        <ele>2646.6</ele>
      </trkpt>
      <trkpt lat="37.074759" lon="-3.378608">
        <ele>2646.8</ele>
      </trkpt>
      <trkpt lat="37.074786" lon="-3.378585">
        <ele>2647.2</ele>
      </trkpt>
      <trkpt lat="37.074813" lon="-3.378563">
        <ele>2647.2</ele>
      </trkpt>
      <trkpt lat="37.074841" lon="-3.378539">
        <ele>2647.2</ele>
      </trkpt>
      <trkpt lat="37.074867" lon="-3.378513">
        <ele>2647.4</ele>
      </trkpt>
      <trkpt lat="37.074893" lon="-3.378488">
        <ele>2647.6</ele>
      </trkpt>
      <trkpt lat="37.07492" lon="-3.378463">
        <ele>2647.8</ele>
      </trkpt>
      <trkpt lat="37.074947" lon="-3.378437">
        <ele>2648.2</ele>
      </trkpt>
      <trkpt lat="37.074972" lon="-3.37841">
        <ele>2648.6</ele>
      </trkpt>
      <trkpt lat="37.074996" lon="-3.37838">
        <ele>2648.8</ele>
      </trkpt>
      <trkpt lat="37.075014" lon="-3.378347">
        <ele>2649.0</ele>
      </trkpt>
      <trkpt lat="37.075029" lon="-3.378312">
        <ele>2649.0</ele>
      </trkpt>
      <trkpt lat="37.075042" lon="-3.378278">
        <ele>2649.2</ele>
      </trkpt>
      <trkpt lat="37.075051" lon="-3.378243">
        <ele>2649.2</ele>
      </trkpt>
      <trkpt lat="37.075056" lon="-3.378206">
        <ele>2649.4</ele>
      </trkpt>
      <trkpt lat="37.075055" lon="-3.37817">
        <ele>2649.6</ele>
      </trkpt>
      <trkpt lat="37.075047" lon="-3.378132">
        <ele>2649.8</ele>
      </trkpt>
      <trkpt lat="37.075033" lon="-3.378097">
        <ele>2650.0</ele>
      </trkpt>
      <trkpt lat="37.075013" lon="-3.378063">
        <ele>2650.2</ele>
      </trkpt>
      <trkpt lat="37.074989" lon="-3.378034">
        <ele>2650.4</ele>
      </trkpt>
      <trkpt lat="37.074958" lon="-3.378006">
        <ele>2650.6</ele>
      </trkpt>
      <trkpt lat="37.074923" lon="-3.377987">
        <ele>2650.8</ele>
      </trkpt>
      <trkpt lat="37.074884" lon="-3.37798">
        <ele>2651.0</ele>
      </trkpt>
      <trkpt lat="37.074844" lon="-3.377984">
        <ele>2651.0</ele>
      </trkpt>
      <trkpt lat="37.074802" lon="-3.377997">
        <ele>2651.2</ele>
      </trkpt>
      <trkpt lat="37.074764" lon="-3.378017">
        <ele>2651.6</ele>
      </trkpt>
      <trkpt lat="37.07473" lon="-3.378042">
        <ele>2652.0</ele>
      </trkpt>
      <trkpt lat="37.074702" lon="-3.37807">
        <ele>2652.6</ele>
      </trkpt>
      <trkpt lat="37.074674" lon="-3.378099">
        <ele>2653.0</ele>
      </trkpt>
      <trkpt lat="37.074648" lon="-3.37813">
        <ele>2653.4</ele>
      </trkpt>
      <trkpt lat="37.074623" lon="-3.378161">
        <ele>2653.8</ele>
      </trkpt>
      <trkpt lat="37.074598" lon="-3.378189">
        <ele>2654.0</ele>
      </trkpt>
      <trkpt lat="37.074572" lon="-3.378216">
        <ele>2654.2</ele>
      </trkpt>
      <trkpt lat="37.074546" lon="-3.378243">
        <ele>2654.6</ele>
      </trkpt>
      <trkpt lat="37.07452" lon="-3.37827">
        <ele>2654.8</ele>
      </trkpt>
      <trkpt lat="37.074492" lon="-3.378293">
        <ele>2655.4</ele>
      </trkpt>
      <trkpt lat="37.074462" lon="-3.378313">
        <ele>2655.6</ele>
      </trkpt>
      <trkpt lat="37.074431" lon="-3.378332">
        <ele>2655.8</ele>
      </trkpt>
      <trkpt lat="37.0744" lon="-3.378348">
        <ele>2656.0</ele>
      </trkpt>
      <trkpt lat="37.074368" lon="-3.378363">
        <ele>2656.4</ele>
      </trkpt>
      <trkpt lat="37.074337" lon="-3.378376">
        <ele>2656.6</ele>
      </trkpt>
      <trkpt lat="37.074304" lon="-3.378389">
        <ele>2656.8</ele>
      </trkpt>
      <trkpt lat="37.074271" lon="-3.378401">
        <ele>2657.2</ele>
      </trkpt>
      <trkpt lat="37.074238" lon="-3.378411">
        <ele>2657.6</ele>
      </trkpt>
      <trkpt lat="37.074205" lon="-3.37842">
        <ele>2657.8</ele>
      </trkpt>
      <trkpt lat="37.074173" lon="-3.378429">
        <ele>2657.8</ele>
      </trkpt>
      <trkpt lat="37.074142" lon="-3.378442">
        <ele>2658.2</ele>
      </trkpt>
      <trkpt lat="37.074108" lon="-3.378452">
        <ele>2658.4</ele>
      </trkpt>
      <trkpt lat="37.074076" lon="-3.378456">
        <ele>2658.6</ele>
      </trkpt>
      <trkpt lat="37.074043" lon="-3.378457">
        <ele>2659.0</ele>
      </trkpt>
      <trkpt lat="37.074011" lon="-3.378457">
        <ele>2659.4</ele>
      </trkpt>
      <trkpt lat="37.073978" lon="-3.378455">
        <ele>2659.8</ele>
      </trkpt>
      <trkpt lat="37.073946" lon="-3.378453">
        <ele>2660.0</ele>
      </trkpt>
      <trkpt lat="37.073914" lon="-3.37845">
        <ele>2660.2</ele>
      </trkpt>
      <trkpt lat="37.073883" lon="-3.378447">
        <ele>2660.2</ele>
      </trkpt>
      <trkpt lat="37.073851" lon="-3.378444">
        <ele>2660.6</ele>
      </trkpt>
      <trkpt lat="37.07382" lon="-3.37844">
        <ele>2660.8</ele>
      </trkpt>
      <trkpt lat="37.07379" lon="-3.378436">
        <ele>2661.2</ele>
      </trkpt>
      <trkpt lat="37.073759" lon="-3.378435">
        <ele>2661.2</ele>
      </trkpt>
      <trkpt lat="37.073728" lon="-3.378439">
        <ele>2661.4</ele>
      </trkpt>
      <trkpt lat="37.073698" lon="-3.378445">
        <ele>2661.8</ele>
      </trkpt>
      <trkpt lat="37.073669" lon="-3.378453">
        <ele>2662.2</ele>
      </trkpt>
      <trkpt lat="37.073641" lon="-3.378463">
        <ele>2662.4</ele>
      </trkpt>
      <trkpt lat="37.073612" lon="-3.378473">
        <ele>2662.6</ele>
      </trkpt>
      <trkpt lat="37.073582" lon="-3.378484">
        <ele>2663.0</ele>
      </trkpt>
      <trkpt lat="37.073553" lon="-3.378495">
        <ele>2663.0</ele>
      </trkpt>
      <trkpt lat="37.073523" lon="-3.378507">
        <ele>2663.2</ele>
      </trkpt>
      <trkpt lat="37.073494" lon="-3.378518">
        <ele>2663.4</ele>
      </trkpt>
      <trkpt lat="37.073464" lon="-3.378532">
        <ele>2663.6</ele>
      </trkpt>
      <trkpt lat="37.073433" lon="-3.378546">
        <ele>2664.0</ele>
      </trkpt>
      <trkpt lat="37.073402" lon="-3.37856">
        <ele>2664.2</ele>
      </trkpt>
      <trkpt lat="37.07337" lon="-3.378573">
        <ele>2664.8</ele>
      </trkpt>
      <trkpt lat="37.073338" lon="-3.378585">
        <ele>2665.0</ele>
      </trkpt>
      <trkpt lat="37.073306" lon="-3.378598">
        <ele>2665.4</ele>
      </trkpt>
      <trkpt lat="37.073274" lon="-3.37861">
        <ele>2665.6</ele>
      </trkpt>
      <trkpt lat="37.073242" lon="-3.378622">
        <ele>2665.8</ele>
      </trkpt>
      <trkpt lat="37.07321" lon="-3.378634">
        <ele>2665.8</ele>
      </trkpt>
      <trkpt lat="37.073179" lon="-3.378645">
        <ele>2666.2</ele>
      </trkpt>
      <trkpt lat="37.073147" lon="-3.378658">
        <ele>2666.4</ele>
      </trkpt>
      <trkpt lat="37.073116" lon="-3.378672">
        <ele>2666.4</ele>
      </trkpt>
      <trkpt lat="37.073084" lon="-3.378685">
        <ele>2666.6</ele>
      </trkpt>
      <trkpt lat="37.073052" lon="-3.378693">
        <ele>2667.0</ele>
      </trkpt>
      <trkpt lat="37.07302" lon="-3.378699">
        <ele>2667.2</ele>
      </trkpt>
      <trkpt lat="37.072986" lon="-3.378702">
        <ele>2667.6</ele>
      </trkpt>
      <trkpt lat="37.072951" lon="-3.378704">
        <ele>2667.8</ele>
      </trkpt>
      <trkpt lat="37.072917" lon="-3.378704">
        <ele>2668.0</ele>
      </trkpt>
      <trkpt lat="37.072881" lon="-3.378703">
        <ele>2668.4</ele>
      </trkpt>
      <trkpt lat="37.072848" lon="-3.378699">
        <ele>2668.8</ele>
      </trkpt>
      <trkpt lat="37.072814" lon="-3.378696">
        <ele>2669.0</ele>
      </trkpt>
      <trkpt lat="37.072781" lon="-3.378695">
        <ele>2669.2</ele>
      </trkpt>
      <trkpt lat="37.072747" lon="-3.378694">
        <ele>2669.6</ele>
      </trkpt>
      <trkpt lat="37.072713" lon="-3.37869">
        <ele>2670.0</ele>
      </trkpt>
      <trkpt lat="37.072679" lon="-3.378685">
        <ele>2670.2</ele>
      </trkpt>
      <trkpt lat="37.072645" lon="-3.37868">
        <ele>2670.4</ele>
      </trkpt>
      <trkpt lat="37.072611" lon="-3.378676">
        <ele>2670.8</ele>
      </trkpt>
      <trkpt lat="37.072577" lon="-3.378672">
        <ele>2671.0</ele>
      </trkpt>
      <trkpt lat="37.072543" lon="-3.37867">
        <ele>2671.2</ele>
      </trkpt>
      <trkpt lat="37.072509" lon="-3.37867">
        <ele>2671.8</ele>
      </trkpt>
      <trkpt lat="37.072475" lon="-3.378668">
        <ele>2672.0</ele>
      </trkpt>
      <trkpt lat="37.072442" lon="-3.378666">
        <ele>2672.2</ele>
      </trkpt>
      <trkpt lat="37.072407" lon="-3.378665">
        <ele>2672.2</ele>
      </trkpt>
      <trkpt lat="37.072373" lon="-3.378663">
        <ele>2672.6</ele>
      </trkpt>
      <trkpt lat="37.072341" lon="-3.378656">
        <ele>2673.0</ele>
      </trkpt>
      <trkpt lat="37.072309" lon="-3.378646">
        <ele>2673.4</ele>
      </trkpt>
      <trkpt lat="37.072276" lon="-3.378633">
        <ele>2673.6</ele>
      </trkpt>
      <trkpt lat="37.072245" lon="-3.378619">
        <ele>2673.8</ele>
      </trkpt>
      <trkpt lat="37.072214" lon="-3.378602">
        <ele>2674.2</ele>
      </trkpt>
      <trkpt lat="37.072183" lon="-3.378586">
        <ele>2674.4</ele>
      </trkpt>
      <trkpt lat="37.072152" lon="-3.37857">
        <ele>2674.8</ele>
      </trkpt>
      <trkpt lat="37.072121" lon="-3.378556">
        <ele>2675.2</ele>
      </trkpt>
      <trkpt lat="37.072091" lon="-3.378539">
        <ele>2675.4</ele>
      </trkpt>
      <trkpt lat="37.072064" lon="-3.378516">
        <ele>2675.6</ele>
      </trkpt>
      <trkpt lat="37.072035" lon="-3.378496">
        <ele>2676.0</ele>
      </trkpt>
      <trkpt lat="37.072005" lon="-3.378478">
        <ele>2676.0</ele>
      </trkpt>
      <trkpt lat="37.071973" lon="-3.378463">
        <ele>2676.2</ele>
      </trkpt>
      <trkpt lat="37.071941" lon="-3.378451">
        <ele>2676.4</ele>
      </trkpt>
      <trkpt lat="37.071909" lon="-3.378442">
        <ele>2676.8</ele>
      </trkpt>
      <trkpt lat="37.071875" lon="-3.378436">
        <ele>2677.2</ele>
      </trkpt>
      <trkpt lat="37.071841" lon="-3.378432">
        <ele>2677.4</ele>
      </trkpt>
      <trkpt lat="37.071808" lon="-3.378431">
        <ele>2677.6</ele>
      </trkpt>
      <trkpt lat="37.071774" lon="-3.378429">
        <ele>2677.6</ele>
      </trkpt>
      <trkpt lat="37.07174" lon="-3.378428">
        <ele>2678.0</ele>
      </trkpt>
      <trkpt lat="37.071708" lon="-3.378426">
        <ele>2678.4</ele>
      </trkpt>
      <trkpt lat="37.071676" lon="-3.378425">
        <ele>2678.8</ele>
      </trkpt>
      <trkpt lat="37.071643" lon="-3.378425">
        <ele>2679.2</ele>
      </trkpt>
      <trkpt lat="37.071609" lon="-3.378428">
        <ele>2679.4</ele>
      </trkpt>
      <trkpt lat="37.071574" lon="-3.37843">
        <ele>2679.8</ele>
      </trkpt>
      <trkpt lat="37.07154" lon="-3.378432">
        <ele>2680.0</ele>
      </trkpt>
      <trkpt lat="37.071505" lon="-3.378434">
        <ele>2680.2</ele>
      </trkpt>
      <trkpt lat="37.071471" lon="-3.378437">
        <ele>2680.4</ele>
      </trkpt>
      <trkpt lat="37.071436" lon="-3.378444">
        <ele>2680.4</ele>
      </trkpt>
      <trkpt lat="37.071403" lon="-3.378453">
        <ele>2680.4</ele>
      </trkpt>
      <trkpt lat="37.071369" lon="-3.378463">
        <ele>2680.6</ele>
      </trkpt>
      <trkpt lat="37.071335" lon="-3.378472">
        <ele>2681.0</ele>
      </trkpt>
      <trkpt lat="37.071301" lon="-3.378481">
        <ele>2681.4</ele>
      </trkpt>
      <trkpt lat="37.071267" lon="-3.378488">
        <ele>2681.6</ele>
      </trkpt>
      <trkpt lat="37.071233" lon="-3.378494">
        <ele>2682.0</ele>
      </trkpt>
      <trkpt lat="37.0712" lon="-3.378502">
        <ele>2682.4</ele>
      </trkpt>
      <trkpt lat="37.071167" lon="-3.378508">
        <ele>2682.8</ele>
      </trkpt>
      <trkpt lat="37.071133" lon="-3.378512">
        <ele>2683.0</ele>
      </trkpt>
      <trkpt lat="37.071098" lon="-3.378515">
        <ele>2683.0</ele>
      </trkpt>
      <trkpt lat="37.071063" lon="-3.378517">
        <ele>2683.4</ele>
      </trkpt>
      <trkpt lat="37.071029" lon="-3.378518">
        <ele>2684.0</ele>
      </trkpt>
      <trkpt lat="37.070996" lon="-3.378518">
        <ele>2684.2</ele>
      </trkpt>
      <trkpt lat="37.070962" lon="-3.378513">
        <ele>2684.4</ele>
      </trkpt>
      <trkpt lat="37.070929" lon="-3.378506">
        <ele>2684.6</ele>
      </trkpt>
      <trkpt lat="37.070895" lon="-3.378497">
        <ele>2685.0</ele>
      </trkpt>
      <trkpt lat="37.070862" lon="-3.378485">
        <ele>2685.2</ele>
      </trkpt>
      <trkpt lat="37.070831" lon="-3.378472">
        <ele>2685.4</ele>
      </trkpt>
      <trkpt lat="37.070801" lon="-3.378454">
        <ele>2685.6</ele>
      </trkpt>
      <trkpt lat="37.070771" lon="-3.378434">
        <ele>2686.0</ele>
      </trkpt>
      <trkpt lat="37.070742" lon="-3.378413">
        <ele>2686.0</ele>
      </trkpt>
      <trkpt lat="37.070714" lon="-3.378392">
        <ele>2686.2</ele>
      </trkpt>
      <trkpt lat="37.070686" lon="-3.378372">
        <ele>2686.4</ele>
      </trkpt>
      <trkpt lat="37.070656" lon="-3.378354">
        <ele>2686.6</ele>
      </trkpt>
      <trkpt lat="37.070627" lon="-3.378334">
        <ele>2687.0</ele>
      </trkpt>
      <trkpt lat="37.070598" lon="-3.378315">
        <ele>2687.6</ele>
      </trkpt>
      <trkpt lat="37.070567" lon="-3.378297">
        <ele>2688.0</ele>
      </trkpt>
      <trkpt lat="37.070537" lon="-3.378281">
        <ele>2688.2</ele>
      </trkpt>
      <trkpt lat="37.070505" lon="-3.378266">
        <ele>2688.6</ele>
      </trkpt>
      <trkpt lat="37.070474" lon="-3.378253">
        <ele>2689.0</ele>
      </trkpt>
      <trkpt lat="37.070442" lon="-3.378239">
        <ele>2689.2</ele>
      </trkpt>
      <trkpt lat="37.07041" lon="-3.378227">
        <ele>2689.4</ele>
      </trkpt>
      <trkpt lat="37.070377" lon="-3.378214">
        <ele>2689.4</ele>
      </trkpt>
      <trkpt lat="37.070345" lon="-3.378202">
        <ele>2689.6</ele>
      </trkpt>
      <trkpt lat="37.070312" lon="-3.37819">
        <ele>2690.0</ele>
      </trkpt>
      <trkpt lat="37.070279" lon="-3.378179">
        <ele>2690.4</ele>
      </trkpt>
      <trkpt lat="37.070246" lon="-3.37817">
        <ele>2690.6</ele>
      </trkpt>
      <trkpt lat="37.070213" lon="-3.378161">
        <ele>2691.0</ele>
      </trkpt>
      <trkpt lat="37.070181" lon="-3.37815">
        <ele>2691.2</ele>
      </trkpt>
      <trkpt lat="37.070149" lon="-3.378138">
        <ele>2691.4</ele>
      </trkpt>
      <trkpt lat="37.070117" lon="-3.378126">
        <ele>2691.6</ele>
      </trkpt>
      <trkpt lat="37.070085" lon="-3.378115">
        <ele>2692.0</ele>
      </trkpt>
      <trkpt lat="37.070053" lon="-3.378105">
        <ele>2692.4</ele>
      </trkpt>
      <trkpt lat="37.07002" lon="-3.378093">
        <ele>2692.8</ele>
      </trkpt>
      <trkpt lat="37.069989" lon="-3.37808">
        <ele>2693.0</ele>
      </trkpt>
      <trkpt lat="37.069956" lon="-3.378068">
        <ele>2693.0</ele>
      </trkpt>
      <trkpt lat="37.069924" lon="-3.378058">
        <ele>2693.4</ele>
      </trkpt>
      <trkpt lat="37.069891" lon="-3.378048">
        <ele>2693.6</ele>
      </trkpt>
      <trkpt lat="37.069858" lon="-3.378038">
        <ele>2693.8</ele>
      </trkpt>
      <trkpt lat="37.069827" lon="-3.378026">
        <ele>2694.0</ele>
      </trkpt>
      <trkpt lat="37.069795" lon="-3.378013">
        <ele>2694.2</ele>
      </trkpt>
      <trkpt lat="37.069763" lon="-3.378001">
        <ele>2694.4</ele>
      </trkpt>
      <trkpt lat="37.069732" lon="-3.377989">
        <ele>2694.6</ele>
      </trkpt>
      <trkpt lat="37.069701" lon="-3.377978">
        <ele>2694.6</ele>
      </trkpt>
      <trkpt lat="37.069669" lon="-3.377965">
        <ele>2695.0</ele>
      </trkpt>
      <trkpt lat="37.069638" lon="-3.377952">
        <ele>2695.6</ele>
      </trkpt>
      <trkpt lat="37.069606" lon="-3.377938">
        <ele>2696.0</ele>
      </trkpt>
      <trkpt lat="37.069575" lon="-3.377921">
        <ele>2696.2</ele>
      </trkpt>
      <trkpt lat="37.069544" lon="-3.377906">
        <ele>2696.6</ele>
      </trkpt>
      <trkpt lat="37.069512" lon="-3.377891">
        <ele>2696.8</ele>
      </trkpt>
      <trkpt lat="37.069483" lon="-3.377872">
        <ele>2697.0</ele>
      </trkpt>
      <trkpt lat="37.069456" lon="-3.37785">
        <ele>2697.2</ele>
      </trkpt>
      <trkpt lat="37.06943" lon="-3.377826">
        <ele>2697.6</ele>
      </trkpt>
      <trkpt lat="37.069404" lon="-3.3778">
        <ele>2698.0</ele>
      </trkpt>
      <trkpt lat="37.06938" lon="-3.377771">
        <ele>2698.2</ele>
      </trkpt>
      <trkpt lat="37.069358" lon="-3.377741">
        <ele>2698.4</ele>
      </trkpt>
      <trkpt lat="37.069336" lon="-3.37771">
        <ele>2698.6</ele>
      </trkpt>
      <trkpt lat="37.069315" lon="-3.377678">
        <ele>2698.8</ele>
      </trkpt>
      <trkpt lat="37.069294" lon="-3.377646">
        <ele>2699.0</ele>
      </trkpt>
      <trkpt lat="37.069272" lon="-3.377616">
        <ele>2699.4</ele>
      </trkpt>
      <trkpt lat="37.069249" lon="-3.377587">
        <ele>2699.6</ele>
      </trkpt>
      <trkpt lat="37.069226" lon="-3.377557">
        <ele>2699.6</ele>
      </trkpt>
      <trkpt lat="37.069203" lon="-3.377528">
        <ele>2700.0</ele>
      </trkpt>
      <trkpt lat="37.069179" lon="-3.377499">
        <ele>2700.4</ele>
      </trkpt>
      <trkpt lat="37.069155" lon="-3.377471">
        <ele>2700.6</ele>
      </trkpt>
      <trkpt lat="37.069131" lon="-3.377444">
        <ele>2700.8</ele>
      </trkpt>
      <trkpt lat="37.069105" lon="-3.377418">
        <ele>2701.0</ele>
      </trkpt>
      <trkpt lat="37.06908" lon="-3.377392">
        <ele>2701.4</ele>
      </trkpt>
      <trkpt lat="37.069054" lon="-3.377368">
        <ele>2701.6</ele>
      </trkpt>
      <trkpt lat="37.069027" lon="-3.377345">
        <ele>2702.0</ele>
      </trkpt>
      <trkpt lat="37.069" lon="-3.377323">
        <ele>2702.2</ele>
      </trkpt>
      <trkpt lat="37.068974" lon="-3.377298">
        <ele>2702.4</ele>
      </trkpt>
      <trkpt lat="37.068948" lon="-3.377274">
        <ele>2702.6</ele>
      </trkpt>
      <trkpt lat="37.068921" lon="-3.377251">
        <ele>2703.0</ele>
      </trkpt>
      <trkpt lat="37.068895" lon="-3.377229">
        <ele>2703.2</ele>
      </trkpt>
      <trkpt lat="37.068868" lon="-3.377208">
        <ele>2703.4</ele>
      </trkpt>
      <trkpt lat="37.06884" lon="-3.377189">
        <ele>2703.8</ele>
      </trkpt>
      <trkpt lat="37.068812" lon="-3.377169">
        <ele>2704.0</ele>
      </trkpt>
      <trkpt lat="37.068784" lon="-3.377149">
        <ele>2704.2</ele>
      </trkpt>
      <trkpt lat="37.068755" lon="-3.377129">
        <ele>2704.4</ele>
      </trkpt>
      <trkpt lat="37.068728" lon="-3.377109">
        <ele>2704.6</ele>
      </trkpt>
      <trkpt lat="37.068701" lon="-3.377088">
        <ele>2704.8</ele>
      </trkpt>
      <trkpt lat="37.068674" lon="-3.377066">
        <ele>2705.0</ele>
      </trkpt>
      <trkpt lat="37.06865" lon="-3.377042">
        <ele>2705.2</ele>
      </trkpt>
      <trkpt lat="37.068625" lon="-3.377015">
        <ele>2705.4</ele>
      </trkpt>
      <trkpt lat="37.068599" lon="-3.376989">
        <ele>2705.6</ele>
      </trkpt>
      <trkpt lat="37.068572" lon="-3.376967">
        <ele>2705.8</ele>
      </trkpt>
      <trkpt lat="37.068545" lon="-3.376947">
        <ele>2706.2</ele>
      </trkpt>
      <trkpt lat="37.068518" lon="-3.376928">
        <ele>2706.6</ele>
      </trkpt>
      <trkpt lat="37.068492" lon="-3.376907">
        <ele>2707.0</ele>
      </trkpt>
      <trkpt lat="37.068466" lon="-3.376887">
        <ele>2707.2</ele>
      </trkpt>
      <trkpt lat="37.068442" lon="-3.376863">
        <ele>2707.4</ele>
      </trkpt>
      <trkpt lat="37.068418" lon="-3.376839">
        <ele>2707.8</ele>
      </trkpt>
      <trkpt lat="37.068392" lon="-3.376817">
        <ele>2708.2</ele>
      </trkpt>
      <trkpt lat="37.068367" lon="-3.376794">
        <ele>2708.4</ele>
      </trkpt>
      <trkpt lat="37.068342" lon="-3.37677">
        <ele>2708.6</ele>
      </trkpt>
      <trkpt lat="37.068318" lon="-3.376746">
        <ele>2709.0</ele>
      </trkpt>
      <trkpt lat="37.068292" lon="-3.376723">
        <ele>2709.2</ele>
      </trkpt>
      <trkpt lat="37.068267" lon="-3.376699">
        <ele>2709.2</ele>
      </trkpt>
      <trkpt lat="37.068242" lon="-3.376676">
        <ele>2709.4</ele>
      </trkpt>
      <trkpt lat="37.068218" lon="-3.376653">
        <ele>2709.8</ele>
      </trkpt>
      <trkpt lat="37.068195" lon="-3.376626">
        <ele>2710.0</ele>
      </trkpt>
      <trkpt lat="37.068171" lon="-3.376599">
        <ele>2710.2</ele>
      </trkpt>
      <trkpt lat="37.068146" lon="-3.376574">
        <ele>2710.4</ele>
      </trkpt>
      <trkpt lat="37.068118" lon="-3.376551">
        <ele>2710.4</ele>
      </trkpt>
      <trkpt lat="37.068092" lon="-3.37653">
        <ele>2710.6</ele>
      </trkpt>
      <trkpt lat="37.068066" lon="-3.376505">
        <ele>2710.8</ele>
      </trkpt>
      <trkpt lat="37.068041" lon="-3.376478">
        <ele>2711.4</ele>
      </trkpt>
      <trkpt lat="37.068014" lon="-3.376452">
        <ele>2711.6</ele>
      </trkpt>
      <trkpt lat="37.067989" lon="-3.376427">
        <ele>2711.8</ele>
      </trkpt>
      <trkpt lat="37.067962" lon="-3.376402">
        <ele>2711.8</ele>
      </trkpt>
      <trkpt lat="37.067934" lon="-3.376379">
        <ele>2712.0</ele>
      </trkpt>
      <trkpt lat="37.067905" lon="-3.376358">
        <ele>2712.2</ele>
      </trkpt>
      <trkpt lat="37.067875" lon="-3.376339">
        <ele>2712.6</ele>
      </trkpt>
      <trkpt lat="37.067844" lon="-3.376321">
        <ele>2713.0</ele>
      </trkpt>
      <trkpt lat="37.067812" lon="-3.376303">
        <ele>2713.2</ele>
      </trkpt>
      <trkpt lat="37.067779" lon="-3.376287">
        <ele>2713.6</ele>
      </trkpt>
      <trkpt lat="37.067748" lon="-3.376272">
        <ele>2713.8</ele>
      </trkpt>
      <trkpt lat="37.067716" lon="-3.376257">
        <ele>2713.8</ele>
      </trkpt>
      <trkpt lat="37.067686" lon="-3.37624">
        <ele>2714.0</ele>
      </trkpt>
      <trkpt lat="37.067661" lon="-3.376217">
        <ele>2714.4</ele>
      </trkpt>
      <trkpt lat="37.067639" lon="-3.376192">
        <ele>2714.4</ele>
      </trkpt>
      <trkpt lat="37.06762" lon="-3.376161">
        <ele>2714.8</ele>
      </trkpt>
      <trkpt lat="37.067611" lon="-3.376125">
        <ele>2715.0</ele>
      </trkpt>
      <trkpt lat="37.067609" lon="-3.376088">
        <ele>2715.6</ele>
      </trkpt>
      <trkpt lat="37.067615" lon="-3.37605">
        <ele>2716.0</ele>
      </trkpt>
      <trkpt lat="37.06763" lon="-3.376018">
        <ele>2716.6</ele>
      </trkpt>
      <trkpt lat="37.06765" lon="-3.375989">
        <ele>2717.2</ele>
      </trkpt>
      <trkpt lat="37.067676" lon="-3.375968">
        <ele>2717.8</ele>
      </trkpt>
      <trkpt lat="37.067702" lon="-3.375953">
        <ele>2718.2</ele>
      </trkpt>
      <trkpt lat="37.067728" lon="-3.375944">
        <ele>2718.6</ele>
      </trkpt>
      <trkpt lat="37.067754" lon="-3.37594">
        <ele>2719.0</ele>
      </trkpt>
      <trkpt lat="37.067781" lon="-3.375941">
        <ele>2719.2</ele>
      </trkpt>
      <trkpt lat="37.067806" lon="-3.375951">
        <ele>2719.4</ele>
      </trkpt>
      <trkpt lat="37.067834" lon="-3.375965">
        <ele>2719.4</ele>
      </trkpt>
      <trkpt lat="37.067858" lon="-3.375985">
        <ele>2719.6</ele>
      </trkpt>
      <trkpt lat="37.067886" lon="-3.376006">
        <ele>2719.6</ele>
      </trkpt>
      <trkpt lat="37.067914" lon="-3.376026">
        <ele>2719.6</ele>
      </trkpt>
      <trkpt lat="37.067938" lon="-3.376053">
        <ele>2719.6</ele>
      </trkpt>
      <trkpt lat="37.067963" lon="-3.376081">
        <ele>2719.6</ele>
      </trkpt>
      <trkpt lat="37.067987" lon="-3.37611">
        <ele>2719.8</ele>
      </trkpt>
      <trkpt lat="37.068012" lon="-3.376139">
        <ele>2720.0</ele>
      </trkpt>
      <trkpt lat="37.068036" lon="-3.376169">
        <ele>2720.2</ele>
      </trkpt>
      <trkpt lat="37.068058" lon="-3.376197">
        <ele>2720.6</ele>
      </trkpt>
      <trkpt lat="37.068083" lon="-3.376225">
        <ele>2720.8</ele>
      </trkpt>
      <trkpt lat="37.068109" lon="-3.376249">
        <ele>2721.0</ele>
      </trkpt>
      <trkpt lat="37.068137" lon="-3.37627">
        <ele>2721.2</ele>
      </trkpt>
      <trkpt lat="37.068165" lon="-3.376291">
        <ele>2721.4</ele>
      </trkpt>
      <trkpt lat="37.068193" lon="-3.376313">
        <ele>2721.8</ele>
      </trkpt>
      <trkpt lat="37.068222" lon="-3.376334">
        <ele>2722.2</ele>
      </trkpt>
      <trkpt lat="37.068252" lon="-3.376352">
        <ele>2722.4</ele>
      </trkpt>
      <trkpt lat="37.068282" lon="-3.37637">
        <ele>2722.6</ele>
      </trkpt>
      <trkpt lat="37.068313" lon="-3.376387">
        <ele>2722.8</ele>
      </trkpt>
      <trkpt lat="37.068344" lon="-3.376405">
        <ele>2723.0</ele>
      </trkpt>
      <trkpt lat="37.068375" lon="-3.37642">
        <ele>2723.4</ele>
      </trkpt>
      <trkpt lat="37.068405" lon="-3.376437">
        <ele>2723.8</ele>
      </trkpt>
      <trkpt lat="37.068436" lon="-3.376454">
        <ele>2724.2</ele>
      </trkpt>
      <trkpt lat="37.068466" lon="-3.37647">
        <ele>2724.4</ele>
      </trkpt>
      <trkpt lat="37.068497" lon="-3.376488">
        <ele>2724.6</ele>
      </trkpt>
      <trkpt lat="37.068528" lon="-3.376505">
        <ele>2724.8</ele>
      </trkpt>
      <trkpt lat="37.068559" lon="-3.376521">
        <ele>2725.4</ele>
      </trkpt>
      <trkpt lat="37.06859" lon="-3.376537">
        <ele>2725.6</ele>
      </trkpt>
      <trkpt lat="37.068621" lon="-3.376554">
        <ele>2725.8</ele>
      </trkpt>
      <trkpt lat="37.068651" lon="-3.37657">
        <ele>2726.2</ele>
      </trkpt>
      <trkpt lat="37.068681" lon="-3.376584">
        <ele>2726.4</ele>
      </trkpt>
      <trkpt lat="37.068713" lon="-3.376598">
        <ele>2726.6</ele>
      </trkpt>
      <trkpt lat="37.068744" lon="-3.376611">
        <ele>2726.6</ele>
      </trkpt>
      <trkpt lat="37.068775" lon="-3.376626">
        <ele>2727.0</ele>
      </trkpt>
      <trkpt lat="37.068805" lon="-3.376645">
        <ele>2727.4</ele>
      </trkpt>
      <trkpt lat="37.068834" lon="-3.376665">
        <ele>2727.6</ele>
      </trkpt>
      <trkpt lat="37.068865" lon="-3.376683">
        <ele>2728.0</ele>
      </trkpt>
      <trkpt lat="37.068895" lon="-3.376699">
        <ele>2728.2</ele>
      </trkpt>
      <trkpt lat="37.068926" lon="-3.376714">
        <ele>2728.6</ele>
      </trkpt>
      <trkpt lat="37.068957" lon="-3.376725">
        <ele>2728.8</ele>
      </trkpt>
      <trkpt lat="37.06899" lon="-3.376734">
        <ele>2729.0</ele>
      </trkpt>
      <trkpt lat="37.069023" lon="-3.376741">
        <ele>2729.2</ele>
      </trkpt>
      <trkpt lat="37.069057" lon="-3.376747">
        <ele>2729.4</ele>
      </trkpt>
      <trkpt lat="37.06909" lon="-3.376751">
        <ele>2729.8</ele>
      </trkpt>
      <trkpt lat="37.069121" lon="-3.376755">
        <ele>2730.4</ele>
      </trkpt>
      <trkpt lat="37.069154" lon="-3.376758">
        <ele>2730.6</ele>
      </trkpt>
      <trkpt lat="37.069187" lon="-3.376758">
        <ele>2730.8</ele>
      </trkpt>
      <trkpt lat="37.069221" lon="-3.376756">
        <ele>2731.0</ele>
      </trkpt>
      <trkpt lat="37.069252" lon="-3.376753">
        <ele>2731.4</ele>
      </trkpt>
      <trkpt lat="37.069284" lon="-3.376745">
        <ele>2731.8</ele>
      </trkpt>
      <trkpt lat="37.069316" lon="-3.376734">
        <ele>2732.4</ele>
      </trkpt>
      <trkpt lat="37.069348" lon="-3.376722">
        <ele>2732.6</ele>
      </trkpt>
      <trkpt lat="37.069379" lon="-3.376708">
        <ele>2733.0</ele>
      </trkpt>
      <trkpt lat="37.069409" lon="-3.376693">
        <ele>2733.2</ele>
      </trkpt>
      <trkpt lat="37.069439" lon="-3.376677">
        <ele>2733.6</ele>
      </trkpt>
      <trkpt lat="37.069469" lon="-3.376657">
        <ele>2733.8</ele>
      </trkpt>
      <trkpt lat="37.069496" lon="-3.376635">
        <ele>2734.0</ele>
      </trkpt>
      <trkpt lat="37.069522" lon="-3.376612">
        <ele>2734.2</ele>
      </trkpt>
      <trkpt lat="37.069546" lon="-3.376586">
        <ele>2734.4</ele>
      </trkpt>
      <trkpt lat="37.069568" lon="-3.376554">
        <ele>2734.6</ele>
      </trkpt>
      <trkpt lat="37.069588" lon="-3.376522">
        <ele>2735.0</ele>
      </trkpt>
      <trkpt lat="37.069609" lon="-3.376489">
        <ele>2735.0</ele>
      </trkpt>
      <trkpt lat="37.069628" lon="-3.376455">
        <ele>2735.2</ele>
      </trkpt>
      <trkpt lat="37.069644" lon="-3.37642">
        <ele>2735.2</ele>
      </trkpt>
      <trkpt lat="37.069658" lon="-3.376383">
        <ele>2735.6</ele>
      </trkpt>
      <trkpt lat="37.069672" lon="-3.376346">
        <ele>2735.8</ele>
      </trkpt>
      <trkpt lat="37.069688" lon="-3.376311">
        <ele>2736.0</ele>
      </trkpt>
      <trkpt lat="37.069704" lon="-3.376276">
        <ele>2736.4</ele>
      </trkpt>
      <trkpt lat="37.069718" lon="-3.376239">
        <ele>2736.6</ele>
      </trkpt>
      <trkpt lat="37.069732" lon="-3.376202">
        <ele>2737.0</ele>
      </trkpt>
      <trkpt lat="37.069745" lon="-3.376164">
        <ele>2737.2</ele>
      </trkpt>
      <trkpt lat="37.069757" lon="-3.376125">
        <ele>2737.4</ele>
      </trkpt>
      <trkpt lat="37.069766" lon="-3.376085">
        <ele>2737.6</ele>
      </trkpt>
      <trkpt lat="37.069775" lon="-3.376043">
        <ele>2737.8</ele>
      </trkpt>
      <trkpt lat="37.069781" lon="-3.376002">
        <ele>2738.0</ele>
      </trkpt>
      <trkpt lat="37.069784" lon="-3.37596">
        <ele>2738.4</ele>
      </trkpt>
      <trkpt lat="37.069785" lon="-3.375918">
        <ele>2738.6</ele>
      </trkpt>
      <trkpt lat="37.069784" lon="-3.375875">
        <ele>2738.6</ele>
      </trkpt>
      <trkpt lat="37.06978" lon="-3.375832">
        <ele>2738.8</ele>
      </trkpt>
      <trkpt lat="37.069772" lon="-3.375791">
        <ele>2739.0</ele>
      </trkpt>
      <trkpt lat="37.069761" lon="-3.375751">
        <ele>2739.2</ele>
      </trkpt>
      <trkpt lat="37.069749" lon="-3.375713">
        <ele>2739.6</ele>
      </trkpt>
      <trkpt lat="37.069735" lon="-3.37568">
        <ele>2739.8</ele>
      </trkpt>
      <trkpt lat="37.069718" lon="-3.375651">
        <ele>2740.0</ele>
      </trkpt>
      <trkpt lat="37.069696" lon="-3.375625">
        <ele>2740.2</ele>
      </trkpt>
      <trkpt lat="37.069672" lon="-3.375602">
        <ele>2740.4</ele>
      </trkpt>
      <trkpt lat="37.069647" lon="-3.375584">
        <ele>2740.6</ele>
      </trkpt>
      <trkpt lat="37.069619" lon="-3.37557">
        <ele>2741.0</ele>
      </trkpt>
      <trkpt lat="37.069589" lon="-3.375566">
        <ele>2741.2</ele>
      </trkpt>
      <trkpt lat="37.069558" lon="-3.375571">
        <ele>2741.4</ele>
      </trkpt>
      <trkpt lat="37.069528" lon="-3.375583">
        <ele>2741.8</ele>
      </trkpt>
      <trkpt lat="37.069501" lon="-3.375601">
        <ele>2742.2</ele>
      </trkpt>
      <trkpt lat="37.069478" lon="-3.375622">
        <ele>2742.6</ele>
      </trkpt>
      <trkpt lat="37.069454" lon="-3.375646">
        <ele>2742.8</ele>
      </trkpt>
      <trkpt lat="37.069431" lon="-3.375672">
        <ele>2742.8</ele>
      </trkpt>
      <trkpt lat="37.069413" lon="-3.375702">
        <ele>2743.0</ele>
      </trkpt>
      <trkpt lat="37.069401" lon="-3.375735">
        <ele>2743.0</ele>
      </trkpt>
      <trkpt lat="37.069395" lon="-3.375771">
        <ele>2743.4</ele>
      </trkpt>
      <trkpt lat="37.069388" lon="-3.375807">
        <ele>2743.4</ele>
      </trkpt>
      <trkpt lat="37.069382" lon="-3.375844">
        <ele>2743.6</ele>
      </trkpt>
      <trkpt lat="37.069377" lon="-3.375881">
        <ele>2744.0</ele>
      </trkpt>
      <trkpt lat="37.069374" lon="-3.375919">
        <ele>2744.2</ele>
      </trkpt>
      <trkpt lat="37.069371" lon="-3.375954">
        <ele>2744.6</ele>
      </trkpt>
      <trkpt lat="37.069363" lon="-3.375987">
        <ele>2745.2</ele>
      </trkpt>
      <trkpt lat="37.069353" lon="-3.376019">
        <ele>2745.4</ele>
      </trkpt>
      <trkpt lat="37.069338" lon="-3.376052">
        <ele>2745.8</ele>
      </trkpt>
      <trkpt lat="37.06932" lon="-3.376082">
        <ele>2746.2</ele>
      </trkpt>
      <trkpt lat="37.069298" lon="-3.376111">
        <ele>2746.4</ele>
      </trkpt>
      <trkpt lat="37.069274" lon="-3.376136">
        <ele>2746.6</ele>
      </trkpt>
      <trkpt lat="37.069248" lon="-3.376159">
        <ele>2746.8</ele>
      </trkpt>
      <trkpt lat="37.06922" lon="-3.376179">
        <ele>2747.0</ele>
      </trkpt>
      <trkpt lat="37.069191" lon="-3.376196">
        <ele>2747.2</ele>
      </trkpt>
      <trkpt lat="37.069162" lon="-3.376208">
        <ele>2747.6</ele>
      </trkpt>
      <trkpt lat="37.069132" lon="-3.376216">
        <ele>2747.8</ele>
      </trkpt>
      <trkpt lat="37.069103" lon="-3.376222">
        <ele>2748.0</ele>
      </trkpt>
      <trkpt lat="37.069073" lon="-3.376225">
        <ele>2748.2</ele>
      </trkpt>
      <trkpt lat="37.069042" lon="-3.376224">
        <ele>2748.4</ele>
      </trkpt>
      <trkpt lat="37.069012" lon="-3.376218">
        <ele>2748.6</ele>
      </trkpt>
      <trkpt lat="37.068981" lon="-3.37621">
        <ele>2748.8</ele>
      </trkpt>
      <trkpt lat="37.06895" lon="-3.3762">
        <ele>2749.2</ele>
      </trkpt>
      <trkpt lat="37.068921" lon="-3.376186">
        <ele>2749.6</ele>
      </trkpt>
      <trkpt lat="37.068892" lon="-3.376169">
        <ele>2750.0</ele>
      </trkpt>
      <trkpt lat="37.068864" lon="-3.37615">
        <ele>2750.2</ele>
      </trkpt>
      <trkpt lat="37.068836" lon="-3.37613">
        <ele>2750.4</ele>
      </trkpt>
      <trkpt lat="37.06881" lon="-3.376109">
        <ele>2750.8</ele>
      </trkpt>
      <trkpt lat="37.068785" lon="-3.376086">
        <ele>2751.0</ele>
      </trkpt>
      <trkpt lat="37.068759" lon="-3.376063">
        <ele>2751.0</ele>
      </trkpt>
      <trkpt lat="37.068732" lon="-3.376041">
        <ele>2751.2</ele>
      </trkpt>
      <trkpt lat="37.068706" lon="-3.376019">
        <ele>2751.4</ele>
      </trkpt>
      <trkpt lat="37.068681" lon="-3.375997">
        <ele>2751.8</ele>
      </trkpt>
      <trkpt lat="37.068654" lon="-3.375976">
        <ele>2752.0</ele>
      </trkpt>
      <trkpt lat="37.068625" lon="-3.375957">
        <ele>2752.2</ele>
      </trkpt>
      <trkpt lat="37.068597" lon="-3.375937">
        <ele>2752.6</ele>
      </trkpt>
      <trkpt lat="37.068568" lon="-3.375918">
        <ele>2752.8</ele>
      </trkpt>
      <trkpt lat="37.068539" lon="-3.375899">
        <ele>2753.2</ele>
      </trkpt>
      <trkpt lat="37.06851" lon="-3.375881">
        <ele>2753.8</ele>
      </trkpt>
      <trkpt lat="37.068481" lon="-3.375864">
        <ele>2754.2</ele>
      </trkpt>
      <trkpt lat="37.068452" lon="-3.375847">
        <ele>2754.2</ele>
      </trkpt>
      <trkpt lat="37.068424" lon="-3.375828">
        <ele>2754.4</ele>
      </trkpt>
      <trkpt lat="37.068396" lon="-3.375808">
        <ele>2754.6</ele>
      </trkpt>
      <trkpt lat="37.06837" lon="-3.375786">
        <ele>2754.8</ele>
      </trkpt>
      <trkpt lat="37.068344" lon="-3.375763">
        <ele>2755.0</ele>
      </trkpt>
      <trkpt lat="37.068319" lon="-3.375735">
        <ele>2755.4</ele>
      </trkpt>
      <trkpt lat="37.068297" lon="-3.375705">
        <ele>2755.8</ele>
      </trkpt>
      <trkpt lat="37.068277" lon="-3.375672">
        <ele>2756.2</ele>
      </trkpt>
      <trkpt lat="37.068259" lon="-3.375638">
        <ele>2756.2</ele>
      </trkpt>
      <trkpt lat="37.068242" lon="-3.375603">
        <ele>2756.4</ele>
      </trkpt>
      <trkpt lat="37.068227" lon="-3.375567">
        <ele>2756.6</ele>
      </trkpt>
      <trkpt lat="37.068213" lon="-3.375531">
        <ele>2756.8</ele>
      </trkpt>
      <trkpt lat="37.0682" lon="-3.375495">
        <ele>2757.0</ele>
      </trkpt>
      <trkpt lat="37.068186" lon="-3.375459">
        <ele>2757.4</ele>
      </trkpt>
      <trkpt lat="37.068171" lon="-3.375425">
        <ele>2757.8</ele>
      </trkpt>
      <trkpt lat="37.068155" lon="-3.375389">
        <ele>2758.0</ele>
      </trkpt>
      <trkpt lat="37.068139" lon="-3.375354">
        <ele>2758.4</ele>
      </trkpt>
      <trkpt lat="37.068123" lon="-3.37532">
        <ele>2758.6</ele>
      </trkpt>
      <trkpt lat="37.068105" lon="-3.375286">
        <ele>2758.8</ele>
      </trkpt>
      <trkpt lat="37.068086" lon="-3.375253">
        <ele>2759.0</ele>
      </trkpt>
      <trkpt lat="37.068068" lon="-3.37522">
        <ele>2759.2</ele>
      </trkpt>
      <trkpt lat="37.06805" lon="-3.375186">
        <ele>2759.4</ele>
      </trkpt>
      <trkpt lat="37.06803" lon="-3.375154">
        <ele>2759.8</ele>
      </trkpt>
      <trkpt lat="37.06801" lon="-3.375125">
        <ele>2760.0</ele>
      </trkpt>
      <trkpt lat="37.067989" lon="-3.375096">
        <ele>2760.4</ele>
      </trkpt>
      <trkpt lat="37.067967" lon="-3.375067">
        <ele>2760.8</ele>
      </trkpt>
      <trkpt lat="37.067944" lon="-3.375039">
        <ele>2761.0</ele>
      </trkpt>
      <trkpt lat="37.06792" lon="-3.375009">
        <ele>2761.2</ele>
      </trkpt>
      <trkpt lat="37.067897" lon="-3.374981">
        <ele>2761.2</ele>
      </trkpt>
      <trkpt lat="37.067872" lon="-3.374955">
        <ele>2761.4</ele>
      </trkpt>
      <trkpt lat="37.067847" lon="-3.37493">
        <ele>2761.6</ele>
      </trkpt>
      <trkpt lat="37.067819" lon="-3.374909">
        <ele>2762.0</ele>
      </trkpt>
      <trkpt lat="37.067791" lon="-3.37489">
        <ele>2762.2</ele>
      </trkpt>
      <trkpt lat="37.067763" lon="-3.374871">
        <ele>2762.4</ele>
      </trkpt>
      <trkpt lat="37.067735" lon="-3.37485">
        <ele>2762.6</ele>
      </trkpt>
      <trkpt lat="37.067707" lon="-3.374831">
        <ele>2763.0</ele>
      </trkpt>
      <trkpt lat="37.067678" lon="-3.374814">
        <ele>2763.2</ele>
      </trkpt>
      <trkpt lat="37.067648" lon="-3.374797">
        <ele>2763.6</ele>
      </trkpt>
      <trkpt lat="37.06762" lon="-3.374778">
        <ele>2764.0</ele>
      </trkpt>
      <trkpt lat="37.067591" lon="-3.374759">
        <ele>2764.0</ele>
      </trkpt>
      <trkpt lat="37.067563" lon="-3.37474">
        <ele>2764.2</ele>
      </trkpt>
      <trkpt lat="37.067535" lon="-3.374722">
        <ele>2764.4</ele>
      </trkpt>
      <trkpt lat="37.067509" lon="-3.374703">
        <ele>2764.6</ele>
      </trkpt>
      <trkpt lat="37.067482" lon="-3.374685">
        <ele>2764.8</ele>
      </trkpt>
      <trkpt lat="37.067454" lon="-3.374666">
        <ele>2765.0</ele>
      </trkpt>
      <trkpt lat="37.067427" lon="-3.374647">
        <ele>2765.2</ele>
      </trkpt>
      <trkpt lat="37.0674" lon="-3.374627">
        <ele>2765.4</ele>
      </trkpt>
      <trkpt lat="37.067372" lon="-3.374609">
        <ele>2765.6</ele>
      </trkpt>
      <trkpt lat="37.067344" lon="-3.37459">
        <ele>2766.0</ele>
      </trkpt>
      <trkpt lat="37.067316" lon="-3.374572">
        <ele>2766.2</ele>
      </trkpt>
      <trkpt lat="37.067288" lon="-3.374553">
        <ele>2766.6</ele>
      </trkpt>
      <trkpt lat="37.06726" lon="-3.374535">
        <ele>2766.8</ele>
      </trkpt>
      <trkpt lat="37.067231" lon="-3.374518">
        <ele>2767.2</ele>
      </trkpt>
      <trkpt lat="37.067201" lon="-3.374501">
        <ele>2767.4</ele>
      </trkpt>
      <trkpt lat="37.067171" lon="-3.374487">
        <ele>2767.6</ele>
      </trkpt>
      <trkpt lat="37.067142" lon="-3.374471">
        <ele>2768.0</ele>
      </trkpt>
      <trkpt lat="37.067114" lon="-3.374457">
        <ele>2768.2</ele>
      </trkpt>
      <trkpt lat="37.067086" lon="-3.374446">
        <ele>2768.4</ele>
      </trkpt>
      <trkpt lat="37.067056" lon="-3.374436">
        <ele>2768.6</ele>
      </trkpt>
      <trkpt lat="37.067026" lon="-3.374426">
        <ele>2769.0</ele>
      </trkpt>
      <trkpt lat="37.066996" lon="-3.374414">
        <ele>2769.4</ele>
      </trkpt>
      <trkpt lat="37.066965" lon="-3.374406">
        <ele>2769.8</ele>
      </trkpt>
      <trkpt lat="37.066934" lon="-3.374399">
        <ele>2770.2</ele>
      </trkpt>
      <trkpt lat="37.066902" lon="-3.374395">
        <ele>2770.4</ele>
      </trkpt>
      <trkpt lat="37.066871" lon="-3.37439">
        <ele>2770.4</ele>
      </trkpt>
      <trkpt lat="37.06684" lon="-3.374384">
        <ele>2770.6</ele>
      </trkpt>
      <trkpt lat="37.066809" lon="-3.374378">
        <ele>2770.8</ele>
      </trkpt>
      <trkpt lat="37.066777" lon="-3.374372">
        <ele>2771.0</ele>
      </trkpt>
      <trkpt lat="37.066746" lon="-3.374365">
        <ele>2771.2</ele>
      </trkpt>
      <trkpt lat="37.066715" lon="-3.37436">
        <ele>2771.4</ele>
      </trkpt>
      <trkpt lat="37.066683" lon="-3.374356">
        <ele>2771.8</ele>
      </trkpt>
      <trkpt lat="37.066651" lon="-3.374352">
        <ele>2772.2</ele>
      </trkpt>
      <trkpt lat="37.066619" lon="-3.37435">
        <ele>2772.4</ele>
      </trkpt>
      <trkpt lat="37.066587" lon="-3.37435">
        <ele>2772.6</ele>
      </trkpt>
      <trkpt lat="37.066555" lon="-3.374348">
        <ele>2772.8</ele>
      </trkpt>
      <trkpt lat="37.066522" lon="-3.374345">
        <ele>2773.0</ele>
      </trkpt>
      <trkpt lat="37.066489" lon="-3.37434">
        <ele>2773.4</ele>
      </trkpt>
      <trkpt lat="37.066455" lon="-3.374335">
        <ele>2773.8</ele>
      </trkpt>
      <trkpt lat="37.066422" lon="-3.374327">
        <ele>2774.0</ele>
      </trkpt>
      <trkpt lat="37.06639" lon="-3.374316">
        <ele>2774.2</ele>
      </trkpt>
      <trkpt lat="37.06636" lon="-3.374299">
        <ele>2774.6</ele>
      </trkpt>
      <trkpt lat="37.066333" lon="-3.374276">
        <ele>2774.8</ele>
      </trkpt>
      <trkpt lat="37.06631" lon="-3.37425">
        <ele>2775.0</ele>
      </trkpt>
      <trkpt lat="37.066289" lon="-3.374222">
        <ele>2775.4</ele>
      </trkpt>
      <trkpt lat="37.066275" lon="-3.374188">
        <ele>2775.6</ele>
      </trkpt>
      <trkpt lat="37.066268" lon="-3.374152">
        <ele>2776.2</ele>
      </trkpt>
      <trkpt lat="37.066267" lon="-3.374112">
        <ele>2776.6</ele>
      </trkpt>
      <trkpt lat="37.066274" lon="-3.374071">
        <ele>2776.8</ele>
      </trkpt>
      <trkpt lat="37.066285" lon="-3.374035">
        <ele>2777.0</ele>
      </trkpt>
      <trkpt lat="37.066299" lon="-3.374001">
        <ele>2777.4</ele>
      </trkpt>
      <trkpt lat="37.066315" lon="-3.373972">
        <ele>2778.0</ele>
      </trkpt>
      <trkpt lat="37.066335" lon="-3.373949">
        <ele>2778.6</ele>
      </trkpt>
      <trkpt lat="37.066359" lon="-3.373932">
        <ele>2779.0</ele>
      </trkpt>
      <trkpt lat="37.066383" lon="-3.373919">
        <ele>2779.6</ele>
      </trkpt>
      <trkpt lat="37.066407" lon="-3.373911">
        <ele>2780.0</ele>
      </trkpt>
      <trkpt lat="37.066436" lon="-3.373906">
        <ele>2780.2</ele>
      </trkpt>
      <trkpt lat="37.066466" lon="-3.373906">
        <ele>2780.4</ele>
      </trkpt>
      <trkpt lat="37.066497" lon="-3.373911">
        <ele>2780.2</ele>
      </trkpt>
      <trkpt lat="37.066529" lon="-3.373919">
        <ele>2780.4</ele>
      </trkpt>
      <trkpt lat="37.066555" lon="-3.373931">
        <ele>2780.4</ele>
      </trkpt>
      <trkpt lat="37.066582" lon="-3.373947">
        <ele>2780.6</ele>
      </trkpt>
      <trkpt lat="37.066608" lon="-3.373966">
        <ele>2781.0</ele>
      </trkpt>
      <trkpt lat="37.066635" lon="-3.373987">
        <ele>2781.0</ele>
      </trkpt>
      <trkpt lat="37.066667" lon="-3.374003">
        <ele>2781.4</ele>
      </trkpt>
      <trkpt lat="37.066701" lon="-3.374015">
        <ele>2781.6</ele>
      </trkpt>
      <trkpt lat="37.066736" lon="-3.374023">
        <ele>2782.0</ele>
      </trkpt>
      <trkpt lat="37.066774" lon="-3.374028">
        <ele>2782.4</ele>
      </trkpt>
      <trkpt lat="37.066813" lon="-3.374027">
        <ele>2782.8</ele>
      </trkpt>
      <trkpt lat="37.066851" lon="-3.374022">
        <ele>2783.0</ele>
      </trkpt>
      <trkpt lat="37.066889" lon="-3.374015">
        <ele>2783.2</ele>
      </trkpt>
      <trkpt lat="37.066926" lon="-3.374004">
        <ele>2783.2</ele>
      </trkpt>
      <trkpt lat="37.066964" lon="-3.373999">
        <ele>2783.4</ele>
      </trkpt>
      <trkpt lat="37.066999" lon="-3.374">
        <ele>2783.6</ele>
      </trkpt>
      <trkpt lat="37.067035" lon="-3.374007">
        <ele>2783.8</ele>
      </trkpt>
      <trkpt lat="37.06707" lon="-3.374017">
        <ele>2784.0</ele>
      </trkpt>
      <trkpt lat="37.067105" lon="-3.374028">
        <ele>2784.2</ele>
      </trkpt>
      <trkpt lat="37.067139" lon="-3.374042">
        <ele>2784.4</ele>
      </trkpt>
      <trkpt lat="37.067173" lon="-3.37406">
        <ele>2784.4</ele>
      </trkpt>
      <trkpt lat="37.067207" lon="-3.374079">
        <ele>2784.6</ele>
      </trkpt>
      <trkpt lat="37.067241" lon="-3.374097">
        <ele>2784.8</ele>
      </trkpt>
      <trkpt lat="37.067275" lon="-3.374114">
        <ele>2784.8</ele>
      </trkpt>
      <trkpt lat="37.06731" lon="-3.374126">
        <ele>2785.0</ele>
      </trkpt>
      <trkpt lat="37.067344" lon="-3.374138">
        <ele>2785.6</ele>
      </trkpt>
      <trkpt lat="37.067378" lon="-3.37415">
        <ele>2786.0</ele>
      </trkpt>
      <trkpt lat="37.067412" lon="-3.374165">
        <ele>2786.4</ele>
      </trkpt>
      <trkpt lat="37.067446" lon="-3.374179">
        <ele>2786.6</ele>
      </trkpt>
      <trkpt lat="37.067481" lon="-3.374193">
        <ele>2786.8</ele>
      </trkpt>
      <trkpt lat="37.067515" lon="-3.374208">
        <ele>2787.0</ele>
      </trkpt>
      <trkpt lat="37.06755" lon="-3.374221">
        <ele>2787.0</ele>
      </trkpt>
      <trkpt lat="37.067587" lon="-3.374234">
        <ele>2787.0</ele>
      </trkpt>
      <trkpt lat="37.067623" lon="-3.374245">
        <ele>2787.4</ele>
      </trkpt>
      <trkpt lat="37.06766" lon="-3.374255">
        <ele>2787.6</ele>
      </trkpt>
      <trkpt lat="37.067696" lon="-3.374264">
        <ele>2788.0</ele>
      </trkpt>
      <trkpt lat="37.067732" lon="-3.374274">
        <ele>2788.2</ele>
      </trkpt>
      <trkpt lat="37.067769" lon="-3.374282">
        <ele>2788.6</ele>
      </trkpt>
      <trkpt lat="37.067806" lon="-3.374286">
        <ele>2788.8</ele>
      </trkpt>
      <trkpt lat="37.067842" lon="-3.374288">
        <ele>2789.0</ele>
      </trkpt>
      <trkpt lat="37.067879" lon="-3.374286">
        <ele>2789.2</ele>
      </trkpt>
      <trkpt lat="37.067915" lon="-3.374279">
        <ele>2789.6</ele>
      </trkpt>
      <trkpt lat="37.06795" lon="-3.374266">
        <ele>2789.8</ele>
      </trkpt>
      <trkpt lat="37.067984" lon="-3.374247">
        <ele>2790.2</ele>
      </trkpt>
      <trkpt lat="37.068015" lon="-3.374225">
        <ele>2790.6</ele>
      </trkpt>
      <trkpt lat="37.068042" lon="-3.374202">
        <ele>2791.0</ele>
      </trkpt>
      <trkpt lat="37.068068" lon="-3.374177">
        <ele>2791.0</ele>
      </trkpt>
      <trkpt lat="37.068089" lon="-3.374148">
        <ele>2791.2</ele>
      </trkpt>
      <trkpt lat="37.068106" lon="-3.374114">
        <ele>2791.4</ele>
      </trkpt>
      <trkpt lat="37.068119" lon="-3.374077">
        <ele>2791.6</ele>
      </trkpt>
      <trkpt lat="37.068127" lon="-3.374038">
        <ele>2791.8</ele>
      </trkpt>
      <trkpt lat="37.068132" lon="-3.373998">
        <ele>2792.4</ele>
      </trkpt>
      <trkpt lat="37.068131" lon="-3.373957">
        <ele>2792.6</ele>
      </trkpt>
      <trkpt lat="37.068124" lon="-3.373917">
        <ele>2792.6</ele>
      </trkpt>
      <trkpt lat="37.068111" lon="-3.373877">
        <ele>2792.8</ele>
      </trkpt>
      <trkpt lat="37.06809" lon="-3.373843">
        <ele>2792.8</ele>
      </trkpt>
      <trkpt lat="37.068062" lon="-3.373814">
        <ele>2793.0</ele>
      </trkpt>
      <trkpt lat="37.06803" lon="-3.373793">
        <ele>2793.2</ele>
      </trkpt>
      <trkpt lat="37.067996" lon="-3.373775">
        <ele>2793.4</ele>
      </trkpt>
      <trkpt lat="37.067961" lon="-3.373761">
        <ele>2793.8</ele>
      </trkpt>
      <trkpt lat="37.067925" lon="-3.373755">
        <ele>2794.2</ele>
      </trkpt>
      <trkpt lat="37.06789" lon="-3.373756">
        <ele>2794.4</ele>
      </trkpt>
      <trkpt lat="37.067855" lon="-3.373763">
        <ele>2794.6</ele>
      </trkpt>
      <trkpt lat="37.067821" lon="-3.373779">
        <ele>2794.8</ele>
      </trkpt>
      <trkpt lat="37.06779" lon="-3.3738">
        <ele>2794.8</ele>
      </trkpt>
      <trkpt lat="37.06776" lon="-3.373828">
        <ele>2795.0</ele>
      </trkpt>
      <trkpt lat="37.067729" lon="-3.373855">
        <ele>2795.0</ele>
      </trkpt>
      <trkpt lat="37.067698" lon="-3.373883">
        <ele>2795.2</ele>
      </trkpt>
      <trkpt lat="37.067664" lon="-3.37391">
        <ele>2795.8</ele>
      </trkpt>
      <trkpt lat="37.067629" lon="-3.373936">
        <ele>2796.0</ele>
      </trkpt>
      <trkpt lat="37.067591" lon="-3.373954">
        <ele>2796.2</ele>
      </trkpt>
      <trkpt lat="37.067551" lon="-3.373961">
        <ele>2796.6</ele>
      </trkpt>
      <trkpt lat="37.067514" lon="-3.373957">
        <ele>2796.8</ele>
      </trkpt>
      <trkpt lat="37.067478" lon="-3.373942">
        <ele>2796.8</ele>
      </trkpt>
      <trkpt lat="37.067442" lon="-3.373921">
        <ele>2797.2</ele>
      </trkpt>
      <trkpt lat="37.067413" lon="-3.373897">
        <ele>2797.6</ele>
      </trkpt>
      <trkpt lat="37.067387" lon="-3.373869">
        <ele>2797.8</ele>
      </trkpt>
      <trkpt lat="37.067364" lon="-3.373838">
        <ele>2798.2</ele>
      </trkpt>
      <trkpt lat="37.067343" lon="-3.373804">
        <ele>2798.4</ele>
      </trkpt>
      <trkpt lat="37.067322" lon="-3.37377">
        <ele>2798.6</ele>
      </trkpt>
      <trkpt lat="37.067303" lon="-3.373734">
        <ele>2798.8</ele>
      </trkpt>
      <trkpt lat="37.067287" lon="-3.373696">
        <ele>2799.0</ele>
      </trkpt>
      <trkpt lat="37.06727" lon="-3.373659">
        <ele>2799.4</ele>
      </trkpt>
      <trkpt lat="37.067254" lon="-3.373622">
        <ele>2799.6</ele>
      </trkpt>
      <trkpt lat="37.067238" lon="-3.373584">
        <ele>2799.8</ele>
      </trkpt>
      <trkpt lat="37.06722" lon="-3.373548">
        <ele>2800.0</ele>
      </trkpt>
      <trkpt lat="37.0672" lon="-3.373514">
        <ele>2800.2</ele>
      </trkpt>
      <trkpt lat="37.06718" lon="-3.37348">
        <ele>2800.6</ele>
      </trkpt>
      <trkpt lat="37.067159" lon="-3.373448">
        <ele>2800.8</ele>
      </trkpt>
      <trkpt lat="37.067138" lon="-3.373418">
        <ele>2801.0</ele>
      </trkpt>
      <trkpt lat="37.067115" lon="-3.373388">
        <ele>2801.2</ele>
      </trkpt>
      <trkpt lat="37.067092" lon="-3.373359">
        <ele>2801.6</ele>
      </trkpt>
      <trkpt lat="37.067068" lon="-3.373331">
        <ele>2801.8</ele>
      </trkpt>
      <trkpt lat="37.067044" lon="-3.373305">
        <ele>2802.2</ele>
      </trkpt>
      <trkpt lat="37.06702" lon="-3.373278">
        <ele>2802.4</ele>
      </trkpt>
      <trkpt lat="37.066995" lon="-3.373254">
        <ele>2802.6</ele>
      </trkpt>
      <trkpt lat="37.06697" lon="-3.373231">
        <ele>2803.0</ele>
      </trkpt>
      <trkpt lat="37.066944" lon="-3.373206">
        <ele>2803.4</ele>
      </trkpt>
      <trkpt lat="37.066918" lon="-3.373181">
        <ele>2803.4</ele>
      </trkpt>
      <trkpt lat="37.06689" lon="-3.373158">
        <ele>2803.6</ele>
      </trkpt>
      <trkpt lat="37.06686" lon="-3.373139">
        <ele>2803.8</ele>
      </trkpt>
      <trkpt lat="37.06683" lon="-3.373124">
        <ele>2804.0</ele>
      </trkpt>
      <trkpt lat="37.066799" lon="-3.373112">
        <ele>2804.2</ele>
      </trkpt>
      <trkpt lat="37.066767" lon="-3.373101">
        <ele>2804.4</ele>
      </trkpt>
      <trkpt lat="37.066736" lon="-3.373093">
        <ele>2804.8</ele>
      </trkpt>
      <trkpt lat="37.066704" lon="-3.373088">
        <ele>2805.2</ele>
      </trkpt>
      <trkpt lat="37.066672" lon="-3.373086">
        <ele>2805.4</ele>
      </trkpt>
      <trkpt lat="37.06664" lon="-3.373085">
        <ele>2805.6</ele>
      </trkpt>
      <trkpt lat="37.066608" lon="-3.373084">
        <ele>2805.8</ele>
      </trkpt>
      <trkpt lat="37.066575" lon="-3.37308">
        <ele>2806.0</ele>
      </trkpt>
      <trkpt lat="37.066544" lon="-3.373075">
        <ele>2806.2</ele>
      </trkpt>
      <trkpt lat="37.066512" lon="-3.373068">
        <ele>2806.2</ele>
      </trkpt>
      <trkpt lat="37.06648" lon="-3.373061">
        <ele>2806.4</ele>
      </trkpt>
      <trkpt lat="37.066448" lon="-3.373055">
        <ele>2806.6</ele>
      </trkpt>
      <trkpt lat="37.066415" lon="-3.373049">
        <ele>2806.8</ele>
      </trkpt>
      <trkpt lat="37.066383" lon="-3.373043">
        <ele>2807.2</ele>
      </trkpt>
      <trkpt lat="37.06635" lon="-3.373038">
        <ele>2807.4</ele>
      </trkpt>
      <trkpt lat="37.066318" lon="-3.373032">
        <ele>2807.6</ele>
      </trkpt>
      <trkpt lat="37.066286" lon="-3.373027">
        <ele>2807.8</ele>
      </trkpt>
      <trkpt lat="37.066254" lon="-3.373022">
        <ele>2808.0</ele>
      </trkpt>
      <trkpt lat="37.066222" lon="-3.373018">
        <ele>2808.4</ele>
      </trkpt>
      <trkpt lat="37.06619" lon="-3.373016">
        <ele>2808.8</ele>
      </trkpt>
      <trkpt lat="37.066158" lon="-3.373014">
        <ele>2809.2</ele>
      </trkpt>
      <trkpt lat="37.066126" lon="-3.373013">
        <ele>2809.4</ele>
      </trkpt>
      <trkpt lat="37.066095" lon="-3.373012">
        <ele>2809.6</ele>
      </trkpt>
      <trkpt lat="37.066062" lon="-3.373011">
        <ele>2809.8</ele>
      </trkpt>
      <trkpt lat="37.06603" lon="-3.373011">
        <ele>2810.0</ele>
      </trkpt>
      <trkpt lat="37.065998" lon="-3.373011">
        <ele>2810.2</ele>
      </trkpt>
      <trkpt lat="37.065965" lon="-3.373012">
        <ele>2810.2</ele>
      </trkpt>
      <trkpt lat="37.065932" lon="-3.373012">
        <ele>2810.4</ele>
      </trkpt>
      <trkpt lat="37.065898" lon="-3.373012">
        <ele>2810.8</ele>
      </trkpt>
      <trkpt lat="37.065865" lon="-3.373011">
        <ele>2811.4</ele>
      </trkpt>
      <trkpt lat="37.065832" lon="-3.37301">
        <ele>2811.6</ele>
      </trkpt>
      <trkpt lat="37.065798" lon="-3.37301">
        <ele>2811.8</ele>
      </trkpt>
      <trkpt lat="37.065764" lon="-3.373008">
        <ele>2812.0</ele>
      </trkpt>
      <trkpt lat="37.065731" lon="-3.373003">
        <ele>2812.2</ele>
      </trkpt>
      <trkpt lat="37.065698" lon="-3.372999">
        <ele>2812.4</ele>
      </trkpt>
      <trkpt lat="37.065664" lon="-3.372994">
        <ele>2813.0</ele>
      </trkpt>
      <trkpt lat="37.065631" lon="-3.372988">
        <ele>2813.4</ele>
      </trkpt>
      <trkpt lat="37.065597" lon="-3.372982">
        <ele>2813.8</ele>
      </trkpt>
      <trkpt lat="37.065564" lon="-3.372976">
        <ele>2814.0</ele>
      </trkpt>
      <trkpt lat="37.06553" lon="-3.372969">
        <ele>2814.2</ele>
      </trkpt>
      <trkpt lat="37.065496" lon="-3.372961">
        <ele>2814.4</ele>
      </trkpt>
      <trkpt lat="37.065462" lon="-3.372952">
        <ele>2814.6</ele>
      </trkpt>
      <trkpt lat="37.065429" lon="-3.372944">
        <ele>2814.8</ele>
      </trkpt>
      <trkpt lat="37.065396" lon="-3.372935">
        <ele>2815.0</ele>
      </trkpt>
      <trkpt lat="37.065363" lon="-3.372926">
        <ele>2815.4</ele>
      </trkpt>
      <trkpt lat="37.06533" lon="-3.372916">
        <ele>2816.0</ele>
      </trkpt>
      <trkpt lat="37.065297" lon="-3.372906">
        <ele>2816.4</ele>
      </trkpt>
      <trkpt lat="37.065264" lon="-3.372896">
        <ele>2816.8</ele>
      </trkpt>
      <trkpt lat="37.06523" lon="-3.372886">
        <ele>2817.0</ele>
      </trkpt>
      <trkpt lat="37.065198" lon="-3.372876">
        <ele>2817.2</ele>
      </trkpt>
      <trkpt lat="37.065166" lon="-3.372867">
        <ele>2817.4</ele>
      </trkpt>
      <trkpt lat="37.065133" lon="-3.372861">
        <ele>2817.4</ele>
      </trkpt>
      <trkpt lat="37.065101" lon="-3.372853">
        <ele>2817.6</ele>
      </trkpt>
      <trkpt lat="37.065069" lon="-3.372844">
        <ele>2818.0</ele>
      </trkpt>
      <trkpt lat="37.065036" lon="-3.372837">
        <ele>2818.2</ele>
      </trkpt>
      <trkpt lat="37.065004" lon="-3.37283">
        <ele>2818.4</ele>
      </trkpt>
      <trkpt lat="37.064971" lon="-3.372824">
        <ele>2818.8</ele>
      </trkpt>
      <trkpt lat="37.064938" lon="-3.372816">
        <ele>2819.2</ele>
      </trkpt>
      <trkpt lat="37.064905" lon="-3.372811">
        <ele>2819.2</ele>
      </trkpt>
      <trkpt lat="37.064873" lon="-3.372805">
        <ele>2819.4</ele>
      </trkpt>
      <trkpt lat="37.064841" lon="-3.372798">
        <ele>2819.6</ele>
      </trkpt>
      <trkpt lat="37.064808" lon="-3.372791">
        <ele>2820.0</ele>
      </trkpt>
      <trkpt lat="37.064775" lon="-3.372786">
        <ele>2820.2</ele>
      </trkpt>
      <trkpt lat="37.064742" lon="-3.372782">
        <ele>2820.4</ele>
      </trkpt>
      <trkpt lat="37.064708" lon="-3.372777">
        <ele>2820.6</ele>
      </trkpt>
      <trkpt lat="37.064676" lon="-3.372773">
        <ele>2821.0</ele>
      </trkpt>
      <trkpt lat="37.064642" lon="-3.372766">
        <ele>2821.2</ele>
      </trkpt>
      <trkpt lat="37.06461" lon="-3.372761">
        <ele>2821.6</ele>
      </trkpt>
      <trkpt lat="37.064577" lon="-3.372757">
        <ele>2821.8</ele>
      </trkpt>
      <trkpt lat="37.064544" lon="-3.372755">
        <ele>2822.0</ele>
      </trkpt>
      <trkpt lat="37.06451" lon="-3.372754">
        <ele>2822.2</ele>
      </trkpt>
      <trkpt lat="37.064475" lon="-3.372755">
        <ele>2822.4</ele>
      </trkpt>
      <trkpt lat="37.064441" lon="-3.372758">
        <ele>2822.6</ele>
      </trkpt>
      <trkpt lat="37.064407" lon="-3.372763">
        <ele>2823.0</ele>
      </trkpt>
      <trkpt lat="37.064373" lon="-3.372768">
        <ele>2823.2</ele>
      </trkpt>
      <trkpt lat="37.064341" lon="-3.372776">
        <ele>2823.4</ele>
      </trkpt>
      <trkpt lat="37.064308" lon="-3.372781">
        <ele>2823.4</ele>
      </trkpt>
      <trkpt lat="37.064274" lon="-3.372785">
        <ele>2823.6</ele>
      </trkpt>
      <trkpt lat="37.064241" lon="-3.372788">
        <ele>2823.8</ele>
      </trkpt>
      <trkpt lat="37.064207" lon="-3.372792">
        <ele>2824.0</ele>
      </trkpt>
      <trkpt lat="37.064173" lon="-3.372793">
        <ele>2824.2</ele>
      </trkpt>
      <trkpt lat="37.064138" lon="-3.372794">
        <ele>2824.4</ele>
      </trkpt>
      <trkpt lat="37.064103" lon="-3.372791">
        <ele>2824.4</ele>
      </trkpt>
      <trkpt lat="37.064069" lon="-3.372787">
        <ele>2824.8</ele>
      </trkpt>
      <trkpt lat="37.064035" lon="-3.372781">
        <ele>2825.2</ele>
      </trkpt>
      <trkpt lat="37.064002" lon="-3.372774">
        <ele>2825.6</ele>
      </trkpt>
      <trkpt lat="37.063968" lon="-3.372767">
        <ele>2826.2</ele>
      </trkpt>
      <trkpt lat="37.063934" lon="-3.372758">
        <ele>2826.8</ele>
      </trkpt>
      <trkpt lat="37.063904" lon="-3.372743">
        <ele>2827.2</ele>
      </trkpt>
      <trkpt lat="37.063872" lon="-3.372726">
        <ele>2827.4</ele>
      </trkpt>
      <trkpt lat="37.06384" lon="-3.372706">
        <ele>2827.8</ele>
      </trkpt>
      <trkpt lat="37.06381" lon="-3.372682">
        <ele>2828.2</ele>
      </trkpt>
      <trkpt lat="37.063782" lon="-3.372659">
        <ele>2828.4</ele>
      </trkpt>
      <trkpt lat="37.063754" lon="-3.372636">
        <ele>2828.6</ele>
      </trkpt>
      <trkpt lat="37.063727" lon="-3.372612">
        <ele>2828.8</ele>
      </trkpt>
      <trkpt lat="37.063701" lon="-3.372588">
        <ele>2829.0</ele>
      </trkpt>
      <trkpt lat="37.063674" lon="-3.372565">
        <ele>2829.2</ele>
      </trkpt>
      <trkpt lat="37.063647" lon="-3.372541">
        <ele>2829.4</ele>
      </trkpt>
      <trkpt lat="37.063621" lon="-3.372518">
        <ele>2829.4</ele>
      </trkpt>
      <trkpt lat="37.063592" lon="-3.372497">
        <ele>2829.6</ele>
      </trkpt>
      <trkpt lat="37.063563" lon="-3.372477">
        <ele>2829.8</ele>
      </trkpt>
      <trkpt lat="37.063533" lon="-3.372456">
        <ele>2830.2</ele>
      </trkpt>
      <trkpt lat="37.063502" lon="-3.37244">
        <ele>2830.6</ele>
      </trkpt>
      <trkpt lat="37.06347" lon="-3.372428">
        <ele>2830.8</ele>
      </trkpt>
      <trkpt lat="37.063438" lon="-3.372419">
        <ele>2830.8</ele>
      </trkpt>
      <trkpt lat="37.063405" lon="-3.372412">
        <ele>2831.2</ele>
      </trkpt>
      <trkpt lat="37.063373" lon="-3.372406">
        <ele>2831.2</ele>
      </trkpt>
      <trkpt lat="37.06334" lon="-3.372399">
        <ele>2831.4</ele>
      </trkpt>
      <trkpt lat="37.063308" lon="-3.372394">
        <ele>2831.6</ele>
      </trkpt>
      <trkpt lat="37.063275" lon="-3.37239">
        <ele>2831.8</ele>
      </trkpt>
      <trkpt lat="37.063243" lon="-3.372388">
        <ele>2832.2</ele>
      </trkpt>
      <trkpt lat="37.063211" lon="-3.372389">
        <ele>2832.4</ele>
      </trkpt>
      <trkpt lat="37.063178" lon="-3.372388">
        <ele>2832.8</ele>
      </trkpt>
      <trkpt lat="37.063145" lon="-3.372387">
        <ele>2833.0</ele>
      </trkpt>
      <trkpt lat="37.063112" lon="-3.372385">
        <ele>2833.4</ele>
      </trkpt>
      <trkpt lat="37.06308" lon="-3.372384">
        <ele>2833.6</ele>
      </trkpt>
      <trkpt lat="37.063048" lon="-3.372382">
        <ele>2834.0</ele>
      </trkpt>
      <trkpt lat="37.063018" lon="-3.372378">
        <ele>2834.0</ele>
      </trkpt>
      <trkpt lat="37.062988" lon="-3.372373">
        <ele>2834.4</ele>
      </trkpt>
      <trkpt lat="37.062957" lon="-3.37237">
        <ele>2834.6</ele>
      </trkpt>
      <trkpt lat="37.062926" lon="-3.372371">
        <ele>2834.8</ele>
      </trkpt>
      <trkpt lat="37.062895" lon="-3.372372">
        <ele>2835.0</ele>
      </trkpt>
      <trkpt lat="37.062865" lon="-3.372372">
        <ele>2835.2</ele>
      </trkpt>
      <trkpt lat="37.062836" lon="-3.372373">
        <ele>2835.6</ele>
      </trkpt>
      <trkpt lat="37.062807" lon="-3.372375">
        <ele>2835.8</ele>
      </trkpt>
      <trkpt lat="37.06278" lon="-3.372378">
        <ele>2836.2</ele>
      </trkpt>
      <trkpt lat="37.062754" lon="-3.372381">
        <ele>2836.4</ele>
      </trkpt>
      <trkpt lat="37.062729" lon="-3.372382">
        <ele>2837.0</ele>
      </trkpt>
      <trkpt lat="37.062704" lon="-3.372382">
        <ele>2837.4</ele>
      </trkpt>
      <trkpt lat="37.062675" lon="-3.37238">
        <ele>2837.8</ele>
      </trkpt>
      <trkpt lat="37.062645" lon="-3.372378">
        <ele>2837.8</ele>
      </trkpt>
      <trkpt lat="37.062618" lon="-3.37238">
        <ele>2838.0</ele>
      </trkpt>
      <trkpt lat="37.062592" lon="-3.372384">
        <ele>2838.2</ele>
      </trkpt>
      <trkpt lat="37.062563" lon="-3.372388">
        <ele>2838.4</ele>
      </trkpt>
      <trkpt lat="37.062533" lon="-3.372389">
        <ele>2839.0</ele>
      </trkpt>
      <trkpt lat="37.062506" lon="-3.372387">
        <ele>2839.4</ele>
      </trkpt>
      <trkpt lat="37.06248" lon="-3.372382">
        <ele>2839.8</ele>
      </trkpt>
      <trkpt lat="37.062456" lon="-3.372374">
        <ele>2840.0</ele>
      </trkpt>
      <trkpt lat="37.062434" lon="-3.37236">
        <ele>2840.4</ele>
      </trkpt>
      <trkpt lat="37.062413" lon="-3.372341">
        <ele>2841.0</ele>
      </trkpt>
      <trkpt lat="37.062397" lon="-3.372313">
        <ele>2841.4</ele>
      </trkpt>
      <trkpt lat="37.062386" lon="-3.372284">
        <ele>2841.8</ele>
      </trkpt>
      <trkpt lat="37.062381" lon="-3.372253">
        <ele>2842.2</ele>
      </trkpt>
      <trkpt lat="37.062382" lon="-3.372221">
        <ele>2842.6</ele>
      </trkpt>
      <trkpt lat="37.062392" lon="-3.372189">
        <ele>2843.0</ele>
      </trkpt>
      <trkpt lat="37.062409" lon="-3.372161">
        <ele>2843.4</ele>
      </trkpt>
      <trkpt lat="37.062427" lon="-3.372134">
        <ele>2843.6</ele>
      </trkpt>
      <trkpt lat="37.062447" lon="-3.372108">
        <ele>2843.6</ele>
      </trkpt>
      <trkpt lat="37.062468" lon="-3.372084">
        <ele>2844.0</ele>
      </trkpt>
      <trkpt lat="37.062489" lon="-3.372061">
        <ele>2844.0</ele>
      </trkpt>
      <trkpt lat="37.062512" lon="-3.37204">
        <ele>2844.6</ele>
      </trkpt>
      <trkpt lat="37.062537" lon="-3.37202">
        <ele>2845.0</ele>
      </trkpt>
      <trkpt lat="37.062562" lon="-3.371999">
        <ele>2845.2</ele>
      </trkpt>
      <trkpt lat="37.062588" lon="-3.371978">
        <ele>2845.4</ele>
      </trkpt>
      <trkpt lat="37.062614" lon="-3.371959">
        <ele>2845.6</ele>
      </trkpt>
      <trkpt lat="37.062642" lon="-3.371941">
        <ele>2845.6</ele>
      </trkpt>
      <trkpt lat="37.062669" lon="-3.371925">
        <ele>2846.0</ele>
      </trkpt>
      <trkpt lat="37.062697" lon="-3.371907">
        <ele>2846.4</ele>
      </trkpt>
      <trkpt lat="37.062726" lon="-3.371891">
        <ele>2846.6</ele>
      </trkpt>
      <trkpt lat="37.062757" lon="-3.371877">
        <ele>2846.8</ele>
      </trkpt>
      <trkpt lat="37.062788" lon="-3.371865">
        <ele>2847.0</ele>
      </trkpt>
      <trkpt lat="37.06282" lon="-3.371853">
        <ele>2847.2</ele>
      </trkpt>
      <trkpt lat="37.062851" lon="-3.37184">
        <ele>2847.4</ele>
      </trkpt>
      <trkpt lat="37.062882" lon="-3.371826">
        <ele>2847.8</ele>
      </trkpt>
      <trkpt lat="37.062913" lon="-3.371814">
        <ele>2848.2</ele>
      </trkpt>
      <trkpt lat="37.062944" lon="-3.371801">
        <ele>2848.4</ele>
      </trkpt>
      <trkpt lat="37.062975" lon="-3.371788">
        <ele>2848.6</ele>
      </trkpt>
      <trkpt lat="37.063007" lon="-3.371776">
        <ele>2848.8</ele>
      </trkpt>
      <trkpt lat="37.063038" lon="-3.371765">
        <ele>2848.8</ele>
      </trkpt>
      <trkpt lat="37.06307" lon="-3.371754">
        <ele>2849.0</ele>
      </trkpt>
      <trkpt lat="37.063102" lon="-3.371744">
        <ele>2849.2</ele>
      </trkpt>
      <trkpt lat="37.063134" lon="-3.371737">
        <ele>2849.6</ele>
      </trkpt>
      <trkpt lat="37.063165" lon="-3.371729">
        <ele>2849.8</ele>
      </trkpt>
      <trkpt lat="37.063198" lon="-3.37172">
        <ele>2850.0</ele>
      </trkpt>
      <trkpt lat="37.063229" lon="-3.371711">
        <ele>2850.0</ele>
      </trkpt>
      <trkpt lat="37.06326" lon="-3.371702">
        <ele>2850.0</ele>
      </trkpt>
      <trkpt lat="37.063291" lon="-3.371692">
        <ele>2850.2</ele>
      </trkpt>
      <trkpt lat="37.063321" lon="-3.371678">
        <ele>2850.4</ele>
      </trkpt>
      <trkpt lat="37.063349" lon="-3.371662">
        <ele>2850.6</ele>
      </trkpt>
      <trkpt lat="37.063373" lon="-3.371645">
        <ele>2851.2</ele>
      </trkpt>
      <trkpt lat="37.063395" lon="-3.371627">
        <ele>2852.2</ele>
      </trkpt>
      <trkpt lat="37.063417" lon="-3.371609">
        <ele>2852.6</ele>
      </trkpt>
      <trkpt lat="37.063436" lon="-3.37159">
        <ele>2853.0</ele>
      </trkpt>
      <trkpt lat="37.063456" lon="-3.371571">
        <ele>2853.4</ele>
      </trkpt>
      <trkpt lat="37.063479" lon="-3.371549">
        <ele>2853.6</ele>
      </trkpt>
      <trkpt lat="37.063506" lon="-3.371523">
        <ele>2853.8</ele>
      </trkpt>
      <trkpt lat="37.06353" lon="-3.371497">
        <ele>2854.0</ele>
      </trkpt>
      <trkpt lat="37.063555" lon="-3.371472">
        <ele>2854.2</ele>
      </trkpt>
      <trkpt lat="37.063581" lon="-3.371453">
        <ele>2854.4</ele>
      </trkpt>
      <trkpt lat="37.063609" lon="-3.371437">
        <ele>2854.8</ele>
      </trkpt>
      <trkpt lat="37.063638" lon="-3.371422">
        <ele>2855.0</ele>
      </trkpt>
      <trkpt lat="37.063669" lon="-3.37141">
        <ele>2855.4</ele>
      </trkpt>
      <trkpt lat="37.0637" lon="-3.371402">
        <ele>2855.6</ele>
      </trkpt>
      <trkpt lat="37.063732" lon="-3.371397">
        <ele>2856.0</ele>
      </trkpt>
      <trkpt lat="37.063765" lon="-3.371395">
        <ele>2856.4</ele>
      </trkpt>
      <trkpt lat="37.063797" lon="-3.371392">
        <ele>2856.6</ele>
      </trkpt>
      <trkpt lat="37.063829" lon="-3.371392">
        <ele>2857.0</ele>
      </trkpt>
      <trkpt lat="37.063861" lon="-3.371393">
        <ele>2857.0</ele>
      </trkpt>
      <trkpt lat="37.063892" lon="-3.371397">
        <ele>2857.2</ele>
      </trkpt>
      <trkpt lat="37.063924" lon="-3.371402">
        <ele>2857.2</ele>
      </trkpt>
      <trkpt lat="37.063957" lon="-3.371405">
        <ele>2857.2</ele>
      </trkpt>
      <trkpt lat="37.063992" lon="-3.371407">
        <ele>2857.4</ele>
      </trkpt>
      <trkpt lat="37.064026" lon="-3.371412">
        <ele>2857.8</ele>
      </trkpt>
      <trkpt lat="37.064059" lon="-3.371418">
        <ele>2858.2</ele>
      </trkpt>
      <trkpt lat="37.064091" lon="-3.371427">
        <ele>2858.4</ele>
      </trkpt>
      <trkpt lat="37.064124" lon="-3.371438">
        <ele>2858.6</ele>
      </trkpt>
      <trkpt lat="37.064156" lon="-3.371448">
        <ele>2858.8</ele>
      </trkpt>
      <trkpt lat="37.064189" lon="-3.371459">
        <ele>2859.0</ele>
      </trkpt>
      <trkpt lat="37.064221" lon="-3.371471">
        <ele>2859.2</ele>
      </trkpt>
      <trkpt lat="37.064251" lon="-3.371486">
        <ele>2859.4</ele>
      </trkpt>
      <trkpt lat="37.064284" lon="-3.371499">
        <ele>2859.6</ele>
      </trkpt>
      <trkpt lat="37.064316" lon="-3.371513">
        <ele>2859.8</ele>
      </trkpt>
      <trkpt lat="37.064348" lon="-3.371528">
        <ele>2859.8</ele>
      </trkpt>
      <trkpt lat="37.06438" lon="-3.371542">
        <ele>2860.0</ele>
      </trkpt>
      <trkpt lat="37.064413" lon="-3.371556">
        <ele>2860.2</ele>
      </trkpt>
      <trkpt lat="37.064447" lon="-3.37157">
        <ele>2860.4</ele>
      </trkpt>
      <trkpt lat="37.064481" lon="-3.371581">
        <ele>2860.6</ele>
      </trkpt>
      <trkpt lat="37.064516" lon="-3.371588">
        <ele>2860.8</ele>
      </trkpt>
      <trkpt lat="37.064551" lon="-3.371586">
        <ele>2861.0</ele>
      </trkpt>
      <trkpt lat="37.064585" lon="-3.371578">
        <ele>2861.0</ele>
      </trkpt>
      <trkpt lat="37.064618" lon="-3.371564">
        <ele>2861.2</ele>
      </trkpt>
      <trkpt lat="37.064647" lon="-3.371545">
        <ele>2861.8</ele>
      </trkpt>
      <trkpt lat="37.064675" lon="-3.371524">
        <ele>2862.0</ele>
      </trkpt>
      <trkpt lat="37.064701" lon="-3.3715">
        <ele>2862.2</ele>
      </trkpt>
      <trkpt lat="37.064727" lon="-3.371475">
        <ele>2862.6</ele>
      </trkpt>
      <trkpt lat="37.064752" lon="-3.371447">
        <ele>2863.2</ele>
      </trkpt>
      <trkpt lat="37.064779" lon="-3.37142">
        <ele>2863.6</ele>
      </trkpt>
      <trkpt lat="37.064806" lon="-3.371394">
        <ele>2863.8</ele>
      </trkpt>
      <trkpt lat="37.064834" lon="-3.371369">
        <ele>2864.2</ele>
      </trkpt>
      <trkpt lat="37.064862" lon="-3.371343">
        <ele>2864.4</ele>
      </trkpt>
      <trkpt lat="37.064889" lon="-3.371318">
        <ele>2864.4</ele>
      </trkpt>
      <trkpt lat="37.064918" lon="-3.371296">
        <ele>2864.8</ele>
      </trkpt>
      <trkpt lat="37.064947" lon="-3.371276">
        <ele>2865.0</ele>
      </trkpt>
      <trkpt lat="37.064978" lon="-3.371259">
        <ele>2865.4</ele>
      </trkpt>
      <trkpt lat="37.065008" lon="-3.371243">
        <ele>2865.4</ele>
      </trkpt>
      <trkpt lat="37.065039" lon="-3.371228">
        <ele>2865.6</ele>
      </trkpt>
      <trkpt lat="37.065071" lon="-3.371214">
        <ele>2865.4</ele>
      </trkpt>
      <trkpt lat="37.065103" lon="-3.371201">
        <ele>2865.8</ele>
      </trkpt>
      <trkpt lat="37.065137" lon="-3.371187">
        <ele>2866.0</ele>
      </trkpt>
      <trkpt lat="37.065171" lon="-3.371174">
        <ele>2866.2</ele>
      </trkpt>
      <trkpt lat="37.065204" lon="-3.371161">
        <ele>2866.2</ele>
      </trkpt>
      <trkpt lat="37.065238" lon="-3.37115">
        <ele>2866.2</ele>
      </trkpt>
      <trkpt lat="37.065271" lon="-3.371139">
        <ele>2866.6</ele>
      </trkpt>
      <trkpt lat="37.065304" lon="-3.371129">
        <ele>2866.8</ele>
      </trkpt>
      <trkpt lat="37.065338" lon="-3.371121">
        <ele>2867.2</ele>
      </trkpt>
      <trkpt lat="37.065371" lon="-3.371112">
        <ele>2867.6</ele>
      </trkpt>
      <trkpt lat="37.065405" lon="-3.371104">
        <ele>2867.8</ele>
      </trkpt>
      <trkpt lat="37.065437" lon="-3.371095">
        <ele>2868.0</ele>
      </trkpt>
      <trkpt lat="37.065471" lon="-3.371086">
        <ele>2868.0</ele>
      </trkpt>
      <trkpt lat="37.065504" lon="-3.371076">
        <ele>2868.4</ele>
      </trkpt>
      <trkpt lat="37.065536" lon="-3.371063">
        <ele>2868.8</ele>
      </trkpt>
      <trkpt lat="37.065567" lon="-3.371044">
        <ele>2869.4</ele>
      </trkpt>
      <trkpt lat="37.065596" lon="-3.371021">
        <ele>2869.6</ele>
      </trkpt>
      <trkpt lat="37.065621" lon="-3.370991">
        <ele>2869.8</ele>
      </trkpt>
      <trkpt lat="37.065642" lon="-3.370955">
        <ele>2870.0</ele>
      </trkpt>
      <trkpt lat="37.065658" lon="-3.370916">
        <ele>2870.2</ele>
      </trkpt>
      <trkpt lat="37.065673" lon="-3.370876">
        <ele>2870.2</ele>
      </trkpt>
      <trkpt lat="37.065683" lon="-3.370836">
        <ele>2870.2</ele>
      </trkpt>
      <trkpt lat="37.065692" lon="-3.370795">
        <ele>2870.6</ele>
      </trkpt>
      <trkpt lat="37.065698" lon="-3.370753">
        <ele>2870.8</ele>
      </trkpt>
      <trkpt lat="37.065703" lon="-3.37071">
        <ele>2871.0</ele>
      </trkpt>
      <trkpt lat="37.06571" lon="-3.370667">
        <ele>2871.4</ele>
      </trkpt>
      <trkpt lat="37.065719" lon="-3.370625">
        <ele>2871.8</ele>
      </trkpt>
      <trkpt lat="37.065732" lon="-3.370584">
        <ele>2872.0</ele>
      </trkpt>
      <trkpt lat="37.065749" lon="-3.370544">
        <ele>2872.4</ele>
      </trkpt>
      <trkpt lat="37.065772" lon="-3.370507">
        <ele>2872.8</ele>
      </trkpt>
      <trkpt lat="37.065797" lon="-3.370474">
        <ele>2873.0</ele>
      </trkpt>
      <trkpt lat="37.065823" lon="-3.37044">
        <ele>2873.4</ele>
      </trkpt>
      <trkpt lat="37.065851" lon="-3.370408">
        <ele>2873.6</ele>
      </trkpt>
      <trkpt lat="37.065881" lon="-3.370379">
        <ele>2873.8</ele>
      </trkpt>
      <trkpt lat="37.065913" lon="-3.370351">
        <ele>2873.8</ele>
      </trkpt>
      <trkpt lat="37.065945" lon="-3.370326">
        <ele>2873.8</ele>
      </trkpt>
      <trkpt lat="37.065977" lon="-3.3703">
        <ele>2874.0</ele>
      </trkpt>
      <trkpt lat="37.066006" lon="-3.370272">
        <ele>2874.2</ele>
      </trkpt>
      <trkpt lat="37.066035" lon="-3.370241">
        <ele>2874.4</ele>
      </trkpt>
      <trkpt lat="37.066063" lon="-3.37021">
        <ele>2875.0</ele>
      </trkpt>
      <trkpt lat="37.066092" lon="-3.370178">
        <ele>2875.4</ele>
      </trkpt>
      <trkpt lat="37.066117" lon="-3.370143">
        <ele>2875.6</ele>
      </trkpt>
      <trkpt lat="37.066141" lon="-3.370106">
        <ele>2875.8</ele>
      </trkpt>
      <trkpt lat="37.066166" lon="-3.370071">
        <ele>2876.0</ele>
      </trkpt>
      <trkpt lat="37.066192" lon="-3.370037">
        <ele>2876.2</ele>
      </trkpt>
      <trkpt lat="37.06622" lon="-3.370004">
        <ele>2876.2</ele>
      </trkpt>
      <trkpt lat="37.066246" lon="-3.369971">
        <ele>2876.4</ele>
      </trkpt>
      <trkpt lat="37.066271" lon="-3.369938">
        <ele>2876.6</ele>
      </trkpt>
      <trkpt lat="37.066294" lon="-3.369903">
        <ele>2877.0</ele>
      </trkpt>
      <trkpt lat="37.06631" lon="-3.369865">
        <ele>2877.2</ele>
      </trkpt>
      <trkpt lat="37.066318" lon="-3.369824">
        <ele>2877.6</ele>
      </trkpt>
      <trkpt lat="37.066317" lon="-3.369782">
        <ele>2878.0</ele>
      </trkpt>
      <trkpt lat="37.066309" lon="-3.369743">
        <ele>2878.4</ele>
      </trkpt>
      <trkpt lat="37.066294" lon="-3.369707">
        <ele>2878.8</ele>
      </trkpt>
      <trkpt lat="37.066269" lon="-3.369676">
        <ele>2878.8</ele>
      </trkpt>
      <trkpt lat="37.066237" lon="-3.369653">
        <ele>2879.2</ele>
      </trkpt>
      <trkpt lat="37.066201" lon="-3.369637">
        <ele>2879.6</ele>
      </trkpt>
      <trkpt lat="37.066163" lon="-3.369625">
        <ele>2880.0</ele>
      </trkpt>
      <trkpt lat="37.066123" lon="-3.369617">
        <ele>2880.4</ele>
      </trkpt>
      <trkpt lat="37.066084" lon="-3.369612">
        <ele>2880.8</ele>
      </trkpt>
      <trkpt lat="37.066046" lon="-3.369608">
        <ele>2881.4</ele>
      </trkpt>
      <trkpt lat="37.066009" lon="-3.369605">
        <ele>2881.8</ele>
      </trkpt>
      <trkpt lat="37.065971" lon="-3.369603">
        <ele>2882.0</ele>
      </trkpt>
      <trkpt lat="37.065933" lon="-3.369601">
        <ele>2882.2</ele>
      </trkpt>
      <trkpt lat="37.065895" lon="-3.369599">
        <ele>2882.6</ele>
      </trkpt>
      <trkpt lat="37.065858" lon="-3.369598">
        <ele>2882.8</ele>
      </trkpt>
      <trkpt lat="37.065822" lon="-3.369597">
        <ele>2883.0</ele>
      </trkpt>
      <trkpt lat="37.065787" lon="-3.369597">
        <ele>2883.2</ele>
      </trkpt>
      <trkpt lat="37.065751" lon="-3.369596">
        <ele>2883.6</ele>
      </trkpt>
      <trkpt lat="37.065714" lon="-3.369595">
        <ele>2884.2</ele>
      </trkpt>
      <trkpt lat="37.06568" lon="-3.369593">
        <ele>2884.4</ele>
      </trkpt>
      <trkpt lat="37.065649" lon="-3.369591">
        <ele>2884.8</ele>
      </trkpt>
      <trkpt lat="37.065624" lon="-3.369588">
        <ele>2885.2</ele>
      </trkpt>
      <trkpt lat="37.065606" lon="-3.369587">
        <ele>2885.4</ele>
      </trkpt>
      <trkpt lat="37.065593" lon="-3.369585">
        <ele>2885.6</ele>
      </trkpt>
      <trkpt lat="37.065588" lon="-3.369585">
        <ele>2885.8</ele>
      </trkpt>
      <trkpt lat="37.065587" lon="-3.369585">
        <ele>2886.0</ele>
      </trkpt>
    </trkseg>
  </trk>
</gpx>
