<?xml version="1.0" encoding="UTF-8" standalone="no" ?><gpx xmlns="http://www.topografix.com/GPX/1/1" creator="Xplova" version="1.1" xmlns:xsi="http://www.w3.org/2001/XMLSchema-instance" xsi:schemaLocation="http://www.topografix.com/GPX/1/1 http://www.topografix.com/GPX/1/1/gpx.xsd"><metadata><link href="http://www.xplova.com"><text>Xplova Inc.</text></link></metadata><trk><name>La_Perico-2015</name><trkseg><trkpt lat="40.94807" lon="-4.11695"><ele>989</ele></trkpt><trkpt lat="40.94826" lon="-4.11606"><ele>986</ele></trkpt><trkpt lat="40.94845" lon="-4.11521"><ele>987</ele></trkpt><trkpt lat="40.94848" lon="-4.11508"><ele>987</ele></trkpt><trkpt lat="40.94852" lon="-4.11488"><ele>986</ele></trkpt><trkpt lat="40.94856" lon="-4.11468"><ele>986</ele></trkpt><trkpt lat="40.94857" lon="-4.11464"><ele>986</ele></trkpt><trkpt lat="40.94858" lon="-4.11461"><ele>986</ele></trkpt><trkpt lat="40.94858" lon="-4.11454"><ele>986</ele></trkpt><trkpt lat="40.94858" lon="-4.11449"><ele>986</ele></trkpt><trkpt lat="40.94859" lon="-4.11441"><ele>986</ele></trkpt><trkpt lat="40.94859" lon="-4.11434"><ele>986</ele></trkpt><trkpt lat="40.94859" lon="-4.1143"><ele>986</ele></trkpt><trkpt lat="40.94858" lon="-4.11423"><ele>987</ele></trkpt><trkpt lat="40.94857" lon="-4.11412"><ele>987</ele></trkpt><trkpt lat="40.94854" lon="-4.11399"><ele>988</ele></trkpt><trkpt lat="40.94849" lon="-4.11385"><ele>990</ele></trkpt><trkpt lat="40.94843" lon="-4.11372"><ele>991</ele></trkpt><trkpt lat="40.94832" lon="-4.11354"><ele>994</ele></trkpt><trkpt lat="40.94831" lon="-4.11354"><ele>994</ele></trkpt><trkpt lat="40.94829" lon="-4.1135"><ele>994</ele></trkpt><trkpt lat="40.94827" lon="-4.11347"><ele>995</ele></trkpt><trkpt lat="40.94823" lon="-4.11343"><ele>995</ele></trkpt><trkpt lat="40.94821" lon="-4.11341"><ele>995</ele></trkpt><trkpt lat="40.94819" lon="-4.1134"><ele>996</ele></trkpt><trkpt lat="40.9481" lon="-4.11332"><ele>997</ele></trkpt><trkpt lat="40.94807" lon="-4.11329"><ele>998</ele></trkpt><trkpt lat="40.94803" lon="-4.11326"><ele>998</ele></trkpt><trkpt lat="40.94798" lon="-4.11322"><ele>999</ele></trkpt><trkpt lat="40.9479" lon="-4.11316"><ele>1000</ele></trkpt><trkpt lat="40.94782" lon="-4.11311"><ele>1001</ele></trkpt><trkpt lat="40.94723" lon="-4.11261"><ele>1007</ele></trkpt><trkpt lat="40.94723" lon="-4.11261"><ele>1007</ele></trkpt><trkpt lat="40.94723" lon="-4.11262"><ele>1007</ele></trkpt><trkpt lat="40.94722" lon="-4.11262"><ele>1007</ele></trkpt><trkpt lat="40.94721" lon="-4.11264"><ele>1007</ele></trkpt><trkpt lat="40.9472" lon="-4.11265"><ele>1007</ele></trkpt><trkpt lat="40.94719" lon="-4.11265"><ele>1007</ele></trkpt><trkpt lat="40.94718" lon="-4.11266"><ele>1007</ele></trkpt><trkpt lat="40.94717" lon="-4.11266"><ele>1008</ele></trkpt><trkpt lat="40.94716" lon="-4.11267"><ele>1008</ele></trkpt><trkpt lat="40.94715" lon="-4.11267"><ele>1008</ele></trkpt><trkpt lat="40.94714" lon="-4.11268"><ele>1008</ele></trkpt><trkpt lat="40.94713" lon="-4.11268"><ele>1008</ele></trkpt><trkpt lat="40.94712" lon="-4.11268"><ele>1008</ele></trkpt><trkpt lat="40.94711" lon="-4.11268"><ele>1008</ele></trkpt><trkpt lat="40.9471" lon="-4.11268"><ele>1008</ele></trkpt><trkpt lat="40.94709" lon="-4.11268"><ele>1008</ele></trkpt><trkpt lat="40.94708" lon="-4.11267"><ele>1008</ele></trkpt><trkpt lat="40.94707" lon="-4.11267"><ele>1008</ele></trkpt><trkpt lat="40.94706" lon="-4.11267"><ele>1008</ele></trkpt><trkpt lat="40.94705" lon="-4.11266"><ele>1008</ele></trkpt><trkpt lat="40.94704" lon="-4.11265"><ele>1008</ele></trkpt><trkpt lat="40.94703" lon="-4.11265"><ele>1009</ele></trkpt><trkpt lat="40.94703" lon="-4.11264"><ele>1009</ele></trkpt><trkpt lat="40.94702" lon="-4.11263"><ele>1009</ele></trkpt><trkpt lat="40.94701" lon="-4.11262"><ele>1009</ele></trkpt><trkpt lat="40.947" lon="-4.11261"><ele>1009</ele></trkpt><trkpt lat="40.947" lon="-4.1126"><ele>1009</ele></trkpt><trkpt lat="40.94699" lon="-4.11259"><ele>1009</ele></trkpt><trkpt lat="40.94698" lon="-4.11258"><ele>1009</ele></trkpt><trkpt lat="40.94698" lon="-4.11257"><ele>1009</ele></trkpt><trkpt lat="40.94697" lon="-4.11255"><ele>1009</ele></trkpt><trkpt lat="40.94697" lon="-4.11254"><ele>1009</ele></trkpt><trkpt lat="40.94697" lon="-4.11253"><ele>1009</ele></trkpt><trkpt lat="40.94697" lon="-4.11251"><ele>1009</ele></trkpt><trkpt lat="40.94696" lon="-4.1125"><ele>1009</ele></trkpt><trkpt lat="40.94696" lon="-4.11249"><ele>1009</ele></trkpt><trkpt lat="40.94696" lon="-4.11247"><ele>1009</ele></trkpt><trkpt lat="40.94696" lon="-4.11246"><ele>1009</ele></trkpt><trkpt lat="40.94697" lon="-4.11244"><ele>1009</ele></trkpt><trkpt lat="40.94662" lon="-4.11228"><ele>1011</ele></trkpt><trkpt lat="40.94659" lon="-4.11226"><ele>1011</ele></trkpt><trkpt lat="40.94637" lon="-4.11211"><ele>1011</ele></trkpt><trkpt lat="40.94631" lon="-4.11207"><ele>1012</ele></trkpt><trkpt lat="40.94627" lon="-4.11203"><ele>1012</ele></trkpt><trkpt lat="40.9462" lon="-4.11198"><ele>1012</ele></trkpt><trkpt lat="40.94612" lon="-4.11191"><ele>1012</ele></trkpt><trkpt lat="40.94603" lon="-4.11182"><ele>1012</ele></trkpt><trkpt lat="40.94575" lon="-4.11156"><ele>1013</ele></trkpt><trkpt lat="40.94568" lon="-4.11149"><ele>1014</ele></trkpt><trkpt lat="40.94541" lon="-4.11122"><ele>1015</ele></trkpt><trkpt lat="40.94463" lon="-4.11048"><ele>1019</ele></trkpt><trkpt lat="40.94444" lon="-4.1103"><ele>1020</ele></trkpt><trkpt lat="40.94439" lon="-4.11024"><ele>1020</ele></trkpt><trkpt lat="40.94425" lon="-4.11011"><ele>1020</ele></trkpt><trkpt lat="40.94408" lon="-4.10994"><ele>1021</ele></trkpt><trkpt lat="40.94382" lon="-4.10969"><ele>1022</ele></trkpt><trkpt lat="40.94372" lon="-4.10959"><ele>1022</ele></trkpt><trkpt lat="40.94346" lon="-4.10937"><ele>1023</ele></trkpt><trkpt lat="40.94318" lon="-4.1091"><ele>1024</ele></trkpt><trkpt lat="40.94312" lon="-4.10908"><ele>1024</ele></trkpt><trkpt lat="40.94302" lon="-4.10897"><ele>1024</ele></trkpt><trkpt lat="40.94284" lon="-4.10876"><ele>1025</ele></trkpt><trkpt lat="40.94283" lon="-4.10877"><ele>1025</ele></trkpt><trkpt lat="40.94282" lon="-4.10877"><ele>1025</ele></trkpt><trkpt lat="40.94281" lon="-4.10878"><ele>1025</ele></trkpt><trkpt lat="40.9428" lon="-4.10878"><ele>1025</ele></trkpt><trkpt lat="40.94279" lon="-4.10878"><ele>1025</ele></trkpt><trkpt lat="40.94278" lon="-4.10878"><ele>1025</ele></trkpt><trkpt lat="40.94277" lon="-4.10878"><ele>1025</ele></trkpt><trkpt lat="40.94276" lon="-4.10878"><ele>1025</ele></trkpt><trkpt lat="40.94275" lon="-4.10877"><ele>1025</ele></trkpt><trkpt lat="40.94274" lon="-4.10877"><ele>1025</ele></trkpt><trkpt lat="40.94273" lon="-4.10876"><ele>1025</ele></trkpt><trkpt lat="40.94272" lon="-4.10876"><ele>1025</ele></trkpt><trkpt lat="40.94271" lon="-4.10875"><ele>1025</ele></trkpt><trkpt lat="40.94271" lon="-4.10874"><ele>1025</ele></trkpt><trkpt lat="40.9427" lon="-4.10874"><ele>1025</ele></trkpt><trkpt lat="40.94269" lon="-4.10873"><ele>1025</ele></trkpt><trkpt lat="40.94269" lon="-4.10872"><ele>1025</ele></trkpt><trkpt lat="40.94268" lon="-4.10871"><ele>1025</ele></trkpt><trkpt lat="40.94268" lon="-4.1087"><ele>1025</ele></trkpt><trkpt lat="40.94267" lon="-4.1087"><ele>1025</ele></trkpt><trkpt lat="40.94267" lon="-4.10869"><ele>1025</ele></trkpt><trkpt lat="40.94266" lon="-4.10868"><ele>1025</ele></trkpt><trkpt lat="40.94266" lon="-4.10867"><ele>1025</ele></trkpt><trkpt lat="40.94266" lon="-4.10865"><ele>1025</ele></trkpt><trkpt lat="40.94265" lon="-4.10864"><ele>1025</ele></trkpt><trkpt lat="40.94265" lon="-4.10863"><ele>1025</ele></trkpt><trkpt lat="40.94265" lon="-4.10862"><ele>1025</ele></trkpt><trkpt lat="40.94265" lon="-4.10861"><ele>1025</ele></trkpt><trkpt lat="40.94265" lon="-4.10859"><ele>1025</ele></trkpt><trkpt lat="40.94265" lon="-4.10858"><ele>1025</ele></trkpt><trkpt lat="40.94265" lon="-4.10857"><ele>1025</ele></trkpt><trkpt lat="40.94266" lon="-4.10856"><ele>1025</ele></trkpt><trkpt lat="40.94254" lon="-4.10829"><ele>1026</ele></trkpt><trkpt lat="40.94245" lon="-4.1081"><ele>1027</ele></trkpt><trkpt lat="40.94234" lon="-4.10792"><ele>1028</ele></trkpt><trkpt lat="40.94232" lon="-4.10789"><ele>1028</ele></trkpt><trkpt lat="40.94226" lon="-4.10779"><ele>1029</ele></trkpt><trkpt lat="40.94202" lon="-4.10737"><ele>1031</ele></trkpt><trkpt lat="40.94176" lon="-4.10689"><ele>1034</ele></trkpt><trkpt lat="40.94145" lon="-4.10636"><ele>1036</ele></trkpt><trkpt lat="40.94137" lon="-4.10623"><ele>1036</ele></trkpt><trkpt lat="40.94136" lon="-4.1062"><ele>1036</ele></trkpt><trkpt lat="40.94087" lon="-4.10534"><ele>1040</ele></trkpt><trkpt lat="40.94059" lon="-4.10483"><ele>1044</ele></trkpt><trkpt lat="40.94029" lon="-4.10426"><ele>1047</ele></trkpt><trkpt lat="40.9402" lon="-4.10415"><ele>1048</ele></trkpt><trkpt lat="40.9402" lon="-4.10415"><ele>1048</ele></trkpt><trkpt lat="40.94018" lon="-4.10416"><ele>1048</ele></trkpt><trkpt lat="40.94017" lon="-4.10417"><ele>1048</ele></trkpt><trkpt lat="40.94015" lon="-4.10418"><ele>1048</ele></trkpt><trkpt lat="40.94014" lon="-4.10418"><ele>1049</ele></trkpt><trkpt lat="40.94013" lon="-4.10419"><ele>1049</ele></trkpt><trkpt lat="40.94011" lon="-4.10419"><ele>1049</ele></trkpt><trkpt lat="40.9401" lon="-4.10419"><ele>1049</ele></trkpt><trkpt lat="40.94007" lon="-4.10419"><ele>1049</ele></trkpt><trkpt lat="40.94005" lon="-4.10419"><ele>1049</ele></trkpt><trkpt lat="40.94003" lon="-4.10418"><ele>1049</ele></trkpt><trkpt lat="40.94001" lon="-4.10417"><ele>1049</ele></trkpt><trkpt lat="40.93999" lon="-4.10416"><ele>1049</ele></trkpt><trkpt lat="40.93997" lon="-4.10415"><ele>1050</ele></trkpt><trkpt lat="40.93995" lon="-4.10413"><ele>1050</ele></trkpt><trkpt lat="40.93993" lon="-4.10411"><ele>1050</ele></trkpt><trkpt lat="40.93992" lon="-4.1041"><ele>1050</ele></trkpt><trkpt lat="40.93991" lon="-4.10409"><ele>1050</ele></trkpt><trkpt lat="40.93991" lon="-4.10408"><ele>1050</ele></trkpt><trkpt lat="40.9399" lon="-4.10407"><ele>1051</ele></trkpt><trkpt lat="40.93989" lon="-4.10406"><ele>1051</ele></trkpt><trkpt lat="40.93989" lon="-4.10405"><ele>1051</ele></trkpt><trkpt lat="40.93988" lon="-4.10403"><ele>1051</ele></trkpt><trkpt lat="40.93987" lon="-4.104"><ele>1051</ele></trkpt><trkpt lat="40.93986" lon="-4.10397"><ele>1051</ele></trkpt><trkpt lat="40.93986" lon="-4.10393"><ele>1052</ele></trkpt><trkpt lat="40.93985" lon="-4.1039"><ele>1052</ele></trkpt><trkpt lat="40.93985" lon="-4.10387"><ele>1052</ele></trkpt><trkpt lat="40.93985" lon="-4.10384"><ele>1052</ele></trkpt><trkpt lat="40.93986" lon="-4.10381"><ele>1052</ele></trkpt><trkpt lat="40.93987" lon="-4.10377"><ele>1052</ele></trkpt><trkpt lat="40.93987" lon="-4.10375"><ele>1053</ele></trkpt><trkpt lat="40.93972" lon="-4.10348"><ele>1055</ele></trkpt><trkpt lat="40.93874" lon="-4.1023"><ele>1063</ele></trkpt><trkpt lat="40.93828" lon="-4.10177"><ele>1066</ele></trkpt><trkpt lat="40.93712" lon="-4.1004"><ele>1073</ele></trkpt><trkpt lat="40.93681" lon="-4.10002"><ele>1075</ele></trkpt><trkpt lat="40.93645" lon="-4.09962"><ele>1077</ele></trkpt><trkpt lat="40.93624" lon="-4.0995"><ele>1077</ele></trkpt><trkpt lat="40.93624" lon="-4.0995"><ele>1077</ele></trkpt><trkpt lat="40.93621" lon="-4.09951"><ele>1077</ele></trkpt><trkpt lat="40.93618" lon="-4.09952"><ele>1077</ele></trkpt><trkpt lat="40.93615" lon="-4.09953"><ele>1077</ele></trkpt><trkpt lat="40.93613" lon="-4.09953"><ele>1077</ele></trkpt><trkpt lat="40.9361" lon="-4.09953"><ele>1077</ele></trkpt><trkpt lat="40.93607" lon="-4.09953"><ele>1077</ele></trkpt><trkpt lat="40.93604" lon="-4.09952"><ele>1077</ele></trkpt><trkpt lat="40.93601" lon="-4.0995"><ele>1077</ele></trkpt><trkpt lat="40.936" lon="-4.0995"><ele>1077</ele></trkpt><trkpt lat="40.93598" lon="-4.09948"><ele>1077</ele></trkpt><trkpt lat="40.93596" lon="-4.09947"><ele>1077</ele></trkpt><trkpt lat="40.93595" lon="-4.09946"><ele>1077</ele></trkpt><trkpt lat="40.93593" lon="-4.09944"><ele>1077</ele></trkpt><trkpt lat="40.93592" lon="-4.09943"><ele>1077</ele></trkpt><trkpt lat="40.9359" lon="-4.09941"><ele>1077</ele></trkpt><trkpt lat="40.93589" lon="-4.09939"><ele>1078</ele></trkpt><trkpt lat="40.93587" lon="-4.09936"><ele>1078</ele></trkpt><trkpt lat="40.93586" lon="-4.09932"><ele>1078</ele></trkpt><trkpt lat="40.93585" lon="-4.09928"><ele>1078</ele></trkpt><trkpt lat="40.93584" lon="-4.09924"><ele>1078</ele></trkpt><trkpt lat="40.93584" lon="-4.0992"><ele>1078</ele></trkpt><trkpt lat="40.93584" lon="-4.09916"><ele>1078</ele></trkpt><trkpt lat="40.93584" lon="-4.09912"><ele>1078</ele></trkpt><trkpt lat="40.93584" lon="-4.09908"><ele>1078</ele></trkpt><trkpt lat="40.93569" lon="-4.09885"><ele>1078</ele></trkpt><trkpt lat="40.93559" lon="-4.09869"><ele>1079</ele></trkpt><trkpt lat="40.93541" lon="-4.09848"><ele>1079</ele></trkpt><trkpt lat="40.93487" lon="-4.09783"><ele>1079</ele></trkpt><trkpt lat="40.93467" lon="-4.0976"><ele>1079</ele></trkpt><trkpt lat="40.93463" lon="-4.09757"><ele>1079</ele></trkpt><trkpt lat="40.93413" lon="-4.09695"><ele>1081</ele></trkpt><trkpt lat="40.93391" lon="-4.0967"><ele>1082</ele></trkpt><trkpt lat="40.93385" lon="-4.09661"><ele>1082</ele></trkpt><trkpt lat="40.93375" lon="-4.0965"><ele>1082</ele></trkpt><trkpt lat="40.93363" lon="-4.09635"><ele>1082</ele></trkpt><trkpt lat="40.93345" lon="-4.09613"><ele>1082</ele></trkpt><trkpt lat="40.93334" lon="-4.09601"><ele>1082</ele></trkpt><trkpt lat="40.93267" lon="-4.0951"><ele>1083</ele></trkpt><trkpt lat="40.93246" lon="-4.09479"><ele>1084</ele></trkpt><trkpt lat="40.93189" lon="-4.09387"><ele>1084</ele></trkpt><trkpt lat="40.93165" lon="-4.09351"><ele>1084</ele></trkpt><trkpt lat="40.93152" lon="-4.0933"><ele>1083</ele></trkpt><trkpt lat="40.9313" lon="-4.09295"><ele>1081</ele></trkpt><trkpt lat="40.93112" lon="-4.09267"><ele>1080</ele></trkpt><trkpt lat="40.93098" lon="-4.09245"><ele>1079</ele></trkpt><trkpt lat="40.93066" lon="-4.09194"><ele>1078</ele></trkpt><trkpt lat="40.9304" lon="-4.09151"><ele>1077</ele></trkpt><trkpt lat="40.93036" lon="-4.09144"><ele>1077</ele></trkpt><trkpt lat="40.93006" lon="-4.09098"><ele>1076</ele></trkpt><trkpt lat="40.92952" lon="-4.09016"><ele>1075</ele></trkpt><trkpt lat="40.92947" lon="-4.09009"><ele>1075</ele></trkpt><trkpt lat="40.92921" lon="-4.08971"><ele>1074</ele></trkpt><trkpt lat="40.92921" lon="-4.08971"><ele>1074</ele></trkpt><trkpt lat="40.9292" lon="-4.08972"><ele>1074</ele></trkpt><trkpt lat="40.92919" lon="-4.08972"><ele>1074</ele></trkpt><trkpt lat="40.92918" lon="-4.08972"><ele>1074</ele></trkpt><trkpt lat="40.92916" lon="-4.08972"><ele>1075</ele></trkpt><trkpt lat="40.92915" lon="-4.08972"><ele>1075</ele></trkpt><trkpt lat="40.92914" lon="-4.08972"><ele>1075</ele></trkpt><trkpt lat="40.92913" lon="-4.08972"><ele>1075</ele></trkpt><trkpt lat="40.92911" lon="-4.08971"><ele>1075</ele></trkpt><trkpt lat="40.9291" lon="-4.08971"><ele>1075</ele></trkpt><trkpt lat="40.92908" lon="-4.08971"><ele>1075</ele></trkpt><trkpt lat="40.92905" lon="-4.08967"><ele>1075</ele></trkpt><trkpt lat="40.92904" lon="-4.08966"><ele>1075</ele></trkpt><trkpt lat="40.92903" lon="-4.08965"><ele>1075</ele></trkpt><trkpt lat="40.92902" lon="-4.08964"><ele>1075</ele></trkpt><trkpt lat="40.92901" lon="-4.08963"><ele>1075</ele></trkpt><trkpt lat="40.92901" lon="-4.08962"><ele>1075</ele></trkpt><trkpt lat="40.929" lon="-4.08961"><ele>1074</ele></trkpt><trkpt lat="40.92898" lon="-4.08959"><ele>1074</ele></trkpt><trkpt lat="40.92897" lon="-4.08957"><ele>1074</ele></trkpt><trkpt lat="40.92895" lon="-4.08953"><ele>1074</ele></trkpt><trkpt lat="40.92893" lon="-4.08949"><ele>1074</ele></trkpt><trkpt lat="40.92891" lon="-4.08945"><ele>1074</ele></trkpt><trkpt lat="40.9289" lon="-4.0894"><ele>1074</ele></trkpt><trkpt lat="40.9289" lon="-4.08936"><ele>1073</ele></trkpt><trkpt lat="40.92889" lon="-4.08931"><ele>1073</ele></trkpt><trkpt lat="40.92889" lon="-4.08928"><ele>1073</ele></trkpt><trkpt lat="40.92873" lon="-4.08887"><ele>1073</ele></trkpt><trkpt lat="40.92865" lon="-4.08866"><ele>1073</ele></trkpt><trkpt lat="40.92856" lon="-4.0885"><ele>1073</ele></trkpt><trkpt lat="40.92847" lon="-4.08833"><ele>1073</ele></trkpt><trkpt lat="40.92846" lon="-4.08826"><ele>1073</ele></trkpt><trkpt lat="40.92841" lon="-4.08817"><ele>1073</ele></trkpt><trkpt lat="40.92795" lon="-4.08744"><ele>1070</ele></trkpt><trkpt lat="40.92793" lon="-4.08743"><ele>1070</ele></trkpt><trkpt lat="40.92788" lon="-4.08741"><ele>1070</ele></trkpt><trkpt lat="40.92781" lon="-4.08731"><ele>1069</ele></trkpt><trkpt lat="40.92778" lon="-4.08727"><ele>1069</ele></trkpt><trkpt lat="40.92774" lon="-4.08724"><ele>1069</ele></trkpt><trkpt lat="40.92769" lon="-4.08719"><ele>1069</ele></trkpt><trkpt lat="40.92769" lon="-4.08719"><ele>1069</ele></trkpt><trkpt lat="40.92765" lon="-4.08721"><ele>1069</ele></trkpt><trkpt lat="40.92761" lon="-4.08722"><ele>1069</ele></trkpt><trkpt lat="40.92758" lon="-4.08723"><ele>1069</ele></trkpt><trkpt lat="40.92755" lon="-4.08723"><ele>1069</ele></trkpt><trkpt lat="40.92752" lon="-4.08723"><ele>1070</ele></trkpt><trkpt lat="40.92749" lon="-4.08723"><ele>1070</ele></trkpt><trkpt lat="40.92746" lon="-4.08722"><ele>1070</ele></trkpt><trkpt lat="40.92738" lon="-4.08719"><ele>1070</ele></trkpt><trkpt lat="40.92734" lon="-4.08716"><ele>1070</ele></trkpt><trkpt lat="40.9273" lon="-4.08712"><ele>1070</ele></trkpt><trkpt lat="40.92727" lon="-4.08707"><ele>1070</ele></trkpt><trkpt lat="40.92724" lon="-4.08702"><ele>1070</ele></trkpt><trkpt lat="40.92721" lon="-4.08696"><ele>1070</ele></trkpt><trkpt lat="40.9272" lon="-4.0869"><ele>1070</ele></trkpt><trkpt lat="40.92719" lon="-4.08684"><ele>1070</ele></trkpt><trkpt lat="40.92719" lon="-4.08677"><ele>1069</ele></trkpt><trkpt lat="40.92719" lon="-4.08671"><ele>1069</ele></trkpt><trkpt lat="40.92721" lon="-4.08664"><ele>1069</ele></trkpt><trkpt lat="40.92723" lon="-4.08658"><ele>1069</ele></trkpt><trkpt lat="40.92725" lon="-4.08651"><ele>1069</ele></trkpt><trkpt lat="40.92724" lon="-4.08646"><ele>1069</ele></trkpt><trkpt lat="40.92721" lon="-4.08635"><ele>1068</ele></trkpt><trkpt lat="40.92718" lon="-4.08626"><ele>1068</ele></trkpt><trkpt lat="40.92715" lon="-4.08617"><ele>1068</ele></trkpt><trkpt lat="40.92684" lon="-4.0857"><ele>1068</ele></trkpt><trkpt lat="40.92659" lon="-4.08531"><ele>1067</ele></trkpt><trkpt lat="40.92593" lon="-4.08427"><ele>1066</ele></trkpt><trkpt lat="40.92536" lon="-4.08337"><ele>1066</ele></trkpt><trkpt lat="40.92527" lon="-4.08323"><ele>1065</ele></trkpt><trkpt lat="40.92503" lon="-4.08286"><ele>1064</ele></trkpt><trkpt lat="40.92468" lon="-4.08231"><ele>1063</ele></trkpt><trkpt lat="40.92397" lon="-4.08122"><ele>1065</ele></trkpt><trkpt lat="40.92381" lon="-4.08097"><ele>1065</ele></trkpt><trkpt lat="40.92359" lon="-4.08061"><ele>1065</ele></trkpt><trkpt lat="40.92354" lon="-4.08053"><ele>1065</ele></trkpt><trkpt lat="40.92352" lon="-4.08051"><ele>1065</ele></trkpt><trkpt lat="40.92349" lon="-4.08043"><ele>1066</ele></trkpt><trkpt lat="40.92344" lon="-4.08039"><ele>1066</ele></trkpt><trkpt lat="40.92322" lon="-4.08015"><ele>1066</ele></trkpt><trkpt lat="40.92313" lon="-4.08006"><ele>1066</ele></trkpt><trkpt lat="40.92312" lon="-4.08006"><ele>1066</ele></trkpt><trkpt lat="40.92311" lon="-4.08006"><ele>1066</ele></trkpt><trkpt lat="40.9231" lon="-4.08006"><ele>1066</ele></trkpt><trkpt lat="40.92309" lon="-4.08006"><ele>1066</ele></trkpt><trkpt lat="40.92308" lon="-4.08006"><ele>1066</ele></trkpt><trkpt lat="40.92307" lon="-4.08006"><ele>1066</ele></trkpt><trkpt lat="40.92306" lon="-4.08005"><ele>1066</ele></trkpt><trkpt lat="40.92305" lon="-4.08005"><ele>1066</ele></trkpt><trkpt lat="40.92304" lon="-4.08004"><ele>1066</ele></trkpt><trkpt lat="40.92303" lon="-4.08004"><ele>1066</ele></trkpt><trkpt lat="40.92302" lon="-4.08003"><ele>1066</ele></trkpt><trkpt lat="40.92301" lon="-4.08002"><ele>1066</ele></trkpt><trkpt lat="40.92301" lon="-4.08001"><ele>1066</ele></trkpt><trkpt lat="40.923" lon="-4.08"><ele>1066</ele></trkpt><trkpt lat="40.92299" lon="-4.07999"><ele>1067</ele></trkpt><trkpt lat="40.92299" lon="-4.07998"><ele>1067</ele></trkpt><trkpt lat="40.92298" lon="-4.07997"><ele>1067</ele></trkpt><trkpt lat="40.92297" lon="-4.07996"><ele>1067</ele></trkpt><trkpt lat="40.92297" lon="-4.07994"><ele>1067</ele></trkpt><trkpt lat="40.92297" lon="-4.07993"><ele>1067</ele></trkpt><trkpt lat="40.92296" lon="-4.07992"><ele>1067</ele></trkpt><trkpt lat="40.92296" lon="-4.0799"><ele>1067</ele></trkpt><trkpt lat="40.92296" lon="-4.07989"><ele>1067</ele></trkpt><trkpt lat="40.92296" lon="-4.07987"><ele>1067</ele></trkpt><trkpt lat="40.92296" lon="-4.07986"><ele>1067</ele></trkpt><trkpt lat="40.92296" lon="-4.07985"><ele>1067</ele></trkpt><trkpt lat="40.92296" lon="-4.07983"><ele>1067</ele></trkpt><trkpt lat="40.92296" lon="-4.07982"><ele>1067</ele></trkpt><trkpt lat="40.92296" lon="-4.07981"><ele>1067</ele></trkpt><trkpt lat="40.92279" lon="-4.07939"><ele>1068</ele></trkpt><trkpt lat="40.92278" lon="-4.07937"><ele>1068</ele></trkpt><trkpt lat="40.92278" lon="-4.07933"><ele>1068</ele></trkpt><trkpt lat="40.92269" lon="-4.07918"><ele>1069</ele></trkpt><trkpt lat="40.9226" lon="-4.07903"><ele>1069</ele></trkpt><trkpt lat="40.92249" lon="-4.07886"><ele>1069</ele></trkpt><trkpt lat="40.9222" lon="-4.07841"><ele>1071</ele></trkpt><trkpt lat="40.92215" lon="-4.07833"><ele>1071</ele></trkpt><trkpt lat="40.92213" lon="-4.07829"><ele>1071</ele></trkpt><trkpt lat="40.9214" lon="-4.07715"><ele>1075</ele></trkpt><trkpt lat="40.92131" lon="-4.07701"><ele>1075</ele></trkpt><trkpt lat="40.92004" lon="-4.07499"><ele>1081</ele></trkpt><trkpt lat="40.91844" lon="-4.07249"><ele>1085</ele></trkpt><trkpt lat="40.91844" lon="-4.07247"><ele>1085</ele></trkpt><trkpt lat="40.91784" lon="-4.07153"><ele>1087</ele></trkpt><trkpt lat="40.91651" lon="-4.06943"><ele>1092</ele></trkpt><trkpt lat="40.91649" lon="-4.06941"><ele>1092</ele></trkpt><trkpt lat="40.91638" lon="-4.06922"><ele>1092</ele></trkpt><trkpt lat="40.91633" lon="-4.06914"><ele>1092</ele></trkpt><trkpt lat="40.91601" lon="-4.06875"><ele>1090</ele></trkpt><trkpt lat="40.91601" lon="-4.06875"><ele>1090</ele></trkpt><trkpt lat="40.91599" lon="-4.06874"><ele>1090</ele></trkpt><trkpt lat="40.91598" lon="-4.06873"><ele>1090</ele></trkpt><trkpt lat="40.91596" lon="-4.06872"><ele>1090</ele></trkpt><trkpt lat="40.91595" lon="-4.06871"><ele>1090</ele></trkpt><trkpt lat="40.91594" lon="-4.0687"><ele>1090</ele></trkpt><trkpt lat="40.91593" lon="-4.06869"><ele>1090</ele></trkpt><trkpt lat="40.91592" lon="-4.06867"><ele>1090</ele></trkpt><trkpt lat="40.91589" lon="-4.06865"><ele>1090</ele></trkpt><trkpt lat="40.91588" lon="-4.06862"><ele>1090</ele></trkpt><trkpt lat="40.91588" lon="-4.0686"><ele>1090</ele></trkpt><trkpt lat="40.91587" lon="-4.06857"><ele>1090</ele></trkpt><trkpt lat="40.91586" lon="-4.06855"><ele>1090</ele></trkpt><trkpt lat="40.91586" lon="-4.06853"><ele>1090</ele></trkpt><trkpt lat="40.91586" lon="-4.0685"><ele>1090</ele></trkpt><trkpt lat="40.91586" lon="-4.06848"><ele>1090</ele></trkpt><trkpt lat="40.91586" lon="-4.06845"><ele>1089</ele></trkpt><trkpt lat="40.91586" lon="-4.06843"><ele>1089</ele></trkpt><trkpt lat="40.91576" lon="-4.0683"><ele>1089</ele></trkpt><trkpt lat="40.91555" lon="-4.06792"><ele>1087</ele></trkpt><trkpt lat="40.91454" lon="-4.06634"><ele>1090</ele></trkpt><trkpt lat="40.91425" lon="-4.06601"><ele>1092</ele></trkpt><trkpt lat="40.91425" lon="-4.06601"><ele>1092</ele></trkpt><trkpt lat="40.91424" lon="-4.06601"><ele>1092</ele></trkpt><trkpt lat="40.91422" lon="-4.06601"><ele>1092</ele></trkpt><trkpt lat="40.91421" lon="-4.06601"><ele>1092</ele></trkpt><trkpt lat="40.9142" lon="-4.06601"><ele>1092</ele></trkpt><trkpt lat="40.91418" lon="-4.066"><ele>1092</ele></trkpt><trkpt lat="40.91417" lon="-4.066"><ele>1092</ele></trkpt><trkpt lat="40.91416" lon="-4.06599"><ele>1092</ele></trkpt><trkpt lat="40.91414" lon="-4.06599"><ele>1092</ele></trkpt><trkpt lat="40.91413" lon="-4.06598"><ele>1092</ele></trkpt><trkpt lat="40.91411" lon="-4.06597"><ele>1092</ele></trkpt><trkpt lat="40.9141" lon="-4.06596"><ele>1092</ele></trkpt><trkpt lat="40.91409" lon="-4.06594"><ele>1092</ele></trkpt><trkpt lat="40.91407" lon="-4.06593"><ele>1092</ele></trkpt><trkpt lat="40.91405" lon="-4.0659"><ele>1092</ele></trkpt><trkpt lat="40.91404" lon="-4.06588"><ele>1092</ele></trkpt><trkpt lat="40.91402" lon="-4.06584"><ele>1092</ele></trkpt><trkpt lat="40.91401" lon="-4.06581"><ele>1092</ele></trkpt><trkpt lat="40.91401" lon="-4.06578"><ele>1093</ele></trkpt><trkpt lat="40.914" lon="-4.06576"><ele>1093</ele></trkpt><trkpt lat="40.914" lon="-4.06573"><ele>1093</ele></trkpt><trkpt lat="40.914" lon="-4.06571"><ele>1093</ele></trkpt><trkpt lat="40.914" lon="-4.06568"><ele>1093</ele></trkpt><trkpt lat="40.914" lon="-4.06566"><ele>1093</ele></trkpt><trkpt lat="40.91401" lon="-4.06563"><ele>1093</ele></trkpt><trkpt lat="40.91396" lon="-4.0655"><ele>1093</ele></trkpt><trkpt lat="40.91392" lon="-4.06541"><ele>1093</ele></trkpt><trkpt lat="40.91389" lon="-4.06534"><ele>1093</ele></trkpt><trkpt lat="40.91384" lon="-4.06526"><ele>1094</ele></trkpt><trkpt lat="40.9138" lon="-4.06519"><ele>1094</ele></trkpt><trkpt lat="40.91377" lon="-4.06515"><ele>1094</ele></trkpt><trkpt lat="40.91376" lon="-4.0651"><ele>1094</ele></trkpt><trkpt lat="40.91363" lon="-4.06491"><ele>1095</ele></trkpt><trkpt lat="40.91343" lon="-4.0646"><ele>1095</ele></trkpt><trkpt lat="40.91337" lon="-4.06454"><ele>1096</ele></trkpt><trkpt lat="40.91305" lon="-4.06408"><ele>1097</ele></trkpt><trkpt lat="40.91288" lon="-4.06382"><ele>1098</ele></trkpt><trkpt lat="40.91253" lon="-4.06328"><ele>1100</ele></trkpt><trkpt lat="40.91251" lon="-4.06324"><ele>1100</ele></trkpt><trkpt lat="40.91243" lon="-4.06311"><ele>1100</ele></trkpt><trkpt lat="40.91191" lon="-4.06229"><ele>1100</ele></trkpt><trkpt lat="40.91154" lon="-4.06168"><ele>1101</ele></trkpt><trkpt lat="40.91145" lon="-4.06153"><ele>1101</ele></trkpt><trkpt lat="40.91143" lon="-4.06144"><ele>1101</ele></trkpt><trkpt lat="40.91139" lon="-4.06137"><ele>1101</ele></trkpt><trkpt lat="40.91129" lon="-4.06119"><ele>1101</ele></trkpt><trkpt lat="40.91121" lon="-4.06102"><ele>1101</ele></trkpt><trkpt lat="40.91113" lon="-4.06084"><ele>1101</ele></trkpt><trkpt lat="40.91105" lon="-4.06067"><ele>1101</ele></trkpt><trkpt lat="40.91098" lon="-4.06047"><ele>1102</ele></trkpt><trkpt lat="40.91092" lon="-4.06026"><ele>1102</ele></trkpt><trkpt lat="40.91088" lon="-4.06013"><ele>1103</ele></trkpt><trkpt lat="40.91084" lon="-4.05999"><ele>1103</ele></trkpt><trkpt lat="40.91082" lon="-4.05986"><ele>1103</ele></trkpt><trkpt lat="40.91079" lon="-4.05973"><ele>1103</ele></trkpt><trkpt lat="40.91076" lon="-4.05953"><ele>1103</ele></trkpt><trkpt lat="40.9107" lon="-4.05934"><ele>1104</ele></trkpt><trkpt lat="40.91067" lon="-4.0592"><ele>1104</ele></trkpt><trkpt lat="40.91064" lon="-4.0591"><ele>1104</ele></trkpt><trkpt lat="40.91059" lon="-4.05894"><ele>1104</ele></trkpt><trkpt lat="40.91059" lon="-4.05894"><ele>1104</ele></trkpt><trkpt lat="40.91057" lon="-4.05893"><ele>1104</ele></trkpt><trkpt lat="40.91056" lon="-4.05892"><ele>1104</ele></trkpt><trkpt lat="40.91054" lon="-4.05891"><ele>1104</ele></trkpt><trkpt lat="40.91053" lon="-4.0589"><ele>1104</ele></trkpt><trkpt lat="40.91052" lon="-4.05888"><ele>1104</ele></trkpt><trkpt lat="40.91051" lon="-4.05886"><ele>1104</ele></trkpt><trkpt lat="40.9105" lon="-4.05884"><ele>1104</ele></trkpt><trkpt lat="40.9105" lon="-4.05883"><ele>1104</ele></trkpt><trkpt lat="40.91049" lon="-4.0588"><ele>1104</ele></trkpt><trkpt lat="40.91049" lon="-4.05878"><ele>1104</ele></trkpt><trkpt lat="40.91048" lon="-4.05876"><ele>1104</ele></trkpt><trkpt lat="40.91048" lon="-4.05875"><ele>1104</ele></trkpt><trkpt lat="40.91047" lon="-4.05873"><ele>1104</ele></trkpt><trkpt lat="40.91047" lon="-4.05871"><ele>1104</ele></trkpt><trkpt lat="40.91047" lon="-4.05869"><ele>1104</ele></trkpt><trkpt lat="40.91047" lon="-4.05867"><ele>1104</ele></trkpt><trkpt lat="40.91047" lon="-4.05864"><ele>1104</ele></trkpt><trkpt lat="40.91047" lon="-4.05862"><ele>1104</ele></trkpt><trkpt lat="40.91047" lon="-4.05859"><ele>1104</ele></trkpt><trkpt lat="40.91048" lon="-4.05858"><ele>1104</ele></trkpt><trkpt lat="40.91048" lon="-4.05857"><ele>1104</ele></trkpt><trkpt lat="40.91049" lon="-4.05854"><ele>1104</ele></trkpt><trkpt lat="40.91049" lon="-4.05852"><ele>1104</ele></trkpt><trkpt lat="40.9105" lon="-4.0585"><ele>1104</ele></trkpt><trkpt lat="40.91052" lon="-4.05848"><ele>1104</ele></trkpt><trkpt lat="40.91052" lon="-4.05789"><ele>1104</ele></trkpt><trkpt lat="40.91033" lon="-4.0566"><ele>1107</ele></trkpt><trkpt lat="40.91016" lon="-4.05547"><ele>1108</ele></trkpt><trkpt lat="40.91002" lon="-4.05452"><ele>1110</ele></trkpt><trkpt lat="40.90991" lon="-4.05375"><ele>1112</ele></trkpt><trkpt lat="40.90977" lon="-4.05286"><ele>1115</ele></trkpt><trkpt lat="40.90964" lon="-4.05199"><ele>1117</ele></trkpt><trkpt lat="40.9096" lon="-4.05168"><ele>1118</ele></trkpt><trkpt lat="40.90943" lon="-4.05052"><ele>1120</ele></trkpt><trkpt lat="40.90931" lon="-4.04973"><ele>1121</ele></trkpt><trkpt lat="40.90918" lon="-4.04882"><ele>1121</ele></trkpt><trkpt lat="40.90903" lon="-4.04776"><ele>1122</ele></trkpt><trkpt lat="40.90897" lon="-4.04739"><ele>1123</ele></trkpt><trkpt lat="40.90893" lon="-4.04706"><ele>1124</ele></trkpt><trkpt lat="40.90873" lon="-4.04575"><ele>1127</ele></trkpt><trkpt lat="40.90854" lon="-4.04523"><ele>1126</ele></trkpt><trkpt lat="40.90854" lon="-4.04523"><ele>1126</ele></trkpt><trkpt lat="40.9085" lon="-4.04521"><ele>1126</ele></trkpt><trkpt lat="40.90848" lon="-4.0452"><ele>1127</ele></trkpt><trkpt lat="40.90846" lon="-4.04518"><ele>1127</ele></trkpt><trkpt lat="40.90845" lon="-4.04516"><ele>1127</ele></trkpt><trkpt lat="40.90843" lon="-4.04514"><ele>1127</ele></trkpt><trkpt lat="40.90842" lon="-4.04512"><ele>1126</ele></trkpt><trkpt lat="40.90841" lon="-4.0451"><ele>1126</ele></trkpt><trkpt lat="40.9084" lon="-4.04507"><ele>1126</ele></trkpt><trkpt lat="40.90839" lon="-4.04505"><ele>1126</ele></trkpt><trkpt lat="40.90838" lon="-4.04502"><ele>1126</ele></trkpt><trkpt lat="40.90838" lon="-4.04499"><ele>1126</ele></trkpt><trkpt lat="40.90838" lon="-4.04497"><ele>1126</ele></trkpt><trkpt lat="40.90838" lon="-4.04494"><ele>1126</ele></trkpt><trkpt lat="40.90838" lon="-4.04491"><ele>1126</ele></trkpt><trkpt lat="40.90839" lon="-4.04488"><ele>1126</ele></trkpt><trkpt lat="40.90839" lon="-4.04485"><ele>1126</ele></trkpt><trkpt lat="40.9084" lon="-4.04483"><ele>1126</ele></trkpt><trkpt lat="40.90842" lon="-4.0448"><ele>1126</ele></trkpt><trkpt lat="40.90843" lon="-4.04478"><ele>1126</ele></trkpt><trkpt lat="40.90844" lon="-4.04476"><ele>1126</ele></trkpt><trkpt lat="40.90846" lon="-4.04474"><ele>1126</ele></trkpt><trkpt lat="40.90848" lon="-4.04472"><ele>1126</ele></trkpt><trkpt lat="40.90849" lon="-4.04414"><ele>1127</ele></trkpt><trkpt lat="40.90836" lon="-4.04324"><ele>1127</ele></trkpt><trkpt lat="40.90822" lon="-4.04235"><ele>1127</ele></trkpt><trkpt lat="40.90821" lon="-4.04227"><ele>1127</ele></trkpt><trkpt lat="40.90809" lon="-4.04145"><ele>1128</ele></trkpt><trkpt lat="40.90806" lon="-4.04127"><ele>1128</ele></trkpt><trkpt lat="40.90803" lon="-4.04111"><ele>1128</ele></trkpt><trkpt lat="40.90799" lon="-4.04092"><ele>1128</ele></trkpt><trkpt lat="40.90795" lon="-4.04076"><ele>1128</ele></trkpt><trkpt lat="40.90791" lon="-4.0406"><ele>1128</ele></trkpt><trkpt lat="40.90786" lon="-4.04044"><ele>1128</ele></trkpt><trkpt lat="40.9078" lon="-4.04028"><ele>1129</ele></trkpt><trkpt lat="40.90753" lon="-4.03947"><ele>1128</ele></trkpt><trkpt lat="40.90724" lon="-4.03863"><ele>1127</ele></trkpt><trkpt lat="40.90696" lon="-4.03781"><ele>1126</ele></trkpt><trkpt lat="40.90663" lon="-4.03686"><ele>1128</ele></trkpt><trkpt lat="40.9063" lon="-4.03589"><ele>1130</ele></trkpt><trkpt lat="40.9059" lon="-4.0347"><ele>1127</ele></trkpt><trkpt lat="40.90548" lon="-4.03347"><ele>1123</ele></trkpt><trkpt lat="40.90499" lon="-4.03204"><ele>1119</ele></trkpt><trkpt lat="40.90464" lon="-4.03098"><ele>1114</ele></trkpt><trkpt lat="40.90437" lon="-4.03045"><ele>1112</ele></trkpt><trkpt lat="40.90437" lon="-4.03045"><ele>1112</ele></trkpt><trkpt lat="40.90436" lon="-4.03045"><ele>1112</ele></trkpt><trkpt lat="40.90435" lon="-4.03045"><ele>1112</ele></trkpt><trkpt lat="40.90434" lon="-4.03045"><ele>1112</ele></trkpt><trkpt lat="40.90433" lon="-4.03044"><ele>1112</ele></trkpt><trkpt lat="40.90432" lon="-4.03044"><ele>1112</ele></trkpt><trkpt lat="40.90431" lon="-4.03044"><ele>1112</ele></trkpt><trkpt lat="40.9043" lon="-4.03043"><ele>1112</ele></trkpt><trkpt lat="40.90429" lon="-4.03043"><ele>1112</ele></trkpt><trkpt lat="40.90428" lon="-4.03041"><ele>1112</ele></trkpt><trkpt lat="40.90426" lon="-4.03039"><ele>1112</ele></trkpt><trkpt lat="40.90425" lon="-4.03037"><ele>1111</ele></trkpt><trkpt lat="40.90424" lon="-4.03034"><ele>1111</ele></trkpt><trkpt lat="40.90423" lon="-4.03032"><ele>1111</ele></trkpt><trkpt lat="40.90422" lon="-4.03029"><ele>1111</ele></trkpt><trkpt lat="40.90421" lon="-4.03027"><ele>1111</ele></trkpt><trkpt lat="40.9042" lon="-4.03024"><ele>1111</ele></trkpt><trkpt lat="40.90419" lon="-4.03021"><ele>1111</ele></trkpt><trkpt lat="40.90419" lon="-4.03018"><ele>1111</ele></trkpt><trkpt lat="40.90419" lon="-4.03015"><ele>1111</ele></trkpt><trkpt lat="40.90419" lon="-4.03012"><ele>1110</ele></trkpt><trkpt lat="40.90419" lon="-4.03009"><ele>1110</ele></trkpt><trkpt lat="40.9042" lon="-4.03006"><ele>1110</ele></trkpt><trkpt lat="40.90421" lon="-4.03004"><ele>1110</ele></trkpt><trkpt lat="40.90422" lon="-4.03001"><ele>1110</ele></trkpt><trkpt lat="40.90419" lon="-4.02979"><ele>1109</ele></trkpt><trkpt lat="40.90417" lon="-4.02966"><ele>1109</ele></trkpt><trkpt lat="40.90414" lon="-4.02955"><ele>1109</ele></trkpt><trkpt lat="40.90409" lon="-4.02929"><ele>1109</ele></trkpt><trkpt lat="40.90409" lon="-4.02922"><ele>1108</ele></trkpt><trkpt lat="40.90406" lon="-4.02902"><ele>1108</ele></trkpt><trkpt lat="40.90402" lon="-4.02846"><ele>1106</ele></trkpt><trkpt lat="40.90403" lon="-4.02801"><ele>1105</ele></trkpt><trkpt lat="40.9041" lon="-4.02721"><ele>1106</ele></trkpt><trkpt lat="40.90413" lon="-4.02682"><ele>1107</ele></trkpt><trkpt lat="40.90416" lon="-4.02653"><ele>1108</ele></trkpt><trkpt lat="40.9043" lon="-4.02446"><ele>1116</ele></trkpt><trkpt lat="40.90436" lon="-4.02346"><ele>1121</ele></trkpt><trkpt lat="40.90448" lon="-4.02186"><ele>1125</ele></trkpt><trkpt lat="40.90452" lon="-4.02139"><ele>1124</ele></trkpt><trkpt lat="40.90453" lon="-4.02123"><ele>1125</ele></trkpt><trkpt lat="40.90453" lon="-4.0211"><ele>1125</ele></trkpt><trkpt lat="40.90453" lon="-4.02101"><ele>1125</ele></trkpt><trkpt lat="40.90453" lon="-4.02087"><ele>1125</ele></trkpt><trkpt lat="40.90451" lon="-4.02069"><ele>1125</ele></trkpt><trkpt lat="40.90448" lon="-4.02051"><ele>1125</ele></trkpt><trkpt lat="40.90445" lon="-4.02037"><ele>1125</ele></trkpt><trkpt lat="40.9044" lon="-4.02016"><ele>1126</ele></trkpt><trkpt lat="40.90433" lon="-4.01994"><ele>1126</ele></trkpt><trkpt lat="40.90426" lon="-4.01972"><ele>1126</ele></trkpt><trkpt lat="40.90408" lon="-4.01915"><ele>1127</ele></trkpt><trkpt lat="40.90389" lon="-4.01858"><ele>1128</ele></trkpt><trkpt lat="40.90364" lon="-4.01779"><ele>1131</ele></trkpt><trkpt lat="40.90338" lon="-4.01697"><ele>1133</ele></trkpt><trkpt lat="40.90318" lon="-4.01634"><ele>1136</ele></trkpt><trkpt lat="40.90297" lon="-4.01568"><ele>1138</ele></trkpt><trkpt lat="40.90295" lon="-4.01564"><ele>1138</ele></trkpt><trkpt lat="40.90283" lon="-4.01527"><ele>1140</ele></trkpt><trkpt lat="40.90279" lon="-4.01515"><ele>1140</ele></trkpt><trkpt lat="40.90256" lon="-4.01459"><ele>1143</ele></trkpt><trkpt lat="40.90238" lon="-4.01413"><ele>1145</ele></trkpt><trkpt lat="40.90235" lon="-4.01408"><ele>1145</ele></trkpt><trkpt lat="40.90218" lon="-4.01367"><ele>1145</ele></trkpt><trkpt lat="40.90213" lon="-4.0136"><ele>1145</ele></trkpt><trkpt lat="40.9019" lon="-4.01304"><ele>1147</ele></trkpt><trkpt lat="40.90175" lon="-4.01269"><ele>1148</ele></trkpt><trkpt lat="40.90173" lon="-4.01264"><ele>1148</ele></trkpt><trkpt lat="40.90168" lon="-4.01253"><ele>1149</ele></trkpt><trkpt lat="40.90149" lon="-4.01206"><ele>1150</ele></trkpt><trkpt lat="40.90125" lon="-4.01145"><ele>1153</ele></trkpt><trkpt lat="40.90104" lon="-4.01091"><ele>1157</ele></trkpt><trkpt lat="40.90102" lon="-4.01079"><ele>1157</ele></trkpt><trkpt lat="40.90086" lon="-4.01045"><ele>1160</ele></trkpt><trkpt lat="40.90066" lon="-4.00993"><ele>1163</ele></trkpt><trkpt lat="40.90059" lon="-4.00975"><ele>1165</ele></trkpt><trkpt lat="40.90053" lon="-4.00969"><ele>1165</ele></trkpt><trkpt lat="40.90034" lon="-4.00943"><ele>1168</ele></trkpt><trkpt lat="40.90034" lon="-4.00943"><ele>1168</ele></trkpt><trkpt lat="40.90033" lon="-4.00943"><ele>1168</ele></trkpt><trkpt lat="40.90032" lon="-4.00944"><ele>1168</ele></trkpt><trkpt lat="40.90031" lon="-4.00944"><ele>1168</ele></trkpt><trkpt lat="40.9003" lon="-4.00944"><ele>1168</ele></trkpt><trkpt lat="40.90029" lon="-4.00944"><ele>1168</ele></trkpt><trkpt lat="40.90028" lon="-4.00944"><ele>1168</ele></trkpt><trkpt lat="40.90027" lon="-4.00944"><ele>1168</ele></trkpt><trkpt lat="40.90026" lon="-4.00943"><ele>1169</ele></trkpt><trkpt lat="40.90025" lon="-4.00943"><ele>1169</ele></trkpt><trkpt lat="40.90024" lon="-4.00942"><ele>1169</ele></trkpt><trkpt lat="40.90023" lon="-4.00942"><ele>1169</ele></trkpt><trkpt lat="40.90013" lon="-4.00955"><ele>1169</ele></trkpt><trkpt lat="40.90013" lon="-4.00956"><ele>1168</ele></trkpt><trkpt lat="40.89981" lon="-4.01043"><ele>1163</ele></trkpt><trkpt lat="40.89971" lon="-4.01073"><ele>1161</ele></trkpt><trkpt lat="40.89956" lon="-4.01119"><ele>1161</ele></trkpt><trkpt lat="40.89953" lon="-4.01128"><ele>1161</ele></trkpt><trkpt lat="40.89948" lon="-4.01141"><ele>1161</ele></trkpt><trkpt lat="40.89943" lon="-4.01152"><ele>1162</ele></trkpt><trkpt lat="40.89937" lon="-4.01162"><ele>1162</ele></trkpt><trkpt lat="40.89928" lon="-4.01172"><ele>1163</ele></trkpt><trkpt lat="40.89917" lon="-4.01184"><ele>1163</ele></trkpt><trkpt lat="40.89898" lon="-4.01199"><ele>1164</ele></trkpt><trkpt lat="40.89879" lon="-4.0121"><ele>1165</ele></trkpt><trkpt lat="40.89857" lon="-4.01219"><ele>1166</ele></trkpt><trkpt lat="40.89845" lon="-4.01224"><ele>1166</ele></trkpt><trkpt lat="40.89833" lon="-4.01227"><ele>1167</ele></trkpt><trkpt lat="40.89823" lon="-4.0123"><ele>1167</ele></trkpt><trkpt lat="40.89812" lon="-4.01231"><ele>1167</ele></trkpt><trkpt lat="40.898" lon="-4.01232"><ele>1167</ele></trkpt><trkpt lat="40.8978" lon="-4.01233"><ele>1168</ele></trkpt><trkpt lat="40.89736" lon="-4.01234"><ele>1168</ele></trkpt><trkpt lat="40.897" lon="-4.01234"><ele>1168</ele></trkpt><trkpt lat="40.89683" lon="-4.01231"><ele>1169</ele></trkpt><trkpt lat="40.89649" lon="-4.01223"><ele>1170</ele></trkpt><trkpt lat="40.89612" lon="-4.01213"><ele>1171</ele></trkpt><trkpt lat="40.89608" lon="-4.01212"><ele>1171</ele></trkpt><trkpt lat="40.89562" lon="-4.01199"><ele>1173</ele></trkpt><trkpt lat="40.89546" lon="-4.01194"><ele>1173</ele></trkpt><trkpt lat="40.89523" lon="-4.0119"><ele>1174</ele></trkpt><trkpt lat="40.89512" lon="-4.01188"><ele>1174</ele></trkpt><trkpt lat="40.89504" lon="-4.01187"><ele>1174</ele></trkpt><trkpt lat="40.89495" lon="-4.01186"><ele>1174</ele></trkpt><trkpt lat="40.89488" lon="-4.01186"><ele>1175</ele></trkpt><trkpt lat="40.89479" lon="-4.01187"><ele>1175</ele></trkpt><trkpt lat="40.89471" lon="-4.01188"><ele>1175</ele></trkpt><trkpt lat="40.89453" lon="-4.01193"><ele>1175</ele></trkpt><trkpt lat="40.89422" lon="-4.012"><ele>1175</ele></trkpt><trkpt lat="40.89385" lon="-4.01209"><ele>1176</ele></trkpt><trkpt lat="40.89367" lon="-4.01213"><ele>1176</ele></trkpt><trkpt lat="40.89337" lon="-4.0122"><ele>1177</ele></trkpt><trkpt lat="40.89288" lon="-4.01233"><ele>1178</ele></trkpt><trkpt lat="40.89246" lon="-4.01244"><ele>1179</ele></trkpt><trkpt lat="40.89209" lon="-4.01252"><ele>1178</ele></trkpt><trkpt lat="40.89176" lon="-4.0126"><ele>1178</ele></trkpt><trkpt lat="40.89155" lon="-4.01267"><ele>1178</ele></trkpt><trkpt lat="40.89142" lon="-4.01271"><ele>1178</ele></trkpt><trkpt lat="40.89127" lon="-4.01277"><ele>1179</ele></trkpt><trkpt lat="40.89113" lon="-4.01284"><ele>1179</ele></trkpt><trkpt lat="40.89103" lon="-4.0129"><ele>1179</ele></trkpt><trkpt lat="40.89092" lon="-4.01296"><ele>1179</ele></trkpt><trkpt lat="40.89083" lon="-4.01303"><ele>1180</ele></trkpt><trkpt lat="40.89073" lon="-4.01311"><ele>1180</ele></trkpt><trkpt lat="40.89053" lon="-4.01332"><ele>1181</ele></trkpt><trkpt lat="40.89027" lon="-4.01363"><ele>1181</ele></trkpt><trkpt lat="40.8901" lon="-4.01383"><ele>1181</ele></trkpt><trkpt lat="40.88998" lon="-4.01396"><ele>1181</ele></trkpt><trkpt lat="40.88973" lon="-4.0142"><ele>1180</ele></trkpt><trkpt lat="40.88945" lon="-4.01444"><ele>1178</ele></trkpt><trkpt lat="40.889" lon="-4.01483"><ele>1176</ele></trkpt><trkpt lat="40.88895" lon="-4.01487"><ele>1176</ele></trkpt><trkpt lat="40.88857" lon="-4.0152"><ele>1174</ele></trkpt><trkpt lat="40.8882" lon="-4.01552"><ele>1173</ele></trkpt><trkpt lat="40.88785" lon="-4.0158"><ele>1174</ele></trkpt><trkpt lat="40.88779" lon="-4.01586"><ele>1174</ele></trkpt><trkpt lat="40.8876" lon="-4.01602"><ele>1174</ele></trkpt><trkpt lat="40.88728" lon="-4.01628"><ele>1176</ele></trkpt><trkpt lat="40.8871" lon="-4.01643"><ele>1177</ele></trkpt><trkpt lat="40.88696" lon="-4.01654"><ele>1177</ele></trkpt><trkpt lat="40.88682" lon="-4.01666"><ele>1178</ele></trkpt><trkpt lat="40.88667" lon="-4.01676"><ele>1179</ele></trkpt><trkpt lat="40.88647" lon="-4.01689"><ele>1180</ele></trkpt><trkpt lat="40.88602" lon="-4.01711"><ele>1182</ele></trkpt><trkpt lat="40.88526" lon="-4.01751"><ele>1185</ele></trkpt><trkpt lat="40.88489" lon="-4.01769"><ele>1186</ele></trkpt><trkpt lat="40.8846" lon="-4.01785"><ele>1188</ele></trkpt><trkpt lat="40.88415" lon="-4.01808"><ele>1191</ele></trkpt><trkpt lat="40.8841" lon="-4.01811"><ele>1192</ele></trkpt><trkpt lat="40.88408" lon="-4.01813"><ele>1192</ele></trkpt><trkpt lat="40.88404" lon="-4.01817"><ele>1192</ele></trkpt><trkpt lat="40.88401" lon="-4.0182"><ele>1192</ele></trkpt><trkpt lat="40.88397" lon="-4.01826"><ele>1192</ele></trkpt><trkpt lat="40.88394" lon="-4.01831"><ele>1192</ele></trkpt><trkpt lat="40.88392" lon="-4.01836"><ele>1192</ele></trkpt><trkpt lat="40.88385" lon="-4.01854"><ele>1190</ele></trkpt><trkpt lat="40.88382" lon="-4.01864"><ele>1189</ele></trkpt><trkpt lat="40.8838" lon="-4.0187"><ele>1189</ele></trkpt><trkpt lat="40.88378" lon="-4.01875"><ele>1188</ele></trkpt><trkpt lat="40.88375" lon="-4.0188"><ele>1188</ele></trkpt><trkpt lat="40.8837" lon="-4.01886"><ele>1188</ele></trkpt><trkpt lat="40.88363" lon="-4.01892"><ele>1188</ele></trkpt><trkpt lat="40.88356" lon="-4.01897"><ele>1188</ele></trkpt><trkpt lat="40.88333" lon="-4.01913"><ele>1190</ele></trkpt><trkpt lat="40.88312" lon="-4.01925"><ele>1189</ele></trkpt><trkpt lat="40.88308" lon="-4.01926"><ele>1189</ele></trkpt><trkpt lat="40.88304" lon="-4.01927"><ele>1189</ele></trkpt><trkpt lat="40.88302" lon="-4.01927"><ele>1189</ele></trkpt><trkpt lat="40.88299" lon="-4.01927"><ele>1189</ele></trkpt><trkpt lat="40.88283" lon="-4.01921"><ele>1191</ele></trkpt><trkpt lat="40.88219" lon="-4.01888"><ele>1195</ele></trkpt><trkpt lat="40.88202" lon="-4.0188"><ele>1196</ele></trkpt><trkpt lat="40.88181" lon="-4.01872"><ele>1196</ele></trkpt><trkpt lat="40.88158" lon="-4.01865"><ele>1196</ele></trkpt><trkpt lat="40.88127" lon="-4.01857"><ele>1196</ele></trkpt><trkpt lat="40.88064" lon="-4.01841"><ele>1197</ele></trkpt><trkpt lat="40.88047" lon="-4.01838"><ele>1198</ele></trkpt><trkpt lat="40.88027" lon="-4.01835"><ele>1199</ele></trkpt><trkpt lat="40.88009" lon="-4.01833"><ele>1200</ele></trkpt><trkpt lat="40.87977" lon="-4.01834"><ele>1200</ele></trkpt><trkpt lat="40.8797" lon="-4.01834"><ele>1201</ele></trkpt><trkpt lat="40.87903" lon="-4.01835"><ele>1202</ele></trkpt><trkpt lat="40.87897" lon="-4.01835"><ele>1202</ele></trkpt><trkpt lat="40.8787" lon="-4.01836"><ele>1202</ele></trkpt><trkpt lat="40.87832" lon="-4.01839"><ele>1202</ele></trkpt><trkpt lat="40.87818" lon="-4.0184"><ele>1201</ele></trkpt><trkpt lat="40.8781" lon="-4.01845"><ele>1200</ele></trkpt><trkpt lat="40.87805" lon="-4.0185"><ele>1199</ele></trkpt><trkpt lat="40.87793" lon="-4.01863"><ele>1198</ele></trkpt><trkpt lat="40.87737" lon="-4.01929"><ele>1191</ele></trkpt><trkpt lat="40.87731" lon="-4.01936"><ele>1191</ele></trkpt><trkpt lat="40.87722" lon="-4.01947"><ele>1190</ele></trkpt><trkpt lat="40.87697" lon="-4.01976"><ele>1188</ele></trkpt><trkpt lat="40.87675" lon="-4.02002"><ele>1188</ele></trkpt><trkpt lat="40.87656" lon="-4.02025"><ele>1188</ele></trkpt><trkpt lat="40.87646" lon="-4.02036"><ele>1188</ele></trkpt><trkpt lat="40.87639" lon="-4.02044"><ele>1189</ele></trkpt><trkpt lat="40.87635" lon="-4.02047"><ele>1189</ele></trkpt><trkpt lat="40.87632" lon="-4.02049"><ele>1189</ele></trkpt><trkpt lat="40.87627" lon="-4.02051"><ele>1189</ele></trkpt><trkpt lat="40.87617" lon="-4.02054"><ele>1190</ele></trkpt><trkpt lat="40.87605" lon="-4.02057"><ele>1191</ele></trkpt><trkpt lat="40.87601" lon="-4.02059"><ele>1191</ele></trkpt><trkpt lat="40.87587" lon="-4.02063"><ele>1192</ele></trkpt><trkpt lat="40.87539" lon="-4.02076"><ele>1195</ele></trkpt><trkpt lat="40.87482" lon="-4.02091"><ele>1197</ele></trkpt><trkpt lat="40.87473" lon="-4.02093"><ele>1198</ele></trkpt><trkpt lat="40.87468" lon="-4.02094"><ele>1198</ele></trkpt><trkpt lat="40.87449" lon="-4.021"><ele>1199</ele></trkpt><trkpt lat="40.87416" lon="-4.02108"><ele>1200</ele></trkpt><trkpt lat="40.87382" lon="-4.02117"><ele>1202</ele></trkpt><trkpt lat="40.87376" lon="-4.02119"><ele>1202</ele></trkpt><trkpt lat="40.8736" lon="-4.02123"><ele>1203</ele></trkpt><trkpt lat="40.87352" lon="-4.02125"><ele>1203</ele></trkpt><trkpt lat="40.87339" lon="-4.02129"><ele>1204</ele></trkpt><trkpt lat="40.87334" lon="-4.0213"><ele>1204</ele></trkpt><trkpt lat="40.87319" lon="-4.02134"><ele>1205</ele></trkpt><trkpt lat="40.87307" lon="-4.02137"><ele>1206</ele></trkpt><trkpt lat="40.87242" lon="-4.02153"><ele>1212</ele></trkpt><trkpt lat="40.87222" lon="-4.02158"><ele>1213</ele></trkpt><trkpt lat="40.87197" lon="-4.02166"><ele>1216</ele></trkpt><trkpt lat="40.87174" lon="-4.02174"><ele>1217</ele></trkpt><trkpt lat="40.87159" lon="-4.02181"><ele>1218</ele></trkpt><trkpt lat="40.87102" lon="-4.02209"><ele>1220</ele></trkpt><trkpt lat="40.87065" lon="-4.02225"><ele>1220</ele></trkpt><trkpt lat="40.87047" lon="-4.02231"><ele>1220</ele></trkpt><trkpt lat="40.87036" lon="-4.02233"><ele>1220</ele></trkpt><trkpt lat="40.87023" lon="-4.02234"><ele>1220</ele></trkpt><trkpt lat="40.87001" lon="-4.02237"><ele>1220</ele></trkpt><trkpt lat="40.86985" lon="-4.02238"><ele>1221</ele></trkpt><trkpt lat="40.86958" lon="-4.02238"><ele>1221</ele></trkpt><trkpt lat="40.86952" lon="-4.02238"><ele>1221</ele></trkpt><trkpt lat="40.8695" lon="-4.02238"><ele>1221</ele></trkpt><trkpt lat="40.8694" lon="-4.02238"><ele>1221</ele></trkpt><trkpt lat="40.86916" lon="-4.02234"><ele>1222</ele></trkpt><trkpt lat="40.86904" lon="-4.02234"><ele>1222</ele></trkpt><trkpt lat="40.86895" lon="-4.02234"><ele>1222</ele></trkpt><trkpt lat="40.86889" lon="-4.02236"><ele>1221</ele></trkpt><trkpt lat="40.86881" lon="-4.0224"><ele>1221</ele></trkpt><trkpt lat="40.86875" lon="-4.02245"><ele>1221</ele></trkpt><trkpt lat="40.86868" lon="-4.02252"><ele>1220</ele></trkpt><trkpt lat="40.86861" lon="-4.0226"><ele>1220</ele></trkpt><trkpt lat="40.86856" lon="-4.02267"><ele>1219</ele></trkpt><trkpt lat="40.86854" lon="-4.0227"><ele>1219</ele></trkpt><trkpt lat="40.86852" lon="-4.02275"><ele>1219</ele></trkpt><trkpt lat="40.86849" lon="-4.02281"><ele>1218</ele></trkpt><trkpt lat="40.86841" lon="-4.02296"><ele>1217</ele></trkpt><trkpt lat="40.86834" lon="-4.02308"><ele>1216</ele></trkpt><trkpt lat="40.86828" lon="-4.02319"><ele>1216</ele></trkpt><trkpt lat="40.86822" lon="-4.02327"><ele>1215</ele></trkpt><trkpt lat="40.86819" lon="-4.0233"><ele>1215</ele></trkpt><trkpt lat="40.86816" lon="-4.02332"><ele>1215</ele></trkpt><trkpt lat="40.86814" lon="-4.02333"><ele>1215</ele></trkpt><trkpt lat="40.86808" lon="-4.02336"><ele>1215</ele></trkpt><trkpt lat="40.86799" lon="-4.02339"><ele>1215</ele></trkpt><trkpt lat="40.86792" lon="-4.02342"><ele>1215</ele></trkpt><trkpt lat="40.86783" lon="-4.02346"><ele>1215</ele></trkpt><trkpt lat="40.86775" lon="-4.02352"><ele>1215</ele></trkpt><trkpt lat="40.8676" lon="-4.02364"><ele>1214</ele></trkpt><trkpt lat="40.86748" lon="-4.02374"><ele>1214</ele></trkpt><trkpt lat="40.86736" lon="-4.02388"><ele>1214</ele></trkpt><trkpt lat="40.86697" lon="-4.02433"><ele>1214</ele></trkpt><trkpt lat="40.86677" lon="-4.02456"><ele>1214</ele></trkpt><trkpt lat="40.86654" lon="-4.0248"><ele>1215</ele></trkpt><trkpt lat="40.8661" lon="-4.02525"><ele>1217</ele></trkpt><trkpt lat="40.8659" lon="-4.02547"><ele>1219</ele></trkpt><trkpt lat="40.86575" lon="-4.02564"><ele>1220</ele></trkpt><trkpt lat="40.86563" lon="-4.02583"><ele>1220</ele></trkpt><trkpt lat="40.86551" lon="-4.02603"><ele>1221</ele></trkpt><trkpt lat="40.86516" lon="-4.02663"><ele>1222</ele></trkpt><trkpt lat="40.86506" lon="-4.02679"><ele>1222</ele></trkpt><trkpt lat="40.86498" lon="-4.0269"><ele>1222</ele></trkpt><trkpt lat="40.86489" lon="-4.02699"><ele>1221</ele></trkpt><trkpt lat="40.8648" lon="-4.02708"><ele>1221</ele></trkpt><trkpt lat="40.86471" lon="-4.02715"><ele>1220</ele></trkpt><trkpt lat="40.8646" lon="-4.02722"><ele>1219</ele></trkpt><trkpt lat="40.8645" lon="-4.02726"><ele>1218</ele></trkpt><trkpt lat="40.86439" lon="-4.02728"><ele>1218</ele></trkpt><trkpt lat="40.8643" lon="-4.02728"><ele>1218</ele></trkpt><trkpt lat="40.86419" lon="-4.02728"><ele>1217</ele></trkpt><trkpt lat="40.86412" lon="-4.02726"><ele>1217</ele></trkpt><trkpt lat="40.86404" lon="-4.02724"><ele>1217</ele></trkpt><trkpt lat="40.86389" lon="-4.02716"><ele>1217</ele></trkpt><trkpt lat="40.86373" lon="-4.02707"><ele>1217</ele></trkpt><trkpt lat="40.86362" lon="-4.027"><ele>1217</ele></trkpt><trkpt lat="40.86328" lon="-4.02675"><ele>1217</ele></trkpt><trkpt lat="40.86311" lon="-4.02664"><ele>1217</ele></trkpt><trkpt lat="40.86298" lon="-4.02656"><ele>1217</ele></trkpt><trkpt lat="40.86287" lon="-4.0265"><ele>1217</ele></trkpt><trkpt lat="40.86278" lon="-4.02647"><ele>1217</ele></trkpt><trkpt lat="40.86269" lon="-4.02645"><ele>1217</ele></trkpt><trkpt lat="40.86246" lon="-4.02644"><ele>1216</ele></trkpt><trkpt lat="40.86222" lon="-4.02643"><ele>1216</ele></trkpt><trkpt lat="40.86212" lon="-4.02643"><ele>1216</ele></trkpt><trkpt lat="40.86185" lon="-4.02643"><ele>1216</ele></trkpt><trkpt lat="40.86154" lon="-4.02645"><ele>1217</ele></trkpt><trkpt lat="40.86122" lon="-4.02648"><ele>1218</ele></trkpt><trkpt lat="40.86086" lon="-4.02654"><ele>1219</ele></trkpt><trkpt lat="40.86068" lon="-4.02656"><ele>1220</ele></trkpt><trkpt lat="40.86058" lon="-4.02656"><ele>1220</ele></trkpt><trkpt lat="40.86049" lon="-4.02655"><ele>1221</ele></trkpt><trkpt lat="40.86039" lon="-4.02653"><ele>1221</ele></trkpt><trkpt lat="40.86029" lon="-4.02651"><ele>1222</ele></trkpt><trkpt lat="40.86018" lon="-4.02647"><ele>1223</ele></trkpt><trkpt lat="40.85987" lon="-4.02636"><ele>1224</ele></trkpt><trkpt lat="40.85968" lon="-4.02631"><ele>1224</ele></trkpt><trkpt lat="40.85951" lon="-4.02628"><ele>1224</ele></trkpt><trkpt lat="40.85936" lon="-4.02625"><ele>1224</ele></trkpt><trkpt lat="40.85918" lon="-4.02624"><ele>1224</ele></trkpt><trkpt lat="40.8589" lon="-4.02622"><ele>1225</ele></trkpt><trkpt lat="40.85877" lon="-4.02622"><ele>1225</ele></trkpt><trkpt lat="40.85863" lon="-4.02624"><ele>1225</ele></trkpt><trkpt lat="40.85851" lon="-4.02625"><ele>1225</ele></trkpt><trkpt lat="40.85825" lon="-4.02632"><ele>1225</ele></trkpt><trkpt lat="40.85775" lon="-4.02642"><ele>1223</ele></trkpt><trkpt lat="40.85744" lon="-4.0265"><ele>1222</ele></trkpt><trkpt lat="40.85712" lon="-4.02661"><ele>1224</ele></trkpt><trkpt lat="40.85686" lon="-4.0267"><ele>1225</ele></trkpt><trkpt lat="40.8568" lon="-4.02671"><ele>1226</ele></trkpt><trkpt lat="40.85671" lon="-4.02673"><ele>1226</ele></trkpt><trkpt lat="40.85658" lon="-4.02674"><ele>1227</ele></trkpt><trkpt lat="40.85595" lon="-4.02673"><ele>1229</ele></trkpt><trkpt lat="40.85569" lon="-4.02672"><ele>1230</ele></trkpt><trkpt lat="40.85563" lon="-4.02672"><ele>1230</ele></trkpt><trkpt lat="40.85555" lon="-4.02669"><ele>1230</ele></trkpt><trkpt lat="40.8555" lon="-4.02667"><ele>1231</ele></trkpt><trkpt lat="40.85545" lon="-4.02664"><ele>1231</ele></trkpt><trkpt lat="40.85542" lon="-4.02662"><ele>1231</ele></trkpt><trkpt lat="40.85535" lon="-4.02657"><ele>1232</ele></trkpt><trkpt lat="40.8553" lon="-4.02651"><ele>1233</ele></trkpt><trkpt lat="40.85515" lon="-4.02635"><ele>1235</ele></trkpt><trkpt lat="40.85507" lon="-4.02628"><ele>1236</ele></trkpt><trkpt lat="40.855" lon="-4.02624"><ele>1236</ele></trkpt><trkpt lat="40.85495" lon="-4.02621"><ele>1237</ele></trkpt><trkpt lat="40.85491" lon="-4.0262"><ele>1237</ele></trkpt><trkpt lat="40.85488" lon="-4.0262"><ele>1238</ele></trkpt><trkpt lat="40.85484" lon="-4.0262"><ele>1238</ele></trkpt><trkpt lat="40.85477" lon="-4.02621"><ele>1239</ele></trkpt><trkpt lat="40.85472" lon="-4.02623"><ele>1239</ele></trkpt><trkpt lat="40.85465" lon="-4.02625"><ele>1239</ele></trkpt><trkpt lat="40.85448" lon="-4.02632"><ele>1240</ele></trkpt><trkpt lat="40.85431" lon="-4.0264"><ele>1241</ele></trkpt><trkpt lat="40.85426" lon="-4.02644"><ele>1241</ele></trkpt><trkpt lat="40.85423" lon="-4.02647"><ele>1240</ele></trkpt><trkpt lat="40.85419" lon="-4.02652"><ele>1240</ele></trkpt><trkpt lat="40.85415" lon="-4.02658"><ele>1240</ele></trkpt><trkpt lat="40.85413" lon="-4.02666"><ele>1239</ele></trkpt><trkpt lat="40.85411" lon="-4.02675"><ele>1238</ele></trkpt><trkpt lat="40.85409" lon="-4.02687"><ele>1238</ele></trkpt><trkpt lat="40.85404" lon="-4.02712"><ele>1236</ele></trkpt><trkpt lat="40.854" lon="-4.02724"><ele>1236</ele></trkpt><trkpt lat="40.85397" lon="-4.02731"><ele>1235</ele></trkpt><trkpt lat="40.85392" lon="-4.02739"><ele>1235</ele></trkpt><trkpt lat="40.85386" lon="-4.02748"><ele>1235</ele></trkpt><trkpt lat="40.85379" lon="-4.02754"><ele>1235</ele></trkpt><trkpt lat="40.85372" lon="-4.02761"><ele>1235</ele></trkpt><trkpt lat="40.85358" lon="-4.02769"><ele>1236</ele></trkpt><trkpt lat="40.85343" lon="-4.02777"><ele>1236</ele></trkpt><trkpt lat="40.8532" lon="-4.02787"><ele>1237</ele></trkpt><trkpt lat="40.85296" lon="-4.02795"><ele>1237</ele></trkpt><trkpt lat="40.85284" lon="-4.02797"><ele>1238</ele></trkpt><trkpt lat="40.8527" lon="-4.02799"><ele>1238</ele></trkpt><trkpt lat="40.85252" lon="-4.02799"><ele>1239</ele></trkpt><trkpt lat="40.85227" lon="-4.02798"><ele>1239</ele></trkpt><trkpt lat="40.85219" lon="-4.02796"><ele>1240</ele></trkpt><trkpt lat="40.85211" lon="-4.02794"><ele>1240</ele></trkpt><trkpt lat="40.85206" lon="-4.02792"><ele>1240</ele></trkpt><trkpt lat="40.85201" lon="-4.0279"><ele>1240</ele></trkpt><trkpt lat="40.85196" lon="-4.02786"><ele>1241</ele></trkpt><trkpt lat="40.85186" lon="-4.02779"><ele>1241</ele></trkpt><trkpt lat="40.85179" lon="-4.02771"><ele>1242</ele></trkpt><trkpt lat="40.85166" lon="-4.02755"><ele>1243</ele></trkpt><trkpt lat="40.8515" lon="-4.02739"><ele>1244</ele></trkpt><trkpt lat="40.85138" lon="-4.02726"><ele>1245</ele></trkpt><trkpt lat="40.85131" lon="-4.0272"><ele>1245</ele></trkpt><trkpt lat="40.85098" lon="-4.02692"><ele>1247</ele></trkpt><trkpt lat="40.85088" lon="-4.02684"><ele>1247</ele></trkpt><trkpt lat="40.85079" lon="-4.02677"><ele>1248</ele></trkpt><trkpt lat="40.85059" lon="-4.02662"><ele>1248</ele></trkpt><trkpt lat="40.85043" lon="-4.0265"><ele>1249</ele></trkpt><trkpt lat="40.85035" lon="-4.02644"><ele>1250</ele></trkpt><trkpt lat="40.85026" lon="-4.0264"><ele>1250</ele></trkpt><trkpt lat="40.85009" lon="-4.02631"><ele>1251</ele></trkpt><trkpt lat="40.84998" lon="-4.02627"><ele>1251</ele></trkpt><trkpt lat="40.84991" lon="-4.02625"><ele>1251</ele></trkpt><trkpt lat="40.84983" lon="-4.02623"><ele>1251</ele></trkpt><trkpt lat="40.84968" lon="-4.02621"><ele>1251</ele></trkpt><trkpt lat="40.84951" lon="-4.02618"><ele>1251</ele></trkpt><trkpt lat="40.84941" lon="-4.02615"><ele>1252</ele></trkpt><trkpt lat="40.84927" lon="-4.0261"><ele>1252</ele></trkpt><trkpt lat="40.84854" lon="-4.02572"><ele>1255</ele></trkpt><trkpt lat="40.84841" lon="-4.02566"><ele>1255</ele></trkpt><trkpt lat="40.84835" lon="-4.02563"><ele>1255</ele></trkpt><trkpt lat="40.84776" lon="-4.02536"><ele>1257</ele></trkpt><trkpt lat="40.84759" lon="-4.02529"><ele>1257</ele></trkpt><trkpt lat="40.84746" lon="-4.02524"><ele>1257</ele></trkpt><trkpt lat="40.84736" lon="-4.02521"><ele>1257</ele></trkpt><trkpt lat="40.84703" lon="-4.02513"><ele>1258</ele></trkpt><trkpt lat="40.84673" lon="-4.02507"><ele>1257</ele></trkpt><trkpt lat="40.84658" lon="-4.02504"><ele>1258</ele></trkpt><trkpt lat="40.84642" lon="-4.02502"><ele>1259</ele></trkpt><trkpt lat="40.84633" lon="-4.02501"><ele>1260</ele></trkpt><trkpt lat="40.84627" lon="-4.02501"><ele>1260</ele></trkpt><trkpt lat="40.84612" lon="-4.02502"><ele>1261</ele></trkpt><trkpt lat="40.84584" lon="-4.02506"><ele>1263</ele></trkpt><trkpt lat="40.8456" lon="-4.02512"><ele>1264</ele></trkpt><trkpt lat="40.84531" lon="-4.02519"><ele>1266</ele></trkpt><trkpt lat="40.84493" lon="-4.02529"><ele>1268</ele></trkpt><trkpt lat="40.8447" lon="-4.02535"><ele>1269</ele></trkpt><trkpt lat="40.84445" lon="-4.02538"><ele>1271</ele></trkpt><trkpt lat="40.84425" lon="-4.0254"><ele>1272</ele></trkpt><trkpt lat="40.84396" lon="-4.02542"><ele>1273</ele></trkpt><trkpt lat="40.84394" lon="-4.02542"><ele>1273</ele></trkpt><trkpt lat="40.84358" lon="-4.02544"><ele>1275</ele></trkpt><trkpt lat="40.84354" lon="-4.02545"><ele>1275</ele></trkpt><trkpt lat="40.84328" lon="-4.02548"><ele>1275</ele></trkpt><trkpt lat="40.84303" lon="-4.0255"><ele>1276</ele></trkpt><trkpt lat="40.84282" lon="-4.02555"><ele>1276</ele></trkpt><trkpt lat="40.84254" lon="-4.02558"><ele>1277</ele></trkpt><trkpt lat="40.8423" lon="-4.02562"><ele>1277</ele></trkpt><trkpt lat="40.84163" lon="-4.02568"><ele>1278</ele></trkpt><trkpt lat="40.84127" lon="-4.02573"><ele>1277</ele></trkpt><trkpt lat="40.84115" lon="-4.02575"><ele>1277</ele></trkpt><trkpt lat="40.84105" lon="-4.02577"><ele>1277</ele></trkpt><trkpt lat="40.84089" lon="-4.02583"><ele>1276</ele></trkpt><trkpt lat="40.84077" lon="-4.02589"><ele>1275</ele></trkpt><trkpt lat="40.84044" lon="-4.02609"><ele>1272</ele></trkpt><trkpt lat="40.84033" lon="-4.02614"><ele>1271</ele></trkpt><trkpt lat="40.84027" lon="-4.02616"><ele>1271</ele></trkpt><trkpt lat="40.84018" lon="-4.02618"><ele>1271</ele></trkpt><trkpt lat="40.84009" lon="-4.02619"><ele>1271</ele></trkpt><trkpt lat="40.83999" lon="-4.02618"><ele>1271</ele></trkpt><trkpt lat="40.83991" lon="-4.02616"><ele>1271</ele></trkpt><trkpt lat="40.83984" lon="-4.02614"><ele>1271</ele></trkpt><trkpt lat="40.83923" lon="-4.02577"><ele>1273</ele></trkpt><trkpt lat="40.83851" lon="-4.02535"><ele>1280</ele></trkpt><trkpt lat="40.83841" lon="-4.02528"><ele>1281</ele></trkpt><trkpt lat="40.8383" lon="-4.02522"><ele>1282</ele></trkpt><trkpt lat="40.83819" lon="-4.02517"><ele>1283</ele></trkpt><trkpt lat="40.83803" lon="-4.02511"><ele>1285</ele></trkpt><trkpt lat="40.83788" lon="-4.02508"><ele>1286</ele></trkpt><trkpt lat="40.83772" lon="-4.02504"><ele>1288</ele></trkpt><trkpt lat="40.83761" lon="-4.02502"><ele>1289</ele></trkpt><trkpt lat="40.83747" lon="-4.02501"><ele>1290</ele></trkpt><trkpt lat="40.8373" lon="-4.02501"><ele>1290</ele></trkpt><trkpt lat="40.83712" lon="-4.02504"><ele>1290</ele></trkpt><trkpt lat="40.83688" lon="-4.02508"><ele>1291</ele></trkpt><trkpt lat="40.83666" lon="-4.02509"><ele>1292</ele></trkpt><trkpt lat="40.83658" lon="-4.02509"><ele>1292</ele></trkpt><trkpt lat="40.83647" lon="-4.02509"><ele>1292</ele></trkpt><trkpt lat="40.83632" lon="-4.02506"><ele>1293</ele></trkpt><trkpt lat="40.83614" lon="-4.02501"><ele>1294</ele></trkpt><trkpt lat="40.83581" lon="-4.02491"><ele>1296</ele></trkpt><trkpt lat="40.83556" lon="-4.02482"><ele>1297</ele></trkpt><trkpt lat="40.83526" lon="-4.02471"><ele>1299</ele></trkpt><trkpt lat="40.83519" lon="-4.02469"><ele>1299</ele></trkpt><trkpt lat="40.83509" lon="-4.02466"><ele>1299</ele></trkpt><trkpt lat="40.83477" lon="-4.02461"><ele>1300</ele></trkpt><trkpt lat="40.83366" lon="-4.02442"><ele>1299</ele></trkpt><trkpt lat="40.83358" lon="-4.02441"><ele>1299</ele></trkpt><trkpt lat="40.83338" lon="-4.02437"><ele>1299</ele></trkpt><trkpt lat="40.83312" lon="-4.02429"><ele>1299</ele></trkpt><trkpt lat="40.83296" lon="-4.02421"><ele>1299</ele></trkpt><trkpt lat="40.83275" lon="-4.02408"><ele>1300</ele></trkpt><trkpt lat="40.83263" lon="-4.024"><ele>1300</ele></trkpt><trkpt lat="40.8325" lon="-4.02391"><ele>1301</ele></trkpt><trkpt lat="40.83206" lon="-4.02363"><ele>1304</ele></trkpt><trkpt lat="40.83178" lon="-4.02348"><ele>1305</ele></trkpt><trkpt lat="40.83146" lon="-4.02333"><ele>1307</ele></trkpt><trkpt lat="40.83141" lon="-4.02331"><ele>1308</ele></trkpt><trkpt lat="40.83133" lon="-4.02329"><ele>1308</ele></trkpt><trkpt lat="40.8312" lon="-4.02327"><ele>1309</ele></trkpt><trkpt lat="40.83077" lon="-4.02323"><ele>1310</ele></trkpt><trkpt lat="40.83052" lon="-4.02317"><ele>1312</ele></trkpt><trkpt lat="40.83037" lon="-4.02315"><ele>1313</ele></trkpt><trkpt lat="40.83016" lon="-4.02309"><ele>1315</ele></trkpt><trkpt lat="40.82995" lon="-4.02299"><ele>1316</ele></trkpt><trkpt lat="40.8296" lon="-4.02284"><ele>1317</ele></trkpt><trkpt lat="40.8295" lon="-4.0228"><ele>1318</ele></trkpt><trkpt lat="40.82934" lon="-4.02274"><ele>1318</ele></trkpt><trkpt lat="40.82925" lon="-4.02272"><ele>1319</ele></trkpt><trkpt lat="40.82916" lon="-4.0227"><ele>1319</ele></trkpt><trkpt lat="40.82896" lon="-4.02268"><ele>1319</ele></trkpt><trkpt lat="40.82807" lon="-4.02264"><ele>1320</ele></trkpt><trkpt lat="40.82721" lon="-4.02259"><ele>1319</ele></trkpt><trkpt lat="40.82679" lon="-4.02256"><ele>1319</ele></trkpt><trkpt lat="40.82673" lon="-4.02255"><ele>1319</ele></trkpt><trkpt lat="40.82666" lon="-4.02255"><ele>1319</ele></trkpt><trkpt lat="40.82661" lon="-4.02252"><ele>1319</ele></trkpt><trkpt lat="40.82657" lon="-4.0225"><ele>1319</ele></trkpt><trkpt lat="40.82653" lon="-4.02247"><ele>1319</ele></trkpt><trkpt lat="40.82645" lon="-4.0224"><ele>1320</ele></trkpt><trkpt lat="40.82637" lon="-4.02232"><ele>1320</ele></trkpt><trkpt lat="40.82625" lon="-4.02214"><ele>1321</ele></trkpt><trkpt lat="40.82616" lon="-4.02199"><ele>1322</ele></trkpt><trkpt lat="40.82611" lon="-4.02188"><ele>1322</ele></trkpt><trkpt lat="40.82601" lon="-4.02156"><ele>1324</ele></trkpt><trkpt lat="40.82586" lon="-4.02109"><ele>1328</ele></trkpt><trkpt lat="40.82582" lon="-4.02096"><ele>1329</ele></trkpt><trkpt lat="40.82578" lon="-4.02086"><ele>1329</ele></trkpt><trkpt lat="40.82567" lon="-4.02062"><ele>1333</ele></trkpt><trkpt lat="40.82551" lon="-4.02037"><ele>1336</ele></trkpt><trkpt lat="40.82539" lon="-4.0202"><ele>1337</ele></trkpt><trkpt lat="40.8253" lon="-4.02009"><ele>1337</ele></trkpt><trkpt lat="40.82523" lon="-4.02002"><ele>1336</ele></trkpt><trkpt lat="40.82516" lon="-4.01996"><ele>1336</ele></trkpt><trkpt lat="40.8251" lon="-4.01992"><ele>1336</ele></trkpt><trkpt lat="40.825" lon="-4.01987"><ele>1335</ele></trkpt><trkpt lat="40.82475" lon="-4.01974"><ele>1336</ele></trkpt><trkpt lat="40.82458" lon="-4.01966"><ele>1335</ele></trkpt><trkpt lat="40.82443" lon="-4.01957"><ele>1335</ele></trkpt><trkpt lat="40.82435" lon="-4.01951"><ele>1335</ele></trkpt><trkpt lat="40.82424" lon="-4.01943"><ele>1335</ele></trkpt><trkpt lat="40.82409" lon="-4.01928"><ele>1335</ele></trkpt><trkpt lat="40.82401" lon="-4.0192"><ele>1335</ele></trkpt><trkpt lat="40.82392" lon="-4.01911"><ele>1336</ele></trkpt><trkpt lat="40.82379" lon="-4.01897"><ele>1337</ele></trkpt><trkpt lat="40.82375" lon="-4.0189"><ele>1337</ele></trkpt><trkpt lat="40.8237" lon="-4.01882"><ele>1338</ele></trkpt><trkpt lat="40.82366" lon="-4.01875"><ele>1338</ele></trkpt><trkpt lat="40.82362" lon="-4.01866"><ele>1338</ele></trkpt><trkpt lat="40.8236" lon="-4.01858"><ele>1338</ele></trkpt><trkpt lat="40.82357" lon="-4.01848"><ele>1338</ele></trkpt><trkpt lat="40.82346" lon="-4.01802"><ele>1340</ele></trkpt><trkpt lat="40.82341" lon="-4.01781"><ele>1340</ele></trkpt><trkpt lat="40.82334" lon="-4.01756"><ele>1340</ele></trkpt><trkpt lat="40.82331" lon="-4.01747"><ele>1341</ele></trkpt><trkpt lat="40.82327" lon="-4.01738"><ele>1341</ele></trkpt><trkpt lat="40.82324" lon="-4.01733"><ele>1342</ele></trkpt><trkpt lat="40.8232" lon="-4.0173"><ele>1342</ele></trkpt><trkpt lat="40.82318" lon="-4.01728"><ele>1342</ele></trkpt><trkpt lat="40.82313" lon="-4.01726"><ele>1342</ele></trkpt><trkpt lat="40.82304" lon="-4.01723"><ele>1342</ele></trkpt><trkpt lat="40.82293" lon="-4.0172"><ele>1342</ele></trkpt><trkpt lat="40.82288" lon="-4.01717"><ele>1342</ele></trkpt><trkpt lat="40.8228" lon="-4.01714"><ele>1342</ele></trkpt><trkpt lat="40.8226" lon="-4.01701"><ele>1342</ele></trkpt><trkpt lat="40.8223" lon="-4.01681"><ele>1345</ele></trkpt><trkpt lat="40.82222" lon="-4.01675"><ele>1346</ele></trkpt><trkpt lat="40.82212" lon="-4.01671"><ele>1347</ele></trkpt><trkpt lat="40.82205" lon="-4.01669"><ele>1348</ele></trkpt><trkpt lat="40.8219" lon="-4.01669"><ele>1350</ele></trkpt><trkpt lat="40.82176" lon="-4.0167"><ele>1352</ele></trkpt><trkpt lat="40.82143" lon="-4.01672"><ele>1357</ele></trkpt><trkpt lat="40.82113" lon="-4.01676"><ele>1361</ele></trkpt><trkpt lat="40.82099" lon="-4.01677"><ele>1364</ele></trkpt><trkpt lat="40.82091" lon="-4.01676"><ele>1365</ele></trkpt><trkpt lat="40.82084" lon="-4.01674"><ele>1365</ele></trkpt><trkpt lat="40.82071" lon="-4.01666"><ele>1367</ele></trkpt><trkpt lat="40.81989" lon="-4.01601"><ele>1375</ele></trkpt><trkpt lat="40.81977" lon="-4.01594"><ele>1376</ele></trkpt><trkpt lat="40.8197" lon="-4.0159"><ele>1377</ele></trkpt><trkpt lat="40.81964" lon="-4.01589"><ele>1378</ele></trkpt><trkpt lat="40.81959" lon="-4.01589"><ele>1378</ele></trkpt><trkpt lat="40.81955" lon="-4.01589"><ele>1379</ele></trkpt><trkpt lat="40.8193" lon="-4.0159"><ele>1382</ele></trkpt><trkpt lat="40.81901" lon="-4.01592"><ele>1385</ele></trkpt><trkpt lat="40.81871" lon="-4.01592"><ele>1388</ele></trkpt><trkpt lat="40.81865" lon="-4.01592"><ele>1389</ele></trkpt><trkpt lat="40.81858" lon="-4.01591"><ele>1389</ele></trkpt><trkpt lat="40.81853" lon="-4.01589"><ele>1390</ele></trkpt><trkpt lat="40.81846" lon="-4.01585"><ele>1390</ele></trkpt><trkpt lat="40.81837" lon="-4.01579"><ele>1390</ele></trkpt><trkpt lat="40.81828" lon="-4.01573"><ele>1392</ele></trkpt><trkpt lat="40.81816" lon="-4.01563"><ele>1394</ele></trkpt><trkpt lat="40.81804" lon="-4.01548"><ele>1395</ele></trkpt><trkpt lat="40.81777" lon="-4.01509"><ele>1399</ele></trkpt><trkpt lat="40.81772" lon="-4.01502"><ele>1399</ele></trkpt><trkpt lat="40.81764" lon="-4.01494"><ele>1401</ele></trkpt><trkpt lat="40.81754" lon="-4.01487"><ele>1403</ele></trkpt><trkpt lat="40.81737" lon="-4.01478"><ele>1406</ele></trkpt><trkpt lat="40.81681" lon="-4.01453"><ele>1415</ele></trkpt><trkpt lat="40.81671" lon="-4.01451"><ele>1416</ele></trkpt><trkpt lat="40.81664" lon="-4.0145"><ele>1418</ele></trkpt><trkpt lat="40.81659" lon="-4.01452"><ele>1419</ele></trkpt><trkpt lat="40.81654" lon="-4.01454"><ele>1420</ele></trkpt><trkpt lat="40.81648" lon="-4.0146"><ele>1422</ele></trkpt><trkpt lat="40.81647" lon="-4.01462"><ele>1422</ele></trkpt><trkpt lat="40.81646" lon="-4.01464"><ele>1423</ele></trkpt><trkpt lat="40.81645" lon="-4.01469"><ele>1423</ele></trkpt><trkpt lat="40.81644" lon="-4.01474"><ele>1424</ele></trkpt><trkpt lat="40.81645" lon="-4.01481"><ele>1424</ele></trkpt><trkpt lat="40.81646" lon="-4.01488"><ele>1424</ele></trkpt><trkpt lat="40.81648" lon="-4.01495"><ele>1424</ele></trkpt><trkpt lat="40.81653" lon="-4.01504"><ele>1423</ele></trkpt><trkpt lat="40.81666" lon="-4.01524"><ele>1422</ele></trkpt><trkpt lat="40.81672" lon="-4.01534"><ele>1421</ele></trkpt><trkpt lat="40.81682" lon="-4.01556"><ele>1421</ele></trkpt><trkpt lat="40.81689" lon="-4.01571"><ele>1421</ele></trkpt><trkpt lat="40.81707" lon="-4.01622"><ele>1421</ele></trkpt><trkpt lat="40.81712" lon="-4.01666"><ele>1423</ele></trkpt><trkpt lat="40.81711" lon="-4.01709"><ele>1424</ele></trkpt><trkpt lat="40.81706" lon="-4.01736"><ele>1424</ele></trkpt><trkpt lat="40.81696" lon="-4.01763"><ele>1425</ele></trkpt><trkpt lat="40.81677" lon="-4.01795"><ele>1425</ele></trkpt><trkpt lat="40.81672" lon="-4.01801"><ele>1425</ele></trkpt><trkpt lat="40.81668" lon="-4.01805"><ele>1426</ele></trkpt><trkpt lat="40.8166" lon="-4.01808"><ele>1426</ele></trkpt><trkpt lat="40.81655" lon="-4.01808"><ele>1426</ele></trkpt><trkpt lat="40.81648" lon="-4.01809"><ele>1427</ele></trkpt><trkpt lat="40.81643" lon="-4.01807"><ele>1428</ele></trkpt><trkpt lat="40.81637" lon="-4.01803"><ele>1429</ele></trkpt><trkpt lat="40.81631" lon="-4.01797"><ele>1430</ele></trkpt><trkpt lat="40.81626" lon="-4.01791"><ele>1431</ele></trkpt><trkpt lat="40.8162" lon="-4.01783"><ele>1433</ele></trkpt><trkpt lat="40.81613" lon="-4.01771"><ele>1435</ele></trkpt><trkpt lat="40.81596" lon="-4.01746"><ele>1441</ele></trkpt><trkpt lat="40.8159" lon="-4.01738"><ele>1442</ele></trkpt><trkpt lat="40.81584" lon="-4.01732"><ele>1444</ele></trkpt><trkpt lat="40.81578" lon="-4.01728"><ele>1445</ele></trkpt><trkpt lat="40.81573" lon="-4.01725"><ele>1446</ele></trkpt><trkpt lat="40.81564" lon="-4.01723"><ele>1448</ele></trkpt><trkpt lat="40.81556" lon="-4.01722"><ele>1450</ele></trkpt><trkpt lat="40.8155" lon="-4.01723"><ele>1451</ele></trkpt><trkpt lat="40.8154" lon="-4.01727"><ele>1452</ele></trkpt><trkpt lat="40.81526" lon="-4.01733"><ele>1454</ele></trkpt><trkpt lat="40.81502" lon="-4.01753"><ele>1455</ele></trkpt><trkpt lat="40.81456" lon="-4.01797"><ele>1460</ele></trkpt><trkpt lat="40.81444" lon="-4.01809"><ele>1461</ele></trkpt><trkpt lat="40.81427" lon="-4.01828"><ele>1462</ele></trkpt><trkpt lat="40.81415" lon="-4.01846"><ele>1463</ele></trkpt><trkpt lat="40.81403" lon="-4.01867"><ele>1463</ele></trkpt><trkpt lat="40.81383" lon="-4.01908"><ele>1461</ele></trkpt><trkpt lat="40.81379" lon="-4.01913"><ele>1461</ele></trkpt><trkpt lat="40.81377" lon="-4.01915"><ele>1461</ele></trkpt><trkpt lat="40.81376" lon="-4.01916"><ele>1461</ele></trkpt><trkpt lat="40.81373" lon="-4.01917"><ele>1462</ele></trkpt><trkpt lat="40.8137" lon="-4.01917"><ele>1463</ele></trkpt><trkpt lat="40.81369" lon="-4.01917"><ele>1463</ele></trkpt><trkpt lat="40.81368" lon="-4.01916"><ele>1464</ele></trkpt><trkpt lat="40.81367" lon="-4.01915"><ele>1464</ele></trkpt><trkpt lat="40.81365" lon="-4.01914"><ele>1465</ele></trkpt><trkpt lat="40.81363" lon="-4.01911"><ele>1466</ele></trkpt><trkpt lat="40.81362" lon="-4.01908"><ele>1467</ele></trkpt><trkpt lat="40.81361" lon="-4.01906"><ele>1468</ele></trkpt><trkpt lat="40.81361" lon="-4.01903"><ele>1469</ele></trkpt><trkpt lat="40.81361" lon="-4.01897"><ele>1470</ele></trkpt><trkpt lat="40.81364" lon="-4.01884"><ele>1472</ele></trkpt><trkpt lat="40.81383" lon="-4.01835"><ele>1476</ele></trkpt><trkpt lat="40.81406" lon="-4.01777"><ele>1481</ele></trkpt><trkpt lat="40.81431" lon="-4.01711"><ele>1483</ele></trkpt><trkpt lat="40.81443" lon="-4.01679"><ele>1484</ele></trkpt><trkpt lat="40.81445" lon="-4.01668"><ele>1485</ele></trkpt><trkpt lat="40.81447" lon="-4.01656"><ele>1485</ele></trkpt><trkpt lat="40.81448" lon="-4.01642"><ele>1485</ele></trkpt><trkpt lat="40.81449" lon="-4.01629"><ele>1485</ele></trkpt><trkpt lat="40.8145" lon="-4.01616"><ele>1485</ele></trkpt><trkpt lat="40.8145" lon="-4.0159"><ele>1485</ele></trkpt><trkpt lat="40.81451" lon="-4.01578"><ele>1485</ele></trkpt><trkpt lat="40.81451" lon="-4.01571"><ele>1484</ele></trkpt><trkpt lat="40.8145" lon="-4.01569"><ele>1485</ele></trkpt><trkpt lat="40.81449" lon="-4.01566"><ele>1485</ele></trkpt><trkpt lat="40.81448" lon="-4.01564"><ele>1485</ele></trkpt><trkpt lat="40.81447" lon="-4.01563"><ele>1485</ele></trkpt><trkpt lat="40.81445" lon="-4.01561"><ele>1486</ele></trkpt><trkpt lat="40.81443" lon="-4.0156"><ele>1486</ele></trkpt><trkpt lat="40.81441" lon="-4.0156"><ele>1487</ele></trkpt><trkpt lat="40.81439" lon="-4.01561"><ele>1487</ele></trkpt><trkpt lat="40.81436" lon="-4.01562"><ele>1488</ele></trkpt><trkpt lat="40.81434" lon="-4.01564"><ele>1489</ele></trkpt><trkpt lat="40.81433" lon="-4.01566"><ele>1489</ele></trkpt><trkpt lat="40.81431" lon="-4.01571"><ele>1490</ele></trkpt><trkpt lat="40.81429" lon="-4.01578"><ele>1491</ele></trkpt><trkpt lat="40.81428" lon="-4.01588"><ele>1491</ele></trkpt><trkpt lat="40.81428" lon="-4.01603"><ele>1491</ele></trkpt><trkpt lat="40.81427" lon="-4.01623"><ele>1491</ele></trkpt><trkpt lat="40.81425" lon="-4.01637"><ele>1492</ele></trkpt><trkpt lat="40.81423" lon="-4.01645"><ele>1492</ele></trkpt><trkpt lat="40.8142" lon="-4.01652"><ele>1493</ele></trkpt><trkpt lat="40.81409" lon="-4.01672"><ele>1495</ele></trkpt><trkpt lat="40.81396" lon="-4.01695"><ele>1497</ele></trkpt><trkpt lat="40.81376" lon="-4.01723"><ele>1500</ele></trkpt><trkpt lat="40.81349" lon="-4.01762"><ele>1503</ele></trkpt><trkpt lat="40.81335" lon="-4.01783"><ele>1504</ele></trkpt><trkpt lat="40.81327" lon="-4.01794"><ele>1503</ele></trkpt><trkpt lat="40.81311" lon="-4.01813"><ele>1503</ele></trkpt><trkpt lat="40.81304" lon="-4.0182"><ele>1503</ele></trkpt><trkpt lat="40.81294" lon="-4.01827"><ele>1504</ele></trkpt><trkpt lat="40.81277" lon="-4.01837"><ele>1505</ele></trkpt><trkpt lat="40.81263" lon="-4.01843"><ele>1507</ele></trkpt><trkpt lat="40.81255" lon="-4.01845"><ele>1509</ele></trkpt><trkpt lat="40.81249" lon="-4.01846"><ele>1510</ele></trkpt><trkpt lat="40.81246" lon="-4.01846"><ele>1510</ele></trkpt><trkpt lat="40.81244" lon="-4.01845"><ele>1511</ele></trkpt><trkpt lat="40.81242" lon="-4.01844"><ele>1512</ele></trkpt><trkpt lat="40.81241" lon="-4.01842"><ele>1512</ele></trkpt><trkpt lat="40.8124" lon="-4.0184"><ele>1513</ele></trkpt><trkpt lat="40.81239" lon="-4.01837"><ele>1514</ele></trkpt><trkpt lat="40.81239" lon="-4.01835"><ele>1514</ele></trkpt><trkpt lat="40.8124" lon="-4.01833"><ele>1515</ele></trkpt><trkpt lat="40.8124" lon="-4.01831"><ele>1515</ele></trkpt><trkpt lat="40.81241" lon="-4.01829"><ele>1515</ele></trkpt><trkpt lat="40.81243" lon="-4.01827"><ele>1515</ele></trkpt><trkpt lat="40.81244" lon="-4.01824"><ele>1516</ele></trkpt><trkpt lat="40.81246" lon="-4.01823"><ele>1515</ele></trkpt><trkpt lat="40.81255" lon="-4.01819"><ele>1514</ele></trkpt><trkpt lat="40.81269" lon="-4.0181"><ele>1513</ele></trkpt><trkpt lat="40.81279" lon="-4.01802"><ele>1513</ele></trkpt><trkpt lat="40.81291" lon="-4.0179"><ele>1512</ele></trkpt><trkpt lat="40.81303" lon="-4.01772"><ele>1514</ele></trkpt><trkpt lat="40.81311" lon="-4.01757"><ele>1515</ele></trkpt><trkpt lat="40.81318" lon="-4.01741"><ele>1516</ele></trkpt><trkpt lat="40.81324" lon="-4.01721"><ele>1516</ele></trkpt><trkpt lat="40.81332" lon="-4.01689"><ele>1518</ele></trkpt><trkpt lat="40.81335" lon="-4.01666"><ele>1519</ele></trkpt><trkpt lat="40.81335" lon="-4.01646"><ele>1519</ele></trkpt><trkpt lat="40.81335" lon="-4.01629"><ele>1519</ele></trkpt><trkpt lat="40.81334" lon="-4.01618"><ele>1520</ele></trkpt><trkpt lat="40.8133" lon="-4.01604"><ele>1521</ele></trkpt><trkpt lat="40.81325" lon="-4.01592"><ele>1523</ele></trkpt><trkpt lat="40.81317" lon="-4.01574"><ele>1525</ele></trkpt><trkpt lat="40.81299" lon="-4.01543"><ele>1529</ele></trkpt><trkpt lat="40.81276" lon="-4.01505"><ele>1533</ele></trkpt><trkpt lat="40.81254" lon="-4.01469"><ele>1535</ele></trkpt><trkpt lat="40.81246" lon="-4.01456"><ele>1534</ele></trkpt><trkpt lat="40.81243" lon="-4.01453"><ele>1534</ele></trkpt><trkpt lat="40.8124" lon="-4.01451"><ele>1534</ele></trkpt><trkpt lat="40.81228" lon="-4.01444"><ele>1535</ele></trkpt><trkpt lat="40.8121" lon="-4.01436"><ele>1537</ele></trkpt><trkpt lat="40.81187" lon="-4.01431"><ele>1539</ele></trkpt><trkpt lat="40.81171" lon="-4.01427"><ele>1541</ele></trkpt><trkpt lat="40.81159" lon="-4.01425"><ele>1542</ele></trkpt><trkpt lat="40.81152" lon="-4.01425"><ele>1543</ele></trkpt><trkpt lat="40.81148" lon="-4.01426"><ele>1544</ele></trkpt><trkpt lat="40.81147" lon="-4.01427"><ele>1544</ele></trkpt><trkpt lat="40.81146" lon="-4.01427"><ele>1544</ele></trkpt><trkpt lat="40.81145" lon="-4.01428"><ele>1545</ele></trkpt><trkpt lat="40.81145" lon="-4.01429"><ele>1545</ele></trkpt><trkpt lat="40.81144" lon="-4.01429"><ele>1545</ele></trkpt><trkpt lat="40.81144" lon="-4.0143"><ele>1545</ele></trkpt><trkpt lat="40.81143" lon="-4.01431"><ele>1546</ele></trkpt><trkpt lat="40.81143" lon="-4.01432"><ele>1546</ele></trkpt><trkpt lat="40.81143" lon="-4.01437"><ele>1547</ele></trkpt><trkpt lat="40.81143" lon="-4.01442"><ele>1548</ele></trkpt><trkpt lat="40.81143" lon="-4.01444"><ele>1549</ele></trkpt><trkpt lat="40.81144" lon="-4.01444"><ele>1549</ele></trkpt><trkpt lat="40.81144" lon="-4.01445"><ele>1549</ele></trkpt><trkpt lat="40.81145" lon="-4.01446"><ele>1549</ele></trkpt><trkpt lat="40.81146" lon="-4.01447"><ele>1549</ele></trkpt><trkpt lat="40.81154" lon="-4.0145"><ele>1549</ele></trkpt><trkpt lat="40.81166" lon="-4.01451"><ele>1547</ele></trkpt><trkpt lat="40.8118" lon="-4.01454"><ele>1545</ele></trkpt><trkpt lat="40.81189" lon="-4.01457"><ele>1544</ele></trkpt><trkpt lat="40.812" lon="-4.01464"><ele>1544</ele></trkpt><trkpt lat="40.81206" lon="-4.01472"><ele>1545</ele></trkpt><trkpt lat="40.81212" lon="-4.01481"><ele>1545</ele></trkpt><trkpt lat="40.8122" lon="-4.01495"><ele>1546</ele></trkpt><trkpt lat="40.81226" lon="-4.01512"><ele>1547</ele></trkpt><trkpt lat="40.81232" lon="-4.01542"><ele>1548</ele></trkpt><trkpt lat="40.81232" lon="-4.01569"><ele>1550</ele></trkpt><trkpt lat="40.81231" lon="-4.01588"><ele>1551</ele></trkpt><trkpt lat="40.81227" lon="-4.01605"><ele>1551</ele></trkpt><trkpt lat="40.81222" lon="-4.01622"><ele>1551</ele></trkpt><trkpt lat="40.81219" lon="-4.01633"><ele>1551</ele></trkpt><trkpt lat="40.81214" lon="-4.01642"><ele>1552</ele></trkpt><trkpt lat="40.8121" lon="-4.01647"><ele>1553</ele></trkpt><trkpt lat="40.81209" lon="-4.01648"><ele>1553</ele></trkpt><trkpt lat="40.81208" lon="-4.01648"><ele>1553</ele></trkpt><trkpt lat="40.81206" lon="-4.01649"><ele>1553</ele></trkpt><trkpt lat="40.81204" lon="-4.0165"><ele>1554</ele></trkpt><trkpt lat="40.81203" lon="-4.0165"><ele>1554</ele></trkpt><trkpt lat="40.812" lon="-4.01649"><ele>1555</ele></trkpt><trkpt lat="40.81199" lon="-4.01648"><ele>1555</ele></trkpt><trkpt lat="40.81197" lon="-4.01647"><ele>1556</ele></trkpt><trkpt lat="40.81196" lon="-4.01645"><ele>1556</ele></trkpt><trkpt lat="40.81195" lon="-4.01644"><ele>1556</ele></trkpt><trkpt lat="40.81194" lon="-4.01642"><ele>1557</ele></trkpt><trkpt lat="40.81194" lon="-4.01639"><ele>1557</ele></trkpt><trkpt lat="40.81193" lon="-4.01637"><ele>1557</ele></trkpt><trkpt lat="40.81193" lon="-4.0163"><ele>1557</ele></trkpt><trkpt lat="40.81193" lon="-4.01593"><ele>1560</ele></trkpt><trkpt lat="40.81192" lon="-4.01583"><ele>1560</ele></trkpt><trkpt lat="40.81191" lon="-4.01577"><ele>1560</ele></trkpt><trkpt lat="40.81188" lon="-4.0157"><ele>1560</ele></trkpt><trkpt lat="40.81186" lon="-4.01564"><ele>1560</ele></trkpt><trkpt lat="40.81182" lon="-4.01557"><ele>1561</ele></trkpt><trkpt lat="40.8117" lon="-4.01541"><ele>1562</ele></trkpt><trkpt lat="40.81164" lon="-4.01536"><ele>1563</ele></trkpt><trkpt lat="40.81159" lon="-4.01533"><ele>1563</ele></trkpt><trkpt lat="40.81152" lon="-4.01531"><ele>1564</ele></trkpt><trkpt lat="40.81144" lon="-4.01529"><ele>1565</ele></trkpt><trkpt lat="40.81117" lon="-4.01531"><ele>1569</ele></trkpt><trkpt lat="40.81101" lon="-4.0153"><ele>1572</ele></trkpt><trkpt lat="40.81085" lon="-4.01526"><ele>1574</ele></trkpt><trkpt lat="40.81068" lon="-4.01522"><ele>1576</ele></trkpt><trkpt lat="40.81045" lon="-4.01517"><ele>1578</ele></trkpt><trkpt lat="40.81035" lon="-4.01515"><ele>1579</ele></trkpt><trkpt lat="40.81021" lon="-4.01515"><ele>1581</ele></trkpt><trkpt lat="40.80969" lon="-4.01519"><ele>1590</ele></trkpt><trkpt lat="40.80959" lon="-4.0152"><ele>1592</ele></trkpt><trkpt lat="40.80951" lon="-4.01519"><ele>1594</ele></trkpt><trkpt lat="40.8094" lon="-4.01519"><ele>1596</ele></trkpt><trkpt lat="40.8093" lon="-4.01517"><ele>1598</ele></trkpt><trkpt lat="40.80914" lon="-4.01512"><ele>1601</ele></trkpt><trkpt lat="40.80902" lon="-4.01508"><ele>1604</ele></trkpt><trkpt lat="40.80896" lon="-4.01505"><ele>1606</ele></trkpt><trkpt lat="40.80892" lon="-4.01503"><ele>1607</ele></trkpt><trkpt lat="40.80888" lon="-4.01499"><ele>1608</ele></trkpt><trkpt lat="40.80886" lon="-4.01495"><ele>1608</ele></trkpt><trkpt lat="40.80882" lon="-4.01488"><ele>1608</ele></trkpt><trkpt lat="40.8088" lon="-4.0148"><ele>1608</ele></trkpt><trkpt lat="40.80876" lon="-4.01462"><ele>1607</ele></trkpt><trkpt lat="40.80869" lon="-4.01437"><ele>1606</ele></trkpt><trkpt lat="40.80861" lon="-4.01411"><ele>1607</ele></trkpt><trkpt lat="40.80856" lon="-4.01393"><ele>1607</ele></trkpt><trkpt lat="40.80852" lon="-4.01384"><ele>1608</ele></trkpt><trkpt lat="40.80847" lon="-4.01376"><ele>1610</ele></trkpt><trkpt lat="40.80839" lon="-4.01365"><ele>1612</ele></trkpt><trkpt lat="40.80823" lon="-4.01343"><ele>1617</ele></trkpt><trkpt lat="40.8081" lon="-4.01315"><ele>1623</ele></trkpt><trkpt lat="40.80807" lon="-4.01302"><ele>1624</ele></trkpt><trkpt lat="40.80805" lon="-4.01291"><ele>1625</ele></trkpt><trkpt lat="40.80805" lon="-4.01283"><ele>1626</ele></trkpt><trkpt lat="40.80806" lon="-4.01273"><ele>1625</ele></trkpt><trkpt lat="40.80809" lon="-4.01263"><ele>1624</ele></trkpt><trkpt lat="40.8082" lon="-4.01238"><ele>1622</ele></trkpt><trkpt lat="40.80838" lon="-4.01203"><ele>1620</ele></trkpt><trkpt lat="40.8085" lon="-4.01175"><ele>1620</ele></trkpt><trkpt lat="40.80856" lon="-4.01162"><ele>1620</ele></trkpt><trkpt lat="40.8086" lon="-4.01149"><ele>1621</ele></trkpt><trkpt lat="40.80863" lon="-4.01134"><ele>1622</ele></trkpt><trkpt lat="40.80865" lon="-4.01115"><ele>1624</ele></trkpt><trkpt lat="40.80871" lon="-4.00993"><ele>1635</ele></trkpt><trkpt lat="40.80874" lon="-4.00955"><ele>1638</ele></trkpt><trkpt lat="40.80877" lon="-4.00931"><ele>1640</ele></trkpt><trkpt lat="40.8088" lon="-4.00918"><ele>1640</ele></trkpt><trkpt lat="40.80883" lon="-4.00905"><ele>1641</ele></trkpt><trkpt lat="40.80891" lon="-4.00887"><ele>1642</ele></trkpt><trkpt lat="40.80946" lon="-4.00785"><ele>1645</ele></trkpt><trkpt lat="40.80952" lon="-4.00773"><ele>1645</ele></trkpt><trkpt lat="40.8096" lon="-4.00755"><ele>1646</ele></trkpt><trkpt lat="40.80975" lon="-4.00717"><ele>1647</ele></trkpt><trkpt lat="40.80983" lon="-4.00691"><ele>1648</ele></trkpt><trkpt lat="40.80985" lon="-4.00679"><ele>1648</ele></trkpt><trkpt lat="40.80986" lon="-4.0067"><ele>1649</ele></trkpt><trkpt lat="40.80986" lon="-4.00659"><ele>1649</ele></trkpt><trkpt lat="40.80985" lon="-4.00649"><ele>1649</ele></trkpt><trkpt lat="40.80983" lon="-4.00636"><ele>1649</ele></trkpt><trkpt lat="40.80981" lon="-4.00627"><ele>1649</ele></trkpt><trkpt lat="40.80977" lon="-4.00616"><ele>1649</ele></trkpt><trkpt lat="40.80971" lon="-4.00604"><ele>1650</ele></trkpt><trkpt lat="40.80967" lon="-4.00598"><ele>1650</ele></trkpt><trkpt lat="40.80962" lon="-4.00593"><ele>1651</ele></trkpt><trkpt lat="40.80954" lon="-4.00586"><ele>1652</ele></trkpt><trkpt lat="40.80949" lon="-4.00584"><ele>1652</ele></trkpt><trkpt lat="40.80944" lon="-4.00582"><ele>1653</ele></trkpt><trkpt lat="40.80941" lon="-4.00581"><ele>1653</ele></trkpt><trkpt lat="40.80933" lon="-4.0058"><ele>1654</ele></trkpt><trkpt lat="40.80901" lon="-4.00578"><ele>1659</ele></trkpt><trkpt lat="40.80887" lon="-4.00577"><ele>1661</ele></trkpt><trkpt lat="40.80869" lon="-4.00576"><ele>1663</ele></trkpt><trkpt lat="40.80853" lon="-4.00574"><ele>1664</ele></trkpt><trkpt lat="40.80836" lon="-4.00569"><ele>1665</ele></trkpt><trkpt lat="40.80816" lon="-4.00567"><ele>1666</ele></trkpt><trkpt lat="40.808" lon="-4.00566"><ele>1667</ele></trkpt><trkpt lat="40.80787" lon="-4.00567"><ele>1668</ele></trkpt><trkpt lat="40.80765" lon="-4.00571"><ele>1671</ele></trkpt><trkpt lat="40.80718" lon="-4.00581"><ele>1676</ele></trkpt><trkpt lat="40.80697" lon="-4.00586"><ele>1678</ele></trkpt><trkpt lat="40.80676" lon="-4.0059"><ele>1679</ele></trkpt><trkpt lat="40.80659" lon="-4.00591"><ele>1681</ele></trkpt><trkpt lat="40.80617" lon="-4.00591"><ele>1685</ele></trkpt><trkpt lat="40.80571" lon="-4.00593"><ele>1689</ele></trkpt><trkpt lat="40.80553" lon="-4.00595"><ele>1691</ele></trkpt><trkpt lat="40.80539" lon="-4.00596"><ele>1693</ele></trkpt><trkpt lat="40.80525" lon="-4.006"><ele>1695</ele></trkpt><trkpt lat="40.80481" lon="-4.00614"><ele>1702</ele></trkpt><trkpt lat="40.80449" lon="-4.00627"><ele>1707</ele></trkpt><trkpt lat="40.80432" lon="-4.00634"><ele>1710</ele></trkpt><trkpt lat="40.80422" lon="-4.00636"><ele>1711</ele></trkpt><trkpt lat="40.80416" lon="-4.00637"><ele>1712</ele></trkpt><trkpt lat="40.80411" lon="-4.00639"><ele>1713</ele></trkpt><trkpt lat="40.80401" lon="-4.00639"><ele>1714</ele></trkpt><trkpt lat="40.80391" lon="-4.0064"><ele>1715</ele></trkpt><trkpt lat="40.80381" lon="-4.00638"><ele>1715</ele></trkpt><trkpt lat="40.80364" lon="-4.00636"><ele>1716</ele></trkpt><trkpt lat="40.80339" lon="-4.00629"><ele>1715</ele></trkpt><trkpt lat="40.80314" lon="-4.00622"><ele>1714</ele></trkpt><trkpt lat="40.80296" lon="-4.00616"><ele>1712</ele></trkpt><trkpt lat="40.80285" lon="-4.00616"><ele>1712</ele></trkpt><trkpt lat="40.80273" lon="-4.00618"><ele>1713</ele></trkpt><trkpt lat="40.80263" lon="-4.00621"><ele>1715</ele></trkpt><trkpt lat="40.80255" lon="-4.00625"><ele>1716</ele></trkpt><trkpt lat="40.80247" lon="-4.00629"><ele>1717</ele></trkpt><trkpt lat="40.8024" lon="-4.00635"><ele>1718</ele></trkpt><trkpt lat="40.80235" lon="-4.00641"><ele>1719</ele></trkpt><trkpt lat="40.80232" lon="-4.00647"><ele>1720</ele></trkpt><trkpt lat="40.80227" lon="-4.00655"><ele>1721</ele></trkpt><trkpt lat="40.80221" lon="-4.00667"><ele>1724</ele></trkpt><trkpt lat="40.80214" lon="-4.00678"><ele>1726</ele></trkpt><trkpt lat="40.80205" lon="-4.0069"><ele>1728</ele></trkpt><trkpt lat="40.80192" lon="-4.00708"><ele>1732</ele></trkpt><trkpt lat="40.80179" lon="-4.00724"><ele>1735</ele></trkpt><trkpt lat="40.80164" lon="-4.00738"><ele>1738</ele></trkpt><trkpt lat="40.80152" lon="-4.00749"><ele>1742</ele></trkpt><trkpt lat="40.80141" lon="-4.00756"><ele>1746</ele></trkpt><trkpt lat="40.80135" lon="-4.00759"><ele>1748</ele></trkpt><trkpt lat="40.80127" lon="-4.0076"><ele>1749</ele></trkpt><trkpt lat="40.8012" lon="-4.00761"><ele>1750</ele></trkpt><trkpt lat="40.80111" lon="-4.00759"><ele>1750</ele></trkpt><trkpt lat="40.80105" lon="-4.00755"><ele>1750</ele></trkpt><trkpt lat="40.80096" lon="-4.0075"><ele>1749</ele></trkpt><trkpt lat="40.80071" lon="-4.00731"><ele>1747</ele></trkpt><trkpt lat="40.80052" lon="-4.00718"><ele>1747</ele></trkpt><trkpt lat="40.80036" lon="-4.00708"><ele>1748</ele></trkpt><trkpt lat="40.80011" lon="-4.00693"><ele>1748</ele></trkpt><trkpt lat="40.79978" lon="-4.00672"><ele>1749</ele></trkpt><trkpt lat="40.79948" lon="-4.00651"><ele>1750</ele></trkpt><trkpt lat="40.79924" lon="-4.00635"><ele>1752</ele></trkpt><trkpt lat="40.79893" lon="-4.00615"><ele>1754</ele></trkpt><trkpt lat="40.79874" lon="-4.00603"><ele>1755</ele></trkpt><trkpt lat="40.7984" lon="-4.00586"><ele>1759</ele></trkpt><trkpt lat="40.79828" lon="-4.00582"><ele>1760</ele></trkpt><trkpt lat="40.79814" lon="-4.00577"><ele>1758</ele></trkpt><trkpt lat="40.79802" lon="-4.00575"><ele>1757</ele></trkpt><trkpt lat="40.7979" lon="-4.00574"><ele>1757</ele></trkpt><trkpt lat="40.7978" lon="-4.00574"><ele>1757</ele></trkpt><trkpt lat="40.7977" lon="-4.00576"><ele>1758</ele></trkpt><trkpt lat="40.79762" lon="-4.00579"><ele>1759</ele></trkpt><trkpt lat="40.79754" lon="-4.00583"><ele>1760</ele></trkpt><trkpt lat="40.79744" lon="-4.0059"><ele>1762</ele></trkpt><trkpt lat="40.79738" lon="-4.00597"><ele>1764</ele></trkpt><trkpt lat="40.79721" lon="-4.00616"><ele>1769</ele></trkpt><trkpt lat="40.79702" lon="-4.00641"><ele>1777</ele></trkpt><trkpt lat="40.79685" lon="-4.00661"><ele>1784</ele></trkpt><trkpt lat="40.79678" lon="-4.00667"><ele>1786</ele></trkpt><trkpt lat="40.79671" lon="-4.0067"><ele>1787</ele></trkpt><trkpt lat="40.79662" lon="-4.00672"><ele>1788</ele></trkpt><trkpt lat="40.79652" lon="-4.00672"><ele>1788</ele></trkpt><trkpt lat="40.79643" lon="-4.0067"><ele>1788</ele></trkpt><trkpt lat="40.79628" lon="-4.00667"><ele>1788</ele></trkpt><trkpt lat="40.79613" lon="-4.00661"><ele>1787</ele></trkpt><trkpt lat="40.79609" lon="-4.0066"><ele>1787</ele></trkpt><trkpt lat="40.79587" lon="-4.00653"><ele>1786</ele></trkpt><trkpt lat="40.79572" lon="-4.00648"><ele>1784</ele></trkpt><trkpt lat="40.79562" lon="-4.00645"><ele>1784</ele></trkpt><trkpt lat="40.79552" lon="-4.00642"><ele>1783</ele></trkpt><trkpt lat="40.79545" lon="-4.00642"><ele>1783</ele></trkpt><trkpt lat="40.79536" lon="-4.00643"><ele>1784</ele></trkpt><trkpt lat="40.79526" lon="-4.00645"><ele>1785</ele></trkpt><trkpt lat="40.79515" lon="-4.00649"><ele>1787</ele></trkpt><trkpt lat="40.79504" lon="-4.00653"><ele>1789</ele></trkpt><trkpt lat="40.79492" lon="-4.00661"><ele>1791</ele></trkpt><trkpt lat="40.7948" lon="-4.0067"><ele>1792</ele></trkpt><trkpt lat="40.79468" lon="-4.00682"><ele>1794</ele></trkpt><trkpt lat="40.79458" lon="-4.00697"><ele>1796</ele></trkpt><trkpt lat="40.79436" lon="-4.00729"><ele>1802</ele></trkpt><trkpt lat="40.79415" lon="-4.00761"><ele>1808</ele></trkpt><trkpt lat="40.79408" lon="-4.00771"><ele>1810</ele></trkpt><trkpt lat="40.79401" lon="-4.00781"><ele>1813</ele></trkpt><trkpt lat="40.79391" lon="-4.00793"><ele>1816</ele></trkpt><trkpt lat="40.79381" lon="-4.00803"><ele>1818</ele></trkpt><trkpt lat="40.79368" lon="-4.0081"><ele>1819</ele></trkpt><trkpt lat="40.79352" lon="-4.00818"><ele>1820</ele></trkpt><trkpt lat="40.79337" lon="-4.00824"><ele>1821</ele></trkpt><trkpt lat="40.79325" lon="-4.00827"><ele>1823</ele></trkpt><trkpt lat="40.79324" lon="-4.00827"><ele>1823</ele></trkpt><trkpt lat="40.79311" lon="-4.00828"><ele>1825</ele></trkpt><trkpt lat="40.79301" lon="-4.00827"><ele>1826</ele></trkpt><trkpt lat="40.79291" lon="-4.00824"><ele>1826</ele></trkpt><trkpt lat="40.79283" lon="-4.00822"><ele>1826</ele></trkpt><trkpt lat="40.79274" lon="-4.00818"><ele>1826</ele></trkpt><trkpt lat="40.79265" lon="-4.00812"><ele>1826</ele></trkpt><trkpt lat="40.79257" lon="-4.00806"><ele>1825</ele></trkpt><trkpt lat="40.79246" lon="-4.00795"><ele>1824</ele></trkpt><trkpt lat="40.79206" lon="-4.00753"><ele>1824</ele></trkpt><trkpt lat="40.79168" lon="-4.00713"><ele>1827</ele></trkpt><trkpt lat="40.79166" lon="-4.00712"><ele>1828</ele></trkpt><trkpt lat="40.79126" lon="-4.00673"><ele>1833</ele></trkpt><trkpt lat="40.79104" lon="-4.00651"><ele>1836</ele></trkpt><trkpt lat="40.79077" lon="-4.00621"><ele>1839</ele></trkpt><trkpt lat="40.79064" lon="-4.00605"><ele>1839</ele></trkpt><trkpt lat="40.79022" lon="-4.00533"><ele>1842</ele></trkpt><trkpt lat="40.78994" lon="-4.00484"><ele>1845</ele></trkpt><trkpt lat="40.7899" lon="-4.00483"><ele>1846</ele></trkpt><trkpt lat="40.78986" lon="-4.0048"><ele>1847</ele></trkpt><trkpt lat="40.78967" lon="-4.00447"><ele>1848</ele></trkpt><trkpt lat="40.78964" lon="-4.00441"><ele>1848</ele></trkpt><trkpt lat="40.78952" lon="-4.00424"><ele>1849</ele></trkpt><trkpt lat="40.78944" lon="-4.00412"><ele>1850</ele></trkpt><trkpt lat="40.78942" lon="-4.00409"><ele>1850</ele></trkpt><trkpt lat="40.78934" lon="-4.00401"><ele>1852</ele></trkpt><trkpt lat="40.78919" lon="-4.00387"><ele>1856</ele></trkpt><trkpt lat="40.78891" lon="-4.00365"><ele>1857</ele></trkpt><trkpt lat="40.7889" lon="-4.00365"><ele>1857</ele></trkpt><trkpt lat="40.78879" lon="-4.00357"><ele>1857</ele></trkpt><trkpt lat="40.78879" lon="-4.00357"><ele>1857</ele></trkpt><trkpt lat="40.78882" lon="-4.00349"><ele>1856</ele></trkpt><trkpt lat="40.78882" lon="-4.00348"><ele>1856</ele></trkpt><trkpt lat="40.78881" lon="-4.00346"><ele>1856</ele></trkpt><trkpt lat="40.78881" lon="-4.00345"><ele>1856</ele></trkpt><trkpt lat="40.78881" lon="-4.00344"><ele>1856</ele></trkpt><trkpt lat="40.78881" lon="-4.00342"><ele>1856</ele></trkpt><trkpt lat="40.78881" lon="-4.00341"><ele>1856</ele></trkpt><trkpt lat="40.78881" lon="-4.0034"><ele>1855</ele></trkpt><trkpt lat="40.78881" lon="-4.00338"><ele>1855</ele></trkpt><trkpt lat="40.78882" lon="-4.00337"><ele>1855</ele></trkpt><trkpt lat="40.78882" lon="-4.00335"><ele>1855</ele></trkpt><trkpt lat="40.78882" lon="-4.00334"><ele>1855</ele></trkpt><trkpt lat="40.78883" lon="-4.00333"><ele>1855</ele></trkpt><trkpt lat="40.78883" lon="-4.00331"><ele>1855</ele></trkpt><trkpt lat="40.78884" lon="-4.0033"><ele>1855</ele></trkpt><trkpt lat="40.78884" lon="-4.00329"><ele>1855</ele></trkpt><trkpt lat="40.78885" lon="-4.00328"><ele>1855</ele></trkpt><trkpt lat="40.78885" lon="-4.00327"><ele>1855</ele></trkpt><trkpt lat="40.78886" lon="-4.00327"><ele>1855</ele></trkpt><trkpt lat="40.78886" lon="-4.00326"><ele>1855</ele></trkpt><trkpt lat="40.78887" lon="-4.00326"><ele>1855</ele></trkpt><trkpt lat="40.78887" lon="-4.00326"><ele>1855</ele></trkpt><trkpt lat="40.78894" lon="-4.00312"><ele>1855</ele></trkpt><trkpt lat="40.78906" lon="-4.00302"><ele>1854</ele></trkpt><trkpt lat="40.78914" lon="-4.00294"><ele>1854</ele></trkpt><trkpt lat="40.7892" lon="-4.00286"><ele>1853</ele></trkpt><trkpt lat="40.78929" lon="-4.00273"><ele>1850</ele></trkpt><trkpt lat="40.78967" lon="-4.0016"><ele>1847</ele></trkpt><trkpt lat="40.78969" lon="-4.00154"><ele>1847</ele></trkpt><trkpt lat="40.78987" lon="-4.00104"><ele>1847</ele></trkpt><trkpt lat="40.79011" lon="-4.00033"><ele>1842</ele></trkpt><trkpt lat="40.79017" lon="-4.00017"><ele>1840</ele></trkpt><trkpt lat="40.79048" lon="-3.99925"><ele>1850</ele></trkpt><trkpt lat="40.79059" lon="-3.99889"><ele>1850</ele></trkpt><trkpt lat="40.79062" lon="-3.9988"><ele>1850</ele></trkpt><trkpt lat="40.79065" lon="-3.9987"><ele>1850</ele></trkpt><trkpt lat="40.79068" lon="-3.9985"><ele>1851</ele></trkpt><trkpt lat="40.79069" lon="-3.99839"><ele>1851</ele></trkpt><trkpt lat="40.79072" lon="-3.9982"><ele>1852</ele></trkpt><trkpt lat="40.79076" lon="-3.99789"><ele>1853</ele></trkpt><trkpt lat="40.79079" lon="-3.99775"><ele>1852</ele></trkpt><trkpt lat="40.79081" lon="-3.99769"><ele>1852</ele></trkpt><trkpt lat="40.79083" lon="-3.99762"><ele>1852</ele></trkpt><trkpt lat="40.79088" lon="-3.99748"><ele>1852</ele></trkpt><trkpt lat="40.79094" lon="-3.99736"><ele>1854</ele></trkpt><trkpt lat="40.791" lon="-3.99724"><ele>1855</ele></trkpt><trkpt lat="40.79108" lon="-3.99713"><ele>1857</ele></trkpt><trkpt lat="40.79116" lon="-3.99704"><ele>1858</ele></trkpt><trkpt lat="40.79125" lon="-3.99698"><ele>1858</ele></trkpt><trkpt lat="40.79134" lon="-3.99694"><ele>1858</ele></trkpt><trkpt lat="40.79142" lon="-3.99693"><ele>1857</ele></trkpt><trkpt lat="40.7915" lon="-3.99692"><ele>1856</ele></trkpt><trkpt lat="40.79162" lon="-3.99693"><ele>1855</ele></trkpt><trkpt lat="40.79174" lon="-3.99694"><ele>1853</ele></trkpt><trkpt lat="40.79181" lon="-3.99696"><ele>1852</ele></trkpt><trkpt lat="40.79192" lon="-3.997"><ele>1850</ele></trkpt><trkpt lat="40.79199" lon="-3.99703"><ele>1849</ele></trkpt><trkpt lat="40.79213" lon="-3.99707"><ele>1847</ele></trkpt><trkpt lat="40.79218" lon="-3.99708"><ele>1846</ele></trkpt><trkpt lat="40.79224" lon="-3.9971"><ele>1845</ele></trkpt><trkpt lat="40.79229" lon="-3.9971"><ele>1845</ele></trkpt><trkpt lat="40.79238" lon="-3.99711"><ele>1844</ele></trkpt><trkpt lat="40.79251" lon="-3.9971"><ele>1843</ele></trkpt><trkpt lat="40.79264" lon="-3.99707"><ele>1842</ele></trkpt><trkpt lat="40.79277" lon="-3.99704"><ele>1841</ele></trkpt><trkpt lat="40.79289" lon="-3.99698"><ele>1840</ele></trkpt><trkpt lat="40.79299" lon="-3.99693"><ele>1840</ele></trkpt><trkpt lat="40.79308" lon="-3.99686"><ele>1840</ele></trkpt><trkpt lat="40.7932" lon="-3.99677"><ele>1840</ele></trkpt><trkpt lat="40.79335" lon="-3.99664"><ele>1841</ele></trkpt><trkpt lat="40.79345" lon="-3.99655"><ele>1840</ele></trkpt><trkpt lat="40.79352" lon="-3.99646"><ele>1840</ele></trkpt><trkpt lat="40.79363" lon="-3.99633"><ele>1839</ele></trkpt><trkpt lat="40.79373" lon="-3.99618"><ele>1839</ele></trkpt><trkpt lat="40.79381" lon="-3.99604"><ele>1840</ele></trkpt><trkpt lat="40.79391" lon="-3.99587"><ele>1841</ele></trkpt><trkpt lat="40.79404" lon="-3.99563"><ele>1841</ele></trkpt><trkpt lat="40.7942" lon="-3.99532"><ele>1841</ele></trkpt><trkpt lat="40.79433" lon="-3.99505"><ele>1840</ele></trkpt><trkpt lat="40.79442" lon="-3.99483"><ele>1839</ele></trkpt><trkpt lat="40.79446" lon="-3.99466"><ele>1838</ele></trkpt><trkpt lat="40.79449" lon="-3.99449"><ele>1838</ele></trkpt><trkpt lat="40.7945" lon="-3.9944"><ele>1838</ele></trkpt><trkpt lat="40.7945" lon="-3.99431"><ele>1838</ele></trkpt><trkpt lat="40.79449" lon="-3.9942"><ele>1839</ele></trkpt><trkpt lat="40.79447" lon="-3.99408"><ele>1838</ele></trkpt><trkpt lat="40.79443" lon="-3.99394"><ele>1837</ele></trkpt><trkpt lat="40.79439" lon="-3.99382"><ele>1836</ele></trkpt><trkpt lat="40.79429" lon="-3.99359"><ele>1835</ele></trkpt><trkpt lat="40.79417" lon="-3.99334"><ele>1835</ele></trkpt><trkpt lat="40.79395" lon="-3.99295"><ele>1834</ele></trkpt><trkpt lat="40.79376" lon="-3.99265"><ele>1833</ele></trkpt><trkpt lat="40.79368" lon="-3.99253"><ele>1833</ele></trkpt><trkpt lat="40.79358" lon="-3.99245"><ele>1834</ele></trkpt><trkpt lat="40.79352" lon="-3.9924"><ele>1834</ele></trkpt><trkpt lat="40.79342" lon="-3.99234"><ele>1836</ele></trkpt><trkpt lat="40.79334" lon="-3.9923"><ele>1837</ele></trkpt><trkpt lat="40.79322" lon="-3.99227"><ele>1840</ele></trkpt><trkpt lat="40.79314" lon="-3.99225"><ele>1842</ele></trkpt><trkpt lat="40.79309" lon="-3.99223"><ele>1843</ele></trkpt><trkpt lat="40.79306" lon="-3.99222"><ele>1844</ele></trkpt><trkpt lat="40.79304" lon="-3.99221"><ele>1844</ele></trkpt><trkpt lat="40.793" lon="-3.99217"><ele>1844</ele></trkpt><trkpt lat="40.79296" lon="-3.99212"><ele>1845</ele></trkpt><trkpt lat="40.79292" lon="-3.99206"><ele>1845</ele></trkpt><trkpt lat="40.79289" lon="-3.992"><ele>1844</ele></trkpt><trkpt lat="40.79287" lon="-3.99194"><ele>1844</ele></trkpt><trkpt lat="40.79283" lon="-3.99181"><ele>1842</ele></trkpt><trkpt lat="40.79278" lon="-3.99149"><ele>1839</ele></trkpt><trkpt lat="40.79275" lon="-3.99135"><ele>1838</ele></trkpt><trkpt lat="40.7927" lon="-3.99119"><ele>1837</ele></trkpt><trkpt lat="40.79263" lon="-3.991"><ele>1836</ele></trkpt><trkpt lat="40.79254" lon="-3.99076"><ele>1837</ele></trkpt><trkpt lat="40.79242" lon="-3.99051"><ele>1839</ele></trkpt><trkpt lat="40.79234" lon="-3.99033"><ele>1840</ele></trkpt><trkpt lat="40.79225" lon="-3.99014"><ele>1842</ele></trkpt><trkpt lat="40.79222" lon="-3.99005"><ele>1842</ele></trkpt><trkpt lat="40.79221" lon="-3.98997"><ele>1843</ele></trkpt><trkpt lat="40.79221" lon="-3.9899"><ele>1844</ele></trkpt><trkpt lat="40.79224" lon="-3.98982"><ele>1844</ele></trkpt><trkpt lat="40.79229" lon="-3.98973"><ele>1843</ele></trkpt><trkpt lat="40.79236" lon="-3.98965"><ele>1842</ele></trkpt><trkpt lat="40.7926" lon="-3.98939"><ele>1838</ele></trkpt><trkpt lat="40.79267" lon="-3.98931"><ele>1837</ele></trkpt><trkpt lat="40.79279" lon="-3.98917"><ele>1835</ele></trkpt><trkpt lat="40.79287" lon="-3.98905"><ele>1835</ele></trkpt><trkpt lat="40.79295" lon="-3.98891"><ele>1835</ele></trkpt><trkpt lat="40.79299" lon="-3.9888"><ele>1836</ele></trkpt><trkpt lat="40.79301" lon="-3.98873"><ele>1836</ele></trkpt><trkpt lat="40.79306" lon="-3.98857"><ele>1837</ele></trkpt><trkpt lat="40.79317" lon="-3.98815"><ele>1841</ele></trkpt><trkpt lat="40.79327" lon="-3.98776"><ele>1844</ele></trkpt><trkpt lat="40.79338" lon="-3.98741"><ele>1847</ele></trkpt><trkpt lat="40.7934" lon="-3.98735"><ele>1848</ele></trkpt><trkpt lat="40.79343" lon="-3.9873"><ele>1848</ele></trkpt><trkpt lat="40.79347" lon="-3.98724"><ele>1849</ele></trkpt><trkpt lat="40.79351" lon="-3.98719"><ele>1850</ele></trkpt><trkpt lat="40.79356" lon="-3.98716"><ele>1850</ele></trkpt><trkpt lat="40.79361" lon="-3.98714"><ele>1850</ele></trkpt><trkpt lat="40.7937" lon="-3.98712"><ele>1850</ele></trkpt><trkpt lat="40.79383" lon="-3.98713"><ele>1849</ele></trkpt><trkpt lat="40.79397" lon="-3.98719"><ele>1847</ele></trkpt><trkpt lat="40.79409" lon="-3.98728"><ele>1844</ele></trkpt><trkpt lat="40.79419" lon="-3.98736"><ele>1841</ele></trkpt><trkpt lat="40.79441" lon="-3.98757"><ele>1837</ele></trkpt><trkpt lat="40.79456" lon="-3.98766"><ele>1836</ele></trkpt><trkpt lat="40.79478" lon="-3.98772"><ele>1835</ele></trkpt><trkpt lat="40.79492" lon="-3.98773"><ele>1836</ele></trkpt><trkpt lat="40.795" lon="-3.98774"><ele>1836</ele></trkpt><trkpt lat="40.79513" lon="-3.98773"><ele>1834</ele></trkpt><trkpt lat="40.79522" lon="-3.9877"><ele>1833</ele></trkpt><trkpt lat="40.79534" lon="-3.98765"><ele>1833</ele></trkpt><trkpt lat="40.79545" lon="-3.98759"><ele>1832</ele></trkpt><trkpt lat="40.79555" lon="-3.98752"><ele>1832</ele></trkpt><trkpt lat="40.7956" lon="-3.98747"><ele>1832</ele></trkpt><trkpt lat="40.79564" lon="-3.9874"><ele>1832</ele></trkpt><trkpt lat="40.79572" lon="-3.98725"><ele>1833</ele></trkpt><trkpt lat="40.79578" lon="-3.98708"><ele>1834</ele></trkpt><trkpt lat="40.79598" lon="-3.9863"><ele>1841</ele></trkpt><trkpt lat="40.79604" lon="-3.98605"><ele>1844</ele></trkpt><trkpt lat="40.79613" lon="-3.98585"><ele>1846</ele></trkpt><trkpt lat="40.79625" lon="-3.98563"><ele>1848</ele></trkpt><trkpt lat="40.79636" lon="-3.9855"><ele>1849</ele></trkpt><trkpt lat="40.79642" lon="-3.98545"><ele>1849</ele></trkpt><trkpt lat="40.7965" lon="-3.98541"><ele>1849</ele></trkpt><trkpt lat="40.79679" lon="-3.98531"><ele>1848</ele></trkpt><trkpt lat="40.7971" lon="-3.98525"><ele>1849</ele></trkpt><trkpt lat="40.7974" lon="-3.98523"><ele>1848</ele></trkpt><trkpt lat="40.79757" lon="-3.98523"><ele>1849</ele></trkpt><trkpt lat="40.79769" lon="-3.98524"><ele>1850</ele></trkpt><trkpt lat="40.79775" lon="-3.98528"><ele>1849</ele></trkpt><trkpt lat="40.79783" lon="-3.98533"><ele>1849</ele></trkpt><trkpt lat="40.7979" lon="-3.9854"><ele>1847</ele></trkpt><trkpt lat="40.79809" lon="-3.98565"><ele>1842</ele></trkpt><trkpt lat="40.79822" lon="-3.98577"><ele>1839</ele></trkpt><trkpt lat="40.79835" lon="-3.98585"><ele>1838</ele></trkpt><trkpt lat="40.79844" lon="-3.98587"><ele>1838</ele></trkpt><trkpt lat="40.79859" lon="-3.98587"><ele>1838</ele></trkpt><trkpt lat="40.79868" lon="-3.98587"><ele>1838</ele></trkpt><trkpt lat="40.79906" lon="-3.98576"><ele>1842</ele></trkpt><trkpt lat="40.79976" lon="-3.98555"><ele>1844</ele></trkpt><trkpt lat="40.79999" lon="-3.9855"><ele>1844</ele></trkpt><trkpt lat="40.80015" lon="-3.98548"><ele>1843</ele></trkpt><trkpt lat="40.80068" lon="-3.98555"><ele>1836</ele></trkpt><trkpt lat="40.80074" lon="-3.98555"><ele>1836</ele></trkpt><trkpt lat="40.80081" lon="-3.98554"><ele>1836</ele></trkpt><trkpt lat="40.80101" lon="-3.98547"><ele>1834</ele></trkpt><trkpt lat="40.80113" lon="-3.98539"><ele>1833</ele></trkpt><trkpt lat="40.80126" lon="-3.98525"><ele>1833</ele></trkpt><trkpt lat="40.80131" lon="-3.98519"><ele>1833</ele></trkpt><trkpt lat="40.80135" lon="-3.98512"><ele>1833</ele></trkpt><trkpt lat="40.80171" lon="-3.98413"><ele>1842</ele></trkpt><trkpt lat="40.80189" lon="-3.98379"><ele>1842</ele></trkpt><trkpt lat="40.80219" lon="-3.98338"><ele>1839</ele></trkpt><trkpt lat="40.80253" lon="-3.98307"><ele>1835</ele></trkpt><trkpt lat="40.80297" lon="-3.98258"><ele>1836</ele></trkpt><trkpt lat="40.80309" lon="-3.98244"><ele>1836</ele></trkpt><trkpt lat="40.8033" lon="-3.9821"><ele>1836</ele></trkpt><trkpt lat="40.80341" lon="-3.98186"><ele>1836</ele></trkpt><trkpt lat="40.80358" lon="-3.9814"><ele>1840</ele></trkpt><trkpt lat="40.80369" lon="-3.98108"><ele>1844</ele></trkpt><trkpt lat="40.80378" lon="-3.98091"><ele>1845</ele></trkpt><trkpt lat="40.80395" lon="-3.98068"><ele>1846</ele></trkpt><trkpt lat="40.80403" lon="-3.9806"><ele>1845</ele></trkpt><trkpt lat="40.80418" lon="-3.98042"><ele>1846</ele></trkpt><trkpt lat="40.80436" lon="-3.98031"><ele>1848</ele></trkpt><trkpt lat="40.80451" lon="-3.98027"><ele>1847</ele></trkpt><trkpt lat="40.80461" lon="-3.98025"><ele>1846</ele></trkpt><trkpt lat="40.80485" lon="-3.98028"><ele>1842</ele></trkpt><trkpt lat="40.80528" lon="-3.98033"><ele>1837</ele></trkpt><trkpt lat="40.80544" lon="-3.98036"><ele>1836</ele></trkpt><trkpt lat="40.80567" lon="-3.98038"><ele>1834</ele></trkpt><trkpt lat="40.80588" lon="-3.98039"><ele>1833</ele></trkpt><trkpt lat="40.80593" lon="-3.98038"><ele>1834</ele></trkpt><trkpt lat="40.80599" lon="-3.98037"><ele>1834</ele></trkpt><trkpt lat="40.80611" lon="-3.98031"><ele>1835</ele></trkpt><trkpt lat="40.80647" lon="-3.98007"><ele>1843</ele></trkpt><trkpt lat="40.80654" lon="-3.98003"><ele>1844</ele></trkpt><trkpt lat="40.80661" lon="-3.98001"><ele>1844</ele></trkpt><trkpt lat="40.80669" lon="-3.98002"><ele>1844</ele></trkpt><trkpt lat="40.80674" lon="-3.98002"><ele>1845</ele></trkpt><trkpt lat="40.80686" lon="-3.98007"><ele>1846</ele></trkpt><trkpt lat="40.80698" lon="-3.98014"><ele>1845</ele></trkpt><trkpt lat="40.80715" lon="-3.98027"><ele>1844</ele></trkpt><trkpt lat="40.80731" lon="-3.98043"><ele>1841</ele></trkpt><trkpt lat="40.80774" lon="-3.98085"><ele>1835</ele></trkpt><trkpt lat="40.80795" lon="-3.98101"><ele>1834</ele></trkpt><trkpt lat="40.80849" lon="-3.98132"><ele>1833</ele></trkpt><trkpt lat="40.80883" lon="-3.98146"><ele>1833</ele></trkpt><trkpt lat="40.80908" lon="-3.98156"><ele>1832</ele></trkpt><trkpt lat="40.80936" lon="-3.98165"><ele>1830</ele></trkpt><trkpt lat="40.80955" lon="-3.9817"><ele>1828</ele></trkpt><trkpt lat="40.80973" lon="-3.98172"><ele>1827</ele></trkpt><trkpt lat="40.80989" lon="-3.98174"><ele>1826</ele></trkpt><trkpt lat="40.81001" lon="-3.98173"><ele>1826</ele></trkpt><trkpt lat="40.81011" lon="-3.9817"><ele>1825</ele></trkpt><trkpt lat="40.81021" lon="-3.98165"><ele>1824</ele></trkpt><trkpt lat="40.81031" lon="-3.98158"><ele>1824</ele></trkpt><trkpt lat="40.81041" lon="-3.98149"><ele>1824</ele></trkpt><trkpt lat="40.8105" lon="-3.98138"><ele>1825</ele></trkpt><trkpt lat="40.81059" lon="-3.98122"><ele>1826</ele></trkpt><trkpt lat="40.81072" lon="-3.98096"><ele>1828</ele></trkpt><trkpt lat="40.81082" lon="-3.98075"><ele>1828</ele></trkpt><trkpt lat="40.81093" lon="-3.98047"><ele>1828</ele></trkpt><trkpt lat="40.81101" lon="-3.98024"><ele>1828</ele></trkpt><trkpt lat="40.81107" lon="-3.98"><ele>1828</ele></trkpt><trkpt lat="40.81112" lon="-3.97978"><ele>1829</ele></trkpt><trkpt lat="40.81116" lon="-3.97955"><ele>1830</ele></trkpt><trkpt lat="40.81118" lon="-3.97924"><ele>1833</ele></trkpt><trkpt lat="40.81121" lon="-3.97889"><ele>1835</ele></trkpt><trkpt lat="40.81126" lon="-3.97843"><ele>1836</ele></trkpt><trkpt lat="40.81128" lon="-3.97819"><ele>1838</ele></trkpt><trkpt lat="40.8113" lon="-3.97803"><ele>1840</ele></trkpt><trkpt lat="40.81131" lon="-3.97797"><ele>1841</ele></trkpt><trkpt lat="40.81132" lon="-3.9779"><ele>1842</ele></trkpt><trkpt lat="40.81135" lon="-3.97784"><ele>1842</ele></trkpt><trkpt lat="40.81139" lon="-3.97778"><ele>1841</ele></trkpt><trkpt lat="40.81144" lon="-3.97773"><ele>1840</ele></trkpt><trkpt lat="40.81149" lon="-3.97768"><ele>1840</ele></trkpt><trkpt lat="40.81158" lon="-3.97763"><ele>1838</ele></trkpt><trkpt lat="40.81211" lon="-3.97746"><ele>1833</ele></trkpt><trkpt lat="40.81239" lon="-3.9774"><ele>1831</ele></trkpt><trkpt lat="40.81257" lon="-3.97739"><ele>1829</ele></trkpt><trkpt lat="40.81275" lon="-3.97737"><ele>1828</ele></trkpt><trkpt lat="40.81295" lon="-3.97737"><ele>1825</ele></trkpt><trkpt lat="40.81317" lon="-3.97733"><ele>1824</ele></trkpt><trkpt lat="40.81332" lon="-3.97728"><ele>1824</ele></trkpt><trkpt lat="40.81339" lon="-3.97724"><ele>1824</ele></trkpt><trkpt lat="40.81344" lon="-3.9772"><ele>1824</ele></trkpt><trkpt lat="40.81349" lon="-3.97713"><ele>1825</ele></trkpt><trkpt lat="40.81362" lon="-3.97693"><ele>1827</ele></trkpt><trkpt lat="40.81385" lon="-3.9766"><ele>1829</ele></trkpt><trkpt lat="40.81416" lon="-3.97622"><ele>1828</ele></trkpt><trkpt lat="40.81435" lon="-3.97596"><ele>1826</ele></trkpt><trkpt lat="40.81443" lon="-3.97584"><ele>1825</ele></trkpt><trkpt lat="40.8145" lon="-3.9757"><ele>1823</ele></trkpt><trkpt lat="40.81453" lon="-3.97559"><ele>1822</ele></trkpt><trkpt lat="40.81455" lon="-3.97548"><ele>1822</ele></trkpt><trkpt lat="40.81456" lon="-3.97539"><ele>1822</ele></trkpt><trkpt lat="40.81457" lon="-3.97527"><ele>1822</ele></trkpt><trkpt lat="40.81457" lon="-3.97517"><ele>1823</ele></trkpt><trkpt lat="40.81457" lon="-3.97509"><ele>1823</ele></trkpt><trkpt lat="40.81457" lon="-3.975"><ele>1823</ele></trkpt><trkpt lat="40.81456" lon="-3.97491"><ele>1822</ele></trkpt><trkpt lat="40.81454" lon="-3.97483"><ele>1822</ele></trkpt><trkpt lat="40.81451" lon="-3.97475"><ele>1822</ele></trkpt><trkpt lat="40.81447" lon="-3.97467"><ele>1822</ele></trkpt><trkpt lat="40.81442" lon="-3.97459"><ele>1822</ele></trkpt><trkpt lat="40.81436" lon="-3.97452"><ele>1823</ele></trkpt><trkpt lat="40.81427" lon="-3.97444"><ele>1825</ele></trkpt><trkpt lat="40.81408" lon="-3.9743"><ele>1828</ele></trkpt><trkpt lat="40.81391" lon="-3.97418"><ele>1832</ele></trkpt><trkpt lat="40.81377" lon="-3.97409"><ele>1836</ele></trkpt><trkpt lat="40.8137" lon="-3.97403"><ele>1837</ele></trkpt><trkpt lat="40.81365" lon="-3.97399"><ele>1838</ele></trkpt><trkpt lat="40.81361" lon="-3.97392"><ele>1839</ele></trkpt><trkpt lat="40.81356" lon="-3.97385"><ele>1840</ele></trkpt><trkpt lat="40.81353" lon="-3.97376"><ele>1839</ele></trkpt><trkpt lat="40.8135" lon="-3.97366"><ele>1839</ele></trkpt><trkpt lat="40.81348" lon="-3.97353"><ele>1838</ele></trkpt><trkpt lat="40.81343" lon="-3.97269"><ele>1834</ele></trkpt><trkpt lat="40.81343" lon="-3.97248"><ele>1834</ele></trkpt><trkpt lat="40.81348" lon="-3.97195"><ele>1833</ele></trkpt><trkpt lat="40.81354" lon="-3.97144"><ele>1833</ele></trkpt><trkpt lat="40.81363" lon="-3.97096"><ele>1833</ele></trkpt><trkpt lat="40.81375" lon="-3.97059"><ele>1834</ele></trkpt><trkpt lat="40.81383" lon="-3.97027"><ele>1836</ele></trkpt><trkpt lat="40.81386" lon="-3.97017"><ele>1836</ele></trkpt><trkpt lat="40.8139" lon="-3.97009"><ele>1836</ele></trkpt><trkpt lat="40.81394" lon="-3.97004"><ele>1836</ele></trkpt><trkpt lat="40.81399" lon="-3.96999"><ele>1835</ele></trkpt><trkpt lat="40.81414" lon="-3.9699"><ele>1832</ele></trkpt><trkpt lat="40.81433" lon="-3.96974"><ele>1831</ele></trkpt><trkpt lat="40.8145" lon="-3.96959"><ele>1831</ele></trkpt><trkpt lat="40.81465" lon="-3.96943"><ele>1831</ele></trkpt><trkpt lat="40.81482" lon="-3.96921"><ele>1832</ele></trkpt><trkpt lat="40.81507" lon="-3.96887"><ele>1833</ele></trkpt><trkpt lat="40.81535" lon="-3.96851"><ele>1834</ele></trkpt><trkpt lat="40.81571" lon="-3.96801"><ele>1838</ele></trkpt><trkpt lat="40.81587" lon="-3.96779"><ele>1840</ele></trkpt><trkpt lat="40.81593" lon="-3.96772"><ele>1842</ele></trkpt><trkpt lat="40.81597" lon="-3.96766"><ele>1843</ele></trkpt><trkpt lat="40.81601" lon="-3.96764"><ele>1844</ele></trkpt><trkpt lat="40.81607" lon="-3.96761"><ele>1844</ele></trkpt><trkpt lat="40.81612" lon="-3.9676"><ele>1844</ele></trkpt><trkpt lat="40.81619" lon="-3.9676"><ele>1844</ele></trkpt><trkpt lat="40.81627" lon="-3.9676"><ele>1844</ele></trkpt><trkpt lat="40.81637" lon="-3.96763"><ele>1843</ele></trkpt><trkpt lat="40.81669" lon="-3.96772"><ele>1839</ele></trkpt><trkpt lat="40.81687" lon="-3.96779"><ele>1838</ele></trkpt><trkpt lat="40.81701" lon="-3.96785"><ele>1837</ele></trkpt><trkpt lat="40.81722" lon="-3.96797"><ele>1834</ele></trkpt><trkpt lat="40.81733" lon="-3.96802"><ele>1834</ele></trkpt><trkpt lat="40.81741" lon="-3.96805"><ele>1833</ele></trkpt><trkpt lat="40.81747" lon="-3.96807"><ele>1833</ele></trkpt><trkpt lat="40.81754" lon="-3.96808"><ele>1833</ele></trkpt><trkpt lat="40.81763" lon="-3.96809"><ele>1832</ele></trkpt><trkpt lat="40.81777" lon="-3.96809"><ele>1832</ele></trkpt><trkpt lat="40.81789" lon="-3.96808"><ele>1832</ele></trkpt><trkpt lat="40.81801" lon="-3.96805"><ele>1832</ele></trkpt><trkpt lat="40.81808" lon="-3.96801"><ele>1833</ele></trkpt><trkpt lat="40.81821" lon="-3.96795"><ele>1834</ele></trkpt><trkpt lat="40.81835" lon="-3.96785"><ele>1835</ele></trkpt><trkpt lat="40.81847" lon="-3.96775"><ele>1835</ele></trkpt><trkpt lat="40.81861" lon="-3.96759"><ele>1835</ele></trkpt><trkpt lat="40.81873" lon="-3.96748"><ele>1836</ele></trkpt><trkpt lat="40.81902" lon="-3.96721"><ele>1837</ele></trkpt><trkpt lat="40.81904" lon="-3.9672"><ele>1837</ele></trkpt><trkpt lat="40.81923" lon="-3.96705"><ele>1838</ele></trkpt><trkpt lat="40.81935" lon="-3.96696"><ele>1839</ele></trkpt><trkpt lat="40.81952" lon="-3.96687"><ele>1838</ele></trkpt><trkpt lat="40.81978" lon="-3.96676"><ele>1837</ele></trkpt><trkpt lat="40.82003" lon="-3.96667"><ele>1835</ele></trkpt><trkpt lat="40.82033" lon="-3.96654"><ele>1833</ele></trkpt><trkpt lat="40.82044" lon="-3.96647"><ele>1833</ele></trkpt><trkpt lat="40.82053" lon="-3.9664"><ele>1832</ele></trkpt><trkpt lat="40.82061" lon="-3.96633"><ele>1832</ele></trkpt><trkpt lat="40.82073" lon="-3.96623"><ele>1832</ele></trkpt><trkpt lat="40.82086" lon="-3.96608"><ele>1832</ele></trkpt><trkpt lat="40.82103" lon="-3.96587"><ele>1832</ele></trkpt><trkpt lat="40.82125" lon="-3.96557"><ele>1833</ele></trkpt><trkpt lat="40.82151" lon="-3.96516"><ele>1834</ele></trkpt><trkpt lat="40.82191" lon="-3.96454"><ele>1835</ele></trkpt><trkpt lat="40.82223" lon="-3.9641"><ele>1834</ele></trkpt><trkpt lat="40.82242" lon="-3.96384"><ele>1832</ele></trkpt><trkpt lat="40.82248" lon="-3.96379"><ele>1831</ele></trkpt><trkpt lat="40.82263" lon="-3.9636"><ele>1833</ele></trkpt><trkpt lat="40.8228" lon="-3.9634"><ele>1834</ele></trkpt><trkpt lat="40.82296" lon="-3.96318"><ele>1835</ele></trkpt><trkpt lat="40.82309" lon="-3.96295"><ele>1835</ele></trkpt><trkpt lat="40.82315" lon="-3.96282"><ele>1836</ele></trkpt><trkpt lat="40.82321" lon="-3.96269"><ele>1836</ele></trkpt><trkpt lat="40.82325" lon="-3.96253"><ele>1836</ele></trkpt><trkpt lat="40.82328" lon="-3.96242"><ele>1836</ele></trkpt><trkpt lat="40.82328" lon="-3.96238"><ele>1836</ele></trkpt><trkpt lat="40.82329" lon="-3.96231"><ele>1835</ele></trkpt><trkpt lat="40.82331" lon="-3.96222"><ele>1835</ele></trkpt><trkpt lat="40.82331" lon="-3.96217"><ele>1835</ele></trkpt><trkpt lat="40.82331" lon="-3.96217"><ele>1835</ele></trkpt><trkpt lat="40.82332" lon="-3.96202"><ele>1834</ele></trkpt><trkpt lat="40.82334" lon="-3.96183"><ele>1833</ele></trkpt><trkpt lat="40.82333" lon="-3.96181"><ele>1833</ele></trkpt><trkpt lat="40.82334" lon="-3.96148"><ele>1831</ele></trkpt><trkpt lat="40.82335" lon="-3.96093"><ele>1828</ele></trkpt><trkpt lat="40.82335" lon="-3.96042"><ele>1826</ele></trkpt><trkpt lat="40.82335" lon="-3.96036"><ele>1826</ele></trkpt><trkpt lat="40.82335" lon="-3.95997"><ele>1824</ele></trkpt><trkpt lat="40.82336" lon="-3.9596"><ele>1823</ele></trkpt><trkpt lat="40.82336" lon="-3.95938"><ele>1823</ele></trkpt><trkpt lat="40.82334" lon="-3.95919"><ele>1821</ele></trkpt><trkpt lat="40.82333" lon="-3.95906"><ele>1821</ele></trkpt><trkpt lat="40.82333" lon="-3.95905"><ele>1821</ele></trkpt><trkpt lat="40.8233" lon="-3.95884"><ele>1819</ele></trkpt><trkpt lat="40.82325" lon="-3.9586"><ele>1817</ele></trkpt><trkpt lat="40.82319" lon="-3.95835"><ele>1814</ele></trkpt><trkpt lat="40.82312" lon="-3.95805"><ele>1812</ele></trkpt><trkpt lat="40.82308" lon="-3.95788"><ele>1811</ele></trkpt><trkpt lat="40.82304" lon="-3.95769"><ele>1809</ele></trkpt><trkpt lat="40.823" lon="-3.95745"><ele>1808</ele></trkpt><trkpt lat="40.82296" lon="-3.95707"><ele>1806</ele></trkpt><trkpt lat="40.82294" lon="-3.95691"><ele>1805</ele></trkpt><trkpt lat="40.82292" lon="-3.95669"><ele>1804</ele></trkpt><trkpt lat="40.82292" lon="-3.95644"><ele>1802</ele></trkpt><trkpt lat="40.82293" lon="-3.95624"><ele>1801</ele></trkpt><trkpt lat="40.82298" lon="-3.95597"><ele>1800</ele></trkpt><trkpt lat="40.82306" lon="-3.95561"><ele>1798</ele></trkpt><trkpt lat="40.82318" lon="-3.95521"><ele>1796</ele></trkpt><trkpt lat="40.82334" lon="-3.9547"><ele>1794</ele></trkpt><trkpt lat="40.82345" lon="-3.9544"><ele>1792</ele></trkpt><trkpt lat="40.82354" lon="-3.95413"><ele>1791</ele></trkpt><trkpt lat="40.8236" lon="-3.95399"><ele>1791</ele></trkpt><trkpt lat="40.82365" lon="-3.95385"><ele>1791</ele></trkpt><trkpt lat="40.82367" lon="-3.95375"><ele>1791</ele></trkpt><trkpt lat="40.82369" lon="-3.95369"><ele>1791</ele></trkpt><trkpt lat="40.8237" lon="-3.95362"><ele>1790</ele></trkpt><trkpt lat="40.8237" lon="-3.95356"><ele>1790</ele></trkpt><trkpt lat="40.82368" lon="-3.95347"><ele>1788</ele></trkpt><trkpt lat="40.82365" lon="-3.95338"><ele>1787</ele></trkpt><trkpt lat="40.82344" lon="-3.95282"><ele>1781</ele></trkpt><trkpt lat="40.8234" lon="-3.95271"><ele>1780</ele></trkpt><trkpt lat="40.82336" lon="-3.95261"><ele>1779</ele></trkpt><trkpt lat="40.82333" lon="-3.95254"><ele>1779</ele></trkpt><trkpt lat="40.82328" lon="-3.95248"><ele>1778</ele></trkpt><trkpt lat="40.82323" lon="-3.95243"><ele>1778</ele></trkpt><trkpt lat="40.82317" lon="-3.95238"><ele>1777</ele></trkpt><trkpt lat="40.82312" lon="-3.95236"><ele>1777</ele></trkpt><trkpt lat="40.82306" lon="-3.95234"><ele>1776</ele></trkpt><trkpt lat="40.823" lon="-3.95234"><ele>1776</ele></trkpt><trkpt lat="40.82299" lon="-3.95234"><ele>1776</ele></trkpt><trkpt lat="40.82291" lon="-3.95234"><ele>1775</ele></trkpt><trkpt lat="40.82282" lon="-3.95237"><ele>1774</ele></trkpt><trkpt lat="40.82235" lon="-3.95259"><ele>1768</ele></trkpt><trkpt lat="40.82225" lon="-3.95263"><ele>1767</ele></trkpt><trkpt lat="40.82218" lon="-3.95265"><ele>1766</ele></trkpt><trkpt lat="40.8221" lon="-3.95266"><ele>1765</ele></trkpt><trkpt lat="40.82202" lon="-3.95267"><ele>1764</ele></trkpt><trkpt lat="40.82194" lon="-3.95266"><ele>1763</ele></trkpt><trkpt lat="40.82186" lon="-3.95264"><ele>1762</ele></trkpt><trkpt lat="40.82181" lon="-3.95262"><ele>1762</ele></trkpt><trkpt lat="40.82175" lon="-3.95259"><ele>1761</ele></trkpt><trkpt lat="40.82169" lon="-3.95255"><ele>1761</ele></trkpt><trkpt lat="40.82164" lon="-3.95248"><ele>1761</ele></trkpt><trkpt lat="40.8216" lon="-3.9524"><ele>1760</ele></trkpt><trkpt lat="40.82156" lon="-3.95231"><ele>1760</ele></trkpt><trkpt lat="40.82153" lon="-3.95218"><ele>1759</ele></trkpt><trkpt lat="40.82151" lon="-3.95206"><ele>1759</ele></trkpt><trkpt lat="40.82149" lon="-3.95189"><ele>1760</ele></trkpt><trkpt lat="40.82148" lon="-3.95175"><ele>1760</ele></trkpt><trkpt lat="40.82145" lon="-3.95149"><ele>1758</ele></trkpt><trkpt lat="40.82145" lon="-3.95125"><ele>1757</ele></trkpt><trkpt lat="40.82145" lon="-3.95098"><ele>1755</ele></trkpt><trkpt lat="40.82149" lon="-3.95061"><ele>1753</ele></trkpt><trkpt lat="40.82151" lon="-3.95037"><ele>1751</ele></trkpt><trkpt lat="40.82156" lon="-3.95"><ele>1748</ele></trkpt><trkpt lat="40.8216" lon="-3.9498"><ele>1747</ele></trkpt><trkpt lat="40.82168" lon="-3.94947"><ele>1746</ele></trkpt><trkpt lat="40.82176" lon="-3.94922"><ele>1745</ele></trkpt><trkpt lat="40.82189" lon="-3.94884"><ele>1741</ele></trkpt><trkpt lat="40.82198" lon="-3.94863"><ele>1740</ele></trkpt><trkpt lat="40.82204" lon="-3.94853"><ele>1740</ele></trkpt><trkpt lat="40.82209" lon="-3.94844"><ele>1739</ele></trkpt><trkpt lat="40.82216" lon="-3.94837"><ele>1740</ele></trkpt><trkpt lat="40.82227" lon="-3.94827"><ele>1740</ele></trkpt><trkpt lat="40.82241" lon="-3.94819"><ele>1741</ele></trkpt><trkpt lat="40.8226" lon="-3.94808"><ele>1743</ele></trkpt><trkpt lat="40.82268" lon="-3.94802"><ele>1743</ele></trkpt><trkpt lat="40.82274" lon="-3.94798"><ele>1743</ele></trkpt><trkpt lat="40.82279" lon="-3.94793"><ele>1742</ele></trkpt><trkpt lat="40.82284" lon="-3.94787"><ele>1742</ele></trkpt><trkpt lat="40.82289" lon="-3.94778"><ele>1741</ele></trkpt><trkpt lat="40.82293" lon="-3.94771"><ele>1740</ele></trkpt><trkpt lat="40.82301" lon="-3.94751"><ele>1737</ele></trkpt><trkpt lat="40.82323" lon="-3.94695"><ele>1730</ele></trkpt><trkpt lat="40.82331" lon="-3.94679"><ele>1729</ele></trkpt><trkpt lat="40.82336" lon="-3.94669"><ele>1728</ele></trkpt><trkpt lat="40.82338" lon="-3.94665"><ele>1727</ele></trkpt><trkpt lat="40.82341" lon="-3.94659"><ele>1726</ele></trkpt><trkpt lat="40.82347" lon="-3.94649"><ele>1725</ele></trkpt><trkpt lat="40.82359" lon="-3.94633"><ele>1723</ele></trkpt><trkpt lat="40.82366" lon="-3.94626"><ele>1723</ele></trkpt><trkpt lat="40.82373" lon="-3.9462"><ele>1723</ele></trkpt><trkpt lat="40.82379" lon="-3.94615"><ele>1722</ele></trkpt><trkpt lat="40.82384" lon="-3.94609"><ele>1722</ele></trkpt><trkpt lat="40.82397" lon="-3.9459"><ele>1719</ele></trkpt><trkpt lat="40.8241" lon="-3.94571"><ele>1715</ele></trkpt><trkpt lat="40.82414" lon="-3.94565"><ele>1714</ele></trkpt><trkpt lat="40.82418" lon="-3.94561"><ele>1713</ele></trkpt><trkpt lat="40.82422" lon="-3.94558"><ele>1712</ele></trkpt><trkpt lat="40.82427" lon="-3.94554"><ele>1711</ele></trkpt><trkpt lat="40.82434" lon="-3.9455"><ele>1710</ele></trkpt><trkpt lat="40.82442" lon="-3.94548"><ele>1710</ele></trkpt><trkpt lat="40.8245" lon="-3.94546"><ele>1709</ele></trkpt><trkpt lat="40.82461" lon="-3.94544"><ele>1709</ele></trkpt><trkpt lat="40.8247" lon="-3.94544"><ele>1709</ele></trkpt><trkpt lat="40.82484" lon="-3.94546"><ele>1710</ele></trkpt><trkpt lat="40.82504" lon="-3.94551"><ele>1711</ele></trkpt><trkpt lat="40.82528" lon="-3.94557"><ele>1711</ele></trkpt><trkpt lat="40.82533" lon="-3.94558"><ele>1711</ele></trkpt><trkpt lat="40.82551" lon="-3.94561"><ele>1710</ele></trkpt><trkpt lat="40.82573" lon="-3.94563"><ele>1709</ele></trkpt><trkpt lat="40.82586" lon="-3.94567"><ele>1709</ele></trkpt><trkpt lat="40.82609" lon="-3.94572"><ele>1707</ele></trkpt><trkpt lat="40.82635" lon="-3.94577"><ele>1705</ele></trkpt><trkpt lat="40.82645" lon="-3.9458"><ele>1704</ele></trkpt><trkpt lat="40.82651" lon="-3.94583"><ele>1704</ele></trkpt><trkpt lat="40.82658" lon="-3.94588"><ele>1704</ele></trkpt><trkpt lat="40.82665" lon="-3.94594"><ele>1705</ele></trkpt><trkpt lat="40.82672" lon="-3.94602"><ele>1707</ele></trkpt><trkpt lat="40.82682" lon="-3.94613"><ele>1711</ele></trkpt><trkpt lat="40.82687" lon="-3.94618"><ele>1712</ele></trkpt><trkpt lat="40.82689" lon="-3.94619"><ele>1712</ele></trkpt><trkpt lat="40.82692" lon="-3.9462"><ele>1713</ele></trkpt><trkpt lat="40.82696" lon="-3.9462"><ele>1713</ele></trkpt><trkpt lat="40.82697" lon="-3.9462"><ele>1713</ele></trkpt><trkpt lat="40.82699" lon="-3.94619"><ele>1713</ele></trkpt><trkpt lat="40.82701" lon="-3.94618"><ele>1713</ele></trkpt><trkpt lat="40.82703" lon="-3.94617"><ele>1713</ele></trkpt><trkpt lat="40.82705" lon="-3.94615"><ele>1713</ele></trkpt><trkpt lat="40.82707" lon="-3.94613"><ele>1713</ele></trkpt><trkpt lat="40.8271" lon="-3.94605"><ele>1712</ele></trkpt><trkpt lat="40.82713" lon="-3.94598"><ele>1711</ele></trkpt><trkpt lat="40.82719" lon="-3.94577"><ele>1708</ele></trkpt><trkpt lat="40.82729" lon="-3.94534"><ele>1702</ele></trkpt><trkpt lat="40.82734" lon="-3.94503"><ele>1698</ele></trkpt><trkpt lat="40.82736" lon="-3.94487"><ele>1697</ele></trkpt><trkpt lat="40.82737" lon="-3.94477"><ele>1696</ele></trkpt><trkpt lat="40.82738" lon="-3.94462"><ele>1695</ele></trkpt><trkpt lat="40.82736" lon="-3.94445"><ele>1692</ele></trkpt><trkpt lat="40.82735" lon="-3.94426"><ele>1690</ele></trkpt><trkpt lat="40.82731" lon="-3.94398"><ele>1687</ele></trkpt><trkpt lat="40.82725" lon="-3.94368"><ele>1685</ele></trkpt><trkpt lat="40.82715" lon="-3.94318"><ele>1680</ele></trkpt><trkpt lat="40.8271" lon="-3.94279"><ele>1678</ele></trkpt><trkpt lat="40.82704" lon="-3.94225"><ele>1675</ele></trkpt><trkpt lat="40.827" lon="-3.94187"><ele>1673</ele></trkpt><trkpt lat="40.82699" lon="-3.9415"><ele>1671</ele></trkpt><trkpt lat="40.82701" lon="-3.94112"><ele>1669</ele></trkpt><trkpt lat="40.82705" lon="-3.94065"><ele>1666</ele></trkpt><trkpt lat="40.82711" lon="-3.94032"><ele>1663</ele></trkpt><trkpt lat="40.82717" lon="-3.94013"><ele>1661</ele></trkpt><trkpt lat="40.82722" lon="-3.94005"><ele>1661</ele></trkpt><trkpt lat="40.82728" lon="-3.93997"><ele>1661</ele></trkpt><trkpt lat="40.82736" lon="-3.93991"><ele>1661</ele></trkpt><trkpt lat="40.82745" lon="-3.93988"><ele>1662</ele></trkpt><trkpt lat="40.82755" lon="-3.93986"><ele>1664</ele></trkpt><trkpt lat="40.82764" lon="-3.93985"><ele>1666</ele></trkpt><trkpt lat="40.82771" lon="-3.93982"><ele>1667</ele></trkpt><trkpt lat="40.82774" lon="-3.93981"><ele>1667</ele></trkpt><trkpt lat="40.82776" lon="-3.9398"><ele>1667</ele></trkpt><trkpt lat="40.82776" lon="-3.93979"><ele>1667</ele></trkpt><trkpt lat="40.82777" lon="-3.93977"><ele>1667</ele></trkpt><trkpt lat="40.82779" lon="-3.93973"><ele>1666</ele></trkpt><trkpt lat="40.82781" lon="-3.93965"><ele>1665</ele></trkpt><trkpt lat="40.82783" lon="-3.93951"><ele>1663</ele></trkpt><trkpt lat="40.82785" lon="-3.93906"><ele>1654</ele></trkpt><trkpt lat="40.82787" lon="-3.93885"><ele>1651</ele></trkpt><trkpt lat="40.8279" lon="-3.93863"><ele>1648</ele></trkpt><trkpt lat="40.82794" lon="-3.93844"><ele>1646</ele></trkpt><trkpt lat="40.82799" lon="-3.93831"><ele>1645</ele></trkpt><trkpt lat="40.82804" lon="-3.93821"><ele>1644</ele></trkpt><trkpt lat="40.82811" lon="-3.93813"><ele>1644</ele></trkpt><trkpt lat="40.82817" lon="-3.93804"><ele>1644</ele></trkpt><trkpt lat="40.82822" lon="-3.93801"><ele>1645</ele></trkpt><trkpt lat="40.8283" lon="-3.93799"><ele>1646</ele></trkpt><trkpt lat="40.8284" lon="-3.93798"><ele>1647</ele></trkpt><trkpt lat="40.82855" lon="-3.93796"><ele>1649</ele></trkpt><trkpt lat="40.82866" lon="-3.93795"><ele>1651</ele></trkpt><trkpt lat="40.82875" lon="-3.93791"><ele>1651</ele></trkpt><trkpt lat="40.82876" lon="-3.9379"><ele>1651</ele></trkpt><trkpt lat="40.82878" lon="-3.93787"><ele>1651</ele></trkpt><trkpt lat="40.82881" lon="-3.93781"><ele>1651</ele></trkpt><trkpt lat="40.82882" lon="-3.93774"><ele>1650</ele></trkpt><trkpt lat="40.82883" lon="-3.93766"><ele>1649</ele></trkpt><trkpt lat="40.82882" lon="-3.93714"><ele>1641</ele></trkpt><trkpt lat="40.82882" lon="-3.93681"><ele>1637</ele></trkpt><trkpt lat="40.82883" lon="-3.93657"><ele>1635</ele></trkpt><trkpt lat="40.82885" lon="-3.93634"><ele>1632</ele></trkpt><trkpt lat="40.82888" lon="-3.93616"><ele>1630</ele></trkpt><trkpt lat="40.82892" lon="-3.93598"><ele>1629</ele></trkpt><trkpt lat="40.82898" lon="-3.93583"><ele>1628</ele></trkpt><trkpt lat="40.82906" lon="-3.9357"><ele>1627</ele></trkpt><trkpt lat="40.82915" lon="-3.93557"><ele>1626</ele></trkpt><trkpt lat="40.82931" lon="-3.93543"><ele>1624</ele></trkpt><trkpt lat="40.82941" lon="-3.93536"><ele>1623</ele></trkpt><trkpt lat="40.82953" lon="-3.9353"><ele>1621</ele></trkpt><trkpt lat="40.82971" lon="-3.93523"><ele>1620</ele></trkpt><trkpt lat="40.82979" lon="-3.93522"><ele>1620</ele></trkpt><trkpt lat="40.82988" lon="-3.93521"><ele>1619</ele></trkpt><trkpt lat="40.82997" lon="-3.93522"><ele>1619</ele></trkpt><trkpt lat="40.83005" lon="-3.93525"><ele>1620</ele></trkpt><trkpt lat="40.83014" lon="-3.93527"><ele>1619</ele></trkpt><trkpt lat="40.83028" lon="-3.93529"><ele>1618</ele></trkpt><trkpt lat="40.83044" lon="-3.93529"><ele>1617</ele></trkpt><trkpt lat="40.83062" lon="-3.93529"><ele>1615</ele></trkpt><trkpt lat="40.83093" lon="-3.93531"><ele>1613</ele></trkpt><trkpt lat="40.83102" lon="-3.93534"><ele>1612</ele></trkpt><trkpt lat="40.8311" lon="-3.93536"><ele>1612</ele></trkpt><trkpt lat="40.83117" lon="-3.9354"><ele>1612</ele></trkpt><trkpt lat="40.83125" lon="-3.93545"><ele>1612</ele></trkpt><trkpt lat="40.83132" lon="-3.93552"><ele>1612</ele></trkpt><trkpt lat="40.83142" lon="-3.9356"><ele>1612</ele></trkpt><trkpt lat="40.83151" lon="-3.93565"><ele>1612</ele></trkpt><trkpt lat="40.8316" lon="-3.9357"><ele>1611</ele></trkpt><trkpt lat="40.83175" lon="-3.93577"><ele>1610</ele></trkpt><trkpt lat="40.83191" lon="-3.93588"><ele>1610</ele></trkpt><trkpt lat="40.83215" lon="-3.9361"><ele>1613</ele></trkpt><trkpt lat="40.83238" lon="-3.93624"><ele>1612</ele></trkpt><trkpt lat="40.83258" lon="-3.93634"><ele>1613</ele></trkpt><trkpt lat="40.83275" lon="-3.93642"><ele>1615</ele></trkpt><trkpt lat="40.83285" lon="-3.93646"><ele>1615</ele></trkpt><trkpt lat="40.83289" lon="-3.93646"><ele>1615</ele></trkpt><trkpt lat="40.83293" lon="-3.93646"><ele>1615</ele></trkpt><trkpt lat="40.83296" lon="-3.93644"><ele>1615</ele></trkpt><trkpt lat="40.83299" lon="-3.93642"><ele>1614</ele></trkpt><trkpt lat="40.8331" lon="-3.93632"><ele>1613</ele></trkpt><trkpt lat="40.83319" lon="-3.93618"><ele>1610</ele></trkpt><trkpt lat="40.83324" lon="-3.93606"><ele>1609</ele></trkpt><trkpt lat="40.83326" lon="-3.93601"><ele>1608</ele></trkpt><trkpt lat="40.83327" lon="-3.93598"><ele>1607</ele></trkpt><trkpt lat="40.83327" lon="-3.93592"><ele>1607</ele></trkpt><trkpt lat="40.83327" lon="-3.93589"><ele>1606</ele></trkpt><trkpt lat="40.83327" lon="-3.93585"><ele>1605</ele></trkpt><trkpt lat="40.83325" lon="-3.93581"><ele>1605</ele></trkpt><trkpt lat="40.83324" lon="-3.93578"><ele>1606</ele></trkpt><trkpt lat="40.83322" lon="-3.93574"><ele>1606</ele></trkpt><trkpt lat="40.83318" lon="-3.93569"><ele>1606</ele></trkpt><trkpt lat="40.833" lon="-3.93551"><ele>1606</ele></trkpt><trkpt lat="40.83289" lon="-3.93538"><ele>1605</ele></trkpt><trkpt lat="40.83279" lon="-3.93524"><ele>1604</ele></trkpt><trkpt lat="40.83272" lon="-3.93512"><ele>1603</ele></trkpt><trkpt lat="40.83263" lon="-3.93495"><ele>1601</ele></trkpt><trkpt lat="40.83257" lon="-3.93479"><ele>1600</ele></trkpt><trkpt lat="40.83251" lon="-3.93459"><ele>1599</ele></trkpt><trkpt lat="40.83245" lon="-3.93441"><ele>1599</ele></trkpt><trkpt lat="40.8324" lon="-3.93427"><ele>1598</ele></trkpt><trkpt lat="40.83231" lon="-3.93408"><ele>1597</ele></trkpt><trkpt lat="40.83223" lon="-3.93391"><ele>1596</ele></trkpt><trkpt lat="40.83213" lon="-3.93367"><ele>1594</ele></trkpt><trkpt lat="40.832" lon="-3.93339"><ele>1591</ele></trkpt><trkpt lat="40.83193" lon="-3.93324"><ele>1590</ele></trkpt><trkpt lat="40.83185" lon="-3.93312"><ele>1588</ele></trkpt><trkpt lat="40.83165" lon="-3.93285"><ele>1584</ele></trkpt><trkpt lat="40.83125" lon="-3.9323"><ele>1576</ele></trkpt><trkpt lat="40.83111" lon="-3.93211"><ele>1573</ele></trkpt><trkpt lat="40.83102" lon="-3.93198"><ele>1572</ele></trkpt><trkpt lat="40.83095" lon="-3.93186"><ele>1571</ele></trkpt><trkpt lat="40.83086" lon="-3.9317"><ele>1569</ele></trkpt><trkpt lat="40.83079" lon="-3.93154"><ele>1567</ele></trkpt><trkpt lat="40.8307" lon="-3.93132"><ele>1566</ele></trkpt><trkpt lat="40.83065" lon="-3.93118"><ele>1565</ele></trkpt><trkpt lat="40.83056" lon="-3.93098"><ele>1563</ele></trkpt><trkpt lat="40.8305" lon="-3.93085"><ele>1562</ele></trkpt><trkpt lat="40.8304" lon="-3.93068"><ele>1559</ele></trkpt><trkpt lat="40.83031" lon="-3.93057"><ele>1557</ele></trkpt><trkpt lat="40.83027" lon="-3.93052"><ele>1556</ele></trkpt><trkpt lat="40.83025" lon="-3.93045"><ele>1555</ele></trkpt><trkpt lat="40.83023" lon="-3.9304"><ele>1555</ele></trkpt><trkpt lat="40.83022" lon="-3.93037"><ele>1554</ele></trkpt><trkpt lat="40.83022" lon="-3.93036"><ele>1554</ele></trkpt><trkpt lat="40.83022" lon="-3.9303"><ele>1554</ele></trkpt><trkpt lat="40.83022" lon="-3.93025"><ele>1554</ele></trkpt><trkpt lat="40.83025" lon="-3.93015"><ele>1555</ele></trkpt><trkpt lat="40.83044" lon="-3.92975"><ele>1555</ele></trkpt><trkpt lat="40.83054" lon="-3.92954"><ele>1554</ele></trkpt><trkpt lat="40.83061" lon="-3.92944"><ele>1553</ele></trkpt><trkpt lat="40.83066" lon="-3.92938"><ele>1553</ele></trkpt><trkpt lat="40.8307" lon="-3.92934"><ele>1553</ele></trkpt><trkpt lat="40.83074" lon="-3.92932"><ele>1553</ele></trkpt><trkpt lat="40.83079" lon="-3.9293"><ele>1554</ele></trkpt><trkpt lat="40.83085" lon="-3.9293"><ele>1555</ele></trkpt><trkpt lat="40.83099" lon="-3.92929"><ele>1558</ele></trkpt><trkpt lat="40.83104" lon="-3.92926"><ele>1558</ele></trkpt><trkpt lat="40.83109" lon="-3.92923"><ele>1559</ele></trkpt><trkpt lat="40.83114" lon="-3.92919"><ele>1559</ele></trkpt><trkpt lat="40.83119" lon="-3.92913"><ele>1559</ele></trkpt><trkpt lat="40.83121" lon="-3.9291"><ele>1559</ele></trkpt><trkpt lat="40.83123" lon="-3.92906"><ele>1558</ele></trkpt><trkpt lat="40.83126" lon="-3.92898"><ele>1558</ele></trkpt><trkpt lat="40.83129" lon="-3.92888"><ele>1556</ele></trkpt><trkpt lat="40.8313" lon="-3.92877"><ele>1554</ele></trkpt><trkpt lat="40.8313" lon="-3.92863"><ele>1552</ele></trkpt><trkpt lat="40.83131" lon="-3.92851"><ele>1549</ele></trkpt><trkpt lat="40.83134" lon="-3.92835"><ele>1547</ele></trkpt><trkpt lat="40.83139" lon="-3.92823"><ele>1546</ele></trkpt><trkpt lat="40.83152" lon="-3.92799"><ele>1546</ele></trkpt><trkpt lat="40.83165" lon="-3.92777"><ele>1546</ele></trkpt><trkpt lat="40.83176" lon="-3.92761"><ele>1547</ele></trkpt><trkpt lat="40.8318" lon="-3.92754"><ele>1547</ele></trkpt><trkpt lat="40.83183" lon="-3.92746"><ele>1547</ele></trkpt><trkpt lat="40.83188" lon="-3.92727"><ele>1546</ele></trkpt><trkpt lat="40.83194" lon="-3.92686"><ele>1543</ele></trkpt><trkpt lat="40.83197" lon="-3.92659"><ele>1541</ele></trkpt><trkpt lat="40.83198" lon="-3.92637"><ele>1539</ele></trkpt><trkpt lat="40.83198" lon="-3.92614"><ele>1537</ele></trkpt><trkpt lat="40.83199" lon="-3.92601"><ele>1536</ele></trkpt><trkpt lat="40.83203" lon="-3.92586"><ele>1536</ele></trkpt><trkpt lat="40.83207" lon="-3.92574"><ele>1537</ele></trkpt><trkpt lat="40.83211" lon="-3.92564"><ele>1537</ele></trkpt><trkpt lat="40.83215" lon="-3.92555"><ele>1538</ele></trkpt><trkpt lat="40.83217" lon="-3.92546"><ele>1538</ele></trkpt><trkpt lat="40.83217" lon="-3.92538"><ele>1537</ele></trkpt><trkpt lat="40.83216" lon="-3.92529"><ele>1537</ele></trkpt><trkpt lat="40.83213" lon="-3.92519"><ele>1535</ele></trkpt><trkpt lat="40.83199" lon="-3.92491"><ele>1530</ele></trkpt><trkpt lat="40.83195" lon="-3.92482"><ele>1530</ele></trkpt><trkpt lat="40.8319" lon="-3.92472"><ele>1529</ele></trkpt><trkpt lat="40.83184" lon="-3.92465"><ele>1527</ele></trkpt><trkpt lat="40.83173" lon="-3.92453"><ele>1525</ele></trkpt><trkpt lat="40.83168" lon="-3.92446"><ele>1524</ele></trkpt><trkpt lat="40.83162" lon="-3.92439"><ele>1523</ele></trkpt><trkpt lat="40.83158" lon="-3.92433"><ele>1522</ele></trkpt><trkpt lat="40.83155" lon="-3.92427"><ele>1521</ele></trkpt><trkpt lat="40.83155" lon="-3.92423"><ele>1522</ele></trkpt><trkpt lat="40.83154" lon="-3.92418"><ele>1521</ele></trkpt><trkpt lat="40.83153" lon="-3.92401"><ele>1521</ele></trkpt><trkpt lat="40.83148" lon="-3.9237"><ele>1520</ele></trkpt><trkpt lat="40.83146" lon="-3.92357"><ele>1520</ele></trkpt><trkpt lat="40.8314" lon="-3.92337"><ele>1518</ele></trkpt><trkpt lat="40.83133" lon="-3.92315"><ele>1515</ele></trkpt><trkpt lat="40.83129" lon="-3.923"><ele>1512</ele></trkpt><trkpt lat="40.83128" lon="-3.92291"><ele>1511</ele></trkpt><trkpt lat="40.83128" lon="-3.92279"><ele>1510</ele></trkpt><trkpt lat="40.8313" lon="-3.92271"><ele>1510</ele></trkpt><trkpt lat="40.83132" lon="-3.92268"><ele>1510</ele></trkpt><trkpt lat="40.83134" lon="-3.92265"><ele>1510</ele></trkpt><trkpt lat="40.8314" lon="-3.92261"><ele>1511</ele></trkpt><trkpt lat="40.83149" lon="-3.92252"><ele>1513</ele></trkpt><trkpt lat="40.83159" lon="-3.92241"><ele>1515</ele></trkpt><trkpt lat="40.83169" lon="-3.9223"><ele>1517</ele></trkpt><trkpt lat="40.83174" lon="-3.92219"><ele>1518</ele></trkpt><trkpt lat="40.83177" lon="-3.9221"><ele>1518</ele></trkpt><trkpt lat="40.83178" lon="-3.92198"><ele>1517</ele></trkpt><trkpt lat="40.83177" lon="-3.92183"><ele>1516</ele></trkpt><trkpt lat="40.83174" lon="-3.92173"><ele>1514</ele></trkpt><trkpt lat="40.8317" lon="-3.92163"><ele>1513</ele></trkpt><trkpt lat="40.83165" lon="-3.92154"><ele>1512</ele></trkpt><trkpt lat="40.83158" lon="-3.92147"><ele>1509</ele></trkpt><trkpt lat="40.83148" lon="-3.92139"><ele>1506</ele></trkpt><trkpt lat="40.83139" lon="-3.92128"><ele>1504</ele></trkpt><trkpt lat="40.83132" lon="-3.9212"><ele>1501</ele></trkpt><trkpt lat="40.83114" lon="-3.92082"><ele>1496</ele></trkpt><trkpt lat="40.83098" lon="-3.92034"><ele>1491</ele></trkpt><trkpt lat="40.8309" lon="-3.92006"><ele>1488</ele></trkpt><trkpt lat="40.83084" lon="-3.91971"><ele>1486</ele></trkpt><trkpt lat="40.83076" lon="-3.91923"><ele>1484</ele></trkpt><trkpt lat="40.83073" lon="-3.91907"><ele>1482</ele></trkpt><trkpt lat="40.83072" lon="-3.91887"><ele>1479</ele></trkpt><trkpt lat="40.83071" lon="-3.91871"><ele>1477</ele></trkpt><trkpt lat="40.83073" lon="-3.91858"><ele>1477</ele></trkpt><trkpt lat="40.83079" lon="-3.91842"><ele>1477</ele></trkpt><trkpt lat="40.83082" lon="-3.91837"><ele>1478</ele></trkpt><trkpt lat="40.83089" lon="-3.91826"><ele>1478</ele></trkpt><trkpt lat="40.831" lon="-3.91815"><ele>1478</ele></trkpt><trkpt lat="40.83154" lon="-3.91778"><ele>1484</ele></trkpt><trkpt lat="40.83162" lon="-3.91772"><ele>1484</ele></trkpt><trkpt lat="40.83171" lon="-3.91763"><ele>1484</ele></trkpt><trkpt lat="40.83194" lon="-3.91741"><ele>1483</ele></trkpt><trkpt lat="40.83195" lon="-3.91738"><ele>1482</ele></trkpt><trkpt lat="40.83209" lon="-3.91725"><ele>1481</ele></trkpt><trkpt lat="40.83226" lon="-3.91716"><ele>1482</ele></trkpt><trkpt lat="40.83234" lon="-3.91713"><ele>1483</ele></trkpt><trkpt lat="40.83242" lon="-3.9171"><ele>1484</ele></trkpt><trkpt lat="40.83247" lon="-3.91706"><ele>1484</ele></trkpt><trkpt lat="40.83253" lon="-3.91696"><ele>1482</ele></trkpt><trkpt lat="40.83298" lon="-3.91592"><ele>1469</ele></trkpt><trkpt lat="40.83306" lon="-3.91572"><ele>1468</ele></trkpt><trkpt lat="40.8331" lon="-3.91555"><ele>1467</ele></trkpt><trkpt lat="40.83314" lon="-3.91534"><ele>1465</ele></trkpt><trkpt lat="40.83315" lon="-3.91517"><ele>1463</ele></trkpt><trkpt lat="40.83316" lon="-3.91446"><ele>1457</ele></trkpt><trkpt lat="40.83318" lon="-3.91426"><ele>1456</ele></trkpt><trkpt lat="40.83321" lon="-3.91402"><ele>1454</ele></trkpt><trkpt lat="40.83327" lon="-3.91383"><ele>1453</ele></trkpt><trkpt lat="40.83337" lon="-3.91349"><ele>1451</ele></trkpt><trkpt lat="40.83356" lon="-3.91305"><ele>1447</ele></trkpt><trkpt lat="40.83363" lon="-3.91293"><ele>1445</ele></trkpt><trkpt lat="40.83366" lon="-3.91289"><ele>1445</ele></trkpt><trkpt lat="40.83372" lon="-3.91283"><ele>1444</ele></trkpt><trkpt lat="40.8338" lon="-3.91279"><ele>1444</ele></trkpt><trkpt lat="40.83389" lon="-3.91278"><ele>1445</ele></trkpt><trkpt lat="40.83398" lon="-3.91277"><ele>1445</ele></trkpt><trkpt lat="40.83405" lon="-3.91279"><ele>1446</ele></trkpt><trkpt lat="40.83414" lon="-3.91282"><ele>1448</ele></trkpt><trkpt lat="40.83423" lon="-3.91286"><ele>1449</ele></trkpt><trkpt lat="40.83435" lon="-3.91289"><ele>1449</ele></trkpt><trkpt lat="40.83457" lon="-3.91287"><ele>1448</ele></trkpt><trkpt lat="40.83491" lon="-3.91283"><ele>1446</ele></trkpt><trkpt lat="40.8352" lon="-3.91282"><ele>1446</ele></trkpt><trkpt lat="40.83557" lon="-3.91283"><ele>1447</ele></trkpt><trkpt lat="40.83565" lon="-3.91283"><ele>1448</ele></trkpt><trkpt lat="40.83573" lon="-3.91283"><ele>1448</ele></trkpt><trkpt lat="40.83578" lon="-3.9128"><ele>1448</ele></trkpt><trkpt lat="40.83582" lon="-3.91276"><ele>1447</ele></trkpt><trkpt lat="40.83582" lon="-3.91275"><ele>1447</ele></trkpt><trkpt lat="40.83584" lon="-3.91271"><ele>1446</ele></trkpt><trkpt lat="40.83585" lon="-3.91265"><ele>1445</ele></trkpt><trkpt lat="40.83584" lon="-3.91257"><ele>1444</ele></trkpt><trkpt lat="40.83581" lon="-3.91244"><ele>1442</ele></trkpt><trkpt lat="40.83571" lon="-3.91214"><ele>1441</ele></trkpt><trkpt lat="40.83559" lon="-3.91182"><ele>1438</ele></trkpt><trkpt lat="40.83555" lon="-3.91173"><ele>1437</ele></trkpt><trkpt lat="40.83551" lon="-3.91169"><ele>1436</ele></trkpt><trkpt lat="40.83546" lon="-3.91165"><ele>1435</ele></trkpt><trkpt lat="40.83541" lon="-3.91163"><ele>1434</ele></trkpt><trkpt lat="40.83536" lon="-3.91161"><ele>1434</ele></trkpt><trkpt lat="40.83529" lon="-3.91158"><ele>1433</ele></trkpt><trkpt lat="40.83524" lon="-3.91154"><ele>1432</ele></trkpt><trkpt lat="40.83515" lon="-3.91147"><ele>1431</ele></trkpt><trkpt lat="40.83459" lon="-3.91078"><ele>1422</ele></trkpt><trkpt lat="40.83454" lon="-3.91071"><ele>1421</ele></trkpt><trkpt lat="40.83447" lon="-3.91053"><ele>1420</ele></trkpt><trkpt lat="40.83425" lon="-3.90991"><ele>1414</ele></trkpt><trkpt lat="40.83415" lon="-3.9096"><ele>1412</ele></trkpt><trkpt lat="40.83411" lon="-3.90947"><ele>1411</ele></trkpt><trkpt lat="40.83408" lon="-3.90939"><ele>1411</ele></trkpt><trkpt lat="40.83406" lon="-3.90928"><ele>1410</ele></trkpt><trkpt lat="40.83403" lon="-3.90907"><ele>1410</ele></trkpt><trkpt lat="40.83393" lon="-3.90753"><ele>1407</ele></trkpt><trkpt lat="40.83393" lon="-3.9071"><ele>1406</ele></trkpt><trkpt lat="40.83394" lon="-3.90674"><ele>1405</ele></trkpt><trkpt lat="40.83397" lon="-3.9062"><ele>1403</ele></trkpt><trkpt lat="40.83405" lon="-3.90553"><ele>1400</ele></trkpt><trkpt lat="40.83413" lon="-3.90503"><ele>1398</ele></trkpt><trkpt lat="40.83425" lon="-3.90437"><ele>1396</ele></trkpt><trkpt lat="40.83431" lon="-3.90411"><ele>1395</ele></trkpt><trkpt lat="40.83439" lon="-3.90387"><ele>1395</ele></trkpt><trkpt lat="40.83449" lon="-3.90357"><ele>1395</ele></trkpt><trkpt lat="40.83458" lon="-3.90329"><ele>1395</ele></trkpt><trkpt lat="40.83462" lon="-3.90314"><ele>1395</ele></trkpt><trkpt lat="40.83467" lon="-3.90297"><ele>1395</ele></trkpt><trkpt lat="40.83472" lon="-3.90277"><ele>1394</ele></trkpt><trkpt lat="40.83479" lon="-3.9025"><ele>1393</ele></trkpt><trkpt lat="40.83484" lon="-3.90233"><ele>1393</ele></trkpt><trkpt lat="40.8349" lon="-3.90216"><ele>1392</ele></trkpt><trkpt lat="40.83501" lon="-3.90189"><ele>1392</ele></trkpt><trkpt lat="40.83512" lon="-3.90162"><ele>1392</ele></trkpt><trkpt lat="40.83524" lon="-3.90134"><ele>1390</ele></trkpt><trkpt lat="40.83535" lon="-3.90113"><ele>1390</ele></trkpt><trkpt lat="40.83547" lon="-3.9009"><ele>1389</ele></trkpt><trkpt lat="40.83624" lon="-3.89953"><ele>1390</ele></trkpt><trkpt lat="40.83647" lon="-3.89907"><ele>1389</ele></trkpt><trkpt lat="40.83702" lon="-3.89769"><ele>1379</ele></trkpt><trkpt lat="40.83721" lon="-3.89734"><ele>1379</ele></trkpt><trkpt lat="40.83742" lon="-3.89706"><ele>1379</ele></trkpt><trkpt lat="40.83762" lon="-3.8968"><ele>1379</ele></trkpt><trkpt lat="40.83781" lon="-3.8966"><ele>1379</ele></trkpt><trkpt lat="40.83794" lon="-3.89647"><ele>1379</ele></trkpt><trkpt lat="40.83803" lon="-3.89638"><ele>1379</ele></trkpt><trkpt lat="40.83825" lon="-3.89621"><ele>1380</ele></trkpt><trkpt lat="40.83836" lon="-3.89613"><ele>1380</ele></trkpt><trkpt lat="40.83843" lon="-3.89607"><ele>1381</ele></trkpt><trkpt lat="40.8385" lon="-3.89601"><ele>1381</ele></trkpt><trkpt lat="40.83855" lon="-3.89594"><ele>1380</ele></trkpt><trkpt lat="40.83861" lon="-3.89585"><ele>1380</ele></trkpt><trkpt lat="40.83892" lon="-3.89527"><ele>1375</ele></trkpt><trkpt lat="40.83916" lon="-3.89481"><ele>1372</ele></trkpt><trkpt lat="40.83933" lon="-3.89451"><ele>1370</ele></trkpt><trkpt lat="40.83945" lon="-3.89432"><ele>1370</ele></trkpt><trkpt lat="40.8396" lon="-3.89412"><ele>1369</ele></trkpt><trkpt lat="40.83978" lon="-3.89387"><ele>1368</ele></trkpt><trkpt lat="40.83989" lon="-3.89372"><ele>1368</ele></trkpt><trkpt lat="40.84002" lon="-3.89355"><ele>1367</ele></trkpt><trkpt lat="40.84013" lon="-3.89338"><ele>1365</ele></trkpt><trkpt lat="40.84023" lon="-3.8932"><ele>1363</ele></trkpt><trkpt lat="40.84031" lon="-3.89305"><ele>1362</ele></trkpt><trkpt lat="40.84039" lon="-3.89288"><ele>1360</ele></trkpt><trkpt lat="40.84047" lon="-3.89268"><ele>1357</ele></trkpt><trkpt lat="40.84054" lon="-3.89254"><ele>1356</ele></trkpt><trkpt lat="40.84061" lon="-3.8924"><ele>1354</ele></trkpt><trkpt lat="40.8407" lon="-3.89226"><ele>1352</ele></trkpt><trkpt lat="40.84079" lon="-3.89212"><ele>1350</ele></trkpt><trkpt lat="40.84087" lon="-3.89203"><ele>1348</ele></trkpt><trkpt lat="40.84095" lon="-3.89197"><ele>1346</ele></trkpt><trkpt lat="40.84101" lon="-3.89194"><ele>1346</ele></trkpt><trkpt lat="40.84107" lon="-3.89192"><ele>1345</ele></trkpt><trkpt lat="40.84114" lon="-3.89192"><ele>1345</ele></trkpt><trkpt lat="40.8412" lon="-3.89193"><ele>1345</ele></trkpt><trkpt lat="40.84124" lon="-3.89194"><ele>1345</ele></trkpt><trkpt lat="40.84128" lon="-3.89196"><ele>1345</ele></trkpt><trkpt lat="40.84131" lon="-3.89198"><ele>1346</ele></trkpt><trkpt lat="40.84134" lon="-3.892"><ele>1346</ele></trkpt><trkpt lat="40.8414" lon="-3.89205"><ele>1347</ele></trkpt><trkpt lat="40.84144" lon="-3.8921"><ele>1348</ele></trkpt><trkpt lat="40.84148" lon="-3.89216"><ele>1350</ele></trkpt><trkpt lat="40.84153" lon="-3.89222"><ele>1351</ele></trkpt><trkpt lat="40.84162" lon="-3.89236"><ele>1354</ele></trkpt><trkpt lat="40.84179" lon="-3.89262"><ele>1361</ele></trkpt><trkpt lat="40.84182" lon="-3.89267"><ele>1362</ele></trkpt><trkpt lat="40.84184" lon="-3.89269"><ele>1363</ele></trkpt><trkpt lat="40.84186" lon="-3.89271"><ele>1364</ele></trkpt><trkpt lat="40.84188" lon="-3.89272"><ele>1364</ele></trkpt><trkpt lat="40.8419" lon="-3.89273"><ele>1364</ele></trkpt><trkpt lat="40.84192" lon="-3.89274"><ele>1364</ele></trkpt><trkpt lat="40.84194" lon="-3.89274"><ele>1365</ele></trkpt><trkpt lat="40.84196" lon="-3.89274"><ele>1365</ele></trkpt><trkpt lat="40.84197" lon="-3.89274"><ele>1365</ele></trkpt><trkpt lat="40.84198" lon="-3.89274"><ele>1365</ele></trkpt><trkpt lat="40.842" lon="-3.89273"><ele>1364</ele></trkpt><trkpt lat="40.84202" lon="-3.89272"><ele>1364</ele></trkpt><trkpt lat="40.84203" lon="-3.89271"><ele>1364</ele></trkpt><trkpt lat="40.84206" lon="-3.89269"><ele>1364</ele></trkpt><trkpt lat="40.84208" lon="-3.89267"><ele>1363</ele></trkpt><trkpt lat="40.8421" lon="-3.89264"><ele>1362</ele></trkpt><trkpt lat="40.84212" lon="-3.89261"><ele>1362</ele></trkpt><trkpt lat="40.84214" lon="-3.89258"><ele>1361</ele></trkpt><trkpt lat="40.84216" lon="-3.89253"><ele>1360</ele></trkpt><trkpt lat="40.84218" lon="-3.89248"><ele>1358</ele></trkpt><trkpt lat="40.8422" lon="-3.89243"><ele>1357</ele></trkpt><trkpt lat="40.84221" lon="-3.89238"><ele>1356</ele></trkpt><trkpt lat="40.84223" lon="-3.8923"><ele>1354</ele></trkpt><trkpt lat="40.84226" lon="-3.89219"><ele>1352</ele></trkpt><trkpt lat="40.84229" lon="-3.89209"><ele>1349</ele></trkpt><trkpt lat="40.84232" lon="-3.89201"><ele>1347</ele></trkpt><trkpt lat="40.84236" lon="-3.89193"><ele>1346</ele></trkpt><trkpt lat="40.84241" lon="-3.89183"><ele>1343</ele></trkpt><trkpt lat="40.84246" lon="-3.89176"><ele>1342</ele></trkpt><trkpt lat="40.84251" lon="-3.89171"><ele>1341</ele></trkpt><trkpt lat="40.84255" lon="-3.89167"><ele>1340</ele></trkpt><trkpt lat="40.8426" lon="-3.89163"><ele>1340</ele></trkpt><trkpt lat="40.84266" lon="-3.8916"><ele>1340</ele></trkpt><trkpt lat="40.84282" lon="-3.89155"><ele>1341</ele></trkpt><trkpt lat="40.84291" lon="-3.89152"><ele>1341</ele></trkpt><trkpt lat="40.84298" lon="-3.89149"><ele>1341</ele></trkpt><trkpt lat="40.84304" lon="-3.89146"><ele>1341</ele></trkpt><trkpt lat="40.84309" lon="-3.89142"><ele>1341</ele></trkpt><trkpt lat="40.84314" lon="-3.89137"><ele>1341</ele></trkpt><trkpt lat="40.84318" lon="-3.89132"><ele>1340</ele></trkpt><trkpt lat="40.84323" lon="-3.89126"><ele>1339</ele></trkpt><trkpt lat="40.84328" lon="-3.89119"><ele>1338</ele></trkpt><trkpt lat="40.84336" lon="-3.89107"><ele>1337</ele></trkpt><trkpt lat="40.84344" lon="-3.89096"><ele>1335</ele></trkpt><trkpt lat="40.84376" lon="-3.8906"><ele>1333</ele></trkpt><trkpt lat="40.84428" lon="-3.89005"><ele>1328</ele></trkpt><trkpt lat="40.84478" lon="-3.88953"><ele>1324</ele></trkpt><trkpt lat="40.84512" lon="-3.88919"><ele>1321</ele></trkpt><trkpt lat="40.84539" lon="-3.88892"><ele>1320</ele></trkpt><trkpt lat="40.84561" lon="-3.88873"><ele>1319</ele></trkpt><trkpt lat="40.84575" lon="-3.88863"><ele>1319</ele></trkpt><trkpt lat="40.84591" lon="-3.88851"><ele>1318</ele></trkpt><trkpt lat="40.84619" lon="-3.8883"><ele>1316</ele></trkpt><trkpt lat="40.84658" lon="-3.88799"><ele>1314</ele></trkpt><trkpt lat="40.84682" lon="-3.88778"><ele>1312</ele></trkpt><trkpt lat="40.84704" lon="-3.88759"><ele>1310</ele></trkpt><trkpt lat="40.84722" lon="-3.88741"><ele>1309</ele></trkpt><trkpt lat="40.84731" lon="-3.8873"><ele>1308</ele></trkpt><trkpt lat="40.84737" lon="-3.88722"><ele>1307</ele></trkpt><trkpt lat="40.84743" lon="-3.88712"><ele>1306</ele></trkpt><trkpt lat="40.84749" lon="-3.887"><ele>1304</ele></trkpt><trkpt lat="40.84756" lon="-3.88672"><ele>1301</ele></trkpt><trkpt lat="40.84763" lon="-3.88653"><ele>1299</ele></trkpt><trkpt lat="40.84767" lon="-3.88643"><ele>1297</ele></trkpt><trkpt lat="40.84771" lon="-3.88636"><ele>1296</ele></trkpt><trkpt lat="40.84776" lon="-3.88626"><ele>1295</ele></trkpt><trkpt lat="40.84784" lon="-3.88616"><ele>1294</ele></trkpt><trkpt lat="40.8479" lon="-3.88609"><ele>1293</ele></trkpt><trkpt lat="40.84794" lon="-3.88605"><ele>1292</ele></trkpt><trkpt lat="40.84799" lon="-3.88601"><ele>1292</ele></trkpt><trkpt lat="40.84806" lon="-3.88596"><ele>1292</ele></trkpt><trkpt lat="40.84815" lon="-3.88591"><ele>1291</ele></trkpt><trkpt lat="40.84824" lon="-3.88586"><ele>1291</ele></trkpt><trkpt lat="40.84835" lon="-3.88584"><ele>1291</ele></trkpt><trkpt lat="40.84843" lon="-3.88583"><ele>1291</ele></trkpt><trkpt lat="40.8485" lon="-3.88582"><ele>1290</ele></trkpt><trkpt lat="40.84858" lon="-3.88582"><ele>1290</ele></trkpt><trkpt lat="40.84875" lon="-3.88585"><ele>1290</ele></trkpt><trkpt lat="40.84907" lon="-3.88592"><ele>1291</ele></trkpt><trkpt lat="40.84932" lon="-3.88598"><ele>1290</ele></trkpt><trkpt lat="40.84942" lon="-3.88599"><ele>1290</ele></trkpt><trkpt lat="40.84957" lon="-3.886"><ele>1289</ele></trkpt><trkpt lat="40.84971" lon="-3.88599"><ele>1287</ele></trkpt><trkpt lat="40.84985" lon="-3.88597"><ele>1286</ele></trkpt><trkpt lat="40.84999" lon="-3.88597"><ele>1285</ele></trkpt><trkpt lat="40.8501" lon="-3.88597"><ele>1284</ele></trkpt><trkpt lat="40.85019" lon="-3.88597"><ele>1283</ele></trkpt><trkpt lat="40.85033" lon="-3.88599"><ele>1282</ele></trkpt><trkpt lat="40.85069" lon="-3.88609"><ele>1279</ele></trkpt><trkpt lat="40.8509" lon="-3.88616"><ele>1278</ele></trkpt><trkpt lat="40.85118" lon="-3.88627"><ele>1276</ele></trkpt><trkpt lat="40.85144" lon="-3.8864"><ele>1275</ele></trkpt><trkpt lat="40.85162" lon="-3.88649"><ele>1275</ele></trkpt><trkpt lat="40.85167" lon="-3.88651"><ele>1274</ele></trkpt><trkpt lat="40.85171" lon="-3.88652"><ele>1274</ele></trkpt><trkpt lat="40.85178" lon="-3.88654"><ele>1274</ele></trkpt><trkpt lat="40.85184" lon="-3.88654"><ele>1274</ele></trkpt><trkpt lat="40.85192" lon="-3.88654"><ele>1273</ele></trkpt><trkpt lat="40.85216" lon="-3.88651"><ele>1271</ele></trkpt><trkpt lat="40.85246" lon="-3.88647"><ele>1269</ele></trkpt><trkpt lat="40.85396" lon="-3.88624"><ele>1262</ele></trkpt><trkpt lat="40.85687" lon="-3.88573"><ele>1249</ele></trkpt><trkpt lat="40.85958" lon="-3.88532"><ele>1242</ele></trkpt><trkpt lat="40.86531" lon="-3.88447"><ele>1229</ele></trkpt><trkpt lat="40.86579" lon="-3.88439"><ele>1228</ele></trkpt><trkpt lat="40.8699" lon="-3.88378"><ele>1207</ele></trkpt><trkpt lat="40.8705" lon="-3.88367"><ele>1206</ele></trkpt><trkpt lat="40.87099" lon="-3.88358"><ele>1205</ele></trkpt><trkpt lat="40.8715" lon="-3.88346"><ele>1203</ele></trkpt><trkpt lat="40.87236" lon="-3.88322"><ele>1199</ele></trkpt><trkpt lat="40.87241" lon="-3.8832"><ele>1199</ele></trkpt><trkpt lat="40.87259" lon="-3.88315"><ele>1197</ele></trkpt><trkpt lat="40.87286" lon="-3.88308"><ele>1195</ele></trkpt><trkpt lat="40.87299" lon="-3.88305"><ele>1194</ele></trkpt><trkpt lat="40.87308" lon="-3.88301"><ele>1193</ele></trkpt><trkpt lat="40.87324" lon="-3.88288"><ele>1192</ele></trkpt><trkpt lat="40.87337" lon="-3.88276"><ele>1191</ele></trkpt><trkpt lat="40.8738" lon="-3.88236"><ele>1189</ele></trkpt><trkpt lat="40.87397" lon="-3.88219"><ele>1188</ele></trkpt><trkpt lat="40.87405" lon="-3.8821"><ele>1188</ele></trkpt><trkpt lat="40.87419" lon="-3.88195"><ele>1187</ele></trkpt><trkpt lat="40.8743" lon="-3.88182"><ele>1187</ele></trkpt><trkpt lat="40.87475" lon="-3.88129"><ele>1186</ele></trkpt><trkpt lat="40.87483" lon="-3.88119"><ele>1186</ele></trkpt><trkpt lat="40.87491" lon="-3.8811"><ele>1186</ele></trkpt><trkpt lat="40.87498" lon="-3.88103"><ele>1185</ele></trkpt><trkpt lat="40.87508" lon="-3.88096"><ele>1185</ele></trkpt><trkpt lat="40.87518" lon="-3.88089"><ele>1185</ele></trkpt><trkpt lat="40.87527" lon="-3.88084"><ele>1185</ele></trkpt><trkpt lat="40.87546" lon="-3.88077"><ele>1185</ele></trkpt><trkpt lat="40.87553" lon="-3.88075"><ele>1184</ele></trkpt><trkpt lat="40.87559" lon="-3.88075"><ele>1184</ele></trkpt><trkpt lat="40.87563" lon="-3.88075"><ele>1184</ele></trkpt><trkpt lat="40.87567" lon="-3.88076"><ele>1184</ele></trkpt><trkpt lat="40.87574" lon="-3.88079"><ele>1183</ele></trkpt><trkpt lat="40.87578" lon="-3.88081"><ele>1183</ele></trkpt><trkpt lat="40.87667" lon="-3.88143"><ele>1182</ele></trkpt><trkpt lat="40.87703" lon="-3.8817"><ele>1181</ele></trkpt><trkpt lat="40.87809" lon="-3.88248"><ele>1176</ele></trkpt><trkpt lat="40.87872" lon="-3.88295"><ele>1173</ele></trkpt><trkpt lat="40.88007" lon="-3.88395"><ele>1168</ele></trkpt><trkpt lat="40.88033" lon="-3.88414"><ele>1167</ele></trkpt><trkpt lat="40.88041" lon="-3.8842"><ele>1167</ele></trkpt><trkpt lat="40.8806" lon="-3.88434"><ele>1167</ele></trkpt><trkpt lat="40.88101" lon="-3.88464"><ele>1166</ele></trkpt><trkpt lat="40.88139" lon="-3.88492"><ele>1165</ele></trkpt><trkpt lat="40.88148" lon="-3.88499"><ele>1165</ele></trkpt><trkpt lat="40.88157" lon="-3.88507"><ele>1166</ele></trkpt><trkpt lat="40.88165" lon="-3.88515"><ele>1166</ele></trkpt><trkpt lat="40.88173" lon="-3.88523"><ele>1166</ele></trkpt><trkpt lat="40.88185" lon="-3.88542"><ele>1167</ele></trkpt><trkpt lat="40.88205" lon="-3.8857"><ele>1167</ele></trkpt><trkpt lat="40.88236" lon="-3.88617"><ele>1167</ele></trkpt><trkpt lat="40.88241" lon="-3.88624"><ele>1167</ele></trkpt><trkpt lat="40.88249" lon="-3.88631"><ele>1167</ele></trkpt><trkpt lat="40.88254" lon="-3.88635"><ele>1166</ele></trkpt><trkpt lat="40.88258" lon="-3.88638"><ele>1166</ele></trkpt><trkpt lat="40.88262" lon="-3.88641"><ele>1166</ele></trkpt><trkpt lat="40.8827" lon="-3.88643"><ele>1166</ele></trkpt><trkpt lat="40.88498" lon="-3.887"><ele>1157</ele></trkpt><trkpt lat="40.88579" lon="-3.88719"><ele>1156</ele></trkpt><trkpt lat="40.8859" lon="-3.88721"><ele>1156</ele></trkpt><trkpt lat="40.88595" lon="-3.88721"><ele>1155</ele></trkpt><trkpt lat="40.886" lon="-3.8872"><ele>1155</ele></trkpt><trkpt lat="40.88608" lon="-3.8872"><ele>1155</ele></trkpt><trkpt lat="40.88613" lon="-3.88719"><ele>1155</ele></trkpt><trkpt lat="40.88727" lon="-3.88677"><ele>1154</ele></trkpt><trkpt lat="40.88734" lon="-3.88674"><ele>1154</ele></trkpt><trkpt lat="40.88745" lon="-3.88667"><ele>1154</ele></trkpt><trkpt lat="40.88764" lon="-3.88656"><ele>1154</ele></trkpt><trkpt lat="40.8879" lon="-3.88639"><ele>1154</ele></trkpt><trkpt lat="40.88806" lon="-3.88628"><ele>1154</ele></trkpt><trkpt lat="40.88859" lon="-3.8859"><ele>1153</ele></trkpt><trkpt lat="40.88898" lon="-3.8856"><ele>1152</ele></trkpt><trkpt lat="40.88923" lon="-3.88543"><ele>1151</ele></trkpt><trkpt lat="40.88938" lon="-3.88532"><ele>1151</ele></trkpt><trkpt lat="40.88944" lon="-3.88527"><ele>1151</ele></trkpt><trkpt lat="40.88949" lon="-3.88525"><ele>1151</ele></trkpt><trkpt lat="40.88963" lon="-3.88519"><ele>1151</ele></trkpt><trkpt lat="40.8898" lon="-3.88513"><ele>1151</ele></trkpt><trkpt lat="40.89004" lon="-3.88506"><ele>1151</ele></trkpt><trkpt lat="40.89032" lon="-3.88496"><ele>1151</ele></trkpt><trkpt lat="40.89085" lon="-3.88475"><ele>1151</ele></trkpt><trkpt lat="40.89096" lon="-3.8847"><ele>1150</ele></trkpt><trkpt lat="40.89109" lon="-3.88463"><ele>1150</ele></trkpt><trkpt lat="40.89133" lon="-3.8845"><ele>1150</ele></trkpt><trkpt lat="40.89148" lon="-3.88441"><ele>1150</ele></trkpt><trkpt lat="40.89163" lon="-3.88431"><ele>1150</ele></trkpt><trkpt lat="40.89174" lon="-3.88422"><ele>1149</ele></trkpt><trkpt lat="40.89184" lon="-3.88412"><ele>1149</ele></trkpt><trkpt lat="40.89222" lon="-3.88373"><ele>1147</ele></trkpt><trkpt lat="40.89264" lon="-3.88327"><ele>1146</ele></trkpt><trkpt lat="40.893" lon="-3.88285"><ele>1146</ele></trkpt><trkpt lat="40.89374" lon="-3.88194"><ele>1145</ele></trkpt><trkpt lat="40.89473" lon="-3.88077"><ele>1142</ele></trkpt><trkpt lat="40.89489" lon="-3.88059"><ele>1141</ele></trkpt><trkpt lat="40.895" lon="-3.8805"><ele>1141</ele></trkpt><trkpt lat="40.89506" lon="-3.88046"><ele>1141</ele></trkpt><trkpt lat="40.89525" lon="-3.88035"><ele>1141</ele></trkpt><trkpt lat="40.89549" lon="-3.88024"><ele>1140</ele></trkpt><trkpt lat="40.89561" lon="-3.88019"><ele>1140</ele></trkpt><trkpt lat="40.89567" lon="-3.88018"><ele>1140</ele></trkpt><trkpt lat="40.89578" lon="-3.88015"><ele>1140</ele></trkpt><trkpt lat="40.8959" lon="-3.88014"><ele>1140</ele></trkpt><trkpt lat="40.89604" lon="-3.88013"><ele>1141</ele></trkpt><trkpt lat="40.89666" lon="-3.88015"><ele>1142</ele></trkpt><trkpt lat="40.89684" lon="-3.88016"><ele>1142</ele></trkpt><trkpt lat="40.89698" lon="-3.88018"><ele>1142</ele></trkpt><trkpt lat="40.89709" lon="-3.8802"><ele>1142</ele></trkpt><trkpt lat="40.89738" lon="-3.88026"><ele>1142</ele></trkpt><trkpt lat="40.89775" lon="-3.88027"><ele>1143</ele></trkpt><trkpt lat="40.89798" lon="-3.88028"><ele>1143</ele></trkpt><trkpt lat="40.89819" lon="-3.88027"><ele>1143</ele></trkpt><trkpt lat="40.89884" lon="-3.88018"><ele>1143</ele></trkpt><trkpt lat="40.89898" lon="-3.88017"><ele>1143</ele></trkpt><trkpt lat="40.89926" lon="-3.88011"><ele>1143</ele></trkpt><trkpt lat="40.89937" lon="-3.88007"><ele>1143</ele></trkpt><trkpt lat="40.89948" lon="-3.88001"><ele>1143</ele></trkpt><trkpt lat="40.89968" lon="-3.87989"><ele>1144</ele></trkpt><trkpt lat="40.89978" lon="-3.87983"><ele>1144</ele></trkpt><trkpt lat="40.8999" lon="-3.87975"><ele>1144</ele></trkpt><trkpt lat="40.90003" lon="-3.87967"><ele>1144</ele></trkpt><trkpt lat="40.90009" lon="-3.8796"><ele>1145</ele></trkpt><trkpt lat="40.90036" lon="-3.87936"><ele>1146</ele></trkpt><trkpt lat="40.90072" lon="-3.87902"><ele>1147</ele></trkpt><trkpt lat="40.90112" lon="-3.87866"><ele>1148</ele></trkpt><trkpt lat="40.90124" lon="-3.87852"><ele>1148</ele></trkpt><trkpt lat="40.90136" lon="-3.87841"><ele>1148</ele></trkpt><trkpt lat="40.90145" lon="-3.87834"><ele>1148</ele></trkpt><trkpt lat="40.90156" lon="-3.87831"><ele>1148</ele></trkpt><trkpt lat="40.90177" lon="-3.87829"><ele>1149</ele></trkpt><trkpt lat="40.90202" lon="-3.87828"><ele>1149</ele></trkpt><trkpt lat="40.90211" lon="-3.87828"><ele>1149</ele></trkpt><trkpt lat="40.90221" lon="-3.87827"><ele>1149</ele></trkpt><trkpt lat="40.90227" lon="-3.87827"><ele>1149</ele></trkpt><trkpt lat="40.90247" lon="-3.87825"><ele>1150</ele></trkpt><trkpt lat="40.90276" lon="-3.87826"><ele>1150</ele></trkpt><trkpt lat="40.90301" lon="-3.87863"><ele>1153</ele></trkpt><trkpt lat="40.90346" lon="-3.87928"><ele>1156</ele></trkpt><trkpt lat="40.90358" lon="-3.87948"><ele>1157</ele></trkpt><trkpt lat="40.90364" lon="-3.87957"><ele>1157</ele></trkpt><trkpt lat="40.90367" lon="-3.87961"><ele>1158</ele></trkpt><trkpt lat="40.9037" lon="-3.87964"><ele>1158</ele></trkpt><trkpt lat="40.90373" lon="-3.87966"><ele>1158</ele></trkpt><trkpt lat="40.90377" lon="-3.87966"><ele>1158</ele></trkpt><trkpt lat="40.90381" lon="-3.87964"><ele>1158</ele></trkpt><trkpt lat="40.90385" lon="-3.87962"><ele>1158</ele></trkpt><trkpt lat="40.90389" lon="-3.87959"><ele>1158</ele></trkpt><trkpt lat="40.90391" lon="-3.87957"><ele>1158</ele></trkpt><trkpt lat="40.90406" lon="-3.87941"><ele>1158</ele></trkpt><trkpt lat="40.90439" lon="-3.87905"><ele>1158</ele></trkpt><trkpt lat="40.90444" lon="-3.87902"><ele>1158</ele></trkpt><trkpt lat="40.90455" lon="-3.87895"><ele>1158</ele></trkpt><trkpt lat="40.90472" lon="-3.87887"><ele>1158</ele></trkpt><trkpt lat="40.90487" lon="-3.87878"><ele>1158</ele></trkpt><trkpt lat="40.90496" lon="-3.87869"><ele>1158</ele></trkpt><trkpt lat="40.90502" lon="-3.87859"><ele>1158</ele></trkpt><trkpt lat="40.90504" lon="-3.87855"><ele>1158</ele></trkpt><trkpt lat="40.90508" lon="-3.87846"><ele>1157</ele></trkpt><trkpt lat="40.90513" lon="-3.87835"><ele>1157</ele></trkpt><trkpt lat="40.90519" lon="-3.87823"><ele>1157</ele></trkpt><trkpt lat="40.90523" lon="-3.87813"><ele>1156</ele></trkpt><trkpt lat="40.90526" lon="-3.87807"><ele>1156</ele></trkpt><trkpt lat="40.9053" lon="-3.87802"><ele>1156</ele></trkpt><trkpt lat="40.90532" lon="-3.87798"><ele>1156</ele></trkpt><trkpt lat="40.90535" lon="-3.87794"><ele>1155</ele></trkpt><trkpt lat="40.90538" lon="-3.87791"><ele>1155</ele></trkpt><trkpt lat="40.90542" lon="-3.87788"><ele>1155</ele></trkpt><trkpt lat="40.90542" lon="-3.87788"><ele>1155</ele></trkpt><trkpt lat="40.90534" lon="-3.87782"><ele>1155</ele></trkpt><trkpt lat="40.90537" lon="-3.8777"><ele>1155</ele></trkpt><trkpt lat="40.9054" lon="-3.87753"><ele>1154</ele></trkpt><trkpt lat="40.90544" lon="-3.87734"><ele>1153</ele></trkpt><trkpt lat="40.90549" lon="-3.87715"><ele>1153</ele></trkpt><trkpt lat="40.90552" lon="-3.87697"><ele>1152</ele></trkpt><trkpt lat="40.90556" lon="-3.87674"><ele>1151</ele></trkpt><trkpt lat="40.90558" lon="-3.8766"><ele>1151</ele></trkpt><trkpt lat="40.90559" lon="-3.87655"><ele>1151</ele></trkpt><trkpt lat="40.9056" lon="-3.87635"><ele>1150</ele></trkpt><trkpt lat="40.9056" lon="-3.87606"><ele>1150</ele></trkpt><trkpt lat="40.9056" lon="-3.87574"><ele>1149</ele></trkpt><trkpt lat="40.90561" lon="-3.87544"><ele>1148</ele></trkpt><trkpt lat="40.90561" lon="-3.87516"><ele>1147</ele></trkpt><trkpt lat="40.90561" lon="-3.87491"><ele>1146</ele></trkpt><trkpt lat="40.9056" lon="-3.87465"><ele>1145</ele></trkpt><trkpt lat="40.90558" lon="-3.87437"><ele>1144</ele></trkpt><trkpt lat="40.90546" lon="-3.87328"><ele>1141</ele></trkpt><trkpt lat="40.90537" lon="-3.87251"><ele>1138</ele></trkpt><trkpt lat="40.90515" lon="-3.87064"><ele>1132</ele></trkpt><trkpt lat="40.905" lon="-3.86946"><ele>1128</ele></trkpt><trkpt lat="40.90491" lon="-3.86869"><ele>1126</ele></trkpt><trkpt lat="40.90481" lon="-3.86782"><ele>1125</ele></trkpt><trkpt lat="40.90473" lon="-3.86713"><ele>1124</ele></trkpt><trkpt lat="40.90468" lon="-3.86677"><ele>1124</ele></trkpt><trkpt lat="40.90463" lon="-3.86656"><ele>1124</ele></trkpt><trkpt lat="40.90459" lon="-3.86641"><ele>1124</ele></trkpt><trkpt lat="40.90453" lon="-3.86625"><ele>1124</ele></trkpt><trkpt lat="40.90446" lon="-3.86611"><ele>1124</ele></trkpt><trkpt lat="40.90439" lon="-3.86597"><ele>1124</ele></trkpt><trkpt lat="40.90431" lon="-3.86578"><ele>1124</ele></trkpt><trkpt lat="40.90422" lon="-3.86556"><ele>1123</ele></trkpt><trkpt lat="40.90416" lon="-3.86544"><ele>1123</ele></trkpt><trkpt lat="40.90408" lon="-3.86531"><ele>1123</ele></trkpt><trkpt lat="40.904" lon="-3.86513"><ele>1122</ele></trkpt><trkpt lat="40.90393" lon="-3.86496"><ele>1122</ele></trkpt><trkpt lat="40.90382" lon="-3.8647"><ele>1122</ele></trkpt><trkpt lat="40.90372" lon="-3.86445"><ele>1122</ele></trkpt><trkpt lat="40.90363" lon="-3.86425"><ele>1122</ele></trkpt><trkpt lat="40.90356" lon="-3.86407"><ele>1122</ele></trkpt><trkpt lat="40.90349" lon="-3.86392"><ele>1122</ele></trkpt><trkpt lat="40.90344" lon="-3.8638"><ele>1123</ele></trkpt><trkpt lat="40.90336" lon="-3.86365"><ele>1123</ele></trkpt><trkpt lat="40.90328" lon="-3.86352"><ele>1123</ele></trkpt><trkpt lat="40.9032" lon="-3.86342"><ele>1123</ele></trkpt><trkpt lat="40.90312" lon="-3.86335"><ele>1123</ele></trkpt><trkpt lat="40.90305" lon="-3.86331"><ele>1123</ele></trkpt><trkpt lat="40.90288" lon="-3.86321"><ele>1124</ele></trkpt><trkpt lat="40.90254" lon="-3.86305"><ele>1124</ele></trkpt><trkpt lat="40.90224" lon="-3.86292"><ele>1126</ele></trkpt><trkpt lat="40.90194" lon="-3.86279"><ele>1127</ele></trkpt><trkpt lat="40.90165" lon="-3.86266"><ele>1129</ele></trkpt><trkpt lat="40.90141" lon="-3.86258"><ele>1131</ele></trkpt><trkpt lat="40.90125" lon="-3.86257"><ele>1132</ele></trkpt><trkpt lat="40.90108" lon="-3.86262"><ele>1133</ele></trkpt><trkpt lat="40.90082" lon="-3.86272"><ele>1134</ele></trkpt><trkpt lat="40.90038" lon="-3.86289"><ele>1135</ele></trkpt><trkpt lat="40.89994" lon="-3.86303"><ele>1136</ele></trkpt><trkpt lat="40.89943" lon="-3.86311"><ele>1137</ele></trkpt><trkpt lat="40.89894" lon="-3.86317"><ele>1137</ele></trkpt><trkpt lat="40.89871" lon="-3.86319"><ele>1138</ele></trkpt><trkpt lat="40.89844" lon="-3.86316"><ele>1138</ele></trkpt><trkpt lat="40.89798" lon="-3.86303"><ele>1139</ele></trkpt><trkpt lat="40.89761" lon="-3.86295"><ele>1139</ele></trkpt><trkpt lat="40.89723" lon="-3.86288"><ele>1139</ele></trkpt><trkpt lat="40.89694" lon="-3.86279"><ele>1139</ele></trkpt><trkpt lat="40.8967" lon="-3.86273"><ele>1139</ele></trkpt><trkpt lat="40.89653" lon="-3.86267"><ele>1140</ele></trkpt><trkpt lat="40.89632" lon="-3.86254"><ele>1141</ele></trkpt><trkpt lat="40.89612" lon="-3.86242"><ele>1141</ele></trkpt><trkpt lat="40.896" lon="-3.86233"><ele>1142</ele></trkpt><trkpt lat="40.8959" lon="-3.86227"><ele>1142</ele></trkpt><trkpt lat="40.89561" lon="-3.86209"><ele>1143</ele></trkpt><trkpt lat="40.89532" lon="-3.86196"><ele>1144</ele></trkpt><trkpt lat="40.89504" lon="-3.86185"><ele>1145</ele></trkpt><trkpt lat="40.89481" lon="-3.86177"><ele>1146</ele></trkpt><trkpt lat="40.89459" lon="-3.86162"><ele>1147</ele></trkpt><trkpt lat="40.89442" lon="-3.86142"><ele>1149</ele></trkpt><trkpt lat="40.89431" lon="-3.86122"><ele>1150</ele></trkpt><trkpt lat="40.89419" lon="-3.861"><ele>1151</ele></trkpt><trkpt lat="40.89408" lon="-3.86073"><ele>1152</ele></trkpt><trkpt lat="40.89393" lon="-3.86035"><ele>1152</ele></trkpt><trkpt lat="40.89379" lon="-3.86004"><ele>1153</ele></trkpt><trkpt lat="40.89363" lon="-3.85969"><ele>1153</ele></trkpt><trkpt lat="40.8934" lon="-3.85932"><ele>1153</ele></trkpt><trkpt lat="40.89326" lon="-3.85911"><ele>1153</ele></trkpt><trkpt lat="40.8928" lon="-3.85832"><ele>1153</ele></trkpt><trkpt lat="40.89166" lon="-3.85673"><ele>1148</ele></trkpt><trkpt lat="40.89116" lon="-3.85602"><ele>1145</ele></trkpt><trkpt lat="40.89057" lon="-3.85519"><ele>1143</ele></trkpt><trkpt lat="40.89055" lon="-3.85516"><ele>1143</ele></trkpt><trkpt lat="40.89053" lon="-3.85511"><ele>1143</ele></trkpt><trkpt lat="40.89052" lon="-3.85508"><ele>1143</ele></trkpt><trkpt lat="40.89051" lon="-3.85504"><ele>1143</ele></trkpt><trkpt lat="40.89051" lon="-3.855"><ele>1143</ele></trkpt><trkpt lat="40.89051" lon="-3.85498"><ele>1143</ele></trkpt><trkpt lat="40.89051" lon="-3.85495"><ele>1143</ele></trkpt><trkpt lat="40.8905" lon="-3.85493"><ele>1143</ele></trkpt><trkpt lat="40.8905" lon="-3.85491"><ele>1143</ele></trkpt><trkpt lat="40.89048" lon="-3.85487"><ele>1142</ele></trkpt><trkpt lat="40.89047" lon="-3.85484"><ele>1142</ele></trkpt><trkpt lat="40.89042" lon="-3.85475"><ele>1142</ele></trkpt><trkpt lat="40.89023" lon="-3.85448"><ele>1143</ele></trkpt><trkpt lat="40.89002" lon="-3.85418"><ele>1143</ele></trkpt><trkpt lat="40.88979" lon="-3.85383"><ele>1145</ele></trkpt><trkpt lat="40.88953" lon="-3.85347"><ele>1148</ele></trkpt><trkpt lat="40.88904" lon="-3.85276"><ele>1152</ele></trkpt><trkpt lat="40.88813" lon="-3.85145"><ele>1158</ele></trkpt><trkpt lat="40.88782" lon="-3.85105"><ele>1162</ele></trkpt><trkpt lat="40.88757" lon="-3.85073"><ele>1165</ele></trkpt><trkpt lat="40.88751" lon="-3.85063"><ele>1166</ele></trkpt><trkpt lat="40.88745" lon="-3.85054"><ele>1167</ele></trkpt><trkpt lat="40.88742" lon="-3.85046"><ele>1168</ele></trkpt><trkpt lat="40.88738" lon="-3.85035"><ele>1169</ele></trkpt><trkpt lat="40.88735" lon="-3.85025"><ele>1169</ele></trkpt><trkpt lat="40.88732" lon="-3.85012"><ele>1170</ele></trkpt><trkpt lat="40.88731" lon="-3.85"><ele>1171</ele></trkpt><trkpt lat="40.8873" lon="-3.84979"><ele>1172</ele></trkpt><trkpt lat="40.88727" lon="-3.84939"><ele>1175</ele></trkpt><trkpt lat="40.88726" lon="-3.84922"><ele>1176</ele></trkpt><trkpt lat="40.88726" lon="-3.84913"><ele>1177</ele></trkpt><trkpt lat="40.88728" lon="-3.84892"><ele>1178</ele></trkpt><trkpt lat="40.88731" lon="-3.8486"><ele>1180</ele></trkpt><trkpt lat="40.88735" lon="-3.84821"><ele>1182</ele></trkpt><trkpt lat="40.88744" lon="-3.84756"><ele>1185</ele></trkpt><trkpt lat="40.8876" lon="-3.84646"><ele>1190</ele></trkpt><trkpt lat="40.88762" lon="-3.8462"><ele>1192</ele></trkpt><trkpt lat="40.88763" lon="-3.84617"><ele>1192</ele></trkpt><trkpt lat="40.88769" lon="-3.84504"><ele>1201</ele></trkpt><trkpt lat="40.88771" lon="-3.84478"><ele>1203</ele></trkpt><trkpt lat="40.88783" lon="-3.84348"><ele>1211</ele></trkpt><trkpt lat="40.88788" lon="-3.84247"><ele>1216</ele></trkpt><trkpt lat="40.88784" lon="-3.84175"><ele>1221</ele></trkpt><trkpt lat="40.88783" lon="-3.84145"><ele>1222</ele></trkpt><trkpt lat="40.88783" lon="-3.84128"><ele>1223</ele></trkpt><trkpt lat="40.88785" lon="-3.84107"><ele>1224</ele></trkpt><trkpt lat="40.8879" lon="-3.84084"><ele>1223</ele></trkpt><trkpt lat="40.88796" lon="-3.84054"><ele>1224</ele></trkpt><trkpt lat="40.88808" lon="-3.84002"><ele>1225</ele></trkpt><trkpt lat="40.88812" lon="-3.8398"><ele>1225</ele></trkpt><trkpt lat="40.88812" lon="-3.83959"><ele>1226</ele></trkpt><trkpt lat="40.88812" lon="-3.8394"><ele>1227</ele></trkpt><trkpt lat="40.8881" lon="-3.83924"><ele>1228</ele></trkpt><trkpt lat="40.88807" lon="-3.83907"><ele>1228</ele></trkpt><trkpt lat="40.88805" lon="-3.83896"><ele>1229</ele></trkpt><trkpt lat="40.88801" lon="-3.83885"><ele>1229</ele></trkpt><trkpt lat="40.88769" lon="-3.83819"><ele>1233</ele></trkpt><trkpt lat="40.88747" lon="-3.8378"><ele>1232</ele></trkpt><trkpt lat="40.88743" lon="-3.83773"><ele>1232</ele></trkpt><trkpt lat="40.88738" lon="-3.83768"><ele>1232</ele></trkpt><trkpt lat="40.8872" lon="-3.83756"><ele>1233</ele></trkpt><trkpt lat="40.88705" lon="-3.83745"><ele>1233</ele></trkpt><trkpt lat="40.88695" lon="-3.83738"><ele>1232</ele></trkpt><trkpt lat="40.88688" lon="-3.83735"><ele>1233</ele></trkpt><trkpt lat="40.88683" lon="-3.83735"><ele>1233</ele></trkpt><trkpt lat="40.88679" lon="-3.83738"><ele>1234</ele></trkpt><trkpt lat="40.88676" lon="-3.83741"><ele>1235</ele></trkpt><trkpt lat="40.88675" lon="-3.83747"><ele>1236</ele></trkpt><trkpt lat="40.88675" lon="-3.83754"><ele>1237</ele></trkpt><trkpt lat="40.88677" lon="-3.83761"><ele>1238</ele></trkpt><trkpt lat="40.88683" lon="-3.83778"><ele>1239</ele></trkpt><trkpt lat="40.88686" lon="-3.83787"><ele>1240</ele></trkpt><trkpt lat="40.88687" lon="-3.83795"><ele>1240</ele></trkpt><trkpt lat="40.88686" lon="-3.83802"><ele>1241</ele></trkpt><trkpt lat="40.88684" lon="-3.83807"><ele>1242</ele></trkpt><trkpt lat="40.88682" lon="-3.83809"><ele>1242</ele></trkpt><trkpt lat="40.88679" lon="-3.83811"><ele>1243</ele></trkpt><trkpt lat="40.88674" lon="-3.83812"><ele>1244</ele></trkpt><trkpt lat="40.88666" lon="-3.83812"><ele>1245</ele></trkpt><trkpt lat="40.88661" lon="-3.8381"><ele>1245</ele></trkpt><trkpt lat="40.88644" lon="-3.83803"><ele>1246</ele></trkpt><trkpt lat="40.8864" lon="-3.83802"><ele>1246</ele></trkpt><trkpt lat="40.88634" lon="-3.83802"><ele>1246</ele></trkpt><trkpt lat="40.88607" lon="-3.83801"><ele>1249</ele></trkpt><trkpt lat="40.88597" lon="-3.83802"><ele>1250</ele></trkpt><trkpt lat="40.8856" lon="-3.83805"><ele>1253</ele></trkpt><trkpt lat="40.88554" lon="-3.83806"><ele>1254</ele></trkpt><trkpt lat="40.88522" lon="-3.83812"><ele>1258</ele></trkpt><trkpt lat="40.88519" lon="-3.83813"><ele>1258</ele></trkpt><trkpt lat="40.88517" lon="-3.83814"><ele>1259</ele></trkpt><trkpt lat="40.88514" lon="-3.83817"><ele>1259</ele></trkpt><trkpt lat="40.88513" lon="-3.8382"><ele>1260</ele></trkpt><trkpt lat="40.88512" lon="-3.83822"><ele>1261</ele></trkpt><trkpt lat="40.88512" lon="-3.83825"><ele>1261</ele></trkpt><trkpt lat="40.88512" lon="-3.83829"><ele>1262</ele></trkpt><trkpt lat="40.88513" lon="-3.83833"><ele>1263</ele></trkpt><trkpt lat="40.88513" lon="-3.83834"><ele>1263</ele></trkpt><trkpt lat="40.88513" lon="-3.83835"><ele>1264</ele></trkpt><trkpt lat="40.88515" lon="-3.83838"><ele>1264</ele></trkpt><trkpt lat="40.88519" lon="-3.83842"><ele>1265</ele></trkpt><trkpt lat="40.88536" lon="-3.83856"><ele>1266</ele></trkpt><trkpt lat="40.88559" lon="-3.83875"><ele>1266</ele></trkpt><trkpt lat="40.88567" lon="-3.83882"><ele>1266</ele></trkpt><trkpt lat="40.88581" lon="-3.83899"><ele>1267</ele></trkpt><trkpt lat="40.88588" lon="-3.83907"><ele>1267</ele></trkpt><trkpt lat="40.88594" lon="-3.83919"><ele>1268</ele></trkpt><trkpt lat="40.88597" lon="-3.83927"><ele>1268</ele></trkpt><trkpt lat="40.88606" lon="-3.83959"><ele>1271</ele></trkpt><trkpt lat="40.8861" lon="-3.8398"><ele>1272</ele></trkpt><trkpt lat="40.88612" lon="-3.83998"><ele>1274</ele></trkpt><trkpt lat="40.88613" lon="-3.84009"><ele>1275</ele></trkpt><trkpt lat="40.88614" lon="-3.84021"><ele>1276</ele></trkpt><trkpt lat="40.88614" lon="-3.8403"><ele>1276</ele></trkpt><trkpt lat="40.88614" lon="-3.84032"><ele>1277</ele></trkpt><trkpt lat="40.88613" lon="-3.84034"><ele>1277</ele></trkpt><trkpt lat="40.88613" lon="-3.84035"><ele>1277</ele></trkpt><trkpt lat="40.88613" lon="-3.84036"><ele>1277</ele></trkpt><trkpt lat="40.8861" lon="-3.84039"><ele>1279</ele></trkpt><trkpt lat="40.88608" lon="-3.84039"><ele>1279</ele></trkpt><trkpt lat="40.88606" lon="-3.8404"><ele>1280</ele></trkpt><trkpt lat="40.88604" lon="-3.8404"><ele>1281</ele></trkpt><trkpt lat="40.88602" lon="-3.84039"><ele>1281</ele></trkpt><trkpt lat="40.88598" lon="-3.84037"><ele>1282</ele></trkpt><trkpt lat="40.88596" lon="-3.84035"><ele>1283</ele></trkpt><trkpt lat="40.88593" lon="-3.84031"><ele>1283</ele></trkpt><trkpt lat="40.8857" lon="-3.83987"><ele>1283</ele></trkpt><trkpt lat="40.88558" lon="-3.83972"><ele>1284</ele></trkpt><trkpt lat="40.88547" lon="-3.83958"><ele>1283</ele></trkpt><trkpt lat="40.88534" lon="-3.83949"><ele>1285</ele></trkpt><trkpt lat="40.88529" lon="-3.83946"><ele>1285</ele></trkpt><trkpt lat="40.88524" lon="-3.83945"><ele>1286</ele></trkpt><trkpt lat="40.88516" lon="-3.83942"><ele>1287</ele></trkpt><trkpt lat="40.88487" lon="-3.83937"><ele>1290</ele></trkpt><trkpt lat="40.88398" lon="-3.83915"><ele>1293</ele></trkpt><trkpt lat="40.88374" lon="-3.83915"><ele>1292</ele></trkpt><trkpt lat="40.88349" lon="-3.83922"><ele>1294</ele></trkpt><trkpt lat="40.88346" lon="-3.83924"><ele>1294</ele></trkpt><trkpt lat="40.88332" lon="-3.83932"><ele>1296</ele></trkpt><trkpt lat="40.88323" lon="-3.83942"><ele>1297</ele></trkpt><trkpt lat="40.88314" lon="-3.83952"><ele>1298</ele></trkpt><trkpt lat="40.88304" lon="-3.83964"><ele>1300</ele></trkpt><trkpt lat="40.88298" lon="-3.83973"><ele>1301</ele></trkpt><trkpt lat="40.88294" lon="-3.83986"><ele>1303</ele></trkpt><trkpt lat="40.88272" lon="-3.84062"><ele>1315</ele></trkpt><trkpt lat="40.88258" lon="-3.84104"><ele>1320</ele></trkpt><trkpt lat="40.88252" lon="-3.84117"><ele>1321</ele></trkpt><trkpt lat="40.88216" lon="-3.84176"><ele>1325</ele></trkpt><trkpt lat="40.88168" lon="-3.84252"><ele>1329</ele></trkpt><trkpt lat="40.88152" lon="-3.84282"><ele>1331</ele></trkpt><trkpt lat="40.88143" lon="-3.84313"><ele>1334</ele></trkpt><trkpt lat="40.88132" lon="-3.84349"><ele>1338</ele></trkpt><trkpt lat="40.88126" lon="-3.84365"><ele>1339</ele></trkpt><trkpt lat="40.88083" lon="-3.84458"><ele>1347</ele></trkpt><trkpt lat="40.8808" lon="-3.84463"><ele>1347</ele></trkpt><trkpt lat="40.88063" lon="-3.84492"><ele>1351</ele></trkpt><trkpt lat="40.88059" lon="-3.84496"><ele>1351</ele></trkpt><trkpt lat="40.88049" lon="-3.84511"><ele>1353</ele></trkpt><trkpt lat="40.88038" lon="-3.84521"><ele>1353</ele></trkpt><trkpt lat="40.88038" lon="-3.84521"><ele>1353</ele></trkpt><trkpt lat="40.88053" lon="-3.8453500000001"><ele>1356</ele></trkpt><trkpt lat="40.88013" lon="-3.84558"><ele>1357</ele></trkpt><trkpt lat="40.87946" lon="-3.84536"><ele>1359</ele></trkpt><trkpt lat="40.87946" lon="-3.84536"><ele>1359</ele></trkpt><trkpt lat="40.87937" lon="-3.84532"><ele>1359</ele></trkpt><trkpt lat="40.87926" lon="-3.84525"><ele>1359</ele></trkpt><trkpt lat="40.87914" lon="-3.84516"><ele>1359</ele></trkpt><trkpt lat="40.87871" lon="-3.84478"><ele>1360</ele></trkpt><trkpt lat="40.87863" lon="-3.84472"><ele>1360</ele></trkpt><trkpt lat="40.87858" lon="-3.84469"><ele>1360</ele></trkpt><trkpt lat="40.87855" lon="-3.84469"><ele>1361</ele></trkpt><trkpt lat="40.87853" lon="-3.84469"><ele>1361</ele></trkpt><trkpt lat="40.87846" lon="-3.84471"><ele>1363</ele></trkpt><trkpt lat="40.87839" lon="-3.84473"><ele>1364</ele></trkpt><trkpt lat="40.87822" lon="-3.8448"><ele>1368</ele></trkpt><trkpt lat="40.87812" lon="-3.84483"><ele>1371</ele></trkpt><trkpt lat="40.87802" lon="-3.84484"><ele>1373</ele></trkpt><trkpt lat="40.87797" lon="-3.84484"><ele>1374</ele></trkpt><trkpt lat="40.87796" lon="-3.84483"><ele>1374</ele></trkpt><trkpt lat="40.87794" lon="-3.84483"><ele>1374</ele></trkpt><trkpt lat="40.87792" lon="-3.84481"><ele>1374</ele></trkpt><trkpt lat="40.87789" lon="-3.84479"><ele>1375</ele></trkpt><trkpt lat="40.87787" lon="-3.84478"><ele>1375</ele></trkpt><trkpt lat="40.87785" lon="-3.84475"><ele>1375</ele></trkpt><trkpt lat="40.87783" lon="-3.84473"><ele>1375</ele></trkpt><trkpt lat="40.87782" lon="-3.84471"><ele>1375</ele></trkpt><trkpt lat="40.87779" lon="-3.84468"><ele>1376</ele></trkpt><trkpt lat="40.87777" lon="-3.84466"><ele>1376</ele></trkpt><trkpt lat="40.87773" lon="-3.84463"><ele>1377</ele></trkpt><trkpt lat="40.8777" lon="-3.84461"><ele>1377</ele></trkpt><trkpt lat="40.87766" lon="-3.8446"><ele>1378</ele></trkpt><trkpt lat="40.87765" lon="-3.84461"><ele>1378</ele></trkpt><trkpt lat="40.87763" lon="-3.84461"><ele>1379</ele></trkpt><trkpt lat="40.87761" lon="-3.84461"><ele>1379</ele></trkpt><trkpt lat="40.87759" lon="-3.84464"><ele>1380</ele></trkpt><trkpt lat="40.87758" lon="-3.84465"><ele>1380</ele></trkpt><trkpt lat="40.87756" lon="-3.84468"><ele>1381</ele></trkpt><trkpt lat="40.87754" lon="-3.84471"><ele>1381</ele></trkpt><trkpt lat="40.87753" lon="-3.84474"><ele>1382</ele></trkpt><trkpt lat="40.87752" lon="-3.84478"><ele>1382</ele></trkpt><trkpt lat="40.87752" lon="-3.84481"><ele>1382</ele></trkpt><trkpt lat="40.87753" lon="-3.84486"><ele>1382</ele></trkpt><trkpt lat="40.87754" lon="-3.84489"><ele>1382</ele></trkpt><trkpt lat="40.87756" lon="-3.84493"><ele>1382</ele></trkpt><trkpt lat="40.8776" lon="-3.84501"><ele>1382</ele></trkpt><trkpt lat="40.87762" lon="-3.84504"><ele>1382</ele></trkpt><trkpt lat="40.87764" lon="-3.84507"><ele>1382</ele></trkpt><trkpt lat="40.87768" lon="-3.84511"><ele>1381</ele></trkpt><trkpt lat="40.87783" lon="-3.84518"><ele>1379</ele></trkpt><trkpt lat="40.87835" lon="-3.84537"><ele>1373</ele></trkpt><trkpt lat="40.87848" lon="-3.84544"><ele>1373</ele></trkpt><trkpt lat="40.87862" lon="-3.84553"><ele>1372</ele></trkpt><trkpt lat="40.87871" lon="-3.8456"><ele>1371</ele></trkpt><trkpt lat="40.87879" lon="-3.84571"><ele>1372</ele></trkpt><trkpt lat="40.87883" lon="-3.84581"><ele>1373</ele></trkpt><trkpt lat="40.87886" lon="-3.84591"><ele>1373</ele></trkpt><trkpt lat="40.8789" lon="-3.84608"><ele>1375</ele></trkpt><trkpt lat="40.87891" lon="-3.84622"><ele>1376</ele></trkpt><trkpt lat="40.87891" lon="-3.84634"><ele>1377</ele></trkpt><trkpt lat="40.87888" lon="-3.84651"><ele>1379</ele></trkpt><trkpt lat="40.87885" lon="-3.84663"><ele>1381</ele></trkpt><trkpt lat="40.87875" lon="-3.84691"><ele>1382</ele></trkpt><trkpt lat="40.87855" lon="-3.84753"><ele>1386</ele></trkpt><trkpt lat="40.87847" lon="-3.84774"><ele>1387</ele></trkpt><trkpt lat="40.87843" lon="-3.84782"><ele>1388</ele></trkpt><trkpt lat="40.87839" lon="-3.84786"><ele>1389</ele></trkpt><trkpt lat="40.87836" lon="-3.84787"><ele>1389</ele></trkpt><trkpt lat="40.87832" lon="-3.84787"><ele>1390</ele></trkpt><trkpt lat="40.8783" lon="-3.84786"><ele>1391</ele></trkpt><trkpt lat="40.87828" lon="-3.84785"><ele>1392</ele></trkpt><trkpt lat="40.87827" lon="-3.84784"><ele>1392</ele></trkpt><trkpt lat="40.87827" lon="-3.84782"><ele>1392</ele></trkpt><trkpt lat="40.87825" lon="-3.84777"><ele>1393</ele></trkpt><trkpt lat="40.87824" lon="-3.84774"><ele>1393</ele></trkpt><trkpt lat="40.87824" lon="-3.8477"><ele>1393</ele></trkpt><trkpt lat="40.87837" lon="-3.84744"><ele>1390</ele></trkpt><trkpt lat="40.87845" lon="-3.84724"><ele>1388</ele></trkpt><trkpt lat="40.87851" lon="-3.84702"><ele>1387</ele></trkpt><trkpt lat="40.87857" lon="-3.84669"><ele>1386</ele></trkpt><trkpt lat="40.87857" lon="-3.8466"><ele>1385</ele></trkpt><trkpt lat="40.87857" lon="-3.84653"><ele>1384</ele></trkpt><trkpt lat="40.87856" lon="-3.8465"><ele>1384</ele></trkpt><trkpt lat="40.87854" lon="-3.84647"><ele>1384</ele></trkpt><trkpt lat="40.87852" lon="-3.84644"><ele>1384</ele></trkpt><trkpt lat="40.87845" lon="-3.84635"><ele>1384</ele></trkpt><trkpt lat="40.87834" lon="-3.84626"><ele>1385</ele></trkpt><trkpt lat="40.87828" lon="-3.84623"><ele>1386</ele></trkpt><trkpt lat="40.87817" lon="-3.84622"><ele>1387</ele></trkpt><trkpt lat="40.87799" lon="-3.84619"><ele>1390</ele></trkpt><trkpt lat="40.87771" lon="-3.84617"><ele>1393</ele></trkpt><trkpt lat="40.87738" lon="-3.84613"><ele>1399</ele></trkpt><trkpt lat="40.87725" lon="-3.84611"><ele>1402</ele></trkpt><trkpt lat="40.87717" lon="-3.84607"><ele>1403</ele></trkpt><trkpt lat="40.87697" lon="-3.84592"><ele>1406</ele></trkpt><trkpt lat="40.87689" lon="-3.84586"><ele>1407</ele></trkpt><trkpt lat="40.87682" lon="-3.84583"><ele>1408</ele></trkpt><trkpt lat="40.87677" lon="-3.84581"><ele>1409</ele></trkpt><trkpt lat="40.8767" lon="-3.84579"><ele>1411</ele></trkpt><trkpt lat="40.87666" lon="-3.84578"><ele>1412</ele></trkpt><trkpt lat="40.87663" lon="-3.84576"><ele>1413</ele></trkpt><trkpt lat="40.8766" lon="-3.84573"><ele>1413</ele></trkpt><trkpt lat="40.87656" lon="-3.84569"><ele>1415</ele></trkpt><trkpt lat="40.87651" lon="-3.8456"><ele>1416</ele></trkpt><trkpt lat="40.87642" lon="-3.84543"><ele>1418</ele></trkpt><trkpt lat="40.87636" lon="-3.84532"><ele>1419</ele></trkpt><trkpt lat="40.87631" lon="-3.84521"><ele>1421</ele></trkpt><trkpt lat="40.87627" lon="-3.8451"><ele>1421</ele></trkpt><trkpt lat="40.87626" lon="-3.84491"><ele>1421</ele></trkpt><trkpt lat="40.87625" lon="-3.84471"><ele>1422</ele></trkpt><trkpt lat="40.87626" lon="-3.84393"><ele>1424</ele></trkpt><trkpt lat="40.87627" lon="-3.8437"><ele>1425</ele></trkpt><trkpt lat="40.87628" lon="-3.84361"><ele>1425</ele></trkpt><trkpt lat="40.87632" lon="-3.84296"><ele>1426</ele></trkpt><trkpt lat="40.87634" lon="-3.84266"><ele>1425</ele></trkpt><trkpt lat="40.87632" lon="-3.84246"><ele>1425</ele></trkpt><trkpt lat="40.87632" lon="-3.84246"><ele>1425</ele></trkpt><trkpt lat="40.87637" lon="-3.84245"><ele>1424</ele></trkpt><trkpt lat="40.87596" lon="-3.84159"><ele>1422</ele></trkpt><trkpt lat="40.87538" lon="-3.84181"><ele>1426</ele></trkpt><trkpt lat="40.87509" lon="-3.84347"><ele>1444</ele></trkpt><trkpt lat="40.87437" lon="-3.84439"><ele>1459</ele></trkpt><trkpt lat="40.87403" lon="-3.84461"><ele>1468</ele></trkpt><trkpt lat="40.872" lon="-3.8443600000001"><ele>1465</ele></trkpt><trkpt lat="40.87085" lon="-3.84523"><ele>1490</ele></trkpt><trkpt lat="40.87018" lon="-3.8452600000001"><ele>1486</ele></trkpt><trkpt lat="40.86857" lon="-3.84576"><ele>1508</ele></trkpt><trkpt lat="40.86857" lon="-3.84576"><ele>1508</ele></trkpt><trkpt lat="40.86851" lon="-3.84575"><ele>1509</ele></trkpt><trkpt lat="40.86849" lon="-3.84574"><ele>1509</ele></trkpt><trkpt lat="40.86846" lon="-3.84572"><ele>1509</ele></trkpt><trkpt lat="40.86844" lon="-3.8457"><ele>1509</ele></trkpt><trkpt lat="40.8684" lon="-3.84565"><ele>1508</ele></trkpt><trkpt lat="40.86804" lon="-3.84487"><ele>1506</ele></trkpt><trkpt lat="40.86795" lon="-3.84467"><ele>1508</ele></trkpt><trkpt lat="40.86781" lon="-3.84423"><ele>1508</ele></trkpt><trkpt lat="40.86766" lon="-3.84377"><ele>1505</ele></trkpt><trkpt lat="40.86758" lon="-3.84353"><ele>1503</ele></trkpt><trkpt lat="40.86755" lon="-3.84346"><ele>1502</ele></trkpt><trkpt lat="40.86754" lon="-3.84343"><ele>1502</ele></trkpt><trkpt lat="40.86748" lon="-3.84334"><ele>1502</ele></trkpt><trkpt lat="40.86741" lon="-3.84328"><ele>1502</ele></trkpt><trkpt lat="40.86728" lon="-3.84318"><ele>1503</ele></trkpt><trkpt lat="40.86723" lon="-3.84314"><ele>1503</ele></trkpt><trkpt lat="40.86719" lon="-3.84311"><ele>1503</ele></trkpt><trkpt lat="40.86715" lon="-3.84309"><ele>1504</ele></trkpt><trkpt lat="40.86712" lon="-3.84309"><ele>1505</ele></trkpt><trkpt lat="40.86704" lon="-3.84309"><ele>1507</ele></trkpt><trkpt lat="40.86697" lon="-3.84311"><ele>1509</ele></trkpt><trkpt lat="40.86687" lon="-3.84313"><ele>1513</ele></trkpt><trkpt lat="40.86678" lon="-3.84315"><ele>1516</ele></trkpt><trkpt lat="40.86672" lon="-3.84315"><ele>1517</ele></trkpt><trkpt lat="40.86667" lon="-3.84314"><ele>1518</ele></trkpt><trkpt lat="40.86665" lon="-3.84313"><ele>1519</ele></trkpt><trkpt lat="40.86662" lon="-3.84311"><ele>1519</ele></trkpt><trkpt lat="40.86661" lon="-3.8431"><ele>1519</ele></trkpt><trkpt lat="40.86659" lon="-3.84308"><ele>1519</ele></trkpt><trkpt lat="40.86656" lon="-3.84305"><ele>1519</ele></trkpt><trkpt lat="40.86641" lon="-3.84273"><ele>1514</ele></trkpt><trkpt lat="40.86636" lon="-3.84261"><ele>1511</ele></trkpt><trkpt lat="40.86631" lon="-3.8425"><ele>1509</ele></trkpt><trkpt lat="40.86627" lon="-3.84245"><ele>1509</ele></trkpt><trkpt lat="40.86622" lon="-3.84242"><ele>1509</ele></trkpt><trkpt lat="40.86599" lon="-3.84234"><ele>1513</ele></trkpt><trkpt lat="40.86582" lon="-3.84228"><ele>1515</ele></trkpt><trkpt lat="40.86559" lon="-3.84221"><ele>1518</ele></trkpt><trkpt lat="40.86547" lon="-3.8422"><ele>1521</ele></trkpt><trkpt lat="40.86536" lon="-3.84219"><ele>1524</ele></trkpt><trkpt lat="40.86525" lon="-3.84219"><ele>1526</ele></trkpt><trkpt lat="40.86518" lon="-3.84217"><ele>1528</ele></trkpt><trkpt lat="40.86512" lon="-3.84213"><ele>1528</ele></trkpt><trkpt lat="40.86487" lon="-3.84189"><ele>1527</ele></trkpt><trkpt lat="40.86471" lon="-3.84178"><ele>1530</ele></trkpt><trkpt lat="40.86454" lon="-3.84165"><ele>1532</ele></trkpt><trkpt lat="40.8645" lon="-3.8416"><ele>1532</ele></trkpt><trkpt lat="40.86447" lon="-3.84154"><ele>1532</ele></trkpt><trkpt lat="40.86443" lon="-3.84146"><ele>1531</ele></trkpt><trkpt lat="40.86441" lon="-3.84137"><ele>1529</ele></trkpt><trkpt lat="40.86436" lon="-3.84098"><ele>1519</ele></trkpt><trkpt lat="40.86433" lon="-3.84091"><ele>1518</ele></trkpt><trkpt lat="40.8643" lon="-3.84086"><ele>1518</ele></trkpt><trkpt lat="40.86424" lon="-3.8408"><ele>1518</ele></trkpt><trkpt lat="40.86418" lon="-3.84073"><ele>1518</ele></trkpt><trkpt lat="40.864183172414" lon="-3.8407360689655"><ele>1518</ele></trkpt><trkpt lat="40.8641" lon="-3.84081"><ele>1522</ele></trkpt><trkpt lat="40.863515135135" lon="-3.8405708108108"><ele>1525</ele></trkpt><trkpt lat="40.86351" lon="-3.84057"><ele>1525</ele></trkpt><trkpt lat="40.86334" lon="-3.8406"><ele>1529</ele></trkpt><trkpt lat="40.86319" lon="-3.84064"><ele>1531</ele></trkpt><trkpt lat="40.86307" lon="-3.84068"><ele>1533</ele></trkpt><trkpt lat="40.86301" lon="-3.84071"><ele>1533</ele></trkpt><trkpt lat="40.86293" lon="-3.84075"><ele>1534</ele></trkpt><trkpt lat="40.86259" lon="-3.84107"><ele>1542</ele></trkpt><trkpt lat="40.86248" lon="-3.84116"><ele>1544</ele></trkpt><trkpt lat="40.86235" lon="-3.84124"><ele>1545</ele></trkpt><trkpt lat="40.8621" lon="-3.84134"><ele>1546</ele></trkpt><trkpt lat="40.8619" lon="-3.84141"><ele>1545</ele></trkpt><trkpt lat="40.86185" lon="-3.84145"><ele>1545</ele></trkpt><trkpt lat="40.8618" lon="-3.8415"><ele>1546</ele></trkpt><trkpt lat="40.86176" lon="-3.84156"><ele>1546</ele></trkpt><trkpt lat="40.86173" lon="-3.84163"><ele>1547</ele></trkpt><trkpt lat="40.8617" lon="-3.84173"><ele>1548</ele></trkpt><trkpt lat="40.86169" lon="-3.84178"><ele>1549</ele></trkpt><trkpt lat="40.86168" lon="-3.84182"><ele>1549</ele></trkpt><trkpt lat="40.86168" lon="-3.84189"><ele>1551</ele></trkpt><trkpt lat="40.86169" lon="-3.84193"><ele>1551</ele></trkpt><trkpt lat="40.86171" lon="-3.84205"><ele>1554</ele></trkpt><trkpt lat="40.86173" lon="-3.84214"><ele>1556</ele></trkpt><trkpt lat="40.86173" lon="-3.84219"><ele>1557</ele></trkpt><trkpt lat="40.86172" lon="-3.84228"><ele>1558</ele></trkpt><trkpt lat="40.86168" lon="-3.84244"><ele>1560</ele></trkpt><trkpt lat="40.86156" lon="-3.84282"><ele>1564</ele></trkpt><trkpt lat="40.86145" lon="-3.84315"><ele>1566</ele></trkpt><trkpt lat="40.86132" lon="-3.84342"><ele>1567</ele></trkpt><trkpt lat="40.86102" lon="-3.84395"><ele>1569</ele></trkpt><trkpt lat="40.86096" lon="-3.84406"><ele>1569</ele></trkpt><trkpt lat="40.86086" lon="-3.84423"><ele>1570</ele></trkpt><trkpt lat="40.86079" lon="-3.84435"><ele>1572</ele></trkpt><trkpt lat="40.86074" lon="-3.84442"><ele>1573</ele></trkpt><trkpt lat="40.86068" lon="-3.84446"><ele>1574</ele></trkpt><trkpt lat="40.86059" lon="-3.84451"><ele>1575</ele></trkpt><trkpt lat="40.86038" lon="-3.84463"><ele>1577</ele></trkpt><trkpt lat="40.86008" lon="-3.84475"><ele>1578</ele></trkpt><trkpt lat="40.85981" lon="-3.84484"><ele>1581</ele></trkpt><trkpt lat="40.85971" lon="-3.84484"><ele>1583</ele></trkpt><trkpt lat="40.85969" lon="-3.84485"><ele>1583</ele></trkpt><trkpt lat="40.85956" lon="-3.84482"><ele>1584</ele></trkpt><trkpt lat="40.85944" lon="-3.84477"><ele>1583</ele></trkpt><trkpt lat="40.85935" lon="-3.84471"><ele>1583</ele></trkpt><trkpt lat="40.8593" lon="-3.84465"><ele>1582</ele></trkpt><trkpt lat="40.85919" lon="-3.8445"><ele>1578</ele></trkpt><trkpt lat="40.85913" lon="-3.84442"><ele>1577</ele></trkpt><trkpt lat="40.85907" lon="-3.84436"><ele>1575</ele></trkpt><trkpt lat="40.85902" lon="-3.84432"><ele>1575</ele></trkpt><trkpt lat="40.85896" lon="-3.84427"><ele>1574</ele></trkpt><trkpt lat="40.85895" lon="-3.84427"><ele>1574</ele></trkpt><trkpt lat="40.85889" lon="-3.84424"><ele>1573</ele></trkpt><trkpt lat="40.85881" lon="-3.84426"><ele>1574</ele></trkpt><trkpt lat="40.8587" lon="-3.84429"><ele>1576</ele></trkpt><trkpt lat="40.85837" lon="-3.84446"><ele>1583</ele></trkpt><trkpt lat="40.85826" lon="-3.8445"><ele>1584</ele></trkpt><trkpt lat="40.85777" lon="-3.84461"><ele>1585</ele></trkpt><trkpt lat="40.85769" lon="-3.84463"><ele>1586</ele></trkpt><trkpt lat="40.85766" lon="-3.84466"><ele>1586</ele></trkpt><trkpt lat="40.8576" lon="-3.84469"><ele>1586</ele></trkpt><trkpt lat="40.85753" lon="-3.84479"><ele>1588</ele></trkpt><trkpt lat="40.85748" lon="-3.84487"><ele>1589</ele></trkpt><trkpt lat="40.85744" lon="-3.845"><ele>1590</ele></trkpt><trkpt lat="40.85728" lon="-3.84543"><ele>1598</ele></trkpt><trkpt lat="40.85716" lon="-3.84575"><ele>1602</ele></trkpt><trkpt lat="40.85714" lon="-3.84579"><ele>1603</ele></trkpt><trkpt lat="40.85709" lon="-3.84586"><ele>1604</ele></trkpt><trkpt lat="40.85704" lon="-3.84592"><ele>1604</ele></trkpt><trkpt lat="40.85698" lon="-3.84598"><ele>1604</ele></trkpt><trkpt lat="40.85693" lon="-3.84601"><ele>1604</ele></trkpt><trkpt lat="40.85686" lon="-3.84607"><ele>1604</ele></trkpt><trkpt lat="40.8565" lon="-3.84635"><ele>1606</ele></trkpt><trkpt lat="40.8564" lon="-3.84642"><ele>1607</ele></trkpt><trkpt lat="40.85603" lon="-3.84672"><ele>1612</ele></trkpt><trkpt lat="40.85587" lon="-3.84685"><ele>1613</ele></trkpt><trkpt lat="40.85579" lon="-3.84691"><ele>1614</ele></trkpt><trkpt lat="40.85573" lon="-3.84695"><ele>1615</ele></trkpt><trkpt lat="40.85563" lon="-3.847"><ele>1616</ele></trkpt><trkpt lat="40.85556" lon="-3.84701"><ele>1617</ele></trkpt><trkpt lat="40.85545" lon="-3.847"><ele>1617</ele></trkpt><trkpt lat="40.85539" lon="-3.84698"><ele>1617</ele></trkpt><trkpt lat="40.85534" lon="-3.84696"><ele>1617</ele></trkpt><trkpt lat="40.85525" lon="-3.84691"><ele>1617</ele></trkpt><trkpt lat="40.85511" lon="-3.84683"><ele>1617</ele></trkpt><trkpt lat="40.85487" lon="-3.8467"><ele>1618</ele></trkpt><trkpt lat="40.8547" lon="-3.84661"><ele>1620</ele></trkpt><trkpt lat="40.85459" lon="-3.84651"><ele>1621</ele></trkpt><trkpt lat="40.8545" lon="-3.8464"><ele>1621</ele></trkpt><trkpt lat="40.85443" lon="-3.84629"><ele>1622</ele></trkpt><trkpt lat="40.85432" lon="-3.84609"><ele>1622</ele></trkpt><trkpt lat="40.85339" lon="-3.84457"><ele>1627</ele></trkpt><trkpt lat="40.85338" lon="-3.84455"><ele>1627</ele></trkpt><trkpt lat="40.85337" lon="-3.84454"><ele>1627</ele></trkpt><trkpt lat="40.85332" lon="-3.8445"><ele>1627</ele></trkpt><trkpt lat="40.8533" lon="-3.84448"><ele>1627</ele></trkpt><trkpt lat="40.85328" lon="-3.84447"><ele>1627</ele></trkpt><trkpt lat="40.85326" lon="-3.84446"><ele>1628</ele></trkpt><trkpt lat="40.85325" lon="-3.84445"><ele>1628</ele></trkpt><trkpt lat="40.85324" lon="-3.84444"><ele>1628</ele></trkpt><trkpt lat="40.8532" lon="-3.84444"><ele>1629</ele></trkpt><trkpt lat="40.85316" lon="-3.84443"><ele>1629</ele></trkpt><trkpt lat="40.85307" lon="-3.84443"><ele>1631</ele></trkpt><trkpt lat="40.85298" lon="-3.84444"><ele>1633</ele></trkpt><trkpt lat="40.85287" lon="-3.84446"><ele>1635</ele></trkpt><trkpt lat="40.85279" lon="-3.84448"><ele>1637</ele></trkpt><trkpt lat="40.85269" lon="-3.8445"><ele>1639</ele></trkpt><trkpt lat="40.85259" lon="-3.84453"><ele>1642</ele></trkpt><trkpt lat="40.85252" lon="-3.84455"><ele>1643</ele></trkpt><trkpt lat="40.85245" lon="-3.84456"><ele>1645</ele></trkpt><trkpt lat="40.85238" lon="-3.84456"><ele>1646</ele></trkpt><trkpt lat="40.85235" lon="-3.84457"><ele>1647</ele></trkpt><trkpt lat="40.85228" lon="-3.84456"><ele>1648</ele></trkpt><trkpt lat="40.85225" lon="-3.84455"><ele>1648</ele></trkpt><trkpt lat="40.8522" lon="-3.84453"><ele>1649</ele></trkpt><trkpt lat="40.85216" lon="-3.84449"><ele>1649</ele></trkpt><trkpt lat="40.85211" lon="-3.84444"><ele>1650</ele></trkpt><trkpt lat="40.85204" lon="-3.84436"><ele>1650</ele></trkpt><trkpt lat="40.85196" lon="-3.84425"><ele>1650</ele></trkpt><trkpt lat="40.85186" lon="-3.84413"><ele>1651</ele></trkpt><trkpt lat="40.85174" lon="-3.84399"><ele>1651</ele></trkpt><trkpt lat="40.85166" lon="-3.84388"><ele>1650</ele></trkpt><trkpt lat="40.85157" lon="-3.84377"><ele>1650</ele></trkpt><trkpt lat="40.85144" lon="-3.84362"><ele>1650</ele></trkpt><trkpt lat="40.85133" lon="-3.84349"><ele>1649</ele></trkpt><trkpt lat="40.85125" lon="-3.84338"><ele>1649</ele></trkpt><trkpt lat="40.85116" lon="-3.84328"><ele>1648</ele></trkpt><trkpt lat="40.85111" lon="-3.84323"><ele>1648</ele></trkpt><trkpt lat="40.85105" lon="-3.84319"><ele>1648</ele></trkpt><trkpt lat="40.85096" lon="-3.84314"><ele>1648</ele></trkpt><trkpt lat="40.8509" lon="-3.84312"><ele>1648</ele></trkpt><trkpt lat="40.85084" lon="-3.84312"><ele>1649</ele></trkpt><trkpt lat="40.85075" lon="-3.84311"><ele>1650</ele></trkpt><trkpt lat="40.85065" lon="-3.84312"><ele>1652</ele></trkpt><trkpt lat="40.85058" lon="-3.84313"><ele>1653</ele></trkpt><trkpt lat="40.85048" lon="-3.84315"><ele>1654</ele></trkpt><trkpt lat="40.85036" lon="-3.84317"><ele>1656</ele></trkpt><trkpt lat="40.85029" lon="-3.84318"><ele>1657</ele></trkpt><trkpt lat="40.85017" lon="-3.8432"><ele>1659</ele></trkpt><trkpt lat="40.85007" lon="-3.84321"><ele>1660</ele></trkpt><trkpt lat="40.84999" lon="-3.84322"><ele>1661</ele></trkpt><trkpt lat="40.84994" lon="-3.84322"><ele>1662</ele></trkpt><trkpt lat="40.84991" lon="-3.84321"><ele>1662</ele></trkpt><trkpt lat="40.84988" lon="-3.8432"><ele>1663</ele></trkpt><trkpt lat="40.84985" lon="-3.84317"><ele>1663</ele></trkpt><trkpt lat="40.84981" lon="-3.84314"><ele>1663</ele></trkpt><trkpt lat="40.84978" lon="-3.84309"><ele>1663</ele></trkpt><trkpt lat="40.84975" lon="-3.84303"><ele>1663</ele></trkpt><trkpt lat="40.84971" lon="-3.84292"><ele>1662</ele></trkpt><trkpt lat="40.84968" lon="-3.8428"><ele>1661</ele></trkpt><trkpt lat="40.84965" lon="-3.84268"><ele>1661</ele></trkpt><trkpt lat="40.84962" lon="-3.84252"><ele>1659</ele></trkpt><trkpt lat="40.84957" lon="-3.84235"><ele>1659</ele></trkpt><trkpt lat="40.84952" lon="-3.84217"><ele>1659</ele></trkpt><trkpt lat="40.84949" lon="-3.84206"><ele>1659</ele></trkpt><trkpt lat="40.84945" lon="-3.84195"><ele>1659</ele></trkpt><trkpt lat="40.8494" lon="-3.84186"><ele>1660</ele></trkpt><trkpt lat="40.84935" lon="-3.84177"><ele>1660</ele></trkpt><trkpt lat="40.84931" lon="-3.84171"><ele>1661</ele></trkpt><trkpt lat="40.84927" lon="-3.84165"><ele>1662</ele></trkpt><trkpt lat="40.84922" lon="-3.84158"><ele>1662</ele></trkpt><trkpt lat="40.84919" lon="-3.84152"><ele>1663</ele></trkpt><trkpt lat="40.84914" lon="-3.84146"><ele>1663</ele></trkpt><trkpt lat="40.84908" lon="-3.8414"><ele>1662</ele></trkpt><trkpt lat="40.84904" lon="-3.84136"><ele>1662</ele></trkpt><trkpt lat="40.84899" lon="-3.84133"><ele>1662</ele></trkpt><trkpt lat="40.84894" lon="-3.8413"><ele>1662</ele></trkpt><trkpt lat="40.84888" lon="-3.84129"><ele>1662</ele></trkpt><trkpt lat="40.84879" lon="-3.8413"><ele>1663</ele></trkpt><trkpt lat="40.84872" lon="-3.84132"><ele>1664</ele></trkpt><trkpt lat="40.84864" lon="-3.84134"><ele>1665</ele></trkpt><trkpt lat="40.84854" lon="-3.84137"><ele>1666</ele></trkpt><trkpt lat="40.84848" lon="-3.84139"><ele>1666</ele></trkpt><trkpt lat="40.84837" lon="-3.84143"><ele>1668</ele></trkpt><trkpt lat="40.84823" lon="-3.84147"><ele>1669</ele></trkpt><trkpt lat="40.8481" lon="-3.84151"><ele>1670</ele></trkpt><trkpt lat="40.84801" lon="-3.84154"><ele>1671</ele></trkpt><trkpt lat="40.8479" lon="-3.84157"><ele>1671</ele></trkpt><trkpt lat="40.84776" lon="-3.84161"><ele>1672</ele></trkpt><trkpt lat="40.84762" lon="-3.84165"><ele>1673</ele></trkpt><trkpt lat="40.84749" lon="-3.84169"><ele>1674</ele></trkpt><trkpt lat="40.84739" lon="-3.84172"><ele>1675</ele></trkpt><trkpt lat="40.84728" lon="-3.84175"><ele>1676</ele></trkpt><trkpt lat="40.84715" lon="-3.84178"><ele>1677</ele></trkpt><trkpt lat="40.84708" lon="-3.8418"><ele>1677</ele></trkpt><trkpt lat="40.84703" lon="-3.84181"><ele>1678</ele></trkpt><trkpt lat="40.84698" lon="-3.84181"><ele>1678</ele></trkpt><trkpt lat="40.84693" lon="-3.8418"><ele>1678</ele></trkpt><trkpt lat="40.8469" lon="-3.84178"><ele>1678</ele></trkpt><trkpt lat="40.84687" lon="-3.84176"><ele>1677</ele></trkpt><trkpt lat="40.84683" lon="-3.84173"><ele>1677</ele></trkpt><trkpt lat="40.84681" lon="-3.84171"><ele>1677</ele></trkpt><trkpt lat="40.84677" lon="-3.84167"><ele>1677</ele></trkpt><trkpt lat="40.84674" lon="-3.84162"><ele>1676</ele></trkpt><trkpt lat="40.84672" lon="-3.84159"><ele>1676</ele></trkpt><trkpt lat="40.84669" lon="-3.84155"><ele>1676</ele></trkpt><trkpt lat="40.84665" lon="-3.84149"><ele>1676</ele></trkpt><trkpt lat="40.84662" lon="-3.84146"><ele>1676</ele></trkpt><trkpt lat="40.84661" lon="-3.84144"><ele>1676</ele></trkpt><trkpt lat="40.84659" lon="-3.84142"><ele>1676</ele></trkpt><trkpt lat="40.84658" lon="-3.84141"><ele>1676</ele></trkpt><trkpt lat="40.84655" lon="-3.8414"><ele>1677</ele></trkpt><trkpt lat="40.84652" lon="-3.84138"><ele>1677</ele></trkpt><trkpt lat="40.84651" lon="-3.84137"><ele>1677</ele></trkpt><trkpt lat="40.84649" lon="-3.84137"><ele>1677</ele></trkpt><trkpt lat="40.84645" lon="-3.84136"><ele>1677</ele></trkpt><trkpt lat="40.84639" lon="-3.84136"><ele>1678</ele></trkpt><trkpt lat="40.84631" lon="-3.84135"><ele>1678</ele></trkpt><trkpt lat="40.8462" lon="-3.84135"><ele>1679</ele></trkpt><trkpt lat="40.84606" lon="-3.84135"><ele>1681</ele></trkpt><trkpt lat="40.84587" lon="-3.84135"><ele>1682</ele></trkpt><trkpt lat="40.84563" lon="-3.84134"><ele>1683</ele></trkpt><trkpt lat="40.84536" lon="-3.84134"><ele>1683</ele></trkpt><trkpt lat="40.84501" lon="-3.84134"><ele>1684</ele></trkpt><trkpt lat="40.84474" lon="-3.84134"><ele>1683</ele></trkpt><trkpt lat="40.84446" lon="-3.84134"><ele>1683</ele></trkpt><trkpt lat="40.84416" lon="-3.84134"><ele>1682</ele></trkpt><trkpt lat="40.8438" lon="-3.84133"><ele>1683</ele></trkpt><trkpt lat="40.84371" lon="-3.84133"><ele>1683</ele></trkpt><trkpt lat="40.84364" lon="-3.84133"><ele>1683</ele></trkpt><trkpt lat="40.84359" lon="-3.84133"><ele>1683</ele></trkpt><trkpt lat="40.84355" lon="-3.84132"><ele>1683</ele></trkpt><trkpt lat="40.8435" lon="-3.8413"><ele>1683</ele></trkpt><trkpt lat="40.84345" lon="-3.84128"><ele>1683</ele></trkpt><trkpt lat="40.84341" lon="-3.84124"><ele>1683</ele></trkpt><trkpt lat="40.84337" lon="-3.8412"><ele>1683</ele></trkpt><trkpt lat="40.84332" lon="-3.84113"><ele>1684</ele></trkpt><trkpt lat="40.84326" lon="-3.84106"><ele>1684</ele></trkpt><trkpt lat="40.8432" lon="-3.84094"><ele>1685</ele></trkpt><trkpt lat="40.84316" lon="-3.84086"><ele>1685</ele></trkpt><trkpt lat="40.84312" lon="-3.84078"><ele>1685</ele></trkpt><trkpt lat="40.84308" lon="-3.84066"><ele>1686</ele></trkpt><trkpt lat="40.84305" lon="-3.84056"><ele>1686</ele></trkpt><trkpt lat="40.84301" lon="-3.84043"><ele>1686</ele></trkpt><trkpt lat="40.84299" lon="-3.84034"><ele>1686</ele></trkpt><trkpt lat="40.84298" lon="-3.84025"><ele>1687</ele></trkpt><trkpt lat="40.84297" lon="-3.84019"><ele>1687</ele></trkpt><trkpt lat="40.84296" lon="-3.84011"><ele>1687</ele></trkpt><trkpt lat="40.84295" lon="-3.83999"><ele>1687</ele></trkpt><trkpt lat="40.84293" lon="-3.83983"><ele>1688</ele></trkpt><trkpt lat="40.84291" lon="-3.83968"><ele>1688</ele></trkpt><trkpt lat="40.84288" lon="-3.83946"><ele>1689</ele></trkpt><trkpt lat="40.84286" lon="-3.83921"><ele>1689</ele></trkpt><trkpt lat="40.84283" lon="-3.839"><ele>1690</ele></trkpt><trkpt lat="40.84279" lon="-3.83867"><ele>1692</ele></trkpt><trkpt lat="40.84278" lon="-3.83847"><ele>1692</ele></trkpt><trkpt lat="40.84274" lon="-3.83821"><ele>1693</ele></trkpt><trkpt lat="40.84271" lon="-3.83792"><ele>1694</ele></trkpt><trkpt lat="40.84268" lon="-3.83765"><ele>1695</ele></trkpt><trkpt lat="40.84264" lon="-3.83732"><ele>1695</ele></trkpt><trkpt lat="40.84261" lon="-3.83704"><ele>1695</ele></trkpt><trkpt lat="40.84259" lon="-3.83688"><ele>1696</ele></trkpt><trkpt lat="40.84257" lon="-3.83671"><ele>1696</ele></trkpt><trkpt lat="40.84256" lon="-3.83662"><ele>1696</ele></trkpt><trkpt lat="40.84254" lon="-3.83653"><ele>1696</ele></trkpt><trkpt lat="40.84253" lon="-3.83648"><ele>1696</ele></trkpt><trkpt lat="40.84251" lon="-3.83642"><ele>1696</ele></trkpt><trkpt lat="40.84248" lon="-3.83636"><ele>1696</ele></trkpt><trkpt lat="40.84242" lon="-3.83628"><ele>1696</ele></trkpt><trkpt lat="40.84238" lon="-3.83623"><ele>1696</ele></trkpt><trkpt lat="40.84233" lon="-3.83615"><ele>1697</ele></trkpt><trkpt lat="40.84221" lon="-3.83599"><ele>1697</ele></trkpt><trkpt lat="40.84179" lon="-3.83543"><ele>1700</ele></trkpt><trkpt lat="40.84131" lon="-3.83476"><ele>1705</ele></trkpt><trkpt lat="40.84118" lon="-3.83458"><ele>1707</ele></trkpt><trkpt lat="40.84106" lon="-3.83441"><ele>1708</ele></trkpt><trkpt lat="40.84098" lon="-3.83432"><ele>1709</ele></trkpt><trkpt lat="40.84093" lon="-3.83427"><ele>1709</ele></trkpt><trkpt lat="40.84088" lon="-3.83422"><ele>1710</ele></trkpt><trkpt lat="40.84082" lon="-3.83419"><ele>1711</ele></trkpt><trkpt lat="40.84076" lon="-3.83417"><ele>1711</ele></trkpt><trkpt lat="40.84068" lon="-3.83417"><ele>1711</ele></trkpt><trkpt lat="40.84061" lon="-3.83417"><ele>1712</ele></trkpt><trkpt lat="40.8405" lon="-3.83417"><ele>1712</ele></trkpt><trkpt lat="40.84032" lon="-3.83419"><ele>1714</ele></trkpt><trkpt lat="40.8401" lon="-3.83421"><ele>1715</ele></trkpt><trkpt lat="40.83995" lon="-3.83422"><ele>1716</ele></trkpt><trkpt lat="40.83964" lon="-3.83425"><ele>1716</ele></trkpt><trkpt lat="40.83945" lon="-3.83428"><ele>1717</ele></trkpt><trkpt lat="40.83914" lon="-3.8343"><ele>1718</ele></trkpt><trkpt lat="40.83877" lon="-3.83434"><ele>1720</ele></trkpt><trkpt lat="40.83838" lon="-3.83436"><ele>1722</ele></trkpt><trkpt lat="40.83816" lon="-3.83439"><ele>1723</ele></trkpt><trkpt lat="40.83788" lon="-3.83441"><ele>1724</ele></trkpt><trkpt lat="40.83761" lon="-3.83443"><ele>1726</ele></trkpt><trkpt lat="40.83723" lon="-3.83447"><ele>1728</ele></trkpt><trkpt lat="40.83695" lon="-3.83449"><ele>1730</ele></trkpt><trkpt lat="40.83661" lon="-3.83452"><ele>1733</ele></trkpt><trkpt lat="40.83636" lon="-3.83454"><ele>1735</ele></trkpt><trkpt lat="40.83625" lon="-3.83455"><ele>1736</ele></trkpt><trkpt lat="40.83613" lon="-3.83456"><ele>1737</ele></trkpt><trkpt lat="40.83606" lon="-3.83457"><ele>1738</ele></trkpt><trkpt lat="40.83592" lon="-3.83458"><ele>1739</ele></trkpt><trkpt lat="40.83567" lon="-3.8346"><ele>1741</ele></trkpt><trkpt lat="40.83547" lon="-3.83462"><ele>1743</ele></trkpt><trkpt lat="40.83535" lon="-3.83463"><ele>1744</ele></trkpt><trkpt lat="40.83523" lon="-3.83464"><ele>1745</ele></trkpt><trkpt lat="40.83511" lon="-3.83466"><ele>1746</ele></trkpt><trkpt lat="40.83504" lon="-3.83468"><ele>1747</ele></trkpt><trkpt lat="40.83496" lon="-3.8347"><ele>1747</ele></trkpt><trkpt lat="40.83489" lon="-3.83473"><ele>1748</ele></trkpt><trkpt lat="40.83483" lon="-3.83476"><ele>1748</ele></trkpt><trkpt lat="40.83476" lon="-3.83479"><ele>1748</ele></trkpt><trkpt lat="40.83469" lon="-3.83485"><ele>1748</ele></trkpt><trkpt lat="40.83459" lon="-3.83492"><ele>1749</ele></trkpt><trkpt lat="40.8345" lon="-3.835"><ele>1749</ele></trkpt><trkpt lat="40.8344" lon="-3.8351"><ele>1749</ele></trkpt><trkpt lat="40.83429" lon="-3.83523"><ele>1749</ele></trkpt><trkpt lat="40.83414" lon="-3.83537"><ele>1749</ele></trkpt><trkpt lat="40.83402" lon="-3.8355"><ele>1749</ele></trkpt><trkpt lat="40.83391" lon="-3.83561"><ele>1750</ele></trkpt><trkpt lat="40.83378" lon="-3.83576"><ele>1750</ele></trkpt><trkpt lat="40.83369" lon="-3.83585"><ele>1751</ele></trkpt><trkpt lat="40.83362" lon="-3.83592"><ele>1751</ele></trkpt><trkpt lat="40.83349" lon="-3.83603"><ele>1751</ele></trkpt><trkpt lat="40.83339" lon="-3.83608"><ele>1752</ele></trkpt><trkpt lat="40.83325" lon="-3.83612"><ele>1753</ele></trkpt><trkpt lat="40.83303" lon="-3.83615"><ele>1754</ele></trkpt><trkpt lat="40.83279" lon="-3.83618"><ele>1756</ele></trkpt><trkpt lat="40.83257" lon="-3.83621"><ele>1758</ele></trkpt><trkpt lat="40.83232" lon="-3.83624"><ele>1759</ele></trkpt><trkpt lat="40.8321" lon="-3.83628"><ele>1760</ele></trkpt><trkpt lat="40.83189" lon="-3.83631"><ele>1762</ele></trkpt><trkpt lat="40.83151" lon="-3.83637"><ele>1763</ele></trkpt><trkpt lat="40.83113" lon="-3.83642"><ele>1765</ele></trkpt><trkpt lat="40.83093" lon="-3.83645"><ele>1766</ele></trkpt><trkpt lat="40.83081" lon="-3.83646"><ele>1767</ele></trkpt><trkpt lat="40.83074" lon="-3.83647"><ele>1767</ele></trkpt><trkpt lat="40.83066" lon="-3.83645"><ele>1767</ele></trkpt><trkpt lat="40.83061" lon="-3.83644"><ele>1767</ele></trkpt><trkpt lat="40.83054" lon="-3.83641"><ele>1767</ele></trkpt><trkpt lat="40.83049" lon="-3.83639"><ele>1767</ele></trkpt><trkpt lat="40.83042" lon="-3.83634"><ele>1768</ele></trkpt><trkpt lat="40.83036" lon="-3.83628"><ele>1768</ele></trkpt><trkpt lat="40.83028" lon="-3.83618"><ele>1769</ele></trkpt><trkpt lat="40.83022" lon="-3.83611"><ele>1769</ele></trkpt><trkpt lat="40.83016" lon="-3.83602"><ele>1769</ele></trkpt><trkpt lat="40.83003" lon="-3.83578"><ele>1771</ele></trkpt><trkpt lat="40.82983" lon="-3.83545"><ele>1771</ele></trkpt><trkpt lat="40.8297" lon="-3.83525"><ele>1772</ele></trkpt><trkpt lat="40.82958" lon="-3.83506"><ele>1772</ele></trkpt><trkpt lat="40.82936" lon="-3.83472"><ele>1773</ele></trkpt><trkpt lat="40.82931" lon="-3.83463"><ele>1773</ele></trkpt><trkpt lat="40.82926" lon="-3.83455"><ele>1773</ele></trkpt><trkpt lat="40.8292" lon="-3.83446"><ele>1774</ele></trkpt><trkpt lat="40.82914" lon="-3.83436"><ele>1774</ele></trkpt><trkpt lat="40.82909" lon="-3.83427"><ele>1774</ele></trkpt><trkpt lat="40.82905" lon="-3.83418"><ele>1775</ele></trkpt><trkpt lat="40.82901" lon="-3.8341"><ele>1775</ele></trkpt><trkpt lat="40.82896" lon="-3.83398"><ele>1775</ele></trkpt><trkpt lat="40.82892" lon="-3.83389"><ele>1775</ele></trkpt><trkpt lat="40.82889" lon="-3.83379"><ele>1775</ele></trkpt><trkpt lat="40.82886" lon="-3.8337"><ele>1776</ele></trkpt><trkpt lat="40.82882" lon="-3.83356"><ele>1776</ele></trkpt><trkpt lat="40.82875" lon="-3.83336"><ele>1777</ele></trkpt><trkpt lat="40.82871" lon="-3.8332"><ele>1777</ele></trkpt><trkpt lat="40.82866" lon="-3.83305"><ele>1777</ele></trkpt><trkpt lat="40.8286" lon="-3.83286"><ele>1778</ele></trkpt><trkpt lat="40.82855" lon="-3.83272"><ele>1778</ele></trkpt><trkpt lat="40.82851" lon="-3.83257"><ele>1778</ele></trkpt><trkpt lat="40.82845" lon="-3.83239"><ele>1779</ele></trkpt><trkpt lat="40.8284" lon="-3.83222"><ele>1779</ele></trkpt><trkpt lat="40.82836" lon="-3.8321"><ele>1779</ele></trkpt><trkpt lat="40.82833" lon="-3.83199"><ele>1779</ele></trkpt><trkpt lat="40.82828" lon="-3.83185"><ele>1780</ele></trkpt><trkpt lat="40.82825" lon="-3.83177"><ele>1780</ele></trkpt><trkpt lat="40.82825" lon="-3.83177"><ele>1780</ele></trkpt><trkpt lat="40.82825" lon="-3.83177"><ele>1780</ele></trkpt><trkpt lat="40.82818" lon="-3.83047"><ele>1776</ele></trkpt><trkpt lat="40.82818" lon="-3.83047"><ele>1776</ele></trkpt><trkpt lat="40.82819" lon="-3.83041"><ele>1775</ele></trkpt><trkpt lat="40.82822" lon="-3.8303"><ele>1773</ele></trkpt><trkpt lat="40.82828" lon="-3.83017"><ele>1770</ele></trkpt><trkpt lat="40.82829" lon="-3.83014"><ele>1770</ele></trkpt><trkpt lat="40.82831" lon="-3.83011"><ele>1769</ele></trkpt><trkpt lat="40.82842" lon="-3.82997"><ele>1768</ele></trkpt><trkpt lat="40.82855" lon="-3.8298"><ele>1766</ele></trkpt><trkpt lat="40.82861" lon="-3.82972"><ele>1765</ele></trkpt><trkpt lat="40.82872" lon="-3.82955"><ele>1763</ele></trkpt><trkpt lat="40.82883" lon="-3.82936"><ele>1761</ele></trkpt><trkpt lat="40.82891" lon="-3.82923"><ele>1760</ele></trkpt><trkpt lat="40.82896" lon="-3.82911"><ele>1759</ele></trkpt><trkpt lat="40.82901" lon="-3.82892"><ele>1755</ele></trkpt><trkpt lat="40.8291" lon="-3.82857"><ele>1750</ele></trkpt><trkpt lat="40.8292" lon="-3.82818"><ele>1744</ele></trkpt><trkpt lat="40.82924" lon="-3.82802"><ele>1742</ele></trkpt><trkpt lat="40.82927" lon="-3.82789"><ele>1740</ele></trkpt><trkpt lat="40.82928" lon="-3.82783"><ele>1739</ele></trkpt><trkpt lat="40.82931" lon="-3.82773"><ele>1738</ele></trkpt><trkpt lat="40.82938" lon="-3.82754"><ele>1735</ele></trkpt><trkpt lat="40.82944" lon="-3.82735"><ele>1732</ele></trkpt><trkpt lat="40.82952" lon="-3.82714"><ele>1728</ele></trkpt><trkpt lat="40.82959" lon="-3.82699"><ele>1726</ele></trkpt><trkpt lat="40.82964" lon="-3.82686"><ele>1724</ele></trkpt><trkpt lat="40.82968" lon="-3.82678"><ele>1722</ele></trkpt><trkpt lat="40.82974" lon="-3.82668"><ele>1721</ele></trkpt><trkpt lat="40.82979" lon="-3.82663"><ele>1721</ele></trkpt><trkpt lat="40.82986" lon="-3.82656"><ele>1720</ele></trkpt><trkpt lat="40.82996" lon="-3.82648"><ele>1721</ele></trkpt><trkpt lat="40.83005" lon="-3.82641"><ele>1721</ele></trkpt><trkpt lat="40.83013" lon="-3.82638"><ele>1722</ele></trkpt><trkpt lat="40.83022" lon="-3.82633"><ele>1724</ele></trkpt><trkpt lat="40.83029" lon="-3.82631"><ele>1725</ele></trkpt><trkpt lat="40.83037" lon="-3.82629"><ele>1727</ele></trkpt><trkpt lat="40.83038" lon="-3.82629"><ele>1727</ele></trkpt><trkpt lat="40.83039" lon="-3.82628"><ele>1727</ele></trkpt><trkpt lat="40.83044" lon="-3.82625"><ele>1728</ele></trkpt><trkpt lat="40.83053" lon="-3.82616"><ele>1728</ele></trkpt><trkpt lat="40.83059" lon="-3.8261"><ele>1727</ele></trkpt><trkpt lat="40.83066" lon="-3.82602"><ele>1727</ele></trkpt><trkpt lat="40.83073" lon="-3.82593"><ele>1726</ele></trkpt><trkpt lat="40.83079" lon="-3.82586"><ele>1725</ele></trkpt><trkpt lat="40.83085" lon="-3.82576"><ele>1725</ele></trkpt><trkpt lat="40.83088" lon="-3.82568"><ele>1724</ele></trkpt><trkpt lat="40.83094" lon="-3.82555"><ele>1723</ele></trkpt><trkpt lat="40.83099" lon="-3.82542"><ele>1721</ele></trkpt><trkpt lat="40.83102" lon="-3.82535"><ele>1721</ele></trkpt><trkpt lat="40.83104" lon="-3.8253"><ele>1720</ele></trkpt><trkpt lat="40.83106" lon="-3.82526"><ele>1720</ele></trkpt><trkpt lat="40.83107" lon="-3.82523"><ele>1720</ele></trkpt><trkpt lat="40.83111" lon="-3.82516"><ele>1720</ele></trkpt><trkpt lat="40.83115" lon="-3.82509"><ele>1720</ele></trkpt><trkpt lat="40.8313" lon="-3.82482"><ele>1721</ele></trkpt><trkpt lat="40.83146" lon="-3.82432"><ele>1720</ele></trkpt><trkpt lat="40.83187" lon="-3.82192"><ele>1705</ele></trkpt><trkpt lat="40.83188" lon="-3.82183"><ele>1705</ele></trkpt><trkpt lat="40.83185" lon="-3.82164"><ele>1702</ele></trkpt><trkpt lat="40.83179" lon="-3.8214"><ele>1699</ele></trkpt><trkpt lat="40.8317" lon="-3.82112"><ele>1694</ele></trkpt><trkpt lat="40.83163" lon="-3.82085"><ele>1691</ele></trkpt><trkpt lat="40.83161" lon="-3.82074"><ele>1690</ele></trkpt><trkpt lat="40.83159" lon="-3.82059"><ele>1689</ele></trkpt><trkpt lat="40.83157" lon="-3.82025"><ele>1688</ele></trkpt><trkpt lat="40.83156" lon="-3.81995"><ele>1687</ele></trkpt><trkpt lat="40.83154" lon="-3.81977"><ele>1685</ele></trkpt><trkpt lat="40.8315" lon="-3.81958"><ele>1682</ele></trkpt><trkpt lat="40.83147" lon="-3.81943"><ele>1679</ele></trkpt><trkpt lat="40.83144" lon="-3.81927"><ele>1677</ele></trkpt><trkpt lat="40.83142" lon="-3.81912"><ele>1675</ele></trkpt><trkpt lat="40.83141" lon="-3.81901"><ele>1673</ele></trkpt><trkpt lat="40.83141" lon="-3.81885"><ele>1671</ele></trkpt><trkpt lat="40.83144" lon="-3.81866"><ele>1670</ele></trkpt><trkpt lat="40.83146" lon="-3.81857"><ele>1669</ele></trkpt><trkpt lat="40.83149" lon="-3.81846"><ele>1669</ele></trkpt><trkpt lat="40.83154" lon="-3.81829"><ele>1668</ele></trkpt><trkpt lat="40.83173" lon="-3.81794"><ele>1665</ele></trkpt><trkpt lat="40.8319" lon="-3.81767"><ele>1663</ele></trkpt><trkpt lat="40.83227" lon="-3.81723"><ele>1660</ele></trkpt><trkpt lat="40.8324" lon="-3.81703"><ele>1658</ele></trkpt><trkpt lat="40.83258" lon="-3.81675"><ele>1652</ele></trkpt><trkpt lat="40.83266" lon="-3.81666"><ele>1650</ele></trkpt><trkpt lat="40.83274" lon="-3.81661"><ele>1649</ele></trkpt><trkpt lat="40.83281" lon="-3.81659"><ele>1650</ele></trkpt><trkpt lat="40.83287" lon="-3.81657"><ele>1650</ele></trkpt><trkpt lat="40.83299" lon="-3.81657"><ele>1652</ele></trkpt><trkpt lat="40.83337" lon="-3.81668"><ele>1661</ele></trkpt><trkpt lat="40.83346" lon="-3.81669"><ele>1664</ele></trkpt><trkpt lat="40.83351" lon="-3.81668"><ele>1664</ele></trkpt><trkpt lat="40.83356" lon="-3.81666"><ele>1665</ele></trkpt><trkpt lat="40.83359" lon="-3.81663"><ele>1665</ele></trkpt><trkpt lat="40.83362" lon="-3.81658"><ele>1664</ele></trkpt><trkpt lat="40.83362" lon="-3.81657"><ele>1664</ele></trkpt><trkpt lat="40.83368" lon="-3.81648"><ele>1663</ele></trkpt><trkpt lat="40.83372" lon="-3.81633"><ele>1660</ele></trkpt><trkpt lat="40.83375" lon="-3.81626"><ele>1659</ele></trkpt><trkpt lat="40.83379" lon="-3.81618"><ele>1658</ele></trkpt><trkpt lat="40.83385" lon="-3.81606"><ele>1657</ele></trkpt><trkpt lat="40.8339" lon="-3.81597"><ele>1657</ele></trkpt><trkpt lat="40.83393" lon="-3.81586"><ele>1655</ele></trkpt><trkpt lat="40.83393" lon="-3.81573"><ele>1653</ele></trkpt><trkpt lat="40.83392" lon="-3.81566"><ele>1652</ele></trkpt><trkpt lat="40.83389" lon="-3.81547"><ele>1648</ele></trkpt><trkpt lat="40.83386" lon="-3.81534"><ele>1645</ele></trkpt><trkpt lat="40.83386" lon="-3.81522"><ele>1644</ele></trkpt><trkpt lat="40.83388" lon="-3.81503"><ele>1642</ele></trkpt><trkpt lat="40.83389" lon="-3.81481"><ele>1640</ele></trkpt><trkpt lat="40.83396" lon="-3.81426"><ele>1635</ele></trkpt><trkpt lat="40.83411" lon="-3.81329"><ele>1630</ele></trkpt><trkpt lat="40.83416" lon="-3.81295"><ele>1629</ele></trkpt><trkpt lat="40.83419" lon="-3.81264"><ele>1627</ele></trkpt><trkpt lat="40.8342" lon="-3.81245"><ele>1625</ele></trkpt><trkpt lat="40.83422" lon="-3.81169"><ele>1618</ele></trkpt><trkpt lat="40.83422" lon="-3.81102"><ele>1613</ele></trkpt><trkpt lat="40.83422" lon="-3.81065"><ele>1610</ele></trkpt><trkpt lat="40.83426" lon="-3.81033"><ele>1606</ele></trkpt><trkpt lat="40.83436" lon="-3.81003"><ele>1604</ele></trkpt><trkpt lat="40.8345" lon="-3.80972"><ele>1601</ele></trkpt><trkpt lat="40.83468" lon="-3.80951"><ele>1600</ele></trkpt><trkpt lat="40.83487" lon="-3.80935"><ele>1599</ele></trkpt><trkpt lat="40.83505" lon="-3.80924"><ele>1599</ele></trkpt><trkpt lat="40.83532" lon="-3.80914"><ele>1595</ele></trkpt><trkpt lat="40.83541" lon="-3.80912"><ele>1594</ele></trkpt><trkpt lat="40.83556" lon="-3.8091"><ele>1593</ele></trkpt><trkpt lat="40.83581" lon="-3.80912"><ele>1593</ele></trkpt><trkpt lat="40.83597" lon="-3.80917"><ele>1592</ele></trkpt><trkpt lat="40.83609" lon="-3.80922"><ele>1590</ele></trkpt><trkpt lat="40.83635" lon="-3.8094"><ele>1590</ele></trkpt><trkpt lat="40.83656" lon="-3.80958"><ele>1592</ele></trkpt><trkpt lat="40.83681" lon="-3.80984"><ele>1595</ele></trkpt><trkpt lat="40.83728" lon="-3.8103"><ele>1598</ele></trkpt><trkpt lat="40.83732" lon="-3.81034"><ele>1599</ele></trkpt><trkpt lat="40.8374" lon="-3.81039"><ele>1599</ele></trkpt><trkpt lat="40.83742" lon="-3.81041"><ele>1599</ele></trkpt><trkpt lat="40.83745" lon="-3.81042"><ele>1598</ele></trkpt><trkpt lat="40.83748" lon="-3.81042"><ele>1598</ele></trkpt><trkpt lat="40.8375" lon="-3.81042"><ele>1597</ele></trkpt><trkpt lat="40.83755" lon="-3.81039"><ele>1597</ele></trkpt><trkpt lat="40.83758" lon="-3.81037"><ele>1597</ele></trkpt><trkpt lat="40.83764" lon="-3.81033"><ele>1596</ele></trkpt><trkpt lat="40.83797" lon="-3.8099"><ele>1590</ele></trkpt><trkpt lat="40.83803" lon="-3.80979"><ele>1588</ele></trkpt><trkpt lat="40.83811" lon="-3.80967"><ele>1587</ele></trkpt><trkpt lat="40.83815" lon="-3.80956"><ele>1585</ele></trkpt><trkpt lat="40.83817" lon="-3.80949"><ele>1584</ele></trkpt><trkpt lat="40.8383" lon="-3.80889"><ele>1574</ele></trkpt><trkpt lat="40.83837" lon="-3.8086"><ele>1569</ele></trkpt><trkpt lat="40.8384" lon="-3.80848"><ele>1566</ele></trkpt><trkpt lat="40.83845" lon="-3.80838"><ele>1565</ele></trkpt><trkpt lat="40.8386" lon="-3.80821"><ele>1562</ele></trkpt><trkpt lat="40.83872" lon="-3.80817"><ele>1562</ele></trkpt><trkpt lat="40.83884" lon="-3.80817"><ele>1563</ele></trkpt><trkpt lat="40.83929" lon="-3.80821"><ele>1570</ele></trkpt><trkpt lat="40.8397" lon="-3.80824"><ele>1577</ele></trkpt><trkpt lat="40.83983" lon="-3.8082"><ele>1577</ele></trkpt><trkpt lat="40.83992" lon="-3.80813"><ele>1577</ele></trkpt><trkpt lat="40.83998" lon="-3.80805"><ele>1575</ele></trkpt><trkpt lat="40.84001" lon="-3.80797"><ele>1573</ele></trkpt><trkpt lat="40.84018" lon="-3.80682"><ele>1548</ele></trkpt><trkpt lat="40.84023" lon="-3.80672"><ele>1546</ele></trkpt><trkpt lat="40.84027" lon="-3.80667"><ele>1546</ele></trkpt><trkpt lat="40.84032" lon="-3.80662"><ele>1546</ele></trkpt><trkpt lat="40.84039" lon="-3.80658"><ele>1547</ele></trkpt><trkpt lat="40.84109" lon="-3.80627"><ele>1553</ele></trkpt><trkpt lat="40.84118" lon="-3.80624"><ele>1554</ele></trkpt><trkpt lat="40.8413" lon="-3.80619"><ele>1555</ele></trkpt><trkpt lat="40.8414" lon="-3.80613"><ele>1555</ele></trkpt><trkpt lat="40.84143" lon="-3.80611"><ele>1555</ele></trkpt><trkpt lat="40.84146" lon="-3.80605"><ele>1554</ele></trkpt><trkpt lat="40.84148" lon="-3.80599"><ele>1553</ele></trkpt><trkpt lat="40.8415" lon="-3.8059"><ele>1550</ele></trkpt><trkpt lat="40.84153" lon="-3.80574"><ele>1549</ele></trkpt><trkpt lat="40.84154" lon="-3.80558"><ele>1548</ele></trkpt><trkpt lat="40.84154" lon="-3.80547"><ele>1547</ele></trkpt><trkpt lat="40.84153" lon="-3.80538"><ele>1547</ele></trkpt><trkpt lat="40.84149" lon="-3.80526"><ele>1545</ele></trkpt><trkpt lat="40.84146" lon="-3.80514"><ele>1543</ele></trkpt><trkpt lat="40.84142" lon="-3.80503"><ele>1541</ele></trkpt><trkpt lat="40.84137" lon="-3.80496"><ele>1540</ele></trkpt><trkpt lat="40.84131" lon="-3.80488"><ele>1538</ele></trkpt><trkpt lat="40.84124" lon="-3.80474"><ele>1537</ele></trkpt><trkpt lat="40.84116" lon="-3.80454"><ele>1536</ele></trkpt><trkpt lat="40.84108" lon="-3.80432"><ele>1534</ele></trkpt><trkpt lat="40.84102" lon="-3.8042"><ele>1533</ele></trkpt><trkpt lat="40.84097" lon="-3.80414"><ele>1532</ele></trkpt><trkpt lat="40.84091" lon="-3.80408"><ele>1530</ele></trkpt><trkpt lat="40.84077" lon="-3.80397"><ele>1528</ele></trkpt><trkpt lat="40.84066" lon="-3.80388"><ele>1527</ele></trkpt><trkpt lat="40.84059" lon="-3.80385"><ele>1526</ele></trkpt><trkpt lat="40.84052" lon="-3.80383"><ele>1525</ele></trkpt><trkpt lat="40.84044" lon="-3.80385"><ele>1523</ele></trkpt><trkpt lat="40.84031" lon="-3.80388"><ele>1520</ele></trkpt><trkpt lat="40.84006" lon="-3.80398"><ele>1512</ele></trkpt><trkpt lat="40.84001" lon="-3.804"><ele>1511</ele></trkpt><trkpt lat="40.83991" lon="-3.80402"><ele>1509</ele></trkpt><trkpt lat="40.83979" lon="-3.80402"><ele>1506</ele></trkpt><trkpt lat="40.83968" lon="-3.80402"><ele>1504</ele></trkpt><trkpt lat="40.83959" lon="-3.804"><ele>1503</ele></trkpt><trkpt lat="40.83949" lon="-3.80398"><ele>1501</ele></trkpt><trkpt lat="40.8393" lon="-3.80386"><ele>1500</ele></trkpt><trkpt lat="40.83906" lon="-3.80372"><ele>1498</ele></trkpt><trkpt lat="40.83804" lon="-3.80303"><ele>1485</ele></trkpt><trkpt lat="40.83742" lon="-3.80259"><ele>1477</ele></trkpt><trkpt lat="40.83713" lon="-3.80233"><ele>1474</ele></trkpt><trkpt lat="40.83687" lon="-3.80209"><ele>1471</ele></trkpt><trkpt lat="40.83679" lon="-3.80205"><ele>1470</ele></trkpt><trkpt lat="40.83643" lon="-3.80186"><ele>1464</ele></trkpt><trkpt lat="40.83637" lon="-3.80182"><ele>1463</ele></trkpt><trkpt lat="40.83626" lon="-3.80173"><ele>1462</ele></trkpt><trkpt lat="40.83602" lon="-3.80146"><ele>1460</ele></trkpt><trkpt lat="40.83599" lon="-3.8014"><ele>1460</ele></trkpt><trkpt lat="40.83575" lon="-3.8009"><ele>1464</ele></trkpt><trkpt lat="40.8357" lon="-3.80082"><ele>1465</ele></trkpt><trkpt lat="40.83564" lon="-3.80076"><ele>1465</ele></trkpt><trkpt lat="40.83557" lon="-3.80073"><ele>1464</ele></trkpt><trkpt lat="40.83547" lon="-3.80071"><ele>1462</ele></trkpt><trkpt lat="40.83538" lon="-3.80071"><ele>1460</ele></trkpt><trkpt lat="40.83502" lon="-3.80072"><ele>1452</ele></trkpt><trkpt lat="40.83493" lon="-3.80072"><ele>1450</ele></trkpt><trkpt lat="40.83478" lon="-3.8007"><ele>1448</ele></trkpt><trkpt lat="40.83466" lon="-3.80067"><ele>1447</ele></trkpt><trkpt lat="40.83429" lon="-3.80053"><ele>1443</ele></trkpt><trkpt lat="40.83398" lon="-3.80039"><ele>1440</ele></trkpt><trkpt lat="40.83355" lon="-3.80011"><ele>1437</ele></trkpt><trkpt lat="40.8321" lon="-3.79926"><ele>1424</ele></trkpt><trkpt lat="40.8313" lon="-3.79879"><ele>1417</ele></trkpt><trkpt lat="40.83083" lon="-3.79843"><ele>1413</ele></trkpt><trkpt lat="40.83046" lon="-3.79806"><ele>1411</ele></trkpt><trkpt lat="40.83034" lon="-3.79793"><ele>1410</ele></trkpt><trkpt lat="40.83018" lon="-3.79771"><ele>1410</ele></trkpt><trkpt lat="40.83006" lon="-3.79758"><ele>1409</ele></trkpt><trkpt lat="40.82998" lon="-3.79753"><ele>1408</ele></trkpt><trkpt lat="40.82991" lon="-3.7975"><ele>1407</ele></trkpt><trkpt lat="40.8298" lon="-3.79747"><ele>1406</ele></trkpt><trkpt lat="40.82942" lon="-3.79737"><ele>1400</ele></trkpt><trkpt lat="40.82917" lon="-3.79728"><ele>1397</ele></trkpt><trkpt lat="40.8289" lon="-3.79716"><ele>1394</ele></trkpt><trkpt lat="40.82845" lon="-3.79683"><ele>1392</ele></trkpt><trkpt lat="40.82808" lon="-3.79655"><ele>1390</ele></trkpt><trkpt lat="40.82751" lon="-3.79617"><ele>1385</ele></trkpt><trkpt lat="40.82616" lon="-3.79512"><ele>1374</ele></trkpt><trkpt lat="40.82504" lon="-3.79425"><ele>1362</ele></trkpt><trkpt lat="40.82468" lon="-3.79398"><ele>1362</ele></trkpt><trkpt lat="40.82433" lon="-3.79375"><ele>1360</ele></trkpt><trkpt lat="40.82394" lon="-3.79362"><ele>1355</ele></trkpt><trkpt lat="40.82358" lon="-3.7935"><ele>1350</ele></trkpt><trkpt lat="40.82347" lon="-3.79346"><ele>1348</ele></trkpt><trkpt lat="40.82341" lon="-3.79341"><ele>1348</ele></trkpt><trkpt lat="40.82337" lon="-3.79336"><ele>1348</ele></trkpt><trkpt lat="40.82333" lon="-3.79327"><ele>1347</ele></trkpt><trkpt lat="40.82332" lon="-3.7932"><ele>1347</ele></trkpt><trkpt lat="40.82331" lon="-3.79311"><ele>1347</ele></trkpt><trkpt lat="40.8233" lon="-3.79294"><ele>1346</ele></trkpt><trkpt lat="40.8233" lon="-3.7924"><ele>1345</ele></trkpt><trkpt lat="40.82331" lon="-3.7923"><ele>1345</ele></trkpt><trkpt lat="40.82334" lon="-3.79218"><ele>1345</ele></trkpt><trkpt lat="40.82339" lon="-3.79197"><ele>1345</ele></trkpt><trkpt lat="40.82342" lon="-3.79188"><ele>1346</ele></trkpt><trkpt lat="40.82345" lon="-3.79181"><ele>1347</ele></trkpt><trkpt lat="40.82347" lon="-3.79169"><ele>1347</ele></trkpt><trkpt lat="40.82348" lon="-3.79161"><ele>1348</ele></trkpt><trkpt lat="40.82349" lon="-3.79155"><ele>1349</ele></trkpt><trkpt lat="40.82349" lon="-3.79149"><ele>1349</ele></trkpt><trkpt lat="40.82349" lon="-3.79143"><ele>1350</ele></trkpt><trkpt lat="40.82347" lon="-3.79137"><ele>1349</ele></trkpt><trkpt lat="40.82345" lon="-3.79131"><ele>1349</ele></trkpt><trkpt lat="40.82342" lon="-3.79126"><ele>1348</ele></trkpt><trkpt lat="40.82331" lon="-3.79111"><ele>1345</ele></trkpt><trkpt lat="40.82255" lon="-3.79006"><ele>1329</ele></trkpt><trkpt lat="40.82246" lon="-3.78992"><ele>1328</ele></trkpt><trkpt lat="40.82237" lon="-3.78971"><ele>1326</ele></trkpt><trkpt lat="40.82229" lon="-3.78951"><ele>1325</ele></trkpt><trkpt lat="40.82178" lon="-3.78779"><ele>1311</ele></trkpt><trkpt lat="40.82175" lon="-3.78765"><ele>1309</ele></trkpt><trkpt lat="40.82174" lon="-3.78757"><ele>1309</ele></trkpt><trkpt lat="40.82174" lon="-3.78752"><ele>1308</ele></trkpt><trkpt lat="40.82175" lon="-3.78746"><ele>1307</ele></trkpt><trkpt lat="40.82177" lon="-3.7874"><ele>1306</ele></trkpt><trkpt lat="40.8218" lon="-3.78736"><ele>1306</ele></trkpt><trkpt lat="40.82183" lon="-3.78731"><ele>1305</ele></trkpt><trkpt lat="40.8219" lon="-3.78726"><ele>1305</ele></trkpt><trkpt lat="40.82197" lon="-3.78723"><ele>1305</ele></trkpt><trkpt lat="40.82223" lon="-3.78716"><ele>1306</ele></trkpt><trkpt lat="40.82236" lon="-3.78714"><ele>1307</ele></trkpt><trkpt lat="40.82365" lon="-3.78724"><ele>1307</ele></trkpt><trkpt lat="40.82407" lon="-3.78728"><ele>1305</ele></trkpt><trkpt lat="40.82491" lon="-3.78751"><ele>1302</ele></trkpt><trkpt lat="40.82511" lon="-3.78756"><ele>1303</ele></trkpt><trkpt lat="40.82518" lon="-3.78756"><ele>1303</ele></trkpt><trkpt lat="40.82525" lon="-3.78754"><ele>1303</ele></trkpt><trkpt lat="40.82529" lon="-3.78751"><ele>1302</ele></trkpt><trkpt lat="40.82534" lon="-3.78745"><ele>1301</ele></trkpt><trkpt lat="40.82535" lon="-3.78741"><ele>1301</ele></trkpt><trkpt lat="40.82536" lon="-3.78737"><ele>1301</ele></trkpt><trkpt lat="40.82536" lon="-3.78728"><ele>1300</ele></trkpt><trkpt lat="40.82536" lon="-3.7872"><ele>1300</ele></trkpt><trkpt lat="40.82531" lon="-3.7871"><ele>1298</ele></trkpt><trkpt lat="40.82517" lon="-3.78688"><ele>1295</ele></trkpt><trkpt lat="40.82466" lon="-3.78614"><ele>1289</ele></trkpt><trkpt lat="40.82444" lon="-3.78592"><ele>1286</ele></trkpt><trkpt lat="40.82412" lon="-3.78575"><ele>1281</ele></trkpt><trkpt lat="40.82279" lon="-3.78494"><ele>1266</ele></trkpt><trkpt lat="40.822" lon="-3.78444"><ele>1258</ele></trkpt><trkpt lat="40.82139" lon="-3.78401"><ele>1249</ele></trkpt><trkpt lat="40.82096" lon="-3.78372"><ele>1244</ele></trkpt><trkpt lat="40.82084" lon="-3.78362"><ele>1242</ele></trkpt><trkpt lat="40.82065" lon="-3.78344"><ele>1241</ele></trkpt><trkpt lat="40.82054" lon="-3.78334"><ele>1240</ele></trkpt><trkpt lat="40.82046" lon="-3.78325"><ele>1241</ele></trkpt><trkpt lat="40.82041" lon="-3.78323"><ele>1240</ele></trkpt><trkpt lat="40.82039" lon="-3.78321"><ele>1240</ele></trkpt><trkpt lat="40.8203" lon="-3.78318"><ele>1239</ele></trkpt><trkpt lat="40.8202" lon="-3.78315"><ele>1238</ele></trkpt><trkpt lat="40.81997" lon="-3.78312"><ele>1234</ele></trkpt><trkpt lat="40.81986" lon="-3.7831"><ele>1233</ele></trkpt><trkpt lat="40.81972" lon="-3.78306"><ele>1231</ele></trkpt><trkpt lat="40.81962" lon="-3.78302"><ele>1231</ele></trkpt><trkpt lat="40.81939" lon="-3.78289"><ele>1229</ele></trkpt><trkpt lat="40.81914" lon="-3.78274"><ele>1228</ele></trkpt><trkpt lat="40.81906" lon="-3.78269"><ele>1227</ele></trkpt><trkpt lat="40.81885" lon="-3.78257"><ele>1225</ele></trkpt><trkpt lat="40.81883" lon="-3.78256"><ele>1225</ele></trkpt><trkpt lat="40.81865" lon="-3.78244"><ele>1223</ele></trkpt><trkpt lat="40.81842" lon="-3.78228"><ele>1220</ele></trkpt><trkpt lat="40.81826" lon="-3.78216"><ele>1219</ele></trkpt><trkpt lat="40.8181" lon="-3.78204"><ele>1218</ele></trkpt><trkpt lat="40.81802" lon="-3.78197"><ele>1217</ele></trkpt><trkpt lat="40.81797" lon="-3.78192"><ele>1217</ele></trkpt><trkpt lat="40.81762" lon="-3.78156"><ele>1215</ele></trkpt><trkpt lat="40.81743" lon="-3.78138"><ele>1214</ele></trkpt><trkpt lat="40.81716" lon="-3.78118"><ele>1212</ele></trkpt><trkpt lat="40.81695" lon="-3.78104"><ele>1211</ele></trkpt><trkpt lat="40.81676" lon="-3.78094"><ele>1209</ele></trkpt><trkpt lat="40.81664" lon="-3.78088"><ele>1208</ele></trkpt><trkpt lat="40.81649" lon="-3.78083"><ele>1206</ele></trkpt><trkpt lat="40.81634" lon="-3.78083"><ele>1204</ele></trkpt><trkpt lat="40.8162" lon="-3.78085"><ele>1202</ele></trkpt><trkpt lat="40.81609" lon="-3.78087"><ele>1200</ele></trkpt><trkpt lat="40.81604" lon="-3.78088"><ele>1199</ele></trkpt><trkpt lat="40.81591" lon="-3.78087"><ele>1197</ele></trkpt><trkpt lat="40.81567" lon="-3.78083"><ele>1194</ele></trkpt><trkpt lat="40.81556" lon="-3.78081"><ele>1192</ele></trkpt><trkpt lat="40.81547" lon="-3.7808"><ele>1191</ele></trkpt><trkpt lat="40.81538" lon="-3.78078"><ele>1189</ele></trkpt><trkpt lat="40.81528" lon="-3.78073"><ele>1188</ele></trkpt><trkpt lat="40.81518" lon="-3.78061"><ele>1188</ele></trkpt><trkpt lat="40.81509" lon="-3.78051"><ele>1188</ele></trkpt><trkpt lat="40.81477" lon="-3.7801"><ele>1186</ele></trkpt><trkpt lat="40.81471" lon="-3.78002"><ele>1186</ele></trkpt><trkpt lat="40.81442" lon="-3.77955"><ele>1183</ele></trkpt><trkpt lat="40.81441" lon="-3.77953"><ele>1183</ele></trkpt><trkpt lat="40.81437" lon="-3.77944"><ele>1182</ele></trkpt><trkpt lat="40.81434" lon="-3.77937"><ele>1182</ele></trkpt><trkpt lat="40.81429" lon="-3.77929"><ele>1182</ele></trkpt><trkpt lat="40.81424" lon="-3.77916"><ele>1181</ele></trkpt><trkpt lat="40.8142" lon="-3.77905"><ele>1181</ele></trkpt><trkpt lat="40.81417" lon="-3.77888"><ele>1181</ele></trkpt><trkpt lat="40.81415" lon="-3.77875"><ele>1182</ele></trkpt><trkpt lat="40.81414" lon="-3.77861"><ele>1183</ele></trkpt><trkpt lat="40.81415" lon="-3.77841"><ele>1184</ele></trkpt><trkpt lat="40.81415" lon="-3.77819"><ele>1187</ele></trkpt><trkpt lat="40.81415" lon="-3.77813"><ele>1188</ele></trkpt><trkpt lat="40.81412" lon="-3.778"><ele>1189</ele></trkpt><trkpt lat="40.81408" lon="-3.77791"><ele>1189</ele></trkpt><trkpt lat="40.81405" lon="-3.77787"><ele>1188</ele></trkpt><trkpt lat="40.81401" lon="-3.77783"><ele>1187</ele></trkpt><trkpt lat="40.81392" lon="-3.77778"><ele>1185</ele></trkpt><trkpt lat="40.81385" lon="-3.77771"><ele>1184</ele></trkpt><trkpt lat="40.81376" lon="-3.77763"><ele>1183</ele></trkpt><trkpt lat="40.81367" lon="-3.77757"><ele>1181</ele></trkpt><trkpt lat="40.81358" lon="-3.77747"><ele>1180</ele></trkpt><trkpt lat="40.81349" lon="-3.77741"><ele>1179</ele></trkpt><trkpt lat="40.81348" lon="-3.7774"><ele>1179</ele></trkpt><trkpt lat="40.81319" lon="-3.77715"><ele>1177</ele></trkpt><trkpt lat="40.81301" lon="-3.77699"><ele>1176</ele></trkpt><trkpt lat="40.81277" lon="-3.77679"><ele>1174</ele></trkpt><trkpt lat="40.81213" lon="-3.77625"><ele>1169</ele></trkpt><trkpt lat="40.81204" lon="-3.77617"><ele>1169</ele></trkpt><trkpt lat="40.81194" lon="-3.77606"><ele>1168</ele></trkpt><trkpt lat="40.8118" lon="-3.77589"><ele>1168</ele></trkpt><trkpt lat="40.81167" lon="-3.7757"><ele>1166</ele></trkpt><trkpt lat="40.8116" lon="-3.77561"><ele>1164</ele></trkpt><trkpt lat="40.81153" lon="-3.77547"><ele>1163</ele></trkpt><trkpt lat="40.81149" lon="-3.77534"><ele>1162</ele></trkpt><trkpt lat="40.81147" lon="-3.7752"><ele>1161</ele></trkpt><trkpt lat="40.81146" lon="-3.77495"><ele>1161</ele></trkpt><trkpt lat="40.81147" lon="-3.77477"><ele>1160</ele></trkpt><trkpt lat="40.81148" lon="-3.77452"><ele>1159</ele></trkpt><trkpt lat="40.81148" lon="-3.77439"><ele>1159</ele></trkpt><trkpt lat="40.81149" lon="-3.77416"><ele>1158</ele></trkpt><trkpt lat="40.8115" lon="-3.7739"><ele>1157</ele></trkpt><trkpt lat="40.81152" lon="-3.77373"><ele>1156</ele></trkpt><trkpt lat="40.81152" lon="-3.7737"><ele>1156</ele></trkpt><trkpt lat="40.81152" lon="-3.77352"><ele>1155</ele></trkpt><trkpt lat="40.81153" lon="-3.77341"><ele>1155</ele></trkpt><trkpt lat="40.81153" lon="-3.77329"><ele>1154</ele></trkpt><trkpt lat="40.81154" lon="-3.77313"><ele>1154</ele></trkpt><trkpt lat="40.81155" lon="-3.77298"><ele>1153</ele></trkpt><trkpt lat="40.81155" lon="-3.77286"><ele>1152</ele></trkpt><trkpt lat="40.81156" lon="-3.77263"><ele>1151</ele></trkpt><trkpt lat="40.81156" lon="-3.77252"><ele>1151</ele></trkpt><trkpt lat="40.81157" lon="-3.77244"><ele>1150</ele></trkpt><trkpt lat="40.81158" lon="-3.77236"><ele>1150</ele></trkpt><trkpt lat="40.8116" lon="-3.77216"><ele>1150</ele></trkpt><trkpt lat="40.81164" lon="-3.772"><ele>1150</ele></trkpt><trkpt lat="40.81171" lon="-3.77174"><ele>1149</ele></trkpt><trkpt lat="40.81178" lon="-3.77157"><ele>1150</ele></trkpt><trkpt lat="40.81184" lon="-3.77141"><ele>1150</ele></trkpt><trkpt lat="40.81194" lon="-3.77113"><ele>1149</ele></trkpt><trkpt lat="40.81201" lon="-3.77088"><ele>1149</ele></trkpt><trkpt lat="40.81205" lon="-3.77075"><ele>1148</ele></trkpt><trkpt lat="40.81206" lon="-3.77073"><ele>1148</ele></trkpt><trkpt lat="40.81212" lon="-3.77059"><ele>1148</ele></trkpt><trkpt lat="40.81217" lon="-3.77044"><ele>1147</ele></trkpt><trkpt lat="40.81225" lon="-3.77026"><ele>1146</ele></trkpt><trkpt lat="40.81238" lon="-3.77"><ele>1145</ele></trkpt><trkpt lat="40.81243" lon="-3.76991"><ele>1145</ele></trkpt><trkpt lat="40.81252" lon="-3.76973"><ele>1145</ele></trkpt><trkpt lat="40.81263" lon="-3.76954"><ele>1144</ele></trkpt><trkpt lat="40.81283" lon="-3.76915"><ele>1143</ele></trkpt><trkpt lat="40.81291" lon="-3.76901"><ele>1143</ele></trkpt><trkpt lat="40.81296" lon="-3.76892"><ele>1143</ele></trkpt><trkpt lat="40.81303" lon="-3.76878"><ele>1143</ele></trkpt><trkpt lat="40.81303" lon="-3.76878"><ele>1143</ele></trkpt><trkpt lat="40.81306" lon="-3.76898"><ele>1144</ele></trkpt><trkpt lat="40.81308" lon="-3.76907"><ele>1145</ele></trkpt><trkpt lat="40.8131" lon="-3.76913"><ele>1145</ele></trkpt><trkpt lat="40.81312" lon="-3.76921"><ele>1146</ele></trkpt><trkpt lat="40.81317" lon="-3.76933"><ele>1147</ele></trkpt><trkpt lat="40.81318" lon="-3.76937"><ele>1148</ele></trkpt><trkpt lat="40.81323" lon="-3.76948"><ele>1149</ele></trkpt><trkpt lat="40.81332" lon="-3.7696"><ele>1151</ele></trkpt><trkpt lat="40.81348" lon="-3.76982"><ele>1155</ele></trkpt><trkpt lat="40.8136" lon="-3.76999"><ele>1157</ele></trkpt><trkpt lat="40.81362" lon="-3.77"><ele>1158</ele></trkpt><trkpt lat="40.81364" lon="-3.77"><ele>1158</ele></trkpt><trkpt lat="40.81366" lon="-3.77001"><ele>1158</ele></trkpt><trkpt lat="40.81369" lon="-3.77002"><ele>1159</ele></trkpt><trkpt lat="40.81372" lon="-3.77002"><ele>1159</ele></trkpt><trkpt lat="40.81376" lon="-3.77001"><ele>1159</ele></trkpt><trkpt lat="40.81403" lon="-3.76995"><ele>1162</ele></trkpt><trkpt lat="40.81423" lon="-3.76991"><ele>1164</ele></trkpt><trkpt lat="40.81447" lon="-3.76986"><ele>1167</ele></trkpt><trkpt lat="40.81462" lon="-3.76981"><ele>1169</ele></trkpt><trkpt lat="40.81467" lon="-3.76979"><ele>1170</ele></trkpt><trkpt lat="40.81472" lon="-3.76976"><ele>1170</ele></trkpt><trkpt lat="40.81475" lon="-3.76975"><ele>1171</ele></trkpt><trkpt lat="40.81478" lon="-3.76972"><ele>1171</ele></trkpt><trkpt lat="40.81481" lon="-3.76969"><ele>1171</ele></trkpt><trkpt lat="40.81487" lon="-3.76958"><ele>1171</ele></trkpt><trkpt lat="40.81493" lon="-3.76946"><ele>1172</ele></trkpt><trkpt lat="40.81499" lon="-3.7693"><ele>1171</ele></trkpt><trkpt lat="40.81506" lon="-3.76911"><ele>1172</ele></trkpt><trkpt lat="40.81511" lon="-3.76899"><ele>1173</ele></trkpt><trkpt lat="40.81519" lon="-3.76869"><ele>1175</ele></trkpt><trkpt lat="40.81526" lon="-3.76846"><ele>1176</ele></trkpt><trkpt lat="40.81531" lon="-3.76824"><ele>1177</ele></trkpt><trkpt lat="40.8156" lon="-3.76728"><ele>1180</ele></trkpt><trkpt lat="40.8156" lon="-3.76728"><ele>1180</ele></trkpt><trkpt lat="40.81561" lon="-3.76724"><ele>1180</ele></trkpt><trkpt lat="40.81564" lon="-3.76717"><ele>1181</ele></trkpt><trkpt lat="40.81572" lon="-3.76689"><ele>1181</ele></trkpt><trkpt lat="40.81586" lon="-3.76637"><ele>1182</ele></trkpt><trkpt lat="40.81598" lon="-3.7659"><ele>1183</ele></trkpt><trkpt lat="40.81609" lon="-3.76545"><ele>1183</ele></trkpt><trkpt lat="40.81614" lon="-3.76526"><ele>1183</ele></trkpt><trkpt lat="40.81625" lon="-3.76486"><ele>1183</ele></trkpt><trkpt lat="40.8163" lon="-3.76473"><ele>1184</ele></trkpt><trkpt lat="40.81632" lon="-3.76466"><ele>1184</ele></trkpt><trkpt lat="40.81635" lon="-3.76459"><ele>1184</ele></trkpt><trkpt lat="40.81639" lon="-3.76445"><ele>1184</ele></trkpt><trkpt lat="40.81646" lon="-3.76429"><ele>1185</ele></trkpt><trkpt lat="40.81651" lon="-3.76417"><ele>1185</ele></trkpt><trkpt lat="40.81654" lon="-3.76411"><ele>1185</ele></trkpt><trkpt lat="40.81658" lon="-3.76404"><ele>1184</ele></trkpt><trkpt lat="40.81665" lon="-3.76396"><ele>1184</ele></trkpt><trkpt lat="40.81674" lon="-3.7639"><ele>1185</ele></trkpt><trkpt lat="40.81715" lon="-3.76371"><ele>1188</ele></trkpt><trkpt lat="40.81725" lon="-3.76366"><ele>1189</ele></trkpt><trkpt lat="40.81739" lon="-3.76358"><ele>1190</ele></trkpt><trkpt lat="40.81752" lon="-3.76351"><ele>1191</ele></trkpt><trkpt lat="40.81766" lon="-3.76343"><ele>1192</ele></trkpt><trkpt lat="40.81782" lon="-3.76335"><ele>1193</ele></trkpt><trkpt lat="40.81795" lon="-3.76326"><ele>1193</ele></trkpt><trkpt lat="40.8181" lon="-3.76318"><ele>1194</ele></trkpt><trkpt lat="40.81818" lon="-3.76314"><ele>1194</ele></trkpt><trkpt lat="40.81827" lon="-3.76311"><ele>1195</ele></trkpt><trkpt lat="40.81837" lon="-3.7631"><ele>1196</ele></trkpt><trkpt lat="40.81852" lon="-3.76311"><ele>1199</ele></trkpt><trkpt lat="40.81889" lon="-3.76313"><ele>1205</ele></trkpt><trkpt lat="40.81903" lon="-3.76313"><ele>1207</ele></trkpt><trkpt lat="40.81929" lon="-3.7631"><ele>1211</ele></trkpt><trkpt lat="40.81941" lon="-3.76307"><ele>1213</ele></trkpt><trkpt lat="40.8197" lon="-3.76292"><ele>1216</ele></trkpt><trkpt lat="40.81979" lon="-3.76287"><ele>1217</ele></trkpt><trkpt lat="40.81985" lon="-3.7628"><ele>1218</ele></trkpt><trkpt lat="40.81989" lon="-3.76275"><ele>1218</ele></trkpt><trkpt lat="40.81992" lon="-3.76269"><ele>1217</ele></trkpt><trkpt lat="40.81996" lon="-3.76259"><ele>1217</ele></trkpt><trkpt lat="40.82007" lon="-3.76213"><ele>1215</ele></trkpt><trkpt lat="40.82013" lon="-3.76199"><ele>1215</ele></trkpt><trkpt lat="40.82022" lon="-3.76179"><ele>1216</ele></trkpt><trkpt lat="40.82034" lon="-3.76155"><ele>1218</ele></trkpt><trkpt lat="40.82041" lon="-3.76142"><ele>1219</ele></trkpt><trkpt lat="40.82043" lon="-3.76136"><ele>1220</ele></trkpt><trkpt lat="40.82044" lon="-3.76131"><ele>1220</ele></trkpt><trkpt lat="40.82046" lon="-3.76124"><ele>1220</ele></trkpt><trkpt lat="40.82048" lon="-3.76085"><ele>1220</ele></trkpt><trkpt lat="40.8205" lon="-3.76069"><ele>1220</ele></trkpt><trkpt lat="40.82052" lon="-3.76059"><ele>1220</ele></trkpt><trkpt lat="40.82053" lon="-3.76052"><ele>1221</ele></trkpt><trkpt lat="40.82058" lon="-3.76041"><ele>1221</ele></trkpt><trkpt lat="40.82061" lon="-3.76034"><ele>1222</ele></trkpt><trkpt lat="40.82069" lon="-3.76025"><ele>1223</ele></trkpt><trkpt lat="40.82078" lon="-3.7602"><ele>1224</ele></trkpt><trkpt lat="40.82089" lon="-3.76015"><ele>1224</ele></trkpt><trkpt lat="40.82109" lon="-3.76008"><ele>1224</ele></trkpt><trkpt lat="40.82118" lon="-3.7601"><ele>1225</ele></trkpt><trkpt lat="40.82123" lon="-3.7601"><ele>1225</ele></trkpt><trkpt lat="40.82131" lon="-3.76013"><ele>1225</ele></trkpt><trkpt lat="40.82139" lon="-3.76017"><ele>1226</ele></trkpt><trkpt lat="40.82151" lon="-3.76024"><ele>1227</ele></trkpt><trkpt lat="40.82178" lon="-3.7604"><ele>1230</ele></trkpt><trkpt lat="40.82222" lon="-3.76066"><ele>1234</ele></trkpt><trkpt lat="40.82265" lon="-3.76093"><ele>1238</ele></trkpt><trkpt lat="40.82289" lon="-3.7611"><ele>1240</ele></trkpt><trkpt lat="40.82303" lon="-3.7612"><ele>1241</ele></trkpt><trkpt lat="40.82375" lon="-3.76184"><ele>1248</ele></trkpt><trkpt lat="40.82406" lon="-3.76209"><ele>1249</ele></trkpt><trkpt lat="40.82466" lon="-3.76258"><ele>1251</ele></trkpt><trkpt lat="40.82489" lon="-3.76277"><ele>1252</ele></trkpt><trkpt lat="40.82518" lon="-3.76296"><ele>1252</ele></trkpt><trkpt lat="40.82531" lon="-3.76306"><ele>1252</ele></trkpt><trkpt lat="40.82533" lon="-3.76307"><ele>1252</ele></trkpt><trkpt lat="40.82607" lon="-3.76357"><ele>1251</ele></trkpt><trkpt lat="40.82624" lon="-3.76368"><ele>1251</ele></trkpt><trkpt lat="40.82637" lon="-3.76376"><ele>1251</ele></trkpt><trkpt lat="40.82682" lon="-3.76412"><ele>1253</ele></trkpt><trkpt lat="40.82722" lon="-3.76445"><ele>1255</ele></trkpt><trkpt lat="40.8277" lon="-3.76482"><ele>1256</ele></trkpt><trkpt lat="40.82813" lon="-3.76513"><ele>1255</ele></trkpt><trkpt lat="40.82823" lon="-3.7652"><ele>1255</ele></trkpt><trkpt lat="40.82843" lon="-3.76535"><ele>1255</ele></trkpt><trkpt lat="40.82854" lon="-3.76543"><ele>1254</ele></trkpt><trkpt lat="40.82873" lon="-3.76561"><ele>1255</ele></trkpt><trkpt lat="40.82883" lon="-3.76571"><ele>1255</ele></trkpt><trkpt lat="40.82964" lon="-3.76658"><ele>1260</ele></trkpt><trkpt lat="40.83013" lon="-3.76703"><ele>1261</ele></trkpt><trkpt lat="40.83097" lon="-3.76765"><ele>1257</ele></trkpt><trkpt lat="40.83119" lon="-3.76782"><ele>1256</ele></trkpt><trkpt lat="40.83144" lon="-3.76806"><ele>1255</ele></trkpt><trkpt lat="40.83148" lon="-3.76809"><ele>1255</ele></trkpt><trkpt lat="40.83153" lon="-3.76815"><ele>1255</ele></trkpt><trkpt lat="40.8316" lon="-3.76824"><ele>1255</ele></trkpt><trkpt lat="40.83184" lon="-3.76859"><ele>1257</ele></trkpt><trkpt lat="40.83207" lon="-3.76897"><ele>1260</ele></trkpt><trkpt lat="40.8323" lon="-3.76932"><ele>1263</ele></trkpt><trkpt lat="40.83248" lon="-3.76959"><ele>1266</ele></trkpt><trkpt lat="40.83261" lon="-3.76974"><ele>1268</ele></trkpt><trkpt lat="40.83275" lon="-3.76982"><ele>1269</ele></trkpt><trkpt lat="40.83283" lon="-3.76987"><ele>1270</ele></trkpt><trkpt lat="40.83301" lon="-3.76993"><ele>1270</ele></trkpt><trkpt lat="40.83309" lon="-3.76994"><ele>1270</ele></trkpt><trkpt lat="40.8332" lon="-3.76994"><ele>1270</ele></trkpt><trkpt lat="40.83333" lon="-3.76995"><ele>1269</ele></trkpt><trkpt lat="40.83353" lon="-3.76991"><ele>1268</ele></trkpt><trkpt lat="40.83369" lon="-3.76988"><ele>1267</ele></trkpt><trkpt lat="40.83378" lon="-3.76987"><ele>1267</ele></trkpt><trkpt lat="40.83388" lon="-3.76988"><ele>1267</ele></trkpt><trkpt lat="40.83418" lon="-3.76992"><ele>1267</ele></trkpt><trkpt lat="40.83464" lon="-3.77"><ele>1267</ele></trkpt><trkpt lat="40.8351" lon="-3.77006"><ele>1268</ele></trkpt><trkpt lat="40.83514" lon="-3.77006"><ele>1268</ele></trkpt><trkpt lat="40.83547" lon="-3.77008"><ele>1268</ele></trkpt><trkpt lat="40.83555" lon="-3.77008"><ele>1268</ele></trkpt><trkpt lat="40.83564" lon="-3.77007"><ele>1268</ele></trkpt><trkpt lat="40.83567" lon="-3.77006"><ele>1268</ele></trkpt><trkpt lat="40.83572" lon="-3.77005"><ele>1268</ele></trkpt><trkpt lat="40.83577" lon="-3.77003"><ele>1268</ele></trkpt><trkpt lat="40.8358" lon="-3.77001"><ele>1267</ele></trkpt><trkpt lat="40.83588" lon="-3.76995"><ele>1267</ele></trkpt><trkpt lat="40.83664" lon="-3.7693"><ele>1261</ele></trkpt><trkpt lat="40.83714" lon="-3.76886"><ele>1258</ele></trkpt><trkpt lat="40.83735" lon="-3.76871"><ele>1258</ele></trkpt><trkpt lat="40.83753" lon="-3.76862"><ele>1258</ele></trkpt><trkpt lat="40.83807" lon="-3.76838"><ele>1258</ele></trkpt><trkpt lat="40.83827" lon="-3.76828"><ele>1258</ele></trkpt><trkpt lat="40.83839" lon="-3.76819"><ele>1258</ele></trkpt><trkpt lat="40.83851" lon="-3.7681"><ele>1258</ele></trkpt><trkpt lat="40.8386" lon="-3.768"><ele>1258</ele></trkpt><trkpt lat="40.83883" lon="-3.76778"><ele>1257</ele></trkpt><trkpt lat="40.839" lon="-3.76759"><ele>1257</ele></trkpt><trkpt lat="40.83915" lon="-3.76744"><ele>1256</ele></trkpt><trkpt lat="40.83923" lon="-3.76738"><ele>1256</ele></trkpt><trkpt lat="40.83931" lon="-3.76733"><ele>1256</ele></trkpt><trkpt lat="40.83939" lon="-3.7673"><ele>1256</ele></trkpt><trkpt lat="40.83948" lon="-3.76727"><ele>1256</ele></trkpt><trkpt lat="40.83971" lon="-3.76724"><ele>1256</ele></trkpt><trkpt lat="40.84048" lon="-3.76716"><ele>1255</ele></trkpt><trkpt lat="40.84104" lon="-3.7671"><ele>1254</ele></trkpt><trkpt lat="40.8412" lon="-3.76707"><ele>1254</ele></trkpt><trkpt lat="40.84129" lon="-3.76704"><ele>1254</ele></trkpt><trkpt lat="40.84139" lon="-3.767"><ele>1254</ele></trkpt><trkpt lat="40.84195" lon="-3.76662"><ele>1252</ele></trkpt><trkpt lat="40.84211" lon="-3.76654"><ele>1252</ele></trkpt><trkpt lat="40.84227" lon="-3.76648"><ele>1252</ele></trkpt><trkpt lat="40.84252" lon="-3.76642"><ele>1252</ele></trkpt><trkpt lat="40.84274" lon="-3.76637"><ele>1253</ele></trkpt><trkpt lat="40.84302" lon="-3.76634"><ele>1254</ele></trkpt><trkpt lat="40.84312" lon="-3.76632"><ele>1254</ele></trkpt><trkpt lat="40.84318" lon="-3.76629"><ele>1254</ele></trkpt><trkpt lat="40.84325" lon="-3.76625"><ele>1254</ele></trkpt><trkpt lat="40.84333" lon="-3.76618"><ele>1254</ele></trkpt><trkpt lat="40.84339" lon="-3.7661"><ele>1253</ele></trkpt><trkpt lat="40.84343" lon="-3.76604"><ele>1253</ele></trkpt><trkpt lat="40.84352" lon="-3.76583"><ele>1252</ele></trkpt><trkpt lat="40.84368" lon="-3.76548"><ele>1251</ele></trkpt><trkpt lat="40.84372" lon="-3.76542"><ele>1251</ele></trkpt><trkpt lat="40.8438" lon="-3.76532"><ele>1250</ele></trkpt><trkpt lat="40.84382" lon="-3.7653"><ele>1251</ele></trkpt><trkpt lat="40.84387" lon="-3.76525"><ele>1251</ele></trkpt><trkpt lat="40.84394" lon="-3.76522"><ele>1251</ele></trkpt><trkpt lat="40.84404" lon="-3.76517"><ele>1252</ele></trkpt><trkpt lat="40.84413" lon="-3.76514"><ele>1252</ele></trkpt><trkpt lat="40.8442" lon="-3.76514"><ele>1253</ele></trkpt><trkpt lat="40.84429" lon="-3.76513"><ele>1253</ele></trkpt><trkpt lat="40.84445" lon="-3.76516"><ele>1255</ele></trkpt><trkpt lat="40.84486" lon="-3.76528"><ele>1259</ele></trkpt><trkpt lat="40.8449" lon="-3.76528"><ele>1260</ele></trkpt><trkpt lat="40.84494" lon="-3.76528"><ele>1260</ele></trkpt><trkpt lat="40.84505" lon="-3.76525"><ele>1261</ele></trkpt><trkpt lat="40.84512" lon="-3.76523"><ele>1262</ele></trkpt><trkpt lat="40.8452" lon="-3.76519"><ele>1262</ele></trkpt><trkpt lat="40.8454" lon="-3.76509"><ele>1264</ele></trkpt><trkpt lat="40.84566" lon="-3.76497"><ele>1266</ele></trkpt><trkpt lat="40.84607" lon="-3.76477"><ele>1267</ele></trkpt><trkpt lat="40.84624" lon="-3.76469"><ele>1266</ele></trkpt><trkpt lat="40.84637" lon="-3.76466"><ele>1266</ele></trkpt><trkpt lat="40.84649" lon="-3.76466"><ele>1267</ele></trkpt><trkpt lat="40.84658" lon="-3.76467"><ele>1267</ele></trkpt><trkpt lat="40.84662" lon="-3.76468"><ele>1267</ele></trkpt><trkpt lat="40.84674" lon="-3.76473"><ele>1268</ele></trkpt><trkpt lat="40.84683" lon="-3.76478"><ele>1268</ele></trkpt><trkpt lat="40.84699" lon="-3.76491"><ele>1270</ele></trkpt><trkpt lat="40.8472" lon="-3.76514"><ele>1273</ele></trkpt><trkpt lat="40.84799" lon="-3.7661"><ele>1289</ele></trkpt><trkpt lat="40.8481" lon="-3.76618"><ele>1291</ele></trkpt><trkpt lat="40.84818" lon="-3.76627"><ele>1292</ele></trkpt><trkpt lat="40.84828" lon="-3.76637"><ele>1294</ele></trkpt><trkpt lat="40.84838" lon="-3.76639"><ele>1294</ele></trkpt><trkpt lat="40.84846" lon="-3.76636"><ele>1295</ele></trkpt><trkpt lat="40.84854" lon="-3.7663"><ele>1295</ele></trkpt><trkpt lat="40.84871" lon="-3.76612"><ele>1293</ele></trkpt><trkpt lat="40.8488" lon="-3.76601"><ele>1292</ele></trkpt><trkpt lat="40.84895" lon="-3.76591"><ele>1292</ele></trkpt><trkpt lat="40.84923" lon="-3.76579"><ele>1293</ele></trkpt><trkpt lat="40.84964" lon="-3.76564"><ele>1294</ele></trkpt><trkpt lat="40.84983" lon="-3.7656"><ele>1295</ele></trkpt><trkpt lat="40.85002" lon="-3.76559"><ele>1297</ele></trkpt><trkpt lat="40.85017" lon="-3.76565"><ele>1300</ele></trkpt><trkpt lat="40.8504" lon="-3.76577"><ele>1304</ele></trkpt><trkpt lat="40.85073" lon="-3.76592"><ele>1311</ele></trkpt><trkpt lat="40.85084" lon="-3.76598"><ele>1313</ele></trkpt><trkpt lat="40.85105" lon="-3.76604"><ele>1316</ele></trkpt><trkpt lat="40.85123" lon="-3.76606"><ele>1317</ele></trkpt><trkpt lat="40.85147" lon="-3.76609"><ele>1319</ele></trkpt><trkpt lat="40.85169" lon="-3.76611"><ele>1320</ele></trkpt><trkpt lat="40.85189" lon="-3.76619"><ele>1323</ele></trkpt><trkpt lat="40.85205" lon="-3.76626"><ele>1325</ele></trkpt><trkpt lat="40.85221" lon="-3.76635"><ele>1328</ele></trkpt><trkpt lat="40.85245" lon="-3.76646"><ele>1331</ele></trkpt><trkpt lat="40.85269" lon="-3.76659"><ele>1334</ele></trkpt><trkpt lat="40.85298" lon="-3.76676"><ele>1338</ele></trkpt><trkpt lat="40.85312" lon="-3.76684"><ele>1341</ele></trkpt><trkpt lat="40.85343" lon="-3.76699"><ele>1345</ele></trkpt><trkpt lat="40.85359" lon="-3.76704"><ele>1348</ele></trkpt><trkpt lat="40.85368" lon="-3.76705"><ele>1350</ele></trkpt><trkpt lat="40.85379" lon="-3.76704"><ele>1350</ele></trkpt><trkpt lat="40.85404" lon="-3.767"><ele>1352</ele></trkpt><trkpt lat="40.85424" lon="-3.76695"><ele>1353</ele></trkpt><trkpt lat="40.85437" lon="-3.76692"><ele>1355</ele></trkpt><trkpt lat="40.85447" lon="-3.76685"><ele>1355</ele></trkpt><trkpt lat="40.8546" lon="-3.76669"><ele>1354</ele></trkpt><trkpt lat="40.85476" lon="-3.76642"><ele>1352</ele></trkpt><trkpt lat="40.85491" lon="-3.76623"><ele>1352</ele></trkpt><trkpt lat="40.85513" lon="-3.76607"><ele>1353</ele></trkpt><trkpt lat="40.85526" lon="-3.76598"><ele>1353</ele></trkpt><trkpt lat="40.85542" lon="-3.76593"><ele>1355</ele></trkpt><trkpt lat="40.85562" lon="-3.7659"><ele>1357</ele></trkpt><trkpt lat="40.85582" lon="-3.7659"><ele>1360</ele></trkpt><trkpt lat="40.85621" lon="-3.76607"><ele>1368</ele></trkpt><trkpt lat="40.85645" lon="-3.76617"><ele>1373</ele></trkpt><trkpt lat="40.85662" lon="-3.76625"><ele>1376</ele></trkpt><trkpt lat="40.85675" lon="-3.76628"><ele>1378</ele></trkpt><trkpt lat="40.8568" lon="-3.76628"><ele>1379</ele></trkpt><trkpt lat="40.85688" lon="-3.76626"><ele>1379</ele></trkpt><trkpt lat="40.85697" lon="-3.76625"><ele>1380</ele></trkpt><trkpt lat="40.85705" lon="-3.76616"><ele>1379</ele></trkpt><trkpt lat="40.85715" lon="-3.76604"><ele>1377</ele></trkpt><trkpt lat="40.85732" lon="-3.76588"><ele>1375</ele></trkpt><trkpt lat="40.85745" lon="-3.7658"><ele>1375</ele></trkpt><trkpt lat="40.85754" lon="-3.76577"><ele>1376</ele></trkpt><trkpt lat="40.85762" lon="-3.76577"><ele>1377</ele></trkpt><trkpt lat="40.85772" lon="-3.76577"><ele>1378</ele></trkpt><trkpt lat="40.85789" lon="-3.76577"><ele>1381</ele></trkpt><trkpt lat="40.85823" lon="-3.76572"><ele>1385</ele></trkpt><trkpt lat="40.85849" lon="-3.76569"><ele>1388</ele></trkpt><trkpt lat="40.85864" lon="-3.76562"><ele>1389</ele></trkpt><trkpt lat="40.85871" lon="-3.76559"><ele>1390</ele></trkpt><trkpt lat="40.85882" lon="-3.76555"><ele>1390</ele></trkpt><trkpt lat="40.85897" lon="-3.76553"><ele>1392</ele></trkpt><trkpt lat="40.85906" lon="-3.76557"><ele>1394</ele></trkpt><trkpt lat="40.85916" lon="-3.76563"><ele>1397</ele></trkpt><trkpt lat="40.85929" lon="-3.76572"><ele>1402</ele></trkpt><trkpt lat="40.85936" lon="-3.76574"><ele>1404</ele></trkpt><trkpt lat="40.85943" lon="-3.76575"><ele>1406</ele></trkpt><trkpt lat="40.85949" lon="-3.76572"><ele>1406</ele></trkpt><trkpt lat="40.85959" lon="-3.76563"><ele>1406</ele></trkpt><trkpt lat="40.85992" lon="-3.76528"><ele>1403</ele></trkpt><trkpt lat="40.86014" lon="-3.76499"><ele>1401</ele></trkpt><trkpt lat="40.86027" lon="-3.76484"><ele>1400</ele></trkpt><trkpt lat="40.86041" lon="-3.76468"><ele>1399</ele></trkpt><trkpt lat="40.86059" lon="-3.76459"><ele>1401</ele></trkpt><trkpt lat="40.8611" lon="-3.76443"><ele>1409</ele></trkpt><trkpt lat="40.86141" lon="-3.76428"><ele>1411</ele></trkpt><trkpt lat="40.86163" lon="-3.76419"><ele>1413</ele></trkpt><trkpt lat="40.86169" lon="-3.76416"><ele>1413</ele></trkpt><trkpt lat="40.86174" lon="-3.76414"><ele>1413</ele></trkpt><trkpt lat="40.86184" lon="-3.76411"><ele>1414</ele></trkpt><trkpt lat="40.86207" lon="-3.76406"><ele>1415</ele></trkpt><trkpt lat="40.8622" lon="-3.76407"><ele>1417</ele></trkpt><trkpt lat="40.86244" lon="-3.76412"><ele>1422</ele></trkpt><trkpt lat="40.86278" lon="-3.76422"><ele>1429</ele></trkpt><trkpt lat="40.86289" lon="-3.7643"><ele>1433</ele></trkpt><trkpt lat="40.86304" lon="-3.7644"><ele>1438</ele></trkpt><trkpt lat="40.8631" lon="-3.76443"><ele>1440</ele></trkpt><trkpt lat="40.86316" lon="-3.76445"><ele>1441</ele></trkpt><trkpt lat="40.86325" lon="-3.76445"><ele>1442</ele></trkpt><trkpt lat="40.86329" lon="-3.76444"><ele>1442</ele></trkpt><trkpt lat="40.86337" lon="-3.76441"><ele>1443</ele></trkpt><trkpt lat="40.86351" lon="-3.7643"><ele>1442</ele></trkpt><trkpt lat="40.86388" lon="-3.76402"><ele>1442</ele></trkpt><trkpt lat="40.86412" lon="-3.76382"><ele>1443</ele></trkpt><trkpt lat="40.86456" lon="-3.76341"><ele>1446</ele></trkpt><trkpt lat="40.86497" lon="-3.76312"><ele>1454</ele></trkpt><trkpt lat="40.8654" lon="-3.76272"><ele>1458</ele></trkpt><trkpt lat="40.86549" lon="-3.76262"><ele>1458</ele></trkpt><trkpt lat="40.86554" lon="-3.76256"><ele>1459</ele></trkpt><trkpt lat="40.86559" lon="-3.76247"><ele>1459</ele></trkpt><trkpt lat="40.86564" lon="-3.76237"><ele>1459</ele></trkpt><trkpt lat="40.86573" lon="-3.76193"><ele>1458</ele></trkpt><trkpt lat="40.86583" lon="-3.76131"><ele>1459</ele></trkpt><trkpt lat="40.86593" lon="-3.76064"><ele>1463</ele></trkpt><trkpt lat="40.86603" lon="-3.75993"><ele>1468</ele></trkpt><trkpt lat="40.86605" lon="-3.75983"><ele>1468</ele></trkpt><trkpt lat="40.86609" lon="-3.75973"><ele>1469</ele></trkpt><trkpt lat="40.86614" lon="-3.75971"><ele>1470</ele></trkpt><trkpt lat="40.86621" lon="-3.75968"><ele>1472</ele></trkpt><trkpt lat="40.86627" lon="-3.7597"><ele>1474</ele></trkpt><trkpt lat="40.86632" lon="-3.75974"><ele>1475</ele></trkpt><trkpt lat="40.86635" lon="-3.75979"><ele>1476</ele></trkpt><trkpt lat="40.86637" lon="-3.75986"><ele>1476</ele></trkpt><trkpt lat="40.86638" lon="-3.75998"><ele>1477</ele></trkpt><trkpt lat="40.86638" lon="-3.76036"><ele>1476</ele></trkpt><trkpt lat="40.8664" lon="-3.7605"><ele>1477</ele></trkpt><trkpt lat="40.86642" lon="-3.76061"><ele>1477</ele></trkpt><trkpt lat="40.86646" lon="-3.76071"><ele>1478</ele></trkpt><trkpt lat="40.86649" lon="-3.76081"><ele>1479</ele></trkpt><trkpt lat="40.86658" lon="-3.76104"><ele>1481</ele></trkpt><trkpt lat="40.86673" lon="-3.76147"><ele>1484</ele></trkpt><trkpt lat="40.86702" lon="-3.76226"><ele>1491</ele></trkpt><trkpt lat="40.86707" lon="-3.76238"><ele>1492</ele></trkpt><trkpt lat="40.86727" lon="-3.76276"><ele>1498</ele></trkpt><trkpt lat="40.86747" lon="-3.76314"><ele>1505</ele></trkpt><trkpt lat="40.86754" lon="-3.76323"><ele>1506</ele></trkpt><trkpt lat="40.86761" lon="-3.76328"><ele>1507</ele></trkpt><trkpt lat="40.86768" lon="-3.76333"><ele>1507</ele></trkpt><trkpt lat="40.8678" lon="-3.76342"><ele>1510</ele></trkpt><trkpt lat="40.8679" lon="-3.7635"><ele>1512</ele></trkpt><trkpt lat="40.86804" lon="-3.7636"><ele>1513</ele></trkpt><trkpt lat="40.8681" lon="-3.76364"><ele>1514</ele></trkpt><trkpt lat="40.8682" lon="-3.76368"><ele>1515</ele></trkpt><trkpt lat="40.86831" lon="-3.7637"><ele>1515</ele></trkpt><trkpt lat="40.86839" lon="-3.76369"><ele>1515</ele></trkpt><trkpt lat="40.86847" lon="-3.76368"><ele>1515</ele></trkpt><trkpt lat="40.86858" lon="-3.76365"><ele>1515</ele></trkpt><trkpt lat="40.86866" lon="-3.76364"><ele>1515</ele></trkpt><trkpt lat="40.86875" lon="-3.76366"><ele>1515</ele></trkpt><trkpt lat="40.86883" lon="-3.7637"><ele>1516</ele></trkpt><trkpt lat="40.86894" lon="-3.76379"><ele>1517</ele></trkpt><trkpt lat="40.86905" lon="-3.76392"><ele>1517</ele></trkpt><trkpt lat="40.86911" lon="-3.76405"><ele>1518</ele></trkpt><trkpt lat="40.86923" lon="-3.76433"><ele>1520</ele></trkpt><trkpt lat="40.86943" lon="-3.76463"><ele>1522</ele></trkpt><trkpt lat="40.86944" lon="-3.76463"><ele>1522</ele></trkpt><trkpt lat="40.86962" lon="-3.7649"><ele>1522</ele></trkpt><trkpt lat="40.86979" lon="-3.7652"><ele>1523</ele></trkpt><trkpt lat="40.86997" lon="-3.76562"><ele>1525</ele></trkpt><trkpt lat="40.87009" lon="-3.76582"><ele>1525</ele></trkpt><trkpt lat="40.87042" lon="-3.76621"><ele>1526</ele></trkpt><trkpt lat="40.8708" lon="-3.76656"><ele>1524</ele></trkpt><trkpt lat="40.87097" lon="-3.76664"><ele>1523</ele></trkpt><trkpt lat="40.87113" lon="-3.76669"><ele>1522</ele></trkpt><trkpt lat="40.87118" lon="-3.76671"><ele>1521</ele></trkpt><trkpt lat="40.87158" lon="-3.76685"><ele>1517</ele></trkpt><trkpt lat="40.87198" lon="-3.76705"><ele>1513</ele></trkpt><trkpt lat="40.8722" lon="-3.76722"><ele>1512</ele></trkpt><trkpt lat="40.87228" lon="-3.76729"><ele>1511</ele></trkpt><trkpt lat="40.87234" lon="-3.76735"><ele>1510</ele></trkpt><trkpt lat="40.8725" lon="-3.76751"><ele>1508</ele></trkpt><trkpt lat="40.87259" lon="-3.76762"><ele>1506</ele></trkpt><trkpt lat="40.8727" lon="-3.76778"><ele>1504</ele></trkpt><trkpt lat="40.87274" lon="-3.76788"><ele>1503</ele></trkpt><trkpt lat="40.87276" lon="-3.76791"><ele>1503</ele></trkpt><trkpt lat="40.8728" lon="-3.76804"><ele>1502</ele></trkpt><trkpt lat="40.87289" lon="-3.76832"><ele>1500</ele></trkpt><trkpt lat="40.87293" lon="-3.76839"><ele>1500</ele></trkpt><trkpt lat="40.873" lon="-3.76848"><ele>1498</ele></trkpt><trkpt lat="40.87313" lon="-3.76855"><ele>1495</ele></trkpt><trkpt lat="40.87327" lon="-3.76867"><ele>1492</ele></trkpt><trkpt lat="40.8734" lon="-3.76888"><ele>1490</ele></trkpt><trkpt lat="40.8736" lon="-3.7695"><ele>1490</ele></trkpt><trkpt lat="40.87394" lon="-3.77103"><ele>1487</ele></trkpt><trkpt lat="40.874" lon="-3.7713"><ele>1486</ele></trkpt><trkpt lat="40.87413" lon="-3.77165"><ele>1482</ele></trkpt><trkpt lat="40.87441" lon="-3.77209"><ele>1476</ele></trkpt><trkpt lat="40.8745" lon="-3.77224"><ele>1474</ele></trkpt><trkpt lat="40.87458" lon="-3.77243"><ele>1472</ele></trkpt><trkpt lat="40.87469" lon="-3.77286"><ele>1470</ele></trkpt><trkpt lat="40.87479" lon="-3.77314"><ele>1468</ele></trkpt><trkpt lat="40.875" lon="-3.77348"><ele>1461</ele></trkpt><trkpt lat="40.87521" lon="-3.77366"><ele>1456</ele></trkpt><trkpt lat="40.87561" lon="-3.77391"><ele>1445</ele></trkpt><trkpt lat="40.87585" lon="-3.77397"><ele>1440</ele></trkpt><trkpt lat="40.87615" lon="-3.77387"><ele>1437</ele></trkpt><trkpt lat="40.87632" lon="-3.7738"><ele>1436</ele></trkpt><trkpt lat="40.87641" lon="-3.77377"><ele>1436</ele></trkpt><trkpt lat="40.8765" lon="-3.77377"><ele>1435</ele></trkpt><trkpt lat="40.87656" lon="-3.77379"><ele>1434</ele></trkpt><trkpt lat="40.8766" lon="-3.77383"><ele>1434</ele></trkpt><trkpt lat="40.87663" lon="-3.77386"><ele>1433</ele></trkpt><trkpt lat="40.87666" lon="-3.7739"><ele>1433</ele></trkpt><trkpt lat="40.87669" lon="-3.77394"><ele>1432</ele></trkpt><trkpt lat="40.87671" lon="-3.77403"><ele>1431</ele></trkpt><trkpt lat="40.87672" lon="-3.77412"><ele>1431</ele></trkpt><trkpt lat="40.87671" lon="-3.7742"><ele>1430</ele></trkpt><trkpt lat="40.8767" lon="-3.77427"><ele>1430</ele></trkpt><trkpt lat="40.87666" lon="-3.77435"><ele>1429</ele></trkpt><trkpt lat="40.87662" lon="-3.77442"><ele>1429</ele></trkpt><trkpt lat="40.87649" lon="-3.77458"><ele>1429</ele></trkpt><trkpt lat="40.87648" lon="-3.77459"><ele>1429</ele></trkpt><trkpt lat="40.87599" lon="-3.77505"><ele>1430</ele></trkpt><trkpt lat="40.87583" lon="-3.77523"><ele>1431</ele></trkpt><trkpt lat="40.87574" lon="-3.77535"><ele>1432</ele></trkpt><trkpt lat="40.87563" lon="-3.77565"><ele>1432</ele></trkpt><trkpt lat="40.87559" lon="-3.7758"><ele>1431</ele></trkpt><trkpt lat="40.8755" lon="-3.7761"><ele>1429</ele></trkpt><trkpt lat="40.87505" lon="-3.77703"><ele>1423</ele></trkpt><trkpt lat="40.87493" lon="-3.77724"><ele>1423</ele></trkpt><trkpt lat="40.87486" lon="-3.77738"><ele>1422</ele></trkpt><trkpt lat="40.87467" lon="-3.77765"><ele>1423</ele></trkpt><trkpt lat="40.87439" lon="-3.77795"><ele>1425</ele></trkpt><trkpt lat="40.87433" lon="-3.77801"><ele>1425</ele></trkpt><trkpt lat="40.87429" lon="-3.77806"><ele>1425</ele></trkpt><trkpt lat="40.87417" lon="-3.7782"><ele>1426</ele></trkpt><trkpt lat="40.87407" lon="-3.77836"><ele>1426</ele></trkpt><trkpt lat="40.87398" lon="-3.77851"><ele>1428</ele></trkpt><trkpt lat="40.87394" lon="-3.77865"><ele>1428</ele></trkpt><trkpt lat="40.87387" lon="-3.77886"><ele>1429</ele></trkpt><trkpt lat="40.87389" lon="-3.77898"><ele>1427</ele></trkpt><trkpt lat="40.87391" lon="-3.77902"><ele>1427</ele></trkpt><trkpt lat="40.87394" lon="-3.77907"><ele>1426</ele></trkpt><trkpt lat="40.874" lon="-3.77911"><ele>1425</ele></trkpt><trkpt lat="40.87405" lon="-3.77912"><ele>1424</ele></trkpt><trkpt lat="40.87409" lon="-3.77911"><ele>1423</ele></trkpt><trkpt lat="40.87413" lon="-3.77909"><ele>1422</ele></trkpt><trkpt lat="40.87417" lon="-3.77905"><ele>1422</ele></trkpt><trkpt lat="40.87424" lon="-3.77893"><ele>1421</ele></trkpt><trkpt lat="40.87432" lon="-3.77881"><ele>1420</ele></trkpt><trkpt lat="40.87437" lon="-3.77878"><ele>1419</ele></trkpt><trkpt lat="40.87444" lon="-3.77873"><ele>1418</ele></trkpt><trkpt lat="40.87451" lon="-3.77872"><ele>1417</ele></trkpt><trkpt lat="40.87459" lon="-3.77872"><ele>1416</ele></trkpt><trkpt lat="40.87472" lon="-3.77875"><ele>1413</ele></trkpt><trkpt lat="40.87503" lon="-3.77893"><ele>1410</ele></trkpt><trkpt lat="40.87565" lon="-3.77926"><ele>1403</ele></trkpt><trkpt lat="40.8761" lon="-3.77938"><ele>1398</ele></trkpt><trkpt lat="40.87647" lon="-3.77947"><ele>1393</ele></trkpt><trkpt lat="40.87672" lon="-3.77953"><ele>1390</ele></trkpt><trkpt lat="40.87689" lon="-3.7796"><ele>1388</ele></trkpt><trkpt lat="40.877" lon="-3.77965"><ele>1387</ele></trkpt><trkpt lat="40.87711" lon="-3.77972"><ele>1386</ele></trkpt><trkpt lat="40.87731" lon="-3.77987"><ele>1385</ele></trkpt><trkpt lat="40.8774" lon="-3.77993"><ele>1385</ele></trkpt><trkpt lat="40.87769" lon="-3.7802"><ele>1387</ele></trkpt><trkpt lat="40.87804" lon="-3.78039"><ele>1387</ele></trkpt><trkpt lat="40.87814" lon="-3.78045"><ele>1387</ele></trkpt><trkpt lat="40.87828" lon="-3.78047"><ele>1385</ele></trkpt><trkpt lat="40.87845" lon="-3.78047"><ele>1383</ele></trkpt><trkpt lat="40.87862" lon="-3.78045"><ele>1382</ele></trkpt><trkpt lat="40.87886" lon="-3.78037"><ele>1378</ele></trkpt><trkpt lat="40.87902" lon="-3.7803"><ele>1375</ele></trkpt><trkpt lat="40.87922" lon="-3.78021"><ele>1371</ele></trkpt><trkpt lat="40.87937" lon="-3.78011"><ele>1370</ele></trkpt><trkpt lat="40.87958" lon="-3.77993"><ele>1367</ele></trkpt><trkpt lat="40.87996" lon="-3.77959"><ele>1362</ele></trkpt><trkpt lat="40.88033" lon="-3.77917"><ele>1359</ele></trkpt><trkpt lat="40.88049" lon="-3.77899"><ele>1359</ele></trkpt><trkpt lat="40.88057" lon="-3.77888"><ele>1358</ele></trkpt><trkpt lat="40.88059" lon="-3.77885"><ele>1358</ele></trkpt><trkpt lat="40.8806" lon="-3.77879"><ele>1356</ele></trkpt><trkpt lat="40.88059" lon="-3.77873"><ele>1354</ele></trkpt><trkpt lat="40.88056" lon="-3.77869"><ele>1353</ele></trkpt><trkpt lat="40.88051" lon="-3.77869"><ele>1351</ele></trkpt><trkpt lat="40.88047" lon="-3.77869"><ele>1350</ele></trkpt><trkpt lat="40.88042" lon="-3.77872"><ele>1350</ele></trkpt><trkpt lat="40.88036" lon="-3.7788"><ele>1351</ele></trkpt><trkpt lat="40.88029" lon="-3.7789"><ele>1351</ele></trkpt><trkpt lat="40.88021" lon="-3.77899"><ele>1351</ele></trkpt><trkpt lat="40.8801" lon="-3.77911"><ele>1351</ele></trkpt><trkpt lat="40.87999" lon="-3.77919"><ele>1350</ele></trkpt><trkpt lat="40.87985" lon="-3.77925"><ele>1350</ele></trkpt><trkpt lat="40.87971" lon="-3.7793"><ele>1350</ele></trkpt><trkpt lat="40.87952" lon="-3.77934"><ele>1349</ele></trkpt><trkpt lat="40.87951" lon="-3.77934"><ele>1349</ele></trkpt><trkpt lat="40.87914" lon="-3.77958"><ele>1352</ele></trkpt><trkpt lat="40.87911" lon="-3.77959"><ele>1352</ele></trkpt><trkpt lat="40.87908" lon="-3.7796"><ele>1352</ele></trkpt><trkpt lat="40.87905" lon="-3.77959"><ele>1352</ele></trkpt><trkpt lat="40.87903" lon="-3.77957"><ele>1352</ele></trkpt><trkpt lat="40.87902" lon="-3.77953"><ele>1351</ele></trkpt><trkpt lat="40.879" lon="-3.77951"><ele>1351</ele></trkpt><trkpt lat="40.879" lon="-3.77946"><ele>1350</ele></trkpt><trkpt lat="40.87902" lon="-3.77942"><ele>1348</ele></trkpt><trkpt lat="40.87904" lon="-3.77939"><ele>1348</ele></trkpt><trkpt lat="40.87906" lon="-3.77935"><ele>1347</ele></trkpt><trkpt lat="40.87911" lon="-3.77931"><ele>1345</ele></trkpt><trkpt lat="40.87947" lon="-3.7791"><ele>1343</ele></trkpt><trkpt lat="40.87964" lon="-3.779"><ele>1343</ele></trkpt><trkpt lat="40.87979" lon="-3.7789"><ele>1342</ele></trkpt><trkpt lat="40.87985" lon="-3.77883"><ele>1341</ele></trkpt><trkpt lat="40.87993" lon="-3.77872"><ele>1339</ele></trkpt><trkpt lat="40.87999" lon="-3.77862"><ele>1337</ele></trkpt><trkpt lat="40.88016" lon="-3.77828"><ele>1334</ele></trkpt><trkpt lat="40.88026" lon="-3.77806"><ele>1333</ele></trkpt><trkpt lat="40.88043" lon="-3.77761"><ele>1329</ele></trkpt><trkpt lat="40.88049" lon="-3.77748"><ele>1327</ele></trkpt><trkpt lat="40.88056" lon="-3.77735"><ele>1326</ele></trkpt><trkpt lat="40.88067" lon="-3.7772"><ele>1324</ele></trkpt><trkpt lat="40.88075" lon="-3.77709"><ele>1322</ele></trkpt><trkpt lat="40.881" lon="-3.77683"><ele>1321</ele></trkpt><trkpt lat="40.88105" lon="-3.77677"><ele>1321</ele></trkpt><trkpt lat="40.88109" lon="-3.77672"><ele>1321</ele></trkpt><trkpt lat="40.88113" lon="-3.77666"><ele>1321</ele></trkpt><trkpt lat="40.8812" lon="-3.77653"><ele>1321</ele></trkpt><trkpt lat="40.88129" lon="-3.77636"><ele>1320</ele></trkpt><trkpt lat="40.88141" lon="-3.77618"><ele>1319</ele></trkpt><trkpt lat="40.88173" lon="-3.77578"><ele>1313</ele></trkpt><trkpt lat="40.88202" lon="-3.77542"><ele>1312</ele></trkpt><trkpt lat="40.88222" lon="-3.7752"><ele>1311</ele></trkpt><trkpt lat="40.88233" lon="-3.77509"><ele>1309</ele></trkpt><trkpt lat="40.88254" lon="-3.7749"><ele>1308</ele></trkpt><trkpt lat="40.88282" lon="-3.77465"><ele>1308</ele></trkpt><trkpt lat="40.88288" lon="-3.7746"><ele>1308</ele></trkpt><trkpt lat="40.88292" lon="-3.77454"><ele>1307</ele></trkpt><trkpt lat="40.88311" lon="-3.7743"><ele>1305</ele></trkpt><trkpt lat="40.88329" lon="-3.77408"><ele>1302</ele></trkpt><trkpt lat="40.88347" lon="-3.77388"><ele>1301</ele></trkpt><trkpt lat="40.88401" lon="-3.77332"><ele>1292</ele></trkpt><trkpt lat="40.88403" lon="-3.77329"><ele>1292</ele></trkpt><trkpt lat="40.88406" lon="-3.77327"><ele>1291</ele></trkpt><trkpt lat="40.8841" lon="-3.77326"><ele>1291</ele></trkpt><trkpt lat="40.88412" lon="-3.77326"><ele>1291</ele></trkpt><trkpt lat="40.88416" lon="-3.77326"><ele>1291</ele></trkpt><trkpt lat="40.88421" lon="-3.77327"><ele>1291</ele></trkpt><trkpt lat="40.88433" lon="-3.7733"><ele>1291</ele></trkpt><trkpt lat="40.88452" lon="-3.77339"><ele>1292</ele></trkpt><trkpt lat="40.88463" lon="-3.77343"><ele>1293</ele></trkpt><trkpt lat="40.88478" lon="-3.77348"><ele>1294</ele></trkpt><trkpt lat="40.8849" lon="-3.7735"><ele>1294</ele></trkpt><trkpt lat="40.8851" lon="-3.77353"><ele>1293</ele></trkpt><trkpt lat="40.88521" lon="-3.77354"><ele>1292</ele></trkpt><trkpt lat="40.88543" lon="-3.77352"><ele>1290</ele></trkpt><trkpt lat="40.88582" lon="-3.77345"><ele>1285</ele></trkpt><trkpt lat="40.88599" lon="-3.77339"><ele>1281</ele></trkpt><trkpt lat="40.88639" lon="-3.77326"><ele>1274</ele></trkpt><trkpt lat="40.88645" lon="-3.77325"><ele>1273</ele></trkpt><trkpt lat="40.88649" lon="-3.77325"><ele>1272</ele></trkpt><trkpt lat="40.88652" lon="-3.77325"><ele>1272</ele></trkpt><trkpt lat="40.88655" lon="-3.77326"><ele>1272</ele></trkpt><trkpt lat="40.8866" lon="-3.77329"><ele>1271</ele></trkpt><trkpt lat="40.88667" lon="-3.77332"><ele>1270</ele></trkpt><trkpt lat="40.88679" lon="-3.77344"><ele>1270</ele></trkpt><trkpt lat="40.88688" lon="-3.77352"><ele>1270</ele></trkpt><trkpt lat="40.88697" lon="-3.77359"><ele>1270</ele></trkpt><trkpt lat="40.88704" lon="-3.77365"><ele>1269</ele></trkpt><trkpt lat="40.88771" lon="-3.77397"><ele>1259</ele></trkpt><trkpt lat="40.88773" lon="-3.77399"><ele>1259</ele></trkpt><trkpt lat="40.88778" lon="-3.77402"><ele>1258</ele></trkpt><trkpt lat="40.88782" lon="-3.77406"><ele>1257</ele></trkpt><trkpt lat="40.88786" lon="-3.77413"><ele>1257</ele></trkpt><trkpt lat="40.8879" lon="-3.77425"><ele>1257</ele></trkpt><trkpt lat="40.88799" lon="-3.77478"><ele>1257</ele></trkpt><trkpt lat="40.88799" lon="-3.77483"><ele>1258</ele></trkpt><trkpt lat="40.88806" lon="-3.77526"><ele>1256</ele></trkpt><trkpt lat="40.88815" lon="-3.77581"><ele>1252</ele></trkpt><trkpt lat="40.88816" lon="-3.77592"><ele>1252</ele></trkpt><trkpt lat="40.88819" lon="-3.776"><ele>1251</ele></trkpt><trkpt lat="40.88822" lon="-3.77605"><ele>1250</ele></trkpt><trkpt lat="40.88828" lon="-3.77609"><ele>1248</ele></trkpt><trkpt lat="40.88833" lon="-3.77611"><ele>1246</ele></trkpt><trkpt lat="40.8884" lon="-3.77611"><ele>1247</ele></trkpt><trkpt lat="40.88845" lon="-3.7761"><ele>1248</ele></trkpt><trkpt lat="40.88848" lon="-3.77606"><ele>1248</ele></trkpt><trkpt lat="40.88853" lon="-3.77598"><ele>1248</ele></trkpt><trkpt lat="40.88856" lon="-3.7759"><ele>1249</ele></trkpt><trkpt lat="40.8886" lon="-3.77568"><ele>1249</ele></trkpt><trkpt lat="40.88863" lon="-3.77558"><ele>1249</ele></trkpt><trkpt lat="40.88865" lon="-3.77543"><ele>1249</ele></trkpt><trkpt lat="40.88866" lon="-3.77506"><ele>1249</ele></trkpt><trkpt lat="40.88866" lon="-3.77488"><ele>1249</ele></trkpt><trkpt lat="40.88866" lon="-3.77473"><ele>1248</ele></trkpt><trkpt lat="40.88871" lon="-3.77453"><ele>1247</ele></trkpt><trkpt lat="40.88875" lon="-3.7744"><ele>1247</ele></trkpt><trkpt lat="40.88881" lon="-3.77424"><ele>1246</ele></trkpt><trkpt lat="40.88888" lon="-3.77403"><ele>1245</ele></trkpt><trkpt lat="40.88889" lon="-3.77399"><ele>1244</ele></trkpt><trkpt lat="40.88906" lon="-3.77353"><ele>1241</ele></trkpt><trkpt lat="40.88916" lon="-3.77329"><ele>1239</ele></trkpt><trkpt lat="40.88927" lon="-3.77307"><ele>1240</ele></trkpt><trkpt lat="40.8894" lon="-3.77285"><ele>1239</ele></trkpt><trkpt lat="40.88955" lon="-3.77263"><ele>1238</ele></trkpt><trkpt lat="40.89011" lon="-3.77201"><ele>1236</ele></trkpt><trkpt lat="40.89028" lon="-3.7718"><ele>1236</ele></trkpt><trkpt lat="40.89032" lon="-3.77175"><ele>1237</ele></trkpt><trkpt lat="40.89036" lon="-3.77166"><ele>1237</ele></trkpt><trkpt lat="40.89039" lon="-3.77153"><ele>1238</ele></trkpt><trkpt lat="40.8904" lon="-3.77136"><ele>1238</ele></trkpt><trkpt lat="40.89039" lon="-3.77124"><ele>1239</ele></trkpt><trkpt lat="40.89015" lon="-3.77007"><ele>1240</ele></trkpt><trkpt lat="40.89014" lon="-3.76998"><ele>1240</ele></trkpt><trkpt lat="40.89014" lon="-3.76985"><ele>1239</ele></trkpt><trkpt lat="40.89014" lon="-3.76977"><ele>1239</ele></trkpt><trkpt lat="40.89015" lon="-3.76971"><ele>1239</ele></trkpt><trkpt lat="40.89019" lon="-3.76959"><ele>1240</ele></trkpt><trkpt lat="40.89025" lon="-3.76943"><ele>1240</ele></trkpt><trkpt lat="40.89052" lon="-3.7688"><ele>1242</ele></trkpt><trkpt lat="40.89067" lon="-3.76848"><ele>1243</ele></trkpt><trkpt lat="40.89082" lon="-3.76805"><ele>1241</ele></trkpt><trkpt lat="40.89083" lon="-3.76801"><ele>1241</ele></trkpt><trkpt lat="40.89088" lon="-3.76774"><ele>1241</ele></trkpt><trkpt lat="40.89093" lon="-3.76744"><ele>1240</ele></trkpt><trkpt lat="40.89096" lon="-3.76707"><ele>1238</ele></trkpt><trkpt lat="40.89096" lon="-3.76702"><ele>1238</ele></trkpt><trkpt lat="40.89097" lon="-3.76665"><ele>1235</ele></trkpt><trkpt lat="40.89098" lon="-3.76654"><ele>1235</ele></trkpt><trkpt lat="40.89098" lon="-3.76646"><ele>1234</ele></trkpt><trkpt lat="40.89101" lon="-3.76638"><ele>1234</ele></trkpt><trkpt lat="40.89102" lon="-3.76631"><ele>1234</ele></trkpt><trkpt lat="40.89106" lon="-3.76624"><ele>1234</ele></trkpt><trkpt lat="40.89107" lon="-3.76621"><ele>1234</ele></trkpt><trkpt lat="40.89112" lon="-3.76613"><ele>1234</ele></trkpt><trkpt lat="40.89121" lon="-3.76603"><ele>1234</ele></trkpt><trkpt lat="40.89138" lon="-3.76582"><ele>1233</ele></trkpt><trkpt lat="40.89165" lon="-3.76545"><ele>1230</ele></trkpt><trkpt lat="40.89168" lon="-3.76538"><ele>1229</ele></trkpt><trkpt lat="40.89173" lon="-3.76529"><ele>1229</ele></trkpt><trkpt lat="40.89179" lon="-3.76515"><ele>1227</ele></trkpt><trkpt lat="40.89182" lon="-3.76509"><ele>1227</ele></trkpt><trkpt lat="40.89185" lon="-3.76505"><ele>1226</ele></trkpt><trkpt lat="40.89186" lon="-3.76503"><ele>1226</ele></trkpt><trkpt lat="40.89188" lon="-3.76501"><ele>1226</ele></trkpt><trkpt lat="40.89193" lon="-3.76497"><ele>1226</ele></trkpt><trkpt lat="40.89199" lon="-3.76491"><ele>1227</ele></trkpt><trkpt lat="40.89215" lon="-3.76481"><ele>1228</ele></trkpt><trkpt lat="40.89225" lon="-3.76471"><ele>1228</ele></trkpt><trkpt lat="40.89229" lon="-3.76462"><ele>1228</ele></trkpt><trkpt lat="40.8923" lon="-3.76452"><ele>1227</ele></trkpt><trkpt lat="40.8923" lon="-3.76444"><ele>1226</ele></trkpt><trkpt lat="40.89229" lon="-3.76435"><ele>1225</ele></trkpt><trkpt lat="40.89225" lon="-3.76416"><ele>1222</ele></trkpt><trkpt lat="40.89222" lon="-3.76396"><ele>1220</ele></trkpt><trkpt lat="40.89222" lon="-3.76383"><ele>1219</ele></trkpt><trkpt lat="40.89223" lon="-3.76376"><ele>1218</ele></trkpt><trkpt lat="40.89225" lon="-3.7637"><ele>1218</ele></trkpt><trkpt lat="40.89228" lon="-3.76364"><ele>1218</ele></trkpt><trkpt lat="40.89235" lon="-3.76351"><ele>1217</ele></trkpt><trkpt lat="40.89247" lon="-3.76338"><ele>1217</ele></trkpt><trkpt lat="40.89275" lon="-3.76304"><ele>1219</ele></trkpt><trkpt lat="40.89299" lon="-3.7628"><ele>1221</ele></trkpt><trkpt lat="40.8934" lon="-3.76247"><ele>1222</ele></trkpt><trkpt lat="40.89355" lon="-3.76235"><ele>1223</ele></trkpt><trkpt lat="40.89374" lon="-3.76218"><ele>1223</ele></trkpt><trkpt lat="40.89382" lon="-3.76211"><ele>1223</ele></trkpt><trkpt lat="40.89391" lon="-3.76204"><ele>1223</ele></trkpt><trkpt lat="40.89397" lon="-3.76201"><ele>1224</ele></trkpt><trkpt lat="40.89417" lon="-3.76192"><ele>1225</ele></trkpt><trkpt lat="40.89422" lon="-3.76189"><ele>1225</ele></trkpt><trkpt lat="40.89428" lon="-3.76184"><ele>1226</ele></trkpt><trkpt lat="40.89432" lon="-3.76181"><ele>1226</ele></trkpt><trkpt lat="40.89437" lon="-3.76176"><ele>1226</ele></trkpt><trkpt lat="40.8944" lon="-3.76173"><ele>1226</ele></trkpt><trkpt lat="40.89459" lon="-3.7615"><ele>1226</ele></trkpt><trkpt lat="40.89466" lon="-3.76139"><ele>1226</ele></trkpt><trkpt lat="40.89472" lon="-3.76126"><ele>1225</ele></trkpt><trkpt lat="40.89479" lon="-3.76098"><ele>1221</ele></trkpt><trkpt lat="40.89483" lon="-3.76082"><ele>1219</ele></trkpt><trkpt lat="40.8949" lon="-3.76066"><ele>1219</ele></trkpt><trkpt lat="40.89502" lon="-3.76043"><ele>1218</ele></trkpt><trkpt lat="40.89514" lon="-3.76023"><ele>1217</ele></trkpt><trkpt lat="40.89528" lon="-3.76001"><ele>1216</ele></trkpt><trkpt lat="40.89536" lon="-3.75989"><ele>1216</ele></trkpt><trkpt lat="40.89552" lon="-3.75972"><ele>1215</ele></trkpt><trkpt lat="40.89561" lon="-3.75964"><ele>1214</ele></trkpt><trkpt lat="40.89571" lon="-3.75958"><ele>1214</ele></trkpt><trkpt lat="40.89577" lon="-3.75956"><ele>1214</ele></trkpt><trkpt lat="40.89581" lon="-3.75953"><ele>1214</ele></trkpt><trkpt lat="40.89588" lon="-3.75952"><ele>1214</ele></trkpt><trkpt lat="40.89639" lon="-3.75939"><ele>1214</ele></trkpt><trkpt lat="40.89666" lon="-3.75935"><ele>1214</ele></trkpt><trkpt lat="40.89708" lon="-3.75933"><ele>1217</ele></trkpt><trkpt lat="40.89713" lon="-3.75933"><ele>1217</ele></trkpt><trkpt lat="40.8972" lon="-3.7593"><ele>1217</ele></trkpt><trkpt lat="40.89729" lon="-3.75925"><ele>1216</ele></trkpt><trkpt lat="40.89734" lon="-3.75922"><ele>1216</ele></trkpt><trkpt lat="40.89743" lon="-3.75915"><ele>1214</ele></trkpt><trkpt lat="40.89761" lon="-3.75899"><ele>1211</ele></trkpt><trkpt lat="40.89781" lon="-3.75877"><ele>1206</ele></trkpt><trkpt lat="40.89794" lon="-3.75863"><ele>1203</ele></trkpt><trkpt lat="40.89803" lon="-3.75851"><ele>1201</ele></trkpt><trkpt lat="40.89822" lon="-3.75821"><ele>1196</ele></trkpt><trkpt lat="40.89852" lon="-3.75768"><ele>1187</ele></trkpt><trkpt lat="40.8986" lon="-3.75758"><ele>1185</ele></trkpt><trkpt lat="40.89867" lon="-3.75753"><ele>1184</ele></trkpt><trkpt lat="40.89873" lon="-3.75751"><ele>1184</ele></trkpt><trkpt lat="40.89878" lon="-3.75751"><ele>1184</ele></trkpt><trkpt lat="40.89882" lon="-3.75752"><ele>1184</ele></trkpt><trkpt lat="40.89888" lon="-3.75755"><ele>1185</ele></trkpt><trkpt lat="40.89893" lon="-3.7576"><ele>1186</ele></trkpt><trkpt lat="40.899" lon="-3.75769"><ele>1187</ele></trkpt><trkpt lat="40.89913" lon="-3.75791"><ele>1190</ele></trkpt><trkpt lat="40.89919" lon="-3.75802"><ele>1192</ele></trkpt><trkpt lat="40.89924" lon="-3.75807"><ele>1192</ele></trkpt><trkpt lat="40.89929" lon="-3.75812"><ele>1192</ele></trkpt><trkpt lat="40.89935" lon="-3.75814"><ele>1192</ele></trkpt><trkpt lat="40.89943" lon="-3.75816"><ele>1192</ele></trkpt><trkpt lat="40.89954" lon="-3.75817"><ele>1191</ele></trkpt><trkpt lat="40.89963" lon="-3.75816"><ele>1190</ele></trkpt><trkpt lat="40.89972" lon="-3.75817"><ele>1189</ele></trkpt><trkpt lat="40.8998" lon="-3.75819"><ele>1189</ele></trkpt><trkpt lat="40.89985" lon="-3.75821"><ele>1189</ele></trkpt><trkpt lat="40.89993" lon="-3.75826"><ele>1188</ele></trkpt><trkpt lat="40.90008" lon="-3.75832"><ele>1188</ele></trkpt><trkpt lat="40.90013" lon="-3.75833"><ele>1188</ele></trkpt><trkpt lat="40.90017" lon="-3.75832"><ele>1188</ele></trkpt><trkpt lat="40.90021" lon="-3.75831"><ele>1188</ele></trkpt><trkpt lat="40.90025" lon="-3.75828"><ele>1188</ele></trkpt><trkpt lat="40.90028" lon="-3.75825"><ele>1187</ele></trkpt><trkpt lat="40.90033" lon="-3.7582"><ele>1187</ele></trkpt><trkpt lat="40.90035" lon="-3.75815"><ele>1187</ele></trkpt><trkpt lat="40.90037" lon="-3.75811"><ele>1187</ele></trkpt><trkpt lat="40.90037" lon="-3.75808"><ele>1186</ele></trkpt><trkpt lat="40.90037" lon="-3.75804"><ele>1186</ele></trkpt><trkpt lat="40.90038" lon="-3.75801"><ele>1186</ele></trkpt><trkpt lat="40.90038" lon="-3.75795"><ele>1186</ele></trkpt><trkpt lat="40.90037" lon="-3.7579"><ele>1186</ele></trkpt><trkpt lat="40.90036" lon="-3.75784"><ele>1185</ele></trkpt><trkpt lat="40.90033" lon="-3.75776"><ele>1185</ele></trkpt><trkpt lat="40.90028" lon="-3.75768"><ele>1184</ele></trkpt><trkpt lat="40.90018" lon="-3.75752"><ele>1183</ele></trkpt><trkpt lat="40.89994" lon="-3.75715"><ele>1181</ele></trkpt><trkpt lat="40.89967" lon="-3.7567"><ele>1179</ele></trkpt><trkpt lat="40.89958" lon="-3.75657"><ele>1178</ele></trkpt><trkpt lat="40.8995" lon="-3.75646"><ele>1177</ele></trkpt><trkpt lat="40.89943" lon="-3.75636"><ele>1177</ele></trkpt><trkpt lat="40.89937" lon="-3.7563"><ele>1176</ele></trkpt><trkpt lat="40.89928" lon="-3.75618"><ele>1175</ele></trkpt><trkpt lat="40.89923" lon="-3.75612"><ele>1175</ele></trkpt><trkpt lat="40.89919" lon="-3.75608"><ele>1174</ele></trkpt><trkpt lat="40.89912" lon="-3.75603"><ele>1174</ele></trkpt><trkpt lat="40.89906" lon="-3.75599"><ele>1174</ele></trkpt><trkpt lat="40.89892" lon="-3.7559"><ele>1174</ele></trkpt><trkpt lat="40.89877" lon="-3.75581"><ele>1173</ele></trkpt><trkpt lat="40.89867" lon="-3.75575"><ele>1173</ele></trkpt><trkpt lat="40.89863" lon="-3.7557"><ele>1173</ele></trkpt><trkpt lat="40.8986" lon="-3.75566"><ele>1173</ele></trkpt><trkpt lat="40.89857" lon="-3.7556"><ele>1173</ele></trkpt><trkpt lat="40.89855" lon="-3.75553"><ele>1173</ele></trkpt><trkpt lat="40.89852" lon="-3.75544"><ele>1173</ele></trkpt><trkpt lat="40.8985" lon="-3.75534"><ele>1173</ele></trkpt><trkpt lat="40.89848" lon="-3.75521"><ele>1173</ele></trkpt><trkpt lat="40.89842" lon="-3.75504"><ele>1173</ele></trkpt><trkpt lat="40.89834" lon="-3.75483"><ele>1171</ele></trkpt><trkpt lat="40.89825" lon="-3.7546"><ele>1172</ele></trkpt><trkpt lat="40.89816" lon="-3.75434"><ele>1173</ele></trkpt><trkpt lat="40.89811" lon="-3.75406"><ele>1172</ele></trkpt><trkpt lat="40.8981" lon="-3.7538"><ele>1171</ele></trkpt><trkpt lat="40.8981" lon="-3.75362"><ele>1171</ele></trkpt><trkpt lat="40.89812" lon="-3.7535"><ele>1170</ele></trkpt><trkpt lat="40.89819" lon="-3.75336"><ele>1167</ele></trkpt><trkpt lat="40.89828" lon="-3.75321"><ele>1166</ele></trkpt><trkpt lat="40.89835" lon="-3.7531"><ele>1165</ele></trkpt><trkpt lat="40.89842" lon="-3.75296"><ele>1165</ele></trkpt><trkpt lat="40.89845" lon="-3.75285"><ele>1165</ele></trkpt><trkpt lat="40.89845" lon="-3.75275"><ele>1165</ele></trkpt><trkpt lat="40.89845" lon="-3.75264"><ele>1165</ele></trkpt><trkpt lat="40.89846" lon="-3.75256"><ele>1165</ele></trkpt><trkpt lat="40.89849" lon="-3.75248"><ele>1165</ele></trkpt><trkpt lat="40.89854" lon="-3.7524"><ele>1166</ele></trkpt><trkpt lat="40.89859" lon="-3.75234"><ele>1167</ele></trkpt><trkpt lat="40.89867" lon="-3.75228"><ele>1167</ele></trkpt><trkpt lat="40.89875" lon="-3.75225"><ele>1166</ele></trkpt><trkpt lat="40.89887" lon="-3.7522"><ele>1165</ele></trkpt><trkpt lat="40.89902" lon="-3.75215"><ele>1162</ele></trkpt><trkpt lat="40.89913" lon="-3.75208"><ele>1161</ele></trkpt><trkpt lat="40.89923" lon="-3.752"><ele>1161</ele></trkpt><trkpt lat="40.89935" lon="-3.75186"><ele>1161</ele></trkpt><trkpt lat="40.89953" lon="-3.75167"><ele>1160</ele></trkpt><trkpt lat="40.89968" lon="-3.75151"><ele>1161</ele></trkpt><trkpt lat="40.89981" lon="-3.75139"><ele>1160</ele></trkpt><trkpt lat="40.90001" lon="-3.75127"><ele>1159</ele></trkpt><trkpt lat="40.90027" lon="-3.75114"><ele>1159</ele></trkpt><trkpt lat="40.90061" lon="-3.75107"><ele>1157</ele></trkpt><trkpt lat="40.90102" lon="-3.75095"><ele>1155</ele></trkpt><trkpt lat="40.90142" lon="-3.75087"><ele>1153</ele></trkpt><trkpt lat="40.90162" lon="-3.75082"><ele>1152</ele></trkpt><trkpt lat="40.90174" lon="-3.75078"><ele>1151</ele></trkpt><trkpt lat="40.90187" lon="-3.75069"><ele>1152</ele></trkpt><trkpt lat="40.90205" lon="-3.75053"><ele>1152</ele></trkpt><trkpt lat="40.90245" lon="-3.75021"><ele>1152</ele></trkpt><trkpt lat="40.90264" lon="-3.75005"><ele>1152</ele></trkpt><trkpt lat="40.90277" lon="-3.74996"><ele>1151</ele></trkpt><trkpt lat="40.9029" lon="-3.74989"><ele>1150</ele></trkpt><trkpt lat="40.90302" lon="-3.74983"><ele>1149</ele></trkpt><trkpt lat="40.90385" lon="-3.74878"><ele>1145</ele></trkpt><trkpt lat="40.90386" lon="-3.74876"><ele>1145</ele></trkpt><trkpt lat="40.90391" lon="-3.74867"><ele>1145</ele></trkpt><trkpt lat="40.90398" lon="-3.74853"><ele>1144</ele></trkpt><trkpt lat="40.90403" lon="-3.7484"><ele>1144</ele></trkpt><trkpt lat="40.9044" lon="-3.74747"><ele>1148</ele></trkpt><trkpt lat="40.90455" lon="-3.74712"><ele>1149</ele></trkpt><trkpt lat="40.90468" lon="-3.74687"><ele>1148</ele></trkpt><trkpt lat="40.90492" lon="-3.74655"><ele>1146</ele></trkpt><trkpt lat="40.90499" lon="-3.74644"><ele>1146</ele></trkpt><trkpt lat="40.90518" lon="-3.74615"><ele>1145</ele></trkpt><trkpt lat="40.90591" lon="-3.74485"><ele>1142</ele></trkpt><trkpt lat="40.90596" lon="-3.74472"><ele>1142</ele></trkpt><trkpt lat="40.9061" lon="-3.7442"><ele>1142</ele></trkpt><trkpt lat="40.90626" lon="-3.74342"><ele>1142</ele></trkpt><trkpt lat="40.90632" lon="-3.74316"><ele>1142</ele></trkpt><trkpt lat="40.90639" lon="-3.74289"><ele>1141</ele></trkpt><trkpt lat="40.90646" lon="-3.74261"><ele>1141</ele></trkpt><trkpt lat="40.90651" lon="-3.74238"><ele>1141</ele></trkpt><trkpt lat="40.90656" lon="-3.74217"><ele>1140</ele></trkpt><trkpt lat="40.9066" lon="-3.74191"><ele>1140</ele></trkpt><trkpt lat="40.90662" lon="-3.74168"><ele>1140</ele></trkpt><trkpt lat="40.90665" lon="-3.74146"><ele>1140</ele></trkpt><trkpt lat="40.90669" lon="-3.74114"><ele>1139</ele></trkpt><trkpt lat="40.90671" lon="-3.74091"><ele>1139</ele></trkpt><trkpt lat="40.90673" lon="-3.74073"><ele>1138</ele></trkpt><trkpt lat="40.90674" lon="-3.74055"><ele>1138</ele></trkpt><trkpt lat="40.90674" lon="-3.74035"><ele>1137</ele></trkpt><trkpt lat="40.90673" lon="-3.74014"><ele>1137</ele></trkpt><trkpt lat="40.90671" lon="-3.73995"><ele>1137</ele></trkpt><trkpt lat="40.90668" lon="-3.7398"><ele>1137</ele></trkpt><trkpt lat="40.90664" lon="-3.73966"><ele>1138</ele></trkpt><trkpt lat="40.90659" lon="-3.73955"><ele>1138</ele></trkpt><trkpt lat="40.90651" lon="-3.73928"><ele>1139</ele></trkpt><trkpt lat="40.90649" lon="-3.7392"><ele>1139</ele></trkpt><trkpt lat="40.90647" lon="-3.73907"><ele>1140</ele></trkpt><trkpt lat="40.90648" lon="-3.73898"><ele>1140</ele></trkpt><trkpt lat="40.9065" lon="-3.73891"><ele>1140</ele></trkpt><trkpt lat="40.90652" lon="-3.73886"><ele>1140</ele></trkpt><trkpt lat="40.90655" lon="-3.7388"><ele>1140</ele></trkpt><trkpt lat="40.90658" lon="-3.73877"><ele>1140</ele></trkpt><trkpt lat="40.90661" lon="-3.73875"><ele>1140</ele></trkpt><trkpt lat="40.90664" lon="-3.73874"><ele>1140</ele></trkpt><trkpt lat="40.90669" lon="-3.73872"><ele>1140</ele></trkpt><trkpt lat="40.90676" lon="-3.7387"><ele>1140</ele></trkpt><trkpt lat="40.90685" lon="-3.73868"><ele>1140</ele></trkpt><trkpt lat="40.90692" lon="-3.73865"><ele>1140</ele></trkpt><trkpt lat="40.906924520548" lon="-3.7386520547946"><ele>1140</ele></trkpt><trkpt lat="40.90695" lon="-3.7387200000001"><ele>1140</ele></trkpt><trkpt lat="40.90721" lon="-3.73875"><ele>1139</ele></trkpt><trkpt lat="40.90721" lon="-3.73875"><ele>1139</ele></trkpt><trkpt lat="40.90725" lon="-3.73853"><ele>1140</ele></trkpt><trkpt lat="40.90725" lon="-3.73853"><ele>1140</ele></trkpt><trkpt lat="40.90743" lon="-3.73846"><ele>1140</ele></trkpt><trkpt lat="40.90774" lon="-3.73834"><ele>1141</ele></trkpt><trkpt lat="40.90792" lon="-3.73824"><ele>1142</ele></trkpt><trkpt lat="40.90796" lon="-3.73818"><ele>1142</ele></trkpt><trkpt lat="40.908" lon="-3.73814"><ele>1143</ele></trkpt><trkpt lat="40.9081" lon="-3.73808"><ele>1143</ele></trkpt><trkpt lat="40.9082" lon="-3.738"><ele>1144</ele></trkpt><trkpt lat="40.90828" lon="-3.73794"><ele>1144</ele></trkpt><trkpt lat="40.90833" lon="-3.73791"><ele>1144</ele></trkpt><trkpt lat="40.90843" lon="-3.73786"><ele>1145</ele></trkpt><trkpt lat="40.90851" lon="-3.73783"><ele>1145</ele></trkpt><trkpt lat="40.90858" lon="-3.73781"><ele>1145</ele></trkpt><trkpt lat="40.90861" lon="-3.7378"><ele>1145</ele></trkpt><trkpt lat="40.90878" lon="-3.73774"><ele>1145</ele></trkpt><trkpt lat="40.90879" lon="-3.73774"><ele>1145</ele></trkpt><trkpt lat="40.90884" lon="-3.73771"><ele>1145</ele></trkpt><trkpt lat="40.90896" lon="-3.73766"><ele>1145</ele></trkpt><trkpt lat="40.90909" lon="-3.7376"><ele>1145</ele></trkpt><trkpt lat="40.90924" lon="-3.73757"><ele>1145</ele></trkpt><trkpt lat="40.90928" lon="-3.73757"><ele>1145</ele></trkpt><trkpt lat="40.9093" lon="-3.73758"><ele>1145</ele></trkpt><trkpt lat="40.9093" lon="-3.73758"><ele>1145</ele></trkpt><trkpt lat="40.90932" lon="-3.73779"><ele>1143</ele></trkpt><trkpt lat="40.90934" lon="-3.73791"><ele>1142</ele></trkpt><trkpt lat="40.90938" lon="-3.73807"><ele>1141</ele></trkpt><trkpt lat="40.90938" lon="-3.73807"><ele>1141</ele></trkpt><trkpt lat="40.90952" lon="-3.73813"><ele>1140</ele></trkpt><trkpt lat="40.90975" lon="-3.73815"><ele>1139</ele></trkpt><trkpt lat="40.90981" lon="-3.73815"><ele>1139</ele></trkpt><trkpt lat="40.9099" lon="-3.73814"><ele>1139</ele></trkpt><trkpt lat="40.91008" lon="-3.73812"><ele>1138</ele></trkpt><trkpt lat="40.91027" lon="-3.73811"><ele>1138</ele></trkpt><trkpt lat="40.91061" lon="-3.7381"><ele>1137</ele></trkpt><trkpt lat="40.91081" lon="-3.73817"><ele>1136</ele></trkpt><trkpt lat="40.911" lon="-3.73822"><ele>1135</ele></trkpt><trkpt lat="40.91114" lon="-3.73825"><ele>1134</ele></trkpt><trkpt lat="40.91131" lon="-3.73829"><ele>1133</ele></trkpt><trkpt lat="40.91147" lon="-3.73831"><ele>1132</ele></trkpt><trkpt lat="40.91169" lon="-3.73833"><ele>1131</ele></trkpt><trkpt lat="40.91185" lon="-3.73833"><ele>1130</ele></trkpt><trkpt lat="40.91211" lon="-3.73832"><ele>1129</ele></trkpt><trkpt lat="40.91236" lon="-3.73822"><ele>1128</ele></trkpt><trkpt lat="40.91263" lon="-3.73813"><ele>1127</ele></trkpt><trkpt lat="40.91325" lon="-3.73797"><ele>1124</ele></trkpt><trkpt lat="40.91371" lon="-3.73784"><ele>1122</ele></trkpt><trkpt lat="40.91408" lon="-3.73776"><ele>1120</ele></trkpt><trkpt lat="40.91419" lon="-3.73774"><ele>1119</ele></trkpt><trkpt lat="40.91428" lon="-3.73772"><ele>1119</ele></trkpt><trkpt lat="40.91434" lon="-3.73771"><ele>1119</ele></trkpt><trkpt lat="40.91442" lon="-3.7377"><ele>1119</ele></trkpt><trkpt lat="40.9145" lon="-3.73771"><ele>1119</ele></trkpt><trkpt lat="40.91459" lon="-3.73771"><ele>1119</ele></trkpt><trkpt lat="40.91466" lon="-3.73772"><ele>1118</ele></trkpt><trkpt lat="40.91475" lon="-3.73774"><ele>1118</ele></trkpt><trkpt lat="40.91482" lon="-3.73775"><ele>1118</ele></trkpt><trkpt lat="40.91489" lon="-3.73775"><ele>1118</ele></trkpt><trkpt lat="40.91501" lon="-3.73774"><ele>1118</ele></trkpt><trkpt lat="40.91513" lon="-3.73771"><ele>1118</ele></trkpt><trkpt lat="40.91523" lon="-3.73769"><ele>1118</ele></trkpt><trkpt lat="40.91533" lon="-3.73765"><ele>1118</ele></trkpt><trkpt lat="40.91552" lon="-3.7376"><ele>1118</ele></trkpt><trkpt lat="40.91568" lon="-3.73754"><ele>1119</ele></trkpt><trkpt lat="40.91589" lon="-3.73737"><ele>1119</ele></trkpt><trkpt lat="40.91683" lon="-3.7365"><ele>1118</ele></trkpt><trkpt lat="40.91688" lon="-3.73647"><ele>1118</ele></trkpt><trkpt lat="40.91695" lon="-3.73644"><ele>1118</ele></trkpt><trkpt lat="40.91705" lon="-3.73644"><ele>1118</ele></trkpt><trkpt lat="40.91723" lon="-3.73646"><ele>1117</ele></trkpt><trkpt lat="40.91759" lon="-3.73646"><ele>1115</ele></trkpt><trkpt lat="40.91797" lon="-3.73644"><ele>1113</ele></trkpt><trkpt lat="40.91815" lon="-3.73645"><ele>1112</ele></trkpt><trkpt lat="40.91832" lon="-3.73646"><ele>1111</ele></trkpt><trkpt lat="40.91889" lon="-3.73643"><ele>1109</ele></trkpt><trkpt lat="40.91905" lon="-3.73641"><ele>1109</ele></trkpt><trkpt lat="40.91915" lon="-3.73638"><ele>1108</ele></trkpt><trkpt lat="40.91927" lon="-3.73631"><ele>1108</ele></trkpt><trkpt lat="40.91948" lon="-3.73619"><ele>1108</ele></trkpt><trkpt lat="40.91963" lon="-3.73609"><ele>1108</ele></trkpt><trkpt lat="40.91979" lon="-3.73597"><ele>1109</ele></trkpt><trkpt lat="40.91994" lon="-3.73584"><ele>1110</ele></trkpt><trkpt lat="40.92015" lon="-3.73567"><ele>1110</ele></trkpt><trkpt lat="40.92047" lon="-3.73539"><ele>1110</ele></trkpt><trkpt lat="40.92057" lon="-3.73528"><ele>1111</ele></trkpt><trkpt lat="40.9207" lon="-3.73522"><ele>1110</ele></trkpt><trkpt lat="40.92083" lon="-3.73517"><ele>1110</ele></trkpt><trkpt lat="40.92096" lon="-3.73515"><ele>1110</ele></trkpt><trkpt lat="40.92107" lon="-3.73513"><ele>1109</ele></trkpt><trkpt lat="40.9212" lon="-3.7351"><ele>1109</ele></trkpt><trkpt lat="40.92133" lon="-3.73509"><ele>1108</ele></trkpt><trkpt lat="40.92149" lon="-3.73506"><ele>1108</ele></trkpt><trkpt lat="40.92165" lon="-3.73502"><ele>1107</ele></trkpt><trkpt lat="40.92175" lon="-3.73498"><ele>1107</ele></trkpt><trkpt lat="40.92187" lon="-3.73493"><ele>1107</ele></trkpt><trkpt lat="40.92202" lon="-3.73486"><ele>1107</ele></trkpt><trkpt lat="40.9222" lon="-3.73473"><ele>1107</ele></trkpt><trkpt lat="40.92235" lon="-3.73462"><ele>1107</ele></trkpt><trkpt lat="40.92253" lon="-3.73454"><ele>1106</ele></trkpt><trkpt lat="40.92271" lon="-3.73445"><ele>1106</ele></trkpt><trkpt lat="40.92285" lon="-3.73439"><ele>1106</ele></trkpt><trkpt lat="40.92302" lon="-3.73433"><ele>1106</ele></trkpt><trkpt lat="40.92318" lon="-3.73426"><ele>1106</ele></trkpt><trkpt lat="40.92332" lon="-3.73421"><ele>1106</ele></trkpt><trkpt lat="40.92345" lon="-3.73414"><ele>1106</ele></trkpt><trkpt lat="40.92354" lon="-3.7341"><ele>1106</ele></trkpt><trkpt lat="40.92368" lon="-3.734"><ele>1106</ele></trkpt><trkpt lat="40.92377" lon="-3.73394"><ele>1107</ele></trkpt><trkpt lat="40.92394" lon="-3.73387"><ele>1107</ele></trkpt><trkpt lat="40.92412" lon="-3.73378"><ele>1107</ele></trkpt><trkpt lat="40.9243" lon="-3.73369"><ele>1107</ele></trkpt><trkpt lat="40.92435" lon="-3.73366"><ele>1107</ele></trkpt><trkpt lat="40.92453" lon="-3.73357"><ele>1107</ele></trkpt><trkpt lat="40.92476" lon="-3.73342"><ele>1107</ele></trkpt><trkpt lat="40.92509" lon="-3.73323"><ele>1108</ele></trkpt><trkpt lat="40.92525" lon="-3.73315"><ele>1108</ele></trkpt><trkpt lat="40.92546" lon="-3.73305"><ele>1108</ele></trkpt><trkpt lat="40.92563" lon="-3.73295"><ele>1109</ele></trkpt><trkpt lat="40.92577" lon="-3.73288"><ele>1109</ele></trkpt><trkpt lat="40.92586" lon="-3.73281"><ele>1109</ele></trkpt><trkpt lat="40.926" lon="-3.7327"><ele>1110</ele></trkpt><trkpt lat="40.92616" lon="-3.73259"><ele>1111</ele></trkpt><trkpt lat="40.92635" lon="-3.7325"><ele>1111</ele></trkpt><trkpt lat="40.92651" lon="-3.73239"><ele>1111</ele></trkpt><trkpt lat="40.92656" lon="-3.73237"><ele>1111</ele></trkpt><trkpt lat="40.92665" lon="-3.73231"><ele>1111</ele></trkpt><trkpt lat="40.92674" lon="-3.73226"><ele>1111</ele></trkpt><trkpt lat="40.92692" lon="-3.73218"><ele>1111</ele></trkpt><trkpt lat="40.92728" lon="-3.73202"><ele>1110</ele></trkpt><trkpt lat="40.92778" lon="-3.73177"><ele>1108</ele></trkpt><trkpt lat="40.92786" lon="-3.73172"><ele>1108</ele></trkpt><trkpt lat="40.92803" lon="-3.73165"><ele>1106</ele></trkpt><trkpt lat="40.9282" lon="-3.73155"><ele>1106</ele></trkpt><trkpt lat="40.92837" lon="-3.73142"><ele>1105</ele></trkpt><trkpt lat="40.92853" lon="-3.73132"><ele>1104</ele></trkpt><trkpt lat="40.92869" lon="-3.7312"><ele>1104</ele></trkpt><trkpt lat="40.92887" lon="-3.73106"><ele>1103</ele></trkpt><trkpt lat="40.92896" lon="-3.73097"><ele>1102</ele></trkpt><trkpt lat="40.929" lon="-3.73094"><ele>1102</ele></trkpt><trkpt lat="40.92905" lon="-3.73092"><ele>1102</ele></trkpt><trkpt lat="40.9291" lon="-3.73089"><ele>1101</ele></trkpt><trkpt lat="40.92914" lon="-3.73086"><ele>1101</ele></trkpt><trkpt lat="40.92928" lon="-3.7307"><ele>1101</ele></trkpt><trkpt lat="40.92942" lon="-3.73056"><ele>1100</ele></trkpt><trkpt lat="40.92957" lon="-3.7304"><ele>1100</ele></trkpt><trkpt lat="40.9297" lon="-3.73022"><ele>1100</ele></trkpt><trkpt lat="40.92987" lon="-3.72998"><ele>1100</ele></trkpt><trkpt lat="40.93" lon="-3.7298"><ele>1099</ele></trkpt><trkpt lat="40.93014" lon="-3.72965"><ele>1099</ele></trkpt><trkpt lat="40.93028" lon="-3.72948"><ele>1098</ele></trkpt><trkpt lat="40.9304" lon="-3.7293"><ele>1098</ele></trkpt><trkpt lat="40.93066" lon="-3.72896"><ele>1098</ele></trkpt><trkpt lat="40.9308" lon="-3.72881"><ele>1097</ele></trkpt><trkpt lat="40.93093" lon="-3.72863"><ele>1097</ele></trkpt><trkpt lat="40.93107" lon="-3.72846"><ele>1097</ele></trkpt><trkpt lat="40.93141" lon="-3.72802"><ele>1096</ele></trkpt><trkpt lat="40.93155" lon="-3.72785"><ele>1096</ele></trkpt><trkpt lat="40.93159" lon="-3.72779"><ele>1096</ele></trkpt><trkpt lat="40.9317" lon="-3.72764"><ele>1096</ele></trkpt><trkpt lat="40.93175" lon="-3.7276"><ele>1096</ele></trkpt><trkpt lat="40.93178" lon="-3.72754"><ele>1096</ele></trkpt><trkpt lat="40.93184" lon="-3.72747"><ele>1096</ele></trkpt><trkpt lat="40.93198" lon="-3.72728"><ele>1096</ele></trkpt><trkpt lat="40.93211" lon="-3.72711"><ele>1095</ele></trkpt><trkpt lat="40.93217" lon="-3.72703"><ele>1095</ele></trkpt><trkpt lat="40.93243" lon="-3.72671"><ele>1094</ele></trkpt><trkpt lat="40.93255" lon="-3.72652"><ele>1094</ele></trkpt><trkpt lat="40.93298" lon="-3.72596"><ele>1093</ele></trkpt><trkpt lat="40.93307" lon="-3.72585"><ele>1093</ele></trkpt><trkpt lat="40.9332" lon="-3.72566"><ele>1093</ele></trkpt><trkpt lat="40.93331" lon="-3.72555"><ele>1093</ele></trkpt><trkpt lat="40.93344" lon="-3.72538"><ele>1092</ele></trkpt><trkpt lat="40.93366" lon="-3.72502"><ele>1092</ele></trkpt><trkpt lat="40.93372" lon="-3.72493"><ele>1091</ele></trkpt><trkpt lat="40.93385" lon="-3.72472"><ele>1091</ele></trkpt><trkpt lat="40.93389" lon="-3.72465"><ele>1091</ele></trkpt><trkpt lat="40.93396" lon="-3.72453"><ele>1091</ele></trkpt><trkpt lat="40.93407" lon="-3.72432"><ele>1090</ele></trkpt><trkpt lat="40.93417" lon="-3.7241"><ele>1090</ele></trkpt><trkpt lat="40.93428" lon="-3.72389"><ele>1089</ele></trkpt><trkpt lat="40.93434" lon="-3.72376"><ele>1089</ele></trkpt><trkpt lat="40.93436" lon="-3.72373"><ele>1088</ele></trkpt><trkpt lat="40.93438" lon="-3.72368"><ele>1088</ele></trkpt><trkpt lat="40.93442" lon="-3.72354"><ele>1088</ele></trkpt><trkpt lat="40.93443" lon="-3.72346"><ele>1088</ele></trkpt><trkpt lat="40.93445" lon="-3.72341"><ele>1088</ele></trkpt><trkpt lat="40.93449" lon="-3.72326"><ele>1087</ele></trkpt><trkpt lat="40.93454" lon="-3.72303"><ele>1086</ele></trkpt><trkpt lat="40.93461" lon="-3.72275"><ele>1085</ele></trkpt><trkpt lat="40.93466" lon="-3.7225"><ele>1084</ele></trkpt><trkpt lat="40.93471" lon="-3.72227"><ele>1083</ele></trkpt><trkpt lat="40.93478" lon="-3.72204"><ele>1082</ele></trkpt><trkpt lat="40.93482" lon="-3.72194"><ele>1082</ele></trkpt><trkpt lat="40.93499" lon="-3.72171"><ele>1080</ele></trkpt><trkpt lat="40.93504" lon="-3.72168"><ele>1080</ele></trkpt><trkpt lat="40.93508" lon="-3.72163"><ele>1079</ele></trkpt><trkpt lat="40.93514" lon="-3.72156"><ele>1079</ele></trkpt><trkpt lat="40.93516" lon="-3.72154"><ele>1079</ele></trkpt><trkpt lat="40.93528" lon="-3.72137"><ele>1078</ele></trkpt><trkpt lat="40.93531" lon="-3.72133"><ele>1078</ele></trkpt><trkpt lat="40.93534" lon="-3.72127"><ele>1077</ele></trkpt><trkpt lat="40.93536" lon="-3.72121"><ele>1077</ele></trkpt><trkpt lat="40.93543" lon="-3.72098"><ele>1077</ele></trkpt><trkpt lat="40.93548" lon="-3.72077"><ele>1076</ele></trkpt><trkpt lat="40.93549" lon="-3.72065"><ele>1076</ele></trkpt><trkpt lat="40.9355" lon="-3.71938"><ele>1076</ele></trkpt><trkpt lat="40.93553" lon="-3.71916"><ele>1075</ele></trkpt><trkpt lat="40.93554" lon="-3.71913"><ele>1075</ele></trkpt><trkpt lat="40.93554" lon="-3.7191"><ele>1075</ele></trkpt><trkpt lat="40.93562" lon="-3.71889"><ele>1075</ele></trkpt><trkpt lat="40.93571" lon="-3.71866"><ele>1074</ele></trkpt><trkpt lat="40.93596" lon="-3.71812"><ele>1072</ele></trkpt><trkpt lat="40.93614" lon="-3.71774"><ele>1071</ele></trkpt><trkpt lat="40.93633" lon="-3.71734"><ele>1070</ele></trkpt><trkpt lat="40.93646" lon="-3.71708"><ele>1070</ele></trkpt><trkpt lat="40.93656" lon="-3.71688"><ele>1069</ele></trkpt><trkpt lat="40.93659" lon="-3.71685"><ele>1069</ele></trkpt><trkpt lat="40.93665" lon="-3.71675"><ele>1069</ele></trkpt><trkpt lat="40.93673" lon="-3.71666"><ele>1068</ele></trkpt><trkpt lat="40.93692" lon="-3.71649"><ele>1068</ele></trkpt><trkpt lat="40.93718" lon="-3.71627"><ele>1067</ele></trkpt><trkpt lat="40.9375" lon="-3.71603"><ele>1065</ele></trkpt><trkpt lat="40.9378" lon="-3.71577"><ele>1063</ele></trkpt><trkpt lat="40.9379" lon="-3.71568"><ele>1063</ele></trkpt><trkpt lat="40.93798" lon="-3.71556"><ele>1062</ele></trkpt><trkpt lat="40.93816" lon="-3.71526"><ele>1062</ele></trkpt><trkpt lat="40.93841" lon="-3.71484"><ele>1060</ele></trkpt><trkpt lat="40.93859" lon="-3.71453"><ele>1060</ele></trkpt><trkpt lat="40.93863" lon="-3.71445"><ele>1059</ele></trkpt><trkpt lat="40.93864" lon="-3.71445"><ele>1059</ele></trkpt><trkpt lat="40.93886" lon="-3.7141"><ele>1058</ele></trkpt><trkpt lat="40.93925" lon="-3.71349"><ele>1057</ele></trkpt><trkpt lat="40.93957" lon="-3.71297"><ele>1056</ele></trkpt><trkpt lat="40.93971" lon="-3.71273"><ele>1056</ele></trkpt><trkpt lat="40.93986" lon="-3.71256"><ele>1055</ele></trkpt><trkpt lat="40.94005" lon="-3.71238"><ele>1055</ele></trkpt><trkpt lat="40.94034" lon="-3.71213"><ele>1053</ele></trkpt><trkpt lat="40.94036" lon="-3.71211"><ele>1053</ele></trkpt><trkpt lat="40.94078" lon="-3.71172"><ele>1050</ele></trkpt><trkpt lat="40.94096" lon="-3.71156"><ele>1049</ele></trkpt><trkpt lat="40.94146" lon="-3.71112"><ele>1047</ele></trkpt><trkpt lat="40.94181" lon="-3.7109"><ele>1045</ele></trkpt><trkpt lat="40.94206" lon="-3.71074"><ele>1043</ele></trkpt><trkpt lat="40.94248" lon="-3.7105"><ele>1041</ele></trkpt><trkpt lat="40.94301" lon="-3.7102"><ele>1036</ele></trkpt><trkpt lat="40.94322" lon="-3.71009"><ele>1034</ele></trkpt><trkpt lat="40.9433" lon="-3.71015"><ele>1033</ele></trkpt><trkpt lat="40.9433" lon="-3.71015"><ele>1033</ele></trkpt><trkpt lat="40.94334" lon="-3.71025"><ele>1033</ele></trkpt><trkpt lat="40.94348" lon="-3.71076"><ele>1031</ele></trkpt><trkpt lat="40.9437" lon="-3.71158"><ele>1030</ele></trkpt><trkpt lat="40.94373" lon="-3.71176"><ele>1030</ele></trkpt><trkpt lat="40.94374" lon="-3.71189"><ele>1030</ele></trkpt><trkpt lat="40.94374" lon="-3.7121"><ele>1030</ele></trkpt><trkpt lat="40.94375" lon="-3.71228"><ele>1030</ele></trkpt><trkpt lat="40.94374" lon="-3.71237"><ele>1030</ele></trkpt><trkpt lat="40.94373" lon="-3.71248"><ele>1030</ele></trkpt><trkpt lat="40.94371" lon="-3.7126"><ele>1030</ele></trkpt><trkpt lat="40.94367" lon="-3.71283"><ele>1030</ele></trkpt><trkpt lat="40.9436" lon="-3.71306"><ele>1030</ele></trkpt><trkpt lat="40.94351" lon="-3.71329"><ele>1031</ele></trkpt><trkpt lat="40.94341" lon="-3.71351"><ele>1031</ele></trkpt><trkpt lat="40.9433" lon="-3.71373"><ele>1031</ele></trkpt><trkpt lat="40.94292" lon="-3.71447"><ele>1032</ele></trkpt><trkpt lat="40.94283" lon="-3.71468"><ele>1032</ele></trkpt><trkpt lat="40.94275" lon="-3.71493"><ele>1032</ele></trkpt><trkpt lat="40.9427" lon="-3.71511"><ele>1032</ele></trkpt><trkpt lat="40.94269" lon="-3.71528"><ele>1031</ele></trkpt><trkpt lat="40.94268" lon="-3.71537"><ele>1031</ele></trkpt><trkpt lat="40.94268" lon="-3.71545"><ele>1031</ele></trkpt><trkpt lat="40.94268" lon="-3.71558"><ele>1031</ele></trkpt><trkpt lat="40.94269" lon="-3.71569"><ele>1030</ele></trkpt><trkpt lat="40.94273" lon="-3.7159"><ele>1029</ele></trkpt><trkpt lat="40.94275" lon="-3.71601"><ele>1028</ele></trkpt><trkpt lat="40.94279" lon="-3.71611"><ele>1028</ele></trkpt><trkpt lat="40.94291" lon="-3.71633"><ele>1026</ele></trkpt><trkpt lat="40.94317" lon="-3.7168"><ele>1025</ele></trkpt><trkpt lat="40.94352" lon="-3.71731"><ele>1029</ele></trkpt><trkpt lat="40.94363" lon="-3.7175"><ele>1031</ele></trkpt><trkpt lat="40.94384" lon="-3.7179"><ele>1035</ele></trkpt><trkpt lat="40.94388" lon="-3.71797"><ele>1036</ele></trkpt><trkpt lat="40.94395" lon="-3.71819"><ele>1038</ele></trkpt><trkpt lat="40.944" lon="-3.71843"><ele>1039</ele></trkpt><trkpt lat="40.94405" lon="-3.71872"><ele>1040</ele></trkpt><trkpt lat="40.94408" lon="-3.71902"><ele>1041</ele></trkpt><trkpt lat="40.94418" lon="-3.7201"><ele>1043</ele></trkpt><trkpt lat="40.94461" lon="-3.72428"><ele>1051</ele></trkpt><trkpt lat="40.94464" lon="-3.72456"><ele>1050</ele></trkpt><trkpt lat="40.94473" lon="-3.72541"><ele>1048</ele></trkpt><trkpt lat="40.94487" lon="-3.7267"><ele>1048</ele></trkpt><trkpt lat="40.94505" lon="-3.72875"><ele>1056</ele></trkpt><trkpt lat="40.94515" lon="-3.7294"><ele>1059</ele></trkpt><trkpt lat="40.94526" lon="-3.72988"><ele>1061</ele></trkpt><trkpt lat="40.94554" lon="-3.73093"><ele>1064</ele></trkpt><trkpt lat="40.9459" lon="-3.7322"><ele>1070</ele></trkpt><trkpt lat="40.94637" lon="-3.73394"><ele>1076</ele></trkpt><trkpt lat="40.94671" lon="-3.73516"><ele>1080</ele></trkpt><trkpt lat="40.94696" lon="-3.73602"><ele>1085</ele></trkpt><trkpt lat="40.94697" lon="-3.73604"><ele>1085</ele></trkpt><trkpt lat="40.94699" lon="-3.73613"><ele>1085</ele></trkpt><trkpt lat="40.94702" lon="-3.73627"><ele>1086</ele></trkpt><trkpt lat="40.94704" lon="-3.73636"><ele>1087</ele></trkpt><trkpt lat="40.94707" lon="-3.7366"><ele>1088</ele></trkpt><trkpt lat="40.9471" lon="-3.73694"><ele>1089</ele></trkpt><trkpt lat="40.9471" lon="-3.73718"><ele>1090</ele></trkpt><trkpt lat="40.94684" lon="-3.73986"><ele>1090</ele></trkpt><trkpt lat="40.94679" lon="-3.74023"><ele>1090</ele></trkpt><trkpt lat="40.94664" lon="-3.7417"><ele>1087</ele></trkpt><trkpt lat="40.94662" lon="-3.7421"><ele>1087</ele></trkpt><trkpt lat="40.94662" lon="-3.7425"><ele>1087</ele></trkpt><trkpt lat="40.94661" lon="-3.74277"><ele>1087</ele></trkpt><trkpt lat="40.94665" lon="-3.74324"><ele>1087</ele></trkpt><trkpt lat="40.94668" lon="-3.7438"><ele>1086</ele></trkpt><trkpt lat="40.94671" lon="-3.74465"><ele>1084</ele></trkpt><trkpt lat="40.94673" lon="-3.74513"><ele>1084</ele></trkpt><trkpt lat="40.94675" lon="-3.74573"><ele>1085</ele></trkpt><trkpt lat="40.94678" lon="-3.74641"><ele>1086</ele></trkpt><trkpt lat="40.94682" lon="-3.74713"><ele>1086</ele></trkpt><trkpt lat="40.94684" lon="-3.74786"><ele>1086</ele></trkpt><trkpt lat="40.94687" lon="-3.74893"><ele>1088</ele></trkpt><trkpt lat="40.94687" lon="-3.75029"><ele>1089</ele></trkpt><trkpt lat="40.94687" lon="-3.75046"><ele>1090</ele></trkpt><trkpt lat="40.94686" lon="-3.75211"><ele>1095</ele></trkpt><trkpt lat="40.94685" lon="-3.75278"><ele>1096</ele></trkpt><trkpt lat="40.94683" lon="-3.75301"><ele>1096</ele></trkpt><trkpt lat="40.94681" lon="-3.75324"><ele>1096</ele></trkpt><trkpt lat="40.94676" lon="-3.75372"><ele>1095</ele></trkpt><trkpt lat="40.9467" lon="-3.75424"><ele>1094</ele></trkpt><trkpt lat="40.94666" lon="-3.75457"><ele>1094</ele></trkpt><trkpt lat="40.94666" lon="-3.75463"><ele>1094</ele></trkpt><trkpt lat="40.94665" lon="-3.75473"><ele>1094</ele></trkpt><trkpt lat="40.94664" lon="-3.7549"><ele>1093</ele></trkpt><trkpt lat="40.94663" lon="-3.75521"><ele>1093</ele></trkpt><trkpt lat="40.94663" lon="-3.75563"><ele>1091</ele></trkpt><trkpt lat="40.94665" lon="-3.75634"><ele>1089</ele></trkpt><trkpt lat="40.94667" lon="-3.75676"><ele>1087</ele></trkpt><trkpt lat="40.94671" lon="-3.75789"><ele>1084</ele></trkpt><trkpt lat="40.94673" lon="-3.7584"><ele>1084</ele></trkpt><trkpt lat="40.94674" lon="-3.7589"><ele>1085</ele></trkpt><trkpt lat="40.94674" lon="-3.75901"><ele>1085</ele></trkpt><trkpt lat="40.94674" lon="-3.75911"><ele>1085</ele></trkpt><trkpt lat="40.94675" lon="-3.75934"><ele>1085</ele></trkpt><trkpt lat="40.94677" lon="-3.75967"><ele>1085</ele></trkpt><trkpt lat="40.94678" lon="-3.76008"><ele>1084</ele></trkpt><trkpt lat="40.9468" lon="-3.76034"><ele>1083</ele></trkpt><trkpt lat="40.94683" lon="-3.76054"><ele>1083</ele></trkpt><trkpt lat="40.94686" lon="-3.76065"><ele>1083</ele></trkpt><trkpt lat="40.94691" lon="-3.76082"><ele>1083</ele></trkpt><trkpt lat="40.94696" lon="-3.76098"><ele>1082</ele></trkpt><trkpt lat="40.94704" lon="-3.76119"><ele>1082</ele></trkpt><trkpt lat="40.94722" lon="-3.76161"><ele>1082</ele></trkpt><trkpt lat="40.94728" lon="-3.76176"><ele>1082</ele></trkpt><trkpt lat="40.94738" lon="-3.76206"><ele>1082</ele></trkpt><trkpt lat="40.94754" lon="-3.76258"><ele>1082</ele></trkpt><trkpt lat="40.94765" lon="-3.76294"><ele>1083</ele></trkpt><trkpt lat="40.9477" lon="-3.76309"><ele>1084</ele></trkpt><trkpt lat="40.94771" lon="-3.76314"><ele>1084</ele></trkpt><trkpt lat="40.94778" lon="-3.76337"><ele>1084</ele></trkpt><trkpt lat="40.94785" lon="-3.76359"><ele>1085</ele></trkpt><trkpt lat="40.94794" lon="-3.7639"><ele>1086</ele></trkpt><trkpt lat="40.94795" lon="-3.76392"><ele>1086</ele></trkpt><trkpt lat="40.94804" lon="-3.76426"><ele>1088</ele></trkpt><trkpt lat="40.94805" lon="-3.76432"><ele>1088</ele></trkpt><trkpt lat="40.9481" lon="-3.76457"><ele>1089</ele></trkpt><trkpt lat="40.94811" lon="-3.76467"><ele>1089</ele></trkpt><trkpt lat="40.94812" lon="-3.76482"><ele>1089</ele></trkpt><trkpt lat="40.94813" lon="-3.76521"><ele>1090</ele></trkpt><trkpt lat="40.94811" lon="-3.76548"><ele>1091</ele></trkpt><trkpt lat="40.94809" lon="-3.76574"><ele>1092</ele></trkpt><trkpt lat="40.94806" lon="-3.76602"><ele>1092</ele></trkpt><trkpt lat="40.94804" lon="-3.76624"><ele>1092</ele></trkpt><trkpt lat="40.94803" lon="-3.76643"><ele>1092</ele></trkpt><trkpt lat="40.94803" lon="-3.76682"><ele>1092</ele></trkpt><trkpt lat="40.94804" lon="-3.76704"><ele>1091</ele></trkpt><trkpt lat="40.94807" lon="-3.7672"><ele>1091</ele></trkpt><trkpt lat="40.94809" lon="-3.76736"><ele>1091</ele></trkpt><trkpt lat="40.94812" lon="-3.76748"><ele>1091</ele></trkpt><trkpt lat="40.94819" lon="-3.76771"><ele>1090</ele></trkpt><trkpt lat="40.94827" lon="-3.76791"><ele>1090</ele></trkpt><trkpt lat="40.94831" lon="-3.768"><ele>1090</ele></trkpt><trkpt lat="40.94837" lon="-3.76812"><ele>1090</ele></trkpt><trkpt lat="40.94849" lon="-3.76834"><ele>1090</ele></trkpt><trkpt lat="40.94873" lon="-3.76869"><ele>1093</ele></trkpt><trkpt lat="40.94893" lon="-3.76899"><ele>1094</ele></trkpt><trkpt lat="40.94915" lon="-3.76935"><ele>1097</ele></trkpt><trkpt lat="40.9493" lon="-3.76965"><ele>1099</ele></trkpt><trkpt lat="40.94937" lon="-3.76981"><ele>1100</ele></trkpt><trkpt lat="40.94943" lon="-3.77002"><ele>1100</ele></trkpt><trkpt lat="40.94948" lon="-3.77019"><ele>1101</ele></trkpt><trkpt lat="40.94951" lon="-3.77029"><ele>1102</ele></trkpt><trkpt lat="40.94953" lon="-3.77041"><ele>1102</ele></trkpt><trkpt lat="40.94955" lon="-3.77059"><ele>1103</ele></trkpt><trkpt lat="40.94956" lon="-3.7708"><ele>1103</ele></trkpt><trkpt lat="40.94955" lon="-3.77097"><ele>1104</ele></trkpt><trkpt lat="40.94951" lon="-3.77126"><ele>1104</ele></trkpt><trkpt lat="40.94947" lon="-3.77157"><ele>1105</ele></trkpt><trkpt lat="40.9494" lon="-3.77187"><ele>1105</ele></trkpt><trkpt lat="40.94936" lon="-3.77208"><ele>1106</ele></trkpt><trkpt lat="40.94927" lon="-3.77238"><ele>1106</ele></trkpt><trkpt lat="40.94919" lon="-3.77264"><ele>1106</ele></trkpt><trkpt lat="40.94904" lon="-3.77319"><ele>1107</ele></trkpt><trkpt lat="40.94899" lon="-3.77344"><ele>1108</ele></trkpt><trkpt lat="40.94893" lon="-3.77382"><ele>1109</ele></trkpt><trkpt lat="40.94891" lon="-3.77407"><ele>1110</ele></trkpt><trkpt lat="40.9489" lon="-3.77426"><ele>1110</ele></trkpt><trkpt lat="40.9489" lon="-3.77449"><ele>1111</ele></trkpt><trkpt lat="40.94892" lon="-3.77473"><ele>1112</ele></trkpt><trkpt lat="40.94893" lon="-3.77485"><ele>1112</ele></trkpt><trkpt lat="40.94897" lon="-3.77502"><ele>1113</ele></trkpt><trkpt lat="40.94907" lon="-3.77528"><ele>1113</ele></trkpt><trkpt lat="40.94916" lon="-3.7755"><ele>1113</ele></trkpt><trkpt lat="40.94919" lon="-3.77557"><ele>1113</ele></trkpt><trkpt lat="40.94927" lon="-3.7757"><ele>1113</ele></trkpt><trkpt lat="40.9494" lon="-3.77588"><ele>1113</ele></trkpt><trkpt lat="40.94953" lon="-3.77605"><ele>1112</ele></trkpt><trkpt lat="40.94971" lon="-3.77619"><ele>1111</ele></trkpt><trkpt lat="40.94986" lon="-3.77628"><ele>1110</ele></trkpt><trkpt lat="40.94993" lon="-3.7763"><ele>1110</ele></trkpt><trkpt lat="40.94997" lon="-3.77631"><ele>1110</ele></trkpt><trkpt lat="40.95014" lon="-3.77633"><ele>1109</ele></trkpt><trkpt lat="40.95019" lon="-3.77634"><ele>1108</ele></trkpt><trkpt lat="40.95033" lon="-3.77634"><ele>1107</ele></trkpt><trkpt lat="40.95051" lon="-3.77632"><ele>1106</ele></trkpt><trkpt lat="40.95067" lon="-3.77628"><ele>1105</ele></trkpt><trkpt lat="40.95083" lon="-3.77623"><ele>1105</ele></trkpt><trkpt lat="40.95096" lon="-3.77619"><ele>1104</ele></trkpt><trkpt lat="40.95118" lon="-3.77608"><ele>1103</ele></trkpt><trkpt lat="40.95139" lon="-3.77594"><ele>1102</ele></trkpt><trkpt lat="40.95177" lon="-3.77564"><ele>1102</ele></trkpt><trkpt lat="40.95193" lon="-3.77549"><ele>1103</ele></trkpt><trkpt lat="40.95239" lon="-3.77509"><ele>1105</ele></trkpt><trkpt lat="40.95254" lon="-3.77497"><ele>1105</ele></trkpt><trkpt lat="40.95268" lon="-3.77487"><ele>1106</ele></trkpt><trkpt lat="40.95279" lon="-3.7748"><ele>1106</ele></trkpt><trkpt lat="40.95284" lon="-3.77477"><ele>1106</ele></trkpt><trkpt lat="40.95301" lon="-3.77469"><ele>1106</ele></trkpt><trkpt lat="40.95318" lon="-3.77462"><ele>1106</ele></trkpt><trkpt lat="40.95327" lon="-3.77459"><ele>1106</ele></trkpt><trkpt lat="40.95341" lon="-3.77456"><ele>1105</ele></trkpt><trkpt lat="40.95353" lon="-3.77456"><ele>1104</ele></trkpt><trkpt lat="40.95366" lon="-3.77458"><ele>1103</ele></trkpt><trkpt lat="40.95377" lon="-3.7746"><ele>1102</ele></trkpt><trkpt lat="40.95382" lon="-3.77463"><ele>1102</ele></trkpt><trkpt lat="40.9539" lon="-3.77467"><ele>1101</ele></trkpt><trkpt lat="40.95403" lon="-3.77475"><ele>1099</ele></trkpt><trkpt lat="40.95417" lon="-3.77486"><ele>1098</ele></trkpt><trkpt lat="40.9542" lon="-3.77489"><ele>1098</ele></trkpt><trkpt lat="40.95436" lon="-3.77507"><ele>1097</ele></trkpt><trkpt lat="40.95447" lon="-3.77522"><ele>1098</ele></trkpt><trkpt lat="40.95455" lon="-3.77536"><ele>1098</ele></trkpt><trkpt lat="40.95469" lon="-3.77564"><ele>1099</ele></trkpt><trkpt lat="40.95481" lon="-3.77593"><ele>1099</ele></trkpt><trkpt lat="40.95497" lon="-3.77637"><ele>1099</ele></trkpt><trkpt lat="40.95518" lon="-3.77691"><ele>1100</ele></trkpt><trkpt lat="40.95533" lon="-3.7773"><ele>1101</ele></trkpt><trkpt lat="40.95545" lon="-3.7776"><ele>1101</ele></trkpt><trkpt lat="40.95564" lon="-3.77812"><ele>1102</ele></trkpt><trkpt lat="40.95577" lon="-3.77851"><ele>1103</ele></trkpt><trkpt lat="40.95593" lon="-3.77898"><ele>1104</ele></trkpt><trkpt lat="40.95601" lon="-3.77929"><ele>1104</ele></trkpt><trkpt lat="40.95608" lon="-3.77956"><ele>1104</ele></trkpt><trkpt lat="40.95614" lon="-3.77992"><ele>1103</ele></trkpt><trkpt lat="40.95618" lon="-3.78007"><ele>1103</ele></trkpt><trkpt lat="40.9562" lon="-3.78026"><ele>1103</ele></trkpt><trkpt lat="40.95622" lon="-3.78053"><ele>1102</ele></trkpt><trkpt lat="40.95624" lon="-3.78105"><ele>1101</ele></trkpt><trkpt lat="40.95622" lon="-3.78136"><ele>1100</ele></trkpt><trkpt lat="40.95619" lon="-3.78159"><ele>1100</ele></trkpt><trkpt lat="40.95615" lon="-3.78183"><ele>1099</ele></trkpt><trkpt lat="40.95609" lon="-3.78208"><ele>1099</ele></trkpt><trkpt lat="40.95602" lon="-3.78233"><ele>1098</ele></trkpt><trkpt lat="40.95594" lon="-3.78257"><ele>1098</ele></trkpt><trkpt lat="40.95582" lon="-3.7829"><ele>1098</ele></trkpt><trkpt lat="40.95573" lon="-3.78312"><ele>1097</ele></trkpt><trkpt lat="40.95562" lon="-3.78336"><ele>1096</ele></trkpt><trkpt lat="40.95553" lon="-3.78356"><ele>1096</ele></trkpt><trkpt lat="40.95537" lon="-3.78386"><ele>1095</ele></trkpt><trkpt lat="40.95533" lon="-3.78395"><ele>1095</ele></trkpt><trkpt lat="40.95526" lon="-3.78408"><ele>1095</ele></trkpt><trkpt lat="40.95524" lon="-3.78411"><ele>1095</ele></trkpt><trkpt lat="40.95512" lon="-3.78433"><ele>1094</ele></trkpt><trkpt lat="40.955" lon="-3.78454"><ele>1093</ele></trkpt><trkpt lat="40.95488" lon="-3.78474"><ele>1093</ele></trkpt><trkpt lat="40.95474" lon="-3.78499"><ele>1092</ele></trkpt><trkpt lat="40.9545" lon="-3.78541"><ele>1093</ele></trkpt><trkpt lat="40.95431" lon="-3.78572"><ele>1093</ele></trkpt><trkpt lat="40.9542" lon="-3.7859"><ele>1093</ele></trkpt><trkpt lat="40.95407" lon="-3.78606"><ele>1093</ele></trkpt><trkpt lat="40.95391" lon="-3.78625"><ele>1093</ele></trkpt><trkpt lat="40.95376" lon="-3.78641"><ele>1093</ele></trkpt><trkpt lat="40.95359" lon="-3.78657"><ele>1093</ele></trkpt><trkpt lat="40.95341" lon="-3.7867"><ele>1093</ele></trkpt><trkpt lat="40.95322" lon="-3.78681"><ele>1093</ele></trkpt><trkpt lat="40.95316" lon="-3.78684"><ele>1093</ele></trkpt><trkpt lat="40.95294" lon="-3.78693"><ele>1093</ele></trkpt><trkpt lat="40.95275" lon="-3.78698"><ele>1094</ele></trkpt><trkpt lat="40.95268" lon="-3.78701"><ele>1094</ele></trkpt><trkpt lat="40.95241" lon="-3.78708"><ele>1094</ele></trkpt><trkpt lat="40.95202" lon="-3.7872"><ele>1094</ele></trkpt><trkpt lat="40.95196" lon="-3.78722"><ele>1094</ele></trkpt><trkpt lat="40.95186" lon="-3.78725"><ele>1094</ele></trkpt><trkpt lat="40.95135" lon="-3.7874"><ele>1094</ele></trkpt><trkpt lat="40.95113" lon="-3.78747"><ele>1094</ele></trkpt><trkpt lat="40.95061" lon="-3.78762"><ele>1093</ele></trkpt><trkpt lat="40.95048" lon="-3.78765"><ele>1093</ele></trkpt><trkpt lat="40.95023" lon="-3.78775"><ele>1093</ele></trkpt><trkpt lat="40.95002" lon="-3.78784"><ele>1094</ele></trkpt><trkpt lat="40.94993" lon="-3.78789"><ele>1094</ele></trkpt><trkpt lat="40.94983" lon="-3.78796"><ele>1094</ele></trkpt><trkpt lat="40.94972" lon="-3.78804"><ele>1094</ele></trkpt><trkpt lat="40.94962" lon="-3.78813"><ele>1094</ele></trkpt><trkpt lat="40.94947" lon="-3.7883"><ele>1095</ele></trkpt><trkpt lat="40.9494" lon="-3.78841"><ele>1095</ele></trkpt><trkpt lat="40.94934" lon="-3.7885"><ele>1095</ele></trkpt><trkpt lat="40.94927" lon="-3.78866"><ele>1095</ele></trkpt><trkpt lat="40.9492" lon="-3.78887"><ele>1096</ele></trkpt><trkpt lat="40.94916" lon="-3.78902"><ele>1096</ele></trkpt><trkpt lat="40.94913" lon="-3.78917"><ele>1096</ele></trkpt><trkpt lat="40.94911" lon="-3.78936"><ele>1097</ele></trkpt><trkpt lat="40.94911" lon="-3.7896"><ele>1098</ele></trkpt><trkpt lat="40.94911" lon="-3.78975"><ele>1098</ele></trkpt><trkpt lat="40.94913" lon="-3.78989"><ele>1099</ele></trkpt><trkpt lat="40.94914" lon="-3.78998"><ele>1099</ele></trkpt><trkpt lat="40.94916" lon="-3.79011"><ele>1099</ele></trkpt><trkpt lat="40.94918" lon="-3.79019"><ele>1100</ele></trkpt><trkpt lat="40.94919" lon="-3.79023"><ele>1100</ele></trkpt><trkpt lat="40.94927" lon="-3.79045"><ele>1101</ele></trkpt><trkpt lat="40.9494" lon="-3.79077"><ele>1102</ele></trkpt><trkpt lat="40.94955" lon="-3.79106"><ele>1104</ele></trkpt><trkpt lat="40.94964" lon="-3.79125"><ele>1105</ele></trkpt><trkpt lat="40.94979" lon="-3.79156"><ele>1106</ele></trkpt><trkpt lat="40.9498" lon="-3.79158"><ele>1106</ele></trkpt><trkpt lat="40.94983" lon="-3.79164"><ele>1107</ele></trkpt><trkpt lat="40.94985" lon="-3.79171"><ele>1107</ele></trkpt><trkpt lat="40.94986" lon="-3.79182"><ele>1107</ele></trkpt><trkpt lat="40.94987" lon="-3.79188"><ele>1108</ele></trkpt><trkpt lat="40.94988" lon="-3.79198"><ele>1108</ele></trkpt><trkpt lat="40.94988" lon="-3.79198"><ele>1108</ele></trkpt><trkpt lat="40.94985" lon="-3.79214"><ele>1108</ele></trkpt><trkpt lat="40.94982" lon="-3.7923"><ele>1109</ele></trkpt><trkpt lat="40.94981" lon="-3.79239"><ele>1109</ele></trkpt><trkpt lat="40.94981" lon="-3.79246"><ele>1109</ele></trkpt><trkpt lat="40.94981" lon="-3.79252"><ele>1109</ele></trkpt><trkpt lat="40.94981" lon="-3.79261"><ele>1110</ele></trkpt><trkpt lat="40.94983" lon="-3.79273"><ele>1110</ele></trkpt><trkpt lat="40.94984" lon="-3.79279"><ele>1111</ele></trkpt><trkpt lat="40.94986" lon="-3.79285"><ele>1111</ele></trkpt><trkpt lat="40.9499" lon="-3.79299"><ele>1112</ele></trkpt><trkpt lat="40.94994" lon="-3.79311"><ele>1112</ele></trkpt><trkpt lat="40.94999" lon="-3.7932"><ele>1113</ele></trkpt><trkpt lat="40.95011" lon="-3.7934"><ele>1114</ele></trkpt><trkpt lat="40.95018" lon="-3.79351"><ele>1115</ele></trkpt><trkpt lat="40.95024" lon="-3.79359"><ele>1115</ele></trkpt><trkpt lat="40.9504" lon="-3.7938"><ele>1116</ele></trkpt><trkpt lat="40.95043" lon="-3.79384"><ele>1117</ele></trkpt><trkpt lat="40.95057" lon="-3.794"><ele>1117</ele></trkpt><trkpt lat="40.95062" lon="-3.79408"><ele>1118</ele></trkpt><trkpt lat="40.95063" lon="-3.7941"><ele>1118</ele></trkpt><trkpt lat="40.95068" lon="-3.79419"><ele>1118</ele></trkpt><trkpt lat="40.95072" lon="-3.7943"><ele>1118</ele></trkpt><trkpt lat="40.95075" lon="-3.79437"><ele>1119</ele></trkpt><trkpt lat="40.9508" lon="-3.79445"><ele>1119</ele></trkpt><trkpt lat="40.95085" lon="-3.79452"><ele>1119</ele></trkpt><trkpt lat="40.95089" lon="-3.79458"><ele>1120</ele></trkpt><trkpt lat="40.95092" lon="-3.79461"><ele>1120</ele></trkpt><trkpt lat="40.95093" lon="-3.79467"><ele>1120</ele></trkpt><trkpt lat="40.95096" lon="-3.79484"><ele>1121</ele></trkpt><trkpt lat="40.95101" lon="-3.79503"><ele>1122</ele></trkpt><trkpt lat="40.95103" lon="-3.79508"><ele>1122</ele></trkpt><trkpt lat="40.95108" lon="-3.7952"><ele>1123</ele></trkpt><trkpt lat="40.95114" lon="-3.79529"><ele>1124</ele></trkpt><trkpt lat="40.95119" lon="-3.7954"><ele>1124</ele></trkpt><trkpt lat="40.95122" lon="-3.79546"><ele>1125</ele></trkpt><trkpt lat="40.95132" lon="-3.7957"><ele>1126</ele></trkpt><trkpt lat="40.95137" lon="-3.79584"><ele>1127</ele></trkpt><trkpt lat="40.95141" lon="-3.79593"><ele>1128</ele></trkpt><trkpt lat="40.95147" lon="-3.79602"><ele>1129</ele></trkpt><trkpt lat="40.95153" lon="-3.79607"><ele>1129</ele></trkpt><trkpt lat="40.95158" lon="-3.7961"><ele>1129</ele></trkpt><trkpt lat="40.95162" lon="-3.7961"><ele>1129</ele></trkpt><trkpt lat="40.95167" lon="-3.7961"><ele>1130</ele></trkpt><trkpt lat="40.95171" lon="-3.79608"><ele>1130</ele></trkpt><trkpt lat="40.95174" lon="-3.79605"><ele>1130</ele></trkpt><trkpt lat="40.95193" lon="-3.79581"><ele>1132</ele></trkpt><trkpt lat="40.95219" lon="-3.79546"><ele>1132</ele></trkpt><trkpt lat="40.95234" lon="-3.79526"><ele>1133</ele></trkpt><trkpt lat="40.95241" lon="-3.79517"><ele>1133</ele></trkpt><trkpt lat="40.95248" lon="-3.79511"><ele>1133</ele></trkpt><trkpt lat="40.9526" lon="-3.79501"><ele>1134</ele></trkpt><trkpt lat="40.95272" lon="-3.79491"><ele>1135</ele></trkpt><trkpt lat="40.95301" lon="-3.79473"><ele>1138</ele></trkpt><trkpt lat="40.95314" lon="-3.79461"><ele>1138</ele></trkpt><trkpt lat="40.95325" lon="-3.79453"><ele>1139</ele></trkpt><trkpt lat="40.95335" lon="-3.79445"><ele>1139</ele></trkpt><trkpt lat="40.95354" lon="-3.79427"><ele>1140</ele></trkpt><trkpt lat="40.95375" lon="-3.79412"><ele>1141</ele></trkpt><trkpt lat="40.95389" lon="-3.79404"><ele>1142</ele></trkpt><trkpt lat="40.95409" lon="-3.79395"><ele>1144</ele></trkpt><trkpt lat="40.95448" lon="-3.79382"><ele>1148</ele></trkpt><trkpt lat="40.95465" lon="-3.79375"><ele>1150</ele></trkpt><trkpt lat="40.95468" lon="-3.79374"><ele>1151</ele></trkpt><trkpt lat="40.95477" lon="-3.79368"><ele>1152</ele></trkpt><trkpt lat="40.95486" lon="-3.79359"><ele>1152</ele></trkpt><trkpt lat="40.95493" lon="-3.79349"><ele>1152</ele></trkpt><trkpt lat="40.95498" lon="-3.7934"><ele>1152</ele></trkpt><trkpt lat="40.95502" lon="-3.79334"><ele>1152</ele></trkpt><trkpt lat="40.95513" lon="-3.79313"><ele>1152</ele></trkpt><trkpt lat="40.9552" lon="-3.79302"><ele>1153</ele></trkpt><trkpt lat="40.95534" lon="-3.79273"><ele>1152</ele></trkpt><trkpt lat="40.95539" lon="-3.79262"><ele>1152</ele></trkpt><trkpt lat="40.95546" lon="-3.79249"><ele>1152</ele></trkpt><trkpt lat="40.95548" lon="-3.79246"><ele>1152</ele></trkpt><trkpt lat="40.95551" lon="-3.7924"><ele>1152</ele></trkpt><trkpt lat="40.95558" lon="-3.79229"><ele>1152</ele></trkpt><trkpt lat="40.95563" lon="-3.79224"><ele>1153</ele></trkpt><trkpt lat="40.9557" lon="-3.79218"><ele>1153</ele></trkpt><trkpt lat="40.95577" lon="-3.79213"><ele>1154</ele></trkpt><trkpt lat="40.95588" lon="-3.79208"><ele>1155</ele></trkpt><trkpt lat="40.95596" lon="-3.79206"><ele>1156</ele></trkpt><trkpt lat="40.95617" lon="-3.79202"><ele>1157</ele></trkpt><trkpt lat="40.95657" lon="-3.79195"><ele>1161</ele></trkpt><trkpt lat="40.957" lon="-3.79185"><ele>1162</ele></trkpt><trkpt lat="40.95711" lon="-3.79183"><ele>1163</ele></trkpt><trkpt lat="40.95722" lon="-3.7918"><ele>1163</ele></trkpt><trkpt lat="40.95726" lon="-3.7918"><ele>1163</ele></trkpt><trkpt lat="40.95731" lon="-3.79179"><ele>1163</ele></trkpt><trkpt lat="40.95732" lon="-3.79179"><ele>1163</ele></trkpt><trkpt lat="40.95735" lon="-3.7918"><ele>1163</ele></trkpt><trkpt lat="40.95737" lon="-3.79182"><ele>1164</ele></trkpt><trkpt lat="40.95739" lon="-3.79183"><ele>1164</ele></trkpt><trkpt lat="40.95741" lon="-3.79187"><ele>1165</ele></trkpt><trkpt lat="40.95742" lon="-3.7919"><ele>1166</ele></trkpt><trkpt lat="40.95743" lon="-3.79192"><ele>1166</ele></trkpt><trkpt lat="40.95743" lon="-3.79195"><ele>1167</ele></trkpt><trkpt lat="40.95743" lon="-3.79199"><ele>1167</ele></trkpt><trkpt lat="40.95741" lon="-3.79204"><ele>1168</ele></trkpt><trkpt lat="40.9574" lon="-3.79208"><ele>1169</ele></trkpt><trkpt lat="40.95737" lon="-3.79211"><ele>1169</ele></trkpt><trkpt lat="40.95729" lon="-3.79216"><ele>1169</ele></trkpt><trkpt lat="40.95718" lon="-3.79222"><ele>1170</ele></trkpt><trkpt lat="40.95695" lon="-3.79232"><ele>1169</ele></trkpt><trkpt lat="40.95688" lon="-3.79237"><ele>1170</ele></trkpt><trkpt lat="40.9568" lon="-3.79243"><ele>1170</ele></trkpt><trkpt lat="40.95674" lon="-3.79252"><ele>1171</ele></trkpt><trkpt lat="40.95671" lon="-3.7926"><ele>1171</ele></trkpt><trkpt lat="40.95668" lon="-3.79266"><ele>1172</ele></trkpt><trkpt lat="40.95665" lon="-3.79277"><ele>1173</ele></trkpt><trkpt lat="40.95662" lon="-3.7929"><ele>1175</ele></trkpt><trkpt lat="40.95658" lon="-3.79302"><ele>1176</ele></trkpt><trkpt lat="40.95656" lon="-3.79308"><ele>1176</ele></trkpt><trkpt lat="40.95652" lon="-3.79314"><ele>1177</ele></trkpt><trkpt lat="40.95646" lon="-3.79322"><ele>1177</ele></trkpt><trkpt lat="40.95639" lon="-3.79333"><ele>1177</ele></trkpt><trkpt lat="40.95633" lon="-3.79343"><ele>1178</ele></trkpt><trkpt lat="40.95629" lon="-3.79354"><ele>1178</ele></trkpt><trkpt lat="40.95627" lon="-3.79361"><ele>1179</ele></trkpt><trkpt lat="40.95625" lon="-3.79375"><ele>1180</ele></trkpt><trkpt lat="40.95614" lon="-3.79462"><ele>1187</ele></trkpt><trkpt lat="40.95605" lon="-3.79533"><ele>1192</ele></trkpt><trkpt lat="40.95593" lon="-3.79603"><ele>1196</ele></trkpt><trkpt lat="40.95582" lon="-3.79683"><ele>1199</ele></trkpt><trkpt lat="40.95579" lon="-3.79706"><ele>1200</ele></trkpt><trkpt lat="40.95579" lon="-3.79737"><ele>1201</ele></trkpt><trkpt lat="40.9558" lon="-3.79751"><ele>1201</ele></trkpt><trkpt lat="40.95589" lon="-3.7981"><ele>1204</ele></trkpt><trkpt lat="40.95597" lon="-3.79875"><ele>1204</ele></trkpt><trkpt lat="40.95601" lon="-3.79888"><ele>1204</ele></trkpt><trkpt lat="40.95603" lon="-3.79894"><ele>1204</ele></trkpt><trkpt lat="40.95606" lon="-3.79898"><ele>1204</ele></trkpt><trkpt lat="40.9561" lon="-3.79901"><ele>1204</ele></trkpt><trkpt lat="40.95616" lon="-3.79905"><ele>1204</ele></trkpt><trkpt lat="40.95621" lon="-3.79907"><ele>1204</ele></trkpt><trkpt lat="40.95628" lon="-3.79908"><ele>1205</ele></trkpt><trkpt lat="40.95633" lon="-3.79909"><ele>1205</ele></trkpt><trkpt lat="40.95638" lon="-3.79909"><ele>1206</ele></trkpt><trkpt lat="40.95648" lon="-3.79909"><ele>1206</ele></trkpt><trkpt lat="40.95655" lon="-3.79908"><ele>1207</ele></trkpt><trkpt lat="40.95662" lon="-3.79907"><ele>1208</ele></trkpt><trkpt lat="40.95672" lon="-3.79905"><ele>1208</ele></trkpt><trkpt lat="40.9568" lon="-3.79902"><ele>1209</ele></trkpt><trkpt lat="40.95771" lon="-3.79875"><ele>1216</ele></trkpt><trkpt lat="40.95821" lon="-3.79861"><ele>1221</ele></trkpt><trkpt lat="40.95835" lon="-3.79858"><ele>1222</ele></trkpt><trkpt lat="40.9585" lon="-3.79856"><ele>1224</ele></trkpt><trkpt lat="40.9586" lon="-3.79854"><ele>1225</ele></trkpt><trkpt lat="40.95871" lon="-3.79854"><ele>1225</ele></trkpt><trkpt lat="40.95879" lon="-3.79854"><ele>1226</ele></trkpt><trkpt lat="40.95907" lon="-3.79855"><ele>1228</ele></trkpt><trkpt lat="40.95929" lon="-3.79856"><ele>1229</ele></trkpt><trkpt lat="40.95941" lon="-3.79857"><ele>1229</ele></trkpt><trkpt lat="40.95955" lon="-3.79857"><ele>1229</ele></trkpt><trkpt lat="40.95965" lon="-3.79855"><ele>1230</ele></trkpt><trkpt lat="40.95974" lon="-3.79853"><ele>1231</ele></trkpt><trkpt lat="40.95985" lon="-3.7985"><ele>1232</ele></trkpt><trkpt lat="40.95997" lon="-3.79846"><ele>1233</ele></trkpt><trkpt lat="40.96025" lon="-3.79835"><ele>1237</ele></trkpt><trkpt lat="40.96031" lon="-3.79834"><ele>1238</ele></trkpt><trkpt lat="40.96044" lon="-3.79834"><ele>1239</ele></trkpt><trkpt lat="40.96053" lon="-3.79834"><ele>1239</ele></trkpt><trkpt lat="40.96074" lon="-3.79836"><ele>1240</ele></trkpt><trkpt lat="40.96102" lon="-3.79839"><ele>1242</ele></trkpt><trkpt lat="40.96117" lon="-3.79842"><ele>1243</ele></trkpt><trkpt lat="40.96129" lon="-3.79845"><ele>1244</ele></trkpt><trkpt lat="40.9614" lon="-3.79847"><ele>1244</ele></trkpt><trkpt lat="40.96153" lon="-3.7985"><ele>1245</ele></trkpt><trkpt lat="40.96167" lon="-3.7985"><ele>1246</ele></trkpt><trkpt lat="40.96182" lon="-3.79851"><ele>1248</ele></trkpt><trkpt lat="40.96208" lon="-3.79851"><ele>1251</ele></trkpt><trkpt lat="40.96245" lon="-3.79852"><ele>1255</ele></trkpt><trkpt lat="40.96263" lon="-3.79851"><ele>1258</ele></trkpt><trkpt lat="40.96285" lon="-3.79852"><ele>1261</ele></trkpt><trkpt lat="40.963" lon="-3.79854"><ele>1264</ele></trkpt><trkpt lat="40.96305" lon="-3.79856"><ele>1264</ele></trkpt><trkpt lat="40.96315" lon="-3.79859"><ele>1265</ele></trkpt><trkpt lat="40.96323" lon="-3.79863"><ele>1266</ele></trkpt><trkpt lat="40.96328" lon="-3.79867"><ele>1266</ele></trkpt><trkpt lat="40.96334" lon="-3.79874"><ele>1266</ele></trkpt><trkpt lat="40.9634" lon="-3.79882"><ele>1266</ele></trkpt><trkpt lat="40.96347" lon="-3.79898"><ele>1265</ele></trkpt><trkpt lat="40.96354" lon="-3.79915"><ele>1263</ele></trkpt><trkpt lat="40.96361" lon="-3.79932"><ele>1263</ele></trkpt><trkpt lat="40.96373" lon="-3.79953"><ele>1263</ele></trkpt><trkpt lat="40.9638" lon="-3.79961"><ele>1263</ele></trkpt><trkpt lat="40.96383" lon="-3.79964"><ele>1263</ele></trkpt><trkpt lat="40.9639" lon="-3.7997"><ele>1263</ele></trkpt><trkpt lat="40.96399" lon="-3.79975"><ele>1264</ele></trkpt><trkpt lat="40.96411" lon="-3.7998"><ele>1266</ele></trkpt><trkpt lat="40.96418" lon="-3.79982"><ele>1266</ele></trkpt><trkpt lat="40.96426" lon="-3.79983"><ele>1267</ele></trkpt><trkpt lat="40.96435" lon="-3.79984"><ele>1268</ele></trkpt><trkpt lat="40.96443" lon="-3.79983"><ele>1270</ele></trkpt><trkpt lat="40.9645" lon="-3.79982"><ele>1271</ele></trkpt><trkpt lat="40.96468" lon="-3.7998"><ele>1273</ele></trkpt><trkpt lat="40.96518" lon="-3.79968"><ele>1282</ele></trkpt><trkpt lat="40.96559" lon="-3.79958"><ele>1286</ele></trkpt><trkpt lat="40.96573" lon="-3.79957"><ele>1287</ele></trkpt><trkpt lat="40.96581" lon="-3.79958"><ele>1288</ele></trkpt><trkpt lat="40.9659" lon="-3.79959"><ele>1288</ele></trkpt><trkpt lat="40.96604" lon="-3.79962"><ele>1289</ele></trkpt><trkpt lat="40.96617" lon="-3.79966"><ele>1289</ele></trkpt><trkpt lat="40.96632" lon="-3.79972"><ele>1289</ele></trkpt><trkpt lat="40.9665" lon="-3.7998"><ele>1289</ele></trkpt><trkpt lat="40.9667" lon="-3.79989"><ele>1290</ele></trkpt><trkpt lat="40.96691" lon="-3.80001"><ele>1290</ele></trkpt><trkpt lat="40.96711" lon="-3.80011"><ele>1293</ele></trkpt><trkpt lat="40.96731" lon="-3.80019"><ele>1296</ele></trkpt><trkpt lat="40.96749" lon="-3.80023"><ele>1298</ele></trkpt><trkpt lat="40.96758" lon="-3.80024"><ele>1298</ele></trkpt><trkpt lat="40.96774" lon="-3.80026"><ele>1299</ele></trkpt><trkpt lat="40.96783" lon="-3.80027"><ele>1300</ele></trkpt><trkpt lat="40.96804" lon="-3.80027"><ele>1301</ele></trkpt><trkpt lat="40.9681" lon="-3.80027"><ele>1301</ele></trkpt><trkpt lat="40.96833" lon="-3.80025"><ele>1302</ele></trkpt><trkpt lat="40.96843" lon="-3.80022"><ele>1302</ele></trkpt><trkpt lat="40.96853" lon="-3.80018"><ele>1303</ele></trkpt><trkpt lat="40.96865" lon="-3.8001"><ele>1304</ele></trkpt><trkpt lat="40.96871" lon="-3.80008"><ele>1304</ele></trkpt><trkpt lat="40.96877" lon="-3.80006"><ele>1304</ele></trkpt><trkpt lat="40.96882" lon="-3.80006"><ele>1305</ele></trkpt><trkpt lat="40.96885" lon="-3.80007"><ele>1305</ele></trkpt><trkpt lat="40.96888" lon="-3.80009"><ele>1305</ele></trkpt><trkpt lat="40.9689" lon="-3.80012"><ele>1305</ele></trkpt><trkpt lat="40.96893" lon="-3.80015"><ele>1305</ele></trkpt><trkpt lat="40.969" lon="-3.80025"><ele>1306</ele></trkpt><trkpt lat="40.96909" lon="-3.80034"><ele>1306</ele></trkpt><trkpt lat="40.96912" lon="-3.80037"><ele>1307</ele></trkpt><trkpt lat="40.96914" lon="-3.80038"><ele>1307</ele></trkpt><trkpt lat="40.96921" lon="-3.80038"><ele>1307</ele></trkpt><trkpt lat="40.96926" lon="-3.80039"><ele>1308</ele></trkpt><trkpt lat="40.9693" lon="-3.80038"><ele>1309</ele></trkpt><trkpt lat="40.96939" lon="-3.80035"><ele>1310</ele></trkpt><trkpt lat="40.96964" lon="-3.80028"><ele>1313</ele></trkpt><trkpt lat="40.96982" lon="-3.80023"><ele>1315</ele></trkpt><trkpt lat="40.97002" lon="-3.80017"><ele>1317</ele></trkpt><trkpt lat="40.97024" lon="-3.80012"><ele>1320</ele></trkpt><trkpt lat="40.97063" lon="-3.80006"><ele>1325</ele></trkpt><trkpt lat="40.9707" lon="-3.80004"><ele>1326</ele></trkpt><trkpt lat="40.97074" lon="-3.80003"><ele>1327</ele></trkpt><trkpt lat="40.97079" lon="-3.80001"><ele>1327</ele></trkpt><trkpt lat="40.97082" lon="-3.79998"><ele>1328</ele></trkpt><trkpt lat="40.97092" lon="-3.79991"><ele>1330</ele></trkpt><trkpt lat="40.97101" lon="-3.79986"><ele>1332</ele></trkpt><trkpt lat="40.97103" lon="-3.79985"><ele>1333</ele></trkpt><trkpt lat="40.97105" lon="-3.79984"><ele>1333</ele></trkpt><trkpt lat="40.97109" lon="-3.79983"><ele>1334</ele></trkpt><trkpt lat="40.97114" lon="-3.79982"><ele>1334</ele></trkpt><trkpt lat="40.97117" lon="-3.79983"><ele>1334</ele></trkpt><trkpt lat="40.97118" lon="-3.79983"><ele>1335</ele></trkpt><trkpt lat="40.9712" lon="-3.79984"><ele>1335</ele></trkpt><trkpt lat="40.97123" lon="-3.79987"><ele>1334</ele></trkpt><trkpt lat="40.97124" lon="-3.79989"><ele>1334</ele></trkpt><trkpt lat="40.97126" lon="-3.79992"><ele>1334</ele></trkpt><trkpt lat="40.97127" lon="-3.79996"><ele>1333</ele></trkpt><trkpt lat="40.97127" lon="-3.8"><ele>1332</ele></trkpt><trkpt lat="40.97127" lon="-3.80004"><ele>1333</ele></trkpt><trkpt lat="40.97125" lon="-3.80008"><ele>1333</ele></trkpt><trkpt lat="40.97123" lon="-3.80012"><ele>1333</ele></trkpt><trkpt lat="40.97119" lon="-3.80014"><ele>1333</ele></trkpt><trkpt lat="40.97115" lon="-3.80018"><ele>1332</ele></trkpt><trkpt lat="40.97101" lon="-3.80023"><ele>1331</ele></trkpt><trkpt lat="40.97098" lon="-3.80026"><ele>1331</ele></trkpt><trkpt lat="40.97093" lon="-3.80031"><ele>1331</ele></trkpt><trkpt lat="40.9709" lon="-3.80037"><ele>1331</ele></trkpt><trkpt lat="40.97088" lon="-3.80041"><ele>1331</ele></trkpt><trkpt lat="40.97087" lon="-3.80046"><ele>1331</ele></trkpt><trkpt lat="40.97086" lon="-3.80053"><ele>1332</ele></trkpt><trkpt lat="40.97087" lon="-3.80056"><ele>1332</ele></trkpt><trkpt lat="40.97088" lon="-3.80061"><ele>1332</ele></trkpt><trkpt lat="40.97091" lon="-3.80064"><ele>1333</ele></trkpt><trkpt lat="40.97093" lon="-3.80066"><ele>1333</ele></trkpt><trkpt lat="40.97097" lon="-3.80069"><ele>1334</ele></trkpt><trkpt lat="40.97102" lon="-3.8007"><ele>1335</ele></trkpt><trkpt lat="40.97109" lon="-3.8007"><ele>1335</ele></trkpt><trkpt lat="40.97122" lon="-3.80068"><ele>1337</ele></trkpt><trkpt lat="40.97129" lon="-3.80065"><ele>1337</ele></trkpt><trkpt lat="40.97139" lon="-3.8006"><ele>1338</ele></trkpt><trkpt lat="40.97146" lon="-3.80054"><ele>1338</ele></trkpt><trkpt lat="40.97157" lon="-3.80046"><ele>1339</ele></trkpt><trkpt lat="40.97171" lon="-3.80037"><ele>1340</ele></trkpt><trkpt lat="40.97179" lon="-3.80033"><ele>1341</ele></trkpt><trkpt lat="40.9719" lon="-3.80029"><ele>1342</ele></trkpt><trkpt lat="40.97193" lon="-3.80028"><ele>1342</ele></trkpt><trkpt lat="40.97196" lon="-3.80029"><ele>1342</ele></trkpt><trkpt lat="40.9722" lon="-3.80031"><ele>1345</ele></trkpt><trkpt lat="40.97245" lon="-3.80037"><ele>1349</ele></trkpt><trkpt lat="40.97249" lon="-3.80038"><ele>1349</ele></trkpt><trkpt lat="40.97253" lon="-3.80041"><ele>1350</ele></trkpt><trkpt lat="40.97257" lon="-3.80046"><ele>1351</ele></trkpt><trkpt lat="40.97259" lon="-3.80052"><ele>1351</ele></trkpt><trkpt lat="40.9726" lon="-3.80054"><ele>1351</ele></trkpt><trkpt lat="40.9726" lon="-3.80059"><ele>1352</ele></trkpt><trkpt lat="40.9726" lon="-3.80061"><ele>1352</ele></trkpt><trkpt lat="40.97259" lon="-3.80065"><ele>1352</ele></trkpt><trkpt lat="40.97257" lon="-3.80071"><ele>1352</ele></trkpt><trkpt lat="40.97254" lon="-3.80074"><ele>1352</ele></trkpt><trkpt lat="40.97249" lon="-3.80079"><ele>1352</ele></trkpt><trkpt lat="40.97245" lon="-3.80081"><ele>1351</ele></trkpt><trkpt lat="40.97237" lon="-3.80082"><ele>1350</ele></trkpt><trkpt lat="40.97231" lon="-3.80082"><ele>1350</ele></trkpt><trkpt lat="40.97226" lon="-3.80082"><ele>1349</ele></trkpt><trkpt lat="40.9722" lon="-3.80084"><ele>1349</ele></trkpt><trkpt lat="40.97214" lon="-3.80088"><ele>1349</ele></trkpt><trkpt lat="40.97208" lon="-3.80092"><ele>1349</ele></trkpt><trkpt lat="40.97203" lon="-3.80097"><ele>1349</ele></trkpt><trkpt lat="40.97198" lon="-3.80102"><ele>1349</ele></trkpt><trkpt lat="40.97194" lon="-3.80108"><ele>1350</ele></trkpt><trkpt lat="40.97192" lon="-3.80114"><ele>1350</ele></trkpt><trkpt lat="40.97187" lon="-3.80125"><ele>1352</ele></trkpt><trkpt lat="40.97186" lon="-3.80132"><ele>1353</ele></trkpt><trkpt lat="40.97184" lon="-3.80138"><ele>1353</ele></trkpt><trkpt lat="40.97184" lon="-3.80142"><ele>1354</ele></trkpt><trkpt lat="40.97183" lon="-3.80147"><ele>1355</ele></trkpt><trkpt lat="40.97183" lon="-3.80152"><ele>1355</ele></trkpt><trkpt lat="40.97183" lon="-3.80158"><ele>1356</ele></trkpt><trkpt lat="40.97182" lon="-3.80173"><ele>1359</ele></trkpt><trkpt lat="40.97181" lon="-3.8018"><ele>1360</ele></trkpt><trkpt lat="40.97179" lon="-3.80186"><ele>1360</ele></trkpt><trkpt lat="40.97177" lon="-3.80191"><ele>1361</ele></trkpt><trkpt lat="40.97175" lon="-3.80195"><ele>1361</ele></trkpt><trkpt lat="40.97172" lon="-3.80199"><ele>1361</ele></trkpt><trkpt lat="40.9717" lon="-3.80201"><ele>1361</ele></trkpt><trkpt lat="40.97166" lon="-3.80204"><ele>1361</ele></trkpt><trkpt lat="40.97162" lon="-3.80206"><ele>1361</ele></trkpt><trkpt lat="40.97159" lon="-3.80208"><ele>1361</ele></trkpt><trkpt lat="40.97152" lon="-3.8021"><ele>1361</ele></trkpt><trkpt lat="40.97137" lon="-3.80215"><ele>1359</ele></trkpt><trkpt lat="40.97132" lon="-3.80217"><ele>1359</ele></trkpt><trkpt lat="40.97128" lon="-3.80219"><ele>1359</ele></trkpt><trkpt lat="40.97126" lon="-3.80221"><ele>1359</ele></trkpt><trkpt lat="40.97121" lon="-3.80226"><ele>1359</ele></trkpt><trkpt lat="40.97114" lon="-3.80234"><ele>1359</ele></trkpt><trkpt lat="40.97108" lon="-3.80242"><ele>1360</ele></trkpt><trkpt lat="40.97102" lon="-3.80249"><ele>1360</ele></trkpt><trkpt lat="40.97095" lon="-3.8026"><ele>1361</ele></trkpt><trkpt lat="40.97091" lon="-3.80267"><ele>1362</ele></trkpt><trkpt lat="40.97083" lon="-3.80284"><ele>1363</ele></trkpt><trkpt lat="40.97077" lon="-3.80296"><ele>1365</ele></trkpt><trkpt lat="40.97063" lon="-3.80323"><ele>1368</ele></trkpt><trkpt lat="40.97054" lon="-3.8034"><ele>1370</ele></trkpt><trkpt lat="40.97046" lon="-3.80352"><ele>1372</ele></trkpt><trkpt lat="40.97034" lon="-3.80362"><ele>1374</ele></trkpt><trkpt lat="40.97011" lon="-3.80381"><ele>1376</ele></trkpt><trkpt lat="40.96989" lon="-3.80399"><ele>1380</ele></trkpt><trkpt lat="40.96982" lon="-3.80404"><ele>1381</ele></trkpt><trkpt lat="40.96976" lon="-3.80409"><ele>1382</ele></trkpt><trkpt lat="40.9697" lon="-3.80413"><ele>1383</ele></trkpt><trkpt lat="40.96955" lon="-3.8042"><ele>1384</ele></trkpt><trkpt lat="40.96934" lon="-3.80428"><ele>1386</ele></trkpt><trkpt lat="40.96881" lon="-3.80446"><ele>1390</ele></trkpt><trkpt lat="40.96844" lon="-3.8046"><ele>1393</ele></trkpt><trkpt lat="40.96837" lon="-3.80463"><ele>1393</ele></trkpt><trkpt lat="40.96827" lon="-3.80465"><ele>1393</ele></trkpt><trkpt lat="40.96824" lon="-3.80465"><ele>1393</ele></trkpt><trkpt lat="40.9682" lon="-3.80464"><ele>1393</ele></trkpt><trkpt lat="40.96818" lon="-3.80464"><ele>1393</ele></trkpt><trkpt lat="40.96816" lon="-3.80464"><ele>1393</ele></trkpt><trkpt lat="40.96813" lon="-3.80464"><ele>1393</ele></trkpt><trkpt lat="40.96811" lon="-3.80464"><ele>1393</ele></trkpt><trkpt lat="40.96809" lon="-3.80464"><ele>1393</ele></trkpt><trkpt lat="40.96806" lon="-3.80463"><ele>1393</ele></trkpt><trkpt lat="40.96802" lon="-3.80461"><ele>1392</ele></trkpt><trkpt lat="40.96799" lon="-3.80459"><ele>1392</ele></trkpt><trkpt lat="40.96794" lon="-3.80457"><ele>1391</ele></trkpt><trkpt lat="40.96786" lon="-3.80457"><ele>1391</ele></trkpt><trkpt lat="40.9678" lon="-3.80458"><ele>1391</ele></trkpt><trkpt lat="40.96778" lon="-3.80458"><ele>1391</ele></trkpt><trkpt lat="40.96777" lon="-3.80458"><ele>1391</ele></trkpt><trkpt lat="40.96777" lon="-3.80459"><ele>1391</ele></trkpt><trkpt lat="40.96776" lon="-3.80459"><ele>1391</ele></trkpt><trkpt lat="40.96775" lon="-3.8046"><ele>1392</ele></trkpt><trkpt lat="40.96774" lon="-3.80462"><ele>1392</ele></trkpt><trkpt lat="40.96773" lon="-3.80462"><ele>1392</ele></trkpt><trkpt lat="40.96772" lon="-3.80465"><ele>1392</ele></trkpt><trkpt lat="40.96771" lon="-3.80468"><ele>1393</ele></trkpt><trkpt lat="40.96771" lon="-3.8047"><ele>1393</ele></trkpt><trkpt lat="40.96771" lon="-3.80472"><ele>1394</ele></trkpt><trkpt lat="40.96771" lon="-3.80474"><ele>1394</ele></trkpt><trkpt lat="40.96771" lon="-3.80476"><ele>1394</ele></trkpt><trkpt lat="40.96771" lon="-3.80479"><ele>1395</ele></trkpt><trkpt lat="40.96773" lon="-3.80484"><ele>1396</ele></trkpt><trkpt lat="40.96775" lon="-3.80487"><ele>1397</ele></trkpt><trkpt lat="40.96777" lon="-3.8049"><ele>1397</ele></trkpt><trkpt lat="40.96779" lon="-3.80492"><ele>1398</ele></trkpt><trkpt lat="40.96782" lon="-3.80494"><ele>1398</ele></trkpt><trkpt lat="40.96784" lon="-3.80495"><ele>1399</ele></trkpt><trkpt lat="40.96786" lon="-3.80496"><ele>1399</ele></trkpt><trkpt lat="40.96789" lon="-3.80497"><ele>1399</ele></trkpt><trkpt lat="40.96791" lon="-3.80498"><ele>1400</ele></trkpt><trkpt lat="40.96792" lon="-3.80498"><ele>1400</ele></trkpt><trkpt lat="40.96794" lon="-3.80497"><ele>1400</ele></trkpt><trkpt lat="40.96796" lon="-3.80497"><ele>1400</ele></trkpt><trkpt lat="40.96801" lon="-3.80496"><ele>1400</ele></trkpt><trkpt lat="40.9681" lon="-3.80494"><ele>1400</ele></trkpt><trkpt lat="40.96828" lon="-3.8049"><ele>1400</ele></trkpt><trkpt lat="40.96834" lon="-3.80489"><ele>1400</ele></trkpt><trkpt lat="40.96845" lon="-3.80489"><ele>1400</ele></trkpt><trkpt lat="40.96856" lon="-3.8049"><ele>1401</ele></trkpt><trkpt lat="40.96874" lon="-3.80493"><ele>1403</ele></trkpt><trkpt lat="40.96893" lon="-3.80497"><ele>1405</ele></trkpt><trkpt lat="40.96908" lon="-3.80501"><ele>1407</ele></trkpt><trkpt lat="40.96945" lon="-3.8051"><ele>1411</ele></trkpt><trkpt lat="40.96968" lon="-3.80515"><ele>1413</ele></trkpt><trkpt lat="40.96985" lon="-3.80519"><ele>1415</ele></trkpt><trkpt lat="40.97003" lon="-3.80524"><ele>1417</ele></trkpt><trkpt lat="40.97025" lon="-3.80528"><ele>1419</ele></trkpt><trkpt lat="40.97036" lon="-3.80528"><ele>1419</ele></trkpt><trkpt lat="40.97052" lon="-3.80528"><ele>1420</ele></trkpt><trkpt lat="40.97087" lon="-3.80529"><ele>1422</ele></trkpt><trkpt lat="40.97107" lon="-3.80529"><ele>1424</ele></trkpt><trkpt lat="40.97129" lon="-3.80527"><ele>1425</ele></trkpt><trkpt lat="40.97146" lon="-3.80524"><ele>1426</ele></trkpt><trkpt lat="40.97157" lon="-3.80521"><ele>1426</ele></trkpt><trkpt lat="40.97185" lon="-3.80512"><ele>1427</ele></trkpt><trkpt lat="40.972" lon="-3.80505"><ele>1427</ele></trkpt><trkpt lat="40.97221" lon="-3.805"><ele>1429</ele></trkpt><trkpt lat="40.9724" lon="-3.80496"><ele>1430</ele></trkpt><trkpt lat="40.97272" lon="-3.80493"><ele>1434</ele></trkpt><trkpt lat="40.97286" lon="-3.80491"><ele>1436</ele></trkpt><trkpt lat="40.97299" lon="-3.80488"><ele>1437</ele></trkpt><trkpt lat="40.9732" lon="-3.80481"><ele>1439</ele></trkpt><trkpt lat="40.97329" lon="-3.80478"><ele>1440</ele></trkpt><trkpt lat="40.97335" lon="-3.80475"><ele>1441</ele></trkpt><trkpt lat="40.97344" lon="-3.80471"><ele>1442</ele></trkpt><trkpt lat="40.97352" lon="-3.80465"><ele>1442</ele></trkpt><trkpt lat="40.9736" lon="-3.80457"><ele>1442</ele></trkpt><trkpt lat="40.97382" lon="-3.80433"><ele>1442</ele></trkpt><trkpt lat="40.97387" lon="-3.80427"><ele>1442</ele></trkpt><trkpt lat="40.97397" lon="-3.80417"><ele>1442</ele></trkpt><trkpt lat="40.97408" lon="-3.80408"><ele>1442</ele></trkpt><trkpt lat="40.97423" lon="-3.80398"><ele>1443</ele></trkpt><trkpt lat="40.97436" lon="-3.80388"><ele>1443</ele></trkpt><trkpt lat="40.97439" lon="-3.80386"><ele>1443</ele></trkpt><trkpt lat="40.97441" lon="-3.80385"><ele>1443</ele></trkpt><trkpt lat="40.9745" lon="-3.80381"><ele>1444</ele></trkpt><trkpt lat="40.97457" lon="-3.80378"><ele>1445</ele></trkpt><trkpt lat="40.9746" lon="-3.80378"><ele>1446</ele></trkpt><trkpt lat="40.97478" lon="-3.80375"><ele>1449</ele></trkpt><trkpt lat="40.9749" lon="-3.80373"><ele>1451</ele></trkpt><trkpt lat="40.97496" lon="-3.80372"><ele>1452</ele></trkpt><trkpt lat="40.97499" lon="-3.80371"><ele>1452</ele></trkpt><trkpt lat="40.975" lon="-3.80371"><ele>1453</ele></trkpt><trkpt lat="40.97509" lon="-3.80367"><ele>1454</ele></trkpt><trkpt lat="40.97515" lon="-3.80363"><ele>1454</ele></trkpt><trkpt lat="40.97532" lon="-3.80355"><ele>1456</ele></trkpt><trkpt lat="40.9755" lon="-3.80348"><ele>1458</ele></trkpt><trkpt lat="40.97566" lon="-3.80341"><ele>1460</ele></trkpt><trkpt lat="40.97583" lon="-3.80335"><ele>1463</ele></trkpt><trkpt lat="40.97593" lon="-3.80331"><ele>1464</ele></trkpt><trkpt lat="40.97603" lon="-3.80325"><ele>1466</ele></trkpt><trkpt lat="40.97617" lon="-3.80316"><ele>1467</ele></trkpt><trkpt lat="40.97628" lon="-3.80307"><ele>1468</ele></trkpt><trkpt lat="40.97649" lon="-3.8029"><ele>1470</ele></trkpt><trkpt lat="40.97665" lon="-3.80278"><ele>1472</ele></trkpt><trkpt lat="40.97682" lon="-3.80265"><ele>1473</ele></trkpt><trkpt lat="40.97692" lon="-3.80258"><ele>1473</ele></trkpt><trkpt lat="40.97716" lon="-3.80241"><ele>1474</ele></trkpt><trkpt lat="40.97728" lon="-3.80234"><ele>1474</ele></trkpt><trkpt lat="40.97734" lon="-3.80231"><ele>1475</ele></trkpt><trkpt lat="40.97742" lon="-3.80231"><ele>1476</ele></trkpt><trkpt lat="40.97749" lon="-3.80233"><ele>1477</ele></trkpt><trkpt lat="40.97755" lon="-3.80236"><ele>1479</ele></trkpt><trkpt lat="40.97761" lon="-3.80241"><ele>1481</ele></trkpt><trkpt lat="40.97774" lon="-3.80252"><ele>1485</ele></trkpt><trkpt lat="40.97796" lon="-3.80267"><ele>1491</ele></trkpt><trkpt lat="40.97804" lon="-3.80269"><ele>1492</ele></trkpt><trkpt lat="40.97808" lon="-3.80269"><ele>1493</ele></trkpt><trkpt lat="40.97811" lon="-3.80269"><ele>1493</ele></trkpt><trkpt lat="40.97814" lon="-3.80268"><ele>1493</ele></trkpt><trkpt lat="40.97815" lon="-3.80266"><ele>1493</ele></trkpt><trkpt lat="40.97817" lon="-3.80263"><ele>1493</ele></trkpt><trkpt lat="40.9782" lon="-3.80256"><ele>1492</ele></trkpt><trkpt lat="40.97821" lon="-3.80251"><ele>1491</ele></trkpt><trkpt lat="40.97821" lon="-3.80242"><ele>1490</ele></trkpt><trkpt lat="40.97822" lon="-3.80231"><ele>1488</ele></trkpt><trkpt lat="40.97827" lon="-3.80205"><ele>1485</ele></trkpt><trkpt lat="40.97834" lon="-3.80187"><ele>1484</ele></trkpt><trkpt lat="40.97841" lon="-3.8017"><ele>1483</ele></trkpt><trkpt lat="40.9785" lon="-3.80151"><ele>1483</ele></trkpt><trkpt lat="40.97862" lon="-3.80133"><ele>1483</ele></trkpt><trkpt lat="40.97877" lon="-3.80115"><ele>1485</ele></trkpt><trkpt lat="40.97883" lon="-3.80107"><ele>1485</ele></trkpt><trkpt lat="40.97898" lon="-3.80087"><ele>1486</ele></trkpt><trkpt lat="40.97913" lon="-3.80068"><ele>1486</ele></trkpt><trkpt lat="40.97919" lon="-3.80063"><ele>1486</ele></trkpt><trkpt lat="40.97924" lon="-3.80062"><ele>1487</ele></trkpt><trkpt lat="40.9793" lon="-3.80063"><ele>1489</ele></trkpt><trkpt lat="40.97934" lon="-3.80068"><ele>1491</ele></trkpt><trkpt lat="40.97937" lon="-3.80071"><ele>1492</ele></trkpt><trkpt lat="40.97938" lon="-3.80076"><ele>1494</ele></trkpt><trkpt lat="40.97939" lon="-3.8008"><ele>1495</ele></trkpt><trkpt lat="40.97939" lon="-3.80084"><ele>1496</ele></trkpt><trkpt lat="40.97937" lon="-3.80091"><ele>1496</ele></trkpt><trkpt lat="40.97932" lon="-3.80106"><ele>1497</ele></trkpt><trkpt lat="40.97924" lon="-3.80127"><ele>1498</ele></trkpt><trkpt lat="40.97911" lon="-3.80163"><ele>1500</ele></trkpt><trkpt lat="40.97908" lon="-3.80179"><ele>1502</ele></trkpt><trkpt lat="40.97902" lon="-3.80198"><ele>1503</ele></trkpt><trkpt lat="40.9789" lon="-3.80225"><ele>1503</ele></trkpt><trkpt lat="40.97885" lon="-3.80246"><ele>1505</ele></trkpt><trkpt lat="40.97884" lon="-3.80273"><ele>1509</ele></trkpt><trkpt lat="40.97883" lon="-3.80296"><ele>1513</ele></trkpt><trkpt lat="40.97883" lon="-3.803"><ele>1514</ele></trkpt><trkpt lat="40.97879" lon="-3.80308"><ele>1514</ele></trkpt><trkpt lat="40.97869" lon="-3.80321"><ele>1514</ele></trkpt><trkpt lat="40.97838" lon="-3.80359"><ele>1516</ele></trkpt><trkpt lat="40.97815" lon="-3.80383"><ele>1519</ele></trkpt><trkpt lat="40.9779" lon="-3.80411"><ele>1522</ele></trkpt><trkpt lat="40.97787" lon="-3.80417"><ele>1523</ele></trkpt><trkpt lat="40.97785" lon="-3.80425"><ele>1525</ele></trkpt><trkpt lat="40.97787" lon="-3.80431"><ele>1527</ele></trkpt><trkpt lat="40.9779" lon="-3.80437"><ele>1529</ele></trkpt><trkpt lat="40.97793" lon="-3.8044"><ele>1530</ele></trkpt><trkpt lat="40.97797" lon="-3.80441"><ele>1531</ele></trkpt><trkpt lat="40.97801" lon="-3.80441"><ele>1532</ele></trkpt><trkpt lat="40.97805" lon="-3.8044"><ele>1533</ele></trkpt><trkpt lat="40.9781" lon="-3.80436"><ele>1532</ele></trkpt><trkpt lat="40.97815" lon="-3.80432"><ele>1532</ele></trkpt><trkpt lat="40.97819" lon="-3.80427"><ele>1531</ele></trkpt><trkpt lat="40.97824" lon="-3.80422"><ele>1531</ele></trkpt><trkpt lat="40.97849" lon="-3.80405"><ele>1531</ele></trkpt><trkpt lat="40.9786" lon="-3.804"><ele>1532</ele></trkpt><trkpt lat="40.97869" lon="-3.80397"><ele>1533</ele></trkpt><trkpt lat="40.97894" lon="-3.80389"><ele>1536</ele></trkpt><trkpt lat="40.97921" lon="-3.80378"><ele>1539</ele></trkpt><trkpt lat="40.97929" lon="-3.80372"><ele>1540</ele></trkpt><trkpt lat="40.97937" lon="-3.80366"><ele>1540</ele></trkpt><trkpt lat="40.97942" lon="-3.80361"><ele>1540</ele></trkpt><trkpt lat="40.97951" lon="-3.8035"><ele>1540</ele></trkpt><trkpt lat="40.97959" lon="-3.80338"><ele>1540</ele></trkpt><trkpt lat="40.9797" lon="-3.80318"><ele>1540</ele></trkpt><trkpt lat="40.9798" lon="-3.80299"><ele>1540</ele></trkpt><trkpt lat="40.97987" lon="-3.80285"><ele>1540</ele></trkpt><trkpt lat="40.97994" lon="-3.80277"><ele>1541</ele></trkpt><trkpt lat="40.98001" lon="-3.80274"><ele>1542</ele></trkpt><trkpt lat="40.98008" lon="-3.80276"><ele>1544</ele></trkpt><trkpt lat="40.9801" lon="-3.80278"><ele>1545</ele></trkpt><trkpt lat="40.98012" lon="-3.80281"><ele>1546</ele></trkpt><trkpt lat="40.98014" lon="-3.80285"><ele>1547</ele></trkpt><trkpt lat="40.98015" lon="-3.8029"><ele>1548</ele></trkpt><trkpt lat="40.98015" lon="-3.80295"><ele>1549</ele></trkpt><trkpt lat="40.98014" lon="-3.80303"><ele>1550</ele></trkpt><trkpt lat="40.98012" lon="-3.80313"><ele>1551</ele></trkpt><trkpt lat="40.98009" lon="-3.80321"><ele>1551</ele></trkpt><trkpt lat="40.98001" lon="-3.80343"><ele>1553</ele></trkpt><trkpt lat="40.97989" lon="-3.80377"><ele>1556</ele></trkpt><trkpt lat="40.97964" lon="-3.80433"><ele>1562</ele></trkpt><trkpt lat="40.97954" lon="-3.80455"><ele>1564</ele></trkpt><trkpt lat="40.97942" lon="-3.80475"><ele>1566</ele></trkpt><trkpt lat="40.97939" lon="-3.80481"><ele>1567</ele></trkpt><trkpt lat="40.97929" lon="-3.80492"><ele>1567</ele></trkpt><trkpt lat="40.97922" lon="-3.80499"><ele>1567</ele></trkpt><trkpt lat="40.97915" lon="-3.80508"><ele>1568</ele></trkpt><trkpt lat="40.9791" lon="-3.80512"><ele>1568</ele></trkpt><trkpt lat="40.97897" lon="-3.80531"><ele>1571</ele></trkpt><trkpt lat="40.97887" lon="-3.80544"><ele>1573</ele></trkpt><trkpt lat="40.97877" lon="-3.80554"><ele>1575</ele></trkpt><trkpt lat="40.97841" lon="-3.80575"><ele>1576</ele></trkpt><trkpt lat="40.97811" lon="-3.80591"><ele>1577</ele></trkpt><trkpt lat="40.97794" lon="-3.80595"><ele>1576</ele></trkpt><trkpt lat="40.97775" lon="-3.80601"><ele>1575</ele></trkpt><trkpt lat="40.97756" lon="-3.80604"><ele>1573</ele></trkpt><trkpt lat="40.97736" lon="-3.80606"><ele>1570</ele></trkpt><trkpt lat="40.97732" lon="-3.80606"><ele>1569</ele></trkpt><trkpt lat="40.97726" lon="-3.80607"><ele>1568</ele></trkpt><trkpt lat="40.97711" lon="-3.80615"><ele>1568</ele></trkpt><trkpt lat="40.97699" lon="-3.80623"><ele>1569</ele></trkpt><trkpt lat="40.9768" lon="-3.80646"><ele>1573</ele></trkpt><trkpt lat="40.97659" lon="-3.80672"><ele>1576</ele></trkpt><trkpt lat="40.97626" lon="-3.80711"><ele>1575</ele></trkpt><trkpt lat="40.97603" lon="-3.80747"><ele>1576</ele></trkpt><trkpt lat="40.97583" lon="-3.80787"><ele>1575</ele></trkpt><trkpt lat="40.97569" lon="-3.80823"><ele>1576</ele></trkpt><trkpt lat="40.97559" lon="-3.80866"><ele>1577</ele></trkpt><trkpt lat="40.97555" lon="-3.80894"><ele>1578</ele></trkpt><trkpt lat="40.97555" lon="-3.80918"><ele>1579</ele></trkpt><trkpt lat="40.97557" lon="-3.80938"><ele>1577</ele></trkpt><trkpt lat="40.97561" lon="-3.80949"><ele>1576</ele></trkpt><trkpt lat="40.97566" lon="-3.80959"><ele>1576</ele></trkpt><trkpt lat="40.97571" lon="-3.80965"><ele>1576</ele></trkpt><trkpt lat="40.97579" lon="-3.80975"><ele>1576</ele></trkpt><trkpt lat="40.97588" lon="-3.80982"><ele>1577</ele></trkpt><trkpt lat="40.97596" lon="-3.80988"><ele>1577</ele></trkpt><trkpt lat="40.97614" lon="-3.81"><ele>1579</ele></trkpt><trkpt lat="40.97629" lon="-3.81007"><ele>1579</ele></trkpt><trkpt lat="40.97648" lon="-3.81013"><ele>1580</ele></trkpt><trkpt lat="40.97673" lon="-3.81023"><ele>1581</ele></trkpt><trkpt lat="40.97701" lon="-3.81032"><ele>1583</ele></trkpt><trkpt lat="40.97726" lon="-3.81043"><ele>1584</ele></trkpt><trkpt lat="40.9779" lon="-3.81063"><ele>1589</ele></trkpt><trkpt lat="40.97835" lon="-3.81074"><ele>1595</ele></trkpt><trkpt lat="40.97869" lon="-3.81085"><ele>1600</ele></trkpt><trkpt lat="40.9788" lon="-3.81092"><ele>1601</ele></trkpt><trkpt lat="40.97893" lon="-3.81101"><ele>1602</ele></trkpt><trkpt lat="40.97899" lon="-3.81107"><ele>1603</ele></trkpt><trkpt lat="40.97908" lon="-3.81118"><ele>1603</ele></trkpt><trkpt lat="40.97915" lon="-3.81128"><ele>1603</ele></trkpt><trkpt lat="40.97932" lon="-3.81155"><ele>1603</ele></trkpt><trkpt lat="40.97943" lon="-3.8117"><ele>1604</ele></trkpt><trkpt lat="40.97958" lon="-3.81194"><ele>1609</ele></trkpt><trkpt lat="40.97965" lon="-3.81207"><ele>1612</ele></trkpt><trkpt lat="40.97966" lon="-3.8121"><ele>1612</ele></trkpt><trkpt lat="40.97966" lon="-3.81214"><ele>1612</ele></trkpt><trkpt lat="40.97966" lon="-3.81221"><ele>1613</ele></trkpt><trkpt lat="40.97964" lon="-3.81227"><ele>1613</ele></trkpt><trkpt lat="40.9796" lon="-3.81232"><ele>1612</ele></trkpt><trkpt lat="40.97952" lon="-3.81238"><ele>1611</ele></trkpt><trkpt lat="40.97917" lon="-3.81258"><ele>1608</ele></trkpt><trkpt lat="40.97893" lon="-3.81275"><ele>1607</ele></trkpt><trkpt lat="40.97861" lon="-3.81304"><ele>1609</ele></trkpt><trkpt lat="40.97823" lon="-3.81339"><ele>1612</ele></trkpt><trkpt lat="40.97779" lon="-3.81378"><ele>1617</ele></trkpt><trkpt lat="40.97764" lon="-3.81389"><ele>1618</ele></trkpt><trkpt lat="40.97746" lon="-3.814"><ele>1618</ele></trkpt><trkpt lat="40.97729" lon="-3.8141"><ele>1618</ele></trkpt><trkpt lat="40.97711" lon="-3.8142"><ele>1617</ele></trkpt><trkpt lat="40.97693" lon="-3.81427"><ele>1615</ele></trkpt><trkpt lat="40.97683" lon="-3.81433"><ele>1615</ele></trkpt><trkpt lat="40.9767" lon="-3.81442"><ele>1614</ele></trkpt><trkpt lat="40.97663" lon="-3.81449"><ele>1615</ele></trkpt><trkpt lat="40.97651" lon="-3.81466"><ele>1617</ele></trkpt><trkpt lat="40.97652" lon="-3.81473"><ele>1619</ele></trkpt><trkpt lat="40.97649" lon="-3.8148"><ele>1620</ele></trkpt><trkpt lat="40.97645" lon="-3.8149"><ele>1622</ele></trkpt><trkpt lat="40.97634" lon="-3.81516"><ele>1626</ele></trkpt><trkpt lat="40.97627" lon="-3.81527"><ele>1627</ele></trkpt><trkpt lat="40.97613" lon="-3.8154"><ele>1626</ele></trkpt><trkpt lat="40.97597" lon="-3.81551"><ele>1625</ele></trkpt><trkpt lat="40.97587" lon="-3.81559"><ele>1625</ele></trkpt><trkpt lat="40.97578" lon="-3.81571"><ele>1625</ele></trkpt><trkpt lat="40.97568" lon="-3.81588"><ele>1626</ele></trkpt><trkpt lat="40.97555" lon="-3.81617"><ele>1628</ele></trkpt><trkpt lat="40.9755" lon="-3.81629"><ele>1629</ele></trkpt><trkpt lat="40.97542" lon="-3.81649"><ele>1630</ele></trkpt><trkpt lat="40.97528" lon="-3.81691"><ele>1632</ele></trkpt><trkpt lat="40.9752" lon="-3.81719"><ele>1633</ele></trkpt><trkpt lat="40.97513" lon="-3.81742"><ele>1633</ele></trkpt><trkpt lat="40.97508" lon="-3.81764"><ele>1634</ele></trkpt><trkpt lat="40.97507" lon="-3.8177"><ele>1635</ele></trkpt><trkpt lat="40.97506" lon="-3.81777"><ele>1636</ele></trkpt><trkpt lat="40.97506" lon="-3.81784"><ele>1636</ele></trkpt><trkpt lat="40.97505" lon="-3.8179"><ele>1637</ele></trkpt><trkpt lat="40.97506" lon="-3.81799"><ele>1638</ele></trkpt><trkpt lat="40.97507" lon="-3.81808"><ele>1640</ele></trkpt><trkpt lat="40.97509" lon="-3.81813"><ele>1641</ele></trkpt><trkpt lat="40.97512" lon="-3.81828"><ele>1644</ele></trkpt><trkpt lat="40.9752" lon="-3.81846"><ele>1648</ele></trkpt><trkpt lat="40.97531" lon="-3.81883"><ele>1655</ele></trkpt><trkpt lat="40.97533" lon="-3.81896"><ele>1657</ele></trkpt><trkpt lat="40.97534" lon="-3.81903"><ele>1658</ele></trkpt><trkpt lat="40.97533" lon="-3.81906"><ele>1659</ele></trkpt><trkpt lat="40.97533" lon="-3.81911"><ele>1659</ele></trkpt><trkpt lat="40.97531" lon="-3.81916"><ele>1660</ele></trkpt><trkpt lat="40.9753" lon="-3.8192"><ele>1660</ele></trkpt><trkpt lat="40.97527" lon="-3.81923"><ele>1660</ele></trkpt><trkpt lat="40.97523" lon="-3.81928"><ele>1660</ele></trkpt><trkpt lat="40.9752" lon="-3.81929"><ele>1660</ele></trkpt><trkpt lat="40.97515" lon="-3.8193"><ele>1659</ele></trkpt><trkpt lat="40.97511" lon="-3.8193"><ele>1659</ele></trkpt><trkpt lat="40.97506" lon="-3.81929"><ele>1658</ele></trkpt><trkpt lat="40.97501" lon="-3.81927"><ele>1657</ele></trkpt><trkpt lat="40.97493" lon="-3.81922"><ele>1656</ele></trkpt><trkpt lat="40.97466" lon="-3.81908"><ele>1652</ele></trkpt><trkpt lat="40.97457" lon="-3.81904"><ele>1650</ele></trkpt><trkpt lat="40.97449" lon="-3.81901"><ele>1649</ele></trkpt><trkpt lat="40.9744" lon="-3.819"><ele>1648</ele></trkpt><trkpt lat="40.97437" lon="-3.819"><ele>1648</ele></trkpt><trkpt lat="40.97428" lon="-3.819"><ele>1647</ele></trkpt><trkpt lat="40.97422" lon="-3.819"><ele>1646</ele></trkpt><trkpt lat="40.97416" lon="-3.819"><ele>1646</ele></trkpt><trkpt lat="40.97409" lon="-3.81901"><ele>1646</ele></trkpt><trkpt lat="40.97396" lon="-3.81903"><ele>1647</ele></trkpt><trkpt lat="40.97392" lon="-3.81905"><ele>1647</ele></trkpt><trkpt lat="40.97386" lon="-3.81907"><ele>1648</ele></trkpt><trkpt lat="40.97374" lon="-3.81911"><ele>1649</ele></trkpt><trkpt lat="40.97357" lon="-3.81921"><ele>1651</ele></trkpt><trkpt lat="40.97346" lon="-3.81929"><ele>1652</ele></trkpt><trkpt lat="40.97321" lon="-3.81947"><ele>1654</ele></trkpt><trkpt lat="40.97303" lon="-3.81965"><ele>1656</ele></trkpt><trkpt lat="40.9727" lon="-3.81997"><ele>1659</ele></trkpt><trkpt lat="40.97259" lon="-3.82006"><ele>1660</ele></trkpt><trkpt lat="40.97251" lon="-3.82016"><ele>1660</ele></trkpt><trkpt lat="40.9724" lon="-3.82028"><ele>1661</ele></trkpt><trkpt lat="40.97228" lon="-3.82045"><ele>1662</ele></trkpt><trkpt lat="40.97223" lon="-3.82054"><ele>1662</ele></trkpt><trkpt lat="40.97218" lon="-3.82064"><ele>1663</ele></trkpt><trkpt lat="40.97216" lon="-3.82071"><ele>1664</ele></trkpt><trkpt lat="40.97215" lon="-3.82075"><ele>1664</ele></trkpt><trkpt lat="40.97213" lon="-3.82082"><ele>1665</ele></trkpt><trkpt lat="40.9721" lon="-3.82089"><ele>1665</ele></trkpt><trkpt lat="40.97208" lon="-3.82095"><ele>1666</ele></trkpt><trkpt lat="40.97208" lon="-3.82097"><ele>1666</ele></trkpt><trkpt lat="40.97208" lon="-3.82099"><ele>1666</ele></trkpt><trkpt lat="40.97208" lon="-3.82101"><ele>1666</ele></trkpt><trkpt lat="40.97208" lon="-3.82104"><ele>1667</ele></trkpt><trkpt lat="40.97209" lon="-3.82106"><ele>1667</ele></trkpt><trkpt lat="40.9721" lon="-3.8211"><ele>1668</ele></trkpt><trkpt lat="40.9721" lon="-3.82113"><ele>1668</ele></trkpt><trkpt lat="40.97211" lon="-3.82115"><ele>1668</ele></trkpt><trkpt lat="40.97212" lon="-3.82117"><ele>1669</ele></trkpt><trkpt lat="40.97213" lon="-3.82119"><ele>1669</ele></trkpt><trkpt lat="40.97215" lon="-3.82121"><ele>1669</ele></trkpt><trkpt lat="40.97217" lon="-3.82121"><ele>1670</ele></trkpt><trkpt lat="40.97218" lon="-3.82122"><ele>1670</ele></trkpt><trkpt lat="40.97221" lon="-3.82123"><ele>1670</ele></trkpt><trkpt lat="40.97222" lon="-3.82123"><ele>1671</ele></trkpt><trkpt lat="40.97223" lon="-3.82123"><ele>1671</ele></trkpt><trkpt lat="40.97225" lon="-3.82123"><ele>1671</ele></trkpt><trkpt lat="40.97227" lon="-3.82122"><ele>1671</ele></trkpt><trkpt lat="40.9723" lon="-3.82122"><ele>1671</ele></trkpt><trkpt lat="40.97233" lon="-3.8212"><ele>1672</ele></trkpt><trkpt lat="40.97236" lon="-3.82119"><ele>1672</ele></trkpt><trkpt lat="40.97245" lon="-3.82114"><ele>1672</ele></trkpt><trkpt lat="40.97251" lon="-3.82112"><ele>1673</ele></trkpt><trkpt lat="40.97272" lon="-3.82105"><ele>1675</ele></trkpt><trkpt lat="40.97291" lon="-3.82102"><ele>1676</ele></trkpt><trkpt lat="40.97299" lon="-3.821"><ele>1677</ele></trkpt><trkpt lat="40.9731" lon="-3.82099"><ele>1678</ele></trkpt><trkpt lat="40.97328" lon="-3.82098"><ele>1680</ele></trkpt><trkpt lat="40.97346" lon="-3.82099"><ele>1681</ele></trkpt><trkpt lat="40.97358" lon="-3.821"><ele>1682</ele></trkpt><trkpt lat="40.97371" lon="-3.82104"><ele>1683</ele></trkpt><trkpt lat="40.97383" lon="-3.82107"><ele>1684</ele></trkpt><trkpt lat="40.9739" lon="-3.8211"><ele>1685</ele></trkpt><trkpt lat="40.97402" lon="-3.82116"><ele>1686</ele></trkpt><trkpt lat="40.97408" lon="-3.8212"><ele>1687</ele></trkpt><trkpt lat="40.97418" lon="-3.82126"><ele>1688</ele></trkpt><trkpt lat="40.97426" lon="-3.82133"><ele>1689</ele></trkpt><trkpt lat="40.97433" lon="-3.8214"><ele>1689</ele></trkpt><trkpt lat="40.97439" lon="-3.82147"><ele>1690</ele></trkpt><trkpt lat="40.97445" lon="-3.82155"><ele>1691</ele></trkpt><trkpt lat="40.97467" lon="-3.82189"><ele>1694</ele></trkpt><trkpt lat="40.97481" lon="-3.82209"><ele>1696</ele></trkpt><trkpt lat="40.97491" lon="-3.82223"><ele>1698</ele></trkpt><trkpt lat="40.97505" lon="-3.82241"><ele>1700</ele></trkpt><trkpt lat="40.97523" lon="-3.82259"><ele>1702</ele></trkpt><trkpt lat="40.97534" lon="-3.82268"><ele>1704</ele></trkpt><trkpt lat="40.97544" lon="-3.82275"><ele>1705</ele></trkpt><trkpt lat="40.97556" lon="-3.82283"><ele>1706</ele></trkpt><trkpt lat="40.97564" lon="-3.82287"><ele>1707</ele></trkpt><trkpt lat="40.97573" lon="-3.8229"><ele>1708</ele></trkpt><trkpt lat="40.9758" lon="-3.82293"><ele>1708</ele></trkpt><trkpt lat="40.97589" lon="-3.82297"><ele>1709</ele></trkpt><trkpt lat="40.97597" lon="-3.82301"><ele>1710</ele></trkpt><trkpt lat="40.97604" lon="-3.82305"><ele>1711</ele></trkpt><trkpt lat="40.97634" lon="-3.82323"><ele>1714</ele></trkpt><trkpt lat="40.97658" lon="-3.82338"><ele>1717</ele></trkpt><trkpt lat="40.97663" lon="-3.82342"><ele>1718</ele></trkpt><trkpt lat="40.97674" lon="-3.82349"><ele>1719</ele></trkpt><trkpt lat="40.97691" lon="-3.82354"><ele>1721</ele></trkpt><trkpt lat="40.97707" lon="-3.82354"><ele>1722</ele></trkpt><trkpt lat="40.97715" lon="-3.82354"><ele>1723</ele></trkpt><trkpt lat="40.97718" lon="-3.82352"><ele>1722</ele></trkpt><trkpt lat="40.9773" lon="-3.82342"><ele>1721</ele></trkpt><trkpt lat="40.97757" lon="-3.82311"><ele>1720</ele></trkpt><trkpt lat="40.97784" lon="-3.8228"><ele>1723</ele></trkpt><trkpt lat="40.97791" lon="-3.82269"><ele>1724</ele></trkpt><trkpt lat="40.97798" lon="-3.82258"><ele>1724</ele></trkpt><trkpt lat="40.97807" lon="-3.82242"><ele>1726</ele></trkpt><trkpt lat="40.97816" lon="-3.82218"><ele>1727</ele></trkpt><trkpt lat="40.97823" lon="-3.82195"><ele>1727</ele></trkpt><trkpt lat="40.97827" lon="-3.82178"><ele>1728</ele></trkpt><trkpt lat="40.9783" lon="-3.82164"><ele>1728</ele></trkpt><trkpt lat="40.97835" lon="-3.82154"><ele>1728</ele></trkpt><trkpt lat="40.97843" lon="-3.82142"><ele>1730</ele></trkpt><trkpt lat="40.97862" lon="-3.82116"><ele>1734</ele></trkpt><trkpt lat="40.97873" lon="-3.82096"><ele>1736</ele></trkpt><trkpt lat="40.97876" lon="-3.82091"><ele>1736</ele></trkpt><trkpt lat="40.97879" lon="-3.82081"><ele>1737</ele></trkpt><trkpt lat="40.97886" lon="-3.82059"><ele>1738</ele></trkpt><trkpt lat="40.97892" lon="-3.82029"><ele>1739</ele></trkpt><trkpt lat="40.979" lon="-3.82"><ele>1740</ele></trkpt><trkpt lat="40.97917" lon="-3.8193"><ele>1745</ele></trkpt><trkpt lat="40.97929" lon="-3.81886"><ele>1746</ele></trkpt><trkpt lat="40.97954" lon="-3.81833"><ele>1748</ele></trkpt><trkpt lat="40.97982" lon="-3.81797"><ele>1750</ele></trkpt><trkpt lat="40.98015" lon="-3.81766"><ele>1751</ele></trkpt><trkpt lat="40.9805" lon="-3.81745"><ele>1754</ele></trkpt><trkpt lat="40.98086" lon="-3.81733"><ele>1757</ele></trkpt><trkpt lat="40.98143" lon="-3.81728"><ele>1763</ele></trkpt><trkpt lat="40.98172" lon="-3.81727"><ele>1766</ele></trkpt><trkpt lat="40.98193" lon="-3.81719"><ele>1766</ele></trkpt><trkpt lat="40.98209" lon="-3.81711"><ele>1766</ele></trkpt><trkpt lat="40.98237" lon="-3.81689"><ele>1765</ele></trkpt><trkpt lat="40.98286" lon="-3.8165"><ele>1763</ele></trkpt><trkpt lat="40.98318" lon="-3.81629"><ele>1763</ele></trkpt><trkpt lat="40.98349" lon="-3.81616"><ele>1765</ele></trkpt><trkpt lat="40.98358" lon="-3.81617"><ele>1766</ele></trkpt><trkpt lat="40.98362" lon="-3.81619"><ele>1767</ele></trkpt><trkpt lat="40.98369" lon="-3.8162"><ele>1768</ele></trkpt><trkpt lat="40.98373" lon="-3.81622"><ele>1769</ele></trkpt><trkpt lat="40.98377" lon="-3.81622"><ele>1770</ele></trkpt><trkpt lat="40.98382" lon="-3.81622"><ele>1770</ele></trkpt><trkpt lat="40.98384" lon="-3.8162"><ele>1770</ele></trkpt><trkpt lat="40.98386" lon="-3.81619"><ele>1770</ele></trkpt><trkpt lat="40.98391" lon="-3.81611"><ele>1770</ele></trkpt><trkpt lat="40.98394" lon="-3.81605"><ele>1770</ele></trkpt><trkpt lat="40.98405" lon="-3.81585"><ele>1769</ele></trkpt><trkpt lat="40.98417" lon="-3.81571"><ele>1769</ele></trkpt><trkpt lat="40.98424" lon="-3.81568"><ele>1769</ele></trkpt><trkpt lat="40.98429" lon="-3.81565"><ele>1769</ele></trkpt><trkpt lat="40.98446" lon="-3.8156"><ele>1771</ele></trkpt><trkpt lat="40.9845" lon="-3.8156"><ele>1772</ele></trkpt><trkpt lat="40.98468" lon="-3.81557"><ele>1774</ele></trkpt><trkpt lat="40.98474" lon="-3.81556"><ele>1775</ele></trkpt><trkpt lat="40.98479" lon="-3.81553"><ele>1776</ele></trkpt><trkpt lat="40.98495" lon="-3.81543"><ele>1777</ele></trkpt><trkpt lat="40.98502" lon="-3.81538"><ele>1777</ele></trkpt><trkpt lat="40.98509" lon="-3.81531"><ele>1777</ele></trkpt><trkpt lat="40.98512" lon="-3.81528"><ele>1777</ele></trkpt><trkpt lat="40.98523" lon="-3.81508"><ele>1775</ele></trkpt><trkpt lat="40.98526" lon="-3.81502"><ele>1775</ele></trkpt><trkpt lat="40.9854" lon="-3.81483"><ele>1773</ele></trkpt><trkpt lat="40.98554" lon="-3.81466"><ele>1772</ele></trkpt><trkpt lat="40.98569" lon="-3.81448"><ele>1771</ele></trkpt><trkpt lat="40.98585" lon="-3.81434"><ele>1772</ele></trkpt><trkpt lat="40.98608" lon="-3.81413"><ele>1771</ele></trkpt><trkpt lat="40.98619" lon="-3.81405"><ele>1771</ele></trkpt><trkpt lat="40.98631" lon="-3.814"><ele>1772</ele></trkpt><trkpt lat="40.98635" lon="-3.81399"><ele>1773</ele></trkpt><trkpt lat="40.98645" lon="-3.81398"><ele>1774</ele></trkpt><trkpt lat="40.98651" lon="-3.81399"><ele>1774</ele></trkpt><trkpt lat="40.98651" lon="-3.81399"><ele>1774</ele></trkpt><trkpt lat="40.98659" lon="-3.81401"><ele>1775</ele></trkpt><trkpt lat="40.98691" lon="-3.81416"><ele>1775</ele></trkpt><trkpt lat="40.98696" lon="-3.81419"><ele>1775</ele></trkpt><trkpt lat="40.98706" lon="-3.81426"><ele>1775</ele></trkpt><trkpt lat="40.98713" lon="-3.81435"><ele>1775</ele></trkpt><trkpt lat="40.98715" lon="-3.8144"><ele>1775</ele></trkpt><trkpt lat="40.98722" lon="-3.81456"><ele>1774</ele></trkpt><trkpt lat="40.98733" lon="-3.81482"><ele>1773</ele></trkpt><trkpt lat="40.98737" lon="-3.8149"><ele>1773</ele></trkpt><trkpt lat="40.98746" lon="-3.81501"><ele>1772</ele></trkpt><trkpt lat="40.98773" lon="-3.81527"><ele>1770</ele></trkpt><trkpt lat="40.98794" lon="-3.8155"><ele>1769</ele></trkpt><trkpt lat="40.98811" lon="-3.81575"><ele>1768</ele></trkpt><trkpt lat="40.98843" lon="-3.81602"><ele>1766</ele></trkpt><trkpt lat="40.98874" lon="-3.81618"><ele>1762</ele></trkpt><trkpt lat="40.98919" lon="-3.81634"><ele>1755</ele></trkpt><trkpt lat="40.98941" lon="-3.81644"><ele>1750</ele></trkpt><trkpt lat="40.98951" lon="-3.81652"><ele>1749</ele></trkpt><trkpt lat="40.98968" lon="-3.81668"><ele>1747</ele></trkpt><trkpt lat="40.98992" lon="-3.81697"><ele>1744</ele></trkpt><trkpt lat="40.99015" lon="-3.81731"><ele>1744</ele></trkpt><trkpt lat="40.99022" lon="-3.81741"><ele>1744</ele></trkpt><trkpt lat="40.99028" lon="-3.81755"><ele>1745</ele></trkpt><trkpt lat="40.9903" lon="-3.81772"><ele>1746</ele></trkpt><trkpt lat="40.99029" lon="-3.81785"><ele>1748</ele></trkpt><trkpt lat="40.99027" lon="-3.81809"><ele>1751</ele></trkpt><trkpt lat="40.99027" lon="-3.81834"><ele>1754</ele></trkpt><trkpt lat="40.99029" lon="-3.81842"><ele>1756</ele></trkpt><trkpt lat="40.9903" lon="-3.81847"><ele>1756</ele></trkpt><trkpt lat="40.99032" lon="-3.8185"><ele>1757</ele></trkpt><trkpt lat="40.99035" lon="-3.81853"><ele>1757</ele></trkpt><trkpt lat="40.99038" lon="-3.81855"><ele>1757</ele></trkpt><trkpt lat="40.99042" lon="-3.81855"><ele>1757</ele></trkpt><trkpt lat="40.99045" lon="-3.81854"><ele>1757</ele></trkpt><trkpt lat="40.9905" lon="-3.81851"><ele>1756</ele></trkpt><trkpt lat="40.99053" lon="-3.81847"><ele>1755</ele></trkpt><trkpt lat="40.99059" lon="-3.81838"><ele>1752</ele></trkpt><trkpt lat="40.99073" lon="-3.81818"><ele>1747</ele></trkpt><trkpt lat="40.99086" lon="-3.81806"><ele>1744</ele></trkpt><trkpt lat="40.99112" lon="-3.8178"><ele>1742</ele></trkpt><trkpt lat="40.99133" lon="-3.81753"><ele>1738</ele></trkpt><trkpt lat="40.99145" lon="-3.81733"><ele>1734</ele></trkpt><trkpt lat="40.99151" lon="-3.81723"><ele>1732</ele></trkpt><trkpt lat="40.99156" lon="-3.81707"><ele>1728</ele></trkpt><trkpt lat="40.99163" lon="-3.81692"><ele>1725</ele></trkpt><trkpt lat="40.99172" lon="-3.81671"><ele>1720</ele></trkpt><trkpt lat="40.99177" lon="-3.81662"><ele>1717</ele></trkpt><trkpt lat="40.99182" lon="-3.81657"><ele>1716</ele></trkpt><trkpt lat="40.99189" lon="-3.81651"><ele>1714</ele></trkpt><trkpt lat="40.99195" lon="-3.81647"><ele>1713</ele></trkpt><trkpt lat="40.99205" lon="-3.81643"><ele>1712</ele></trkpt><trkpt lat="40.99211" lon="-3.81642"><ele>1712</ele></trkpt><trkpt lat="40.99222" lon="-3.8164"><ele>1711</ele></trkpt><trkpt lat="40.99229" lon="-3.81641"><ele>1711</ele></trkpt><trkpt lat="40.99241" lon="-3.81645"><ele>1713</ele></trkpt><trkpt lat="40.99252" lon="-3.81652"><ele>1715</ele></trkpt><trkpt lat="40.99267" lon="-3.81661"><ele>1715</ele></trkpt><trkpt lat="40.99297" lon="-3.81678"><ele>1715</ele></trkpt><trkpt lat="40.99318" lon="-3.81691"><ele>1715</ele></trkpt><trkpt lat="40.99351" lon="-3.81711"><ele>1717</ele></trkpt><trkpt lat="40.99354" lon="-3.81713"><ele>1717</ele></trkpt><trkpt lat="40.99363" lon="-3.81715"><ele>1717</ele></trkpt><trkpt lat="40.99369" lon="-3.81714"><ele>1716</ele></trkpt><trkpt lat="40.99372" lon="-3.81713"><ele>1716</ele></trkpt><trkpt lat="40.99377" lon="-3.81711"><ele>1715</ele></trkpt><trkpt lat="40.99382" lon="-3.81708"><ele>1713</ele></trkpt><trkpt lat="40.9939" lon="-3.81702"><ele>1711</ele></trkpt><trkpt lat="40.99398" lon="-3.817"><ele>1710</ele></trkpt><trkpt lat="40.99404" lon="-3.817"><ele>1710</ele></trkpt><trkpt lat="40.99411" lon="-3.81702"><ele>1709</ele></trkpt><trkpt lat="40.99417" lon="-3.81705"><ele>1710</ele></trkpt><trkpt lat="40.99429" lon="-3.81715"><ele>1709</ele></trkpt><trkpt lat="40.99452" lon="-3.81735"><ele>1709</ele></trkpt><trkpt lat="40.9948" lon="-3.81759"><ele>1709</ele></trkpt><trkpt lat="40.99509" lon="-3.81784"><ele>1709</ele></trkpt><trkpt lat="40.99525" lon="-3.81797"><ele>1711</ele></trkpt><trkpt lat="40.99533" lon="-3.81805"><ele>1712</ele></trkpt><trkpt lat="40.99544" lon="-3.8181"><ele>1712</ele></trkpt><trkpt lat="40.99549" lon="-3.81811"><ele>1712</ele></trkpt><trkpt lat="40.99555" lon="-3.81812"><ele>1712</ele></trkpt><trkpt lat="40.99565" lon="-3.81809"><ele>1710</ele></trkpt><trkpt lat="40.99574" lon="-3.81803"><ele>1707</ele></trkpt><trkpt lat="40.99578" lon="-3.81798"><ele>1705</ele></trkpt><trkpt lat="40.99582" lon="-3.81794"><ele>1703</ele></trkpt><trkpt lat="40.9959" lon="-3.81781"><ele>1699</ele></trkpt><trkpt lat="40.99598" lon="-3.81767"><ele>1695</ele></trkpt><trkpt lat="40.99606" lon="-3.81753"><ele>1690</ele></trkpt><trkpt lat="40.99612" lon="-3.81743"><ele>1687</ele></trkpt><trkpt lat="40.99623" lon="-3.81732"><ele>1684</ele></trkpt><trkpt lat="40.99627" lon="-3.81729"><ele>1683</ele></trkpt><trkpt lat="40.99636" lon="-3.81727"><ele>1682</ele></trkpt><trkpt lat="40.9964" lon="-3.81727"><ele>1681</ele></trkpt><trkpt lat="40.99645" lon="-3.81729"><ele>1682</ele></trkpt><trkpt lat="40.99651" lon="-3.81732"><ele>1682</ele></trkpt><trkpt lat="40.99663" lon="-3.8174"><ele>1684</ele></trkpt><trkpt lat="40.99676" lon="-3.81747"><ele>1686</ele></trkpt><trkpt lat="40.99699" lon="-3.81757"><ele>1688</ele></trkpt><trkpt lat="40.99708" lon="-3.8176"><ele>1688</ele></trkpt><trkpt lat="40.99718" lon="-3.81761"><ele>1688</ele></trkpt><trkpt lat="40.99725" lon="-3.81759"><ele>1687</ele></trkpt><trkpt lat="40.99732" lon="-3.81754"><ele>1685</ele></trkpt><trkpt lat="40.99736" lon="-3.8175"><ele>1683</ele></trkpt><trkpt lat="40.99741" lon="-3.81741"><ele>1681</ele></trkpt><trkpt lat="40.99744" lon="-3.81735"><ele>1679</ele></trkpt><trkpt lat="40.99746" lon="-3.81726"><ele>1677</ele></trkpt><trkpt lat="40.99753" lon="-3.81708"><ele>1673</ele></trkpt><trkpt lat="40.99763" lon="-3.81682"><ele>1669</ele></trkpt><trkpt lat="40.99775" lon="-3.81658"><ele>1665</ele></trkpt><trkpt lat="40.99794" lon="-3.81636"><ele>1664</ele></trkpt><trkpt lat="40.99818" lon="-3.81608"><ele>1662</ele></trkpt><trkpt lat="40.99834" lon="-3.81583"><ele>1659</ele></trkpt><trkpt lat="40.99847" lon="-3.81565"><ele>1657</ele></trkpt><trkpt lat="40.99855" lon="-3.81556"><ele>1656</ele></trkpt><trkpt lat="40.99867" lon="-3.81546"><ele>1656</ele></trkpt><trkpt lat="40.99877" lon="-3.8154"><ele>1656</ele></trkpt><trkpt lat="40.99889" lon="-3.81532"><ele>1656</ele></trkpt><trkpt lat="40.99894" lon="-3.81526"><ele>1655</ele></trkpt><trkpt lat="40.99901" lon="-3.81516"><ele>1653</ele></trkpt><trkpt lat="40.99906" lon="-3.81506"><ele>1651</ele></trkpt><trkpt lat="40.99913" lon="-3.81495"><ele>1649</ele></trkpt><trkpt lat="40.99925" lon="-3.81481"><ele>1646</ele></trkpt><trkpt lat="40.99941" lon="-3.8147"><ele>1642</ele></trkpt><trkpt lat="40.99963" lon="-3.81458"><ele>1638</ele></trkpt><trkpt lat="40.9999" lon="-3.81442"><ele>1633</ele></trkpt><trkpt lat="41.00017" lon="-3.81419"><ele>1641</ele></trkpt><trkpt lat="41.00055" lon="-3.81399"><ele>1638</ele></trkpt><trkpt lat="41.00084" lon="-3.8138"><ele>1635</ele></trkpt><trkpt lat="41.00109" lon="-3.81362"><ele>1632</ele></trkpt><trkpt lat="41.00143" lon="-3.81344"><ele>1630</ele></trkpt><trkpt lat="41.00168" lon="-3.81337"><ele>1630</ele></trkpt><trkpt lat="41.0018" lon="-3.81334"><ele>1631</ele></trkpt><trkpt lat="41.0019" lon="-3.8133"><ele>1632</ele></trkpt><trkpt lat="41.00199" lon="-3.81318"><ele>1630</ele></trkpt><trkpt lat="41.0021" lon="-3.81299"><ele>1627</ele></trkpt><trkpt lat="41.00224" lon="-3.81266"><ele>1621</ele></trkpt><trkpt lat="41.00247" lon="-3.81239"><ele>1618</ele></trkpt><trkpt lat="41.00258" lon="-3.8123"><ele>1616</ele></trkpt><trkpt lat="41.00265" lon="-3.81227"><ele>1616</ele></trkpt><trkpt lat="41.00275" lon="-3.81223"><ele>1615</ele></trkpt><trkpt lat="41.00322" lon="-3.81221"><ele>1619</ele></trkpt><trkpt lat="41.00353" lon="-3.8121"><ele>1617</ele></trkpt><trkpt lat="41.00438" lon="-3.81163"><ele>1607</ele></trkpt><trkpt lat="41.00463" lon="-3.81144"><ele>1601</ele></trkpt><trkpt lat="41.00492" lon="-3.8113"><ele>1597</ele></trkpt><trkpt lat="41.0052" lon="-3.8113"><ele>1596</ele></trkpt><trkpt lat="41.00549" lon="-3.81138"><ele>1596</ele></trkpt><trkpt lat="41.00592" lon="-3.81151"><ele>1598</ele></trkpt><trkpt lat="41.00606" lon="-3.81155"><ele>1600</ele></trkpt><trkpt lat="41.00615" lon="-3.81155"><ele>1600</ele></trkpt><trkpt lat="41.00646" lon="-3.81144"><ele>1595</ele></trkpt><trkpt lat="41.00657" lon="-3.81142"><ele>1595</ele></trkpt><trkpt lat="41.00662" lon="-3.81138"><ele>1593</ele></trkpt><trkpt lat="41.00671" lon="-3.8113"><ele>1591</ele></trkpt><trkpt lat="41.00682" lon="-3.81118"><ele>1587</ele></trkpt><trkpt lat="41.00687" lon="-3.81114"><ele>1586</ele></trkpt><trkpt lat="41.00691" lon="-3.81111"><ele>1585</ele></trkpt><trkpt lat="41.00711" lon="-3.811"><ele>1583</ele></trkpt><trkpt lat="41.00717" lon="-3.81095"><ele>1582</ele></trkpt><trkpt lat="41.00731" lon="-3.81082"><ele>1578</ele></trkpt><trkpt lat="41.00736" lon="-3.81079"><ele>1578</ele></trkpt><trkpt lat="41.0074" lon="-3.81077"><ele>1578</ele></trkpt><trkpt lat="41.00751" lon="-3.81078"><ele>1578</ele></trkpt><trkpt lat="41.0076" lon="-3.81078"><ele>1578</ele></trkpt><trkpt lat="41.00779" lon="-3.81082"><ele>1579</ele></trkpt><trkpt lat="41.00794" lon="-3.81079"><ele>1577</ele></trkpt><trkpt lat="41.00797" lon="-3.81076"><ele>1576</ele></trkpt><trkpt lat="41.00799" lon="-3.81075"><ele>1576</ele></trkpt><trkpt lat="41.008" lon="-3.81073"><ele>1575</ele></trkpt><trkpt lat="41.00802" lon="-3.81071"><ele>1575</ele></trkpt><trkpt lat="41.00802" lon="-3.81068"><ele>1574</ele></trkpt><trkpt lat="41.00802" lon="-3.81066"><ele>1573</ele></trkpt><trkpt lat="41.00802" lon="-3.81063"><ele>1573</ele></trkpt><trkpt lat="41.00801" lon="-3.81059"><ele>1572</ele></trkpt><trkpt lat="41.00799" lon="-3.81057"><ele>1571</ele></trkpt><trkpt lat="41.00797" lon="-3.81054"><ele>1570</ele></trkpt><trkpt lat="41.00792" lon="-3.81052"><ele>1570</ele></trkpt><trkpt lat="41.00784" lon="-3.8105"><ele>1569</ele></trkpt><trkpt lat="41.00773" lon="-3.8105"><ele>1570</ele></trkpt><trkpt lat="41.00762" lon="-3.8105"><ele>1570</ele></trkpt><trkpt lat="41.0075" lon="-3.8105"><ele>1570</ele></trkpt><trkpt lat="41.00733" lon="-3.81056"><ele>1571</ele></trkpt><trkpt lat="41.00722" lon="-3.8106"><ele>1571</ele></trkpt><trkpt lat="41.00678" lon="-3.81085"><ele>1576</ele></trkpt><trkpt lat="41.00663" lon="-3.8109"><ele>1577</ele></trkpt><trkpt lat="41.00637" lon="-3.81097"><ele>1579</ele></trkpt><trkpt lat="41.00622" lon="-3.81096"><ele>1579</ele></trkpt><trkpt lat="41.00595" lon="-3.81086"><ele>1575</ele></trkpt><trkpt lat="41.00553" lon="-3.81077"><ele>1573</ele></trkpt><trkpt lat="41.00543" lon="-3.81075"><ele>1573</ele></trkpt><trkpt lat="41.00538" lon="-3.81071"><ele>1572</ele></trkpt><trkpt lat="41.00536" lon="-3.81068"><ele>1571</ele></trkpt><trkpt lat="41.00533" lon="-3.81062"><ele>1569</ele></trkpt><trkpt lat="41.00532" lon="-3.81058"><ele>1568</ele></trkpt><trkpt lat="41.00532" lon="-3.81054"><ele>1566</ele></trkpt><trkpt lat="41.00533" lon="-3.81051"><ele>1565</ele></trkpt><trkpt lat="41.00534" lon="-3.8105"><ele>1564</ele></trkpt><trkpt lat="41.00535" lon="-3.81049"><ele>1564</ele></trkpt><trkpt lat="41.00537" lon="-3.81049"><ele>1564</ele></trkpt><trkpt lat="41.00543" lon="-3.81049"><ele>1563</ele></trkpt><trkpt lat="41.00547" lon="-3.81049"><ele>1563</ele></trkpt><trkpt lat="41.00553" lon="-3.81049"><ele>1562</ele></trkpt><trkpt lat="41.006" lon="-3.81068"><ele>1568</ele></trkpt><trkpt lat="41.00612" lon="-3.8107"><ele>1569</ele></trkpt><trkpt lat="41.0063" lon="-3.81073"><ele>1570</ele></trkpt><trkpt lat="41.00637" lon="-3.8107"><ele>1569</ele></trkpt><trkpt lat="41.00642" lon="-3.81068"><ele>1569</ele></trkpt><trkpt lat="41.00669" lon="-3.81045"><ele>1561</ele></trkpt><trkpt lat="41.00722" lon="-3.8099"><ele>1549</ele></trkpt><trkpt lat="41.00743" lon="-3.80964"><ele>1543</ele></trkpt><trkpt lat="41.00753" lon="-3.80956"><ele>1541</ele></trkpt><trkpt lat="41.0076" lon="-3.80952"><ele>1540</ele></trkpt><trkpt lat="41.00782" lon="-3.80942"><ele>1537</ele></trkpt><trkpt lat="41.008" lon="-3.80937"><ele>1536</ele></trkpt><trkpt lat="41.00808" lon="-3.80937"><ele>1537</ele></trkpt><trkpt lat="41.00814" lon="-3.80938"><ele>1537</ele></trkpt><trkpt lat="41.00822" lon="-3.80941"><ele>1538</ele></trkpt><trkpt lat="41.00877" lon="-3.8098"><ele>1545</ele></trkpt><trkpt lat="41.00908" lon="-3.81002"><ele>1547</ele></trkpt><trkpt lat="41.00919" lon="-3.8101"><ele>1549</ele></trkpt><trkpt lat="41.00923" lon="-3.81011"><ele>1550</ele></trkpt><trkpt lat="41.00928" lon="-3.81013"><ele>1551</ele></trkpt><trkpt lat="41.00931" lon="-3.81013"><ele>1552</ele></trkpt><trkpt lat="41.00934" lon="-3.81013"><ele>1552</ele></trkpt><trkpt lat="41.00936" lon="-3.81012"><ele>1552</ele></trkpt><trkpt lat="41.0094" lon="-3.81009"><ele>1552</ele></trkpt><trkpt lat="41.00962" lon="-3.80977"><ele>1546</ele></trkpt><trkpt lat="41.01001" lon="-3.80929"><ele>1537</ele></trkpt><trkpt lat="41.01016" lon="-3.80916"><ele>1536</ele></trkpt><trkpt lat="41.01026" lon="-3.8091"><ele>1536</ele></trkpt><trkpt lat="41.01045" lon="-3.80901"><ele>1537</ele></trkpt><trkpt lat="41.01183" lon="-3.80843"><ele>1531</ele></trkpt><trkpt lat="41.01204" lon="-3.80836"><ele>1528</ele></trkpt><trkpt lat="41.01224" lon="-3.80829"><ele>1526</ele></trkpt><trkpt lat="41.01302" lon="-3.8081"><ele>1517</ele></trkpt><trkpt lat="41.01313" lon="-3.8081"><ele>1516</ele></trkpt><trkpt lat="41.01318" lon="-3.80812"><ele>1517</ele></trkpt><trkpt lat="41.01322" lon="-3.80813"><ele>1517</ele></trkpt><trkpt lat="41.01326" lon="-3.80815"><ele>1517</ele></trkpt><trkpt lat="41.01333" lon="-3.80821"><ele>1518</ele></trkpt><trkpt lat="41.01355" lon="-3.80844"><ele>1526</ele></trkpt><trkpt lat="41.01358" lon="-3.80845"><ele>1527</ele></trkpt><trkpt lat="41.0136" lon="-3.80845"><ele>1527</ele></trkpt><trkpt lat="41.01365" lon="-3.80845"><ele>1527</ele></trkpt><trkpt lat="41.01367" lon="-3.80844"><ele>1527</ele></trkpt><trkpt lat="41.0137" lon="-3.80843"><ele>1526</ele></trkpt><trkpt lat="41.01376" lon="-3.80837"><ele>1525</ele></trkpt><trkpt lat="41.01383" lon="-3.80829"><ele>1522</ele></trkpt><trkpt lat="41.01398" lon="-3.80812"><ele>1518</ele></trkpt><trkpt lat="41.01423" lon="-3.80797"><ele>1514</ele></trkpt><trkpt lat="41.01445" lon="-3.80787"><ele>1512</ele></trkpt><trkpt lat="41.01466" lon="-3.80781"><ele>1511</ele></trkpt><trkpt lat="41.01477" lon="-3.80781"><ele>1512</ele></trkpt><trkpt lat="41.01504" lon="-3.80779"><ele>1513</ele></trkpt><trkpt lat="41.01564" lon="-3.80775"><ele>1509</ele></trkpt><trkpt lat="41.01624" lon="-3.80773"><ele>1503</ele></trkpt><trkpt lat="41.0168" lon="-3.80777"><ele>1498</ele></trkpt><trkpt lat="41.0169" lon="-3.80779"><ele>1498</ele></trkpt><trkpt lat="41.01713" lon="-3.80789"><ele>1498</ele></trkpt><trkpt lat="41.01732" lon="-3.80798"><ele>1498</ele></trkpt><trkpt lat="41.01765" lon="-3.80821"><ele>1502</ele></trkpt><trkpt lat="41.01779" lon="-3.80826"><ele>1502</ele></trkpt><trkpt lat="41.01801" lon="-3.80827"><ele>1499</ele></trkpt><trkpt lat="41.01918" lon="-3.8085"><ele>1487</ele></trkpt><trkpt lat="41.01955" lon="-3.80861"><ele>1482</ele></trkpt><trkpt lat="41.01979" lon="-3.80879"><ele>1482</ele></trkpt><trkpt lat="41.01989" lon="-3.80894"><ele>1484</ele></trkpt><trkpt lat="41.0201" lon="-3.80926"><ele>1490</ele></trkpt><trkpt lat="41.02024" lon="-3.8094"><ele>1493</ele></trkpt><trkpt lat="41.02028" lon="-3.80943"><ele>1493</ele></trkpt><trkpt lat="41.02036" lon="-3.80946"><ele>1492</ele></trkpt><trkpt lat="41.02041" lon="-3.80948"><ele>1492</ele></trkpt><trkpt lat="41.02048" lon="-3.80948"><ele>1491</ele></trkpt><trkpt lat="41.0206" lon="-3.80948"><ele>1489</ele></trkpt><trkpt lat="41.02073" lon="-3.80945"><ele>1485</ele></trkpt><trkpt lat="41.02126" lon="-3.80928"><ele>1477</ele></trkpt><trkpt lat="41.02178" lon="-3.80908"><ele>1471</ele></trkpt><trkpt lat="41.02227" lon="-3.80886"><ele>1465</ele></trkpt><trkpt lat="41.02268" lon="-3.80866"><ele>1457</ele></trkpt><trkpt lat="41.02281" lon="-3.80862"><ele>1455</ele></trkpt><trkpt lat="41.02295" lon="-3.8086"><ele>1454</ele></trkpt><trkpt lat="41.02307" lon="-3.8086"><ele>1453</ele></trkpt><trkpt lat="41.02319" lon="-3.80862"><ele>1453</ele></trkpt><trkpt lat="41.02325" lon="-3.80863"><ele>1453</ele></trkpt><trkpt lat="41.02345" lon="-3.80873"><ele>1456</ele></trkpt><trkpt lat="41.02353" lon="-3.80881"><ele>1459</ele></trkpt><trkpt lat="41.02368" lon="-3.80894"><ele>1463</ele></trkpt><trkpt lat="41.02379" lon="-3.809"><ele>1465</ele></trkpt><trkpt lat="41.02384" lon="-3.80901"><ele>1465</ele></trkpt><trkpt lat="41.02389" lon="-3.809"><ele>1465</ele></trkpt><trkpt lat="41.02397" lon="-3.80896"><ele>1463</ele></trkpt><trkpt lat="41.02439" lon="-3.80857"><ele>1452</ele></trkpt><trkpt lat="41.02468" lon="-3.80832"><ele>1448</ele></trkpt><trkpt lat="41.02485" lon="-3.80819"><ele>1447</ele></trkpt><trkpt lat="41.02497" lon="-3.80815"><ele>1447</ele></trkpt><trkpt lat="41.02506" lon="-3.80814"><ele>1447</ele></trkpt><trkpt lat="41.02515" lon="-3.80813"><ele>1447</ele></trkpt><trkpt lat="41.02525" lon="-3.80813"><ele>1446</ele></trkpt><trkpt lat="41.02536" lon="-3.80815"><ele>1446</ele></trkpt><trkpt lat="41.02559" lon="-3.8082"><ele>1447</ele></trkpt><trkpt lat="41.02613" lon="-3.80823"><ele>1444</ele></trkpt><trkpt lat="41.02659" lon="-3.8082"><ele>1439</ele></trkpt><trkpt lat="41.02684" lon="-3.80818"><ele>1436</ele></trkpt><trkpt lat="41.02725" lon="-3.80831"><ele>1434</ele></trkpt><trkpt lat="41.02732" lon="-3.80836"><ele>1434</ele></trkpt><trkpt lat="41.02749" lon="-3.80847"><ele>1434</ele></trkpt><trkpt lat="41.0276" lon="-3.80859"><ele>1434</ele></trkpt><trkpt lat="41.02763" lon="-3.80864"><ele>1434</ele></trkpt><trkpt lat="41.02765" lon="-3.80868"><ele>1434</ele></trkpt><trkpt lat="41.02776" lon="-3.80897"><ele>1437</ele></trkpt><trkpt lat="41.02803" lon="-3.80967"><ele>1441</ele></trkpt><trkpt lat="41.0281" lon="-3.80981"><ele>1441</ele></trkpt><trkpt lat="41.02815" lon="-3.80991"><ele>1441</ele></trkpt><trkpt lat="41.02819" lon="-3.80996"><ele>1441</ele></trkpt><trkpt lat="41.02823" lon="-3.81"><ele>1441</ele></trkpt><trkpt lat="41.02825" lon="-3.81001"><ele>1440</ele></trkpt><trkpt lat="41.02828" lon="-3.81002"><ele>1440</ele></trkpt><trkpt lat="41.0283" lon="-3.81002"><ele>1439</ele></trkpt><trkpt lat="41.02833" lon="-3.81002"><ele>1438</ele></trkpt><trkpt lat="41.02835" lon="-3.81001"><ele>1438</ele></trkpt><trkpt lat="41.0284" lon="-3.80998"><ele>1437</ele></trkpt><trkpt lat="41.02842" lon="-3.80996"><ele>1437</ele></trkpt><trkpt lat="41.02854" lon="-3.80978"><ele>1433</ele></trkpt><trkpt lat="41.02872" lon="-3.80954"><ele>1429</ele></trkpt><trkpt lat="41.02886" lon="-3.80941"><ele>1426</ele></trkpt><trkpt lat="41.02892" lon="-3.80938"><ele>1425</ele></trkpt><trkpt lat="41.02899" lon="-3.80936"><ele>1424</ele></trkpt><trkpt lat="41.02912" lon="-3.80937"><ele>1424</ele></trkpt><trkpt lat="41.02924" lon="-3.80939"><ele>1423</ele></trkpt><trkpt lat="41.02934" lon="-3.80942"><ele>1422</ele></trkpt><trkpt lat="41.0294" lon="-3.80944"><ele>1422</ele></trkpt><trkpt lat="41.0295" lon="-3.80951"><ele>1422</ele></trkpt><trkpt lat="41.02957" lon="-3.80958"><ele>1422</ele></trkpt><trkpt lat="41.02966" lon="-3.8097"><ele>1423</ele></trkpt><trkpt lat="41.02974" lon="-3.80984"><ele>1424</ele></trkpt><trkpt lat="41.02982" lon="-3.80994"><ele>1425</ele></trkpt><trkpt lat="41.02989" lon="-3.81001"><ele>1425</ele></trkpt><trkpt lat="41.02996" lon="-3.81005"><ele>1425</ele></trkpt><trkpt lat="41.03009" lon="-3.81012"><ele>1424</ele></trkpt><trkpt lat="41.03034" lon="-3.81019"><ele>1421</ele></trkpt><trkpt lat="41.03063" lon="-3.81027"><ele>1418</ele></trkpt><trkpt lat="41.03073" lon="-3.8103"><ele>1417</ele></trkpt><trkpt lat="41.03086" lon="-3.81031"><ele>1415</ele></trkpt><trkpt lat="41.03094" lon="-3.8103"><ele>1414</ele></trkpt><trkpt lat="41.03122" lon="-3.81022"><ele>1410</ele></trkpt><trkpt lat="41.03143" lon="-3.81015"><ele>1406</ele></trkpt><trkpt lat="41.03199" lon="-3.80998"><ele>1398</ele></trkpt><trkpt lat="41.03258" lon="-3.8098"><ele>1393</ele></trkpt><trkpt lat="41.0328" lon="-3.80971"><ele>1391</ele></trkpt><trkpt lat="41.03296" lon="-3.80963"><ele>1390</ele></trkpt><trkpt lat="41.03367" lon="-3.80927"><ele>1380</ele></trkpt><trkpt lat="41.03427" lon="-3.80896"><ele>1370</ele></trkpt><trkpt lat="41.0344" lon="-3.80891"><ele>1368</ele></trkpt><trkpt lat="41.0345" lon="-3.80891"><ele>1367</ele></trkpt><trkpt lat="41.03456" lon="-3.80891"><ele>1367</ele></trkpt><trkpt lat="41.03462" lon="-3.80894"><ele>1367</ele></trkpt><trkpt lat="41.03467" lon="-3.80898"><ele>1367</ele></trkpt><trkpt lat="41.03473" lon="-3.80903"><ele>1367</ele></trkpt><trkpt lat="41.03492" lon="-3.80927"><ele>1370</ele></trkpt><trkpt lat="41.03498" lon="-3.80935"><ele>1371</ele></trkpt><trkpt lat="41.03507" lon="-3.80942"><ele>1372</ele></trkpt><trkpt lat="41.03513" lon="-3.80944"><ele>1372</ele></trkpt><trkpt lat="41.03517" lon="-3.80945"><ele>1371</ele></trkpt><trkpt lat="41.03522" lon="-3.80945"><ele>1371</ele></trkpt><trkpt lat="41.03538" lon="-3.80941"><ele>1370</ele></trkpt><trkpt lat="41.03582" lon="-3.80928"><ele>1366</ele></trkpt><trkpt lat="41.03635" lon="-3.80911"><ele>1361</ele></trkpt><trkpt lat="41.03659" lon="-3.80907"><ele>1360</ele></trkpt><trkpt lat="41.03677" lon="-3.80908"><ele>1359</ele></trkpt><trkpt lat="41.03711" lon="-3.80912"><ele>1357</ele></trkpt><trkpt lat="41.03918" lon="-3.80953"><ele>1343</ele></trkpt><trkpt lat="41.03941" lon="-3.80959"><ele>1342</ele></trkpt><trkpt lat="41.03951" lon="-3.80966"><ele>1341</ele></trkpt><trkpt lat="41.03977" lon="-3.8099"><ele>1341</ele></trkpt><trkpt lat="41.0398" lon="-3.80992"><ele>1341</ele></trkpt><trkpt lat="41.03985" lon="-3.80994"><ele>1341</ele></trkpt><trkpt lat="41.03989" lon="-3.80995"><ele>1340</ele></trkpt><trkpt lat="41.04012" lon="-3.80996"><ele>1338</ele></trkpt><trkpt lat="41.04155" lon="-3.8095"><ele>1323</ele></trkpt><trkpt lat="41.04178" lon="-3.80945"><ele>1321</ele></trkpt><trkpt lat="41.04179" lon="-3.80945"><ele>1321</ele></trkpt><trkpt lat="41.04203" lon="-3.80945"><ele>1319</ele></trkpt><trkpt lat="41.04224" lon="-3.80952"><ele>1318</ele></trkpt><trkpt lat="41.04347" lon="-3.8103"><ele>1309</ele></trkpt><trkpt lat="41.04478" lon="-3.81111"><ele>1301</ele></trkpt><trkpt lat="41.04579" lon="-3.81174"><ele>1298</ele></trkpt><trkpt lat="41.04628" lon="-3.81208"><ele>1297</ele></trkpt><trkpt lat="41.04638" lon="-3.81217"><ele>1296</ele></trkpt><trkpt lat="41.04655" lon="-3.8124"><ele>1295</ele></trkpt><trkpt lat="41.04761" lon="-3.81481"><ele>1282</ele></trkpt><trkpt lat="41.04777" lon="-3.81518"><ele>1280</ele></trkpt><trkpt lat="41.04797" lon="-3.81564"><ele>1278</ele></trkpt><trkpt lat="41.04832" lon="-3.8164"><ele>1275</ele></trkpt><trkpt lat="41.04858" lon="-3.81689"><ele>1273</ele></trkpt><trkpt lat="41.04878" lon="-3.81725"><ele>1270</ele></trkpt><trkpt lat="41.04904" lon="-3.81764"><ele>1267</ele></trkpt><trkpt lat="41.04922" lon="-3.81787"><ele>1265</ele></trkpt><trkpt lat="41.0494" lon="-3.81808"><ele>1263</ele></trkpt><trkpt lat="41.0499" lon="-3.8187"><ele>1260</ele></trkpt><trkpt lat="41.04991" lon="-3.81871"><ele>1260</ele></trkpt><trkpt lat="41.05007" lon="-3.81892"><ele>1259</ele></trkpt><trkpt lat="41.05096" lon="-3.82003"><ele>1255</ele></trkpt><trkpt lat="41.05124" lon="-3.8204"><ele>1251</ele></trkpt><trkpt lat="41.05131" lon="-3.82046"><ele>1250</ele></trkpt><trkpt lat="41.05137" lon="-3.82052"><ele>1250</ele></trkpt><trkpt lat="41.05147" lon="-3.82057"><ele>1249</ele></trkpt><trkpt lat="41.05152" lon="-3.82059"><ele>1248</ele></trkpt><trkpt lat="41.05159" lon="-3.82058"><ele>1248</ele></trkpt><trkpt lat="41.05164" lon="-3.82058"><ele>1248</ele></trkpt><trkpt lat="41.0517" lon="-3.82056"><ele>1248</ele></trkpt><trkpt lat="41.05185" lon="-3.82046"><ele>1248</ele></trkpt><trkpt lat="41.052" lon="-3.82036"><ele>1247</ele></trkpt><trkpt lat="41.05258" lon="-3.81997"><ele>1247</ele></trkpt><trkpt lat="41.05277" lon="-3.81984"><ele>1246</ele></trkpt><trkpt lat="41.05287" lon="-3.81978"><ele>1245</ele></trkpt><trkpt lat="41.05563" lon="-3.81802"><ele>1230</ele></trkpt><trkpt lat="41.05588" lon="-3.81786"><ele>1228</ele></trkpt><trkpt lat="41.05643" lon="-3.81743"><ele>1224</ele></trkpt><trkpt lat="41.05666" lon="-3.81719"><ele>1222</ele></trkpt><trkpt lat="41.05714" lon="-3.81665"><ele>1219</ele></trkpt><trkpt lat="41.05973" lon="-3.81336"><ele>1213</ele></trkpt><trkpt lat="41.06085" lon="-3.81199"><ele>1212</ele></trkpt><trkpt lat="41.06107" lon="-3.81175"><ele>1211</ele></trkpt><trkpt lat="41.06117" lon="-3.81166"><ele>1211</ele></trkpt><trkpt lat="41.06119" lon="-3.81165"><ele>1211</ele></trkpt><trkpt lat="41.06123" lon="-3.81162"><ele>1211</ele></trkpt><trkpt lat="41.06125" lon="-3.81159"><ele>1211</ele></trkpt><trkpt lat="41.06159" lon="-3.81152"><ele>1210</ele></trkpt><trkpt lat="41.06394" lon="-3.81155"><ele>1203</ele></trkpt><trkpt lat="41.06437" lon="-3.81156"><ele>1203</ele></trkpt><trkpt lat="41.0647" lon="-3.81156"><ele>1203</ele></trkpt><trkpt lat="41.06654" lon="-3.81156"><ele>1200</ele></trkpt><trkpt lat="41.06666" lon="-3.81158"><ele>1200</ele></trkpt><trkpt lat="41.06675" lon="-3.81162"><ele>1200</ele></trkpt><trkpt lat="41.06678" lon="-3.81163"><ele>1200</ele></trkpt><trkpt lat="41.06738" lon="-3.81215"><ele>1197</ele></trkpt><trkpt lat="41.06809" lon="-3.81266"><ele>1194</ele></trkpt><trkpt lat="41.06814" lon="-3.81271"><ele>1194</ele></trkpt><trkpt lat="41.06817" lon="-3.81276"><ele>1194</ele></trkpt><trkpt lat="41.06821" lon="-3.81283"><ele>1193</ele></trkpt><trkpt lat="41.06826" lon="-3.81293"><ele>1193</ele></trkpt><trkpt lat="41.06882" lon="-3.81443"><ele>1189</ele></trkpt><trkpt lat="41.06882" lon="-3.81443"><ele>1189</ele></trkpt><trkpt lat="41.06885" lon="-3.81449"><ele>1189</ele></trkpt><trkpt lat="41.06895" lon="-3.81472"><ele>1189</ele></trkpt><trkpt lat="41.06899" lon="-3.81481"><ele>1189</ele></trkpt><trkpt lat="41.06886" lon="-3.81499"><ele>1189</ele></trkpt><trkpt lat="41.06867" lon="-3.81528"><ele>1189</ele></trkpt><trkpt lat="41.06842" lon="-3.81567"><ele>1188</ele></trkpt><trkpt lat="41.06836" lon="-3.81577"><ele>1187</ele></trkpt><trkpt lat="41.06804" lon="-3.81631"><ele>1187</ele></trkpt><trkpt lat="41.06794" lon="-3.81641"><ele>1186</ele></trkpt><trkpt lat="41.06778" lon="-3.81671"><ele>1186</ele></trkpt><trkpt lat="41.06745" lon="-3.81741"><ele>1185</ele></trkpt><trkpt lat="41.0674" lon="-3.81751"><ele>1185</ele></trkpt><trkpt lat="41.06712" lon="-3.81809"><ele>1183</ele></trkpt><trkpt lat="41.06584" lon="-3.82097"><ele>1173</ele></trkpt><trkpt lat="41.06548" lon="-3.82176"><ele>1171</ele></trkpt><trkpt lat="41.06542" lon="-3.82188"><ele>1170</ele></trkpt><trkpt lat="41.06528" lon="-3.82222"><ele>1170</ele></trkpt><trkpt lat="41.06502" lon="-3.82286"><ele>1167</ele></trkpt><trkpt lat="41.06485" lon="-3.82331"><ele>1165</ele></trkpt><trkpt lat="41.06469" lon="-3.82381"><ele>1164</ele></trkpt><trkpt lat="41.06461" lon="-3.82406"><ele>1164</ele></trkpt><trkpt lat="41.06451" lon="-3.82442"><ele>1163</ele></trkpt><trkpt lat="41.06442" lon="-3.82485"><ele>1162</ele></trkpt><trkpt lat="41.06433" lon="-3.82526"><ele>1162</ele></trkpt><trkpt lat="41.06432" lon="-3.82531"><ele>1162</ele></trkpt><trkpt lat="41.06432" lon="-3.82532"><ele>1162</ele></trkpt><trkpt lat="41.06425" lon="-3.82566"><ele>1162</ele></trkpt><trkpt lat="41.06422" lon="-3.82585"><ele>1162</ele></trkpt><trkpt lat="41.06413" lon="-3.82649"><ele>1163</ele></trkpt><trkpt lat="41.06412" lon="-3.82667"><ele>1164</ele></trkpt><trkpt lat="41.06411" lon="-3.82675"><ele>1164</ele></trkpt><trkpt lat="41.06409" lon="-3.82713"><ele>1165</ele></trkpt><trkpt lat="41.06402" lon="-3.82861"><ele>1170</ele></trkpt><trkpt lat="41.06397" lon="-3.83007"><ele>1173</ele></trkpt><trkpt lat="41.06396" lon="-3.83103"><ele>1176</ele></trkpt><trkpt lat="41.06397" lon="-3.83117"><ele>1176</ele></trkpt><trkpt lat="41.06399" lon="-3.83128"><ele>1175</ele></trkpt><trkpt lat="41.06399" lon="-3.83166"><ele>1175</ele></trkpt><trkpt lat="41.06398" lon="-3.83284"><ele>1178</ele></trkpt><trkpt lat="41.06398" lon="-3.83327"><ele>1179</ele></trkpt><trkpt lat="41.06398" lon="-3.83336"><ele>1179</ele></trkpt><trkpt lat="41.06398" lon="-3.83365"><ele>1179</ele></trkpt><trkpt lat="41.06397" lon="-3.83367"><ele>1179</ele></trkpt><trkpt lat="41.06397" lon="-3.8338"><ele>1179</ele></trkpt><trkpt lat="41.06393" lon="-3.83488"><ele>1180</ele></trkpt><trkpt lat="41.06392" lon="-3.8351"><ele>1180</ele></trkpt><trkpt lat="41.06387" lon="-3.83617"><ele>1180</ele></trkpt><trkpt lat="41.06384" lon="-3.8364"><ele>1180</ele></trkpt><trkpt lat="41.06384" lon="-3.83647"><ele>1180</ele></trkpt><trkpt lat="41.0638" lon="-3.83797"><ele>1181</ele></trkpt><trkpt lat="41.06377" lon="-3.83935"><ele>1182</ele></trkpt><trkpt lat="41.06373" lon="-3.84069"><ele>1185</ele></trkpt><trkpt lat="41.06376" lon="-3.84199"><ele>1188</ele></trkpt><trkpt lat="41.06377" lon="-3.84209"><ele>1188</ele></trkpt><trkpt lat="41.06379" lon="-3.84233"><ele>1188</ele></trkpt><trkpt lat="41.06389" lon="-3.84342"><ele>1191</ele></trkpt><trkpt lat="41.06406" lon="-3.84482"><ele>1190</ele></trkpt><trkpt lat="41.06411" lon="-3.84509"><ele>1190</ele></trkpt><trkpt lat="41.06424" lon="-3.84608"><ele>1193</ele></trkpt><trkpt lat="41.06441" lon="-3.84746"><ele>1200</ele></trkpt><trkpt lat="41.06449" lon="-3.8489"><ele>1204</ele></trkpt><trkpt lat="41.0645" lon="-3.84922"><ele>1205</ele></trkpt><trkpt lat="41.06451" lon="-3.85038"><ele>1208</ele></trkpt><trkpt lat="41.06448" lon="-3.85094"><ele>1211</ele></trkpt><trkpt lat="41.06435" lon="-3.85235"><ele>1214</ele></trkpt><trkpt lat="41.06415" lon="-3.85371"><ele>1217</ele></trkpt><trkpt lat="41.06407" lon="-3.85417"><ele>1217</ele></trkpt><trkpt lat="41.06394" lon="-3.85473"><ele>1220</ele></trkpt><trkpt lat="41.06324" lon="-3.85748"><ele>1222</ele></trkpt><trkpt lat="41.06314" lon="-3.85787"><ele>1223</ele></trkpt><trkpt lat="41.06311" lon="-3.858"><ele>1224</ele></trkpt><trkpt lat="41.06311" lon="-3.85802"><ele>1224</ele></trkpt><trkpt lat="41.06307" lon="-3.85817"><ele>1224</ele></trkpt><trkpt lat="41.06262" lon="-3.85989"><ele>1230</ele></trkpt><trkpt lat="41.06181" lon="-3.86304"><ele>1234</ele></trkpt><trkpt lat="41.06103" lon="-3.86597"><ele>1242</ele></trkpt><trkpt lat="41.06056" lon="-3.86787"><ele>1240</ele></trkpt><trkpt lat="41.06035" lon="-3.86867"><ele>1240</ele></trkpt><trkpt lat="41.06017" lon="-3.86948"><ele>1238</ele></trkpt><trkpt lat="41.06002" lon="-3.87025"><ele>1236</ele></trkpt><trkpt lat="41.05988" lon="-3.87139"><ele>1231</ele></trkpt><trkpt lat="41.05981" lon="-3.8723"><ele>1228</ele></trkpt><trkpt lat="41.05977" lon="-3.87324"><ele>1228</ele></trkpt><trkpt lat="41.05978" lon="-3.87401"><ele>1231</ele></trkpt><trkpt lat="41.0598" lon="-3.87466"><ele>1231</ele></trkpt><trkpt lat="41.05986" lon="-3.87546"><ele>1226</ele></trkpt><trkpt lat="41.05994" lon="-3.87615"><ele>1220</ele></trkpt><trkpt lat="41.06008" lon="-3.87698"><ele>1214</ele></trkpt><trkpt lat="41.06026" lon="-3.87786"><ele>1210</ele></trkpt><trkpt lat="41.06038" lon="-3.87834"><ele>1208</ele></trkpt><trkpt lat="41.06045" lon="-3.87864"><ele>1207</ele></trkpt><trkpt lat="41.06059" lon="-3.87917"><ele>1205</ele></trkpt><trkpt lat="41.06081" lon="-3.87982"><ele>1203</ele></trkpt><trkpt lat="41.061" lon="-3.88035"><ele>1202</ele></trkpt><trkpt lat="41.06109" lon="-3.88057"><ele>1202</ele></trkpt><trkpt lat="41.06115" lon="-3.88072"><ele>1202</ele></trkpt><trkpt lat="41.06122" lon="-3.8809"><ele>1202</ele></trkpt><trkpt lat="41.0617" lon="-3.88198"><ele>1198</ele></trkpt><trkpt lat="41.06206" lon="-3.88268"><ele>1195</ele></trkpt><trkpt lat="41.06229" lon="-3.88317"><ele>1193</ele></trkpt><trkpt lat="41.06245" lon="-3.88352"><ele>1192</ele></trkpt><trkpt lat="41.06262" lon="-3.88392"><ele>1191</ele></trkpt><trkpt lat="41.06263" lon="-3.88397"><ele>1190</ele></trkpt><trkpt lat="41.06276" lon="-3.88431"><ele>1190</ele></trkpt><trkpt lat="41.06286" lon="-3.88463"><ele>1191</ele></trkpt><trkpt lat="41.06299" lon="-3.88513"><ele>1191</ele></trkpt><trkpt lat="41.06304" lon="-3.88538"><ele>1190</ele></trkpt><trkpt lat="41.06309" lon="-3.88568"><ele>1189</ele></trkpt><trkpt lat="41.06313" lon="-3.88603"><ele>1188</ele></trkpt><trkpt lat="41.06317" lon="-3.88618"><ele>1188</ele></trkpt><trkpt lat="41.06322" lon="-3.88657"><ele>1188</ele></trkpt><trkpt lat="41.06324" lon="-3.88674"><ele>1187</ele></trkpt><trkpt lat="41.06325" lon="-3.88691"><ele>1187</ele></trkpt><trkpt lat="41.06326" lon="-3.8873"><ele>1187</ele></trkpt><trkpt lat="41.06326" lon="-3.88754"><ele>1187</ele></trkpt><trkpt lat="41.06324" lon="-3.88784"><ele>1187</ele></trkpt><trkpt lat="41.06319" lon="-3.88822"><ele>1187</ele></trkpt><trkpt lat="41.06318" lon="-3.88838"><ele>1187</ele></trkpt><trkpt lat="41.06307" lon="-3.88906"><ele>1188</ele></trkpt><trkpt lat="41.06302" lon="-3.88927"><ele>1188</ele></trkpt><trkpt lat="41.06296" lon="-3.88956"><ele>1188</ele></trkpt><trkpt lat="41.06288" lon="-3.88981"><ele>1187</ele></trkpt><trkpt lat="41.06286" lon="-3.8899"><ele>1187</ele></trkpt><trkpt lat="41.06272" lon="-3.8903"><ele>1188</ele></trkpt><trkpt lat="41.06252" lon="-3.89078"><ele>1189</ele></trkpt><trkpt lat="41.06231" lon="-3.89121"><ele>1189</ele></trkpt><trkpt lat="41.0622" lon="-3.8913"><ele>1189</ele></trkpt><trkpt lat="41.06066" lon="-3.89416"><ele>1192</ele></trkpt><trkpt lat="41.06029" lon="-3.89482"><ele>1192</ele></trkpt><trkpt lat="41.06001" lon="-3.89525"><ele>1193</ele></trkpt><trkpt lat="41.05986" lon="-3.89546"><ele>1193</ele></trkpt><trkpt lat="41.05963" lon="-3.89576"><ele>1192</ele></trkpt><trkpt lat="41.05951" lon="-3.89594"><ele>1192</ele></trkpt><trkpt lat="41.05935" lon="-3.8962"><ele>1192</ele></trkpt><trkpt lat="41.05915" lon="-3.8966"><ele>1192</ele></trkpt><trkpt lat="41.05907" lon="-3.8968"><ele>1192</ele></trkpt><trkpt lat="41.05869" lon="-3.8978"><ele>1191</ele></trkpt><trkpt lat="41.05851" lon="-3.89816"><ele>1191</ele></trkpt><trkpt lat="41.05828" lon="-3.8985"><ele>1191</ele></trkpt><trkpt lat="41.05795" lon="-3.8989"><ele>1191</ele></trkpt><trkpt lat="41.05758" lon="-3.89935"><ele>1191</ele></trkpt><trkpt lat="41.057" lon="-3.90001"><ele>1193</ele></trkpt><trkpt lat="41.05656" lon="-3.90056"><ele>1195</ele></trkpt><trkpt lat="41.0561" lon="-3.90118"><ele>1195</ele></trkpt><trkpt lat="41.05587" lon="-3.90154"><ele>1195</ele></trkpt><trkpt lat="41.05553" lon="-3.90211"><ele>1195</ele></trkpt><trkpt lat="41.05537" lon="-3.90237"><ele>1195</ele></trkpt><trkpt lat="41.05513" lon="-3.90273"><ele>1196</ele></trkpt><trkpt lat="41.05458" lon="-3.90349"><ele>1195</ele></trkpt><trkpt lat="41.05344" lon="-3.90508"><ele>1197</ele></trkpt><trkpt lat="41.05276" lon="-3.90597"><ele>1199</ele></trkpt><trkpt lat="41.05247" lon="-3.90637"><ele>1200</ele></trkpt><trkpt lat="41.0522" lon="-3.90672"><ele>1201</ele></trkpt><trkpt lat="41.05099" lon="-3.90841"><ele>1200</ele></trkpt><trkpt lat="41.05071" lon="-3.90877"><ele>1202</ele></trkpt><trkpt lat="41.05031" lon="-3.90922"><ele>1203</ele></trkpt><trkpt lat="41.05019" lon="-3.90936"><ele>1203</ele></trkpt><trkpt lat="41.04966" lon="-3.9099"><ele>1204</ele></trkpt><trkpt lat="41.04903" lon="-3.91049"><ele>1205</ele></trkpt><trkpt lat="41.04831" lon="-3.91107"><ele>1207</ele></trkpt><trkpt lat="41.04802" lon="-3.9113"><ele>1207</ele></trkpt><trkpt lat="41.04693" lon="-3.91217"><ele>1208</ele></trkpt><trkpt lat="41.04603" lon="-3.91288"><ele>1210</ele></trkpt><trkpt lat="41.04534" lon="-3.91343"><ele>1212</ele></trkpt><trkpt lat="41.04463" lon="-3.91399"><ele>1213</ele></trkpt><trkpt lat="41.04343" lon="-3.91495"><ele>1215</ele></trkpt><trkpt lat="41.04339" lon="-3.91499"><ele>1215</ele></trkpt><trkpt lat="41.04314" lon="-3.91517"><ele>1215</ele></trkpt><trkpt lat="41.04258" lon="-3.91548"><ele>1216</ele></trkpt><trkpt lat="41.04231" lon="-3.91563"><ele>1217</ele></trkpt><trkpt lat="41.04227" lon="-3.91565"><ele>1217</ele></trkpt><trkpt lat="41.04143" lon="-3.91614"><ele>1218</ele></trkpt><trkpt lat="41.04091" lon="-3.91643"><ele>1218</ele></trkpt><trkpt lat="41.04064" lon="-3.9166"><ele>1218</ele></trkpt><trkpt lat="41.04043" lon="-3.91675"><ele>1219</ele></trkpt><trkpt lat="41.03976" lon="-3.9173"><ele>1221</ele></trkpt><trkpt lat="41.03965" lon="-3.91738"><ele>1221</ele></trkpt><trkpt lat="41.03956" lon="-3.91744"><ele>1222</ele></trkpt><trkpt lat="41.03943" lon="-3.9175"><ele>1222</ele></trkpt><trkpt lat="41.03933" lon="-3.91754"><ele>1223</ele></trkpt><trkpt lat="41.03919" lon="-3.91759"><ele>1223</ele></trkpt><trkpt lat="41.03878" lon="-3.9178"><ele>1224</ele></trkpt><trkpt lat="41.03873" lon="-3.91784"><ele>1224</ele></trkpt><trkpt lat="41.03861" lon="-3.91793"><ele>1225</ele></trkpt><trkpt lat="41.03855" lon="-3.91798"><ele>1225</ele></trkpt><trkpt lat="41.03843" lon="-3.9181"><ele>1225</ele></trkpt><trkpt lat="41.03832" lon="-3.91824"><ele>1225</ele></trkpt><trkpt lat="41.03828" lon="-3.9183"><ele>1225</ele></trkpt><trkpt lat="41.03822" lon="-3.91839"><ele>1225</ele></trkpt><trkpt lat="41.03816" lon="-3.91849"><ele>1225</ele></trkpt><trkpt lat="41.0381" lon="-3.91862"><ele>1225</ele></trkpt><trkpt lat="41.03805" lon="-3.91874"><ele>1225</ele></trkpt><trkpt lat="41.03798" lon="-3.91894"><ele>1225</ele></trkpt><trkpt lat="41.03794" lon="-3.91905"><ele>1225</ele></trkpt><trkpt lat="41.03778" lon="-3.91967"><ele>1223</ele></trkpt><trkpt lat="41.03775" lon="-3.91978"><ele>1222</ele></trkpt><trkpt lat="41.03769" lon="-3.92"><ele>1221</ele></trkpt><trkpt lat="41.03769" lon="-3.92002"><ele>1221</ele></trkpt><trkpt lat="41.03753" lon="-3.92069"><ele>1221</ele></trkpt><trkpt lat="41.03749" lon="-3.92088"><ele>1221</ele></trkpt><trkpt lat="41.03737" lon="-3.92134"><ele>1220</ele></trkpt><trkpt lat="41.03716" lon="-3.92211"><ele>1219</ele></trkpt><trkpt lat="41.037" lon="-3.92274"><ele>1218</ele></trkpt><trkpt lat="41.03678" lon="-3.92354"><ele>1217</ele></trkpt><trkpt lat="41.03678" lon="-3.92355"><ele>1216</ele></trkpt><trkpt lat="41.03675" lon="-3.92368"><ele>1216</ele></trkpt><trkpt lat="41.03621" lon="-3.92573"><ele>1210</ele></trkpt><trkpt lat="41.03555" lon="-3.92827"><ele>1207</ele></trkpt><trkpt lat="41.03545" lon="-3.92861"><ele>1206</ele></trkpt><trkpt lat="41.03538" lon="-3.92886"><ele>1205</ele></trkpt><trkpt lat="41.03526" lon="-3.92923"><ele>1204</ele></trkpt><trkpt lat="41.03518" lon="-3.92952"><ele>1203</ele></trkpt><trkpt lat="41.03512" lon="-3.9297"><ele>1202</ele></trkpt><trkpt lat="41.03475" lon="-3.93098"><ele>1199</ele></trkpt><trkpt lat="41.03466" lon="-3.93129"><ele>1199</ele></trkpt><trkpt lat="41.0346" lon="-3.93148"><ele>1198</ele></trkpt><trkpt lat="41.03454" lon="-3.93166"><ele>1198</ele></trkpt><trkpt lat="41.03448" lon="-3.93181"><ele>1197</ele></trkpt><trkpt lat="41.03438" lon="-3.93204"><ele>1196</ele></trkpt><trkpt lat="41.03422" lon="-3.9323"><ele>1195</ele></trkpt><trkpt lat="41.03412" lon="-3.93245"><ele>1194</ele></trkpt><trkpt lat="41.03401" lon="-3.93261"><ele>1194</ele></trkpt><trkpt lat="41.03271" lon="-3.93432"><ele>1188</ele></trkpt><trkpt lat="41.0319" lon="-3.93543"><ele>1184</ele></trkpt><trkpt lat="41.03187" lon="-3.93555"><ele>1184</ele></trkpt><trkpt lat="41.03144" lon="-3.93625"><ele>1180</ele></trkpt><trkpt lat="41.03133" lon="-3.93645"><ele>1179</ele></trkpt><trkpt lat="41.03111" lon="-3.93685"><ele>1178</ele></trkpt><trkpt lat="41.03108" lon="-3.93691"><ele>1178</ele></trkpt><trkpt lat="41.03088" lon="-3.93732"><ele>1177</ele></trkpt><trkpt lat="41.03081" lon="-3.93745"><ele>1177</ele></trkpt><trkpt lat="41.03066" lon="-3.9378"><ele>1176</ele></trkpt><trkpt lat="41.03039" lon="-3.93847"><ele>1174</ele></trkpt><trkpt lat="41.03032" lon="-3.93867"><ele>1174</ele></trkpt><trkpt lat="41.03009" lon="-3.9393"><ele>1173</ele></trkpt><trkpt lat="41.02999" lon="-3.93947"><ele>1173</ele></trkpt><trkpt lat="41.02991" lon="-3.93969"><ele>1172</ele></trkpt><trkpt lat="41.02952" lon="-3.94097"><ele>1171</ele></trkpt><trkpt lat="41.02951" lon="-3.94102"><ele>1171</ele></trkpt><trkpt lat="41.02902" lon="-3.94258"><ele>1166</ele></trkpt><trkpt lat="41.02889" lon="-3.94301"><ele>1165</ele></trkpt><trkpt lat="41.02861" lon="-3.94394"><ele>1164</ele></trkpt><trkpt lat="41.02837" lon="-3.94455"><ele>1163</ele></trkpt><trkpt lat="41.02795" lon="-3.94551"><ele>1161</ele></trkpt><trkpt lat="41.02767" lon="-3.94609"><ele>1159</ele></trkpt><trkpt lat="41.02684" lon="-3.94766"><ele>1155</ele></trkpt><trkpt lat="41.02626" lon="-3.94883"><ele>1150</ele></trkpt><trkpt lat="41.02572" lon="-3.94985"><ele>1147</ele></trkpt><trkpt lat="41.02548" lon="-3.95049"><ele>1146</ele></trkpt><trkpt lat="41.0254" lon="-3.95073"><ele>1146</ele></trkpt><trkpt lat="41.02532" lon="-3.95096"><ele>1146</ele></trkpt><trkpt lat="41.02452" lon="-3.95407"><ele>1149</ele></trkpt><trkpt lat="41.02415" lon="-3.95553"><ele>1154</ele></trkpt><trkpt lat="41.02413" lon="-3.95558"><ele>1154</ele></trkpt><trkpt lat="41.02412" lon="-3.95562"><ele>1154</ele></trkpt><trkpt lat="41.02386" lon="-3.9567"><ele>1158</ele></trkpt><trkpt lat="41.02345" lon="-3.95839"><ele>1161</ele></trkpt><trkpt lat="41.02331" lon="-3.95877"><ele>1162</ele></trkpt><trkpt lat="41.0232" lon="-3.95907"><ele>1163</ele></trkpt><trkpt lat="41.02307" lon="-3.95934"><ele>1163</ele></trkpt><trkpt lat="41.02277" lon="-3.9599"><ele>1163</ele></trkpt><trkpt lat="41.02217" lon="-3.96101"><ele>1163</ele></trkpt><trkpt lat="41.02111" lon="-3.96301"><ele>1162</ele></trkpt><trkpt lat="41.01873" lon="-3.96748"><ele>1159</ele></trkpt><trkpt lat="41.01764" lon="-3.96955"><ele>1162</ele></trkpt><trkpt lat="41.01691" lon="-3.97092"><ele>1160</ele></trkpt><trkpt lat="41.01569" lon="-3.97329"><ele>1153</ele></trkpt><trkpt lat="41.01398" lon="-3.97641"><ele>1147</ele></trkpt><trkpt lat="41.01367" lon="-3.97702"><ele>1147</ele></trkpt><trkpt lat="41.01349" lon="-3.97735"><ele>1147</ele></trkpt><trkpt lat="41.01348" lon="-3.97736"><ele>1147</ele></trkpt><trkpt lat="41.01259" lon="-3.97908"><ele>1141</ele></trkpt><trkpt lat="41.01255" lon="-3.97916"><ele>1141</ele></trkpt><trkpt lat="41.01231" lon="-3.97958"><ele>1141</ele></trkpt><trkpt lat="41.01179" lon="-3.98056"><ele>1141</ele></trkpt><trkpt lat="41.01161" lon="-3.98091"><ele>1141</ele></trkpt><trkpt lat="41.01127" lon="-3.98154"><ele>1139</ele></trkpt><trkpt lat="41.01126" lon="-3.98156"><ele>1139</ele></trkpt><trkpt lat="41.01105" lon="-3.98197"><ele>1138</ele></trkpt><trkpt lat="41.011" lon="-3.98213"><ele>1137</ele></trkpt><trkpt lat="41.01061" lon="-3.9829"><ele>1136</ele></trkpt><trkpt lat="41.01009" lon="-3.98389"><ele>1138</ele></trkpt><trkpt lat="41.00995" lon="-3.98414"><ele>1139</ele></trkpt><trkpt lat="41.00985" lon="-3.98431"><ele>1139</ele></trkpt><trkpt lat="41.00976" lon="-3.9845"><ele>1140</ele></trkpt><trkpt lat="41.00954" lon="-3.98491"><ele>1141</ele></trkpt><trkpt lat="41.00938" lon="-3.98521"><ele>1141</ele></trkpt><trkpt lat="41.00925" lon="-3.98549"><ele>1142</ele></trkpt><trkpt lat="41.0089" lon="-3.98623"><ele>1145</ele></trkpt><trkpt lat="41.00888" lon="-3.98627"><ele>1145</ele></trkpt><trkpt lat="41.00878" lon="-3.98649"><ele>1146</ele></trkpt><trkpt lat="41.00869" lon="-3.98671"><ele>1147</ele></trkpt><trkpt lat="41.00862" lon="-3.98689"><ele>1147</ele></trkpt><trkpt lat="41.00857" lon="-3.98699"><ele>1147</ele></trkpt><trkpt lat="41.00853" lon="-3.98711"><ele>1147</ele></trkpt><trkpt lat="41.00845" lon="-3.98732"><ele>1147</ele></trkpt><trkpt lat="41.00833" lon="-3.98772"><ele>1148</ele></trkpt><trkpt lat="41.00825" lon="-3.98801"><ele>1149</ele></trkpt><trkpt lat="41.00821" lon="-3.98816"><ele>1150</ele></trkpt><trkpt lat="41.00809" lon="-3.98869"><ele>1153</ele></trkpt><trkpt lat="41.00806" lon="-3.98886"><ele>1154</ele></trkpt><trkpt lat="41.00801" lon="-3.98913"><ele>1155</ele></trkpt><trkpt lat="41.00796" lon="-3.98943"><ele>1156</ele></trkpt><trkpt lat="41.00787" lon="-3.99"><ele>1159</ele></trkpt><trkpt lat="41.00783" lon="-3.99029"><ele>1160</ele></trkpt><trkpt lat="41.00779" lon="-3.99063"><ele>1161</ele></trkpt><trkpt lat="41.00768" lon="-3.99147"><ele>1164</ele></trkpt><trkpt lat="41.00765" lon="-3.99177"><ele>1165</ele></trkpt><trkpt lat="41.00749" lon="-3.99305"><ele>1171</ele></trkpt><trkpt lat="41.00736" lon="-3.9941"><ele>1176</ele></trkpt><trkpt lat="41.00725" lon="-3.99498"><ele>1179</ele></trkpt><trkpt lat="41.00712" lon="-3.996"><ele>1185</ele></trkpt><trkpt lat="41.00699" lon="-3.99704"><ele>1189</ele></trkpt><trkpt lat="41.0066" lon="-4.00016"><ele>1187</ele></trkpt><trkpt lat="41.00654" lon="-4.0006"><ele>1187</ele></trkpt><trkpt lat="41.0065" lon="-4.00085"><ele>1187</ele></trkpt><trkpt lat="41.00645" lon="-4.00117"><ele>1185</ele></trkpt><trkpt lat="41.00641" lon="-4.00141"><ele>1184</ele></trkpt><trkpt lat="41.00639" lon="-4.00152"><ele>1184</ele></trkpt><trkpt lat="41.00631" lon="-4.00191"><ele>1182</ele></trkpt><trkpt lat="41.0062" lon="-4.00242"><ele>1180</ele></trkpt><trkpt lat="41.00611" lon="-4.00277"><ele>1179</ele></trkpt><trkpt lat="41.00603" lon="-4.00308"><ele>1178</ele></trkpt><trkpt lat="41.00599" lon="-4.00324"><ele>1177</ele></trkpt><trkpt lat="41.00591" lon="-4.00353"><ele>1176</ele></trkpt><trkpt lat="41.00577" lon="-4.00399"><ele>1173</ele></trkpt><trkpt lat="41.00564" lon="-4.00439"><ele>1171</ele></trkpt><trkpt lat="41.00548" lon="-4.00487"><ele>1169</ele></trkpt><trkpt lat="41.0053" lon="-4.00533"><ele>1167</ele></trkpt><trkpt lat="41.00511" lon="-4.0058"><ele>1164</ele></trkpt><trkpt lat="41.00499" lon="-4.00608"><ele>1163</ele></trkpt><trkpt lat="41.00477" lon="-4.00657"><ele>1160</ele></trkpt><trkpt lat="41.00461" lon="-4.0069"><ele>1158</ele></trkpt><trkpt lat="41.00446" lon="-4.00721"><ele>1157</ele></trkpt><trkpt lat="41.00389" lon="-4.00832"><ele>1151</ele></trkpt><trkpt lat="41.0023" lon="-4.01149"><ele>1143</ele></trkpt><trkpt lat="41.00186" lon="-4.01235"><ele>1143</ele></trkpt><trkpt lat="41.0016" lon="-4.01284"><ele>1143</ele></trkpt><trkpt lat="41.00153" lon="-4.01297"><ele>1143</ele></trkpt><trkpt lat="41.00126" lon="-4.01345"><ele>1142</ele></trkpt><trkpt lat="41.00096" lon="-4.01397"><ele>1142</ele></trkpt><trkpt lat="41.00022" lon="-4.01521"><ele>1142</ele></trkpt><trkpt lat="40.99966" lon="-4.01615"><ele>1148</ele></trkpt><trkpt lat="40.99889" lon="-4.01742"><ele>1144</ele></trkpt><trkpt lat="40.99844" lon="-4.0182"><ele>1145</ele></trkpt><trkpt lat="40.99823" lon="-4.01859"><ele>1146</ele></trkpt><trkpt lat="40.99821" lon="-4.01865"><ele>1146</ele></trkpt><trkpt lat="40.99808" lon="-4.01896"><ele>1147</ele></trkpt><trkpt lat="40.99792" lon="-4.01929"><ele>1147</ele></trkpt><trkpt lat="40.99784" lon="-4.01945"><ele>1148</ele></trkpt><trkpt lat="40.99784" lon="-4.01945"><ele>1148</ele></trkpt><trkpt lat="40.99772" lon="-4.01973"><ele>1148</ele></trkpt><trkpt lat="40.99753" lon="-4.02012"><ele>1149</ele></trkpt><trkpt lat="40.99734" lon="-4.02051"><ele>1150</ele></trkpt><trkpt lat="40.9972" lon="-4.02081"><ele>1150</ele></trkpt><trkpt lat="40.99719" lon="-4.02082"><ele>1150</ele></trkpt><trkpt lat="40.99712" lon="-4.02095"><ele>1150</ele></trkpt><trkpt lat="40.99705" lon="-4.02106"><ele>1150</ele></trkpt><trkpt lat="40.99701" lon="-4.02112"><ele>1150</ele></trkpt><trkpt lat="40.99689" lon="-4.02126"><ele>1150</ele></trkpt><trkpt lat="40.99687" lon="-4.02127"><ele>1150</ele></trkpt><trkpt lat="40.99676" lon="-4.02135"><ele>1151</ele></trkpt><trkpt lat="40.99664" lon="-4.0214"><ele>1151</ele></trkpt><trkpt lat="40.99661" lon="-4.02141"><ele>1151</ele></trkpt><trkpt lat="40.99661" lon="-4.02141"><ele>1151</ele></trkpt><trkpt lat="40.99639" lon="-4.0215"><ele>1151</ele></trkpt><trkpt lat="40.99634" lon="-4.02151"><ele>1151</ele></trkpt><trkpt lat="40.99617" lon="-4.02154"><ele>1150</ele></trkpt><trkpt lat="40.99604" lon="-4.02159"><ele>1150</ele></trkpt><trkpt lat="40.99577" lon="-4.02168"><ele>1150</ele></trkpt><trkpt lat="40.99567" lon="-4.02172"><ele>1150</ele></trkpt><trkpt lat="40.9953" lon="-4.02185"><ele>1149</ele></trkpt><trkpt lat="40.99512" lon="-4.02191"><ele>1149</ele></trkpt><trkpt lat="40.99507" lon="-4.02193"><ele>1149</ele></trkpt><trkpt lat="40.99496" lon="-4.022"><ele>1149</ele></trkpt><trkpt lat="40.99448" lon="-4.02219"><ele>1150</ele></trkpt><trkpt lat="40.99443" lon="-4.02222"><ele>1150</ele></trkpt><trkpt lat="40.99437" lon="-4.02226"><ele>1151</ele></trkpt><trkpt lat="40.99432" lon="-4.0223"><ele>1151</ele></trkpt><trkpt lat="40.99428" lon="-4.02234"><ele>1151</ele></trkpt><trkpt lat="40.99425" lon="-4.02237"><ele>1151</ele></trkpt><trkpt lat="40.99415" lon="-4.02246"><ele>1151</ele></trkpt><trkpt lat="40.99411" lon="-4.02251"><ele>1151</ele></trkpt><trkpt lat="40.99411" lon="-4.02251"><ele>1151</ele></trkpt><trkpt lat="40.99409" lon="-4.02257"><ele>1151</ele></trkpt><trkpt lat="40.9939" lon="-4.02228"><ele>1152</ele></trkpt><trkpt lat="40.9939" lon="-4.02228"><ele>1152</ele></trkpt><trkpt lat="40.9939" lon="-4.02227"><ele>1152</ele></trkpt><trkpt lat="40.9939" lon="-4.02226"><ele>1152</ele></trkpt><trkpt lat="40.99391" lon="-4.02225"><ele>1152</ele></trkpt><trkpt lat="40.99392" lon="-4.02224"><ele>1152</ele></trkpt><trkpt lat="40.99392" lon="-4.02223"><ele>1152</ele></trkpt><trkpt lat="40.99393" lon="-4.02222"><ele>1152</ele></trkpt><trkpt lat="40.99393" lon="-4.02221"><ele>1152</ele></trkpt><trkpt lat="40.99394" lon="-4.0222"><ele>1152</ele></trkpt><trkpt lat="40.99395" lon="-4.02219"><ele>1152</ele></trkpt><trkpt lat="40.99396" lon="-4.02219"><ele>1152</ele></trkpt><trkpt lat="40.99397" lon="-4.02218"><ele>1151</ele></trkpt><trkpt lat="40.99398" lon="-4.02218"><ele>1151</ele></trkpt><trkpt lat="40.99399" lon="-4.02218"><ele>1151</ele></trkpt><trkpt lat="40.994" lon="-4.02218"><ele>1151</ele></trkpt><trkpt lat="40.99401" lon="-4.02218"><ele>1151</ele></trkpt><trkpt lat="40.99402" lon="-4.02218"><ele>1151</ele></trkpt><trkpt lat="40.99403" lon="-4.02218"><ele>1151</ele></trkpt><trkpt lat="40.99404" lon="-4.02219"><ele>1151</ele></trkpt><trkpt lat="40.99404" lon="-4.02219"><ele>1151</ele></trkpt><trkpt lat="40.99409" lon="-4.02217"><ele>1151</ele></trkpt><trkpt lat="40.99428" lon="-4.02215"><ele>1151</ele></trkpt><trkpt lat="40.99439" lon="-4.02216"><ele>1150</ele></trkpt><trkpt lat="40.99455" lon="-4.02209"><ele>1150</ele></trkpt><trkpt lat="40.99476" lon="-4.02201"><ele>1149</ele></trkpt><trkpt lat="40.99497" lon="-4.02195"><ele>1149</ele></trkpt><trkpt lat="40.99507" lon="-4.02193"><ele>1149</ele></trkpt><trkpt lat="40.99512" lon="-4.02191"><ele>1149</ele></trkpt><trkpt lat="40.9953" lon="-4.02185"><ele>1149</ele></trkpt><trkpt lat="40.99567" lon="-4.02172"><ele>1150</ele></trkpt><trkpt lat="40.99577" lon="-4.02168"><ele>1150</ele></trkpt><trkpt lat="40.99604" lon="-4.02159"><ele>1150</ele></trkpt><trkpt lat="40.99617" lon="-4.02154"><ele>1150</ele></trkpt><trkpt lat="40.99633" lon="-4.02145"><ele>1151</ele></trkpt><trkpt lat="40.9964" lon="-4.02143"><ele>1151</ele></trkpt><trkpt lat="40.99655" lon="-4.02137"><ele>1151</ele></trkpt><trkpt lat="40.99664" lon="-4.02134"><ele>1151</ele></trkpt><trkpt lat="40.99671" lon="-4.0213"><ele>1151</ele></trkpt><trkpt lat="40.99685" lon="-4.02119"><ele>1151</ele></trkpt><trkpt lat="40.99693" lon="-4.02111"><ele>1150</ele></trkpt><trkpt lat="40.997" lon="-4.02103"><ele>1150</ele></trkpt><trkpt lat="40.99709" lon="-4.02089"><ele>1150</ele></trkpt><trkpt lat="40.99709" lon="-4.02089"><ele>1150</ele></trkpt><trkpt lat="40.99713" lon="-4.0208"><ele>1150</ele></trkpt><trkpt lat="40.99719" lon="-4.02082"><ele>1150</ele></trkpt><trkpt lat="40.99723" lon="-4.02082"><ele>1150</ele></trkpt><trkpt lat="40.99729" lon="-4.02081"><ele>1150</ele></trkpt><trkpt lat="40.99733" lon="-4.02081"><ele>1150</ele></trkpt><trkpt lat="40.99736" lon="-4.02081"><ele>1150</ele></trkpt><trkpt lat="40.99738" lon="-4.02082"><ele>1150</ele></trkpt><trkpt lat="40.99739" lon="-4.02083"><ele>1150</ele></trkpt><trkpt lat="40.9974" lon="-4.02084"><ele>1150</ele></trkpt><trkpt lat="40.99741" lon="-4.02084"><ele>1150</ele></trkpt><trkpt lat="40.99741" lon="-4.02085"><ele>1150</ele></trkpt><trkpt lat="40.99742" lon="-4.02086"><ele>1150</ele></trkpt><trkpt lat="40.99742" lon="-4.02087"><ele>1150</ele></trkpt><trkpt lat="40.99743" lon="-4.02088"><ele>1150</ele></trkpt><trkpt lat="40.99743" lon="-4.02089"><ele>1150</ele></trkpt><trkpt lat="40.99743" lon="-4.0209"><ele>1150</ele></trkpt><trkpt lat="40.99743" lon="-4.02091"><ele>1150</ele></trkpt><trkpt lat="40.99743" lon="-4.02091"><ele>1150</ele></trkpt><trkpt lat="40.99744" lon="-4.02103"><ele>1149</ele></trkpt><trkpt lat="40.99743" lon="-4.02105"><ele>1149</ele></trkpt><trkpt lat="40.99743" lon="-4.02106"><ele>1149</ele></trkpt><trkpt lat="40.99743" lon="-4.02107"><ele>1149</ele></trkpt><trkpt lat="40.99742" lon="-4.02108"><ele>1149</ele></trkpt><trkpt lat="40.99742" lon="-4.02109"><ele>1149</ele></trkpt><trkpt lat="40.99741" lon="-4.0211"><ele>1149</ele></trkpt><trkpt lat="40.9974" lon="-4.0211"><ele>1149</ele></trkpt><trkpt lat="40.9974" lon="-4.02111"><ele>1149</ele></trkpt><trkpt lat="40.99739" lon="-4.02112"><ele>1149</ele></trkpt><trkpt lat="40.99738" lon="-4.02112"><ele>1150</ele></trkpt><trkpt lat="40.99738" lon="-4.02113"><ele>1149</ele></trkpt><trkpt lat="40.99737" lon="-4.02113"><ele>1150</ele></trkpt><trkpt lat="40.99736" lon="-4.02113"><ele>1150</ele></trkpt><trkpt lat="40.99735" lon="-4.02114"><ele>1150</ele></trkpt><trkpt lat="40.99734" lon="-4.02114"><ele>1150</ele></trkpt><trkpt lat="40.99733" lon="-4.02114"><ele>1150</ele></trkpt><trkpt lat="40.99732" lon="-4.02114"><ele>1150</ele></trkpt><trkpt lat="40.99731" lon="-4.02114"><ele>1150</ele></trkpt><trkpt lat="40.9973" lon="-4.02114"><ele>1150</ele></trkpt><trkpt lat="40.99729" lon="-4.02113"><ele>1150</ele></trkpt><trkpt lat="40.99728" lon="-4.02113"><ele>1150</ele></trkpt><trkpt lat="40.99727" lon="-4.02113"><ele>1150</ele></trkpt><trkpt lat="40.99726" lon="-4.02112"><ele>1150</ele></trkpt><trkpt lat="40.99725" lon="-4.02111"><ele>1150</ele></trkpt><trkpt lat="40.99724" lon="-4.02111"><ele>1150</ele></trkpt><trkpt lat="40.99723" lon="-4.0211"><ele>1150</ele></trkpt><trkpt lat="40.99723" lon="-4.0211"><ele>1150</ele></trkpt><trkpt lat="40.99721" lon="-4.02111"><ele>1150</ele></trkpt><trkpt lat="40.99689" lon="-4.02126"><ele>1150</ele></trkpt><trkpt lat="40.99687" lon="-4.02127"><ele>1150</ele></trkpt><trkpt lat="40.99676" lon="-4.02135"><ele>1151</ele></trkpt><trkpt lat="40.99664" lon="-4.0214"><ele>1151</ele></trkpt><trkpt lat="40.99661" lon="-4.02141"><ele>1151</ele></trkpt><trkpt lat="40.99661" lon="-4.02141"><ele>1151</ele></trkpt><trkpt lat="40.99639" lon="-4.0215"><ele>1151</ele></trkpt><trkpt lat="40.99634" lon="-4.02151"><ele>1151</ele></trkpt><trkpt lat="40.99617" lon="-4.02154"><ele>1150</ele></trkpt><trkpt lat="40.99604" lon="-4.02159"><ele>1150</ele></trkpt><trkpt lat="40.99577" lon="-4.02168"><ele>1150</ele></trkpt><trkpt lat="40.99567" lon="-4.02172"><ele>1150</ele></trkpt><trkpt lat="40.9953" lon="-4.02185"><ele>1149</ele></trkpt><trkpt lat="40.99512" lon="-4.02191"><ele>1149</ele></trkpt><trkpt lat="40.99507" lon="-4.02193"><ele>1149</ele></trkpt><trkpt lat="40.99496" lon="-4.022"><ele>1149</ele></trkpt><trkpt lat="40.99448" lon="-4.02219"><ele>1150</ele></trkpt><trkpt lat="40.99443" lon="-4.02222"><ele>1150</ele></trkpt><trkpt lat="40.99437" lon="-4.02226"><ele>1151</ele></trkpt><trkpt lat="40.99432" lon="-4.0223"><ele>1151</ele></trkpt><trkpt lat="40.99428" lon="-4.02234"><ele>1151</ele></trkpt><trkpt lat="40.99425" lon="-4.02237"><ele>1151</ele></trkpt><trkpt lat="40.99415" lon="-4.02246"><ele>1151</ele></trkpt><trkpt lat="40.99415" lon="-4.02246"><ele>1151</ele></trkpt><trkpt lat="40.99411" lon="-4.02251"><ele>1151</ele></trkpt><trkpt lat="40.99409" lon="-4.02256"><ele>1151</ele></trkpt><trkpt lat="40.99403" lon="-4.02252"><ele>1152</ele></trkpt><trkpt lat="40.994" lon="-4.02251"><ele>1152</ele></trkpt><trkpt lat="40.99399" lon="-4.02251"><ele>1152</ele></trkpt><trkpt lat="40.99398" lon="-4.0225"><ele>1152</ele></trkpt><trkpt lat="40.99397" lon="-4.0225"><ele>1152</ele></trkpt><trkpt lat="40.99396" lon="-4.02249"><ele>1152</ele></trkpt><trkpt lat="40.99395" lon="-4.02248"><ele>1152</ele></trkpt><trkpt lat="40.99394" lon="-4.02247"><ele>1152</ele></trkpt><trkpt lat="40.99393" lon="-4.02246"><ele>1152</ele></trkpt><trkpt lat="40.99392" lon="-4.02245"><ele>1152</ele></trkpt><trkpt lat="40.99391" lon="-4.02244"><ele>1152</ele></trkpt><trkpt lat="40.99391" lon="-4.02243"><ele>1152</ele></trkpt><trkpt lat="40.9939" lon="-4.02242"><ele>1152</ele></trkpt><trkpt lat="40.9939" lon="-4.02241"><ele>1152</ele></trkpt><trkpt lat="40.99389" lon="-4.02239"><ele>1152</ele></trkpt><trkpt lat="40.99389" lon="-4.02238"><ele>1152</ele></trkpt><trkpt lat="40.99389" lon="-4.02237"><ele>1152</ele></trkpt><trkpt lat="40.99386" lon="-4.02233"><ele>1152</ele></trkpt><trkpt lat="40.99384" lon="-4.02231"><ele>1152</ele></trkpt><trkpt lat="40.99383" lon="-4.0223"><ele>1152</ele></trkpt><trkpt lat="40.99381" lon="-4.02227"><ele>1152</ele></trkpt><trkpt lat="40.99379" lon="-4.02226"><ele>1152</ele></trkpt><trkpt lat="40.99376" lon="-4.02223"><ele>1152</ele></trkpt><trkpt lat="40.99374" lon="-4.02221"><ele>1152</ele></trkpt><trkpt lat="40.99372" lon="-4.0222"><ele>1152</ele></trkpt><trkpt lat="40.99371" lon="-4.02219"><ele>1152</ele></trkpt><trkpt lat="40.99358" lon="-4.02219"><ele>1153</ele></trkpt><trkpt lat="40.99348" lon="-4.02222"><ele>1153</ele></trkpt><trkpt lat="40.99345" lon="-4.02222"><ele>1153</ele></trkpt><trkpt lat="40.99336" lon="-4.02225"><ele>1153</ele></trkpt><trkpt lat="40.99259" lon="-4.02258"><ele>1155</ele></trkpt><trkpt lat="40.99249" lon="-4.02262"><ele>1155</ele></trkpt><trkpt lat="40.99243" lon="-4.02265"><ele>1155</ele></trkpt><trkpt lat="40.99216" lon="-4.02278"><ele>1155</ele></trkpt><trkpt lat="40.992" lon="-4.02285"><ele>1155</ele></trkpt><trkpt lat="40.99192" lon="-4.02289"><ele>1155</ele></trkpt><trkpt lat="40.99181" lon="-4.02293"><ele>1155</ele></trkpt><trkpt lat="40.99166" lon="-4.02301"><ele>1155</ele></trkpt><trkpt lat="40.99158" lon="-4.02306"><ele>1155</ele></trkpt><trkpt lat="40.99125" lon="-4.02325"><ele>1154</ele></trkpt><trkpt lat="40.99106" lon="-4.02338"><ele>1154</ele></trkpt><trkpt lat="40.99105" lon="-4.02339"><ele>1154</ele></trkpt><trkpt lat="40.99095" lon="-4.02348"><ele>1154</ele></trkpt><trkpt lat="40.99088" lon="-4.02351"><ele>1154</ele></trkpt><trkpt lat="40.99079" lon="-4.02353"><ele>1153</ele></trkpt><trkpt lat="40.99067" lon="-4.02354"><ele>1153</ele></trkpt><trkpt lat="40.99048" lon="-4.02357"><ele>1153</ele></trkpt><trkpt lat="40.98977" lon="-4.02365"><ele>1150</ele></trkpt><trkpt lat="40.98962" lon="-4.02367"><ele>1149</ele></trkpt><trkpt lat="40.98858" lon="-4.02375"><ele>1143</ele></trkpt><trkpt lat="40.98762" lon="-4.02389"><ele>1138</ele></trkpt><trkpt lat="40.9871" lon="-4.02397"><ele>1137</ele></trkpt><trkpt lat="40.98695" lon="-4.02398"><ele>1136</ele></trkpt><trkpt lat="40.98599" lon="-4.02397"><ele>1132</ele></trkpt><trkpt lat="40.9856" lon="-4.02395"><ele>1131</ele></trkpt><trkpt lat="40.9846" lon="-4.0239"><ele>1127</ele></trkpt><trkpt lat="40.98428" lon="-4.02383"><ele>1126</ele></trkpt><trkpt lat="40.98408" lon="-4.02378"><ele>1125</ele></trkpt><trkpt lat="40.98326" lon="-4.02347"><ele>1121</ele></trkpt><trkpt lat="40.98296" lon="-4.02341"><ele>1120</ele></trkpt><trkpt lat="40.98282" lon="-4.02339"><ele>1120</ele></trkpt><trkpt lat="40.98257" lon="-4.0234"><ele>1119</ele></trkpt><trkpt lat="40.98221" lon="-4.02348"><ele>1117</ele></trkpt><trkpt lat="40.98158" lon="-4.02362"><ele>1113</ele></trkpt><trkpt lat="40.98085" lon="-4.02378"><ele>1111</ele></trkpt><trkpt lat="40.98051" lon="-4.02386"><ele>1111</ele></trkpt><trkpt lat="40.98013" lon="-4.02395"><ele>1111</ele></trkpt><trkpt lat="40.97919" lon="-4.02415"><ele>1114</ele></trkpt><trkpt lat="40.97906" lon="-4.02418"><ele>1114</ele></trkpt><trkpt lat="40.97867" lon="-4.02431"><ele>1116</ele></trkpt><trkpt lat="40.97852" lon="-4.02436"><ele>1117</ele></trkpt><trkpt lat="40.97836" lon="-4.02444"><ele>1118</ele></trkpt><trkpt lat="40.97825" lon="-4.02451"><ele>1118</ele></trkpt><trkpt lat="40.97797" lon="-4.02472"><ele>1120</ele></trkpt><trkpt lat="40.97555" lon="-4.02655"><ele>1127</ele></trkpt><trkpt lat="40.9755" lon="-4.02658"><ele>1127</ele></trkpt><trkpt lat="40.97548" lon="-4.0266"><ele>1127</ele></trkpt><trkpt lat="40.97532" lon="-4.02675"><ele>1127</ele></trkpt><trkpt lat="40.97524" lon="-4.02684"><ele>1127</ele></trkpt><trkpt lat="40.97517" lon="-4.0269"><ele>1127</ele></trkpt><trkpt lat="40.97492" lon="-4.02728"><ele>1127</ele></trkpt><trkpt lat="40.97448" lon="-4.02809"><ele>1127</ele></trkpt><trkpt lat="40.974" lon="-4.02902"><ele>1127</ele></trkpt><trkpt lat="40.97367" lon="-4.02963"><ele>1127</ele></trkpt><trkpt lat="40.9735" lon="-4.02988"><ele>1127</ele></trkpt><trkpt lat="40.97341" lon="-4.03002"><ele>1127</ele></trkpt><trkpt lat="40.97331" lon="-4.03015"><ele>1126</ele></trkpt><trkpt lat="40.97285" lon="-4.0306"><ele>1127</ele></trkpt><trkpt lat="40.97229" lon="-4.03104"><ele>1127</ele></trkpt><trkpt lat="40.97217" lon="-4.03112"><ele>1128</ele></trkpt><trkpt lat="40.97212" lon="-4.03116"><ele>1128</ele></trkpt><trkpt lat="40.97158" lon="-4.03152"><ele>1129</ele></trkpt><trkpt lat="40.97111" lon="-4.03176"><ele>1130</ele></trkpt><trkpt lat="40.97079" lon="-4.03192"><ele>1130</ele></trkpt><trkpt lat="40.97057" lon="-4.03202"><ele>1130</ele></trkpt><trkpt lat="40.97028" lon="-4.03215"><ele>1129</ele></trkpt><trkpt lat="40.96998" lon="-4.03225"><ele>1128</ele></trkpt><trkpt lat="40.96976" lon="-4.0323"><ele>1127</ele></trkpt><trkpt lat="40.96972" lon="-4.0323"><ele>1126</ele></trkpt><trkpt lat="40.96963" lon="-4.03229"><ele>1126</ele></trkpt><trkpt lat="40.96909" lon="-4.03225"><ele>1122</ele></trkpt><trkpt lat="40.96893" lon="-4.03224"><ele>1121</ele></trkpt><trkpt lat="40.96863" lon="-4.03221"><ele>1119</ele></trkpt><trkpt lat="40.9685" lon="-4.0322"><ele>1119</ele></trkpt><trkpt lat="40.96836" lon="-4.0322"><ele>1118</ele></trkpt><trkpt lat="40.96823" lon="-4.0322"><ele>1118</ele></trkpt><trkpt lat="40.96809" lon="-4.03222"><ele>1118</ele></trkpt><trkpt lat="40.96795" lon="-4.03224"><ele>1118</ele></trkpt><trkpt lat="40.96782" lon="-4.03226"><ele>1119</ele></trkpt><trkpt lat="40.96772" lon="-4.03229"><ele>1119</ele></trkpt><trkpt lat="40.9676" lon="-4.03234"><ele>1119</ele></trkpt><trkpt lat="40.96744" lon="-4.03241"><ele>1119</ele></trkpt><trkpt lat="40.9673" lon="-4.03249"><ele>1120</ele></trkpt><trkpt lat="40.9671" lon="-4.03262"><ele>1121</ele></trkpt><trkpt lat="40.96642" lon="-4.0331"><ele>1125</ele></trkpt><trkpt lat="40.96619" lon="-4.03326"><ele>1126</ele></trkpt><trkpt lat="40.96593" lon="-4.03344"><ele>1128</ele></trkpt><trkpt lat="40.96583" lon="-4.03351"><ele>1129</ele></trkpt><trkpt lat="40.96571" lon="-4.03358"><ele>1130</ele></trkpt><trkpt lat="40.9656" lon="-4.03365"><ele>1130</ele></trkpt><trkpt lat="40.9655" lon="-4.0337"><ele>1131</ele></trkpt><trkpt lat="40.9654" lon="-4.03375"><ele>1131</ele></trkpt><trkpt lat="40.96532" lon="-4.03378"><ele>1132</ele></trkpt><trkpt lat="40.96523" lon="-4.03381"><ele>1132</ele></trkpt><trkpt lat="40.96512" lon="-4.03382"><ele>1133</ele></trkpt><trkpt lat="40.96503" lon="-4.03383"><ele>1133</ele></trkpt><trkpt lat="40.96492" lon="-4.03383"><ele>1134</ele></trkpt><trkpt lat="40.96482" lon="-4.03382"><ele>1134</ele></trkpt><trkpt lat="40.96473" lon="-4.0338"><ele>1134</ele></trkpt><trkpt lat="40.96464" lon="-4.03376"><ele>1134</ele></trkpt><trkpt lat="40.96454" lon="-4.03371"><ele>1134</ele></trkpt><trkpt lat="40.96444" lon="-4.03365"><ele>1134</ele></trkpt><trkpt lat="40.96434" lon="-4.03357"><ele>1135</ele></trkpt><trkpt lat="40.96417" lon="-4.0334"><ele>1135</ele></trkpt><trkpt lat="40.96413" lon="-4.03335"><ele>1135</ele></trkpt><trkpt lat="40.96401" lon="-4.03322"><ele>1135</ele></trkpt><trkpt lat="40.96396" lon="-4.03315"><ele>1135</ele></trkpt><trkpt lat="40.96384" lon="-4.03301"><ele>1134</ele></trkpt><trkpt lat="40.9637" lon="-4.03285"><ele>1134</ele></trkpt><trkpt lat="40.96358" lon="-4.0327"><ele>1133</ele></trkpt><trkpt lat="40.96349" lon="-4.0326"><ele>1133</ele></trkpt><trkpt lat="40.96342" lon="-4.03253"><ele>1133</ele></trkpt><trkpt lat="40.96334" lon="-4.03246"><ele>1133</ele></trkpt><trkpt lat="40.96331" lon="-4.03243"><ele>1133</ele></trkpt><trkpt lat="40.96328" lon="-4.03241"><ele>1133</ele></trkpt><trkpt lat="40.96324" lon="-4.03238"><ele>1133</ele></trkpt><trkpt lat="40.96316" lon="-4.03233"><ele>1133</ele></trkpt><trkpt lat="40.96308" lon="-4.0323"><ele>1132</ele></trkpt><trkpt lat="40.96299" lon="-4.03226"><ele>1132</ele></trkpt><trkpt lat="40.96289" lon="-4.03223"><ele>1132</ele></trkpt><trkpt lat="40.96281" lon="-4.03222"><ele>1131</ele></trkpt><trkpt lat="40.96271" lon="-4.03221"><ele>1131</ele></trkpt><trkpt lat="40.96259" lon="-4.03222"><ele>1131</ele></trkpt><trkpt lat="40.96247" lon="-4.03224"><ele>1130</ele></trkpt><trkpt lat="40.96236" lon="-4.03227"><ele>1130</ele></trkpt><trkpt lat="40.96222" lon="-4.03232"><ele>1130</ele></trkpt><trkpt lat="40.96194" lon="-4.03242"><ele>1130</ele></trkpt><trkpt lat="40.95935" lon="-4.03339"><ele>1131</ele></trkpt><trkpt lat="40.95873" lon="-4.03362"><ele>1133</ele></trkpt><trkpt lat="40.95791" lon="-4.03393"><ele>1132</ele></trkpt><trkpt lat="40.95712" lon="-4.03424"><ele>1131</ele></trkpt><trkpt lat="40.95657" lon="-4.03445"><ele>1131</ele></trkpt><trkpt lat="40.95622" lon="-4.03458"><ele>1130</ele></trkpt><trkpt lat="40.95613" lon="-4.03461"><ele>1130</ele></trkpt><trkpt lat="40.95603" lon="-4.03464"><ele>1130</ele></trkpt><trkpt lat="40.95594" lon="-4.03466"><ele>1130</ele></trkpt><trkpt lat="40.95584" lon="-4.03468"><ele>1130</ele></trkpt><trkpt lat="40.95573" lon="-4.03469"><ele>1130</ele></trkpt><trkpt lat="40.95562" lon="-4.03469"><ele>1130</ele></trkpt><trkpt lat="40.95552" lon="-4.03468"><ele>1130</ele></trkpt><trkpt lat="40.95541" lon="-4.03467"><ele>1130</ele></trkpt><trkpt lat="40.95531" lon="-4.03465"><ele>1130</ele></trkpt><trkpt lat="40.95524" lon="-4.03463"><ele>1130</ele></trkpt><trkpt lat="40.95519" lon="-4.03461"><ele>1130</ele></trkpt><trkpt lat="40.95511" lon="-4.03458"><ele>1130</ele></trkpt><trkpt lat="40.95502" lon="-4.03454"><ele>1130</ele></trkpt><trkpt lat="40.95497" lon="-4.03452"><ele>1130</ele></trkpt><trkpt lat="40.9548" lon="-4.03442"><ele>1131</ele></trkpt><trkpt lat="40.95471" lon="-4.03437"><ele>1131</ele></trkpt><trkpt lat="40.95456" lon="-4.03427"><ele>1131</ele></trkpt><trkpt lat="40.95448" lon="-4.03421"><ele>1131</ele></trkpt><trkpt lat="40.95437" lon="-4.03414"><ele>1131</ele></trkpt><trkpt lat="40.9542" lon="-4.03405"><ele>1131</ele></trkpt><trkpt lat="40.95408" lon="-4.03399"><ele>1131</ele></trkpt><trkpt lat="40.95405" lon="-4.03397"><ele>1131</ele></trkpt><trkpt lat="40.95397" lon="-4.03394"><ele>1131</ele></trkpt><trkpt lat="40.95384" lon="-4.0339"><ele>1131</ele></trkpt><trkpt lat="40.9537" lon="-4.03388"><ele>1131</ele></trkpt><trkpt lat="40.95358" lon="-4.03386"><ele>1131</ele></trkpt><trkpt lat="40.95344" lon="-4.03386"><ele>1131</ele></trkpt><trkpt lat="40.95325" lon="-4.03386"><ele>1131</ele></trkpt><trkpt lat="40.95277" lon="-4.03387"><ele>1132</ele></trkpt><trkpt lat="40.95224" lon="-4.03389"><ele>1134</ele></trkpt><trkpt lat="40.95175" lon="-4.0339"><ele>1135</ele></trkpt><trkpt lat="40.95121" lon="-4.03391"><ele>1136</ele></trkpt><trkpt lat="40.95083" lon="-4.03392"><ele>1137</ele></trkpt><trkpt lat="40.9506" lon="-4.03392"><ele>1137</ele></trkpt><trkpt lat="40.95035" lon="-4.03392"><ele>1136</ele></trkpt><trkpt lat="40.95011" lon="-4.03394"><ele>1136</ele></trkpt><trkpt lat="40.94995" lon="-4.03394"><ele>1136</ele></trkpt><trkpt lat="40.94987" lon="-4.03394"><ele>1136</ele></trkpt><trkpt lat="40.94978" lon="-4.03394"><ele>1136</ele></trkpt><trkpt lat="40.94964" lon="-4.03394"><ele>1135</ele></trkpt><trkpt lat="40.94947" lon="-4.03394"><ele>1135</ele></trkpt><trkpt lat="40.94911" lon="-4.03395"><ele>1134</ele></trkpt><trkpt lat="40.94886" lon="-4.03396"><ele>1134</ele></trkpt><trkpt lat="40.94657" lon="-4.03401"><ele>1131</ele></trkpt><trkpt lat="40.94646" lon="-4.03402"><ele>1131</ele></trkpt><trkpt lat="40.94628" lon="-4.03402"><ele>1131</ele></trkpt><trkpt lat="40.94627" lon="-4.03402"><ele>1131</ele></trkpt><trkpt lat="40.94554" lon="-4.03403"><ele>1131</ele></trkpt><trkpt lat="40.94478" lon="-4.03405"><ele>1133</ele></trkpt><trkpt lat="40.94459" lon="-4.03405"><ele>1134</ele></trkpt><trkpt lat="40.94409" lon="-4.03406"><ele>1136</ele></trkpt><trkpt lat="40.94396" lon="-4.03406"><ele>1137</ele></trkpt><trkpt lat="40.9438" lon="-4.03405"><ele>1137</ele></trkpt><trkpt lat="40.94368" lon="-4.03405"><ele>1138</ele></trkpt><trkpt lat="40.94357" lon="-4.03404"><ele>1138</ele></trkpt><trkpt lat="40.94345" lon="-4.03402"><ele>1138</ele></trkpt><trkpt lat="40.94334" lon="-4.034"><ele>1139</ele></trkpt><trkpt lat="40.94319" lon="-4.03395"><ele>1139</ele></trkpt><trkpt lat="40.9429" lon="-4.03385"><ele>1139</ele></trkpt><trkpt lat="40.94266" lon="-4.03377"><ele>1139</ele></trkpt><trkpt lat="40.94247" lon="-4.03371"><ele>1140</ele></trkpt><trkpt lat="40.94238" lon="-4.03369"><ele>1140</ele></trkpt><trkpt lat="40.94228" lon="-4.03367"><ele>1140</ele></trkpt><trkpt lat="40.94215" lon="-4.03365"><ele>1140</ele></trkpt><trkpt lat="40.94199" lon="-4.03362"><ele>1141</ele></trkpt><trkpt lat="40.94181" lon="-4.0336"><ele>1141</ele></trkpt><trkpt lat="40.94167" lon="-4.03358"><ele>1141</ele></trkpt><trkpt lat="40.94119" lon="-4.03354"><ele>1141</ele></trkpt><trkpt lat="40.9408" lon="-4.0335"><ele>1141</ele></trkpt><trkpt lat="40.94035" lon="-4.03345"><ele>1141</ele></trkpt><trkpt lat="40.94023" lon="-4.03344"><ele>1141</ele></trkpt><trkpt lat="40.94021" lon="-4.03344"><ele>1141</ele></trkpt><trkpt lat="40.94005" lon="-4.03343"><ele>1141</ele></trkpt><trkpt lat="40.93997" lon="-4.03343"><ele>1141</ele></trkpt><trkpt lat="40.93991" lon="-4.03344"><ele>1141</ele></trkpt><trkpt lat="40.93984" lon="-4.03345"><ele>1142</ele></trkpt><trkpt lat="40.93977" lon="-4.03346"><ele>1142</ele></trkpt><trkpt lat="40.93969" lon="-4.03348"><ele>1142</ele></trkpt><trkpt lat="40.93954" lon="-4.03352"><ele>1142</ele></trkpt><trkpt lat="40.93936" lon="-4.03356"><ele>1143</ele></trkpt><trkpt lat="40.93927" lon="-4.03357"><ele>1143</ele></trkpt><trkpt lat="40.93919" lon="-4.03359"><ele>1143</ele></trkpt><trkpt lat="40.93909" lon="-4.0336"><ele>1143</ele></trkpt><trkpt lat="40.93896" lon="-4.03361"><ele>1143</ele></trkpt><trkpt lat="40.93863" lon="-4.0336"><ele>1144</ele></trkpt><trkpt lat="40.93855" lon="-4.0336"><ele>1144</ele></trkpt><trkpt lat="40.93851" lon="-4.0336"><ele>1144</ele></trkpt><trkpt lat="40.93811" lon="-4.0336"><ele>1144</ele></trkpt><trkpt lat="40.93761" lon="-4.0336"><ele>1145</ele></trkpt><trkpt lat="40.93714" lon="-4.0336"><ele>1145</ele></trkpt><trkpt lat="40.93618" lon="-4.03357"><ele>1147</ele></trkpt><trkpt lat="40.93579" lon="-4.03355"><ele>1147</ele></trkpt><trkpt lat="40.93553" lon="-4.03353"><ele>1147</ele></trkpt><trkpt lat="40.935" lon="-4.03347"><ele>1148</ele></trkpt><trkpt lat="40.93474" lon="-4.03345"><ele>1148</ele></trkpt><trkpt lat="40.93423" lon="-4.03337"><ele>1148</ele></trkpt><trkpt lat="40.93392" lon="-4.03332"><ele>1149</ele></trkpt><trkpt lat="40.93361" lon="-4.03329"><ele>1149</ele></trkpt><trkpt lat="40.93342" lon="-4.03326"><ele>1149</ele></trkpt><trkpt lat="40.93331" lon="-4.03324"><ele>1149</ele></trkpt><trkpt lat="40.93321" lon="-4.03321"><ele>1149</ele></trkpt><trkpt lat="40.93307" lon="-4.03318"><ele>1149</ele></trkpt><trkpt lat="40.9329" lon="-4.03311"><ele>1149</ele></trkpt><trkpt lat="40.93271" lon="-4.03304"><ele>1149</ele></trkpt><trkpt lat="40.93241" lon="-4.03291"><ele>1149</ele></trkpt><trkpt lat="40.93226" lon="-4.03284"><ele>1150</ele></trkpt><trkpt lat="40.93203" lon="-4.03274"><ele>1150</ele></trkpt><trkpt lat="40.93166" lon="-4.03257"><ele>1150</ele></trkpt><trkpt lat="40.93155" lon="-4.03252"><ele>1150</ele></trkpt><trkpt lat="40.93117" lon="-4.03235"><ele>1151</ele></trkpt><trkpt lat="40.93082" lon="-4.03218"><ele>1152</ele></trkpt><trkpt lat="40.93051" lon="-4.03204"><ele>1152</ele></trkpt><trkpt lat="40.93023" lon="-4.03192"><ele>1153</ele></trkpt><trkpt lat="40.92985" lon="-4.03174"><ele>1154</ele></trkpt><trkpt lat="40.92969" lon="-4.03166"><ele>1154</ele></trkpt><trkpt lat="40.92955" lon="-4.03158"><ele>1154</ele></trkpt><trkpt lat="40.92938" lon="-4.03148"><ele>1155</ele></trkpt><trkpt lat="40.92921" lon="-4.03137"><ele>1155</ele></trkpt><trkpt lat="40.92904" lon="-4.03125"><ele>1155</ele></trkpt><trkpt lat="40.92892" lon="-4.03117"><ele>1155</ele></trkpt><trkpt lat="40.92892" lon="-4.03116"><ele>1155</ele></trkpt><trkpt lat="40.92865" lon="-4.03096"><ele>1155</ele></trkpt><trkpt lat="40.92839" lon="-4.03077"><ele>1155</ele></trkpt><trkpt lat="40.92813" lon="-4.03057"><ele>1154</ele></trkpt><trkpt lat="40.92804" lon="-4.0305"><ele>1154</ele></trkpt><trkpt lat="40.92795" lon="-4.03043"><ele>1154</ele></trkpt><trkpt lat="40.92792" lon="-4.03041"><ele>1154</ele></trkpt><trkpt lat="40.92778" lon="-4.03031"><ele>1153</ele></trkpt><trkpt lat="40.92778" lon="-4.03031"><ele>1153</ele></trkpt><trkpt lat="40.92778" lon="-4.03032"><ele>1153</ele></trkpt><trkpt lat="40.92777" lon="-4.03033"><ele>1153</ele></trkpt><trkpt lat="40.92777" lon="-4.03034"><ele>1153</ele></trkpt><trkpt lat="40.92776" lon="-4.03035"><ele>1153</ele></trkpt><trkpt lat="40.92775" lon="-4.03036"><ele>1153</ele></trkpt><trkpt lat="40.92774" lon="-4.03037"><ele>1153</ele></trkpt><trkpt lat="40.92773" lon="-4.03038"><ele>1153</ele></trkpt><trkpt lat="40.92772" lon="-4.03039"><ele>1153</ele></trkpt><trkpt lat="40.92771" lon="-4.03039"><ele>1153</ele></trkpt><trkpt lat="40.9277" lon="-4.0304"><ele>1153</ele></trkpt><trkpt lat="40.92769" lon="-4.0304"><ele>1153</ele></trkpt><trkpt lat="40.92768" lon="-4.0304"><ele>1153</ele></trkpt><trkpt lat="40.92767" lon="-4.0304"><ele>1153</ele></trkpt><trkpt lat="40.92766" lon="-4.0304"><ele>1152</ele></trkpt><trkpt lat="40.92765" lon="-4.0304"><ele>1152</ele></trkpt><trkpt lat="40.92764" lon="-4.0304"><ele>1152</ele></trkpt><trkpt lat="40.92764" lon="-4.0304"><ele>1152</ele></trkpt><trkpt lat="40.92761" lon="-4.03048"><ele>1152</ele></trkpt><trkpt lat="40.9276" lon="-4.03051"><ele>1152</ele></trkpt><trkpt lat="40.92758" lon="-4.03056"><ele>1152</ele></trkpt><trkpt lat="40.92754" lon="-4.03071"><ele>1152</ele></trkpt><trkpt lat="40.92752" lon="-4.03076"><ele>1151</ele></trkpt><trkpt lat="40.92746" lon="-4.03106"><ele>1151</ele></trkpt><trkpt lat="40.92738" lon="-4.03138"><ele>1150</ele></trkpt><trkpt lat="40.92733" lon="-4.03159"><ele>1149</ele></trkpt><trkpt lat="40.92729" lon="-4.0318"><ele>1149</ele></trkpt><trkpt lat="40.92726" lon="-4.03195"><ele>1148</ele></trkpt><trkpt lat="40.92723" lon="-4.03209"><ele>1148</ele></trkpt><trkpt lat="40.92722" lon="-4.03222"><ele>1148</ele></trkpt><trkpt lat="40.92721" lon="-4.03233"><ele>1147</ele></trkpt><trkpt lat="40.92721" lon="-4.03249"><ele>1147</ele></trkpt><trkpt lat="40.92722" lon="-4.03266"><ele>1147</ele></trkpt><trkpt lat="40.92723" lon="-4.03282"><ele>1146</ele></trkpt><trkpt lat="40.92724" lon="-4.03298"><ele>1146</ele></trkpt><trkpt lat="40.92725" lon="-4.03308"><ele>1145</ele></trkpt><trkpt lat="40.92728" lon="-4.03337"><ele>1144</ele></trkpt><trkpt lat="40.92733" lon="-4.03385"><ele>1142</ele></trkpt><trkpt lat="40.92736" lon="-4.03417"><ele>1140</ele></trkpt><trkpt lat="40.92738" lon="-4.03437"><ele>1139</ele></trkpt><trkpt lat="40.92739" lon="-4.03451"><ele>1139</ele></trkpt><trkpt lat="40.9274" lon="-4.03456"><ele>1139</ele></trkpt><trkpt lat="40.9274" lon="-4.03466"><ele>1138</ele></trkpt><trkpt lat="40.9274" lon="-4.0348"><ele>1138</ele></trkpt><trkpt lat="40.9274" lon="-4.0349"><ele>1138</ele></trkpt><trkpt lat="40.9274" lon="-4.03503"><ele>1137</ele></trkpt><trkpt lat="40.92736" lon="-4.03532"><ele>1136</ele></trkpt><trkpt lat="40.92731" lon="-4.0357"><ele>1134</ele></trkpt><trkpt lat="40.92728" lon="-4.03589"><ele>1133</ele></trkpt><trkpt lat="40.92726" lon="-4.03603"><ele>1132</ele></trkpt><trkpt lat="40.92724" lon="-4.03613"><ele>1131</ele></trkpt><trkpt lat="40.92723" lon="-4.03624"><ele>1130</ele></trkpt><trkpt lat="40.92723" lon="-4.03636"><ele>1130</ele></trkpt><trkpt lat="40.92723" lon="-4.03647"><ele>1129</ele></trkpt><trkpt lat="40.92723" lon="-4.03657"><ele>1128</ele></trkpt><trkpt lat="40.92724" lon="-4.03669"><ele>1128</ele></trkpt><trkpt lat="40.92726" lon="-4.03681"><ele>1127</ele></trkpt><trkpt lat="40.92728" lon="-4.03692"><ele>1127</ele></trkpt><trkpt lat="40.92731" lon="-4.03703"><ele>1126</ele></trkpt><trkpt lat="40.92737" lon="-4.03722"><ele>1125</ele></trkpt><trkpt lat="40.92746" lon="-4.03745"><ele>1125</ele></trkpt><trkpt lat="40.92753" lon="-4.03765"><ele>1124</ele></trkpt><trkpt lat="40.92757" lon="-4.03776"><ele>1123</ele></trkpt><trkpt lat="40.92761" lon="-4.03785"><ele>1123</ele></trkpt><trkpt lat="40.92765" lon="-4.03797"><ele>1123</ele></trkpt><trkpt lat="40.92769" lon="-4.03807"><ele>1122</ele></trkpt><trkpt lat="40.92775" lon="-4.03825"><ele>1122</ele></trkpt><trkpt lat="40.9278" lon="-4.0384"><ele>1121</ele></trkpt><trkpt lat="40.92784" lon="-4.03853"><ele>1121</ele></trkpt><trkpt lat="40.92789" lon="-4.03871"><ele>1120</ele></trkpt><trkpt lat="40.92793" lon="-4.03885"><ele>1120</ele></trkpt><trkpt lat="40.92795" lon="-4.03898"><ele>1120</ele></trkpt><trkpt lat="40.92798" lon="-4.0391"><ele>1119</ele></trkpt><trkpt lat="40.92799" lon="-4.03921"><ele>1119</ele></trkpt><trkpt lat="40.928" lon="-4.03928"><ele>1119</ele></trkpt><trkpt lat="40.92801" lon="-4.03945"><ele>1118</ele></trkpt><trkpt lat="40.92802" lon="-4.03962"><ele>1117</ele></trkpt><trkpt lat="40.92802" lon="-4.03978"><ele>1117</ele></trkpt><trkpt lat="40.92801" lon="-4.04016"><ele>1115</ele></trkpt><trkpt lat="40.92801" lon="-4.04048"><ele>1114</ele></trkpt><trkpt lat="40.92801" lon="-4.04073"><ele>1113</ele></trkpt><trkpt lat="40.92801" lon="-4.04091"><ele>1112</ele></trkpt><trkpt lat="40.92802" lon="-4.04105"><ele>1112</ele></trkpt><trkpt lat="40.92803" lon="-4.04112"><ele>1111</ele></trkpt><trkpt lat="40.92803" lon="-4.04117"><ele>1111</ele></trkpt><trkpt lat="40.92806" lon="-4.04133"><ele>1111</ele></trkpt><trkpt lat="40.92813" lon="-4.04166"><ele>1110</ele></trkpt><trkpt lat="40.92824" lon="-4.04215"><ele>1109</ele></trkpt><trkpt lat="40.92835" lon="-4.04263"><ele>1108</ele></trkpt><trkpt lat="40.92841" lon="-4.04293"><ele>1108</ele></trkpt><trkpt lat="40.92852" lon="-4.04344"><ele>1107</ele></trkpt><trkpt lat="40.92858" lon="-4.04372"><ele>1108</ele></trkpt><trkpt lat="40.92861" lon="-4.04383"><ele>1108</ele></trkpt><trkpt lat="40.92862" lon="-4.04394"><ele>1108</ele></trkpt><trkpt lat="40.92863" lon="-4.04406"><ele>1108</ele></trkpt><trkpt lat="40.92863" lon="-4.04415"><ele>1108</ele></trkpt><trkpt lat="40.92863" lon="-4.04425"><ele>1108</ele></trkpt><trkpt lat="40.92862" lon="-4.04434"><ele>1108</ele></trkpt><trkpt lat="40.92861" lon="-4.04444"><ele>1108</ele></trkpt><trkpt lat="40.9286" lon="-4.04445"><ele>1108</ele></trkpt><trkpt lat="40.9286" lon="-4.04445"><ele>1108</ele></trkpt><trkpt lat="40.92857" lon="-4.0446"><ele>1108</ele></trkpt><trkpt lat="40.9285" lon="-4.04486"><ele>1108</ele></trkpt><trkpt lat="40.92841" lon="-4.0452"><ele>1108</ele></trkpt><trkpt lat="40.92834" lon="-4.04548"><ele>1109</ele></trkpt><trkpt lat="40.92831" lon="-4.0456"><ele>1109</ele></trkpt><trkpt lat="40.92829" lon="-4.0457"><ele>1109</ele></trkpt><trkpt lat="40.92826" lon="-4.04592"><ele>1109</ele></trkpt><trkpt lat="40.92824" lon="-4.04619"><ele>1110</ele></trkpt><trkpt lat="40.92823" lon="-4.04643"><ele>1110</ele></trkpt><trkpt lat="40.92822" lon="-4.04669"><ele>1110</ele></trkpt><trkpt lat="40.92821" lon="-4.04701"><ele>1109</ele></trkpt><trkpt lat="40.9282" lon="-4.04728"><ele>1109</ele></trkpt><trkpt lat="40.92821" lon="-4.04743"><ele>1109</ele></trkpt><trkpt lat="40.92823" lon="-4.04772"><ele>1108</ele></trkpt><trkpt lat="40.92823" lon="-4.04775"><ele>1108</ele></trkpt><trkpt lat="40.92824" lon="-4.04794"><ele>1108</ele></trkpt><trkpt lat="40.92832" lon="-4.04859"><ele>1107</ele></trkpt><trkpt lat="40.92841" lon="-4.04936"><ele>1106</ele></trkpt><trkpt lat="40.92842" lon="-4.04949"><ele>1106</ele></trkpt><trkpt lat="40.92853" lon="-4.05051"><ele>1103</ele></trkpt><trkpt lat="40.92857" lon="-4.05081"><ele>1102</ele></trkpt><trkpt lat="40.92858" lon="-4.0509"><ele>1102</ele></trkpt><trkpt lat="40.92859" lon="-4.05104"><ele>1101</ele></trkpt><trkpt lat="40.92867" lon="-4.05167"><ele>1100</ele></trkpt><trkpt lat="40.92876" lon="-4.05235"><ele>1098</ele></trkpt><trkpt lat="40.92876" lon="-4.05235"><ele>1098</ele></trkpt><trkpt lat="40.92881" lon="-4.05234"><ele>1099</ele></trkpt><trkpt lat="40.92884" lon="-4.05235"><ele>1099</ele></trkpt><trkpt lat="40.92887" lon="-4.05235"><ele>1099</ele></trkpt><trkpt lat="40.9289" lon="-4.05237"><ele>1098</ele></trkpt><trkpt lat="40.92893" lon="-4.05238"><ele>1098</ele></trkpt><trkpt lat="40.92896" lon="-4.0524"><ele>1098</ele></trkpt><trkpt lat="40.92898" lon="-4.05243"><ele>1098</ele></trkpt><trkpt lat="40.929" lon="-4.05245"><ele>1098</ele></trkpt><trkpt lat="40.92902" lon="-4.05249"><ele>1098</ele></trkpt><trkpt lat="40.92904" lon="-4.05252"><ele>1098</ele></trkpt><trkpt lat="40.92905" lon="-4.05255"><ele>1098</ele></trkpt><trkpt lat="40.92906" lon="-4.05259"><ele>1098</ele></trkpt><trkpt lat="40.92907" lon="-4.05263"><ele>1098</ele></trkpt><trkpt lat="40.92907" lon="-4.05267"><ele>1098</ele></trkpt><trkpt lat="40.92907" lon="-4.05271"><ele>1098</ele></trkpt><trkpt lat="40.92907" lon="-4.05275"><ele>1097</ele></trkpt><trkpt lat="40.92906" lon="-4.05279"><ele>1097</ele></trkpt><trkpt lat="40.92905" lon="-4.05283"><ele>1097</ele></trkpt><trkpt lat="40.92904" lon="-4.05286"><ele>1097</ele></trkpt><trkpt lat="40.92902" lon="-4.0529"><ele>1097</ele></trkpt><trkpt lat="40.929" lon="-4.05293"><ele>1097</ele></trkpt><trkpt lat="40.92898" lon="-4.05295"><ele>1097</ele></trkpt><trkpt lat="40.92895" lon="-4.05298"><ele>1097</ele></trkpt><trkpt lat="40.92893" lon="-4.053"><ele>1097</ele></trkpt><trkpt lat="40.9289" lon="-4.05301"><ele>1097</ele></trkpt><trkpt lat="40.92887" lon="-4.05302"><ele>1097</ele></trkpt><trkpt lat="40.92884" lon="-4.05303"><ele>1097</ele></trkpt><trkpt lat="40.92883" lon="-4.05303"><ele>1097</ele></trkpt><trkpt lat="40.92882" lon="-4.05303"><ele>1097</ele></trkpt><trkpt lat="40.92881" lon="-4.05303"><ele>1097</ele></trkpt><trkpt lat="40.9288" lon="-4.05303"><ele>1097</ele></trkpt><trkpt lat="40.92874" lon="-4.05302"><ele>1097</ele></trkpt><trkpt lat="40.92871" lon="-4.05301"><ele>1097</ele></trkpt><trkpt lat="40.92868" lon="-4.05299"><ele>1097</ele></trkpt><trkpt lat="40.92866" lon="-4.05297"><ele>1097</ele></trkpt><trkpt lat="40.92863" lon="-4.05294"><ele>1097</ele></trkpt><trkpt lat="40.92861" lon="-4.05291"><ele>1097</ele></trkpt><trkpt lat="40.9286" lon="-4.05289"><ele>1097</ele></trkpt><trkpt lat="40.92858" lon="-4.05285"><ele>1097</ele></trkpt><trkpt lat="40.92857" lon="-4.05281"><ele>1097</ele></trkpt><trkpt lat="40.92856" lon="-4.05278"><ele>1098</ele></trkpt><trkpt lat="40.92855" lon="-4.05274"><ele>1098</ele></trkpt><trkpt lat="40.92855" lon="-4.0527"><ele>1098</ele></trkpt><trkpt lat="40.92855" lon="-4.05266"><ele>1098</ele></trkpt><trkpt lat="40.92855" lon="-4.05265"><ele>1098</ele></trkpt><trkpt lat="40.92833" lon="-4.0526"><ele>1098</ele></trkpt><trkpt lat="40.92764" lon="-4.05254"><ele>1097</ele></trkpt><trkpt lat="40.92694" lon="-4.05257"><ele>1097</ele></trkpt><trkpt lat="40.92646" lon="-4.0527"><ele>1095</ele></trkpt><trkpt lat="40.92597" lon="-4.05298"><ele>1091</ele></trkpt><trkpt lat="40.9255" lon="-4.0534"><ele>1086</ele></trkpt><trkpt lat="40.92505" lon="-4.05392"><ele>1078</ele></trkpt><trkpt lat="40.92431" lon="-4.05478"><ele>1060</ele></trkpt><trkpt lat="40.92428" lon="-4.05482"><ele>1059</ele></trkpt><trkpt lat="40.92414" lon="-4.05499"><ele>1055</ele></trkpt><trkpt lat="40.92386" lon="-4.05534"><ele>1052</ele></trkpt><trkpt lat="40.92378" lon="-4.05544"><ele>1051</ele></trkpt><trkpt lat="40.92365" lon="-4.05559"><ele>1050</ele></trkpt><trkpt lat="40.92296" lon="-4.0565"><ele>1060</ele></trkpt><trkpt lat="40.92226" lon="-4.05747"><ele>1073</ele></trkpt><trkpt lat="40.92176" lon="-4.05819"><ele>1076</ele></trkpt><trkpt lat="40.92145" lon="-4.05875"><ele>1076</ele></trkpt><trkpt lat="40.92122" lon="-4.05924"><ele>1075</ele></trkpt><trkpt lat="40.92099" lon="-4.05986"><ele>1075</ele></trkpt><trkpt lat="40.9208" lon="-4.06039"><ele>1075</ele></trkpt><trkpt lat="40.92046" lon="-4.06119"><ele>1076</ele></trkpt><trkpt lat="40.92022" lon="-4.06162"><ele>1077</ele></trkpt><trkpt lat="40.91993" lon="-4.06199"><ele>1079</ele></trkpt><trkpt lat="40.91952" lon="-4.06243"><ele>1082</ele></trkpt><trkpt lat="40.91891" lon="-4.06299"><ele>1086</ele></trkpt><trkpt lat="40.91839" lon="-4.06347"><ele>1087</ele></trkpt><trkpt lat="40.91815" lon="-4.06368"><ele>1086</ele></trkpt><trkpt lat="40.91815" lon="-4.06368"><ele>1086</ele></trkpt><trkpt lat="40.91816" lon="-4.06369"><ele>1086</ele></trkpt><trkpt lat="40.91817" lon="-4.06372"><ele>1086</ele></trkpt><trkpt lat="40.91818" lon="-4.06374"><ele>1086</ele></trkpt><trkpt lat="40.91818" lon="-4.06377"><ele>1086</ele></trkpt><trkpt lat="40.91819" lon="-4.0638"><ele>1086</ele></trkpt><trkpt lat="40.91819" lon="-4.06383"><ele>1086</ele></trkpt><trkpt lat="40.91819" lon="-4.06386"><ele>1086</ele></trkpt><trkpt lat="40.91819" lon="-4.06389"><ele>1086</ele></trkpt><trkpt lat="40.91818" lon="-4.06392"><ele>1086</ele></trkpt><trkpt lat="40.91818" lon="-4.06394"><ele>1085</ele></trkpt><trkpt lat="40.91817" lon="-4.06397"><ele>1085</ele></trkpt><trkpt lat="40.91815" lon="-4.064"><ele>1085</ele></trkpt><trkpt lat="40.91814" lon="-4.06403"><ele>1085</ele></trkpt><trkpt lat="40.91813" lon="-4.06405"><ele>1085</ele></trkpt><trkpt lat="40.91811" lon="-4.06407"><ele>1085</ele></trkpt><trkpt lat="40.91809" lon="-4.06409"><ele>1085</ele></trkpt><trkpt lat="40.91808" lon="-4.0641"><ele>1085</ele></trkpt><trkpt lat="40.91806" lon="-4.06412"><ele>1085</ele></trkpt><trkpt lat="40.91803" lon="-4.06413"><ele>1085</ele></trkpt><trkpt lat="40.91801" lon="-4.06413"><ele>1085</ele></trkpt><trkpt lat="40.91799" lon="-4.06414"><ele>1085</ele></trkpt><trkpt lat="40.91797" lon="-4.06414"><ele>1085</ele></trkpt><trkpt lat="40.91795" lon="-4.06414"><ele>1085</ele></trkpt><trkpt lat="40.91793" lon="-4.06414"><ele>1085</ele></trkpt><trkpt lat="40.9179" lon="-4.06413"><ele>1085</ele></trkpt><trkpt lat="40.91788" lon="-4.06412"><ele>1085</ele></trkpt><trkpt lat="40.91786" lon="-4.06411"><ele>1085</ele></trkpt><trkpt lat="40.91784" lon="-4.06409"><ele>1085</ele></trkpt><trkpt lat="40.91783" lon="-4.06407"><ele>1085</ele></trkpt><trkpt lat="40.91781" lon="-4.06405"><ele>1085</ele></trkpt><trkpt lat="40.9178" lon="-4.06403"><ele>1085</ele></trkpt><trkpt lat="40.91773" lon="-4.06409"><ele>1085</ele></trkpt><trkpt lat="40.91765" lon="-4.06416"><ele>1085</ele></trkpt><trkpt lat="40.91728" lon="-4.06449"><ele>1085</ele></trkpt><trkpt lat="40.91696" lon="-4.06479"><ele>1086</ele></trkpt><trkpt lat="40.91667" lon="-4.06504"><ele>1087</ele></trkpt><trkpt lat="40.9165" lon="-4.0652"><ele>1087</ele></trkpt><trkpt lat="40.91637" lon="-4.06531"><ele>1087</ele></trkpt><trkpt lat="40.91625" lon="-4.0654"><ele>1087</ele></trkpt><trkpt lat="40.9161" lon="-4.06551"><ele>1087</ele></trkpt><trkpt lat="40.91596" lon="-4.06559"><ele>1087</ele></trkpt><trkpt lat="40.91583" lon="-4.06565"><ele>1087</ele></trkpt><trkpt lat="40.91572" lon="-4.06569"><ele>1087</ele></trkpt><trkpt lat="40.9156" lon="-4.06572"><ele>1088</ele></trkpt><trkpt lat="40.91547" lon="-4.06575"><ele>1089</ele></trkpt><trkpt lat="40.91536" lon="-4.06577"><ele>1089</ele></trkpt><trkpt lat="40.91523" lon="-4.06578"><ele>1090</ele></trkpt><trkpt lat="40.91512" lon="-4.06578"><ele>1091</ele></trkpt><trkpt lat="40.91498" lon="-4.06578"><ele>1092</ele></trkpt><trkpt lat="40.91483" lon="-4.06576"><ele>1092</ele></trkpt><trkpt lat="40.91473" lon="-4.06574"><ele>1092</ele></trkpt><trkpt lat="40.91457" lon="-4.06572"><ele>1092</ele></trkpt><trkpt lat="40.91444" lon="-4.06579"><ele>1092</ele></trkpt><trkpt lat="40.91444" lon="-4.06579"><ele>1092</ele></trkpt><trkpt lat="40.91443" lon="-4.06582"><ele>1092</ele></trkpt><trkpt lat="40.91442" lon="-4.06585"><ele>1092</ele></trkpt><trkpt lat="40.91441" lon="-4.06588"><ele>1092</ele></trkpt><trkpt lat="40.91454" lon="-4.06634"><ele>1090</ele></trkpt><trkpt lat="40.91555" lon="-4.06792"><ele>1087</ele></trkpt><trkpt lat="40.91573" lon="-4.06807"><ele>1088</ele></trkpt><trkpt lat="40.9159" lon="-4.06815"><ele>1088</ele></trkpt><trkpt lat="40.91608" lon="-4.06821"><ele>1089</ele></trkpt><trkpt lat="40.91608" lon="-4.06821"><ele>1089</ele></trkpt><trkpt lat="40.91611" lon="-4.06822"><ele>1089</ele></trkpt><trkpt lat="40.91613" lon="-4.06823"><ele>1089</ele></trkpt><trkpt lat="40.91615" lon="-4.06824"><ele>1089</ele></trkpt><trkpt lat="40.91616" lon="-4.06825"><ele>1089</ele></trkpt><trkpt lat="40.91618" lon="-4.06827"><ele>1089</ele></trkpt><trkpt lat="40.91619" lon="-4.06828"><ele>1089</ele></trkpt><trkpt lat="40.91621" lon="-4.0683"><ele>1089</ele></trkpt><trkpt lat="40.91622" lon="-4.06832"><ele>1090</ele></trkpt><trkpt lat="40.91623" lon="-4.06834"><ele>1090</ele></trkpt><trkpt lat="40.91624" lon="-4.06836"><ele>1090</ele></trkpt><trkpt lat="40.91625" lon="-4.06838"><ele>1090</ele></trkpt><trkpt lat="40.91625" lon="-4.0684"><ele>1090</ele></trkpt><trkpt lat="40.91626" lon="-4.06842"><ele>1090</ele></trkpt><trkpt lat="40.91626" lon="-4.06845"><ele>1090</ele></trkpt><trkpt lat="40.91626" lon="-4.06847"><ele>1090</ele></trkpt><trkpt lat="40.91626" lon="-4.0685"><ele>1090</ele></trkpt><trkpt lat="40.91626" lon="-4.06852"><ele>1090</ele></trkpt><trkpt lat="40.91626" lon="-4.06855"><ele>1090</ele></trkpt><trkpt lat="40.91625" lon="-4.06857"><ele>1090</ele></trkpt><trkpt lat="40.91624" lon="-4.06859"><ele>1090</ele></trkpt><trkpt lat="40.91633" lon="-4.06914"><ele>1092</ele></trkpt><trkpt lat="40.91638" lon="-4.06922"><ele>1092</ele></trkpt><trkpt lat="40.91649" lon="-4.06941"><ele>1092</ele></trkpt><trkpt lat="40.91651" lon="-4.06943"><ele>1092</ele></trkpt><trkpt lat="40.91784" lon="-4.07153"><ele>1087</ele></trkpt><trkpt lat="40.91844" lon="-4.07247"><ele>1085</ele></trkpt><trkpt lat="40.91844" lon="-4.07249"><ele>1085</ele></trkpt><trkpt lat="40.92004" lon="-4.07499"><ele>1081</ele></trkpt><trkpt lat="40.92131" lon="-4.07701"><ele>1075</ele></trkpt><trkpt lat="40.9214" lon="-4.07715"><ele>1075</ele></trkpt><trkpt lat="40.92213" lon="-4.07829"><ele>1071</ele></trkpt><trkpt lat="40.92215" lon="-4.07833"><ele>1071</ele></trkpt><trkpt lat="40.9222" lon="-4.07841"><ele>1071</ele></trkpt><trkpt lat="40.92249" lon="-4.07886"><ele>1069</ele></trkpt><trkpt lat="40.9226" lon="-4.07903"><ele>1069</ele></trkpt><trkpt lat="40.92269" lon="-4.07918"><ele>1069</ele></trkpt><trkpt lat="40.92278" lon="-4.07933"><ele>1068</ele></trkpt><trkpt lat="40.92281" lon="-4.07934"><ele>1068</ele></trkpt><trkpt lat="40.92284" lon="-4.07935"><ele>1068</ele></trkpt><trkpt lat="40.9231" lon="-4.07965"><ele>1067</ele></trkpt><trkpt lat="40.92311" lon="-4.07965"><ele>1067</ele></trkpt><trkpt lat="40.92312" lon="-4.07965"><ele>1067</ele></trkpt><trkpt lat="40.92313" lon="-4.07966"><ele>1067</ele></trkpt><trkpt lat="40.92314" lon="-4.07966"><ele>1067</ele></trkpt><trkpt lat="40.92316" lon="-4.07966"><ele>1067</ele></trkpt><trkpt lat="40.92317" lon="-4.07967"><ele>1067</ele></trkpt><trkpt lat="40.92318" lon="-4.07967"><ele>1067</ele></trkpt><trkpt lat="40.92318" lon="-4.07968"><ele>1067</ele></trkpt><trkpt lat="40.92319" lon="-4.07968"><ele>1067</ele></trkpt><trkpt lat="40.9232" lon="-4.07969"><ele>1067</ele></trkpt><trkpt lat="40.92321" lon="-4.0797"><ele>1067</ele></trkpt><trkpt lat="40.92321" lon="-4.07971"><ele>1067</ele></trkpt><trkpt lat="40.92322" lon="-4.07972"><ele>1067</ele></trkpt><trkpt lat="40.92323" lon="-4.07973"><ele>1067</ele></trkpt><trkpt lat="40.92324" lon="-4.07974"><ele>1067</ele></trkpt><trkpt lat="40.92324" lon="-4.07975"><ele>1067</ele></trkpt><trkpt lat="40.92325" lon="-4.07976"><ele>1067</ele></trkpt><trkpt lat="40.92325" lon="-4.07978"><ele>1067</ele></trkpt><trkpt lat="40.92326" lon="-4.0798"><ele>1067</ele></trkpt><trkpt lat="40.92326" lon="-4.07981"><ele>1067</ele></trkpt><trkpt lat="40.92326" lon="-4.07982"><ele>1067</ele></trkpt><trkpt lat="40.92326" lon="-4.07984"><ele>1067</ele></trkpt><trkpt lat="40.92327" lon="-4.07985"><ele>1067</ele></trkpt><trkpt lat="40.92327" lon="-4.07986"><ele>1067</ele></trkpt><trkpt lat="40.92334" lon="-4.08001"><ele>1067</ele></trkpt><trkpt lat="40.92348" lon="-4.08036"><ele>1066</ele></trkpt><trkpt lat="40.92349" lon="-4.08043"><ele>1066</ele></trkpt><trkpt lat="40.92352" lon="-4.08051"><ele>1065</ele></trkpt><trkpt lat="40.92354" lon="-4.08053"><ele>1065</ele></trkpt><trkpt lat="40.92359" lon="-4.08061"><ele>1065</ele></trkpt><trkpt lat="40.92381" lon="-4.08097"><ele>1065</ele></trkpt><trkpt lat="40.92397" lon="-4.08122"><ele>1065</ele></trkpt><trkpt lat="40.92468" lon="-4.08231"><ele>1063</ele></trkpt><trkpt lat="40.92503" lon="-4.08286"><ele>1064</ele></trkpt><trkpt lat="40.92527" lon="-4.08323"><ele>1065</ele></trkpt><trkpt lat="40.92536" lon="-4.08337"><ele>1066</ele></trkpt><trkpt lat="40.92593" lon="-4.08427"><ele>1066</ele></trkpt><trkpt lat="40.92659" lon="-4.08531"><ele>1067</ele></trkpt><trkpt lat="40.92684" lon="-4.0857"><ele>1068</ele></trkpt><trkpt lat="40.92715" lon="-4.08617"><ele>1068</ele></trkpt><trkpt lat="40.9272" lon="-4.08624"><ele>1068</ele></trkpt><trkpt lat="40.92728" lon="-4.08629"><ele>1068</ele></trkpt><trkpt lat="40.92738" lon="-4.08637"><ele>1068</ele></trkpt><trkpt lat="40.92738" lon="-4.08637"><ele>1068</ele></trkpt><trkpt lat="40.92744" lon="-4.08634"><ele>1068</ele></trkpt><trkpt lat="40.9275" lon="-4.08634"><ele>1068</ele></trkpt><trkpt lat="40.92756" lon="-4.08634"><ele>1067</ele></trkpt><trkpt lat="40.92759" lon="-4.08635"><ele>1067</ele></trkpt><trkpt lat="40.92762" lon="-4.08635"><ele>1067</ele></trkpt><trkpt lat="40.92765" lon="-4.08637"><ele>1067</ele></trkpt><trkpt lat="40.92768" lon="-4.08638"><ele>1067</ele></trkpt><trkpt lat="40.9277" lon="-4.0864"><ele>1067</ele></trkpt><trkpt lat="40.92773" lon="-4.08642"><ele>1067</ele></trkpt><trkpt lat="40.92775" lon="-4.08645"><ele>1067</ele></trkpt><trkpt lat="40.92777" lon="-4.08648"><ele>1067</ele></trkpt><trkpt lat="40.9278" lon="-4.08653"><ele>1067</ele></trkpt><trkpt lat="40.92783" lon="-4.08658"><ele>1067</ele></trkpt><trkpt lat="40.92785" lon="-4.08664"><ele>1067</ele></trkpt><trkpt lat="40.92786" lon="-4.0867"><ele>1067</ele></trkpt><trkpt lat="40.92787" lon="-4.08677"><ele>1067</ele></trkpt><trkpt lat="40.92787" lon="-4.08683"><ele>1067</ele></trkpt><trkpt lat="40.92786" lon="-4.0869"><ele>1068</ele></trkpt><trkpt lat="40.92784" lon="-4.08696"><ele>1068</ele></trkpt><trkpt lat="40.92784" lon="-4.08698"><ele>1068</ele></trkpt><trkpt lat="40.92783" lon="-4.087"><ele>1068</ele></trkpt><trkpt lat="40.92782" lon="-4.08702"><ele>1068</ele></trkpt><trkpt lat="40.92781" lon="-4.08703"><ele>1068</ele></trkpt><trkpt lat="40.9278" lon="-4.08705"><ele>1068</ele></trkpt><trkpt lat="40.92781" lon="-4.08708"><ele>1068</ele></trkpt><trkpt lat="40.92782" lon="-4.08713"><ele>1069</ele></trkpt><trkpt lat="40.92785" lon="-4.08721"><ele>1069</ele></trkpt><trkpt lat="40.92787" lon="-4.08726"><ele>1069</ele></trkpt><trkpt lat="40.92789" lon="-4.08729"><ele>1069</ele></trkpt><trkpt lat="40.92792" lon="-4.08735"><ele>1069</ele></trkpt><trkpt lat="40.92795" lon="-4.08744"><ele>1070</ele></trkpt><trkpt lat="40.92841" lon="-4.08817"><ele>1073</ele></trkpt><trkpt lat="40.92846" lon="-4.08826"><ele>1073</ele></trkpt><trkpt lat="40.92851" lon="-4.08829"><ele>1073</ele></trkpt><trkpt lat="40.92861" lon="-4.08844"><ele>1073</ele></trkpt><trkpt lat="40.92871" lon="-4.08859"><ele>1073</ele></trkpt><trkpt lat="40.92881" lon="-4.08877"><ele>1072</ele></trkpt><trkpt lat="40.92911" lon="-4.08911"><ele>1072</ele></trkpt><trkpt lat="40.92911" lon="-4.08911"><ele>1072</ele></trkpt><trkpt lat="40.92915" lon="-4.08913"><ele>1072</ele></trkpt><trkpt lat="40.92917" lon="-4.08914"><ele>1072</ele></trkpt><trkpt lat="40.9292" lon="-4.08916"><ele>1072</ele></trkpt><trkpt lat="40.92922" lon="-4.08919"><ele>1072</ele></trkpt><trkpt lat="40.92925" lon="-4.08921"><ele>1072</ele></trkpt><trkpt lat="40.92927" lon="-4.08924"><ele>1072</ele></trkpt><trkpt lat="40.92929" lon="-4.08928"><ele>1072</ele></trkpt><trkpt lat="40.9293" lon="-4.08932"><ele>1072</ele></trkpt><trkpt lat="40.92931" lon="-4.08936"><ele>1072</ele></trkpt><trkpt lat="40.92932" lon="-4.08939"><ele>1073</ele></trkpt><trkpt lat="40.92933" lon="-4.08944"><ele>1073</ele></trkpt><trkpt lat="40.92933" lon="-4.08948"><ele>1073</ele></trkpt><trkpt lat="40.92933" lon="-4.08952"><ele>1073</ele></trkpt><trkpt lat="40.92932" lon="-4.08956"><ele>1073</ele></trkpt><trkpt lat="40.92931" lon="-4.0896"><ele>1074</ele></trkpt><trkpt lat="40.9293" lon="-4.08962"><ele>1074</ele></trkpt><trkpt lat="40.9293" lon="-4.08964"><ele>1074</ele></trkpt><trkpt lat="40.92929" lon="-4.08965"><ele>1074</ele></trkpt><trkpt lat="40.92928" lon="-4.08966"><ele>1074</ele></trkpt><trkpt lat="40.92927" lon="-4.08967"><ele>1074</ele></trkpt><trkpt lat="40.92926" lon="-4.08968"><ele>1074</ele></trkpt><trkpt lat="40.92925" lon="-4.08969"><ele>1074</ele></trkpt><trkpt lat="40.92924" lon="-4.0897"><ele>1074</ele></trkpt><trkpt lat="40.92923" lon="-4.08971"><ele>1074</ele></trkpt><trkpt lat="40.92921" lon="-4.08971"><ele>1074</ele></trkpt><trkpt lat="40.9292" lon="-4.08972"><ele>1074</ele></trkpt><trkpt lat="40.92919" lon="-4.08972"><ele>1074</ele></trkpt><trkpt lat="40.92918" lon="-4.08972"><ele>1074</ele></trkpt><trkpt lat="40.92916" lon="-4.08972"><ele>1075</ele></trkpt><trkpt lat="40.92915" lon="-4.08972"><ele>1075</ele></trkpt><trkpt lat="40.92914" lon="-4.08972"><ele>1075</ele></trkpt><trkpt lat="40.92913" lon="-4.08972"><ele>1075</ele></trkpt><trkpt lat="40.92911" lon="-4.08971"><ele>1075</ele></trkpt><trkpt lat="40.9291" lon="-4.08971"><ele>1075</ele></trkpt><trkpt lat="40.92908" lon="-4.08971"><ele>1075</ele></trkpt><trkpt lat="40.92894" lon="-4.08984"><ele>1076</ele></trkpt><trkpt lat="40.92887" lon="-4.08988"><ele>1076</ele></trkpt><trkpt lat="40.92873" lon="-4.09005"><ele>1078</ele></trkpt><trkpt lat="40.92828" lon="-4.09054"><ele>1081</ele></trkpt><trkpt lat="40.92828" lon="-4.09054"><ele>1081</ele></trkpt><trkpt lat="40.9291" lon="-4.09183"><ele>1082</ele></trkpt><trkpt lat="40.92931" lon="-4.09218"><ele>1082</ele></trkpt><trkpt lat="40.92947" lon="-4.09245"><ele>1081</ele></trkpt><trkpt lat="40.92967" lon="-4.09274"><ele>1081</ele></trkpt><trkpt lat="40.93002" lon="-4.09332"><ele>1081</ele></trkpt><trkpt lat="40.93011" lon="-4.09346"><ele>1082</ele></trkpt><trkpt lat="40.93023" lon="-4.09366"><ele>1082</ele></trkpt><trkpt lat="40.93027" lon="-4.09373"><ele>1082</ele></trkpt><trkpt lat="40.93038" lon="-4.09388"><ele>1082</ele></trkpt><trkpt lat="40.93127" lon="-4.0953"><ele>1084</ele></trkpt><trkpt lat="40.93142" lon="-4.09553"><ele>1085</ele></trkpt><trkpt lat="40.93185" lon="-4.09622"><ele>1084</ele></trkpt><trkpt lat="40.93191" lon="-4.09631"><ele>1084</ele></trkpt><trkpt lat="40.93206" lon="-4.09654"><ele>1084</ele></trkpt><trkpt lat="40.932060966472" lon="-4.0965412051067"><ele>1084</ele></trkpt><trkpt lat="40.93205" lon="-4.09655"><ele>1084</ele></trkpt><trkpt lat="40.93287" lon="-4.0975599999999"><ele>1082</ele></trkpt></trkseg></trk></gpx>