<?xml version="1.0" encoding="UTF-8"?>
<gpx creator="StravaGPX" version="1.1" xmlns="http://www.topografix.com/GPX/1/1" xmlns:xsi="http://www.w3.org/2001/XMLSchema-instance" xsi:schemaLocation="http://www.topografix.com/GPX/1/1 http://www.topografix.com/GPX/1/1/gpx.xsd">
 <metadata>
  <name>Legendaria Ontinyent Gran Fondo (Legend)</name>
  <author>
   <name>JUANVI Aparici Sánchez</name>
   <link href="https://www.strava.com/athletes/156577679"/>
  </author>
  <copyright author="OpenStreetMap contributors">
   <year>2020</year>
   <license>https://www.openstreetmap.org/copyright</license>
  </copyright>
  <link href="https://www.strava.com/routes/3369294120970213302"/>
 </metadata>
 <wpt lat="38.8242" lon="-0.59592">
  <name>Ontinyent (SALIDA)</name>
  <desc></desc>
  <sym>Checkpoint</sym>
  <type>Checkpoint</type>
 </wpt>
 <wpt lat="38.80752" lon="-0.74366">
  <name>Puerto de la Solana</name>
  <desc></desc>
  <sym>Peak</sym>
  <type>Peak</type>
 </wpt>
 <wpt lat="38.78295" lon="-0.78496">
  <name>Fontanars dels Alforins</name>
  <desc></desc>
  <sym>Checkpoint</sym>
  <type>Checkpoint</type>
 </wpt>
 <wpt lat="38.74908" lon="-0.78917">
  <name>Puerto del Moro</name>
  <desc></desc>
  <sym>Peak</sym>
  <type>Peak</type>
 </wpt>
 <wpt lat="38.70219" lon="-0.76135">
  <name>Beneixama</name>
  <desc></desc>
  <sym>Checkpoint</sym>
  <type>Checkpoint</type>
 </wpt>
 <wpt lat="38.69808" lon="-0.76576">
  <name>AVS 1</name>
  <desc></desc>
  <sym>Restaurant</sym>
  <type>Restaurant</type>
 </wpt>
 <wpt lat="38.68753" lon="-0.77532">
  <name>Camp de Mirra</name>
  <desc></desc>
  <sym>Checkpoint</sym>
  <type>Checkpoint</type>
 </wpt>
 <wpt lat="38.66808" lon="-0.90544">
  <name>Ferrero Tennis Academy</name>
  <desc></desc>
  <sym>Attraction</sym>
  <type>Attraction</type>
 </wpt>
 <wpt lat="38.6681" lon="-0.90532">
  <name>AVS 2</name>
  <desc></desc>
  <sym>Restaurant</sym>
  <type>Restaurant</type>
 </wpt>
 <wpt lat="38.77365" lon="-0.83274">
  <name>Bodegas Los Frailes</name>
  <desc></desc>
  <sym>Bar</sym>
  <type>Bar</type>
 </wpt>
 <wpt lat="38.90166" lon="-0.8012">
  <name>Puerto de Cumbres de Valencia</name>
  <desc></desc>
  <sym>Peak</sym>
  <type>Peak</type>
 </wpt>
 <wpt lat="38.9211" lon="-0.88155">
  <name>Navalón de Arriba</name>
  <desc></desc>
  <sym>Checkpoint</sym>
  <type>Checkpoint</type>
 </wpt>
 <wpt lat="38.9209" lon="-0.88185">
  <name>AVL 1</name>
  <desc></desc>
  <sym>Water Source</sym>
  <type>Water Source</type>
 </wpt>
 <wpt lat="38.80576" lon="-0.87621">
  <name>Font de la Figuera</name>
  <desc></desc>
  <sym>Checkpoint</sym>
  <type>Checkpoint</type>
 </wpt>
 <wpt lat="38.87387" lon="-0.75437">
  <name>Moixent</name>
  <desc></desc>
  <sym>Checkpoint</sym>
  <type>Checkpoint</type>
 </wpt>
 <wpt lat="38.87357" lon="-0.7537">
  <name>AVS 3</name>
  <desc></desc>
  <sym>Restaurant</sym>
  <type>Restaurant</type>
 </wpt>
 <wpt lat="38.89373" lon="-0.69007">
  <name>Vallada</name>
  <desc></desc>
  <sym>Checkpoint</sym>
  <type>Checkpoint</type>
 </wpt>
 <wpt lat="38.89052" lon="-0.6864">
  <name>Premio Alt del Campello - Inicio tramo cronometrado</name>
  <desc></desc>
  <sym>Segment Start</sym>
  <type>Segment Start</type>
 </wpt>
 <wpt lat="38.8812" lon="-0.67872">
  <name>Premio Alt del Campello - Fin tramo cronometrado</name>
  <desc></desc>
  <sym>Segment End</sym>
  <type>Segment End</type>
 </wpt>
 <wpt lat="38.86011" lon="-0.66734">
  <name>Puerto del Portixol</name>
  <desc></desc>
  <sym>Peak</sym>
  <type>Peak</type>
 </wpt>
 <wpt lat="38.8241" lon="-0.59585">
  <name>Ontinyent (META)</name>
  <desc></desc>
  <sym>Checkpoint</sym>
  <type>Checkpoint</type>
 </wpt>
 <trk>
  <name>Legendaria Ontinyent Gran Fondo (Legend)</name>
  <link href="https://www.strava.com/routes/3369294120970213302"/>
  <type>cycling</type>
  <trkseg>
   <trkpt lat="38.824040000000004" lon="-0.5960000000000001">
    <ele>351.14</ele>
   </trkpt>
   <trkpt lat="38.8241" lon="-0.5958500000000001">
    <ele>350.96000000000004</ele>
   </trkpt>
   <trkpt lat="38.824200000000005" lon="-0.59592">
    <ele>350.46000000000004</ele>
   </trkpt>
   <trkpt lat="38.824960000000004" lon="-0.59641">
    <ele>346.29</ele>
   </trkpt>
   <trkpt lat="38.825070000000004" lon="-0.59643">
    <ele>346.29</ele>
   </trkpt>
   <trkpt lat="38.825590000000005" lon="-0.59648">
    <ele>342.77000000000004</ele>
   </trkpt>
   <trkpt lat="38.825770000000006" lon="-0.5963700000000001">
    <ele>342.48</ele>
   </trkpt>
   <trkpt lat="38.82582" lon="-0.5963">
    <ele>341.11</ele>
   </trkpt>
   <trkpt lat="38.82587" lon="-0.59628">
    <ele>340.93</ele>
   </trkpt>
   <trkpt lat="38.82592" lon="-0.5963">
    <ele>340.93</ele>
   </trkpt>
   <trkpt lat="38.82594" lon="-0.5963200000000001">
    <ele>340.90000000000003</ele>
   </trkpt>
   <trkpt lat="38.82596" lon="-0.5963900000000001">
    <ele>341.06</ele>
   </trkpt>
   <trkpt lat="38.82593000000001" lon="-0.5967300000000001">
    <ele>341.58000000000004</ele>
   </trkpt>
   <trkpt lat="38.82586667716637" lon="-0.5978400020391096">
    <ele>341.23</ele>
   </trkpt>
   <trkpt lat="38.82580334382935" lon="-0.5989500021035433">
    <ele>341.98</ele>
   </trkpt>
   <trkpt lat="38.82574" lon="-0.60006">
    <ele>350.35</ele>
   </trkpt>
   <trkpt lat="38.82571" lon="-0.60009">
    <ele>350.77000000000004</ele>
   </trkpt>
   <trkpt lat="38.82569" lon="-0.6001200000000001">
    <ele>350.77000000000004</ele>
   </trkpt>
   <trkpt lat="38.82569" lon="-0.60019">
    <ele>351.23</ele>
   </trkpt>
   <trkpt lat="38.82574" lon="-0.6002000000000001">
    <ele>351.38</ele>
   </trkpt>
   <trkpt lat="38.82569333949224" lon="-0.6010500011185647">
    <ele>353.79</ele>
   </trkpt>
   <trkpt lat="38.82564667282532" lon="-0.60190000112291">
    <ele>354.07000000000005</ele>
   </trkpt>
   <trkpt lat="38.8256" lon="-0.60275">
    <ele>353.98</ele>
   </trkpt>
   <trkpt lat="38.825660000000006" lon="-0.60279">
    <ele>353.72</ele>
   </trkpt>
   <trkpt lat="38.82574" lon="-0.60292">
    <ele>351.62000000000006</ele>
   </trkpt>
   <trkpt lat="38.82582" lon="-0.6030500000000001">
    <ele>340.28000000000003</ele>
   </trkpt>
   <trkpt lat="38.82594" lon="-0.6032900000000001">
    <ele>339.24</ele>
   </trkpt>
   <trkpt lat="38.826420004131414" lon="-0.6039833240325442">
    <ele>335.52000000000004</ele>
   </trkpt>
   <trkpt lat="38.826900004164905" lon="-0.6046766574141261">
    <ele>334.44</ele>
   </trkpt>
   <trkpt lat="38.827380000000005" lon="-0.6053700000000001">
    <ele>334.35</ele>
   </trkpt>
   <trkpt lat="38.827540000000006" lon="-0.60548">
    <ele>334.46000000000004</ele>
   </trkpt>
   <trkpt lat="38.82757" lon="-0.6054700000000001">
    <ele>334.58000000000004</ele>
   </trkpt>
   <trkpt lat="38.82764" lon="-0.60548">
    <ele>334.58000000000004</ele>
   </trkpt>
   <trkpt lat="38.827690000000004" lon="-0.60555">
    <ele>335.07000000000005</ele>
   </trkpt>
   <trkpt lat="38.8277" lon="-0.6056400000000001">
    <ele>335.07000000000005</ele>
   </trkpt>
   <trkpt lat="38.827670000000005" lon="-0.6057">
    <ele>335.07000000000005</ele>
   </trkpt>
   <trkpt lat="38.82761" lon="-0.6057400000000001">
    <ele>335.01000000000005</ele>
   </trkpt>
   <trkpt lat="38.82759" lon="-0.6059">
    <ele>334.82</ele>
   </trkpt>
   <trkpt lat="38.82746" lon="-0.60614">
    <ele>333.63000000000005</ele>
   </trkpt>
   <trkpt lat="38.827310000000004" lon="-0.60633">
    <ele>333.71</ele>
   </trkpt>
   <trkpt lat="38.82715" lon="-0.60641">
    <ele>334.14000000000004</ele>
   </trkpt>
   <trkpt lat="38.826620000000005" lon="-0.60658">
    <ele>336.64000000000004</ele>
   </trkpt>
   <trkpt lat="38.826440000000005" lon="-0.60668">
    <ele>338.48</ele>
   </trkpt>
   <trkpt lat="38.82634" lon="-0.60677">
    <ele>338.48</ele>
   </trkpt>
   <trkpt lat="38.82603" lon="-0.60729">
    <ele>341.54</ele>
   </trkpt>
   <trkpt lat="38.82568333690296" lon="-0.607936672955229">
    <ele>343.96000000000004</ele>
   </trkpt>
   <trkpt lat="38.82533667024102" lon="-0.6085833396129954">
    <ele>347.55</ele>
   </trkpt>
   <trkpt lat="38.82499" lon="-0.60923">
    <ele>349.94</ele>
   </trkpt>
   <trkpt lat="38.824960000000004" lon="-0.60946">
    <ele>350.05</ele>
   </trkpt>
   <trkpt lat="38.825010000000006" lon="-0.61019">
    <ele>350.38</ele>
   </trkpt>
   <trkpt lat="38.824980000000004" lon="-0.61043">
    <ele>350.5</ele>
   </trkpt>
   <trkpt lat="38.825010000000006" lon="-0.61058">
    <ele>350.88</ele>
   </trkpt>
   <trkpt lat="38.825030000000005" lon="-0.61063">
    <ele>350.96999999999997</ele>
   </trkpt>
   <trkpt lat="38.825030000000005" lon="-0.61073">
    <ele>351.37</ele>
   </trkpt>
   <trkpt lat="38.824980000000004" lon="-0.61077">
    <ele>351.37</ele>
   </trkpt>
   <trkpt lat="38.824960000000004" lon="-0.6107800000000001">
    <ele>351.37</ele>
   </trkpt>
   <trkpt lat="38.82486" lon="-0.6109">
    <ele>351.72</ele>
   </trkpt>
   <trkpt lat="38.82466" lon="-0.61124">
    <ele>353.14</ele>
   </trkpt>
   <trkpt lat="38.8243" lon="-0.61175">
    <ele>356.04</ele>
   </trkpt>
   <trkpt lat="38.82414" lon="-0.6119">
    <ele>357.25</ele>
   </trkpt>
   <trkpt lat="38.823740000420415" lon="-0.6122100017331723">
    <ele>359.33000000000004</ele>
   </trkpt>
   <trkpt lat="38.82334" lon="-0.6125200000000001">
    <ele>360.47</ele>
   </trkpt>
   <trkpt lat="38.8233" lon="-0.6126">
    <ele>360.47</ele>
   </trkpt>
   <trkpt lat="38.82276" lon="-0.61302">
    <ele>362.01000000000005</ele>
   </trkpt>
   <trkpt lat="38.822630000000004" lon="-0.6131800000000001">
    <ele>362.48</ele>
   </trkpt>
   <trkpt lat="38.82258" lon="-0.61328">
    <ele>363.00000000000006</ele>
   </trkpt>
   <trkpt lat="38.82258" lon="-0.6133500000000001">
    <ele>363.00000000000006</ele>
   </trkpt>
   <trkpt lat="38.822540000000004" lon="-0.6134400000000001">
    <ele>363.00000000000006</ele>
   </trkpt>
   <trkpt lat="38.82247" lon="-0.61348">
    <ele>363.44000000000005</ele>
   </trkpt>
   <trkpt lat="38.82233" lon="-0.6138">
    <ele>363.88000000000005</ele>
   </trkpt>
   <trkpt lat="38.82185500213236" lon="-0.6145200049199776">
    <ele>366.47</ele>
   </trkpt>
   <trkpt lat="38.821380000000005" lon="-0.61524">
    <ele>368.28000000000003</ele>
   </trkpt>
   <trkpt lat="38.82128" lon="-0.61551">
    <ele>368.77000000000004</ele>
   </trkpt>
   <trkpt lat="38.82115" lon="-0.6160000000000001">
    <ele>370.83000000000004</ele>
   </trkpt>
   <trkpt lat="38.821040004421064" lon="-0.6170200016994885">
    <ele>373.73</ele>
   </trkpt>
   <trkpt lat="38.820930000000004" lon="-0.61804">
    <ele>377.61000000000007</ele>
   </trkpt>
   <trkpt lat="38.82092" lon="-0.6183200000000001">
    <ele>377.61000000000007</ele>
   </trkpt>
   <trkpt lat="38.82097" lon="-0.6187">
    <ele>378.49000000000007</ele>
   </trkpt>
   <trkpt lat="38.82105000000001" lon="-0.6190100000000001">
    <ele>379.88000000000005</ele>
   </trkpt>
   <trkpt lat="38.82115" lon="-0.61912">
    <ele>380.22</ele>
   </trkpt>
   <trkpt lat="38.821180000000005" lon="-0.61926">
    <ele>380.65000000000003</ele>
   </trkpt>
   <trkpt lat="38.82119" lon="-0.61934">
    <ele>380.65000000000003</ele>
   </trkpt>
   <trkpt lat="38.82114" lon="-0.61951">
    <ele>381.20000000000005</ele>
   </trkpt>
   <trkpt lat="38.82105000000001" lon="-0.6196100000000001">
    <ele>381.20000000000005</ele>
   </trkpt>
   <trkpt lat="38.82096000000001" lon="-0.6199">
    <ele>381.83000000000004</ele>
   </trkpt>
   <trkpt lat="38.820910000000005" lon="-0.6202200000000001">
    <ele>382.63</ele>
   </trkpt>
   <trkpt lat="38.82089000465339" lon="-0.621265000349192">
    <ele>386.18</ele>
   </trkpt>
   <trkpt lat="38.820870000000006" lon="-0.62231">
    <ele>389.49000000000007</ele>
   </trkpt>
   <trkpt lat="38.82092" lon="-0.62311">
    <ele>391.93000000000006</ele>
   </trkpt>
   <trkpt lat="38.82099" lon="-0.6231800000000001">
    <ele>392.21000000000004</ele>
   </trkpt>
   <trkpt lat="38.82101" lon="-0.62329">
    <ele>393.40000000000003</ele>
   </trkpt>
   <trkpt lat="38.82099" lon="-0.62338">
    <ele>393.40000000000003</ele>
   </trkpt>
   <trkpt lat="38.82094" lon="-0.6234400000000001">
    <ele>393.6</ele>
   </trkpt>
   <trkpt lat="38.82094" lon="-0.62356">
    <ele>393.61</ele>
   </trkpt>
   <trkpt lat="38.820980000000006" lon="-0.62436">
    <ele>393.76000000000005</ele>
   </trkpt>
   <trkpt lat="38.821052509621" lon="-0.6252274973299715">
    <ele>394.03000000000003</ele>
   </trkpt>
   <trkpt lat="38.821125012826876" lon="-0.6260949964265761">
    <ele>394.42</ele>
   </trkpt>
   <trkpt lat="38.82119750961765" lon="-0.6269624972896655">
    <ele>394.17</ele>
   </trkpt>
   <trkpt lat="38.821270000000005" lon="-0.62783">
    <ele>390.96000000000004</ele>
   </trkpt>
   <trkpt lat="38.821270000000005" lon="-0.62817">
    <ele>389.58000000000004</ele>
   </trkpt>
   <trkpt lat="38.82121" lon="-0.62836">
    <ele>389.58000000000004</ele>
   </trkpt>
   <trkpt lat="38.82114" lon="-0.6285000000000001">
    <ele>388.41</ele>
   </trkpt>
   <trkpt lat="38.82066000106321" lon="-0.6290350037809858">
    <ele>387.04</ele>
   </trkpt>
   <trkpt lat="38.82018" lon="-0.6295700000000001">
    <ele>387.09000000000003</ele>
   </trkpt>
   <trkpt lat="38.82009" lon="-0.62973">
    <ele>387.17</ele>
   </trkpt>
   <trkpt lat="38.820040000000006" lon="-0.62995">
    <ele>387.23</ele>
   </trkpt>
   <trkpt lat="38.82000501369832" lon="-0.6309850014959685">
    <ele>388.35</ele>
   </trkpt>
   <trkpt lat="38.819970018265096" lon="-0.6320200019747975">
    <ele>389.33</ele>
   </trkpt>
   <trkpt lat="38.81993501370034" lon="-0.6330550014362237">
    <ele>390.34000000000003</ele>
   </trkpt>
   <trkpt lat="38.819900000000004" lon="-0.63409">
    <ele>391.40000000000003</ele>
   </trkpt>
   <trkpt lat="38.819810000000004" lon="-0.63451">
    <ele>391.66</ele>
   </trkpt>
   <trkpt lat="38.81951667330926" lon="-0.6353933406368923">
    <ele>393.56</ele>
   </trkpt>
   <trkpt lat="38.81922333996713" lon="-0.6362766739966502">
    <ele>395.42</ele>
   </trkpt>
   <trkpt lat="38.81893" lon="-0.6371600000000001">
    <ele>397.65000000000003</ele>
   </trkpt>
   <trkpt lat="38.81879" lon="-0.6377400000000001">
    <ele>398.62</ele>
   </trkpt>
   <trkpt lat="38.81877" lon="-0.63795">
    <ele>399.02000000000004</ele>
   </trkpt>
   <trkpt lat="38.81879" lon="-0.63832">
    <ele>400.6</ele>
   </trkpt>
   <trkpt lat="38.81893" lon="-0.63905">
    <ele>401.95000000000005</ele>
   </trkpt>
   <trkpt lat="38.81918667463885" lon="-0.6400166597235833">
    <ele>404.51000000000005</ele>
   </trkpt>
   <trkpt lat="38.81944334131223" lon="-0.6409833264154171">
    <ele>406.45000000000005</ele>
   </trkpt>
   <trkpt lat="38.819700000000005" lon="-0.64195">
    <ele>409.72</ele>
   </trkpt>
   <trkpt lat="38.81981801704769" lon="-0.6429499933629638">
    <ele>413.11</ele>
   </trkpt>
   <trkpt lat="38.81993602557108" lon="-0.6439499900403588">
    <ele>416.45000000000005</ele>
   </trkpt>
   <trkpt lat="38.82005402557013" lon="-0.644949990031971">
    <ele>419.82</ele>
   </trkpt>
   <trkpt lat="38.82017201704476" lon="-0.6459499933375858">
    <ele>422.66</ele>
   </trkpt>
   <trkpt lat="38.82029" lon="-0.64695">
    <ele>425.33000000000004</ele>
   </trkpt>
   <trkpt lat="38.8203" lon="-0.64737">
    <ele>426.19</ele>
   </trkpt>
   <trkpt lat="38.820232022233874" lon="-0.6485120043714572">
    <ele>428.2900000000001</ele>
   </trkpt>
   <trkpt lat="38.820164033350466" lon="-0.6496540065624031">
    <ele>430.7900000000001</ele>
   </trkpt>
   <trkpt lat="38.82009603334984" lon="-0.6507960065724906">
    <ele>433.99</ele>
   </trkpt>
   <trkpt lat="38.82002802223204" lon="-0.6519380044013727">
    <ele>438.06000000000006</ele>
   </trkpt>
   <trkpt lat="38.81996" lon="-0.6530800000000001">
    <ele>441.1700000000001</ele>
   </trkpt>
   <trkpt lat="38.819970000000005" lon="-0.65342">
    <ele>442.50000000000006</ele>
   </trkpt>
   <trkpt lat="38.82003" lon="-0.65381">
    <ele>444.09000000000003</ele>
   </trkpt>
   <trkpt lat="38.82021251153867" lon="-0.6547599926895675">
    <ele>447.25</ele>
   </trkpt>
   <trkpt lat="38.820395015384165" lon="-0.6557099902487074">
    <ele>449.91</ele>
   </trkpt>
   <trkpt lat="38.82057751153637" lon="-0.6566599926772713">
    <ele>451.01</ele>
   </trkpt>
   <trkpt lat="38.82076" lon="-0.65761">
    <ele>454.26000000000005</ele>
   </trkpt>
   <trkpt lat="38.82077" lon="-0.6579200000000001">
    <ele>454.88000000000005</ele>
   </trkpt>
   <trkpt lat="38.8207" lon="-0.65822">
    <ele>456.03000000000003</ele>
   </trkpt>
   <trkpt lat="38.820397508757836" lon="-0.6590475105398794">
    <ele>457.5</ele>
   </trkpt>
   <trkpt lat="38.82009501167844" lon="-0.6598750140493621">
    <ele>460.75000000000006</ele>
   </trkpt>
   <trkpt lat="38.819792508761914" lon="-0.6607025105284483">
    <ele>462.82000000000005</ele>
   </trkpt>
   <trkpt lat="38.81949" lon="-0.6615300000000001">
    <ele>465.23</ele>
   </trkpt>
   <trkpt lat="38.81942" lon="-0.66183">
    <ele>466.39000000000004</ele>
   </trkpt>
   <trkpt lat="38.819350005061494" lon="-0.6626000014322063">
    <ele>468.05</ele>
   </trkpt>
   <trkpt lat="38.819280005068904" lon="-0.6633700013506827">
    <ele>468.37000000000006</ele>
   </trkpt>
   <trkpt lat="38.819210000000005" lon="-0.6641400000000001">
    <ele>468.65</ele>
   </trkpt>
   <trkpt lat="38.81917" lon="-0.66446">
    <ele>468.56</ele>
   </trkpt>
   <trkpt lat="38.819100000000006" lon="-0.6647500000000001">
    <ele>468.56</ele>
   </trkpt>
   <trkpt lat="38.81877333942468" lon="-0.6655966744840955">
    <ele>468.37000000000006</ele>
   </trkpt>
   <trkpt lat="38.818446672738695" lon="-0.6664433412006918">
    <ele>469.02000000000004</ele>
   </trkpt>
   <trkpt lat="38.81812" lon="-0.66729">
    <ele>471.23</ele>
   </trkpt>
   <trkpt lat="38.81796000000001" lon="-0.66756">
    <ele>472.44</ele>
   </trkpt>
   <trkpt lat="38.817690000000006" lon="-0.66783">
    <ele>473.56</ele>
   </trkpt>
   <trkpt lat="38.817310000461234" lon="-0.6681450016490018">
    <ele>475.56</ele>
   </trkpt>
   <trkpt lat="38.816930000000006" lon="-0.66846">
    <ele>477.97</ele>
   </trkpt>
   <trkpt lat="38.816750000000006" lon="-0.66866">
    <ele>478.53000000000003</ele>
   </trkpt>
   <trkpt lat="38.816610000000004" lon="-0.66893">
    <ele>478.83000000000004</ele>
   </trkpt>
   <trkpt lat="38.81642" lon="-0.66939">
    <ele>479.07000000000005</ele>
   </trkpt>
   <trkpt lat="38.81618000184866" lon="-0.6700500022458225">
    <ele>479.06000000000006</ele>
   </trkpt>
   <trkpt lat="38.815940000000005" lon="-0.67071">
    <ele>478.67</ele>
   </trkpt>
   <trkpt lat="38.81582" lon="-0.6714100000000001">
    <ele>478.35</ele>
   </trkpt>
   <trkpt lat="38.81577" lon="-0.67183">
    <ele>478.38</ele>
   </trkpt>
   <trkpt lat="38.81568" lon="-0.67213">
    <ele>478.51000000000005</ele>
   </trkpt>
   <trkpt lat="38.815540000000006" lon="-0.67242">
    <ele>478.6</ele>
   </trkpt>
   <trkpt lat="38.81511500249856" lon="-0.6731750043824501">
    <ele>480.2</ele>
   </trkpt>
   <trkpt lat="38.814690000000006" lon="-0.67393">
    <ele>481.41</ele>
   </trkpt>
   <trkpt lat="38.81454" lon="-0.67425">
    <ele>482.36000000000007</ele>
   </trkpt>
   <trkpt lat="38.81441" lon="-0.67459">
    <ele>482.6</ele>
   </trkpt>
   <trkpt lat="38.814330000000005" lon="-0.67525">
    <ele>483.02000000000004</ele>
   </trkpt>
   <trkpt lat="38.81436" lon="-0.67557">
    <ele>483.18000000000006</ele>
   </trkpt>
   <trkpt lat="38.81443" lon="-0.67593">
    <ele>483.35</ele>
   </trkpt>
   <trkpt lat="38.814530000000005" lon="-0.67622">
    <ele>483.71000000000004</ele>
   </trkpt>
   <trkpt lat="38.81495" lon="-0.67722">
    <ele>486.38000000000005</ele>
   </trkpt>
   <trkpt lat="38.81503" lon="-0.6775100000000001">
    <ele>487.38000000000005</ele>
   </trkpt>
   <trkpt lat="38.81508" lon="-0.67793">
    <ele>489.23</ele>
   </trkpt>
   <trkpt lat="38.81515000345302" lon="-0.67882999912544">
    <ele>492.08</ele>
   </trkpt>
   <trkpt lat="38.815220000000004" lon="-0.6797300000000001">
    <ele>494.20000000000005</ele>
   </trkpt>
   <trkpt lat="38.815220000000004" lon="-0.68013">
    <ele>495.17</ele>
   </trkpt>
   <trkpt lat="38.81515333882495" lon="-0.6809333349498533">
    <ele>496.09000000000003</ele>
   </trkpt>
   <trkpt lat="38.81508667214892" lon="-0.681736668395883">
    <ele>494.41</ele>
   </trkpt>
   <trkpt lat="38.815020000000004" lon="-0.68254">
    <ele>492.44000000000005</ele>
   </trkpt>
   <trkpt lat="38.81504" lon="-0.68283">
    <ele>491.8500000000001</ele>
   </trkpt>
   <trkpt lat="38.8151" lon="-0.68305">
    <ele>491.69</ele>
   </trkpt>
   <trkpt lat="38.815490000000004" lon="-0.6839500000000001">
    <ele>491.55</ele>
   </trkpt>
   <trkpt lat="38.81557" lon="-0.6842">
    <ele>492.27000000000004</ele>
   </trkpt>
   <trkpt lat="38.81561000000001" lon="-0.6844600000000001">
    <ele>492.86</ele>
   </trkpt>
   <trkpt lat="38.81562" lon="-0.6849000000000001">
    <ele>495.18000000000006</ele>
   </trkpt>
   <trkpt lat="38.81553" lon="-0.6857800000000001">
    <ele>498.66</ele>
   </trkpt>
   <trkpt lat="38.815540000000006" lon="-0.686">
    <ele>499.6700000000001</ele>
   </trkpt>
   <trkpt lat="38.815580000000004" lon="-0.68622">
    <ele>499.6700000000001</ele>
   </trkpt>
   <trkpt lat="38.8158525108791" lon="-0.6871424894044472">
    <ele>502.16</ele>
   </trkpt>
   <trkpt lat="38.81612501450424" lon="-0.6880649858681956">
    <ele>504.14000000000004</ele>
   </trkpt>
   <trkpt lat="38.816397510875284" lon="-0.6889874893911802">
    <ele>505.9600000000001</ele>
   </trkpt>
   <trkpt lat="38.81667" lon="-0.68991">
    <ele>508.17</ele>
   </trkpt>
   <trkpt lat="38.816720000000004" lon="-0.69027">
    <ele>508.58000000000004</ele>
   </trkpt>
   <trkpt lat="38.81676" lon="-0.6912200000000001">
    <ele>510.06000000000006</ele>
   </trkpt>
   <trkpt lat="38.8168" lon="-0.6915500000000001">
    <ele>510.88</ele>
   </trkpt>
   <trkpt lat="38.81687" lon="-0.69184">
    <ele>511.12</ele>
   </trkpt>
   <trkpt lat="38.817125002755226" lon="-0.6926399972217844">
    <ele>513.85</ele>
   </trkpt>
   <trkpt lat="38.81738" lon="-0.6934400000000001">
    <ele>516.9200000000001</ele>
   </trkpt>
   <trkpt lat="38.817420000000006" lon="-0.69379">
    <ele>517.34</ele>
   </trkpt>
   <trkpt lat="38.8174133394922" lon="-0.6946400001443991">
    <ele>517.24</ele>
   </trkpt>
   <trkpt lat="38.81740667282564" lon="-0.6954900001297343">
    <ele>517.17</ele>
   </trkpt>
   <trkpt lat="38.817400000000006" lon="-0.6963400000000001">
    <ele>517.48</ele>
   </trkpt>
   <trkpt lat="38.8173300018753" lon="-0.6970000004721632">
    <ele>517.5300000000001</ele>
   </trkpt>
   <trkpt lat="38.817260000000005" lon="-0.6976600000000001">
    <ele>517.6500000000001</ele>
   </trkpt>
   <trkpt lat="38.81718" lon="-0.69806">
    <ele>517.71</ele>
   </trkpt>
   <trkpt lat="38.81705" lon="-0.6984">
    <ele>517.8900000000001</ele>
   </trkpt>
   <trkpt lat="38.81671500220155" lon="-0.6991150033148746">
    <ele>519.59</ele>
   </trkpt>
   <trkpt lat="38.81638" lon="-0.6998300000000001">
    <ele>524.19</ele>
   </trkpt>
   <trkpt lat="38.81624" lon="-0.7002200000000001">
    <ele>524.7</ele>
   </trkpt>
   <trkpt lat="38.8162" lon="-0.7005100000000001">
    <ele>525.5600000000001</ele>
   </trkpt>
   <trkpt lat="38.8162" lon="-0.70113">
    <ele>528.95</ele>
   </trkpt>
   <trkpt lat="38.816230000000004" lon="-0.70159">
    <ele>530.6</ele>
   </trkpt>
   <trkpt lat="38.81635" lon="-0.7020500000000001">
    <ele>532.1</ele>
   </trkpt>
   <trkpt lat="38.816430000000004" lon="-0.7022200000000001">
    <ele>532.4100000000001</ele>
   </trkpt>
   <trkpt lat="38.816840000000006" lon="-0.70294">
    <ele>533.52</ele>
   </trkpt>
   <trkpt lat="38.816930000000006" lon="-0.70316">
    <ele>536.24</ele>
   </trkpt>
   <trkpt lat="38.81702000000001" lon="-0.7037100000000001">
    <ele>536.24</ele>
   </trkpt>
   <trkpt lat="38.81712667399848" lon="-0.7046366639949793">
    <ele>538.84</ele>
   </trkpt>
   <trkpt lat="38.81723334067715" lon="-0.7055633307658786">
    <ele>541.2</ele>
   </trkpt>
   <trkpt lat="38.81734" lon="-0.7064900000000001">
    <ele>541.48</ele>
   </trkpt>
   <trkpt lat="38.817420000000006" lon="-0.70684">
    <ele>541.2800000000001</ele>
   </trkpt>
   <trkpt lat="38.81761500116845" lon="-0.7073599986187888">
    <ele>539.54</ele>
   </trkpt>
   <trkpt lat="38.81781" lon="-0.7078800000000001">
    <ele>537.6899999999999</ele>
   </trkpt>
   <trkpt lat="38.81785" lon="-0.70804">
    <ele>537.2900000000001</ele>
   </trkpt>
   <trkpt lat="38.817890000000006" lon="-0.70837">
    <ele>536.5699999999999</ele>
   </trkpt>
   <trkpt lat="38.817870000000006" lon="-0.70877">
    <ele>536.0</ele>
   </trkpt>
   <trkpt lat="38.817800000000005" lon="-0.70921">
    <ele>535.73</ele>
   </trkpt>
   <trkpt lat="38.8177" lon="-0.70964">
    <ele>535.71</ele>
   </trkpt>
   <trkpt lat="38.817460000000004" lon="-0.71047">
    <ele>535.0</ele>
   </trkpt>
   <trkpt lat="38.817400000000006" lon="-0.71081">
    <ele>534.09</ele>
   </trkpt>
   <trkpt lat="38.81738" lon="-0.71106">
    <ele>533.51</ele>
   </trkpt>
   <trkpt lat="38.817400000000006" lon="-0.71157">
    <ele>530.3800000000001</ele>
   </trkpt>
   <trkpt lat="38.817480001448615" lon="-0.712154999269769">
    <ele>527.86</ele>
   </trkpt>
   <trkpt lat="38.81756" lon="-0.71274">
    <ele>522.82</ele>
   </trkpt>
   <trkpt lat="38.817555002059294" lon="-0.7134349999678228">
    <ele>519.39</ele>
   </trkpt>
   <trkpt lat="38.817550000000004" lon="-0.71413">
    <ele>517.2800000000001</ele>
   </trkpt>
   <trkpt lat="38.817510000000006" lon="-0.7143200000000001">
    <ele>517.0</ele>
   </trkpt>
   <trkpt lat="38.81732500187606" lon="-0.7149850017589073">
    <ele>517.39</ele>
   </trkpt>
   <trkpt lat="38.81714" lon="-0.71565">
    <ele>518.9200000000001</ele>
   </trkpt>
   <trkpt lat="38.817130000000006" lon="-0.71574">
    <ele>518.9200000000001</ele>
   </trkpt>
   <trkpt lat="38.817150000000005" lon="-0.71596">
    <ele>519.73</ele>
   </trkpt>
   <trkpt lat="38.81725" lon="-0.71626">
    <ele>520.27</ele>
   </trkpt>
   <trkpt lat="38.81727" lon="-0.71655">
    <ele>521.2800000000001</ele>
   </trkpt>
   <trkpt lat="38.81714" lon="-0.71711">
    <ele>524.19</ele>
   </trkpt>
   <trkpt lat="38.817135001455384" lon="-0.7176950004183477">
    <ele>526.32</ele>
   </trkpt>
   <trkpt lat="38.817130000000006" lon="-0.71828">
    <ele>528.07</ele>
   </trkpt>
   <trkpt lat="38.81711000000001" lon="-0.71857">
    <ele>529.36</ele>
   </trkpt>
   <trkpt lat="38.816920002495785" lon="-0.7193300018915797">
    <ele>531.1800000000001</ele>
   </trkpt>
   <trkpt lat="38.81673" lon="-0.72009">
    <ele>533.3800000000001</ele>
   </trkpt>
   <trkpt lat="38.81655000000001" lon="-0.7207">
    <ele>536.34</ele>
   </trkpt>
   <trkpt lat="38.816410000000005" lon="-0.72099">
    <ele>537.0500000000001</ele>
   </trkpt>
   <trkpt lat="38.816230000000004" lon="-0.72128">
    <ele>539.15</ele>
   </trkpt>
   <trkpt lat="38.81608000000001" lon="-0.7214700000000001">
    <ele>540.5300000000001</ele>
   </trkpt>
   <trkpt lat="38.815940000000005" lon="-0.72162">
    <ele>541.96</ele>
   </trkpt>
   <trkpt lat="38.815470000000005" lon="-0.7219800000000001">
    <ele>543.9300000000001</ele>
   </trkpt>
   <trkpt lat="38.815200000000004" lon="-0.72211">
    <ele>547.32</ele>
   </trkpt>
   <trkpt lat="38.81435000048972" lon="-0.722475004389444">
    <ele>552.2</ele>
   </trkpt>
   <trkpt lat="38.813500000000005" lon="-0.72284">
    <ele>557.44</ele>
   </trkpt>
   <trkpt lat="38.813320000000004" lon="-0.7229800000000001">
    <ele>559.03</ele>
   </trkpt>
   <trkpt lat="38.813190000000006" lon="-0.72313">
    <ele>559.03</ele>
   </trkpt>
   <trkpt lat="38.813050000000004" lon="-0.72338">
    <ele>560.67</ele>
   </trkpt>
   <trkpt lat="38.812960000000004" lon="-0.72374">
    <ele>562.36</ele>
   </trkpt>
   <trkpt lat="38.812960000000004" lon="-0.72404">
    <ele>564.7800000000001</ele>
   </trkpt>
   <trkpt lat="38.81307" lon="-0.7244700000000001">
    <ele>566.15</ele>
   </trkpt>
   <trkpt lat="38.81309" lon="-0.7246400000000001">
    <ele>566.15</ele>
   </trkpt>
   <trkpt lat="38.81309" lon="-0.72484">
    <ele>571.5600000000001</ele>
   </trkpt>
   <trkpt lat="38.81306" lon="-0.72499">
    <ele>571.5600000000001</ele>
   </trkpt>
   <trkpt lat="38.81297" lon="-0.7252000000000001">
    <ele>571.5600000000001</ele>
   </trkpt>
   <trkpt lat="38.81286" lon="-0.72533">
    <ele>572.85</ele>
   </trkpt>
   <trkpt lat="38.81270000000001" lon="-0.7254700000000001">
    <ele>575.2900000000001</ele>
   </trkpt>
   <trkpt lat="38.8125" lon="-0.72555">
    <ele>575.9200000000001</ele>
   </trkpt>
   <trkpt lat="38.81232" lon="-0.7257">
    <ele>576.97</ele>
   </trkpt>
   <trkpt lat="38.812200000000004" lon="-0.7258600000000001">
    <ele>576.97</ele>
   </trkpt>
   <trkpt lat="38.812020000000004" lon="-0.7262500000000001">
    <ele>580.99</ele>
   </trkpt>
   <trkpt lat="38.81195" lon="-0.7265900000000001">
    <ele>583.61</ele>
   </trkpt>
   <trkpt lat="38.81195" lon="-0.72697">
    <ele>586.28</ele>
   </trkpt>
   <trkpt lat="38.811930000000004" lon="-0.72716">
    <ele>586.28</ele>
   </trkpt>
   <trkpt lat="38.81186" lon="-0.7273900000000001">
    <ele>590.36</ele>
   </trkpt>
   <trkpt lat="38.81176000000001" lon="-0.72757">
    <ele>590.36</ele>
   </trkpt>
   <trkpt lat="38.811350000000004" lon="-0.72806">
    <ele>594.48</ele>
   </trkpt>
   <trkpt lat="38.81121" lon="-0.72831">
    <ele>595.48</ele>
   </trkpt>
   <trkpt lat="38.81107" lon="-0.72872">
    <ele>596.6</ele>
   </trkpt>
   <trkpt lat="38.811040000000006" lon="-0.7288600000000001">
    <ele>596.6</ele>
   </trkpt>
   <trkpt lat="38.810915003986864" lon="-0.729825001553797">
    <ele>597.0500000000001</ele>
   </trkpt>
   <trkpt lat="38.810790000000004" lon="-0.73079">
    <ele>597.37</ele>
   </trkpt>
   <trkpt lat="38.810660000000006" lon="-0.73123">
    <ele>597.53</ele>
   </trkpt>
   <trkpt lat="38.81027667174806" lon="-0.7320033416889379">
    <ele>597.36</ele>
   </trkpt>
   <trkpt lat="38.80989333839848" lon="-0.7327766750549338">
    <ele>597.5100000000001</ele>
   </trkpt>
   <trkpt lat="38.80951" lon="-0.73355">
    <ele>600.21</ele>
   </trkpt>
   <trkpt lat="38.80935" lon="-0.73399">
    <ele>602.46</ele>
   </trkpt>
   <trkpt lat="38.80928" lon="-0.73433">
    <ele>604.72</ele>
   </trkpt>
   <trkpt lat="38.80915" lon="-0.73543">
    <ele>607.99</ele>
   </trkpt>
   <trkpt lat="38.809020000000004" lon="-0.73594">
    <ele>608.85</ele>
   </trkpt>
   <trkpt lat="38.80880000130432" lon="-0.7365000018113359">
    <ele>610.14</ele>
   </trkpt>
   <trkpt lat="38.808580000000006" lon="-0.73706">
    <ele>613.5</ele>
   </trkpt>
   <trkpt lat="38.808400000000006" lon="-0.73772">
    <ele>616.21</ele>
   </trkpt>
   <trkpt lat="38.80818751183807" lon="-0.7386825086420729">
    <ele>619.4000000000001</ele>
   </trkpt>
   <trkpt lat="38.80797501577972" lon="-0.7396450115423492">
    <ele>624.02</ele>
   </trkpt>
   <trkpt lat="38.80776251182504" lon="-0.7406075087006935">
    <ele>627.6400000000001</ele>
   </trkpt>
   <trkpt lat="38.807550000000006" lon="-0.7415700000000001">
    <ele>631.7600000000001</ele>
   </trkpt>
   <trkpt lat="38.80751" lon="-0.74197">
    <ele>632.83</ele>
   </trkpt>
   <trkpt lat="38.80751" lon="-0.7423500000000001">
    <ele>634.66</ele>
   </trkpt>
   <trkpt lat="38.80756" lon="-0.74341">
    <ele>635.9800000000001</ele>
   </trkpt>
   <trkpt lat="38.80753" lon="-0.7436200000000001">
    <ele>635.9800000000001</ele>
   </trkpt>
   <trkpt lat="38.80753" lon="-0.74358">
    <ele>635.95</ele>
   </trkpt>
   <trkpt lat="38.807520000000004" lon="-0.74372">
    <ele>636.1300000000001</ele>
   </trkpt>
   <trkpt lat="38.807430000000004" lon="-0.74409">
    <ele>636.26</ele>
   </trkpt>
   <trkpt lat="38.80713000350968" lon="-0.745005004031072">
    <ele>636.61</ele>
   </trkpt>
   <trkpt lat="38.806830000000005" lon="-0.74592">
    <ele>636.82</ele>
   </trkpt>
   <trkpt lat="38.806700000000006" lon="-0.74648">
    <ele>636.8900000000001</ele>
   </trkpt>
   <trkpt lat="38.806530001758574" lon="-0.7471250015937817">
    <ele>637.1300000000001</ele>
   </trkpt>
   <trkpt lat="38.806360000000005" lon="-0.74777">
    <ele>637.45</ele>
   </trkpt>
   <trkpt lat="38.806115005159256" lon="-0.7488700037712605">
    <ele>637.63</ele>
   </trkpt>
   <trkpt lat="38.805870000000006" lon="-0.74997">
    <ele>638.0100000000001</ele>
   </trkpt>
   <trkpt lat="38.80575" lon="-0.7507">
    <ele>638.17</ele>
   </trkpt>
   <trkpt lat="38.80561000393794" lon="-0.7516600018155454">
    <ele>638.36</ele>
   </trkpt>
   <trkpt lat="38.80547" lon="-0.7526200000000001">
    <ele>639.05</ele>
   </trkpt>
   <trkpt lat="38.805400000000006" lon="-0.75299">
    <ele>639.26</ele>
   </trkpt>
   <trkpt lat="38.805120010111196" lon="-0.7540800086273941">
    <ele>641.11</ele>
   </trkpt>
   <trkpt lat="38.80484001009565" lon="-0.7551700086877156">
    <ele>644.99</ele>
   </trkpt>
   <trkpt lat="38.80456" lon="-0.75626">
    <ele>646.4300000000001</ele>
   </trkpt>
   <trkpt lat="38.80451" lon="-0.7566">
    <ele>646.5000000000001</ele>
   </trkpt>
   <trkpt lat="38.80445" lon="-0.75738">
    <ele>646.46</ele>
   </trkpt>
   <trkpt lat="38.80445" lon="-0.7580100000000001">
    <ele>646.49</ele>
   </trkpt>
   <trkpt lat="38.80449333934525" lon="-0.7588499989360815">
    <ele>646.6800000000001</ele>
   </trkpt>
   <trkpt lat="38.80453667267641" lon="-0.7596899988939854">
    <ele>646.84</ele>
   </trkpt>
   <trkpt lat="38.80458" lon="-0.76053">
    <ele>647.08</ele>
   </trkpt>
   <trkpt lat="38.80458" lon="-0.76102">
    <ele>647.1600000000001</ele>
   </trkpt>
   <trkpt lat="38.80451" lon="-0.7615000000000001">
    <ele>647.33</ele>
   </trkpt>
   <trkpt lat="38.80436500261838" lon="-0.7622800014497477">
    <ele>647.35</ele>
   </trkpt>
   <trkpt lat="38.80422" lon="-0.7630600000000001">
    <ele>647.19</ele>
   </trkpt>
   <trkpt lat="38.804080000000006" lon="-0.76353">
    <ele>646.71</ele>
   </trkpt>
   <trkpt lat="38.80391" lon="-0.7639">
    <ele>646.05</ele>
   </trkpt>
   <trkpt lat="38.80369" lon="-0.76429">
    <ele>645.08</ele>
   </trkpt>
   <trkpt lat="38.80312500323878" lon="-0.7651650069754565">
    <ele>643.51</ele>
   </trkpt>
   <trkpt lat="38.80256" lon="-0.76604">
    <ele>641.47</ele>
   </trkpt>
   <trkpt lat="38.802290000000006" lon="-0.7665000000000001">
    <ele>640.75</ele>
   </trkpt>
   <trkpt lat="38.8018157386944" lon="-0.767477181890904">
    <ele>638.8900000000001</ele>
   </trkpt>
   <trkpt lat="38.80134146925023" lon="-0.7684543507742227">
    <ele>637.08</ele>
   </trkpt>
   <trkpt lat="38.80086719166776" lon="-0.7694315066501264">
    <ele>635.8000000000001</ele>
   </trkpt>
   <trkpt lat="38.800392905947234" lon="-0.7704086495187858">
    <ele>634.62</ele>
   </trkpt>
   <trkpt lat="38.799918612088874" lon="-0.771385779380371">
    <ele>632.6700000000001</ele>
   </trkpt>
   <trkpt lat="38.79944431009296" lon="-0.7723628962350526">
    <ele>631.3700000000001</ele>
   </trkpt>
   <trkpt lat="38.798970000000004" lon="-0.77334">
    <ele>629.8900000000001</ele>
   </trkpt>
   <trkpt lat="38.798790000000004" lon="-0.7736500000000001">
    <ele>629.22</ele>
   </trkpt>
   <trkpt lat="38.79843500111017" lon="-0.7741400023208156">
    <ele>628.26</ele>
   </trkpt>
   <trkpt lat="38.798080000000006" lon="-0.77463">
    <ele>627.51</ele>
   </trkpt>
   <trkpt lat="38.79796" lon="-0.7748700000000001">
    <ele>627.02</ele>
   </trkpt>
   <trkpt lat="38.79787" lon="-0.7752100000000001">
    <ele>626.53</ele>
   </trkpt>
   <trkpt lat="38.79766668713029" lon="-0.776190013979888">
    <ele>626.2500000000001</ele>
   </trkpt>
   <trkpt lat="38.79746336607497" lon="-0.7771700223680871">
    <ele>626.24</ele>
   </trkpt>
   <trkpt lat="38.797260036834146" lon="-0.7781500251644451">
    <ele>626.2500000000001</ele>
   </trkpt>
   <trkpt lat="38.797056699407946" lon="-0.7791300223688089">
    <ele>626.2800000000001</ele>
   </trkpt>
   <trkpt lat="38.796853353796465" lon="-0.7801100139810264">
    <ele>623.8299999999999</ele>
   </trkpt>
   <trkpt lat="38.79665" lon="-0.7810900000000001">
    <ele>620.53</ele>
   </trkpt>
   <trkpt lat="38.79654" lon="-0.78151">
    <ele>619.44</ele>
   </trkpt>
   <trkpt lat="38.79637" lon="-0.78185">
    <ele>618.8</ele>
   </trkpt>
   <trkpt lat="38.796170000000004" lon="-0.7821400000000001">
    <ele>618.23</ele>
   </trkpt>
   <trkpt lat="38.79600000000001" lon="-0.78232">
    <ele>618.1000000000001</ele>
   </trkpt>
   <trkpt lat="38.79569" lon="-0.78254">
    <ele>617.26</ele>
   </trkpt>
   <trkpt lat="38.79509000087479" lon="-0.7828633387858235">
    <ele>616.53</ele>
   </trkpt>
   <trkpt lat="38.794490000858566" lon="-0.783186672127831">
    <ele>615.0600000000001</ele>
   </trkpt>
   <trkpt lat="38.793890000000005" lon="-0.78351">
    <ele>614.1600000000001</ele>
   </trkpt>
   <trkpt lat="38.793225000264755" lon="-0.7836900016450313">
    <ele>612.57</ele>
   </trkpt>
   <trkpt lat="38.79256" lon="-0.7838700000000001">
    <ele>611.13</ele>
   </trkpt>
   <trkpt lat="38.79234" lon="-0.7839700000000001">
    <ele>610.21</ele>
   </trkpt>
   <trkpt lat="38.791725000634585" lon="-0.7843600033733705">
    <ele>608.83</ele>
   </trkpt>
   <trkpt lat="38.79111" lon="-0.7847500000000001">
    <ele>606.5</ele>
   </trkpt>
   <trkpt lat="38.790760000000006" lon="-0.78502">
    <ele>605.98</ele>
   </trkpt>
   <trkpt lat="38.79012000575942" lon="-0.7856900180234729">
    <ele>605.23</ele>
   </trkpt>
   <trkpt lat="38.789480007692966" lon="-0.7863600240165157">
    <ele>605.6100000000001</ele>
   </trkpt>
   <trkpt lat="38.788840005800814" lon="-0.7870300179795476">
    <ele>606.11</ele>
   </trkpt>
   <trkpt lat="38.7882" lon="-0.7877000000000001">
    <ele>606.7300000000001</ele>
   </trkpt>
   <trkpt lat="38.78806" lon="-0.7878700000000001">
    <ele>607.14</ele>
   </trkpt>
   <trkpt lat="38.787910000000004" lon="-0.7882500000000001">
    <ele>607.0300000000001</ele>
   </trkpt>
   <trkpt lat="38.787670000000006" lon="-0.78905">
    <ele>611.33</ele>
   </trkpt>
   <trkpt lat="38.78763" lon="-0.7890600000000001">
    <ele>611.44</ele>
   </trkpt>
   <trkpt lat="38.78761" lon="-0.7890900000000001">
    <ele>611.44</ele>
   </trkpt>
   <trkpt lat="38.78759" lon="-0.7890900000000001">
    <ele>611.44</ele>
   </trkpt>
   <trkpt lat="38.78763" lon="-0.7890600000000001">
    <ele>611.4300000000001</ele>
   </trkpt>
   <trkpt lat="38.78761" lon="-0.7890900000000001">
    <ele>611.4300000000001</ele>
   </trkpt>
   <trkpt lat="38.78754" lon="-0.78907">
    <ele>611.71</ele>
   </trkpt>
   <trkpt lat="38.78725" lon="-0.78876">
    <ele>612.45</ele>
   </trkpt>
   <trkpt lat="38.787000000000006" lon="-0.7885800000000001">
    <ele>612.69</ele>
   </trkpt>
   <trkpt lat="38.78685" lon="-0.78846">
    <ele>613.02</ele>
   </trkpt>
   <trkpt lat="38.786480000000005" lon="-0.78802">
    <ele>614.4300000000001</ele>
   </trkpt>
   <trkpt lat="38.786080000000005" lon="-0.78744">
    <ele>616.99</ele>
   </trkpt>
   <trkpt lat="38.785540000000005" lon="-0.7865500000000001">
    <ele>621.0500000000001</ele>
   </trkpt>
   <trkpt lat="38.785270000000004" lon="-0.78619">
    <ele>621.83</ele>
   </trkpt>
   <trkpt lat="38.785160000000005" lon="-0.7860900000000001">
    <ele>622.58</ele>
   </trkpt>
   <trkpt lat="38.784850000000006" lon="-0.7859100000000001">
    <ele>623.29</ele>
   </trkpt>
   <trkpt lat="38.78445" lon="-0.7857400000000001">
    <ele>624.47</ele>
   </trkpt>
   <trkpt lat="38.784470000000006" lon="-0.78515">
    <ele>626.1500000000001</ele>
   </trkpt>
   <trkpt lat="38.784440000000004" lon="-0.7851">
    <ele>626.4900000000001</ele>
   </trkpt>
   <trkpt lat="38.78416" lon="-0.7850400000000001">
    <ele>627.26</ele>
   </trkpt>
   <trkpt lat="38.78401" lon="-0.7850800000000001">
    <ele>627.5200000000001</ele>
   </trkpt>
   <trkpt lat="38.783550000000005" lon="-0.7851100000000001">
    <ele>628.32</ele>
   </trkpt>
   <trkpt lat="38.783280000000005" lon="-0.78505">
    <ele>629.1500000000001</ele>
   </trkpt>
   <trkpt lat="38.78295000000001" lon="-0.7849600000000001">
    <ele>629.29</ele>
   </trkpt>
   <trkpt lat="38.78226500023077" lon="-0.7847049975331354">
    <ele>631.27</ele>
   </trkpt>
   <trkpt lat="38.781580000000005" lon="-0.7844500000000001">
    <ele>632.85</ele>
   </trkpt>
   <trkpt lat="38.78128" lon="-0.78444">
    <ele>633.1300000000001</ele>
   </trkpt>
   <trkpt lat="38.781220000000005" lon="-0.7843600000000001">
    <ele>633.36</ele>
   </trkpt>
   <trkpt lat="38.78121" lon="-0.78432">
    <ele>633.6</ele>
   </trkpt>
   <trkpt lat="38.780950000000004" lon="-0.78412">
    <ele>634.94</ele>
   </trkpt>
   <trkpt lat="38.780620000000006" lon="-0.7839700000000001">
    <ele>635.5500000000001</ele>
   </trkpt>
   <trkpt lat="38.780300000000004" lon="-0.7837500000000001">
    <ele>636.45</ele>
   </trkpt>
   <trkpt lat="38.779750000637634" lon="-0.7833849972313844">
    <ele>639.5200000000001</ele>
   </trkpt>
   <trkpt lat="38.7792" lon="-0.78302">
    <ele>641.4200000000001</ele>
   </trkpt>
   <trkpt lat="38.77875" lon="-0.78268">
    <ele>642.23</ele>
   </trkpt>
   <trkpt lat="38.77809500129625" lon="-0.7821449951490446">
    <ele>647.24</ele>
   </trkpt>
   <trkpt lat="38.777440000000006" lon="-0.78161">
    <ele>651.88</ele>
   </trkpt>
   <trkpt lat="38.77707" lon="-0.78139">
    <ele>654.15</ele>
   </trkpt>
   <trkpt lat="38.77638500029923" lon="-0.7810599967511864">
    <ele>657.1700000000001</ele>
   </trkpt>
   <trkpt lat="38.7757" lon="-0.78073">
    <ele>663.2300000000001</ele>
   </trkpt>
   <trkpt lat="38.7750000025551" lon="-0.7802849869133908">
    <ele>668.48</ele>
   </trkpt>
   <trkpt lat="38.774300003422695" lon="-0.7798399825615617">
    <ele>677.47</ele>
   </trkpt>
   <trkpt lat="38.773600002602834" lon="-0.7793949869441439">
    <ele>681.1100000000001</ele>
   </trkpt>
   <trkpt lat="38.7729" lon="-0.77895">
    <ele>686.8100000000001</ele>
   </trkpt>
   <trkpt lat="38.77241000120762" lon="-0.7784399966001433">
    <ele>691.69</ele>
   </trkpt>
   <trkpt lat="38.77192" lon="-0.77793">
    <ele>696.96</ele>
   </trkpt>
   <trkpt lat="38.77169000000001" lon="-0.77775">
    <ele>696.96</ele>
   </trkpt>
   <trkpt lat="38.77129" lon="-0.77754">
    <ele>701.7800000000001</ele>
   </trkpt>
   <trkpt lat="38.77058000062039" lon="-0.7771699963367945">
    <ele>708.6800000000001</ele>
   </trkpt>
   <trkpt lat="38.769870000000004" lon="-0.7768">
    <ele>713.87</ele>
   </trkpt>
   <trkpt lat="38.769580000000005" lon="-0.77654">
    <ele>716.19</ele>
   </trkpt>
   <trkpt lat="38.769420000000004" lon="-0.77634">
    <ele>718.95</ele>
   </trkpt>
   <trkpt lat="38.76905" lon="-0.7756500000000001">
    <ele>721.6300000000001</ele>
   </trkpt>
   <trkpt lat="38.768910000000005" lon="-0.7755200000000001">
    <ele>724.1800000000001</ele>
   </trkpt>
   <trkpt lat="38.76838499990395" lon="-0.7753449986366808">
    <ele>729.89</ele>
   </trkpt>
   <trkpt lat="38.767860000000006" lon="-0.77517">
    <ele>733.23</ele>
   </trkpt>
   <trkpt lat="38.76774" lon="-0.77507">
    <ele>736.2700000000001</ele>
   </trkpt>
   <trkpt lat="38.767590000000006" lon="-0.77488">
    <ele>738.96</ele>
   </trkpt>
   <trkpt lat="38.767230000000005" lon="-0.77463">
    <ele>742.87</ele>
   </trkpt>
   <trkpt lat="38.76711" lon="-0.7745500000000001">
    <ele>745.0300000000001</ele>
   </trkpt>
   <trkpt lat="38.766980000000004" lon="-0.77441">
    <ele>746.48</ele>
   </trkpt>
   <trkpt lat="38.7668" lon="-0.7741600000000001">
    <ele>747.82</ele>
   </trkpt>
   <trkpt lat="38.7667" lon="-0.7740900000000001">
    <ele>747.82</ele>
   </trkpt>
   <trkpt lat="38.76625000000001" lon="-0.77392">
    <ele>754.35</ele>
   </trkpt>
   <trkpt lat="38.766130000000004" lon="-0.7739">
    <ele>756.7</ele>
   </trkpt>
   <trkpt lat="38.76586" lon="-0.77402">
    <ele>758.2</ele>
   </trkpt>
   <trkpt lat="38.765170000000005" lon="-0.7741600000000001">
    <ele>763.5</ele>
   </trkpt>
   <trkpt lat="38.76496" lon="-0.7740900000000001">
    <ele>765.8100000000001</ele>
   </trkpt>
   <trkpt lat="38.764900000000004" lon="-0.7741">
    <ele>766.09</ele>
   </trkpt>
   <trkpt lat="38.76487" lon="-0.7741600000000001">
    <ele>766.58</ele>
   </trkpt>
   <trkpt lat="38.76487" lon="-0.77431">
    <ele>767.21</ele>
   </trkpt>
   <trkpt lat="38.76484000000001" lon="-0.7744300000000001">
    <ele>767.21</ele>
   </trkpt>
   <trkpt lat="38.764770000000006" lon="-0.7745500000000001">
    <ele>767.97</ele>
   </trkpt>
   <trkpt lat="38.76402500086442" lon="-0.7750050047613971">
    <ele>773.46</ele>
   </trkpt>
   <trkpt lat="38.76328" lon="-0.77546">
    <ele>782.0100000000001</ele>
   </trkpt>
   <trkpt lat="38.76303" lon="-0.7754800000000001">
    <ele>784.66</ele>
   </trkpt>
   <trkpt lat="38.76299" lon="-0.77553">
    <ele>784.66</ele>
   </trkpt>
   <trkpt lat="38.76297" lon="-0.77568">
    <ele>785.4200000000001</ele>
   </trkpt>
   <trkpt lat="38.762910000000005" lon="-0.7758">
    <ele>786.2300000000001</ele>
   </trkpt>
   <trkpt lat="38.76277" lon="-0.77585">
    <ele>788.0300000000001</ele>
   </trkpt>
   <trkpt lat="38.76272" lon="-0.7758">
    <ele>788.2300000000001</ele>
   </trkpt>
   <trkpt lat="38.762690000000006" lon="-0.77571">
    <ele>788.4100000000001</ele>
   </trkpt>
   <trkpt lat="38.762660000000004" lon="-0.77539">
    <ele>789.1800000000001</ele>
   </trkpt>
   <trkpt lat="38.76268" lon="-0.77532">
    <ele>789.2</ele>
   </trkpt>
   <trkpt lat="38.762730000000005" lon="-0.77524">
    <ele>789.12</ele>
   </trkpt>
   <trkpt lat="38.76317" lon="-0.77524">
    <ele>789.59</ele>
   </trkpt>
   <trkpt lat="38.76326" lon="-0.7751600000000001">
    <ele>789.85</ele>
   </trkpt>
   <trkpt lat="38.76375" lon="-0.77431">
    <ele>794.54</ele>
   </trkpt>
   <trkpt lat="38.764" lon="-0.77375">
    <ele>798.9000000000001</ele>
   </trkpt>
   <trkpt lat="38.76424" lon="-0.7729400000000001">
    <ele>806.1600000000001</ele>
   </trkpt>
   <trkpt lat="38.76429" lon="-0.77285">
    <ele>806.57</ele>
   </trkpt>
   <trkpt lat="38.76462" lon="-0.77268">
    <ele>809.9000000000001</ele>
   </trkpt>
   <trkpt lat="38.764700000000005" lon="-0.7726000000000001">
    <ele>809.9000000000001</ele>
   </trkpt>
   <trkpt lat="38.76478" lon="-0.77244">
    <ele>811.57</ele>
   </trkpt>
   <trkpt lat="38.76494" lon="-0.77202">
    <ele>815.2600000000001</ele>
   </trkpt>
   <trkpt lat="38.76507" lon="-0.77185">
    <ele>819.69</ele>
   </trkpt>
   <trkpt lat="38.765330000000006" lon="-0.77158">
    <ele>821.74</ele>
   </trkpt>
   <trkpt lat="38.765530000000005" lon="-0.77131">
    <ele>824.97</ele>
   </trkpt>
   <trkpt lat="38.765600000000006" lon="-0.77114">
    <ele>824.97</ele>
   </trkpt>
   <trkpt lat="38.76561" lon="-0.7709400000000001">
    <ele>829.22</ele>
   </trkpt>
   <trkpt lat="38.765530000000005" lon="-0.77066">
    <ele>830.9200000000001</ele>
   </trkpt>
   <trkpt lat="38.76545" lon="-0.77058">
    <ele>833.4</ele>
   </trkpt>
   <trkpt lat="38.76538" lon="-0.77058">
    <ele>833.9900000000001</ele>
   </trkpt>
   <trkpt lat="38.76534" lon="-0.77061">
    <ele>834.5600000000001</ele>
   </trkpt>
   <trkpt lat="38.76532" lon="-0.7707">
    <ele>835.0900000000001</ele>
   </trkpt>
   <trkpt lat="38.765330000000006" lon="-0.77092">
    <ele>837.33</ele>
   </trkpt>
   <trkpt lat="38.7653" lon="-0.77105">
    <ele>838.0600000000001</ele>
   </trkpt>
   <trkpt lat="38.7652" lon="-0.77119">
    <ele>839.0500000000001</ele>
   </trkpt>
   <trkpt lat="38.764745000303215" lon="-0.7714700018044822">
    <ele>842.95</ele>
   </trkpt>
   <trkpt lat="38.76429" lon="-0.77175">
    <ele>847.3900000000001</ele>
   </trkpt>
   <trkpt lat="38.764" lon="-0.7717700000000001">
    <ele>850.86</ele>
   </trkpt>
   <trkpt lat="38.76389" lon="-0.7718200000000001">
    <ele>850.86</ele>
   </trkpt>
   <trkpt lat="38.76324" lon="-0.77231">
    <ele>859.96</ele>
   </trkpt>
   <trkpt lat="38.76303" lon="-0.7725000000000001">
    <ele>862.11</ele>
   </trkpt>
   <trkpt lat="38.76283" lon="-0.77275">
    <ele>865.3700000000001</ele>
   </trkpt>
   <trkpt lat="38.762660000000004" lon="-0.77305">
    <ele>865.3700000000001</ele>
   </trkpt>
   <trkpt lat="38.762460000000004" lon="-0.77334">
    <ele>871.6</ele>
   </trkpt>
   <trkpt lat="38.76231000000001" lon="-0.77344">
    <ele>872.89</ele>
   </trkpt>
   <trkpt lat="38.762100000000004" lon="-0.77344">
    <ele>875.38</ele>
   </trkpt>
   <trkpt lat="38.761790000000005" lon="-0.77341">
    <ele>878.09</ele>
   </trkpt>
   <trkpt lat="38.761610000000005" lon="-0.7734300000000001">
    <ele>879.8100000000001</ele>
   </trkpt>
   <trkpt lat="38.76147" lon="-0.77353">
    <ele>881.2500000000001</ele>
   </trkpt>
   <trkpt lat="38.761390000000006" lon="-0.77363">
    <ele>881.8800000000001</ele>
   </trkpt>
   <trkpt lat="38.76124" lon="-0.774">
    <ele>884.2500000000001</ele>
   </trkpt>
   <trkpt lat="38.760870001249856" lon="-0.7745600030339401">
    <ele>887.1000000000001</ele>
   </trkpt>
   <trkpt lat="38.7605" lon="-0.77512">
    <ele>892.33</ele>
   </trkpt>
   <trkpt lat="38.760040000000004" lon="-0.7755500000000001">
    <ele>897.63</ele>
   </trkpt>
   <trkpt lat="38.7594550004286" lon="-0.775920003130801">
    <ele>904.3700000000001</ele>
   </trkpt>
   <trkpt lat="38.75887" lon="-0.77629">
    <ele>911.84</ele>
   </trkpt>
   <trkpt lat="38.75865" lon="-0.77636">
    <ele>913.5600000000001</ele>
   </trkpt>
   <trkpt lat="38.75846000000001" lon="-0.77636">
    <ele>914.7900000000001</ele>
   </trkpt>
   <trkpt lat="38.75833" lon="-0.77629">
    <ele>916.6500000000001</ele>
   </trkpt>
   <trkpt lat="38.75773" lon="-0.7759">
    <ele>919.49</ele>
   </trkpt>
   <trkpt lat="38.75753" lon="-0.77573">
    <ele>924.5300000000001</ele>
   </trkpt>
   <trkpt lat="38.75741" lon="-0.77558">
    <ele>925.34</ele>
   </trkpt>
   <trkpt lat="38.75728" lon="-0.77534">
    <ele>927.49</ele>
   </trkpt>
   <trkpt lat="38.75705000000001" lon="-0.7747700000000001">
    <ele>931.1100000000001</ele>
   </trkpt>
   <trkpt lat="38.75696000000001" lon="-0.7746500000000001">
    <ele>931.6</ele>
   </trkpt>
   <trkpt lat="38.75686" lon="-0.77456">
    <ele>932.0400000000001</ele>
   </trkpt>
   <trkpt lat="38.75677" lon="-0.7745500000000001">
    <ele>932.24</ele>
   </trkpt>
   <trkpt lat="38.75668" lon="-0.7745900000000001">
    <ele>932.59</ele>
   </trkpt>
   <trkpt lat="38.75667" lon="-0.7745900000000001">
    <ele>932.64</ele>
   </trkpt>
   <trkpt lat="38.75663" lon="-0.77463">
    <ele>932.8900000000001</ele>
   </trkpt>
   <trkpt lat="38.75641" lon="-0.7751">
    <ele>934.2800000000001</ele>
   </trkpt>
   <trkpt lat="38.7561" lon="-0.77546">
    <ele>936.2300000000001</ele>
   </trkpt>
   <trkpt lat="38.755990000000004" lon="-0.77561">
    <ele>936.2300000000001</ele>
   </trkpt>
   <trkpt lat="38.755840000000006" lon="-0.7760400000000001">
    <ele>937.97</ele>
   </trkpt>
   <trkpt lat="38.75574" lon="-0.77619">
    <ele>938.58</ele>
   </trkpt>
   <trkpt lat="38.75558" lon="-0.77636">
    <ele>939.2300000000001</ele>
   </trkpt>
   <trkpt lat="38.7554" lon="-0.77646">
    <ele>941.22</ele>
   </trkpt>
   <trkpt lat="38.754830000338565" lon="-0.7767250020979173">
    <ele>944.4100000000001</ele>
   </trkpt>
   <trkpt lat="38.75426" lon="-0.7769900000000001">
    <ele>948.4000000000001</ele>
   </trkpt>
   <trkpt lat="38.753550000000004" lon="-0.7774300000000001">
    <ele>954.64</ele>
   </trkpt>
   <trkpt lat="38.75323" lon="-0.7777000000000001">
    <ele>956.1800000000001</ele>
   </trkpt>
   <trkpt lat="38.75289" lon="-0.77802">
    <ele>958.83</ele>
   </trkpt>
   <trkpt lat="38.752210000000005" lon="-0.77875">
    <ele>963.1</ele>
   </trkpt>
   <trkpt lat="38.75195" lon="-0.77912">
    <ele>964.52</ele>
   </trkpt>
   <trkpt lat="38.75158667020518" lon="-0.7797633398603673">
    <ele>966.7</ele>
   </trkpt>
   <trkpt lat="38.7512233368841" lon="-0.7804066731718952">
    <ele>968.1800000000001</ele>
   </trkpt>
   <trkpt lat="38.75086" lon="-0.78105">
    <ele>969.94</ele>
   </trkpt>
   <trkpt lat="38.750555001380185" lon="-0.7816200024424914">
    <ele>971.72</ele>
   </trkpt>
   <trkpt lat="38.75025" lon="-0.78219">
    <ele>973.0400000000001</ele>
   </trkpt>
   <trkpt lat="38.750150000000005" lon="-0.7824300000000001">
    <ele>973.61</ele>
   </trkpt>
   <trkpt lat="38.75009" lon="-0.7827000000000001">
    <ele>974.0400000000001</ele>
   </trkpt>
   <trkpt lat="38.749921691435695" lon="-0.7837783460343262">
    <ele>975.01</ele>
   </trkpt>
   <trkpt lat="38.74975337296437" lon="-0.78485668698386">
    <ele>976.2900000000001</ele>
   </trkpt>
   <trkpt lat="38.74958504458615" lon="-0.7859350228483568">
    <ele>977.96</ele>
   </trkpt>
   <trkpt lat="38.74941670630112" lon="-0.7870133536275716">
    <ele>979.72</ele>
   </trkpt>
   <trkpt lat="38.749248358109384" lon="-0.7880916793212602">
    <ele>980.84</ele>
   </trkpt>
   <trkpt lat="38.749080000000006" lon="-0.78917">
    <ele>981.46</ele>
   </trkpt>
   <trkpt lat="38.74894251012181" lon="-0.7900600051482719">
    <ele>982.1800000000001</ele>
   </trkpt>
   <trkpt lat="38.74880501349509" lon="-0.7909500068684323">
    <ele>982.1500000000001</ele>
   </trkpt>
   <trkpt lat="38.7486675101199" lon="-0.7918400051603427">
    <ele>980.8700000000001</ele>
   </trkpt>
   <trkpt lat="38.74853" lon="-0.79273">
    <ele>978.9100000000001</ele>
   </trkpt>
   <trkpt lat="38.748450000000005" lon="-0.7930200000000001">
    <ele>978.6400000000001</ele>
   </trkpt>
   <trkpt lat="38.74821" lon="-0.79349">
    <ele>976.7500000000001</ele>
   </trkpt>
   <trkpt lat="38.747738347541365" lon="-0.7943066936380394">
    <ele>972.22</ele>
   </trkpt>
   <trkpt lat="38.7472666894003" lon="-0.7951233764855127">
    <ele>968.9300000000001</ele>
   </trkpt>
   <trkpt lat="38.74679502557699" lon="-0.7959400485426147">
    <ele>968.25</ele>
   </trkpt>
   <trkpt lat="38.7463233560716" lon="-0.7967567098095397">
    <ele>966.8800000000001</ele>
   </trkpt>
   <trkpt lat="38.74585168088429" lon="-0.7975733602864822">
    <ele>965.1500000000001</ele>
   </trkpt>
   <trkpt lat="38.745380000000004" lon="-0.79839">
    <ele>963.47</ele>
   </trkpt>
   <trkpt lat="38.74519" lon="-0.7986300000000001">
    <ele>962.7500000000001</ele>
   </trkpt>
   <trkpt lat="38.744960000000006" lon="-0.79878">
    <ele>962.1800000000001</ele>
   </trkpt>
   <trkpt lat="38.74429000000001" lon="-0.7991">
    <ele>959.25</ele>
   </trkpt>
   <trkpt lat="38.744020000000006" lon="-0.7992900000000001">
    <ele>958.3300000000002</ele>
   </trkpt>
   <trkpt lat="38.74369" lon="-0.79956">
    <ele>956.37</ele>
   </trkpt>
   <trkpt lat="38.743550000000006" lon="-0.7997500000000001">
    <ele>955.3800000000001</ele>
   </trkpt>
   <trkpt lat="38.74345" lon="-0.7999700000000001">
    <ele>955.12</ele>
   </trkpt>
   <trkpt lat="38.74312001034253" lon="-0.8008700125009097">
    <ele>953.1</ele>
   </trkpt>
   <trkpt lat="38.742790013784266" lon="-0.8017700166833602">
    <ele>950.13</ele>
   </trkpt>
   <trkpt lat="38.74246001032535" lon="-0.8026700125473526">
    <ele>945.8000000000001</ele>
   </trkpt>
   <trkpt lat="38.74213" lon="-0.8035700000000001">
    <ele>940.7500000000001</ele>
   </trkpt>
   <trkpt lat="38.74201" lon="-0.8038000000000001">
    <ele>940.2</ele>
   </trkpt>
   <trkpt lat="38.741870000000006" lon="-0.80391">
    <ele>939.6200000000001</ele>
   </trkpt>
   <trkpt lat="38.74172" lon="-0.80395">
    <ele>938.8900000000001</ele>
   </trkpt>
   <trkpt lat="38.741690000000006" lon="-0.80395">
    <ele>938.8900000000001</ele>
   </trkpt>
   <trkpt lat="38.741550000000004" lon="-0.8039000000000001">
    <ele>946.96</ele>
   </trkpt>
   <trkpt lat="38.74141" lon="-0.8038000000000001">
    <ele>946.8400000000001</ele>
   </trkpt>
   <trkpt lat="38.7413" lon="-0.80359">
    <ele>946.8400000000001</ele>
   </trkpt>
   <trkpt lat="38.74092" lon="-0.80256">
    <ele>946.8400000000001</ele>
   </trkpt>
   <trkpt lat="38.74044000000001" lon="-0.80176">
    <ele>946.8400000000001</ele>
   </trkpt>
   <trkpt lat="38.740300000000005" lon="-0.80161">
    <ele>946.8400000000001</ele>
   </trkpt>
   <trkpt lat="38.739810000000006" lon="-0.8012900000000001">
    <ele>924.4700000000001</ele>
   </trkpt>
   <trkpt lat="38.739430000000006" lon="-0.80117">
    <ele>924.4700000000001</ele>
   </trkpt>
   <trkpt lat="38.7387350009213" lon="-0.8007299957793489">
    <ele>924.4700000000001</ele>
   </trkpt>
   <trkpt lat="38.738040000000005" lon="-0.8002900000000001">
    <ele>924.4700000000001</ele>
   </trkpt>
   <trkpt lat="38.73796" lon="-0.8001900000000001">
    <ele>924.4700000000001</ele>
   </trkpt>
   <trkpt lat="38.73785" lon="-0.79978">
    <ele>924.4700000000001</ele>
   </trkpt>
   <trkpt lat="38.73781" lon="-0.79951">
    <ele>924.4700000000001</ele>
   </trkpt>
   <trkpt lat="38.737820000000006" lon="-0.7992400000000001">
    <ele>924.4700000000001</ele>
   </trkpt>
   <trkpt lat="38.737880000000004" lon="-0.79893">
    <ele>924.4700000000001</ele>
   </trkpt>
   <trkpt lat="38.738020000000006" lon="-0.79844">
    <ele>924.4700000000001</ele>
   </trkpt>
   <trkpt lat="38.73838000000001" lon="-0.79771">
    <ele>924.4700000000001</ele>
   </trkpt>
   <trkpt lat="38.73848" lon="-0.7974100000000001">
    <ele>924.4700000000001</ele>
   </trkpt>
   <trkpt lat="38.738490000000006" lon="-0.79717">
    <ele>924.4700000000001</ele>
   </trkpt>
   <trkpt lat="38.73834" lon="-0.79622">
    <ele>924.4700000000001</ele>
   </trkpt>
   <trkpt lat="38.73836" lon="-0.79581">
    <ele>924.4700000000001</ele>
   </trkpt>
   <trkpt lat="38.738400000000006" lon="-0.79549">
    <ele>924.4700000000001</ele>
   </trkpt>
   <trkpt lat="38.7385" lon="-0.7951">
    <ele>924.4700000000001</ele>
   </trkpt>
   <trkpt lat="38.73884" lon="-0.7942400000000001">
    <ele>859.8800000000001</ele>
   </trkpt>
   <trkpt lat="38.73921" lon="-0.79356">
    <ele>859.8800000000001</ele>
   </trkpt>
   <trkpt lat="38.739250000000006" lon="-0.79339">
    <ele>859.8800000000001</ele>
   </trkpt>
   <trkpt lat="38.739230000000006" lon="-0.7931900000000001">
    <ele>859.8800000000001</ele>
   </trkpt>
   <trkpt lat="38.73915" lon="-0.79305">
    <ele>859.8800000000001</ele>
   </trkpt>
   <trkpt lat="38.738980000000005" lon="-0.7929">
    <ele>859.8800000000001</ele>
   </trkpt>
   <trkpt lat="38.73832" lon="-0.79242">
    <ele>859.8800000000001</ele>
   </trkpt>
   <trkpt lat="38.738240000000005" lon="-0.7923100000000001">
    <ele>859.8800000000001</ele>
   </trkpt>
   <trkpt lat="38.738220000000005" lon="-0.7921900000000001">
    <ele>859.8800000000001</ele>
   </trkpt>
   <trkpt lat="38.73821" lon="-0.79183">
    <ele>859.8800000000001</ele>
   </trkpt>
   <trkpt lat="38.738110000000006" lon="-0.79137">
    <ele>859.8800000000001</ele>
   </trkpt>
   <trkpt lat="38.73814" lon="-0.79088">
    <ele>859.8800000000001</ele>
   </trkpt>
   <trkpt lat="38.73812" lon="-0.79051">
    <ele>859.8800000000001</ele>
   </trkpt>
   <trkpt lat="38.738060000000004" lon="-0.7900900000000001">
    <ele>859.8800000000001</ele>
   </trkpt>
   <trkpt lat="38.73792" lon="-0.7891400000000001">
    <ele>858.7</ele>
   </trkpt>
   <trkpt lat="38.73787" lon="-0.7889700000000001">
    <ele>858.7</ele>
   </trkpt>
   <trkpt lat="38.737700000000004" lon="-0.7886400000000001">
    <ele>858.7</ele>
   </trkpt>
   <trkpt lat="38.73769" lon="-0.78851">
    <ele>858.7</ele>
   </trkpt>
   <trkpt lat="38.737770000000005" lon="-0.7881900000000001">
    <ele>858.7</ele>
   </trkpt>
   <trkpt lat="38.737790000000004" lon="-0.788">
    <ele>858.7</ele>
   </trkpt>
   <trkpt lat="38.737790000000004" lon="-0.7876500000000001">
    <ele>858.7</ele>
   </trkpt>
   <trkpt lat="38.73785" lon="-0.78727">
    <ele>858.7</ele>
   </trkpt>
   <trkpt lat="38.73781" lon="-0.78678">
    <ele>858.7</ele>
   </trkpt>
   <trkpt lat="38.737840000000006" lon="-0.7863600000000001">
    <ele>858.7</ele>
   </trkpt>
   <trkpt lat="38.73772" lon="-0.7858700000000001">
    <ele>858.7</ele>
   </trkpt>
   <trkpt lat="38.73785" lon="-0.78546">
    <ele>858.7</ele>
   </trkpt>
   <trkpt lat="38.737860000000005" lon="-0.785">
    <ele>858.7</ele>
   </trkpt>
   <trkpt lat="38.73785" lon="-0.78458">
    <ele>858.7</ele>
   </trkpt>
   <trkpt lat="38.7378" lon="-0.7842600000000001">
    <ele>858.7</ele>
   </trkpt>
   <trkpt lat="38.73769" lon="-0.78393">
    <ele>858.7</ele>
   </trkpt>
   <trkpt lat="38.73752" lon="-0.7835300000000001">
    <ele>790.58</ele>
   </trkpt>
   <trkpt lat="38.73731" lon="-0.7831400000000001">
    <ele>790.58</ele>
   </trkpt>
   <trkpt lat="38.736840001939875" lon="-0.782469995630672">
    <ele>790.58</ele>
   </trkpt>
   <trkpt lat="38.73637" lon="-0.7818">
    <ele>790.58</ele>
   </trkpt>
   <trkpt lat="38.735850000000006" lon="-0.7812100000000001">
    <ele>790.58</ele>
   </trkpt>
   <trkpt lat="38.7357" lon="-0.7811400000000001">
    <ele>790.58</ele>
   </trkpt>
   <trkpt lat="38.73556000000001" lon="-0.78112">
    <ele>790.58</ele>
   </trkpt>
   <trkpt lat="38.73539" lon="-0.78119">
    <ele>790.58</ele>
   </trkpt>
   <trkpt lat="38.73523" lon="-0.78129">
    <ele>790.58</ele>
   </trkpt>
   <trkpt lat="38.735150000000004" lon="-0.78127">
    <ele>790.58</ele>
   </trkpt>
   <trkpt lat="38.734910000000006" lon="-0.78105">
    <ele>790.58</ele>
   </trkpt>
   <trkpt lat="38.734375000351264" lon="-0.7807549977797553">
    <ele>790.58</ele>
   </trkpt>
   <trkpt lat="38.73384" lon="-0.78046">
    <ele>782.2800000000001</ele>
   </trkpt>
   <trkpt lat="38.73355" lon="-0.78034">
    <ele>782.2800000000001</ele>
   </trkpt>
   <trkpt lat="38.73306" lon="-0.7799200000000001">
    <ele>782.2800000000001</ele>
   </trkpt>
   <trkpt lat="38.732730000000004" lon="-0.7796500000000001">
    <ele>782.2800000000001</ele>
   </trkpt>
   <trkpt lat="38.73248" lon="-0.77954">
    <ele>782.2800000000001</ele>
   </trkpt>
   <trkpt lat="38.73214" lon="-0.7794800000000001">
    <ele>782.2800000000001</ele>
   </trkpt>
   <trkpt lat="38.73187" lon="-0.77936">
    <ele>782.2800000000001</ele>
   </trkpt>
   <trkpt lat="38.731590000000004" lon="-0.7792100000000001">
    <ele>782.2800000000001</ele>
   </trkpt>
   <trkpt lat="38.731300000000005" lon="-0.77912">
    <ele>752.46</ele>
   </trkpt>
   <trkpt lat="38.731120000000004" lon="-0.7790400000000001">
    <ele>752.46</ele>
   </trkpt>
   <trkpt lat="38.73073" lon="-0.77897">
    <ele>752.46</ele>
   </trkpt>
   <trkpt lat="38.730160000000005" lon="-0.7788">
    <ele>752.46</ele>
   </trkpt>
   <trkpt lat="38.72984" lon="-0.7786500000000001">
    <ele>752.46</ele>
   </trkpt>
   <trkpt lat="38.729440000000004" lon="-0.7786000000000001">
    <ele>752.46</ele>
   </trkpt>
   <trkpt lat="38.72936" lon="-0.77856">
    <ele>752.46</ele>
   </trkpt>
   <trkpt lat="38.72916" lon="-0.77829">
    <ele>752.46</ele>
   </trkpt>
   <trkpt lat="38.72905" lon="-0.77817">
    <ele>752.46</ele>
   </trkpt>
   <trkpt lat="38.728930000000005" lon="-0.77815">
    <ele>752.46</ele>
   </trkpt>
   <trkpt lat="38.728730000000006" lon="-0.77819">
    <ele>752.46</ele>
   </trkpt>
   <trkpt lat="38.728570000000005" lon="-0.77819">
    <ele>752.46</ele>
   </trkpt>
   <trkpt lat="38.728280000000005" lon="-0.7780400000000001">
    <ele>737.23</ele>
   </trkpt>
   <trkpt lat="38.72793" lon="-0.77783">
    <ele>737.23</ele>
   </trkpt>
   <trkpt lat="38.727720000000005" lon="-0.77775">
    <ele>737.23</ele>
   </trkpt>
   <trkpt lat="38.72755" lon="-0.77775">
    <ele>737.23</ele>
   </trkpt>
   <trkpt lat="38.72742" lon="-0.7778">
    <ele>737.23</ele>
   </trkpt>
   <trkpt lat="38.72724" lon="-0.7779200000000001">
    <ele>737.23</ele>
   </trkpt>
   <trkpt lat="38.72704" lon="-0.7780900000000001">
    <ele>737.23</ele>
   </trkpt>
   <trkpt lat="38.726780000000005" lon="-0.77836">
    <ele>737.23</ele>
   </trkpt>
   <trkpt lat="38.72668" lon="-0.7783800000000001">
    <ele>737.23</ele>
   </trkpt>
   <trkpt lat="38.726310000000005" lon="-0.77824">
    <ele>737.23</ele>
   </trkpt>
   <trkpt lat="38.72582499972283" lon="-0.7782149998158786">
    <ele>717.3600000000001</ele>
   </trkpt>
   <trkpt lat="38.72534" lon="-0.77819">
    <ele>717.3600000000001</ele>
   </trkpt>
   <trkpt lat="38.725150000000006" lon="-0.77822">
    <ele>717.3600000000001</ele>
   </trkpt>
   <trkpt lat="38.724350000753795" lon="-0.7785133398939256">
    <ele>717.3600000000001</ele>
   </trkpt>
   <trkpt lat="38.72355000077462" lon="-0.778806673219505">
    <ele>717.3600000000001</ele>
   </trkpt>
   <trkpt lat="38.722750000000005" lon="-0.7791">
    <ele>704.74</ele>
   </trkpt>
   <trkpt lat="38.72249" lon="-0.77914">
    <ele>704.74</ele>
   </trkpt>
   <trkpt lat="38.72229" lon="-0.7791">
    <ele>704.74</ele>
   </trkpt>
   <trkpt lat="38.722120000000004" lon="-0.7790100000000001">
    <ele>704.74</ele>
   </trkpt>
   <trkpt lat="38.721940000000004" lon="-0.77885">
    <ele>704.74</ele>
   </trkpt>
   <trkpt lat="38.72159500098228" lon="-0.7783749977362026">
    <ele>704.74</ele>
   </trkpt>
   <trkpt lat="38.721250000000005" lon="-0.7779">
    <ele>699.3800000000001</ele>
   </trkpt>
   <trkpt lat="38.720850000000006" lon="-0.77692">
    <ele>699.3800000000001</ele>
   </trkpt>
   <trkpt lat="38.72082" lon="-0.77673">
    <ele>699.3800000000001</ele>
   </trkpt>
   <trkpt lat="38.72086" lon="-0.77617">
    <ele>699.3800000000001</ele>
   </trkpt>
   <trkpt lat="38.72084" lon="-0.77595">
    <ele>699.3800000000001</ele>
   </trkpt>
   <trkpt lat="38.72077" lon="-0.77568">
    <ele>683.85</ele>
   </trkpt>
   <trkpt lat="38.720670000000005" lon="-0.77544">
    <ele>683.85</ele>
   </trkpt>
   <trkpt lat="38.72059" lon="-0.77531">
    <ele>683.85</ele>
   </trkpt>
   <trkpt lat="38.720490000000005" lon="-0.77519">
    <ele>683.85</ele>
   </trkpt>
   <trkpt lat="38.72039" lon="-0.77512">
    <ele>683.85</ele>
   </trkpt>
   <trkpt lat="38.71985" lon="-0.7748900000000001">
    <ele>683.85</ele>
   </trkpt>
   <trkpt lat="38.71919500018191" lon="-0.7746499977771745">
    <ele>683.85</ele>
   </trkpt>
   <trkpt lat="38.718540000000004" lon="-0.77441">
    <ele>683.85</ele>
   </trkpt>
   <trkpt lat="38.71787500059709" lon="-0.7741949940007806">
    <ele>666.4000000000001</ele>
   </trkpt>
   <trkpt lat="38.71721000080043" lon="-0.7739799920025501">
    <ele>666.4000000000001</ele>
   </trkpt>
   <trkpt lat="38.71654500061004" lon="-0.7737649940051411">
    <ele>666.4000000000001</ele>
   </trkpt>
   <trkpt lat="38.715880000000006" lon="-0.7735500000000001">
    <ele>662.33</ele>
   </trkpt>
   <trkpt lat="38.715880000000006" lon="-0.7735400000000001">
    <ele>662.33</ele>
   </trkpt>
   <trkpt lat="38.7151100002671" lon="-0.7732949973643846">
    <ele>662.33</ele>
   </trkpt>
   <trkpt lat="38.71434" lon="-0.77305">
    <ele>652.75</ele>
   </trkpt>
   <trkpt lat="38.71387" lon="-0.77295">
    <ele>652.75</ele>
   </trkpt>
   <trkpt lat="38.713060000000006" lon="-0.7726500000000001">
    <ele>652.75</ele>
   </trkpt>
   <trkpt lat="38.71242666662845" lon="-0.7726166660735158">
    <ele>652.75</ele>
   </trkpt>
   <trkpt lat="38.71179333324744" lon="-0.7725833327376808">
    <ele>652.75</ele>
   </trkpt>
   <trkpt lat="38.71116000000001" lon="-0.7725500000000001">
    <ele>652.75</ele>
   </trkpt>
   <trkpt lat="38.71067" lon="-0.7724300000000001">
    <ele>652.75</ele>
   </trkpt>
   <trkpt lat="38.70993000071829" lon="-0.7721366605884045">
    <ele>620.34</ele>
   </trkpt>
   <trkpt lat="38.70919000070372" lon="-0.771843327249392">
    <ele>620.34</ele>
   </trkpt>
   <trkpt lat="38.708450000000006" lon="-0.7715500000000001">
    <ele>620.34</ele>
   </trkpt>
   <trkpt lat="38.70791000026549" lon="-0.771369998682999">
    <ele>620.34</ele>
   </trkpt>
   <trkpt lat="38.707370000000004" lon="-0.77119">
    <ele>620.34</ele>
   </trkpt>
   <trkpt lat="38.707190000000004" lon="-0.7711">
    <ele>620.34</ele>
   </trkpt>
   <trkpt lat="38.7064950011579" lon="-0.7705449944824343">
    <ele>614.2700000000001</ele>
   </trkpt>
   <trkpt lat="38.7058" lon="-0.7699900000000001">
    <ele>614.2700000000001</ele>
   </trkpt>
   <trkpt lat="38.70566" lon="-0.7698200000000001">
    <ele>614.2700000000001</ele>
   </trkpt>
   <trkpt lat="38.7055" lon="-0.76953">
    <ele>614.2700000000001</ele>
   </trkpt>
   <trkpt lat="38.70539" lon="-0.7691600000000001">
    <ele>614.2700000000001</ele>
   </trkpt>
   <trkpt lat="38.70537" lon="-0.7687700000000001">
    <ele>614.2700000000001</ele>
   </trkpt>
   <trkpt lat="38.70543" lon="-0.76846">
    <ele>614.2700000000001</ele>
   </trkpt>
   <trkpt lat="38.705580000000005" lon="-0.768">
    <ele>614.2700000000001</ele>
   </trkpt>
   <trkpt lat="38.70585000193997" lon="-0.7673500021155751">
    <ele>614.3000000000001</ele>
   </trkpt>
   <trkpt lat="38.706120000000006" lon="-0.7667">
    <ele>614.3000000000001</ele>
   </trkpt>
   <trkpt lat="38.706360000000004" lon="-0.76602">
    <ele>614.3000000000001</ele>
   </trkpt>
   <trkpt lat="38.70644" lon="-0.7657">
    <ele>614.3000000000001</ele>
   </trkpt>
   <trkpt lat="38.70656" lon="-0.7651600000000001">
    <ele>614.3000000000001</ele>
   </trkpt>
   <trkpt lat="38.70669" lon="-0.76412">
    <ele>612.2</ele>
   </trkpt>
   <trkpt lat="38.70655" lon="-0.76409">
    <ele>612.2</ele>
   </trkpt>
   <trkpt lat="38.70608000045833" lon="-0.7637999981555629">
    <ele>607.36</ele>
   </trkpt>
   <trkpt lat="38.70561" lon="-0.76351">
    <ele>607.36</ele>
   </trkpt>
   <trkpt lat="38.70499000070629" lon="-0.76312999676108">
    <ele>602.69</ele>
   </trkpt>
   <trkpt lat="38.704370000000004" lon="-0.76275">
    <ele>602.69</ele>
   </trkpt>
   <trkpt lat="38.704390000000004" lon="-0.76268">
    <ele>602.6</ele>
   </trkpt>
   <trkpt lat="38.70358500108284" lon="-0.7621999946570268">
    <ele>600.59</ele>
   </trkpt>
   <trkpt lat="38.702780000000004" lon="-0.7617200000000001">
    <ele>598.8100000000001</ele>
   </trkpt>
   <trkpt lat="38.70219" lon="-0.7613500000000001">
    <ele>597.01</ele>
   </trkpt>
   <trkpt lat="38.702200000000005" lon="-0.76136">
    <ele>597.04</ele>
   </trkpt>
   <trkpt lat="38.70159" lon="-0.76095">
    <ele>596.04</ele>
   </trkpt>
   <trkpt lat="38.70111000042129" lon="-0.7606099976676598">
    <ele>593.48</ele>
   </trkpt>
   <trkpt lat="38.700630000000004" lon="-0.7602700000000001">
    <ele>593.48</ele>
   </trkpt>
   <trkpt lat="38.70035" lon="-0.7601000000000001">
    <ele>592.6</ele>
   </trkpt>
   <trkpt lat="38.700050000000005" lon="-0.75992">
    <ele>591.6800000000001</ele>
   </trkpt>
   <trkpt lat="38.69997" lon="-0.75997">
    <ele>591.6800000000001</ele>
   </trkpt>
   <trkpt lat="38.69971" lon="-0.7607200000000001">
    <ele>591.1899999999999</ele>
   </trkpt>
   <trkpt lat="38.69942000354266" lon="-0.7616250034978663">
    <ele>590.8500000000001</ele>
   </trkpt>
   <trkpt lat="38.699130000000004" lon="-0.76253">
    <ele>590.8500000000001</ele>
   </trkpt>
   <trkpt lat="38.69908" lon="-0.76278">
    <ele>590.2900000000001</ele>
   </trkpt>
   <trkpt lat="38.699000000000005" lon="-0.7636400000000001">
    <ele>590.2900000000001</ele>
   </trkpt>
   <trkpt lat="38.698910005900316" lon="-0.7644733355588895">
    <ele>590.3900000000001</ele>
   </trkpt>
   <trkpt lat="38.69882000588645" lon="-0.7653066690205176">
    <ele>589.82</ele>
   </trkpt>
   <trkpt lat="38.698730000000005" lon="-0.76614">
    <ele>590.09</ele>
   </trkpt>
   <trkpt lat="38.698080000000004" lon="-0.7657600000000001">
    <ele>589.62</ele>
   </trkpt>
   <trkpt lat="38.698080000000004" lon="-0.7657700000000001">
    <ele>589.6300000000001</ele>
   </trkpt>
   <trkpt lat="38.69734000065931" lon="-0.7653299953495069">
    <ele>589.6300000000001</ele>
   </trkpt>
   <trkpt lat="38.696600000000004" lon="-0.7648900000000001">
    <ele>589.6300000000001</ele>
   </trkpt>
   <trkpt lat="38.696040000894804" lon="-0.7645766617932245">
    <ele>587.4</ele>
   </trkpt>
   <trkpt lat="38.6954800009535" lon="-0.7642633284927914">
    <ele>587.4</ele>
   </trkpt>
   <trkpt lat="38.69492" lon="-0.76395">
    <ele>587.4</ele>
   </trkpt>
   <trkpt lat="38.694770000000005" lon="-0.76387">
    <ele>587.4</ele>
   </trkpt>
   <trkpt lat="38.694012501152436" lon="-0.7635699904705174">
    <ele>587.4</ele>
   </trkpt>
   <trkpt lat="38.69325500153839" lon="-0.7632699872949501">
    <ele>586.9100000000001</ele>
   </trkpt>
   <trkpt lat="38.6924975011579" lon="-0.7629699904729976">
    <ele>586.9100000000001</ele>
   </trkpt>
   <trkpt lat="38.69174" lon="-0.7626700000000001">
    <ele>586.9100000000001</ele>
   </trkpt>
   <trkpt lat="38.69163" lon="-0.7625700000000001">
    <ele>586.9100000000001</ele>
   </trkpt>
   <trkpt lat="38.69193500314079" lon="-0.7617200034444978">
    <ele>589.3900000000001</ele>
   </trkpt>
   <trkpt lat="38.692240000000005" lon="-0.76087">
    <ele>589.3900000000001</ele>
   </trkpt>
   <trkpt lat="38.69199000164021" lon="-0.7602499978418167">
    <ele>589.3900000000001</ele>
   </trkpt>
   <trkpt lat="38.69174" lon="-0.75963">
    <ele>589.3900000000001</ele>
   </trkpt>
   <trkpt lat="38.69164000000001" lon="-0.75953">
    <ele>588.47</ele>
   </trkpt>
   <trkpt lat="38.691215000414026" lon="-0.7592749985673881">
    <ele>588.47</ele>
   </trkpt>
   <trkpt lat="38.69079" lon="-0.75902">
    <ele>588.47</ele>
   </trkpt>
   <trkpt lat="38.690720000000006" lon="-0.75882">
    <ele>588.47</ele>
   </trkpt>
   <trkpt lat="38.690720000000006" lon="-0.7586">
    <ele>588.53</ele>
   </trkpt>
   <trkpt lat="38.690690000000004" lon="-0.75836">
    <ele>588.53</ele>
   </trkpt>
   <trkpt lat="38.690580000000004" lon="-0.75814">
    <ele>588.53</ele>
   </trkpt>
   <trkpt lat="38.69026" lon="-0.75765">
    <ele>588.53</ele>
   </trkpt>
   <trkpt lat="38.690110000000004" lon="-0.75736">
    <ele>591.01</ele>
   </trkpt>
   <trkpt lat="38.6898550028867" lon="-0.7565399971534256">
    <ele>591.01</ele>
   </trkpt>
   <trkpt lat="38.689600000000006" lon="-0.7557200000000001">
    <ele>591.01</ele>
   </trkpt>
   <trkpt lat="38.689310002456196" lon="-0.7549549968051285">
    <ele>591.01</ele>
   </trkpt>
   <trkpt lat="38.689020000000006" lon="-0.75419">
    <ele>595.4200000000001</ele>
   </trkpt>
   <trkpt lat="38.688840000000006" lon="-0.75385">
    <ele>595.4200000000001</ele>
   </trkpt>
   <trkpt lat="38.68867" lon="-0.7536200000000001">
    <ele>595.4200000000001</ele>
   </trkpt>
   <trkpt lat="38.68838" lon="-0.7533200000000001">
    <ele>595.4200000000001</ele>
   </trkpt>
   <trkpt lat="38.68829" lon="-0.7532500000000001">
    <ele>595.75</ele>
   </trkpt>
   <trkpt lat="38.68829" lon="-0.75324">
    <ele>595.7900000000001</ele>
   </trkpt>
   <trkpt lat="38.68818" lon="-0.75314">
    <ele>595.7900000000001</ele>
   </trkpt>
   <trkpt lat="38.68744" lon="-0.7527">
    <ele>595.7900000000001</ele>
   </trkpt>
   <trkpt lat="38.68721" lon="-0.75236">
    <ele>595.7900000000001</ele>
   </trkpt>
   <trkpt lat="38.6871" lon="-0.75207">
    <ele>595.7900000000001</ele>
   </trkpt>
   <trkpt lat="38.68681000626777" lon="-0.7512133264432824">
    <ele>595.7900000000001</ele>
   </trkpt>
   <trkpt lat="38.686520006286074" lon="-0.7503566598307898">
    <ele>595.7900000000001</ele>
   </trkpt>
   <trkpt lat="38.68623" lon="-0.7495">
    <ele>595.7900000000001</ele>
   </trkpt>
   <trkpt lat="38.686150000000005" lon="-0.74921">
    <ele>622.7</ele>
   </trkpt>
   <trkpt lat="38.68600000275405" lon="-0.748404998285094">
    <ele>622.7</ele>
   </trkpt>
   <trkpt lat="38.68585" lon="-0.7476">
    <ele>622.7</ele>
   </trkpt>
   <trkpt lat="38.68554667548029" lon="-0.746583324753398">
    <ele>622.7</ele>
   </trkpt>
   <trkpt lat="38.68524334215878" lon="-0.7455666581264826">
    <ele>622.7</ele>
   </trkpt>
   <trkpt lat="38.684940000000005" lon="-0.74455">
    <ele>622.7</ele>
   </trkpt>
   <trkpt lat="38.68488" lon="-0.7444200000000001">
    <ele>622.7</ele>
   </trkpt>
   <trkpt lat="38.68469" lon="-0.7441300000000001">
    <ele>622.7</ele>
   </trkpt>
   <trkpt lat="38.68435" lon="-0.74375">
    <ele>627.09</ele>
   </trkpt>
   <trkpt lat="38.684270000000005" lon="-0.7436200000000001">
    <ele>627.09</ele>
   </trkpt>
   <trkpt lat="38.684200000000004" lon="-0.7434200000000001">
    <ele>627.09</ele>
   </trkpt>
   <trkpt lat="38.684180000000005" lon="-0.74329">
    <ele>627.09</ele>
   </trkpt>
   <trkpt lat="38.68418334230886" lon="-0.7422633334654923">
    <ele>627.09</ele>
   </trkpt>
   <trkpt lat="38.68418667564207" lon="-0.7412366668352061">
    <ele>627.09</ele>
   </trkpt>
   <trkpt lat="38.68419" lon="-0.74021">
    <ele>627.09</ele>
   </trkpt>
   <trkpt lat="38.68413" lon="-0.73962">
    <ele>627.09</ele>
   </trkpt>
   <trkpt lat="38.68392" lon="-0.7387400000000001">
    <ele>627.09</ele>
   </trkpt>
   <trkpt lat="38.68372000413447" lon="-0.7377549972644253">
    <ele>670.88</ele>
   </trkpt>
   <trkpt lat="38.68352" lon="-0.73677">
    <ele>670.88</ele>
   </trkpt>
   <trkpt lat="38.68348" lon="-0.73638">
    <ele>670.88</ele>
   </trkpt>
   <trkpt lat="38.68343" lon="-0.7355200000000001">
    <ele>670.88</ele>
   </trkpt>
   <trkpt lat="38.683220000000006" lon="-0.73445">
    <ele>670.88</ele>
   </trkpt>
   <trkpt lat="38.682950000000005" lon="-0.73375">
    <ele>670.88</ele>
   </trkpt>
   <trkpt lat="38.68271" lon="-0.7333500000000001">
    <ele>670.88</ele>
   </trkpt>
   <trkpt lat="38.682660000000006" lon="-0.73318">
    <ele>670.88</ele>
   </trkpt>
   <trkpt lat="38.682590000000005" lon="-0.7328">
    <ele>670.88</ele>
   </trkpt>
   <trkpt lat="38.68267" lon="-0.73184">
    <ele>670.88</ele>
   </trkpt>
   <trkpt lat="38.68267" lon="-0.73155">
    <ele>670.88</ele>
   </trkpt>
   <trkpt lat="38.68244" lon="-0.73062">
    <ele>688.39</ele>
   </trkpt>
   <trkpt lat="38.6824" lon="-0.7302500000000001">
    <ele>688.39</ele>
   </trkpt>
   <trkpt lat="38.682410000000004" lon="-0.7296400000000001">
    <ele>688.39</ele>
   </trkpt>
   <trkpt lat="38.682230000000004" lon="-0.72877">
    <ele>688.39</ele>
   </trkpt>
   <trkpt lat="38.681625000582315" lon="-0.7291350030766032">
    <ele>688.39</ele>
   </trkpt>
   <trkpt lat="38.681020000000004" lon="-0.7295">
    <ele>688.39</ele>
   </trkpt>
   <trkpt lat="38.680490000240596" lon="-0.7297800021228283">
    <ele>688.39</ele>
   </trkpt>
   <trkpt lat="38.67996" lon="-0.73006">
    <ele>688.39</ele>
   </trkpt>
   <trkpt lat="38.67929" lon="-0.7304700000000001">
    <ele>701.89</ele>
   </trkpt>
   <trkpt lat="38.67876000079516" lon="-0.7308750029251351">
    <ele>701.89</ele>
   </trkpt>
   <trkpt lat="38.678230000000006" lon="-0.73128">
    <ele>701.89</ele>
   </trkpt>
   <trkpt lat="38.677730000000004" lon="-0.73162">
    <ele>701.89</ele>
   </trkpt>
   <trkpt lat="38.67772" lon="-0.7316300000000001">
    <ele>701.9200000000001</ele>
   </trkpt>
   <trkpt lat="38.677110000000006" lon="-0.73194">
    <ele>703.6800000000001</ele>
   </trkpt>
   <trkpt lat="38.676600000504784" lon="-0.7322350020242739">
    <ele>700.97</ele>
   </trkpt>
   <trkpt lat="38.67609" lon="-0.73253">
    <ele>700.97</ele>
   </trkpt>
   <trkpt lat="38.67586" lon="-0.7327400000000001">
    <ele>700.97</ele>
   </trkpt>
   <trkpt lat="38.6754" lon="-0.73328">
    <ele>700.97</ele>
   </trkpt>
   <trkpt lat="38.67519" lon="-0.73355">
    <ele>700.97</ele>
   </trkpt>
   <trkpt lat="38.674795001609816" lon="-0.7341800036039801">
    <ele>688.58</ele>
   </trkpt>
   <trkpt lat="38.674400000000006" lon="-0.7348100000000001">
    <ele>688.58</ele>
   </trkpt>
   <trkpt lat="38.67386500857457" lon="-0.735630018405882">
    <ele>688.58</ele>
   </trkpt>
   <trkpt lat="38.673330011423666" lon="-0.7364500245547334">
    <ele>688.58</ele>
   </trkpt>
   <trkpt lat="38.67279500854747" lon="-0.7372700184468413">
    <ele>688.58</ele>
   </trkpt>
   <trkpt lat="38.67226" lon="-0.73809">
    <ele>688.58</ele>
   </trkpt>
   <trkpt lat="38.67202" lon="-0.7384000000000001">
    <ele>688.58</ele>
   </trkpt>
   <trkpt lat="38.67151000236963" lon="-0.7389300075743297">
    <ele>681.6800000000001</ele>
   </trkpt>
   <trkpt lat="38.671000002347455" lon="-0.739460007597262">
    <ele>681.6800000000001</ele>
   </trkpt>
   <trkpt lat="38.67049" lon="-0.73999">
    <ele>681.6800000000001</ele>
   </trkpt>
   <trkpt lat="38.669900000000005" lon="-0.74055">
    <ele>681.6800000000001</ele>
   </trkpt>
   <trkpt lat="38.66924000120036" lon="-0.7410850049465997">
    <ele>681.6800000000001</ele>
   </trkpt>
   <trkpt lat="38.668580000000006" lon="-0.7416200000000001">
    <ele>681.6800000000001</ele>
   </trkpt>
   <trkpt lat="38.66783000409987" lon="-0.7421875178435187">
    <ele>680.2600000000001</ele>
   </trkpt>
   <trkpt lat="38.66708000545753" lon="-0.7427550237977272">
    <ele>680.2600000000001</ele>
   </trkpt>
   <trkpt lat="38.666330004073096" lon="-0.7433225178631504">
    <ele>680.2600000000001</ele>
   </trkpt>
   <trkpt lat="38.665580000000006" lon="-0.74389">
    <ele>685.35</ele>
   </trkpt>
   <trkpt lat="38.664950000000005" lon="-0.7444000000000001">
    <ele>685.35</ele>
   </trkpt>
   <trkpt lat="38.664435000945375" lon="-0.7449050037694921">
    <ele>685.35</ele>
   </trkpt>
   <trkpt lat="38.663920000000005" lon="-0.74541">
    <ele>685.35</ele>
   </trkpt>
   <trkpt lat="38.663650000000004" lon="-0.7456200000000001">
    <ele>685.35</ele>
   </trkpt>
   <trkpt lat="38.66311000067242" lon="-0.746015002972577">
    <ele>685.35</ele>
   </trkpt>
   <trkpt lat="38.66257" lon="-0.74641">
    <ele>683.95</ele>
   </trkpt>
   <trkpt lat="38.662310000000005" lon="-0.74658">
    <ele>683.95</ele>
   </trkpt>
   <trkpt lat="38.66212" lon="-0.7466700000000001">
    <ele>683.95</ele>
   </trkpt>
   <trkpt lat="38.661490000064454" lon="-0.746760000787447">
    <ele>683.95</ele>
   </trkpt>
   <trkpt lat="38.66086000000001" lon="-0.74685">
    <ele>687.1700000000001</ele>
   </trkpt>
   <trkpt lat="38.6606" lon="-0.7469">
    <ele>687.1700000000001</ele>
   </trkpt>
   <trkpt lat="38.66011" lon="-0.7470300000000001">
    <ele>687.1700000000001</ele>
   </trkpt>
   <trkpt lat="38.6601" lon="-0.74704">
    <ele>687.2</ele>
   </trkpt>
   <trkpt lat="38.65962500017757" lon="-0.747245001360177">
    <ele>687.2</ele>
   </trkpt>
   <trkpt lat="38.659150000000004" lon="-0.7474500000000001">
    <ele>689.97</ele>
   </trkpt>
   <trkpt lat="38.658440000000006" lon="-0.74782">
    <ele>689.97</ele>
   </trkpt>
   <trkpt lat="38.65802" lon="-0.7482300000000001">
    <ele>688.7500000000001</ele>
   </trkpt>
   <trkpt lat="38.65737" lon="-0.74894">
    <ele>688.7500000000001</ele>
   </trkpt>
   <trkpt lat="38.657230000000006" lon="-0.74916">
    <ele>683.33</ele>
   </trkpt>
   <trkpt lat="38.65681" lon="-0.7499300000000001">
    <ele>683.33</ele>
   </trkpt>
   <trkpt lat="38.65646" lon="-0.75065">
    <ele>683.33</ele>
   </trkpt>
   <trkpt lat="38.65603" lon="-0.75143">
    <ele>683.33</ele>
   </trkpt>
   <trkpt lat="38.65545" lon="-0.75226">
    <ele>683.33</ele>
   </trkpt>
   <trkpt lat="38.65493750644088" lon="-0.7529700152344994">
    <ele>673.0100000000001</ele>
   </trkpt>
   <trkpt lat="38.65442500858996" lon="-0.7536800203094024">
    <ele>673.0100000000001</ele>
   </trkpt>
   <trkpt lat="38.65391250644744" lon="-0.7543900152249556">
    <ele>673.0100000000001</ele>
   </trkpt>
   <trkpt lat="38.653400000000005" lon="-0.7551000000000001">
    <ele>673.0100000000001</ele>
   </trkpt>
   <trkpt lat="38.652730000000005" lon="-0.75582">
    <ele>673.0100000000001</ele>
   </trkpt>
   <trkpt lat="38.6525" lon="-0.75604">
    <ele>673.0100000000001</ele>
   </trkpt>
   <trkpt lat="38.65231" lon="-0.75619">
    <ele>673.0100000000001</ele>
   </trkpt>
   <trkpt lat="38.6516550026825" lon="-0.7566475125416923">
    <ele>673.0100000000001</ele>
   </trkpt>
   <trkpt lat="38.65100000358306" lon="-0.7571050167175397">
    <ele>673.0100000000001</ele>
   </trkpt>
   <trkpt lat="38.65034500270175" lon="-0.7575625125278688">
    <ele>673.0100000000001</ele>
   </trkpt>
   <trkpt lat="38.64969" lon="-0.75802">
    <ele>666.0600000000001</ele>
   </trkpt>
   <trkpt lat="38.649550000000005" lon="-0.75814">
    <ele>666.0600000000001</ele>
   </trkpt>
   <trkpt lat="38.64895500209691" lon="-0.758845005876856">
    <ele>666.0600000000001</ele>
   </trkpt>
   <trkpt lat="38.648360000000004" lon="-0.7595500000000001">
    <ele>666.0600000000001</ele>
   </trkpt>
   <trkpt lat="38.648140000000005" lon="-0.75975">
    <ele>666.0600000000001</ele>
   </trkpt>
   <trkpt lat="38.647560000000006" lon="-0.76021">
    <ele>666.0600000000001</ele>
   </trkpt>
   <trkpt lat="38.647020000000005" lon="-0.7604700000000001">
    <ele>666.0600000000001</ele>
   </trkpt>
   <trkpt lat="38.64645000039421" lon="-0.7607200019325031">
    <ele>666.0600000000001</ele>
   </trkpt>
   <trkpt lat="38.645880000000005" lon="-0.76097">
    <ele>666.0600000000001</ele>
   </trkpt>
   <trkpt lat="38.64533000082869" lon="-0.7612800047527923">
    <ele>666.0600000000001</ele>
   </trkpt>
   <trkpt lat="38.644780000839305" lon="-0.7615900047467598">
    <ele>666.0600000000001</ele>
   </trkpt>
   <trkpt lat="38.64423" lon="-0.7619">
    <ele>666.5000000000001</ele>
   </trkpt>
   <trkpt lat="38.64356000086597" lon="-0.7623350040277317">
    <ele>666.5000000000001</ele>
   </trkpt>
   <trkpt lat="38.64289" lon="-0.7627700000000001">
    <ele>666.5000000000001</ele>
   </trkpt>
   <trkpt lat="38.64208" lon="-0.76326">
    <ele>666.5000000000001</ele>
   </trkpt>
   <trkpt lat="38.641475000481535" lon="-0.7635750026283608">
    <ele>666.5000000000001</ele>
   </trkpt>
   <trkpt lat="38.64087000000001" lon="-0.7638900000000001">
    <ele>666.5000000000001</ele>
   </trkpt>
   <trkpt lat="38.640750000000004" lon="-0.76397">
    <ele>666.5000000000001</ele>
   </trkpt>
   <trkpt lat="38.640350000000005" lon="-0.76441">
    <ele>666.5000000000001</ele>
   </trkpt>
   <trkpt lat="38.640100000000004" lon="-0.76463">
    <ele>666.5000000000001</ele>
   </trkpt>
   <trkpt lat="38.639680000000006" lon="-0.7649400000000001">
    <ele>654.2900000000001</ele>
   </trkpt>
   <trkpt lat="38.639175000935495" lon="-0.7654050032623727">
    <ele>654.2900000000001</ele>
   </trkpt>
   <trkpt lat="38.638670000000005" lon="-0.76587">
    <ele>654.2900000000001</ele>
   </trkpt>
   <trkpt lat="38.638210001023516" lon="-0.7663750033089874">
    <ele>654.2900000000001</ele>
   </trkpt>
   <trkpt lat="38.637750000000004" lon="-0.7668800000000001">
    <ele>654.2900000000001</ele>
   </trkpt>
   <trkpt lat="38.63774" lon="-0.7668800000000001">
    <ele>654.27</ele>
   </trkpt>
   <trkpt lat="38.637420000000006" lon="-0.76724">
    <ele>653.2800000000001</ele>
   </trkpt>
   <trkpt lat="38.63740000000001" lon="-0.76734">
    <ele>653.2800000000001</ele>
   </trkpt>
   <trkpt lat="38.637420000000006" lon="-0.7674900000000001">
    <ele>650.32</ele>
   </trkpt>
   <trkpt lat="38.63752" lon="-0.76758">
    <ele>650.58</ele>
   </trkpt>
   <trkpt lat="38.637660000000004" lon="-0.76761">
    <ele>650.58</ele>
   </trkpt>
   <trkpt lat="38.63792" lon="-0.76765">
    <ele>651.48</ele>
   </trkpt>
   <trkpt lat="38.638250000000006" lon="-0.7676400000000001">
    <ele>651.5300000000001</ele>
   </trkpt>
   <trkpt lat="38.63873499996713" lon="-0.7675600005512562">
    <ele>651.5300000000001</ele>
   </trkpt>
   <trkpt lat="38.63922" lon="-0.76748">
    <ele>651.5300000000001</ele>
   </trkpt>
   <trkpt lat="38.639680000000006" lon="-0.7673300000000001">
    <ele>651.5300000000001</ele>
   </trkpt>
   <trkpt lat="38.64025" lon="-0.7671100000000001">
    <ele>651.5300000000001</ele>
   </trkpt>
   <trkpt lat="38.640794999943715" lon="-0.7670150007389305">
    <ele>643.7900000000001</ele>
   </trkpt>
   <trkpt lat="38.64134000000001" lon="-0.76692">
    <ele>643.7900000000001</ele>
   </trkpt>
   <trkpt lat="38.642210000000006" lon="-0.76666">
    <ele>643.7900000000001</ele>
   </trkpt>
   <trkpt lat="38.642360000000004" lon="-0.76661">
    <ele>643.7900000000001</ele>
   </trkpt>
   <trkpt lat="38.642340000000004" lon="-0.76661">
    <ele>643.84</ele>
   </trkpt>
   <trkpt lat="38.64273" lon="-0.76646">
    <ele>643.84</ele>
   </trkpt>
   <trkpt lat="38.6432" lon="-0.7663300000000001">
    <ele>643.84</ele>
   </trkpt>
   <trkpt lat="38.643480000000004" lon="-0.7662800000000001">
    <ele>643.84</ele>
   </trkpt>
   <trkpt lat="38.64432" lon="-0.76631">
    <ele>636.61</ele>
   </trkpt>
   <trkpt lat="38.64491" lon="-0.76639">
    <ele>636.61</ele>
   </trkpt>
   <trkpt lat="38.64571" lon="-0.76646">
    <ele>636.61</ele>
   </trkpt>
   <trkpt lat="38.6458" lon="-0.76646">
    <ele>636.61</ele>
   </trkpt>
   <trkpt lat="38.64621" lon="-0.7663300000000001">
    <ele>636.61</ele>
   </trkpt>
   <trkpt lat="38.64654" lon="-0.76629">
    <ele>636.61</ele>
   </trkpt>
   <trkpt lat="38.647163333398126" lon="-0.7663299993073249">
    <ele>635.7</ele>
   </trkpt>
   <trkpt lat="38.647786666782615" lon="-0.7663699993105989">
    <ele>635.7</ele>
   </trkpt>
   <trkpt lat="38.648410000000005" lon="-0.76641">
    <ele>635.7</ele>
   </trkpt>
   <trkpt lat="38.648610000000005" lon="-0.76636">
    <ele>635.7</ele>
   </trkpt>
   <trkpt lat="38.64945500004968" lon="-0.766260001178564">
    <ele>635.7</ele>
   </trkpt>
   <trkpt lat="38.6503" lon="-0.7661600000000001">
    <ele>635.7</ele>
   </trkpt>
   <trkpt lat="38.65085000006556" lon="-0.7660750006471647">
    <ele>635.7</ele>
   </trkpt>
   <trkpt lat="38.6514" lon="-0.7659900000000001">
    <ele>635.7</ele>
   </trkpt>
   <trkpt lat="38.652107500004725" lon="-0.7659974997778338">
    <ele>635.7</ele>
   </trkpt>
   <trkpt lat="38.65281500000898" lon="-0.7660049997038023">
    <ele>611.82</ele>
   </trkpt>
   <trkpt lat="38.65352250001274" lon="-0.7660124997779121">
    <ele>611.82</ele>
   </trkpt>
   <trkpt lat="38.654230000000005" lon="-0.76602">
    <ele>611.82</ele>
   </trkpt>
   <trkpt lat="38.654964999926285" lon="-0.7661049991157542">
    <ele>611.82</ele>
   </trkpt>
   <trkpt lat="38.6557" lon="-0.76619">
    <ele>611.82</ele>
   </trkpt>
   <trkpt lat="38.656420000000004" lon="-0.76624">
    <ele>611.82</ele>
   </trkpt>
   <trkpt lat="38.65697" lon="-0.7662300000000001">
    <ele>611.82</ele>
   </trkpt>
   <trkpt lat="38.65746" lon="-0.76626">
    <ele>611.82</ele>
   </trkpt>
   <trkpt lat="38.65773" lon="-0.76622">
    <ele>609.7300000000001</ele>
   </trkpt>
   <trkpt lat="38.65814" lon="-0.7662100000000001">
    <ele>609.7300000000001</ele>
   </trkpt>
   <trkpt lat="38.65847" lon="-0.7662500000000001">
    <ele>609.7300000000001</ele>
   </trkpt>
   <trkpt lat="38.65889000000001" lon="-0.7662800000000001">
    <ele>609.7300000000001</ele>
   </trkpt>
   <trkpt lat="38.65961" lon="-0.7663000000000001">
    <ele>608.14</ele>
   </trkpt>
   <trkpt lat="38.6604150001955" lon="-0.7662700003300619">
    <ele>608.14</ele>
   </trkpt>
   <trkpt lat="38.66122" lon="-0.76624">
    <ele>607.1</ele>
   </trkpt>
   <trkpt lat="38.66147" lon="-0.76626">
    <ele>607.1</ele>
   </trkpt>
   <trkpt lat="38.662325000216065" lon="-0.7663949951619577">
    <ele>605.38</ele>
   </trkpt>
   <trkpt lat="38.66318000027696" lon="-0.7665299935474031">
    <ele>605.38</ele>
   </trkpt>
   <trkpt lat="38.664035000182686" lon="-0.7666649951565114">
    <ele>599.28</ele>
   </trkpt>
   <trkpt lat="38.66489" lon="-0.7668">
    <ele>599.28</ele>
   </trkpt>
   <trkpt lat="38.6653" lon="-0.7668400000000001">
    <ele>599.28</ele>
   </trkpt>
   <trkpt lat="38.66545" lon="-0.76685">
    <ele>599.28</ele>
   </trkpt>
   <trkpt lat="38.66608" lon="-0.76685">
    <ele>599.28</ele>
   </trkpt>
   <trkpt lat="38.66655" lon="-0.76678">
    <ele>599.28</ele>
   </trkpt>
   <trkpt lat="38.66704" lon="-0.76668">
    <ele>599.28</ele>
   </trkpt>
   <trkpt lat="38.66733" lon="-0.76665">
    <ele>592.49</ele>
   </trkpt>
   <trkpt lat="38.667986666609835" lon="-0.7666466667280993">
    <ele>592.49</ele>
   </trkpt>
   <trkpt lat="38.66864333321958" lon="-0.7666433333950557">
    <ele>592.49</ele>
   </trkpt>
   <trkpt lat="38.6693" lon="-0.7666400000000001">
    <ele>592.49</ele>
   </trkpt>
   <trkpt lat="38.66993666671012" lon="-0.7666599996455459">
    <ele>589.11</ele>
   </trkpt>
   <trkpt lat="38.67057333341684" lon="-0.7666799996467991">
    <ele>589.11</ele>
   </trkpt>
   <trkpt lat="38.67121" lon="-0.7667">
    <ele>589.11</ele>
   </trkpt>
   <trkpt lat="38.671836666648694" lon="-0.7666533341530667">
    <ele>589.11</ele>
   </trkpt>
   <trkpt lat="38.672463333278856" lon="-0.76660666748913">
    <ele>582.49</ele>
   </trkpt>
   <trkpt lat="38.67309" lon="-0.76656">
    <ele>582.49</ele>
   </trkpt>
   <trkpt lat="38.673880000000004" lon="-0.76661">
    <ele>582.49</ele>
   </trkpt>
   <trkpt lat="38.674330000000005" lon="-0.76673">
    <ele>582.49</ele>
   </trkpt>
   <trkpt lat="38.67509500095709" lon="-0.7671999949872107">
    <ele>582.19</ele>
   </trkpt>
   <trkpt lat="38.67586" lon="-0.7676700000000001">
    <ele>580.71</ele>
   </trkpt>
   <trkpt lat="38.67613" lon="-0.7677700000000001">
    <ele>580.71</ele>
   </trkpt>
   <trkpt lat="38.6765949998325" lon="-0.7678849991975494">
    <ele>580.71</ele>
   </trkpt>
   <trkpt lat="38.677060000000004" lon="-0.768">
    <ele>580.71</ele>
   </trkpt>
   <trkpt lat="38.67761" lon="-0.76824">
    <ele>579.2</ele>
   </trkpt>
   <trkpt lat="38.678310000469565" lon="-0.7685899965508965">
    <ele>579.2</ele>
   </trkpt>
   <trkpt lat="38.679010000000005" lon="-0.7689400000000001">
    <ele>579.2</ele>
   </trkpt>
   <trkpt lat="38.679640000000006" lon="-0.7691600000000001">
    <ele>581.07</ele>
   </trkpt>
   <trkpt lat="38.68013000003792" lon="-0.7692599993143844">
    <ele>581.07</ele>
   </trkpt>
   <trkpt lat="38.680620000000005" lon="-0.76936">
    <ele>581.07</ele>
   </trkpt>
   <trkpt lat="38.680800000000005" lon="-0.7694300000000001">
    <ele>581.07</ele>
   </trkpt>
   <trkpt lat="38.68153" lon="-0.76985">
    <ele>586.13</ele>
   </trkpt>
   <trkpt lat="38.68206500055428" lon="-0.7702199972141158">
    <ele>586.13</ele>
   </trkpt>
   <trkpt lat="38.6826" lon="-0.7705900000000001">
    <ele>586.13</ele>
   </trkpt>
   <trkpt lat="38.68333000128185" lon="-0.7711449943157512">
    <ele>586.13</ele>
   </trkpt>
   <trkpt lat="38.68406" lon="-0.7717">
    <ele>583.9100000000001</ele>
   </trkpt>
   <trkpt lat="38.684670000000004" lon="-0.7723000000000001">
    <ele>583.9100000000001</ele>
   </trkpt>
   <trkpt lat="38.685233336000124" lon="-0.7728666576761196">
    <ele>583.9100000000001</ele>
   </trkpt>
   <trkpt lat="38.685796669265855" lon="-0.7734333242746666">
    <ele>581.98</ele>
   </trkpt>
   <trkpt lat="38.68636" lon="-0.774">
    <ele>581.98</ele>
   </trkpt>
   <trkpt lat="38.68670500084357" lon="-0.774424998042538">
    <ele>581.77</ele>
   </trkpt>
   <trkpt lat="38.687050000000006" lon="-0.77485">
    <ele>581.64</ele>
   </trkpt>
   <trkpt lat="38.687380000000005" lon="-0.77519">
    <ele>581.34</ele>
   </trkpt>
   <trkpt lat="38.68753" lon="-0.77532">
    <ele>580.86</ele>
   </trkpt>
   <trkpt lat="38.687580000000004" lon="-0.77536">
    <ele>580.6300000000001</ele>
   </trkpt>
   <trkpt lat="38.6878" lon="-0.7754200000000001">
    <ele>579.64</ele>
   </trkpt>
   <trkpt lat="38.687870000000004" lon="-0.77549">
    <ele>579.55</ele>
   </trkpt>
   <trkpt lat="38.68806" lon="-0.77556">
    <ele>579.55</ele>
   </trkpt>
   <trkpt lat="38.68883000080147" lon="-0.7759949953159677">
    <ele>577.2400000000001</ele>
   </trkpt>
   <trkpt lat="38.689600000000006" lon="-0.7764300000000001">
    <ele>577.2400000000001</ele>
   </trkpt>
   <trkpt lat="38.69019333429629" lon="-0.7767633278137159">
    <ele>577.2400000000001</ele>
   </trkpt>
   <trkpt lat="38.6907866676464" lon="-0.7770966611563949">
    <ele>575.5300000000001</ele>
   </trkpt>
   <trkpt lat="38.69138" lon="-0.7774300000000001">
    <ele>575.5300000000001</ele>
   </trkpt>
   <trkpt lat="38.69198000040616" lon="-0.7777399973983924">
    <ele>577.34</ele>
   </trkpt>
   <trkpt lat="38.69258000000001" lon="-0.77805">
    <ele>577.34</ele>
   </trkpt>
   <trkpt lat="38.69321" lon="-0.77853">
    <ele>577.2</ele>
   </trkpt>
   <trkpt lat="38.6933" lon="-0.7785900000000001">
    <ele>577.2</ele>
   </trkpt>
   <trkpt lat="38.69344" lon="-0.77858">
    <ele>577.1200000000001</ele>
   </trkpt>
   <trkpt lat="38.693560000000005" lon="-0.7786400000000001">
    <ele>577.1200000000001</ele>
   </trkpt>
   <trkpt lat="38.693650000000005" lon="-0.77878">
    <ele>577.5</ele>
   </trkpt>
   <trkpt lat="38.693690000000004" lon="-0.7789">
    <ele>577.5</ele>
   </trkpt>
   <trkpt lat="38.693690000000004" lon="-0.77905">
    <ele>577.67</ele>
   </trkpt>
   <trkpt lat="38.693650000000005" lon="-0.7791800000000001">
    <ele>577.67</ele>
   </trkpt>
   <trkpt lat="38.69366" lon="-0.7794300000000001">
    <ele>577.67</ele>
   </trkpt>
   <trkpt lat="38.69388" lon="-0.7799600000000001">
    <ele>576.9399999999999</ele>
   </trkpt>
   <trkpt lat="38.69419500158294" lon="-0.7805749972379542">
    <ele>576.48</ele>
   </trkpt>
   <trkpt lat="38.69451" lon="-0.78119">
    <ele>576.88</ele>
   </trkpt>
   <trkpt lat="38.694810000000004" lon="-0.78161">
    <ele>578.74</ele>
   </trkpt>
   <trkpt lat="38.69496" lon="-0.78173">
    <ele>578.74</ele>
   </trkpt>
   <trkpt lat="38.69512" lon="-0.7817700000000001">
    <ele>579.0000000000001</ele>
   </trkpt>
   <trkpt lat="38.695190000000004" lon="-0.7818200000000001">
    <ele>579.0000000000001</ele>
   </trkpt>
   <trkpt lat="38.69527" lon="-0.78197">
    <ele>579.44</ele>
   </trkpt>
   <trkpt lat="38.69529" lon="-0.78219">
    <ele>579.5</ele>
   </trkpt>
   <trkpt lat="38.695260000000005" lon="-0.7823100000000001">
    <ele>579.5</ele>
   </trkpt>
   <trkpt lat="38.6952" lon="-0.78241">
    <ele>579.5</ele>
   </trkpt>
   <trkpt lat="38.69511" lon="-0.78249">
    <ele>578.13</ele>
   </trkpt>
   <trkpt lat="38.69501" lon="-0.7825300000000001">
    <ele>578.13</ele>
   </trkpt>
   <trkpt lat="38.69491" lon="-0.78251">
    <ele>578.13</ele>
   </trkpt>
   <trkpt lat="38.69482" lon="-0.7824500000000001">
    <ele>578.13</ele>
   </trkpt>
   <trkpt lat="38.69465" lon="-0.78285">
    <ele>577.6300000000001</ele>
   </trkpt>
   <trkpt lat="38.69436" lon="-0.7838">
    <ele>577.6300000000001</ele>
   </trkpt>
   <trkpt lat="38.69407" lon="-0.78446">
    <ele>575.65</ele>
   </trkpt>
   <trkpt lat="38.69371" lon="-0.7851400000000001">
    <ele>575.65</ele>
   </trkpt>
   <trkpt lat="38.6933650044483" lon="-0.7861650050186103">
    <ele>575.65</ele>
   </trkpt>
   <trkpt lat="38.693020000000004" lon="-0.7871900000000001">
    <ele>575.65</ele>
   </trkpt>
   <trkpt lat="38.692753337904705" lon="-0.787923338823679">
    <ele>571.98</ele>
   </trkpt>
   <trkpt lat="38.69248667122965" lon="-0.7886566721800029">
    <ele>571.98</ele>
   </trkpt>
   <trkpt lat="38.692220000000006" lon="-0.78939">
    <ele>571.98</ele>
   </trkpt>
   <trkpt lat="38.69197000261753" lon="-0.7901750027632588">
    <ele>569.95</ele>
   </trkpt>
   <trkpt lat="38.691720000000004" lon="-0.7909600000000001">
    <ele>569.9200000000001</ele>
   </trkpt>
   <trkpt lat="38.69162" lon="-0.79142">
    <ele>569.9200000000001</ele>
   </trkpt>
   <trkpt lat="38.69155000000001" lon="-0.792">
    <ele>569.9200000000001</ele>
   </trkpt>
   <trkpt lat="38.69134500487515" lon="-0.793070003065008">
    <ele>568.4100000000001</ele>
   </trkpt>
   <trkpt lat="38.691140000000004" lon="-0.7941400000000001">
    <ele>568.4100000000001</ele>
   </trkpt>
   <trkpt lat="38.69107" lon="-0.79437">
    <ele>568.4100000000001</ele>
   </trkpt>
   <trkpt lat="38.69091" lon="-0.7946500000000001">
    <ele>568.59</ele>
   </trkpt>
   <trkpt lat="38.69057" lon="-0.7951">
    <ele>568.59</ele>
   </trkpt>
   <trkpt lat="38.69039" lon="-0.79537">
    <ele>568.59</ele>
   </trkpt>
   <trkpt lat="38.69026" lon="-0.79564">
    <ele>568.59</ele>
   </trkpt>
   <trkpt lat="38.69004" lon="-0.79642">
    <ele>567.2</ele>
   </trkpt>
   <trkpt lat="38.689710000000005" lon="-0.7972400000000001">
    <ele>567.2</ele>
   </trkpt>
   <trkpt lat="38.689490000000006" lon="-0.79786">
    <ele>567.2</ele>
   </trkpt>
   <trkpt lat="38.68929" lon="-0.7982400000000001">
    <ele>567.2</ele>
   </trkpt>
   <trkpt lat="38.68891" lon="-0.79873">
    <ele>567.2</ele>
   </trkpt>
   <trkpt lat="38.6884" lon="-0.79934">
    <ele>564.91</ele>
   </trkpt>
   <trkpt lat="38.68818" lon="-0.79964">
    <ele>564.91</ele>
   </trkpt>
   <trkpt lat="38.688030000000005" lon="-0.79993">
    <ele>564.91</ele>
   </trkpt>
   <trkpt lat="38.68786" lon="-0.80042">
    <ele>565.46</ele>
   </trkpt>
   <trkpt lat="38.687720000000006" lon="-0.8006800000000001">
    <ele>565.46</ele>
   </trkpt>
   <trkpt lat="38.687400000000004" lon="-0.8015800000000001">
    <ele>565.46</ele>
   </trkpt>
   <trkpt lat="38.687180000000005" lon="-0.8021">
    <ele>565.46</ele>
   </trkpt>
   <trkpt lat="38.68674" lon="-0.80273">
    <ele>562.58</ele>
   </trkpt>
   <trkpt lat="38.686440000000005" lon="-0.80337">
    <ele>562.58</ele>
   </trkpt>
   <trkpt lat="38.686" lon="-0.8042400000000001">
    <ele>562.58</ele>
   </trkpt>
   <trkpt lat="38.68582000126332" lon="-0.8047900014589013">
    <ele>562.58</ele>
   </trkpt>
   <trkpt lat="38.68564000000001" lon="-0.8053400000000001">
    <ele>562.58</ele>
   </trkpt>
   <trkpt lat="38.6854" lon="-0.80588">
    <ele>562.58</ele>
   </trkpt>
   <trkpt lat="38.68507000129733" lon="-0.8064200023991309">
    <ele>559.9399999999999</ele>
   </trkpt>
   <trkpt lat="38.684740000000005" lon="-0.80696">
    <ele>559.9399999999999</ele>
   </trkpt>
   <trkpt lat="38.6846" lon="-0.8072400000000001">
    <ele>559.9399999999999</ele>
   </trkpt>
   <trkpt lat="38.68435000160308" lon="-0.8078550021666264">
    <ele>559.9399999999999</ele>
   </trkpt>
   <trkpt lat="38.6841" lon="-0.80847">
    <ele>559.9399999999999</ele>
   </trkpt>
   <trkpt lat="38.683910000000004" lon="-0.80915">
    <ele>559.9399999999999</ele>
   </trkpt>
   <trkpt lat="38.68376000000001" lon="-0.80957">
    <ele>558.5</ele>
   </trkpt>
   <trkpt lat="38.683435001302406" lon="-0.8101250025361366">
    <ele>558.5</ele>
   </trkpt>
   <trkpt lat="38.683110000000006" lon="-0.8106800000000001">
    <ele>558.5</ele>
   </trkpt>
   <trkpt lat="38.682880000000004" lon="-0.8112300000000001">
    <ele>558.5</ele>
   </trkpt>
   <trkpt lat="38.68272" lon="-0.8117300000000001">
    <ele>558.5</ele>
   </trkpt>
   <trkpt lat="38.68259000188929" lon="-0.8123900010230874">
    <ele>557.49</ele>
   </trkpt>
   <trkpt lat="38.682460000000006" lon="-0.81305">
    <ele>557.49</ele>
   </trkpt>
   <trkpt lat="38.68219667162092" lon="-0.813813338972616">
    <ele>556.0</ele>
   </trkpt>
   <trkpt lat="38.68193333828014" lon="-0.8145766723274769">
    <ele>555.44</ele>
   </trkpt>
   <trkpt lat="38.681670000000004" lon="-0.8153400000000001">
    <ele>555.44</ele>
   </trkpt>
   <trkpt lat="38.68155" lon="-0.81566">
    <ele>555.44</ele>
   </trkpt>
   <trkpt lat="38.68120500186309" lon="-0.8163200031655125">
    <ele>551.5600000000001</ele>
   </trkpt>
   <trkpt lat="38.68086" lon="-0.81698">
    <ele>551.5600000000001</ele>
   </trkpt>
   <trkpt lat="38.68059" lon="-0.8176500000000001">
    <ele>551.5600000000001</ele>
   </trkpt>
   <trkpt lat="38.68047" lon="-0.81801">
    <ele>551.58</ele>
   </trkpt>
   <trkpt lat="38.6802850018256" lon="-0.8186650016967029">
    <ele>550.1400000000001</ele>
   </trkpt>
   <trkpt lat="38.6801" lon="-0.81932">
    <ele>550.1400000000001</ele>
   </trkpt>
   <trkpt lat="38.67978" lon="-0.8203900000000001">
    <ele>548.9000000000001</ele>
   </trkpt>
   <trkpt lat="38.67967" lon="-0.8212400000000001">
    <ele>548.9000000000001</ele>
   </trkpt>
   <trkpt lat="38.6796" lon="-0.82154">
    <ele>548.6600000000001</ele>
   </trkpt>
   <trkpt lat="38.67934" lon="-0.8221700000000001">
    <ele>548.6600000000001</ele>
   </trkpt>
   <trkpt lat="38.679140000000004" lon="-0.8225600000000001">
    <ele>548.6600000000001</ele>
   </trkpt>
   <trkpt lat="38.678830000000005" lon="-0.82298">
    <ele>546.0200000000001</ele>
   </trkpt>
   <trkpt lat="38.67875" lon="-0.82313">
    <ele>546.0200000000001</ele>
   </trkpt>
   <trkpt lat="38.67869" lon="-0.82335">
    <ele>546.0200000000001</ele>
   </trkpt>
   <trkpt lat="38.678650000000005" lon="-0.82359">
    <ele>546.0200000000001</ele>
   </trkpt>
   <trkpt lat="38.6786" lon="-0.82452">
    <ele>546.0200000000001</ele>
   </trkpt>
   <trkpt lat="38.678610000000006" lon="-0.82491">
    <ele>546.0200000000001</ele>
   </trkpt>
   <trkpt lat="38.678580000000004" lon="-0.8252200000000001">
    <ele>546.0200000000001</ele>
   </trkpt>
   <trkpt lat="38.67851" lon="-0.8254900000000001">
    <ele>546.0200000000001</ele>
   </trkpt>
   <trkpt lat="38.67824500338364" lon="-0.826385003404071">
    <ele>546.0200000000001</ele>
   </trkpt>
   <trkpt lat="38.677980000000005" lon="-0.82728">
    <ele>546.0200000000001</ele>
   </trkpt>
   <trkpt lat="38.677666675458944" lon="-0.8282966755970516">
    <ele>546.0200000000001</ele>
   </trkpt>
   <trkpt lat="38.67735334211661" lon="-0.8293133422927538">
    <ele>539.58</ele>
   </trkpt>
   <trkpt lat="38.677040000000005" lon="-0.83033">
    <ele>539.58</ele>
   </trkpt>
   <trkpt lat="38.67667" lon="-0.8312">
    <ele>539.58</ele>
   </trkpt>
   <trkpt lat="38.676480000000005" lon="-0.83169">
    <ele>539.58</ele>
   </trkpt>
   <trkpt lat="38.6762" lon="-0.8325">
    <ele>539.6</ele>
   </trkpt>
   <trkpt lat="38.676100000000005" lon="-0.8330000000000001">
    <ele>538.88</ele>
   </trkpt>
   <trkpt lat="38.67604000563173" lon="-0.8338133347101014">
    <ele>538.88</ele>
   </trkpt>
   <trkpt lat="38.675980005630734" lon="-0.834626668056721">
    <ele>538.88</ele>
   </trkpt>
   <trkpt lat="38.675920000000005" lon="-0.8354400000000001">
    <ele>535.6200000000001</ele>
   </trkpt>
   <trkpt lat="38.675830000000005" lon="-0.8360500000000001">
    <ele>535.6200000000001</ele>
   </trkpt>
   <trkpt lat="38.675780001625185" lon="-0.8366700005741298">
    <ele>535.6200000000001</ele>
   </trkpt>
   <trkpt lat="38.67573" lon="-0.8372900000000001">
    <ele>535.6200000000001</ele>
   </trkpt>
   <trkpt lat="38.67559500189274" lon="-0.8379550012049375">
    <ele>534.86</ele>
   </trkpt>
   <trkpt lat="38.67546" lon="-0.83862">
    <ele>534.86</ele>
   </trkpt>
   <trkpt lat="38.675070000000005" lon="-0.83957">
    <ele>534.86</ele>
   </trkpt>
   <trkpt lat="38.674800002741" lon="-0.8403650028508304">
    <ele>531.47</ele>
   </trkpt>
   <trkpt lat="38.674530000000004" lon="-0.84116">
    <ele>531.47</ele>
   </trkpt>
   <trkpt lat="38.674420001446165" lon="-0.8417450009565084">
    <ele>531.47</ele>
   </trkpt>
   <trkpt lat="38.674310000000006" lon="-0.84233">
    <ele>531.47</ele>
   </trkpt>
   <trkpt lat="38.67412000354362" lon="-0.8432450025286289">
    <ele>531.47</ele>
   </trkpt>
   <trkpt lat="38.673930000000006" lon="-0.84416">
    <ele>530.2300000000001</ele>
   </trkpt>
   <trkpt lat="38.67389" lon="-0.84477">
    <ele>530.2300000000001</ele>
   </trkpt>
   <trkpt lat="38.6739" lon="-0.84523">
    <ele>530.2300000000001</ele>
   </trkpt>
   <trkpt lat="38.67398" lon="-0.84552">
    <ele>530.2300000000001</ele>
   </trkpt>
   <trkpt lat="38.674060000000004" lon="-0.8458600000000001">
    <ele>530.2300000000001</ele>
   </trkpt>
   <trkpt lat="38.67407" lon="-0.84601">
    <ele>530.2300000000001</ele>
   </trkpt>
   <trkpt lat="38.674040000000005" lon="-0.8464">
    <ele>530.2300000000001</ele>
   </trkpt>
   <trkpt lat="38.67398" lon="-0.84684">
    <ele>529.66</ele>
   </trkpt>
   <trkpt lat="38.67391000000001" lon="-0.84706">
    <ele>529.66</ele>
   </trkpt>
   <trkpt lat="38.673820000000006" lon="-0.84723">
    <ele>529.66</ele>
   </trkpt>
   <trkpt lat="38.67363" lon="-0.8474800000000001">
    <ele>529.66</ele>
   </trkpt>
   <trkpt lat="38.673480000000005" lon="-0.8478600000000001">
    <ele>529.66</ele>
   </trkpt>
   <trkpt lat="38.673190000000005" lon="-0.8488100000000001">
    <ele>527.2900000000001</ele>
   </trkpt>
   <trkpt lat="38.673100000000005" lon="-0.8493600000000001">
    <ele>527.2900000000001</ele>
   </trkpt>
   <trkpt lat="38.67300251081222" lon="-0.850280003740573">
    <ele>527.2900000000001</ele>
   </trkpt>
   <trkpt lat="38.67290501441756" lon="-0.8512000049752452">
    <ele>524.83</ele>
   </trkpt>
   <trkpt lat="38.672807510816085" lon="-0.8521200037038469">
    <ele>524.83</ele>
   </trkpt>
   <trkpt lat="38.67271" lon="-0.85304">
    <ele>524.83</ele>
   </trkpt>
   <trkpt lat="38.67259000000001" lon="-0.85377">
    <ele>524.83</ele>
   </trkpt>
   <trkpt lat="38.672520000000006" lon="-0.85448">
    <ele>522.2900000000001</ele>
   </trkpt>
   <trkpt lat="38.67249" lon="-0.85506">
    <ele>522.2900000000001</ele>
   </trkpt>
   <trkpt lat="38.67251000199778" lon="-0.8557449998133588">
    <ele>522.2900000000001</ele>
   </trkpt>
   <trkpt lat="38.67253" lon="-0.85643">
    <ele>521.75</ele>
   </trkpt>
   <trkpt lat="38.67254000510279" lon="-0.8575249996439411">
    <ele>521.14</ele>
   </trkpt>
   <trkpt lat="38.67255" lon="-0.85862">
    <ele>520.4100000000001</ele>
   </trkpt>
   <trkpt lat="38.67259000000001" lon="-0.8596900000000001">
    <ele>520.4100000000001</ele>
   </trkpt>
   <trkpt lat="38.6726" lon="-0.86055">
    <ele>520.1300000000001</ele>
   </trkpt>
   <trkpt lat="38.672540000000005" lon="-0.8609500000000001">
    <ele>520.1300000000001</ele>
   </trkpt>
   <trkpt lat="38.672380000000004" lon="-0.8616400000000001">
    <ele>519.3800000000001</ele>
   </trkpt>
   <trkpt lat="38.67214333932273" lon="-0.8624800056197555">
    <ele>519.3800000000001</ele>
   </trkpt>
   <trkpt lat="38.67190667263749" lon="-0.8633200056855682">
    <ele>519.3800000000001</ele>
   </trkpt>
   <trkpt lat="38.671670000000006" lon="-0.86416">
    <ele>518.1999999999999</ele>
   </trkpt>
   <trkpt lat="38.67154" lon="-0.86472">
    <ele>518.1999999999999</ele>
   </trkpt>
   <trkpt lat="38.67139" lon="-0.86565">
    <ele>518.1999999999999</ele>
   </trkpt>
   <trkpt lat="38.671400000000006" lon="-0.8663200000000001">
    <ele>517.88</ele>
   </trkpt>
   <trkpt lat="38.67139" lon="-0.86682">
    <ele>517.88</ele>
   </trkpt>
   <trkpt lat="38.671350001772346" lon="-0.8674650003409254">
    <ele>517.88</ele>
   </trkpt>
   <trkpt lat="38.671310000000005" lon="-0.86811">
    <ele>518.29</ele>
   </trkpt>
   <trkpt lat="38.671220000000005" lon="-0.86882">
    <ele>518.29</ele>
   </trkpt>
   <trkpt lat="38.671200000000006" lon="-0.8692300000000001">
    <ele>518.29</ele>
   </trkpt>
   <trkpt lat="38.67121" lon="-0.8697400000000001">
    <ele>518.29</ele>
   </trkpt>
   <trkpt lat="38.67119" lon="-0.87009">
    <ele>518.29</ele>
   </trkpt>
   <trkpt lat="38.67108" lon="-0.8711800000000001">
    <ele>518.29</ele>
   </trkpt>
   <trkpt lat="38.67103" lon="-0.87209">
    <ele>520.3800000000001</ele>
   </trkpt>
   <trkpt lat="38.671065001824665" lon="-0.8727449996456913">
    <ele>520.3800000000001</ele>
   </trkpt>
   <trkpt lat="38.6711" lon="-0.8734000000000001">
    <ele>520.3800000000001</ele>
   </trkpt>
   <trkpt lat="38.67118" lon="-0.8741000000000001">
    <ele>520.3800000000001</ele>
   </trkpt>
   <trkpt lat="38.671220000000005" lon="-0.87499">
    <ele>520.3800000000001</ele>
   </trkpt>
   <trkpt lat="38.67134" lon="-0.87553">
    <ele>520.3800000000001</ele>
   </trkpt>
   <trkpt lat="38.67156000000001" lon="-0.87616">
    <ele>520.3800000000001</ele>
   </trkpt>
   <trkpt lat="38.671710000000004" lon="-0.87682">
    <ele>512.2800000000001</ele>
   </trkpt>
   <trkpt lat="38.67186" lon="-0.8771800000000001">
    <ele>512.2800000000001</ele>
   </trkpt>
   <trkpt lat="38.67218000167141" lon="-0.8777949973685237">
    <ele>512.2800000000001</ele>
   </trkpt>
   <trkpt lat="38.67250000000001" lon="-0.87841">
    <ele>512.2800000000001</ele>
   </trkpt>
   <trkpt lat="38.6727400013339" lon="-0.8789799979719162">
    <ele>512.1300000000001</ele>
   </trkpt>
   <trkpt lat="38.67298" lon="-0.87955">
    <ele>512.1300000000001</ele>
   </trkpt>
   <trkpt lat="38.673210000000005" lon="-0.88014">
    <ele>512.1300000000001</ele>
   </trkpt>
   <trkpt lat="38.67334" lon="-0.8807">
    <ele>512.2500000000001</ele>
   </trkpt>
   <trkpt lat="38.67338" lon="-0.88102">
    <ele>512.2500000000001</ele>
   </trkpt>
   <trkpt lat="38.673410000000004" lon="-0.8815200000000001">
    <ele>512.2500000000001</ele>
   </trkpt>
   <trkpt lat="38.673410000000004" lon="-0.8818900000000001">
    <ele>512.0400000000001</ele>
   </trkpt>
   <trkpt lat="38.67336" lon="-0.88277">
    <ele>512.0400000000001</ele>
   </trkpt>
   <trkpt lat="38.67338" lon="-0.88292">
    <ele>512.0400000000001</ele>
   </trkpt>
   <trkpt lat="38.67358" lon="-0.8837200000000001">
    <ele>510.70000000000005</ele>
   </trkpt>
   <trkpt lat="38.67358" lon="-0.8838300000000001">
    <ele>510.70000000000005</ele>
   </trkpt>
   <trkpt lat="38.67383" lon="-0.8844500000000001">
    <ele>510.70000000000005</ele>
   </trkpt>
   <trkpt lat="38.67418" lon="-0.88519">
    <ele>511.68</ele>
   </trkpt>
   <trkpt lat="38.674200000000006" lon="-0.8852800000000001">
    <ele>511.68</ele>
   </trkpt>
   <trkpt lat="38.67419" lon="-0.8853500000000001">
    <ele>511.68</ele>
   </trkpt>
   <trkpt lat="38.67416" lon="-0.8855000000000001">
    <ele>511.68</ele>
   </trkpt>
   <trkpt lat="38.67374000268895" lon="-0.8862850044834566">
    <ele>507.16</ele>
   </trkpt>
   <trkpt lat="38.673320000000004" lon="-0.88707">
    <ele>507.16</ele>
   </trkpt>
   <trkpt lat="38.67301500146991" lon="-0.8876350022018712">
    <ele>507.28000000000003</ele>
   </trkpt>
   <trkpt lat="38.67271" lon="-0.8882000000000001">
    <ele>507.28000000000003</ele>
   </trkpt>
   <trkpt lat="38.67235" lon="-0.8887200000000001">
    <ele>507.01000000000005</ele>
   </trkpt>
   <trkpt lat="38.672200000000004" lon="-0.8889900000000001">
    <ele>506.28000000000003</ele>
   </trkpt>
   <trkpt lat="38.67217" lon="-0.8890600000000001">
    <ele>506.28000000000003</ele>
   </trkpt>
   <trkpt lat="38.672160000000005" lon="-0.88924">
    <ele>506.28000000000003</ele>
   </trkpt>
   <trkpt lat="38.672000000000004" lon="-0.88926">
    <ele>506.28000000000003</ele>
   </trkpt>
   <trkpt lat="38.67179" lon="-0.88919">
    <ele>506.5900000000001</ele>
   </trkpt>
   <trkpt lat="38.67128" lon="-0.88897">
    <ele>506.5900000000001</ele>
   </trkpt>
   <trkpt lat="38.670943339858816" lon="-0.8898466749596663">
    <ele>506.5900000000001</ele>
   </trkpt>
   <trkpt lat="38.67060667317375" lon="-0.8907233416741013">
    <ele>505.74000000000007</ele>
   </trkpt>
   <trkpt lat="38.67027" lon="-0.8916000000000001">
    <ele>505.74000000000007</ele>
   </trkpt>
   <trkpt lat="38.66996500310723" lon="-0.8924600037805108">
    <ele>505.74000000000007</ele>
   </trkpt>
   <trkpt lat="38.66966" lon="-0.8933200000000001">
    <ele>505.24</ele>
   </trkpt>
   <trkpt lat="38.669810000000005" lon="-0.89395">
    <ele>505.24</ele>
   </trkpt>
   <trkpt lat="38.670100000000005" lon="-0.8946000000000001">
    <ele>505.24</ele>
   </trkpt>
   <trkpt lat="38.670380000927466" lon="-0.8950549982954006">
    <ele>505.24</ele>
   </trkpt>
   <trkpt lat="38.670660000000005" lon="-0.89551">
    <ele>505.24</ele>
   </trkpt>
   <trkpt lat="38.67103000217246" lon="-0.8962249962970289">
    <ele>502.16</ele>
   </trkpt>
   <trkpt lat="38.671400000000006" lon="-0.8969400000000001">
    <ele>502.16</ele>
   </trkpt>
   <trkpt lat="38.67172" lon="-0.89773">
    <ele>502.16</ele>
   </trkpt>
   <trkpt lat="38.67181" lon="-0.8981500000000001">
    <ele>502.16</ele>
   </trkpt>
   <trkpt lat="38.671420000000005" lon="-0.8990400000000001">
    <ele>502.44</ele>
   </trkpt>
   <trkpt lat="38.671420000000005" lon="-0.8990600000000001">
    <ele>502.45000000000005</ele>
   </trkpt>
   <trkpt lat="38.6710250035723" lon="-0.8999700049129491">
    <ele>503.04</ele>
   </trkpt>
   <trkpt lat="38.67063" lon="-0.9008800000000001">
    <ele>503.04</ele>
   </trkpt>
   <trkpt lat="38.670326671176525" lon="-0.9016066727912331">
    <ele>503.04</ele>
   </trkpt>
   <trkpt lat="38.67002333785696" lon="-0.9023333394248197">
    <ele>502.18000000000006</ele>
   </trkpt>
   <trkpt lat="38.669720000000005" lon="-0.9030600000000001">
    <ele>502.18000000000006</ele>
   </trkpt>
   <trkpt lat="38.669450000000005" lon="-0.9036000000000001">
    <ele>502.18000000000006</ele>
   </trkpt>
   <trkpt lat="38.66913000117577" lon="-0.9041150022267238">
    <ele>502.18000000000006</ele>
   </trkpt>
   <trkpt lat="38.66881" lon="-0.90463">
    <ele>501.41</ele>
   </trkpt>
   <trkpt lat="38.6681" lon="-0.9053200000000001">
    <ele>501.41</ele>
   </trkpt>
   <trkpt lat="38.66808" lon="-0.9054500000000001">
    <ele>501.3500000000001</ele>
   </trkpt>
   <trkpt lat="38.66808" lon="-0.90544">
    <ele>501.36</ele>
   </trkpt>
   <trkpt lat="38.6681" lon="-0.9053200000000001">
    <ele>501.40000000000003</ele>
   </trkpt>
   <trkpt lat="38.66808" lon="-0.9054300000000001">
    <ele>502.37000000000006</ele>
   </trkpt>
   <trkpt lat="38.6681" lon="-0.90568">
    <ele>502.01000000000005</ele>
   </trkpt>
   <trkpt lat="38.6681" lon="-0.90624">
    <ele>502.01000000000005</ele>
   </trkpt>
   <trkpt lat="38.66826000195084" lon="-0.9069099986693944">
    <ele>502.11000000000007</ele>
   </trkpt>
   <trkpt lat="38.668420000000005" lon="-0.90758">
    <ele>501.74000000000007</ele>
   </trkpt>
   <trkpt lat="38.66860000129005" lon="-0.9081149988675502">
    <ele>501.49</ele>
   </trkpt>
   <trkpt lat="38.668780000000005" lon="-0.9086500000000001">
    <ele>501.6400000000001</ele>
   </trkpt>
   <trkpt lat="38.66902" lon="-0.9091400000000001">
    <ele>501.63</ele>
   </trkpt>
   <trkpt lat="38.66912000000001" lon="-0.90956">
    <ele>501.44</ele>
   </trkpt>
   <trkpt lat="38.669340000000005" lon="-0.91017">
    <ele>501.37000000000006</ele>
   </trkpt>
   <trkpt lat="38.66976000369007" lon="-0.9111049944443296">
    <ele>501.53999999999996</ele>
   </trkpt>
   <trkpt lat="38.67018" lon="-0.9120400000000001">
    <ele>501.40000000000003</ele>
   </trkpt>
   <trkpt lat="38.67051" lon="-0.9128700000000001">
    <ele>501.1500000000001</ele>
   </trkpt>
   <trkpt lat="38.670570000000005" lon="-0.9132800000000001">
    <ele>501.2000000000001</ele>
   </trkpt>
   <trkpt lat="38.67071" lon="-0.91366">
    <ele>501.29</ele>
   </trkpt>
   <trkpt lat="38.67099000166153" lon="-0.9142799976305541">
    <ele>501.39</ele>
   </trkpt>
   <trkpt lat="38.67127" lon="-0.9149">
    <ele>501.41</ele>
   </trkpt>
   <trkpt lat="38.671510000000005" lon="-0.9153500000000001">
    <ele>501.6400000000001</ele>
   </trkpt>
   <trkpt lat="38.672200000000004" lon="-0.91483">
    <ele>501.36</ele>
   </trkpt>
   <trkpt lat="38.672880000000006" lon="-0.9143600000000001">
    <ele>501.61</ele>
   </trkpt>
   <trkpt lat="38.673680000000004" lon="-0.91405">
    <ele>501.4200000000001</ele>
   </trkpt>
   <trkpt lat="38.6741" lon="-0.91385">
    <ele>501.41</ele>
   </trkpt>
   <trkpt lat="38.67483" lon="-0.9131900000000001">
    <ele>501.29</ele>
   </trkpt>
   <trkpt lat="38.67536500170088" lon="-0.9125800044261947">
    <ele>501.36</ele>
   </trkpt>
   <trkpt lat="38.675900000000006" lon="-0.9119700000000001">
    <ele>502.04</ele>
   </trkpt>
   <trkpt lat="38.676" lon="-0.91173">
    <ele>502.14000000000004</ele>
   </trkpt>
   <trkpt lat="38.67598" lon="-0.91129">
    <ele>502.17</ele>
   </trkpt>
   <trkpt lat="38.676050000000004" lon="-0.9109200000000001">
    <ele>502.38000000000005</ele>
   </trkpt>
   <trkpt lat="38.67615" lon="-0.91073">
    <ele>502.4700000000001</ele>
   </trkpt>
   <trkpt lat="38.67691000728703" lon="-0.9101450310570709">
    <ele>501.57000000000005</ele>
   </trkpt>
   <trkpt lat="38.67767001166029" lon="-0.9095600496914014">
    <ele>501.85</ele>
   </trkpt>
   <trkpt lat="38.67843001311961" lon="-0.9089750559024371">
    <ele>502.53000000000003</ele>
   </trkpt>
   <trkpt lat="38.67919001166489" lon="-0.9083900496896244">
    <ele>502.9800000000001</ele>
   </trkpt>
   <trkpt lat="38.679950007295965" lon="-0.9078050310524092">
    <ele>503.92</ele>
   </trkpt>
   <trkpt lat="38.680710000000005" lon="-0.90722">
    <ele>506.0800000000001</ele>
   </trkpt>
   <trkpt lat="38.68102000202879" lon="-0.9079249967474868">
    <ele>506.0300000000001</ele>
   </trkpt>
   <trkpt lat="38.68133" lon="-0.90863">
    <ele>505.90000000000003</ele>
   </trkpt>
   <trkpt lat="38.68160500197555" lon="-0.9093149973123393">
    <ele>505.83</ele>
   </trkpt>
   <trkpt lat="38.68188000000001" lon="-0.91">
    <ele>506.02000000000004</ele>
   </trkpt>
   <trkpt lat="38.68223333879136" lon="-0.9107966589204503">
    <ele>506.5900000000001</ele>
   </trkpt>
   <trkpt lat="38.682586672178296" lon="-0.911593325707886">
    <ele>506.61</ele>
   </trkpt>
   <trkpt lat="38.68294" lon="-0.91239">
    <ele>506.87</ele>
   </trkpt>
   <trkpt lat="38.68335000371827" lon="-0.9133249946339922">
    <ele>507.02000000000004</ele>
   </trkpt>
   <trkpt lat="38.68376000000001" lon="-0.9142600000000001">
    <ele>507.28000000000003</ele>
   </trkpt>
   <trkpt lat="38.683840000000004" lon="-0.9145300000000001">
    <ele>507.29</ele>
   </trkpt>
   <trkpt lat="38.68406" lon="-0.9154800000000001">
    <ele>507.19</ele>
   </trkpt>
   <trkpt lat="38.68442000709903" lon="-0.9163933241323082">
    <ele>507.29</ele>
   </trkpt>
   <trkpt lat="38.68478000709472" lon="-0.9173066574545772">
    <ele>507.38000000000005</ele>
   </trkpt>
   <trkpt lat="38.685140000000004" lon="-0.91822">
    <ele>507.49</ele>
   </trkpt>
   <trkpt lat="38.685460000000006" lon="-0.91922">
    <ele>507.56</ele>
   </trkpt>
   <trkpt lat="38.68564000000001" lon="-0.9201">
    <ele>507.74000000000007</ele>
   </trkpt>
   <trkpt lat="38.68582" lon="-0.92056">
    <ele>507.7900000000001</ele>
   </trkpt>
   <trkpt lat="38.68616" lon="-0.92156">
    <ele>508.13000000000005</ele>
   </trkpt>
   <trkpt lat="38.68634500158097" lon="-0.9221699984117318">
    <ele>508.48</ele>
   </trkpt>
   <trkpt lat="38.686530000000005" lon="-0.92278">
    <ele>509.0</ele>
   </trkpt>
   <trkpt lat="38.686910000000005" lon="-0.9234300000000001">
    <ele>510.76</ele>
   </trkpt>
   <trkpt lat="38.687020000000004" lon="-0.92337">
    <ele>510.75</ele>
   </trkpt>
   <trkpt lat="38.6877000049035" lon="-0.9228340203687609">
    <ele>511.11000000000007</ele>
   </trkpt>
   <trkpt lat="38.68838000736062" lon="-0.9222980305493944">
    <ele>511.7900000000001</ele>
   </trkpt>
   <trkpt lat="38.68906000737126" lon="-0.921762030541495">
    <ele>512.5500000000001</ele>
   </trkpt>
   <trkpt lat="38.689740004935324" lon="-0.9212260203446583">
    <ele>513.75</ele>
   </trkpt>
   <trkpt lat="38.69042" lon="-0.9206900000000001">
    <ele>514.72</ele>
   </trkpt>
   <trkpt lat="38.69099666882381" lon="-0.9201866747814877">
    <ele>516.33</ele>
   </trkpt>
   <trkpt lat="38.691573335490176" lon="-0.9196833414485126">
    <ele>519.44</ele>
   </trkpt>
   <trkpt lat="38.692150000000005" lon="-0.9191800000000001">
    <ele>522.02</ele>
   </trkpt>
   <trkpt lat="38.692690000000006" lon="-0.91878">
    <ele>525.5200000000001</ele>
   </trkpt>
   <trkpt lat="38.69319500137617" lon="-0.9182250038470692">
    <ele>532.1600000000001</ele>
   </trkpt>
   <trkpt lat="38.6937" lon="-0.9176700000000001">
    <ele>535.95</ele>
   </trkpt>
   <trkpt lat="38.69404" lon="-0.9173600000000001">
    <ele>537.19</ele>
   </trkpt>
   <trkpt lat="38.69442000083265" lon="-0.9169850017613592">
    <ele>538.4</ele>
   </trkpt>
   <trkpt lat="38.6948" lon="-0.91661">
    <ele>542.1700000000001</ele>
   </trkpt>
   <trkpt lat="38.69527666952228" lon="-0.9160300077414651">
    <ele>548.4499999999999</ele>
   </trkpt>
   <trkpt lat="38.69575333617975" lon="-0.9154500077527511">
    <ele>552.9900000000001</ele>
   </trkpt>
   <trkpt lat="38.69623" lon="-0.9148700000000001">
    <ele>553.58</ele>
   </trkpt>
   <trkpt lat="38.696340000000006" lon="-0.91468">
    <ele>553.58</ele>
   </trkpt>
   <trkpt lat="38.696380000000005" lon="-0.9145200000000001">
    <ele>553.73</ele>
   </trkpt>
   <trkpt lat="38.69639" lon="-0.91432">
    <ele>553.84</ele>
   </trkpt>
   <trkpt lat="38.696450000000006" lon="-0.91422">
    <ele>554.03</ele>
   </trkpt>
   <trkpt lat="38.69653" lon="-0.91417">
    <ele>554.03</ele>
   </trkpt>
   <trkpt lat="38.69662" lon="-0.91412">
    <ele>554.49</ele>
   </trkpt>
   <trkpt lat="38.696720000000006" lon="-0.9141400000000001">
    <ele>554.49</ele>
   </trkpt>
   <trkpt lat="38.69686" lon="-0.9142800000000001">
    <ele>554.57</ele>
   </trkpt>
   <trkpt lat="38.69688" lon="-0.9143600000000001">
    <ele>554.48</ele>
   </trkpt>
   <trkpt lat="38.69698" lon="-0.91451">
    <ele>553.97</ele>
   </trkpt>
   <trkpt lat="38.697250000000004" lon="-0.9147500000000001">
    <ele>553.98</ele>
   </trkpt>
   <trkpt lat="38.69744" lon="-0.9149700000000001">
    <ele>554.1400000000001</ele>
   </trkpt>
   <trkpt lat="38.697590000000005" lon="-0.9151900000000001">
    <ele>554.49</ele>
   </trkpt>
   <trkpt lat="38.697660000000006" lon="-0.9153600000000001">
    <ele>554.5500000000001</ele>
   </trkpt>
   <trkpt lat="38.697750000000006" lon="-0.9157000000000001">
    <ele>554.58</ele>
   </trkpt>
   <trkpt lat="38.69787" lon="-0.9166300000000001">
    <ele>553.83</ele>
   </trkpt>
   <trkpt lat="38.697970000000005" lon="-0.9170200000000001">
    <ele>552.4499999999999</ele>
   </trkpt>
   <trkpt lat="38.69816" lon="-0.91744">
    <ele>551.13</ele>
   </trkpt>
   <trkpt lat="38.698370000000004" lon="-0.9177500000000001">
    <ele>550.91</ele>
   </trkpt>
   <trkpt lat="38.698962505779086" lon="-0.9184224832878961">
    <ele>548.7800000000001</ele>
   </trkpt>
   <trkpt lat="38.699555007706714" lon="-0.9190949777182743">
    <ele>548.1600000000001</ele>
   </trkpt>
   <trkpt lat="38.70014750578271" lon="-0.9197674832914826">
    <ele>548.3800000000001</ele>
   </trkpt>
   <trkpt lat="38.70074" lon="-0.92044">
    <ele>548.86</ele>
   </trkpt>
   <trkpt lat="38.701145000844974" lon="-0.9208399978963276">
    <ele>549.83</ele>
   </trkpt>
   <trkpt lat="38.701550000000005" lon="-0.9212400000000001">
    <ele>550.71</ele>
   </trkpt>
   <trkpt lat="38.70193500032344" lon="-0.9215449983003795">
    <ele>551.69</ele>
   </trkpt>
   <trkpt lat="38.70232" lon="-0.9218500000000001">
    <ele>554.27</ele>
   </trkpt>
   <trkpt lat="38.702650000000006" lon="-0.9220200000000001">
    <ele>554.27</ele>
   </trkpt>
   <trkpt lat="38.70349500040335" lon="-0.922369995815092">
    <ele>556.89</ele>
   </trkpt>
   <trkpt lat="38.70434" lon="-0.9227200000000001">
    <ele>557.3800000000001</ele>
   </trkpt>
   <trkpt lat="38.704860000000004" lon="-0.9230200000000001">
    <ele>556.3800000000001</ele>
   </trkpt>
   <trkpt lat="38.70524" lon="-0.92329">
    <ele>555.52</ele>
   </trkpt>
   <trkpt lat="38.70568" lon="-0.92366">
    <ele>553.49</ele>
   </trkpt>
   <trkpt lat="38.70613" lon="-0.92412">
    <ele>551.28</ele>
   </trkpt>
   <trkpt lat="38.706660001965204" lon="-0.9247799952449273">
    <ele>547.8700000000001</ele>
   </trkpt>
   <trkpt lat="38.707190000000004" lon="-0.92544">
    <ele>545.21</ele>
   </trkpt>
   <trkpt lat="38.70761" lon="-0.9258500000000001">
    <ele>543.79</ele>
   </trkpt>
   <trkpt lat="38.70821" lon="-0.9262900000000001">
    <ele>543.01</ele>
   </trkpt>
   <trkpt lat="38.708690000000004" lon="-0.9265100000000001">
    <ele>543.01</ele>
   </trkpt>
   <trkpt lat="38.709030000000006" lon="-0.9266300000000001">
    <ele>543.01</ele>
   </trkpt>
   <trkpt lat="38.70988000025108" lon="-0.9268099957144805">
    <ele>543.4100000000001</ele>
   </trkpt>
   <trkpt lat="38.710730000226214" lon="-0.9269899957091362">
    <ele>543.4</ele>
   </trkpt>
   <trkpt lat="38.711580000000005" lon="-0.92717">
    <ele>543.3</ele>
   </trkpt>
   <trkpt lat="38.711940000000006" lon="-0.9272">
    <ele>543.36</ele>
   </trkpt>
   <trkpt lat="38.712300000000006" lon="-0.9272">
    <ele>543.8000000000001</ele>
   </trkpt>
   <trkpt lat="38.71278" lon="-0.92715">
    <ele>544.0600000000001</ele>
   </trkpt>
   <trkpt lat="38.71298" lon="-0.9271">
    <ele>544.0600000000001</ele>
   </trkpt>
   <trkpt lat="38.713420000000006" lon="-0.92693">
    <ele>544.62</ele>
   </trkpt>
   <trkpt lat="38.71361" lon="-0.9268000000000001">
    <ele>545.0200000000001</ele>
   </trkpt>
   <trkpt lat="38.71406" lon="-0.92634">
    <ele>546.5000000000001</ele>
   </trkpt>
   <trkpt lat="38.714270000000006" lon="-0.9261900000000001">
    <ele>546.76</ele>
   </trkpt>
   <trkpt lat="38.71443" lon="-0.92615">
    <ele>547.5300000000001</ele>
   </trkpt>
   <trkpt lat="38.714470000000006" lon="-0.92612">
    <ele>547.5300000000001</ele>
   </trkpt>
   <trkpt lat="38.71455" lon="-0.926">
    <ele>547.69</ele>
   </trkpt>
   <trkpt lat="38.71466" lon="-0.9259400000000001">
    <ele>547.69</ele>
   </trkpt>
   <trkpt lat="38.714830000000006" lon="-0.92578">
    <ele>547.94</ele>
   </trkpt>
   <trkpt lat="38.71537" lon="-0.925">
    <ele>549.28</ele>
   </trkpt>
   <trkpt lat="38.71584" lon="-0.92459">
    <ele>550.0</ele>
   </trkpt>
   <trkpt lat="38.71636000145595" lon="-0.9241900057485909">
    <ele>549.74</ele>
   </trkpt>
   <trkpt lat="38.71688000154911" lon="-0.923790005676997">
    <ele>550.71</ele>
   </trkpt>
   <trkpt lat="38.717400000000005" lon="-0.92339">
    <ele>552.09</ele>
   </trkpt>
   <trkpt lat="38.71763" lon="-0.92329">
    <ele>552.5300000000001</ele>
   </trkpt>
   <trkpt lat="38.717690000000005" lon="-0.9232400000000001">
    <ele>552.71</ele>
   </trkpt>
   <trkpt lat="38.71786" lon="-0.9231900000000001">
    <ele>552.71</ele>
   </trkpt>
   <trkpt lat="38.718090000000004" lon="-0.9230800000000001">
    <ele>552.95</ele>
   </trkpt>
   <trkpt lat="38.7182" lon="-0.9229700000000001">
    <ele>553.1</ele>
   </trkpt>
   <trkpt lat="38.718250000000005" lon="-0.9229700000000001">
    <ele>553.1</ele>
   </trkpt>
   <trkpt lat="38.718340000000005" lon="-0.9230200000000001">
    <ele>553.58</ele>
   </trkpt>
   <trkpt lat="38.718770000000006" lon="-0.9230600000000001">
    <ele>553.7700000000001</ele>
   </trkpt>
   <trkpt lat="38.71896" lon="-0.92298">
    <ele>553.79</ele>
   </trkpt>
   <trkpt lat="38.71961000048087" lon="-0.9226000035345642">
    <ele>554.12</ele>
   </trkpt>
   <trkpt lat="38.72026" lon="-0.92222">
    <ele>554.1600000000001</ele>
   </trkpt>
   <trkpt lat="38.720980000000004" lon="-0.92173">
    <ele>553.5300000000001</ele>
   </trkpt>
   <trkpt lat="38.72141500105241" lon="-0.9212800025426985">
    <ele>553.44</ele>
   </trkpt>
   <trkpt lat="38.72185" lon="-0.92083">
    <ele>553.4300000000001</ele>
   </trkpt>
   <trkpt lat="38.72227000077192" lon="-0.9204400021769309">
    <ele>553.61</ele>
   </trkpt>
   <trkpt lat="38.72269" lon="-0.92005">
    <ele>553.76</ele>
   </trkpt>
   <trkpt lat="38.72321" lon="-0.9192400000000001">
    <ele>554.27</ele>
   </trkpt>
   <trkpt lat="38.723650000000006" lon="-0.91866">
    <ele>554.72</ele>
   </trkpt>
   <trkpt lat="38.72430500231541" lon="-0.9179150068842861">
    <ele>555.6600000000001</ele>
   </trkpt>
   <trkpt lat="38.72496" lon="-0.91717">
    <ele>557.2900000000001</ele>
   </trkpt>
   <trkpt lat="38.72533000000001" lon="-0.91683">
    <ele>558.5100000000001</ele>
   </trkpt>
   <trkpt lat="38.72594000097091" lon="-0.9163350042849718">
    <ele>560.1400000000001</ele>
   </trkpt>
   <trkpt lat="38.72655" lon="-0.9158400000000001">
    <ele>561.5100000000001</ele>
   </trkpt>
   <trkpt lat="38.72721000000001" lon="-0.91534">
    <ele>562.09</ele>
   </trkpt>
   <trkpt lat="38.72786000099046" lon="-0.9148850040634191">
    <ele>562.27</ele>
   </trkpt>
   <trkpt lat="38.72851" lon="-0.9144300000000001">
    <ele>562.4</ele>
   </trkpt>
   <trkpt lat="38.728840000000005" lon="-0.9141400000000001">
    <ele>562.19</ele>
   </trkpt>
   <trkpt lat="38.729463337109465" lon="-0.9134733449773655">
    <ele>563.73</ele>
   </trkpt>
   <trkpt lat="38.73008667043301" lon="-0.9128066783213482">
    <ele>566.85</ele>
   </trkpt>
   <trkpt lat="38.73071" lon="-0.9121400000000001">
    <ele>566.91</ele>
   </trkpt>
   <trkpt lat="38.73130500259886" lon="-0.9113500066587609">
    <ele>564.6</ele>
   </trkpt>
   <trkpt lat="38.7319" lon="-0.91056">
    <ele>564.6</ele>
   </trkpt>
   <trkpt lat="38.732466672759806" lon="-0.9097133467861797">
    <ele>564.6</ele>
   </trkpt>
   <trkpt lat="38.733033339413176" lon="-0.9088666801396056">
    <ele>568.8100000000001</ele>
   </trkpt>
   <trkpt lat="38.7336" lon="-0.90802">
    <ele>568.8100000000001</ele>
   </trkpt>
   <trkpt lat="38.73377" lon="-0.90761">
    <ele>568.8100000000001</ele>
   </trkpt>
   <trkpt lat="38.733830000000005" lon="-0.90727">
    <ele>568.8100000000001</ele>
   </trkpt>
   <trkpt lat="38.73385001030725" lon="-0.9061700006386589">
    <ele>568.8100000000001</ele>
   </trkpt>
   <trkpt lat="38.733870010306845" lon="-0.9050700006611744">
    <ele>568.8100000000001</ele>
   </trkpt>
   <trkpt lat="38.73389" lon="-0.90397">
    <ele>568.8100000000001</ele>
   </trkpt>
   <trkpt lat="38.73394000863288" lon="-0.9029633347390421">
    <ele>569.08</ele>
   </trkpt>
   <trkpt lat="38.73399000863306" lon="-0.9019566680686597">
    <ele>569.08</ele>
   </trkpt>
   <trkpt lat="38.73404" lon="-0.90095">
    <ele>569.08</ele>
   </trkpt>
   <trkpt lat="38.73413" lon="-0.90002">
    <ele>569.08</ele>
   </trkpt>
   <trkpt lat="38.734230000000004" lon="-0.89946">
    <ele>569.08</ele>
   </trkpt>
   <trkpt lat="38.73436" lon="-0.8988700000000001">
    <ele>569.08</ele>
   </trkpt>
   <trkpt lat="38.734625008392065" lon="-0.89806000898993">
    <ele>570.58</ele>
   </trkpt>
   <trkpt lat="38.73489001119504" lon="-0.8972500119695563">
    <ele>570.58</ele>
   </trkpt>
   <trkpt lat="38.73515500840885" lon="-0.896440008938904">
    <ele>570.58</ele>
   </trkpt>
   <trkpt lat="38.735420000000005" lon="-0.89563">
    <ele>570.58</ele>
   </trkpt>
   <trkpt lat="38.735620000000004" lon="-0.89517">
    <ele>570.58</ele>
   </trkpt>
   <trkpt lat="38.73614601095213" lon="-0.8943680236353881">
    <ele>570.58</ele>
   </trkpt>
   <trkpt lat="38.73667201642513" lon="-0.8935660354583128">
    <ele>570.58</ele>
   </trkpt>
   <trkpt lat="38.73719801641881" lon="-0.8927640354685007">
    <ele>570.58</ele>
   </trkpt>
   <trkpt lat="38.737724010933" lon="-0.891962023665679">
    <ele>575.87</ele>
   </trkpt>
   <trkpt lat="38.73825" lon="-0.8911600000000001">
    <ele>575.87</ele>
   </trkpt>
   <trkpt lat="38.73848" lon="-0.89073">
    <ele>575.87</ele>
   </trkpt>
   <trkpt lat="38.73876750849106" lon="-0.8899150098335339">
    <ele>575.87</ele>
   </trkpt>
   <trkpt lat="38.73905501132364" lon="-0.8891000131052463">
    <ele>575.87</ele>
   </trkpt>
   <trkpt lat="38.73934250849764" lon="-0.8882850098151461">
    <ele>575.87</ele>
   </trkpt>
   <trkpt lat="38.739630000000005" lon="-0.8874700000000001">
    <ele>577.95</ele>
   </trkpt>
   <trkpt lat="38.73984" lon="-0.88704">
    <ele>577.95</ele>
   </trkpt>
   <trkpt lat="38.74007" lon="-0.8867700000000001">
    <ele>577.95</ele>
   </trkpt>
   <trkpt lat="38.74079000366989" lon="-0.8861133465781218">
    <ele>577.95</ele>
   </trkpt>
   <trkpt lat="38.741510003666285" lon="-0.8854566799149778">
    <ele>582.47</ele>
   </trkpt>
   <trkpt lat="38.742230000000006" lon="-0.8848">
    <ele>582.47</ele>
   </trkpt>
   <trkpt lat="38.742470000000004" lon="-0.88448">
    <ele>582.47</ele>
   </trkpt>
   <trkpt lat="38.742560000000005" lon="-0.8842800000000001">
    <ele>582.47</ele>
   </trkpt>
   <trkpt lat="38.742700002747966" lon="-0.8834750016495706">
    <ele>582.47</ele>
   </trkpt>
   <trkpt lat="38.74284" lon="-0.8826700000000001">
    <ele>581.0000000000001</ele>
   </trkpt>
   <trkpt lat="38.74293" lon="-0.88226">
    <ele>581.0000000000001</ele>
   </trkpt>
   <trkpt lat="38.74309" lon="-0.88192">
    <ele>581.0000000000001</ele>
   </trkpt>
   <trkpt lat="38.74337500113138" lon="-0.8814050020525955">
    <ele>581.0000000000001</ele>
   </trkpt>
   <trkpt lat="38.743660000000006" lon="-0.8808900000000001">
    <ele>581.0000000000001</ele>
   </trkpt>
   <trkpt lat="38.74400000467847" lon="-0.8801500070183698">
    <ele>581.0000000000001</ele>
   </trkpt>
   <trkpt lat="38.74434000469176" lon="-0.8794100069895373">
    <ele>581.0000000000001</ele>
   </trkpt>
   <trkpt lat="38.74468" lon="-0.8786700000000001">
    <ele>585.76</ele>
   </trkpt>
   <trkpt lat="38.74488500163342" lon="-0.8780600016074006">
    <ele>585.76</ele>
   </trkpt>
   <trkpt lat="38.745090000000005" lon="-0.8774500000000001">
    <ele>585.76</ele>
   </trkpt>
   <trkpt lat="38.74536334167298" lon="-0.8764600076170848">
    <ele>585.76</ele>
   </trkpt>
   <trkpt lat="38.74563667499606" lon="-0.8754700076543465">
    <ele>585.76</ele>
   </trkpt>
   <trkpt lat="38.74591" lon="-0.87448">
    <ele>593.48</ele>
   </trkpt>
   <trkpt lat="38.74615" lon="-0.8737">
    <ele>593.48</ele>
   </trkpt>
   <trkpt lat="38.74635" lon="-0.87324">
    <ele>593.48</ele>
   </trkpt>
   <trkpt lat="38.74681750991391" lon="-0.8723600172533914">
    <ele>593.48</ele>
   </trkpt>
   <trkpt lat="38.74728501323046" lon="-0.8714800229825065">
    <ele>593.48</ele>
   </trkpt>
   <trkpt lat="38.7477525099494" lon="-0.8706000171871643">
    <ele>593.48</ele>
   </trkpt>
   <trkpt lat="38.74822" lon="-0.86972">
    <ele>593.2900000000001</ele>
   </trkpt>
   <trkpt lat="38.7486" lon="-0.86897">
    <ele>593.2900000000001</ele>
   </trkpt>
   <trkpt lat="38.74890000528848" lon="-0.8681800067149311">
    <ele>593.2900000000001</ele>
   </trkpt>
   <trkpt lat="38.74920000525985" lon="-0.8673900067904209">
    <ele>593.2900000000001</ele>
   </trkpt>
   <trkpt lat="38.749500000000005" lon="-0.8666">
    <ele>593.2900000000001</ele>
   </trkpt>
   <trkpt lat="38.74989333944987" lon="-0.8657533426433341">
    <ele>593.2900000000001</ele>
   </trkpt>
   <trkpt lat="38.750286672792456" lon="-0.8649066759568995">
    <ele>595.5600000000001</ele>
   </trkpt>
   <trkpt lat="38.75068" lon="-0.86406">
    <ele>595.5600000000001</ele>
   </trkpt>
   <trkpt lat="38.751056671335164" lon="-0.8633200078032162">
    <ele>595.5600000000001</ele>
   </trkpt>
   <trkpt lat="38.75143333800491" lon="-0.8625800077972772">
    <ele>595.21</ele>
   </trkpt>
   <trkpt lat="38.751810000000006" lon="-0.86184">
    <ele>595.21</ele>
   </trkpt>
   <trkpt lat="38.75223877415303" lon="-0.8609400378422504">
    <ele>593.53</ele>
   </trkpt>
   <trkpt lat="38.75266754140539" lon="-0.8600400648730232">
    <ele>593.53</ele>
   </trkpt>
   <trkpt lat="38.753096301756926" lon="-0.8591400810921969">
    <ele>593.53</ele>
   </trkpt>
   <trkpt lat="38.75352505520741" lon="-0.85824008649965">
    <ele>593.53</ele>
   </trkpt>
   <trkpt lat="38.75395380175669" lon="-0.857340081095261">
    <ele>594.26</ele>
   </trkpt>
   <trkpt lat="38.75438254140456" lon="-0.8564400648789081">
    <ele>594.26</ele>
   </trkpt>
   <trkpt lat="38.75481127415083" lon="-0.85554003785047">
    <ele>594.26</ele>
   </trkpt>
   <trkpt lat="38.75524" lon="-0.8546400000000001">
    <ele>594.26</ele>
   </trkpt>
   <trkpt lat="38.75538" lon="-0.85426">
    <ele>594.26</ele>
   </trkpt>
   <trkpt lat="38.75554500146248" lon="-0.8536750013361618">
    <ele>594.26</ele>
   </trkpt>
   <trkpt lat="38.75571" lon="-0.85309">
    <ele>594.26</ele>
   </trkpt>
   <trkpt lat="38.7560750117154" lon="-0.8521325146941234">
    <ele>597.08</ele>
   </trkpt>
   <trkpt lat="38.75644001561961" lon="-0.8511750195949446">
    <ele>597.08</ele>
   </trkpt>
   <trkpt lat="38.75680501171241" lon="-0.8502175147024454">
    <ele>597.08</ele>
   </trkpt>
   <trkpt lat="38.75717" lon="-0.84926">
    <ele>597.08</ele>
   </trkpt>
   <trkpt lat="38.75759667238294" lon="-0.8484433430333235">
    <ele>597.08</ele>
   </trkpt>
   <trkpt lat="38.75802333908339" lon="-0.847626676302143">
    <ele>597.04</ele>
   </trkpt>
   <trkpt lat="38.75845" lon="-0.8468100000000001">
    <ele>597.04</ele>
   </trkpt>
   <trkpt lat="38.75874500095657" lon="-0.8463600017169025">
    <ele>597.04</ele>
   </trkpt>
   <trkpt lat="38.759040000000006" lon="-0.84591">
    <ele>597.04</ele>
   </trkpt>
   <trkpt lat="38.75968" lon="-0.84516">
    <ele>597.04</ele>
   </trkpt>
   <trkpt lat="38.759910000000005" lon="-0.8447100000000001">
    <ele>597.04</ele>
   </trkpt>
   <trkpt lat="38.76023" lon="-0.84372">
    <ele>598.96</ele>
   </trkpt>
   <trkpt lat="38.760490000000004" lon="-0.84313">
    <ele>598.96</ele>
   </trkpt>
   <trkpt lat="38.76097891581495" lon="-0.8422411598350341">
    <ele>598.96</ele>
   </trkpt>
   <trkpt lat="38.761467824898276" lon="-0.8413523074906502">
    <ele>598.96</ele>
   </trkpt>
   <trkpt lat="38.76195672724979" lon="-0.8404634429666362">
    <ele>598.96</ele>
   </trkpt>
   <trkpt lat="38.76244562286928" lon="-0.8395745662627803">
    <ele>601.13</ele>
   </trkpt>
   <trkpt lat="38.76293451175651" lon="-0.8386856773788699">
    <ele>601.13</ele>
   </trkpt>
   <trkpt lat="38.7634233939113" lon="-0.8377967763146933">
    <ele>601.13</ele>
   </trkpt>
   <trkpt lat="38.763912269333424" lon="-0.8369078630700384">
    <ele>601.13</ele>
   </trkpt>
   <trkpt lat="38.764401138022684" lon="-0.8360189376446931">
    <ele>601.13</ele>
   </trkpt>
   <trkpt lat="38.76489" lon="-0.83513">
    <ele>602.25</ele>
   </trkpt>
   <trkpt lat="38.765130000000006" lon="-0.83479">
    <ele>602.25</ele>
   </trkpt>
   <trkpt lat="38.765573336084486" lon="-0.834226673607428">
    <ele>602.25</ele>
   </trkpt>
   <trkpt lat="38.76601666946497" lon="-0.8336633402142649">
    <ele>602.25</ele>
   </trkpt>
   <trkpt lat="38.76646" lon="-0.8331000000000001">
    <ele>602.25</ele>
   </trkpt>
   <trkpt lat="38.76699" lon="-0.83225">
    <ele>602.25</ele>
   </trkpt>
   <trkpt lat="38.767340000000004" lon="-0.83172">
    <ele>602.25</ele>
   </trkpt>
   <trkpt lat="38.76794" lon="-0.83103">
    <ele>603.6</ele>
   </trkpt>
   <trkpt lat="38.768370000000004" lon="-0.8304300000000001">
    <ele>603.6100000000001</ele>
   </trkpt>
   <trkpt lat="38.76852" lon="-0.83062">
    <ele>603.6100000000001</ele>
   </trkpt>
   <trkpt lat="38.76921000653755" lon="-0.8312399760010634">
    <ele>603.6100000000001</ele>
   </trkpt>
   <trkpt lat="38.7699000097998" lon="-0.831859963995127">
    <ele>603.6100000000001</ele>
   </trkpt>
   <trkpt lat="38.770590009786595" lon="-0.8324799639826617">
    <ele>616.99</ele>
   </trkpt>
   <trkpt lat="38.7712800064978" lon="-0.8330999759641384">
    <ele>616.99</ele>
   </trkpt>
   <trkpt lat="38.77197" lon="-0.83372">
    <ele>616.99</ele>
   </trkpt>
   <trkpt lat="38.77208" lon="-0.83381">
    <ele>616.99</ele>
   </trkpt>
   <trkpt lat="38.77219" lon="-0.83386">
    <ele>616.99</ele>
   </trkpt>
   <trkpt lat="38.772270000000006" lon="-0.83386">
    <ele>616.99</ele>
   </trkpt>
   <trkpt lat="38.77237" lon="-0.8338200000000001">
    <ele>616.99</ele>
   </trkpt>
   <trkpt lat="38.77302" lon="-0.8332">
    <ele>618.2200000000001</ele>
   </trkpt>
   <trkpt lat="38.77356" lon="-0.83279">
    <ele>618.2200000000001</ele>
   </trkpt>
   <trkpt lat="38.77366000000001" lon="-0.83274">
    <ele>618.2200000000001</ele>
   </trkpt>
   <trkpt lat="38.77365" lon="-0.83274">
    <ele>618.21</ele>
   </trkpt>
   <trkpt lat="38.77425" lon="-0.8324400000000001">
    <ele>618.21</ele>
   </trkpt>
   <trkpt lat="38.774550000000005" lon="-0.83225">
    <ele>618.21</ele>
   </trkpt>
   <trkpt lat="38.77479" lon="-0.83225">
    <ele>618.21</ele>
   </trkpt>
   <trkpt lat="38.77496" lon="-0.8323">
    <ele>618.21</ele>
   </trkpt>
   <trkpt lat="38.775290000000005" lon="-0.83257">
    <ele>618.21</ele>
   </trkpt>
   <trkpt lat="38.776" lon="-0.8332">
    <ele>621.47</ele>
   </trkpt>
   <trkpt lat="38.77633" lon="-0.83345">
    <ele>621.47</ele>
   </trkpt>
   <trkpt lat="38.77657000000001" lon="-0.83359">
    <ele>621.47</ele>
   </trkpt>
   <trkpt lat="38.77676" lon="-0.8336600000000001">
    <ele>621.47</ele>
   </trkpt>
   <trkpt lat="38.777060000000006" lon="-0.8337100000000001">
    <ele>621.47</ele>
   </trkpt>
   <trkpt lat="38.777350000000006" lon="-0.83372">
    <ele>621.47</ele>
   </trkpt>
   <trkpt lat="38.777300000000004" lon="-0.83281">
    <ele>621.47</ele>
   </trkpt>
   <trkpt lat="38.777300000000004" lon="-0.83242">
    <ele>616.0300000000001</ele>
   </trkpt>
   <trkpt lat="38.777335001803955" lon="-0.8317700002489138">
    <ele>616.0300000000001</ele>
   </trkpt>
   <trkpt lat="38.777370000000005" lon="-0.8311200000000001">
    <ele>614.92</ele>
   </trkpt>
   <trkpt lat="38.77741" lon="-0.83108">
    <ele>614.92</ele>
   </trkpt>
   <trkpt lat="38.777530000000006" lon="-0.8310900000000001">
    <ele>614.74</ele>
   </trkpt>
   <trkpt lat="38.777730000000005" lon="-0.8311700000000001">
    <ele>614.3100000000001</ele>
   </trkpt>
   <trkpt lat="38.77812" lon="-0.8312200000000001">
    <ele>614.3100000000001</ele>
   </trkpt>
   <trkpt lat="38.778180000000006" lon="-0.83115">
    <ele>614.3100000000001</ele>
   </trkpt>
   <trkpt lat="38.77826" lon="-0.83098">
    <ele>614.3100000000001</ele>
   </trkpt>
   <trkpt lat="38.778330000000004" lon="-0.83091">
    <ele>614.3100000000001</ele>
   </trkpt>
   <trkpt lat="38.77848" lon="-0.83084">
    <ele>614.3100000000001</ele>
   </trkpt>
   <trkpt lat="38.77866" lon="-0.8307100000000001">
    <ele>614.3100000000001</ele>
   </trkpt>
   <trkpt lat="38.778740000000006" lon="-0.8307100000000001">
    <ele>614.3100000000001</ele>
   </trkpt>
   <trkpt lat="38.778760000000005" lon="-0.8308300000000001">
    <ele>614.3100000000001</ele>
   </trkpt>
   <trkpt lat="38.77873" lon="-0.83106">
    <ele>614.3100000000001</ele>
   </trkpt>
   <trkpt lat="38.77875" lon="-0.83118">
    <ele>614.3100000000001</ele>
   </trkpt>
   <trkpt lat="38.77884" lon="-0.83133">
    <ele>614.3100000000001</ele>
   </trkpt>
   <trkpt lat="38.77893" lon="-0.83145">
    <ele>614.3100000000001</ele>
   </trkpt>
   <trkpt lat="38.77904" lon="-0.8315">
    <ele>614.3100000000001</ele>
   </trkpt>
   <trkpt lat="38.779140000000005" lon="-0.8314900000000001">
    <ele>614.3100000000001</ele>
   </trkpt>
   <trkpt lat="38.779790000000006" lon="-0.83115">
    <ele>614.3100000000001</ele>
   </trkpt>
   <trkpt lat="38.779860000000006" lon="-0.83106">
    <ele>614.3100000000001</ele>
   </trkpt>
   <trkpt lat="38.779900000000005" lon="-0.8309300000000001">
    <ele>614.3100000000001</ele>
   </trkpt>
   <trkpt lat="38.77993" lon="-0.83064">
    <ele>614.3100000000001</ele>
   </trkpt>
   <trkpt lat="38.78004" lon="-0.83042">
    <ele>614.3100000000001</ele>
   </trkpt>
   <trkpt lat="38.78018" lon="-0.8302700000000001">
    <ele>614.3100000000001</ele>
   </trkpt>
   <trkpt lat="38.780260000000006" lon="-0.83025">
    <ele>614.3100000000001</ele>
   </trkpt>
   <trkpt lat="38.78034" lon="-0.8302700000000001">
    <ele>614.3100000000001</ele>
   </trkpt>
   <trkpt lat="38.78041" lon="-0.8303200000000001">
    <ele>614.3100000000001</ele>
   </trkpt>
   <trkpt lat="38.78045" lon="-0.83045">
    <ele>614.3100000000001</ele>
   </trkpt>
   <trkpt lat="38.7805" lon="-0.8313200000000001">
    <ele>558.8700000000001</ele>
   </trkpt>
   <trkpt lat="38.78054" lon="-0.83152">
    <ele>558.8700000000001</ele>
   </trkpt>
   <trkpt lat="38.78065" lon="-0.8317100000000001">
    <ele>558.8700000000001</ele>
   </trkpt>
   <trkpt lat="38.7812550059619" lon="-0.8323924826371195">
    <ele>558.8700000000001</ele>
   </trkpt>
   <trkpt lat="38.78186000795441" lon="-0.8330749768550003">
    <ele>558.8700000000001</ele>
   </trkpt>
   <trkpt lat="38.78246500597735" lon="-0.8337574826540132">
    <ele>558.8700000000001</ele>
   </trkpt>
   <trkpt lat="38.78307" lon="-0.8344400000000001">
    <ele>558.8700000000001</ele>
   </trkpt>
   <trkpt lat="38.78323" lon="-0.83455">
    <ele>558.8700000000001</ele>
   </trkpt>
   <trkpt lat="38.783390000000004" lon="-0.83462">
    <ele>558.8700000000001</ele>
   </trkpt>
   <trkpt lat="38.78356" lon="-0.83464">
    <ele>558.8700000000001</ele>
   </trkpt>
   <trkpt lat="38.78367" lon="-0.8346000000000001">
    <ele>558.8700000000001</ele>
   </trkpt>
   <trkpt lat="38.7843" lon="-0.8338300000000001">
    <ele>558.83</ele>
   </trkpt>
   <trkpt lat="38.78441" lon="-0.83374">
    <ele>558.83</ele>
   </trkpt>
   <trkpt lat="38.78448" lon="-0.83372">
    <ele>558.83</ele>
   </trkpt>
   <trkpt lat="38.785030000000006" lon="-0.83391">
    <ele>559.4200000000001</ele>
   </trkpt>
   <trkpt lat="38.78515" lon="-0.83401">
    <ele>559.4200000000001</ele>
   </trkpt>
   <trkpt lat="38.785230000000006" lon="-0.8341500000000001">
    <ele>559.4200000000001</ele>
   </trkpt>
   <trkpt lat="38.785270000000004" lon="-0.8343900000000001">
    <ele>559.4200000000001</ele>
   </trkpt>
   <trkpt lat="38.785422513755215" lon="-0.8354274933109112">
    <ele>559.4200000000001</ele>
   </trkpt>
   <trkpt lat="38.78557501833725" lon="-0.8364649910602635">
    <ele>559.4200000000001</ele>
   </trkpt>
   <trkpt lat="38.785727513746" lon="-0.8375024932478332">
    <ele>553.3800000000001</ele>
   </trkpt>
   <trkpt lat="38.785880000000006" lon="-0.8385400000000001">
    <ele>553.3800000000001</ele>
   </trkpt>
   <trkpt lat="38.78595" lon="-0.83869">
    <ele>553.3800000000001</ele>
   </trkpt>
   <trkpt lat="38.786170000000006" lon="-0.8389200000000001">
    <ele>553.3800000000001</ele>
   </trkpt>
   <trkpt lat="38.78634" lon="-0.8390700000000001">
    <ele>553.72</ele>
   </trkpt>
   <trkpt lat="38.786460000000005" lon="-0.83911">
    <ele>553.72</ele>
   </trkpt>
   <trkpt lat="38.78698" lon="-0.83906">
    <ele>553.72</ele>
   </trkpt>
   <trkpt lat="38.78717" lon="-0.83896">
    <ele>553.72</ele>
   </trkpt>
   <trkpt lat="38.78766333510992" lon="-0.8385133394459598">
    <ele>553.72</ele>
   </trkpt>
   <trkpt lat="38.78815666851958" lon="-0.8380666727102619">
    <ele>553.72</ele>
   </trkpt>
   <trkpt lat="38.788650000000004" lon="-0.83762">
    <ele>553.72</ele>
   </trkpt>
   <trkpt lat="38.78906333624144" lon="-0.8370400066678613">
    <ele>553.72</ele>
   </trkpt>
   <trkpt lat="38.78947666961599" lon="-0.836460006610103">
    <ele>553.72</ele>
   </trkpt>
   <trkpt lat="38.78989" lon="-0.8358800000000001">
    <ele>543.33</ele>
   </trkpt>
   <trkpt lat="38.79019" lon="-0.83552">
    <ele>543.33</ele>
   </trkpt>
   <trkpt lat="38.790400000000005" lon="-0.8353200000000001">
    <ele>543.33</ele>
   </trkpt>
   <trkpt lat="38.79088" lon="-0.83496">
    <ele>543.33</ele>
   </trkpt>
   <trkpt lat="38.79113" lon="-0.83474">
    <ele>543.33</ele>
   </trkpt>
   <trkpt lat="38.791450000000005" lon="-0.8344">
    <ele>543.33</ele>
   </trkpt>
   <trkpt lat="38.79191" lon="-0.83413">
    <ele>543.33</ele>
   </trkpt>
   <trkpt lat="38.79225" lon="-0.83379">
    <ele>543.33</ele>
   </trkpt>
   <trkpt lat="38.79273500144147" lon="-0.8332300036889393">
    <ele>543.33</ele>
   </trkpt>
   <trkpt lat="38.793220000000005" lon="-0.83267">
    <ele>543.33</ele>
   </trkpt>
   <trkpt lat="38.79377" lon="-0.8322">
    <ele>543.33</ele>
   </trkpt>
   <trkpt lat="38.79393" lon="-0.83213">
    <ele>543.33</ele>
   </trkpt>
   <trkpt lat="38.794160000000005" lon="-0.8321000000000001">
    <ele>543.33</ele>
   </trkpt>
   <trkpt lat="38.79431" lon="-0.83213">
    <ele>543.33</ele>
   </trkpt>
   <trkpt lat="38.795" lon="-0.83237">
    <ele>543.33</ele>
   </trkpt>
   <trkpt lat="38.79513" lon="-0.8324900000000001">
    <ele>543.33</ele>
   </trkpt>
   <trkpt lat="38.795210000000004" lon="-0.83262">
    <ele>543.33</ele>
   </trkpt>
   <trkpt lat="38.79524" lon="-0.8328300000000001">
    <ele>543.33</ele>
   </trkpt>
   <trkpt lat="38.795190000000005" lon="-0.83318">
    <ele>543.33</ele>
   </trkpt>
   <trkpt lat="38.795190000000005" lon="-0.83337">
    <ele>543.33</ele>
   </trkpt>
   <trkpt lat="38.79525" lon="-0.83357">
    <ele>543.33</ele>
   </trkpt>
   <trkpt lat="38.795350000000006" lon="-0.8337100000000001">
    <ele>543.33</ele>
   </trkpt>
   <trkpt lat="38.79554" lon="-0.83384">
    <ele>543.33</ele>
   </trkpt>
   <trkpt lat="38.79563" lon="-0.83396">
    <ele>543.33</ele>
   </trkpt>
   <trkpt lat="38.795700000000004" lon="-0.8341500000000001">
    <ele>543.33</ele>
   </trkpt>
   <trkpt lat="38.795970000000004" lon="-0.8345400000000001">
    <ele>543.33</ele>
   </trkpt>
   <trkpt lat="38.79608" lon="-0.83462">
    <ele>543.33</ele>
   </trkpt>
   <trkpt lat="38.796200000000006" lon="-0.83462">
    <ele>543.33</ele>
   </trkpt>
   <trkpt lat="38.7967" lon="-0.8342200000000001">
    <ele>525.87</ele>
   </trkpt>
   <trkpt lat="38.79702" lon="-0.83386">
    <ele>525.87</ele>
   </trkpt>
   <trkpt lat="38.79746000034025" lon="-0.8335900016487928">
    <ele>525.87</ele>
   </trkpt>
   <trkpt lat="38.797900000000006" lon="-0.8333200000000001">
    <ele>525.87</ele>
   </trkpt>
   <trkpt lat="38.798170000000006" lon="-0.8330500000000001">
    <ele>525.87</ele>
   </trkpt>
   <trkpt lat="38.798545000952664" lon="-0.832625002029042">
    <ele>525.87</ele>
   </trkpt>
   <trkpt lat="38.79892" lon="-0.8322">
    <ele>525.87</ele>
   </trkpt>
   <trkpt lat="38.79937500146946" lon="-0.8316400034117332">
    <ele>525.87</ele>
   </trkpt>
   <trkpt lat="38.79983" lon="-0.83108">
    <ele>525.87</ele>
   </trkpt>
   <trkpt lat="38.8004" lon="-0.83062">
    <ele>526.57</ele>
   </trkpt>
   <trkpt lat="38.80039" lon="-0.8306300000000001">
    <ele>526.5500000000001</ele>
   </trkpt>
   <trkpt lat="38.800650000000005" lon="-0.83042">
    <ele>526.5500000000001</ele>
   </trkpt>
   <trkpt lat="38.801230000649845" lon="-0.830030003173247">
    <ele>526.5500000000001</ele>
   </trkpt>
   <trkpt lat="38.80181" lon="-0.82964">
    <ele>526.5500000000001</ele>
   </trkpt>
   <trkpt lat="38.802080000000004" lon="-0.82935">
    <ele>526.5500000000001</ele>
   </trkpt>
   <trkpt lat="38.802540002062706" lon="-0.8286400047156163">
    <ele>531.49</ele>
   </trkpt>
   <trkpt lat="38.803000000000004" lon="-0.82793">
    <ele>531.49</ele>
   </trkpt>
   <trkpt lat="38.803140000000006" lon="-0.82781">
    <ele>531.49</ele>
   </trkpt>
   <trkpt lat="38.80332000000001" lon="-0.82774">
    <ele>531.49</ele>
   </trkpt>
   <trkpt lat="38.80389499992979" lon="-0.8276150010384902">
    <ele>531.49</ele>
   </trkpt>
   <trkpt lat="38.80447" lon="-0.8274900000000001">
    <ele>531.49</ele>
   </trkpt>
   <trkpt lat="38.80528000370881" lon="-0.8271600300162583">
    <ele>532.2600000000001</ele>
   </trkpt>
   <trkpt lat="38.80609000648956" lon="-0.826830052529729">
    <ele>532.2600000000001</ele>
   </trkpt>
   <trkpt lat="38.80690000834222" lon="-0.826500067540033">
    <ele>532.2600000000001</ele>
   </trkpt>
   <trkpt lat="38.807710009266735" lon="-0.8261700750467911">
    <ele>532.2600000000001</ele>
   </trkpt>
   <trkpt lat="38.808520009263034" lon="-0.8258400750496239">
    <ele>532.2600000000001</ele>
   </trkpt>
   <trkpt lat="38.809330008331116" lon="-0.8255100675481523">
    <ele>552.6800000000001</ele>
   </trkpt>
   <trkpt lat="38.81014000647088" lon="-0.8251800525419969">
    <ele>552.6800000000001</ele>
   </trkpt>
   <trkpt lat="38.81095000368231" lon="-0.8248500300307784">
    <ele>552.6800000000001</ele>
   </trkpt>
   <trkpt lat="38.81176000000001" lon="-0.82452">
    <ele>552.6800000000001</ele>
   </trkpt>
   <trkpt lat="38.8119" lon="-0.82437">
    <ele>552.6800000000001</ele>
   </trkpt>
   <trkpt lat="38.81221500148714" lon="-0.8237700027431828">
    <ele>552.6800000000001</ele>
   </trkpt>
   <trkpt lat="38.81253" lon="-0.8231700000000001">
    <ele>552.6800000000001</ele>
   </trkpt>
   <trkpt lat="38.812720000000006" lon="-0.82286">
    <ele>552.6800000000001</ele>
   </trkpt>
   <trkpt lat="38.813050000000004" lon="-0.8224400000000001">
    <ele>552.6800000000001</ele>
   </trkpt>
   <trkpt lat="38.81365000681159" lon="-0.8217100184507263">
    <ele>552.6800000000001</ele>
   </trkpt>
   <trkpt lat="38.81425000908092" lon="-0.8209800246028294">
    <ele>550.15</ele>
   </trkpt>
   <trkpt lat="38.814850006807816" lon="-0.820250018455931">
    <ele>550.15</ele>
   </trkpt>
   <trkpt lat="38.815450000000006" lon="-0.81952">
    <ele>550.15</ele>
   </trkpt>
   <trkpt lat="38.815830000000005" lon="-0.81915">
    <ele>551.4100000000001</ele>
   </trkpt>
   <trkpt lat="38.81631" lon="-0.8188000000000001">
    <ele>551.4100000000001</ele>
   </trkpt>
   <trkpt lat="38.81696500325279" lon="-0.8182950139398601">
    <ele>551.4100000000001</ele>
   </trkpt>
   <trkpt lat="38.81762000433179" lon="-0.8177900185908262">
    <ele>552.09</ele>
   </trkpt>
   <trkpt lat="38.818275003236906" lon="-0.8172850139525415">
    <ele>552.09</ele>
   </trkpt>
   <trkpt lat="38.81893" lon="-0.8167800000000001">
    <ele>552.09</ele>
   </trkpt>
   <trkpt lat="38.81948666819582" lon="-0.8163566732839869">
    <ele>552.09</ele>
   </trkpt>
   <trkpt lat="38.820043334863996" lon="-0.8159333399495906">
    <ele>552.09</ele>
   </trkpt>
   <trkpt lat="38.820600000000006" lon="-0.8155100000000001">
    <ele>552.84</ele>
   </trkpt>
   <trkpt lat="38.82108" lon="-0.8151200000000001">
    <ele>552.84</ele>
   </trkpt>
   <trkpt lat="38.82124" lon="-0.81493">
    <ele>552.84</ele>
   </trkpt>
   <trkpt lat="38.821770023630386" lon="-0.8140400463759854">
    <ele>552.88</ele>
   </trkpt>
   <trkpt lat="38.822300040509134" lon="-0.813150079503202">
    <ele>552.88</ele>
   </trkpt>
   <trkpt lat="38.82283005063598" lon="-0.8122600993813706">
    <ele>552.88</ele>
   </trkpt>
   <trkpt lat="38.82336005401072" lon="-0.8113701060102114">
    <ele>552.88</ele>
   </trkpt>
   <trkpt lat="38.82389005063314" lon="-0.8104800993894455">
    <ele>546.8700000000001</ele>
   </trkpt>
   <trkpt lat="38.824420040503" lon="-0.8095900795187932">
    <ele>546.8700000000001</ele>
   </trkpt>
   <trkpt lat="38.82495002362006" lon="-0.8087000463979754">
    <ele>546.8700000000001</ele>
   </trkpt>
   <trkpt lat="38.825480000000006" lon="-0.80781">
    <ele>546.8700000000001</ele>
   </trkpt>
   <trkpt lat="38.825630000000004" lon="-0.80764">
    <ele>546.8700000000001</ele>
   </trkpt>
   <trkpt lat="38.826110001154255" lon="-0.8071350033339896">
    <ele>541.62</ele>
   </trkpt>
   <trkpt lat="38.82659" lon="-0.8066300000000001">
    <ele>541.62</ele>
   </trkpt>
   <trkpt lat="38.82677" lon="-0.80652">
    <ele>541.62</ele>
   </trkpt>
   <trkpt lat="38.8273649998791" lon="-0.8064050009953979">
    <ele>541.62</ele>
   </trkpt>
   <trkpt lat="38.827960000000004" lon="-0.8062900000000001">
    <ele>525.57</ele>
   </trkpt>
   <trkpt lat="38.828100000000006" lon="-0.8063">
    <ele>525.57</ele>
   </trkpt>
   <trkpt lat="38.8284" lon="-0.80649">
    <ele>525.57</ele>
   </trkpt>
   <trkpt lat="38.82851" lon="-0.80649">
    <ele>525.57</ele>
   </trkpt>
   <trkpt lat="38.82865" lon="-0.80644">
    <ele>525.57</ele>
   </trkpt>
   <trkpt lat="38.8290850009926" lon="-0.8059500030289221">
    <ele>525.57</ele>
   </trkpt>
   <trkpt lat="38.82952" lon="-0.8054600000000001">
    <ele>523.73</ele>
   </trkpt>
   <trkpt lat="38.82981" lon="-0.80491">
    <ele>522.5500000000001</ele>
   </trkpt>
   <trkpt lat="38.83023000343307" lon="-0.8040150052408124">
    <ele>522.5500000000001</ele>
   </trkpt>
   <trkpt lat="38.830650000000006" lon="-0.8031200000000001">
    <ele>522.5500000000001</ele>
   </trkpt>
   <trkpt lat="38.83079" lon="-0.80293">
    <ele>522.5500000000001</ele>
   </trkpt>
   <trkpt lat="38.83097" lon="-0.80286">
    <ele>522.5500000000001</ele>
   </trkpt>
   <trkpt lat="38.8314649997682" lon="-0.802770000674289">
    <ele>507.5900000000001</ele>
   </trkpt>
   <trkpt lat="38.83196" lon="-0.8026800000000001">
    <ele>507.5900000000001</ele>
   </trkpt>
   <trkpt lat="38.83212" lon="-0.8025800000000001">
    <ele>507.5900000000001</ele>
   </trkpt>
   <trkpt lat="38.83227" lon="-0.80239">
    <ele>507.5900000000001</ele>
   </trkpt>
   <trkpt lat="38.832630001401625" lon="-0.8018450025512862">
    <ele>507.5900000000001</ele>
   </trkpt>
   <trkpt lat="38.83299" lon="-0.8013">
    <ele>507.5900000000001</ele>
   </trkpt>
   <trkpt lat="38.8331" lon="-0.801">
    <ele>507.5900000000001</ele>
   </trkpt>
   <trkpt lat="38.83330751111399" lon="-0.8000675081814145">
    <ele>507.5900000000001</ele>
   </trkpt>
   <trkpt lat="38.8335150148149" lon="-0.799135010925678">
    <ele>505.99000000000007</ele>
   </trkpt>
   <trkpt lat="38.83372251110261" lon="-0.7982025082329127">
    <ele>505.99000000000007</ele>
   </trkpt>
   <trkpt lat="38.83393" lon="-0.79727">
    <ele>508.15</ele>
   </trkpt>
   <trkpt lat="38.83402" lon="-0.797">
    <ele>508.15</ele>
   </trkpt>
   <trkpt lat="38.8342" lon="-0.7967500000000001">
    <ele>508.15</ele>
   </trkpt>
   <trkpt lat="38.83474000141853" lon="-0.7961700044171155">
    <ele>508.15</ele>
   </trkpt>
   <trkpt lat="38.835280000000004" lon="-0.79559">
    <ele>508.15</ele>
   </trkpt>
   <trkpt lat="38.835460000000005" lon="-0.79549">
    <ele>503.86000000000007</ele>
   </trkpt>
   <trkpt lat="38.8362500005516" lon="-0.7951200041220824">
    <ele>503.86000000000007</ele>
   </trkpt>
   <trkpt lat="38.83704" lon="-0.7947500000000001">
    <ele>503.86000000000007</ele>
   </trkpt>
   <trkpt lat="38.837210000000006" lon="-0.79459">
    <ele>503.86000000000007</ele>
   </trkpt>
   <trkpt lat="38.83731" lon="-0.79432">
    <ele>503.86000000000007</ele>
   </trkpt>
   <trkpt lat="38.837340000000005" lon="-0.7941600000000001">
    <ele>503.86000000000007</ele>
   </trkpt>
   <trkpt lat="38.83752000614644" lon="-0.7933100043623773">
    <ele>503.86000000000007</ele>
   </trkpt>
   <trkpt lat="38.83770000613322" lon="-0.7924600044248922">
    <ele>503.86000000000007</ele>
   </trkpt>
   <trkpt lat="38.837880000000006" lon="-0.79161">
    <ele>503.86000000000007</ele>
   </trkpt>
   <trkpt lat="38.83789" lon="-0.79127">
    <ele>503.86000000000007</ele>
   </trkpt>
   <trkpt lat="38.837770006009094" lon="-0.7904299971214583">
    <ele>503.86000000000007</ele>
   </trkpt>
   <trkpt lat="38.83765000600255" lon="-0.7895899970756858">
    <ele>517.17</ele>
   </trkpt>
   <trkpt lat="38.83753" lon="-0.7887500000000001">
    <ele>517.17</ele>
   </trkpt>
   <trkpt lat="38.83755" lon="-0.7885300000000001">
    <ele>517.17</ele>
   </trkpt>
   <trkpt lat="38.83789" lon="-0.78785">
    <ele>517.17</ele>
   </trkpt>
   <trkpt lat="38.837950000000006" lon="-0.78778">
    <ele>517.17</ele>
   </trkpt>
   <trkpt lat="38.838010000000004" lon="-0.7877500000000001">
    <ele>517.17</ele>
   </trkpt>
   <trkpt lat="38.83807" lon="-0.78773">
    <ele>517.17</ele>
   </trkpt>
   <trkpt lat="38.83814" lon="-0.78776">
    <ele>517.17</ele>
   </trkpt>
   <trkpt lat="38.83851000000001" lon="-0.78805">
    <ele>517.17</ele>
   </trkpt>
   <trkpt lat="38.83858" lon="-0.78807">
    <ele>517.17</ele>
   </trkpt>
   <trkpt lat="38.838660000000004" lon="-0.78807">
    <ele>517.17</ele>
   </trkpt>
   <trkpt lat="38.838730000000005" lon="-0.78805">
    <ele>517.17</ele>
   </trkpt>
   <trkpt lat="38.838890000000006" lon="-0.78788">
    <ele>517.17</ele>
   </trkpt>
   <trkpt lat="38.83896" lon="-0.78776">
    <ele>517.17</ele>
   </trkpt>
   <trkpt lat="38.839020000000005" lon="-0.78763">
    <ele>517.17</ele>
   </trkpt>
   <trkpt lat="38.83921000343419" lon="-0.7867300024915215">
    <ele>500.34</ele>
   </trkpt>
   <trkpt lat="38.839400000000005" lon="-0.78583">
    <ele>500.21999999999997</ele>
   </trkpt>
   <trkpt lat="38.83944" lon="-0.7856900000000001">
    <ele>500.21999999999997</ele>
   </trkpt>
   <trkpt lat="38.83952" lon="-0.78556">
    <ele>500.21999999999997</ele>
   </trkpt>
   <trkpt lat="38.84002000153806" lon="-0.7849700040816997">
    <ele>495.04</ele>
   </trkpt>
   <trkpt lat="38.840520000000005" lon="-0.7843800000000001">
    <ele>495.04</ele>
   </trkpt>
   <trkpt lat="38.84051" lon="-0.7843800000000001">
    <ele>495.06000000000006</ele>
   </trkpt>
   <trkpt lat="38.84098333597138" lon="-0.7838200074923367">
    <ele>495.06000000000006</ele>
   </trkpt>
   <trkpt lat="38.84145666926913" lon="-0.783260007534541">
    <ele>495.06000000000006</ele>
   </trkpt>
   <trkpt lat="38.841930000000005" lon="-0.7827000000000001">
    <ele>495.06000000000006</ele>
   </trkpt>
   <trkpt lat="38.842040000000004" lon="-0.78263">
    <ele>495.06000000000006</ele>
   </trkpt>
   <trkpt lat="38.84221" lon="-0.78263">
    <ele>495.06000000000006</ele>
   </trkpt>
   <trkpt lat="38.842310000000005" lon="-0.7826500000000001">
    <ele>495.06000000000006</ele>
   </trkpt>
   <trkpt lat="38.842530000000004" lon="-0.78278">
    <ele>495.06000000000006</ele>
   </trkpt>
   <trkpt lat="38.84259" lon="-0.78285">
    <ele>495.06000000000006</ele>
   </trkpt>
   <trkpt lat="38.84264" lon="-0.78295">
    <ele>495.06000000000006</ele>
   </trkpt>
   <trkpt lat="38.842710004045216" lon="-0.7839249989401252">
    <ele>474.4200000000001</ele>
   </trkpt>
   <trkpt lat="38.842780000000005" lon="-0.7849">
    <ele>474.4200000000001</ele>
   </trkpt>
   <trkpt lat="38.842940000000006" lon="-0.78529">
    <ele>474.4200000000001</ele>
   </trkpt>
   <trkpt lat="38.843250000000005" lon="-0.78578">
    <ele>474.4200000000001</ele>
   </trkpt>
   <trkpt lat="38.843320000000006" lon="-0.78585">
    <ele>474.4200000000001</ele>
   </trkpt>
   <trkpt lat="38.8438" lon="-0.78602">
    <ele>474.4200000000001</ele>
   </trkpt>
   <trkpt lat="38.84393" lon="-0.78602">
    <ele>474.4200000000001</ele>
   </trkpt>
   <trkpt lat="38.844030000000004" lon="-0.7859400000000001">
    <ele>474.4200000000001</ele>
   </trkpt>
   <trkpt lat="38.84409" lon="-0.78585">
    <ele>474.4200000000001</ele>
   </trkpt>
   <trkpt lat="38.84413" lon="-0.78573">
    <ele>474.4200000000001</ele>
   </trkpt>
   <trkpt lat="38.844326014688846" lon="-0.7848020102067806">
    <ele>474.4200000000001</ele>
   </trkpt>
   <trkpt lat="38.8445220220354" lon="-0.7838740153004253">
    <ele>474.4200000000001</ele>
   </trkpt>
   <trkpt lat="38.84471802203955" lon="-0.7829460152810614">
    <ele>464.86</ele>
   </trkpt>
   <trkpt lat="38.84491401470124" lon="-0.7820180101488169">
    <ele>464.86</ele>
   </trkpt>
   <trkpt lat="38.845110000000005" lon="-0.7810900000000001">
    <ele>464.86</ele>
   </trkpt>
   <trkpt lat="38.84530000126059" lon="-0.7805550013149734">
    <ele>464.86</ele>
   </trkpt>
   <trkpt lat="38.845490000000005" lon="-0.78002">
    <ele>464.86</ele>
   </trkpt>
   <trkpt lat="38.845620000000004" lon="-0.7798">
    <ele>464.86</ele>
   </trkpt>
   <trkpt lat="38.845740000000006" lon="-0.7796500000000001">
    <ele>464.86</ele>
   </trkpt>
   <trkpt lat="38.84636500095073" lon="-0.7791750041813528">
    <ele>460.35</ele>
   </trkpt>
   <trkpt lat="38.846990000000005" lon="-0.7787000000000001">
    <ele>460.35</ele>
   </trkpt>
   <trkpt lat="38.846990000000005" lon="-0.7786900000000001">
    <ele>460.35</ele>
   </trkpt>
   <trkpt lat="38.84751666803336" lon="-0.7782900059206659">
    <ele>460.35</ele>
   </trkpt>
   <trkpt lat="38.84804333470253" lon="-0.7778900059188307">
    <ele>460.35</ele>
   </trkpt>
   <trkpt lat="38.84857" lon="-0.77749">
    <ele>454.24</ele>
   </trkpt>
   <trkpt lat="38.84872" lon="-0.7774800000000001">
    <ele>454.24</ele>
   </trkpt>
   <trkpt lat="38.84882" lon="-0.77751">
    <ele>454.24</ele>
   </trkpt>
   <trkpt lat="38.84944666780744" lon="-0.7778666604145154">
    <ele>454.24</ele>
   </trkpt>
   <trkpt lat="38.85007333453026" lon="-0.7782233271130521">
    <ele>454.24</ele>
   </trkpt>
   <trkpt lat="38.8507" lon="-0.77858">
    <ele>454.24</ele>
   </trkpt>
   <trkpt lat="38.850910000000006" lon="-0.77856">
    <ele>435.52</ele>
   </trkpt>
   <trkpt lat="38.8513550006898" lon="-0.7781650024492821">
    <ele>435.52</ele>
   </trkpt>
   <trkpt lat="38.851800000000004" lon="-0.7777700000000001">
    <ele>435.52</ele>
   </trkpt>
   <trkpt lat="38.85188" lon="-0.77775">
    <ele>435.52</ele>
   </trkpt>
   <trkpt lat="38.85197" lon="-0.77775">
    <ele>435.52</ele>
   </trkpt>
   <trkpt lat="38.852120000000006" lon="-0.7778">
    <ele>435.52</ele>
   </trkpt>
   <trkpt lat="38.852695000582216" lon="-0.7781399973042712">
    <ele>435.52</ele>
   </trkpt>
   <trkpt lat="38.85327" lon="-0.7784800000000001">
    <ele>435.52</ele>
   </trkpt>
   <trkpt lat="38.85383" lon="-0.77873">
    <ele>411.54</ele>
   </trkpt>
   <trkpt lat="38.854380000000006" lon="-0.77914">
    <ele>411.54</ele>
   </trkpt>
   <trkpt lat="38.854560000000006" lon="-0.77924">
    <ele>411.54</ele>
   </trkpt>
   <trkpt lat="38.85481" lon="-0.77927">
    <ele>411.54</ele>
   </trkpt>
   <trkpt lat="38.85488" lon="-0.7792600000000001">
    <ele>411.54</ele>
   </trkpt>
   <trkpt lat="38.854960000000005" lon="-0.77919">
    <ele>411.54</ele>
   </trkpt>
   <trkpt lat="38.85549" lon="-0.7784800000000001">
    <ele>411.54</ele>
   </trkpt>
   <trkpt lat="38.85557" lon="-0.7783100000000001">
    <ele>411.54</ele>
   </trkpt>
   <trkpt lat="38.855740000000004" lon="-0.7776500000000001">
    <ele>411.54</ele>
   </trkpt>
   <trkpt lat="38.855810000000005" lon="-0.77753">
    <ele>411.54</ele>
   </trkpt>
   <trkpt lat="38.85625" lon="-0.7770400000000001">
    <ele>411.54</ele>
   </trkpt>
   <trkpt lat="38.85658000091034" lon="-0.7766150017914396">
    <ele>411.54</ele>
   </trkpt>
   <trkpt lat="38.856910000000006" lon="-0.77619">
    <ele>411.54</ele>
   </trkpt>
   <trkpt lat="38.8575" lon="-0.77568">
    <ele>378.51</ele>
   </trkpt>
   <trkpt lat="38.857690000000005" lon="-0.77546">
    <ele>378.51</ele>
   </trkpt>
   <trkpt lat="38.857950001278525" lon="-0.7749100020344488">
    <ele>378.51</ele>
   </trkpt>
   <trkpt lat="38.85821" lon="-0.77436">
    <ele>378.51</ele>
   </trkpt>
   <trkpt lat="38.858630000000005" lon="-0.77368">
    <ele>378.51</ele>
   </trkpt>
   <trkpt lat="38.858740000000004" lon="-0.7735500000000001">
    <ele>378.51</ele>
   </trkpt>
   <trkpt lat="38.85891" lon="-0.7734300000000001">
    <ele>378.51</ele>
   </trkpt>
   <trkpt lat="38.85961" lon="-0.77319">
    <ele>378.51</ele>
   </trkpt>
   <trkpt lat="38.85998" lon="-0.77302">
    <ele>378.51</ele>
   </trkpt>
   <trkpt lat="38.860240000000005" lon="-0.77283">
    <ele>378.51</ele>
   </trkpt>
   <trkpt lat="38.860380000000006" lon="-0.7726900000000001">
    <ele>378.51</ele>
   </trkpt>
   <trkpt lat="38.86037" lon="-0.77271">
    <ele>378.61000000000007</ele>
   </trkpt>
   <trkpt lat="38.86086" lon="-0.77222">
    <ele>374.75</ele>
   </trkpt>
   <trkpt lat="38.860960000000006" lon="-0.77214">
    <ele>374.75</ele>
   </trkpt>
   <trkpt lat="38.861140000000006" lon="-0.7720800000000001">
    <ele>374.75</ele>
   </trkpt>
   <trkpt lat="38.86133" lon="-0.77207">
    <ele>374.75</ele>
   </trkpt>
   <trkpt lat="38.86153" lon="-0.77202">
    <ele>374.75</ele>
   </trkpt>
   <trkpt lat="38.86197000000001" lon="-0.77173">
    <ele>374.75</ele>
   </trkpt>
   <trkpt lat="38.86215" lon="-0.77156">
    <ele>374.75</ele>
   </trkpt>
   <trkpt lat="38.86256" lon="-0.771">
    <ele>374.75</ele>
   </trkpt>
   <trkpt lat="38.86283" lon="-0.77078">
    <ele>374.75</ele>
   </trkpt>
   <trkpt lat="38.863020000000006" lon="-0.7707200000000001">
    <ele>348.57000000000005</ele>
   </trkpt>
   <trkpt lat="38.863775000166605" lon="-0.7705750015249647">
    <ele>348.57000000000005</ele>
   </trkpt>
   <trkpt lat="38.86453" lon="-0.7704300000000001">
    <ele>348.57000000000005</ele>
   </trkpt>
   <trkpt lat="38.86477" lon="-0.77036">
    <ele>348.57000000000005</ele>
   </trkpt>
   <trkpt lat="38.86541500047183" lon="-0.7700200030956984">
    <ele>348.57000000000005</ele>
   </trkpt>
   <trkpt lat="38.866060000000004" lon="-0.76968">
    <ele>348.17</ele>
   </trkpt>
   <trkpt lat="38.86616" lon="-0.7696000000000001">
    <ele>348.17</ele>
   </trkpt>
   <trkpt lat="38.866200000000006" lon="-0.76951">
    <ele>348.17</ele>
   </trkpt>
   <trkpt lat="38.866260000000004" lon="-0.76927">
    <ele>348.17</ele>
   </trkpt>
   <trkpt lat="38.86639" lon="-0.76865">
    <ele>348.16</ele>
   </trkpt>
   <trkpt lat="38.86643333865615" lon="-0.7678600009473244">
    <ele>348.16</ele>
   </trkpt>
   <trkpt lat="38.866476671990355" lon="-0.767070000931527">
    <ele>348.16</ele>
   </trkpt>
   <trkpt lat="38.86652" lon="-0.7662800000000001">
    <ele>348.16</ele>
   </trkpt>
   <trkpt lat="38.8665200043494" lon="-0.7652700001016544">
    <ele>348.16</ele>
   </trkpt>
   <trkpt lat="38.86652" lon="-0.76426">
    <ele>341.72</ele>
   </trkpt>
   <trkpt lat="38.86657" lon="-0.76404">
    <ele>341.72</ele>
   </trkpt>
   <trkpt lat="38.86706" lon="-0.76341">
    <ele>341.72</ele>
   </trkpt>
   <trkpt lat="38.86715" lon="-0.7633300000000001">
    <ele>341.72</ele>
   </trkpt>
   <trkpt lat="38.867845000879576" lon="-0.7628700045121589">
    <ele>341.72</ele>
   </trkpt>
   <trkpt lat="38.86854" lon="-0.76241">
    <ele>341.72</ele>
   </trkpt>
   <trkpt lat="38.86869" lon="-0.76224">
    <ele>341.72</ele>
   </trkpt>
   <trkpt lat="38.868990000000004" lon="-0.76163">
    <ele>341.72</ele>
   </trkpt>
   <trkpt lat="38.86936000577363" lon="-0.7608066752532482">
    <ele>340.38</ele>
   </trkpt>
   <trkpt lat="38.86973000576666" lon="-0.7599833419355376">
    <ele>340.38</ele>
   </trkpt>
   <trkpt lat="38.8701" lon="-0.7591600000000001">
    <ele>337.56</ele>
   </trkpt>
   <trkpt lat="38.870250000000006" lon="-0.75875">
    <ele>337.56</ele>
   </trkpt>
   <trkpt lat="38.87026" lon="-0.75858">
    <ele>337.56</ele>
   </trkpt>
   <trkpt lat="38.87021" lon="-0.75826">
    <ele>337.56</ele>
   </trkpt>
   <trkpt lat="38.869870000000006" lon="-0.7572800000000001">
    <ele>340.32</ele>
   </trkpt>
   <trkpt lat="38.86985000000001" lon="-0.75716">
    <ele>340.32</ele>
   </trkpt>
   <trkpt lat="38.86986" lon="-0.75697">
    <ele>340.32</ele>
   </trkpt>
   <trkpt lat="38.86994" lon="-0.75653">
    <ele>340.32</ele>
   </trkpt>
   <trkpt lat="38.87001" lon="-0.7563300000000001">
    <ele>340.32</ele>
   </trkpt>
   <trkpt lat="38.870090000000005" lon="-0.7562300000000001">
    <ele>340.32</ele>
   </trkpt>
   <trkpt lat="38.870340000000006" lon="-0.7560100000000001">
    <ele>340.32</ele>
   </trkpt>
   <trkpt lat="38.87055" lon="-0.7559600000000001">
    <ele>340.32</ele>
   </trkpt>
   <trkpt lat="38.870720000000006" lon="-0.75595">
    <ele>338.79</ele>
   </trkpt>
   <trkpt lat="38.870760000000004" lon="-0.75602">
    <ele>338.79</ele>
   </trkpt>
   <trkpt lat="38.87075" lon="-0.75612">
    <ele>334.24</ele>
   </trkpt>
   <trkpt lat="38.87070000000001" lon="-0.7562000000000001">
    <ele>334.18</ele>
   </trkpt>
   <trkpt lat="38.8705" lon="-0.75673">
    <ele>332.81000000000006</ele>
   </trkpt>
   <trkpt lat="38.87048" lon="-0.75687">
    <ele>332.81000000000006</ele>
   </trkpt>
   <trkpt lat="38.870520000000006" lon="-0.75709">
    <ele>332.81000000000006</ele>
   </trkpt>
   <trkpt lat="38.87055" lon="-0.75716">
    <ele>332.81000000000006</ele>
   </trkpt>
   <trkpt lat="38.8708" lon="-0.75753">
    <ele>333.21</ele>
   </trkpt>
   <trkpt lat="38.87097" lon="-0.7577">
    <ele>333.21</ele>
   </trkpt>
   <trkpt lat="38.87142" lon="-0.75802">
    <ele>334.36</ele>
   </trkpt>
   <trkpt lat="38.87178" lon="-0.75848">
    <ele>335.01000000000005</ele>
   </trkpt>
   <trkpt lat="38.87203" lon="-0.75887">
    <ele>335.01000000000005</ele>
   </trkpt>
   <trkpt lat="38.87249000257374" lon="-0.7596299952646682">
    <ele>337.39000000000004</ele>
   </trkpt>
   <trkpt lat="38.87295" lon="-0.76039">
    <ele>342.38</ele>
   </trkpt>
   <trkpt lat="38.87342" lon="-0.76092">
    <ele>342.38</ele>
   </trkpt>
   <trkpt lat="38.873450000000005" lon="-0.76104">
    <ele>342.38</ele>
   </trkpt>
   <trkpt lat="38.87297" lon="-0.7618900000000001">
    <ele>352.43</ele>
   </trkpt>
   <trkpt lat="38.87292" lon="-0.76212">
    <ele>352.43</ele>
   </trkpt>
   <trkpt lat="38.872930000000004" lon="-0.76236">
    <ele>352.43</ele>
   </trkpt>
   <trkpt lat="38.87295" lon="-0.76246">
    <ele>352.43</ele>
   </trkpt>
   <trkpt lat="38.873050000000006" lon="-0.7626700000000001">
    <ele>352.43</ele>
   </trkpt>
   <trkpt lat="38.87335" lon="-0.7629400000000001">
    <ele>353.35</ele>
   </trkpt>
   <trkpt lat="38.873780000000004" lon="-0.7632800000000001">
    <ele>356.13</ele>
   </trkpt>
   <trkpt lat="38.87429" lon="-0.76363">
    <ele>358.66</ele>
   </trkpt>
   <trkpt lat="38.874340000000004" lon="-0.7635900000000001">
    <ele>358.66</ele>
   </trkpt>
   <trkpt lat="38.87438" lon="-0.76358">
    <ele>358.88000000000005</ele>
   </trkpt>
   <trkpt lat="38.874500000000005" lon="-0.7634000000000001">
    <ele>359.19</ele>
   </trkpt>
   <trkpt lat="38.874825003676776" lon="-0.7624650044220481">
    <ele>359.19</ele>
   </trkpt>
   <trkpt lat="38.875150000000005" lon="-0.76153">
    <ele>359.19</ele>
   </trkpt>
   <trkpt lat="38.875330000000005" lon="-0.7610600000000001">
    <ele>348.18000000000006</ele>
   </trkpt>
   <trkpt lat="38.875690000000006" lon="-0.76026">
    <ele>348.18000000000006</ele>
   </trkpt>
   <trkpt lat="38.87599" lon="-0.7596600000000001">
    <ele>348.18000000000006</ele>
   </trkpt>
   <trkpt lat="38.8761" lon="-0.75929">
    <ele>345.17</ele>
   </trkpt>
   <trkpt lat="38.87632" lon="-0.7589800000000001">
    <ele>345.39000000000004</ele>
   </trkpt>
   <trkpt lat="38.8767325083827" lon="-0.7581700141248204">
    <ele>340.06</ele>
   </trkpt>
   <trkpt lat="38.87714501117028" lon="-0.7573600188464542">
    <ele>340.06</ele>
   </trkpt>
   <trkpt lat="38.877557508362564" lon="-0.7565500141647817">
    <ele>340.06</ele>
   </trkpt>
   <trkpt lat="38.877970000000005" lon="-0.7557400000000001">
    <ele>346.1</ele>
   </trkpt>
   <trkpt lat="38.878" lon="-0.75558">
    <ele>346.38</ele>
   </trkpt>
   <trkpt lat="38.87798" lon="-0.75548">
    <ele>346.31</ele>
   </trkpt>
   <trkpt lat="38.87789" lon="-0.75536">
    <ele>345.1</ele>
   </trkpt>
   <trkpt lat="38.87758" lon="-0.7551300000000001">
    <ele>343.5</ele>
   </trkpt>
   <trkpt lat="38.87756" lon="-0.75521">
    <ele>343.5</ele>
   </trkpt>
   <trkpt lat="38.87745" lon="-0.75536">
    <ele>343.12</ele>
   </trkpt>
   <trkpt lat="38.877410000000005" lon="-0.75551">
    <ele>342.73</ele>
   </trkpt>
   <trkpt lat="38.877410000000005" lon="-0.7555000000000001">
    <ele>342.73</ele>
   </trkpt>
   <trkpt lat="38.8774" lon="-0.75556">
    <ele>342.73</ele>
   </trkpt>
   <trkpt lat="38.87742" lon="-0.75582">
    <ele>342.73</ele>
   </trkpt>
   <trkpt lat="38.877480000000006" lon="-0.75597">
    <ele>340.71</ele>
   </trkpt>
   <trkpt lat="38.87763" lon="-0.7561800000000001">
    <ele>340.71</ele>
   </trkpt>
   <trkpt lat="38.87778" lon="-0.75631">
    <ele>340.71</ele>
   </trkpt>
   <trkpt lat="38.877970000000005" lon="-0.75643">
    <ele>345.46000000000004</ele>
   </trkpt>
   <trkpt lat="38.87818" lon="-0.75651">
    <ele>345.46000000000004</ele>
   </trkpt>
   <trkpt lat="38.87825" lon="-0.75651">
    <ele>345.46000000000004</ele>
   </trkpt>
   <trkpt lat="38.87839" lon="-0.7564500000000001">
    <ele>351.13000000000005</ele>
   </trkpt>
   <trkpt lat="38.87845" lon="-0.7564000000000001">
    <ele>351.13000000000005</ele>
   </trkpt>
   <trkpt lat="38.87852" lon="-0.75629">
    <ele>351.13000000000005</ele>
   </trkpt>
   <trkpt lat="38.87858000000001" lon="-0.7560100000000001">
    <ele>351.17</ele>
   </trkpt>
   <trkpt lat="38.87858000000001" lon="-0.7559600000000001">
    <ele>351.17</ele>
   </trkpt>
   <trkpt lat="38.878620000000005" lon="-0.7558900000000001">
    <ele>351.29</ele>
   </trkpt>
   <trkpt lat="38.87866" lon="-0.7558900000000001">
    <ele>351.29</ele>
   </trkpt>
   <trkpt lat="38.8787" lon="-0.75592">
    <ele>351.31</ele>
   </trkpt>
   <trkpt lat="38.878910000000005" lon="-0.7560300000000001">
    <ele>353.57000000000005</ele>
   </trkpt>
   <trkpt lat="38.87921" lon="-0.75624">
    <ele>353.57000000000005</ele>
   </trkpt>
   <trkpt lat="38.8796" lon="-0.7565900000000001">
    <ele>363.26000000000005</ele>
   </trkpt>
   <trkpt lat="38.880000000627334" lon="-0.756949998040723">
    <ele>363.26000000000005</ele>
   </trkpt>
   <trkpt lat="38.8804" lon="-0.75731">
    <ele>375.68</ele>
   </trkpt>
   <trkpt lat="38.880590000000005" lon="-0.7574500000000001">
    <ele>375.68</ele>
   </trkpt>
   <trkpt lat="38.881310000000006" lon="-0.75785">
    <ele>375.68</ele>
   </trkpt>
   <trkpt lat="38.882075000383615" lon="-0.7581299970033903">
    <ele>377.61000000000007</ele>
   </trkpt>
   <trkpt lat="38.88284" lon="-0.75841">
    <ele>393.14000000000004</ele>
   </trkpt>
   <trkpt lat="38.883070000000004" lon="-0.7585000000000001">
    <ele>393.14000000000004</ele>
   </trkpt>
   <trkpt lat="38.88327" lon="-0.7586200000000001">
    <ele>393.14000000000004</ele>
   </trkpt>
   <trkpt lat="38.883500000000005" lon="-0.7588">
    <ele>399.59000000000003</ele>
   </trkpt>
   <trkpt lat="38.883660000000006" lon="-0.75897">
    <ele>399.59000000000003</ele>
   </trkpt>
   <trkpt lat="38.88378" lon="-0.75919">
    <ele>399.59000000000003</ele>
   </trkpt>
   <trkpt lat="38.883990000000004" lon="-0.76">
    <ele>399.59000000000003</ele>
   </trkpt>
   <trkpt lat="38.884040000000006" lon="-0.76014">
    <ele>399.59000000000003</ele>
   </trkpt>
   <trkpt lat="38.88439000388049" lon="-0.760816659952243">
    <ele>399.59000000000003</ele>
   </trkpt>
   <trkpt lat="38.884740003855974" lon="-0.7614933265714344">
    <ele>399.59000000000003</ele>
   </trkpt>
   <trkpt lat="38.885090000000005" lon="-0.76217">
    <ele>399.59000000000003</ele>
   </trkpt>
   <trkpt lat="38.88550001123119" lon="-0.7631074837400168">
    <ele>423.98</ele>
   </trkpt>
   <trkpt lat="38.88591001496667" lon="-0.7640449783008314">
    <ele>423.98</ele>
   </trkpt>
   <trkpt lat="38.886320011206266" lon="-0.7649824836825293">
    <ele>423.98</ele>
   </trkpt>
   <trkpt lat="38.88673" lon="-0.76592">
    <ele>423.96000000000004</ele>
   </trkpt>
   <trkpt lat="38.88715000404466" lon="-0.7668949942143981">
    <ele>423.96000000000004</ele>
   </trkpt>
   <trkpt lat="38.887570000000004" lon="-0.76787">
    <ele>423.96000000000004</ele>
   </trkpt>
   <trkpt lat="38.88797000290184" lon="-0.7686999952519424">
    <ele>451.16</ele>
   </trkpt>
   <trkpt lat="38.88837" lon="-0.76953">
    <ele>451.16</ele>
   </trkpt>
   <trkpt lat="38.88857500159561" lon="-0.7701299984453237">
    <ele>451.16</ele>
   </trkpt>
   <trkpt lat="38.888780000000004" lon="-0.77073">
    <ele>451.16</ele>
   </trkpt>
   <trkpt lat="38.88897" lon="-0.77109">
    <ele>451.16</ele>
   </trkpt>
   <trkpt lat="38.88917" lon="-0.77139">
    <ele>451.16</ele>
   </trkpt>
   <trkpt lat="38.88964" lon="-0.7719400000000001">
    <ele>451.16</ele>
   </trkpt>
   <trkpt lat="38.89012" lon="-0.7726000000000001">
    <ele>451.16</ele>
   </trkpt>
   <trkpt lat="38.8905" lon="-0.77344">
    <ele>451.16</ele>
   </trkpt>
   <trkpt lat="38.89072" lon="-0.7737700000000001">
    <ele>451.16</ele>
   </trkpt>
   <trkpt lat="38.890800000000006" lon="-0.77395">
    <ele>451.16</ele>
   </trkpt>
   <trkpt lat="38.891000000000005" lon="-0.7747">
    <ele>451.16</ele>
   </trkpt>
   <trkpt lat="38.891040000000004" lon="-0.7747700000000001">
    <ele>451.16</ele>
   </trkpt>
   <trkpt lat="38.891160000000006" lon="-0.77478">
    <ele>451.16</ele>
   </trkpt>
   <trkpt lat="38.891200000000005" lon="-0.77473">
    <ele>451.16</ele>
   </trkpt>
   <trkpt lat="38.89121" lon="-0.77466">
    <ele>451.16</ele>
   </trkpt>
   <trkpt lat="38.891200000000005" lon="-0.7746000000000001">
    <ele>451.16</ele>
   </trkpt>
   <trkpt lat="38.89106" lon="-0.7744300000000001">
    <ele>530.12</ele>
   </trkpt>
   <trkpt lat="38.89094" lon="-0.7733800000000001">
    <ele>530.12</ele>
   </trkpt>
   <trkpt lat="38.89094" lon="-0.7732600000000001">
    <ele>530.12</ele>
   </trkpt>
   <trkpt lat="38.891040000000004" lon="-0.77312">
    <ele>530.12</ele>
   </trkpt>
   <trkpt lat="38.891160000000006" lon="-0.77312">
    <ele>530.12</ele>
   </trkpt>
   <trkpt lat="38.891290000000005" lon="-0.77317">
    <ele>530.12</ele>
   </trkpt>
   <trkpt lat="38.89182500037692" lon="-0.7735249972195448">
    <ele>530.12</ele>
   </trkpt>
   <trkpt lat="38.892360000000004" lon="-0.77388">
    <ele>530.12</ele>
   </trkpt>
   <trkpt lat="38.89284" lon="-0.77417">
    <ele>530.12</ele>
   </trkpt>
   <trkpt lat="38.89322000000001" lon="-0.77427">
    <ele>530.12</ele>
   </trkpt>
   <trkpt lat="38.89325" lon="-0.77436">
    <ele>530.12</ele>
   </trkpt>
   <trkpt lat="38.89322000000001" lon="-0.77453">
    <ele>530.12</ele>
   </trkpt>
   <trkpt lat="38.893170000000005" lon="-0.77458">
    <ele>530.12</ele>
   </trkpt>
   <trkpt lat="38.89312" lon="-0.77458">
    <ele>530.12</ele>
   </trkpt>
   <trkpt lat="38.8926250002564" lon="-0.7743999987885268">
    <ele>530.12</ele>
   </trkpt>
   <trkpt lat="38.89213" lon="-0.77422">
    <ele>530.12</ele>
   </trkpt>
   <trkpt lat="38.89199" lon="-0.77419">
    <ele>530.12</ele>
   </trkpt>
   <trkpt lat="38.89186" lon="-0.77424">
    <ele>530.12</ele>
   </trkpt>
   <trkpt lat="38.89181000000001" lon="-0.77431">
    <ele>530.12</ele>
   </trkpt>
   <trkpt lat="38.8918" lon="-0.77451">
    <ele>530.12</ele>
   </trkpt>
   <trkpt lat="38.89191" lon="-0.77495">
    <ele>530.12</ele>
   </trkpt>
   <trkpt lat="38.89199" lon="-0.77546">
    <ele>530.12</ele>
   </trkpt>
   <trkpt lat="38.892070000000004" lon="-0.7756000000000001">
    <ele>530.12</ele>
   </trkpt>
   <trkpt lat="38.89215" lon="-0.7756000000000001">
    <ele>530.12</ele>
   </trkpt>
   <trkpt lat="38.89222" lon="-0.77558">
    <ele>530.12</ele>
   </trkpt>
   <trkpt lat="38.89227" lon="-0.77551">
    <ele>530.12</ele>
   </trkpt>
   <trkpt lat="38.89227" lon="-0.77541">
    <ele>530.12</ele>
   </trkpt>
   <trkpt lat="38.89211" lon="-0.7749900000000001">
    <ele>530.12</ele>
   </trkpt>
   <trkpt lat="38.892140000000005" lon="-0.7748">
    <ele>530.12</ele>
   </trkpt>
   <trkpt lat="38.89219000000001" lon="-0.77475">
    <ele>530.12</ele>
   </trkpt>
   <trkpt lat="38.89227" lon="-0.77475">
    <ele>530.12</ele>
   </trkpt>
   <trkpt lat="38.89276" lon="-0.77497">
    <ele>530.12</ele>
   </trkpt>
   <trkpt lat="38.89336" lon="-0.7750400000000001">
    <ele>604.89</ele>
   </trkpt>
   <trkpt lat="38.89349" lon="-0.7751">
    <ele>604.89</ele>
   </trkpt>
   <trkpt lat="38.893570000000004" lon="-0.77519">
    <ele>604.89</ele>
   </trkpt>
   <trkpt lat="38.893640000000005" lon="-0.77532">
    <ele>604.89</ele>
   </trkpt>
   <trkpt lat="38.8937" lon="-0.77553">
    <ele>604.89</ele>
   </trkpt>
   <trkpt lat="38.89381" lon="-0.77624">
    <ele>604.89</ele>
   </trkpt>
   <trkpt lat="38.893860000000004" lon="-0.77675">
    <ele>604.89</ele>
   </trkpt>
   <trkpt lat="38.893950000000004" lon="-0.7772100000000001">
    <ele>604.89</ele>
   </trkpt>
   <trkpt lat="38.894110000000005" lon="-0.77763">
    <ele>604.89</ele>
   </trkpt>
   <trkpt lat="38.894220000000004" lon="-0.77788">
    <ele>604.89</ele>
   </trkpt>
   <trkpt lat="38.89432" lon="-0.7780400000000001">
    <ele>604.89</ele>
   </trkpt>
   <trkpt lat="38.89467500072499" lon="-0.7784449980046676">
    <ele>604.89</ele>
   </trkpt>
   <trkpt lat="38.895030000000006" lon="-0.77885">
    <ele>604.89</ele>
   </trkpt>
   <trkpt lat="38.89529" lon="-0.7794800000000001">
    <ele>604.89</ele>
   </trkpt>
   <trkpt lat="38.89555" lon="-0.78015">
    <ele>604.89</ele>
   </trkpt>
   <trkpt lat="38.895720000000004" lon="-0.7807000000000001">
    <ele>604.89</ele>
   </trkpt>
   <trkpt lat="38.89574" lon="-0.78085">
    <ele>604.89</ele>
   </trkpt>
   <trkpt lat="38.89570000559066" lon="-0.7819950006560668">
    <ele>637.26</ele>
   </trkpt>
   <trkpt lat="38.89566000000001" lon="-0.7831400000000001">
    <ele>637.26</ele>
   </trkpt>
   <trkpt lat="38.89571" lon="-0.78324">
    <ele>637.26</ele>
   </trkpt>
   <trkpt lat="38.895770000000006" lon="-0.78329">
    <ele>637.26</ele>
   </trkpt>
   <trkpt lat="38.89589" lon="-0.78332">
    <ele>637.26</ele>
   </trkpt>
   <trkpt lat="38.89598" lon="-0.7833100000000001">
    <ele>637.26</ele>
   </trkpt>
   <trkpt lat="38.89605" lon="-0.78324">
    <ele>637.26</ele>
   </trkpt>
   <trkpt lat="38.896190000000004" lon="-0.783">
    <ele>637.26</ele>
   </trkpt>
   <trkpt lat="38.89627" lon="-0.78295">
    <ele>637.26</ele>
   </trkpt>
   <trkpt lat="38.89631" lon="-0.78295">
    <ele>637.26</ele>
   </trkpt>
   <trkpt lat="38.896420000000006" lon="-0.78302">
    <ele>637.26</ele>
   </trkpt>
   <trkpt lat="38.89647" lon="-0.7831400000000001">
    <ele>637.26</ele>
   </trkpt>
   <trkpt lat="38.896466674150076" lon="-0.7840766666861256">
    <ele>637.26</ele>
   </trkpt>
   <trkpt lat="38.896463340816986" lon="-0.7850133332844201">
    <ele>637.26</ele>
   </trkpt>
   <trkpt lat="38.896460000000005" lon="-0.78595">
    <ele>637.26</ele>
   </trkpt>
   <trkpt lat="38.89649" lon="-0.78617">
    <ele>637.26</ele>
   </trkpt>
   <trkpt lat="38.896670002803965" lon="-0.7869849978041257">
    <ele>637.26</ele>
   </trkpt>
   <trkpt lat="38.89685" lon="-0.7878000000000001">
    <ele>637.26</ele>
   </trkpt>
   <trkpt lat="38.89687" lon="-0.78795">
    <ele>637.26</ele>
   </trkpt>
   <trkpt lat="38.89687" lon="-0.78822">
    <ele>637.26</ele>
   </trkpt>
   <trkpt lat="38.89678" lon="-0.78888">
    <ele>697.76</ele>
   </trkpt>
   <trkpt lat="38.89678" lon="-0.78915">
    <ele>697.76</ele>
   </trkpt>
   <trkpt lat="38.89683" lon="-0.78978">
    <ele>697.76</ele>
   </trkpt>
   <trkpt lat="38.896930000000005" lon="-0.79056">
    <ele>697.76</ele>
   </trkpt>
   <trkpt lat="38.89699" lon="-0.7907500000000001">
    <ele>697.76</ele>
   </trkpt>
   <trkpt lat="38.897040000000004" lon="-0.79081">
    <ele>697.76</ele>
   </trkpt>
   <trkpt lat="38.89734" lon="-0.79103">
    <ele>697.76</ele>
   </trkpt>
   <trkpt lat="38.89744" lon="-0.79117">
    <ele>697.76</ele>
   </trkpt>
   <trkpt lat="38.89768" lon="-0.79166">
    <ele>697.76</ele>
   </trkpt>
   <trkpt lat="38.898" lon="-0.79239">
    <ele>697.76</ele>
   </trkpt>
   <trkpt lat="38.89808" lon="-0.79271">
    <ele>697.76</ele>
   </trkpt>
   <trkpt lat="38.8981800025299" lon="-0.7934799989260208">
    <ele>697.76</ele>
   </trkpt>
   <trkpt lat="38.89828" lon="-0.79425">
    <ele>697.76</ele>
   </trkpt>
   <trkpt lat="38.89847" lon="-0.79507">
    <ele>697.76</ele>
   </trkpt>
   <trkpt lat="38.89856" lon="-0.79539">
    <ele>697.76</ele>
   </trkpt>
   <trkpt lat="38.89873" lon="-0.7958000000000001">
    <ele>697.76</ele>
   </trkpt>
   <trkpt lat="38.89916" lon="-0.79671">
    <ele>697.76</ele>
   </trkpt>
   <trkpt lat="38.899510004373944" lon="-0.7977199950894114">
    <ele>734.6800000000001</ele>
   </trkpt>
   <trkpt lat="38.899860000000004" lon="-0.79873">
    <ele>734.6800000000001</ele>
   </trkpt>
   <trkpt lat="38.90003" lon="-0.79905">
    <ele>734.6800000000001</ele>
   </trkpt>
   <trkpt lat="38.90037000094905" lon="-0.7995249977071194">
    <ele>734.6800000000001</ele>
   </trkpt>
   <trkpt lat="38.900710000000004" lon="-0.8">
    <ele>734.6800000000001</ele>
   </trkpt>
   <trkpt lat="38.900870000000005" lon="-0.8002400000000001">
    <ele>734.6800000000001</ele>
   </trkpt>
   <trkpt lat="38.90122" lon="-0.8006500000000001">
    <ele>739.2500000000001</ele>
   </trkpt>
   <trkpt lat="38.90166" lon="-0.8012">
    <ele>738.1800000000001</ele>
   </trkpt>
   <trkpt lat="38.90173" lon="-0.8013">
    <ele>738.1800000000001</ele>
   </trkpt>
   <trkpt lat="38.90216" lon="-0.80225">
    <ele>738.1800000000001</ele>
   </trkpt>
   <trkpt lat="38.902300000000004" lon="-0.8024600000000001">
    <ele>738.1800000000001</ele>
   </trkpt>
   <trkpt lat="38.902390000000004" lon="-0.80256">
    <ele>738.1800000000001</ele>
   </trkpt>
   <trkpt lat="38.90305000208705" lon="-0.8030566574199562">
    <ele>738.1800000000001</ele>
   </trkpt>
   <trkpt lat="38.90371000207004" lon="-0.8035533240736821">
    <ele>738.1800000000001</ele>
   </trkpt>
   <trkpt lat="38.90437" lon="-0.80405">
    <ele>738.1800000000001</ele>
   </trkpt>
   <trkpt lat="38.904923337206135" lon="-0.8047233228441529">
    <ele>738.1800000000001</ele>
   </trkpt>
   <trkpt lat="38.90547667054508" lon="-0.8053966561841557">
    <ele>731.71</ele>
   </trkpt>
   <trkpt lat="38.90603" lon="-0.8060700000000001">
    <ele>731.71</ele>
   </trkpt>
   <trkpt lat="38.9061" lon="-0.8062">
    <ele>731.71</ele>
   </trkpt>
   <trkpt lat="38.906180000000006" lon="-0.80637">
    <ele>731.71</ele>
   </trkpt>
   <trkpt lat="38.906484015727585" lon="-0.8073299835724306">
    <ele>731.71</ele>
   </trkpt>
   <trkpt lat="38.90678802359417" lon="-0.8082899753669622">
    <ele>731.71</ele>
   </trkpt>
   <trkpt lat="38.90709202359955" lon="-0.809249975383542">
    <ele>731.71</ele>
   </trkpt>
   <trkpt lat="38.9073960157436" lon="-0.8102099836221173">
    <ele>731.71</ele>
   </trkpt>
   <trkpt lat="38.907700000000006" lon="-0.8111700000000001">
    <ele>731.71</ele>
   </trkpt>
   <trkpt lat="38.907830000000004" lon="-0.8119000000000001">
    <ele>731.71</ele>
   </trkpt>
   <trkpt lat="38.90789" lon="-0.81205">
    <ele>736.89</ele>
   </trkpt>
   <trkpt lat="38.908120000000004" lon="-0.81242">
    <ele>736.89</ele>
   </trkpt>
   <trkpt lat="38.90834" lon="-0.8129500000000001">
    <ele>736.89</ele>
   </trkpt>
   <trkpt lat="38.90841" lon="-0.8130700000000001">
    <ele>736.89</ele>
   </trkpt>
   <trkpt lat="38.908640000000005" lon="-0.81337">
    <ele>736.89</ele>
   </trkpt>
   <trkpt lat="38.9087" lon="-0.81354">
    <ele>736.89</ele>
   </trkpt>
   <trkpt lat="38.90883500197127" lon="-0.814224998544983">
    <ele>736.89</ele>
   </trkpt>
   <trkpt lat="38.908970000000004" lon="-0.81491">
    <ele>736.89</ele>
   </trkpt>
   <trkpt lat="38.909040000000005" lon="-0.8150700000000001">
    <ele>736.89</ele>
   </trkpt>
   <trkpt lat="38.90912" lon="-0.81515">
    <ele>736.89</ele>
   </trkpt>
   <trkpt lat="38.909220000000005" lon="-0.8152">
    <ele>736.89</ele>
   </trkpt>
   <trkpt lat="38.909740000000006" lon="-0.81537">
    <ele>743.23</ele>
   </trkpt>
   <trkpt lat="38.909890000000004" lon="-0.81549">
    <ele>743.23</ele>
   </trkpt>
   <trkpt lat="38.910030000000006" lon="-0.8157300000000001">
    <ele>743.23</ele>
   </trkpt>
   <trkpt lat="38.91031" lon="-0.8163900000000001">
    <ele>743.23</ele>
   </trkpt>
   <trkpt lat="38.910340000000005" lon="-0.81659">
    <ele>743.23</ele>
   </trkpt>
   <trkpt lat="38.91033" lon="-0.81671">
    <ele>743.23</ele>
   </trkpt>
   <trkpt lat="38.91013" lon="-0.8173900000000001">
    <ele>747.7</ele>
   </trkpt>
   <trkpt lat="38.9101" lon="-0.81776">
    <ele>747.7</ele>
   </trkpt>
   <trkpt lat="38.91013" lon="-0.81803">
    <ele>747.7</ele>
   </trkpt>
   <trkpt lat="38.910320000000006" lon="-0.81835">
    <ele>747.7</ele>
   </trkpt>
   <trkpt lat="38.91044" lon="-0.81859">
    <ele>747.7</ele>
   </trkpt>
   <trkpt lat="38.91048" lon="-0.81869">
    <ele>747.7</ele>
   </trkpt>
   <trkpt lat="38.91048" lon="-0.81884">
    <ele>747.7</ele>
   </trkpt>
   <trkpt lat="38.91037" lon="-0.81981">
    <ele>747.7</ele>
   </trkpt>
   <trkpt lat="38.91039000000001" lon="-0.82071">
    <ele>747.7</ele>
   </trkpt>
   <trkpt lat="38.91038" lon="-0.8210000000000001">
    <ele>747.7</ele>
   </trkpt>
   <trkpt lat="38.91035" lon="-0.8212200000000001">
    <ele>747.7</ele>
   </trkpt>
   <trkpt lat="38.91019500224738" lon="-0.8219450015572624">
    <ele>747.7</ele>
   </trkpt>
   <trkpt lat="38.91004" lon="-0.82267">
    <ele>747.7</ele>
   </trkpt>
   <trkpt lat="38.91001" lon="-0.82298">
    <ele>747.7</ele>
   </trkpt>
   <trkpt lat="38.910140000000006" lon="-0.8237800000000001">
    <ele>747.7</ele>
   </trkpt>
   <trkpt lat="38.91017" lon="-0.82413">
    <ele>760.0400000000001</ele>
   </trkpt>
   <trkpt lat="38.9101" lon="-0.82518">
    <ele>760.0400000000001</ele>
   </trkpt>
   <trkpt lat="38.91011" lon="-0.8252700000000001">
    <ele>760.0400000000001</ele>
   </trkpt>
   <trkpt lat="38.91015" lon="-0.8253900000000001">
    <ele>760.0400000000001</ele>
   </trkpt>
   <trkpt lat="38.91026" lon="-0.82554">
    <ele>760.0400000000001</ele>
   </trkpt>
   <trkpt lat="38.910720000000005" lon="-0.82591">
    <ele>760.0400000000001</ele>
   </trkpt>
   <trkpt lat="38.910810000000005" lon="-0.82606">
    <ele>760.0400000000001</ele>
   </trkpt>
   <trkpt lat="38.910900000000005" lon="-0.82696">
    <ele>760.0400000000001</ele>
   </trkpt>
   <trkpt lat="38.910940000000004" lon="-0.8271000000000001">
    <ele>760.0400000000001</ele>
   </trkpt>
   <trkpt lat="38.91113" lon="-0.82747">
    <ele>760.0400000000001</ele>
   </trkpt>
   <trkpt lat="38.911170000000006" lon="-0.82767">
    <ele>760.0400000000001</ele>
   </trkpt>
   <trkpt lat="38.91098" lon="-0.8282200000000001">
    <ele>760.0400000000001</ele>
   </trkpt>
   <trkpt lat="38.910920000000004" lon="-0.82847">
    <ele>760.0400000000001</ele>
   </trkpt>
   <trkpt lat="38.910940000000004" lon="-0.82869">
    <ele>760.0400000000001</ele>
   </trkpt>
   <trkpt lat="38.91107" lon="-0.82906">
    <ele>760.0400000000001</ele>
   </trkpt>
   <trkpt lat="38.91129500203368" lon="-0.8297499978220721">
    <ele>765.5200000000001</ele>
   </trkpt>
   <trkpt lat="38.91152" lon="-0.8304400000000001">
    <ele>765.5200000000001</ele>
   </trkpt>
   <trkpt lat="38.91165500159284" lon="-0.8310499988658798">
    <ele>765.5200000000001</ele>
   </trkpt>
   <trkpt lat="38.91179" lon="-0.8316600000000001">
    <ele>772.14</ele>
   </trkpt>
   <trkpt lat="38.91180000000001" lon="-0.83176">
    <ele>772.14</ele>
   </trkpt>
   <trkpt lat="38.911750000000005" lon="-0.83211">
    <ele>772.14</ele>
   </trkpt>
   <trkpt lat="38.911570000000005" lon="-0.8328300000000001">
    <ele>772.14</ele>
   </trkpt>
   <trkpt lat="38.911350000000006" lon="-0.83367">
    <ele>772.14</ele>
   </trkpt>
   <trkpt lat="38.91104" lon="-0.8344">
    <ele>772.14</ele>
   </trkpt>
   <trkpt lat="38.910970000000006" lon="-0.83459">
    <ele>772.14</ele>
   </trkpt>
   <trkpt lat="38.91096" lon="-0.83479">
    <ele>772.14</ele>
   </trkpt>
   <trkpt lat="38.911010000000005" lon="-0.83586">
    <ele>801.8100000000001</ele>
   </trkpt>
   <trkpt lat="38.91093" lon="-0.83625">
    <ele>801.8100000000001</ele>
   </trkpt>
   <trkpt lat="38.91071" lon="-0.83672">
    <ele>801.8100000000001</ele>
   </trkpt>
   <trkpt lat="38.91062" lon="-0.8368800000000001">
    <ele>801.8100000000001</ele>
   </trkpt>
   <trkpt lat="38.91053" lon="-0.83701">
    <ele>801.8100000000001</ele>
   </trkpt>
   <trkpt lat="38.91001" lon="-0.83738">
    <ele>801.8100000000001</ele>
   </trkpt>
   <trkpt lat="38.90995" lon="-0.8374800000000001">
    <ele>801.8100000000001</ele>
   </trkpt>
   <trkpt lat="38.90991" lon="-0.83762">
    <ele>801.8100000000001</ele>
   </trkpt>
   <trkpt lat="38.909980000000004" lon="-0.8385">
    <ele>801.8100000000001</ele>
   </trkpt>
   <trkpt lat="38.910090000000004" lon="-0.83891">
    <ele>801.8100000000001</ele>
   </trkpt>
   <trkpt lat="38.910540003667585" lon="-0.839829994285162">
    <ele>801.22</ele>
   </trkpt>
   <trkpt lat="38.910990000000005" lon="-0.8407500000000001">
    <ele>801.22</ele>
   </trkpt>
   <trkpt lat="38.911100000000005" lon="-0.8411000000000001">
    <ele>801.22</ele>
   </trkpt>
   <trkpt lat="38.911340014240665" lon="-0.8421549892939544">
    <ele>806.36</ele>
   </trkpt>
   <trkpt lat="38.91158001898704" lon="-0.8432099857226786">
    <ele>806.36</ele>
   </trkpt>
   <trkpt lat="38.91182001423896" lon="-0.8442649892859996">
    <ele>807.52</ele>
   </trkpt>
   <trkpt lat="38.912060000000004" lon="-0.8453200000000001">
    <ele>807.52</ele>
   </trkpt>
   <trkpt lat="38.912130000000005" lon="-0.8460000000000001">
    <ele>807.52</ele>
   </trkpt>
   <trkpt lat="38.912165011368934" lon="-0.8469424986756142">
    <ele>807.52</ele>
   </trkpt>
   <trkpt lat="38.91220001516033" lon="-0.8478849982809606">
    <ele>807.52</ele>
   </trkpt>
   <trkpt lat="38.91223501137416" lon="-0.84882749881584">
    <ele>815.39</ele>
   </trkpt>
   <trkpt lat="38.91227000000001" lon="-0.84977">
    <ele>815.39</ele>
   </trkpt>
   <trkpt lat="38.91226" lon="-0.84987">
    <ele>815.39</ele>
   </trkpt>
   <trkpt lat="38.912200000000006" lon="-0.85001">
    <ele>815.39</ele>
   </trkpt>
   <trkpt lat="38.911640000000006" lon="-0.85084">
    <ele>815.39</ele>
   </trkpt>
   <trkpt lat="38.911530000000006" lon="-0.85104">
    <ele>815.39</ele>
   </trkpt>
   <trkpt lat="38.91149" lon="-0.85167">
    <ele>810.03</ele>
   </trkpt>
   <trkpt lat="38.91143" lon="-0.85221">
    <ele>810.03</ele>
   </trkpt>
   <trkpt lat="38.911370000000005" lon="-0.85255">
    <ele>810.03</ele>
   </trkpt>
   <trkpt lat="38.911300000000004" lon="-0.85272">
    <ele>810.03</ele>
   </trkpt>
   <trkpt lat="38.91111" lon="-0.8529100000000001">
    <ele>810.03</ele>
   </trkpt>
   <trkpt lat="38.91077000000001" lon="-0.85318">
    <ele>810.03</ele>
   </trkpt>
   <trkpt lat="38.910630000000005" lon="-0.85338">
    <ele>810.03</ele>
   </trkpt>
   <trkpt lat="38.910560000000004" lon="-0.8535200000000001">
    <ele>810.03</ele>
   </trkpt>
   <trkpt lat="38.91048" lon="-0.8538100000000001">
    <ele>810.03</ele>
   </trkpt>
   <trkpt lat="38.910440004838165" lon="-0.854875000585396">
    <ele>784.02</ele>
   </trkpt>
   <trkpt lat="38.9104" lon="-0.85594">
    <ele>784.02</ele>
   </trkpt>
   <trkpt lat="38.91047500235616" lon="-0.8566849991026487">
    <ele>784.02</ele>
   </trkpt>
   <trkpt lat="38.91055" lon="-0.85743">
    <ele>784.02</ele>
   </trkpt>
   <trkpt lat="38.91062" lon="-0.8576">
    <ele>784.02</ele>
   </trkpt>
   <trkpt lat="38.910680000000006" lon="-0.85767">
    <ele>784.02</ele>
   </trkpt>
   <trkpt lat="38.91085" lon="-0.85779">
    <ele>784.02</ele>
   </trkpt>
   <trkpt lat="38.91127000021031" lon="-0.8580199986306447">
    <ele>784.02</ele>
   </trkpt>
   <trkpt lat="38.91169" lon="-0.8582500000000001">
    <ele>784.02</ele>
   </trkpt>
   <trkpt lat="38.91179" lon="-0.85838">
    <ele>784.02</ele>
   </trkpt>
   <trkpt lat="38.911860000000004" lon="-0.8586">
    <ele>784.02</ele>
   </trkpt>
   <trkpt lat="38.911950000000004" lon="-0.8593000000000001">
    <ele>757.1800000000001</ele>
   </trkpt>
   <trkpt lat="38.912130000000005" lon="-0.8600300000000001">
    <ele>757.1800000000001</ele>
   </trkpt>
   <trkpt lat="38.912200000000006" lon="-0.86055">
    <ele>757.1800000000001</ele>
   </trkpt>
   <trkpt lat="38.9122600016176" lon="-0.8611699992491112">
    <ele>757.1800000000001</ele>
   </trkpt>
   <trkpt lat="38.91232" lon="-0.8617900000000001">
    <ele>757.1800000000001</ele>
   </trkpt>
   <trkpt lat="38.912400000000005" lon="-0.8622500000000001">
    <ele>757.1800000000001</ele>
   </trkpt>
   <trkpt lat="38.912690000000005" lon="-0.8627900000000001">
    <ele>757.1800000000001</ele>
   </trkpt>
   <trkpt lat="38.913140000000006" lon="-0.86355">
    <ele>757.1800000000001</ele>
   </trkpt>
   <trkpt lat="38.913270000000004" lon="-0.8637400000000001">
    <ele>757.1800000000001</ele>
   </trkpt>
   <trkpt lat="38.913360000000004" lon="-0.86382">
    <ele>757.1800000000001</ele>
   </trkpt>
   <trkpt lat="38.913560000000004" lon="-0.86392">
    <ele>757.1800000000001</ele>
   </trkpt>
   <trkpt lat="38.91364" lon="-0.86392">
    <ele>757.1800000000001</ele>
   </trkpt>
   <trkpt lat="38.91376" lon="-0.86387">
    <ele>757.1800000000001</ele>
   </trkpt>
   <trkpt lat="38.913880000000006" lon="-0.86377">
    <ele>757.1800000000001</ele>
   </trkpt>
   <trkpt lat="38.913940000000004" lon="-0.8635">
    <ele>757.1800000000001</ele>
   </trkpt>
   <trkpt lat="38.913970000000006" lon="-0.86343">
    <ele>757.1800000000001</ele>
   </trkpt>
   <trkpt lat="38.91407" lon="-0.8633500000000001">
    <ele>757.1800000000001</ele>
   </trkpt>
   <trkpt lat="38.914170000000006" lon="-0.86338">
    <ele>757.1800000000001</ele>
   </trkpt>
   <trkpt lat="38.91423" lon="-0.8634700000000001">
    <ele>757.1800000000001</ele>
   </trkpt>
   <trkpt lat="38.91424000000001" lon="-0.86353">
    <ele>757.1800000000001</ele>
   </trkpt>
   <trkpt lat="38.91423" lon="-0.8636">
    <ele>757.1800000000001</ele>
   </trkpt>
   <trkpt lat="38.91411" lon="-0.86394">
    <ele>757.1800000000001</ele>
   </trkpt>
   <trkpt lat="38.914010000000005" lon="-0.86438">
    <ele>757.1800000000001</ele>
   </trkpt>
   <trkpt lat="38.913990000000005" lon="-0.86465">
    <ele>757.1800000000001</ele>
   </trkpt>
   <trkpt lat="38.91402" lon="-0.86487">
    <ele>707.0200000000001</ele>
   </trkpt>
   <trkpt lat="38.914350000000006" lon="-0.8656">
    <ele>707.0200000000001</ele>
   </trkpt>
   <trkpt lat="38.9144" lon="-0.86577">
    <ele>707.0200000000001</ele>
   </trkpt>
   <trkpt lat="38.91438" lon="-0.86589">
    <ele>707.0200000000001</ele>
   </trkpt>
   <trkpt lat="38.914320000000004" lon="-0.8660100000000001">
    <ele>707.0200000000001</ele>
   </trkpt>
   <trkpt lat="38.91422" lon="-0.8660800000000001">
    <ele>707.0200000000001</ele>
   </trkpt>
   <trkpt lat="38.914170000000006" lon="-0.8660800000000001">
    <ele>707.0200000000001</ele>
   </trkpt>
   <trkpt lat="38.91377000000001" lon="-0.8659100000000001">
    <ele>707.0200000000001</ele>
   </trkpt>
   <trkpt lat="38.91367" lon="-0.8659100000000001">
    <ele>707.0200000000001</ele>
   </trkpt>
   <trkpt lat="38.9136" lon="-0.86594">
    <ele>707.0200000000001</ele>
   </trkpt>
   <trkpt lat="38.91355" lon="-0.86599">
    <ele>707.0200000000001</ele>
   </trkpt>
   <trkpt lat="38.913520000000005" lon="-0.8660800000000001">
    <ele>707.0200000000001</ele>
   </trkpt>
   <trkpt lat="38.913520000000005" lon="-0.86623">
    <ele>707.0200000000001</ele>
   </trkpt>
   <trkpt lat="38.913540000000005" lon="-0.8663000000000001">
    <ele>707.0200000000001</ele>
   </trkpt>
   <trkpt lat="38.913610000000006" lon="-0.86638">
    <ele>707.0200000000001</ele>
   </trkpt>
   <trkpt lat="38.914210000000004" lon="-0.86665">
    <ele>707.0200000000001</ele>
   </trkpt>
   <trkpt lat="38.914280000000005" lon="-0.86667">
    <ele>707.0200000000001</ele>
   </trkpt>
   <trkpt lat="38.91461" lon="-0.8666900000000001">
    <ele>707.0200000000001</ele>
   </trkpt>
   <trkpt lat="38.91479" lon="-0.86677">
    <ele>707.0200000000001</ele>
   </trkpt>
   <trkpt lat="38.9149" lon="-0.8669100000000001">
    <ele>707.0200000000001</ele>
   </trkpt>
   <trkpt lat="38.915290000000006" lon="-0.8677400000000001">
    <ele>707.0200000000001</ele>
   </trkpt>
   <trkpt lat="38.91561" lon="-0.86845">
    <ele>707.0200000000001</ele>
   </trkpt>
   <trkpt lat="38.915620000000004" lon="-0.86855">
    <ele>707.0200000000001</ele>
   </trkpt>
   <trkpt lat="38.91557" lon="-0.86887">
    <ele>707.0200000000001</ele>
   </trkpt>
   <trkpt lat="38.91563" lon="-0.8690100000000001">
    <ele>707.0200000000001</ele>
   </trkpt>
   <trkpt lat="38.91577" lon="-0.86911">
    <ele>707.0200000000001</ele>
   </trkpt>
   <trkpt lat="38.915910000000004" lon="-0.8691800000000001">
    <ele>707.0200000000001</ele>
   </trkpt>
   <trkpt lat="38.91597" lon="-0.86916">
    <ele>707.0200000000001</ele>
   </trkpt>
   <trkpt lat="38.916030000000006" lon="-0.86909">
    <ele>707.0200000000001</ele>
   </trkpt>
   <trkpt lat="38.91624" lon="-0.8687">
    <ele>707.0200000000001</ele>
   </trkpt>
   <trkpt lat="38.9163" lon="-0.86865">
    <ele>707.0200000000001</ele>
   </trkpt>
   <trkpt lat="38.916410000000006" lon="-0.8686200000000001">
    <ele>707.0200000000001</ele>
   </trkpt>
   <trkpt lat="38.91646" lon="-0.86865">
    <ele>707.0200000000001</ele>
   </trkpt>
   <trkpt lat="38.91649" lon="-0.86872">
    <ele>707.0200000000001</ele>
   </trkpt>
   <trkpt lat="38.91649" lon="-0.8687900000000001">
    <ele>707.0200000000001</ele>
   </trkpt>
   <trkpt lat="38.916450000000005" lon="-0.8689100000000001">
    <ele>707.0200000000001</ele>
   </trkpt>
   <trkpt lat="38.916290000000004" lon="-0.86904">
    <ele>707.0200000000001</ele>
   </trkpt>
   <trkpt lat="38.916140000000006" lon="-0.86921">
    <ele>707.0200000000001</ele>
   </trkpt>
   <trkpt lat="38.91599" lon="-0.86948">
    <ele>707.0200000000001</ele>
   </trkpt>
   <trkpt lat="38.91592" lon="-0.86965">
    <ele>707.0200000000001</ele>
   </trkpt>
   <trkpt lat="38.915820000000004" lon="-0.86994">
    <ele>707.0200000000001</ele>
   </trkpt>
   <trkpt lat="38.915800000000004" lon="-0.8701300000000001">
    <ele>707.0200000000001</ele>
   </trkpt>
   <trkpt lat="38.915940000000006" lon="-0.87048">
    <ele>707.0200000000001</ele>
   </trkpt>
   <trkpt lat="38.91592" lon="-0.87065">
    <ele>707.0200000000001</ele>
   </trkpt>
   <trkpt lat="38.91588" lon="-0.8707">
    <ele>707.0200000000001</ele>
   </trkpt>
   <trkpt lat="38.9157" lon="-0.8708">
    <ele>707.0200000000001</ele>
   </trkpt>
   <trkpt lat="38.91563" lon="-0.87092">
    <ele>707.0200000000001</ele>
   </trkpt>
   <trkpt lat="38.91561" lon="-0.8710100000000001">
    <ele>762.3700000000001</ele>
   </trkpt>
   <trkpt lat="38.91563" lon="-0.8711300000000001">
    <ele>762.3700000000001</ele>
   </trkpt>
   <trkpt lat="38.915910000000004" lon="-0.87209">
    <ele>762.3700000000001</ele>
   </trkpt>
   <trkpt lat="38.91597" lon="-0.87253">
    <ele>762.3700000000001</ele>
   </trkpt>
   <trkpt lat="38.915980000000005" lon="-0.87275">
    <ele>762.3700000000001</ele>
   </trkpt>
   <trkpt lat="38.915960000000005" lon="-0.87304">
    <ele>762.3700000000001</ele>
   </trkpt>
   <trkpt lat="38.916000000000004" lon="-0.87338">
    <ele>762.3700000000001</ele>
   </trkpt>
   <trkpt lat="38.91575" lon="-0.8740100000000001">
    <ele>762.3700000000001</ele>
   </trkpt>
   <trkpt lat="38.91573" lon="-0.87443">
    <ele>762.3700000000001</ele>
   </trkpt>
   <trkpt lat="38.915760000000006" lon="-0.87453">
    <ele>762.3700000000001</ele>
   </trkpt>
   <trkpt lat="38.91597" lon="-0.87499">
    <ele>762.3700000000001</ele>
   </trkpt>
   <trkpt lat="38.915960000000005" lon="-0.87516">
    <ele>762.3700000000001</ele>
   </trkpt>
   <trkpt lat="38.91584" lon="-0.87555">
    <ele>762.3700000000001</ele>
   </trkpt>
   <trkpt lat="38.915870000000005" lon="-0.8759600000000001">
    <ele>762.3700000000001</ele>
   </trkpt>
   <trkpt lat="38.9159" lon="-0.87614">
    <ele>762.3700000000001</ele>
   </trkpt>
   <trkpt lat="38.91599" lon="-0.8763500000000001">
    <ele>762.3700000000001</ele>
   </trkpt>
   <trkpt lat="38.91608" lon="-0.8766">
    <ele>762.3700000000001</ele>
   </trkpt>
   <trkpt lat="38.91615" lon="-0.87694">
    <ele>762.3700000000001</ele>
   </trkpt>
   <trkpt lat="38.91624000220079" lon="-0.8776599990040932">
    <ele>774.3100000000001</ele>
   </trkpt>
   <trkpt lat="38.91633" lon="-0.87838">
    <ele>774.3100000000001</ele>
   </trkpt>
   <trkpt lat="38.916430000000005" lon="-0.87855">
    <ele>774.3100000000001</ele>
   </trkpt>
   <trkpt lat="38.91698" lon="-0.8791100000000001">
    <ele>774.3100000000001</ele>
   </trkpt>
   <trkpt lat="38.917060000000006" lon="-0.87921">
    <ele>774.3100000000001</ele>
   </trkpt>
   <trkpt lat="38.917100000000005" lon="-0.87931">
    <ele>774.3100000000001</ele>
   </trkpt>
   <trkpt lat="38.91713" lon="-0.8794500000000001">
    <ele>774.3100000000001</ele>
   </trkpt>
   <trkpt lat="38.91713" lon="-0.8796200000000001">
    <ele>774.3100000000001</ele>
   </trkpt>
   <trkpt lat="38.91707" lon="-0.88007">
    <ele>774.3100000000001</ele>
   </trkpt>
   <trkpt lat="38.917060000000006" lon="-0.88053">
    <ele>774.3100000000001</ele>
   </trkpt>
   <trkpt lat="38.917100000000005" lon="-0.88058">
    <ele>774.3100000000001</ele>
   </trkpt>
   <trkpt lat="38.91716" lon="-0.8806200000000001">
    <ele>774.3100000000001</ele>
   </trkpt>
   <trkpt lat="38.91729" lon="-0.8806">
    <ele>774.3100000000001</ele>
   </trkpt>
   <trkpt lat="38.91745" lon="-0.88041">
    <ele>749.9100000000001</ele>
   </trkpt>
   <trkpt lat="38.91756" lon="-0.88038">
    <ele>749.9100000000001</ele>
   </trkpt>
   <trkpt lat="38.91832" lon="-0.8802800000000001">
    <ele>749.9100000000001</ele>
   </trkpt>
   <trkpt lat="38.91878500021196" lon="-0.8800750013289457">
    <ele>749.9100000000001</ele>
   </trkpt>
   <trkpt lat="38.919250000000005" lon="-0.87987">
    <ele>749.9100000000001</ele>
   </trkpt>
   <trkpt lat="38.919540000000005" lon="-0.87987">
    <ele>749.9100000000001</ele>
   </trkpt>
   <trkpt lat="38.919830000000005" lon="-0.8799300000000001">
    <ele>749.9100000000001</ele>
   </trkpt>
   <trkpt lat="38.919940000000004" lon="-0.87997">
    <ele>747.4300000000001</ele>
   </trkpt>
   <trkpt lat="38.92013" lon="-0.88007">
    <ele>747.0300000000001</ele>
   </trkpt>
   <trkpt lat="38.920790000869" lon="-0.8805149958771498">
    <ele>746.3700000000001</ele>
   </trkpt>
   <trkpt lat="38.92145" lon="-0.8809600000000001">
    <ele>738.7300000000001</ele>
   </trkpt>
   <trkpt lat="38.92136" lon="-0.8810300000000001">
    <ele>738.14</ele>
   </trkpt>
   <trkpt lat="38.921290000000006" lon="-0.8811200000000001">
    <ele>737.99</ele>
   </trkpt>
   <trkpt lat="38.9211" lon="-0.8815500000000001">
    <ele>740.57</ele>
   </trkpt>
   <trkpt lat="38.9209" lon="-0.88185">
    <ele>744.3400000000001</ele>
   </trkpt>
   <trkpt lat="38.92069" lon="-0.88204">
    <ele>750.24</ele>
   </trkpt>
   <trkpt lat="38.92062000000001" lon="-0.88219">
    <ele>750.24</ele>
   </trkpt>
   <trkpt lat="38.92061" lon="-0.8822800000000001">
    <ele>750.24</ele>
   </trkpt>
   <trkpt lat="38.920850001070434" lon="-0.8827849982553196">
    <ele>750.68</ele>
   </trkpt>
   <trkpt lat="38.92109000000001" lon="-0.88329">
    <ele>751.1500000000001</ele>
   </trkpt>
   <trkpt lat="38.921350000000004" lon="-0.8838400000000001">
    <ele>751.1500000000001</ele>
   </trkpt>
   <trkpt lat="38.92141" lon="-0.88402">
    <ele>752.44</ele>
   </trkpt>
   <trkpt lat="38.921440000000004" lon="-0.8842800000000001">
    <ele>752.44</ele>
   </trkpt>
   <trkpt lat="38.92145" lon="-0.88475">
    <ele>752.44</ele>
   </trkpt>
   <trkpt lat="38.92131667754796" lon="-0.8858800043473972">
    <ele>752.44</ele>
   </trkpt>
   <trkpt lat="38.92118334420274" lon="-0.8870100044480407">
    <ele>752.44</ele>
   </trkpt>
   <trkpt lat="38.92105" lon="-0.88814">
    <ele>774.23</ele>
   </trkpt>
   <trkpt lat="38.920840000000005" lon="-0.8888">
    <ele>774.23</ele>
   </trkpt>
   <trkpt lat="38.92067" lon="-0.88907">
    <ele>774.23</ele>
   </trkpt>
   <trkpt lat="38.92052" lon="-0.8892700000000001">
    <ele>774.23</ele>
   </trkpt>
   <trkpt lat="38.920350000000006" lon="-0.8897700000000001">
    <ele>774.23</ele>
   </trkpt>
   <trkpt lat="38.920190000000005" lon="-0.89036">
    <ele>774.23</ele>
   </trkpt>
   <trkpt lat="38.920100000000005" lon="-0.89058">
    <ele>774.23</ele>
   </trkpt>
   <trkpt lat="38.91998" lon="-0.8907700000000001">
    <ele>774.23</ele>
   </trkpt>
   <trkpt lat="38.919850000000004" lon="-0.8908900000000001">
    <ele>792.3500000000001</ele>
   </trkpt>
   <trkpt lat="38.91969" lon="-0.8909900000000001">
    <ele>792.3500000000001</ele>
   </trkpt>
   <trkpt lat="38.9196" lon="-0.89102">
    <ele>792.3500000000001</ele>
   </trkpt>
   <trkpt lat="38.91942" lon="-0.89107">
    <ele>792.3500000000001</ele>
   </trkpt>
   <trkpt lat="38.91908" lon="-0.89102">
    <ele>792.3500000000001</ele>
   </trkpt>
   <trkpt lat="38.91897" lon="-0.89107">
    <ele>792.3500000000001</ele>
   </trkpt>
   <trkpt lat="38.918850000000006" lon="-0.8911600000000001">
    <ele>792.3500000000001</ele>
   </trkpt>
   <trkpt lat="38.91877" lon="-0.89126">
    <ele>792.3500000000001</ele>
   </trkpt>
   <trkpt lat="38.918670000000006" lon="-0.89151">
    <ele>792.3500000000001</ele>
   </trkpt>
   <trkpt lat="38.91843" lon="-0.89229">
    <ele>792.3500000000001</ele>
   </trkpt>
   <trkpt lat="38.91846" lon="-0.8923800000000001">
    <ele>792.3500000000001</ele>
   </trkpt>
   <trkpt lat="38.91852" lon="-0.8924300000000001">
    <ele>794.76</ele>
   </trkpt>
   <trkpt lat="38.91861" lon="-0.89246">
    <ele>794.76</ele>
   </trkpt>
   <trkpt lat="38.91879" lon="-0.89241">
    <ele>794.76</ele>
   </trkpt>
   <trkpt lat="38.919070000000005" lon="-0.89241">
    <ele>794.76</ele>
   </trkpt>
   <trkpt lat="38.91919" lon="-0.8924300000000001">
    <ele>794.76</ele>
   </trkpt>
   <trkpt lat="38.9193" lon="-0.89251">
    <ele>794.76</ele>
   </trkpt>
   <trkpt lat="38.91939" lon="-0.89268">
    <ele>794.76</ele>
   </trkpt>
   <trkpt lat="38.91942" lon="-0.8928200000000001">
    <ele>794.76</ele>
   </trkpt>
   <trkpt lat="38.9194" lon="-0.89319">
    <ele>794.76</ele>
   </trkpt>
   <trkpt lat="38.91933" lon="-0.89336">
    <ele>794.76</ele>
   </trkpt>
   <trkpt lat="38.91879" lon="-0.89387">
    <ele>811.4000000000001</ele>
   </trkpt>
   <trkpt lat="38.918670000000006" lon="-0.8941100000000001">
    <ele>811.4000000000001</ele>
   </trkpt>
   <trkpt lat="38.91861" lon="-0.8943700000000001">
    <ele>811.4000000000001</ele>
   </trkpt>
   <trkpt lat="38.91861" lon="-0.8943800000000001">
    <ele>811.4000000000001</ele>
   </trkpt>
   <trkpt lat="38.91861" lon="-0.8946000000000001">
    <ele>811.4000000000001</ele>
   </trkpt>
   <trkpt lat="38.918670000000006" lon="-0.89519">
    <ele>817.2800000000001</ele>
   </trkpt>
   <trkpt lat="38.91865000000001" lon="-0.89548">
    <ele>817.6300000000001</ele>
   </trkpt>
   <trkpt lat="38.918510000000005" lon="-0.8955500000000001">
    <ele>817.6300000000001</ele>
   </trkpt>
   <trkpt lat="38.918330000000005" lon="-0.8956000000000001">
    <ele>817.6300000000001</ele>
   </trkpt>
   <trkpt lat="38.91783999992313" lon="-0.8956600004255991">
    <ele>817.6300000000001</ele>
   </trkpt>
   <trkpt lat="38.917350000000006" lon="-0.8957200000000001">
    <ele>817.6300000000001</ele>
   </trkpt>
   <trkpt lat="38.91713" lon="-0.8957200000000001">
    <ele>817.6300000000001</ele>
   </trkpt>
   <trkpt lat="38.91704" lon="-0.8957">
    <ele>817.6300000000001</ele>
   </trkpt>
   <trkpt lat="38.91696" lon="-0.8956500000000001">
    <ele>817.6300000000001</ele>
   </trkpt>
   <trkpt lat="38.916850000000004" lon="-0.89553">
    <ele>817.6300000000001</ele>
   </trkpt>
   <trkpt lat="38.916740000000004" lon="-0.8953300000000001">
    <ele>817.6300000000001</ele>
   </trkpt>
   <trkpt lat="38.916540000000005" lon="-0.8951600000000001">
    <ele>817.6300000000001</ele>
   </trkpt>
   <trkpt lat="38.916450000000005" lon="-0.89514">
    <ele>817.6300000000001</ele>
   </trkpt>
   <trkpt lat="38.916320000000006" lon="-0.89514">
    <ele>817.6300000000001</ele>
   </trkpt>
   <trkpt lat="38.915470000000006" lon="-0.89541">
    <ele>817.6300000000001</ele>
   </trkpt>
   <trkpt lat="38.91527000000001" lon="-0.8955500000000001">
    <ele>817.6300000000001</ele>
   </trkpt>
   <trkpt lat="38.914720001316226" lon="-0.8961250045543497">
    <ele>822.21</ele>
   </trkpt>
   <trkpt lat="38.914170000000006" lon="-0.8967">
    <ele>822.21</ele>
   </trkpt>
   <trkpt lat="38.913630000000005" lon="-0.89724">
    <ele>822.21</ele>
   </trkpt>
   <trkpt lat="38.91353" lon="-0.8973300000000001">
    <ele>822.21</ele>
   </trkpt>
   <trkpt lat="38.913340000000005" lon="-0.89746">
    <ele>822.21</ele>
   </trkpt>
   <trkpt lat="38.912755000461246" lon="-0.8977600024330217">
    <ele>822.21</ele>
   </trkpt>
   <trkpt lat="38.91217" lon="-0.8980600000000001">
    <ele>822.21</ele>
   </trkpt>
   <trkpt lat="38.911950000000004" lon="-0.8981600000000001">
    <ele>822.21</ele>
   </trkpt>
   <trkpt lat="38.911820000000006" lon="-0.89817">
    <ele>822.21</ele>
   </trkpt>
   <trkpt lat="38.91118" lon="-0.89807">
    <ele>822.21</ele>
   </trkpt>
   <trkpt lat="38.91105" lon="-0.89807">
    <ele>822.21</ele>
   </trkpt>
   <trkpt lat="38.91095" lon="-0.89812">
    <ele>822.21</ele>
   </trkpt>
   <trkpt lat="38.91084" lon="-0.8982100000000001">
    <ele>822.21</ele>
   </trkpt>
   <trkpt lat="38.910430000000005" lon="-0.89873">
    <ele>822.21</ele>
   </trkpt>
   <trkpt lat="38.91026" lon="-0.8988700000000001">
    <ele>822.21</ele>
   </trkpt>
   <trkpt lat="38.90947666922281" lon="-0.8994166787271678">
    <ele>833.2600000000001</ele>
   </trkpt>
   <trkpt lat="38.90869333589637" lon="-0.8999633453888055">
    <ele>833.2600000000001</ele>
   </trkpt>
   <trkpt lat="38.90791" lon="-0.90051">
    <ele>833.2600000000001</ele>
   </trkpt>
   <trkpt lat="38.90782" lon="-0.90053">
    <ele>833.2600000000001</ele>
   </trkpt>
   <trkpt lat="38.90735" lon="-0.90053">
    <ele>833.2600000000001</ele>
   </trkpt>
   <trkpt lat="38.90737" lon="-0.90053">
    <ele>833.2400000000001</ele>
   </trkpt>
   <trkpt lat="38.90699" lon="-0.90053">
    <ele>833.2400000000001</ele>
   </trkpt>
   <trkpt lat="38.90684" lon="-0.90046">
    <ele>833.2400000000001</ele>
   </trkpt>
   <trkpt lat="38.90641" lon="-0.90014">
    <ele>836.9900000000001</ele>
   </trkpt>
   <trkpt lat="38.90632" lon="-0.9000900000000001">
    <ele>836.9900000000001</ele>
   </trkpt>
   <trkpt lat="38.90563" lon="-0.9000300000000001">
    <ele>836.9900000000001</ele>
   </trkpt>
   <trkpt lat="38.905240000000006" lon="-0.90002">
    <ele>838.5600000000001</ele>
   </trkpt>
   <trkpt lat="38.905080000000005" lon="-0.9000800000000001">
    <ele>838.5600000000001</ele>
   </trkpt>
   <trkpt lat="38.90502" lon="-0.90012">
    <ele>838.5600000000001</ele>
   </trkpt>
   <trkpt lat="38.90457" lon="-0.90053">
    <ele>840.1400000000001</ele>
   </trkpt>
   <trkpt lat="38.9039325047661" lon="-0.9011400164268322">
    <ele>840.1400000000001</ele>
   </trkpt>
   <trkpt lat="38.90329500635813" lon="-0.9017500218989062">
    <ele>848.16</ele>
   </trkpt>
   <trkpt lat="38.90265750477624" lon="-0.9023600164166137">
    <ele>848.16</ele>
   </trkpt>
   <trkpt lat="38.90202" lon="-0.90297">
    <ele>848.16</ele>
   </trkpt>
   <trkpt lat="38.901900000000005" lon="-0.9031100000000001">
    <ele>847.43</ele>
   </trkpt>
   <trkpt lat="38.901680000000006" lon="-0.9033100000000001">
    <ele>847.43</ele>
   </trkpt>
   <trkpt lat="38.90106667167172" lon="-0.9040766799220237">
    <ele>847.43</ele>
   </trkpt>
   <trkpt lat="38.900453338329825" lon="-0.9048433465991732">
    <ele>847.43</ele>
   </trkpt>
   <trkpt lat="38.899840000000005" lon="-0.90561">
    <ele>847.43</ele>
   </trkpt>
   <trkpt lat="38.89978" lon="-0.90573">
    <ele>847.43</ele>
   </trkpt>
   <trkpt lat="38.89974" lon="-0.9058700000000001">
    <ele>847.43</ele>
   </trkpt>
   <trkpt lat="38.89972" lon="-0.90612">
    <ele>847.43</ele>
   </trkpt>
   <trkpt lat="38.899770000000004" lon="-0.9064300000000001">
    <ele>847.43</ele>
   </trkpt>
   <trkpt lat="38.899770000000004" lon="-0.90656">
    <ele>847.43</ele>
   </trkpt>
   <trkpt lat="38.899730000000005" lon="-0.9066500000000001">
    <ele>847.43</ele>
   </trkpt>
   <trkpt lat="38.899550000000005" lon="-0.90685">
    <ele>847.43</ele>
   </trkpt>
   <trkpt lat="38.89951000000001" lon="-0.9069200000000001">
    <ele>847.43</ele>
   </trkpt>
   <trkpt lat="38.89949" lon="-0.9070400000000001">
    <ele>847.43</ele>
   </trkpt>
   <trkpt lat="38.8995" lon="-0.90719">
    <ele>847.43</ele>
   </trkpt>
   <trkpt lat="38.899550000000005" lon="-0.90741">
    <ele>825.4300000000001</ele>
   </trkpt>
   <trkpt lat="38.899680000000004" lon="-0.90785">
    <ele>825.4300000000001</ele>
   </trkpt>
   <trkpt lat="38.899680000000004" lon="-0.9079200000000001">
    <ele>825.4300000000001</ele>
   </trkpt>
   <trkpt lat="38.89965" lon="-0.90797">
    <ele>825.4300000000001</ele>
   </trkpt>
   <trkpt lat="38.89960000000001" lon="-0.908">
    <ele>825.4300000000001</ele>
   </trkpt>
   <trkpt lat="38.8995" lon="-0.90802">
    <ele>825.4300000000001</ele>
   </trkpt>
   <trkpt lat="38.899190000000004" lon="-0.908">
    <ele>825.4300000000001</ele>
   </trkpt>
   <trkpt lat="38.89885" lon="-0.9079200000000001">
    <ele>825.4300000000001</ele>
   </trkpt>
   <trkpt lat="38.89875" lon="-0.90795">
    <ele>825.4300000000001</ele>
   </trkpt>
   <trkpt lat="38.89857000000001" lon="-0.90807">
    <ele>825.4300000000001</ele>
   </trkpt>
   <trkpt lat="38.898500000000006" lon="-0.90807">
    <ele>825.4300000000001</ele>
   </trkpt>
   <trkpt lat="38.89815" lon="-0.90778">
    <ele>825.4300000000001</ele>
   </trkpt>
   <trkpt lat="38.8979" lon="-0.90768">
    <ele>825.4300000000001</ele>
   </trkpt>
   <trkpt lat="38.89779" lon="-0.90766">
    <ele>825.4300000000001</ele>
   </trkpt>
   <trkpt lat="38.8977" lon="-0.90768">
    <ele>825.4300000000001</ele>
   </trkpt>
   <trkpt lat="38.897580000000005" lon="-0.9078">
    <ele>825.4300000000001</ele>
   </trkpt>
   <trkpt lat="38.89737" lon="-0.9080900000000001">
    <ele>825.4300000000001</ele>
   </trkpt>
   <trkpt lat="38.89700000136912" lon="-0.9086650030593857">
    <ele>825.4300000000001</ele>
   </trkpt>
   <trkpt lat="38.89663" lon="-0.90924">
    <ele>825.4300000000001</ele>
   </trkpt>
   <trkpt lat="38.89654" lon="-0.9092600000000001">
    <ele>825.4300000000001</ele>
   </trkpt>
   <trkpt lat="38.89636" lon="-0.9092100000000001">
    <ele>824.2</ele>
   </trkpt>
   <trkpt lat="38.89625" lon="-0.90919">
    <ele>824.2</ele>
   </trkpt>
   <trkpt lat="38.895970000000005" lon="-0.90919">
    <ele>824.2</ele>
   </trkpt>
   <trkpt lat="38.895920000000004" lon="-0.9091400000000001">
    <ele>824.2</ele>
   </trkpt>
   <trkpt lat="38.8958" lon="-0.90895">
    <ele>824.2</ele>
   </trkpt>
   <trkpt lat="38.8956" lon="-0.90873">
    <ele>824.2</ele>
   </trkpt>
   <trkpt lat="38.895410000000005" lon="-0.9083600000000001">
    <ele>824.2</ele>
   </trkpt>
   <trkpt lat="38.89533" lon="-0.90824">
    <ele>824.2</ele>
   </trkpt>
   <trkpt lat="38.89522" lon="-0.90817">
    <ele>824.2</ele>
   </trkpt>
   <trkpt lat="38.89517" lon="-0.90819">
    <ele>824.2</ele>
   </trkpt>
   <trkpt lat="38.894740000000006" lon="-0.9086500000000001">
    <ele>824.2</ele>
   </trkpt>
   <trkpt lat="38.89468" lon="-0.90868">
    <ele>824.2</ele>
   </trkpt>
   <trkpt lat="38.89437" lon="-0.90868">
    <ele>824.2</ele>
   </trkpt>
   <trkpt lat="38.89353500000748" lon="-0.9087150004113871">
    <ele>824.2</ele>
   </trkpt>
   <trkpt lat="38.892700000000005" lon="-0.9087500000000001">
    <ele>824.2</ele>
   </trkpt>
   <trkpt lat="38.89219500016408" lon="-0.908825000512441">
    <ele>787.6500000000001</ele>
   </trkpt>
   <trkpt lat="38.891690000000004" lon="-0.9089">
    <ele>787.6500000000001</ele>
   </trkpt>
   <trkpt lat="38.89088000003065" lon="-0.908925000284225">
    <ele>787.6500000000001</ele>
   </trkpt>
   <trkpt lat="38.89007" lon="-0.90895">
    <ele>787.6500000000001</ele>
   </trkpt>
   <trkpt lat="38.889860000000006" lon="-0.90905">
    <ele>787.6500000000001</ele>
   </trkpt>
   <trkpt lat="38.88969" lon="-0.9092600000000001">
    <ele>787.6500000000001</ele>
   </trkpt>
   <trkpt lat="38.889610000000005" lon="-0.9093100000000001">
    <ele>787.6500000000001</ele>
   </trkpt>
   <trkpt lat="38.88949" lon="-0.9093600000000001">
    <ele>787.6500000000001</ele>
   </trkpt>
   <trkpt lat="38.889050000000005" lon="-0.9094800000000001">
    <ele>787.6500000000001</ele>
   </trkpt>
   <trkpt lat="38.88889" lon="-0.90956">
    <ele>787.6500000000001</ele>
   </trkpt>
   <trkpt lat="38.888670000000005" lon="-0.90958">
    <ele>787.6500000000001</ele>
   </trkpt>
   <trkpt lat="38.88794" lon="-0.9095300000000001">
    <ele>787.6500000000001</ele>
   </trkpt>
   <trkpt lat="38.887750000000004" lon="-0.9095300000000001">
    <ele>787.9</ele>
   </trkpt>
   <trkpt lat="38.887460000000004" lon="-0.90961">
    <ele>787.9</ele>
   </trkpt>
   <trkpt lat="38.88734" lon="-0.9095900000000001">
    <ele>787.9</ele>
   </trkpt>
   <trkpt lat="38.886970000000005" lon="-0.90946">
    <ele>787.6</ele>
   </trkpt>
   <trkpt lat="38.8863550000467" lon="-0.9093599991349752">
    <ele>787.6</ele>
   </trkpt>
   <trkpt lat="38.885740000000006" lon="-0.9092600000000001">
    <ele>787.6</ele>
   </trkpt>
   <trkpt lat="38.885130000000004" lon="-0.9089">
    <ele>787.6</ele>
   </trkpt>
   <trkpt lat="38.88496000000001" lon="-0.90873">
    <ele>787.6</ele>
   </trkpt>
   <trkpt lat="38.884476673082844" lon="-0.907859988092398">
    <ele>787.6</ele>
   </trkpt>
   <trkpt lat="38.88399333971033" lon="-0.9069899880220644">
    <ele>787.6</ele>
   </trkpt>
   <trkpt lat="38.88351" lon="-0.90612">
    <ele>782.0400000000001</ele>
   </trkpt>
   <trkpt lat="38.88299000000001" lon="-0.90551">
    <ele>782.0400000000001</ele>
   </trkpt>
   <trkpt lat="38.88259" lon="-0.90495">
    <ele>782.0400000000001</ele>
   </trkpt>
   <trkpt lat="38.88195" lon="-0.90434">
    <ele>782.0400000000001</ele>
   </trkpt>
   <trkpt lat="38.88158000000001" lon="-0.90414">
    <ele>782.0400000000001</ele>
   </trkpt>
   <trkpt lat="38.8815" lon="-0.90412">
    <ele>782.0400000000001</ele>
   </trkpt>
   <trkpt lat="38.88139" lon="-0.90414">
    <ele>782.0400000000001</ele>
   </trkpt>
   <trkpt lat="38.88121" lon="-0.9042100000000001">
    <ele>782.0400000000001</ele>
   </trkpt>
   <trkpt lat="38.880533334419816" lon="-0.9045600066443904">
    <ele>782.0400000000001</ele>
   </trkpt>
   <trkpt lat="38.879856667794904" lon="-0.9049100066226967">
    <ele>782.0400000000001</ele>
   </trkpt>
   <trkpt lat="38.879180000000005" lon="-0.9052600000000001">
    <ele>782.0400000000001</ele>
   </trkpt>
   <trkpt lat="38.87863" lon="-0.90539">
    <ele>762.45</ele>
   </trkpt>
   <trkpt lat="38.87806000015361" lon="-0.9053299995332915">
    <ele>762.45</ele>
   </trkpt>
   <trkpt lat="38.87749" lon="-0.90527">
    <ele>762.45</ele>
   </trkpt>
   <trkpt lat="38.877340000000004" lon="-0.90527">
    <ele>762.45</ele>
   </trkpt>
   <trkpt lat="38.87713" lon="-0.90534">
    <ele>762.45</ele>
   </trkpt>
   <trkpt lat="38.876900000000006" lon="-0.9054800000000001">
    <ele>762.45</ele>
   </trkpt>
   <trkpt lat="38.87682" lon="-0.90551">
    <ele>762.45</ele>
   </trkpt>
   <trkpt lat="38.876290000000004" lon="-0.9052500000000001">
    <ele>757.46</ele>
   </trkpt>
   <trkpt lat="38.875890000000005" lon="-0.90517">
    <ele>757.46</ele>
   </trkpt>
   <trkpt lat="38.87579" lon="-0.90512">
    <ele>757.46</ele>
   </trkpt>
   <trkpt lat="38.875690000000006" lon="-0.90497">
    <ele>757.46</ele>
   </trkpt>
   <trkpt lat="38.87557" lon="-0.90475">
    <ele>757.46</ele>
   </trkpt>
   <trkpt lat="38.8755" lon="-0.9045300000000001">
    <ele>757.46</ele>
   </trkpt>
   <trkpt lat="38.87545" lon="-0.90424">
    <ele>757.46</ele>
   </trkpt>
   <trkpt lat="38.875420000000005" lon="-0.90419">
    <ele>757.46</ele>
   </trkpt>
   <trkpt lat="38.87536" lon="-0.90417">
    <ele>757.46</ele>
   </trkpt>
   <trkpt lat="38.87503" lon="-0.9042100000000001">
    <ele>757.46</ele>
   </trkpt>
   <trkpt lat="38.87487" lon="-0.90417">
    <ele>757.46</ele>
   </trkpt>
   <trkpt lat="38.87472" lon="-0.90412">
    <ele>757.46</ele>
   </trkpt>
   <trkpt lat="38.87435" lon="-0.90385">
    <ele>736.59</ele>
   </trkpt>
   <trkpt lat="38.87413" lon="-0.90378">
    <ele>736.59</ele>
   </trkpt>
   <trkpt lat="38.873670000000004" lon="-0.9037000000000001">
    <ele>736.59</ele>
   </trkpt>
   <trkpt lat="38.873520000000006" lon="-0.9036500000000001">
    <ele>736.59</ele>
   </trkpt>
   <trkpt lat="38.87288500063146" lon="-0.9032749966685326">
    <ele>736.59</ele>
   </trkpt>
   <trkpt lat="38.87225" lon="-0.9029">
    <ele>736.59</ele>
   </trkpt>
   <trkpt lat="38.87191" lon="-0.90273">
    <ele>736.6700000000001</ele>
   </trkpt>
   <trkpt lat="38.87149" lon="-0.90258">
    <ele>736.6700000000001</ele>
   </trkpt>
   <trkpt lat="38.870855000341855" lon="-0.9022899974016652">
    <ele>736.6700000000001</ele>
   </trkpt>
   <trkpt lat="38.87022" lon="-0.902">
    <ele>736.6700000000001</ele>
   </trkpt>
   <trkpt lat="38.86988" lon="-0.9018">
    <ele>736.6700000000001</ele>
   </trkpt>
   <trkpt lat="38.869730000000004" lon="-0.90168">
    <ele>736.6700000000001</ele>
   </trkpt>
   <trkpt lat="38.8691650024167" lon="-0.9009199938974355">
    <ele>741.0699999999999</ele>
   </trkpt>
   <trkpt lat="38.8686" lon="-0.9001600000000001">
    <ele>741.0699999999999</ele>
   </trkpt>
   <trkpt lat="38.868370000000006" lon="-0.89995">
    <ele>741.0699999999999</ele>
   </trkpt>
   <trkpt lat="38.86785500045057" lon="-0.8995799972239064">
    <ele>741.0699999999999</ele>
   </trkpt>
   <trkpt lat="38.867340000000006" lon="-0.8992100000000001">
    <ele>741.0699999999999</ele>
   </trkpt>
   <trkpt lat="38.867230000000006" lon="-0.8991600000000001">
    <ele>741.0699999999999</ele>
   </trkpt>
   <trkpt lat="38.866460000000004" lon="-0.8989400000000001">
    <ele>741.0699999999999</ele>
   </trkpt>
   <trkpt lat="38.865990000000004" lon="-0.89875">
    <ele>741.0699999999999</ele>
   </trkpt>
   <trkpt lat="38.865860000000005" lon="-0.89873">
    <ele>741.0699999999999</ele>
   </trkpt>
   <trkpt lat="38.865660000000005" lon="-0.89875">
    <ele>741.0699999999999</ele>
   </trkpt>
   <trkpt lat="38.86556" lon="-0.89878">
    <ele>741.0699999999999</ele>
   </trkpt>
   <trkpt lat="38.86497000000001" lon="-0.89929">
    <ele>741.0699999999999</ele>
   </trkpt>
   <trkpt lat="38.86482" lon="-0.89934">
    <ele>741.0699999999999</ele>
   </trkpt>
   <trkpt lat="38.86466" lon="-0.89936">
    <ele>741.0699999999999</ele>
   </trkpt>
   <trkpt lat="38.86450000000001" lon="-0.89934">
    <ele>741.0699999999999</ele>
   </trkpt>
   <trkpt lat="38.864270000000005" lon="-0.89924">
    <ele>741.0699999999999</ele>
   </trkpt>
   <trkpt lat="38.8639" lon="-0.89902">
    <ele>743.7900000000001</ele>
   </trkpt>
   <trkpt lat="38.86366" lon="-0.89892">
    <ele>743.7900000000001</ele>
   </trkpt>
   <trkpt lat="38.86336" lon="-0.89873">
    <ele>743.7900000000001</ele>
   </trkpt>
   <trkpt lat="38.86296000022899" lon="-0.8984099980336796">
    <ele>743.7900000000001</ele>
   </trkpt>
   <trkpt lat="38.86256" lon="-0.89809">
    <ele>743.7900000000001</ele>
   </trkpt>
   <trkpt lat="38.862500000000004" lon="-0.8979900000000001">
    <ele>743.7900000000001</ele>
   </trkpt>
   <trkpt lat="38.862460000000006" lon="-0.89785">
    <ele>743.7900000000001</ele>
   </trkpt>
   <trkpt lat="38.86243" lon="-0.89731">
    <ele>743.7900000000001</ele>
   </trkpt>
   <trkpt lat="38.862390000000005" lon="-0.89719">
    <ele>743.7900000000001</ele>
   </trkpt>
   <trkpt lat="38.86234" lon="-0.89712">
    <ele>743.7900000000001</ele>
   </trkpt>
   <trkpt lat="38.8622" lon="-0.8969900000000001">
    <ele>743.7900000000001</ele>
   </trkpt>
   <trkpt lat="38.86211" lon="-0.8969400000000001">
    <ele>743.7900000000001</ele>
   </trkpt>
   <trkpt lat="38.86155" lon="-0.89707">
    <ele>743.7900000000001</ele>
   </trkpt>
   <trkpt lat="38.86139" lon="-0.89712">
    <ele>732.2700000000001</ele>
   </trkpt>
   <trkpt lat="38.861270000000005" lon="-0.89712">
    <ele>732.2700000000001</ele>
   </trkpt>
   <trkpt lat="38.861160000000005" lon="-0.89707">
    <ele>732.2700000000001</ele>
   </trkpt>
   <trkpt lat="38.86095" lon="-0.89675">
    <ele>732.2700000000001</ele>
   </trkpt>
   <trkpt lat="38.86077" lon="-0.8967">
    <ele>732.2700000000001</ele>
   </trkpt>
   <trkpt lat="38.860670000000006" lon="-0.89663">
    <ele>732.2700000000001</ele>
   </trkpt>
   <trkpt lat="38.860350000000004" lon="-0.89629">
    <ele>732.2700000000001</ele>
   </trkpt>
   <trkpt lat="38.860130000000005" lon="-0.8959400000000001">
    <ele>732.2700000000001</ele>
   </trkpt>
   <trkpt lat="38.85957667250594" lon="-0.8951133204863075">
    <ele>732.2700000000001</ele>
   </trkpt>
   <trkpt lat="38.85902333918464" lon="-0.8942866538378411">
    <ele>726.53</ele>
   </trkpt>
   <trkpt lat="38.858470000000004" lon="-0.89346">
    <ele>726.53</ele>
   </trkpt>
   <trkpt lat="38.85795500154841" lon="-0.8928499955374117">
    <ele>722.59</ele>
   </trkpt>
   <trkpt lat="38.857440000000004" lon="-0.89224">
    <ele>722.59</ele>
   </trkpt>
   <trkpt lat="38.85699" lon="-0.8915500000000001">
    <ele>722.59</ele>
   </trkpt>
   <trkpt lat="38.856880000000004" lon="-0.89141">
    <ele>722.59</ele>
   </trkpt>
   <trkpt lat="38.856355001300386" lon="-0.8908749961322193">
    <ele>711.9200000000001</ele>
   </trkpt>
   <trkpt lat="38.855830000000005" lon="-0.89034">
    <ele>711.9200000000001</ele>
   </trkpt>
   <trkpt lat="38.85562" lon="-0.89014">
    <ele>711.9200000000001</ele>
   </trkpt>
   <trkpt lat="38.85501500222134" lon="-0.889414993809296">
    <ele>702.0</ele>
   </trkpt>
   <trkpt lat="38.85441" lon="-0.8886900000000001">
    <ele>702.0</ele>
   </trkpt>
   <trkpt lat="38.85409000000001" lon="-0.88826">
    <ele>698.3800000000001</ele>
   </trkpt>
   <trkpt lat="38.85392" lon="-0.8879400000000001">
    <ele>698.3800000000001</ele>
   </trkpt>
   <trkpt lat="38.85387" lon="-0.8877400000000001">
    <ele>698.3800000000001</ele>
   </trkpt>
   <trkpt lat="38.85381000151302" lon="-0.8871449995347264">
    <ele>698.3800000000001</ele>
   </trkpt>
   <trkpt lat="38.853750000000005" lon="-0.8865500000000001">
    <ele>698.3800000000001</ele>
   </trkpt>
   <trkpt lat="38.853550000000006" lon="-0.88546">
    <ele>672.6200000000001</ele>
   </trkpt>
   <trkpt lat="38.85349" lon="-0.88536">
    <ele>672.6200000000001</ele>
   </trkpt>
   <trkpt lat="38.85343" lon="-0.8852800000000001">
    <ele>672.6200000000001</ele>
   </trkpt>
   <trkpt lat="38.852810000000005" lon="-0.88497">
    <ele>672.6200000000001</ele>
   </trkpt>
   <trkpt lat="38.85237" lon="-0.88475">
    <ele>672.74</ele>
   </trkpt>
   <trkpt lat="38.85226" lon="-0.88465">
    <ele>672.74</ele>
   </trkpt>
   <trkpt lat="38.85219" lon="-0.8845500000000001">
    <ele>672.74</ele>
   </trkpt>
   <trkpt lat="38.85175500301787" lon="-0.8837249951750742">
    <ele>672.74</ele>
   </trkpt>
   <trkpt lat="38.85132" lon="-0.8829">
    <ele>643.66</ele>
   </trkpt>
   <trkpt lat="38.851240000000004" lon="-0.8828">
    <ele>643.66</ele>
   </trkpt>
   <trkpt lat="38.85114" lon="-0.88275">
    <ele>643.66</ele>
   </trkpt>
   <trkpt lat="38.8509" lon="-0.8827200000000001">
    <ele>643.66</ele>
   </trkpt>
   <trkpt lat="38.85063" lon="-0.8825900000000001">
    <ele>643.66</ele>
   </trkpt>
   <trkpt lat="38.849940000922814" lon="-0.8821449957342212">
    <ele>630.66</ele>
   </trkpt>
   <trkpt lat="38.849250000000005" lon="-0.8817">
    <ele>630.66</ele>
   </trkpt>
   <trkpt lat="38.848670000000006" lon="-0.88102">
    <ele>630.66</ele>
   </trkpt>
   <trkpt lat="38.84834500178671" lon="-0.8803599968419666">
    <ele>630.66</ele>
   </trkpt>
   <trkpt lat="38.848020000000005" lon="-0.8797">
    <ele>581.11</ele>
   </trkpt>
   <trkpt lat="38.84796" lon="-0.8796200000000001">
    <ele>581.11</ele>
   </trkpt>
   <trkpt lat="38.84780000000001" lon="-0.87953">
    <ele>581.11</ele>
   </trkpt>
   <trkpt lat="38.84756" lon="-0.87948">
    <ele>581.11</ele>
   </trkpt>
   <trkpt lat="38.847500000000004" lon="-0.8794500000000001">
    <ele>581.11</ele>
   </trkpt>
   <trkpt lat="38.847460000000005" lon="-0.8794000000000001">
    <ele>581.11</ele>
   </trkpt>
   <trkpt lat="38.84743" lon="-0.8792800000000001">
    <ele>581.11</ele>
   </trkpt>
   <trkpt lat="38.84745" lon="-0.8788400000000001">
    <ele>581.11</ele>
   </trkpt>
   <trkpt lat="38.8476" lon="-0.87843">
    <ele>581.11</ele>
   </trkpt>
   <trkpt lat="38.847620000000006" lon="-0.8782300000000001">
    <ele>581.11</ele>
   </trkpt>
   <trkpt lat="38.84761" lon="-0.8780600000000001">
    <ele>581.11</ele>
   </trkpt>
   <trkpt lat="38.847530000000006" lon="-0.8778">
    <ele>581.11</ele>
   </trkpt>
   <trkpt lat="38.847170000000006" lon="-0.8771100000000001">
    <ele>571.07</ele>
   </trkpt>
   <trkpt lat="38.847120000000004" lon="-0.8770600000000001">
    <ele>571.07</ele>
   </trkpt>
   <trkpt lat="38.84687" lon="-0.8770100000000001">
    <ele>571.07</ele>
   </trkpt>
   <trkpt lat="38.846540000000005" lon="-0.8767900000000001">
    <ele>571.07</ele>
   </trkpt>
   <trkpt lat="38.846410000000006" lon="-0.87675">
    <ele>571.07</ele>
   </trkpt>
   <trkpt lat="38.84608" lon="-0.87665">
    <ele>571.07</ele>
   </trkpt>
   <trkpt lat="38.845490000000005" lon="-0.8766700000000001">
    <ele>548.46</ele>
   </trkpt>
   <trkpt lat="38.84499999988976" lon="-0.8764999987481983">
    <ele>548.46</ele>
   </trkpt>
   <trkpt lat="38.84451" lon="-0.87633">
    <ele>548.46</ele>
   </trkpt>
   <trkpt lat="38.84407000022916" lon="-0.8760149979132282">
    <ele>548.46</ele>
   </trkpt>
   <trkpt lat="38.843630000000005" lon="-0.8757">
    <ele>548.46</ele>
   </trkpt>
   <trkpt lat="38.843520000000005" lon="-0.8756700000000001">
    <ele>548.46</ele>
   </trkpt>
   <trkpt lat="38.84333" lon="-0.8756700000000001">
    <ele>548.46</ele>
   </trkpt>
   <trkpt lat="38.84326" lon="-0.87572">
    <ele>548.46</ele>
   </trkpt>
   <trkpt lat="38.84306" lon="-0.87636">
    <ele>537.37</ele>
   </trkpt>
   <trkpt lat="38.84308" lon="-0.8765000000000001">
    <ele>537.37</ele>
   </trkpt>
   <trkpt lat="38.84319" lon="-0.8766700000000001">
    <ele>537.37</ele>
   </trkpt>
   <trkpt lat="38.843210000000006" lon="-0.87675">
    <ele>537.37</ele>
   </trkpt>
   <trkpt lat="38.8432" lon="-0.8768400000000001">
    <ele>537.37</ele>
   </trkpt>
   <trkpt lat="38.843160000000005" lon="-0.87692">
    <ele>537.37</ele>
   </trkpt>
   <trkpt lat="38.84301000000001" lon="-0.87699">
    <ele>537.37</ele>
   </trkpt>
   <trkpt lat="38.84288" lon="-0.8770100000000001">
    <ele>537.37</ele>
   </trkpt>
   <trkpt lat="38.84273" lon="-0.87694">
    <ele>537.37</ele>
   </trkpt>
   <trkpt lat="38.84266" lon="-0.8768400000000001">
    <ele>537.37</ele>
   </trkpt>
   <trkpt lat="38.842380000000006" lon="-0.8762300000000001">
    <ele>537.37</ele>
   </trkpt>
   <trkpt lat="38.841640000000005" lon="-0.87577">
    <ele>526.36</ele>
   </trkpt>
   <trkpt lat="38.84152" lon="-0.87575">
    <ele>526.36</ele>
   </trkpt>
   <trkpt lat="38.841390000000004" lon="-0.87575">
    <ele>526.36</ele>
   </trkpt>
   <trkpt lat="38.84134" lon="-0.8758900000000001">
    <ele>526.36</ele>
   </trkpt>
   <trkpt lat="38.841330000000006" lon="-0.87636">
    <ele>516.5600000000001</ele>
   </trkpt>
   <trkpt lat="38.84131" lon="-0.87648">
    <ele>516.5600000000001</ele>
   </trkpt>
   <trkpt lat="38.841260000000005" lon="-0.8765700000000001">
    <ele>516.5600000000001</ele>
   </trkpt>
   <trkpt lat="38.84103" lon="-0.8767">
    <ele>516.5600000000001</ele>
   </trkpt>
   <trkpt lat="38.840920000000004" lon="-0.8767">
    <ele>516.5600000000001</ele>
   </trkpt>
   <trkpt lat="38.84073" lon="-0.8766">
    <ele>514.0</ele>
   </trkpt>
   <trkpt lat="38.8404" lon="-0.8762800000000001">
    <ele>514.0</ele>
   </trkpt>
   <trkpt lat="38.84015" lon="-0.87597">
    <ele>514.0</ele>
   </trkpt>
   <trkpt lat="38.840030000000006" lon="-0.87587">
    <ele>514.0</ele>
   </trkpt>
   <trkpt lat="38.83972" lon="-0.8756700000000001">
    <ele>514.0</ele>
   </trkpt>
   <trkpt lat="38.839380000000006" lon="-0.8755700000000001">
    <ele>514.0</ele>
   </trkpt>
   <trkpt lat="38.838715000069406" lon="-0.8754599989750275">
    <ele>489.08</ele>
   </trkpt>
   <trkpt lat="38.83805" lon="-0.8753500000000001">
    <ele>489.08</ele>
   </trkpt>
   <trkpt lat="38.837320000000005" lon="-0.8750500000000001">
    <ele>489.08</ele>
   </trkpt>
   <trkpt lat="38.837030000000006" lon="-0.8749600000000001">
    <ele>489.08</ele>
   </trkpt>
   <trkpt lat="38.836330000000004" lon="-0.8748800000000001">
    <ele>483.24000000000007</ele>
   </trkpt>
   <trkpt lat="38.835550000000005" lon="-0.87482">
    <ele>480.1</ele>
   </trkpt>
   <trkpt lat="38.83532" lon="-0.8750600000000001">
    <ele>480.1</ele>
   </trkpt>
   <trkpt lat="38.83484" lon="-0.87585">
    <ele>477.11</ele>
   </trkpt>
   <trkpt lat="38.834740000000004" lon="-0.87599">
    <ele>477.11</ele>
   </trkpt>
   <trkpt lat="38.834610000000005" lon="-0.87611">
    <ele>477.11</ele>
   </trkpt>
   <trkpt lat="38.8344" lon="-0.8762300000000001">
    <ele>477.11</ele>
   </trkpt>
   <trkpt lat="38.8342" lon="-0.8762300000000001">
    <ele>475.79</ele>
   </trkpt>
   <trkpt lat="38.83408" lon="-0.87626">
    <ele>474.54</ele>
   </trkpt>
   <trkpt lat="38.833940000000005" lon="-0.8763400000000001">
    <ele>474.54</ele>
   </trkpt>
   <trkpt lat="38.83386" lon="-0.87643">
    <ele>473.48</ele>
   </trkpt>
   <trkpt lat="38.833780000000004" lon="-0.8764400000000001">
    <ele>473.48</ele>
   </trkpt>
   <trkpt lat="38.833690000000004" lon="-0.8764200000000001">
    <ele>473.19000000000005</ele>
   </trkpt>
   <trkpt lat="38.833600000000004" lon="-0.87643">
    <ele>473.19000000000005</ele>
   </trkpt>
   <trkpt lat="38.833510000000004" lon="-0.87648">
    <ele>472.6</ele>
   </trkpt>
   <trkpt lat="38.83341" lon="-0.87655">
    <ele>472.6</ele>
   </trkpt>
   <trkpt lat="38.83308" lon="-0.87697">
    <ele>472.6</ele>
   </trkpt>
   <trkpt lat="38.83267" lon="-0.87738">
    <ele>465.17</ele>
   </trkpt>
   <trkpt lat="38.83247" lon="-0.87748">
    <ele>465.17</ele>
   </trkpt>
   <trkpt lat="38.83232" lon="-0.87748">
    <ele>465.17</ele>
   </trkpt>
   <trkpt lat="38.832170000000005" lon="-0.8774400000000001">
    <ele>465.17</ele>
   </trkpt>
   <trkpt lat="38.831610000000005" lon="-0.8771100000000001">
    <ele>464.65000000000003</ele>
   </trkpt>
   <trkpt lat="38.831500000000005" lon="-0.87692">
    <ele>464.65000000000003</ele>
   </trkpt>
   <trkpt lat="38.83147" lon="-0.87675">
    <ele>461.5</ele>
   </trkpt>
   <trkpt lat="38.831480000000006" lon="-0.8762500000000001">
    <ele>461.5</ele>
   </trkpt>
   <trkpt lat="38.8314" lon="-0.8759600000000001">
    <ele>460.32000000000005</ele>
   </trkpt>
   <trkpt lat="38.83113" lon="-0.8756100000000001">
    <ele>459.32000000000005</ele>
   </trkpt>
   <trkpt lat="38.83097" lon="-0.87553">
    <ele>459.32000000000005</ele>
   </trkpt>
   <trkpt lat="38.830285000227555" lon="-0.8752299970447793">
    <ele>458.20000000000005</ele>
   </trkpt>
   <trkpt lat="38.829600000000006" lon="-0.8749300000000001">
    <ele>458.20000000000005</ele>
   </trkpt>
   <trkpt lat="38.82875000000001" lon="-0.87458">
    <ele>458.20000000000005</ele>
   </trkpt>
   <trkpt lat="38.8279575010454" lon="-0.8742974905745051">
    <ele>458.20000000000005</ele>
   </trkpt>
   <trkpt lat="38.82716500141039" lon="-0.8740149874387902">
    <ele>451.96000000000004</ele>
   </trkpt>
   <trkpt lat="38.82637250109507" lon="-0.8737324905925427">
    <ele>451.96000000000004</ele>
   </trkpt>
   <trkpt lat="38.82558" lon="-0.8734500000000001">
    <ele>451.96000000000004</ele>
   </trkpt>
   <trkpt lat="38.82483333384898" lon="-0.8732066615665033">
    <ele>451.13</ele>
   </trkpt>
   <trkpt lat="38.82408666719318" lon="-0.8729633282367961">
    <ele>451.13</ele>
   </trkpt>
   <trkpt lat="38.82334" lon="-0.87272">
    <ele>455.44</ele>
   </trkpt>
   <trkpt lat="38.82302" lon="-0.8725">
    <ele>455.44</ele>
   </trkpt>
   <trkpt lat="38.82267" lon="-0.87221">
    <ele>455.44</ele>
   </trkpt>
   <trkpt lat="38.82245" lon="-0.87209">
    <ele>455.44</ele>
   </trkpt>
   <trkpt lat="38.822280000000006" lon="-0.87209">
    <ele>455.44</ele>
   </trkpt>
   <trkpt lat="38.82208" lon="-0.8721500000000001">
    <ele>455.44</ele>
   </trkpt>
   <trkpt lat="38.821870000000004" lon="-0.87231">
    <ele>455.44</ele>
   </trkpt>
   <trkpt lat="38.82127750340341" lon="-0.8728250128449949">
    <ele>455.44</ele>
   </trkpt>
   <trkpt lat="38.82068500454585" lon="-0.8733400171194942">
    <ele>458.07000000000005</ele>
   </trkpt>
   <trkpt lat="38.8200925034274" lon="-0.8738550128237892">
    <ele>458.07000000000005</ele>
   </trkpt>
   <trkpt lat="38.819500000000005" lon="-0.8743700000000001">
    <ele>458.07000000000005</ele>
   </trkpt>
   <trkpt lat="38.81882625952135" lon="-0.8749350374194004">
    <ele>458.07000000000005</ele>
   </trkpt>
   <trkpt lat="38.81815251632124" lon="-0.87550006414743">
    <ele>460.90000000000003</ele>
   </trkpt>
   <trkpt lat="38.81747877039975" lon="-0.8760650801845058">
    <ele>460.90000000000003</ele>
   </trkpt>
   <trkpt lat="38.81680502175702" lon="-0.8766300855310442">
    <ele>460.90000000000003</ele>
   </trkpt>
   <trkpt lat="38.81613127039316" lon="-0.8771950801874614">
    <ele>460.90000000000003</ele>
   </trkpt>
   <trkpt lat="38.815457516308285" lon="-0.8777600641541743">
    <ele>468.44</ele>
   </trkpt>
   <trkpt lat="38.81478375950253" lon="-0.8783250374315991">
    <ele>468.44</ele>
   </trkpt>
   <trkpt lat="38.81411000000001" lon="-0.8788900000000001">
    <ele>468.44</ele>
   </trkpt>
   <trkpt lat="38.813750000000006" lon="-0.8791800000000001">
    <ele>468.44</ele>
   </trkpt>
   <trkpt lat="38.81322" lon="-0.87958">
    <ele>468.44</ele>
   </trkpt>
   <trkpt lat="38.812830000000005" lon="-0.8797900000000001">
    <ele>482.27000000000004</ele>
   </trkpt>
   <trkpt lat="38.8124050005111" lon="-0.8801200019325048">
    <ele>482.27000000000004</ele>
   </trkpt>
   <trkpt lat="38.811980000000005" lon="-0.8804500000000001">
    <ele>482.27000000000004</ele>
   </trkpt>
   <trkpt lat="38.811510000000006" lon="-0.8807100000000001">
    <ele>482.27000000000004</ele>
   </trkpt>
   <trkpt lat="38.81141" lon="-0.88075">
    <ele>482.27000000000004</ele>
   </trkpt>
   <trkpt lat="38.81087000010635" lon="-0.8808800009772245">
    <ele>482.27000000000004</ele>
   </trkpt>
   <trkpt lat="38.81033" lon="-0.8810100000000001">
    <ele>491.65000000000003</ele>
   </trkpt>
   <trkpt lat="38.810050000000004" lon="-0.88114">
    <ele>491.65000000000003</ele>
   </trkpt>
   <trkpt lat="38.809470000000005" lon="-0.88136">
    <ele>500.24</ele>
   </trkpt>
   <trkpt lat="38.80944" lon="-0.8813300000000001">
    <ele>500.24</ele>
   </trkpt>
   <trkpt lat="38.80935" lon="-0.88109">
    <ele>500.24</ele>
   </trkpt>
   <trkpt lat="38.809290000000004" lon="-0.8810600000000001">
    <ele>500.24</ele>
   </trkpt>
   <trkpt lat="38.80928" lon="-0.88077">
    <ele>500.24</ele>
   </trkpt>
   <trkpt lat="38.80935" lon="-0.8796700000000001">
    <ele>502.46</ele>
   </trkpt>
   <trkpt lat="38.80937" lon="-0.8791800000000001">
    <ele>502.46</ele>
   </trkpt>
   <trkpt lat="38.809360000000005" lon="-0.87887">
    <ele>502.46</ele>
   </trkpt>
   <trkpt lat="38.809290000000004" lon="-0.87858">
    <ele>502.46</ele>
   </trkpt>
   <trkpt lat="38.80917" lon="-0.87826">
    <ele>509.6</ele>
   </trkpt>
   <trkpt lat="38.80908" lon="-0.87809">
    <ele>509.6</ele>
   </trkpt>
   <trkpt lat="38.809000000000005" lon="-0.87799">
    <ele>509.6</ele>
   </trkpt>
   <trkpt lat="38.80881" lon="-0.87782">
    <ele>509.6</ele>
   </trkpt>
   <trkpt lat="38.80863" lon="-0.87775">
    <ele>509.6</ele>
   </trkpt>
   <trkpt lat="38.808420000000005" lon="-0.8777300000000001">
    <ele>509.6</ele>
   </trkpt>
   <trkpt lat="38.807550000000006" lon="-0.87777">
    <ele>530.5300000000001</ele>
   </trkpt>
   <trkpt lat="38.807300000000005" lon="-0.87777">
    <ele>530.5300000000001</ele>
   </trkpt>
   <trkpt lat="38.807140000000004" lon="-0.8776700000000001">
    <ele>530.5300000000001</ele>
   </trkpt>
   <trkpt lat="38.80707" lon="-0.8775700000000001">
    <ele>530.5300000000001</ele>
   </trkpt>
   <trkpt lat="38.806990000000006" lon="-0.87724">
    <ele>530.5300000000001</ele>
   </trkpt>
   <trkpt lat="38.806960000000004" lon="-0.87675">
    <ele>530.5300000000001</ele>
   </trkpt>
   <trkpt lat="38.80693" lon="-0.8766200000000001">
    <ele>530.5300000000001</ele>
   </trkpt>
   <trkpt lat="38.80682" lon="-0.87638">
    <ele>530.5300000000001</ele>
   </trkpt>
   <trkpt lat="38.806740000000005" lon="-0.8762800000000001">
    <ele>530.5300000000001</ele>
   </trkpt>
   <trkpt lat="38.80664" lon="-0.87619">
    <ele>537.47</ele>
   </trkpt>
   <trkpt lat="38.80641" lon="-0.87609">
    <ele>537.47</ele>
   </trkpt>
   <trkpt lat="38.80622" lon="-0.87604">
    <ele>537.47</ele>
   </trkpt>
   <trkpt lat="38.806000000000004" lon="-0.8760600000000001">
    <ele>537.47</ele>
   </trkpt>
   <trkpt lat="38.80575" lon="-0.8762200000000001">
    <ele>537.47</ele>
   </trkpt>
   <trkpt lat="38.805730000000004" lon="-0.87624">
    <ele>537.5000000000001</ele>
   </trkpt>
   <trkpt lat="38.805510000000005" lon="-0.8763900000000001">
    <ele>538.4100000000001</ele>
   </trkpt>
   <trkpt lat="38.80516" lon="-0.87672">
    <ele>538.4100000000001</ele>
   </trkpt>
   <trkpt lat="38.805060000000005" lon="-0.8768400000000001">
    <ele>538.4100000000001</ele>
   </trkpt>
   <trkpt lat="38.80482000000001" lon="-0.87721">
    <ele>548.3100000000001</ele>
   </trkpt>
   <trkpt lat="38.804730000000006" lon="-0.87743">
    <ele>548.3100000000001</ele>
   </trkpt>
   <trkpt lat="38.804590000000005" lon="-0.87785">
    <ele>548.3100000000001</ele>
   </trkpt>
   <trkpt lat="38.80453" lon="-0.87794">
    <ele>548.3100000000001</ele>
   </trkpt>
   <trkpt lat="38.80445" lon="-0.87802">
    <ele>548.3100000000001</ele>
   </trkpt>
   <trkpt lat="38.80435000000001" lon="-0.87807">
    <ele>548.3100000000001</ele>
   </trkpt>
   <trkpt lat="38.80425" lon="-0.87809">
    <ele>548.3100000000001</ele>
   </trkpt>
   <trkpt lat="38.80415" lon="-0.87809">
    <ele>548.3100000000001</ele>
   </trkpt>
   <trkpt lat="38.80404" lon="-0.87804">
    <ele>548.3100000000001</ele>
   </trkpt>
   <trkpt lat="38.803960000000004" lon="-0.87797">
    <ele>548.3100000000001</ele>
   </trkpt>
   <trkpt lat="38.80387" lon="-0.87787">
    <ele>548.3100000000001</ele>
   </trkpt>
   <trkpt lat="38.80378" lon="-0.8777">
    <ele>548.3100000000001</ele>
   </trkpt>
   <trkpt lat="38.80355" lon="-0.8771800000000001">
    <ele>556.8000000000001</ele>
   </trkpt>
   <trkpt lat="38.80328" lon="-0.87672">
    <ele>556.8000000000001</ele>
   </trkpt>
   <trkpt lat="38.80315" lon="-0.8765900000000001">
    <ele>556.8000000000001</ele>
   </trkpt>
   <trkpt lat="38.803050000000006" lon="-0.87655">
    <ele>556.8000000000001</ele>
   </trkpt>
   <trkpt lat="38.80294000000001" lon="-0.87655">
    <ele>556.8000000000001</ele>
   </trkpt>
   <trkpt lat="38.80285000000001" lon="-0.87658">
    <ele>556.8000000000001</ele>
   </trkpt>
   <trkpt lat="38.80265" lon="-0.8767900000000001">
    <ele>556.8000000000001</ele>
   </trkpt>
   <trkpt lat="38.80216" lon="-0.8776">
    <ele>561.95</ele>
   </trkpt>
   <trkpt lat="38.80171" lon="-0.87814">
    <ele>564.2600000000001</ele>
   </trkpt>
   <trkpt lat="38.80125" lon="-0.8785900000000001">
    <ele>567.71</ele>
   </trkpt>
   <trkpt lat="38.801080000000006" lon="-0.8787200000000001">
    <ele>567.71</ele>
   </trkpt>
   <trkpt lat="38.800760000000004" lon="-0.8790600000000001">
    <ele>569.44</ele>
   </trkpt>
   <trkpt lat="38.80068" lon="-0.8791100000000001">
    <ele>569.44</ele>
   </trkpt>
   <trkpt lat="38.80057" lon="-0.87909">
    <ele>569.07</ele>
   </trkpt>
   <trkpt lat="38.800520000000006" lon="-0.8790500000000001">
    <ele>569.07</ele>
   </trkpt>
   <trkpt lat="38.80015" lon="-0.87875">
    <ele>565.8700000000001</ele>
   </trkpt>
   <trkpt lat="38.79961" lon="-0.8783900000000001">
    <ele>562.64</ele>
   </trkpt>
   <trkpt lat="38.79928" lon="-0.87819">
    <ele>562.64</ele>
   </trkpt>
   <trkpt lat="38.799020000000006" lon="-0.87814">
    <ele>562.64</ele>
   </trkpt>
   <trkpt lat="38.79881" lon="-0.8781100000000001">
    <ele>562.64</ele>
   </trkpt>
   <trkpt lat="38.7986" lon="-0.87816">
    <ele>562.64</ele>
   </trkpt>
   <trkpt lat="38.79782500042746" lon="-0.8784900036042028">
    <ele>577.77</ele>
   </trkpt>
   <trkpt lat="38.797050000000006" lon="-0.87882">
    <ele>577.77</ele>
   </trkpt>
   <trkpt lat="38.79693" lon="-0.8788400000000001">
    <ele>577.77</ele>
   </trkpt>
   <trkpt lat="38.796780000000005" lon="-0.8788400000000001">
    <ele>577.77</ele>
   </trkpt>
   <trkpt lat="38.79672" lon="-0.87882">
    <ele>577.77</ele>
   </trkpt>
   <trkpt lat="38.79656000000001" lon="-0.8787200000000001">
    <ele>577.77</ele>
   </trkpt>
   <trkpt lat="38.79646" lon="-0.87858">
    <ele>577.77</ele>
   </trkpt>
   <trkpt lat="38.79608000278678" lon="-0.8777749957615302">
    <ele>586.62</ele>
   </trkpt>
   <trkpt lat="38.795700000000004" lon="-0.87697">
    <ele>586.62</ele>
   </trkpt>
   <trkpt lat="38.79561" lon="-0.8767">
    <ele>586.62</ele>
   </trkpt>
   <trkpt lat="38.795370000000005" lon="-0.8758400000000001">
    <ele>586.62</ele>
   </trkpt>
   <trkpt lat="38.79533" lon="-0.8756">
    <ele>586.62</ele>
   </trkpt>
   <trkpt lat="38.79533" lon="-0.8753500000000001">
    <ele>586.62</ele>
   </trkpt>
   <trkpt lat="38.795410000000004" lon="-0.87455">
    <ele>586.62</ele>
   </trkpt>
   <trkpt lat="38.79538" lon="-0.87438">
    <ele>597.26</ele>
   </trkpt>
   <trkpt lat="38.79533" lon="-0.8742800000000001">
    <ele>597.26</ele>
   </trkpt>
   <trkpt lat="38.795170000000006" lon="-0.87409">
    <ele>597.26</ele>
   </trkpt>
   <trkpt lat="38.794970000000006" lon="-0.87392">
    <ele>597.26</ele>
   </trkpt>
   <trkpt lat="38.794830000000005" lon="-0.87387">
    <ele>597.26</ele>
   </trkpt>
   <trkpt lat="38.793960000000006" lon="-0.87399">
    <ele>597.26</ele>
   </trkpt>
   <trkpt lat="38.79379" lon="-0.87397">
    <ele>597.2400000000001</ele>
   </trkpt>
   <trkpt lat="38.793620000000004" lon="-0.8738900000000001">
    <ele>597.2400000000001</ele>
   </trkpt>
   <trkpt lat="38.79312500605939" lon="-0.8731999855872141">
    <ele>598.1700000000001</ele>
   </trkpt>
   <trkpt lat="38.79263000806105" lon="-0.8725099807579393">
    <ele>598.1700000000001</ele>
   </trkpt>
   <trkpt lat="38.79213500600511" lon="-0.8718199855119516">
    <ele>598.1700000000001</ele>
   </trkpt>
   <trkpt lat="38.79164" lon="-0.8711300000000001">
    <ele>598.1700000000001</ele>
   </trkpt>
   <trkpt lat="38.791430000000005" lon="-0.87092">
    <ele>610.1700000000001</ele>
   </trkpt>
   <trkpt lat="38.79126" lon="-0.87077">
    <ele>610.1700000000001</ele>
   </trkpt>
   <trkpt lat="38.790620001789286" lon="-0.8703924898133691">
    <ele>610.1700000000001</ele>
   </trkpt>
   <trkpt lat="38.789980002364025" lon="-0.8700149864052276">
    <ele>610.1700000000001</ele>
   </trkpt>
   <trkpt lat="38.78934000172426" lon="-0.8696374897753113">
    <ele>610.1700000000001</ele>
   </trkpt>
   <trkpt lat="38.788700000000006" lon="-0.86926">
    <ele>610.1700000000001</ele>
   </trkpt>
   <trkpt lat="38.78853" lon="-0.86906">
    <ele>610.1700000000001</ele>
   </trkpt>
   <trkpt lat="38.788036671443585" lon="-0.8683099895945326">
    <ele>610.1700000000001</ele>
   </trkpt>
   <trkpt lat="38.7875433380933" lon="-0.8675599895689258">
    <ele>618.68</ele>
   </trkpt>
   <trkpt lat="38.78705" lon="-0.8668100000000001">
    <ele>618.68</ele>
   </trkpt>
   <trkpt lat="38.78692" lon="-0.8665700000000001">
    <ele>619.5200000000001</ele>
   </trkpt>
   <trkpt lat="38.78681" lon="-0.8663400000000001">
    <ele>619.5200000000001</ele>
   </trkpt>
   <trkpt lat="38.786730000000006" lon="-0.8660800000000001">
    <ele>619.5200000000001</ele>
   </trkpt>
   <trkpt lat="38.78665" lon="-0.86572">
    <ele>619.5200000000001</ele>
   </trkpt>
   <trkpt lat="38.78649801718065" lon="-0.8647159914356195">
    <ele>619.5200000000001</ele>
   </trkpt>
   <trkpt lat="38.78634602577069" lon="-0.8637119871518746">
    <ele>619.5200000000001</ele>
   </trkpt>
   <trkpt lat="38.78619402577019" lon="-0.8627079871489653">
    <ele>629.19</ele>
   </trkpt>
   <trkpt lat="38.78604201717925" lon="-0.8617039914270925">
    <ele>629.19</ele>
   </trkpt>
   <trkpt lat="38.78589" lon="-0.8607">
    <ele>629.19</ele>
   </trkpt>
   <trkpt lat="38.78576500298406" lon="-0.8598649986237412">
    <ele>629.1800000000001</ele>
   </trkpt>
   <trkpt lat="38.78564" lon="-0.8590300000000001">
    <ele>629.1800000000001</ele>
   </trkpt>
   <trkpt lat="38.78551" lon="-0.8586">
    <ele>629.1800000000001</ele>
   </trkpt>
   <trkpt lat="38.78515334055718" lon="-0.857679990823325">
    <ele>638.46</ele>
   </trkpt>
   <trkpt lat="38.784796673901184" lon="-0.8567599908509805">
    <ele>638.46</ele>
   </trkpt>
   <trkpt lat="38.784440000000004" lon="-0.85584">
    <ele>638.46</ele>
   </trkpt>
   <trkpt lat="38.78435" lon="-0.8555800000000001">
    <ele>638.46</ele>
   </trkpt>
   <trkpt lat="38.78432" lon="-0.85538">
    <ele>638.46</ele>
   </trkpt>
   <trkpt lat="38.78435" lon="-0.85523">
    <ele>638.46</ele>
   </trkpt>
   <trkpt lat="38.784560000000006" lon="-0.85465">
    <ele>638.46</ele>
   </trkpt>
   <trkpt lat="38.78461" lon="-0.8544700000000001">
    <ele>638.46</ele>
   </trkpt>
   <trkpt lat="38.784600000000005" lon="-0.8543000000000001">
    <ele>638.46</ele>
   </trkpt>
   <trkpt lat="38.78452" lon="-0.85406">
    <ele>646.49</ele>
   </trkpt>
   <trkpt lat="38.78421000153759" lon="-0.8534499972535675">
    <ele>646.49</ele>
   </trkpt>
   <trkpt lat="38.7839" lon="-0.85284">
    <ele>646.49</ele>
   </trkpt>
   <trkpt lat="38.78383" lon="-0.85272">
    <ele>646.49</ele>
   </trkpt>
   <trkpt lat="38.783710000000006" lon="-0.85257">
    <ele>646.49</ele>
   </trkpt>
   <trkpt lat="38.783550000000005" lon="-0.8524700000000001">
    <ele>646.49</ele>
   </trkpt>
   <trkpt lat="38.78282000026748" lon="-0.8522249974956994">
    <ele>646.4200000000001</ele>
   </trkpt>
   <trkpt lat="38.782090000000004" lon="-0.8519800000000001">
    <ele>646.4200000000001</ele>
   </trkpt>
   <trkpt lat="38.78134" lon="-0.85174">
    <ele>646.4200000000001</ele>
   </trkpt>
   <trkpt lat="38.78116" lon="-0.8516400000000001">
    <ele>646.4200000000001</ele>
   </trkpt>
   <trkpt lat="38.78105" lon="-0.85155">
    <ele>646.4200000000001</ele>
   </trkpt>
   <trkpt lat="38.78096" lon="-0.85135">
    <ele>646.4200000000001</ele>
   </trkpt>
   <trkpt lat="38.78062559002155" lon="-0.8503444067135257">
    <ele>631.7900000000001</ele>
   </trkpt>
   <trkpt lat="38.78029117142581" lon="-0.8493388228585123">
    <ele>631.7900000000001</ele>
   </trkpt>
   <trkpt lat="38.7799567442129" lon="-0.8483332484350014">
    <ele>631.7900000000001</ele>
   </trkpt>
   <trkpt lat="38.77962230838307" lon="-0.8473276834430348">
    <ele>631.7900000000001</ele>
   </trkpt>
   <trkpt lat="38.779287863936446" lon="-0.8463221278826547">
    <ele>631.7900000000001</ele>
   </trkpt>
   <trkpt lat="38.77895341087324" lon="-0.8453165817539025">
    <ele>622.32</ele>
   </trkpt>
   <trkpt lat="38.77861894919364" lon="-0.8443110450568201">
    <ele>622.32</ele>
   </trkpt>
   <trkpt lat="38.77828447889783" lon="-0.8433055177914495">
    <ele>622.32</ele>
   </trkpt>
   <trkpt lat="38.777950000000004" lon="-0.8423">
    <ele>622.32</ele>
   </trkpt>
   <trkpt lat="38.77788" lon="-0.84191">
    <ele>622.32</ele>
   </trkpt>
   <trkpt lat="38.777775002937226" lon="-0.8410799987934906">
    <ele>622.32</ele>
   </trkpt>
   <trkpt lat="38.77767" lon="-0.84025">
    <ele>622.32</ele>
   </trkpt>
   <trkpt lat="38.77763" lon="-0.83974">
    <ele>622.32</ele>
   </trkpt>
   <trkpt lat="38.777625003114835" lon="-0.838884999954757">
    <ele>622.32</ele>
   </trkpt>
   <trkpt lat="38.777620000000006" lon="-0.83803">
    <ele>621.47</ele>
   </trkpt>
   <trkpt lat="38.7776" lon="-0.8374">
    <ele>621.47</ele>
   </trkpt>
   <trkpt lat="38.77752501682782" lon="-0.8362524963264136">
    <ele>621.47</ele>
   </trkpt>
   <trkpt lat="38.77745002243472" lon="-0.835104995065929">
    <ele>621.47</ele>
   </trkpt>
   <trkpt lat="38.77737501682076" lon="-0.8339574962188956">
    <ele>621.47</ele>
   </trkpt>
   <trkpt lat="38.777300000000004" lon="-0.83281">
    <ele>621.47</ele>
   </trkpt>
   <trkpt lat="38.777300000000004" lon="-0.83242">
    <ele>616.0300000000001</ele>
   </trkpt>
   <trkpt lat="38.777335001803955" lon="-0.8317700002489138">
    <ele>616.0300000000001</ele>
   </trkpt>
   <trkpt lat="38.777370000000005" lon="-0.8311200000000001">
    <ele>614.92</ele>
   </trkpt>
   <trkpt lat="38.77741" lon="-0.83108">
    <ele>614.92</ele>
   </trkpt>
   <trkpt lat="38.777530000000006" lon="-0.8310900000000001">
    <ele>614.74</ele>
   </trkpt>
   <trkpt lat="38.777730000000005" lon="-0.8311700000000001">
    <ele>614.3100000000001</ele>
   </trkpt>
   <trkpt lat="38.77812" lon="-0.8312200000000001">
    <ele>614.3100000000001</ele>
   </trkpt>
   <trkpt lat="38.778180000000006" lon="-0.83115">
    <ele>614.3100000000001</ele>
   </trkpt>
   <trkpt lat="38.77826" lon="-0.83098">
    <ele>614.3100000000001</ele>
   </trkpt>
   <trkpt lat="38.778330000000004" lon="-0.83091">
    <ele>614.3100000000001</ele>
   </trkpt>
   <trkpt lat="38.77848" lon="-0.83084">
    <ele>614.3100000000001</ele>
   </trkpt>
   <trkpt lat="38.77866" lon="-0.8307100000000001">
    <ele>614.3100000000001</ele>
   </trkpt>
   <trkpt lat="38.778740000000006" lon="-0.8307100000000001">
    <ele>614.3100000000001</ele>
   </trkpt>
   <trkpt lat="38.778760000000005" lon="-0.8308300000000001">
    <ele>614.3100000000001</ele>
   </trkpt>
   <trkpt lat="38.77873" lon="-0.83106">
    <ele>614.3100000000001</ele>
   </trkpt>
   <trkpt lat="38.77875" lon="-0.83118">
    <ele>614.3100000000001</ele>
   </trkpt>
   <trkpt lat="38.77884" lon="-0.83133">
    <ele>614.3100000000001</ele>
   </trkpt>
   <trkpt lat="38.77893" lon="-0.83145">
    <ele>614.3100000000001</ele>
   </trkpt>
   <trkpt lat="38.77904" lon="-0.8315">
    <ele>614.3100000000001</ele>
   </trkpt>
   <trkpt lat="38.779140000000005" lon="-0.8314900000000001">
    <ele>614.3100000000001</ele>
   </trkpt>
   <trkpt lat="38.779790000000006" lon="-0.83115">
    <ele>614.3100000000001</ele>
   </trkpt>
   <trkpt lat="38.779860000000006" lon="-0.83106">
    <ele>614.3100000000001</ele>
   </trkpt>
   <trkpt lat="38.779900000000005" lon="-0.8309300000000001">
    <ele>614.3100000000001</ele>
   </trkpt>
   <trkpt lat="38.77993" lon="-0.83064">
    <ele>614.3100000000001</ele>
   </trkpt>
   <trkpt lat="38.78004" lon="-0.83042">
    <ele>614.3100000000001</ele>
   </trkpt>
   <trkpt lat="38.78018" lon="-0.8302700000000001">
    <ele>614.3100000000001</ele>
   </trkpt>
   <trkpt lat="38.780260000000006" lon="-0.83025">
    <ele>614.3100000000001</ele>
   </trkpt>
   <trkpt lat="38.78034" lon="-0.8302700000000001">
    <ele>614.3100000000001</ele>
   </trkpt>
   <trkpt lat="38.78041" lon="-0.8303200000000001">
    <ele>614.3100000000001</ele>
   </trkpt>
   <trkpt lat="38.78045" lon="-0.83045">
    <ele>614.3100000000001</ele>
   </trkpt>
   <trkpt lat="38.7805" lon="-0.8313200000000001">
    <ele>558.8700000000001</ele>
   </trkpt>
   <trkpt lat="38.78054" lon="-0.83152">
    <ele>558.8700000000001</ele>
   </trkpt>
   <trkpt lat="38.78065" lon="-0.8317100000000001">
    <ele>558.8700000000001</ele>
   </trkpt>
   <trkpt lat="38.7812550059619" lon="-0.8323924826371195">
    <ele>558.8700000000001</ele>
   </trkpt>
   <trkpt lat="38.78186000795441" lon="-0.8330749768550003">
    <ele>558.8700000000001</ele>
   </trkpt>
   <trkpt lat="38.78246500597735" lon="-0.8337574826540132">
    <ele>558.8700000000001</ele>
   </trkpt>
   <trkpt lat="38.78307" lon="-0.8344400000000001">
    <ele>558.8700000000001</ele>
   </trkpt>
   <trkpt lat="38.78323" lon="-0.83455">
    <ele>558.8700000000001</ele>
   </trkpt>
   <trkpt lat="38.783390000000004" lon="-0.83462">
    <ele>558.8700000000001</ele>
   </trkpt>
   <trkpt lat="38.78356" lon="-0.83464">
    <ele>558.8700000000001</ele>
   </trkpt>
   <trkpt lat="38.78367" lon="-0.8346000000000001">
    <ele>558.8700000000001</ele>
   </trkpt>
   <trkpt lat="38.7843" lon="-0.8338300000000001">
    <ele>558.83</ele>
   </trkpt>
   <trkpt lat="38.78441" lon="-0.83374">
    <ele>558.83</ele>
   </trkpt>
   <trkpt lat="38.78448" lon="-0.83372">
    <ele>558.83</ele>
   </trkpt>
   <trkpt lat="38.785030000000006" lon="-0.83391">
    <ele>559.4200000000001</ele>
   </trkpt>
   <trkpt lat="38.78515" lon="-0.83401">
    <ele>559.4200000000001</ele>
   </trkpt>
   <trkpt lat="38.785230000000006" lon="-0.8341500000000001">
    <ele>559.4200000000001</ele>
   </trkpt>
   <trkpt lat="38.785392515397376" lon="-0.8352474924957017">
    <ele>559.4200000000001</ele>
   </trkpt>
   <trkpt lat="38.7855550205299" lon="-0.8363449899944109">
    <ele>559.4200000000001</ele>
   </trkpt>
   <trkpt lat="38.78571751539748" lon="-0.8374424924958634">
    <ele>553.3800000000001</ele>
   </trkpt>
   <trkpt lat="38.785880000000006" lon="-0.8385400000000001">
    <ele>553.3800000000001</ele>
   </trkpt>
   <trkpt lat="38.78595" lon="-0.83869">
    <ele>553.3800000000001</ele>
   </trkpt>
   <trkpt lat="38.78634" lon="-0.8390700000000001">
    <ele>553.72</ele>
   </trkpt>
   <trkpt lat="38.786460000000005" lon="-0.83911">
    <ele>553.72</ele>
   </trkpt>
   <trkpt lat="38.78698" lon="-0.83906">
    <ele>553.72</ele>
   </trkpt>
   <trkpt lat="38.78717" lon="-0.83896">
    <ele>553.72</ele>
   </trkpt>
   <trkpt lat="38.78766333510992" lon="-0.8385133394459598">
    <ele>553.72</ele>
   </trkpt>
   <trkpt lat="38.78815666851958" lon="-0.8380666727102619">
    <ele>553.72</ele>
   </trkpt>
   <trkpt lat="38.788650000000004" lon="-0.83762">
    <ele>553.72</ele>
   </trkpt>
   <trkpt lat="38.78906333624144" lon="-0.8370400066678613">
    <ele>553.72</ele>
   </trkpt>
   <trkpt lat="38.78947666961599" lon="-0.836460006610103">
    <ele>553.72</ele>
   </trkpt>
   <trkpt lat="38.78989" lon="-0.8358800000000001">
    <ele>543.33</ele>
   </trkpt>
   <trkpt lat="38.79019" lon="-0.83552">
    <ele>543.33</ele>
   </trkpt>
   <trkpt lat="38.790400000000005" lon="-0.8353200000000001">
    <ele>543.33</ele>
   </trkpt>
   <trkpt lat="38.79088" lon="-0.83496">
    <ele>543.33</ele>
   </trkpt>
   <trkpt lat="38.79113" lon="-0.83474">
    <ele>543.33</ele>
   </trkpt>
   <trkpt lat="38.791450000000005" lon="-0.8344">
    <ele>543.33</ele>
   </trkpt>
   <trkpt lat="38.79191" lon="-0.83413">
    <ele>543.33</ele>
   </trkpt>
   <trkpt lat="38.79225" lon="-0.83379">
    <ele>543.33</ele>
   </trkpt>
   <trkpt lat="38.79273500144147" lon="-0.8332300036889393">
    <ele>543.33</ele>
   </trkpt>
   <trkpt lat="38.793220000000005" lon="-0.83267">
    <ele>543.33</ele>
   </trkpt>
   <trkpt lat="38.79377" lon="-0.8322">
    <ele>543.33</ele>
   </trkpt>
   <trkpt lat="38.79393" lon="-0.83213">
    <ele>543.33</ele>
   </trkpt>
   <trkpt lat="38.794160000000005" lon="-0.8321000000000001">
    <ele>543.33</ele>
   </trkpt>
   <trkpt lat="38.79431" lon="-0.83213">
    <ele>543.33</ele>
   </trkpt>
   <trkpt lat="38.795" lon="-0.83237">
    <ele>543.33</ele>
   </trkpt>
   <trkpt lat="38.79513" lon="-0.8324900000000001">
    <ele>543.33</ele>
   </trkpt>
   <trkpt lat="38.795210000000004" lon="-0.83262">
    <ele>543.33</ele>
   </trkpt>
   <trkpt lat="38.79524" lon="-0.8328300000000001">
    <ele>543.33</ele>
   </trkpt>
   <trkpt lat="38.795190000000005" lon="-0.83318">
    <ele>543.33</ele>
   </trkpt>
   <trkpt lat="38.795190000000005" lon="-0.83337">
    <ele>543.33</ele>
   </trkpt>
   <trkpt lat="38.79525" lon="-0.83357">
    <ele>543.33</ele>
   </trkpt>
   <trkpt lat="38.795350000000006" lon="-0.8337100000000001">
    <ele>543.33</ele>
   </trkpt>
   <trkpt lat="38.79554" lon="-0.83384">
    <ele>543.33</ele>
   </trkpt>
   <trkpt lat="38.79563" lon="-0.83396">
    <ele>543.33</ele>
   </trkpt>
   <trkpt lat="38.795700000000004" lon="-0.8341500000000001">
    <ele>543.33</ele>
   </trkpt>
   <trkpt lat="38.795970000000004" lon="-0.8345400000000001">
    <ele>543.33</ele>
   </trkpt>
   <trkpt lat="38.79608" lon="-0.83462">
    <ele>543.33</ele>
   </trkpt>
   <trkpt lat="38.796200000000006" lon="-0.83462">
    <ele>543.33</ele>
   </trkpt>
   <trkpt lat="38.7967" lon="-0.8342200000000001">
    <ele>525.87</ele>
   </trkpt>
   <trkpt lat="38.79702" lon="-0.83386">
    <ele>525.87</ele>
   </trkpt>
   <trkpt lat="38.79746000034025" lon="-0.8335900016487928">
    <ele>525.87</ele>
   </trkpt>
   <trkpt lat="38.797900000000006" lon="-0.8333200000000001">
    <ele>525.87</ele>
   </trkpt>
   <trkpt lat="38.798170000000006" lon="-0.8330500000000001">
    <ele>525.87</ele>
   </trkpt>
   <trkpt lat="38.798545000952664" lon="-0.832625002029042">
    <ele>525.87</ele>
   </trkpt>
   <trkpt lat="38.79892" lon="-0.8322">
    <ele>525.87</ele>
   </trkpt>
   <trkpt lat="38.79937500146946" lon="-0.8316400034117332">
    <ele>525.87</ele>
   </trkpt>
   <trkpt lat="38.79983" lon="-0.83108">
    <ele>525.87</ele>
   </trkpt>
   <trkpt lat="38.800240000736366" lon="-0.8307500016795">
    <ele>525.87</ele>
   </trkpt>
   <trkpt lat="38.800650000000005" lon="-0.83042">
    <ele>525.87</ele>
   </trkpt>
   <trkpt lat="38.801230000649845" lon="-0.830030003173247">
    <ele>525.87</ele>
   </trkpt>
   <trkpt lat="38.80181" lon="-0.82964">
    <ele>525.87</ele>
   </trkpt>
   <trkpt lat="38.802080000000004" lon="-0.82935">
    <ele>525.87</ele>
   </trkpt>
   <trkpt lat="38.802540002062706" lon="-0.8286400047156163">
    <ele>531.49</ele>
   </trkpt>
   <trkpt lat="38.803000000000004" lon="-0.82793">
    <ele>531.49</ele>
   </trkpt>
   <trkpt lat="38.803140000000006" lon="-0.82781">
    <ele>531.49</ele>
   </trkpt>
   <trkpt lat="38.80332000000001" lon="-0.82774">
    <ele>531.49</ele>
   </trkpt>
   <trkpt lat="38.80389499992979" lon="-0.8276150010384902">
    <ele>531.49</ele>
   </trkpt>
   <trkpt lat="38.80447" lon="-0.8274900000000001">
    <ele>531.49</ele>
   </trkpt>
   <trkpt lat="38.80528000370881" lon="-0.8271600300162583">
    <ele>532.2600000000001</ele>
   </trkpt>
   <trkpt lat="38.80609000648956" lon="-0.826830052529729">
    <ele>532.2600000000001</ele>
   </trkpt>
   <trkpt lat="38.80690000834222" lon="-0.826500067540033">
    <ele>532.2600000000001</ele>
   </trkpt>
   <trkpt lat="38.807710009266735" lon="-0.8261700750467911">
    <ele>532.2600000000001</ele>
   </trkpt>
   <trkpt lat="38.808520009263034" lon="-0.8258400750496239">
    <ele>532.2600000000001</ele>
   </trkpt>
   <trkpt lat="38.809330008331116" lon="-0.8255100675481523">
    <ele>552.6800000000001</ele>
   </trkpt>
   <trkpt lat="38.81014000647088" lon="-0.8251800525419969">
    <ele>552.6800000000001</ele>
   </trkpt>
   <trkpt lat="38.81095000368231" lon="-0.8248500300307784">
    <ele>552.6800000000001</ele>
   </trkpt>
   <trkpt lat="38.81176000000001" lon="-0.82452">
    <ele>552.6800000000001</ele>
   </trkpt>
   <trkpt lat="38.8119" lon="-0.82437">
    <ele>552.6800000000001</ele>
   </trkpt>
   <trkpt lat="38.81221500148714" lon="-0.8237700027431828">
    <ele>552.6800000000001</ele>
   </trkpt>
   <trkpt lat="38.81253" lon="-0.8231700000000001">
    <ele>552.6800000000001</ele>
   </trkpt>
   <trkpt lat="38.812720000000006" lon="-0.82286">
    <ele>552.6800000000001</ele>
   </trkpt>
   <trkpt lat="38.813050000000004" lon="-0.8224400000000001">
    <ele>552.6800000000001</ele>
   </trkpt>
   <trkpt lat="38.81365000681159" lon="-0.8217100184507263">
    <ele>552.6800000000001</ele>
   </trkpt>
   <trkpt lat="38.81425000908092" lon="-0.8209800246028294">
    <ele>550.15</ele>
   </trkpt>
   <trkpt lat="38.814850006807816" lon="-0.820250018455931">
    <ele>550.15</ele>
   </trkpt>
   <trkpt lat="38.815450000000006" lon="-0.81952">
    <ele>550.15</ele>
   </trkpt>
   <trkpt lat="38.815830000000005" lon="-0.81915">
    <ele>551.4100000000001</ele>
   </trkpt>
   <trkpt lat="38.81631" lon="-0.8188000000000001">
    <ele>551.4100000000001</ele>
   </trkpt>
   <trkpt lat="38.81696500325279" lon="-0.8182950139398601">
    <ele>551.4100000000001</ele>
   </trkpt>
   <trkpt lat="38.81762000433179" lon="-0.8177900185908262">
    <ele>552.09</ele>
   </trkpt>
   <trkpt lat="38.818275003236906" lon="-0.8172850139525415">
    <ele>552.09</ele>
   </trkpt>
   <trkpt lat="38.81893" lon="-0.8167800000000001">
    <ele>552.09</ele>
   </trkpt>
   <trkpt lat="38.81948666819582" lon="-0.8163566732839869">
    <ele>552.09</ele>
   </trkpt>
   <trkpt lat="38.820043334863996" lon="-0.8159333399495906">
    <ele>552.84</ele>
   </trkpt>
   <trkpt lat="38.820600000000006" lon="-0.8155100000000001">
    <ele>552.84</ele>
   </trkpt>
   <trkpt lat="38.82108" lon="-0.8151200000000001">
    <ele>552.84</ele>
   </trkpt>
   <trkpt lat="38.82124" lon="-0.81493">
    <ele>552.84</ele>
   </trkpt>
   <trkpt lat="38.821770023630386" lon="-0.8140400463759854">
    <ele>552.88</ele>
   </trkpt>
   <trkpt lat="38.822300040509134" lon="-0.813150079503202">
    <ele>552.88</ele>
   </trkpt>
   <trkpt lat="38.82283005063598" lon="-0.8122600993813706">
    <ele>552.88</ele>
   </trkpt>
   <trkpt lat="38.82336005401072" lon="-0.8113701060102114">
    <ele>552.88</ele>
   </trkpt>
   <trkpt lat="38.82389005063314" lon="-0.8104800993894455">
    <ele>546.8700000000001</ele>
   </trkpt>
   <trkpt lat="38.824420040503" lon="-0.8095900795187932">
    <ele>546.8700000000001</ele>
   </trkpt>
   <trkpt lat="38.82495002362006" lon="-0.8087000463979754">
    <ele>546.8700000000001</ele>
   </trkpt>
   <trkpt lat="38.825480000000006" lon="-0.80781">
    <ele>546.8700000000001</ele>
   </trkpt>
   <trkpt lat="38.825630000000004" lon="-0.80764">
    <ele>546.8700000000001</ele>
   </trkpt>
   <trkpt lat="38.826110001154255" lon="-0.8071350033339896">
    <ele>541.62</ele>
   </trkpt>
   <trkpt lat="38.82659" lon="-0.8066300000000001">
    <ele>541.62</ele>
   </trkpt>
   <trkpt lat="38.82677" lon="-0.80652">
    <ele>541.62</ele>
   </trkpt>
   <trkpt lat="38.8273649998791" lon="-0.8064050009953979">
    <ele>541.62</ele>
   </trkpt>
   <trkpt lat="38.827960000000004" lon="-0.8062900000000001">
    <ele>525.57</ele>
   </trkpt>
   <trkpt lat="38.828100000000006" lon="-0.8063">
    <ele>525.57</ele>
   </trkpt>
   <trkpt lat="38.8284" lon="-0.80649">
    <ele>525.57</ele>
   </trkpt>
   <trkpt lat="38.82851" lon="-0.80649">
    <ele>525.57</ele>
   </trkpt>
   <trkpt lat="38.82865" lon="-0.80644">
    <ele>525.57</ele>
   </trkpt>
   <trkpt lat="38.8290850009926" lon="-0.8059500030289221">
    <ele>525.57</ele>
   </trkpt>
   <trkpt lat="38.82952" lon="-0.8054600000000001">
    <ele>523.73</ele>
   </trkpt>
   <trkpt lat="38.82981" lon="-0.80491">
    <ele>522.5500000000001</ele>
   </trkpt>
   <trkpt lat="38.83023000343307" lon="-0.8040150052408124">
    <ele>522.5500000000001</ele>
   </trkpt>
   <trkpt lat="38.830650000000006" lon="-0.8031200000000001">
    <ele>522.5500000000001</ele>
   </trkpt>
   <trkpt lat="38.83079" lon="-0.80293">
    <ele>522.5500000000001</ele>
   </trkpt>
   <trkpt lat="38.83097" lon="-0.80286">
    <ele>522.5500000000001</ele>
   </trkpt>
   <trkpt lat="38.8314649997682" lon="-0.802770000674289">
    <ele>507.5900000000001</ele>
   </trkpt>
   <trkpt lat="38.83196" lon="-0.8026800000000001">
    <ele>507.5900000000001</ele>
   </trkpt>
   <trkpt lat="38.83212" lon="-0.8025800000000001">
    <ele>507.5900000000001</ele>
   </trkpt>
   <trkpt lat="38.83227" lon="-0.80239">
    <ele>507.5900000000001</ele>
   </trkpt>
   <trkpt lat="38.832630001401625" lon="-0.8018450025512862">
    <ele>507.5900000000001</ele>
   </trkpt>
   <trkpt lat="38.83299" lon="-0.8013">
    <ele>507.5900000000001</ele>
   </trkpt>
   <trkpt lat="38.8331" lon="-0.801">
    <ele>507.5900000000001</ele>
   </trkpt>
   <trkpt lat="38.83330751111399" lon="-0.8000675081814145">
    <ele>507.5900000000001</ele>
   </trkpt>
   <trkpt lat="38.8335150148149" lon="-0.799135010925678">
    <ele>505.99000000000007</ele>
   </trkpt>
   <trkpt lat="38.83372251110261" lon="-0.7982025082329127">
    <ele>505.99000000000007</ele>
   </trkpt>
   <trkpt lat="38.83393" lon="-0.79727">
    <ele>508.15</ele>
   </trkpt>
   <trkpt lat="38.83402" lon="-0.797">
    <ele>508.15</ele>
   </trkpt>
   <trkpt lat="38.8342" lon="-0.7967500000000001">
    <ele>508.15</ele>
   </trkpt>
   <trkpt lat="38.83474000141853" lon="-0.7961700044171155">
    <ele>508.15</ele>
   </trkpt>
   <trkpt lat="38.835280000000004" lon="-0.79559">
    <ele>508.15</ele>
   </trkpt>
   <trkpt lat="38.835460000000005" lon="-0.79549">
    <ele>503.86000000000007</ele>
   </trkpt>
   <trkpt lat="38.8362500005516" lon="-0.7951200041220824">
    <ele>503.86000000000007</ele>
   </trkpt>
   <trkpt lat="38.83704" lon="-0.7947500000000001">
    <ele>503.86000000000007</ele>
   </trkpt>
   <trkpt lat="38.837210000000006" lon="-0.79459">
    <ele>503.86000000000007</ele>
   </trkpt>
   <trkpt lat="38.83731" lon="-0.79432">
    <ele>503.86000000000007</ele>
   </trkpt>
   <trkpt lat="38.837340000000005" lon="-0.7941600000000001">
    <ele>503.86000000000007</ele>
   </trkpt>
   <trkpt lat="38.83752000614644" lon="-0.7933100043623773">
    <ele>503.86000000000007</ele>
   </trkpt>
   <trkpt lat="38.83770000613322" lon="-0.7924600044248922">
    <ele>503.86000000000007</ele>
   </trkpt>
   <trkpt lat="38.837880000000006" lon="-0.79161">
    <ele>503.86000000000007</ele>
   </trkpt>
   <trkpt lat="38.83789" lon="-0.79127">
    <ele>503.86000000000007</ele>
   </trkpt>
   <trkpt lat="38.837770006009094" lon="-0.7904299971214583">
    <ele>503.86000000000007</ele>
   </trkpt>
   <trkpt lat="38.83765000600255" lon="-0.7895899970756858">
    <ele>517.17</ele>
   </trkpt>
   <trkpt lat="38.83753" lon="-0.7887500000000001">
    <ele>517.17</ele>
   </trkpt>
   <trkpt lat="38.83755" lon="-0.7885300000000001">
    <ele>517.17</ele>
   </trkpt>
   <trkpt lat="38.83789" lon="-0.78785">
    <ele>517.17</ele>
   </trkpt>
   <trkpt lat="38.837950000000006" lon="-0.78778">
    <ele>517.17</ele>
   </trkpt>
   <trkpt lat="38.838010000000004" lon="-0.7877500000000001">
    <ele>517.17</ele>
   </trkpt>
   <trkpt lat="38.83807" lon="-0.78773">
    <ele>517.17</ele>
   </trkpt>
   <trkpt lat="38.83814" lon="-0.78776">
    <ele>517.17</ele>
   </trkpt>
   <trkpt lat="38.83851000000001" lon="-0.78805">
    <ele>517.17</ele>
   </trkpt>
   <trkpt lat="38.83858" lon="-0.78807">
    <ele>517.17</ele>
   </trkpt>
   <trkpt lat="38.838660000000004" lon="-0.78807">
    <ele>517.17</ele>
   </trkpt>
   <trkpt lat="38.838730000000005" lon="-0.78805">
    <ele>517.17</ele>
   </trkpt>
   <trkpt lat="38.838890000000006" lon="-0.78788">
    <ele>517.17</ele>
   </trkpt>
   <trkpt lat="38.83896" lon="-0.78776">
    <ele>517.17</ele>
   </trkpt>
   <trkpt lat="38.839020000000005" lon="-0.78763">
    <ele>517.17</ele>
   </trkpt>
   <trkpt lat="38.83914" lon="-0.7870600000000001">
    <ele>511.0</ele>
   </trkpt>
   <trkpt lat="38.8392700015854" lon="-0.7864450012507901">
    <ele>511.0</ele>
   </trkpt>
   <trkpt lat="38.839400000000005" lon="-0.78583">
    <ele>500.34</ele>
   </trkpt>
   <trkpt lat="38.83944" lon="-0.7856900000000001">
    <ele>500.21999999999997</ele>
   </trkpt>
   <trkpt lat="38.83952" lon="-0.78556">
    <ele>500.21999999999997</ele>
   </trkpt>
   <trkpt lat="38.840122506545924" lon="-0.7848450181520135">
    <ele>500.21999999999997</ele>
   </trkpt>
   <trkpt lat="38.84072500873345" lon="-0.784130024196481">
    <ele>500.21999999999997</ele>
   </trkpt>
   <trkpt lat="38.841327506562415" lon="-0.783415018133024">
    <ele>500.21999999999997</ele>
   </trkpt>
   <trkpt lat="38.841930000000005" lon="-0.7827000000000001">
    <ele>500.21999999999997</ele>
   </trkpt>
   <trkpt lat="38.842040000000004" lon="-0.78263">
    <ele>500.21999999999997</ele>
   </trkpt>
   <trkpt lat="38.84221" lon="-0.78263">
    <ele>474.4200000000001</ele>
   </trkpt>
   <trkpt lat="38.842310000000005" lon="-0.7826500000000001">
    <ele>474.4200000000001</ele>
   </trkpt>
   <trkpt lat="38.842530000000004" lon="-0.78278">
    <ele>474.4200000000001</ele>
   </trkpt>
   <trkpt lat="38.84259" lon="-0.78285">
    <ele>474.4200000000001</ele>
   </trkpt>
   <trkpt lat="38.84264" lon="-0.78295">
    <ele>474.4200000000001</ele>
   </trkpt>
   <trkpt lat="38.842710004045216" lon="-0.7839249989401252">
    <ele>474.4200000000001</ele>
   </trkpt>
   <trkpt lat="38.842780000000005" lon="-0.7849">
    <ele>474.4200000000001</ele>
   </trkpt>
   <trkpt lat="38.842940000000006" lon="-0.78529">
    <ele>474.4200000000001</ele>
   </trkpt>
   <trkpt lat="38.843250000000005" lon="-0.78578">
    <ele>474.4200000000001</ele>
   </trkpt>
   <trkpt lat="38.843320000000006" lon="-0.78585">
    <ele>474.4200000000001</ele>
   </trkpt>
   <trkpt lat="38.8438" lon="-0.78602">
    <ele>474.4200000000001</ele>
   </trkpt>
   <trkpt lat="38.84393" lon="-0.78602">
    <ele>474.4200000000001</ele>
   </trkpt>
   <trkpt lat="38.844030000000004" lon="-0.7859400000000001">
    <ele>474.4200000000001</ele>
   </trkpt>
   <trkpt lat="38.84409" lon="-0.78585">
    <ele>474.4200000000001</ele>
   </trkpt>
   <trkpt lat="38.84413" lon="-0.78573">
    <ele>474.4200000000001</ele>
   </trkpt>
   <trkpt lat="38.844326014688846" lon="-0.7848020102067806">
    <ele>474.4200000000001</ele>
   </trkpt>
   <trkpt lat="38.8445220220354" lon="-0.7838740153004253">
    <ele>474.4200000000001</ele>
   </trkpt>
   <trkpt lat="38.84471802203955" lon="-0.7829460152810614">
    <ele>466.19000000000005</ele>
   </trkpt>
   <trkpt lat="38.84491401470124" lon="-0.7820180101488169">
    <ele>466.19000000000005</ele>
   </trkpt>
   <trkpt lat="38.845110000000005" lon="-0.7810900000000001">
    <ele>466.19000000000005</ele>
   </trkpt>
   <trkpt lat="38.84521" lon="-0.7808200000000001">
    <ele>466.19000000000005</ele>
   </trkpt>
   <trkpt lat="38.84519" lon="-0.7808600000000001">
    <ele>466.27</ele>
   </trkpt>
   <trkpt lat="38.845490000000005" lon="-0.78002">
    <ele>464.86</ele>
   </trkpt>
   <trkpt lat="38.845620000000004" lon="-0.7798">
    <ele>464.86</ele>
   </trkpt>
   <trkpt lat="38.845740000000006" lon="-0.7796500000000001">
    <ele>464.86</ele>
   </trkpt>
   <trkpt lat="38.84644750372037" lon="-0.7791100161174128">
    <ele>464.86</ele>
   </trkpt>
   <trkpt lat="38.84715500495461" lon="-0.7785700214947221">
    <ele>464.86</ele>
   </trkpt>
   <trkpt lat="38.84786250370263" lon="-0.7780300161314806">
    <ele>454.24</ele>
   </trkpt>
   <trkpt lat="38.84857" lon="-0.77749">
    <ele>454.24</ele>
   </trkpt>
   <trkpt lat="38.84872" lon="-0.7774800000000001">
    <ele>454.24</ele>
   </trkpt>
   <trkpt lat="38.84882" lon="-0.77751">
    <ele>454.24</ele>
   </trkpt>
   <trkpt lat="38.84944666780744" lon="-0.7778666604145154">
    <ele>454.24</ele>
   </trkpt>
   <trkpt lat="38.85007333453026" lon="-0.7782233271130521">
    <ele>454.24</ele>
   </trkpt>
   <trkpt lat="38.8507" lon="-0.77858">
    <ele>454.24</ele>
   </trkpt>
   <trkpt lat="38.850910000000006" lon="-0.77856">
    <ele>435.52</ele>
   </trkpt>
   <trkpt lat="38.8513550006898" lon="-0.7781650024492821">
    <ele>435.52</ele>
   </trkpt>
   <trkpt lat="38.851800000000004" lon="-0.7777700000000001">
    <ele>435.52</ele>
   </trkpt>
   <trkpt lat="38.85188" lon="-0.77775">
    <ele>435.52</ele>
   </trkpt>
   <trkpt lat="38.85197" lon="-0.77775">
    <ele>435.52</ele>
   </trkpt>
   <trkpt lat="38.852120000000006" lon="-0.7778">
    <ele>435.52</ele>
   </trkpt>
   <trkpt lat="38.852695000582216" lon="-0.7781399973042712">
    <ele>435.52</ele>
   </trkpt>
   <trkpt lat="38.85327" lon="-0.7784800000000001">
    <ele>435.52</ele>
   </trkpt>
   <trkpt lat="38.85383" lon="-0.77873">
    <ele>411.54</ele>
   </trkpt>
   <trkpt lat="38.854380000000006" lon="-0.77914">
    <ele>411.54</ele>
   </trkpt>
   <trkpt lat="38.854560000000006" lon="-0.77924">
    <ele>411.54</ele>
   </trkpt>
   <trkpt lat="38.85481" lon="-0.77927">
    <ele>411.54</ele>
   </trkpt>
   <trkpt lat="38.85488" lon="-0.7792600000000001">
    <ele>411.54</ele>
   </trkpt>
   <trkpt lat="38.854960000000005" lon="-0.77919">
    <ele>411.54</ele>
   </trkpt>
   <trkpt lat="38.85549" lon="-0.7784800000000001">
    <ele>411.54</ele>
   </trkpt>
   <trkpt lat="38.85557" lon="-0.7783100000000001">
    <ele>411.54</ele>
   </trkpt>
   <trkpt lat="38.855740000000004" lon="-0.7776500000000001">
    <ele>411.54</ele>
   </trkpt>
   <trkpt lat="38.855810000000005" lon="-0.77753">
    <ele>411.54</ele>
   </trkpt>
   <trkpt lat="38.85625" lon="-0.7770400000000001">
    <ele>411.54</ele>
   </trkpt>
   <trkpt lat="38.85658000091034" lon="-0.7766150017914396">
    <ele>411.54</ele>
   </trkpt>
   <trkpt lat="38.856910000000006" lon="-0.77619">
    <ele>411.54</ele>
   </trkpt>
   <trkpt lat="38.8575" lon="-0.77568">
    <ele>411.54</ele>
   </trkpt>
   <trkpt lat="38.857690000000005" lon="-0.77546">
    <ele>411.54</ele>
   </trkpt>
   <trkpt lat="38.857950001278525" lon="-0.7749100020344488">
    <ele>374.75</ele>
   </trkpt>
   <trkpt lat="38.85821" lon="-0.77436">
    <ele>374.75</ele>
   </trkpt>
   <trkpt lat="38.858630000000005" lon="-0.77368">
    <ele>374.75</ele>
   </trkpt>
   <trkpt lat="38.858740000000004" lon="-0.7735500000000001">
    <ele>374.75</ele>
   </trkpt>
   <trkpt lat="38.85891" lon="-0.7734300000000001">
    <ele>374.75</ele>
   </trkpt>
   <trkpt lat="38.85961" lon="-0.77319">
    <ele>374.75</ele>
   </trkpt>
   <trkpt lat="38.85998" lon="-0.77302">
    <ele>374.75</ele>
   </trkpt>
   <trkpt lat="38.860240000000005" lon="-0.77283">
    <ele>374.75</ele>
   </trkpt>
   <trkpt lat="38.86086" lon="-0.77222">
    <ele>374.75</ele>
   </trkpt>
   <trkpt lat="38.860960000000006" lon="-0.77214">
    <ele>374.75</ele>
   </trkpt>
   <trkpt lat="38.861140000000006" lon="-0.7720800000000001">
    <ele>374.75</ele>
   </trkpt>
   <trkpt lat="38.86133" lon="-0.77207">
    <ele>374.75</ele>
   </trkpt>
   <trkpt lat="38.86153" lon="-0.77202">
    <ele>374.75</ele>
   </trkpt>
   <trkpt lat="38.86197000000001" lon="-0.77173">
    <ele>374.75</ele>
   </trkpt>
   <trkpt lat="38.86215" lon="-0.77156">
    <ele>374.75</ele>
   </trkpt>
   <trkpt lat="38.86256" lon="-0.771">
    <ele>374.75</ele>
   </trkpt>
   <trkpt lat="38.86283" lon="-0.77078">
    <ele>374.75</ele>
   </trkpt>
   <trkpt lat="38.863020000000006" lon="-0.7707200000000001">
    <ele>348.57000000000005</ele>
   </trkpt>
   <trkpt lat="38.863775000166605" lon="-0.7705750015249647">
    <ele>348.57000000000005</ele>
   </trkpt>
   <trkpt lat="38.86453" lon="-0.7704300000000001">
    <ele>348.57000000000005</ele>
   </trkpt>
   <trkpt lat="38.86477" lon="-0.77036">
    <ele>348.57000000000005</ele>
   </trkpt>
   <trkpt lat="38.86541500047183" lon="-0.7700200030956984">
    <ele>348.57000000000005</ele>
   </trkpt>
   <trkpt lat="38.866060000000004" lon="-0.76968">
    <ele>348.17</ele>
   </trkpt>
   <trkpt lat="38.86616" lon="-0.7696000000000001">
    <ele>348.17</ele>
   </trkpt>
   <trkpt lat="38.866200000000006" lon="-0.76951">
    <ele>348.17</ele>
   </trkpt>
   <trkpt lat="38.866260000000004" lon="-0.76927">
    <ele>348.17</ele>
   </trkpt>
   <trkpt lat="38.86639" lon="-0.76865">
    <ele>348.16</ele>
   </trkpt>
   <trkpt lat="38.86643333865615" lon="-0.7678600009473244">
    <ele>348.16</ele>
   </trkpt>
   <trkpt lat="38.866476671990355" lon="-0.767070000931527">
    <ele>348.16</ele>
   </trkpt>
   <trkpt lat="38.86652" lon="-0.7662800000000001">
    <ele>348.16</ele>
   </trkpt>
   <trkpt lat="38.8665200043494" lon="-0.7652700001016544">
    <ele>348.16</ele>
   </trkpt>
   <trkpt lat="38.86652" lon="-0.76426">
    <ele>341.72</ele>
   </trkpt>
   <trkpt lat="38.86657" lon="-0.76404">
    <ele>341.72</ele>
   </trkpt>
   <trkpt lat="38.86706" lon="-0.76341">
    <ele>341.72</ele>
   </trkpt>
   <trkpt lat="38.86715" lon="-0.7633300000000001">
    <ele>341.72</ele>
   </trkpt>
   <trkpt lat="38.867845000879576" lon="-0.7628700045121589">
    <ele>341.72</ele>
   </trkpt>
   <trkpt lat="38.86854" lon="-0.76241">
    <ele>341.72</ele>
   </trkpt>
   <trkpt lat="38.868640000000006" lon="-0.76231">
    <ele>341.72</ele>
   </trkpt>
   <trkpt lat="38.86869" lon="-0.76224">
    <ele>341.72</ele>
   </trkpt>
   <trkpt lat="38.868990000000004" lon="-0.76163">
    <ele>341.72</ele>
   </trkpt>
   <trkpt lat="38.86936000577363" lon="-0.7608066752532482">
    <ele>340.38</ele>
   </trkpt>
   <trkpt lat="38.86973000576666" lon="-0.7599833419355376">
    <ele>340.38</ele>
   </trkpt>
   <trkpt lat="38.8701" lon="-0.7591600000000001">
    <ele>337.56</ele>
   </trkpt>
   <trkpt lat="38.870250000000006" lon="-0.75875">
    <ele>337.56</ele>
   </trkpt>
   <trkpt lat="38.87026" lon="-0.75858">
    <ele>337.56</ele>
   </trkpt>
   <trkpt lat="38.87021" lon="-0.75826">
    <ele>337.56</ele>
   </trkpt>
   <trkpt lat="38.869870000000006" lon="-0.7572800000000001">
    <ele>340.32</ele>
   </trkpt>
   <trkpt lat="38.86985000000001" lon="-0.75716">
    <ele>340.32</ele>
   </trkpt>
   <trkpt lat="38.86986" lon="-0.75697">
    <ele>340.32</ele>
   </trkpt>
   <trkpt lat="38.86994" lon="-0.75653">
    <ele>340.32</ele>
   </trkpt>
   <trkpt lat="38.87001" lon="-0.7563300000000001">
    <ele>340.32</ele>
   </trkpt>
   <trkpt lat="38.870090000000005" lon="-0.7562300000000001">
    <ele>340.32</ele>
   </trkpt>
   <trkpt lat="38.870340000000006" lon="-0.7560100000000001">
    <ele>340.32</ele>
   </trkpt>
   <trkpt lat="38.87055" lon="-0.7559600000000001">
    <ele>340.32</ele>
   </trkpt>
   <trkpt lat="38.871" lon="-0.7559300000000001">
    <ele>337.14000000000004</ele>
   </trkpt>
   <trkpt lat="38.87115" lon="-0.7559">
    <ele>335.39</ele>
   </trkpt>
   <trkpt lat="38.87176333377377" lon="-0.7556866703301413">
    <ele>335.39</ele>
   </trkpt>
   <trkpt lat="38.87237666715943" lon="-0.7554733369786545">
    <ele>333.35</ele>
   </trkpt>
   <trkpt lat="38.87299" lon="-0.75526">
    <ele>336.20000000000005</ele>
   </trkpt>
   <trkpt lat="38.873090000000005" lon="-0.7552000000000001">
    <ele>336.28000000000003</ele>
   </trkpt>
   <trkpt lat="38.873480000814034" lon="-0.7547850021923992">
    <ele>336.97</ele>
   </trkpt>
   <trkpt lat="38.873870000000004" lon="-0.7543700000000001">
    <ele>337.6</ele>
   </trkpt>
   <trkpt lat="38.87388" lon="-0.75431">
    <ele>332.37000000000006</ele>
   </trkpt>
   <trkpt lat="38.87370000000001" lon="-0.7540300000000001">
    <ele>332.71</ele>
   </trkpt>
   <trkpt lat="38.87369" lon="-0.75387">
    <ele>332.19000000000005</ele>
   </trkpt>
   <trkpt lat="38.87357" lon="-0.7537">
    <ele>332.11</ele>
   </trkpt>
   <trkpt lat="38.87357" lon="-0.7537100000000001">
    <ele>332.11</ele>
   </trkpt>
   <trkpt lat="38.87353" lon="-0.75363">
    <ele>332.11</ele>
   </trkpt>
   <trkpt lat="38.87342" lon="-0.75333">
    <ele>332.38</ele>
   </trkpt>
   <trkpt lat="38.873520000000006" lon="-0.7531300000000001">
    <ele>332.64000000000004</ele>
   </trkpt>
   <trkpt lat="38.87362" lon="-0.7528900000000001">
    <ele>333.31000000000006</ele>
   </trkpt>
   <trkpt lat="38.87362" lon="-0.7527200000000001">
    <ele>334.06</ele>
   </trkpt>
   <trkpt lat="38.87362" lon="-0.75268">
    <ele>334.27</ele>
   </trkpt>
   <trkpt lat="38.873630000000006" lon="-0.75258">
    <ele>334.27</ele>
   </trkpt>
   <trkpt lat="38.87368" lon="-0.7524500000000001">
    <ele>335.6</ele>
   </trkpt>
   <trkpt lat="38.873900000000006" lon="-0.7520300000000001">
    <ele>336.88</ele>
   </trkpt>
   <trkpt lat="38.874010000000006" lon="-0.7518900000000001">
    <ele>336.72</ele>
   </trkpt>
   <trkpt lat="38.87402" lon="-0.75182">
    <ele>336.74</ele>
   </trkpt>
   <trkpt lat="38.8742" lon="-0.75129">
    <ele>337.26</ele>
   </trkpt>
   <trkpt lat="38.87416" lon="-0.75112">
    <ele>337.26</ele>
   </trkpt>
   <trkpt lat="38.874370000000006" lon="-0.75058">
    <ele>337.75000000000006</ele>
   </trkpt>
   <trkpt lat="38.87453" lon="-0.7502700000000001">
    <ele>338.22</ele>
   </trkpt>
   <trkpt lat="38.87456" lon="-0.75016">
    <ele>338.55</ele>
   </trkpt>
   <trkpt lat="38.87471" lon="-0.7495">
    <ele>338.95000000000005</ele>
   </trkpt>
   <trkpt lat="38.87488500503286" lon="-0.748415002589729">
    <ele>338.37</ele>
   </trkpt>
   <trkpt lat="38.875060000000005" lon="-0.74733">
    <ele>337.40000000000003</ele>
   </trkpt>
   <trkpt lat="38.87512" lon="-0.7467900000000001">
    <ele>335.17</ele>
   </trkpt>
   <trkpt lat="38.87520000000001" lon="-0.74631">
    <ele>333.47</ele>
   </trkpt>
   <trkpt lat="38.875370000000004" lon="-0.7454500000000001">
    <ele>331.8</ele>
   </trkpt>
   <trkpt lat="38.875440000000005" lon="-0.74521">
    <ele>331.64000000000004</ele>
   </trkpt>
   <trkpt lat="38.87548" lon="-0.7450100000000001">
    <ele>331.45</ele>
   </trkpt>
   <trkpt lat="38.8755" lon="-0.7447800000000001">
    <ele>331.33</ele>
   </trkpt>
   <trkpt lat="38.875330000000005" lon="-0.7438400000000001">
    <ele>331.95</ele>
   </trkpt>
   <trkpt lat="38.87520000000001" lon="-0.74333">
    <ele>332.61</ele>
   </trkpt>
   <trkpt lat="38.87507" lon="-0.7425700000000001">
    <ele>335.20000000000005</ele>
   </trkpt>
   <trkpt lat="38.875060000000005" lon="-0.7423500000000001">
    <ele>335.75000000000006</ele>
   </trkpt>
   <trkpt lat="38.875080000000004" lon="-0.74209">
    <ele>337.37</ele>
   </trkpt>
   <trkpt lat="38.87520000000001" lon="-0.74133">
    <ele>341.08000000000004</ele>
   </trkpt>
   <trkpt lat="38.87543" lon="-0.74028">
    <ele>341.38</ele>
   </trkpt>
   <trkpt lat="38.875620000000005" lon="-0.7397400000000001">
    <ele>340.75000000000006</ele>
   </trkpt>
   <trkpt lat="38.876045003592246" lon="-0.7388250054238374">
    <ele>339.55</ele>
   </trkpt>
   <trkpt lat="38.876470000000005" lon="-0.7379100000000001">
    <ele>338.72</ele>
   </trkpt>
   <trkpt lat="38.87662" lon="-0.73765">
    <ele>338.76</ele>
   </trkpt>
   <trkpt lat="38.87673" lon="-0.7375200000000001">
    <ele>338.87</ele>
   </trkpt>
   <trkpt lat="38.877030000000005" lon="-0.7372500000000001">
    <ele>339.31</ele>
   </trkpt>
   <trkpt lat="38.87711" lon="-0.73716">
    <ele>339.61</ele>
   </trkpt>
   <trkpt lat="38.87726" lon="-0.73692">
    <ele>340.78000000000003</ele>
   </trkpt>
   <trkpt lat="38.87738" lon="-0.73663">
    <ele>341.72</ele>
   </trkpt>
   <trkpt lat="38.87751" lon="-0.7361300000000001">
    <ele>344.36000000000007</ele>
   </trkpt>
   <trkpt lat="38.87764000000001" lon="-0.7351300000000001">
    <ele>345.85</ele>
   </trkpt>
   <trkpt lat="38.87773" lon="-0.73482">
    <ele>346.22</ele>
   </trkpt>
   <trkpt lat="38.87794" lon="-0.7343000000000001">
    <ele>346.59</ele>
   </trkpt>
   <trkpt lat="38.878080000000004" lon="-0.73401">
    <ele>346.57000000000005</ele>
   </trkpt>
   <trkpt lat="38.878260000000004" lon="-0.73379">
    <ele>346.38</ele>
   </trkpt>
   <trkpt lat="38.878490000000006" lon="-0.73343">
    <ele>345.64</ele>
   </trkpt>
   <trkpt lat="38.878910000000005" lon="-0.73267">
    <ele>345.48</ele>
   </trkpt>
   <trkpt lat="38.87912" lon="-0.7321300000000001">
    <ele>346.09</ele>
   </trkpt>
   <trkpt lat="38.879180000000005" lon="-0.7319100000000001">
    <ele>346.51000000000005</ele>
   </trkpt>
   <trkpt lat="38.87924" lon="-0.73153">
    <ele>347.95000000000005</ele>
   </trkpt>
   <trkpt lat="38.87924" lon="-0.7313000000000001">
    <ele>349.31</ele>
   </trkpt>
   <trkpt lat="38.87921" lon="-0.7311300000000001">
    <ele>349.31</ele>
   </trkpt>
   <trkpt lat="38.87901" lon="-0.73067">
    <ele>352.83000000000004</ele>
   </trkpt>
   <trkpt lat="38.87901" lon="-0.72994">
    <ele>354.67</ele>
   </trkpt>
   <trkpt lat="38.87905000000001" lon="-0.72974">
    <ele>355.23</ele>
   </trkpt>
   <trkpt lat="38.87921" lon="-0.72918">
    <ele>356.8</ele>
   </trkpt>
   <trkpt lat="38.87944" lon="-0.72862">
    <ele>357.57000000000005</ele>
   </trkpt>
   <trkpt lat="38.87948" lon="-0.7284700000000001">
    <ele>357.42</ele>
   </trkpt>
   <trkpt lat="38.879870000000004" lon="-0.7276">
    <ele>353.36</ele>
   </trkpt>
   <trkpt lat="38.879940000000005" lon="-0.72738">
    <ele>352.43</ele>
   </trkpt>
   <trkpt lat="38.88009" lon="-0.7265900000000001">
    <ele>351.49</ele>
   </trkpt>
   <trkpt lat="38.880160000000004" lon="-0.72635">
    <ele>351.71000000000004</ele>
   </trkpt>
   <trkpt lat="38.880250000000004" lon="-0.72614">
    <ele>352.28000000000003</ele>
   </trkpt>
   <trkpt lat="38.88033" lon="-0.72601">
    <ele>352.73</ele>
   </trkpt>
   <trkpt lat="38.88071" lon="-0.72567">
    <ele>354.35</ele>
   </trkpt>
   <trkpt lat="38.88121" lon="-0.72533">
    <ele>356.01000000000005</ele>
   </trkpt>
   <trkpt lat="38.881400000000006" lon="-0.72513">
    <ele>356.22</ele>
   </trkpt>
   <trkpt lat="38.88158000000001" lon="-0.72474">
    <ele>355.54</ele>
   </trkpt>
   <trkpt lat="38.88157" lon="-0.72453">
    <ele>354.97</ele>
   </trkpt>
   <trkpt lat="38.881510000000006" lon="-0.7244200000000001">
    <ele>354.31</ele>
   </trkpt>
   <trkpt lat="38.881" lon="-0.72382">
    <ele>352.87</ele>
   </trkpt>
   <trkpt lat="38.88096" lon="-0.72374">
    <ele>352.95000000000005</ele>
   </trkpt>
   <trkpt lat="38.880990000000004" lon="-0.7236400000000001">
    <ele>353.12000000000006</ele>
   </trkpt>
   <trkpt lat="38.88123" lon="-0.72348">
    <ele>354.37</ele>
   </trkpt>
   <trkpt lat="38.88147" lon="-0.7232500000000001">
    <ele>355.40000000000003</ele>
   </trkpt>
   <trkpt lat="38.88174" lon="-0.7230300000000001">
    <ele>355.63</ele>
   </trkpt>
   <trkpt lat="38.882090000000005" lon="-0.7228100000000001">
    <ele>355.88</ele>
   </trkpt>
   <trkpt lat="38.882470000000005" lon="-0.72267">
    <ele>356.12000000000006</ele>
   </trkpt>
   <trkpt lat="38.882560000000005" lon="-0.72267">
    <ele>356.00000000000006</ele>
   </trkpt>
   <trkpt lat="38.882720000000006" lon="-0.72269">
    <ele>355.14</ele>
   </trkpt>
   <trkpt lat="38.8828" lon="-0.72267">
    <ele>354.87</ele>
   </trkpt>
   <trkpt lat="38.882920000000006" lon="-0.7225900000000001">
    <ele>354.27000000000004</ele>
   </trkpt>
   <trkpt lat="38.88302" lon="-0.7224700000000001">
    <ele>352.71000000000004</ele>
   </trkpt>
   <trkpt lat="38.88342" lon="-0.72157">
    <ele>349.62000000000006</ele>
   </trkpt>
   <trkpt lat="38.88347" lon="-0.72135">
    <ele>349.25</ele>
   </trkpt>
   <trkpt lat="38.883500000000005" lon="-0.72094">
    <ele>348.54</ele>
   </trkpt>
   <trkpt lat="38.88356" lon="-0.72074">
    <ele>348.29</ele>
   </trkpt>
   <trkpt lat="38.88362" lon="-0.7206400000000001">
    <ele>348.08000000000004</ele>
   </trkpt>
   <trkpt lat="38.88378" lon="-0.72048">
    <ele>347.42</ele>
   </trkpt>
   <trkpt lat="38.884040000000006" lon="-0.7203700000000001">
    <ele>346.63000000000005</ele>
   </trkpt>
   <trkpt lat="38.884280000000004" lon="-0.7203">
    <ele>345.63000000000005</ele>
   </trkpt>
   <trkpt lat="38.88441" lon="-0.72028">
    <ele>345.30000000000007</ele>
   </trkpt>
   <trkpt lat="38.88447" lon="-0.7203">
    <ele>345.1</ele>
   </trkpt>
   <trkpt lat="38.88485" lon="-0.72052">
    <ele>341.81</ele>
   </trkpt>
   <trkpt lat="38.885070000000006" lon="-0.72052">
    <ele>340.35</ele>
   </trkpt>
   <trkpt lat="38.885380000000005" lon="-0.72048">
    <ele>337.46000000000004</ele>
   </trkpt>
   <trkpt lat="38.88559" lon="-0.7204200000000001">
    <ele>335.52000000000004</ele>
   </trkpt>
   <trkpt lat="38.886320000000005" lon="-0.7200300000000001">
    <ele>330.88</ele>
   </trkpt>
   <trkpt lat="38.88658" lon="-0.71974">
    <ele>327.95</ele>
   </trkpt>
   <trkpt lat="38.88664" lon="-0.71957">
    <ele>325.98</ele>
   </trkpt>
   <trkpt lat="38.88674" lon="-0.7189800000000001">
    <ele>323.65000000000003</ele>
   </trkpt>
   <trkpt lat="38.88678" lon="-0.71886">
    <ele>323.51</ele>
   </trkpt>
   <trkpt lat="38.88684000000001" lon="-0.71879">
    <ele>323.51</ele>
   </trkpt>
   <trkpt lat="38.88689" lon="-0.71877">
    <ele>323.55</ele>
   </trkpt>
   <trkpt lat="38.886950000000006" lon="-0.71877">
    <ele>323.62</ele>
   </trkpt>
   <trkpt lat="38.88721" lon="-0.71887">
    <ele>324.91</ele>
   </trkpt>
   <trkpt lat="38.887330000000006" lon="-0.71886">
    <ele>326.27</ele>
   </trkpt>
   <trkpt lat="38.88739" lon="-0.71879">
    <ele>326.27</ele>
   </trkpt>
   <trkpt lat="38.88773500194921" lon="-0.7181100033470725">
    <ele>332.24</ele>
   </trkpt>
   <trkpt lat="38.88808" lon="-0.71743">
    <ele>336.39000000000004</ele>
   </trkpt>
   <trkpt lat="38.888160000000006" lon="-0.7171500000000001">
    <ele>336.34000000000003</ele>
   </trkpt>
   <trkpt lat="38.888200000000005" lon="-0.7168100000000001">
    <ele>335.49</ele>
   </trkpt>
   <trkpt lat="38.88824" lon="-0.71664">
    <ele>335.18</ele>
   </trkpt>
   <trkpt lat="38.88841" lon="-0.71623">
    <ele>333.94</ele>
   </trkpt>
   <trkpt lat="38.88871" lon="-0.71564">
    <ele>330.17</ele>
   </trkpt>
   <trkpt lat="38.88904000291822" lon="-0.7148100039049973">
    <ele>326.90000000000003</ele>
   </trkpt>
   <trkpt lat="38.88937000000001" lon="-0.7139800000000001">
    <ele>325.59000000000003</ele>
   </trkpt>
   <trkpt lat="38.8898" lon="-0.71326">
    <ele>326.61</ele>
   </trkpt>
   <trkpt lat="38.8902" lon="-0.7124600000000001">
    <ele>323.72</ele>
   </trkpt>
   <trkpt lat="38.890475001656355" lon="-0.7118450022838795">
    <ele>318.82000000000005</ele>
   </trkpt>
   <trkpt lat="38.890750000000004" lon="-0.71123">
    <ele>314.05000000000007</ele>
   </trkpt>
   <trkpt lat="38.890890000000006" lon="-0.71101">
    <ele>310.86</ele>
   </trkpt>
   <trkpt lat="38.89096" lon="-0.71084">
    <ele>310.02000000000004</ele>
   </trkpt>
   <trkpt lat="38.89099" lon="-0.7106600000000001">
    <ele>309.1</ele>
   </trkpt>
   <trkpt lat="38.891000000000005" lon="-0.7103">
    <ele>308.77000000000004</ele>
   </trkpt>
   <trkpt lat="38.891090000000005" lon="-0.70994">
    <ele>310.17</ele>
   </trkpt>
   <trkpt lat="38.891290000000005" lon="-0.70938">
    <ele>311.66</ele>
   </trkpt>
   <trkpt lat="38.891650000000006" lon="-0.70857">
    <ele>314.17</ele>
   </trkpt>
   <trkpt lat="38.89182" lon="-0.7081000000000001">
    <ele>314.87</ele>
   </trkpt>
   <trkpt lat="38.89197" lon="-0.70737">
    <ele>314.90000000000003</ele>
   </trkpt>
   <trkpt lat="38.892030000000005" lon="-0.7072">
    <ele>315.19</ele>
   </trkpt>
   <trkpt lat="38.89219000000001" lon="-0.7069000000000001">
    <ele>315.99000000000007</ele>
   </trkpt>
   <trkpt lat="38.892230000000005" lon="-0.70679">
    <ele>316.14000000000004</ele>
   </trkpt>
   <trkpt lat="38.89237" lon="-0.70615">
    <ele>316.3</ele>
   </trkpt>
   <trkpt lat="38.89251" lon="-0.70572">
    <ele>316.21000000000004</ele>
   </trkpt>
   <trkpt lat="38.89258" lon="-0.7054400000000001">
    <ele>316.17</ele>
   </trkpt>
   <trkpt lat="38.89265" lon="-0.70484">
    <ele>315.94</ele>
   </trkpt>
   <trkpt lat="38.89266000000001" lon="-0.7044900000000001">
    <ele>316.0</ele>
   </trkpt>
   <trkpt lat="38.892630000000004" lon="-0.7042200000000001">
    <ele>316.01</ele>
   </trkpt>
   <trkpt lat="38.892590000000006" lon="-0.7040000000000001">
    <ele>315.8</ele>
   </trkpt>
   <trkpt lat="38.8926" lon="-0.70374">
    <ele>315.75</ele>
   </trkpt>
   <trkpt lat="38.892720000000004" lon="-0.70328">
    <ele>315.78</ele>
   </trkpt>
   <trkpt lat="38.892860000000006" lon="-0.7024600000000001">
    <ele>315.77000000000004</ele>
   </trkpt>
   <trkpt lat="38.89293" lon="-0.70181">
    <ele>314.14000000000004</ele>
   </trkpt>
   <trkpt lat="38.892920000000004" lon="-0.70157">
    <ele>312.44000000000005</ele>
   </trkpt>
   <trkpt lat="38.893010000000004" lon="-0.70093">
    <ele>309.70000000000005</ele>
   </trkpt>
   <trkpt lat="38.893010000000004" lon="-0.70064">
    <ele>308.8</ele>
   </trkpt>
   <trkpt lat="38.89305" lon="-0.7003">
    <ele>308.51</ele>
   </trkpt>
   <trkpt lat="38.89312" lon="-0.70011">
    <ele>308.48</ele>
   </trkpt>
   <trkpt lat="38.893240000000006" lon="-0.69998">
    <ele>308.64000000000004</ele>
   </trkpt>
   <trkpt lat="38.89332" lon="-0.69979">
    <ele>308.64000000000004</ele>
   </trkpt>
   <trkpt lat="38.893370000000004" lon="-0.6995600000000001">
    <ele>308.74</ele>
   </trkpt>
   <trkpt lat="38.893420000000006" lon="-0.69918">
    <ele>308.82000000000005</ele>
   </trkpt>
   <trkpt lat="38.893480000000004" lon="-0.69847">
    <ele>308.17</ele>
   </trkpt>
   <trkpt lat="38.893600000000006" lon="-0.69774">
    <ele>307.4</ele>
   </trkpt>
   <trkpt lat="38.8937" lon="-0.6967000000000001">
    <ele>305.07</ele>
   </trkpt>
   <trkpt lat="38.89369000000001" lon="-0.69654">
    <ele>305.14000000000004</ele>
   </trkpt>
   <trkpt lat="38.89365" lon="-0.6965">
    <ele>304.98</ele>
   </trkpt>
   <trkpt lat="38.89365" lon="-0.6964300000000001">
    <ele>304.98</ele>
   </trkpt>
   <trkpt lat="38.89372500370802" lon="-0.6954950012389307">
    <ele>303.53000000000003</ele>
   </trkpt>
   <trkpt lat="38.893800000000006" lon="-0.6945600000000001">
    <ele>303.32000000000005</ele>
   </trkpt>
   <trkpt lat="38.893863338380264" lon="-0.6937900014950245">
    <ele>303.1</ele>
   </trkpt>
   <trkpt lat="38.8939266717036" lon="-0.6930200016167318">
    <ele>302.78000000000003</ele>
   </trkpt>
   <trkpt lat="38.89399" lon="-0.69225">
    <ele>303.55</ele>
   </trkpt>
   <trkpt lat="38.89396" lon="-0.69208">
    <ele>304.64000000000004</ele>
   </trkpt>
   <trkpt lat="38.8939" lon="-0.69198">
    <ele>305.42</ele>
   </trkpt>
   <trkpt lat="38.89352" lon="-0.69181">
    <ele>310.06</ele>
   </trkpt>
   <trkpt lat="38.89347" lon="-0.69176">
    <ele>310.44000000000005</ele>
   </trkpt>
   <trkpt lat="38.893420000000006" lon="-0.69125">
    <ele>310.20000000000005</ele>
   </trkpt>
   <trkpt lat="38.893710000000006" lon="-0.69025">
    <ele>305.45</ele>
   </trkpt>
   <trkpt lat="38.893730000000005" lon="-0.6900700000000001">
    <ele>304.47</ele>
   </trkpt>
   <trkpt lat="38.89377" lon="-0.6899000000000001">
    <ele>303.15000000000003</ele>
   </trkpt>
   <trkpt lat="38.89369000000001" lon="-0.68986">
    <ele>305.35</ele>
   </trkpt>
   <trkpt lat="38.89368" lon="-0.6898200000000001">
    <ele>305.35</ele>
   </trkpt>
   <trkpt lat="38.893330000000006" lon="-0.68915">
    <ele>305.94000000000005</ele>
   </trkpt>
   <trkpt lat="38.89295500117282" lon="-0.6886249972244592">
    <ele>306.21000000000004</ele>
   </trkpt>
   <trkpt lat="38.89258" lon="-0.6881">
    <ele>306.21000000000004</ele>
   </trkpt>
   <trkpt lat="38.892390000000006" lon="-0.68791">
    <ele>306.21000000000004</ele>
   </trkpt>
   <trkpt lat="38.89165000139215" lon="-0.687354994276751">
    <ele>310.14000000000004</ele>
   </trkpt>
   <trkpt lat="38.890910000000005" lon="-0.6868000000000001">
    <ele>309.36</ele>
   </trkpt>
   <trkpt lat="38.89052" lon="-0.6864">
    <ele>308.07</ele>
   </trkpt>
   <trkpt lat="38.889970000000005" lon="-0.68571">
    <ele>320.33</ele>
   </trkpt>
   <trkpt lat="38.88962" lon="-0.68518">
    <ele>320.33</ele>
   </trkpt>
   <trkpt lat="38.889480000000006" lon="-0.68493">
    <ele>323.1</ele>
   </trkpt>
   <trkpt lat="38.889100000000006" lon="-0.6841600000000001">
    <ele>334.0</ele>
   </trkpt>
   <trkpt lat="38.889030000000005" lon="-0.6841">
    <ele>334.0</ele>
   </trkpt>
   <trkpt lat="38.888940000000005" lon="-0.68408">
    <ele>334.0</ele>
   </trkpt>
   <trkpt lat="38.888850000000005" lon="-0.6841200000000001">
    <ele>334.0</ele>
   </trkpt>
   <trkpt lat="38.88864" lon="-0.68432">
    <ele>335.5</ele>
   </trkpt>
   <trkpt lat="38.88855" lon="-0.6843400000000001">
    <ele>335.5</ele>
   </trkpt>
   <trkpt lat="38.88844" lon="-0.6842900000000001">
    <ele>335.5</ele>
   </trkpt>
   <trkpt lat="38.88839" lon="-0.68422">
    <ele>335.5</ele>
   </trkpt>
   <trkpt lat="38.88837" lon="-0.68393">
    <ele>350.66</ele>
   </trkpt>
   <trkpt lat="38.88835" lon="-0.68388">
    <ele>350.66</ele>
   </trkpt>
   <trkpt lat="38.88833" lon="-0.68386">
    <ele>350.66</ele>
   </trkpt>
   <trkpt lat="38.88828" lon="-0.68388">
    <ele>350.66</ele>
   </trkpt>
   <trkpt lat="38.888200000000005" lon="-0.68406">
    <ele>350.66</ele>
   </trkpt>
   <trkpt lat="38.88792" lon="-0.68449">
    <ele>350.66</ele>
   </trkpt>
   <trkpt lat="38.887840000000004" lon="-0.68449">
    <ele>350.66</ele>
   </trkpt>
   <trkpt lat="38.887820000000005" lon="-0.68439">
    <ele>350.66</ele>
   </trkpt>
   <trkpt lat="38.887910000000005" lon="-0.68415">
    <ele>350.66</ele>
   </trkpt>
   <trkpt lat="38.88797" lon="-0.68388">
    <ele>350.66</ele>
   </trkpt>
   <trkpt lat="38.88801" lon="-0.6833">
    <ele>413.22</ele>
   </trkpt>
   <trkpt lat="38.88793500279558" lon="-0.6824899991202407">
    <ele>413.22</ele>
   </trkpt>
   <trkpt lat="38.88786" lon="-0.6816800000000001">
    <ele>413.22</ele>
   </trkpt>
   <trkpt lat="38.88786" lon="-0.68149">
    <ele>413.22</ele>
   </trkpt>
   <trkpt lat="38.887890000000006" lon="-0.6813400000000001">
    <ele>413.22</ele>
   </trkpt>
   <trkpt lat="38.888020000000004" lon="-0.68093">
    <ele>413.22</ele>
   </trkpt>
   <trkpt lat="38.888130000000004" lon="-0.6804">
    <ele>425.40000000000003</ele>
   </trkpt>
   <trkpt lat="38.88815" lon="-0.68017">
    <ele>425.40000000000003</ele>
   </trkpt>
   <trkpt lat="38.888130000000004" lon="-0.67976">
    <ele>425.40000000000003</ele>
   </trkpt>
   <trkpt lat="38.88817" lon="-0.67962">
    <ele>425.40000000000003</ele>
   </trkpt>
   <trkpt lat="38.888470002735" lon="-0.6788200033631447">
    <ele>425.40000000000003</ele>
   </trkpt>
   <trkpt lat="38.88877" lon="-0.6780200000000001">
    <ele>448.39</ele>
   </trkpt>
   <trkpt lat="38.88909" lon="-0.6775800000000001">
    <ele>448.39</ele>
   </trkpt>
   <trkpt lat="38.88908" lon="-0.6775000000000001">
    <ele>448.39</ele>
   </trkpt>
   <trkpt lat="38.889070000000004" lon="-0.6774800000000001">
    <ele>448.41</ele>
   </trkpt>
   <trkpt lat="38.88904" lon="-0.67742">
    <ele>448.41</ele>
   </trkpt>
   <trkpt lat="38.88897" lon="-0.67742">
    <ele>448.41</ele>
   </trkpt>
   <trkpt lat="38.888850000000005" lon="-0.67749">
    <ele>448.41</ele>
   </trkpt>
   <trkpt lat="38.88862" lon="-0.67766">
    <ele>448.41</ele>
   </trkpt>
   <trkpt lat="38.888490000000004" lon="-0.6778000000000001">
    <ele>448.41</ele>
   </trkpt>
   <trkpt lat="38.88844" lon="-0.6779000000000001">
    <ele>448.41</ele>
   </trkpt>
   <trkpt lat="38.88832" lon="-0.67827">
    <ele>448.41</ele>
   </trkpt>
   <trkpt lat="38.887910000000005" lon="-0.67862">
    <ele>448.41</ele>
   </trkpt>
   <trkpt lat="38.88781" lon="-0.67866">
    <ele>448.41</ele>
   </trkpt>
   <trkpt lat="38.88765" lon="-0.67864">
    <ele>448.41</ele>
   </trkpt>
   <trkpt lat="38.887600000000006" lon="-0.67861">
    <ele>448.41</ele>
   </trkpt>
   <trkpt lat="38.88758" lon="-0.67854">
    <ele>448.41</ele>
   </trkpt>
   <trkpt lat="38.88759" lon="-0.67849">
    <ele>448.41</ele>
   </trkpt>
   <trkpt lat="38.887950000000004" lon="-0.67801">
    <ele>448.41</ele>
   </trkpt>
   <trkpt lat="38.88797" lon="-0.67793">
    <ele>448.41</ele>
   </trkpt>
   <trkpt lat="38.887930000000004" lon="-0.67786">
    <ele>448.41</ele>
   </trkpt>
   <trkpt lat="38.88777" lon="-0.67786">
    <ele>448.41</ele>
   </trkpt>
   <trkpt lat="38.887220000000006" lon="-0.67805">
    <ele>518.6700000000001</ele>
   </trkpt>
   <trkpt lat="38.88658" lon="-0.67805">
    <ele>518.6700000000001</ele>
   </trkpt>
   <trkpt lat="38.88649" lon="-0.6781">
    <ele>518.6700000000001</ele>
   </trkpt>
   <trkpt lat="38.886430000000004" lon="-0.67817">
    <ele>518.6700000000001</ele>
   </trkpt>
   <trkpt lat="38.88637000000001" lon="-0.6783">
    <ele>518.6700000000001</ele>
   </trkpt>
   <trkpt lat="38.88629" lon="-0.6786800000000001">
    <ele>518.6700000000001</ele>
   </trkpt>
   <trkpt lat="38.886280000000006" lon="-0.67886">
    <ele>518.6700000000001</ele>
   </trkpt>
   <trkpt lat="38.88624" lon="-0.67898">
    <ele>518.6700000000001</ele>
   </trkpt>
   <trkpt lat="38.885870000000004" lon="-0.67949">
    <ele>518.6700000000001</ele>
   </trkpt>
   <trkpt lat="38.885470000000005" lon="-0.6801">
    <ele>518.6700000000001</ele>
   </trkpt>
   <trkpt lat="38.88539" lon="-0.68015">
    <ele>518.6700000000001</ele>
   </trkpt>
   <trkpt lat="38.885290000000005" lon="-0.6801100000000001">
    <ele>518.6700000000001</ele>
   </trkpt>
   <trkpt lat="38.88526" lon="-0.68">
    <ele>518.6700000000001</ele>
   </trkpt>
   <trkpt lat="38.885310000000004" lon="-0.67983">
    <ele>518.6700000000001</ele>
   </trkpt>
   <trkpt lat="38.885470000000005" lon="-0.6795100000000001">
    <ele>518.6700000000001</ele>
   </trkpt>
   <trkpt lat="38.885560000000005" lon="-0.67908">
    <ele>518.6700000000001</ele>
   </trkpt>
   <trkpt lat="38.885670000000005" lon="-0.67876">
    <ele>518.6700000000001</ele>
   </trkpt>
   <trkpt lat="38.885650000000005" lon="-0.67866">
    <ele>518.6700000000001</ele>
   </trkpt>
   <trkpt lat="38.88561" lon="-0.67864">
    <ele>518.6700000000001</ele>
   </trkpt>
   <trkpt lat="38.885560000000005" lon="-0.6786800000000001">
    <ele>518.6700000000001</ele>
   </trkpt>
   <trkpt lat="38.88532" lon="-0.67898">
    <ele>547.9000000000001</ele>
   </trkpt>
   <trkpt lat="38.88515" lon="-0.6791">
    <ele>547.9000000000001</ele>
   </trkpt>
   <trkpt lat="38.884800000000006" lon="-0.6792900000000001">
    <ele>547.9000000000001</ele>
   </trkpt>
   <trkpt lat="38.88440500043424" lon="-0.6795950016667047">
    <ele>547.9000000000001</ele>
   </trkpt>
   <trkpt lat="38.88401" lon="-0.6799000000000001">
    <ele>547.9000000000001</ele>
   </trkpt>
   <trkpt lat="38.88392" lon="-0.67995">
    <ele>547.9000000000001</ele>
   </trkpt>
   <trkpt lat="38.883590000000005" lon="-0.67981">
    <ele>553.2900000000001</ele>
   </trkpt>
   <trkpt lat="38.882880000069754" lon="-0.6797149990548645">
    <ele>553.2900000000001</ele>
   </trkpt>
   <trkpt lat="38.88217" lon="-0.67962">
    <ele>599.1200000000001</ele>
   </trkpt>
   <trkpt lat="38.8819" lon="-0.67954">
    <ele>599.1200000000001</ele>
   </trkpt>
   <trkpt lat="38.881600000000006" lon="-0.67934">
    <ele>599.1200000000001</ele>
   </trkpt>
   <trkpt lat="38.881440000000005" lon="-0.6791900000000001">
    <ele>599.1200000000001</ele>
   </trkpt>
   <trkpt lat="38.88136" lon="-0.67908">
    <ele>599.1200000000001</ele>
   </trkpt>
   <trkpt lat="38.8812" lon="-0.6787200000000001">
    <ele>605.23</ele>
   </trkpt>
   <trkpt lat="38.881150000000005" lon="-0.67871">
    <ele>605.23</ele>
   </trkpt>
   <trkpt lat="38.880880000000005" lon="-0.67873">
    <ele>605.23</ele>
   </trkpt>
   <trkpt lat="38.88018" lon="-0.6785100000000001">
    <ele>605.23</ele>
   </trkpt>
   <trkpt lat="38.87982" lon="-0.6783">
    <ele>605.23</ele>
   </trkpt>
   <trkpt lat="38.87926000108293" lon="-0.6777949960161855">
    <ele>588.3900000000001</ele>
   </trkpt>
   <trkpt lat="38.8787" lon="-0.6772900000000001">
    <ele>588.3900000000001</ele>
   </trkpt>
   <trkpt lat="38.87856" lon="-0.67722">
    <ele>588.3900000000001</ele>
   </trkpt>
   <trkpt lat="38.878310000000006" lon="-0.67722">
    <ele>588.3900000000001</ele>
   </trkpt>
   <trkpt lat="38.877809999975845" lon="-0.677285000462817">
    <ele>588.3900000000001</ele>
   </trkpt>
   <trkpt lat="38.87731" lon="-0.67735">
    <ele>590.9000000000001</ele>
   </trkpt>
   <trkpt lat="38.87695" lon="-0.67742">
    <ele>590.9000000000001</ele>
   </trkpt>
   <trkpt lat="38.87657" lon="-0.67744">
    <ele>590.9000000000001</ele>
   </trkpt>
   <trkpt lat="38.876110000000004" lon="-0.67739">
    <ele>590.9000000000001</ele>
   </trkpt>
   <trkpt lat="38.875350000000005" lon="-0.67737">
    <ele>590.9000000000001</ele>
   </trkpt>
   <trkpt lat="38.874970000000005" lon="-0.6774">
    <ele>615.46</ele>
   </trkpt>
   <trkpt lat="38.87476" lon="-0.67739">
    <ele>615.46</ele>
   </trkpt>
   <trkpt lat="38.87456" lon="-0.6773">
    <ele>615.46</ele>
   </trkpt>
   <trkpt lat="38.874140000000004" lon="-0.677">
    <ele>615.46</ele>
   </trkpt>
   <trkpt lat="38.87368500011494" lon="-0.6767599983946526">
    <ele>615.46</ele>
   </trkpt>
   <trkpt lat="38.87323000000001" lon="-0.67652">
    <ele>615.46</ele>
   </trkpt>
   <trkpt lat="38.8727" lon="-0.67635">
    <ele>615.46</ele>
   </trkpt>
   <trkpt lat="38.87245" lon="-0.67634">
    <ele>615.46</ele>
   </trkpt>
   <trkpt lat="38.87227" lon="-0.6764100000000001">
    <ele>615.46</ele>
   </trkpt>
   <trkpt lat="38.8716500017521" lon="-0.6770700058689773">
    <ele>641.2500000000001</ele>
   </trkpt>
   <trkpt lat="38.871030000000005" lon="-0.67773">
    <ele>641.2500000000001</ele>
   </trkpt>
   <trkpt lat="38.87086" lon="-0.67778">
    <ele>641.2500000000001</ele>
   </trkpt>
   <trkpt lat="38.87069" lon="-0.67773">
    <ele>641.2500000000001</ele>
   </trkpt>
   <trkpt lat="38.87062" lon="-0.6776800000000001">
    <ele>641.2500000000001</ele>
   </trkpt>
   <trkpt lat="38.870540000000005" lon="-0.6775800000000001">
    <ele>641.2500000000001</ele>
   </trkpt>
   <trkpt lat="38.87044" lon="-0.67727">
    <ele>641.2500000000001</ele>
   </trkpt>
   <trkpt lat="38.870250000000006" lon="-0.6764">
    <ele>661.54</ele>
   </trkpt>
   <trkpt lat="38.870200000000004" lon="-0.67627">
    <ele>661.54</ele>
   </trkpt>
   <trkpt lat="38.87013" lon="-0.67617">
    <ele>661.54</ele>
   </trkpt>
   <trkpt lat="38.86997" lon="-0.67605">
    <ele>661.54</ele>
   </trkpt>
   <trkpt lat="38.869530000000005" lon="-0.67586">
    <ele>661.54</ele>
   </trkpt>
   <trkpt lat="38.869510000000005" lon="-0.67586">
    <ele>661.54</ele>
   </trkpt>
   <trkpt lat="38.86934" lon="-0.67583">
    <ele>661.54</ele>
   </trkpt>
   <trkpt lat="38.86916" lon="-0.6758500000000001">
    <ele>661.54</ele>
   </trkpt>
   <trkpt lat="38.869" lon="-0.67593">
    <ele>661.54</ele>
   </trkpt>
   <trkpt lat="38.8688" lon="-0.67615">
    <ele>661.54</ele>
   </trkpt>
   <trkpt lat="38.868570000000005" lon="-0.67652">
    <ele>661.54</ele>
   </trkpt>
   <trkpt lat="38.868220001052165" lon="-0.6769900021659098">
    <ele>661.54</ele>
   </trkpt>
   <trkpt lat="38.86787" lon="-0.6774600000000001">
    <ele>699.11</ele>
   </trkpt>
   <trkpt lat="38.867270000000005" lon="-0.6780700000000001">
    <ele>699.11</ele>
   </trkpt>
   <trkpt lat="38.867140000000006" lon="-0.67822">
    <ele>699.11</ele>
   </trkpt>
   <trkpt lat="38.86688" lon="-0.6785800000000001">
    <ele>699.11</ele>
   </trkpt>
   <trkpt lat="38.866730000000004" lon="-0.67866">
    <ele>699.11</ele>
   </trkpt>
   <trkpt lat="38.866640000000004" lon="-0.67866">
    <ele>699.11</ele>
   </trkpt>
   <trkpt lat="38.86647" lon="-0.67864">
    <ele>695.4200000000001</ele>
   </trkpt>
   <trkpt lat="38.86636" lon="-0.67861">
    <ele>695.4200000000001</ele>
   </trkpt>
   <trkpt lat="38.86627" lon="-0.67854">
    <ele>695.4200000000001</ele>
   </trkpt>
   <trkpt lat="38.866350000000004" lon="-0.67861">
    <ele>677.39</ele>
   </trkpt>
   <trkpt lat="38.86627" lon="-0.67854">
    <ele>677.83</ele>
   </trkpt>
   <trkpt lat="38.86623" lon="-0.6784800000000001">
    <ele>677.86</ele>
   </trkpt>
   <trkpt lat="38.86618" lon="-0.67832">
    <ele>678.1</ele>
   </trkpt>
   <trkpt lat="38.86618" lon="-0.67822">
    <ele>678.19</ele>
   </trkpt>
   <trkpt lat="38.866220000000006" lon="-0.6781">
    <ele>678.19</ele>
   </trkpt>
   <trkpt lat="38.86627" lon="-0.67801">
    <ele>678.2800000000001</ele>
   </trkpt>
   <trkpt lat="38.86641" lon="-0.67793">
    <ele>678.8700000000001</ele>
   </trkpt>
   <trkpt lat="38.86677" lon="-0.67796">
    <ele>679.62</ele>
   </trkpt>
   <trkpt lat="38.86688" lon="-0.67795">
    <ele>679.62</ele>
   </trkpt>
   <trkpt lat="38.86699" lon="-0.6779000000000001">
    <ele>679.97</ele>
   </trkpt>
   <trkpt lat="38.867180000000005" lon="-0.67773">
    <ele>680.76</ele>
   </trkpt>
   <trkpt lat="38.867270000000005" lon="-0.67756">
    <ele>681.9000000000001</ele>
   </trkpt>
   <trkpt lat="38.867630000000005" lon="-0.6766300000000001">
    <ele>689.1600000000001</ele>
   </trkpt>
   <trkpt lat="38.86777" lon="-0.67612">
    <ele>691.37</ele>
   </trkpt>
   <trkpt lat="38.8678" lon="-0.67595">
    <ele>693.12</ele>
   </trkpt>
   <trkpt lat="38.867760000000004" lon="-0.67549">
    <ele>695.6500000000001</ele>
   </trkpt>
   <trkpt lat="38.86771" lon="-0.67527">
    <ele>697.5100000000001</ele>
   </trkpt>
   <trkpt lat="38.86762" lon="-0.6751">
    <ele>697.5100000000001</ele>
   </trkpt>
   <trkpt lat="38.867520000000006" lon="-0.67498">
    <ele>700.2</ele>
   </trkpt>
   <trkpt lat="38.86739" lon="-0.6749">
    <ele>700.2</ele>
   </trkpt>
   <trkpt lat="38.867160000000005" lon="-0.6748500000000001">
    <ele>702.4</ele>
   </trkpt>
   <trkpt lat="38.867090000000005" lon="-0.6748000000000001">
    <ele>702.4</ele>
   </trkpt>
   <trkpt lat="38.86699" lon="-0.67469">
    <ele>705.3900000000001</ele>
   </trkpt>
   <trkpt lat="38.866670000000006" lon="-0.6741900000000001">
    <ele>709.89</ele>
   </trkpt>
   <trkpt lat="38.86648" lon="-0.67403">
    <ele>709.89</ele>
   </trkpt>
   <trkpt lat="38.866080000000004" lon="-0.6738500000000001">
    <ele>712.2400000000001</ele>
   </trkpt>
   <trkpt lat="38.865680000000005" lon="-0.67351">
    <ele>716.2900000000001</ele>
   </trkpt>
   <trkpt lat="38.865120000000005" lon="-0.67318">
    <ele>721.72</ele>
   </trkpt>
   <trkpt lat="38.86498" lon="-0.6731400000000001">
    <ele>721.72</ele>
   </trkpt>
   <trkpt lat="38.86451" lon="-0.6732">
    <ele>724.89</ele>
   </trkpt>
   <trkpt lat="38.86403" lon="-0.6730700000000001">
    <ele>730.23</ele>
   </trkpt>
   <trkpt lat="38.86383" lon="-0.67295">
    <ele>732.84</ele>
   </trkpt>
   <trkpt lat="38.863330000000005" lon="-0.67242">
    <ele>735.33</ele>
   </trkpt>
   <trkpt lat="38.86325" lon="-0.67229">
    <ele>738.77</ele>
   </trkpt>
   <trkpt lat="38.86323" lon="-0.67215">
    <ele>738.77</ele>
   </trkpt>
   <trkpt lat="38.8633" lon="-0.6716300000000001">
    <ele>741.46</ele>
   </trkpt>
   <trkpt lat="38.863260000000004" lon="-0.67132">
    <ele>743.11</ele>
   </trkpt>
   <trkpt lat="38.863200000000006" lon="-0.67108">
    <ele>745.2</ele>
   </trkpt>
   <trkpt lat="38.86307" lon="-0.67076">
    <ele>746.19</ele>
   </trkpt>
   <trkpt lat="38.862550000000006" lon="-0.6702">
    <ele>749.2</ele>
   </trkpt>
   <trkpt lat="38.86231" lon="-0.66988">
    <ele>750.5400000000001</ele>
   </trkpt>
   <trkpt lat="38.8622" lon="-0.66978">
    <ele>751.51</ele>
   </trkpt>
   <trkpt lat="38.86204" lon="-0.66971">
    <ele>752.35</ele>
   </trkpt>
   <trkpt lat="38.86164" lon="-0.6695800000000001">
    <ele>753.8800000000001</ele>
   </trkpt>
   <trkpt lat="38.861000000000004" lon="-0.6691">
    <ele>757.48</ele>
   </trkpt>
   <trkpt lat="38.860730000000004" lon="-0.6688500000000001">
    <ele>759.29</ele>
   </trkpt>
   <trkpt lat="38.86066" lon="-0.66873">
    <ele>759.8900000000001</ele>
   </trkpt>
   <trkpt lat="38.86059" lon="-0.6685300000000001">
    <ele>761.8000000000001</ele>
   </trkpt>
   <trkpt lat="38.86059" lon="-0.6681900000000001">
    <ele>764.17</ele>
   </trkpt>
   <trkpt lat="38.86056000000001" lon="-0.66803">
    <ele>764.17</ele>
   </trkpt>
   <trkpt lat="38.860510000000005" lon="-0.6679">
    <ele>764.17</ele>
   </trkpt>
   <trkpt lat="38.86027" lon="-0.66754">
    <ele>768.5400000000001</ele>
   </trkpt>
   <trkpt lat="38.860110000000006" lon="-0.66734">
    <ele>769.7</ele>
   </trkpt>
   <trkpt lat="38.85956" lon="-0.66661">
    <ele>768.46</ele>
   </trkpt>
   <trkpt lat="38.859410000000004" lon="-0.66634">
    <ele>767.14</ele>
   </trkpt>
   <trkpt lat="38.85918" lon="-0.66566">
    <ele>762.75</ele>
   </trkpt>
   <trkpt lat="38.85910500207056" lon="-0.6649649993707387">
    <ele>759.8900000000001</ele>
   </trkpt>
   <trkpt lat="38.859030000000004" lon="-0.66427">
    <ele>755.07</ele>
   </trkpt>
   <trkpt lat="38.858990000000006" lon="-0.66407">
    <ele>753.2500000000001</ele>
   </trkpt>
   <trkpt lat="38.85871500215554" lon="-0.6633499970726306">
    <ele>749.09</ele>
   </trkpt>
   <trkpt lat="38.85844" lon="-0.66263">
    <ele>744.63</ele>
   </trkpt>
   <trkpt lat="38.858180000000004" lon="-0.66217">
    <ele>741.21</ele>
   </trkpt>
   <trkpt lat="38.858140000000006" lon="-0.66202">
    <ele>739.5100000000001</ele>
   </trkpt>
   <trkpt lat="38.85813" lon="-0.66156">
    <ele>736.33</ele>
   </trkpt>
   <trkpt lat="38.858160000000005" lon="-0.66141">
    <ele>736.33</ele>
   </trkpt>
   <trkpt lat="38.858270000000005" lon="-0.66112">
    <ele>734.2900000000001</ele>
   </trkpt>
   <trkpt lat="38.858700000000006" lon="-0.66019">
    <ele>728.7</ele>
   </trkpt>
   <trkpt lat="38.858740000000004" lon="-0.6600400000000001">
    <ele>728.7</ele>
   </trkpt>
   <trkpt lat="38.85873" lon="-0.65995">
    <ele>728.7</ele>
   </trkpt>
   <trkpt lat="38.858610000000006" lon="-0.65983">
    <ele>727.04</ele>
   </trkpt>
   <trkpt lat="38.85837" lon="-0.6597000000000001">
    <ele>725.38</ele>
   </trkpt>
   <trkpt lat="38.85828" lon="-0.65969">
    <ele>725.38</ele>
   </trkpt>
   <trkpt lat="38.858140000000006" lon="-0.65971">
    <ele>724.62</ele>
   </trkpt>
   <trkpt lat="38.857890000000005" lon="-0.65985">
    <ele>723.82</ele>
   </trkpt>
   <trkpt lat="38.85765000000001" lon="-0.6599200000000001">
    <ele>720.35</ele>
   </trkpt>
   <trkpt lat="38.85717499977927" lon="-0.6599450001787383">
    <ele>717.3100000000001</ele>
   </trkpt>
   <trkpt lat="38.856700000000004" lon="-0.6599700000000001">
    <ele>714.4200000000001</ele>
   </trkpt>
   <trkpt lat="38.85652" lon="-0.6599200000000001">
    <ele>713.11</ele>
   </trkpt>
   <trkpt lat="38.856190000000005" lon="-0.65956">
    <ele>708.6800000000001</ele>
   </trkpt>
   <trkpt lat="38.85611" lon="-0.6593600000000001">
    <ele>707.9700000000001</ele>
   </trkpt>
   <trkpt lat="38.856100000000005" lon="-0.6592600000000001">
    <ele>707.9700000000001</ele>
   </trkpt>
   <trkpt lat="38.85615000000001" lon="-0.6584300000000001">
    <ele>702.08</ele>
   </trkpt>
   <trkpt lat="38.85614" lon="-0.65827">
    <ele>702.08</ele>
   </trkpt>
   <trkpt lat="38.856100000000005" lon="-0.6581400000000001">
    <ele>700.33</ele>
   </trkpt>
   <trkpt lat="38.85586" lon="-0.6576500000000001">
    <ele>697.07</ele>
   </trkpt>
   <trkpt lat="38.85578" lon="-0.65754">
    <ele>697.07</ele>
   </trkpt>
   <trkpt lat="38.85567" lon="-0.65744">
    <ele>692.91</ele>
   </trkpt>
   <trkpt lat="38.85535" lon="-0.65724">
    <ele>691.32</ele>
   </trkpt>
   <trkpt lat="38.85528" lon="-0.6571400000000001">
    <ele>691.32</ele>
   </trkpt>
   <trkpt lat="38.855230000000006" lon="-0.657">
    <ele>691.32</ele>
   </trkpt>
   <trkpt lat="38.85517" lon="-0.65664">
    <ele>686.36</ele>
   </trkpt>
   <trkpt lat="38.855160000000005" lon="-0.65646">
    <ele>685.6300000000001</ele>
   </trkpt>
   <trkpt lat="38.855290000000004" lon="-0.65578">
    <ele>681.61</ele>
   </trkpt>
   <trkpt lat="38.85526" lon="-0.65563">
    <ele>681.61</ele>
   </trkpt>
   <trkpt lat="38.85519" lon="-0.65551">
    <ele>678.1700000000001</ele>
   </trkpt>
   <trkpt lat="38.8551" lon="-0.65542">
    <ele>678.1700000000001</ele>
   </trkpt>
   <trkpt lat="38.85501" lon="-0.65539">
    <ele>678.1700000000001</ele>
   </trkpt>
   <trkpt lat="38.854820000000004" lon="-0.65542">
    <ele>676.59</ele>
   </trkpt>
   <trkpt lat="38.85475" lon="-0.65549">
    <ele>676.59</ele>
   </trkpt>
   <trkpt lat="38.85466" lon="-0.65563">
    <ele>672.95</ele>
   </trkpt>
   <trkpt lat="38.854200000000006" lon="-0.65656">
    <ele>667.0100000000001</ele>
   </trkpt>
   <trkpt lat="38.854110000000006" lon="-0.65683">
    <ele>664.8000000000001</ele>
   </trkpt>
   <trkpt lat="38.854000000000006" lon="-0.65734">
    <ele>662.6200000000001</ele>
   </trkpt>
   <trkpt lat="38.85398" lon="-0.6575300000000001">
    <ele>661.02</ele>
   </trkpt>
   <trkpt lat="38.854000000000006" lon="-0.6578200000000001">
    <ele>660.2</ele>
   </trkpt>
   <trkpt lat="38.85403" lon="-0.6579200000000001">
    <ele>659.6200000000001</ele>
   </trkpt>
   <trkpt lat="38.854110000000006" lon="-0.658">
    <ele>659.0</ele>
   </trkpt>
   <trkpt lat="38.854440000000004" lon="-0.6581400000000001">
    <ele>656.22</ele>
   </trkpt>
   <trkpt lat="38.8545" lon="-0.65819">
    <ele>656.22</ele>
   </trkpt>
   <trkpt lat="38.85455" lon="-0.65829">
    <ele>654.6800000000001</ele>
   </trkpt>
   <trkpt lat="38.85457" lon="-0.6584800000000001">
    <ele>653.6700000000001</ele>
   </trkpt>
   <trkpt lat="38.854510000000005" lon="-0.65863">
    <ele>652.6200000000001</ele>
   </trkpt>
   <trkpt lat="38.85441" lon="-0.6587500000000001">
    <ele>651.6800000000001</ele>
   </trkpt>
   <trkpt lat="38.854350000000004" lon="-0.65885">
    <ele>651.1</ele>
   </trkpt>
   <trkpt lat="38.8543" lon="-0.65907">
    <ele>649.72</ele>
   </trkpt>
   <trkpt lat="38.854330000000004" lon="-0.65924">
    <ele>648.48</ele>
   </trkpt>
   <trkpt lat="38.85466" lon="-0.6596500000000001">
    <ele>646.61</ele>
   </trkpt>
   <trkpt lat="38.85472" lon="-0.65981">
    <ele>645.8900000000001</ele>
   </trkpt>
   <trkpt lat="38.85472" lon="-0.6599">
    <ele>645.8900000000001</ele>
   </trkpt>
   <trkpt lat="38.854690000000005" lon="-0.66">
    <ele>645.26</ele>
   </trkpt>
   <trkpt lat="38.85463" lon="-0.6600900000000001">
    <ele>645.26</ele>
   </trkpt>
   <trkpt lat="38.8545" lon="-0.66019">
    <ele>644.73</ele>
   </trkpt>
   <trkpt lat="38.854400000000005" lon="-0.66022">
    <ele>643.63</ele>
   </trkpt>
   <trkpt lat="38.853790000000004" lon="-0.66024">
    <ele>642.0</ele>
   </trkpt>
   <trkpt lat="38.8537" lon="-0.6602">
    <ele>642.0</ele>
   </trkpt>
   <trkpt lat="38.85363" lon="-0.6601400000000001">
    <ele>641.61</ele>
   </trkpt>
   <trkpt lat="38.853320000000004" lon="-0.6595300000000001">
    <ele>639.3700000000001</ele>
   </trkpt>
   <trkpt lat="38.85313" lon="-0.65924">
    <ele>636.99</ele>
   </trkpt>
   <trkpt lat="38.852590000000006" lon="-0.65873">
    <ele>633.6800000000001</ele>
   </trkpt>
   <trkpt lat="38.85248" lon="-0.65866">
    <ele>633.6800000000001</ele>
   </trkpt>
   <trkpt lat="38.85235" lon="-0.65864">
    <ele>630.4900000000001</ele>
   </trkpt>
   <trkpt lat="38.85165000000001" lon="-0.65863">
    <ele>628.8100000000001</ele>
   </trkpt>
   <trkpt lat="38.85154" lon="-0.65861">
    <ele>627.0400000000001</ele>
   </trkpt>
   <trkpt lat="38.851310000000005" lon="-0.65839">
    <ele>626.48</ele>
   </trkpt>
   <trkpt lat="38.851220000000005" lon="-0.65815">
    <ele>625.0500000000001</ele>
   </trkpt>
   <trkpt lat="38.851220000000005" lon="-0.6580400000000001">
    <ele>625.0500000000001</ele>
   </trkpt>
   <trkpt lat="38.85126" lon="-0.65785">
    <ele>624.11</ele>
   </trkpt>
   <trkpt lat="38.851510000000005" lon="-0.65707">
    <ele>621.26</ele>
   </trkpt>
   <trkpt lat="38.85163" lon="-0.65624">
    <ele>617.07</ele>
   </trkpt>
   <trkpt lat="38.851960000000005" lon="-0.65551">
    <ele>611.59</ele>
   </trkpt>
   <trkpt lat="38.85211" lon="-0.65493">
    <ele>608.08</ele>
   </trkpt>
   <trkpt lat="38.85221000000001" lon="-0.65473">
    <ele>606.68</ele>
   </trkpt>
   <trkpt lat="38.85239" lon="-0.65451">
    <ele>605.94</ele>
   </trkpt>
   <trkpt lat="38.852470000000004" lon="-0.6543500000000001">
    <ele>604.99</ele>
   </trkpt>
   <trkpt lat="38.852500000000006" lon="-0.6542">
    <ele>603.82</ele>
   </trkpt>
   <trkpt lat="38.852500000000006" lon="-0.65405">
    <ele>603.1500000000001</ele>
   </trkpt>
   <trkpt lat="38.85244" lon="-0.65388">
    <ele>601.75</ele>
   </trkpt>
   <trkpt lat="38.8522" lon="-0.6534800000000001">
    <ele>599.82</ele>
   </trkpt>
   <trkpt lat="38.852160000000005" lon="-0.65327">
    <ele>598.2900000000001</ele>
   </trkpt>
   <trkpt lat="38.85215" lon="-0.653">
    <ele>595.7800000000001</ele>
   </trkpt>
   <trkpt lat="38.85218500346237" lon="-0.6521000002077718">
    <ele>592.1500000000001</ele>
   </trkpt>
   <trkpt lat="38.85222" lon="-0.6512">
    <ele>587.33</ele>
   </trkpt>
   <trkpt lat="38.85221000000001" lon="-0.651">
    <ele>586.37</ele>
   </trkpt>
   <trkpt lat="38.85217" lon="-0.65088">
    <ele>586.37</ele>
   </trkpt>
   <trkpt lat="38.851855002135984" lon="-0.6501599966421299">
    <ele>580.95</ele>
   </trkpt>
   <trkpt lat="38.85154" lon="-0.64944">
    <ele>576.89</ele>
   </trkpt>
   <trkpt lat="38.851420000000005" lon="-0.64849">
    <ele>574.09</ele>
   </trkpt>
   <trkpt lat="38.85136" lon="-0.64832">
    <ele>573.16</ele>
   </trkpt>
   <trkpt lat="38.85121" lon="-0.6482500000000001">
    <ele>572.1500000000001</ele>
   </trkpt>
   <trkpt lat="38.85038" lon="-0.6479">
    <ele>564.82</ele>
   </trkpt>
   <trkpt lat="38.84989" lon="-0.6478600000000001">
    <ele>561.27</ele>
   </trkpt>
   <trkpt lat="38.849720000000005" lon="-0.64788">
    <ele>559.86</ele>
   </trkpt>
   <trkpt lat="38.8496" lon="-0.64798">
    <ele>558.86</ele>
   </trkpt>
   <trkpt lat="38.849340000000005" lon="-0.64851">
    <ele>555.64</ele>
   </trkpt>
   <trkpt lat="38.8492" lon="-0.64871">
    <ele>553.74</ele>
   </trkpt>
   <trkpt lat="38.84906" lon="-0.64881">
    <ele>551.9200000000001</ele>
   </trkpt>
   <trkpt lat="38.84886" lon="-0.6489">
    <ele>549.6600000000001</ele>
   </trkpt>
   <trkpt lat="38.848710000000004" lon="-0.64893">
    <ele>549.6600000000001</ele>
   </trkpt>
   <trkpt lat="38.848400000000005" lon="-0.64895">
    <ele>546.4499999999999</ele>
   </trkpt>
   <trkpt lat="38.84821" lon="-0.6489">
    <ele>543.52</ele>
   </trkpt>
   <trkpt lat="38.847820000000006" lon="-0.64871">
    <ele>541.07</ele>
   </trkpt>
   <trkpt lat="38.84765" lon="-0.64856">
    <ele>538.97</ele>
   </trkpt>
   <trkpt lat="38.84752" lon="-0.64834">
    <ele>536.9200000000001</ele>
   </trkpt>
   <trkpt lat="38.84736" lon="-0.648">
    <ele>534.6899999999999</ele>
   </trkpt>
   <trkpt lat="38.84727" lon="-0.6479">
    <ele>534.6899999999999</ele>
   </trkpt>
   <trkpt lat="38.847100000000005" lon="-0.6478200000000001">
    <ele>533.09</ele>
   </trkpt>
   <trkpt lat="38.846940000000004" lon="-0.64778">
    <ele>531.08</ele>
   </trkpt>
   <trkpt lat="38.84630000000001" lon="-0.64788">
    <ele>526.9</ele>
   </trkpt>
   <trkpt lat="38.8461" lon="-0.64788">
    <ele>526.9</ele>
   </trkpt>
   <trkpt lat="38.845980000000004" lon="-0.6478200000000001">
    <ele>524.49</ele>
   </trkpt>
   <trkpt lat="38.84564" lon="-0.64759">
    <ele>522.49</ele>
   </trkpt>
   <trkpt lat="38.84494" lon="-0.64751">
    <ele>517.4100000000001</ele>
   </trkpt>
   <trkpt lat="38.84456" lon="-0.6472600000000001">
    <ele>514.35</ele>
   </trkpt>
   <trkpt lat="38.84445" lon="-0.6472">
    <ele>514.35</ele>
   </trkpt>
   <trkpt lat="38.84389" lon="-0.64705">
    <ele>509.83</ele>
   </trkpt>
   <trkpt lat="38.84375" lon="-0.6471">
    <ele>509.83</ele>
   </trkpt>
   <trkpt lat="38.843210000000006" lon="-0.64739">
    <ele>507.56</ele>
   </trkpt>
   <trkpt lat="38.8431" lon="-0.64744">
    <ele>507.56</ele>
   </trkpt>
   <trkpt lat="38.84299" lon="-0.64744">
    <ele>507.3500000000001</ele>
   </trkpt>
   <trkpt lat="38.842710000000004" lon="-0.64729">
    <ele>506.40000000000003</ele>
   </trkpt>
   <trkpt lat="38.84244" lon="-0.6468200000000001">
    <ele>505.38000000000005</ele>
   </trkpt>
   <trkpt lat="38.842150000000004" lon="-0.6461600000000001">
    <ele>504.49</ele>
   </trkpt>
   <trkpt lat="38.842090000000006" lon="-0.64598">
    <ele>503.58000000000004</ele>
   </trkpt>
   <trkpt lat="38.842040000000004" lon="-0.64561">
    <ele>502.92</ele>
   </trkpt>
   <trkpt lat="38.84205" lon="-0.64532">
    <ele>502.41</ele>
   </trkpt>
   <trkpt lat="38.84216500220928" lon="-0.6446000011674982">
    <ele>499.1700000000001</ele>
   </trkpt>
   <trkpt lat="38.84228" lon="-0.64388">
    <ele>494.71000000000004</ele>
   </trkpt>
   <trkpt lat="38.842310000000005" lon="-0.64354">
    <ele>494.71000000000004</ele>
   </trkpt>
   <trkpt lat="38.842270000000006" lon="-0.64329">
    <ele>491.09000000000003</ele>
   </trkpt>
   <trkpt lat="38.842150000000004" lon="-0.6429900000000001">
    <ele>491.09000000000003</ele>
   </trkpt>
   <trkpt lat="38.84198000000001" lon="-0.64271">
    <ele>489.03000000000003</ele>
   </trkpt>
   <trkpt lat="38.84172" lon="-0.6424200000000001">
    <ele>486.48</ele>
   </trkpt>
   <trkpt lat="38.841590000000004" lon="-0.64232">
    <ele>485.46000000000004</ele>
   </trkpt>
   <trkpt lat="38.841460000000005" lon="-0.64229">
    <ele>484.40000000000003</ele>
   </trkpt>
   <trkpt lat="38.84102" lon="-0.64232">
    <ele>480.68000000000006</ele>
   </trkpt>
   <trkpt lat="38.840920000000004" lon="-0.64232">
    <ele>480.02000000000004</ele>
   </trkpt>
   <trkpt lat="38.84075" lon="-0.64222">
    <ele>479.08000000000004</ele>
   </trkpt>
   <trkpt lat="38.840115003970844" lon="-0.6416624850719398">
    <ele>474.95000000000005</ele>
   </trkpt>
   <trkpt lat="38.83948000529174" lon="-0.6411049800938473">
    <ele>469.21</ele>
   </trkpt>
   <trkpt lat="38.83884500396283" lon="-0.6405474850653605">
    <ele>465.37000000000006</ele>
   </trkpt>
   <trkpt lat="38.838210000000004" lon="-0.6399900000000001">
    <ele>459.79</ele>
   </trkpt>
   <trkpt lat="38.83787" lon="-0.6397700000000001">
    <ele>455.87000000000006</ele>
   </trkpt>
   <trkpt lat="38.83709500081056" lon="-0.6393099949363948">
    <ele>449.51</ele>
   </trkpt>
   <trkpt lat="38.83632" lon="-0.63885">
    <ele>443.48</ele>
   </trkpt>
   <trkpt lat="38.83593500055879" lon="-0.6385199982959058">
    <ele>441.63</ele>
   </trkpt>
   <trkpt lat="38.835550000000005" lon="-0.63819">
    <ele>440.92</ele>
   </trkpt>
   <trkpt lat="38.835390000000004" lon="-0.63802">
    <ele>440.51</ele>
   </trkpt>
   <trkpt lat="38.8348000021108" lon="-0.6373149941464018">
    <ele>439.88000000000005</ele>
   </trkpt>
   <trkpt lat="38.834210000000006" lon="-0.63661">
    <ele>439.59000000000003</ele>
   </trkpt>
   <trkpt lat="38.83408" lon="-0.63639">
    <ele>439.59000000000003</ele>
   </trkpt>
   <trkpt lat="38.83378667152661" lon="-0.635633327041918">
    <ele>439.34</ele>
   </trkpt>
   <trkpt lat="38.83349333817208" lon="-0.6348766603206556">
    <ele>438.55000000000007</ele>
   </trkpt>
   <trkpt lat="38.833200000000005" lon="-0.63412">
    <ele>437.93</ele>
   </trkpt>
   <trkpt lat="38.832800000000006" lon="-0.63331">
    <ele>437.06000000000006</ele>
   </trkpt>
   <trkpt lat="38.83237001037016" lon="-0.632529981145962">
    <ele>433.97</ele>
   </trkpt>
   <trkpt lat="38.83194001555341" lon="-0.6317499717160268">
    <ele>430.55</ele>
   </trkpt>
   <trkpt lat="38.831510015549895" lon="-0.6309699717100498">
    <ele>426.18000000000006</ele>
   </trkpt>
   <trkpt lat="38.831080010359756" lon="-0.6301899811278854">
    <ele>422.86</ele>
   </trkpt>
   <trkpt lat="38.830650000000006" lon="-0.62941">
    <ele>419.50000000000006</ele>
   </trkpt>
   <trkpt lat="38.83028" lon="-0.6289">
    <ele>416.98</ele>
   </trkpt>
   <trkpt lat="38.82984500137156" lon="-0.628329996499381">
    <ele>414.04</ele>
   </trkpt>
   <trkpt lat="38.82941" lon="-0.6277600000000001">
    <ele>412.73</ele>
   </trkpt>
   <trkpt lat="38.8292" lon="-0.62763">
    <ele>412.89000000000004</ele>
   </trkpt>
   <trkpt lat="38.829150000000006" lon="-0.6276200000000001">
    <ele>412.89000000000004</ele>
   </trkpt>
   <trkpt lat="38.82909" lon="-0.62758">
    <ele>412.75000000000006</ele>
   </trkpt>
   <trkpt lat="38.82907" lon="-0.62756">
    <ele>412.75000000000006</ele>
   </trkpt>
   <trkpt lat="38.82907" lon="-0.62744">
    <ele>412.78000000000003</ele>
   </trkpt>
   <trkpt lat="38.829040000000006" lon="-0.62729">
    <ele>412.76</ele>
   </trkpt>
   <trkpt lat="38.82896" lon="-0.6271500000000001">
    <ele>412.76</ele>
   </trkpt>
   <trkpt lat="38.82853000128042" lon="-0.6265899965441384">
    <ele>412.73</ele>
   </trkpt>
   <trkpt lat="38.828100000000006" lon="-0.6260300000000001">
    <ele>413.01000000000005</ele>
   </trkpt>
   <trkpt lat="38.827850000000005" lon="-0.62575">
    <ele>413.5</ele>
   </trkpt>
   <trkpt lat="38.82762" lon="-0.62558">
    <ele>414.18000000000006</ele>
   </trkpt>
   <trkpt lat="38.82737" lon="-0.62548">
    <ele>414.69000000000005</ele>
   </trkpt>
   <trkpt lat="38.82699" lon="-0.62536">
    <ele>416.73</ele>
   </trkpt>
   <trkpt lat="38.82614000048618" lon="-0.6251133274340127">
    <ele>419.84000000000003</ele>
   </trkpt>
   <trkpt lat="38.82529000045366" lon="-0.6248666607580179">
    <ele>419.68000000000006</ele>
   </trkpt>
   <trkpt lat="38.82444" lon="-0.6246200000000001">
    <ele>416.66</ele>
   </trkpt>
   <trkpt lat="38.82399" lon="-0.6244700000000001">
    <ele>413.75</ele>
   </trkpt>
   <trkpt lat="38.82316000105752" lon="-0.6241166584263272">
    <ele>406.52000000000004</ele>
   </trkpt>
   <trkpt lat="38.82233000105077" lon="-0.6237633250902698">
    <ele>401.17</ele>
   </trkpt>
   <trkpt lat="38.8215" lon="-0.62341">
    <ele>395.27</ele>
   </trkpt>
   <trkpt lat="38.821270000000005" lon="-0.6233200000000001">
    <ele>393.84000000000003</ele>
   </trkpt>
   <trkpt lat="38.82114" lon="-0.62334">
    <ele>393.71000000000004</ele>
   </trkpt>
   <trkpt lat="38.82099" lon="-0.62338">
    <ele>393.40000000000003</ele>
   </trkpt>
   <trkpt lat="38.82094" lon="-0.6234400000000001">
    <ele>393.6</ele>
   </trkpt>
   <trkpt lat="38.820870000000006" lon="-0.62348">
    <ele>393.28000000000003</ele>
   </trkpt>
   <trkpt lat="38.82079" lon="-0.62346">
    <ele>393.28000000000003</ele>
   </trkpt>
   <trkpt lat="38.82072" lon="-0.62336">
    <ele>393.01</ele>
   </trkpt>
   <trkpt lat="38.820710000000005" lon="-0.6233000000000001">
    <ele>393.01</ele>
   </trkpt>
   <trkpt lat="38.82072" lon="-0.62324">
    <ele>393.01</ele>
   </trkpt>
   <trkpt lat="38.82077" lon="-0.6231300000000001">
    <ele>392.79</ele>
   </trkpt>
   <trkpt lat="38.82083" lon="-0.6229">
    <ele>391.92</ele>
   </trkpt>
   <trkpt lat="38.820870000000006" lon="-0.62231">
    <ele>389.49000000000007</ele>
   </trkpt>
   <trkpt lat="38.82089000465552" lon="-0.6212650002378176">
    <ele>386.18</ele>
   </trkpt>
   <trkpt lat="38.820910000000005" lon="-0.6202200000000001">
    <ele>382.63</ele>
   </trkpt>
   <trkpt lat="38.82086" lon="-0.6199">
    <ele>381.61</ele>
   </trkpt>
   <trkpt lat="38.820780000000006" lon="-0.6195900000000001">
    <ele>381.29</ele>
   </trkpt>
   <trkpt lat="38.8207" lon="-0.61948">
    <ele>381.11</ele>
   </trkpt>
   <trkpt lat="38.820660000000004" lon="-0.61931">
    <ele>380.67</ele>
   </trkpt>
   <trkpt lat="38.8207" lon="-0.6191300000000001">
    <ele>379.5</ele>
   </trkpt>
   <trkpt lat="38.820800000000006" lon="-0.6190100000000001">
    <ele>379.59000000000003</ele>
   </trkpt>
   <trkpt lat="38.820890000000006" lon="-0.6187">
    <ele>378.65000000000003</ele>
   </trkpt>
   <trkpt lat="38.820930000000004" lon="-0.61804">
    <ele>377.61000000000007</ele>
   </trkpt>
   <trkpt lat="38.82104000444777" lon="-0.6170200014518422">
    <ele>373.73</ele>
   </trkpt>
   <trkpt lat="38.82115" lon="-0.6160000000000001">
    <ele>370.83000000000004</ele>
   </trkpt>
   <trkpt lat="38.82128" lon="-0.61551">
    <ele>368.77000000000004</ele>
   </trkpt>
   <trkpt lat="38.82126" lon="-0.61546">
    <ele>368.77000000000004</ele>
   </trkpt>
   <trkpt lat="38.821290000000005" lon="-0.61531">
    <ele>368.7300000000001</ele>
   </trkpt>
   <trkpt lat="38.821340000000006" lon="-0.61521">
    <ele>368.7300000000001</ele>
   </trkpt>
   <trkpt lat="38.821690000000004" lon="-0.61465">
    <ele>366.70000000000005</ele>
   </trkpt>
   <trkpt lat="38.822190000000006" lon="-0.6139">
    <ele>365.00000000000006</ele>
   </trkpt>
   <trkpt lat="38.82231" lon="-0.6135600000000001">
    <ele>364.37</ele>
   </trkpt>
   <trkpt lat="38.82233" lon="-0.6133900000000001">
    <ele>363.76000000000005</ele>
   </trkpt>
   <trkpt lat="38.82231" lon="-0.6132700000000001">
    <ele>363.38000000000005</ele>
   </trkpt>
   <trkpt lat="38.822340000000004" lon="-0.61319">
    <ele>363.06000000000006</ele>
   </trkpt>
   <trkpt lat="38.822410000000005" lon="-0.61314">
    <ele>363.06000000000006</ele>
   </trkpt>
   <trkpt lat="38.822500000000005" lon="-0.61312">
    <ele>363.1</ele>
   </trkpt>
   <trkpt lat="38.822570000000006" lon="-0.6130500000000001">
    <ele>363.13</ele>
   </trkpt>
   <trkpt lat="38.823260000000005" lon="-0.61253">
    <ele>360.47</ele>
   </trkpt>
   <trkpt lat="38.82334" lon="-0.6125200000000001">
    <ele>360.47</ele>
   </trkpt>
   <trkpt lat="38.8237400003988" lon="-0.6122100017499178">
    <ele>358.41</ele>
   </trkpt>
   <trkpt lat="38.82414" lon="-0.6119">
    <ele>357.25</ele>
   </trkpt>
   <trkpt lat="38.8243" lon="-0.61175">
    <ele>356.04</ele>
   </trkpt>
   <trkpt lat="38.82466" lon="-0.61124">
    <ele>353.14</ele>
   </trkpt>
   <trkpt lat="38.82475" lon="-0.6110800000000001">
    <ele>352.2</ele>
   </trkpt>
   <trkpt lat="38.82488" lon="-0.6107100000000001">
    <ele>351.7</ele>
   </trkpt>
   <trkpt lat="38.82490000000001" lon="-0.6105900000000001">
    <ele>351.34000000000003</ele>
   </trkpt>
   <trkpt lat="38.824920000000006" lon="-0.6105700000000001">
    <ele>351.34000000000003</ele>
   </trkpt>
   <trkpt lat="38.82499" lon="-0.6103000000000001">
    <ele>350.5</ele>
   </trkpt>
   <trkpt lat="38.825010000000006" lon="-0.61019">
    <ele>350.38</ele>
   </trkpt>
   <trkpt lat="38.824960000000004" lon="-0.60946">
    <ele>350.05</ele>
   </trkpt>
   <trkpt lat="38.82499" lon="-0.60923">
    <ele>349.94</ele>
   </trkpt>
   <trkpt lat="38.825336670226754" lon="-0.6085833396396219">
    <ele>347.55</ele>
   </trkpt>
   <trkpt lat="38.825683336888694" lon="-0.6079366729818555">
    <ele>343.96000000000004</ele>
   </trkpt>
   <trkpt lat="38.82603" lon="-0.60729">
    <ele>341.54</ele>
   </trkpt>
   <trkpt lat="38.82634" lon="-0.60677">
    <ele>338.48</ele>
   </trkpt>
   <trkpt lat="38.826440000000005" lon="-0.60668">
    <ele>338.48</ele>
   </trkpt>
   <trkpt lat="38.826620000000005" lon="-0.60658">
    <ele>336.64000000000004</ele>
   </trkpt>
   <trkpt lat="38.82715" lon="-0.60641">
    <ele>334.14000000000004</ele>
   </trkpt>
   <trkpt lat="38.827310000000004" lon="-0.60633">
    <ele>333.71</ele>
   </trkpt>
   <trkpt lat="38.82746" lon="-0.60614">
    <ele>333.67</ele>
   </trkpt>
   <trkpt lat="38.82753" lon="-0.60601">
    <ele>333.79</ele>
   </trkpt>
   <trkpt lat="38.827540000000006" lon="-0.60587">
    <ele>334.04</ele>
   </trkpt>
   <trkpt lat="38.827490000000004" lon="-0.6056">
    <ele>334.13000000000005</ele>
   </trkpt>
   <trkpt lat="38.827380000000005" lon="-0.6053700000000001">
    <ele>334.38</ele>
   </trkpt>
   <trkpt lat="38.82688000442665" lon="-0.6046466564578767">
    <ele>334.44</ele>
   </trkpt>
   <trkpt lat="38.826380004392945" lon="-0.6039233230759334">
    <ele>335.91</ele>
   </trkpt>
   <trkpt lat="38.825880000000005" lon="-0.6032000000000001">
    <ele>339.68</ele>
   </trkpt>
   <trkpt lat="38.825610000000005" lon="-0.60296">
    <ele>342.01000000000005</ele>
   </trkpt>
   <trkpt lat="38.825570000000006" lon="-0.6029500000000001">
    <ele>342.01000000000005</ele>
   </trkpt>
   <trkpt lat="38.82553" lon="-0.60292">
    <ele>342.01000000000005</ele>
   </trkpt>
   <trkpt lat="38.82551" lon="-0.60282">
    <ele>342.48</ele>
   </trkpt>
   <trkpt lat="38.825540000000004" lon="-0.60277">
    <ele>342.48</ele>
   </trkpt>
   <trkpt lat="38.8256" lon="-0.60275">
    <ele>342.22</ele>
   </trkpt>
   <trkpt lat="38.825646672826025" lon="-0.6019000011100177">
    <ele>343.34000000000003</ele>
   </trkpt>
   <trkpt lat="38.82569333949294" lon="-0.6010500011056725">
    <ele>343.36000000000007</ele>
   </trkpt>
   <trkpt lat="38.82574" lon="-0.6002000000000001">
    <ele>343.23</ele>
   </trkpt>
   <trkpt lat="38.82569" lon="-0.60019">
    <ele>343.7</ele>
   </trkpt>
   <trkpt lat="38.82569" lon="-0.6001200000000001">
    <ele>343.7</ele>
   </trkpt>
   <trkpt lat="38.82571" lon="-0.60009">
    <ele>343.08000000000004</ele>
   </trkpt>
   <trkpt lat="38.82574" lon="-0.60006">
    <ele>343.08000000000004</ele>
   </trkpt>
   <trkpt lat="38.82580334384036" lon="-0.5989500019105611">
    <ele>342.18</ele>
   </trkpt>
   <trkpt lat="38.82586667717739" lon="-0.5978400018461271">
    <ele>341.86000000000007</ele>
   </trkpt>
   <trkpt lat="38.82593000000001" lon="-0.5967300000000001">
    <ele>341.96000000000004</ele>
   </trkpt>
   <trkpt lat="38.82584000000001" lon="-0.5965400000000001">
    <ele>342.34000000000003</ele>
   </trkpt>
   <trkpt lat="38.8258" lon="-0.5965100000000001">
    <ele>342.59</ele>
   </trkpt>
   <trkpt lat="38.825070000000004" lon="-0.59643">
    <ele>347.90000000000003</ele>
   </trkpt>
   <trkpt lat="38.824960000000004" lon="-0.59641">
    <ele>347.90000000000003</ele>
   </trkpt>
   <trkpt lat="38.82453000041197" lon="-0.5961299983596244">
    <ele>351.96999999999997</ele>
   </trkpt>
   <trkpt lat="38.8241" lon="-0.5958500000000001">
    <ele>354.53000000000003</ele>
   </trkpt>
   <trkpt lat="38.824040000000004" lon="-0.5960000000000001">
    <ele>351.25</ele>
   </trkpt>
  </trkseg>
 </trk>
</gpx>
