<?xml version="1.0" encoding="UTF-8" standalone="no" ?>
<gpx xmlns="http://www.topografix.com/GPX/1/1" xmlns:xsi="http://www.w3.org/2001/XMLSchema-instance" xmlns:gpx_style="http://www.topografix.com/GPX/gpx_style/0/2" xsi:schemaLocation="http://www.topografix.com/GPX/1/1 http://www.topografix.com/GPX/1/1/gpx.xsd http://www.topografix.com/GPX/gpx_style/0/2 http://www.topografix.com/GPX/gpx_style/0/2/gpx_style.xsd" version="1.1" creator="Map Plus 2.8.11.1">
  <metadata>
    <link href="http://www.duweis.com">
      <text>Map Plus</text>
    </link>
    <time>2021-09-05T09:39:10Z</time>
  </metadata>

  <trk>
    <name>Track QH 2021</name>
    <cmt>Belongs to Track QH 2021</cmt>
    <extensions>
      <gpx_style:line>
        <gpx_style:color>ff0000</gpx_style:color>
        <gpx_style:width>3000</gpx_style:width>
      </gpx_style:line>
    </extensions>
    <trkseg>
      <trkpt lat="42.505417" lon="-0.357856">
        <ele>771.1</ele>
      </trkpt>
      <trkpt lat="42.505558" lon="-0.358329">
        <ele>769.2</ele>
      </trkpt>
      <trkpt lat="42.505601" lon="-0.358476">
        <ele>768.4</ele>
      </trkpt>
      <trkpt lat="42.505721" lon="-0.358544">
        <ele>767.6</ele>
      </trkpt>
      <trkpt lat="42.505822" lon="-0.358509">
        <ele>767.5</ele>
      </trkpt>
      <trkpt lat="42.506006" lon="-0.358417">
        <ele>767.5</ele>
      </trkpt>
      <trkpt lat="42.50632" lon="-0.358247">
        <ele>768.1</ele>
      </trkpt>
      <trkpt lat="42.506786" lon="-0.357978">
        <ele>770.8</ele>
      </trkpt>
      <trkpt lat="42.507102" lon="-0.357811">
        <ele>772.1</ele>
      </trkpt>
      <trkpt lat="42.507468" lon="-0.357566">
        <ele>770.5</ele>
      </trkpt>
      <trkpt lat="42.507829" lon="-0.357382">
        <ele>769.1</ele>
      </trkpt>
      <trkpt lat="42.508333" lon="-0.357094">
        <ele>770</ele>
      </trkpt>
      <trkpt lat="42.508892" lon="-0.356786">
        <ele>769.6</ele>
      </trkpt>
      <trkpt lat="42.509334" lon="-0.356527">
        <ele>768.1</ele>
      </trkpt>
      <trkpt lat="42.509693" lon="-0.356297">
        <ele>766.6</ele>
      </trkpt>
      <trkpt lat="42.510036" lon="-0.356135">
        <ele>763.7</ele>
      </trkpt>
      <trkpt lat="42.510363" lon="-0.356039">
        <ele>760.6</ele>
      </trkpt>
      <trkpt lat="42.510708" lon="-0.356066">
        <ele>762</ele>
      </trkpt>
      <trkpt lat="42.511161" lon="-0.35622">
        <ele>766</ele>
      </trkpt>
      <trkpt lat="42.511518" lon="-0.356485">
        <ele>770</ele>
      </trkpt>
      <trkpt lat="42.511843" lon="-0.356884">
        <ele>773.9</ele>
      </trkpt>
      <trkpt lat="42.512083" lon="-0.357252">
        <ele>776</ele>
      </trkpt>
      <trkpt lat="42.512471" lon="-0.357851">
        <ele>774.1</ele>
      </trkpt>
      <trkpt lat="42.512933" lon="-0.358574">
        <ele>776</ele>
      </trkpt>
      <trkpt lat="42.513616" lon="-0.359546">
        <ele>777.8</ele>
      </trkpt>
      <trkpt lat="42.513887" lon="-0.359933">
        <ele>777</ele>
      </trkpt>
      <trkpt lat="42.514095" lon="-0.360024">
        <ele>777.8</ele>
      </trkpt>
      <trkpt lat="42.514148" lon="-0.360226">
        <ele>777.5</ele>
      </trkpt>
      <trkpt lat="42.514463" lon="-0.360684">
        <ele>778.9</ele>
      </trkpt>
      <trkpt lat="42.515202" lon="-0.361702">
        <ele>782.1</ele>
      </trkpt>
      <trkpt lat="42.515902" lon="-0.362597">
        <ele>783.4</ele>
      </trkpt>
      <trkpt lat="42.51623" lon="-0.363007">
        <ele>783.4</ele>
      </trkpt>
      <trkpt lat="42.516471" lon="-0.363338">
        <ele>782.8</ele>
      </trkpt>
      <trkpt lat="42.516741" lon="-0.363631">
        <ele>782.7</ele>
      </trkpt>
      <trkpt lat="42.516907" lon="-0.363774">
        <ele>782.8</ele>
      </trkpt>
      <trkpt lat="42.517107" lon="-0.363838">
        <ele>783.4</ele>
      </trkpt>
      <trkpt lat="42.517446" lon="-0.363923">
        <ele>785.6</ele>
      </trkpt>
      <trkpt lat="42.517771" lon="-0.364006">
        <ele>788.1</ele>
      </trkpt>
      <trkpt lat="42.518007" lon="-0.364041">
        <ele>790.2</ele>
      </trkpt>
      <trkpt lat="42.518161" lon="-0.364097">
        <ele>791.6</ele>
      </trkpt>
      <trkpt lat="42.518265" lon="-0.364221">
        <ele>792.5</ele>
      </trkpt>
      <trkpt lat="42.5183" lon="-0.364407">
        <ele>792.5</ele>
      </trkpt>
      <trkpt lat="42.518288" lon="-0.364734">
        <ele>791.4</ele>
      </trkpt>
      <trkpt lat="42.518259" lon="-0.365262">
        <ele>789</ele>
      </trkpt>
      <trkpt lat="42.518172" lon="-0.366752">
        <ele>782.3</ele>
      </trkpt>
      <trkpt lat="42.518188" lon="-0.366961">
        <ele>781.5</ele>
      </trkpt>
      <trkpt lat="42.518225" lon="-0.367274">
        <ele>780.8</ele>
      </trkpt>
      <trkpt lat="42.518578" lon="-0.368099">
        <ele>781.7</ele>
      </trkpt>
      <trkpt lat="42.518756" lon="-0.368579">
        <ele>780.7</ele>
      </trkpt>
      <trkpt lat="42.519053" lon="-0.369431">
        <ele>782.9</ele>
      </trkpt>
      <trkpt lat="42.519492" lon="-0.370559">
        <ele>782.9</ele>
      </trkpt>
      <trkpt lat="42.520213" lon="-0.372442">
        <ele>783.6</ele>
      </trkpt>
      <trkpt lat="42.520326" lon="-0.372719">
        <ele>784</ele>
      </trkpt>
      <trkpt lat="42.520402" lon="-0.372957">
        <ele>784.1</ele>
      </trkpt>
      <trkpt lat="42.520467" lon="-0.373192">
        <ele>784.5</ele>
      </trkpt>
      <trkpt lat="42.520547" lon="-0.373496">
        <ele>785.1</ele>
      </trkpt>
      <trkpt lat="42.520614" lon="-0.373716">
        <ele>785.5</ele>
      </trkpt>
      <trkpt lat="42.520778" lon="-0.374324">
        <ele>785</ele>
      </trkpt>
      <trkpt lat="42.520896" lon="-0.374714">
        <ele>784.7</ele>
      </trkpt>
      <trkpt lat="42.521126" lon="-0.375338">
        <ele>783.5</ele>
      </trkpt>
      <trkpt lat="42.521322" lon="-0.375896">
        <ele>782.4</ele>
      </trkpt>
      <trkpt lat="42.521534" lon="-0.376497">
        <ele>784.8</ele>
      </trkpt>
      <trkpt lat="42.521658" lon="-0.376844">
        <ele>786.7</ele>
      </trkpt>
      <trkpt lat="42.521907" lon="-0.37741">
        <ele>786.3</ele>
      </trkpt>
      <trkpt lat="42.522191" lon="-0.377998">
        <ele>784.9</ele>
      </trkpt>
      <trkpt lat="42.522422" lon="-0.378425">
        <ele>785.7</ele>
      </trkpt>
      <trkpt lat="42.522758" lon="-0.379015">
        <ele>784.7</ele>
      </trkpt>
      <trkpt lat="42.522978" lon="-0.379393">
        <ele>784.5</ele>
      </trkpt>
      <trkpt lat="42.523228" lon="-0.379806">
        <ele>785.7</ele>
      </trkpt>
      <trkpt lat="42.523363" lon="-0.38007">
        <ele>785.7</ele>
      </trkpt>
      <trkpt lat="42.523493" lon="-0.380369">
        <ele>784.9</ele>
      </trkpt>
      <trkpt lat="42.523756" lon="-0.380998">
        <ele>783</ele>
      </trkpt>
      <trkpt lat="42.523986" lon="-0.38156">
        <ele>784.1</ele>
      </trkpt>
      <trkpt lat="42.524304" lon="-0.382319">
        <ele>785.7</ele>
      </trkpt>
      <trkpt lat="42.524559" lon="-0.382901">
        <ele>786</ele>
      </trkpt>
      <trkpt lat="42.52488" lon="-0.383685">
        <ele>787.8</ele>
      </trkpt>
      <trkpt lat="42.525335" lon="-0.384784">
        <ele>790.3</ele>
      </trkpt>
      <trkpt lat="42.525906" lon="-0.3861">
        <ele>789.7</ele>
      </trkpt>
      <trkpt lat="42.526229" lon="-0.386847">
        <ele>789.5</ele>
      </trkpt>
      <trkpt lat="42.526719" lon="-0.387927">
        <ele>791.2</ele>
      </trkpt>
      <trkpt lat="42.527305" lon="-0.389215">
        <ele>790.6</ele>
      </trkpt>
      <trkpt lat="42.527648" lon="-0.390003">
        <ele>790.7</ele>
      </trkpt>
      <trkpt lat="42.527826" lon="-0.39037">
        <ele>790.8</ele>
      </trkpt>
      <trkpt lat="42.528078" lon="-0.39078">
        <ele>791.4</ele>
      </trkpt>
      <trkpt lat="42.528295" lon="-0.391138">
        <ele>791.6</ele>
      </trkpt>
      <trkpt lat="42.528572" lon="-0.39147">
        <ele>791.9</ele>
      </trkpt>
      <trkpt lat="42.528988" lon="-0.391972">
        <ele>792.2</ele>
      </trkpt>
      <trkpt lat="42.529226" lon="-0.392289">
        <ele>792</ele>
      </trkpt>
      <trkpt lat="42.529483" lon="-0.392505">
        <ele>790.9</ele>
      </trkpt>
      <trkpt lat="42.529801" lon="-0.392753">
        <ele>790.3</ele>
      </trkpt>
      <trkpt lat="42.530207" lon="-0.393095">
        <ele>790.7</ele>
      </trkpt>
      <trkpt lat="42.530627" lon="-0.393457">
        <ele>791.8</ele>
      </trkpt>
      <trkpt lat="42.53085" lon="-0.393578">
        <ele>792.8</ele>
      </trkpt>
      <trkpt lat="42.531287" lon="-0.393796">
        <ele>794</ele>
      </trkpt>
      <trkpt lat="42.531547" lon="-0.393931">
        <ele>794.3</ele>
      </trkpt>
      <trkpt lat="42.53173" lon="-0.393949">
        <ele>794.7</ele>
      </trkpt>
      <trkpt lat="42.532153" lon="-0.39392">
        <ele>795.9</ele>
      </trkpt>
      <trkpt lat="42.532419" lon="-0.393886">
        <ele>797.3</ele>
      </trkpt>
      <trkpt lat="42.533295" lon="-0.393846">
        <ele>800.4</ele>
      </trkpt>
      <trkpt lat="42.534067" lon="-0.393788">
        <ele>802.2</ele>
      </trkpt>
      <trkpt lat="42.534702" lon="-0.393746">
        <ele>804.3</ele>
      </trkpt>
      <trkpt lat="42.534874" lon="-0.393756">
        <ele>804.7</ele>
      </trkpt>
      <trkpt lat="42.535159" lon="-0.393849">
        <ele>805.3</ele>
      </trkpt>
      <trkpt lat="42.535664" lon="-0.39402">
        <ele>805.4</ele>
      </trkpt>
      <trkpt lat="42.535842" lon="-0.394174">
        <ele>805</ele>
      </trkpt>
      <trkpt lat="42.53609" lon="-0.394389">
        <ele>804.4</ele>
      </trkpt>
      <trkpt lat="42.536314" lon="-0.3946">
        <ele>804</ele>
      </trkpt>
      <trkpt lat="42.536551" lon="-0.394891">
        <ele>803.9</ele>
      </trkpt>
      <trkpt lat="42.536944" lon="-0.395347">
        <ele>804.5</ele>
      </trkpt>
      <trkpt lat="42.537211" lon="-0.395698">
        <ele>805.6</ele>
      </trkpt>
      <trkpt lat="42.537572" lon="-0.396141">
        <ele>808.2</ele>
      </trkpt>
      <trkpt lat="42.537757" lon="-0.396322">
        <ele>809.7</ele>
      </trkpt>
      <trkpt lat="42.538021" lon="-0.396493">
        <ele>811.2</ele>
      </trkpt>
      <trkpt lat="42.538339" lon="-0.396702">
        <ele>812.4</ele>
      </trkpt>
      <trkpt lat="42.538712" lon="-0.396848">
        <ele>814.4</ele>
      </trkpt>
      <trkpt lat="42.538911" lon="-0.396915">
        <ele>815</ele>
      </trkpt>
      <trkpt lat="42.539159" lon="-0.396935">
        <ele>815.2</ele>
      </trkpt>
      <trkpt lat="42.539192" lon="-0.396875">
        <ele>814.9</ele>
      </trkpt>
      <trkpt lat="42.539228" lon="-0.396726">
        <ele>814.1</ele>
      </trkpt>
      <trkpt lat="42.539276" lon="-0.39659">
        <ele>813.4</ele>
      </trkpt>
      <trkpt lat="42.539392" lon="-0.396487">
        <ele>813</ele>
      </trkpt>
      <trkpt lat="42.539562" lon="-0.396479">
        <ele>813.1</ele>
      </trkpt>
      <trkpt lat="42.53971" lon="-0.39659">
        <ele>813.9</ele>
      </trkpt>
      <trkpt lat="42.539839" lon="-0.39668">
        <ele>814.7</ele>
      </trkpt>
      <trkpt lat="42.540168" lon="-0.396861">
        <ele>816.3</ele>
      </trkpt>
      <trkpt lat="42.540338" lon="-0.396996">
        <ele>817.4</ele>
      </trkpt>
      <trkpt lat="42.540569" lon="-0.397322">
        <ele>819.4</ele>
      </trkpt>
      <trkpt lat="42.540687" lon="-0.397627">
        <ele>820.5</ele>
      </trkpt>
      <trkpt lat="42.540739" lon="-0.397991">
        <ele>821.4</ele>
      </trkpt>
      <trkpt lat="42.54076" lon="-0.398235">
        <ele>822.1</ele>
      </trkpt>
      <trkpt lat="42.540793" lon="-0.398488">
        <ele>822.9</ele>
      </trkpt>
      <trkpt lat="42.540882" lon="-0.398787">
        <ele>823.5</ele>
      </trkpt>
      <trkpt lat="42.541045" lon="-0.39939">
        <ele>824.8</ele>
      </trkpt>
      <trkpt lat="42.541136" lon="-0.399669">
        <ele>825.5</ele>
      </trkpt>
      <trkpt lat="42.541293" lon="-0.400083">
        <ele>825.5</ele>
      </trkpt>
      <trkpt lat="42.541769" lon="-0.401253">
        <ele>825.5</ele>
      </trkpt>
      <trkpt lat="42.542133" lon="-0.402112">
        <ele>825</ele>
      </trkpt>
      <trkpt lat="42.542509" lon="-0.402998">
        <ele>824.4</ele>
      </trkpt>
      <trkpt lat="42.542798" lon="-0.403672">
        <ele>823.2</ele>
      </trkpt>
      <trkpt lat="42.54304" lon="-0.404278">
        <ele>823.3</ele>
      </trkpt>
      <trkpt lat="42.543718" lon="-0.405919">
        <ele>828.2</ele>
      </trkpt>
      <trkpt lat="42.543965" lon="-0.406511">
        <ele>828.3</ele>
      </trkpt>
      <trkpt lat="42.544149" lon="-0.406973">
        <ele>827.6</ele>
      </trkpt>
      <trkpt lat="42.544316" lon="-0.407403">
        <ele>827.9</ele>
      </trkpt>
      <trkpt lat="42.54449" lon="-0.407828">
        <ele>828.7</ele>
      </trkpt>
      <trkpt lat="42.544692" lon="-0.408418">
        <ele>830.4</ele>
      </trkpt>
      <trkpt lat="42.544887" lon="-0.408988">
        <ele>831.4</ele>
      </trkpt>
      <trkpt lat="42.545069" lon="-0.409597">
        <ele>831.6</ele>
      </trkpt>
      <trkpt lat="42.545254" lon="-0.410216">
        <ele>831.7</ele>
      </trkpt>
      <trkpt lat="42.545351" lon="-0.410577">
        <ele>831.3</ele>
      </trkpt>
      <trkpt lat="42.545455" lon="-0.410977">
        <ele>830.1</ele>
      </trkpt>
      <trkpt lat="42.545608" lon="-0.411621">
        <ele>830.2</ele>
      </trkpt>
      <trkpt lat="42.545767" lon="-0.412312">
        <ele>830.3</ele>
      </trkpt>
      <trkpt lat="42.54589" lon="-0.412863">
        <ele>829.1</ele>
      </trkpt>
      <trkpt lat="42.546007" lon="-0.413414">
        <ele>828.8</ele>
      </trkpt>
      <trkpt lat="42.546222" lon="-0.414421">
        <ele>829</ele>
      </trkpt>
      <trkpt lat="42.54636" lon="-0.41506">
        <ele>829.7</ele>
      </trkpt>
      <trkpt lat="42.546552" lon="-0.415912">
        <ele>828.6</ele>
      </trkpt>
      <trkpt lat="42.54674" lon="-0.416782">
        <ele>827.4</ele>
      </trkpt>
      <trkpt lat="42.547072" lon="-0.418264">
        <ele>827</ele>
      </trkpt>
      <trkpt lat="42.547258" lon="-0.419078">
        <ele>828.4</ele>
      </trkpt>
      <trkpt lat="42.547401" lon="-0.419581">
        <ele>829.5</ele>
      </trkpt>
      <trkpt lat="42.547491" lon="-0.41995">
        <ele>830</ele>
      </trkpt>
      <trkpt lat="42.547866" lon="-0.421245">
        <ele>831.9</ele>
      </trkpt>
      <trkpt lat="42.548079" lon="-0.421936">
        <ele>832.7</ele>
      </trkpt>
      <trkpt lat="42.548245" lon="-0.422541">
        <ele>832.6</ele>
      </trkpt>
      <trkpt lat="42.548438" lon="-0.423192">
        <ele>832.6</ele>
      </trkpt>
      <trkpt lat="42.548669" lon="-0.423883">
        <ele>833.4</ele>
      </trkpt>
      <trkpt lat="42.548862" lon="-0.424459">
        <ele>835.8</ele>
      </trkpt>
      <trkpt lat="42.549017" lon="-0.424943">
        <ele>836.9</ele>
      </trkpt>
      <trkpt lat="42.549111" lon="-0.425232">
        <ele>837.5</ele>
      </trkpt>
      <trkpt lat="42.549199" lon="-0.425568">
        <ele>838.9</ele>
      </trkpt>
      <trkpt lat="42.549329" lon="-0.425978">
        <ele>841.5</ele>
      </trkpt>
      <trkpt lat="42.549494" lon="-0.426576">
        <ele>845.9</ele>
      </trkpt>
      <trkpt lat="42.549573" lon="-0.426998">
        <ele>849.3</ele>
      </trkpt>
      <trkpt lat="42.549677" lon="-0.427455">
        <ele>850.2</ele>
      </trkpt>
      <trkpt lat="42.549813" lon="-0.428144">
        <ele>850.3</ele>
      </trkpt>
      <trkpt lat="42.549929" lon="-0.428746">
        <ele>849.8</ele>
      </trkpt>
      <trkpt lat="42.550018" lon="-0.429262">
        <ele>848.8</ele>
      </trkpt>
      <trkpt lat="42.550124" lon="-0.429871">
        <ele>847.7</ele>
      </trkpt>
      <trkpt lat="42.550173" lon="-0.430297">
        <ele>847</ele>
      </trkpt>
      <trkpt lat="42.550246" lon="-0.430831">
        <ele>846.1</ele>
      </trkpt>
      <trkpt lat="42.550309" lon="-0.431518">
        <ele>845.6</ele>
      </trkpt>
      <trkpt lat="42.550364" lon="-0.432243">
        <ele>845.8</ele>
      </trkpt>
      <trkpt lat="42.55038" lon="-0.432567">
        <ele>845.9</ele>
      </trkpt>
      <trkpt lat="42.550417" lon="-0.43312">
        <ele>846.2</ele>
      </trkpt>
      <trkpt lat="42.55046" lon="-0.43377">
        <ele>847.1</ele>
      </trkpt>
      <trkpt lat="42.550502" lon="-0.434748">
        <ele>847.6</ele>
      </trkpt>
      <trkpt lat="42.55054" lon="-0.435468">
        <ele>849.4</ele>
      </trkpt>
      <trkpt lat="42.55058" lon="-0.436092">
        <ele>849.4</ele>
      </trkpt>
      <trkpt lat="42.550655" lon="-0.437097">
        <ele>848.8</ele>
      </trkpt>
      <trkpt lat="42.550688" lon="-0.437521">
        <ele>848.6</ele>
      </trkpt>
      <trkpt lat="42.550705" lon="-0.437786">
        <ele>848.5</ele>
      </trkpt>
      <trkpt lat="42.55076" lon="-0.438259">
        <ele>848.5</ele>
      </trkpt>
      <trkpt lat="42.550834" lon="-0.438877">
        <ele>848.6</ele>
      </trkpt>
      <trkpt lat="42.550896" lon="-0.439369">
        <ele>849</ele>
      </trkpt>
      <trkpt lat="42.550991" lon="-0.439918">
        <ele>849.8</ele>
      </trkpt>
      <trkpt lat="42.551106" lon="-0.440594">
        <ele>850.8</ele>
      </trkpt>
      <trkpt lat="42.551271" lon="-0.441469">
        <ele>852.3</ele>
      </trkpt>
      <trkpt lat="42.551403" lon="-0.442111">
        <ele>853.2</ele>
      </trkpt>
      <trkpt lat="42.551535" lon="-0.442743">
        <ele>853.6</ele>
      </trkpt>
      <trkpt lat="42.551751" lon="-0.443719">
        <ele>855.4</ele>
      </trkpt>
      <trkpt lat="42.551925" lon="-0.444452">
        <ele>854.7</ele>
      </trkpt>
      <trkpt lat="42.552095" lon="-0.44521">
        <ele>854.3</ele>
      </trkpt>
      <trkpt lat="42.552297" lon="-0.446128">
        <ele>854.3</ele>
      </trkpt>
      <trkpt lat="42.55243" lon="-0.446742">
        <ele>855.8</ele>
      </trkpt>
      <trkpt lat="42.552565" lon="-0.447377">
        <ele>857.2</ele>
      </trkpt>
      <trkpt lat="42.552693" lon="-0.447953">
        <ele>857.5</ele>
      </trkpt>
      <trkpt lat="42.552789" lon="-0.448374">
        <ele>857.9</ele>
      </trkpt>
      <trkpt lat="42.552962" lon="-0.44919">
        <ele>858.6</ele>
      </trkpt>
      <trkpt lat="42.553124" lon="-0.449942">
        <ele>860.1</ele>
      </trkpt>
      <trkpt lat="42.553258" lon="-0.450549">
        <ele>861.9</ele>
      </trkpt>
      <trkpt lat="42.553402" lon="-0.451259">
        <ele>863.9</ele>
      </trkpt>
      <trkpt lat="42.553507" lon="-0.451732">
        <ele>864.5</ele>
      </trkpt>
      <trkpt lat="42.553708" lon="-0.452717">
        <ele>866.6</ele>
      </trkpt>
      <trkpt lat="42.553892" lon="-0.453507">
        <ele>868</ele>
      </trkpt>
      <trkpt lat="42.554056" lon="-0.454282">
        <ele>868.5</ele>
      </trkpt>
      <trkpt lat="42.554207" lon="-0.454943">
        <ele>869.2</ele>
      </trkpt>
      <trkpt lat="42.55436" lon="-0.455595">
        <ele>869.8</ele>
      </trkpt>
      <trkpt lat="42.554531" lon="-0.456383">
        <ele>870.5</ele>
      </trkpt>
      <trkpt lat="42.554715" lon="-0.457197">
        <ele>871</ele>
      </trkpt>
      <trkpt lat="42.554918" lon="-0.458135">
        <ele>873.7</ele>
      </trkpt>
      <trkpt lat="42.555009" lon="-0.458537">
        <ele>874.3</ele>
      </trkpt>
      <trkpt lat="42.55516" lon="-0.459249">
        <ele>875.3</ele>
      </trkpt>
      <trkpt lat="42.555257" lon="-0.459741">
        <ele>876.1</ele>
      </trkpt>
      <trkpt lat="42.555338" lon="-0.460105">
        <ele>876.5</ele>
      </trkpt>
      <trkpt lat="42.555399" lon="-0.460382">
        <ele>877</ele>
      </trkpt>
      <trkpt lat="42.555469" lon="-0.460809">
        <ele>877.5</ele>
      </trkpt>
      <trkpt lat="42.555529" lon="-0.461189">
        <ele>877.9</ele>
      </trkpt>
      <trkpt lat="42.555618" lon="-0.461674">
        <ele>877.9</ele>
      </trkpt>
      <trkpt lat="42.555671" lon="-0.462123">
        <ele>877.7</ele>
      </trkpt>
      <trkpt lat="42.55573" lon="-0.462606">
        <ele>877.6</ele>
      </trkpt>
      <trkpt lat="42.555769" lon="-0.462948">
        <ele>877.6</ele>
      </trkpt>
      <trkpt lat="42.5558" lon="-0.463383">
        <ele>877.8</ele>
      </trkpt>
      <trkpt lat="42.555833" lon="-0.463875">
        <ele>877.9</ele>
      </trkpt>
      <trkpt lat="42.555844" lon="-0.464135">
        <ele>877.7</ele>
      </trkpt>
      <trkpt lat="42.555874" lon="-0.464538">
        <ele>877.4</ele>
      </trkpt>
      <trkpt lat="42.555888" lon="-0.465056">
        <ele>876.8</ele>
      </trkpt>
      <trkpt lat="42.555913" lon="-0.465568">
        <ele>876.1</ele>
      </trkpt>
      <trkpt lat="42.555918" lon="-0.466089">
        <ele>874.9</ele>
      </trkpt>
      <trkpt lat="42.555922" lon="-0.466787">
        <ele>872.9</ele>
      </trkpt>
      <trkpt lat="42.555928" lon="-0.467022">
        <ele>872.2</ele>
      </trkpt>
      <trkpt lat="42.555934" lon="-0.467462">
        <ele>872</ele>
      </trkpt>
      <trkpt lat="42.555939" lon="-0.468111">
        <ele>872.3</ele>
      </trkpt>
      <trkpt lat="42.555942" lon="-0.46881">
        <ele>873.3</ele>
      </trkpt>
      <trkpt lat="42.555952" lon="-0.469755">
        <ele>872.7</ele>
      </trkpt>
      <trkpt lat="42.555956" lon="-0.470457">
        <ele>872.7</ele>
      </trkpt>
      <trkpt lat="42.555956" lon="-0.471323">
        <ele>871.6</ele>
      </trkpt>
      <trkpt lat="42.555963" lon="-0.472009">
        <ele>870.8</ele>
      </trkpt>
      <trkpt lat="42.555962" lon="-0.472803">
        <ele>871.6</ele>
      </trkpt>
      <trkpt lat="42.555965" lon="-0.473666">
        <ele>871.4</ele>
      </trkpt>
      <trkpt lat="42.555928" lon="-0.475251">
        <ele>870.8</ele>
      </trkpt>
      <trkpt lat="42.555907" lon="-0.477725">
        <ele>867.7</ele>
      </trkpt>
      <trkpt lat="42.555959" lon="-0.479816">
        <ele>867.1</ele>
      </trkpt>
      <trkpt lat="42.556192" lon="-0.481489">
        <ele>862.6</ele>
      </trkpt>
      <trkpt lat="42.556812" lon="-0.48345">
        <ele>858.5</ele>
      </trkpt>
      <trkpt lat="42.557363" lon="-0.485256">
        <ele>857.1</ele>
      </trkpt>
      <trkpt lat="42.557885" lon="-0.486308">
        <ele>862.6</ele>
      </trkpt>
      <trkpt lat="42.558327" lon="-0.488028">
        <ele>857.4</ele>
      </trkpt>
      <trkpt lat="42.558754" lon="-0.489334">
        <ele>849.8</ele>
      </trkpt>
      <trkpt lat="42.559057" lon="-0.491461">
        <ele>843.7</ele>
      </trkpt>
      <trkpt lat="42.559126" lon="-0.492926">
        <ele>844.3</ele>
      </trkpt>
      <trkpt lat="42.559212" lon="-0.494507">
        <ele>846.1</ele>
      </trkpt>
      <trkpt lat="42.5594" lon="-0.496284">
        <ele>846.2</ele>
      </trkpt>
      <trkpt lat="42.559764" lon="-0.497831">
        <ele>845</ele>
      </trkpt>
      <trkpt lat="42.560181" lon="-0.499304">
        <ele>848.3</ele>
      </trkpt>
      <trkpt lat="42.560911" lon="-0.500838">
        <ele>840.2</ele>
      </trkpt>
      <trkpt lat="42.561395" lon="-0.501779">
        <ele>836.2</ele>
      </trkpt>
      <trkpt lat="42.562381" lon="-0.503167">
        <ele>837.3</ele>
      </trkpt>
      <trkpt lat="42.563703" lon="-0.5044999999999999">
        <ele>834.2</ele>
      </trkpt>
      <trkpt lat="42.564575" lon="-0.505938">
        <ele>840.6</ele>
      </trkpt>
      <trkpt lat="42.565194" lon="-0.507686">
        <ele>836.5</ele>
      </trkpt>
      <trkpt lat="42.565549" lon="-0.508924">
        <ele>829.2</ele>
      </trkpt>
      <trkpt lat="42.565896" lon="-0.51062">
        <ele>822.9</ele>
      </trkpt>
      <trkpt lat="42.56614" lon="-0.51272">
        <ele>817.6</ele>
      </trkpt>
      <trkpt lat="42.56625" lon="-0.514097">
        <ele>816</ele>
      </trkpt>
      <trkpt lat="42.56637" lon="-0.5150169999999999">
        <ele>816.4</ele>
      </trkpt>
      <trkpt lat="42.566731" lon="-0.51688">
        <ele>819.7</ele>
      </trkpt>
      <trkpt lat="42.567155" lon="-0.518241">
        <ele>826.7</ele>
      </trkpt>
      <trkpt lat="42.567872" lon="-0.52073">
        <ele>836.5</ele>
      </trkpt>
      <trkpt lat="42.568606" lon="-0.522719">
        <ele>839.5</ele>
      </trkpt>
      <trkpt lat="42.569639" lon="-0.524568">
        <ele>841.1</ele>
      </trkpt>
      <trkpt lat="42.570634" lon="-0.525844">
        <ele>841.3</ele>
      </trkpt>
      <trkpt lat="42.57184" lon="-0.5269779999999999">
        <ele>843.4</ele>
      </trkpt>
      <trkpt lat="42.573496" lon="-0.528125">
        <ele>847.1</ele>
      </trkpt>
      <trkpt lat="42.57438" lon="-0.52882">
        <ele>845.7</ele>
      </trkpt>
      <trkpt lat="42.57555" lon="-0.52968">
        <ele>845.6</ele>
      </trkpt>
      <trkpt lat="42.57704" lon="-0.530848">
        <ele>849.7</ele>
      </trkpt>
      <trkpt lat="42.577746" lon="-0.531824">
        <ele>844.3</ele>
      </trkpt>
      <trkpt lat="42.579174" lon="-0.533534">
        <ele>839.8</ele>
      </trkpt>
      <trkpt lat="42.580148" lon="-0.534833">
        <ele>842.9</ele>
      </trkpt>
      <trkpt lat="42.580792" lon="-0.53599">
        <ele>844.5</ele>
      </trkpt>
      <trkpt lat="42.581358" lon="-0.537475">
        <ele>847.8</ele>
      </trkpt>
      <trkpt lat="42.581589" lon="-0.538053">
        <ele>847.9</ele>
      </trkpt>
      <trkpt lat="42.581937" lon="-0.539479">
        <ele>835.7</ele>
      </trkpt>
      <trkpt lat="42.582149" lon="-0.540779">
        <ele>823.4</ele>
      </trkpt>
      <trkpt lat="42.582285" lon="-0.54159">
        <ele>814</ele>
      </trkpt>
      <trkpt lat="42.582602" lon="-0.542413">
        <ele>806.2</ele>
      </trkpt>
      <trkpt lat="42.583086" lon="-0.543173">
        <ele>800.4</ele>
      </trkpt>
      <trkpt lat="42.58397" lon="-0.543563">
        <ele>797.9</ele>
      </trkpt>
      <trkpt lat="42.585316" lon="-0.543892">
        <ele>795.3</ele>
      </trkpt>
      <trkpt lat="42.586831" lon="-0.54432">
        <ele>793.4</ele>
      </trkpt>
      <trkpt lat="42.587942" lon="-0.5447419999999999">
        <ele>789</ele>
      </trkpt>
      <trkpt lat="42.589308" lon="-0.544423">
        <ele>795.2</ele>
      </trkpt>
      <trkpt lat="42.590569" lon="-0.543747">
        <ele>791.7</ele>
      </trkpt>
      <trkpt lat="42.591602" lon="-0.543183">
        <ele>799.1</ele>
      </trkpt>
      <trkpt lat="42.592544" lon="-0.543072">
        <ele>797.4</ele>
      </trkpt>
      <trkpt lat="42.593846" lon="-0.543288">
        <ele>799.6</ele>
      </trkpt>
      <trkpt lat="42.595666" lon="-0.543494">
        <ele>798.8</ele>
      </trkpt>
      <trkpt lat="42.596817" lon="-0.543666">
        <ele>801.3</ele>
      </trkpt>
      <trkpt lat="42.598321" lon="-0.543808">
        <ele>802.3</ele>
      </trkpt>
      <trkpt lat="42.59961" lon="-0.5436839999999999">
        <ele>806</ele>
      </trkpt>
      <trkpt lat="42.600683" lon="-0.543561">
        <ele>808.5</ele>
      </trkpt>
      <trkpt lat="42.601419" lon="-0.543805">
        <ele>807.6</ele>
      </trkpt>
      <trkpt lat="42.602431" lon="-0.544082">
        <ele>810.6</ele>
      </trkpt>
      <trkpt lat="42.60348" lon="-0.5438460000000001">
        <ele>812.1</ele>
      </trkpt>
      <trkpt lat="42.604537" lon="-0.5435489999999999">
        <ele>814.5</ele>
      </trkpt>
      <trkpt lat="42.605289" lon="-0.5435489999999999">
        <ele>813.3</ele>
      </trkpt>
      <trkpt lat="42.606194" lon="-0.544003">
        <ele>818.7</ele>
      </trkpt>
      <trkpt lat="42.607311" lon="-0.545536">
        <ele>851.9</ele>
      </trkpt>
      <trkpt lat="42.608308" lon="-0.546283">
        <ele>832.3</ele>
      </trkpt>
      <trkpt lat="42.609377" lon="-0.546673">
        <ele>831.1</ele>
      </trkpt>
      <trkpt lat="42.610472" lon="-0.547054">
        <ele>836.7</ele>
      </trkpt>
      <trkpt lat="42.611574" lon="-0.547948">
        <ele>839.1</ele>
      </trkpt>
      <trkpt lat="42.612299" lon="-0.548276">
        <ele>837.3</ele>
      </trkpt>
      <trkpt lat="42.613302" lon="-0.548656">
        <ele>855.9</ele>
      </trkpt>
      <trkpt lat="42.614195" lon="-0.548645">
        <ele>852</ele>
      </trkpt>
      <trkpt lat="42.615487" lon="-0.548176">
        <ele>840.3</ele>
      </trkpt>
      <trkpt lat="42.616591" lon="-0.547632">
        <ele>846.1</ele>
      </trkpt>
      <trkpt lat="42.617657" lon="-0.547243">
        <ele>848.7</ele>
      </trkpt>
      <trkpt lat="42.618501" lon="-0.547117">
        <ele>850.4</ele>
      </trkpt>
      <trkpt lat="42.619519" lon="-0.546872">
        <ele>850</ele>
      </trkpt>
      <trkpt lat="42.620225" lon="-0.546524">
        <ele>845.4</ele>
      </trkpt>
      <trkpt lat="42.621207" lon="-0.546064">
        <ele>844</ele>
      </trkpt>
      <trkpt lat="42.622203" lon="-0.5461240000000001">
        <ele>847.7</ele>
      </trkpt>
      <trkpt lat="42.623479" lon="-0.5465">
        <ele>858.4</ele>
      </trkpt>
      <trkpt lat="42.624239" lon="-0.547013">
        <ele>868.3</ele>
      </trkpt>
      <trkpt lat="42.625028" lon="-0.5476799999999999">
        <ele>871.6</ele>
      </trkpt>
      <trkpt lat="42.625411" lon="-0.548083">
        <ele>870.4</ele>
      </trkpt>
      <trkpt lat="42.626361" lon="-0.54839">
        <ele>862</ele>
      </trkpt>
      <trkpt lat="42.627453" lon="-0.548053">
        <ele>856.6</ele>
      </trkpt>
      <trkpt lat="42.628631" lon="-0.547479">
        <ele>859</ele>
      </trkpt>
      <trkpt lat="42.629394" lon="-0.547191">
        <ele>862.1</ele>
      </trkpt>
      <trkpt lat="42.629951" lon="-0.547241">
        <ele>864.3</ele>
      </trkpt>
      <trkpt lat="42.630265" lon="-0.547782">
        <ele>874.4</ele>
      </trkpt>
      <trkpt lat="42.630627" lon="-0.548539">
        <ele>887.3</ele>
      </trkpt>
      <trkpt lat="42.6314" lon="-0.548561">
        <ele>891.1</ele>
      </trkpt>
      <trkpt lat="42.632391" lon="-0.548478">
        <ele>887.1</ele>
      </trkpt>
      <trkpt lat="42.633457" lon="-0.548293">
        <ele>885.4</ele>
      </trkpt>
      <trkpt lat="42.634581" lon="-0.548355">
        <ele>886.8</ele>
      </trkpt>
      <trkpt lat="42.635578" lon="-0.5490930000000001">
        <ele>895.4</ele>
      </trkpt>
      <trkpt lat="42.637051" lon="-0.550508">
        <ele>899.4</ele>
      </trkpt>
      <trkpt lat="42.638114" lon="-0.551304">
        <ele>894.2</ele>
      </trkpt>
      <trkpt lat="42.638982" lon="-0.551304">
        <ele>895.5</ele>
      </trkpt>
      <trkpt lat="42.640146" lon="-0.55113">
        <ele>899.1</ele>
      </trkpt>
      <trkpt lat="42.641033" lon="-0.550947">
        <ele>902.2</ele>
      </trkpt>
      <trkpt lat="42.64218" lon="-0.5509269999999999">
        <ele>905.1</ele>
      </trkpt>
      <trkpt lat="42.643475" lon="-0.550957">
        <ele>906.3</ele>
      </trkpt>
      <trkpt lat="42.644171" lon="-0.551047">
        <ele>912.1</ele>
      </trkpt>
      <trkpt lat="42.645424" lon="-0.55155">
        <ele>927.5</ele>
      </trkpt>
      <trkpt lat="42.646405" lon="-0.552144">
        <ele>931.4</ele>
      </trkpt>
      <trkpt lat="42.647235" lon="-0.552943">
        <ele>929.9</ele>
      </trkpt>
      <trkpt lat="42.647641" lon="-0.55369">
        <ele>929.1</ele>
      </trkpt>
      <trkpt lat="42.647941" lon="-0.5546410000000001">
        <ele>932.4</ele>
      </trkpt>
      <trkpt lat="42.648363" lon="-0.555655">
        <ele>936.4</ele>
      </trkpt>
      <trkpt lat="42.649118" lon="-0.556651">
        <ele>933.5</ele>
      </trkpt>
      <trkpt lat="42.649893" lon="-0.557525">
        <ele>932.4</ele>
      </trkpt>
      <trkpt lat="42.650791" lon="-0.558508">
        <ele>938.1</ele>
      </trkpt>
      <trkpt lat="42.651864" lon="-0.559061">
        <ele>942</ele>
      </trkpt>
      <trkpt lat="42.653066" lon="-0.55908">
        <ele>928.5</ele>
      </trkpt>
      <trkpt lat="42.654404" lon="-0.558763">
        <ele>920.6</ele>
      </trkpt>
      <trkpt lat="42.655404" lon="-0.55783">
        <ele>919.9</ele>
      </trkpt>
      <trkpt lat="42.656514" lon="-0.55676">
        <ele>928.7</ele>
      </trkpt>
      <trkpt lat="42.657655" lon="-0.555547">
        <ele>930.2</ele>
      </trkpt>
      <trkpt lat="42.658528" lon="-0.554839">
        <ele>926.6</ele>
      </trkpt>
      <trkpt lat="42.659196" lon="-0.554513">
        <ele>926</ele>
      </trkpt>
      <trkpt lat="42.66026" lon="-0.554521">
        <ele>929.8</ele>
      </trkpt>
      <trkpt lat="42.661287" lon="-0.554401">
        <ele>924.5</ele>
      </trkpt>
      <trkpt lat="42.662168" lon="-0.554216">
        <ele>922.4</ele>
      </trkpt>
      <trkpt lat="42.662808" lon="-0.553929">
        <ele>920.2</ele>
      </trkpt>
      <trkpt lat="42.663568" lon="-0.553294">
        <ele>919.2</ele>
      </trkpt>
      <trkpt lat="42.664578" lon="-0.55203">
        <ele>919.1</ele>
      </trkpt>
      <trkpt lat="42.665431" lon="-0.551054">
        <ele>921.9</ele>
      </trkpt>
      <trkpt lat="42.666056" lon="-0.550407">
        <ele>925.6</ele>
      </trkpt>
      <trkpt lat="42.666938" lon="-0.549437">
        <ele>930.8</ele>
      </trkpt>
      <trkpt lat="42.667626" lon="-0.548769">
        <ele>935.3</ele>
      </trkpt>
      <trkpt lat="42.667998" lon="-0.548034">
        <ele>934.7</ele>
      </trkpt>
      <trkpt lat="42.668494" lon="-0.547204">
        <ele>934.1</ele>
      </trkpt>
      <trkpt lat="42.669035" lon="-0.546439">
        <ele>933.1</ele>
      </trkpt>
      <trkpt lat="42.669511" lon="-0.546102">
        <ele>933.4</ele>
      </trkpt>
      <trkpt lat="42.670066" lon="-0.545809">
        <ele>934.5</ele>
      </trkpt>
      <trkpt lat="42.670771" lon="-0.545692">
        <ele>937.3</ele>
      </trkpt>
      <trkpt lat="42.671503" lon="-0.545589">
        <ele>937.9</ele>
      </trkpt>
      <trkpt lat="42.672053" lon="-0.545143">
        <ele>933.4</ele>
      </trkpt>
      <trkpt lat="42.6727" lon="-0.5444600000000001">
        <ele>933</ele>
      </trkpt>
      <trkpt lat="42.673266" lon="-0.543442">
        <ele>934.3</ele>
      </trkpt>
      <trkpt lat="42.673893" lon="-0.542504">
        <ele>935.2</ele>
      </trkpt>
      <trkpt lat="42.674696" lon="-0.541167">
        <ele>937.3</ele>
      </trkpt>
      <trkpt lat="42.675319" lon="-0.540083">
        <ele>937.9</ele>
      </trkpt>
      <trkpt lat="42.675911" lon="-0.539211">
        <ele>938.1</ele>
      </trkpt>
      <trkpt lat="42.676385" lon="-0.538674">
        <ele>938.8</ele>
      </trkpt>
      <trkpt lat="42.677148" lon="-0.538247">
        <ele>943.5</ele>
      </trkpt>
      <trkpt lat="42.678105" lon="-0.5377999999999999">
        <ele>949.6</ele>
      </trkpt>
      <trkpt lat="42.67913" lon="-0.537258">
        <ele>953.4</ele>
      </trkpt>
      <trkpt lat="42.680032" lon="-0.536761">
        <ele>955.3</ele>
      </trkpt>
      <trkpt lat="42.680541" lon="-0.536493">
        <ele>955.4</ele>
      </trkpt>
      <trkpt lat="42.68148" lon="-0.536026">
        <ele>957.3</ele>
      </trkpt>
      <trkpt lat="42.682086" lon="-0.535752">
        <ele>957.6</ele>
      </trkpt>
      <trkpt lat="42.682435" lon="-0.535413">
        <ele>956</ele>
      </trkpt>
      <trkpt lat="42.682603" lon="-0.534938">
        <ele>955.1</ele>
      </trkpt>
      <trkpt lat="42.6828" lon="-0.53409">
        <ele>955.8</ele>
      </trkpt>
      <trkpt lat="42.683024" lon="-0.533257">
        <ele>958</ele>
      </trkpt>
      <trkpt lat="42.683389" lon="-0.53281">
        <ele>963.8</ele>
      </trkpt>
      <trkpt lat="42.683935" lon="-0.532376">
        <ele>968.2</ele>
      </trkpt>
      <trkpt lat="42.684569" lon="-0.531852">
        <ele>969.5</ele>
      </trkpt>
      <trkpt lat="42.685273" lon="-0.53132">
        <ele>975.5</ele>
      </trkpt>
      <trkpt lat="42.685883" lon="-0.531065">
        <ele>980.5</ele>
      </trkpt>
      <trkpt lat="42.68638" lon="-0.53096">
        <ele>984.5</ele>
      </trkpt>
      <trkpt lat="42.6872" lon="-0.530809">
        <ele>988.1</ele>
      </trkpt>
      <trkpt lat="42.688319" lon="-0.530698">
        <ele>1000</ele>
      </trkpt>
      <trkpt lat="42.68957" lon="-0.530443">
        <ele>1001.6</ele>
      </trkpt>
      <trkpt lat="42.690751" lon="-0.530186">
        <ele>997.4</ele>
      </trkpt>
      <trkpt lat="42.69167" lon="-0.529865">
        <ele>998.2</ele>
      </trkpt>
      <trkpt lat="42.692752" lon="-0.529424">
        <ele>1002.3</ele>
      </trkpt>
      <trkpt lat="42.693701" lon="-0.528937">
        <ele>1013.5</ele>
      </trkpt>
      <trkpt lat="42.694367" lon="-0.528511">
        <ele>1012.8</ele>
      </trkpt>
      <trkpt lat="42.695036" lon="-0.528099">
        <ele>999.8</ele>
      </trkpt>
      <trkpt lat="42.695912" lon="-0.52779">
        <ele>999.5</ele>
      </trkpt>
      <trkpt lat="42.696407" lon="-0.527744">
        <ele>1004.2</ele>
      </trkpt>
      <trkpt lat="42.697434" lon="-0.527602">
        <ele>1009.7</ele>
      </trkpt>
      <trkpt lat="42.698165" lon="-0.527541">
        <ele>1018.7</ele>
      </trkpt>
      <trkpt lat="42.699119" lon="-0.527404">
        <ele>1016.9</ele>
      </trkpt>
      <trkpt lat="42.699903" lon="-0.527434">
        <ele>1015</ele>
      </trkpt>
      <trkpt lat="42.701028" lon="-0.527651">
        <ele>1014.2</ele>
      </trkpt>
      <trkpt lat="42.702451" lon="-0.527833">
        <ele>1005</ele>
      </trkpt>
      <trkpt lat="42.703843" lon="-0.527949">
        <ele>1008</ele>
      </trkpt>
      <trkpt lat="42.704672" lon="-0.527964">
        <ele>1011.1</ele>
      </trkpt>
      <trkpt lat="42.70519" lon="-0.527922">
        <ele>1011.6</ele>
      </trkpt>
      <trkpt lat="42.706494" lon="-0.527713">
        <ele>1015.8</ele>
      </trkpt>
      <trkpt lat="42.707791" lon="-0.527373">
        <ele>1028.4</ele>
      </trkpt>
      <trkpt lat="42.708916" lon="-0.526868">
        <ele>1026.1</ele>
      </trkpt>
      <trkpt lat="42.710111" lon="-0.5263409999999999">
        <ele>1023.9</ele>
      </trkpt>
      <trkpt lat="42.711393" lon="-0.525774">
        <ele>1033.1</ele>
      </trkpt>
      <trkpt lat="42.712202" lon="-0.52555">
        <ele>1042</ele>
      </trkpt>
      <trkpt lat="42.713057" lon="-0.525448">
        <ele>1047.7</ele>
      </trkpt>
      <trkpt lat="42.713461" lon="-0.525479">
        <ele>1051.5</ele>
      </trkpt>
      <trkpt lat="42.714148" lon="-0.525733">
        <ele>1057.7</ele>
      </trkpt>
      <trkpt lat="42.715112" lon="-0.526154">
        <ele>1060.1</ele>
      </trkpt>
      <trkpt lat="42.715672" lon="-0.526294">
        <ele>1061.4</ele>
      </trkpt>
      <trkpt lat="42.716113" lon="-0.526223">
        <ele>1059.5</ele>
      </trkpt>
      <trkpt lat="42.716786" lon="-0.52602">
        <ele>1070.7</ele>
      </trkpt>
      <trkpt lat="42.717215" lon="-0.525817">
        <ele>1073.6</ele>
      </trkpt>
      <trkpt lat="42.718115" lon="-0.525548">
        <ele>1075.6</ele>
      </trkpt>
      <trkpt lat="42.718744" lon="-0.5254450000000001">
        <ele>1073.5</ele>
      </trkpt>
      <trkpt lat="42.719342" lon="-0.525415">
        <ele>1071.2</ele>
      </trkpt>
      <trkpt lat="42.719989" lon="-0.525454">
        <ele>1076.5</ele>
      </trkpt>
      <trkpt lat="42.720473" lon="-0.525307">
        <ele>1076.1</ele>
      </trkpt>
      <trkpt lat="42.721042" lon="-0.524948">
        <ele>1079.9</ele>
      </trkpt>
      <trkpt lat="42.721511" lon="-0.524582">
        <ele>1065.4</ele>
      </trkpt>
      <trkpt lat="42.722039" lon="-0.524191">
        <ele>1068.8</ele>
      </trkpt>
      <trkpt lat="42.722482" lon="-0.524058">
        <ele>1071</ele>
      </trkpt>
      <trkpt lat="42.723068" lon="-0.524073">
        <ele>1076.4</ele>
      </trkpt>
      <trkpt lat="42.723779" lon="-0.524311">
        <ele>1089.1</ele>
      </trkpt>
      <trkpt lat="42.724359" lon="-0.524616">
        <ele>1103.8</ele>
      </trkpt>
      <trkpt lat="42.72495" lon="-0.524923">
        <ele>1117.1</ele>
      </trkpt>
      <trkpt lat="42.725455" lon="-0.525038">
        <ele>1117.8</ele>
      </trkpt>
      <trkpt lat="42.726405" lon="-0.524962">
        <ele>1114.1</ele>
      </trkpt>
      <trkpt lat="42.727348" lon="-0.524836">
        <ele>1103.4</ele>
      </trkpt>
      <trkpt lat="42.727905" lon="-0.524895">
        <ele>1105.2</ele>
      </trkpt>
      <trkpt lat="42.728567" lon="-0.525213">
        <ele>1124.8</ele>
      </trkpt>
      <trkpt lat="42.729318" lon="-0.525441">
        <ele>1130.2</ele>
      </trkpt>
      <trkpt lat="42.730076" lon="-0.525483">
        <ele>1128.6</ele>
      </trkpt>
      <trkpt lat="42.730793" lon="-0.525312">
        <ele>1124.4</ele>
      </trkpt>
      <trkpt lat="42.731437" lon="-0.5248620000000001">
        <ele>1121.6</ele>
      </trkpt>
      <trkpt lat="42.732062" lon="-0.5243719999999999">
        <ele>1125.3</ele>
      </trkpt>
      <trkpt lat="42.732642" lon="-0.524027">
        <ele>1135.2</ele>
      </trkpt>
      <trkpt lat="42.733337" lon="-0.523737">
        <ele>1141.9</ele>
      </trkpt>
      <trkpt lat="42.733975" lon="-0.523491">
        <ele>1147.2</ele>
      </trkpt>
      <trkpt lat="42.734637" lon="-0.523344">
        <ele>1152.8</ele>
      </trkpt>
      <trkpt lat="42.735437" lon="-0.523247">
        <ele>1163.1</ele>
      </trkpt>
      <trkpt lat="42.736196" lon="-0.523109">
        <ele>1165.5</ele>
      </trkpt>
      <trkpt lat="42.736873" lon="-0.522907">
        <ele>1170.3</ele>
      </trkpt>
      <trkpt lat="42.737357" lon="-0.5226229999999999">
        <ele>1175.4</ele>
      </trkpt>
      <trkpt lat="42.737875" lon="-0.522293">
        <ele>1175.1</ele>
      </trkpt>
      <trkpt lat="42.738428" lon="-0.521859">
        <ele>1185.1</ele>
      </trkpt>
      <trkpt lat="42.738875" lon="-0.5214029999999999">
        <ele>1179</ele>
      </trkpt>
      <trkpt lat="42.739283" lon="-0.520832">
        <ele>1178.9</ele>
      </trkpt>
      <trkpt lat="42.739628" lon="-0.520312">
        <ele>1171.2</ele>
      </trkpt>
      <trkpt lat="42.740233" lon="-0.5198159999999999">
        <ele>1185.8</ele>
      </trkpt>
      <trkpt lat="42.740693" lon="-0.519543">
        <ele>1186.8</ele>
      </trkpt>
      <trkpt lat="42.741306" lon="-0.519193">
        <ele>1193.8</ele>
      </trkpt>
      <trkpt lat="42.741975" lon="-0.518701">
        <ele>1181.3</ele>
      </trkpt>
      <trkpt lat="42.742491" lon="-0.517881">
        <ele>1174.5</ele>
      </trkpt>
      <trkpt lat="42.742823" lon="-0.517441">
        <ele>1174.6</ele>
      </trkpt>
      <trkpt lat="42.743436" lon="-0.517208">
        <ele>1172</ele>
      </trkpt>
      <trkpt lat="42.744061" lon="-0.517208">
        <ele>1173.6</ele>
      </trkpt>
      <trkpt lat="42.744756" lon="-0.517097">
        <ele>1176.8</ele>
      </trkpt>
      <trkpt lat="42.745488" lon="-0.516721">
        <ele>1184</ele>
      </trkpt>
      <trkpt lat="42.746165" lon="-0.516178">
        <ele>1182.3</ele>
      </trkpt>
      <trkpt lat="42.746567" lon="-0.515844">
        <ele>1184.4</ele>
      </trkpt>
      <trkpt lat="42.746995" lon="-0.515802">
        <ele>1186.8</ele>
      </trkpt>
      <trkpt lat="42.747782" lon="-0.515812">
        <ele>1192.6</ele>
      </trkpt>
      <trkpt lat="42.748423" lon="-0.515716">
        <ele>1195</ele>
      </trkpt>
      <trkpt lat="42.748957" lon="-0.515564">
        <ele>1196.6</ele>
      </trkpt>
      <trkpt lat="42.749461" lon="-0.515387">
        <ele>1199.4</ele>
      </trkpt>
      <trkpt lat="42.74986" lon="-0.515447">
        <ele>1203.1</ele>
      </trkpt>
      <trkpt lat="42.750438" lon="-0.515564">
        <ele>1209.7</ele>
      </trkpt>
      <trkpt lat="42.751232" lon="-0.515348">
        <ele>1207.9</ele>
      </trkpt>
      <trkpt lat="42.752152" lon="-0.5151">
        <ele>1208.4</ele>
      </trkpt>
      <trkpt lat="42.753078" lon="-0.514882">
        <ele>1207.2</ele>
      </trkpt>
      <trkpt lat="42.753844" lon="-0.514808">
        <ele>1200.8</ele>
      </trkpt>
      <trkpt lat="42.754731" lon="-0.514818">
        <ele>1204.2</ele>
      </trkpt>
      <trkpt lat="42.755354" lon="-0.514786">
        <ele>1208.1</ele>
      </trkpt>
      <trkpt lat="42.75565" lon="-0.514619">
        <ele>1209.9</ele>
      </trkpt>
      <trkpt lat="42.755813" lon="-0.514163">
        <ele>1209</ele>
      </trkpt>
      <trkpt lat="42.755825" lon="-0.513819">
        <ele>1205.2</ele>
      </trkpt>
      <trkpt lat="42.755825" lon="-0.513409">
        <ele>1203.1</ele>
      </trkpt>
      <trkpt lat="42.755936" lon="-0.512844">
        <ele>1202.4</ele>
      </trkpt>
      <trkpt lat="42.756243" lon="-0.512616">
        <ele>1204.4</ele>
      </trkpt>
      <trkpt lat="42.756872" lon="-0.512372">
        <ele>1220.7</ele>
      </trkpt>
      <trkpt lat="42.757632" lon="-0.512372">
        <ele>1235.3</ele>
      </trkpt>
      <trkpt lat="42.758157" lon="-0.512342">
        <ele>1236.2</ele>
      </trkpt>
      <trkpt lat="42.758681" lon="-0.512342">
        <ele>1232.6</ele>
      </trkpt>
      <trkpt lat="42.759165" lon="-0.512103">
        <ele>1219.1</ele>
      </trkpt>
      <trkpt lat="42.760013" lon="-0.511724">
        <ele>1223.4</ele>
      </trkpt>
      <trkpt lat="42.760786" lon="-0.511425">
        <ele>1226.8</ele>
      </trkpt>
      <trkpt lat="42.761207" lon="-0.511394">
        <ele>1230.2</ele>
      </trkpt>
      <trkpt lat="42.761586" lon="-0.511607">
        <ele>1235.6</ele>
      </trkpt>
      <trkpt lat="42.76208" lon="-0.512158">
        <ele>1244.9</ele>
      </trkpt>
      <trkpt lat="42.762493" lon="-0.512525">
        <ele>1254.8</ele>
      </trkpt>
      <trkpt lat="42.762983" lon="-0.512751">
        <ele>1264.7</ele>
      </trkpt>
      <trkpt lat="42.763583" lon="-0.512831">
        <ele>1275.5</ele>
      </trkpt>
      <trkpt lat="42.764576" lon="-0.512903">
        <ele>1293.3</ele>
      </trkpt>
      <trkpt lat="42.765181" lon="-0.512894">
        <ele>1290</ele>
      </trkpt>
      <trkpt lat="42.766205" lon="-0.5127620000000001">
        <ele>1280.6</ele>
      </trkpt>
      <trkpt lat="42.766959" lon="-0.512564">
        <ele>1275.8</ele>
      </trkpt>
      <trkpt lat="42.767488" lon="-0.512513">
        <ele>1281.2</ele>
      </trkpt>
      <trkpt lat="42.768014" lon="-0.512392">
        <ele>1285.9</ele>
      </trkpt>
      <trkpt lat="42.768575" lon="-0.512074">
        <ele>1285.2</ele>
      </trkpt>
      <trkpt lat="42.769011" lon="-0.511593">
        <ele>1287.8</ele>
      </trkpt>
      <trkpt lat="42.769803" lon="-0.510783">
        <ele>1296.5</ele>
      </trkpt>
      <trkpt lat="42.770472" lon="-0.509969">
        <ele>1302.4</ele>
      </trkpt>
      <trkpt lat="42.770749" lon="-0.50964">
        <ele>1305.7</ele>
      </trkpt>
      <trkpt lat="42.771326" lon="-0.509173">
        <ele>1315.1</ele>
      </trkpt>
      <trkpt lat="42.772041" lon="-0.508869">
        <ele>1332.4</ele>
      </trkpt>
      <trkpt lat="42.772802" lon="-0.508622">
        <ele>1347</ele>
      </trkpt>
      <trkpt lat="42.773395" lon="-0.508491">
        <ele>1349.5</ele>
      </trkpt>
      <trkpt lat="42.773971" lon="-0.508587">
        <ele>1354.7</ele>
      </trkpt>
      <trkpt lat="42.774556" lon="-0.509212">
        <ele>1368.1</ele>
      </trkpt>
      <trkpt lat="42.774761" lon="-0.509588">
        <ele>1375.5</ele>
      </trkpt>
      <trkpt lat="42.775236" lon="-0.510413">
        <ele>1378.4</ele>
      </trkpt>
      <trkpt lat="42.77571" lon="-0.511305">
        <ele>1385.6</ele>
      </trkpt>
      <trkpt lat="42.775852" lon="-0.511782">
        <ele>1381.7</ele>
      </trkpt>
      <trkpt lat="42.775844" lon="-0.512333">
        <ele>1383</ele>
      </trkpt>
      <trkpt lat="42.775599" lon="-0.513161">
        <ele>1388.2</ele>
      </trkpt>
      <trkpt lat="42.775294" lon="-0.513725">
        <ele>1395.2</ele>
      </trkpt>
      <trkpt lat="42.775108" lon="-0.5143720000000001">
        <ele>1396.5</ele>
      </trkpt>
      <trkpt lat="42.774967" lon="-0.515213">
        <ele>1395</ele>
      </trkpt>
      <trkpt lat="42.774728" lon="-0.515784">
        <ele>1397.6</ele>
      </trkpt>
      <trkpt lat="42.774213" lon="-0.516108">
        <ele>1402.5</ele>
      </trkpt>
      <trkpt lat="42.773503" lon="-0.516583">
        <ele>1407.8</ele>
      </trkpt>
      <trkpt lat="42.772789" lon="-0.517045">
        <ele>1412.2</ele>
      </trkpt>
      <trkpt lat="42.772432" lon="-0.517578">
        <ele>1415.8</ele>
      </trkpt>
      <trkpt lat="42.772432" lon="-0.518059">
        <ele>1411</ele>
      </trkpt>
      <trkpt lat="42.772572" lon="-0.518624">
        <ele>1405.8</ele>
      </trkpt>
      <trkpt lat="42.77291" lon="-0.518885">
        <ele>1404.3</ele>
      </trkpt>
      <trkpt lat="42.773359" lon="-0.5188700000000001">
        <ele>1406.4</ele>
      </trkpt>
      <trkpt lat="42.773838" lon="-0.518496">
        <ele>1408.4</ele>
      </trkpt>
      <trkpt lat="42.774399" lon="-0.517918">
        <ele>1413.4</ele>
      </trkpt>
      <trkpt lat="42.774956" lon="-0.517558">
        <ele>1417.6</ele>
      </trkpt>
      <trkpt lat="42.775602" lon="-0.517335">
        <ele>1424</ele>
      </trkpt>
      <trkpt lat="42.776253" lon="-0.517319">
        <ele>1435</ele>
      </trkpt>
      <trkpt lat="42.777136" lon="-0.517436">
        <ele>1445.8</ele>
      </trkpt>
      <trkpt lat="42.778081" lon="-0.517547">
        <ele>1450.7</ele>
      </trkpt>
      <trkpt lat="42.778925" lon="-0.517529">
        <ele>1451.1</ele>
      </trkpt>
      <trkpt lat="42.779571" lon="-0.517579">
        <ele>1453.9</ele>
      </trkpt>
      <trkpt lat="42.780182" lon="-0.517948">
        <ele>1451.8</ele>
      </trkpt>
      <trkpt lat="42.780661" lon="-0.518358">
        <ele>1453</ele>
      </trkpt>
      <trkpt lat="42.780917" lon="-0.518829">
        <ele>1456.5</ele>
      </trkpt>
      <trkpt lat="42.781096" lon="-0.519486">
        <ele>1463.3</ele>
      </trkpt>
      <trkpt lat="42.7812" lon="-0.520259">
        <ele>1470.8</ele>
      </trkpt>
      <trkpt lat="42.781402" lon="-0.520875">
        <ele>1478.3</ele>
      </trkpt>
      <trkpt lat="42.781677" lon="-0.521335">
        <ele>1478.6</ele>
      </trkpt>
      <trkpt lat="42.78247" lon="-0.521715">
        <ele>1482.9</ele>
      </trkpt>
      <trkpt lat="42.783303" lon="-0.521925">
        <ele>1483.5</ele>
      </trkpt>
      <trkpt lat="42.783891" lon="-0.522025">
        <ele>1481.6</ele>
      </trkpt>
      <trkpt lat="42.784301" lon="-0.522226">
        <ele>1484.2</ele>
      </trkpt>
      <trkpt lat="42.784816" lon="-0.522862">
        <ele>1482.7</ele>
      </trkpt>
      <trkpt lat="42.785301" lon="-0.523398">
        <ele>1485</ele>
      </trkpt>
      <trkpt lat="42.785728" lon="-0.523909">
        <ele>1487.2</ele>
      </trkpt>
      <trkpt lat="42.786225" lon="-0.524324">
        <ele>1492.4</ele>
      </trkpt>
      <trkpt lat="42.786619" lon="-0.524401">
        <ele>1495.5</ele>
      </trkpt>
      <trkpt lat="42.787002" lon="-0.524547">
        <ele>1497.7</ele>
      </trkpt>
      <trkpt lat="42.78745" lon="-0.5248620000000001">
        <ele>1501.6</ele>
      </trkpt>
      <trkpt lat="42.788022" lon="-0.524908">
        <ele>1506.8</ele>
      </trkpt>
      <trkpt lat="42.788452" lon="-0.524787">
        <ele>1509.2</ele>
      </trkpt>
      <trkpt lat="42.788633" lon="-0.5245610000000001">
        <ele>1508.6</ele>
      </trkpt>
      <trkpt lat="42.788895" lon="-0.524411">
        <ele>1512.1</ele>
      </trkpt>
      <trkpt lat="42.789143" lon="-0.52435">
        <ele>1514.1</ele>
      </trkpt>
      <trkpt lat="42.789299" lon="-0.524315">
        <ele>1515</ele>
      </trkpt>
      <trkpt lat="42.789429" lon="-0.524475">
        <ele>1515.1</ele>
      </trkpt>
      <trkpt lat="42.78947" lon="-0.524665">
        <ele>1516.6</ele>
      </trkpt>
      <trkpt lat="42.789377" lon="-0.524844">
        <ele>1519.1</ele>
      </trkpt>
      <trkpt lat="42.789092" lon="-0.525071">
        <ele>1519.4</ele>
      </trkpt>
      <trkpt lat="42.788819" lon="-0.525386">
        <ele>1519.8</ele>
      </trkpt>
      <trkpt lat="42.78873" lon="-0.525651">
        <ele>1520.4</ele>
      </trkpt>
      <trkpt lat="42.788715" lon="-0.526197">
        <ele>1524</ele>
      </trkpt>
      <trkpt lat="42.788646" lon="-0.526516">
        <ele>1525.9</ele>
      </trkpt>
      <trkpt lat="42.788444" lon="-0.526945">
        <ele>1526.4</ele>
      </trkpt>
      <trkpt lat="42.788336" lon="-0.527357">
        <ele>1527.4</ele>
      </trkpt>
      <trkpt lat="42.788298" lon="-0.528047">
        <ele>1530.9</ele>
      </trkpt>
      <trkpt lat="42.788319" lon="-0.528616">
        <ele>1533.7</ele>
      </trkpt>
      <trkpt lat="42.788391" lon="-0.529231">
        <ele>1538.9</ele>
      </trkpt>
      <trkpt lat="42.788438" lon="-0.529655">
        <ele>1542.7</ele>
      </trkpt>
      <trkpt lat="42.788405" lon="-0.529918">
        <ele>1543.7</ele>
      </trkpt>
      <trkpt lat="42.788272" lon="-0.530289">
        <ele>1543.4</ele>
      </trkpt>
      <trkpt lat="42.788272" lon="-0.530569">
        <ele>1546</ele>
      </trkpt>
      <trkpt lat="42.788414" lon="-0.530678">
        <ele>1550</ele>
      </trkpt>
      <trkpt lat="42.788594" lon="-0.530632">
        <ele>1553</ele>
      </trkpt>
      <trkpt lat="42.788669" lon="-0.530428">
        <ele>1552.5</ele>
      </trkpt>
      <trkpt lat="42.788718" lon="-0.530126">
        <ele>1551.6</ele>
      </trkpt>
      <trkpt lat="42.788855" lon="-0.529716">
        <ele>1553.1</ele>
      </trkpt>
      <trkpt lat="42.789074" lon="-0.52921">
        <ele>1556.3</ele>
      </trkpt>
      <trkpt lat="42.789338" lon="-0.528505">
        <ele>1559.1</ele>
      </trkpt>
      <trkpt lat="42.789636" lon="-0.527896">
        <ele>1564</ele>
      </trkpt>
      <trkpt lat="42.789934" lon="-0.527385">
        <ele>1569.4</ele>
      </trkpt>
      <trkpt lat="42.790333" lon="-0.526856">
        <ele>1575.4</ele>
      </trkpt>
      <trkpt lat="42.790734" lon="-0.526317">
        <ele>1580.9</ele>
      </trkpt>
      <trkpt lat="42.791018" lon="-0.526016">
        <ele>1584.1</ele>
      </trkpt>
      <trkpt lat="42.791263" lon="-0.525872">
        <ele>1588.3</ele>
      </trkpt>
      <trkpt lat="42.791465" lon="-0.525907">
        <ele>1594</ele>
      </trkpt>
      <trkpt lat="42.791704" lon="-0.525879">
        <ele>1598.7</ele>
      </trkpt>
      <trkpt lat="42.791979" lon="-0.525689">
        <ele>1599.2</ele>
      </trkpt>
      <trkpt lat="42.792307" lon="-0.525741">
        <ele>1608.2</ele>
      </trkpt>
      <trkpt lat="42.792583" lon="-0.525659">
        <ele>1611.6</ele>
      </trkpt>
      <trkpt lat="42.792855" lon="-0.525389">
        <ele>1607.8</ele>
      </trkpt>
      <trkpt lat="42.793169" lon="-0.525056">
        <ele>1604.6</ele>
      </trkpt>
      <trkpt lat="42.793358" lon="-0.524926">
        <ele>1605.4</ele>
      </trkpt>
      <trkpt lat="42.793635" lon="-0.524908">
        <ele>1612</ele>
      </trkpt>
      <trkpt lat="42.793859" lon="-0.524994">
        <ele>1617.8</ele>
      </trkpt>
      <trkpt lat="42.794167" lon="-0.525299">
        <ele>1627</ele>
      </trkpt>
      <trkpt lat="42.794446" lon="-0.5255030000000001">
        <ele>1632.2</ele>
      </trkpt>
      <trkpt lat="42.794706" lon="-0.525525">
        <ele>1632.7</ele>
      </trkpt>
      <trkpt lat="42.794952" lon="-0.525385">
        <ele>1630.8</ele>
      </trkpt>
      <trkpt lat="42.795227" lon="-0.525192">
        <ele>1627.8</ele>
      </trkpt>
      <trkpt lat="42.795502" lon="-0.525125">
        <ele>1628.1</ele>
      </trkpt>
      <trkpt lat="42.795726" lon="-0.525183">
        <ele>1630.2</ele>
      </trkpt>
      <trkpt lat="42.795791" lon="-0.5254180000000001">
        <ele>1632.9</ele>
      </trkpt>
      <trkpt lat="42.795791" lon="-0.525718">
        <ele>1632.8</ele>
      </trkpt>
      <trkpt lat="42.795757" lon="-0.5262019999999999">
        <ele>1633.1</ele>
      </trkpt>
      <trkpt lat="42.795695" lon="-0.526586">
        <ele>1631.8</ele>
      </trkpt>
      <trkpt lat="42.79555" lon="-0.527099">
        <ele>1631.8</ele>
      </trkpt>
      <trkpt lat="42.795373" lon="-0.527527">
        <ele>1632.5</ele>
      </trkpt>
      <trkpt lat="42.795196" lon="-0.527961">
        <ele>1634.8</ele>
      </trkpt>
      <trkpt lat="42.795131" lon="-0.528302">
        <ele>1634.3</ele>
      </trkpt>
      <trkpt lat="42.795131" lon="-0.5286999999999999">
        <ele>1631.3</ele>
      </trkpt>
      <trkpt lat="42.795216" lon="-0.528966">
        <ele>1628.2</ele>
      </trkpt>
      <trkpt lat="42.795433" lon="-0.529514">
        <ele>1624.1</ele>
      </trkpt>
      <trkpt lat="42.795701" lon="-0.529926">
        <ele>1617.8</ele>
      </trkpt>
      <trkpt lat="42.795909" lon="-0.530246">
        <ele>1613.4</ele>
      </trkpt>
      <trkpt lat="42.796037" lon="-0.530617">
        <ele>1611.8</ele>
      </trkpt>
      <trkpt lat="42.796121" lon="-0.531224">
        <ele>1612.8</ele>
      </trkpt>
      <trkpt lat="42.796229" lon="-0.5317460000000001">
        <ele>1609.4</ele>
      </trkpt>
      <trkpt lat="42.796367" lon="-0.532018">
        <ele>1605.6</ele>
      </trkpt>
      <trkpt lat="42.796514" lon="-0.532007">
        <ele>1602.3</ele>
      </trkpt>
      <trkpt lat="42.796614" lon="-0.5318580000000001">
        <ele>1600</ele>
      </trkpt>
      <trkpt lat="42.79655" lon="-0.531609">
        <ele>1601.4</ele>
      </trkpt>
      <trkpt lat="42.796459" lon="-0.53121">
        <ele>1603.8</ele>
      </trkpt>
      <trkpt lat="42.796397" lon="-0.5308929999999999">
        <ele>1603.8</ele>
      </trkpt>
      <trkpt lat="42.796459" lon="-0.530572">
        <ele>1600.3</ele>
      </trkpt>
      <trkpt lat="42.796629" lon="-0.530357">
        <ele>1594.8</ele>
      </trkpt>
      <trkpt lat="42.796861" lon="-0.5303">
        <ele>1588.6</ele>
      </trkpt>
      <trkpt lat="42.797128" lon="-0.530388">
        <ele>1582.7</ele>
      </trkpt>
      <trkpt lat="42.797317" lon="-0.530569">
        <ele>1581.5</ele>
      </trkpt>
      <trkpt lat="42.797439" lon="-0.530881">
        <ele>1580.2</ele>
      </trkpt>
      <trkpt lat="42.797555" lon="-0.531287">
        <ele>1578.2</ele>
      </trkpt>
      <trkpt lat="42.797678" lon="-0.531399">
        <ele>1576.5</ele>
      </trkpt>
      <trkpt lat="42.797941" lon="-0.531406">
        <ele>1572</ele>
      </trkpt>
      <trkpt lat="42.798085" lon="-0.53112">
        <ele>1570.3</ele>
      </trkpt>
      <trkpt lat="42.798186" lon="-0.530772">
        <ele>1570.8</ele>
      </trkpt>
      <trkpt lat="42.798365" lon="-0.530556">
        <ele>1569.3</ele>
      </trkpt>
      <trkpt lat="42.798554" lon="-0.530545">
        <ele>1566.4</ele>
      </trkpt>
      <trkpt lat="42.798739" lon="-0.530792">
        <ele>1562.4</ele>
      </trkpt>
      <trkpt lat="42.799025" lon="-0.531616">
        <ele>1555</ele>
      </trkpt>
      <trkpt lat="42.799368" lon="-0.532691">
        <ele>1542.1</ele>
      </trkpt>
      <trkpt lat="42.799599" lon="-0.533396">
        <ele>1531.1</ele>
      </trkpt>
      <trkpt lat="42.799657" lon="-0.533841">
        <ele>1526.9</ele>
      </trkpt>
      <trkpt lat="42.799614" lon="-0.534255">
        <ele>1522.3</ele>
      </trkpt>
      <trkpt lat="42.799548" lon="-0.534674">
        <ele>1517.8</ele>
      </trkpt>
      <trkpt lat="42.799556" lon="-0.535073">
        <ele>1511.7</ele>
      </trkpt>
      <trkpt lat="42.799722" lon="-0.535497">
        <ele>1509.5</ele>
      </trkpt>
      <trkpt lat="42.800084" lon="-0.536144">
        <ele>1509.8</ele>
      </trkpt>
      <trkpt lat="42.800382" lon="-0.536659">
        <ele>1505</ele>
      </trkpt>
      <trkpt lat="42.800527" lon="-0.536915">
        <ele>1504.4</ele>
      </trkpt>
      <trkpt lat="42.800556" lon="-0.537304">
        <ele>1500.7</ele>
      </trkpt>
      <trkpt lat="42.80058" lon="-0.537779">
        <ele>1498.1</ele>
      </trkpt>
      <trkpt lat="42.80064" lon="-0.538019">
        <ele>1498.9</ele>
      </trkpt>
      <trkpt lat="42.80064" lon="-0.538236">
        <ele>1498</ele>
      </trkpt>
      <trkpt lat="42.800555" lon="-0.5383869999999999">
        <ele>1494.1</ele>
      </trkpt>
      <trkpt lat="42.800487" lon="-0.538596">
        <ele>1490.5</ele>
      </trkpt>
      <trkpt lat="42.800513" lon="-0.538995">
        <ele>1489.1</ele>
      </trkpt>
      <trkpt lat="42.80063" lon="-0.539543">
        <ele>1489</ele>
      </trkpt>
      <trkpt lat="42.800635" lon="-0.539999">
        <ele>1483.3</ele>
      </trkpt>
      <trkpt lat="42.80062" lon="-0.540426">
        <ele>1477.3</ele>
      </trkpt>
      <trkpt lat="42.80069" lon="-0.540871">
        <ele>1474</ele>
      </trkpt>
      <trkpt lat="42.800852" lon="-0.541201">
        <ele>1470.7</ele>
      </trkpt>
      <trkpt lat="42.801073" lon="-0.541346">
        <ele>1468.9</ele>
      </trkpt>
      <trkpt lat="42.801298" lon="-0.541381">
        <ele>1468.4</ele>
      </trkpt>
      <trkpt lat="42.801546" lon="-0.541273">
        <ele>1475.6</ele>
      </trkpt>
      <trkpt lat="42.801696" lon="-0.541373">
        <ele>1476.5</ele>
      </trkpt>
      <trkpt lat="42.801865" lon="-0.541994">
        <ele>1466.3</ele>
      </trkpt>
      <trkpt lat="42.802097" lon="-0.542918">
        <ele>1456.6</ele>
      </trkpt>
      <trkpt lat="42.802282" lon="-0.543426">
        <ele>1457.2</ele>
      </trkpt>
      <trkpt lat="42.802456" lon="-0.5440430000000001">
        <ele>1453.3</ele>
      </trkpt>
      <trkpt lat="42.802704" lon="-0.544515">
        <ele>1450.7</ele>
      </trkpt>
      <trkpt lat="42.80299" lon="-0.544913">
        <ele>1447.7</ele>
      </trkpt>
      <trkpt lat="42.803343" lon="-0.545234">
        <ele>1442.6</ele>
      </trkpt>
      <trkpt lat="42.803641" lon="-0.545372">
        <ele>1439.4</ele>
      </trkpt>
      <trkpt lat="42.804094" lon="-0.545453">
        <ele>1436.9</ele>
      </trkpt>
      <trkpt lat="42.804432" lon="-0.545453">
        <ele>1436.5</ele>
      </trkpt>
      <trkpt lat="42.804832" lon="-0.545593">
        <ele>1436.3</ele>
      </trkpt>
      <trkpt lat="42.805124" lon="-0.5457880000000001">
        <ele>1435.3</ele>
      </trkpt>
      <trkpt lat="42.805343" lon="-0.546073">
        <ele>1431.3</ele>
      </trkpt>
      <trkpt lat="42.805539" lon="-0.546511">
        <ele>1428.7</ele>
      </trkpt>
      <trkpt lat="42.805728" lon="-0.546923">
        <ele>1427.4</ele>
      </trkpt>
      <trkpt lat="42.805924" lon="-0.5472">
        <ele>1427</ele>
      </trkpt>
      <trkpt lat="42.806086" lon="-0.547381">
        <ele>1428.1</ele>
      </trkpt>
      <trkpt lat="42.806214" lon="-0.547593">
        <ele>1429</ele>
      </trkpt>
      <trkpt lat="42.806189" lon="-0.547811">
        <ele>1428.4</ele>
      </trkpt>
      <trkpt lat="42.806099" lon="-0.548087">
        <ele>1427.8</ele>
      </trkpt>
      <trkpt lat="42.805919" lon="-0.548162">
        <ele>1425.1</ele>
      </trkpt>
      <trkpt lat="42.8057" lon="-0.548099">
        <ele>1421.8</ele>
      </trkpt>
      <trkpt lat="42.805295" lon="-0.547947">
        <ele>1417.1</ele>
      </trkpt>
      <trkpt lat="42.804936" lon="-0.547898">
        <ele>1412.8</ele>
      </trkpt>
      <trkpt lat="42.804555" lon="-0.547926">
        <ele>1407.9</ele>
      </trkpt>
      <trkpt lat="42.804226" lon="-0.5480429999999999">
        <ele>1406.8</ele>
      </trkpt>
      <trkpt lat="42.803952" lon="-0.548075">
        <ele>1406.6</ele>
      </trkpt>
      <trkpt lat="42.80375" lon="-0.548063">
        <ele>1406.6</ele>
      </trkpt>
      <trkpt lat="42.803551" lon="-0.548141">
        <ele>1408.8</ele>
      </trkpt>
      <trkpt lat="42.803486" lon="-0.548372">
        <ele>1409.3</ele>
      </trkpt>
      <trkpt lat="42.80351" lon="-0.548635">
        <ele>1408.6</ele>
      </trkpt>
      <trkpt lat="42.803683" lon="-0.549026">
        <ele>1403.7</ele>
      </trkpt>
      <trkpt lat="42.803797" lon="-0.549335">
        <ele>1399.7</ele>
      </trkpt>
      <trkpt lat="42.803845" lon="-0.549608">
        <ele>1396.4</ele>
      </trkpt>
      <trkpt lat="42.803839" lon="-0.549801">
        <ele>1392.5</ele>
      </trkpt>
      <trkpt lat="42.803765" lon="-0.550001">
        <ele>1389.3</ele>
      </trkpt>
      <trkpt lat="42.803615" lon="-0.550187">
        <ele>1388.2</ele>
      </trkpt>
      <trkpt lat="42.803429" lon="-0.550268">
        <ele>1390</ele>
      </trkpt>
      <trkpt lat="42.803186" lon="-0.550405">
        <ele>1392</ele>
      </trkpt>
      <trkpt lat="42.803039" lon="-0.5505640000000001">
        <ele>1388</ele>
      </trkpt>
      <trkpt lat="42.802868" lon="-0.55067">
        <ele>1385.5</ele>
      </trkpt>
      <trkpt lat="42.802714" lon="-0.550748">
        <ele>1383.1</ele>
      </trkpt>
      <trkpt lat="42.802544" lon="-0.550802">
        <ele>1381.8</ele>
      </trkpt>
      <trkpt lat="42.802394" lon="-0.550918">
        <ele>1377.7</ele>
      </trkpt>
      <trkpt lat="42.802244" lon="-0.551059">
        <ele>1372.4</ele>
      </trkpt>
      <trkpt lat="42.80209" lon="-0.551157">
        <ele>1369.2</ele>
      </trkpt>
      <trkpt lat="42.801892" lon="-0.551135">
        <ele>1373.7</ele>
      </trkpt>
      <trkpt lat="42.801449" lon="-0.551197">
        <ele>1378.9</ele>
      </trkpt>
      <trkpt lat="42.800952" lon="-0.551433">
        <ele>1379.8</ele>
      </trkpt>
      <trkpt lat="42.800558" lon="-0.5516489999999999">
        <ele>1378.9</ele>
      </trkpt>
      <trkpt lat="42.800162" lon="-0.551941">
        <ele>1378.5</ele>
      </trkpt>
      <trkpt lat="42.799939" lon="-0.55216">
        <ele>1376.4</ele>
      </trkpt>
      <trkpt lat="42.799797" lon="-0.552461">
        <ele>1368.4</ele>
      </trkpt>
      <trkpt lat="42.799477" lon="-0.552733">
        <ele>1362.8</ele>
      </trkpt>
      <trkpt lat="42.799123" lon="-0.553009">
        <ele>1354.2</ele>
      </trkpt>
      <trkpt lat="42.798962" lon="-0.553071">
        <ele>1353.3</ele>
      </trkpt>
      <trkpt lat="42.798781" lon="-0.553184">
        <ele>1351.1</ele>
      </trkpt>
      <trkpt lat="42.798514" lon="-0.553296">
        <ele>1351.9</ele>
      </trkpt>
      <trkpt lat="42.798295" lon="-0.553337">
        <ele>1354.3</ele>
      </trkpt>
      <trkpt lat="42.79803" lon="-0.553551">
        <ele>1351.3</ele>
      </trkpt>
      <trkpt lat="42.79783" lon="-0.553678">
        <ele>1351.8</ele>
      </trkpt>
      <trkpt lat="42.797521" lon="-0.553821">
        <ele>1358.8</ele>
      </trkpt>
      <trkpt lat="42.79732" lon="-0.553953">
        <ele>1362.2</ele>
      </trkpt>
      <trkpt lat="42.797165" lon="-0.5541199999999999">
        <ele>1362.4</ele>
      </trkpt>
      <trkpt lat="42.797098" lon="-0.55431">
        <ele>1358.4</ele>
      </trkpt>
      <trkpt lat="42.797135" lon="-0.554458">
        <ele>1352.6</ele>
      </trkpt>
      <trkpt lat="42.797281" lon="-0.554499">
        <ele>1347.3</ele>
      </trkpt>
      <trkpt lat="42.797384" lon="-0.554413">
        <ele>1346.9</ele>
      </trkpt>
      <trkpt lat="42.797522" lon="-0.554263">
        <ele>1347</ele>
      </trkpt>
      <trkpt lat="42.797756" lon="-0.554167">
        <ele>1342.1</ele>
      </trkpt>
      <trkpt lat="42.798085" lon="-0.554159">
        <ele>1335</ele>
      </trkpt>
      <trkpt lat="42.798414" lon="-0.55401">
        <ele>1333.5</ele>
      </trkpt>
      <trkpt lat="42.798755" lon="-0.553889">
        <ele>1330.8</ele>
      </trkpt>
      <trkpt lat="42.799129" lon="-0.553818">
        <ele>1328</ele>
      </trkpt>
      <trkpt lat="42.799601" lon="-0.5536489999999999">
        <ele>1327.3</ele>
      </trkpt>
      <trkpt lat="42.799874" lon="-0.5535">
        <ele>1327.8</ele>
      </trkpt>
      <trkpt lat="42.800134" lon="-0.553548">
        <ele>1321.4</ele>
      </trkpt>
      <trkpt lat="42.800382" lon="-0.553759">
        <ele>1309.7</ele>
      </trkpt>
      <trkpt lat="42.80058" lon="-0.553953">
        <ele>1310.1</ele>
      </trkpt>
      <trkpt lat="42.800735" lon="-0.554052">
        <ele>1310.2</ele>
      </trkpt>
      <trkpt lat="42.800899" lon="-0.554029">
        <ele>1309.4</ele>
      </trkpt>
      <trkpt lat="42.801022" lon="-0.553808">
        <ele>1307.8</ele>
      </trkpt>
      <trkpt lat="42.801221" lon="-0.55345">
        <ele>1317.5</ele>
      </trkpt>
      <trkpt lat="42.801514" lon="-0.552881">
        <ele>1326.1</ele>
      </trkpt>
      <trkpt lat="42.801625" lon="-0.5527069999999999">
        <ele>1326.4</ele>
      </trkpt>
      <trkpt lat="42.801845" lon="-0.552639">
        <ele>1319.9</ele>
      </trkpt>
      <trkpt lat="42.802307" lon="-0.552601">
        <ele>1307.2</ele>
      </trkpt>
      <trkpt lat="42.803135" lon="-0.552585">
        <ele>1292.5</ele>
      </trkpt>
      <trkpt lat="42.803524" lon="-0.552604">
        <ele>1288.8</ele>
      </trkpt>
      <trkpt lat="42.803877" lon="-0.55271">
        <ele>1282.6</ele>
      </trkpt>
      <trkpt lat="42.804319" lon="-0.552959">
        <ele>1273.9</ele>
      </trkpt>
      <trkpt lat="42.805197" lon="-0.553501">
        <ele>1269.3</ele>
      </trkpt>
      <trkpt lat="42.805788" lon="-0.553866">
        <ele>1261.9</ele>
      </trkpt>
      <trkpt lat="42.806157" lon="-0.554135">
        <ele>1258.9</ele>
      </trkpt>
      <trkpt lat="42.806539" lon="-0.554508">
        <ele>1256.8</ele>
      </trkpt>
      <trkpt lat="42.807046" lon="-0.554979">
        <ele>1254.7</ele>
      </trkpt>
      <trkpt lat="42.807288" lon="-0.5552009999999999">
        <ele>1251.7</ele>
      </trkpt>
      <trkpt lat="42.807695" lon="-0.55538">
        <ele>1246.3</ele>
      </trkpt>
      <trkpt lat="42.808095" lon="-0.555518">
        <ele>1245.6</ele>
      </trkpt>
      <trkpt lat="42.808566" lon="-0.555716">
        <ele>1247.1</ele>
      </trkpt>
      <trkpt lat="42.808908" lon="-0.55586">
        <ele>1248.1</ele>
      </trkpt>
      <trkpt lat="42.809142" lon="-0.556071">
        <ele>1247.3</ele>
      </trkpt>
      <trkpt lat="42.809422" lon="-0.5562820000000001">
        <ele>1246.5</ele>
      </trkpt>
      <trkpt lat="42.809654" lon="-0.556355">
        <ele>1249.3</ele>
      </trkpt>
      <trkpt lat="42.809899" lon="-0.55635">
        <ele>1251.3</ele>
      </trkpt>
      <trkpt lat="42.810106" lon="-0.556368">
        <ele>1253.1</ele>
      </trkpt>
      <trkpt lat="42.810419" lon="-0.556633">
        <ele>1256.9</ele>
      </trkpt>
      <trkpt lat="42.810751" lon="-0.556822">
        <ele>1259.6</ele>
      </trkpt>
      <trkpt lat="42.811014" lon="-0.556875">
        <ele>1261.2</ele>
      </trkpt>
      <trkpt lat="42.81136" lon="-0.556903">
        <ele>1260.3</ele>
      </trkpt>
      <trkpt lat="42.811707" lon="-0.556857">
        <ele>1253.5</ele>
      </trkpt>
      <trkpt lat="42.812056" lon="-0.556797">
        <ele>1247.3</ele>
      </trkpt>
      <trkpt lat="42.812293" lon="-0.556796">
        <ele>1238.4</ele>
      </trkpt>
      <trkpt lat="42.812481" lon="-0.556794">
        <ele>1231</ele>
      </trkpt>
      <trkpt lat="42.812708" lon="-0.556945">
        <ele>1218.6</ele>
      </trkpt>
      <trkpt lat="42.812931" lon="-0.5571430000000001">
        <ele>1207</ele>
      </trkpt>
      <trkpt lat="42.813154" lon="-0.5572240000000001">
        <ele>1205.8</ele>
      </trkpt>
      <trkpt lat="42.813444" lon="-0.557217">
        <ele>1202.4</ele>
      </trkpt>
      <trkpt lat="42.813605" lon="-0.5573">
        <ele>1199.1</ele>
      </trkpt>
      <trkpt lat="42.813947" lon="-0.557748">
        <ele>1189.1</ele>
      </trkpt>
      <trkpt lat="42.814634" lon="-0.558593">
        <ele>1162.5</ele>
      </trkpt>
      <trkpt lat="42.814867" lon="-0.558872">
        <ele>1158.7</ele>
      </trkpt>
      <trkpt lat="42.815053" lon="-0.5590079999999999">
        <ele>1158.8</ele>
      </trkpt>
      <trkpt lat="42.815309" lon="-0.559001">
        <ele>1163.3</ele>
      </trkpt>
      <trkpt lat="42.815555" lon="-0.558958">
        <ele>1168.6</ele>
      </trkpt>
      <trkpt lat="42.815802" lon="-0.559036">
        <ele>1167.9</ele>
      </trkpt>
      <trkpt lat="42.816118" lon="-0.559252">
        <ele>1161</ele>
      </trkpt>
      <trkpt lat="42.81641" lon="-0.559409">
        <ele>1154</ele>
      </trkpt>
      <trkpt lat="42.816652" lon="-0.559388">
        <ele>1154.2</ele>
      </trkpt>
      <trkpt lat="42.816975" lon="-0.559285">
        <ele>1158.7</ele>
      </trkpt>
      <trkpt lat="42.817187" lon="-0.559254">
        <ele>1157.8</ele>
      </trkpt>
      <trkpt lat="42.817384" lon="-0.5591660000000001">
        <ele>1158</ele>
      </trkpt>
      <trkpt lat="42.817552" lon="-0.559005">
        <ele>1162.6</ele>
      </trkpt>
      <trkpt lat="42.817744" lon="-0.558917">
        <ele>1162.6</ele>
      </trkpt>
      <trkpt lat="42.817939" lon="-0.5588340000000001">
        <ele>1161.7</ele>
      </trkpt>
      <trkpt lat="42.818238" lon="-0.558527">
        <ele>1165.3</ele>
      </trkpt>
      <trkpt lat="42.818429" lon="-0.558406">
        <ele>1163.9</ele>
      </trkpt>
      <trkpt lat="42.818771" lon="-0.558449">
        <ele>1148.7</ele>
      </trkpt>
      <trkpt lat="42.819094" lon="-0.558366">
        <ele>1145</ele>
      </trkpt>
      <trkpt lat="42.819445" lon="-0.558187">
        <ele>1144.3</ele>
      </trkpt>
      <trkpt lat="42.819724" lon="-0.5579809999999999">
        <ele>1146.6</ele>
      </trkpt>
      <trkpt lat="42.819991" lon="-0.557885">
        <ele>1145.5</ele>
      </trkpt>
      <trkpt lat="42.820373" lon="-0.557827">
        <ele>1140.6</ele>
      </trkpt>
      <trkpt lat="42.820772" lon="-0.557827">
        <ele>1136.1</ele>
      </trkpt>
      <trkpt lat="42.821234" lon="-0.557895">
        <ele>1128.1</ele>
      </trkpt>
      <trkpt lat="42.82154" lon="-0.557955">
        <ele>1122</ele>
      </trkpt>
      <trkpt lat="42.821807" lon="-0.557955">
        <ele>1118.8</ele>
      </trkpt>
      <trkpt lat="42.822123" lon="-0.557763">
        <ele>1123.5</ele>
      </trkpt>
      <trkpt lat="42.822403" lon="-0.557507">
        <ele>1128.8</ele>
      </trkpt>
      <trkpt lat="42.822632" lon="-0.557295">
        <ele>1132.5</ele>
      </trkpt>
      <trkpt lat="42.822892" lon="-0.557195">
        <ele>1129.9</ele>
      </trkpt>
      <trkpt lat="42.82323" lon="-0.557182">
        <ele>1123.1</ele>
      </trkpt>
      <trkpt lat="42.823468" lon="-0.557205">
        <ele>1117.2</ele>
      </trkpt>
      <trkpt lat="42.823766" lon="-0.557265">
        <ele>1109.3</ele>
      </trkpt>
      <trkpt lat="42.824014" lon="-0.557272">
        <ele>1108</ele>
      </trkpt>
      <trkpt lat="42.824211" lon="-0.557222">
        <ele>1108.6</ele>
      </trkpt>
      <trkpt lat="42.824346" lon="-0.557229">
        <ele>1107.8</ele>
      </trkpt>
      <trkpt lat="42.824475" lon="-0.557334">
        <ele>1104.2</ele>
      </trkpt>
      <trkpt lat="42.824506" lon="-0.557497">
        <ele>1099.3</ele>
      </trkpt>
      <trkpt lat="42.824458" lon="-0.5576449999999999">
        <ele>1095.2</ele>
      </trkpt>
      <trkpt lat="42.824313" lon="-0.5577299999999999">
        <ele>1093.2</ele>
      </trkpt>
      <trkpt lat="42.824056" lon="-0.557768">
        <ele>1092.8</ele>
      </trkpt>
      <trkpt lat="42.823755" lon="-0.557761">
        <ele>1093.8</ele>
      </trkpt>
      <trkpt lat="42.823555" lon="-0.557804">
        <ele>1095.1</ele>
      </trkpt>
      <trkpt lat="42.823263" lon="-0.557985">
        <ele>1093.2</ele>
      </trkpt>
      <trkpt lat="42.823059" lon="-0.558148">
        <ele>1091.4</ele>
      </trkpt>
      <trkpt lat="42.8229" lon="-0.558346">
        <ele>1087.9</ele>
      </trkpt>
      <trkpt lat="42.82281" lon="-0.5585020000000001">
        <ele>1084.9</ele>
      </trkpt>
      <trkpt lat="42.822651" lon="-0.558588">
        <ele>1084.4</ele>
      </trkpt>
      <trkpt lat="42.82245" lon="-0.5586179999999999">
        <ele>1085.8</ele>
      </trkpt>
      <trkpt lat="42.822297" lon="-0.558673">
        <ele>1085.6</ele>
      </trkpt>
      <trkpt lat="42.822191" lon="-0.5588340000000001">
        <ele>1081.6</ele>
      </trkpt>
      <trkpt lat="42.822153" lon="-0.5590810000000001">
        <ele>1074.9</ele>
      </trkpt>
      <trkpt lat="42.822346" lon="-0.55908">
        <ele>1073.2</ele>
      </trkpt>
      <trkpt lat="42.822974" lon="-0.558972">
        <ele>1070.9</ele>
      </trkpt>
      <trkpt lat="42.823552" lon="-0.558903">
        <ele>1069.7</ele>
      </trkpt>
      <trkpt lat="42.824133" lon="-0.558759">
        <ele>1069.5</ele>
      </trkpt>
      <trkpt lat="42.824852" lon="-0.558553">
        <ele>1068.8</ele>
      </trkpt>
      <trkpt lat="42.825555" lon="-0.558144">
        <ele>1069.6</ele>
      </trkpt>
      <trkpt lat="42.826051" lon="-0.557791">
        <ele>1064.7</ele>
      </trkpt>
      <trkpt lat="42.826554" lon="-0.557511">
        <ele>1064.7</ele>
      </trkpt>
      <trkpt lat="42.827035" lon="-0.557314">
        <ele>1060.1</ele>
      </trkpt>
      <trkpt lat="42.827426" lon="-0.557269">
        <ele>1055.9</ele>
      </trkpt>
      <trkpt lat="42.827745" lon="-0.557276">
        <ele>1051.9</ele>
      </trkpt>
      <trkpt lat="42.828147" lon="-0.557462">
        <ele>1046.7</ele>
      </trkpt>
      <trkpt lat="42.828726" lon="-0.557785">
        <ele>1040.4</ele>
      </trkpt>
      <trkpt lat="42.829243" lon="-0.558108">
        <ele>1036</ele>
      </trkpt>
      <trkpt lat="42.829789" lon="-0.558407">
        <ele>1033.7</ele>
      </trkpt>
      <trkpt lat="42.830382" lon="-0.558639">
        <ele>1027.3</ele>
      </trkpt>
      <trkpt lat="42.830986" lon="-0.558659">
        <ele>1022.6</ele>
      </trkpt>
      <trkpt lat="42.831541" lon="-0.5586449999999999">
        <ele>1019.3</ele>
      </trkpt>
      <trkpt lat="42.832131" lon="-0.558486">
        <ele>1019.8</ele>
      </trkpt>
      <trkpt lat="42.832626" lon="-0.558294">
        <ele>1021.4</ele>
      </trkpt>
      <trkpt lat="42.833193" lon="-0.557988">
        <ele>1018</ele>
      </trkpt>
      <trkpt lat="42.833681" lon="-0.557634">
        <ele>1016.6</ele>
      </trkpt>
      <trkpt lat="42.834149" lon="-0.5573399999999999">
        <ele>1009.6</ele>
      </trkpt>
      <trkpt lat="42.834466" lon="-0.557257">
        <ele>1000.6</ele>
      </trkpt>
      <trkpt lat="42.83471" lon="-0.557204">
        <ele>996.1</ele>
      </trkpt>
      <trkpt lat="42.835447" lon="-0.557204">
        <ele>988.6</ele>
      </trkpt>
      <trkpt lat="42.836144" lon="-0.557204">
        <ele>987.3</ele>
      </trkpt>
      <trkpt lat="42.836752" lon="-0.557274">
        <ele>984.5</ele>
      </trkpt>
      <trkpt lat="42.837292" lon="-0.557405">
        <ele>982.1</ele>
      </trkpt>
      <trkpt lat="42.837606" lon="-0.55748">
        <ele>981.4</ele>
      </trkpt>
      <trkpt lat="42.837926" lon="-0.557437">
        <ele>982.6</ele>
      </trkpt>
      <trkpt lat="42.838407" lon="-0.557382">
        <ele>984.6</ele>
      </trkpt>
      <trkpt lat="42.838725" lon="-0.557344">
        <ele>985.9</ele>
      </trkpt>
      <trkpt lat="42.838942" lon="-0.5571970000000001">
        <ele>987.9</ele>
      </trkpt>
      <trkpt lat="42.839191" lon="-0.557103">
        <ele>988.7</ele>
      </trkpt>
      <trkpt lat="42.839455" lon="-0.557135">
        <ele>987.7</ele>
      </trkpt>
      <trkpt lat="42.839734" lon="-0.55729">
        <ele>982.7</ele>
      </trkpt>
      <trkpt lat="42.839863" lon="-0.557328">
        <ele>979.9</ele>
      </trkpt>
      <trkpt lat="42.840034" lon="-0.557261">
        <ele>976.8</ele>
      </trkpt>
      <trkpt lat="42.840177" lon="-0.5570619999999999">
        <ele>974.2</ele>
      </trkpt>
      <trkpt lat="42.840212" lon="-0.556777">
        <ele>979.3</ele>
      </trkpt>
      <trkpt lat="42.840249" lon="-0.556293">
        <ele>987</ele>
      </trkpt>
      <trkpt lat="42.84024" lon="-0.55593">
        <ele>993.7</ele>
      </trkpt>
      <trkpt lat="42.8402" lon="-0.555585">
        <ele>1003.1</ele>
      </trkpt>
      <trkpt lat="42.84022" lon="-0.5552589999999999">
        <ele>1004.8</ele>
      </trkpt>
      <trkpt lat="42.840324" lon="-0.554899">
        <ele>995.6</ele>
      </trkpt>
      <trkpt lat="42.840491" lon="-0.554619">
        <ele>983.9</ele>
      </trkpt>
      <trkpt lat="42.84068" lon="-0.554347">
        <ele>981</ele>
      </trkpt>
      <trkpt lat="42.840896" lon="-0.554134">
        <ele>975.1</ele>
      </trkpt>
      <trkpt lat="42.841155" lon="-0.553978">
        <ele>965</ele>
      </trkpt>
      <trkpt lat="42.841497" lon="-0.553821">
        <ele>956.2</ele>
      </trkpt>
      <trkpt lat="42.841924" lon="-0.553764">
        <ele>945.4</ele>
      </trkpt>
      <trkpt lat="42.84282" lon="-0.553604">
        <ele>941.1</ele>
      </trkpt>
      <trkpt lat="42.8432" lon="-0.553509">
        <ele>941</ele>
      </trkpt>
      <trkpt lat="42.843527" lon="-0.553329">
        <ele>941.5</ele>
      </trkpt>
      <trkpt lat="42.843777" lon="-0.553087">
        <ele>941.8</ele>
      </trkpt>
      <trkpt lat="42.844013" lon="-0.552741">
        <ele>940.5</ele>
      </trkpt>
      <trkpt lat="42.84422" lon="-0.55233">
        <ele>942.3</ele>
      </trkpt>
      <trkpt lat="42.844467" lon="-0.5519269999999999">
        <ele>943.8</ele>
      </trkpt>
      <trkpt lat="42.84482" lon="-0.551526">
        <ele>940.7</ele>
      </trkpt>
      <trkpt lat="42.845209" lon="-0.551029">
        <ele>939.5</ele>
      </trkpt>
      <trkpt lat="42.845564" lon="-0.550688">
        <ele>935.4</ele>
      </trkpt>
      <trkpt lat="42.845953" lon="-0.550301">
        <ele>926.1</ele>
      </trkpt>
      <trkpt lat="42.846247" lon="-0.550029">
        <ele>915.5</ele>
      </trkpt>
      <trkpt lat="42.846503" lon="-0.549857">
        <ele>915.5</ele>
      </trkpt>
      <trkpt lat="42.846769" lon="-0.5497610000000001">
        <ele>914.5</ele>
      </trkpt>
      <trkpt lat="42.847069" lon="-0.549688">
        <ele>912.9</ele>
      </trkpt>
      <trkpt lat="42.847455" lon="-0.549655">
        <ele>905.9</ele>
      </trkpt>
      <trkpt lat="42.847787" lon="-0.549499">
        <ele>904.6</ele>
      </trkpt>
      <trkpt lat="42.848188" lon="-0.549239">
        <ele>908.1</ele>
      </trkpt>
      <trkpt lat="42.848736" lon="-0.548915">
        <ele>910.8</ele>
      </trkpt>
      <trkpt lat="42.849177" lon="-0.548663">
        <ele>909.2</ele>
      </trkpt>
      <trkpt lat="42.849529" lon="-0.548605">
        <ele>901.2</ele>
      </trkpt>
      <trkpt lat="42.84991" lon="-0.548597">
        <ele>896.9</ele>
      </trkpt>
      <trkpt lat="42.850389" lon="-0.548662">
        <ele>890.3</ele>
      </trkpt>
      <trkpt lat="42.850816" lon="-0.54867">
        <ele>885.6</ele>
      </trkpt>
      <trkpt lat="42.851377" lon="-0.54862">
        <ele>883.2</ele>
      </trkpt>
      <trkpt lat="42.851744" lon="-0.548571">
        <ele>884.7</ele>
      </trkpt>
      <trkpt lat="42.852142" lon="-0.548616">
        <ele>881.6</ele>
      </trkpt>
      <trkpt lat="42.852739" lon="-0.548752">
        <ele>875.7</ele>
      </trkpt>
      <trkpt lat="42.853787" lon="-0.548957">
        <ele>871.5</ele>
      </trkpt>
      <trkpt lat="42.854228" lon="-0.5490119999999999">
        <ele>868.5</ele>
      </trkpt>
      <trkpt lat="42.854635" lon="-0.548969">
        <ele>869</ele>
      </trkpt>
      <trkpt lat="42.855078" lon="-0.548944">
        <ele>867.3</ele>
      </trkpt>
      <trkpt lat="42.855592" lon="-0.548825">
        <ele>867.2</ele>
      </trkpt>
      <trkpt lat="42.855893" lon="-0.548671">
        <ele>869.5</ele>
      </trkpt>
      <trkpt lat="42.856157" lon="-0.548671">
        <ele>865.1</ele>
      </trkpt>
      <trkpt lat="42.856569" lon="-0.5489000000000001">
        <ele>855.1</ele>
      </trkpt>
      <trkpt lat="42.856875" lon="-0.549061">
        <ele>850.2</ele>
      </trkpt>
      <trkpt lat="42.857177" lon="-0.549046">
        <ele>849.9</ele>
      </trkpt>
      <trkpt lat="42.857485" lon="-0.548859">
        <ele>853.2</ele>
      </trkpt>
      <trkpt lat="42.857851" lon="-0.548736">
        <ele>853.5</ele>
      </trkpt>
      <trkpt lat="42.858358" lon="-0.548693">
        <ele>850.6</ele>
      </trkpt>
      <trkpt lat="42.85857" lon="-0.548678">
        <ele>849.3</ele>
      </trkpt>
      <trkpt lat="42.859126" lon="-0.548655">
        <ele>847.5</ele>
      </trkpt>
      <trkpt lat="42.859403" lon="-0.5487379999999999">
        <ele>842.9</ele>
      </trkpt>
      <trkpt lat="42.859716" lon="-0.548871">
        <ele>841.3</ele>
      </trkpt>
      <trkpt lat="42.85993" lon="-0.549271">
        <ele>835.8</ele>
      </trkpt>
      <trkpt lat="42.860205" lon="-0.549818">
        <ele>830.2</ele>
      </trkpt>
      <trkpt lat="42.860446" lon="-0.550342">
        <ele>822.5</ele>
      </trkpt>
      <trkpt lat="42.860638" lon="-0.550593">
        <ele>824.1</ele>
      </trkpt>
      <trkpt lat="42.8609" lon="-0.550835">
        <ele>826.3</ele>
      </trkpt>
      <trkpt lat="42.861124" lon="-0.550976">
        <ele>827.3</ele>
      </trkpt>
      <trkpt lat="42.861424" lon="-0.550885">
        <ele>830.8</ele>
      </trkpt>
      <trkpt lat="42.862063" lon="-0.550683">
        <ele>834.6</ele>
      </trkpt>
      <trkpt lat="42.862812" lon="-0.550372">
        <ele>834.3</ele>
      </trkpt>
      <trkpt lat="42.863281" lon="-0.55017">
        <ele>836.9</ele>
      </trkpt>
      <trkpt lat="42.863712" lon="-0.550134">
        <ele>835.4</ele>
      </trkpt>
      <trkpt lat="42.864171" lon="-0.550117">
        <ele>828.3</ele>
      </trkpt>
      <trkpt lat="42.86569" lon="-0.550082">
        <ele>813.2</ele>
      </trkpt>
      <trkpt lat="42.866328" lon="-0.550061">
        <ele>811.6</ele>
      </trkpt>
      <trkpt lat="42.866876" lon="-0.5500890000000001">
        <ele>809.3</ele>
      </trkpt>
      <trkpt lat="42.867293" lon="-0.550143">
        <ele>807.6</ele>
      </trkpt>
      <trkpt lat="42.867592" lon="-0.550279">
        <ele>802.9</ele>
      </trkpt>
      <trkpt lat="42.867829" lon="-0.550594">
        <ele>792.3</ele>
      </trkpt>
      <trkpt lat="42.868265" lon="-0.551136">
        <ele>781.5</ele>
      </trkpt>
      <trkpt lat="42.868659" lon="-0.551477">
        <ele>778</ele>
      </trkpt>
      <trkpt lat="42.869122" lon="-0.551824">
        <ele>775.9</ele>
      </trkpt>
      <trkpt lat="42.869556" lon="-0.552164">
        <ele>771.6</ele>
      </trkpt>
      <trkpt lat="42.869879" lon="-0.552484">
        <ele>772.3</ele>
      </trkpt>
      <trkpt lat="42.870263" lon="-0.5528690000000001">
        <ele>768</ele>
      </trkpt>
      <trkpt lat="42.870577" lon="-0.553139">
        <ele>770.1</ele>
      </trkpt>
      <trkpt lat="42.870769" lon="-0.553673">
        <ele>768.3</ele>
      </trkpt>
      <trkpt lat="42.870994" lon="-0.554068">
        <ele>768.8</ele>
      </trkpt>
      <trkpt lat="42.871253" lon="-0.5543400000000001">
        <ele>767.5</ele>
      </trkpt>
      <trkpt lat="42.871564" lon="-0.554397">
        <ele>770</ele>
      </trkpt>
      <trkpt lat="42.872441" lon="-0.554495">
        <ele>773.4</ele>
      </trkpt>
      <trkpt lat="42.873275" lon="-0.554606">
        <ele>769.8</ele>
      </trkpt>
      <trkpt lat="42.873583" lon="-0.5547">
        <ele>766</ele>
      </trkpt>
      <trkpt lat="42.87391" lon="-0.55487">
        <ele>761.1</ele>
      </trkpt>
      <trkpt lat="42.874221" lon="-0.554961">
        <ele>758.5</ele>
      </trkpt>
      <trkpt lat="42.874736" lon="-0.554953">
        <ele>757.9</ele>
      </trkpt>
      <trkpt lat="42.875244" lon="-0.554948">
        <ele>756.5</ele>
      </trkpt>
      <trkpt lat="42.875694" lon="-0.554905">
        <ele>757.9</ele>
      </trkpt>
      <trkpt lat="42.875843" lon="-0.554953">
        <ele>756.7</ele>
      </trkpt>
      <trkpt lat="42.876119" lon="-0.555187">
        <ele>749.3</ele>
      </trkpt>
      <trkpt lat="42.876499" lon="-0.555435">
        <ele>741.3</ele>
      </trkpt>
      <trkpt lat="42.876922" lon="-0.555652">
        <ele>738.1</ele>
      </trkpt>
      <trkpt lat="42.877262" lon="-0.5559190000000001">
        <ele>735.5</ele>
      </trkpt>
      <trkpt lat="42.877631" lon="-0.556302">
        <ele>730.6</ele>
      </trkpt>
      <trkpt lat="42.877909" lon="-0.556674">
        <ele>726.4</ele>
      </trkpt>
      <trkpt lat="42.878248" lon="-0.557155">
        <ele>723.5</ele>
      </trkpt>
      <trkpt lat="42.878477" lon="-0.557447">
        <ele>724.1</ele>
      </trkpt>
      <trkpt lat="42.878847" lon="-0.557669">
        <ele>724.6</ele>
      </trkpt>
      <trkpt lat="42.87953" lon="-0.5581120000000001">
        <ele>723.9</ele>
      </trkpt>
      <trkpt lat="42.879823" lon="-0.558343">
        <ele>722.5</ele>
      </trkpt>
      <trkpt lat="42.880232" lon="-0.5586449999999999">
        <ele>717.7</ele>
      </trkpt>
      <trkpt lat="42.880672" lon="-0.55889">
        <ele>716.3</ele>
      </trkpt>
      <trkpt lat="42.880972" lon="-0.559109">
        <ele>715.4</ele>
      </trkpt>
      <trkpt lat="42.881419" lon="-0.559381">
        <ele>713.5</ele>
      </trkpt>
      <trkpt lat="42.88169" lon="-0.559712">
        <ele>710.5</ele>
      </trkpt>
      <trkpt lat="42.881935" lon="-0.5601660000000001">
        <ele>708.4</ele>
      </trkpt>
      <trkpt lat="42.882148" lon="-0.560563">
        <ele>707.6</ele>
      </trkpt>
      <trkpt lat="42.882398" lon="-0.560767">
        <ele>709.8</ele>
      </trkpt>
      <trkpt lat="42.882768" lon="-0.560998">
        <ele>710.3</ele>
      </trkpt>
      <trkpt lat="42.883219" lon="-0.56133">
        <ele>707.7</ele>
      </trkpt>
      <trkpt lat="42.883599" lon="-0.561607">
        <ele>708.6</ele>
      </trkpt>
      <trkpt lat="42.883784" lon="-0.561824">
        <ele>710.6</ele>
      </trkpt>
      <trkpt lat="42.883897" lon="-0.562169">
        <ele>720</ele>
      </trkpt>
      <trkpt lat="42.883971" lon="-0.562553">
        <ele>747</ele>
      </trkpt>
      <trkpt lat="42.884105" lon="-0.562798">
        <ele>766.8</ele>
      </trkpt>
      <trkpt lat="42.884353" lon="-0.562961">
        <ele>785.2</ele>
      </trkpt>
      <trkpt lat="42.884668" lon="-0.563095">
        <ele>803.9</ele>
      </trkpt>
      <trkpt lat="42.884935" lon="-0.563148">
        <ele>815.4</ele>
      </trkpt>
      <trkpt lat="42.885196" lon="-0.563369">
        <ele>839.7</ele>
      </trkpt>
      <trkpt lat="42.88537" lon="-0.563414">
        <ele>847.1</ele>
      </trkpt>
      <trkpt lat="42.88589" lon="-0.56337">
        <ele>844.6</ele>
      </trkpt>
      <trkpt lat="42.886217" lon="-0.563463">
        <ele>851.7</ele>
      </trkpt>
      <trkpt lat="42.88654" lon="-0.563487">
        <ele>847.3</ele>
      </trkpt>
      <trkpt lat="42.886938" lon="-0.563367">
        <ele>828.7</ele>
      </trkpt>
      <trkpt lat="42.887137" lon="-0.5632819999999999">
        <ele>816.8</ele>
      </trkpt>
      <trkpt lat="42.887488" lon="-0.563028">
        <ele>785.6</ele>
      </trkpt>
      <trkpt lat="42.88756" lon="-0.563006">
        <ele>781.7</ele>
      </trkpt>
      <trkpt lat="42.887705" lon="-0.563055">
        <ele>782.1</ele>
      </trkpt>
      <trkpt lat="42.887977" lon="-0.563169">
        <ele>785.4</ele>
      </trkpt>
      <trkpt lat="42.888383" lon="-0.56325">
        <ele>784</ele>
      </trkpt>
      <trkpt lat="42.888667" lon="-0.5632779999999999">
        <ele>780.2</ele>
      </trkpt>
      <trkpt lat="42.88885" lon="-0.563291">
        <ele>772.7</ele>
      </trkpt>
      <trkpt lat="42.889176" lon="-0.56326">
        <ele>748.8</ele>
      </trkpt>
      <trkpt lat="42.889341" lon="-0.563244">
        <ele>736.9</ele>
      </trkpt>
      <trkpt lat="42.889526" lon="-0.563237">
        <ele>724.5</ele>
      </trkpt>
      <trkpt lat="42.88971" lon="-0.563267">
        <ele>718.6</ele>
      </trkpt>
      <trkpt lat="42.889862" lon="-0.5633280000000001">
        <ele>716.9</ele>
      </trkpt>
      <trkpt lat="42.890041" lon="-0.563473">
        <ele>717.2</ele>
      </trkpt>
      <trkpt lat="42.890191" lon="-0.5636409999999999">
        <ele>718.1</ele>
      </trkpt>
      <trkpt lat="42.890313" lon="-0.563821">
        <ele>720.2</ele>
      </trkpt>
      <trkpt lat="42.890442" lon="-0.56399">
        <ele>720.5</ele>
      </trkpt>
      <trkpt lat="42.890693" lon="-0.564198">
        <ele>719.6</ele>
      </trkpt>
      <trkpt lat="42.890921" lon="-0.564352">
        <ele>718.5</ele>
      </trkpt>
      <trkpt lat="42.891089" lon="-0.564455">
        <ele>717.9</ele>
      </trkpt>
      <trkpt lat="42.891286" lon="-0.564539">
        <ele>716.3</ele>
      </trkpt>
      <trkpt lat="42.891518" lon="-0.564559">
        <ele>712.8</ele>
      </trkpt>
      <trkpt lat="42.891759" lon="-0.56456">
        <ele>708.4</ele>
      </trkpt>
      <trkpt lat="42.891954" lon="-0.5645250000000001">
        <ele>703.5</ele>
      </trkpt>
      <trkpt lat="42.892156" lon="-0.564432">
        <ele>698.7</ele>
      </trkpt>
      <trkpt lat="42.892349" lon="-0.564296">
        <ele>695.1</ele>
      </trkpt>
      <trkpt lat="42.892531" lon="-0.564211">
        <ele>692.7</ele>
      </trkpt>
      <trkpt lat="42.89271" lon="-0.564191">
        <ele>692.5</ele>
      </trkpt>
      <trkpt lat="42.892823" lon="-0.5642430000000001">
        <ele>695.3</ele>
      </trkpt>
      <trkpt lat="42.892995" lon="-0.5643820000000001">
        <ele>701.1</ele>
      </trkpt>
      <trkpt lat="42.893153" lon="-0.564532">
        <ele>705.6</ele>
      </trkpt>
      <trkpt lat="42.893316" lon="-0.564642">
        <ele>708.4</ele>
      </trkpt>
      <trkpt lat="42.893473" lon="-0.564728">
        <ele>710.5</ele>
      </trkpt>
      <trkpt lat="42.893596" lon="-0.564779">
        <ele>711.4</ele>
      </trkpt>
      <trkpt lat="42.893816" lon="-0.564755">
        <ele>706.6</ele>
      </trkpt>
      <trkpt lat="42.894039" lon="-0.564701">
        <ele>700</ele>
      </trkpt>
      <trkpt lat="42.894182" lon="-0.564669">
        <ele>696</ele>
      </trkpt>
      <trkpt lat="42.894351" lon="-0.5646640000000001">
        <ele>693</ele>
      </trkpt>
      <trkpt lat="42.89452" lon="-0.5647990000000001">
        <ele>697.7</ele>
      </trkpt>
      <trkpt lat="42.894672" lon="-0.565016">
        <ele>704.5</ele>
      </trkpt>
      <trkpt lat="42.894881" lon="-0.565298">
        <ele>708.4</ele>
      </trkpt>
      <trkpt lat="42.895072" lon="-0.565608">
        <ele>715</ele>
      </trkpt>
      <trkpt lat="42.895245" lon="-0.565917">
        <ele>722.7</ele>
      </trkpt>
      <trkpt lat="42.89536" lon="-0.5660849999999999">
        <ele>724.8</ele>
      </trkpt>
      <trkpt lat="42.895418" lon="-0.566136">
        <ele>723.8</ele>
      </trkpt>
      <trkpt lat="42.895563" lon="-0.566267">
        <ele>720.9</ele>
      </trkpt>
      <trkpt lat="42.895757" lon="-0.566395">
        <ele>714.3</ele>
      </trkpt>
      <trkpt lat="42.895953" lon="-0.56649">
        <ele>704.8</ele>
      </trkpt>
      <trkpt lat="42.896306" lon="-0.566626">
        <ele>687.6</ele>
      </trkpt>
      <trkpt lat="42.896577" lon="-0.566739">
        <ele>686.2</ele>
      </trkpt>
      <trkpt lat="42.896813" lon="-0.566829">
        <ele>684.7</ele>
      </trkpt>
      <trkpt lat="42.897088" lon="-0.566994">
        <ele>685.2</ele>
      </trkpt>
      <trkpt lat="42.897338" lon="-0.567196">
        <ele>686.9</ele>
      </trkpt>
      <trkpt lat="42.897536" lon="-0.567347">
        <ele>687.9</ele>
      </trkpt>
      <trkpt lat="42.89775" lon="-0.567517">
        <ele>688.3</ele>
      </trkpt>
      <trkpt lat="42.898007" lon="-0.567693">
        <ele>686.5</ele>
      </trkpt>
      <trkpt lat="42.898257" lon="-0.567858">
        <ele>684.1</ele>
      </trkpt>
      <trkpt lat="42.898684" lon="-0.568016">
        <ele>673.8</ele>
      </trkpt>
      <trkpt lat="42.899006" lon="-0.5681079999999999">
        <ele>666.2</ele>
      </trkpt>
      <trkpt lat="42.899543" lon="-0.568205">
        <ele>650.3</ele>
      </trkpt>
      <trkpt lat="42.899782" lon="-0.568238">
        <ele>648.1</ele>
      </trkpt>
      <trkpt lat="42.900243" lon="-0.568313">
        <ele>646</ele>
      </trkpt>
      <trkpt lat="42.900494" lon="-0.568385">
        <ele>645.5</ele>
      </trkpt>
      <trkpt lat="42.900824" lon="-0.568524">
        <ele>646.7</ele>
      </trkpt>
      <trkpt lat="42.901048" lon="-0.568658">
        <ele>649</ele>
      </trkpt>
      <trkpt lat="42.90126" lon="-0.568812">
        <ele>653.9</ele>
      </trkpt>
      <trkpt lat="42.901433" lon="-0.568951">
        <ele>656.9</ele>
      </trkpt>
      <trkpt lat="42.901687" lon="-0.569221">
        <ele>663.8</ele>
      </trkpt>
      <trkpt lat="42.901817" lon="-0.56937">
        <ele>667.5</ele>
      </trkpt>
      <trkpt lat="42.901979" lon="-0.569567">
        <ele>672.1</ele>
      </trkpt>
      <trkpt lat="42.902187" lon="-0.569791">
        <ele>673.3</ele>
      </trkpt>
      <trkpt lat="42.902368" lon="-0.569984">
        <ele>670</ele>
      </trkpt>
      <trkpt lat="42.902499" lon="-0.57011">
        <ele>665.9</ele>
      </trkpt>
      <trkpt lat="42.902684" lon="-0.570224">
        <ele>656.8</ele>
      </trkpt>
      <trkpt lat="42.902875" lon="-0.570325">
        <ele>645.9</ele>
      </trkpt>
      <trkpt lat="42.903139" lon="-0.57042">
        <ele>642</ele>
      </trkpt>
      <trkpt lat="42.903489" lon="-0.570464">
        <ele>639.1</ele>
      </trkpt>
      <trkpt lat="42.903805" lon="-0.570426">
        <ele>634.5</ele>
      </trkpt>
      <trkpt lat="42.904091" lon="-0.570368">
        <ele>638</ele>
      </trkpt>
      <trkpt lat="42.904483" lon="-0.570288">
        <ele>642.4</ele>
      </trkpt>
      <trkpt lat="42.904891" lon="-0.570221">
        <ele>643.8</ele>
      </trkpt>
      <trkpt lat="42.905345" lon="-0.570136">
        <ele>643.2</ele>
      </trkpt>
      <trkpt lat="42.905656" lon="-0.570091">
        <ele>639.9</ele>
      </trkpt>
      <trkpt lat="42.90593" lon="-0.570056">
        <ele>636.6</ele>
      </trkpt>
      <trkpt lat="42.906364" lon="-0.5701040000000001">
        <ele>634.3</ele>
      </trkpt>
      <trkpt lat="42.906583" lon="-0.570188">
        <ele>633.7</ele>
      </trkpt>
      <trkpt lat="42.906878" lon="-0.570335">
        <ele>633.3</ele>
      </trkpt>
      <trkpt lat="42.907273" lon="-0.570554">
        <ele>633.3</ele>
      </trkpt>
      <trkpt lat="42.907476" lon="-0.570646">
        <ele>632.1</ele>
      </trkpt>
      <trkpt lat="42.908059" lon="-0.570863">
        <ele>627.1</ele>
      </trkpt>
      <trkpt lat="42.908343" lon="-0.570916">
        <ele>627.3</ele>
      </trkpt>
      <trkpt lat="42.908999" lon="-0.570979">
        <ele>626.2</ele>
      </trkpt>
      <trkpt lat="42.909335" lon="-0.571059">
        <ele>626.8</ele>
      </trkpt>
      <trkpt lat="42.909692" lon="-0.571151">
        <ele>625.9</ele>
      </trkpt>
      <trkpt lat="42.910017" lon="-0.571316">
        <ele>622.5</ele>
      </trkpt>
      <trkpt lat="42.910407" lon="-0.571503">
        <ele>618</ele>
      </trkpt>
      <trkpt lat="42.910777" lon="-0.5717410000000001">
        <ele>619.1</ele>
      </trkpt>
      <trkpt lat="42.911084" lon="-0.571956">
        <ele>620.2</ele>
      </trkpt>
      <trkpt lat="42.911325" lon="-0.572133">
        <ele>620.1</ele>
      </trkpt>
      <trkpt lat="42.911675" lon="-0.57243">
        <ele>617</ele>
      </trkpt>
      <trkpt lat="42.912029" lon="-0.572711">
        <ele>613.9</ele>
      </trkpt>
      <trkpt lat="42.912295" lon="-0.572922">
        <ele>611.3</ele>
      </trkpt>
      <trkpt lat="42.912751" lon="-0.573292">
        <ele>611.5</ele>
      </trkpt>
      <trkpt lat="42.913179" lon="-0.573618">
        <ele>615.3</ele>
      </trkpt>
      <trkpt lat="42.913378" lon="-0.573773">
        <ele>618.9</ele>
      </trkpt>
      <trkpt lat="42.913762" lon="-0.57401">
        <ele>623.6</ele>
      </trkpt>
      <trkpt lat="42.914161" lon="-0.574234">
        <ele>621.6</ele>
      </trkpt>
      <trkpt lat="42.914575" lon="-0.574468">
        <ele>619</ele>
      </trkpt>
      <trkpt lat="42.915038" lon="-0.574731">
        <ele>614.3</ele>
      </trkpt>
      <trkpt lat="42.915449" lon="-0.574967">
        <ele>609</ele>
      </trkpt>
      <trkpt lat="42.915884" lon="-0.5752159999999999">
        <ele>606.6</ele>
      </trkpt>
      <trkpt lat="42.916204" lon="-0.575358">
        <ele>602.8</ele>
      </trkpt>
      <trkpt lat="42.916866" lon="-0.575591">
        <ele>611.7</ele>
      </trkpt>
      <trkpt lat="42.917197" lon="-0.575725">
        <ele>614.7</ele>
      </trkpt>
      <trkpt lat="42.917706" lon="-0.575865">
        <ele>602.4</ele>
      </trkpt>
      <trkpt lat="42.918424" lon="-0.57614">
        <ele>588.3</ele>
      </trkpt>
      <trkpt lat="42.918774" lon="-0.576301">
        <ele>582.9</ele>
      </trkpt>
      <trkpt lat="42.919275" lon="-0.5766">
        <ele>584</ele>
      </trkpt>
      <trkpt lat="42.919597" lon="-0.576852">
        <ele>582.2</ele>
      </trkpt>
      <trkpt lat="42.919839" lon="-0.577017">
        <ele>581.5</ele>
      </trkpt>
      <trkpt lat="42.92018" lon="-0.577245">
        <ele>583.8</ele>
      </trkpt>
      <trkpt lat="42.9205" lon="-0.577414">
        <ele>587.1</ele>
      </trkpt>
      <trkpt lat="42.920922" lon="-0.577646">
        <ele>587.7</ele>
      </trkpt>
      <trkpt lat="42.921221" lon="-0.57773">
        <ele>583.6</ele>
      </trkpt>
      <trkpt lat="42.921508" lon="-0.577828">
        <ele>585.1</ele>
      </trkpt>
      <trkpt lat="42.921708" lon="-0.577955">
        <ele>587.3</ele>
      </trkpt>
      <trkpt lat="42.921927" lon="-0.57821">
        <ele>600.9</ele>
      </trkpt>
      <trkpt lat="42.922062" lon="-0.578354">
        <ele>606.8</ele>
      </trkpt>
      <trkpt lat="42.922269" lon="-0.578469">
        <ele>611</ele>
      </trkpt>
      <trkpt lat="42.922531" lon="-0.578507">
        <ele>610.4</ele>
      </trkpt>
      <trkpt lat="42.922913" lon="-0.578582">
        <ele>607.8</ele>
      </trkpt>
      <trkpt lat="42.92322" lon="-0.57879">
        <ele>604.9</ele>
      </trkpt>
      <trkpt lat="42.923537" lon="-0.579048">
        <ele>611.6</ele>
      </trkpt>
      <trkpt lat="42.923781" lon="-0.57921">
        <ele>612.3</ele>
      </trkpt>
      <trkpt lat="42.924034" lon="-0.5793509999999999">
        <ele>605.9</ele>
      </trkpt>
      <trkpt lat="42.924305" lon="-0.579465">
        <ele>592.9</ele>
      </trkpt>
      <trkpt lat="42.924572" lon="-0.57958">
        <ele>575.8</ele>
      </trkpt>
      <trkpt lat="42.924854" lon="-0.579678">
        <ele>577.8</ele>
      </trkpt>
      <trkpt lat="42.92556" lon="-0.579784">
        <ele>569</ele>
      </trkpt>
      <trkpt lat="42.925879" lon="-0.579863">
        <ele>566.4</ele>
      </trkpt>
      <trkpt lat="42.925992" lon="-0.579919">
        <ele>565.5</ele>
      </trkpt>
      <trkpt lat="42.92635" lon="-0.580076">
        <ele>562.2</ele>
      </trkpt>
      <trkpt lat="42.926761" lon="-0.5802659999999999">
        <ele>559.8</ele>
      </trkpt>
      <trkpt lat="42.926979" lon="-0.580338">
        <ele>557.2</ele>
      </trkpt>
      <trkpt lat="42.927339" lon="-0.580423">
        <ele>555.1</ele>
      </trkpt>
      <trkpt lat="42.928029" lon="-0.580574">
        <ele>555.8</ele>
      </trkpt>
      <trkpt lat="42.928289" lon="-0.580658">
        <ele>555.1</ele>
      </trkpt>
      <trkpt lat="42.928607" lon="-0.5808">
        <ele>553.5</ele>
      </trkpt>
      <trkpt lat="42.929028" lon="-0.58097">
        <ele>550.9</ele>
      </trkpt>
      <trkpt lat="42.929412" lon="-0.581135">
        <ele>548</ele>
      </trkpt>
      <trkpt lat="42.929641" lon="-0.58125">
        <ele>546.4</ele>
      </trkpt>
      <trkpt lat="42.929872" lon="-0.5814589999999999">
        <ele>550.4</ele>
      </trkpt>
      <trkpt lat="42.930109" lon="-0.581743">
        <ele>552.2</ele>
      </trkpt>
      <trkpt lat="42.930397" lon="-0.582101">
        <ele>549.7</ele>
      </trkpt>
      <trkpt lat="42.930681" lon="-0.5824240000000001">
        <ele>556.2</ele>
      </trkpt>
      <trkpt lat="42.930978" lon="-0.582712">
        <ele>554.9</ele>
      </trkpt>
      <trkpt lat="42.931229" lon="-0.5829839999999999">
        <ele>549.5</ele>
      </trkpt>
      <trkpt lat="42.931507" lon="-0.58342">
        <ele>555.8</ele>
      </trkpt>
      <trkpt lat="42.931765" lon="-0.583861">
        <ele>555.4</ele>
      </trkpt>
      <trkpt lat="42.93194" lon="-0.584122">
        <ele>554.3</ele>
      </trkpt>
      <trkpt lat="42.932181" lon="-0.584422">
        <ele>549.9</ele>
      </trkpt>
      <trkpt lat="42.932364" lon="-0.584722">
        <ele>551.5</ele>
      </trkpt>
      <trkpt lat="42.932484" lon="-0.584996">
        <ele>554.9</ele>
      </trkpt>
      <trkpt lat="42.932598" lon="-0.585324">
        <ele>556.3</ele>
      </trkpt>
      <trkpt lat="42.932716" lon="-0.585659">
        <ele>563.8</ele>
      </trkpt>
      <trkpt lat="42.93286" lon="-0.585882">
        <ele>566.9</ele>
      </trkpt>
      <trkpt lat="42.933075" lon="-0.586073">
        <ele>567.5</ele>
      </trkpt>
      <trkpt lat="42.933284" lon="-0.586128">
        <ele>561.9</ele>
      </trkpt>
      <trkpt lat="42.933528" lon="-0.586276">
        <ele>555.5</ele>
      </trkpt>
      <trkpt lat="42.933765" lon="-0.586431">
        <ele>550.2</ele>
      </trkpt>
      <trkpt lat="42.934055" lon="-0.58666">
        <ele>551.1</ele>
      </trkpt>
      <trkpt lat="42.934321" lon="-0.58692">
        <ele>551</ele>
      </trkpt>
      <trkpt lat="42.934864" lon="-0.587456">
        <ele>548.1</ele>
      </trkpt>
      <trkpt lat="42.935135" lon="-0.587833">
        <ele>543.1</ele>
      </trkpt>
      <trkpt lat="42.935323" lon="-0.588138">
        <ele>539.5</ele>
      </trkpt>
      <trkpt lat="42.935529" lon="-0.588603">
        <ele>541.8</ele>
      </trkpt>
      <trkpt lat="42.935694" lon="-0.588958">
        <ele>544.8</ele>
      </trkpt>
      <trkpt lat="42.935925" lon="-0.589329">
        <ele>542.6</ele>
      </trkpt>
      <trkpt lat="42.936162" lon="-0.589633">
        <ele>534.1</ele>
      </trkpt>
      <trkpt lat="42.936439" lon="-0.589951">
        <ele>532.7</ele>
      </trkpt>
      <trkpt lat="42.936719" lon="-0.590326">
        <ele>530.5</ele>
      </trkpt>
      <trkpt lat="42.936933" lon="-0.59069">
        <ele>527.6</ele>
      </trkpt>
      <trkpt lat="42.937106" lon="-0.591028">
        <ele>525.6</ele>
      </trkpt>
      <trkpt lat="42.937326" lon="-0.591434">
        <ele>528.7</ele>
      </trkpt>
      <trkpt lat="42.937657" lon="-0.59202">
        <ele>526</ele>
      </trkpt>
      <trkpt lat="42.937976" lon="-0.592625">
        <ele>520</ele>
      </trkpt>
      <trkpt lat="42.938401" lon="-0.593357">
        <ele>523.1</ele>
      </trkpt>
      <trkpt lat="42.938624" lon="-0.593818">
        <ele>524.6</ele>
      </trkpt>
      <trkpt lat="42.9387" lon="-0.594033">
        <ele>526.5</ele>
      </trkpt>
      <trkpt lat="42.938798" lon="-0.5943619999999999">
        <ele>531.5</ele>
      </trkpt>
      <trkpt lat="42.938906" lon="-0.59479">
        <ele>537</ele>
      </trkpt>
      <trkpt lat="42.93896" lon="-0.595071">
        <ele>537.8</ele>
      </trkpt>
      <trkpt lat="42.939056" lon="-0.595445">
        <ele>538.1</ele>
      </trkpt>
      <trkpt lat="42.939143" lon="-0.595917">
        <ele>534.6</ele>
      </trkpt>
      <trkpt lat="42.939194" lon="-0.596243">
        <ele>531.6</ele>
      </trkpt>
      <trkpt lat="42.939192" lon="-0.5966089999999999">
        <ele>531.2</ele>
      </trkpt>
      <trkpt lat="42.939139" lon="-0.597012">
        <ele>530.4</ele>
      </trkpt>
      <trkpt lat="42.939071" lon="-0.597384">
        <ele>529.8</ele>
      </trkpt>
      <trkpt lat="42.938999" lon="-0.5976129999999999">
        <ele>529</ele>
      </trkpt>
      <trkpt lat="42.938935" lon="-0.597851">
        <ele>527.9</ele>
      </trkpt>
      <trkpt lat="42.93893" lon="-0.598279">
        <ele>527.2</ele>
      </trkpt>
      <trkpt lat="42.93894" lon="-0.598737">
        <ele>526.5</ele>
      </trkpt>
      <trkpt lat="42.938961" lon="-0.599193">
        <ele>525</ele>
      </trkpt>
      <trkpt lat="42.938943" lon="-0.59955">
        <ele>523.7</ele>
      </trkpt>
      <trkpt lat="42.93888" lon="-0.599751">
        <ele>524</ele>
      </trkpt>
      <trkpt lat="42.938813" lon="-0.599916">
        <ele>525</ele>
      </trkpt>
      <trkpt lat="42.938779" lon="-0.600123">
        <ele>526.2</ele>
      </trkpt>
      <trkpt lat="42.938804" lon="-0.600278">
        <ele>526.3</ele>
      </trkpt>
      <trkpt lat="42.9389" lon="-0.600487">
        <ele>525.4</ele>
      </trkpt>
      <trkpt lat="42.93904" lon="-0.600646">
        <ele>523.2</ele>
      </trkpt>
      <trkpt lat="42.93931" lon="-0.600796">
        <ele>516.6</ele>
      </trkpt>
      <trkpt lat="42.939564" lon="-0.600895">
        <ele>509.4</ele>
      </trkpt>
      <trkpt lat="42.939792" lon="-0.6009989999999999">
        <ele>509.3</ele>
      </trkpt>
      <trkpt lat="42.939974" lon="-0.601166">
        <ele>507.7</ele>
      </trkpt>
      <trkpt lat="42.940126" lon="-0.601367">
        <ele>506.1</ele>
      </trkpt>
      <trkpt lat="42.940299" lon="-0.601708">
        <ele>504.5</ele>
      </trkpt>
      <trkpt lat="42.940469" lon="-0.602027">
        <ele>502.5</ele>
      </trkpt>
      <trkpt lat="42.940688" lon="-0.60253">
        <ele>502.6</ele>
      </trkpt>
      <trkpt lat="42.940863" lon="-0.602904">
        <ele>502.6</ele>
      </trkpt>
      <trkpt lat="42.941094" lon="-0.603371">
        <ele>504.2</ele>
      </trkpt>
      <trkpt lat="42.941237" lon="-0.6036629999999999">
        <ele>504</ele>
      </trkpt>
      <trkpt lat="42.941348" lon="-0.6039060000000001">
        <ele>504.3</ele>
      </trkpt>
      <trkpt lat="42.941436" lon="-0.604165">
        <ele>504.3</ele>
      </trkpt>
      <trkpt lat="42.941501" lon="-0.604474">
        <ele>504.1</ele>
      </trkpt>
      <trkpt lat="42.941587" lon="-0.604854">
        <ele>506.4</ele>
      </trkpt>
      <trkpt lat="42.941719" lon="-0.605366">
        <ele>508.7</ele>
      </trkpt>
      <trkpt lat="42.94185" lon="-0.605731">
        <ele>513.2</ele>
      </trkpt>
      <trkpt lat="42.942029" lon="-0.606038">
        <ele>513.6</ele>
      </trkpt>
      <trkpt lat="42.942176" lon="-0.606273">
        <ele>515.3</ele>
      </trkpt>
      <trkpt lat="42.942403" lon="-0.606606">
        <ele>518.9</ele>
      </trkpt>
      <trkpt lat="42.942595" lon="-0.606887">
        <ele>517</ele>
      </trkpt>
      <trkpt lat="42.942744" lon="-0.607141">
        <ele>513.6</ele>
      </trkpt>
      <trkpt lat="42.942892" lon="-0.607439">
        <ele>512.7</ele>
      </trkpt>
      <trkpt lat="42.943017" lon="-0.607636">
        <ele>513.4</ele>
      </trkpt>
      <trkpt lat="42.943192" lon="-0.607814">
        <ele>511.4</ele>
      </trkpt>
      <trkpt lat="42.943384" lon="-0.607923">
        <ele>506.2</ele>
      </trkpt>
      <trkpt lat="42.943749" lon="-0.608098">
        <ele>498.9</ele>
      </trkpt>
      <trkpt lat="42.944036" lon="-0.608229">
        <ele>501.7</ele>
      </trkpt>
      <trkpt lat="42.944342" lon="-0.608371">
        <ele>503.4</ele>
      </trkpt>
      <trkpt lat="42.94463" lon="-0.608592">
        <ele>503.8</ele>
      </trkpt>
      <trkpt lat="42.944826" lon="-0.608752">
        <ele>502.5</ele>
      </trkpt>
      <trkpt lat="42.945112" lon="-0.609006">
        <ele>499.8</ele>
      </trkpt>
      <trkpt lat="42.945278" lon="-0.60916">
        <ele>497</ele>
      </trkpt>
      <trkpt lat="42.945392" lon="-0.609337">
        <ele>493.8</ele>
      </trkpt>
      <trkpt lat="42.945506" lon="-0.6095699999999999">
        <ele>492.6</ele>
      </trkpt>
      <trkpt lat="42.94565" lon="-0.609747">
        <ele>494.5</ele>
      </trkpt>
      <trkpt lat="42.945897" lon="-0.609946">
        <ele>496</ele>
      </trkpt>
      <trkpt lat="42.946091" lon="-0.610182">
        <ele>494.5</ele>
      </trkpt>
      <trkpt lat="42.946341" lon="-0.610531">
        <ele>493.1</ele>
      </trkpt>
      <trkpt lat="42.946532" lon="-0.610829">
        <ele>495.8</ele>
      </trkpt>
      <trkpt lat="42.946725" lon="-0.611142">
        <ele>494.8</ele>
      </trkpt>
      <trkpt lat="42.946966" lon="-0.611568">
        <ele>492.6</ele>
      </trkpt>
      <trkpt lat="42.94716" lon="-0.611888">
        <ele>492.5</ele>
      </trkpt>
      <trkpt lat="42.947359" lon="-0.612215">
        <ele>495.2</ele>
      </trkpt>
      <trkpt lat="42.947543" lon="-0.612477">
        <ele>497.1</ele>
      </trkpt>
      <trkpt lat="42.947862" lon="-0.612889">
        <ele>494.2</ele>
      </trkpt>
      <trkpt lat="42.948204" lon="-0.613329">
        <ele>497.4</ele>
      </trkpt>
      <trkpt lat="42.94869" lon="-0.613978">
        <ele>493.5</ele>
      </trkpt>
      <trkpt lat="42.948977" lon="-0.614343">
        <ele>499</ele>
      </trkpt>
      <trkpt lat="42.949215" lon="-0.614574">
        <ele>499</ele>
      </trkpt>
      <trkpt lat="42.949394" lon="-0.614699">
        <ele>505</ele>
      </trkpt>
      <trkpt lat="42.949668" lon="-0.614795">
        <ele>509.9</ele>
      </trkpt>
      <trkpt lat="42.949978" lon="-0.614814">
        <ele>512.4</ele>
      </trkpt>
      <trkpt lat="42.950196" lon="-0.614779">
        <ele>509.1</ele>
      </trkpt>
      <trkpt lat="42.950809" lon="-0.614683">
        <ele>496.8</ele>
      </trkpt>
      <trkpt lat="42.95118" lon="-0.614629">
        <ele>490.4</ele>
      </trkpt>
      <trkpt lat="42.951423" lon="-0.614632">
        <ele>490.1</ele>
      </trkpt>
      <trkpt lat="42.95169" lon="-0.614664">
        <ele>491.2</ele>
      </trkpt>
      <trkpt lat="42.951981" lon="-0.61475">
        <ele>492.5</ele>
      </trkpt>
      <trkpt lat="42.952292" lon="-0.614864">
        <ele>492.4</ele>
      </trkpt>
      <trkpt lat="42.952678" lon="-0.614978">
        <ele>490.5</ele>
      </trkpt>
      <trkpt lat="42.952985" lon="-0.6149829999999999">
        <ele>488.4</ele>
      </trkpt>
      <trkpt lat="42.953236" lon="-0.614928">
        <ele>489</ele>
      </trkpt>
      <trkpt lat="42.953468" lon="-0.614785">
        <ele>486.2</ele>
      </trkpt>
      <trkpt lat="42.953626" lon="-0.61465">
        <ele>481.4</ele>
      </trkpt>
      <trkpt lat="42.953822" lon="-0.614364">
        <ele>481.1</ele>
      </trkpt>
      <trkpt lat="42.954043" lon="-0.613939">
        <ele>483.4</ele>
      </trkpt>
      <trkpt lat="42.954293" lon="-0.613415">
        <ele>482.6</ele>
      </trkpt>
      <trkpt lat="42.954577" lon="-0.612832">
        <ele>481.3</ele>
      </trkpt>
      <trkpt lat="42.954798" lon="-0.612472">
        <ele>484.9</ele>
      </trkpt>
      <trkpt lat="42.955062" lon="-0.612127">
        <ele>482.3</ele>
      </trkpt>
      <trkpt lat="42.95526" lon="-0.611946">
        <ele>481.4</ele>
      </trkpt>
      <trkpt lat="42.955519" lon="-0.61171">
        <ele>483.6</ele>
      </trkpt>
      <trkpt lat="42.955807" lon="-0.611537">
        <ele>480.4</ele>
      </trkpt>
      <trkpt lat="42.956042" lon="-0.611426">
        <ele>473.5</ele>
      </trkpt>
      <trkpt lat="42.956405" lon="-0.611331">
        <ele>465.9</ele>
      </trkpt>
      <trkpt lat="42.956766" lon="-0.61127">
        <ele>466.1</ele>
      </trkpt>
      <trkpt lat="42.957366" lon="-0.611201">
        <ele>471</ele>
      </trkpt>
      <trkpt lat="42.957659" lon="-0.611154">
        <ele>475.9</ele>
      </trkpt>
      <trkpt lat="42.958004" lon="-0.611054">
        <ele>480.1</ele>
      </trkpt>
      <trkpt lat="42.958271" lon="-0.6109329999999999">
        <ele>479</ele>
      </trkpt>
      <trkpt lat="42.958514" lon="-0.61081">
        <ele>477.3</ele>
      </trkpt>
      <trkpt lat="42.958807" lon="-0.610642">
        <ele>475</ele>
      </trkpt>
      <trkpt lat="42.959117" lon="-0.6104850000000001">
        <ele>472.7</ele>
      </trkpt>
      <trkpt lat="42.959319" lon="-0.610327">
        <ele>471.9</ele>
      </trkpt>
      <trkpt lat="42.959502" lon="-0.610092">
        <ele>473.4</ele>
      </trkpt>
      <trkpt lat="42.959656" lon="-0.609862">
        <ele>475</ele>
      </trkpt>
      <trkpt lat="42.959794" lon="-0.609714">
        <ele>475.4</ele>
      </trkpt>
      <trkpt lat="42.959999" lon="-0.609583">
        <ele>472.5</ele>
      </trkpt>
      <trkpt lat="42.960324" lon="-0.609457">
        <ele>470.6</ele>
      </trkpt>
      <trkpt lat="42.96061" lon="-0.609374">
        <ele>470.8</ele>
      </trkpt>
      <trkpt lat="42.961072" lon="-0.609257">
        <ele>470.1</ele>
      </trkpt>
      <trkpt lat="42.961303" lon="-0.609232">
        <ele>471.3</ele>
      </trkpt>
      <trkpt lat="42.961642" lon="-0.60926">
        <ele>486.8</ele>
      </trkpt>
      <trkpt lat="42.961842" lon="-0.609331">
        <ele>494.5</ele>
      </trkpt>
      <trkpt lat="42.962047" lon="-0.609494">
        <ele>497.8</ele>
      </trkpt>
      <trkpt lat="42.962233" lon="-0.60968">
        <ele>496.8</ele>
      </trkpt>
      <trkpt lat="42.96246" lon="-0.60988">
        <ele>499.7</ele>
      </trkpt>
      <trkpt lat="42.962717" lon="-0.609979">
        <ele>496.3</ele>
      </trkpt>
      <trkpt lat="42.963004" lon="-0.609996">
        <ele>487.9</ele>
      </trkpt>
      <trkpt lat="42.963374" lon="-0.609937">
        <ele>474.2</ele>
      </trkpt>
      <trkpt lat="42.963697" lon="-0.609863">
        <ele>463.8</ele>
      </trkpt>
      <trkpt lat="42.963944" lon="-0.609812">
        <ele>461.1</ele>
      </trkpt>
      <trkpt lat="42.964202" lon="-0.6097669999999999">
        <ele>459.8</ele>
      </trkpt>
      <trkpt lat="42.964422" lon="-0.609748">
        <ele>458.7</ele>
      </trkpt>
      <trkpt lat="42.964663" lon="-0.609727">
        <ele>457.2</ele>
      </trkpt>
      <trkpt lat="42.964888" lon="-0.609716">
        <ele>455</ele>
      </trkpt>
      <trkpt lat="42.965217" lon="-0.609749">
        <ele>451.7</ele>
      </trkpt>
      <trkpt lat="42.965621" lon="-0.609749">
        <ele>449.7</ele>
      </trkpt>
      <trkpt lat="42.966001" lon="-0.609766">
        <ele>449.3</ele>
      </trkpt>
      <trkpt lat="42.966358" lon="-0.609776">
        <ele>449</ele>
      </trkpt>
      <trkpt lat="42.966637" lon="-0.60976">
        <ele>449.1</ele>
      </trkpt>
      <trkpt lat="42.96689" lon="-0.60973">
        <ele>449.2</ele>
      </trkpt>
      <trkpt lat="42.967076" lon="-0.609683">
        <ele>449.4</ele>
      </trkpt>
      <trkpt lat="42.967499" lon="-0.6095660000000001">
        <ele>449.2</ele>
      </trkpt>
      <trkpt lat="42.967881" lon="-0.609449">
        <ele>448.9</ele>
      </trkpt>
      <trkpt lat="42.968212" lon="-0.609354">
        <ele>447.4</ele>
      </trkpt>
      <trkpt lat="42.968692" lon="-0.609214">
        <ele>444.7</ele>
      </trkpt>
      <trkpt lat="42.968947" lon="-0.609142">
        <ele>444.1</ele>
      </trkpt>
      <trkpt lat="42.969103" lon="-0.609115">
        <ele>443.8</ele>
      </trkpt>
      <trkpt lat="42.969248" lon="-0.609115">
        <ele>443.4</ele>
      </trkpt>
      <trkpt lat="42.969388" lon="-0.609118">
        <ele>443.1</ele>
      </trkpt>
      <trkpt lat="42.969536" lon="-0.6091">
        <ele>442.7</ele>
      </trkpt>
      <trkpt lat="42.969628" lon="-0.609077">
        <ele>442.4</ele>
      </trkpt>
      <trkpt lat="42.969712" lon="-0.609008">
        <ele>442.2</ele>
      </trkpt>
      <trkpt lat="42.969822" lon="-0.6089909999999999">
        <ele>441.9</ele>
      </trkpt>
      <trkpt lat="42.969913" lon="-0.609086">
        <ele>441.4</ele>
      </trkpt>
      <trkpt lat="42.969939" lon="-0.609233">
        <ele>441.1</ele>
      </trkpt>
      <trkpt lat="42.969997" lon="-0.609328">
        <ele>440.8</ele>
      </trkpt>
      <trkpt lat="42.970118" lon="-0.609466">
        <ele>440.2</ele>
      </trkpt>
      <trkpt lat="42.970369" lon="-0.609684">
        <ele>439.2</ele>
      </trkpt>
      <trkpt lat="42.97063" lon="-0.6099">
        <ele>439.2</ele>
      </trkpt>
      <trkpt lat="42.97083" lon="-0.610079">
        <ele>439.2</ele>
      </trkpt>
      <trkpt lat="42.971141" lon="-0.610449">
        <ele>439</ele>
      </trkpt>
      <trkpt lat="42.971366" lon="-0.610751">
        <ele>438.6</ele>
      </trkpt>
      <trkpt lat="42.971532" lon="-0.611015">
        <ele>438.3</ele>
      </trkpt>
      <trkpt lat="42.971688" lon="-0.61133">
        <ele>438</ele>
      </trkpt>
      <trkpt lat="42.971822" lon="-0.611642">
        <ele>438</ele>
      </trkpt>
      <trkpt lat="42.971969" lon="-0.6119830000000001">
        <ele>438</ele>
      </trkpt>
      <trkpt lat="42.972123" lon="-0.612317">
        <ele>437.7</ele>
      </trkpt>
      <trkpt lat="42.97227" lon="-0.612576">
        <ele>437.4</ele>
      </trkpt>
      <trkpt lat="42.972437" lon="-0.612831">
        <ele>437.4</ele>
      </trkpt>
      <trkpt lat="42.972672" lon="-0.6131180000000001">
        <ele>437.4</ele>
      </trkpt>
      <trkpt lat="42.972887" lon="-0.613363">
        <ele>437.4</ele>
      </trkpt>
      <trkpt lat="42.973158" lon="-0.613599">
        <ele>437.1</ele>
      </trkpt>
      <trkpt lat="42.973499" lon="-0.6138439999999999">
        <ele>436.7</ele>
      </trkpt>
      <trkpt lat="42.973749" lon="-0.614016">
        <ele>436</ele>
      </trkpt>
      <trkpt lat="42.974167" lon="-0.614303">
        <ele>434.2</ele>
      </trkpt>
      <trkpt lat="42.97435" lon="-0.614442">
        <ele>433.5</ele>
      </trkpt>
      <trkpt lat="42.974671" lon="-0.614671">
        <ele>432.6</ele>
      </trkpt>
      <trkpt lat="42.975012" lon="-0.614887">
        <ele>432.1</ele>
      </trkpt>
      <trkpt lat="42.975413" lon="-0.615171">
        <ele>432.7</ele>
      </trkpt>
      <trkpt lat="42.975726" lon="-0.615397">
        <ele>432.2</ele>
      </trkpt>
      <trkpt lat="42.976052" lon="-0.615607">
        <ele>431.8</ele>
      </trkpt>
      <trkpt lat="42.976291" lon="-0.6157629999999999">
        <ele>431.8</ele>
      </trkpt>
      <trkpt lat="42.976618" lon="-0.615933">
        <ele>432.1</ele>
      </trkpt>
      <trkpt lat="42.976908" lon="-0.616045">
        <ele>432.3</ele>
      </trkpt>
      <trkpt lat="42.977217" lon="-0.616143">
        <ele>432.6</ele>
      </trkpt>
      <trkpt lat="42.977556" lon="-0.616183">
        <ele>432.8</ele>
      </trkpt>
      <trkpt lat="42.97787" lon="-0.616213">
        <ele>432.9</ele>
      </trkpt>
      <trkpt lat="42.97811" lon="-0.616198">
        <ele>432.1</ele>
      </trkpt>
      <trkpt lat="42.978406" lon="-0.616154">
        <ele>430.9</ele>
      </trkpt>
      <trkpt lat="42.978718" lon="-0.61608">
        <ele>429.5</ele>
      </trkpt>
      <trkpt lat="42.97901" lon="-0.615978">
        <ele>428.7</ele>
      </trkpt>
      <trkpt lat="42.979238" lon="-0.615878">
        <ele>428.3</ele>
      </trkpt>
      <trkpt lat="42.979703" lon="-0.615634">
        <ele>427.8</ele>
      </trkpt>
      <trkpt lat="42.980115" lon="-0.6153999999999999">
        <ele>427.3</ele>
      </trkpt>
      <trkpt lat="42.980816" lon="-0.6150099999999999">
        <ele>426.7</ele>
      </trkpt>
      <trkpt lat="42.981199" lon="-0.614791">
        <ele>427</ele>
      </trkpt>
      <trkpt lat="42.981802" lon="-0.614447">
        <ele>426.9</ele>
      </trkpt>
      <trkpt lat="42.982155" lon="-0.614252">
        <ele>426.9</ele>
      </trkpt>
      <trkpt lat="42.982404" lon="-0.61412">
        <ele>426.7</ele>
      </trkpt>
      <trkpt lat="42.982905" lon="-0.613901">
        <ele>426.6</ele>
      </trkpt>
      <trkpt lat="42.983124" lon="-0.613838">
        <ele>426.3</ele>
      </trkpt>
      <trkpt lat="42.983372" lon="-0.61377">
        <ele>425.9</ele>
      </trkpt>
      <trkpt lat="42.983769" lon="-0.613697">
        <ele>424.9</ele>
      </trkpt>
      <trkpt lat="42.98399" lon="-0.613657">
        <ele>424.7</ele>
      </trkpt>
      <trkpt lat="42.984169" lon="-0.6135969999999999">
        <ele>424.4</ele>
      </trkpt>
      <trkpt lat="42.984265" lon="-0.613522">
        <ele>424.1</ele>
      </trkpt>
      <trkpt lat="42.984352" lon="-0.613395">
        <ele>423.5</ele>
      </trkpt>
      <trkpt lat="42.984441" lon="-0.61333">
        <ele>423.2</ele>
      </trkpt>
      <trkpt lat="42.984543" lon="-0.613368">
        <ele>423.2</ele>
      </trkpt>
      <trkpt lat="42.984658" lon="-0.6134500000000001">
        <ele>423.2</ele>
      </trkpt>
      <trkpt lat="42.984765" lon="-0.613471">
        <ele>422.9</ele>
      </trkpt>
      <trkpt lat="42.984947" lon="-0.613398">
        <ele>421.9</ele>
      </trkpt>
      <trkpt lat="42.985174" lon="-0.613285">
        <ele>420.8</ele>
      </trkpt>
      <trkpt lat="42.985455" lon="-0.613116">
        <ele>420</ele>
      </trkpt>
      <trkpt lat="42.9857" lon="-0.612932">
        <ele>420</ele>
      </trkpt>
      <trkpt lat="42.985896" lon="-0.612744">
        <ele>419.8</ele>
      </trkpt>
      <trkpt lat="42.986075" lon="-0.612581">
        <ele>419.6</ele>
      </trkpt>
      <trkpt lat="42.986305" lon="-0.6122840000000001">
        <ele>419.3</ele>
      </trkpt>
      <trkpt lat="42.986548" lon="-0.611958">
        <ele>419.2</ele>
      </trkpt>
      <trkpt lat="42.986747" lon="-0.611617">
        <ele>419</ele>
      </trkpt>
      <trkpt lat="42.986967" lon="-0.611224">
        <ele>418.8</ele>
      </trkpt>
      <trkpt lat="42.987271" lon="-0.610645">
        <ele>418.2</ele>
      </trkpt>
      <trkpt lat="42.987503" lon="-0.610229">
        <ele>418</ele>
      </trkpt>
      <trkpt lat="42.987722" lon="-0.609843">
        <ele>418</ele>
      </trkpt>
      <trkpt lat="42.987906" lon="-0.609558">
        <ele>418</ele>
      </trkpt>
      <trkpt lat="42.988149" lon="-0.6092689999999999">
        <ele>418</ele>
      </trkpt>
      <trkpt lat="42.988353" lon="-0.609036">
        <ele>417.7</ele>
      </trkpt>
      <trkpt lat="42.988611" lon="-0.6088170000000001">
        <ele>417.2</ele>
      </trkpt>
      <trkpt lat="42.988837" lon="-0.608638">
        <ele>416.9</ele>
      </trkpt>
      <trkpt lat="42.989078" lon="-0.608488">
        <ele>416.7</ele>
      </trkpt>
      <trkpt lat="42.989406" lon="-0.60833">
        <ele>416.5</ele>
      </trkpt>
      <trkpt lat="42.989666" lon="-0.608223">
        <ele>416.3</ele>
      </trkpt>
      <trkpt lat="42.989958" lon="-0.608159">
        <ele>415.8</ele>
      </trkpt>
      <trkpt lat="42.99029" lon="-0.608105">
        <ele>415.4</ele>
      </trkpt>
      <trkpt lat="42.990711" lon="-0.608046">
        <ele>413.7</ele>
      </trkpt>
      <trkpt lat="42.991251" lon="-0.607988">
        <ele>411</ele>
      </trkpt>
      <trkpt lat="42.991625" lon="-0.60793">
        <ele>411</ele>
      </trkpt>
      <trkpt lat="42.991991" lon="-0.607888">
        <ele>411</ele>
      </trkpt>
      <trkpt lat="42.992328" lon="-0.607847">
        <ele>411</ele>
      </trkpt>
      <trkpt lat="42.992997" lon="-0.607749">
        <ele>411.1</ele>
      </trkpt>
      <trkpt lat="42.993308" lon="-0.6077129999999999">
        <ele>410.8</ele>
      </trkpt>
      <trkpt lat="42.993878" lon="-0.607643">
        <ele>410.3</ele>
      </trkpt>
      <trkpt lat="42.994233" lon="-0.607593">
        <ele>410.2</ele>
      </trkpt>
      <trkpt lat="42.994768" lon="-0.607528">
        <ele>409.8</ele>
      </trkpt>
      <trkpt lat="42.995188" lon="-0.607465">
        <ele>409.3</ele>
      </trkpt>
      <trkpt lat="42.996106" lon="-0.607348">
        <ele>410.1</ele>
      </trkpt>
      <trkpt lat="42.996449" lon="-0.607305">
        <ele>410.3</ele>
      </trkpt>
      <trkpt lat="42.997133" lon="-0.607171">
        <ele>410</ele>
      </trkpt>
      <trkpt lat="42.997489" lon="-0.607061">
        <ele>409.5</ele>
      </trkpt>
      <trkpt lat="42.997712" lon="-0.606981">
        <ele>409</ele>
      </trkpt>
      <trkpt lat="42.998099" lon="-0.606816">
        <ele>408.7</ele>
      </trkpt>
      <trkpt lat="42.998393" lon="-0.606665">
        <ele>408.9</ele>
      </trkpt>
      <trkpt lat="42.998636" lon="-0.606527">
        <ele>408.8</ele>
      </trkpt>
      <trkpt lat="42.999218" lon="-0.606164">
        <ele>411.7</ele>
      </trkpt>
      <trkpt lat="42.999714" lon="-0.605764">
        <ele>414.9</ele>
      </trkpt>
      <trkpt lat="43.000392" lon="-0.605178">
        <ele>420</ele>
      </trkpt>
      <trkpt lat="43.000745" lon="-0.604887">
        <ele>415.8</ele>
      </trkpt>
      <trkpt lat="43.001052" lon="-0.604672">
        <ele>411.9</ele>
      </trkpt>
      <trkpt lat="43.001353" lon="-0.604479">
        <ele>408.7</ele>
      </trkpt>
      <trkpt lat="43.001669" lon="-0.604308">
        <ele>406.7</ele>
      </trkpt>
      <trkpt lat="43.001934" lon="-0.604174">
        <ele>405.6</ele>
      </trkpt>
      <trkpt lat="43.0023" lon="-0.604028">
        <ele>404.1</ele>
      </trkpt>
      <trkpt lat="43.002659" lon="-0.603858">
        <ele>402.7</ele>
      </trkpt>
      <trkpt lat="43.002978" lon="-0.603733">
        <ele>402</ele>
      </trkpt>
      <trkpt lat="43.003407" lon="-0.603553">
        <ele>402</ele>
      </trkpt>
      <trkpt lat="43.003766" lon="-0.603391">
        <ele>401.7</ele>
      </trkpt>
      <trkpt lat="43.004095" lon="-0.603253">
        <ele>401.1</ele>
      </trkpt>
      <trkpt lat="43.00435" lon="-0.6031840000000001">
        <ele>401</ele>
      </trkpt>
      <trkpt lat="43.004575" lon="-0.603108">
        <ele>401</ele>
      </trkpt>
      <trkpt lat="43.004911" lon="-0.60302">
        <ele>401.4</ele>
      </trkpt>
      <trkpt lat="43.005151" lon="-0.602974">
        <ele>401.7</ele>
      </trkpt>
      <trkpt lat="43.005445" lon="-0.602935">
        <ele>401.9</ele>
      </trkpt>
      <trkpt lat="43.005722" lon="-0.602921">
        <ele>400.5</ele>
      </trkpt>
      <trkpt lat="43.006067" lon="-0.602918">
        <ele>398.9</ele>
      </trkpt>
      <trkpt lat="43.006294" lon="-0.602924">
        <ele>398</ele>
      </trkpt>
      <trkpt lat="43.006678" lon="-0.602919">
        <ele>397.5</ele>
      </trkpt>
      <trkpt lat="43.006945" lon="-0.602916">
        <ele>397.2</ele>
      </trkpt>
      <trkpt lat="43.00721" lon="-0.6029600000000001">
        <ele>398.3</ele>
      </trkpt>
      <trkpt lat="43.007481" lon="-0.6030180000000001">
        <ele>401</ele>
      </trkpt>
      <trkpt lat="43.007977" lon="-0.603138">
        <ele>404.4</ele>
      </trkpt>
      <trkpt lat="43.008431" lon="-0.603207">
        <ele>402</ele>
      </trkpt>
      <trkpt lat="43.008707" lon="-0.603228">
        <ele>400.6</ele>
      </trkpt>
      <trkpt lat="43.009224" lon="-0.603261">
        <ele>398.1</ele>
      </trkpt>
      <trkpt lat="43.009543" lon="-0.603286">
        <ele>396.5</ele>
      </trkpt>
      <trkpt lat="43.009999" lon="-0.60328">
        <ele>395.6</ele>
      </trkpt>
      <trkpt lat="43.010285" lon="-0.6032650000000001">
        <ele>395.2</ele>
      </trkpt>
      <trkpt lat="43.010421" lon="-0.603262">
        <ele>394.9</ele>
      </trkpt>
      <trkpt lat="43.010565" lon="-0.603168">
        <ele>395</ele>
      </trkpt>
      <trkpt lat="43.010638" lon="-0.603078">
        <ele>395.2</ele>
      </trkpt>
      <trkpt lat="43.010689" lon="-0.602938">
        <ele>395.9</ele>
      </trkpt>
      <trkpt lat="43.010757" lon="-0.60283">
        <ele>396.1</ele>
      </trkpt>
      <trkpt lat="43.010887" lon="-0.602833">
        <ele>395.7</ele>
      </trkpt>
      <trkpt lat="43.01096" lon="-0.6029139999999999">
        <ele>395.1</ele>
      </trkpt>
      <trkpt lat="43.01104" lon="-0.60295">
        <ele>394.6</ele>
      </trkpt>
      <trkpt lat="43.0112" lon="-0.602918">
        <ele>394.2</ele>
      </trkpt>
      <trkpt lat="43.011327" lon="-0.602893">
        <ele>393.7</ele>
      </trkpt>
      <trkpt lat="43.011497" lon="-0.6028559999999999">
        <ele>393</ele>
      </trkpt>
      <trkpt lat="43.011674" lon="-0.602878">
        <ele>391.9</ele>
      </trkpt>
      <trkpt lat="43.011847" lon="-0.602955">
        <ele>390.3</ele>
      </trkpt>
      <trkpt lat="43.012039" lon="-0.603075">
        <ele>389</ele>
      </trkpt>
      <trkpt lat="43.012419" lon="-0.603402">
        <ele>390.3</ele>
      </trkpt>
      <trkpt lat="43.013276" lon="-0.604154">
        <ele>387.4</ele>
      </trkpt>
      <trkpt lat="43.013681" lon="-0.604519">
        <ele>384.9</ele>
      </trkpt>
      <trkpt lat="43.014053" lon="-0.604853">
        <ele>390.6</ele>
      </trkpt>
      <trkpt lat="43.014398" lon="-0.605143">
        <ele>391.9</ele>
      </trkpt>
      <trkpt lat="43.01466" lon="-0.6053190000000001">
        <ele>389.6</ele>
      </trkpt>
      <trkpt lat="43.014925" lon="-0.605428">
        <ele>387.5</ele>
      </trkpt>
      <trkpt lat="43.01515" lon="-0.605471">
        <ele>387</ele>
      </trkpt>
      <trkpt lat="43.015364" lon="-0.605459">
        <ele>384.7</ele>
      </trkpt>
      <trkpt lat="43.015584" lon="-0.605409">
        <ele>383.3</ele>
      </trkpt>
      <trkpt lat="43.015814" lon="-0.605282">
        <ele>385.1</ele>
      </trkpt>
      <trkpt lat="43.015983" lon="-0.6051260000000001">
        <ele>386.8</ele>
      </trkpt>
      <trkpt lat="43.016154" lon="-0.604927">
        <ele>388.4</ele>
      </trkpt>
      <trkpt lat="43.016325" lon="-0.604663">
        <ele>389.9</ele>
      </trkpt>
      <trkpt lat="43.016532" lon="-0.604312">
        <ele>391.3</ele>
      </trkpt>
      <trkpt lat="43.016848" lon="-0.603835">
        <ele>391.5</ele>
      </trkpt>
      <trkpt lat="43.017052" lon="-0.60361">
        <ele>391.4</ele>
      </trkpt>
      <trkpt lat="43.017231" lon="-0.603416">
        <ele>393</ele>
      </trkpt>
      <trkpt lat="43.017438" lon="-0.603207">
        <ele>394.8</ele>
      </trkpt>
      <trkpt lat="43.01758" lon="-0.6030990000000001">
        <ele>395.5</ele>
      </trkpt>
      <trkpt lat="43.01793" lon="-0.602891">
        <ele>396.5</ele>
      </trkpt>
      <trkpt lat="43.018181" lon="-0.6028">
        <ele>396.9</ele>
      </trkpt>
      <trkpt lat="43.01839" lon="-0.602739">
        <ele>396.7</ele>
      </trkpt>
      <trkpt lat="43.018584" lon="-0.602704">
        <ele>396</ele>
      </trkpt>
      <trkpt lat="43.018827" lon="-0.602698">
        <ele>394.5</ele>
      </trkpt>
      <trkpt lat="43.019097" lon="-0.6027130000000001">
        <ele>392.8</ele>
      </trkpt>
      <trkpt lat="43.019411" lon="-0.602719">
        <ele>391</ele>
      </trkpt>
      <trkpt lat="43.019625" lon="-0.602696">
        <ele>390.2</ele>
      </trkpt>
      <trkpt lat="43.019924" lon="-0.602643">
        <ele>389</ele>
      </trkpt>
      <trkpt lat="43.020188" lon="-0.602534">
        <ele>388.1</ele>
      </trkpt>
      <trkpt lat="43.02047" lon="-0.602415">
        <ele>386.6</ele>
      </trkpt>
      <trkpt lat="43.020696" lon="-0.602322">
        <ele>385.5</ele>
      </trkpt>
      <trkpt lat="43.021046" lon="-0.602174">
        <ele>382.9</ele>
      </trkpt>
      <trkpt lat="43.021453" lon="-0.602012">
        <ele>382.1</ele>
      </trkpt>
      <trkpt lat="43.021696" lon="-0.601918">
        <ele>383.1</ele>
      </trkpt>
      <trkpt lat="43.021985" lon="-0.60177">
        <ele>384.2</ele>
      </trkpt>
      <trkpt lat="43.022128" lon="-0.601668">
        <ele>384.9</ele>
      </trkpt>
      <trkpt lat="43.022318" lon="-0.601523">
        <ele>386.1</ele>
      </trkpt>
      <trkpt lat="43.022537" lon="-0.601404">
        <ele>386.6</ele>
      </trkpt>
      <trkpt lat="43.02274" lon="-0.601316">
        <ele>386.4</ele>
      </trkpt>
      <trkpt lat="43.022984" lon="-0.601255">
        <ele>385.6</ele>
      </trkpt>
      <trkpt lat="43.02325" lon="-0.601262">
        <ele>384</ele>
      </trkpt>
      <trkpt lat="43.02346" lon="-0.601234">
        <ele>383.5</ele>
      </trkpt>
      <trkpt lat="43.02373" lon="-0.601266">
        <ele>381.1</ele>
      </trkpt>
      <trkpt lat="43.023995" lon="-0.601339">
        <ele>382</ele>
      </trkpt>
      <trkpt lat="43.024209" lon="-0.601418">
        <ele>382.8</ele>
      </trkpt>
      <trkpt lat="43.024377" lon="-0.601511">
        <ele>383.2</ele>
      </trkpt>
      <trkpt lat="43.024838" lon="-0.601824">
        <ele>383.9</ele>
      </trkpt>
      <trkpt lat="43.025099" lon="-0.601999">
        <ele>381.7</ele>
      </trkpt>
      <trkpt lat="43.025565" lon="-0.602301">
        <ele>386.7</ele>
      </trkpt>
      <trkpt lat="43.025743" lon="-0.60239">
        <ele>388.4</ele>
      </trkpt>
      <trkpt lat="43.02597" lon="-0.602471">
        <ele>388.4</ele>
      </trkpt>
      <trkpt lat="43.026147" lon="-0.602517">
        <ele>387.4</ele>
      </trkpt>
      <trkpt lat="43.026386" lon="-0.602566">
        <ele>386.8</ele>
      </trkpt>
      <trkpt lat="43.02674" lon="-0.602635">
        <ele>387.3</ele>
      </trkpt>
      <trkpt lat="43.027018" lon="-0.602675">
        <ele>387.1</ele>
      </trkpt>
      <trkpt lat="43.02734" lon="-0.602701">
        <ele>386.2</ele>
      </trkpt>
      <trkpt lat="43.027649" lon="-0.602753">
        <ele>384.7</ele>
      </trkpt>
      <trkpt lat="43.02799" lon="-0.602855">
        <ele>381.6</ele>
      </trkpt>
      <trkpt lat="43.028086" lon="-0.602911">
        <ele>379.9</ele>
      </trkpt>
      <trkpt lat="43.028356" lon="-0.6030180000000001">
        <ele>382.2</ele>
      </trkpt>
      <trkpt lat="43.028611" lon="-0.603145">
        <ele>384.6</ele>
      </trkpt>
      <trkpt lat="43.028828" lon="-0.603279">
        <ele>387.7</ele>
      </trkpt>
      <trkpt lat="43.029087" lon="-0.603419">
        <ele>390.7</ele>
      </trkpt>
      <trkpt lat="43.029375" lon="-0.603585">
        <ele>389.8</ele>
      </trkpt>
      <trkpt lat="43.029637" lon="-0.603741">
        <ele>385.5</ele>
      </trkpt>
      <trkpt lat="43.030051" lon="-0.603962">
        <ele>389</ele>
      </trkpt>
      <trkpt lat="43.030335" lon="-0.604071">
        <ele>387.8</ele>
      </trkpt>
      <trkpt lat="43.030549" lon="-0.604167">
        <ele>388</ele>
      </trkpt>
      <trkpt lat="43.030993" lon="-0.604387">
        <ele>386.3</ele>
      </trkpt>
      <trkpt lat="43.031263" lon="-0.604507">
        <ele>382</ele>
      </trkpt>
      <trkpt lat="43.031804" lon="-0.604756">
        <ele>382.2</ele>
      </trkpt>
      <trkpt lat="43.032048" lon="-0.6048750000000001">
        <ele>381.5</ele>
      </trkpt>
      <trkpt lat="43.032435" lon="-0.605097">
        <ele>383.6</ele>
      </trkpt>
      <trkpt lat="43.032706" lon="-0.605248">
        <ele>382.9</ele>
      </trkpt>
      <trkpt lat="43.033121" lon="-0.605454">
        <ele>378.7</ele>
      </trkpt>
      <trkpt lat="43.033383" lon="-0.605598">
        <ele>378.7</ele>
      </trkpt>
      <trkpt lat="43.033738" lon="-0.605774">
        <ele>377.5</ele>
      </trkpt>
      <trkpt lat="43.034031" lon="-0.605894">
        <ele>378.9</ele>
      </trkpt>
      <trkpt lat="43.034331" lon="-0.6060410000000001">
        <ele>380.4</ele>
      </trkpt>
      <trkpt lat="43.03452" lon="-0.606164">
        <ele>381.7</ele>
      </trkpt>
      <trkpt lat="43.034762" lon="-0.6062650000000001">
        <ele>382.6</ele>
      </trkpt>
      <trkpt lat="43.035063" lon="-0.606328">
        <ele>383.1</ele>
      </trkpt>
      <trkpt lat="43.035345" lon="-0.6063460000000001">
        <ele>381.8</ele>
      </trkpt>
      <trkpt lat="43.035657" lon="-0.606366">
        <ele>380.7</ele>
      </trkpt>
      <trkpt lat="43.035973" lon="-0.606382">
        <ele>379.7</ele>
      </trkpt>
      <trkpt lat="43.036189" lon="-0.606382">
        <ele>378.6</ele>
      </trkpt>
      <trkpt lat="43.03657" lon="-0.606342">
        <ele>376.4</ele>
      </trkpt>
      <trkpt lat="43.03683" lon="-0.606288">
        <ele>374.8</ele>
      </trkpt>
      <trkpt lat="43.037111" lon="-0.606214">
        <ele>373.9</ele>
      </trkpt>
      <trkpt lat="43.037297" lon="-0.6061609999999999">
        <ele>376.4</ele>
      </trkpt>
      <trkpt lat="43.037592" lon="-0.606078">
        <ele>380.3</ele>
      </trkpt>
      <trkpt lat="43.03786" lon="-0.605999">
        <ele>383.6</ele>
      </trkpt>
      <trkpt lat="43.03809" lon="-0.6059290000000001">
        <ele>387.5</ele>
      </trkpt>
      <trkpt lat="43.038346" lon="-0.605776">
        <ele>388.4</ele>
      </trkpt>
      <trkpt lat="43.038591" lon="-0.605633">
        <ele>386.8</ele>
      </trkpt>
      <trkpt lat="43.038789" lon="-0.605481">
        <ele>382.2</ele>
      </trkpt>
      <trkpt lat="43.038994" lon="-0.6052920000000001">
        <ele>382.5</ele>
      </trkpt>
      <trkpt lat="43.039245" lon="-0.6050680000000001">
        <ele>382.1</ele>
      </trkpt>
      <trkpt lat="43.039421" lon="-0.604893">
        <ele>377.9</ele>
      </trkpt>
      <trkpt lat="43.03963" lon="-0.60464">
        <ele>369.4</ele>
      </trkpt>
      <trkpt lat="43.039774" lon="-0.6044079999999999">
        <ele>370.9</ele>
      </trkpt>
      <trkpt lat="43.039885" lon="-0.604152">
        <ele>371.4</ele>
      </trkpt>
      <trkpt lat="43.03998" lon="-0.603892">
        <ele>369.7</ele>
      </trkpt>
      <trkpt lat="43.04007" lon="-0.603608">
        <ele>368.6</ele>
      </trkpt>
      <trkpt lat="43.040116" lon="-0.60332">
        <ele>369.2</ele>
      </trkpt>
      <trkpt lat="43.04015" lon="-0.60304">
        <ele>369.5</ele>
      </trkpt>
      <trkpt lat="43.040204" lon="-0.602705">
        <ele>368.5</ele>
      </trkpt>
      <trkpt lat="43.040263" lon="-0.602481">
        <ele>366.6</ele>
      </trkpt>
      <trkpt lat="43.040335" lon="-0.602259">
        <ele>364.1</ele>
      </trkpt>
      <trkpt lat="43.040413" lon="-0.602086">
        <ele>361.1</ele>
      </trkpt>
      <trkpt lat="43.040519" lon="-0.601912">
        <ele>365.4</ele>
      </trkpt>
      <trkpt lat="43.040642" lon="-0.601735">
        <ele>369</ele>
      </trkpt>
      <trkpt lat="43.040784" lon="-0.6015740000000001">
        <ele>371.9</ele>
      </trkpt>
      <trkpt lat="43.040934" lon="-0.601455">
        <ele>374.2</ele>
      </trkpt>
      <trkpt lat="43.041106" lon="-0.601352">
        <ele>376.2</ele>
      </trkpt>
      <trkpt lat="43.041305" lon="-0.6012960000000001">
        <ele>378.8</ele>
      </trkpt>
      <trkpt lat="43.041497" lon="-0.60133">
        <ele>383.5</ele>
      </trkpt>
      <trkpt lat="43.041652" lon="-0.601344">
        <ele>386.7</ele>
      </trkpt>
      <trkpt lat="43.041829" lon="-0.601339">
        <ele>389.5</ele>
      </trkpt>
      <trkpt lat="43.04197" lon="-0.60128">
        <ele>388.8</ele>
      </trkpt>
      <trkpt lat="43.042128" lon="-0.601166">
        <ele>387.5</ele>
      </trkpt>
      <trkpt lat="43.042389" lon="-0.600951">
        <ele>386.4</ele>
      </trkpt>
      <trkpt lat="43.0426" lon="-0.6007749999999999">
        <ele>384.8</ele>
      </trkpt>
      <trkpt lat="43.042765" lon="-0.600661">
        <ele>384</ele>
      </trkpt>
      <trkpt lat="43.042935" lon="-0.600587">
        <ele>384.4</ele>
      </trkpt>
      <trkpt lat="43.043142" lon="-0.600538">
        <ele>385.7</ele>
      </trkpt>
      <trkpt lat="43.043595" lon="-0.600484">
        <ele>391.4</ele>
      </trkpt>
      <trkpt lat="43.043945" lon="-0.600452">
        <ele>389.6</ele>
      </trkpt>
      <trkpt lat="43.04422" lon="-0.600451">
        <ele>384.2</ele>
      </trkpt>
      <trkpt lat="43.044387" lon="-0.600475">
        <ele>380.9</ele>
      </trkpt>
      <trkpt lat="43.044567" lon="-0.600549">
        <ele>377.2</ele>
      </trkpt>
      <trkpt lat="43.044749" lon="-0.600673">
        <ele>374.4</ele>
      </trkpt>
      <trkpt lat="43.044924" lon="-0.6008289999999999">
        <ele>372.8</ele>
      </trkpt>
      <trkpt lat="43.045184" lon="-0.601113">
        <ele>372.6</ele>
      </trkpt>
      <trkpt lat="43.045308" lon="-0.601231">
        <ele>373.2</ele>
      </trkpt>
      <trkpt lat="43.045495" lon="-0.601356">
        <ele>377.8</ele>
      </trkpt>
      <trkpt lat="43.045671" lon="-0.601419">
        <ele>382.1</ele>
      </trkpt>
      <trkpt lat="43.045845" lon="-0.601455">
        <ele>385.4</ele>
      </trkpt>
      <trkpt lat="43.046182" lon="-0.6014699999999999">
        <ele>389.8</ele>
      </trkpt>
      <trkpt lat="43.046571" lon="-0.601446">
        <ele>384.4</ele>
      </trkpt>
      <trkpt lat="43.046921" lon="-0.601428">
        <ele>377.8</ele>
      </trkpt>
      <trkpt lat="43.047177" lon="-0.601419">
        <ele>372.4</ele>
      </trkpt>
      <trkpt lat="43.047556" lon="-0.60138">
        <ele>362</ele>
      </trkpt>
      <trkpt lat="43.047851" lon="-0.601365">
        <ele>354.6</ele>
      </trkpt>
      <trkpt lat="43.048189" lon="-0.601344">
        <ele>350.7</ele>
      </trkpt>
      <trkpt lat="43.048612" lon="-0.60133">
        <ele>347.5</ele>
      </trkpt>
      <trkpt lat="43.04887" lon="-0.6012999999999999">
        <ele>346.4</ele>
      </trkpt>
      <trkpt lat="43.049241" lon="-0.601274">
        <ele>346.7</ele>
      </trkpt>
      <trkpt lat="43.049572" lon="-0.601255">
        <ele>347</ele>
      </trkpt>
      <trkpt lat="43.049802" lon="-0.6012690000000001">
        <ele>347.4</ele>
      </trkpt>
      <trkpt lat="43.049982" lon="-0.6012960000000001">
        <ele>347.8</ele>
      </trkpt>
      <trkpt lat="43.050175" lon="-0.601348">
        <ele>348.3</ele>
      </trkpt>
      <trkpt lat="43.05042" lon="-0.601402">
        <ele>348.9</ele>
      </trkpt>
      <trkpt lat="43.050631" lon="-0.601366">
        <ele>348.3</ele>
      </trkpt>
      <trkpt lat="43.050911" lon="-0.601268">
        <ele>346.9</ele>
      </trkpt>
      <trkpt lat="43.051098" lon="-0.601131">
        <ele>345.9</ele>
      </trkpt>
      <trkpt lat="43.051247" lon="-0.60096">
        <ele>345</ele>
      </trkpt>
      <trkpt lat="43.051413" lon="-0.6006860000000001">
        <ele>344.4</ele>
      </trkpt>
      <trkpt lat="43.051535" lon="-0.600442">
        <ele>343.5</ele>
      </trkpt>
      <trkpt lat="43.051648" lon="-0.6001919999999999">
        <ele>344.4</ele>
      </trkpt>
      <trkpt lat="43.051752" lon="-0.599987">
        <ele>344.5</ele>
      </trkpt>
      <trkpt lat="43.051843" lon="-0.599813">
        <ele>344</ele>
      </trkpt>
      <trkpt lat="43.051945" lon="-0.599669">
        <ele>342.9</ele>
      </trkpt>
      <trkpt lat="43.052074" lon="-0.5995279999999999">
        <ele>341.4</ele>
      </trkpt>
      <trkpt lat="43.052194" lon="-0.599427">
        <ele>343.8</ele>
      </trkpt>
      <trkpt lat="43.052469" lon="-0.599225">
        <ele>348.1</ele>
      </trkpt>
      <trkpt lat="43.052747" lon="-0.599031">
        <ele>350.1</ele>
      </trkpt>
      <trkpt lat="43.053008" lon="-0.598854">
        <ele>352.9</ele>
      </trkpt>
      <trkpt lat="43.05341" lon="-0.598588">
        <ele>361.1</ele>
      </trkpt>
      <trkpt lat="43.053695" lon="-0.598413">
        <ele>362.5</ele>
      </trkpt>
      <trkpt lat="43.053963" lon="-0.598214">
        <ele>360.4</ele>
      </trkpt>
      <trkpt lat="43.054322" lon="-0.5979680000000001">
        <ele>353.8</ele>
      </trkpt>
      <trkpt lat="43.054509" lon="-0.597824">
        <ele>352.3</ele>
      </trkpt>
      <trkpt lat="43.054639" lon="-0.597712">
        <ele>352.1</ele>
      </trkpt>
      <trkpt lat="43.054757" lon="-0.597518">
        <ele>350.2</ele>
      </trkpt>
      <trkpt lat="43.054905" lon="-0.597255">
        <ele>347</ele>
      </trkpt>
      <trkpt lat="43.055029" lon="-0.597017">
        <ele>345.9</ele>
      </trkpt>
      <trkpt lat="43.055149" lon="-0.596876">
        <ele>348.7</ele>
      </trkpt>
      <trkpt lat="43.055289" lon="-0.59679">
        <ele>349.9</ele>
      </trkpt>
      <trkpt lat="43.055524" lon="-0.596749">
        <ele>349.7</ele>
      </trkpt>
      <trkpt lat="43.055772" lon="-0.596743">
        <ele>348.9</ele>
      </trkpt>
      <trkpt lat="43.05607" lon="-0.596758">
        <ele>347.7</ele>
      </trkpt>
      <trkpt lat="43.056229" lon="-0.596766">
        <ele>347.1</ele>
      </trkpt>
      <trkpt lat="43.05654" lon="-0.596838">
        <ele>345.4</ele>
      </trkpt>
      <trkpt lat="43.056739" lon="-0.59689">
        <ele>344.2</ele>
      </trkpt>
      <trkpt lat="43.056948" lon="-0.596949">
        <ele>342.9</ele>
      </trkpt>
      <trkpt lat="43.057204" lon="-0.597038">
        <ele>341.2</ele>
      </trkpt>
      <trkpt lat="43.057478" lon="-0.59714">
        <ele>341.4</ele>
      </trkpt>
      <trkpt lat="43.057771" lon="-0.597274">
        <ele>343</ele>
      </trkpt>
      <trkpt lat="43.058016" lon="-0.597395">
        <ele>343.7</ele>
      </trkpt>
      <trkpt lat="43.05853" lon="-0.597644">
        <ele>339.5</ele>
      </trkpt>
      <trkpt lat="43.058986" lon="-0.597846">
        <ele>333.5</ele>
      </trkpt>
      <trkpt lat="43.059275" lon="-0.597975">
        <ele>333.6</ele>
      </trkpt>
      <trkpt lat="43.059864" lon="-0.598247">
        <ele>335.6</ele>
      </trkpt>
      <trkpt lat="43.060075" lon="-0.598329">
        <ele>336.3</ele>
      </trkpt>
      <trkpt lat="43.060305" lon="-0.598442">
        <ele>336.2</ele>
      </trkpt>
      <trkpt lat="43.06061" lon="-0.598566">
        <ele>336.4</ele>
      </trkpt>
      <trkpt lat="43.060955" lon="-0.598723">
        <ele>336.9</ele>
      </trkpt>
      <trkpt lat="43.06123" lon="-0.598838">
        <ele>337.8</ele>
      </trkpt>
      <trkpt lat="43.061499" lon="-0.598935">
        <ele>337.1</ele>
      </trkpt>
      <trkpt lat="43.061808" lon="-0.5989989999999999">
        <ele>336.7</ele>
      </trkpt>
      <trkpt lat="43.062042" lon="-0.599017">
        <ele>336.7</ele>
      </trkpt>
      <trkpt lat="43.062388" lon="-0.59907">
        <ele>334.5</ele>
      </trkpt>
      <trkpt lat="43.062684" lon="-0.599087">
        <ele>332.6</ele>
      </trkpt>
      <trkpt lat="43.062948" lon="-0.599129">
        <ele>330.7</ele>
      </trkpt>
      <trkpt lat="43.063265" lon="-0.5991880000000001">
        <ele>328.4</ele>
      </trkpt>
      <trkpt lat="43.063426" lon="-0.599253">
        <ele>327.1</ele>
      </trkpt>
      <trkpt lat="43.063618" lon="-0.599361">
        <ele>325.6</ele>
      </trkpt>
      <trkpt lat="43.063783" lon="-0.59951">
        <ele>324.6</ele>
      </trkpt>
      <trkpt lat="43.06393" lon="-0.599676">
        <ele>326.9</ele>
      </trkpt>
      <trkpt lat="43.064189" lon="-0.59998">
        <ele>330.9</ele>
      </trkpt>
      <trkpt lat="43.064388" lon="-0.600266">
        <ele>330.6</ele>
      </trkpt>
      <trkpt lat="43.064643" lon="-0.600635">
        <ele>327.8</ele>
      </trkpt>
      <trkpt lat="43.064903" lon="-0.600981">
        <ele>329.6</ele>
      </trkpt>
      <trkpt lat="43.065118" lon="-0.601214">
        <ele>330</ele>
      </trkpt>
      <trkpt lat="43.065312" lon="-0.601389">
        <ele>330.6</ele>
      </trkpt>
      <trkpt lat="43.065512" lon="-0.601561">
        <ele>333.3</ele>
      </trkpt>
      <trkpt lat="43.065833" lon="-0.601743">
        <ele>341.1</ele>
      </trkpt>
      <trkpt lat="43.066114" lon="-0.601913">
        <ele>348.2</ele>
      </trkpt>
      <trkpt lat="43.066352" lon="-0.602051">
        <ele>350.3</ele>
      </trkpt>
      <trkpt lat="43.066666" lon="-0.602237">
        <ele>342.2</ele>
      </trkpt>
      <trkpt lat="43.066963" lon="-0.602432">
        <ele>333.1</ele>
      </trkpt>
      <trkpt lat="43.067289" lon="-0.602616">
        <ele>325.8</ele>
      </trkpt>
      <trkpt lat="43.067571" lon="-0.602824">
        <ele>320.3</ele>
      </trkpt>
      <trkpt lat="43.067817" lon="-0.60303">
        <ele>318.4</ele>
      </trkpt>
      <trkpt lat="43.067975" lon="-0.603208">
        <ele>320.1</ele>
      </trkpt>
      <trkpt lat="43.068199" lon="-0.603598">
        <ele>321.9</ele>
      </trkpt>
      <trkpt lat="43.068352" lon="-0.603871">
        <ele>321.7</ele>
      </trkpt>
      <trkpt lat="43.068551" lon="-0.604312">
        <ele>321.2</ele>
      </trkpt>
      <trkpt lat="43.068684" lon="-0.6046">
        <ele>319.6</ele>
      </trkpt>
      <trkpt lat="43.068863" lon="-0.604985">
        <ele>321.1</ele>
      </trkpt>
      <trkpt lat="43.069008" lon="-0.605243">
        <ele>321.5</ele>
      </trkpt>
      <trkpt lat="43.069178" lon="-0.605537">
        <ele>322</ele>
      </trkpt>
      <trkpt lat="43.069367" lon="-0.6057360000000001">
        <ele>323.3</ele>
      </trkpt>
      <trkpt lat="43.069556" lon="-0.605861">
        <ele>322.8</ele>
      </trkpt>
      <trkpt lat="43.069764" lon="-0.605936">
        <ele>324</ele>
      </trkpt>
      <trkpt lat="43.070055" lon="-0.605951">
        <ele>325</ele>
      </trkpt>
      <trkpt lat="43.070253" lon="-0.6059020000000001">
        <ele>325.2</ele>
      </trkpt>
      <trkpt lat="43.070498" lon="-0.605793">
        <ele>326.3</ele>
      </trkpt>
      <trkpt lat="43.070655" lon="-0.605733">
        <ele>327.8</ele>
      </trkpt>
      <trkpt lat="43.07093" lon="-0.605692">
        <ele>330.5</ele>
      </trkpt>
      <trkpt lat="43.071078" lon="-0.605694">
        <ele>332.1</ele>
      </trkpt>
      <trkpt lat="43.071529" lon="-0.605912">
        <ele>334.2</ele>
      </trkpt>
      <trkpt lat="43.071669" lon="-0.606051">
        <ele>334.1</ele>
      </trkpt>
      <trkpt lat="43.071748" lon="-0.606128">
        <ele>333.8</ele>
      </trkpt>
      <trkpt lat="43.07188" lon="-0.6061839999999999">
        <ele>332.5</ele>
      </trkpt>
      <trkpt lat="43.072011" lon="-0.606197">
        <ele>330.7</ele>
      </trkpt>
      <trkpt lat="43.072228" lon="-0.606196">
        <ele>328.2</ele>
      </trkpt>
      <trkpt lat="43.072397" lon="-0.606191">
        <ele>326.5</ele>
      </trkpt>
      <trkpt lat="43.072621" lon="-0.606177">
        <ele>324.3</ele>
      </trkpt>
      <trkpt lat="43.07284" lon="-0.606159">
        <ele>322.5</ele>
      </trkpt>
      <trkpt lat="43.073059" lon="-0.606146">
        <ele>321.8</ele>
      </trkpt>
      <trkpt lat="43.073233" lon="-0.60614">
        <ele>321.7</ele>
      </trkpt>
      <trkpt lat="43.073396" lon="-0.606163">
        <ele>320.8</ele>
      </trkpt>
      <trkpt lat="43.073641" lon="-0.606256">
        <ele>317.4</ele>
      </trkpt>
      <trkpt lat="43.07391" lon="-0.606398">
        <ele>317.2</ele>
      </trkpt>
      <trkpt lat="43.074126" lon="-0.606519">
        <ele>317.1</ele>
      </trkpt>
      <trkpt lat="43.074442" lon="-0.606695">
        <ele>315.4</ele>
      </trkpt>
      <trkpt lat="43.074648" lon="-0.606799">
        <ele>313.9</ele>
      </trkpt>
      <trkpt lat="43.074836" lon="-0.606854">
        <ele>314.1</ele>
      </trkpt>
      <trkpt lat="43.074979" lon="-0.606838">
        <ele>315.4</ele>
      </trkpt>
      <trkpt lat="43.075114" lon="-0.606787">
        <ele>317.3</ele>
      </trkpt>
      <trkpt lat="43.075199" lon="-0.606666">
        <ele>320.1</ele>
      </trkpt>
      <trkpt lat="43.075264" lon="-0.606453">
        <ele>324.4</ele>
      </trkpt>
      <trkpt lat="43.075349" lon="-0.606102">
        <ele>334</ele>
      </trkpt>
      <trkpt lat="43.075408" lon="-0.605808">
        <ele>344.4</ele>
      </trkpt>
      <trkpt lat="43.075502" lon="-0.60558">
        <ele>349.8</ele>
      </trkpt>
      <trkpt lat="43.075599" lon="-0.605422">
        <ele>351.3</ele>
      </trkpt>
      <trkpt lat="43.07574" lon="-0.605251">
        <ele>349.5</ele>
      </trkpt>
      <trkpt lat="43.075882" lon="-0.605151">
        <ele>345.7</ele>
      </trkpt>
      <trkpt lat="43.075976" lon="-0.605131">
        <ele>342.2</ele>
      </trkpt>
      <trkpt lat="43.076098" lon="-0.605196">
        <ele>336.4</ele>
      </trkpt>
      <trkpt lat="43.076186" lon="-0.605276">
        <ele>332</ele>
      </trkpt>
      <trkpt lat="43.076323" lon="-0.605413">
        <ele>328.4</ele>
      </trkpt>
      <trkpt lat="43.076442" lon="-0.605602">
        <ele>328.6</ele>
      </trkpt>
      <trkpt lat="43.07653" lon="-0.605826">
        <ele>328.9</ele>
      </trkpt>
      <trkpt lat="43.076589" lon="-0.605976">
        <ele>329.1</ele>
      </trkpt>
      <trkpt lat="43.076672" lon="-0.6060449999999999">
        <ele>329.7</ele>
      </trkpt>
      <trkpt lat="43.076737" lon="-0.606003">
        <ele>330.2</ele>
      </trkpt>
      <trkpt lat="43.076785" lon="-0.605858">
        <ele>330.5</ele>
      </trkpt>
      <trkpt lat="43.076819" lon="-0.605657">
        <ele>330.7</ele>
      </trkpt>
      <trkpt lat="43.076845" lon="-0.605459">
        <ele>330.9</ele>
      </trkpt>
      <trkpt lat="43.076883" lon="-0.605241">
        <ele>331.7</ele>
      </trkpt>
      <trkpt lat="43.076894" lon="-0.605034">
        <ele>332.4</ele>
      </trkpt>
      <trkpt lat="43.076888" lon="-0.604803">
        <ele>333.2</ele>
      </trkpt>
      <trkpt lat="43.076873" lon="-0.604609">
        <ele>333.9</ele>
      </trkpt>
      <trkpt lat="43.076862" lon="-0.604339">
        <ele>336.2</ele>
      </trkpt>
      <trkpt lat="43.076854" lon="-0.60408">
        <ele>338.6</ele>
      </trkpt>
      <trkpt lat="43.07686" lon="-0.603861">
        <ele>340.4</ele>
      </trkpt>
      <trkpt lat="43.076871" lon="-0.603611">
        <ele>341.8</ele>
      </trkpt>
      <trkpt lat="43.076896" lon="-0.603394">
        <ele>342</ele>
      </trkpt>
      <trkpt lat="43.07693" lon="-0.603194">
        <ele>341.6</ele>
      </trkpt>
      <trkpt lat="43.076942" lon="-0.6029910000000001">
        <ele>341.9</ele>
      </trkpt>
      <trkpt lat="43.076927" lon="-0.6028480000000001">
        <ele>342.9</ele>
      </trkpt>
      <trkpt lat="43.076905" lon="-0.602699">
        <ele>344.4</ele>
      </trkpt>
      <trkpt lat="43.076901" lon="-0.602545">
        <ele>345.1</ele>
      </trkpt>
      <trkpt lat="43.076908" lon="-0.602392">
        <ele>345.3</ele>
      </trkpt>
      <trkpt lat="43.076923" lon="-0.602183">
        <ele>345.1</ele>
      </trkpt>
      <trkpt lat="43.076943" lon="-0.601972">
        <ele>344.8</ele>
      </trkpt>
      <trkpt lat="43.076992" lon="-0.601561">
        <ele>343.8</ele>
      </trkpt>
      <trkpt lat="43.077039" lon="-0.601194">
        <ele>342.7</ele>
      </trkpt>
      <trkpt lat="43.077047" lon="-0.600876">
        <ele>346</ele>
      </trkpt>
      <trkpt lat="43.077038" lon="-0.60057">
        <ele>350.4</ele>
      </trkpt>
      <trkpt lat="43.07701" lon="-0.600391">
        <ele>354.4</ele>
      </trkpt>
      <trkpt lat="43.076986" lon="-0.600153">
        <ele>356.6</ele>
      </trkpt>
      <trkpt lat="43.076988" lon="-0.599983">
        <ele>356.8</ele>
      </trkpt>
      <trkpt lat="43.076993" lon="-0.599779">
        <ele>356.8</ele>
      </trkpt>
      <trkpt lat="43.077017" lon="-0.599603">
        <ele>355.2</ele>
      </trkpt>
      <trkpt lat="43.0771" lon="-0.59927">
        <ele>350.8</ele>
      </trkpt>
      <trkpt lat="43.077139" lon="-0.599082">
        <ele>351.5</ele>
      </trkpt>
      <trkpt lat="43.077187" lon="-0.598835">
        <ele>352.2</ele>
      </trkpt>
      <trkpt lat="43.077211" lon="-0.5986050000000001">
        <ele>353.6</ele>
      </trkpt>
      <trkpt lat="43.077223" lon="-0.598434">
        <ele>354.9</ele>
      </trkpt>
      <trkpt lat="43.077223" lon="-0.598225">
        <ele>356.5</ele>
      </trkpt>
      <trkpt lat="43.077211" lon="-0.598046">
        <ele>357.9</ele>
      </trkpt>
      <trkpt lat="43.077209" lon="-0.597807">
        <ele>359.9</ele>
      </trkpt>
      <trkpt lat="43.077215" lon="-0.597611">
        <ele>361.6</ele>
      </trkpt>
      <trkpt lat="43.077216" lon="-0.597432">
        <ele>363.2</ele>
      </trkpt>
      <trkpt lat="43.077239" lon="-0.597279">
        <ele>364.1</ele>
      </trkpt>
      <trkpt lat="43.077264" lon="-0.597125">
        <ele>365</ele>
      </trkpt>
      <trkpt lat="43.077316" lon="-0.596943">
        <ele>366.8</ele>
      </trkpt>
      <trkpt lat="43.077395" lon="-0.5967980000000001">
        <ele>367.1</ele>
      </trkpt>
      <trkpt lat="43.077543" lon="-0.59658">
        <ele>364.9</ele>
      </trkpt>
      <trkpt lat="43.077649" lon="-0.596468">
        <ele>361.7</ele>
      </trkpt>
      <trkpt lat="43.077754" lon="-0.5962769999999999">
        <ele>357.9</ele>
      </trkpt>
      <trkpt lat="43.077832" lon="-0.596077">
        <ele>355.3</ele>
      </trkpt>
      <trkpt lat="43.077894" lon="-0.595915">
        <ele>352.9</ele>
      </trkpt>
      <trkpt lat="43.077923" lon="-0.595743">
        <ele>352.7</ele>
      </trkpt>
      <trkpt lat="43.077924" lon="-0.595558">
        <ele>353.6</ele>
      </trkpt>
      <trkpt lat="43.077907" lon="-0.5953349999999999">
        <ele>355.3</ele>
      </trkpt>
      <trkpt lat="43.077899" lon="-0.59512">
        <ele>357.7</ele>
      </trkpt>
      <trkpt lat="43.077891" lon="-0.594949">
        <ele>359.7</ele>
      </trkpt>
      <trkpt lat="43.077891" lon="-0.594778">
        <ele>361.2</ele>
      </trkpt>
      <trkpt lat="43.077906" lon="-0.594589">
        <ele>361.7</ele>
      </trkpt>
      <trkpt lat="43.077944" lon="-0.594425">
        <ele>363.7</ele>
      </trkpt>
      <trkpt lat="43.077987" lon="-0.594244">
        <ele>366.8</ele>
      </trkpt>
      <trkpt lat="43.078066" lon="-0.5940299999999999">
        <ele>370.2</ele>
      </trkpt>
      <trkpt lat="43.078135" lon="-0.593857">
        <ele>372.5</ele>
      </trkpt>
      <trkpt lat="43.078228" lon="-0.593626">
        <ele>374.2</ele>
      </trkpt>
      <trkpt lat="43.078282" lon="-0.5934430000000001">
        <ele>374.5</ele>
      </trkpt>
      <trkpt lat="43.078315" lon="-0.593306">
        <ele>374.5</ele>
      </trkpt>
      <trkpt lat="43.078349" lon="-0.593118">
        <ele>374.1</ele>
      </trkpt>
      <trkpt lat="43.078394" lon="-0.592789">
        <ele>374</ele>
      </trkpt>
      <trkpt lat="43.078432" lon="-0.5924700000000001">
        <ele>375.1</ele>
      </trkpt>
      <trkpt lat="43.078453" lon="-0.592236">
        <ele>375.8</ele>
      </trkpt>
      <trkpt lat="43.078472" lon="-0.591928">
        <ele>377.3</ele>
      </trkpt>
      <trkpt lat="43.078485" lon="-0.591716">
        <ele>378.5</ele>
      </trkpt>
      <trkpt lat="43.078487" lon="-0.591507">
        <ele>380.1</ele>
      </trkpt>
      <trkpt lat="43.0785" lon="-0.591199">
        <ele>381.9</ele>
      </trkpt>
      <trkpt lat="43.07851" lon="-0.590932">
        <ele>382.8</ele>
      </trkpt>
      <trkpt lat="43.078509" lon="-0.590728">
        <ele>383.9</ele>
      </trkpt>
      <trkpt lat="43.078488" lon="-0.590551">
        <ele>386</ele>
      </trkpt>
      <trkpt lat="43.07847" lon="-0.590383">
        <ele>387.9</ele>
      </trkpt>
      <trkpt lat="43.078452" lon="-0.590181">
        <ele>389.9</ele>
      </trkpt>
      <trkpt lat="43.078453" lon="-0.589989">
        <ele>390.8</ele>
      </trkpt>
      <trkpt lat="43.07846" lon="-0.589759">
        <ele>391.5</ele>
      </trkpt>
      <trkpt lat="43.078473" lon="-0.589557">
        <ele>391.7</ele>
      </trkpt>
      <trkpt lat="43.078473" lon="-0.589404">
        <ele>392.1</ele>
      </trkpt>
      <trkpt lat="43.078485" lon="-0.589161">
        <ele>392.1</ele>
      </trkpt>
      <trkpt lat="43.078477" lon="-0.5889489999999999">
        <ele>393.1</ele>
      </trkpt>
      <trkpt lat="43.078487" lon="-0.588699">
        <ele>393.4</ele>
      </trkpt>
      <trkpt lat="43.078494" lon="-0.588535">
        <ele>393.9</ele>
      </trkpt>
      <trkpt lat="43.078512" lon="-0.588386">
        <ele>393.6</ele>
      </trkpt>
      <trkpt lat="43.078549" lon="-0.588166">
        <ele>392.2</ele>
      </trkpt>
      <trkpt lat="43.0786" lon="-0.587988">
        <ele>389.5</ele>
      </trkpt>
      <trkpt lat="43.07865" lon="-0.5877520000000001">
        <ele>387.4</ele>
      </trkpt>
      <trkpt lat="43.078713" lon="-0.587533">
        <ele>384.4</ele>
      </trkpt>
      <trkpt lat="43.078805" lon="-0.587245">
        <ele>385.3</ele>
      </trkpt>
      <trkpt lat="43.078881" lon="-0.586957">
        <ele>389.4</ele>
      </trkpt>
      <trkpt lat="43.078938" lon="-0.586692">
        <ele>392.6</ele>
      </trkpt>
      <trkpt lat="43.078994" lon="-0.586441">
        <ele>395</ele>
      </trkpt>
      <trkpt lat="43.079042" lon="-0.5861229999999999">
        <ele>397.7</ele>
      </trkpt>
      <trkpt lat="43.079059" lon="-0.585912">
        <ele>399.8</ele>
      </trkpt>
      <trkpt lat="43.079057" lon="-0.585669">
        <ele>402.1</ele>
      </trkpt>
      <trkpt lat="43.079018" lon="-0.585292">
        <ele>405.7</ele>
      </trkpt>
      <trkpt lat="43.078994" lon="-0.585001">
        <ele>407.4</ele>
      </trkpt>
      <trkpt lat="43.078958" lon="-0.584811">
        <ele>408.9</ele>
      </trkpt>
      <trkpt lat="43.078897" lon="-0.584507">
        <ele>411</ele>
      </trkpt>
      <trkpt lat="43.078814" lon="-0.5842000000000001">
        <ele>411.3</ele>
      </trkpt>
      <trkpt lat="43.078756" lon="-0.5840109999999999">
        <ele>411.2</ele>
      </trkpt>
      <trkpt lat="43.078711" lon="-0.583822">
        <ele>413</ele>
      </trkpt>
      <trkpt lat="43.078685" lon="-0.583639">
        <ele>414.2</ele>
      </trkpt>
      <trkpt lat="43.078678" lon="-0.58346">
        <ele>414.3</ele>
      </trkpt>
      <trkpt lat="43.078672" lon="-0.583199">
        <ele>414</ele>
      </trkpt>
      <trkpt lat="43.078665" lon="-0.582947">
        <ele>413.9</ele>
      </trkpt>
      <trkpt lat="43.078644" lon="-0.582484">
        <ele>418.8</ele>
      </trkpt>
      <trkpt lat="43.078652" lon="-0.582296">
        <ele>419.9</ele>
      </trkpt>
      <trkpt lat="43.078697" lon="-0.582093">
        <ele>419</ele>
      </trkpt>
      <trkpt lat="43.078759" lon="-0.581921">
        <ele>415.9</ele>
      </trkpt>
      <trkpt lat="43.078829" lon="-0.581738">
        <ele>416.4</ele>
      </trkpt>
      <trkpt lat="43.078869" lon="-0.581494">
        <ele>416.5</ele>
      </trkpt>
      <trkpt lat="43.078868" lon="-0.581287">
        <ele>416.2</ele>
      </trkpt>
      <trkpt lat="43.078874" lon="-0.5810419999999999">
        <ele>417.5</ele>
      </trkpt>
      <trkpt lat="43.078911" lon="-0.580836">
        <ele>418.9</ele>
      </trkpt>
      <trkpt lat="43.078965" lon="-0.5805169999999999">
        <ele>421</ele>
      </trkpt>
      <trkpt lat="43.079029" lon="-0.580267">
        <ele>424.1</ele>
      </trkpt>
      <trkpt lat="43.079078" lon="-0.580046">
        <ele>427.5</ele>
      </trkpt>
      <trkpt lat="43.079103" lon="-0.579776">
        <ele>431.4</ele>
      </trkpt>
      <trkpt lat="43.079112" lon="-0.5796289999999999">
        <ele>433.5</ele>
      </trkpt>
      <trkpt lat="43.079113" lon="-0.579379">
        <ele>436.4</ele>
      </trkpt>
      <trkpt lat="43.079115" lon="-0.579222">
        <ele>438</ele>
      </trkpt>
      <trkpt lat="43.079143" lon="-0.57907">
        <ele>439</ele>
      </trkpt>
      <trkpt lat="43.079199" lon="-0.5789029999999999">
        <ele>439.2</ele>
      </trkpt>
      <trkpt lat="43.079296" lon="-0.578767">
        <ele>437.5</ele>
      </trkpt>
      <trkpt lat="43.079442" lon="-0.578562">
        <ele>435.9</ele>
      </trkpt>
      <trkpt lat="43.079563" lon="-0.578384">
        <ele>434.1</ele>
      </trkpt>
      <trkpt lat="43.079682" lon="-0.5782040000000001">
        <ele>436.1</ele>
      </trkpt>
      <trkpt lat="43.079776" lon="-0.5780999999999999">
        <ele>437.1</ele>
      </trkpt>
      <trkpt lat="43.079903" lon="-0.578122">
        <ele>437.4</ele>
      </trkpt>
      <trkpt lat="43.079996" lon="-0.578206">
        <ele>437.8</ele>
      </trkpt>
      <trkpt lat="43.08004" lon="-0.578436">
        <ele>439.1</ele>
      </trkpt>
      <trkpt lat="43.080095" lon="-0.578641">
        <ele>441.2</ele>
      </trkpt>
      <trkpt lat="43.080184" lon="-0.57881">
        <ele>445.4</ele>
      </trkpt>
      <trkpt lat="43.080294" lon="-0.578927">
        <ele>451.2</ele>
      </trkpt>
      <trkpt lat="43.080407" lon="-0.578967">
        <ele>455.9</ele>
      </trkpt>
      <trkpt lat="43.080583" lon="-0.5789840000000001">
        <ele>457.2</ele>
      </trkpt>
      <trkpt lat="43.08073" lon="-0.578966">
        <ele>457</ele>
      </trkpt>
      <trkpt lat="43.080861" lon="-0.578879">
        <ele>454</ele>
      </trkpt>
      <trkpt lat="43.080931" lon="-0.578776">
        <ele>449.8</ele>
      </trkpt>
      <trkpt lat="43.080999" lon="-0.578583">
        <ele>445.7</ele>
      </trkpt>
      <trkpt lat="43.081021" lon="-0.578254">
        <ele>440.1</ele>
      </trkpt>
      <trkpt lat="43.081063" lon="-0.577821">
        <ele>434.8</ele>
      </trkpt>
      <trkpt lat="43.081096" lon="-0.577461">
        <ele>436.4</ele>
      </trkpt>
      <trkpt lat="43.081132" lon="-0.576977">
        <ele>438.4</ele>
      </trkpt>
      <trkpt lat="43.081106" lon="-0.57677">
        <ele>440.9</ele>
      </trkpt>
      <trkpt lat="43.081058" lon="-0.576559">
        <ele>444.8</ele>
      </trkpt>
      <trkpt lat="43.080992" lon="-0.576308">
        <ele>450.8</ele>
      </trkpt>
      <trkpt lat="43.080871" lon="-0.576078">
        <ele>460.3</ele>
      </trkpt>
      <trkpt lat="43.08076" lon="-0.575892">
        <ele>469</ele>
      </trkpt>
      <trkpt lat="43.080681" lon="-0.575777">
        <ele>475.1</ele>
      </trkpt>
      <trkpt lat="43.080593" lon="-0.575631">
        <ele>482.3</ele>
      </trkpt>
      <trkpt lat="43.080523" lon="-0.575467">
        <ele>488.9</ele>
      </trkpt>
      <trkpt lat="43.080497" lon="-0.575311">
        <ele>490.4</ele>
      </trkpt>
      <trkpt lat="43.080516" lon="-0.575178">
        <ele>488.4</ele>
      </trkpt>
      <trkpt lat="43.080543" lon="-0.574999">
        <ele>485.8</ele>
      </trkpt>
      <trkpt lat="43.080591" lon="-0.574688">
        <ele>481.7</ele>
      </trkpt>
      <trkpt lat="43.080642" lon="-0.574435">
        <ele>479.1</ele>
      </trkpt>
      <trkpt lat="43.080694" lon="-0.574203">
        <ele>477.3</ele>
      </trkpt>
      <trkpt lat="43.08077" lon="-0.574033">
        <ele>474.7</ele>
      </trkpt>
      <trkpt lat="43.080883" lon="-0.573801">
        <ele>471.2</ele>
      </trkpt>
      <trkpt lat="43.080952" lon="-0.573666">
        <ele>469.4</ele>
      </trkpt>
      <trkpt lat="43.081043" lon="-0.57348">
        <ele>467</ele>
      </trkpt>
      <trkpt lat="43.081098" lon="-0.573354">
        <ele>465.4</ele>
      </trkpt>
      <trkpt lat="43.081165" lon="-0.5732">
        <ele>463.1</ele>
      </trkpt>
      <trkpt lat="43.08119" lon="-0.573096">
        <ele>462.3</ele>
      </trkpt>
      <trkpt lat="43.081207" lon="-0.572975">
        <ele>461.8</ele>
      </trkpt>
      <trkpt lat="43.081222" lon="-0.5728529999999999">
        <ele>461.7</ele>
      </trkpt>
      <trkpt lat="43.081224" lon="-0.572644">
        <ele>463.3</ele>
      </trkpt>
      <trkpt lat="43.081218" lon="-0.572415">
        <ele>465.3</ele>
      </trkpt>
      <trkpt lat="43.081214" lon="-0.572204">
        <ele>467.2</ele>
      </trkpt>
      <trkpt lat="43.08118" lon="-0.571972">
        <ele>470.6</ele>
      </trkpt>
      <trkpt lat="43.081134" lon="-0.571749">
        <ele>474.3</ele>
      </trkpt>
      <trkpt lat="43.08109" lon="-0.571559">
        <ele>477.9</ele>
      </trkpt>
      <trkpt lat="43.081022" lon="-0.571385">
        <ele>483.2</ele>
      </trkpt>
      <trkpt lat="43.080932" lon="-0.571214">
        <ele>489.9</ele>
      </trkpt>
      <trkpt lat="43.080829" lon="-0.571062">
        <ele>495.9</ele>
      </trkpt>
      <trkpt lat="43.08069" lon="-0.570873">
        <ele>503.6</ele>
      </trkpt>
      <trkpt lat="43.080589" lon="-0.570675">
        <ele>508.3</ele>
      </trkpt>
      <trkpt lat="43.080549" lon="-0.570518">
        <ele>509.1</ele>
      </trkpt>
      <trkpt lat="43.08052" lon="-0.5703009999999999">
        <ele>508.3</ele>
      </trkpt>
      <trkpt lat="43.080503" lon="-0.570123">
        <ele>506.8</ele>
      </trkpt>
      <trkpt lat="43.080522" lon="-0.569878">
        <ele>502.6</ele>
      </trkpt>
      <trkpt lat="43.080544" lon="-0.56967">
        <ele>498.9</ele>
      </trkpt>
      <trkpt lat="43.080553" lon="-0.569384">
        <ele>496</ele>
      </trkpt>
      <trkpt lat="43.080547" lon="-0.569163">
        <ele>494.7</ele>
      </trkpt>
      <trkpt lat="43.080515" lon="-0.568966">
        <ele>494.2</ele>
      </trkpt>
      <trkpt lat="43.080471" lon="-0.568755">
        <ele>493.7</ele>
      </trkpt>
      <trkpt lat="43.080388" lon="-0.568513">
        <ele>495.2</ele>
      </trkpt>
      <trkpt lat="43.080314" lon="-0.568233">
        <ele>498.1</ele>
      </trkpt>
      <trkpt lat="43.080217" lon="-0.567958">
        <ele>502.3</ele>
      </trkpt>
      <trkpt lat="43.080185" lon="-0.5678569999999999">
        <ele>504</ele>
      </trkpt>
      <trkpt lat="43.080136" lon="-0.567638">
        <ele>507.1</ele>
      </trkpt>
      <trkpt lat="43.080085" lon="-0.5673859999999999">
        <ele>510.1</ele>
      </trkpt>
      <trkpt lat="43.080075" lon="-0.567146">
        <ele>510.3</ele>
      </trkpt>
      <trkpt lat="43.08011" lon="-0.566913">
        <ele>509</ele>
      </trkpt>
      <trkpt lat="43.080185" lon="-0.56668">
        <ele>505.7</ele>
      </trkpt>
      <trkpt lat="43.080225" lon="-0.566468">
        <ele>504.4</ele>
      </trkpt>
      <trkpt lat="43.080275" lon="-0.566237">
        <ele>502.7</ele>
      </trkpt>
      <trkpt lat="43.08029" lon="-0.566059">
        <ele>504.1</ele>
      </trkpt>
      <trkpt lat="43.080294" lon="-0.565824">
        <ele>507</ele>
      </trkpt>
      <trkpt lat="43.080276" lon="-0.565605">
        <ele>511.2</ele>
      </trkpt>
      <trkpt lat="43.080238" lon="-0.565351">
        <ele>516.4</ele>
      </trkpt>
      <trkpt lat="43.080181" lon="-0.56508">
        <ele>520.1</ele>
      </trkpt>
      <trkpt lat="43.080114" lon="-0.564785">
        <ele>524.6</ele>
      </trkpt>
      <trkpt lat="43.080067" lon="-0.564438">
        <ele>525.3</ele>
      </trkpt>
      <trkpt lat="43.08002" lon="-0.564156">
        <ele>523.3</ele>
      </trkpt>
      <trkpt lat="43.079997" lon="-0.563976">
        <ele>521.4</ele>
      </trkpt>
      <trkpt lat="43.07996" lon="-0.563836">
        <ele>520.7</ele>
      </trkpt>
      <trkpt lat="43.079921" lon="-0.5637259999999999">
        <ele>520.5</ele>
      </trkpt>
      <trkpt lat="43.07984" lon="-0.563616">
        <ele>522.2</ele>
      </trkpt>
      <trkpt lat="43.079785" lon="-0.563564">
        <ele>523.6</ele>
      </trkpt>
      <trkpt lat="43.079658" lon="-0.563454">
        <ele>526.1</ele>
      </trkpt>
      <trkpt lat="43.079534" lon="-0.563408">
        <ele>529.3</ele>
      </trkpt>
      <trkpt lat="43.07933" lon="-0.563398">
        <ele>535.4</ele>
      </trkpt>
      <trkpt lat="43.079136" lon="-0.563393">
        <ele>541.3</ele>
      </trkpt>
      <trkpt lat="43.078972" lon="-0.563371">
        <ele>545.5</ele>
      </trkpt>
      <trkpt lat="43.078852" lon="-0.563347">
        <ele>548.1</ele>
      </trkpt>
      <trkpt lat="43.078698" lon="-0.563244">
        <ele>549.5</ele>
      </trkpt>
      <trkpt lat="43.07857" lon="-0.5631119999999999">
        <ele>551.5</ele>
      </trkpt>
      <trkpt lat="43.078458" lon="-0.56299">
        <ele>552.9</ele>
      </trkpt>
      <trkpt lat="43.078351" lon="-0.562823">
        <ele>553.7</ele>
      </trkpt>
      <trkpt lat="43.078283" lon="-0.562681">
        <ele>553.9</ele>
      </trkpt>
      <trkpt lat="43.078243" lon="-0.562516">
        <ele>551.3</ele>
      </trkpt>
      <trkpt lat="43.07822" lon="-0.562364">
        <ele>547.9</ele>
      </trkpt>
      <trkpt lat="43.078195" lon="-0.562134">
        <ele>541.9</ele>
      </trkpt>
      <trkpt lat="43.078168" lon="-0.561891">
        <ele>540.3</ele>
      </trkpt>
      <trkpt lat="43.078139" lon="-0.561649">
        <ele>539.7</ele>
      </trkpt>
      <trkpt lat="43.078119" lon="-0.561377">
        <ele>538.4</ele>
      </trkpt>
      <trkpt lat="43.078069" lon="-0.5610619999999999">
        <ele>538.1</ele>
      </trkpt>
      <trkpt lat="43.078032" lon="-0.560814">
        <ele>537.8</ele>
      </trkpt>
      <trkpt lat="43.078001" lon="-0.56063">
        <ele>537.3</ele>
      </trkpt>
      <trkpt lat="43.077958" lon="-0.5604749999999999">
        <ele>537</ele>
      </trkpt>
      <trkpt lat="43.077887" lon="-0.560328">
        <ele>538</ele>
      </trkpt>
      <trkpt lat="43.077808" lon="-0.560188">
        <ele>541.3</ele>
      </trkpt>
      <trkpt lat="43.077701" lon="-0.560067">
        <ele>546.2</ele>
      </trkpt>
      <trkpt lat="43.077605" lon="-0.559961">
        <ele>550.4</ele>
      </trkpt>
      <trkpt lat="43.077515" lon="-0.559844">
        <ele>553.9</ele>
      </trkpt>
      <trkpt lat="43.07742" lon="-0.559661">
        <ele>556.4</ele>
      </trkpt>
      <trkpt lat="43.077358" lon="-0.559497">
        <ele>557.3</ele>
      </trkpt>
      <trkpt lat="43.077292" lon="-0.559297">
        <ele>557.7</ele>
      </trkpt>
      <trkpt lat="43.077232" lon="-0.559077">
        <ele>556.8</ele>
      </trkpt>
      <trkpt lat="43.077079" lon="-0.558511">
        <ele>552.9</ele>
      </trkpt>
      <trkpt lat="43.07701" lon="-0.558277">
        <ele>554.9</ele>
      </trkpt>
      <trkpt lat="43.076962" lon="-0.558103">
        <ele>556.1</ele>
      </trkpt>
      <trkpt lat="43.076913" lon="-0.557867">
        <ele>557.2</ele>
      </trkpt>
      <trkpt lat="43.076895" lon="-0.557664">
        <ele>559.2</ele>
      </trkpt>
      <trkpt lat="43.076898" lon="-0.557485">
        <ele>559.5</ele>
      </trkpt>
      <trkpt lat="43.076889" lon="-0.557077">
        <ele>561.4</ele>
      </trkpt>
      <trkpt lat="43.076845" lon="-0.556804">
        <ele>564.3</ele>
      </trkpt>
      <trkpt lat="43.076768" lon="-0.556445">
        <ele>569.2</ele>
      </trkpt>
      <trkpt lat="43.076704" lon="-0.556123">
        <ele>572.6</ele>
      </trkpt>
      <trkpt lat="43.076651" lon="-0.55584">
        <ele>574.2</ele>
      </trkpt>
      <trkpt lat="43.076597" lon="-0.555579">
        <ele>575.9</ele>
      </trkpt>
      <trkpt lat="43.076549" lon="-0.555296">
        <ele>576.7</ele>
      </trkpt>
      <trkpt lat="43.076503" lon="-0.555073">
        <ele>576.9</ele>
      </trkpt>
      <trkpt lat="43.076451" lon="-0.554845">
        <ele>577</ele>
      </trkpt>
      <trkpt lat="43.076375" lon="-0.554548">
        <ele>576.8</ele>
      </trkpt>
      <trkpt lat="43.076291" lon="-0.554249">
        <ele>577.1</ele>
      </trkpt>
      <trkpt lat="43.076204" lon="-0.55393">
        <ele>578.2</ele>
      </trkpt>
      <trkpt lat="43.076123" lon="-0.553749">
        <ele>582</ele>
      </trkpt>
      <trkpt lat="43.075994" lon="-0.553539">
        <ele>588</ele>
      </trkpt>
      <trkpt lat="43.075879" lon="-0.553395">
        <ele>593.7</ele>
      </trkpt>
      <trkpt lat="43.075731" lon="-0.553242">
        <ele>601</ele>
      </trkpt>
      <trkpt lat="43.075626" lon="-0.5530969999999999">
        <ele>605.2</ele>
      </trkpt>
      <trkpt lat="43.075542" lon="-0.55291">
        <ele>607</ele>
      </trkpt>
      <trkpt lat="43.075467" lon="-0.5527069999999999">
        <ele>606.1</ele>
      </trkpt>
      <trkpt lat="43.075379" lon="-0.552418">
        <ele>604</ele>
      </trkpt>
      <trkpt lat="43.075319" lon="-0.552204">
        <ele>603.4</ele>
      </trkpt>
      <trkpt lat="43.07528" lon="-0.552006">
        <ele>602.7</ele>
      </trkpt>
      <trkpt lat="43.075282" lon="-0.551799">
        <ele>600.2</ele>
      </trkpt>
      <trkpt lat="43.075303" lon="-0.551566">
        <ele>595.8</ele>
      </trkpt>
      <trkpt lat="43.075347" lon="-0.551403">
        <ele>590.3</ele>
      </trkpt>
      <trkpt lat="43.075375" lon="-0.551239">
        <ele>586.4</ele>
      </trkpt>
      <trkpt lat="43.075375" lon="-0.5510389999999999">
        <ele>586.3</ele>
      </trkpt>
      <trkpt lat="43.075375" lon="-0.550898">
        <ele>586.2</ele>
      </trkpt>
      <trkpt lat="43.075348" lon="-0.550679">
        <ele>588</ele>
      </trkpt>
      <trkpt lat="43.075301" lon="-0.550408">
        <ele>591.1</ele>
      </trkpt>
      <trkpt lat="43.075267" lon="-0.550152">
        <ele>594.2</ele>
      </trkpt>
      <trkpt lat="43.075229" lon="-0.54986">
        <ele>597.5</ele>
      </trkpt>
      <trkpt lat="43.075178" lon="-0.549457">
        <ele>601.9</ele>
      </trkpt>
      <trkpt lat="43.07511" lon="-0.549038">
        <ele>607.4</ele>
      </trkpt>
      <trkpt lat="43.075049" lon="-0.548432">
        <ele>614.1</ele>
      </trkpt>
      <trkpt lat="43.075024" lon="-0.5479889999999999">
        <ele>618.9</ele>
      </trkpt>
      <trkpt lat="43.07499" lon="-0.5477109999999999">
        <ele>622.9</ele>
      </trkpt>
      <trkpt lat="43.074966" lon="-0.547436">
        <ele>626.6</ele>
      </trkpt>
      <trkpt lat="43.074941" lon="-0.547162">
        <ele>630.2</ele>
      </trkpt>
      <trkpt lat="43.074917" lon="-0.546784">
        <ele>633.6</ele>
      </trkpt>
      <trkpt lat="43.074891" lon="-0.546532">
        <ele>636.2</ele>
      </trkpt>
      <trkpt lat="43.074842" lon="-0.5462669999999999">
        <ele>640.2</ele>
      </trkpt>
      <trkpt lat="43.074791" lon="-0.5460120000000001">
        <ele>643.9</ele>
      </trkpt>
      <trkpt lat="43.074703" lon="-0.5457610000000001">
        <ele>649.6</ele>
      </trkpt>
      <trkpt lat="43.074667" lon="-0.545597">
        <ele>652.4</ele>
      </trkpt>
      <trkpt lat="43.074622" lon="-0.54542">
        <ele>655.8</ele>
      </trkpt>
      <trkpt lat="43.074599" lon="-0.54527">
        <ele>658.5</ele>
      </trkpt>
      <trkpt lat="43.074599" lon="-0.545106">
        <ele>660</ele>
      </trkpt>
      <trkpt lat="43.074606" lon="-0.544957">
        <ele>661</ele>
      </trkpt>
      <trkpt lat="43.07465" lon="-0.544758">
        <ele>660.1</ele>
      </trkpt>
      <trkpt lat="43.074697" lon="-0.544526">
        <ele>659.4</ele>
      </trkpt>
      <trkpt lat="43.074729" lon="-0.544367">
        <ele>659.4</ele>
      </trkpt>
      <trkpt lat="43.074759" lon="-0.5441859999999999">
        <ele>659.8</ele>
      </trkpt>
      <trkpt lat="43.074762" lon="-0.543979">
        <ele>662.3</ele>
      </trkpt>
      <trkpt lat="43.074739" lon="-0.543813">
        <ele>666.1</ele>
      </trkpt>
      <trkpt lat="43.074691" lon="-0.543624">
        <ele>670.3</ele>
      </trkpt>
      <trkpt lat="43.074631" lon="-0.543461">
        <ele>674.3</ele>
      </trkpt>
      <trkpt lat="43.074584" lon="-0.543288">
        <ele>677.4</ele>
      </trkpt>
      <trkpt lat="43.074536" lon="-0.543085">
        <ele>681.6</ele>
      </trkpt>
      <trkpt lat="43.074523" lon="-0.54289">
        <ele>682.3</ele>
      </trkpt>
      <trkpt lat="43.074525" lon="-0.542798">
        <ele>681</ele>
      </trkpt>
      <trkpt lat="43.074536" lon="-0.542621">
        <ele>678.1</ele>
      </trkpt>
      <trkpt lat="43.074563" lon="-0.542372">
        <ele>672.9</ele>
      </trkpt>
      <trkpt lat="43.07458" lon="-0.542191">
        <ele>669.5</ele>
      </trkpt>
      <trkpt lat="43.074591" lon="-0.541994">
        <ele>667.2</ele>
      </trkpt>
      <trkpt lat="43.074606" lon="-0.54181">
        <ele>665.7</ele>
      </trkpt>
      <trkpt lat="43.074585" lon="-0.541625">
        <ele>665.7</ele>
      </trkpt>
      <trkpt lat="43.074537" lon="-0.54142">
        <ele>668</ele>
      </trkpt>
      <trkpt lat="43.074456" lon="-0.541205">
        <ele>672</ele>
      </trkpt>
      <trkpt lat="43.074422" lon="-0.54108">
        <ele>673.6</ele>
      </trkpt>
      <trkpt lat="43.074309" lon="-0.540782">
        <ele>678.3</ele>
      </trkpt>
      <trkpt lat="43.074166" lon="-0.540484">
        <ele>682.7</ele>
      </trkpt>
      <trkpt lat="43.074009" lon="-0.540205">
        <ele>686.4</ele>
      </trkpt>
      <trkpt lat="43.073827" lon="-0.539892">
        <ele>690.5</ele>
      </trkpt>
      <trkpt lat="43.073716" lon="-0.539685">
        <ele>693.4</ele>
      </trkpt>
      <trkpt lat="43.073558" lon="-0.539386">
        <ele>701.9</ele>
      </trkpt>
      <trkpt lat="43.073468" lon="-0.539174">
        <ele>707.1</ele>
      </trkpt>
      <trkpt lat="43.07341" lon="-0.538984">
        <ele>710.4</ele>
      </trkpt>
      <trkpt lat="43.073351" lon="-0.538716">
        <ele>713.8</ele>
      </trkpt>
      <trkpt lat="43.073319" lon="-0.5385450000000001">
        <ele>716.2</ele>
      </trkpt>
      <trkpt lat="43.073289" lon="-0.538297">
        <ele>718.6</ele>
      </trkpt>
      <trkpt lat="43.073249" lon="-0.5379699999999999">
        <ele>721.6</ele>
      </trkpt>
      <trkpt lat="43.073202" lon="-0.537672">
        <ele>726.5</ele>
      </trkpt>
      <trkpt lat="43.073206" lon="-0.53735">
        <ele>728.3</ele>
      </trkpt>
      <trkpt lat="43.073242" lon="-0.536998">
        <ele>728.8</ele>
      </trkpt>
      <trkpt lat="43.073308" lon="-0.5366919999999999">
        <ele>728.5</ele>
      </trkpt>
      <trkpt lat="43.073378" lon="-0.536357">
        <ele>728.4</ele>
      </trkpt>
      <trkpt lat="43.073403" lon="-0.536121">
        <ele>729</ele>
      </trkpt>
      <trkpt lat="43.07339" lon="-0.53579">
        <ele>732.4</ele>
      </trkpt>
      <trkpt lat="43.07336" lon="-0.535561">
        <ele>736.2</ele>
      </trkpt>
      <trkpt lat="43.07336" lon="-0.535416">
        <ele>737.2</ele>
      </trkpt>
      <trkpt lat="43.073368" lon="-0.535214">
        <ele>736.9</ele>
      </trkpt>
      <trkpt lat="43.073342" lon="-0.535034">
        <ele>738.7</ele>
      </trkpt>
      <trkpt lat="43.073305" lon="-0.534834">
        <ele>741</ele>
      </trkpt>
      <trkpt lat="43.073242" lon="-0.534627">
        <ele>744.5</ele>
      </trkpt>
      <trkpt lat="43.073143" lon="-0.534371">
        <ele>749.6</ele>
      </trkpt>
      <trkpt lat="43.073042" lon="-0.534139">
        <ele>754.8</ele>
      </trkpt>
      <trkpt lat="43.072929" lon="-0.53386">
        <ele>760.5</ele>
      </trkpt>
      <trkpt lat="43.072896" lon="-0.533668">
        <ele>763.6</ele>
      </trkpt>
      <trkpt lat="43.072877" lon="-0.533416">
        <ele>768.6</ele>
      </trkpt>
      <trkpt lat="43.072854" lon="-0.533206">
        <ele>773.4</ele>
      </trkpt>
      <trkpt lat="43.072855" lon="-0.532928">
        <ele>777.4</ele>
      </trkpt>
      <trkpt lat="43.07287" lon="-0.532762">
        <ele>780.3</ele>
      </trkpt>
      <trkpt lat="43.072906" lon="-0.532559">
        <ele>782.7</ele>
      </trkpt>
      <trkpt lat="43.072963" lon="-0.532371">
        <ele>783.7</ele>
      </trkpt>
      <trkpt lat="43.073032" lon="-0.5322249999999999">
        <ele>782.9</ele>
      </trkpt>
      <trkpt lat="43.073121" lon="-0.532067">
        <ele>781</ele>
      </trkpt>
      <trkpt lat="43.073199" lon="-0.531932">
        <ele>780</ele>
      </trkpt>
      <trkpt lat="43.073344" lon="-0.531695">
        <ele>777.9</ele>
      </trkpt>
      <trkpt lat="43.073426" lon="-0.531501">
        <ele>778.7</ele>
      </trkpt>
      <trkpt lat="43.073459" lon="-0.531343">
        <ele>781.6</ele>
      </trkpt>
      <trkpt lat="43.073487" lon="-0.5311669999999999">
        <ele>784.3</ele>
      </trkpt>
      <trkpt lat="43.073496" lon="-0.530941">
        <ele>787.9</ele>
      </trkpt>
      <trkpt lat="43.0735" lon="-0.530729">
        <ele>791.6</ele>
      </trkpt>
      <trkpt lat="43.073483" lon="-0.530535">
        <ele>796.4</ele>
      </trkpt>
      <trkpt lat="43.073374" lon="-0.5303020000000001">
        <ele>805.1</ele>
      </trkpt>
      <trkpt lat="43.073227" lon="-0.530137">
        <ele>813.7</ele>
      </trkpt>
      <trkpt lat="43.07307" lon="-0.52999">
        <ele>823.2</ele>
      </trkpt>
      <trkpt lat="43.072958" lon="-0.529789">
        <ele>829.5</ele>
      </trkpt>
      <trkpt lat="43.072825" lon="-0.529619">
        <ele>836.6</ele>
      </trkpt>
      <trkpt lat="43.0727" lon="-0.529456">
        <ele>840.2</ele>
      </trkpt>
      <trkpt lat="43.072596" lon="-0.529268">
        <ele>841.4</ele>
      </trkpt>
      <trkpt lat="43.072501" lon="-0.529076">
        <ele>842.3</ele>
      </trkpt>
      <trkpt lat="43.072443" lon="-0.528901">
        <ele>841.6</ele>
      </trkpt>
      <trkpt lat="43.072404" lon="-0.528709">
        <ele>839.2</ele>
      </trkpt>
      <trkpt lat="43.07235" lon="-0.528518">
        <ele>836.6</ele>
      </trkpt>
      <trkpt lat="43.072301" lon="-0.528374">
        <ele>835.1</ele>
      </trkpt>
      <trkpt lat="43.072217" lon="-0.528238">
        <ele>835.9</ele>
      </trkpt>
      <trkpt lat="43.072115" lon="-0.5281400000000001">
        <ele>838.9</ele>
      </trkpt>
      <trkpt lat="43.071934" lon="-0.528102">
        <ele>845.9</ele>
      </trkpt>
      <trkpt lat="43.07172" lon="-0.528066">
        <ele>853.9</ele>
      </trkpt>
      <trkpt lat="43.071597" lon="-0.527955">
        <ele>854.9</ele>
      </trkpt>
      <trkpt lat="43.071526" lon="-0.527801">
        <ele>853.9</ele>
      </trkpt>
      <trkpt lat="43.071467" lon="-0.52755">
        <ele>851.1</ele>
      </trkpt>
      <trkpt lat="43.07137" lon="-0.527067">
        <ele>846.4</ele>
      </trkpt>
      <trkpt lat="43.071327" lon="-0.526779">
        <ele>846.8</ele>
      </trkpt>
      <trkpt lat="43.071261" lon="-0.526516">
        <ele>848.9</ele>
      </trkpt>
      <trkpt lat="43.071198" lon="-0.526238">
        <ele>851.5</ele>
      </trkpt>
      <trkpt lat="43.071118" lon="-0.526041">
        <ele>855.5</ele>
      </trkpt>
      <trkpt lat="43.071054" lon="-0.525884">
        <ele>858.8</ele>
      </trkpt>
      <trkpt lat="43.070971" lon="-0.525685">
        <ele>863</ele>
      </trkpt>
      <trkpt lat="43.070925" lon="-0.52549">
        <ele>864.8</ele>
      </trkpt>
      <trkpt lat="43.070818" lon="-0.5251440000000001">
        <ele>870.9</ele>
      </trkpt>
      <trkpt lat="43.07073" lon="-0.524878">
        <ele>876</ele>
      </trkpt>
      <trkpt lat="43.070679" lon="-0.524705">
        <ele>878.7</ele>
      </trkpt>
      <trkpt lat="43.070602" lon="-0.52443">
        <ele>882.9</ele>
      </trkpt>
      <trkpt lat="43.070535" lon="-0.524179">
        <ele>886.8</ele>
      </trkpt>
      <trkpt lat="43.070446" lon="-0.523895">
        <ele>892.2</ele>
      </trkpt>
      <trkpt lat="43.070366" lon="-0.523676">
        <ele>897.2</ele>
      </trkpt>
      <trkpt lat="43.070259" lon="-0.523339">
        <ele>902.9</ele>
      </trkpt>
      <trkpt lat="43.070209" lon="-0.523125">
        <ele>905.3</ele>
      </trkpt>
      <trkpt lat="43.070159" lon="-0.522898">
        <ele>907.8</ele>
      </trkpt>
      <trkpt lat="43.070118" lon="-0.522679">
        <ele>910.6</ele>
      </trkpt>
      <trkpt lat="43.070083" lon="-0.522473">
        <ele>912.9</ele>
      </trkpt>
      <trkpt lat="43.070055" lon="-0.522232">
        <ele>914.4</ele>
      </trkpt>
      <trkpt lat="43.070035" lon="-0.521941">
        <ele>915.7</ele>
      </trkpt>
      <trkpt lat="43.070015" lon="-0.521744">
        <ele>917.4</ele>
      </trkpt>
      <trkpt lat="43.070023" lon="-0.521503">
        <ele>917.1</ele>
      </trkpt>
      <trkpt lat="43.070049" lon="-0.52123">
        <ele>915.9</ele>
      </trkpt>
      <trkpt lat="43.070068" lon="-0.520957">
        <ele>917.5</ele>
      </trkpt>
      <trkpt lat="43.0701" lon="-0.520734">
        <ele>917.8</ele>
      </trkpt>
      <trkpt lat="43.070119" lon="-0.52047">
        <ele>919.4</ele>
      </trkpt>
      <trkpt lat="43.070129" lon="-0.5202830000000001">
        <ele>920.3</ele>
      </trkpt>
      <trkpt lat="43.070109" lon="-0.520055">
        <ele>923.3</ele>
      </trkpt>
      <trkpt lat="43.070078" lon="-0.5199009999999999">
        <ele>926.5</ele>
      </trkpt>
      <trkpt lat="43.070042" lon="-0.519706">
        <ele>930.3</ele>
      </trkpt>
      <trkpt lat="43.070034" lon="-0.5195340000000001">
        <ele>932.5</ele>
      </trkpt>
      <trkpt lat="43.070034" lon="-0.519353">
        <ele>935</ele>
      </trkpt>
      <trkpt lat="43.070062" lon="-0.519171">
        <ele>935.7</ele>
      </trkpt>
      <trkpt lat="43.070115" lon="-0.518996">
        <ele>934.7</ele>
      </trkpt>
      <trkpt lat="43.070203" lon="-0.518706">
        <ele>933.6</ele>
      </trkpt>
      <trkpt lat="43.070269" lon="-0.518467">
        <ele>934.8</ele>
      </trkpt>
      <trkpt lat="43.07034" lon="-0.518203">
        <ele>936.3</ele>
      </trkpt>
      <trkpt lat="43.070426" lon="-0.517914">
        <ele>937.5</ele>
      </trkpt>
      <trkpt lat="43.070476" lon="-0.517614">
        <ele>941.3</ele>
      </trkpt>
      <trkpt lat="43.070513" lon="-0.517364">
        <ele>944.5</ele>
      </trkpt>
      <trkpt lat="43.070534" lon="-0.517095">
        <ele>949</ele>
      </trkpt>
      <trkpt lat="43.070544" lon="-0.51688">
        <ele>951.3</ele>
      </trkpt>
      <trkpt lat="43.070554" lon="-0.516679">
        <ele>953.4</ele>
      </trkpt>
      <trkpt lat="43.070542" lon="-0.516492">
        <ele>956.6</ele>
      </trkpt>
      <trkpt lat="43.070503" lon="-0.516274">
        <ele>962.1</ele>
      </trkpt>
      <trkpt lat="43.070478" lon="-0.516054">
        <ele>965.2</ele>
      </trkpt>
      <trkpt lat="43.070492" lon="-0.515863">
        <ele>965.4</ele>
      </trkpt>
      <trkpt lat="43.070538" lon="-0.515613">
        <ele>964</ele>
      </trkpt>
      <trkpt lat="43.070568" lon="-0.515388">
        <ele>963.6</ele>
      </trkpt>
      <trkpt lat="43.070576" lon="-0.515074">
        <ele>967.5</ele>
      </trkpt>
      <trkpt lat="43.070584" lon="-0.514774">
        <ele>971.2</ele>
      </trkpt>
      <trkpt lat="43.070584" lon="-0.51455">
        <ele>974.6</ele>
      </trkpt>
      <trkpt lat="43.070618" lon="-0.5142640000000001">
        <ele>977.6</ele>
      </trkpt>
      <trkpt lat="43.070669" lon="-0.513997">
        <ele>979.3</ele>
      </trkpt>
      <trkpt lat="43.070718" lon="-0.51379">
        <ele>980.1</ele>
      </trkpt>
      <trkpt lat="43.070745" lon="-0.513594">
        <ele>980.8</ele>
      </trkpt>
      <trkpt lat="43.070772" lon="-0.513421">
        <ele>981.1</ele>
      </trkpt>
      <trkpt lat="43.070764" lon="-0.513131">
        <ele>984.8</ele>
      </trkpt>
      <trkpt lat="43.070738" lon="-0.512947">
        <ele>988.4</ele>
      </trkpt>
      <trkpt lat="43.070678" lon="-0.512768">
        <ele>992.5</ele>
      </trkpt>
      <trkpt lat="43.070561" lon="-0.5125729999999999">
        <ele>999.8</ele>
      </trkpt>
      <trkpt lat="43.070426" lon="-0.512382">
        <ele>1008.1</ele>
      </trkpt>
      <trkpt lat="43.070335" lon="-0.512243">
        <ele>1012.5</ele>
      </trkpt>
      <trkpt lat="43.07034" lon="-0.512051">
        <ele>1012.3</ele>
      </trkpt>
      <trkpt lat="43.070344" lon="-0.511857">
        <ele>1010.7</ele>
      </trkpt>
      <trkpt lat="43.070332" lon="-0.511688">
        <ele>1010</ele>
      </trkpt>
      <trkpt lat="43.070304" lon="-0.511502">
        <ele>1010</ele>
      </trkpt>
      <trkpt lat="43.070243" lon="-0.511305">
        <ele>1011.3</ele>
      </trkpt>
      <trkpt lat="43.070177" lon="-0.511101">
        <ele>1012.1</ele>
      </trkpt>
      <trkpt lat="43.070077" lon="-0.510869">
        <ele>1013.3</ele>
      </trkpt>
      <trkpt lat="43.069969" lon="-0.510674">
        <ele>1014.9</ele>
      </trkpt>
      <trkpt lat="43.06984" lon="-0.510533">
        <ele>1017.7</ele>
      </trkpt>
      <trkpt lat="43.069706" lon="-0.510463">
        <ele>1021.4</ele>
      </trkpt>
      <trkpt lat="43.069549" lon="-0.5103839999999999">
        <ele>1025.5</ele>
      </trkpt>
      <trkpt lat="43.069365" lon="-0.510277">
        <ele>1028.8</ele>
      </trkpt>
      <trkpt lat="43.069156" lon="-0.5102179999999999">
        <ele>1033.2</ele>
      </trkpt>
      <trkpt lat="43.068973" lon="-0.51017">
        <ele>1037</ele>
      </trkpt>
      <trkpt lat="43.068782" lon="-0.510127">
        <ele>1040.9</ele>
      </trkpt>
      <trkpt lat="43.068614" lon="-0.510065">
        <ele>1044.6</ele>
      </trkpt>
      <trkpt lat="43.068521" lon="-0.509993">
        <ele>1045.9</ele>
      </trkpt>
      <trkpt lat="43.068508" lon="-0.509901">
        <ele>1044</ele>
      </trkpt>
      <trkpt lat="43.068565" lon="-0.509783">
        <ele>1039.1</ele>
      </trkpt>
      <trkpt lat="43.068674" lon="-0.5097159999999999">
        <ele>1033.8</ele>
      </trkpt>
      <trkpt lat="43.068887" lon="-0.50956">
        <ele>1025.8</ele>
      </trkpt>
      <trkpt lat="43.069035" lon="-0.509428">
        <ele>1025.3</ele>
      </trkpt>
      <trkpt lat="43.069261" lon="-0.50925">
        <ele>1024.5</ele>
      </trkpt>
      <trkpt lat="43.069474" lon="-0.50906">
        <ele>1024.5</ele>
      </trkpt>
      <trkpt lat="43.069691" lon="-0.508859">
        <ele>1025.8</ele>
      </trkpt>
      <trkpt lat="43.069855" lon="-0.508665">
        <ele>1028.5</ele>
      </trkpt>
      <trkpt lat="43.070039" lon="-0.508456">
        <ele>1030.9</ele>
      </trkpt>
      <trkpt lat="43.07014" lon="-0.50829">
        <ele>1032.8</ele>
      </trkpt>
      <trkpt lat="43.070306" lon="-0.508086">
        <ele>1034</ele>
      </trkpt>
      <trkpt lat="43.070405" lon="-0.507952">
        <ele>1034.6</ele>
      </trkpt>
      <trkpt lat="43.070455" lon="-0.507834">
        <ele>1036</ele>
      </trkpt>
      <trkpt lat="43.070464" lon="-0.507606">
        <ele>1038.6</ele>
      </trkpt>
      <trkpt lat="43.070467" lon="-0.507409">
        <ele>1040.8</ele>
      </trkpt>
      <trkpt lat="43.070429" lon="-0.507194">
        <ele>1043.6</ele>
      </trkpt>
      <trkpt lat="43.070378" lon="-0.506996">
        <ele>1046.1</ele>
      </trkpt>
      <trkpt lat="43.0703" lon="-0.50678">
        <ele>1048.6</ele>
      </trkpt>
      <trkpt lat="43.070223" lon="-0.5066000000000001">
        <ele>1051.1</ele>
      </trkpt>
      <trkpt lat="43.070147" lon="-0.506423">
        <ele>1053.7</ele>
      </trkpt>
      <trkpt lat="43.070057" lon="-0.506313">
        <ele>1056.6</ele>
      </trkpt>
      <trkpt lat="43.069947" lon="-0.506239">
        <ele>1059.9</ele>
      </trkpt>
      <trkpt lat="43.069835" lon="-0.50621">
        <ele>1062.9</ele>
      </trkpt>
      <trkpt lat="43.069745" lon="-0.506107">
        <ele>1064.1</ele>
      </trkpt>
      <trkpt lat="43.069627" lon="-0.505899">
        <ele>1064.7</ele>
      </trkpt>
      <trkpt lat="43.069541" lon="-0.50571">
        <ele>1065.1</ele>
      </trkpt>
      <trkpt lat="43.069449" lon="-0.505529">
        <ele>1067</ele>
      </trkpt>
      <trkpt lat="43.069375" lon="-0.5053879999999999">
        <ele>1068.8</ele>
      </trkpt>
      <trkpt lat="43.06929" lon="-0.505208">
        <ele>1069.9</ele>
      </trkpt>
      <trkpt lat="43.069228" lon="-0.505018">
        <ele>1069.9</ele>
      </trkpt>
      <trkpt lat="43.069188" lon="-0.504825">
        <ele>1068.8</ele>
      </trkpt>
      <trkpt lat="43.069177" lon="-0.50469">
        <ele>1067.2</ele>
      </trkpt>
      <trkpt lat="43.069195" lon="-0.504509">
        <ele>1064.1</ele>
      </trkpt>
      <trkpt lat="43.069268" lon="-0.504351">
        <ele>1059.3</ele>
      </trkpt>
      <trkpt lat="43.069343" lon="-0.504087">
        <ele>1054</ele>
      </trkpt>
      <trkpt lat="43.069387" lon="-0.503875">
        <ele>1050.6</ele>
      </trkpt>
      <trkpt lat="43.069426" lon="-0.503646">
        <ele>1048.2</ele>
      </trkpt>
      <trkpt lat="43.069452" lon="-0.50342">
        <ele>1047.6</ele>
      </trkpt>
      <trkpt lat="43.069459" lon="-0.503147">
        <ele>1048.1</ele>
      </trkpt>
      <trkpt lat="43.069455" lon="-0.502968">
        <ele>1048.8</ele>
      </trkpt>
      <trkpt lat="43.069445" lon="-0.502746">
        <ele>1048.5</ele>
      </trkpt>
      <trkpt lat="43.069435" lon="-0.502555">
        <ele>1047.8</ele>
      </trkpt>
      <trkpt lat="43.069405" lon="-0.502369">
        <ele>1048</ele>
      </trkpt>
      <trkpt lat="43.069365" lon="-0.502157">
        <ele>1048.4</ele>
      </trkpt>
      <trkpt lat="43.06929" lon="-0.501997">
        <ele>1048.9</ele>
      </trkpt>
      <trkpt lat="43.069194" lon="-0.501838">
        <ele>1048.8</ele>
      </trkpt>
      <trkpt lat="43.069098" lon="-0.501729">
        <ele>1049.7</ele>
      </trkpt>
      <trkpt lat="43.068945" lon="-0.501587">
        <ele>1051.6</ele>
      </trkpt>
      <trkpt lat="43.068883" lon="-0.501516">
        <ele>1051.9</ele>
      </trkpt>
      <trkpt lat="43.068803" lon="-0.501393">
        <ele>1051.3</ele>
      </trkpt>
      <trkpt lat="43.068644" lon="-0.501152">
        <ele>1046.1</ele>
      </trkpt>
      <trkpt lat="43.068545" lon="-0.50102">
        <ele>1041.8</ele>
      </trkpt>
      <trkpt lat="43.068425" lon="-0.500915">
        <ele>1038.7</ele>
      </trkpt>
      <trkpt lat="43.068342" lon="-0.5008590000000001">
        <ele>1037.2</ele>
      </trkpt>
      <trkpt lat="43.068213" lon="-0.500786">
        <ele>1035.3</ele>
      </trkpt>
      <trkpt lat="43.068055" lon="-0.500678">
        <ele>1032.3</ele>
      </trkpt>
      <trkpt lat="43.067897" lon="-0.50057">
        <ele>1028.9</ele>
      </trkpt>
      <trkpt lat="43.067775" lon="-0.500532">
        <ele>1026</ele>
      </trkpt>
      <trkpt lat="43.067629" lon="-0.500533">
        <ele>1024.4</ele>
      </trkpt>
      <trkpt lat="43.067549" lon="-0.500528">
        <ele>1023.3</ele>
      </trkpt>
      <trkpt lat="43.06741" lon="-0.500508">
        <ele>1021</ele>
      </trkpt>
      <trkpt lat="43.06731" lon="-0.50047">
        <ele>1018.5</ele>
      </trkpt>
      <trkpt lat="43.067186" lon="-0.500439">
        <ele>1016</ele>
      </trkpt>
      <trkpt lat="43.067093" lon="-0.500431">
        <ele>1014.7</ele>
      </trkpt>
      <trkpt lat="43.06699" lon="-0.50046">
        <ele>1014.5</ele>
      </trkpt>
      <trkpt lat="43.066862" lon="-0.500538">
        <ele>1015.6</ele>
      </trkpt>
      <trkpt lat="43.066661" lon="-0.500686">
        <ele>1017.8</ele>
      </trkpt>
      <trkpt lat="43.066509" lon="-0.50081">
        <ele>1019.5</ele>
      </trkpt>
      <trkpt lat="43.066076" lon="-0.501139">
        <ele>1022.9</ele>
      </trkpt>
      <trkpt lat="43.065837" lon="-0.501359">
        <ele>1024.6</ele>
      </trkpt>
      <trkpt lat="43.0656" lon="-0.501602">
        <ele>1025.6</ele>
      </trkpt>
      <trkpt lat="43.06553" lon="-0.501701">
        <ele>1026</ele>
      </trkpt>
      <trkpt lat="43.065403" lon="-0.501849">
        <ele>1026.4</ele>
      </trkpt>
      <trkpt lat="43.065253" lon="-0.501958">
        <ele>1031.7</ele>
      </trkpt>
      <trkpt lat="43.065132" lon="-0.501982">
        <ele>1034.7</ele>
      </trkpt>
      <trkpt lat="43.065061" lon="-0.501915">
        <ele>1036</ele>
      </trkpt>
      <trkpt lat="43.065012" lon="-0.501793">
        <ele>1036.8</ele>
      </trkpt>
      <trkpt lat="43.064998" lon="-0.501539">
        <ele>1036.4</ele>
      </trkpt>
      <trkpt lat="43.064978" lon="-0.50117">
        <ele>1036.6</ele>
      </trkpt>
      <trkpt lat="43.065007" lon="-0.500904">
        <ele>1035.4</ele>
      </trkpt>
      <trkpt lat="43.065071" lon="-0.500636">
        <ele>1032.4</ele>
      </trkpt>
      <trkpt lat="43.06515" lon="-0.500266">
        <ele>1028.4</ele>
      </trkpt>
      <trkpt lat="43.065191" lon="-0.500062">
        <ele>1026.5</ele>
      </trkpt>
      <trkpt lat="43.065223" lon="-0.499829">
        <ele>1025.3</ele>
      </trkpt>
      <trkpt lat="43.065225" lon="-0.499549">
        <ele>1025.3</ele>
      </trkpt>
      <trkpt lat="43.065223" lon="-0.499309">
        <ele>1024.1</ele>
      </trkpt>
      <trkpt lat="43.065211" lon="-0.499074">
        <ele>1023.2</ele>
      </trkpt>
      <trkpt lat="43.065182" lon="-0.498826">
        <ele>1022.3</ele>
      </trkpt>
      <trkpt lat="43.065137" lon="-0.498626">
        <ele>1020.2</ele>
      </trkpt>
      <trkpt lat="43.065073" lon="-0.498446">
        <ele>1017.7</ele>
      </trkpt>
      <trkpt lat="43.064967" lon="-0.498266">
        <ele>1015.2</ele>
      </trkpt>
      <trkpt lat="43.064884" lon="-0.498202">
        <ele>1014.6</ele>
      </trkpt>
      <trkpt lat="43.064799" lon="-0.49821">
        <ele>1015.3</ele>
      </trkpt>
      <trkpt lat="43.064668" lon="-0.498261">
        <ele>1017.2</ele>
      </trkpt>
      <trkpt lat="43.064535" lon="-0.498396">
        <ele>1021.7</ele>
      </trkpt>
      <trkpt lat="43.064449" lon="-0.498491">
        <ele>1025.2</ele>
      </trkpt>
      <trkpt lat="43.064327" lon="-0.498604">
        <ele>1029.7</ele>
      </trkpt>
      <trkpt lat="43.064237" lon="-0.498654">
        <ele>1032.2</ele>
      </trkpt>
      <trkpt lat="43.06412" lon="-0.498693">
        <ele>1034.9</ele>
      </trkpt>
      <trkpt lat="43.063999" lon="-0.498696">
        <ele>1036.9</ele>
      </trkpt>
      <trkpt lat="43.063886" lon="-0.498636">
        <ele>1037.3</ele>
      </trkpt>
      <trkpt lat="43.063745" lon="-0.498503">
        <ele>1036.5</ele>
      </trkpt>
      <trkpt lat="43.06366" lon="-0.498376">
        <ele>1035.3</ele>
      </trkpt>
      <trkpt lat="43.063558" lon="-0.498219">
        <ele>1033.7</ele>
      </trkpt>
      <trkpt lat="43.063447" lon="-0.498048">
        <ele>1031.7</ele>
      </trkpt>
      <trkpt lat="43.063339" lon="-0.497901">
        <ele>1030.1</ele>
      </trkpt>
      <trkpt lat="43.063237" lon="-0.497759">
        <ele>1029.3</ele>
      </trkpt>
      <trkpt lat="43.06316" lon="-0.497638">
        <ele>1028.5</ele>
      </trkpt>
      <trkpt lat="43.063047" lon="-0.497554">
        <ele>1029.1</ele>
      </trkpt>
      <trkpt lat="43.062912" lon="-0.497401">
        <ele>1028.9</ele>
      </trkpt>
      <trkpt lat="43.062814" lon="-0.497262">
        <ele>1029.4</ele>
      </trkpt>
      <trkpt lat="43.062686" lon="-0.497128">
        <ele>1030.6</ele>
      </trkpt>
      <trkpt lat="43.062554" lon="-0.49704">
        <ele>1032.3</ele>
      </trkpt>
      <trkpt lat="43.062413" lon="-0.496987">
        <ele>1034.8</ele>
      </trkpt>
      <trkpt lat="43.062302" lon="-0.496938">
        <ele>1036.5</ele>
      </trkpt>
      <trkpt lat="43.062182" lon="-0.496813">
        <ele>1035.8</ele>
      </trkpt>
      <trkpt lat="43.062103" lon="-0.496708">
        <ele>1034.4</ele>
      </trkpt>
      <trkpt lat="43.062025" lon="-0.496624">
        <ele>1032.8</ele>
      </trkpt>
      <trkpt lat="43.061923" lon="-0.496515">
        <ele>1030.3</ele>
      </trkpt>
      <trkpt lat="43.061812" lon="-0.49646">
        <ele>1029.7</ele>
      </trkpt>
      <trkpt lat="43.061648" lon="-0.496405">
        <ele>1029.7</ele>
      </trkpt>
      <trkpt lat="43.061521" lon="-0.496377">
        <ele>1030.2</ele>
      </trkpt>
      <trkpt lat="43.061412" lon="-0.496374">
        <ele>1031.3</ele>
      </trkpt>
      <trkpt lat="43.061293" lon="-0.496399">
        <ele>1033.4</ele>
      </trkpt>
      <trkpt lat="43.061143" lon="-0.496377">
        <ele>1036.4</ele>
      </trkpt>
      <trkpt lat="43.061011" lon="-0.496319">
        <ele>1038.7</ele>
      </trkpt>
      <trkpt lat="43.060867" lon="-0.496231">
        <ele>1041</ele>
      </trkpt>
      <trkpt lat="43.060747" lon="-0.496184">
        <ele>1043.9</ele>
      </trkpt>
      <trkpt lat="43.060634" lon="-0.496177">
        <ele>1047.6</ele>
      </trkpt>
      <trkpt lat="43.060562" lon="-0.496139">
        <ele>1049.2</ele>
      </trkpt>
      <trkpt lat="43.06046" lon="-0.496024">
        <ele>1050.7</ele>
      </trkpt>
      <trkpt lat="43.060404" lon="-0.495844">
        <ele>1049.9</ele>
      </trkpt>
      <trkpt lat="43.060368" lon="-0.495665">
        <ele>1049.1</ele>
      </trkpt>
      <trkpt lat="43.060331" lon="-0.495517">
        <ele>1048.9</ele>
      </trkpt>
      <trkpt lat="43.060281" lon="-0.495344">
        <ele>1049</ele>
      </trkpt>
      <trkpt lat="43.060201" lon="-0.495122">
        <ele>1049.7</ele>
      </trkpt>
      <trkpt lat="43.060145" lon="-0.494912">
        <ele>1049</ele>
      </trkpt>
      <trkpt lat="43.060079" lon="-0.494721">
        <ele>1049</ele>
      </trkpt>
      <trkpt lat="43.060052" lon="-0.49455">
        <ele>1047</ele>
      </trkpt>
      <trkpt lat="43.060038" lon="-0.494365">
        <ele>1043.9</ele>
      </trkpt>
      <trkpt lat="43.060057" lon="-0.494194">
        <ele>1039.5</ele>
      </trkpt>
      <trkpt lat="43.060087" lon="-0.494027">
        <ele>1034.9</ele>
      </trkpt>
      <trkpt lat="43.060132" lon="-0.493905">
        <ele>1031</ele>
      </trkpt>
      <trkpt lat="43.060214" lon="-0.493667">
        <ele>1025.2</ele>
      </trkpt>
      <trkpt lat="43.060271" lon="-0.493531">
        <ele>1022.9</ele>
      </trkpt>
      <trkpt lat="43.060345" lon="-0.49339">
        <ele>1020.8</ele>
      </trkpt>
      <trkpt lat="43.060402" lon="-0.493291">
        <ele>1019.6</ele>
      </trkpt>
      <trkpt lat="43.060478" lon="-0.493143">
        <ele>1017.4</ele>
      </trkpt>
      <trkpt lat="43.06055" lon="-0.493011">
        <ele>1015.3</ele>
      </trkpt>
      <trkpt lat="43.060574" lon="-0.492886">
        <ele>1014.8</ele>
      </trkpt>
      <trkpt lat="43.060608" lon="-0.492695">
        <ele>1014.5</ele>
      </trkpt>
      <trkpt lat="43.060594" lon="-0.492518">
        <ele>1015.4</ele>
      </trkpt>
      <trkpt lat="43.060561" lon="-0.492296">
        <ele>1017.1</ele>
      </trkpt>
      <trkpt lat="43.060499" lon="-0.492015">
        <ele>1019.4</ele>
      </trkpt>
      <trkpt lat="43.060419" lon="-0.49179">
        <ele>1021.2</ele>
      </trkpt>
      <trkpt lat="43.060336" lon="-0.491566">
        <ele>1019.5</ele>
      </trkpt>
      <trkpt lat="43.060261" lon="-0.491371">
        <ele>1017.6</ele>
      </trkpt>
      <trkpt lat="43.060183" lon="-0.491152">
        <ele>1014.3</ele>
      </trkpt>
      <trkpt lat="43.060136" lon="-0.49097">
        <ele>1010.7</ele>
      </trkpt>
      <trkpt lat="43.060072" lon="-0.490814">
        <ele>1007.1</ele>
      </trkpt>
      <trkpt lat="43.059999" lon="-0.490779">
        <ele>1005.1</ele>
      </trkpt>
      <trkpt lat="43.059907" lon="-0.490778">
        <ele>1003.3</ele>
      </trkpt>
      <trkpt lat="43.059816" lon="-0.4909">
        <ele>1003.5</ele>
      </trkpt>
      <trkpt lat="43.059703" lon="-0.49112">
        <ele>1005</ele>
      </trkpt>
      <trkpt lat="43.059537" lon="-0.491336">
        <ele>1005</ele>
      </trkpt>
      <trkpt lat="43.059488" lon="-0.491486">
        <ele>1005.5</ele>
      </trkpt>
      <trkpt lat="43.059443" lon="-0.491823">
        <ele>1007.5</ele>
      </trkpt>
      <trkpt lat="43.059421" lon="-0.492065">
        <ele>1009.1</ele>
      </trkpt>
      <trkpt lat="43.059375" lon="-0.492511">
        <ele>1013.6</ele>
      </trkpt>
      <trkpt lat="43.059342" lon="-0.492713">
        <ele>1015.6</ele>
      </trkpt>
      <trkpt lat="43.059294" lon="-0.492938">
        <ele>1018.3</ele>
      </trkpt>
      <trkpt lat="43.05925" lon="-0.493093">
        <ele>1023.4</ele>
      </trkpt>
      <trkpt lat="43.059201" lon="-0.493217">
        <ele>1027.6</ele>
      </trkpt>
      <trkpt lat="43.059132" lon="-0.493307">
        <ele>1030.8</ele>
      </trkpt>
      <trkpt lat="43.059028" lon="-0.493413">
        <ele>1034.8</ele>
      </trkpt>
      <trkpt lat="43.058934" lon="-0.493462">
        <ele>1036.9</ele>
      </trkpt>
      <trkpt lat="43.05883" lon="-0.49347">
        <ele>1037.4</ele>
      </trkpt>
      <trkpt lat="43.058773" lon="-0.493453">
        <ele>1036.8</ele>
      </trkpt>
      <trkpt lat="43.058692" lon="-0.4934">
        <ele>1034.5</ele>
      </trkpt>
      <trkpt lat="43.058554" lon="-0.493281">
        <ele>1030</ele>
      </trkpt>
      <trkpt lat="43.05843" lon="-0.493146">
        <ele>1025.7</ele>
      </trkpt>
      <trkpt lat="43.058376" lon="-0.493053">
        <ele>1023</ele>
      </trkpt>
      <trkpt lat="43.058371" lon="-0.492942">
        <ele>1019.3</ele>
      </trkpt>
      <trkpt lat="43.058424" lon="-0.492748">
        <ele>1016.2</ele>
      </trkpt>
      <trkpt lat="43.058552" lon="-0.492569">
        <ele>1012.2</ele>
      </trkpt>
      <trkpt lat="43.058665" lon="-0.492428">
        <ele>1008.3</ele>
      </trkpt>
      <trkpt lat="43.058754" lon="-0.492316">
        <ele>1005.1</ele>
      </trkpt>
      <trkpt lat="43.058833" lon="-0.492128">
        <ele>1003.5</ele>
      </trkpt>
      <trkpt lat="43.058895" lon="-0.491888">
        <ele>1001.8</ele>
      </trkpt>
      <trkpt lat="43.058978" lon="-0.491579">
        <ele>1000</ele>
      </trkpt>
      <trkpt lat="43.059036" lon="-0.491368">
        <ele>998.8</ele>
      </trkpt>
      <trkpt lat="43.059076" lon="-0.491196">
        <ele>997.5</ele>
      </trkpt>
      <trkpt lat="43.059139" lon="-0.491043">
        <ele>995.9</ele>
      </trkpt>
      <trkpt lat="43.059244" lon="-0.490844">
        <ele>994.1</ele>
      </trkpt>
      <trkpt lat="43.059382" lon="-0.490678">
        <ele>993.1</ele>
      </trkpt>
      <trkpt lat="43.059452" lon="-0.490549">
        <ele>991.8</ele>
      </trkpt>
      <trkpt lat="43.059547" lon="-0.490284">
        <ele>987.5</ele>
      </trkpt>
      <trkpt lat="43.059624" lon="-0.490078">
        <ele>983.7</ele>
      </trkpt>
      <trkpt lat="43.059757" lon="-0.48978">
        <ele>979.4</ele>
      </trkpt>
      <trkpt lat="43.059854" lon="-0.489607">
        <ele>977.4</ele>
      </trkpt>
      <trkpt lat="43.059943" lon="-0.489411">
        <ele>974.5</ele>
      </trkpt>
      <trkpt lat="43.060048" lon="-0.489189">
        <ele>971.4</ele>
      </trkpt>
      <trkpt lat="43.060108" lon="-0.488981">
        <ele>967.6</ele>
      </trkpt>
      <trkpt lat="43.060168" lon="-0.488824">
        <ele>965.1</ele>
      </trkpt>
      <trkpt lat="43.060227" lon="-0.4886">
        <ele>961.1</ele>
      </trkpt>
      <trkpt lat="43.060304" lon="-0.48849">
        <ele>960</ele>
      </trkpt>
      <trkpt lat="43.060437" lon="-0.488367">
        <ele>958.8</ele>
      </trkpt>
      <trkpt lat="43.060485" lon="-0.488264">
        <ele>955.9</ele>
      </trkpt>
      <trkpt lat="43.060472" lon="-0.488196">
        <ele>954.3</ele>
      </trkpt>
      <trkpt lat="43.060387" lon="-0.488156">
        <ele>952.9</ele>
      </trkpt>
      <trkpt lat="43.060261" lon="-0.488238">
        <ele>953</ele>
      </trkpt>
      <trkpt lat="43.060098" lon="-0.488391">
        <ele>953.7</ele>
      </trkpt>
      <trkpt lat="43.059963" lon="-0.48853">
        <ele>954.2</ele>
      </trkpt>
      <trkpt lat="43.059834" lon="-0.488648">
        <ele>953.8</ele>
      </trkpt>
      <trkpt lat="43.059715" lon="-0.488779">
        <ele>953.7</ele>
      </trkpt>
      <trkpt lat="43.059595" lon="-0.488945">
        <ele>955.2</ele>
      </trkpt>
      <trkpt lat="43.05949" lon="-0.489075">
        <ele>960.1</ele>
      </trkpt>
      <trkpt lat="43.059388" lon="-0.489128">
        <ele>963.3</ele>
      </trkpt>
      <trkpt lat="43.059227" lon="-0.489218">
        <ele>968</ele>
      </trkpt>
      <trkpt lat="43.059137" lon="-0.489223">
        <ele>969.6</ele>
      </trkpt>
      <trkpt lat="43.059045" lon="-0.489175">
        <ele>970.6</ele>
      </trkpt>
      <trkpt lat="43.058959" lon="-0.489091">
        <ele>971.4</ele>
      </trkpt>
      <trkpt lat="43.058959" lon="-0.488995">
        <ele>970.4</ele>
      </trkpt>
      <trkpt lat="43.059008" lon="-0.488853">
        <ele>967.7</ele>
      </trkpt>
      <trkpt lat="43.059093" lon="-0.48869">
        <ele>963.7</ele>
      </trkpt>
      <trkpt lat="43.059154" lon="-0.488454">
        <ele>959.9</ele>
      </trkpt>
      <trkpt lat="43.059204" lon="-0.488236">
        <ele>956.3</ele>
      </trkpt>
      <trkpt lat="43.05926" lon="-0.488017">
        <ele>952</ele>
      </trkpt>
      <trkpt lat="43.059344" lon="-0.487721">
        <ele>946.5</ele>
      </trkpt>
      <trkpt lat="43.059481" lon="-0.487294">
        <ele>939</ele>
      </trkpt>
      <trkpt lat="43.059593" lon="-0.486909">
        <ele>933.1</ele>
      </trkpt>
      <trkpt lat="43.059721" lon="-0.486519">
        <ele>929.3</ele>
      </trkpt>
      <trkpt lat="43.059839" lon="-0.48613">
        <ele>924.4</ele>
      </trkpt>
      <trkpt lat="43.059949" lon="-0.485849">
        <ele>920.3</ele>
      </trkpt>
      <trkpt lat="43.060014" lon="-0.485655">
        <ele>917.6</ele>
      </trkpt>
      <trkpt lat="43.060056" lon="-0.485428">
        <ele>915.1</ele>
      </trkpt>
      <trkpt lat="43.060103" lon="-0.485167">
        <ele>912.2</ele>
      </trkpt>
      <trkpt lat="43.060184" lon="-0.484603">
        <ele>906.8</ele>
      </trkpt>
      <trkpt lat="43.060248" lon="-0.48418">
        <ele>903.1</ele>
      </trkpt>
      <trkpt lat="43.060314" lon="-0.483738">
        <ele>899.8</ele>
      </trkpt>
      <trkpt lat="43.060435" lon="-0.482924">
        <ele>894</ele>
      </trkpt>
      <trkpt lat="43.060517" lon="-0.482461">
        <ele>890.7</ele>
      </trkpt>
      <trkpt lat="43.060579" lon="-0.482028">
        <ele>888.1</ele>
      </trkpt>
      <trkpt lat="43.06063" lon="-0.481591">
        <ele>887.4</ele>
      </trkpt>
      <trkpt lat="43.060679" lon="-0.48115">
        <ele>886.5</ele>
      </trkpt>
      <trkpt lat="43.060704" lon="-0.480803">
        <ele>885.8</ele>
      </trkpt>
      <trkpt lat="43.060748" lon="-0.480405">
        <ele>885</ele>
      </trkpt>
      <trkpt lat="43.060804" lon="-0.4801">
        <ele>883.7</ele>
      </trkpt>
      <trkpt lat="43.060864" lon="-0.479841">
        <ele>882.6</ele>
      </trkpt>
      <trkpt lat="43.060944" lon="-0.479528">
        <ele>881.6</ele>
      </trkpt>
      <trkpt lat="43.061007" lon="-0.479199">
        <ele>881.4</ele>
      </trkpt>
      <trkpt lat="43.061069" lon="-0.478933">
        <ele>881.2</ele>
      </trkpt>
      <trkpt lat="43.061167" lon="-0.478618">
        <ele>880.5</ele>
      </trkpt>
      <trkpt lat="43.061245" lon="-0.478442">
        <ele>879.9</ele>
      </trkpt>
      <trkpt lat="43.061353" lon="-0.478246">
        <ele>879.2</ele>
      </trkpt>
      <trkpt lat="43.061441" lon="-0.478051">
        <ele>878.6</ele>
      </trkpt>
      <trkpt lat="43.06157" lon="-0.477744">
        <ele>878.4</ele>
      </trkpt>
      <trkpt lat="43.061691" lon="-0.477444">
        <ele>878.5</ele>
      </trkpt>
      <trkpt lat="43.061852" lon="-0.476932">
        <ele>878.9</ele>
      </trkpt>
      <trkpt lat="43.06197" lon="-0.476563">
        <ele>879.5</ele>
      </trkpt>
      <trkpt lat="43.062064" lon="-0.476216">
        <ele>879.9</ele>
      </trkpt>
      <trkpt lat="43.062148" lon="-0.475899">
        <ele>879.5</ele>
      </trkpt>
      <trkpt lat="43.062208" lon="-0.475667">
        <ele>879.1</ele>
      </trkpt>
      <trkpt lat="43.062327" lon="-0.47527">
        <ele>878.7</ele>
      </trkpt>
      <trkpt lat="43.062467" lon="-0.474852">
        <ele>878.5</ele>
      </trkpt>
      <trkpt lat="43.062551" lon="-0.474594">
        <ele>878.4</ele>
      </trkpt>
      <trkpt lat="43.062656" lon="-0.474317">
        <ele>878.3</ele>
      </trkpt>
      <trkpt lat="43.06275" lon="-0.474191">
        <ele>878.2</ele>
      </trkpt>
      <trkpt lat="43.062892" lon="-0.474115">
        <ele>878</ele>
      </trkpt>
      <trkpt lat="43.06302" lon="-0.474072">
        <ele>877.7</ele>
      </trkpt>
      <trkpt lat="43.063212" lon="-0.473994">
        <ele>877.1</ele>
      </trkpt>
      <trkpt lat="43.063381" lon="-0.473897">
        <ele>876.7</ele>
      </trkpt>
      <trkpt lat="43.063471" lon="-0.473771">
        <ele>876.6</ele>
      </trkpt>
      <trkpt lat="43.063558" lon="-0.473595">
        <ele>877</ele>
      </trkpt>
      <trkpt lat="43.063661" lon="-0.473378">
        <ele>877.5</ele>
      </trkpt>
      <trkpt lat="43.06375" lon="-0.473112">
        <ele>878.3</ele>
      </trkpt>
      <trkpt lat="43.063873" lon="-0.472749">
        <ele>878.4</ele>
      </trkpt>
      <trkpt lat="43.063974" lon="-0.47236">
        <ele>877.7</ele>
      </trkpt>
      <trkpt lat="43.064054" lon="-0.472062">
        <ele>877.3</ele>
      </trkpt>
      <trkpt lat="43.064117" lon="-0.471822">
        <ele>877.4</ele>
      </trkpt>
      <trkpt lat="43.064168" lon="-0.471634">
        <ele>877.5</ele>
      </trkpt>
      <trkpt lat="43.064216" lon="-0.471476">
        <ele>877.7</ele>
      </trkpt>
      <trkpt lat="43.064303" lon="-0.471325">
        <ele>877.9</ele>
      </trkpt>
      <trkpt lat="43.064406" lon="-0.471203">
        <ele>878</ele>
      </trkpt>
      <trkpt lat="43.064547" lon="-0.471055">
        <ele>878</ele>
      </trkpt>
      <trkpt lat="43.064713" lon="-0.4709">
        <ele>877.7</ele>
      </trkpt>
      <trkpt lat="43.064837" lon="-0.470765">
        <ele>877.4</ele>
      </trkpt>
      <trkpt lat="43.064959" lon="-0.470634">
        <ele>877.1</ele>
      </trkpt>
      <trkpt lat="43.065043" lon="-0.470518">
        <ele>876.9</ele>
      </trkpt>
      <trkpt lat="43.065068" lon="-0.470411">
        <ele>876.8</ele>
      </trkpt>
      <trkpt lat="43.06507" lon="-0.470305">
        <ele>876.8</ele>
      </trkpt>
      <trkpt lat="43.065066" lon="-0.47014">
        <ele>876.6</ele>
      </trkpt>
      <trkpt lat="43.065051" lon="-0.469986">
        <ele>876.6</ele>
      </trkpt>
      <trkpt lat="43.065058" lon="-0.469769">
        <ele>876.4</ele>
      </trkpt>
      <trkpt lat="43.065075" lon="-0.469573">
        <ele>876.2</ele>
      </trkpt>
      <trkpt lat="43.065112" lon="-0.469361">
        <ele>876.2</ele>
      </trkpt>
      <trkpt lat="43.065161" lon="-0.469146">
        <ele>876.1</ele>
      </trkpt>
      <trkpt lat="43.065217" lon="-0.468938">
        <ele>876.1</ele>
      </trkpt>
      <trkpt lat="43.065277" lon="-0.468662">
        <ele>876.7</ele>
      </trkpt>
      <trkpt lat="43.065329" lon="-0.468454">
        <ele>877.7</ele>
      </trkpt>
      <trkpt lat="43.065352" lon="-0.468195">
        <ele>879</ele>
      </trkpt>
      <trkpt lat="43.065372" lon="-0.467846">
        <ele>880.5</ele>
      </trkpt>
      <trkpt lat="43.065382" lon="-0.467458">
        <ele>881.5</ele>
      </trkpt>
      <trkpt lat="43.065389" lon="-0.467129">
        <ele>882.3</ele>
      </trkpt>
      <trkpt lat="43.065435" lon="-0.466473">
        <ele>882</ele>
      </trkpt>
      <trkpt lat="43.065453" lon="-0.466188">
        <ele>882.1</ele>
      </trkpt>
      <trkpt lat="43.065463" lon="-0.465924">
        <ele>882.2</ele>
      </trkpt>
      <trkpt lat="43.065453" lon="-0.46574">
        <ele>882.1</ele>
      </trkpt>
      <trkpt lat="43.06544" lon="-0.465547">
        <ele>882.1</ele>
      </trkpt>
      <trkpt lat="43.065414" lon="-0.465426">
        <ele>882</ele>
      </trkpt>
      <trkpt lat="43.065382" lon="-0.465283">
        <ele>882</ele>
      </trkpt>
      <trkpt lat="43.065348" lon="-0.465077">
        <ele>881.7</ele>
      </trkpt>
      <trkpt lat="43.065334" lon="-0.464899">
        <ele>881.3</ele>
      </trkpt>
      <trkpt lat="43.065342" lon="-0.464697">
        <ele>880.8</ele>
      </trkpt>
      <trkpt lat="43.06536" lon="-0.464424">
        <ele>878.3</ele>
      </trkpt>
      <trkpt lat="43.065355" lon="-0.464224">
        <ele>875.3</ele>
      </trkpt>
      <trkpt lat="43.065352" lon="-0.464078">
        <ele>873.1</ele>
      </trkpt>
      <trkpt lat="43.065411" lon="-0.463896">
        <ele>871</ele>
      </trkpt>
      <trkpt lat="43.065478" lon="-0.463747">
        <ele>870.1</ele>
      </trkpt>
      <trkpt lat="43.065552" lon="-0.463473">
        <ele>867</ele>
      </trkpt>
      <trkpt lat="43.065635" lon="-0.463193">
        <ele>864.7</ele>
      </trkpt>
      <trkpt lat="43.065742" lon="-0.462919">
        <ele>863.8</ele>
      </trkpt>
      <trkpt lat="43.06585" lon="-0.462648">
        <ele>863.8</ele>
      </trkpt>
      <trkpt lat="43.065947" lon="-0.46241">
        <ele>863.7</ele>
      </trkpt>
      <trkpt lat="43.066034" lon="-0.462151">
        <ele>862.9</ele>
      </trkpt>
      <trkpt lat="43.066111" lon="-0.46194">
        <ele>862.8</ele>
      </trkpt>
      <trkpt lat="43.066198" lon="-0.461656">
        <ele>862.2</ele>
      </trkpt>
      <trkpt lat="43.06627" lon="-0.461493">
        <ele>862.3</ele>
      </trkpt>
      <trkpt lat="43.066321" lon="-0.461342">
        <ele>862.3</ele>
      </trkpt>
      <trkpt lat="43.066333" lon="-0.461183">
        <ele>861.4</ele>
      </trkpt>
      <trkpt lat="43.066318" lon="-0.460897">
        <ele>859.5</ele>
      </trkpt>
      <trkpt lat="43.066311" lon="-0.4606">
        <ele>857.8</ele>
      </trkpt>
      <trkpt lat="43.066297" lon="-0.460327">
        <ele>856.4</ele>
      </trkpt>
      <trkpt lat="43.066289" lon="-0.460123">
        <ele>855.9</ele>
      </trkpt>
      <trkpt lat="43.066261" lon="-0.460011">
        <ele>854.9</ele>
      </trkpt>
      <trkpt lat="43.066199" lon="-0.459879">
        <ele>853.7</ele>
      </trkpt>
      <trkpt lat="43.066098" lon="-0.459781">
        <ele>852.5</ele>
      </trkpt>
      <trkpt lat="43.065962" lon="-0.459708">
        <ele>850.9</ele>
      </trkpt>
      <trkpt lat="43.065801" lon="-0.459583">
        <ele>849.2</ele>
      </trkpt>
      <trkpt lat="43.065698" lon="-0.459468">
        <ele>848.5</ele>
      </trkpt>
      <trkpt lat="43.065625" lon="-0.459356">
        <ele>847.9</ele>
      </trkpt>
      <trkpt lat="43.065574" lon="-0.459219">
        <ele>847.6</ele>
      </trkpt>
      <trkpt lat="43.065537" lon="-0.45908">
        <ele>847.4</ele>
      </trkpt>
      <trkpt lat="43.065474" lon="-0.458958">
        <ele>846.7</ele>
      </trkpt>
      <trkpt lat="43.065363" lon="-0.458838">
        <ele>845.3</ele>
      </trkpt>
      <trkpt lat="43.065178" lon="-0.458762">
        <ele>843.4</ele>
      </trkpt>
      <trkpt lat="43.065023" lon="-0.458659">
        <ele>842.2</ele>
      </trkpt>
      <trkpt lat="43.064905" lon="-0.458543">
        <ele>841.5</ele>
      </trkpt>
      <trkpt lat="43.064749" lon="-0.458399">
        <ele>840.3</ele>
      </trkpt>
      <trkpt lat="43.064618" lon="-0.458299">
        <ele>839.1</ele>
      </trkpt>
      <trkpt lat="43.064363" lon="-0.458164">
        <ele>838.3</ele>
      </trkpt>
      <trkpt lat="43.064262" lon="-0.45815">
        <ele>837.9</ele>
      </trkpt>
      <trkpt lat="43.064116" lon="-0.458132">
        <ele>837.4</ele>
      </trkpt>
      <trkpt lat="43.063945" lon="-0.458091">
        <ele>836.8</ele>
      </trkpt>
      <trkpt lat="43.063777" lon="-0.458015">
        <ele>836.1</ele>
      </trkpt>
      <trkpt lat="43.063667" lon="-0.457917">
        <ele>836.7</ele>
      </trkpt>
      <trkpt lat="43.063571" lon="-0.457839">
        <ele>837.3</ele>
      </trkpt>
      <trkpt lat="43.063496" lon="-0.45777">
        <ele>837.5</ele>
      </trkpt>
      <trkpt lat="43.063406" lon="-0.457742">
        <ele>837.9</ele>
      </trkpt>
      <trkpt lat="43.063313" lon="-0.457754">
        <ele>838.5</ele>
      </trkpt>
      <trkpt lat="43.063206" lon="-0.457803">
        <ele>839.6</ele>
      </trkpt>
      <trkpt lat="43.063086" lon="-0.457859">
        <ele>841</ele>
      </trkpt>
      <trkpt lat="43.062931" lon="-0.457872">
        <ele>842.3</ele>
      </trkpt>
      <trkpt lat="43.062813" lon="-0.457844">
        <ele>842</ele>
      </trkpt>
      <trkpt lat="43.062677" lon="-0.457751">
        <ele>840.8</ele>
      </trkpt>
      <trkpt lat="43.062545" lon="-0.457665">
        <ele>839.5</ele>
      </trkpt>
      <trkpt lat="43.062436" lon="-0.457625">
        <ele>839</ele>
      </trkpt>
      <trkpt lat="43.062277" lon="-0.457608">
        <ele>838.6</ele>
      </trkpt>
      <trkpt lat="43.062212" lon="-0.457603">
        <ele>838.5</ele>
      </trkpt>
      <trkpt lat="43.062117" lon="-0.457606">
        <ele>838.6</ele>
      </trkpt>
      <trkpt lat="43.062009" lon="-0.457598">
        <ele>838.5</ele>
      </trkpt>
      <trkpt lat="43.061905" lon="-0.457565">
        <ele>838.3</ele>
      </trkpt>
      <trkpt lat="43.061757" lon="-0.457454">
        <ele>837.6</ele>
      </trkpt>
      <trkpt lat="43.061652" lon="-0.457363">
        <ele>837.3</ele>
      </trkpt>
      <trkpt lat="43.061574" lon="-0.457273">
        <ele>837.1</ele>
      </trkpt>
      <trkpt lat="43.061533" lon="-0.457177">
        <ele>836.8</ele>
      </trkpt>
      <trkpt lat="43.061518" lon="-0.457081">
        <ele>836.4</ele>
      </trkpt>
      <trkpt lat="43.061538" lon="-0.457">
        <ele>835.7</ele>
      </trkpt>
      <trkpt lat="43.061621" lon="-0.456908">
        <ele>834.2</ele>
      </trkpt>
      <trkpt lat="43.061773" lon="-0.456784">
        <ele>831.7</ele>
      </trkpt>
      <trkpt lat="43.061871" lon="-0.45671">
        <ele>830.1</ele>
      </trkpt>
      <trkpt lat="43.061974" lon="-0.456622">
        <ele>828.3</ele>
      </trkpt>
      <trkpt lat="43.062054" lon="-0.45653">
        <ele>826.7</ele>
      </trkpt>
      <trkpt lat="43.062119" lon="-0.456392">
        <ele>825.1</ele>
      </trkpt>
      <trkpt lat="43.062166" lon="-0.456251">
        <ele>823.7</ele>
      </trkpt>
      <trkpt lat="43.062185" lon="-0.456111">
        <ele>822</ele>
      </trkpt>
      <trkpt lat="43.062172" lon="-0.455993">
        <ele>820.6</ele>
      </trkpt>
      <trkpt lat="43.062122" lon="-0.455901">
        <ele>819.7</ele>
      </trkpt>
      <trkpt lat="43.062038" lon="-0.455783">
        <ele>818.5</ele>
      </trkpt>
      <trkpt lat="43.06194" lon="-0.455729">
        <ele>818.1</ele>
      </trkpt>
      <trkpt lat="43.061845" lon="-0.455709">
        <ele>818</ele>
      </trkpt>
      <trkpt lat="43.061702" lon="-0.455696">
        <ele>818</ele>
      </trkpt>
      <trkpt lat="43.061539" lon="-0.455666">
        <ele>817.6</ele>
      </trkpt>
      <trkpt lat="43.061154" lon="-0.455626">
        <ele>816.6</ele>
      </trkpt>
      <trkpt lat="43.061009" lon="-0.455606">
        <ele>815.6</ele>
      </trkpt>
      <trkpt lat="43.060697" lon="-0.455546">
        <ele>813</ele>
      </trkpt>
      <trkpt lat="43.060543" lon="-0.455473">
        <ele>810.2</ele>
      </trkpt>
      <trkpt lat="43.060378" lon="-0.455404">
        <ele>807.4</ele>
      </trkpt>
      <trkpt lat="43.06022" lon="-0.455322">
        <ele>804.1</ele>
      </trkpt>
      <trkpt lat="43.059966" lon="-0.455197">
        <ele>799.1</ele>
      </trkpt>
      <trkpt lat="43.059739" lon="-0.455103">
        <ele>795.5</ele>
      </trkpt>
      <trkpt lat="43.059622" lon="-0.455045">
        <ele>793.4</ele>
      </trkpt>
      <trkpt lat="43.059315" lon="-0.454962">
        <ele>785</ele>
      </trkpt>
      <trkpt lat="43.059196" lon="-0.454913">
        <ele>781.1</ele>
      </trkpt>
      <trkpt lat="43.059078" lon="-0.454855">
        <ele>777.4</ele>
      </trkpt>
      <trkpt lat="43.058962" lon="-0.454795">
        <ele>773.8</ele>
      </trkpt>
      <trkpt lat="43.058871" lon="-0.454755">
        <ele>771.2</ele>
      </trkpt>
      <trkpt lat="43.058774" lon="-0.454752">
        <ele>769.3</ele>
      </trkpt>
      <trkpt lat="43.058673" lon="-0.454752">
        <ele>767.6</ele>
      </trkpt>
      <trkpt lat="43.058595" lon="-0.454699">
        <ele>765.4</ele>
      </trkpt>
      <trkpt lat="43.058557" lon="-0.454577">
        <ele>762.7</ele>
      </trkpt>
      <trkpt lat="43.058561" lon="-0.454463">
        <ele>761.4</ele>
      </trkpt>
      <trkpt lat="43.058636" lon="-0.454357">
        <ele>761.4</ele>
      </trkpt>
      <trkpt lat="43.05881" lon="-0.454254">
        <ele>762.8</ele>
      </trkpt>
      <trkpt lat="43.059005" lon="-0.454259">
        <ele>765.3</ele>
      </trkpt>
      <trkpt lat="43.059173" lon="-0.454278">
        <ele>767.8</ele>
      </trkpt>
      <trkpt lat="43.05935" lon="-0.454317">
        <ele>770.8</ele>
      </trkpt>
      <trkpt lat="43.059515" lon="-0.454317">
        <ele>773</ele>
      </trkpt>
      <trkpt lat="43.059646" lon="-0.454268">
        <ele>772.9</ele>
      </trkpt>
      <trkpt lat="43.059762" lon="-0.454209">
        <ele>771.8</ele>
      </trkpt>
      <trkpt lat="43.059838" lon="-0.454124">
        <ele>770</ele>
      </trkpt>
      <trkpt lat="43.059889" lon="-0.454006">
        <ele>767.5</ele>
      </trkpt>
      <trkpt lat="43.059976" lon="-0.453833">
        <ele>763.8</ele>
      </trkpt>
      <trkpt lat="43.060051" lon="-0.453671">
        <ele>760.5</ele>
      </trkpt>
      <trkpt lat="43.060169" lon="-0.453547">
        <ele>758.4</ele>
      </trkpt>
      <trkpt lat="43.060338" lon="-0.453459">
        <ele>757.2</ele>
      </trkpt>
      <trkpt lat="43.060509" lon="-0.453379">
        <ele>756.3</ele>
      </trkpt>
      <trkpt lat="43.060681" lon="-0.4533">
        <ele>755.4</ele>
      </trkpt>
      <trkpt lat="43.060822" lon="-0.453224">
        <ele>754.4</ele>
      </trkpt>
      <trkpt lat="43.060992" lon="-0.453115">
        <ele>752.7</ele>
      </trkpt>
      <trkpt lat="43.061136" lon="-0.452993">
        <ele>750.4</ele>
      </trkpt>
      <trkpt lat="43.061292" lon="-0.452873">
        <ele>748.3</ele>
      </trkpt>
      <trkpt lat="43.061446" lon="-0.452744">
        <ele>746.2</ele>
      </trkpt>
      <trkpt lat="43.061614" lon="-0.452636">
        <ele>744.7</ele>
      </trkpt>
      <trkpt lat="43.061769" lon="-0.45253">
        <ele>743.3</ele>
      </trkpt>
      <trkpt lat="43.061916" lon="-0.45241">
        <ele>741.6</ele>
      </trkpt>
      <trkpt lat="43.06201" lon="-0.45231">
        <ele>740</ele>
      </trkpt>
      <trkpt lat="43.062167" lon="-0.452094">
        <ele>737.1</ele>
      </trkpt>
      <trkpt lat="43.062262" lon="-0.451914">
        <ele>734.5</ele>
      </trkpt>
      <trkpt lat="43.062377" lon="-0.451664">
        <ele>730.8</ele>
      </trkpt>
      <trkpt lat="43.062461" lon="-0.451503">
        <ele>728.6</ele>
      </trkpt>
      <trkpt lat="43.062583" lon="-0.451263">
        <ele>725.3</ele>
      </trkpt>
      <trkpt lat="43.062686" lon="-0.451052">
        <ele>723.3</ele>
      </trkpt>
      <trkpt lat="43.062798" lon="-0.450835">
        <ele>721.7</ele>
      </trkpt>
      <trkpt lat="43.062876" lon="-0.450653">
        <ele>720.5</ele>
      </trkpt>
      <trkpt lat="43.062916" lon="-0.450506">
        <ele>719.2</ele>
      </trkpt>
      <trkpt lat="43.062934" lon="-0.450265">
        <ele>716.8</ele>
      </trkpt>
      <trkpt lat="43.062955" lon="-0.450028">
        <ele>714.8</ele>
      </trkpt>
      <trkpt lat="43.062984" lon="-0.449762">
        <ele>712.8</ele>
      </trkpt>
      <trkpt lat="43.063" lon="-0.449472">
        <ele>710.7</ele>
      </trkpt>
      <trkpt lat="43.063012" lon="-0.449277">
        <ele>709.7</ele>
      </trkpt>
      <trkpt lat="43.062982" lon="-0.449088">
        <ele>707.5</ele>
      </trkpt>
      <trkpt lat="43.062955" lon="-0.448661">
        <ele>703.5</ele>
      </trkpt>
      <trkpt lat="43.062954" lon="-0.448411">
        <ele>701.2</ele>
      </trkpt>
      <trkpt lat="43.062941" lon="-0.448133">
        <ele>698.1</ele>
      </trkpt>
      <trkpt lat="43.062925" lon="-0.44792">
        <ele>695.4</ele>
      </trkpt>
      <trkpt lat="43.062878" lon="-0.447746">
        <ele>692.9</ele>
      </trkpt>
      <trkpt lat="43.062822" lon="-0.447536">
        <ele>690.1</ele>
      </trkpt>
      <trkpt lat="43.062785" lon="-0.447367">
        <ele>688</ele>
      </trkpt>
      <trkpt lat="43.062751" lon="-0.447138">
        <ele>685.6</ele>
      </trkpt>
      <trkpt lat="43.062689" lon="-0.446803">
        <ele>684.4</ele>
      </trkpt>
      <trkpt lat="43.062651" lon="-0.446557">
        <ele>683.9</ele>
      </trkpt>
      <trkpt lat="43.062614" lon="-0.446319">
        <ele>683.2</ele>
      </trkpt>
      <trkpt lat="43.062591" lon="-0.446158">
        <ele>682</ele>
      </trkpt>
      <trkpt lat="43.062573" lon="-0.445929">
        <ele>680.2</ele>
      </trkpt>
      <trkpt lat="43.062576" lon="-0.445725">
        <ele>679.3</ele>
      </trkpt>
      <trkpt lat="43.062594" lon="-0.445445">
        <ele>678.6</ele>
      </trkpt>
      <trkpt lat="43.062599" lon="-0.445231">
        <ele>677.5</ele>
      </trkpt>
      <trkpt lat="43.062606" lon="-0.445023">
        <ele>676.5</ele>
      </trkpt>
      <trkpt lat="43.062624" lon="-0.444762">
        <ele>675.5</ele>
      </trkpt>
      <trkpt lat="43.062646" lon="-0.444376">
        <ele>673.2</ele>
      </trkpt>
      <trkpt lat="43.062637" lon="-0.444123">
        <ele>670.3</ele>
      </trkpt>
      <trkpt lat="43.062627" lon="-0.443931">
        <ele>668</ele>
      </trkpt>
      <trkpt lat="43.062616" lon="-0.443676">
        <ele>665</ele>
      </trkpt>
      <trkpt lat="43.06261" lon="-0.44341">
        <ele>662.1</ele>
      </trkpt>
      <trkpt lat="43.062601" lon="-0.443172">
        <ele>659.3</ele>
      </trkpt>
      <trkpt lat="43.062605" lon="-0.442782">
        <ele>656.5</ele>
      </trkpt>
      <trkpt lat="43.062608" lon="-0.442491">
        <ele>655.8</ele>
      </trkpt>
      <trkpt lat="43.062609" lon="-0.442155">
        <ele>654.9</ele>
      </trkpt>
      <trkpt lat="43.062605" lon="-0.441869">
        <ele>652.9</ele>
      </trkpt>
      <trkpt lat="43.062594" lon="-0.441611">
        <ele>650.4</ele>
      </trkpt>
      <trkpt lat="43.062579" lon="-0.441412">
        <ele>648.3</ele>
      </trkpt>
      <trkpt lat="43.062555" lon="-0.441238">
        <ele>645.9</ele>
      </trkpt>
      <trkpt lat="43.062538" lon="-0.441041">
        <ele>644.1</ele>
      </trkpt>
      <trkpt lat="43.062569" lon="-0.440882">
        <ele>644.7</ele>
      </trkpt>
      <trkpt lat="43.062621" lon="-0.440701">
        <ele>645.9</ele>
      </trkpt>
      <trkpt lat="43.062648" lon="-0.440592">
        <ele>646.4</ele>
      </trkpt>
      <trkpt lat="43.062638" lon="-0.440464">
        <ele>645.2</ele>
      </trkpt>
      <trkpt lat="43.062577" lon="-0.440387">
        <ele>642.2</ele>
      </trkpt>
      <trkpt lat="43.06249" lon="-0.440347">
        <ele>638.4</ele>
      </trkpt>
      <trkpt lat="43.062414" lon="-0.440384">
        <ele>635.7</ele>
      </trkpt>
      <trkpt lat="43.062347" lon="-0.440463">
        <ele>633.6</ele>
      </trkpt>
      <trkpt lat="43.062323" lon="-0.440617">
        <ele>633.3</ele>
      </trkpt>
      <trkpt lat="43.062341" lon="-0.440835">
        <ele>634.8</ele>
      </trkpt>
      <trkpt lat="43.062342" lon="-0.441024">
        <ele>635.6</ele>
      </trkpt>
      <trkpt lat="43.062315" lon="-0.441209">
        <ele>635.1</ele>
      </trkpt>
      <trkpt lat="43.062253" lon="-0.441447">
        <ele>634.1</ele>
      </trkpt>
      <trkpt lat="43.062173" lon="-0.441703">
        <ele>632.7</ele>
      </trkpt>
      <trkpt lat="43.06207" lon="-0.442067">
        <ele>631.5</ele>
      </trkpt>
      <trkpt lat="43.061878" lon="-0.442797">
        <ele>629.1</ele>
      </trkpt>
      <trkpt lat="43.061787" lon="-0.443132">
        <ele>629.4</ele>
      </trkpt>
      <trkpt lat="43.061714" lon="-0.443353">
        <ele>629.7</ele>
      </trkpt>
      <trkpt lat="43.061569" lon="-0.443657">
        <ele>628.9</ele>
      </trkpt>
      <trkpt lat="43.061444" lon="-0.443897">
        <ele>627.8</ele>
      </trkpt>
      <trkpt lat="43.061303" lon="-0.44411">
        <ele>626</ele>
      </trkpt>
      <trkpt lat="43.061137" lon="-0.444321">
        <ele>624</ele>
      </trkpt>
      <trkpt lat="43.06099" lon="-0.444558">
        <ele>623.1</ele>
      </trkpt>
      <trkpt lat="43.060921" lon="-0.444736">
        <ele>623.3</ele>
      </trkpt>
      <trkpt lat="43.060863" lon="-0.444904">
        <ele>623.8</ele>
      </trkpt>
      <trkpt lat="43.060797" lon="-0.445039">
        <ele>624</ele>
      </trkpt>
      <trkpt lat="43.060745" lon="-0.4451">
        <ele>623.8</ele>
      </trkpt>
      <trkpt lat="43.060671" lon="-0.445098">
        <ele>622.6</ele>
      </trkpt>
      <trkpt lat="43.060615" lon="-0.445041">
        <ele>621</ele>
      </trkpt>
      <trkpt lat="43.060608" lon="-0.444905">
        <ele>619.2</ele>
      </trkpt>
      <trkpt lat="43.060641" lon="-0.444704">
        <ele>617.3</ele>
      </trkpt>
      <trkpt lat="43.06064" lon="-0.444511">
        <ele>615</ele>
      </trkpt>
      <trkpt lat="43.060615" lon="-0.444294">
        <ele>612</ele>
      </trkpt>
      <trkpt lat="43.060602" lon="-0.444059">
        <ele>609</ele>
      </trkpt>
      <trkpt lat="43.060607" lon="-0.443808">
        <ele>606.2</ele>
      </trkpt>
      <trkpt lat="43.060637" lon="-0.443592">
        <ele>604.6</ele>
      </trkpt>
      <trkpt lat="43.060598" lon="-0.443399">
        <ele>601.7</ele>
      </trkpt>
      <trkpt lat="43.060547" lon="-0.44327">
        <ele>599</ele>
      </trkpt>
      <trkpt lat="43.060488" lon="-0.443022">
        <ele>594.9</ele>
      </trkpt>
      <trkpt lat="43.060459" lon="-0.442799">
        <ele>592.6</ele>
      </trkpt>
      <trkpt lat="43.060486" lon="-0.44257">
        <ele>592.5</ele>
      </trkpt>
      <trkpt lat="43.060522" lon="-0.442365">
        <ele>592.6</ele>
      </trkpt>
      <trkpt lat="43.060548" lon="-0.442191">
        <ele>592.6</ele>
      </trkpt>
      <trkpt lat="43.060547" lon="-0.441974">
        <ele>590.9</ele>
      </trkpt>
      <trkpt lat="43.060531" lon="-0.441738">
        <ele>588</ele>
      </trkpt>
      <trkpt lat="43.060552" lon="-0.441525">
        <ele>586.1</ele>
      </trkpt>
      <trkpt lat="43.060565" lon="-0.441368">
        <ele>584.7</ele>
      </trkpt>
      <trkpt lat="43.060551" lon="-0.441168">
        <ele>582.3</ele>
      </trkpt>
      <trkpt lat="43.060494" lon="-0.440841">
        <ele>577.9</ele>
      </trkpt>
      <trkpt lat="43.060444" lon="-0.440632">
        <ele>574.7</ele>
      </trkpt>
      <trkpt lat="43.060387" lon="-0.440392">
        <ele>571.2</ele>
      </trkpt>
      <trkpt lat="43.060365" lon="-0.440202">
        <ele>569.4</ele>
      </trkpt>
      <trkpt lat="43.060376" lon="-0.440039">
        <ele>568.4</ele>
      </trkpt>
      <trkpt lat="43.060389" lon="-0.439755">
        <ele>566.7</ele>
      </trkpt>
      <trkpt lat="43.060417" lon="-0.439574">
        <ele>566</ele>
      </trkpt>
      <trkpt lat="43.060459" lon="-0.439372">
        <ele>566.8</ele>
      </trkpt>
      <trkpt lat="43.060539" lon="-0.439216">
        <ele>568.4</ele>
      </trkpt>
      <trkpt lat="43.06064" lon="-0.439068">
        <ele>570.2</ele>
      </trkpt>
      <trkpt lat="43.060789" lon="-0.438907">
        <ele>572.6</ele>
      </trkpt>
      <trkpt lat="43.060954" lon="-0.438736">
        <ele>574.4</ele>
      </trkpt>
      <trkpt lat="43.061066" lon="-0.438635">
        <ele>574.2</ele>
      </trkpt>
      <trkpt lat="43.061182" lon="-0.438502">
        <ele>573.2</ele>
      </trkpt>
      <trkpt lat="43.061265" lon="-0.438397">
        <ele>572.3</ele>
      </trkpt>
      <trkpt lat="43.061353" lon="-0.438273">
        <ele>571.3</ele>
      </trkpt>
      <trkpt lat="43.061437" lon="-0.438147">
        <ele>570</ele>
      </trkpt>
      <trkpt lat="43.061547" lon="-0.438004">
        <ele>568.8</ele>
      </trkpt>
      <trkpt lat="43.061623" lon="-0.437929">
        <ele>568.5</ele>
      </trkpt>
      <trkpt lat="43.061712" lon="-0.437819">
        <ele>568</ele>
      </trkpt>
      <trkpt lat="43.061725" lon="-0.437726">
        <ele>566.4</ele>
      </trkpt>
      <trkpt lat="43.061705" lon="-0.437619">
        <ele>564</ele>
      </trkpt>
      <trkpt lat="43.061654" lon="-0.43757">
        <ele>562.1</ele>
      </trkpt>
      <trkpt lat="43.061572" lon="-0.437553">
        <ele>560.3</ele>
      </trkpt>
      <trkpt lat="43.061462" lon="-0.437625">
        <ele>559.6</ele>
      </trkpt>
      <trkpt lat="43.061303" lon="-0.437774">
        <ele>559.4</ele>
      </trkpt>
      <trkpt lat="43.061178" lon="-0.437849">
        <ele>558.7</ele>
      </trkpt>
      <trkpt lat="43.061031" lon="-0.437898">
        <ele>557.5</ele>
      </trkpt>
      <trkpt lat="43.060882" lon="-0.437923">
        <ele>555.8</ele>
      </trkpt>
      <trkpt lat="43.060792" lon="-0.437926">
        <ele>554.6</ele>
      </trkpt>
      <trkpt lat="43.060251" lon="-0.437955">
        <ele>545.9</ele>
      </trkpt>
      <trkpt lat="43.060034" lon="-0.437991">
        <ele>541.5</ele>
      </trkpt>
      <trkpt lat="43.059836" lon="-0.438031">
        <ele>537.6</ele>
      </trkpt>
      <trkpt lat="43.059658" lon="-0.438062">
        <ele>533.9</ele>
      </trkpt>
      <trkpt lat="43.059518" lon="-0.438084">
        <ele>530.6</ele>
      </trkpt>
      <trkpt lat="43.059392" lon="-0.438111">
        <ele>527.4</ele>
      </trkpt>
      <trkpt lat="43.059252" lon="-0.438153">
        <ele>523.9</ele>
      </trkpt>
      <trkpt lat="43.059146" lon="-0.438214">
        <ele>521.4</ele>
      </trkpt>
      <trkpt lat="43.05904" lon="-0.438308">
        <ele>519.2</ele>
      </trkpt>
      <trkpt lat="43.058954" lon="-0.438464">
        <ele>517.8</ele>
      </trkpt>
      <trkpt lat="43.058866" lon="-0.43865">
        <ele>516.3</ele>
      </trkpt>
      <trkpt lat="43.058775" lon="-0.438854">
        <ele>515.2</ele>
      </trkpt>
      <trkpt lat="43.058696" lon="-0.439012">
        <ele>515.5</ele>
      </trkpt>
      <trkpt lat="43.058604" lon="-0.439147">
        <ele>515.6</ele>
      </trkpt>
      <trkpt lat="43.05851" lon="-0.439294">
        <ele>515.9</ele>
      </trkpt>
      <trkpt lat="43.058412" lon="-0.439411">
        <ele>515.6</ele>
      </trkpt>
      <trkpt lat="43.05833" lon="-0.439507">
        <ele>515.4</ele>
      </trkpt>
      <trkpt lat="43.05823" lon="-0.439616">
        <ele>515.3</ele>
      </trkpt>
      <trkpt lat="43.058128" lon="-0.439754">
        <ele>516.3</ele>
      </trkpt>
      <trkpt lat="43.058006" lon="-0.439854">
        <ele>516.5</ele>
      </trkpt>
      <trkpt lat="43.057878" lon="-0.439919">
        <ele>515.9</ele>
      </trkpt>
      <trkpt lat="43.057788" lon="-0.439919">
        <ele>514.1</ele>
      </trkpt>
      <trkpt lat="43.057704" lon="-0.439882">
        <ele>511.7</ele>
      </trkpt>
      <trkpt lat="43.057624" lon="-0.439803">
        <ele>508.7</ele>
      </trkpt>
      <trkpt lat="43.057565" lon="-0.439676">
        <ele>505.5</ele>
      </trkpt>
      <trkpt lat="43.057519" lon="-0.439516">
        <ele>502.7</ele>
      </trkpt>
      <trkpt lat="43.05748" lon="-0.439251">
        <ele>500.2</ele>
      </trkpt>
      <trkpt lat="43.057463" lon="-0.439026">
        <ele>498.4</ele>
      </trkpt>
      <trkpt lat="43.057442" lon="-0.4388">
        <ele>496.6</ele>
      </trkpt>
      <trkpt lat="43.057403" lon="-0.438624">
        <ele>495.1</ele>
      </trkpt>
      <trkpt lat="43.057344" lon="-0.438353">
        <ele>492.6</ele>
      </trkpt>
      <trkpt lat="43.057293" lon="-0.438036">
        <ele>489.5</ele>
      </trkpt>
      <trkpt lat="43.057251" lon="-0.437834">
        <ele>487.6</ele>
      </trkpt>
      <trkpt lat="43.057223" lon="-0.437637">
        <ele>485.8</ele>
      </trkpt>
      <trkpt lat="43.057211" lon="-0.437471">
        <ele>484.4</ele>
      </trkpt>
      <trkpt lat="43.057199" lon="-0.437283">
        <ele>482.8</ele>
      </trkpt>
      <trkpt lat="43.057216" lon="-0.437086">
        <ele>481.5</ele>
      </trkpt>
      <trkpt lat="43.057254" lon="-0.436901">
        <ele>481.8</ele>
      </trkpt>
      <trkpt lat="43.057318" lon="-0.436686">
        <ele>482.8</ele>
      </trkpt>
      <trkpt lat="43.057394" lon="-0.436476">
        <ele>484.3</ele>
      </trkpt>
      <trkpt lat="43.057505" lon="-0.436206">
        <ele>486.5</ele>
      </trkpt>
      <trkpt lat="43.057614" lon="-0.435989">
        <ele>485.6</ele>
      </trkpt>
      <trkpt lat="43.057724" lon="-0.435729">
        <ele>483.3</ele>
      </trkpt>
      <trkpt lat="43.057811" lon="-0.435522">
        <ele>480.9</ele>
      </trkpt>
      <trkpt lat="43.057899" lon="-0.435252">
        <ele>477.5</ele>
      </trkpt>
      <trkpt lat="43.057964" lon="-0.434987">
        <ele>473.9</ele>
      </trkpt>
      <trkpt lat="43.057995" lon="-0.434757">
        <ele>470.5</ele>
      </trkpt>
      <trkpt lat="43.058015" lon="-0.434514">
        <ele>467.5</ele>
      </trkpt>
      <trkpt lat="43.058029" lon="-0.434173">
        <ele>465.5</ele>
      </trkpt>
      <trkpt lat="43.058062" lon="-0.433882">
        <ele>463.9</ele>
      </trkpt>
      <trkpt lat="43.058067" lon="-0.433728">
        <ele>463.1</ele>
      </trkpt>
      <trkpt lat="43.058092" lon="-0.433495">
        <ele>462.5</ele>
      </trkpt>
      <trkpt lat="43.058107" lon="-0.433218">
        <ele>461.7</ele>
      </trkpt>
      <trkpt lat="43.058114" lon="-0.432862">
        <ele>460.6</ele>
      </trkpt>
      <trkpt lat="43.058123" lon="-0.432509">
        <ele>459.4</ele>
      </trkpt>
      <trkpt lat="43.058119" lon="-0.432265">
        <ele>458.6</ele>
      </trkpt>
      <trkpt lat="43.0581" lon="-0.431975">
        <ele>457.7</ele>
      </trkpt>
      <trkpt lat="43.058081" lon="-0.431721">
        <ele>457</ele>
      </trkpt>
      <trkpt lat="43.058071" lon="-0.431461">
        <ele>456.4</ele>
      </trkpt>
      <trkpt lat="43.058057" lon="-0.431149">
        <ele>455.4</ele>
      </trkpt>
      <trkpt lat="43.058037" lon="-0.430815">
        <ele>454.2</ele>
      </trkpt>
      <trkpt lat="43.058005" lon="-0.430601">
        <ele>453.5</ele>
      </trkpt>
      <trkpt lat="43.057959" lon="-0.430445">
        <ele>453</ele>
      </trkpt>
      <trkpt lat="43.057861" lon="-0.430218">
        <ele>452.6</ele>
      </trkpt>
      <trkpt lat="43.057759" lon="-0.429996">
        <ele>452.2</ele>
      </trkpt>
      <trkpt lat="43.057648" lon="-0.429842">
        <ele>451.8</ele>
      </trkpt>
      <trkpt lat="43.057641" lon="-0.429751">
        <ele>451.5</ele>
      </trkpt>
      <trkpt lat="43.057784" lon="-0.42962">
        <ele>451.1</ele>
      </trkpt>
      <trkpt lat="43.058022" lon="-0.429396">
        <ele>449.9</ele>
      </trkpt>
      <trkpt lat="43.058264" lon="-0.429178">
        <ele>448.6</ele>
      </trkpt>
      <trkpt lat="43.058412" lon="-0.42905">
        <ele>448</ele>
      </trkpt>
      <trkpt lat="43.058693" lon="-0.428796">
        <ele>447.1</ele>
      </trkpt>
      <trkpt lat="43.05902" lon="-0.428476">
        <ele>445.6</ele>
      </trkpt>
      <trkpt lat="43.059249" lon="-0.428264">
        <ele>444.8</ele>
      </trkpt>
      <trkpt lat="43.059515" lon="-0.428018">
        <ele>444.1</ele>
      </trkpt>
      <trkpt lat="43.059658" lon="-0.427858">
        <ele>443.7</ele>
      </trkpt>
      <trkpt lat="43.059786" lon="-0.427633">
        <ele>443.1</ele>
      </trkpt>
      <trkpt lat="43.059847" lon="-0.427373">
        <ele>442.5</ele>
      </trkpt>
      <trkpt lat="43.059793" lon="-0.427226">
        <ele>442.5</ele>
      </trkpt>
      <trkpt lat="43.059705" lon="-0.427062">
        <ele>442.5</ele>
      </trkpt>
      <trkpt lat="43.059617" lon="-0.426951">
        <ele>442.6</ele>
      </trkpt>
      <trkpt lat="43.059503" lon="-0.426888">
        <ele>442.5</ele>
      </trkpt>
      <trkpt lat="43.059336" lon="-0.426795">
        <ele>442.1</ele>
      </trkpt>
      <trkpt lat="43.05918" lon="-0.426706">
        <ele>441.7</ele>
      </trkpt>
      <trkpt lat="43.059005" lon="-0.426609">
        <ele>441.1</ele>
      </trkpt>
      <trkpt lat="43.058788" lon="-0.426539">
        <ele>440.4</ele>
      </trkpt>
      <trkpt lat="43.058626" lon="-0.426489">
        <ele>440.2</ele>
      </trkpt>
      <trkpt lat="43.058219" lon="-0.426396">
        <ele>440.1</ele>
      </trkpt>
      <trkpt lat="43.05803" lon="-0.426368">
        <ele>440.2</ele>
      </trkpt>
      <trkpt lat="43.057839" lon="-0.426346">
        <ele>440.2</ele>
      </trkpt>
      <trkpt lat="43.05763" lon="-0.426359">
        <ele>440.3</ele>
      </trkpt>
      <trkpt lat="43.057022" lon="-0.426394">
        <ele>440.5</ele>
      </trkpt>
      <trkpt lat="43.056858" lon="-0.426406">
        <ele>440.6</ele>
      </trkpt>
      <trkpt lat="43.056689" lon="-0.426422">
        <ele>440.6</ele>
      </trkpt>
      <trkpt lat="43.056338" lon="-0.426453">
        <ele>440.7</ele>
      </trkpt>
      <trkpt lat="43.056022" lon="-0.426482">
        <ele>440.7</ele>
      </trkpt>
      <trkpt lat="43.055774" lon="-0.426503">
        <ele>440.6</ele>
      </trkpt>
      <trkpt lat="43.055656" lon="-0.426518">
        <ele>440.5</ele>
      </trkpt>
      <trkpt lat="43.054957" lon="-0.426563">
        <ele>441.1</ele>
      </trkpt>
      <trkpt lat="43.054657" lon="-0.426584">
        <ele>441.7</ele>
      </trkpt>
      <trkpt lat="43.054487" lon="-0.426582">
        <ele>441.9</ele>
      </trkpt>
      <trkpt lat="43.053837" lon="-0.426642">
        <ele>442.8</ele>
      </trkpt>
      <trkpt lat="43.053586" lon="-0.426654">
        <ele>442.6</ele>
      </trkpt>
      <trkpt lat="43.053131" lon="-0.426688">
        <ele>441.5</ele>
      </trkpt>
      <trkpt lat="43.052878" lon="-0.426705">
        <ele>441</ele>
      </trkpt>
      <trkpt lat="43.052641" lon="-0.426726">
        <ele>441</ele>
      </trkpt>
      <trkpt lat="43.052075" lon="-0.426759">
        <ele>441</ele>
      </trkpt>
      <trkpt lat="43.051821" lon="-0.426788">
        <ele>439.7</ele>
      </trkpt>
      <trkpt lat="43.05165" lon="-0.426802">
        <ele>438.9</ele>
      </trkpt>
      <trkpt lat="43.051398" lon="-0.42683">
        <ele>437.7</ele>
      </trkpt>
      <trkpt lat="43.051169" lon="-0.42685">
        <ele>436.9</ele>
      </trkpt>
      <trkpt lat="43.05092" lon="-0.426882">
        <ele>436.6</ele>
      </trkpt>
      <trkpt lat="43.050694" lon="-0.426912">
        <ele>436.3</ele>
      </trkpt>
      <trkpt lat="43.050578" lon="-0.426928">
        <ele>436.2</ele>
      </trkpt>
      <trkpt lat="43.050353" lon="-0.426967">
        <ele>436</ele>
      </trkpt>
      <trkpt lat="43.050212" lon="-0.426993">
        <ele>436</ele>
      </trkpt>
      <trkpt lat="43.050068" lon="-0.427012">
        <ele>436</ele>
      </trkpt>
      <trkpt lat="43.049918" lon="-0.427042">
        <ele>436</ele>
      </trkpt>
      <trkpt lat="43.049787" lon="-0.42705">
        <ele>436</ele>
      </trkpt>
      <trkpt lat="43.049556" lon="-0.42709">
        <ele>436</ele>
      </trkpt>
      <trkpt lat="43.049324" lon="-0.427104">
        <ele>436.3</ele>
      </trkpt>
      <trkpt lat="43.049092" lon="-0.427121">
        <ele>436.6</ele>
      </trkpt>
      <trkpt lat="43.048917" lon="-0.427121">
        <ele>436.8</ele>
      </trkpt>
      <trkpt lat="43.048522" lon="-0.427113">
        <ele>437</ele>
      </trkpt>
      <trkpt lat="43.048376" lon="-0.427093">
        <ele>437</ele>
      </trkpt>
      <trkpt lat="43.048235" lon="-0.427082">
        <ele>437</ele>
      </trkpt>
      <trkpt lat="43.047947" lon="-0.427027">
        <ele>436.9</ele>
      </trkpt>
      <trkpt lat="43.047718" lon="-0.426971">
        <ele>437.3</ele>
      </trkpt>
      <trkpt lat="43.047575" lon="-0.426927">
        <ele>437.6</ele>
      </trkpt>
      <trkpt lat="43.04744" lon="-0.426881">
        <ele>437.9</ele>
      </trkpt>
      <trkpt lat="43.047033" lon="-0.426742">
        <ele>438.6</ele>
      </trkpt>
      <trkpt lat="43.046801" lon="-0.42666">
        <ele>438.7</ele>
      </trkpt>
      <trkpt lat="43.046604" lon="-0.426588">
        <ele>438.7</ele>
      </trkpt>
      <trkpt lat="43.046052" lon="-0.426398">
        <ele>439.1</ele>
      </trkpt>
      <trkpt lat="43.045686" lon="-0.42627">
        <ele>439</ele>
      </trkpt>
      <trkpt lat="43.045149" lon="-0.426075">
        <ele>439.2</ele>
      </trkpt>
      <trkpt lat="43.04481" lon="-0.425962">
        <ele>439.9</ele>
      </trkpt>
      <trkpt lat="43.044253" lon="-0.425765">
        <ele>441.1</ele>
      </trkpt>
      <trkpt lat="43.043661" lon="-0.425556">
        <ele>441.4</ele>
      </trkpt>
      <trkpt lat="43.043143" lon="-0.425373">
        <ele>441.6</ele>
      </trkpt>
      <trkpt lat="43.042678" lon="-0.42521">
        <ele>442</ele>
      </trkpt>
      <trkpt lat="43.04202" lon="-0.42498">
        <ele>444.1</ele>
      </trkpt>
      <trkpt lat="43.041121" lon="-0.424663">
        <ele>446.1</ele>
      </trkpt>
      <trkpt lat="43.040341" lon="-0.42439">
        <ele>446.9</ele>
      </trkpt>
      <trkpt lat="43.040124" lon="-0.424315">
        <ele>447.2</ele>
      </trkpt>
      <trkpt lat="43.039914" lon="-0.424242">
        <ele>447.3</ele>
      </trkpt>
      <trkpt lat="43.039446" lon="-0.42408">
        <ele>447.6</ele>
      </trkpt>
      <trkpt lat="43.039243" lon="-0.424007">
        <ele>448.1</ele>
      </trkpt>
      <trkpt lat="43.038846" lon="-0.423865">
        <ele>449.5</ele>
      </trkpt>
      <trkpt lat="43.038638" lon="-0.42379">
        <ele>450</ele>
      </trkpt>
      <trkpt lat="43.03814" lon="-0.423621">
        <ele>449.7</ele>
      </trkpt>
      <trkpt lat="43.037962" lon="-0.423563">
        <ele>449.7</ele>
      </trkpt>
      <trkpt lat="43.037767" lon="-0.423505">
        <ele>450.2</ele>
      </trkpt>
      <trkpt lat="43.037614" lon="-0.42348">
        <ele>450.8</ele>
      </trkpt>
      <trkpt lat="43.037463" lon="-0.423492">
        <ele>451.3</ele>
      </trkpt>
      <trkpt lat="43.037348" lon="-0.42352">
        <ele>451.8</ele>
      </trkpt>
      <trkpt lat="43.037269" lon="-0.423603">
        <ele>452.2</ele>
      </trkpt>
      <trkpt lat="43.037156" lon="-0.423664">
        <ele>452.6</ele>
      </trkpt>
      <trkpt lat="43.037036" lon="-0.423714">
        <ele>453</ele>
      </trkpt>
      <trkpt lat="43.036921" lon="-0.42363">
        <ele>452.9</ele>
      </trkpt>
      <trkpt lat="43.036877" lon="-0.423446">
        <ele>452.7</ele>
      </trkpt>
      <trkpt lat="43.036808" lon="-0.423279">
        <ele>452.6</ele>
      </trkpt>
      <trkpt lat="43.036695" lon="-0.423189">
        <ele>452.6</ele>
      </trkpt>
      <trkpt lat="43.036439" lon="-0.423018">
        <ele>452.8</ele>
      </trkpt>
      <trkpt lat="43.036212" lon="-0.422936">
        <ele>453.1</ele>
      </trkpt>
      <trkpt lat="43.035979" lon="-0.422856">
        <ele>453.3</ele>
      </trkpt>
      <trkpt lat="43.035821" lon="-0.4228">
        <ele>453.4</ele>
      </trkpt>
      <trkpt lat="43.035433" lon="-0.422666">
        <ele>453.5</ele>
      </trkpt>
      <trkpt lat="43.034434" lon="-0.422318">
        <ele>455.5</ele>
      </trkpt>
      <trkpt lat="43.034073" lon="-0.422192">
        <ele>455.7</ele>
      </trkpt>
      <trkpt lat="43.033427" lon="-0.421967">
        <ele>455.1</ele>
      </trkpt>
      <trkpt lat="43.0332" lon="-0.421906">
        <ele>454.6</ele>
      </trkpt>
      <trkpt lat="43.032927" lon="-0.421861">
        <ele>454.2</ele>
      </trkpt>
      <trkpt lat="43.032246" lon="-0.42179">
        <ele>455.6</ele>
      </trkpt>
      <trkpt lat="43.032006" lon="-0.421793">
        <ele>455.9</ele>
      </trkpt>
      <trkpt lat="43.031412" lon="-0.421765">
        <ele>455.4</ele>
      </trkpt>
      <trkpt lat="43.031127" lon="-0.421761">
        <ele>455</ele>
      </trkpt>
      <trkpt lat="43.030598" lon="-0.421744">
        <ele>454.3</ele>
      </trkpt>
      <trkpt lat="43.030285" lon="-0.421759">
        <ele>454</ele>
      </trkpt>
      <trkpt lat="43.029851" lon="-0.421724">
        <ele>454</ele>
      </trkpt>
      <trkpt lat="43.029483" lon="-0.421704">
        <ele>454.4</ele>
      </trkpt>
      <trkpt lat="43.029252" lon="-0.421682">
        <ele>455.2</ele>
      </trkpt>
      <trkpt lat="43.028728" lon="-0.421649">
        <ele>457</ele>
      </trkpt>
      <trkpt lat="43.02839" lon="-0.421638">
        <ele>457.4</ele>
      </trkpt>
      <trkpt lat="43.028074" lon="-0.421627">
        <ele>457.7</ele>
      </trkpt>
      <trkpt lat="43.027227" lon="-0.421595">
        <ele>459.5</ele>
      </trkpt>
      <trkpt lat="43.026882" lon="-0.42158">
        <ele>460.2</ele>
      </trkpt>
      <trkpt lat="43.026226" lon="-0.421548">
        <ele>461.4</ele>
      </trkpt>
      <trkpt lat="43.025675" lon="-0.421535">
        <ele>461.8</ele>
      </trkpt>
      <trkpt lat="43.025083" lon="-0.421509">
        <ele>462</ele>
      </trkpt>
      <trkpt lat="43.02484" lon="-0.421512">
        <ele>462</ele>
      </trkpt>
      <trkpt lat="43.024665" lon="-0.421525">
        <ele>462</ele>
      </trkpt>
      <trkpt lat="43.024494" lon="-0.421563">
        <ele>461.7</ele>
      </trkpt>
      <trkpt lat="43.024384" lon="-0.421583">
        <ele>461.3</ele>
      </trkpt>
      <trkpt lat="43.024217" lon="-0.421639">
        <ele>460.7</ele>
      </trkpt>
      <trkpt lat="43.024149" lon="-0.421783">
        <ele>460.4</ele>
      </trkpt>
      <trkpt lat="43.024059" lon="-0.421931">
        <ele>460.1</ele>
      </trkpt>
      <trkpt lat="43.023954" lon="-0.421981">
        <ele>459.7</ele>
      </trkpt>
      <trkpt lat="43.023846" lon="-0.421912">
        <ele>459.3</ele>
      </trkpt>
      <trkpt lat="43.02374" lon="-0.421804">
        <ele>459</ele>
      </trkpt>
      <trkpt lat="43.02358" lon="-0.421834">
        <ele>458.7</ele>
      </trkpt>
      <trkpt lat="43.023425" lon="-0.421865">
        <ele>458.4</ele>
      </trkpt>
      <trkpt lat="43.023245" lon="-0.421869">
        <ele>458.1</ele>
      </trkpt>
      <trkpt lat="43.023027" lon="-0.421899">
        <ele>457.6</ele>
      </trkpt>
      <trkpt lat="43.022864" lon="-0.421944">
        <ele>457.5</ele>
      </trkpt>
      <trkpt lat="43.022684" lon="-0.422005">
        <ele>458.1</ele>
      </trkpt>
      <trkpt lat="43.022225" lon="-0.422159">
        <ele>459.5</ele>
      </trkpt>
      <trkpt lat="43.021939" lon="-0.42228">
        <ele>460.3</ele>
      </trkpt>
      <trkpt lat="43.021676" lon="-0.422378">
        <ele>460.6</ele>
      </trkpt>
      <trkpt lat="43.021313" lon="-0.422501">
        <ele>460.9</ele>
      </trkpt>
      <trkpt lat="43.021001" lon="-0.422624">
        <ele>461.6</ele>
      </trkpt>
      <trkpt lat="43.020708" lon="-0.422733">
        <ele>462.6</ele>
      </trkpt>
      <trkpt lat="43.020444" lon="-0.422827">
        <ele>463.8</ele>
      </trkpt>
      <trkpt lat="43.020256" lon="-0.422888">
        <ele>464.4</ele>
      </trkpt>
      <trkpt lat="43.020014" lon="-0.422942">
        <ele>465</ele>
      </trkpt>
      <trkpt lat="43.019818" lon="-0.422977">
        <ele>465.6</ele>
      </trkpt>
      <trkpt lat="43.019608" lon="-0.423001">
        <ele>466.1</ele>
      </trkpt>
      <trkpt lat="43.01918" lon="-0.423074">
        <ele>467.6</ele>
      </trkpt>
      <trkpt lat="43.018847" lon="-0.423118">
        <ele>468.5</ele>
      </trkpt>
      <trkpt lat="43.018675" lon="-0.423129">
        <ele>469.2</ele>
      </trkpt>
      <trkpt lat="43.018474" lon="-0.423141">
        <ele>470.3</ele>
      </trkpt>
      <trkpt lat="43.018212" lon="-0.423139">
        <ele>471.9</ele>
      </trkpt>
      <trkpt lat="43.017907" lon="-0.423121">
        <ele>473.5</ele>
      </trkpt>
      <trkpt lat="43.017606" lon="-0.423093">
        <ele>474.8</ele>
      </trkpt>
      <trkpt lat="43.017103" lon="-0.423064">
        <ele>477.1</ele>
      </trkpt>
      <trkpt lat="43.016839" lon="-0.423029">
        <ele>478.4</ele>
      </trkpt>
      <trkpt lat="43.016605" lon="-0.423009">
        <ele>479.7</ele>
      </trkpt>
      <trkpt lat="43.016232" lon="-0.42298">
        <ele>481.6</ele>
      </trkpt>
      <trkpt lat="43.015935" lon="-0.422981">
        <ele>482.1</ele>
      </trkpt>
      <trkpt lat="43.015673" lon="-0.42297">
        <ele>482.4</ele>
      </trkpt>
      <trkpt lat="43.015544" lon="-0.422957">
        <ele>482.4</ele>
      </trkpt>
      <trkpt lat="43.015349" lon="-0.422957">
        <ele>482.3</ele>
      </trkpt>
      <trkpt lat="43.015137" lon="-0.422973">
        <ele>481.5</ele>
      </trkpt>
      <trkpt lat="43.014917" lon="-0.422995">
        <ele>480.8</ele>
      </trkpt>
      <trkpt lat="43.01471" lon="-0.423016">
        <ele>480.1</ele>
      </trkpt>
      <trkpt lat="43.014272" lon="-0.423051">
        <ele>479.3</ele>
      </trkpt>
      <trkpt lat="43.014027" lon="-0.42307">
        <ele>479.1</ele>
      </trkpt>
      <trkpt lat="43.013746" lon="-0.423065">
        <ele>478.4</ele>
      </trkpt>
      <trkpt lat="43.013459" lon="-0.423067">
        <ele>479.9</ele>
      </trkpt>
      <trkpt lat="43.013333" lon="-0.423049">
        <ele>480.1</ele>
      </trkpt>
      <trkpt lat="43.013012" lon="-0.423033">
        <ele>481.3</ele>
      </trkpt>
      <trkpt lat="43.01274" lon="-0.423044">
        <ele>483.1</ele>
      </trkpt>
      <trkpt lat="43.012522" lon="-0.423026">
        <ele>483.9</ele>
      </trkpt>
      <trkpt lat="43.012299" lon="-0.423">
        <ele>484.6</ele>
      </trkpt>
      <trkpt lat="43.012078" lon="-0.422943">
        <ele>484.6</ele>
      </trkpt>
      <trkpt lat="43.011856" lon="-0.422894">
        <ele>484.2</ele>
      </trkpt>
      <trkpt lat="43.011676" lon="-0.422814">
        <ele>483.4</ele>
      </trkpt>
      <trkpt lat="43.011491" lon="-0.422734">
        <ele>482.8</ele>
      </trkpt>
      <trkpt lat="43.011242" lon="-0.422614">
        <ele>482.2</ele>
      </trkpt>
      <trkpt lat="43.011" lon="-0.422494">
        <ele>485</ele>
      </trkpt>
      <trkpt lat="43.010734" lon="-0.422347">
        <ele>486.4</ele>
      </trkpt>
      <trkpt lat="43.010532" lon="-0.422258">
        <ele>486.9</ele>
      </trkpt>
      <trkpt lat="43.010334" lon="-0.42216">
        <ele>488.1</ele>
      </trkpt>
      <trkpt lat="43.009938" lon="-0.421975">
        <ele>495.8</ele>
      </trkpt>
      <trkpt lat="43.009615" lon="-0.421781">
        <ele>499.4</ele>
      </trkpt>
      <trkpt lat="43.00936" lon="-0.421615">
        <ele>502.5</ele>
      </trkpt>
      <trkpt lat="43.009038" lon="-0.421415">
        <ele>504.3</ele>
      </trkpt>
      <trkpt lat="43.008811" lon="-0.421282">
        <ele>504.1</ele>
      </trkpt>
      <trkpt lat="43.008566" lon="-0.421142">
        <ele>504.8</ele>
      </trkpt>
      <trkpt lat="43.008343" lon="-0.421042">
        <ele>505.8</ele>
      </trkpt>
      <trkpt lat="43.008155" lon="-0.420973">
        <ele>506.8</ele>
      </trkpt>
      <trkpt lat="43.007914" lon="-0.420895">
        <ele>507.7</ele>
      </trkpt>
      <trkpt lat="43.00766" lon="-0.42085">
        <ele>506.6</ele>
      </trkpt>
      <trkpt lat="43.007417" lon="-0.420834">
        <ele>506.5</ele>
      </trkpt>
      <trkpt lat="43.007242" lon="-0.420837">
        <ele>507.2</ele>
      </trkpt>
      <trkpt lat="43.007143" lon="-0.420844">
        <ele>507.9</ele>
      </trkpt>
      <trkpt lat="43.006821" lon="-0.420906">
        <ele>505.4</ele>
      </trkpt>
      <trkpt lat="43.006593" lon="-0.420969">
        <ele>502.5</ele>
      </trkpt>
      <trkpt lat="43.006443" lon="-0.421046">
        <ele>501.4</ele>
      </trkpt>
      <trkpt lat="43.006266" lon="-0.42115">
        <ele>499.6</ele>
      </trkpt>
      <trkpt lat="43.00614" lon="-0.421214">
        <ele>499.7</ele>
      </trkpt>
      <trkpt lat="43.006001" lon="-0.421297">
        <ele>502.4</ele>
      </trkpt>
      <trkpt lat="43.005814" lon="-0.421393">
        <ele>506.5</ele>
      </trkpt>
      <trkpt lat="43.005602" lon="-0.42148">
        <ele>508.8</ele>
      </trkpt>
      <trkpt lat="43.00539" lon="-0.421516">
        <ele>507.2</ele>
      </trkpt>
      <trkpt lat="43.005058" lon="-0.421532">
        <ele>502.8</ele>
      </trkpt>
      <trkpt lat="43.004857" lon="-0.421508">
        <ele>498.4</ele>
      </trkpt>
      <trkpt lat="43.004641" lon="-0.421445">
        <ele>492</ele>
      </trkpt>
      <trkpt lat="43.004112" lon="-0.42119">
        <ele>484.5</ele>
      </trkpt>
      <trkpt lat="43.003724" lon="-0.420977">
        <ele>485.4</ele>
      </trkpt>
      <trkpt lat="43.003529" lon="-0.42088">
        <ele>485.3</ele>
      </trkpt>
      <trkpt lat="43.003123" lon="-0.420628">
        <ele>484.4</ele>
      </trkpt>
      <trkpt lat="43.002855" lon="-0.42048">
        <ele>484.3</ele>
      </trkpt>
      <trkpt lat="43.002676" lon="-0.420384">
        <ele>485.8</ele>
      </trkpt>
      <trkpt lat="43.002258" lon="-0.420196">
        <ele>490.1</ele>
      </trkpt>
      <trkpt lat="43.002049" lon="-0.420118">
        <ele>491.5</ele>
      </trkpt>
      <trkpt lat="43.001882" lon="-0.420091">
        <ele>490.8</ele>
      </trkpt>
      <trkpt lat="43.001756" lon="-0.420088">
        <ele>490.4</ele>
      </trkpt>
      <trkpt lat="43.001623" lon="-0.420071">
        <ele>489.8</ele>
      </trkpt>
      <trkpt lat="43.00139" lon="-0.420099">
        <ele>489.5</ele>
      </trkpt>
      <trkpt lat="43.001191" lon="-0.420145">
        <ele>489.7</ele>
      </trkpt>
      <trkpt lat="43.001017" lon="-0.420201">
        <ele>490.3</ele>
      </trkpt>
      <trkpt lat="43.000729" lon="-0.42031">
        <ele>491.3</ele>
      </trkpt>
      <trkpt lat="43.000531" lon="-0.420401">
        <ele>492.1</ele>
      </trkpt>
      <trkpt lat="43.000343" lon="-0.420477">
        <ele>492.3</ele>
      </trkpt>
      <trkpt lat="43.000134" lon="-0.420574">
        <ele>492</ele>
      </trkpt>
      <trkpt lat="42.999769" lon="-0.420716">
        <ele>491.4</ele>
      </trkpt>
      <trkpt lat="42.999528" lon="-0.420825">
        <ele>491.5</ele>
      </trkpt>
      <trkpt lat="42.999318" lon="-0.420916">
        <ele>491.7</ele>
      </trkpt>
      <trkpt lat="42.999208" lon="-0.420957">
        <ele>491.7</ele>
      </trkpt>
      <trkpt lat="42.99883" lon="-0.42111">
        <ele>491.5</ele>
      </trkpt>
      <trkpt lat="42.998619" lon="-0.421215">
        <ele>491.3</ele>
      </trkpt>
      <trkpt lat="42.998334" lon="-0.421333">
        <ele>490.4</ele>
      </trkpt>
      <trkpt lat="42.998144" lon="-0.421418">
        <ele>490.1</ele>
      </trkpt>
      <trkpt lat="42.997829" lon="-0.421544">
        <ele>490.2</ele>
      </trkpt>
      <trkpt lat="42.997536" lon="-0.42167">
        <ele>492.1</ele>
      </trkpt>
      <trkpt lat="42.997262" lon="-0.421764">
        <ele>493.3</ele>
      </trkpt>
      <trkpt lat="42.997036" lon="-0.421829">
        <ele>494.3</ele>
      </trkpt>
      <trkpt lat="42.99681" lon="-0.421881">
        <ele>496.4</ele>
      </trkpt>
      <trkpt lat="42.996684" lon="-0.421906">
        <ele>497.5</ele>
      </trkpt>
      <trkpt lat="42.99639" lon="-0.421952">
        <ele>500</ele>
      </trkpt>
      <trkpt lat="42.996187" lon="-0.421984">
        <ele>501.2</ele>
      </trkpt>
      <trkpt lat="42.995898" lon="-0.422018">
        <ele>501.1</ele>
      </trkpt>
      <trkpt lat="42.995676" lon="-0.422042">
        <ele>501</ele>
      </trkpt>
      <trkpt lat="42.995356" lon="-0.42208">
        <ele>501</ele>
      </trkpt>
      <trkpt lat="42.995008" lon="-0.422119">
        <ele>502.3</ele>
      </trkpt>
      <trkpt lat="42.994742" lon="-0.422149">
        <ele>503.3</ele>
      </trkpt>
      <trkpt lat="42.994606" lon="-0.422174">
        <ele>504.1</ele>
      </trkpt>
      <trkpt lat="42.994331" lon="-0.42222">
        <ele>504.6</ele>
      </trkpt>
      <trkpt lat="42.994082" lon="-0.422251">
        <ele>504.7</ele>
      </trkpt>
      <trkpt lat="42.993838" lon="-0.422288">
        <ele>505.1</ele>
      </trkpt>
      <trkpt lat="42.993596" lon="-0.422307">
        <ele>504.9</ele>
      </trkpt>
      <trkpt lat="42.993155" lon="-0.422335">
        <ele>504.1</ele>
      </trkpt>
      <trkpt lat="42.99285" lon="-0.422375">
        <ele>503.9</ele>
      </trkpt>
      <trkpt lat="42.992673" lon="-0.4224">
        <ele>504.2</ele>
      </trkpt>
      <trkpt lat="42.992502" lon="-0.42245">
        <ele>504.6</ele>
      </trkpt>
      <trkpt lat="42.992342" lon="-0.422465">
        <ele>504.6</ele>
      </trkpt>
      <trkpt lat="42.992219" lon="-0.422448">
        <ele>504.4</ele>
      </trkpt>
      <trkpt lat="42.992034" lon="-0.422415">
        <ele>504.3</ele>
      </trkpt>
      <trkpt lat="42.991838" lon="-0.422373">
        <ele>504.7</ele>
      </trkpt>
      <trkpt lat="42.991588" lon="-0.422318">
        <ele>505.2</ele>
      </trkpt>
      <trkpt lat="42.991425" lon="-0.422281">
        <ele>505.5</ele>
      </trkpt>
      <trkpt lat="42.991236" lon="-0.422244">
        <ele>505.8</ele>
      </trkpt>
      <trkpt lat="42.991034" lon="-0.422197">
        <ele>505.4</ele>
      </trkpt>
      <trkpt lat="42.990824" lon="-0.422149">
        <ele>504.9</ele>
      </trkpt>
      <trkpt lat="42.990698" lon="-0.422121">
        <ele>504.6</ele>
      </trkpt>
      <trkpt lat="42.990591" lon="-0.42214">
        <ele>504.6</ele>
      </trkpt>
      <trkpt lat="42.99047" lon="-0.422188">
        <ele>504.8</ele>
      </trkpt>
      <trkpt lat="42.990385" lon="-0.422267">
        <ele>505.4</ele>
      </trkpt>
      <trkpt lat="42.990221" lon="-0.422355">
        <ele>506.3</ele>
      </trkpt>
      <trkpt lat="42.990011" lon="-0.42252">
        <ele>507.9</ele>
      </trkpt>
      <trkpt lat="42.989891" lon="-0.422582">
        <ele>508.5</ele>
      </trkpt>
      <trkpt lat="42.989751" lon="-0.422616">
        <ele>508.9</ele>
      </trkpt>
      <trkpt lat="42.989647" lon="-0.422598">
        <ele>509</ele>
      </trkpt>
      <trkpt lat="42.989452" lon="-0.422583">
        <ele>509.4</ele>
      </trkpt>
      <trkpt lat="42.989065" lon="-0.422481">
        <ele>510</ele>
      </trkpt>
      <trkpt lat="42.98883" lon="-0.422435">
        <ele>510.4</ele>
      </trkpt>
      <trkpt lat="42.9885" lon="-0.42237">
        <ele>510.4</ele>
      </trkpt>
      <trkpt lat="42.988346" lon="-0.422351">
        <ele>510.3</ele>
      </trkpt>
      <trkpt lat="42.988207" lon="-0.422351">
        <ele>510.3</ele>
      </trkpt>
      <trkpt lat="42.988141" lon="-0.422307">
        <ele>510.1</ele>
      </trkpt>
      <trkpt lat="42.988051" lon="-0.42211">
        <ele>509.1</ele>
      </trkpt>
      <trkpt lat="42.987955" lon="-0.422037">
        <ele>508.8</ele>
      </trkpt>
      <trkpt lat="42.987859" lon="-0.421997">
        <ele>508.6</ele>
      </trkpt>
      <trkpt lat="42.987628" lon="-0.421916">
        <ele>508.3</ele>
      </trkpt>
      <trkpt lat="42.987341" lon="-0.421834">
        <ele>508.2</ele>
      </trkpt>
      <trkpt lat="42.987094" lon="-0.421762">
        <ele>508.2</ele>
      </trkpt>
      <trkpt lat="42.986913" lon="-0.42172">
        <ele>508.1</ele>
      </trkpt>
      <trkpt lat="42.986578" lon="-0.421662">
        <ele>508</ele>
      </trkpt>
      <trkpt lat="42.986382" lon="-0.421611">
        <ele>507.9</ele>
      </trkpt>
      <trkpt lat="42.986203" lon="-0.42163">
        <ele>507.9</ele>
      </trkpt>
      <trkpt lat="42.986082" lon="-0.421635">
        <ele>508</ele>
      </trkpt>
      <trkpt lat="42.985956" lon="-0.421635">
        <ele>508.1</ele>
      </trkpt>
      <trkpt lat="42.985821" lon="-0.421613">
        <ele>508.1</ele>
      </trkpt>
      <trkpt lat="42.98574" lon="-0.42163">
        <ele>508.2</ele>
      </trkpt>
      <trkpt lat="42.985692" lon="-0.421677">
        <ele>508.4</ele>
      </trkpt>
      <trkpt lat="42.985685" lon="-0.421733">
        <ele>508.6</ele>
      </trkpt>
      <trkpt lat="42.985684" lon="-0.4218">
        <ele>508.8</ele>
      </trkpt>
      <trkpt lat="42.985696" lon="-0.421866">
        <ele>509</ele>
      </trkpt>
      <trkpt lat="42.985719" lon="-0.421925">
        <ele>509.1</ele>
      </trkpt>
      <trkpt lat="42.985742" lon="-0.421996">
        <ele>509.3</ele>
      </trkpt>
      <trkpt lat="42.985762" lon="-0.422079">
        <ele>509.6</ele>
      </trkpt>
      <trkpt lat="42.985771" lon="-0.422137">
        <ele>509.7</ele>
      </trkpt>
      <trkpt lat="42.985779" lon="-0.422206">
        <ele>509.9</ele>
      </trkpt>
      <trkpt lat="42.985791" lon="-0.422277">
        <ele>510</ele>
      </trkpt>
      <trkpt lat="42.985797" lon="-0.422352">
        <ele>510.2</ele>
      </trkpt>
      <trkpt lat="42.985808" lon="-0.422416">
        <ele>510.3</ele>
      </trkpt>
      <trkpt lat="42.985817" lon="-0.422481">
        <ele>510.5</ele>
      </trkpt>
      <trkpt lat="42.985817" lon="-0.422542">
        <ele>510.6</ele>
      </trkpt>
      <trkpt lat="42.985818" lon="-0.422615">
        <ele>510.8</ele>
      </trkpt>
      <trkpt lat="42.985815" lon="-0.422677">
        <ele>510.9</ele>
      </trkpt>
      <trkpt lat="42.985813" lon="-0.422729">
        <ele>511.1</ele>
      </trkpt>
      <trkpt lat="42.985815" lon="-0.42278">
        <ele>511.2</ele>
      </trkpt>
      <trkpt lat="42.985818" lon="-0.422843">
        <ele>511.3</ele>
      </trkpt>
      <trkpt lat="42.985824" lon="-0.422923">
        <ele>511.5</ele>
      </trkpt>
      <trkpt lat="42.98583" lon="-0.422994">
        <ele>511.8</ele>
      </trkpt>
      <trkpt lat="42.985836" lon="-0.423066">
        <ele>512.1</ele>
      </trkpt>
      <trkpt lat="42.98585" lon="-0.423138">
        <ele>512.4</ele>
      </trkpt>
      <trkpt lat="42.985861" lon="-0.423223">
        <ele>512.8</ele>
      </trkpt>
      <trkpt lat="42.985881" lon="-0.423314">
        <ele>513.1</ele>
      </trkpt>
      <trkpt lat="42.985898" lon="-0.423373">
        <ele>513.4</ele>
      </trkpt>
      <trkpt lat="42.985912" lon="-0.42344">
        <ele>513.7</ele>
      </trkpt>
      <trkpt lat="42.985935" lon="-0.42354">
        <ele>514.1</ele>
      </trkpt>
      <trkpt lat="42.985952" lon="-0.423628">
        <ele>514.5</ele>
      </trkpt>
      <trkpt lat="42.985958" lon="-0.423682">
        <ele>514.7</ele>
      </trkpt>
      <trkpt lat="42.985941" lon="-0.423752">
        <ele>515</ele>
      </trkpt>
      <trkpt lat="42.985922" lon="-0.423812">
        <ele>515.1</ele>
      </trkpt>
      <trkpt lat="42.985894" lon="-0.423875">
        <ele>515.3</ele>
      </trkpt>
      <trkpt lat="42.985852" lon="-0.423944">
        <ele>515.4</ele>
      </trkpt>
      <trkpt lat="42.985825" lon="-0.423986">
        <ele>515.4</ele>
      </trkpt>
      <trkpt lat="42.985793" lon="-0.424028">
        <ele>515.5</ele>
      </trkpt>
      <trkpt lat="42.985764" lon="-0.424068">
        <ele>515.5</ele>
      </trkpt>
      <trkpt lat="42.985733" lon="-0.424112">
        <ele>515.5</ele>
      </trkpt>
      <trkpt lat="42.985697" lon="-0.424154">
        <ele>515.5</ele>
      </trkpt>
      <trkpt lat="42.98567" lon="-0.424193">
        <ele>515.5</ele>
      </trkpt>
      <trkpt lat="42.985642" lon="-0.424229">
        <ele>515.5</ele>
      </trkpt>
      <trkpt lat="42.985611" lon="-0.424265">
        <ele>515.4</ele>
      </trkpt>
      <trkpt lat="42.985584" lon="-0.42431">
        <ele>515.4</ele>
      </trkpt>
      <trkpt lat="42.985563" lon="-0.424376">
        <ele>515.4</ele>
      </trkpt>
      <trkpt lat="42.985552" lon="-0.424448">
        <ele>515.4</ele>
      </trkpt>
      <trkpt lat="42.985551" lon="-0.424509">
        <ele>515.4</ele>
      </trkpt>
      <trkpt lat="42.985545" lon="-0.424581">
        <ele>515.5</ele>
      </trkpt>
      <trkpt lat="42.985546" lon="-0.424638">
        <ele>515.6</ele>
      </trkpt>
      <trkpt lat="42.985544" lon="-0.424706">
        <ele>515.8</ele>
      </trkpt>
      <trkpt lat="42.985549" lon="-0.424776">
        <ele>516</ele>
      </trkpt>
      <trkpt lat="42.985556" lon="-0.424852">
        <ele>516.2</ele>
      </trkpt>
      <trkpt lat="42.985562" lon="-0.424912">
        <ele>516.4</ele>
      </trkpt>
      <trkpt lat="42.985574" lon="-0.425005">
        <ele>516.7</ele>
      </trkpt>
      <trkpt lat="42.985584" lon="-0.425084">
        <ele>516.9</ele>
      </trkpt>
      <trkpt lat="42.985592" lon="-0.425166">
        <ele>517.2</ele>
      </trkpt>
      <trkpt lat="42.985599" lon="-0.425234">
        <ele>517.4</ele>
      </trkpt>
      <trkpt lat="42.985607" lon="-0.425313">
        <ele>517.6</ele>
      </trkpt>
      <trkpt lat="42.98561" lon="-0.425382">
        <ele>517.8</ele>
      </trkpt>
      <trkpt lat="42.985611" lon="-0.425446">
        <ele>518.1</ele>
      </trkpt>
      <trkpt lat="42.985609" lon="-0.425525">
        <ele>518.5</ele>
      </trkpt>
      <trkpt lat="42.985603" lon="-0.425587">
        <ele>518.9</ele>
      </trkpt>
      <trkpt lat="42.985602" lon="-0.425654">
        <ele>519.3</ele>
      </trkpt>
      <trkpt lat="42.985604" lon="-0.425714">
        <ele>519.6</ele>
      </trkpt>
      <trkpt lat="42.985602" lon="-0.425773">
        <ele>519.9</ele>
      </trkpt>
      <trkpt lat="42.98561" lon="-0.425824">
        <ele>520.3</ele>
      </trkpt>
      <trkpt lat="42.985611" lon="-0.425905">
        <ele>520.7</ele>
      </trkpt>
      <trkpt lat="42.98562" lon="-0.425981">
        <ele>521.2</ele>
      </trkpt>
      <trkpt lat="42.985627" lon="-0.42606">
        <ele>521.7</ele>
      </trkpt>
      <trkpt lat="42.985636" lon="-0.426133">
        <ele>522.1</ele>
      </trkpt>
      <trkpt lat="42.985647" lon="-0.426221">
        <ele>522.7</ele>
      </trkpt>
      <trkpt lat="42.985659" lon="-0.426278">
        <ele>523</ele>
      </trkpt>
      <trkpt lat="42.985665" lon="-0.426363">
        <ele>523.2</ele>
      </trkpt>
      <trkpt lat="42.985684" lon="-0.426475">
        <ele>523.7</ele>
      </trkpt>
      <trkpt lat="42.985699" lon="-0.426554">
        <ele>524</ele>
      </trkpt>
      <trkpt lat="42.985705" lon="-0.426617">
        <ele>524.2</ele>
      </trkpt>
      <trkpt lat="42.985719" lon="-0.426689">
        <ele>524.5</ele>
      </trkpt>
      <trkpt lat="42.985736" lon="-0.426753">
        <ele>524.8</ele>
      </trkpt>
      <trkpt lat="42.98575" lon="-0.426843">
        <ele>525.2</ele>
      </trkpt>
      <trkpt lat="42.985768" lon="-0.426922">
        <ele>525.6</ele>
      </trkpt>
      <trkpt lat="42.985784" lon="-0.426982">
        <ele>525.9</ele>
      </trkpt>
      <trkpt lat="42.985799" lon="-0.42705">
        <ele>526.2</ele>
      </trkpt>
      <trkpt lat="42.985805" lon="-0.427148">
        <ele>526.4</ele>
      </trkpt>
      <trkpt lat="42.985771" lon="-0.427168">
        <ele>526.2</ele>
      </trkpt>
      <trkpt lat="42.9857" lon="-0.42719">
        <ele>525.8</ele>
      </trkpt>
      <trkpt lat="42.985652" lon="-0.427202">
        <ele>525.6</ele>
      </trkpt>
      <trkpt lat="42.985611" lon="-0.427222">
        <ele>525.3</ele>
      </trkpt>
      <trkpt lat="42.985561" lon="-0.427236">
        <ele>525</ele>
      </trkpt>
      <trkpt lat="42.985488" lon="-0.427267">
        <ele>524.6</ele>
      </trkpt>
      <trkpt lat="42.985446" lon="-0.427281">
        <ele>524.4</ele>
      </trkpt>
      <trkpt lat="42.985389" lon="-0.427301">
        <ele>524.1</ele>
      </trkpt>
      <trkpt lat="42.985347" lon="-0.42732">
        <ele>524</ele>
      </trkpt>
      <trkpt lat="42.985297" lon="-0.427341">
        <ele>523.8</ele>
      </trkpt>
      <trkpt lat="42.985254" lon="-0.427361">
        <ele>523.6</ele>
      </trkpt>
      <trkpt lat="42.985199" lon="-0.427382">
        <ele>523.4</ele>
      </trkpt>
      <trkpt lat="42.985146" lon="-0.427405">
        <ele>523.2</ele>
      </trkpt>
      <trkpt lat="42.985104" lon="-0.427425">
        <ele>523.1</ele>
      </trkpt>
      <trkpt lat="42.985061" lon="-0.427442">
        <ele>522.9</ele>
      </trkpt>
      <trkpt lat="42.985012" lon="-0.427464">
        <ele>522.7</ele>
      </trkpt>
      <trkpt lat="42.984964" lon="-0.427484">
        <ele>522.6</ele>
      </trkpt>
      <trkpt lat="42.984924" lon="-0.427502">
        <ele>522.4</ele>
      </trkpt>
      <trkpt lat="42.984894" lon="-0.427519">
        <ele>522.3</ele>
      </trkpt>
      <trkpt lat="42.984846" lon="-0.427541">
        <ele>522.2</ele>
      </trkpt>
      <trkpt lat="42.984799" lon="-0.427555">
        <ele>522</ele>
      </trkpt>
      <trkpt lat="42.984772" lon="-0.427571">
        <ele>521.9</ele>
      </trkpt>
      <trkpt lat="42.984751" lon="-0.427577">
        <ele>521.9</ele>
      </trkpt>
      <trkpt lat="42.984746" lon="-0.427582">
        <ele>521.9</ele>
      </trkpt>
      <trkpt lat="42.984627" lon="-0.427642">
        <ele>521.5</ele>
      </trkpt>
      <trkpt lat="42.984404" lon="-0.427741">
        <ele>522.1</ele>
      </trkpt>
      <trkpt lat="42.984107" lon="-0.427865">
        <ele>523.5</ele>
      </trkpt>
      <trkpt lat="42.983968" lon="-0.427924">
        <ele>524.3</ele>
      </trkpt>
      <trkpt lat="42.983865" lon="-0.427949">
        <ele>524.9</ele>
      </trkpt>
      <trkpt lat="42.983743" lon="-0.42797">
        <ele>525.8</ele>
      </trkpt>
      <trkpt lat="42.983599" lon="-0.427948">
        <ele>529.2</ele>
      </trkpt>
      <trkpt lat="42.983515" lon="-0.42791">
        <ele>530.9</ele>
      </trkpt>
      <trkpt lat="42.983348" lon="-0.42774">
        <ele>533.5</ele>
      </trkpt>
      <trkpt lat="42.983155" lon="-0.427512">
        <ele>535.5</ele>
      </trkpt>
      <trkpt lat="42.982978" lon="-0.427315">
        <ele>536.8</ele>
      </trkpt>
      <trkpt lat="42.982801" lon="-0.4271">
        <ele>541.3</ele>
      </trkpt>
      <trkpt lat="42.982646" lon="-0.426851">
        <ele>546</ele>
      </trkpt>
      <trkpt lat="42.982587" lon="-0.426728">
        <ele>547.1</ele>
      </trkpt>
      <trkpt lat="42.982503" lon="-0.426551">
        <ele>548.2</ele>
      </trkpt>
      <trkpt lat="42.982367" lon="-0.426244">
        <ele>549</ele>
      </trkpt>
      <trkpt lat="42.982272" lon="-0.426016">
        <ele>547.3</ele>
      </trkpt>
      <trkpt lat="42.982206" lon="-0.425867">
        <ele>545.8</ele>
      </trkpt>
      <trkpt lat="42.982128" lon="-0.425641">
        <ele>542.2</ele>
      </trkpt>
      <trkpt lat="42.982077" lon="-0.425466">
        <ele>538.6</ele>
      </trkpt>
      <trkpt lat="42.982043" lon="-0.425295">
        <ele>536.4</ele>
      </trkpt>
      <trkpt lat="42.982007" lon="-0.425026">
        <ele>533.5</ele>
      </trkpt>
      <trkpt lat="42.981984" lon="-0.424845">
        <ele>531.7</ele>
      </trkpt>
      <trkpt lat="42.981919" lon="-0.424355">
        <ele>530.1</ele>
      </trkpt>
      <trkpt lat="42.98188" lon="-0.42401">
        <ele>531.2</ele>
      </trkpt>
      <trkpt lat="42.981852" lon="-0.423787">
        <ele>532.2</ele>
      </trkpt>
      <trkpt lat="42.981799" lon="-0.42325">
        <ele>531.8</ele>
      </trkpt>
      <trkpt lat="42.981766" lon="-0.423017">
        <ele>531.9</ele>
      </trkpt>
      <trkpt lat="42.981723" lon="-0.422828">
        <ele>532.3</ele>
      </trkpt>
      <trkpt lat="42.981684" lon="-0.422657">
        <ele>532</ele>
      </trkpt>
      <trkpt lat="42.981584" lon="-0.422195">
        <ele>530.1</ele>
      </trkpt>
      <trkpt lat="42.981519" lon="-0.421901">
        <ele>527.4</ele>
      </trkpt>
      <trkpt lat="42.981447" lon="-0.421588">
        <ele>523.2</ele>
      </trkpt>
      <trkpt lat="42.981412" lon="-0.421451">
        <ele>521.2</ele>
      </trkpt>
      <trkpt lat="42.981363" lon="-0.421255">
        <ele>517.9</ele>
      </trkpt>
      <trkpt lat="42.981312" lon="-0.421119">
        <ele>516.8</ele>
      </trkpt>
      <trkpt lat="42.981252" lon="-0.420992">
        <ele>515.9</ele>
      </trkpt>
      <trkpt lat="42.981145" lon="-0.420882">
        <ele>514.4</ele>
      </trkpt>
      <trkpt lat="42.981052" lon="-0.420839">
        <ele>513.7</ele>
      </trkpt>
      <trkpt lat="42.980723" lon="-0.420771">
        <ele>512.4</ele>
      </trkpt>
      <trkpt lat="42.980572" lon="-0.420761">
        <ele>512</ele>
      </trkpt>
      <trkpt lat="42.980403" lon="-0.420726">
        <ele>511.5</ele>
      </trkpt>
      <trkpt lat="42.98003" lon="-0.420661">
        <ele>515.9</ele>
      </trkpt>
      <trkpt lat="42.979795" lon="-0.420625">
        <ele>518.3</ele>
      </trkpt>
      <trkpt lat="42.979589" lon="-0.420588">
        <ele>519.9</ele>
      </trkpt>
      <trkpt lat="42.979468" lon="-0.420561">
        <ele>522.6</ele>
      </trkpt>
      <trkpt lat="42.979357" lon="-0.420506">
        <ele>524.2</ele>
      </trkpt>
      <trkpt lat="42.979282" lon="-0.420422">
        <ele>523.9</ele>
      </trkpt>
      <trkpt lat="42.979194" lon="-0.420288">
        <ele>525.2</ele>
      </trkpt>
      <trkpt lat="42.979123" lon="-0.420136">
        <ele>526</ele>
      </trkpt>
      <trkpt lat="42.97907" lon="-0.419991">
        <ele>526.2</ele>
      </trkpt>
      <trkpt lat="42.979021" lon="-0.419818">
        <ele>525.9</ele>
      </trkpt>
      <trkpt lat="42.978977" lon="-0.419622">
        <ele>525.2</ele>
      </trkpt>
      <trkpt lat="42.978949" lon="-0.419399">
        <ele>525.4</ele>
      </trkpt>
      <trkpt lat="42.978936" lon="-0.419213">
        <ele>525.6</ele>
      </trkpt>
      <trkpt lat="42.978913" lon="-0.419031">
        <ele>526</ele>
      </trkpt>
      <trkpt lat="42.978875" lon="-0.418927">
        <ele>526.7</ele>
      </trkpt>
      <trkpt lat="42.97881" lon="-0.418836">
        <ele>527.9</ele>
      </trkpt>
      <trkpt lat="42.978729" lon="-0.418791">
        <ele>529.7</ele>
      </trkpt>
      <trkpt lat="42.978641" lon="-0.41877">
        <ele>532.4</ele>
      </trkpt>
      <trkpt lat="42.97853" lon="-0.418789">
        <ele>535.9</ele>
      </trkpt>
      <trkpt lat="42.978454" lon="-0.418855">
        <ele>538.2</ele>
      </trkpt>
      <trkpt lat="42.97837" lon="-0.419002">
        <ele>540.6</ele>
      </trkpt>
      <trkpt lat="42.978304" lon="-0.419241">
        <ele>542.2</ele>
      </trkpt>
      <trkpt lat="42.978253" lon="-0.419573">
        <ele>543.1</ele>
      </trkpt>
      <trkpt lat="42.97814" lon="-0.420096">
        <ele>551.6</ele>
      </trkpt>
      <trkpt lat="42.978093" lon="-0.42035">
        <ele>555.6</ele>
      </trkpt>
      <trkpt lat="42.978064" lon="-0.420599">
        <ele>562.4</ele>
      </trkpt>
      <trkpt lat="42.978072" lon="-0.420763">
        <ele>566.9</ele>
      </trkpt>
      <trkpt lat="42.978134" lon="-0.420922">
        <ele>570.2</ele>
      </trkpt>
      <trkpt lat="42.97822" lon="-0.421031">
        <ele>571.6</ele>
      </trkpt>
      <trkpt lat="42.978339" lon="-0.421088">
        <ele>570.8</ele>
      </trkpt>
      <trkpt lat="42.978525" lon="-0.421153">
        <ele>569.1</ele>
      </trkpt>
      <trkpt lat="42.978748" lon="-0.4213">
        <ele>570.3</ele>
      </trkpt>
      <trkpt lat="42.97898" lon="-0.421454">
        <ele>568</ele>
      </trkpt>
      <trkpt lat="42.979146" lon="-0.421579">
        <ele>565.8</ele>
      </trkpt>
      <trkpt lat="42.979284" lon="-0.421696">
        <ele>563.7</ele>
      </trkpt>
      <trkpt lat="42.97938" lon="-0.421855">
        <ele>564.2</ele>
      </trkpt>
      <trkpt lat="42.979407" lon="-0.421952">
        <ele>565.7</ele>
      </trkpt>
      <trkpt lat="42.979396" lon="-0.42209">
        <ele>570.2</ele>
      </trkpt>
      <trkpt lat="42.979356" lon="-0.422269">
        <ele>574</ele>
      </trkpt>
      <trkpt lat="42.979308" lon="-0.42257">
        <ele>579.7</ele>
      </trkpt>
      <trkpt lat="42.979291" lon="-0.422755">
        <ele>582.7</ele>
      </trkpt>
      <trkpt lat="42.97925" lon="-0.422905">
        <ele>586.9</ele>
      </trkpt>
      <trkpt lat="42.979195" lon="-0.42309">
        <ele>591.9</ele>
      </trkpt>
      <trkpt lat="42.979111" lon="-0.423282">
        <ele>597.8</ele>
      </trkpt>
      <trkpt lat="42.979084" lon="-0.423365">
        <ele>599.6</ele>
      </trkpt>
      <trkpt lat="42.979006" lon="-0.423571">
        <ele>603.6</ele>
      </trkpt>
      <trkpt lat="42.978935" lon="-0.423762">
        <ele>606.3</ele>
      </trkpt>
      <trkpt lat="42.978883" lon="-0.423911">
        <ele>607.8</ele>
      </trkpt>
      <trkpt lat="42.978813" lon="-0.424057">
        <ele>609</ele>
      </trkpt>
      <trkpt lat="42.978748" lon="-0.424148">
        <ele>609.7</ele>
      </trkpt>
      <trkpt lat="42.978603" lon="-0.424246">
        <ele>612.9</ele>
      </trkpt>
      <trkpt lat="42.978463" lon="-0.424365">
        <ele>614.3</ele>
      </trkpt>
      <trkpt lat="42.978344" lon="-0.42444">
        <ele>615.1</ele>
      </trkpt>
      <trkpt lat="42.978212" lon="-0.424554">
        <ele>614</ele>
      </trkpt>
      <trkpt lat="42.978081" lon="-0.424681">
        <ele>614.2</ele>
      </trkpt>
      <trkpt lat="42.97793" lon="-0.424847">
        <ele>614.1</ele>
      </trkpt>
      <trkpt lat="42.977797" lon="-0.424955">
        <ele>614.7</ele>
      </trkpt>
      <trkpt lat="42.977665" lon="-0.425062">
        <ele>614.7</ele>
      </trkpt>
      <trkpt lat="42.977583" lon="-0.425131">
        <ele>614.2</ele>
      </trkpt>
      <trkpt lat="42.977491" lon="-0.425195">
        <ele>613.6</ele>
      </trkpt>
      <trkpt lat="42.977405" lon="-0.425274">
        <ele>612.3</ele>
      </trkpt>
      <trkpt lat="42.977294" lon="-0.425409">
        <ele>609</ele>
      </trkpt>
      <trkpt lat="42.977159" lon="-0.425592">
        <ele>615</ele>
      </trkpt>
      <trkpt lat="42.977065" lon="-0.425775">
        <ele>624.4</ele>
      </trkpt>
      <trkpt lat="42.977014" lon="-0.425897">
        <ele>634.2</ele>
      </trkpt>
      <trkpt lat="42.976964" lon="-0.426109">
        <ele>646</ele>
      </trkpt>
      <trkpt lat="42.976922" lon="-0.426291">
        <ele>653</ele>
      </trkpt>
      <trkpt lat="42.976909" lon="-0.426478">
        <ele>649.2</ele>
      </trkpt>
      <trkpt lat="42.976924" lon="-0.42669">
        <ele>642.3</ele>
      </trkpt>
      <trkpt lat="42.976958" lon="-0.426868">
        <ele>634.7</ele>
      </trkpt>
      <trkpt lat="42.977001" lon="-0.427233">
        <ele>622.1</ele>
      </trkpt>
      <trkpt lat="42.976968" lon="-0.427396">
        <ele>621.2</ele>
      </trkpt>
      <trkpt lat="42.976874" lon="-0.427614">
        <ele>622.9</ele>
      </trkpt>
      <trkpt lat="42.976801" lon="-0.427781">
        <ele>623.3</ele>
      </trkpt>
      <trkpt lat="42.976682" lon="-0.428034">
        <ele>625.4</ele>
      </trkpt>
      <trkpt lat="42.976607" lon="-0.428213">
        <ele>626.2</ele>
      </trkpt>
      <trkpt lat="42.976474" lon="-0.428365">
        <ele>626.6</ele>
      </trkpt>
      <trkpt lat="42.976335" lon="-0.428533">
        <ele>623.2</ele>
      </trkpt>
      <trkpt lat="42.976225" lon="-0.428687">
        <ele>618.5</ele>
      </trkpt>
      <trkpt lat="42.976053" lon="-0.428959">
        <ele>624.5</ele>
      </trkpt>
      <trkpt lat="42.975918" lon="-0.429151">
        <ele>628.3</ele>
      </trkpt>
      <trkpt lat="42.975799" lon="-0.429348">
        <ele>628.6</ele>
      </trkpt>
      <trkpt lat="42.975674" lon="-0.42951">
        <ele>627.6</ele>
      </trkpt>
      <trkpt lat="42.975547" lon="-0.429666">
        <ele>626.2</ele>
      </trkpt>
      <trkpt lat="42.97543" lon="-0.429836">
        <ele>623</ele>
      </trkpt>
      <trkpt lat="42.975324" lon="-0.429959">
        <ele>624.7</ele>
      </trkpt>
      <trkpt lat="42.975221" lon="-0.430072">
        <ele>626.2</ele>
      </trkpt>
      <trkpt lat="42.975044" lon="-0.430278">
        <ele>626</ele>
      </trkpt>
      <trkpt lat="42.9749" lon="-0.430489">
        <ele>624</ele>
      </trkpt>
      <trkpt lat="42.974742" lon="-0.430702">
        <ele>623.2</ele>
      </trkpt>
      <trkpt lat="42.974593" lon="-0.430898">
        <ele>618.1</ele>
      </trkpt>
      <trkpt lat="42.974407" lon="-0.431129">
        <ele>619.9</ele>
      </trkpt>
      <trkpt lat="42.974305" lon="-0.431259">
        <ele>620.6</ele>
      </trkpt>
      <trkpt lat="42.974209" lon="-0.431422">
        <ele>623</ele>
      </trkpt>
      <trkpt lat="42.974139" lon="-0.431551">
        <ele>623.7</ele>
      </trkpt>
      <trkpt lat="42.973987" lon="-0.431846">
        <ele>621.7</ele>
      </trkpt>
      <trkpt lat="42.973898" lon="-0.432047">
        <ele>617.7</ele>
      </trkpt>
      <trkpt lat="42.973808" lon="-0.43221">
        <ele>616.7</ele>
      </trkpt>
      <trkpt lat="42.973707" lon="-0.432329">
        <ele>619.2</ele>
      </trkpt>
      <trkpt lat="42.973624" lon="-0.432449">
        <ele>623.8</ele>
      </trkpt>
      <trkpt lat="42.973493" lon="-0.432616">
        <ele>630</ele>
      </trkpt>
      <trkpt lat="42.973416" lon="-0.432769">
        <ele>631.7</ele>
      </trkpt>
      <trkpt lat="42.973323" lon="-0.432978">
        <ele>632.6</ele>
      </trkpt>
      <trkpt lat="42.973215" lon="-0.433229">
        <ele>634</ele>
      </trkpt>
      <trkpt lat="42.97314" lon="-0.433423">
        <ele>633.6</ele>
      </trkpt>
      <trkpt lat="42.973028" lon="-0.433685">
        <ele>631.9</ele>
      </trkpt>
      <trkpt lat="42.97292" lon="-0.433936">
        <ele>628.3</ele>
      </trkpt>
      <trkpt lat="42.972823" lon="-0.43413">
        <ele>629.4</ele>
      </trkpt>
      <trkpt lat="42.97274" lon="-0.434313">
        <ele>629.3</ele>
      </trkpt>
      <trkpt lat="42.97264" lon="-0.434484">
        <ele>630.1</ele>
      </trkpt>
      <trkpt lat="42.972381" lon="-0.434968">
        <ele>631.4</ele>
      </trkpt>
      <trkpt lat="42.972266" lon="-0.435191">
        <ele>626.3</ele>
      </trkpt>
      <trkpt lat="42.972166" lon="-0.435357">
        <ele>620</ele>
      </trkpt>
      <trkpt lat="42.971909" lon="-0.435769">
        <ele>622.5</ele>
      </trkpt>
      <trkpt lat="42.97176" lon="-0.435969">
        <ele>622.5</ele>
      </trkpt>
      <trkpt lat="42.971642" lon="-0.43608">
        <ele>620.8</ele>
      </trkpt>
      <trkpt lat="42.971531" lon="-0.436201">
        <ele>617.5</ele>
      </trkpt>
      <trkpt lat="42.971435" lon="-0.436282">
        <ele>615.3</ele>
      </trkpt>
      <trkpt lat="42.97131" lon="-0.436328">
        <ele>613.3</ele>
      </trkpt>
      <trkpt lat="42.971212" lon="-0.436328">
        <ele>612.3</ele>
      </trkpt>
      <trkpt lat="42.971092" lon="-0.436315">
        <ele>613</ele>
      </trkpt>
      <trkpt lat="42.970979" lon="-0.436302">
        <ele>613.7</ele>
      </trkpt>
      <trkpt lat="42.970807" lon="-0.436358">
        <ele>614.4</ele>
      </trkpt>
      <trkpt lat="42.970633" lon="-0.436465">
        <ele>614</ele>
      </trkpt>
      <trkpt lat="42.970449" lon="-0.436634">
        <ele>612</ele>
      </trkpt>
      <trkpt lat="42.970244" lon="-0.436867">
        <ele>620.8</ele>
      </trkpt>
      <trkpt lat="42.970021" lon="-0.437189">
        <ele>612.8</ele>
      </trkpt>
      <trkpt lat="42.969873" lon="-0.437424">
        <ele>612.2</ele>
      </trkpt>
      <trkpt lat="42.969765" lon="-0.437614">
        <ele>610.3</ele>
      </trkpt>
      <trkpt lat="42.969617" lon="-0.437776">
        <ele>608</ele>
      </trkpt>
      <trkpt lat="42.969477" lon="-0.437879">
        <ele>607.1</ele>
      </trkpt>
      <trkpt lat="42.969343" lon="-0.437945">
        <ele>606.3</ele>
      </trkpt>
      <trkpt lat="42.969218" lon="-0.437976">
        <ele>607.3</ele>
      </trkpt>
      <trkpt lat="42.969036" lon="-0.43798">
        <ele>607.8</ele>
      </trkpt>
      <trkpt lat="42.968853" lon="-0.437968">
        <ele>607.9</ele>
      </trkpt>
      <trkpt lat="42.968551" lon="-0.437961">
        <ele>611.3</ele>
      </trkpt>
      <trkpt lat="42.968342" lon="-0.437961">
        <ele>614.7</ele>
      </trkpt>
      <trkpt lat="42.968124" lon="-0.437982">
        <ele>618.6</ele>
      </trkpt>
      <trkpt lat="42.967889" lon="-0.438018">
        <ele>624.2</ele>
      </trkpt>
      <trkpt lat="42.967582" lon="-0.438072">
        <ele>642.8</ele>
      </trkpt>
      <trkpt lat="42.96742" lon="-0.438139">
        <ele>649.8</ele>
      </trkpt>
      <trkpt lat="42.967315" lon="-0.438212">
        <ele>651.8</ele>
      </trkpt>
      <trkpt lat="42.967177" lon="-0.43836">
        <ele>648.9</ele>
      </trkpt>
      <trkpt lat="42.967108" lon="-0.438458">
        <ele>644.2</ele>
      </trkpt>
      <trkpt lat="42.966775" lon="-0.438955">
        <ele>633.2</ele>
      </trkpt>
      <trkpt lat="42.966627" lon="-0.439178">
        <ele>635.3</ele>
      </trkpt>
      <trkpt lat="42.966502" lon="-0.439323">
        <ele>633.7</ele>
      </trkpt>
      <trkpt lat="42.966377" lon="-0.43943">
        <ele>630.3</ele>
      </trkpt>
      <trkpt lat="42.96623" lon="-0.439527">
        <ele>625.5</ele>
      </trkpt>
      <trkpt lat="42.966035" lon="-0.439648">
        <ele>630.4</ele>
      </trkpt>
      <trkpt lat="42.965891" lon="-0.439728">
        <ele>635.3</ele>
      </trkpt>
      <trkpt lat="42.965747" lon="-0.439768">
        <ele>637.8</ele>
      </trkpt>
      <trkpt lat="42.965529" lon="-0.439826">
        <ele>640.4</ele>
      </trkpt>
      <trkpt lat="42.965408" lon="-0.439845">
        <ele>641</ele>
      </trkpt>
      <trkpt lat="42.965188" lon="-0.439918">
        <ele>639.7</ele>
      </trkpt>
      <trkpt lat="42.964994" lon="-0.439994">
        <ele>638.6</ele>
      </trkpt>
      <trkpt lat="42.964811" lon="-0.440055">
        <ele>637.4</ele>
      </trkpt>
      <trkpt lat="42.964631" lon="-0.440119">
        <ele>636.3</ele>
      </trkpt>
      <trkpt lat="42.964506" lon="-0.440171">
        <ele>636</ele>
      </trkpt>
      <trkpt lat="42.964379" lon="-0.440182">
        <ele>635.4</ele>
      </trkpt>
      <trkpt lat="42.964204" lon="-0.44022">
        <ele>634.7</ele>
      </trkpt>
      <trkpt lat="42.964013" lon="-0.440212">
        <ele>633.4</ele>
      </trkpt>
      <trkpt lat="42.963889" lon="-0.440183">
        <ele>632.4</ele>
      </trkpt>
      <trkpt lat="42.963762" lon="-0.440177">
        <ele>631.6</ele>
      </trkpt>
      <trkpt lat="42.963604" lon="-0.440187">
        <ele>632.4</ele>
      </trkpt>
      <trkpt lat="42.963481" lon="-0.440205">
        <ele>632.8</ele>
      </trkpt>
      <trkpt lat="42.963337" lon="-0.440208">
        <ele>633.2</ele>
      </trkpt>
      <trkpt lat="42.96319" lon="-0.440176">
        <ele>634.8</ele>
      </trkpt>
      <trkpt lat="42.963021" lon="-0.440132">
        <ele>637.7</ele>
      </trkpt>
      <trkpt lat="42.962903" lon="-0.440096">
        <ele>640.5</ele>
      </trkpt>
      <trkpt lat="42.962794" lon="-0.44008">
        <ele>641.4</ele>
      </trkpt>
      <trkpt lat="42.962616" lon="-0.440082">
        <ele>641.3</ele>
      </trkpt>
      <trkpt lat="42.962533" lon="-0.440117">
        <ele>639.5</ele>
      </trkpt>
      <trkpt lat="42.962413" lon="-0.440153">
        <ele>637.6</ele>
      </trkpt>
      <trkpt lat="42.962239" lon="-0.440194">
        <ele>635.3</ele>
      </trkpt>
      <trkpt lat="42.962096" lon="-0.440246">
        <ele>632.4</ele>
      </trkpt>
      <trkpt lat="42.961921" lon="-0.440261">
        <ele>632.1</ele>
      </trkpt>
      <trkpt lat="42.961794" lon="-0.440283">
        <ele>631.3</ele>
      </trkpt>
      <trkpt lat="42.961659" lon="-0.440289">
        <ele>631.5</ele>
      </trkpt>
      <trkpt lat="42.9615" lon="-0.440273">
        <ele>632.7</ele>
      </trkpt>
      <trkpt lat="42.961321" lon="-0.440184">
        <ele>637.5</ele>
      </trkpt>
      <trkpt lat="42.96114" lon="-0.440108">
        <ele>639.8</ele>
      </trkpt>
      <trkpt lat="42.960939" lon="-0.440001">
        <ele>640.6</ele>
      </trkpt>
      <trkpt lat="42.960788" lon="-0.439951">
        <ele>638.9</ele>
      </trkpt>
      <trkpt lat="42.960637" lon="-0.439903">
        <ele>636.4</ele>
      </trkpt>
      <trkpt lat="42.96036" lon="-0.439838">
        <ele>632.9</ele>
      </trkpt>
      <trkpt lat="42.960145" lon="-0.439793">
        <ele>639.1</ele>
      </trkpt>
      <trkpt lat="42.959956" lon="-0.439753">
        <ele>644.9</ele>
      </trkpt>
      <trkpt lat="42.959621" lon="-0.439766">
        <ele>654.6</ele>
      </trkpt>
      <trkpt lat="42.959425" lon="-0.439772">
        <ele>651.3</ele>
      </trkpt>
      <trkpt lat="42.959249" lon="-0.439782">
        <ele>646.4</ele>
      </trkpt>
      <trkpt lat="42.95901" lon="-0.43981">
        <ele>639.6</ele>
      </trkpt>
      <trkpt lat="42.958848" lon="-0.439824">
        <ele>635.2</ele>
      </trkpt>
      <trkpt lat="42.958694" lon="-0.439846">
        <ele>632.5</ele>
      </trkpt>
      <trkpt lat="42.958558" lon="-0.439881">
        <ele>632.6</ele>
      </trkpt>
      <trkpt lat="42.958403" lon="-0.439918">
        <ele>632.9</ele>
      </trkpt>
      <trkpt lat="42.95823" lon="-0.439966">
        <ele>633.4</ele>
      </trkpt>
      <trkpt lat="42.958076" lon="-0.439994">
        <ele>633.9</ele>
      </trkpt>
      <trkpt lat="42.957981" lon="-0.440002">
        <ele>634.3</ele>
      </trkpt>
      <trkpt lat="42.957864" lon="-0.439989">
        <ele>635.6</ele>
      </trkpt>
      <trkpt lat="42.957757" lon="-0.439945">
        <ele>637.5</ele>
      </trkpt>
      <trkpt lat="42.957629" lon="-0.439865">
        <ele>639</ele>
      </trkpt>
      <trkpt lat="42.957446" lon="-0.439732">
        <ele>639.4</ele>
      </trkpt>
      <trkpt lat="42.957166" lon="-0.439556">
        <ele>639</ele>
      </trkpt>
      <trkpt lat="42.956999" lon="-0.439428">
        <ele>642</ele>
      </trkpt>
      <trkpt lat="42.956682" lon="-0.439171">
        <ele>645</ele>
      </trkpt>
      <trkpt lat="42.956564" lon="-0.439077">
        <ele>645.2</ele>
      </trkpt>
      <trkpt lat="42.956457" lon="-0.439006">
        <ele>644.8</ele>
      </trkpt>
      <trkpt lat="42.956329" lon="-0.438931">
        <ele>643.9</ele>
      </trkpt>
      <trkpt lat="42.95622" lon="-0.438884">
        <ele>643.5</ele>
      </trkpt>
      <trkpt lat="42.956081" lon="-0.438832">
        <ele>645.2</ele>
      </trkpt>
      <trkpt lat="42.955857" lon="-0.438776">
        <ele>647.8</ele>
      </trkpt>
      <trkpt lat="42.955668" lon="-0.438717">
        <ele>651.4</ele>
      </trkpt>
      <trkpt lat="42.95549" lon="-0.438663">
        <ele>656</ele>
      </trkpt>
      <trkpt lat="42.955385" lon="-0.438657">
        <ele>657.5</ele>
      </trkpt>
      <trkpt lat="42.955298" lon="-0.438668">
        <ele>658</ele>
      </trkpt>
      <trkpt lat="42.955208" lon="-0.438724">
        <ele>656.6</ele>
      </trkpt>
      <trkpt lat="42.955088" lon="-0.438839">
        <ele>656.7</ele>
      </trkpt>
      <trkpt lat="42.954995" lon="-0.43894">
        <ele>657.1</ele>
      </trkpt>
      <trkpt lat="42.9549" lon="-0.439019">
        <ele>657.4</ele>
      </trkpt>
      <trkpt lat="42.954838" lon="-0.439083">
        <ele>657.3</ele>
      </trkpt>
      <trkpt lat="42.954767" lon="-0.439096">
        <ele>657.5</ele>
      </trkpt>
      <trkpt lat="42.954648" lon="-0.439097">
        <ele>658.1</ele>
      </trkpt>
      <trkpt lat="42.954524" lon="-0.439097">
        <ele>658.5</ele>
      </trkpt>
      <trkpt lat="42.954331" lon="-0.439075">
        <ele>659.1</ele>
      </trkpt>
      <trkpt lat="42.954164" lon="-0.439014">
        <ele>660.2</ele>
      </trkpt>
      <trkpt lat="42.95403" lon="-0.438939">
        <ele>661.3</ele>
      </trkpt>
      <trkpt lat="42.953901" lon="-0.438896">
        <ele>662</ele>
      </trkpt>
      <trkpt lat="42.953809" lon="-0.438914">
        <ele>661.9</ele>
      </trkpt>
      <trkpt lat="42.953708" lon="-0.438972">
        <ele>662</ele>
      </trkpt>
      <trkpt lat="42.953504" lon="-0.439048">
        <ele>664.4</ele>
      </trkpt>
      <trkpt lat="42.953328" lon="-0.43913">
        <ele>666.1</ele>
      </trkpt>
      <trkpt lat="42.953206" lon="-0.439187">
        <ele>667.2</ele>
      </trkpt>
      <trkpt lat="42.953006" lon="-0.439348">
        <ele>667.7</ele>
      </trkpt>
      <trkpt lat="42.952828" lon="-0.439495">
        <ele>668.5</ele>
      </trkpt>
      <trkpt lat="42.952716" lon="-0.439605">
        <ele>669.3</ele>
      </trkpt>
      <trkpt lat="42.952591" lon="-0.439694">
        <ele>671.4</ele>
      </trkpt>
      <trkpt lat="42.952508" lon="-0.43981">
        <ele>672</ele>
      </trkpt>
      <trkpt lat="42.952404" lon="-0.439956">
        <ele>671.8</ele>
      </trkpt>
      <trkpt lat="42.95232" lon="-0.440144">
        <ele>670</ele>
      </trkpt>
      <trkpt lat="42.952221" lon="-0.440253">
        <ele>668.5</ele>
      </trkpt>
      <trkpt lat="42.952109" lon="-0.440377">
        <ele>665.9</ele>
      </trkpt>
      <trkpt lat="42.952002" lon="-0.440491">
        <ele>669.3</ele>
      </trkpt>
      <trkpt lat="42.951876" lon="-0.440594">
        <ele>674.3</ele>
      </trkpt>
      <trkpt lat="42.951756" lon="-0.440682">
        <ele>677.5</ele>
      </trkpt>
      <trkpt lat="42.951629" lon="-0.440768">
        <ele>679.6</ele>
      </trkpt>
      <trkpt lat="42.951532" lon="-0.440823">
        <ele>680.3</ele>
      </trkpt>
      <trkpt lat="42.951411" lon="-0.44092">
        <ele>680.3</ele>
      </trkpt>
      <trkpt lat="42.951273" lon="-0.441007">
        <ele>678.8</ele>
      </trkpt>
      <trkpt lat="42.951161" lon="-0.441104">
        <ele>679.4</ele>
      </trkpt>
      <trkpt lat="42.951046" lon="-0.441138">
        <ele>681.3</ele>
      </trkpt>
      <trkpt lat="42.950947" lon="-0.441176">
        <ele>682.8</ele>
      </trkpt>
      <trkpt lat="42.950852" lon="-0.441211">
        <ele>684.2</ele>
      </trkpt>
      <trkpt lat="42.95073" lon="-0.441284">
        <ele>685.9</ele>
      </trkpt>
      <trkpt lat="42.950626" lon="-0.441385">
        <ele>686.9</ele>
      </trkpt>
      <trkpt lat="42.950554" lon="-0.441501">
        <ele>686.4</ele>
      </trkpt>
      <trkpt lat="42.950493" lon="-0.441669">
        <ele>684.2</ele>
      </trkpt>
      <trkpt lat="42.950447" lon="-0.441794">
        <ele>681.8</ele>
      </trkpt>
      <trkpt lat="42.950382" lon="-0.441933">
        <ele>679.5</ele>
      </trkpt>
      <trkpt lat="42.950302" lon="-0.442042">
        <ele>678.9</ele>
      </trkpt>
      <trkpt lat="42.950205" lon="-0.442145">
        <ele>680.9</ele>
      </trkpt>
      <trkpt lat="42.950061" lon="-0.442293">
        <ele>685.4</ele>
      </trkpt>
      <trkpt lat="42.949966" lon="-0.442404">
        <ele>687.9</ele>
      </trkpt>
      <trkpt lat="42.949827" lon="-0.44254">
        <ele>690.4</ele>
      </trkpt>
      <trkpt lat="42.949693" lon="-0.442685">
        <ele>692.1</ele>
      </trkpt>
      <trkpt lat="42.94958" lon="-0.442798">
        <ele>692.7</ele>
      </trkpt>
      <trkpt lat="42.949515" lon="-0.442902">
        <ele>693.4</ele>
      </trkpt>
      <trkpt lat="42.949454" lon="-0.44307">
        <ele>703</ele>
      </trkpt>
      <trkpt lat="42.9494" lon="-0.443206">
        <ele>711.6</ele>
      </trkpt>
      <trkpt lat="42.949352" lon="-0.443252">
        <ele>714.9</ele>
      </trkpt>
      <trkpt lat="42.949253" lon="-0.443297">
        <ele>718.8</ele>
      </trkpt>
      <trkpt lat="42.949126" lon="-0.443302">
        <ele>720.5</ele>
      </trkpt>
      <trkpt lat="42.948966" lon="-0.44328">
        <ele>721</ele>
      </trkpt>
      <trkpt lat="42.948761" lon="-0.44322">
        <ele>719.3</ele>
      </trkpt>
      <trkpt lat="42.94859" lon="-0.443146">
        <ele>714.2</ele>
      </trkpt>
      <trkpt lat="42.94839" lon="-0.443037">
        <ele>707.4</ele>
      </trkpt>
      <trkpt lat="42.948224" lon="-0.442939">
        <ele>702.1</ele>
      </trkpt>
      <trkpt lat="42.948062" lon="-0.442836">
        <ele>699.9</ele>
      </trkpt>
      <trkpt lat="42.947921" lon="-0.442792">
        <ele>699.3</ele>
      </trkpt>
      <trkpt lat="42.947762" lon="-0.44279">
        <ele>698</ele>
      </trkpt>
      <trkpt lat="42.947589" lon="-0.44281">
        <ele>696.9</ele>
      </trkpt>
      <trkpt lat="42.947454" lon="-0.442848">
        <ele>696.4</ele>
      </trkpt>
      <trkpt lat="42.94733" lon="-0.442876">
        <ele>695.7</ele>
      </trkpt>
      <trkpt lat="42.947134" lon="-0.442929">
        <ele>695</ele>
      </trkpt>
      <trkpt lat="42.946975" lon="-0.442925">
        <ele>697.6</ele>
      </trkpt>
      <trkpt lat="42.946822" lon="-0.442899">
        <ele>701.1</ele>
      </trkpt>
      <trkpt lat="42.946698" lon="-0.442832">
        <ele>703</ele>
      </trkpt>
      <trkpt lat="42.946354" lon="-0.442618">
        <ele>704.7</ele>
      </trkpt>
      <trkpt lat="42.946184" lon="-0.442492">
        <ele>702.7</ele>
      </trkpt>
      <trkpt lat="42.946027" lon="-0.442393">
        <ele>699.9</ele>
      </trkpt>
      <trkpt lat="42.945905" lon="-0.44231">
        <ele>697.1</ele>
      </trkpt>
      <trkpt lat="42.945714" lon="-0.44221">
        <ele>693.4</ele>
      </trkpt>
      <trkpt lat="42.945613" lon="-0.442193">
        <ele>693</ele>
      </trkpt>
      <trkpt lat="42.945484" lon="-0.442218">
        <ele>694.6</ele>
      </trkpt>
      <trkpt lat="42.94536" lon="-0.442274">
        <ele>697.5</ele>
      </trkpt>
      <trkpt lat="42.9452" lon="-0.442346">
        <ele>700.5</ele>
      </trkpt>
      <trkpt lat="42.944942" lon="-0.442426">
        <ele>703.3</ele>
      </trkpt>
      <trkpt lat="42.944708" lon="-0.442517">
        <ele>706.4</ele>
      </trkpt>
      <trkpt lat="42.944497" lon="-0.442624">
        <ele>710.4</ele>
      </trkpt>
      <trkpt lat="42.944352" lon="-0.442693">
        <ele>713.3</ele>
      </trkpt>
      <trkpt lat="42.944023" lon="-0.442798">
        <ele>717.2</ele>
      </trkpt>
      <trkpt lat="42.943912" lon="-0.442823">
        <ele>718</ele>
      </trkpt>
      <trkpt lat="42.94377" lon="-0.44285">
        <ele>718.7</ele>
      </trkpt>
      <trkpt lat="42.943615" lon="-0.442862">
        <ele>719</ele>
      </trkpt>
      <trkpt lat="42.94349" lon="-0.442875">
        <ele>719.3</ele>
      </trkpt>
      <trkpt lat="42.943269" lon="-0.442875">
        <ele>719.1</ele>
      </trkpt>
      <trkpt lat="42.943049" lon="-0.442875">
        <ele>718.8</ele>
      </trkpt>
      <trkpt lat="42.942894" lon="-0.442877">
        <ele>718.5</ele>
      </trkpt>
      <trkpt lat="42.942592" lon="-0.442865">
        <ele>714.5</ele>
      </trkpt>
      <trkpt lat="42.942367" lon="-0.442844">
        <ele>711.3</ele>
      </trkpt>
      <trkpt lat="42.942219" lon="-0.442844">
        <ele>709.6</ele>
      </trkpt>
      <trkpt lat="42.942077" lon="-0.44287">
        <ele>708.4</ele>
      </trkpt>
      <trkpt lat="42.941959" lon="-0.442927">
        <ele>708.9</ele>
      </trkpt>
      <trkpt lat="42.941809" lon="-0.443012">
        <ele>712.8</ele>
      </trkpt>
      <trkpt lat="42.941623" lon="-0.443124">
        <ele>717.8</ele>
      </trkpt>
      <trkpt lat="42.94148" lon="-0.443218">
        <ele>721.8</ele>
      </trkpt>
      <trkpt lat="42.941232" lon="-0.443356">
        <ele>727</ele>
      </trkpt>
      <trkpt lat="42.940919" lon="-0.443568">
        <ele>733.5</ele>
      </trkpt>
      <trkpt lat="42.94079" lon="-0.443646">
        <ele>734.8</ele>
      </trkpt>
      <trkpt lat="42.940679" lon="-0.443689">
        <ele>734.7</ele>
      </trkpt>
      <trkpt lat="42.940549" lon="-0.443703">
        <ele>732.9</ele>
      </trkpt>
      <trkpt lat="42.940299" lon="-0.443752">
        <ele>734.9</ele>
      </trkpt>
      <trkpt lat="42.940187" lon="-0.443771">
        <ele>739</ele>
      </trkpt>
      <trkpt lat="42.940056" lon="-0.443785">
        <ele>743.5</ele>
      </trkpt>
      <trkpt lat="42.939968" lon="-0.443789">
        <ele>746.2</ele>
      </trkpt>
      <trkpt lat="42.939859" lon="-0.443766">
        <ele>746.5</ele>
      </trkpt>
      <trkpt lat="42.939664" lon="-0.443708">
        <ele>748</ele>
      </trkpt>
      <trkpt lat="42.939383" lon="-0.443628">
        <ele>755.3</ele>
      </trkpt>
      <trkpt lat="42.939157" lon="-0.443551">
        <ele>760.1</ele>
      </trkpt>
      <trkpt lat="42.93888" lon="-0.443456">
        <ele>763.8</ele>
      </trkpt>
      <trkpt lat="42.938686" lon="-0.443345">
        <ele>760.1</ele>
      </trkpt>
      <trkpt lat="42.938482" lon="-0.443219">
        <ele>751.2</ele>
      </trkpt>
      <trkpt lat="42.93836" lon="-0.443154">
        <ele>746.7</ele>
      </trkpt>
      <trkpt lat="42.938199" lon="-0.443097">
        <ele>742.7</ele>
      </trkpt>
      <trkpt lat="42.938044" lon="-0.443083">
        <ele>741.5</ele>
      </trkpt>
      <trkpt lat="42.937901" lon="-0.443104">
        <ele>742.3</ele>
      </trkpt>
      <trkpt lat="42.937718" lon="-0.443164">
        <ele>743.9</ele>
      </trkpt>
      <trkpt lat="42.937653" lon="-0.4432">
        <ele>744.9</ele>
      </trkpt>
      <trkpt lat="42.937482" lon="-0.443269">
        <ele>745.6</ele>
      </trkpt>
      <trkpt lat="42.937311" lon="-0.443347">
        <ele>745.7</ele>
      </trkpt>
      <trkpt lat="42.937128" lon="-0.443417">
        <ele>744.2</ele>
      </trkpt>
      <trkpt lat="42.936961" lon="-0.443481">
        <ele>743.5</ele>
      </trkpt>
      <trkpt lat="42.936825" lon="-0.443549">
        <ele>742.8</ele>
      </trkpt>
      <trkpt lat="42.93673" lon="-0.443623">
        <ele>742</ele>
      </trkpt>
      <trkpt lat="42.936667" lon="-0.443704">
        <ele>741.3</ele>
      </trkpt>
      <trkpt lat="42.936577" lon="-0.44386">
        <ele>741.9</ele>
      </trkpt>
      <trkpt lat="42.936475" lon="-0.444051">
        <ele>742.4</ele>
      </trkpt>
      <trkpt lat="42.936398" lon="-0.444192">
        <ele>741.6</ele>
      </trkpt>
      <trkpt lat="42.93632" lon="-0.444342">
        <ele>739.7</ele>
      </trkpt>
      <trkpt lat="42.936264" lon="-0.4445">
        <ele>738.2</ele>
      </trkpt>
      <trkpt lat="42.936177" lon="-0.444833">
        <ele>744.9</ele>
      </trkpt>
      <trkpt lat="42.936124" lon="-0.445053">
        <ele>750</ele>
      </trkpt>
      <trkpt lat="42.936075" lon="-0.445201">
        <ele>752.6</ele>
      </trkpt>
      <trkpt lat="42.936043" lon="-0.445273">
        <ele>753.3</ele>
      </trkpt>
      <trkpt lat="42.935905" lon="-0.445508">
        <ele>755.1</ele>
      </trkpt>
      <trkpt lat="42.935817" lon="-0.445646">
        <ele>756.7</ele>
      </trkpt>
      <trkpt lat="42.935695" lon="-0.445791">
        <ele>756.2</ele>
      </trkpt>
      <trkpt lat="42.935583" lon="-0.445907">
        <ele>754.4</ele>
      </trkpt>
      <trkpt lat="42.935499" lon="-0.445969">
        <ele>751.8</ele>
      </trkpt>
      <trkpt lat="42.9354" lon="-0.446037">
        <ele>749</ele>
      </trkpt>
      <trkpt lat="42.935335" lon="-0.446076">
        <ele>749.5</ele>
      </trkpt>
      <trkpt lat="42.935053" lon="-0.446172">
        <ele>749.2</ele>
      </trkpt>
      <trkpt lat="42.934783" lon="-0.446255">
        <ele>748.4</ele>
      </trkpt>
      <trkpt lat="42.934479" lon="-0.44636">
        <ele>750.7</ele>
      </trkpt>
      <trkpt lat="42.934351" lon="-0.446391">
        <ele>751.1</ele>
      </trkpt>
      <trkpt lat="42.933879" lon="-0.446554">
        <ele>755.1</ele>
      </trkpt>
      <trkpt lat="42.933656" lon="-0.44662">
        <ele>757.1</ele>
      </trkpt>
      <trkpt lat="42.933485" lon="-0.446678">
        <ele>759.3</ele>
      </trkpt>
      <trkpt lat="42.933276" lon="-0.446739">
        <ele>760.9</ele>
      </trkpt>
      <trkpt lat="42.933029" lon="-0.446829">
        <ele>762.8</ele>
      </trkpt>
      <trkpt lat="42.932805" lon="-0.446902">
        <ele>763</ele>
      </trkpt>
      <trkpt lat="42.932571" lon="-0.446967">
        <ele>762</ele>
      </trkpt>
      <trkpt lat="42.93215" lon="-0.447082">
        <ele>759</ele>
      </trkpt>
      <trkpt lat="42.931909" lon="-0.447185">
        <ele>759.7</ele>
      </trkpt>
      <trkpt lat="42.931728" lon="-0.44726">
        <ele>759.1</ele>
      </trkpt>
      <trkpt lat="42.931562" lon="-0.447356">
        <ele>758.6</ele>
      </trkpt>
      <trkpt lat="42.931479" lon="-0.447423">
        <ele>758.6</ele>
      </trkpt>
      <trkpt lat="42.931364" lon="-0.447555">
        <ele>759</ele>
      </trkpt>
      <trkpt lat="42.931261" lon="-0.447715">
        <ele>759.6</ele>
      </trkpt>
      <trkpt lat="42.931165" lon="-0.447885">
        <ele>762.9</ele>
      </trkpt>
      <trkpt lat="42.93106" lon="-0.448035">
        <ele>766.8</ele>
      </trkpt>
      <trkpt lat="42.930979" lon="-0.448112">
        <ele>768.9</ele>
      </trkpt>
      <trkpt lat="42.930871" lon="-0.448197">
        <ele>771.5</ele>
      </trkpt>
      <trkpt lat="42.93077" lon="-0.448249">
        <ele>773.1</ele>
      </trkpt>
      <trkpt lat="42.930605" lon="-0.448309">
        <ele>775.1</ele>
      </trkpt>
      <trkpt lat="42.930435" lon="-0.448359">
        <ele>777</ele>
      </trkpt>
      <trkpt lat="42.930282" lon="-0.4484">
        <ele>781.3</ele>
      </trkpt>
      <trkpt lat="42.93014" lon="-0.4484">
        <ele>784.3</ele>
      </trkpt>
      <trkpt lat="42.929949" lon="-0.448373">
        <ele>787</ele>
      </trkpt>
      <trkpt lat="42.929823" lon="-0.448352">
        <ele>788.6</ele>
      </trkpt>
      <trkpt lat="42.929687" lon="-0.448285">
        <ele>788.1</ele>
      </trkpt>
      <trkpt lat="42.929554" lon="-0.448207">
        <ele>787.1</ele>
      </trkpt>
      <trkpt lat="42.9294" lon="-0.4481">
        <ele>786.1</ele>
      </trkpt>
      <trkpt lat="42.929307" lon="-0.448029">
        <ele>785.2</ele>
      </trkpt>
      <trkpt lat="42.929024" lon="-0.447834">
        <ele>784.8</ele>
      </trkpt>
      <trkpt lat="42.92881" lon="-0.447695">
        <ele>784.8</ele>
      </trkpt>
      <trkpt lat="42.928427" lon="-0.447443">
        <ele>779.1</ele>
      </trkpt>
      <trkpt lat="42.928267" lon="-0.447336">
        <ele>776.1</ele>
      </trkpt>
      <trkpt lat="42.92813" lon="-0.447286">
        <ele>775.2</ele>
      </trkpt>
      <trkpt lat="42.928028" lon="-0.447264">
        <ele>775.2</ele>
      </trkpt>
      <trkpt lat="42.927837" lon="-0.447207">
        <ele>774.3</ele>
      </trkpt>
      <trkpt lat="42.927718" lon="-0.447177">
        <ele>773.9</ele>
      </trkpt>
      <trkpt lat="42.92753" lon="-0.44715">
        <ele>774.4</ele>
      </trkpt>
      <trkpt lat="42.927429" lon="-0.44716">
        <ele>775.6</ele>
      </trkpt>
      <trkpt lat="42.927287" lon="-0.447171">
        <ele>777.3</ele>
      </trkpt>
      <trkpt lat="42.927176" lon="-0.447226">
        <ele>780.1</ele>
      </trkpt>
      <trkpt lat="42.927061" lon="-0.447333">
        <ele>784.7</ele>
      </trkpt>
      <trkpt lat="42.926956" lon="-0.447481">
        <ele>791</ele>
      </trkpt>
      <trkpt lat="42.926855" lon="-0.447595">
        <ele>796.4</ele>
      </trkpt>
      <trkpt lat="42.926763" lon="-0.447682">
        <ele>800.9</ele>
      </trkpt>
      <trkpt lat="42.926666" lon="-0.447715">
        <ele>803.5</ele>
      </trkpt>
      <trkpt lat="42.92654" lon="-0.447708">
        <ele>805.1</ele>
      </trkpt>
      <trkpt lat="42.926411" lon="-0.447649">
        <ele>804.7</ele>
      </trkpt>
      <trkpt lat="42.926286" lon="-0.447549">
        <ele>802.5</ele>
      </trkpt>
      <trkpt lat="42.926154" lon="-0.447494">
        <ele>804.3</ele>
      </trkpt>
      <trkpt lat="42.925999" lon="-0.447438">
        <ele>807.4</ele>
      </trkpt>
      <trkpt lat="42.925912" lon="-0.447382">
        <ele>807.9</ele>
      </trkpt>
      <trkpt lat="42.925788" lon="-0.447279">
        <ele>807.3</ele>
      </trkpt>
      <trkpt lat="42.925657" lon="-0.447181">
        <ele>806.7</ele>
      </trkpt>
      <trkpt lat="42.925455" lon="-0.447053">
        <ele>806.8</ele>
      </trkpt>
      <trkpt lat="42.925261" lon="-0.446965">
        <ele>810.4</ele>
      </trkpt>
      <trkpt lat="42.92496" lon="-0.446857">
        <ele>816.8</ele>
      </trkpt>
      <trkpt lat="42.924777" lon="-0.446806">
        <ele>820.8</ele>
      </trkpt>
      <trkpt lat="42.92465" lon="-0.446725">
        <ele>821.2</ele>
      </trkpt>
      <trkpt lat="42.924508" lon="-0.44661">
        <ele>821.4</ele>
      </trkpt>
      <trkpt lat="42.924291" lon="-0.44634">
        <ele>819.6</ele>
      </trkpt>
      <trkpt lat="42.924183" lon="-0.44621">
        <ele>819.7</ele>
      </trkpt>
      <trkpt lat="42.924077" lon="-0.446129">
        <ele>821.8</ele>
      </trkpt>
      <trkpt lat="42.923975" lon="-0.446059">
        <ele>823.6</ele>
      </trkpt>
      <trkpt lat="42.923897" lon="-0.446024">
        <ele>825.4</ele>
      </trkpt>
      <trkpt lat="42.923719" lon="-0.445924">
        <ele>827.5</ele>
      </trkpt>
      <trkpt lat="42.923491" lon="-0.445825">
        <ele>829.6</ele>
      </trkpt>
      <trkpt lat="42.923316" lon="-0.445753">
        <ele>831.4</ele>
      </trkpt>
      <trkpt lat="42.923037" lon="-0.445622">
        <ele>833</ele>
      </trkpt>
      <trkpt lat="42.922877" lon="-0.445521">
        <ele>832.3</ele>
      </trkpt>
      <trkpt lat="42.922733" lon="-0.445428">
        <ele>831.8</ele>
      </trkpt>
      <trkpt lat="42.922521" lon="-0.445318">
        <ele>834</ele>
      </trkpt>
      <trkpt lat="42.922351" lon="-0.445273">
        <ele>837</ele>
      </trkpt>
      <trkpt lat="42.922203" lon="-0.445227">
        <ele>838.9</ele>
      </trkpt>
      <trkpt lat="42.921984" lon="-0.445162">
        <ele>841.9</ele>
      </trkpt>
      <trkpt lat="42.921795" lon="-0.44511">
        <ele>845.5</ele>
      </trkpt>
      <trkpt lat="42.921676" lon="-0.445064">
        <ele>847.1</ele>
      </trkpt>
      <trkpt lat="42.921584" lon="-0.444986">
        <ele>846.2</ele>
      </trkpt>
      <trkpt lat="42.921457" lon="-0.444853">
        <ele>843.8</ele>
      </trkpt>
      <trkpt lat="42.921392" lon="-0.444782">
        <ele>842.6</ele>
      </trkpt>
      <trkpt lat="42.921306" lon="-0.444729">
        <ele>843.1</ele>
      </trkpt>
      <trkpt lat="42.921185" lon="-0.444699">
        <ele>846.6</ele>
      </trkpt>
      <trkpt lat="42.921093" lon="-0.444634">
        <ele>847.6</ele>
      </trkpt>
      <trkpt lat="42.921019" lon="-0.44453">
        <ele>846.3</ele>
      </trkpt>
      <trkpt lat="42.920929" lon="-0.444402">
        <ele>844.5</ele>
      </trkpt>
      <trkpt lat="42.920866" lon="-0.444322">
        <ele>843.5</ele>
      </trkpt>
      <trkpt lat="42.920663" lon="-0.444197">
        <ele>845.4</ele>
      </trkpt>
      <trkpt lat="42.920499" lon="-0.444144">
        <ele>848.7</ele>
      </trkpt>
      <trkpt lat="42.920328" lon="-0.4441">
        <ele>852.9</ele>
      </trkpt>
      <trkpt lat="42.920166" lon="-0.444018">
        <ele>855.1</ele>
      </trkpt>
      <trkpt lat="42.919982" lon="-0.443904">
        <ele>856.3</ele>
      </trkpt>
      <trkpt lat="42.919883" lon="-0.443823">
        <ele>855.8</ele>
      </trkpt>
      <trkpt lat="42.919642" lon="-0.443594">
        <ele>852.5</ele>
      </trkpt>
      <trkpt lat="42.919509" lon="-0.443428">
        <ele>848.5</ele>
      </trkpt>
      <trkpt lat="42.91938" lon="-0.443284">
        <ele>846.3</ele>
      </trkpt>
      <trkpt lat="42.919265" lon="-0.443159">
        <ele>844.3</ele>
      </trkpt>
      <trkpt lat="42.919161" lon="-0.443068">
        <ele>843.7</ele>
      </trkpt>
      <trkpt lat="42.91883" lon="-0.442905">
        <ele>849.7</ele>
      </trkpt>
      <trkpt lat="42.918655" lon="-0.442841">
        <ele>856.9</ele>
      </trkpt>
      <trkpt lat="42.918504" lon="-0.442775">
        <ele>863.5</ele>
      </trkpt>
      <trkpt lat="42.918424" lon="-0.442729">
        <ele>866.3</ele>
      </trkpt>
      <trkpt lat="42.918354" lon="-0.442637">
        <ele>866.2</ele>
      </trkpt>
      <trkpt lat="42.918193" lon="-0.442468">
        <ele>867.1</ele>
      </trkpt>
      <trkpt lat="42.918096" lon="-0.442362">
        <ele>867</ele>
      </trkpt>
      <trkpt lat="42.917964" lon="-0.442199">
        <ele>865.1</ele>
      </trkpt>
      <trkpt lat="42.91784" lon="-0.44193">
        <ele>859.7</ele>
      </trkpt>
      <trkpt lat="42.91777" lon="-0.441785">
        <ele>858.2</ele>
      </trkpt>
      <trkpt lat="42.917714" lon="-0.441634">
        <ele>855.5</ele>
      </trkpt>
      <trkpt lat="42.917665" lon="-0.441453">
        <ele>851.2</ele>
      </trkpt>
      <trkpt lat="42.917632" lon="-0.441218">
        <ele>844.6</ele>
      </trkpt>
      <trkpt lat="42.917609" lon="-0.441048">
        <ele>843.2</ele>
      </trkpt>
      <trkpt lat="42.917555" lon="-0.44091">
        <ele>843.8</ele>
      </trkpt>
      <trkpt lat="42.917477" lon="-0.440744">
        <ele>844.8</ele>
      </trkpt>
      <trkpt lat="42.917371" lon="-0.440585">
        <ele>846.8</ele>
      </trkpt>
      <trkpt lat="42.917245" lon="-0.440466">
        <ele>850.1</ele>
      </trkpt>
      <trkpt lat="42.917121" lon="-0.440376">
        <ele>853.4</ele>
      </trkpt>
      <trkpt lat="42.917009" lon="-0.44029">
        <ele>855.2</ele>
      </trkpt>
      <trkpt lat="42.916921" lon="-0.44018">
        <ele>855.1</ele>
      </trkpt>
      <trkpt lat="42.916874" lon="-0.440099">
        <ele>854.4</ele>
      </trkpt>
      <trkpt lat="42.916777" lon="-0.439946">
        <ele>853.2</ele>
      </trkpt>
      <trkpt lat="42.916673" lon="-0.439854">
        <ele>853.6</ele>
      </trkpt>
      <trkpt lat="42.916569" lon="-0.439783">
        <ele>854.5</ele>
      </trkpt>
      <trkpt lat="42.916382" lon="-0.439652">
        <ele>855.7</ele>
      </trkpt>
      <trkpt lat="42.916279" lon="-0.439581">
        <ele>856.2</ele>
      </trkpt>
      <trkpt lat="42.916145" lon="-0.43952">
        <ele>856.8</ele>
      </trkpt>
      <trkpt lat="42.916028" lon="-0.439512">
        <ele>858.6</ele>
      </trkpt>
      <trkpt lat="42.915901" lon="-0.4395">
        <ele>860.5</ele>
      </trkpt>
      <trkpt lat="42.915736" lon="-0.439444">
        <ele>861.4</ele>
      </trkpt>
      <trkpt lat="42.915642" lon="-0.439389">
        <ele>861.1</ele>
      </trkpt>
      <trkpt lat="42.915565" lon="-0.439367">
        <ele>861.7</ele>
      </trkpt>
      <trkpt lat="42.915383" lon="-0.439353">
        <ele>863.8</ele>
      </trkpt>
      <trkpt lat="42.915213" lon="-0.43937">
        <ele>864.5</ele>
      </trkpt>
      <trkpt lat="42.915082" lon="-0.43941">
        <ele>865.9</ele>
      </trkpt>
      <trkpt lat="42.914909" lon="-0.439449">
        <ele>867</ele>
      </trkpt>
      <trkpt lat="42.914756" lon="-0.439448">
        <ele>867</ele>
      </trkpt>
      <trkpt lat="42.914565" lon="-0.439439">
        <ele>867</ele>
      </trkpt>
      <trkpt lat="42.914317" lon="-0.439441">
        <ele>871.4</ele>
      </trkpt>
      <trkpt lat="42.914116" lon="-0.439428">
        <ele>874.5</ele>
      </trkpt>
      <trkpt lat="42.913976" lon="-0.439439">
        <ele>877.2</ele>
      </trkpt>
      <trkpt lat="42.913887" lon="-0.439461">
        <ele>879.5</ele>
      </trkpt>
      <trkpt lat="42.913778" lon="-0.439531">
        <ele>883.7</ele>
      </trkpt>
      <trkpt lat="42.913642" lon="-0.439653">
        <ele>894.1</ele>
      </trkpt>
      <trkpt lat="42.913539" lon="-0.439711">
        <ele>901.5</ele>
      </trkpt>
      <trkpt lat="42.913412" lon="-0.439719">
        <ele>908.1</ele>
      </trkpt>
      <trkpt lat="42.913293" lon="-0.439675">
        <ele>912.2</ele>
      </trkpt>
      <trkpt lat="42.913145" lon="-0.439539">
        <ele>913.7</ele>
      </trkpt>
      <trkpt lat="42.913006" lon="-0.439422">
        <ele>914.4</ele>
      </trkpt>
      <trkpt lat="42.912872" lon="-0.439318">
        <ele>913.5</ele>
      </trkpt>
      <trkpt lat="42.912691" lon="-0.43921">
        <ele>910.5</ele>
      </trkpt>
      <trkpt lat="42.91252" lon="-0.439138">
        <ele>909.7</ele>
      </trkpt>
      <trkpt lat="42.912429" lon="-0.439067">
        <ele>908</ele>
      </trkpt>
      <trkpt lat="42.912319" lon="-0.438929">
        <ele>904.1</ele>
      </trkpt>
      <trkpt lat="42.912229" lon="-0.438791">
        <ele>900.3</ele>
      </trkpt>
      <trkpt lat="42.912118" lon="-0.438649">
        <ele>898.3</ele>
      </trkpt>
      <trkpt lat="42.912031" lon="-0.438564">
        <ele>898.1</ele>
      </trkpt>
      <trkpt lat="42.911949" lon="-0.438515">
        <ele>898.9</ele>
      </trkpt>
      <trkpt lat="42.911808" lon="-0.438462">
        <ele>901.2</ele>
      </trkpt>
      <trkpt lat="42.911615" lon="-0.438424">
        <ele>905.2</ele>
      </trkpt>
      <trkpt lat="42.911421" lon="-0.438407">
        <ele>909.9</ele>
      </trkpt>
      <trkpt lat="42.911262" lon="-0.438322">
        <ele>911.3</ele>
      </trkpt>
      <trkpt lat="42.911086" lon="-0.438206">
        <ele>913.1</ele>
      </trkpt>
      <trkpt lat="42.91096" lon="-0.438126">
        <ele>914.3</ele>
      </trkpt>
      <trkpt lat="42.910807" lon="-0.43804">
        <ele>915.7</ele>
      </trkpt>
      <trkpt lat="42.910606" lon="-0.437938">
        <ele>917.5</ele>
      </trkpt>
      <trkpt lat="42.910496" lon="-0.437831">
        <ele>918.3</ele>
      </trkpt>
      <trkpt lat="42.910398" lon="-0.437661">
        <ele>918.5</ele>
      </trkpt>
      <trkpt lat="42.910344" lon="-0.437492">
        <ele>917.9</ele>
      </trkpt>
      <trkpt lat="42.910311" lon="-0.437312">
        <ele>916.1</ele>
      </trkpt>
      <trkpt lat="42.910276" lon="-0.43708">
        <ele>913.4</ele>
      </trkpt>
      <trkpt lat="42.910259" lon="-0.436951">
        <ele>912.5</ele>
      </trkpt>
      <trkpt lat="42.910211" lon="-0.436835">
        <ele>912.8</ele>
      </trkpt>
      <trkpt lat="42.910138" lon="-0.436774">
        <ele>914.7</ele>
      </trkpt>
      <trkpt lat="42.910017" lon="-0.436805">
        <ele>919.5</ele>
      </trkpt>
      <trkpt lat="42.909944" lon="-0.436902">
        <ele>923.6</ele>
      </trkpt>
      <trkpt lat="42.909921" lon="-0.437082">
        <ele>927</ele>
      </trkpt>
      <trkpt lat="42.909946" lon="-0.437307">
        <ele>930.6</ele>
      </trkpt>
      <trkpt lat="42.909979" lon="-0.437504">
        <ele>933.2</ele>
      </trkpt>
      <trkpt lat="42.910046" lon="-0.437681">
        <ele>933.9</ele>
      </trkpt>
      <trkpt lat="42.910105" lon="-0.437823">
        <ele>934.1</ele>
      </trkpt>
      <trkpt lat="42.910127" lon="-0.437913">
        <ele>934.8</ele>
      </trkpt>
      <trkpt lat="42.910128" lon="-0.438011">
        <ele>938.7</ele>
      </trkpt>
      <trkpt lat="42.910075" lon="-0.438097">
        <ele>944.4</ele>
      </trkpt>
      <trkpt lat="42.909971" lon="-0.438147">
        <ele>950.7</ele>
      </trkpt>
      <trkpt lat="42.909888" lon="-0.438115">
        <ele>952.9</ele>
      </trkpt>
      <trkpt lat="42.909811" lon="-0.437997">
        <ele>951.8</ele>
      </trkpt>
      <trkpt lat="42.909731" lon="-0.437726">
        <ele>948.3</ele>
      </trkpt>
      <trkpt lat="42.909679" lon="-0.437552">
        <ele>946.7</ele>
      </trkpt>
      <trkpt lat="42.909618" lon="-0.437423">
        <ele>946.3</ele>
      </trkpt>
      <trkpt lat="42.909508" lon="-0.437282">
        <ele>948.5</ele>
      </trkpt>
      <trkpt lat="42.909417" lon="-0.437147">
        <ele>950.4</ele>
      </trkpt>
      <trkpt lat="42.909351" lon="-0.436967">
        <ele>950.4</ele>
      </trkpt>
      <trkpt lat="42.909318" lon="-0.4368">
        <ele>949</ele>
      </trkpt>
      <trkpt lat="42.909305" lon="-0.436612">
        <ele>946.2</ele>
      </trkpt>
      <trkpt lat="42.909277" lon="-0.436449">
        <ele>944.5</ele>
      </trkpt>
      <trkpt lat="42.90923" lon="-0.436337">
        <ele>944.6</ele>
      </trkpt>
      <trkpt lat="42.909145" lon="-0.436175">
        <ele>945.2</ele>
      </trkpt>
      <trkpt lat="42.909052" lon="-0.436084">
        <ele>947.5</ele>
      </trkpt>
      <trkpt lat="42.908938" lon="-0.436017">
        <ele>951.4</ele>
      </trkpt>
      <trkpt lat="42.908825" lon="-0.435921">
        <ele>954.5</ele>
      </trkpt>
      <trkpt lat="42.908675" lon="-0.435808">
        <ele>960.3</ele>
      </trkpt>
      <trkpt lat="42.908577" lon="-0.435716">
        <ele>964.7</ele>
      </trkpt>
      <trkpt lat="42.908456" lon="-0.435498">
        <ele>968.2</ele>
      </trkpt>
      <trkpt lat="42.908392" lon="-0.435346">
        <ele>969.8</ele>
      </trkpt>
      <trkpt lat="42.908316" lon="-0.4351">
        <ele>970.8</ele>
      </trkpt>
      <trkpt lat="42.908232" lon="-0.434869">
        <ele>972.4</ele>
      </trkpt>
      <trkpt lat="42.908119" lon="-0.434624">
        <ele>975.1</ele>
      </trkpt>
      <trkpt lat="42.907913" lon="-0.434091">
        <ele>976.6</ele>
      </trkpt>
      <trkpt lat="42.907793" lon="-0.433826">
        <ele>977.5</ele>
      </trkpt>
      <trkpt lat="42.907698" lon="-0.433606">
        <ele>978.6</ele>
      </trkpt>
      <trkpt lat="42.907612" lon="-0.433392">
        <ele>979.8</ele>
      </trkpt>
      <trkpt lat="42.90756" lon="-0.43323">
        <ele>980.1</ele>
      </trkpt>
      <trkpt lat="42.907503" lon="-0.433008">
        <ele>979.8</ele>
      </trkpt>
      <trkpt lat="42.907478" lon="-0.432817">
        <ele>978.6</ele>
      </trkpt>
      <trkpt lat="42.907439" lon="-0.432413">
        <ele>976</ele>
      </trkpt>
      <trkpt lat="42.907408" lon="-0.43206">
        <ele>973.4</ele>
      </trkpt>
      <trkpt lat="42.907391" lon="-0.43177">
        <ele>971.5</ele>
      </trkpt>
      <trkpt lat="42.907375" lon="-0.431536">
        <ele>969.9</ele>
      </trkpt>
      <trkpt lat="42.907307" lon="-0.431322">
        <ele>970.5</ele>
      </trkpt>
      <trkpt lat="42.907206" lon="-0.43116">
        <ele>970.6</ele>
      </trkpt>
      <trkpt lat="42.907091" lon="-0.431076">
        <ele>971.7</ele>
      </trkpt>
      <trkpt lat="42.90692" lon="-0.431021">
        <ele>974.9</ele>
      </trkpt>
      <trkpt lat="42.906661" lon="-0.431019">
        <ele>982.4</ele>
      </trkpt>
      <trkpt lat="42.906503" lon="-0.43104">
        <ele>987.9</ele>
      </trkpt>
      <trkpt lat="42.906354" lon="-0.431029">
        <ele>991.9</ele>
      </trkpt>
      <trkpt lat="42.906159" lon="-0.430962">
        <ele>992.4</ele>
      </trkpt>
      <trkpt lat="42.905915" lon="-0.430861">
        <ele>989.3</ele>
      </trkpt>
      <trkpt lat="42.905695" lon="-0.430782">
        <ele>986.9</ele>
      </trkpt>
      <trkpt lat="42.905537" lon="-0.430714">
        <ele>984.6</ele>
      </trkpt>
      <trkpt lat="42.905402" lon="-0.430702">
        <ele>984.3</ele>
      </trkpt>
      <trkpt lat="42.905217" lon="-0.430726">
        <ele>979.9</ele>
      </trkpt>
      <trkpt lat="42.905013" lon="-0.43076">
        <ele>975.4</ele>
      </trkpt>
      <trkpt lat="42.904907" lon="-0.430798">
        <ele>974</ele>
      </trkpt>
      <trkpt lat="42.904813" lon="-0.43086">
        <ele>974.2</ele>
      </trkpt>
      <trkpt lat="42.904638" lon="-0.431006">
        <ele>975.9</ele>
      </trkpt>
      <trkpt lat="42.904498" lon="-0.431139">
        <ele>978.6</ele>
      </trkpt>
      <trkpt lat="42.90437" lon="-0.431287">
        <ele>982</ele>
      </trkpt>
      <trkpt lat="42.904263" lon="-0.431466">
        <ele>988.4</ele>
      </trkpt>
      <trkpt lat="42.904159" lon="-0.431627">
        <ele>994.2</ele>
      </trkpt>
      <trkpt lat="42.904061" lon="-0.431773">
        <ele>999.9</ele>
      </trkpt>
      <trkpt lat="42.903954" lon="-0.43188">
        <ele>1003.5</ele>
      </trkpt>
      <trkpt lat="42.903841" lon="-0.431961">
        <ele>1005.7</ele>
      </trkpt>
      <trkpt lat="42.90353" lon="-0.432053">
        <ele>1005.1</ele>
      </trkpt>
      <trkpt lat="42.903367" lon="-0.432081">
        <ele>1003.6</ele>
      </trkpt>
      <trkpt lat="42.903083" lon="-0.432107">
        <ele>999.4</ele>
      </trkpt>
      <trkpt lat="42.90291" lon="-0.432127">
        <ele>997.2</ele>
      </trkpt>
      <trkpt lat="42.902592" lon="-0.432185">
        <ele>993.6</ele>
      </trkpt>
      <trkpt lat="42.902408" lon="-0.432245">
        <ele>992.8</ele>
      </trkpt>
      <trkpt lat="42.902233" lon="-0.432306">
        <ele>992</ele>
      </trkpt>
      <trkpt lat="42.90201" lon="-0.43239">
        <ele>991</ele>
      </trkpt>
      <trkpt lat="42.901836" lon="-0.432476">
        <ele>990.8</ele>
      </trkpt>
      <trkpt lat="42.901649" lon="-0.432567">
        <ele>990.3</ele>
      </trkpt>
      <trkpt lat="42.901489" lon="-0.432696">
        <ele>992</ele>
      </trkpt>
      <trkpt lat="42.901325" lon="-0.432815">
        <ele>992.7</ele>
      </trkpt>
      <trkpt lat="42.901201" lon="-0.432909">
        <ele>993.7</ele>
      </trkpt>
      <trkpt lat="42.901087" lon="-0.433001">
        <ele>997.6</ele>
      </trkpt>
      <trkpt lat="42.90095" lon="-0.433101">
        <ele>1001.5</ele>
      </trkpt>
      <trkpt lat="42.900761" lon="-0.433238">
        <ele>1006.4</ele>
      </trkpt>
      <trkpt lat="42.900588" lon="-0.433352">
        <ele>1009.5</ele>
      </trkpt>
      <trkpt lat="42.900448" lon="-0.433437">
        <ele>1011.3</ele>
      </trkpt>
      <trkpt lat="42.900283" lon="-0.433508">
        <ele>1015.2</ele>
      </trkpt>
      <trkpt lat="42.900132" lon="-0.433556">
        <ele>1018.2</ele>
      </trkpt>
      <trkpt lat="42.899955" lon="-0.433588">
        <ele>1020.1</ele>
      </trkpt>
      <trkpt lat="42.899798" lon="-0.433584">
        <ele>1019.9</ele>
      </trkpt>
      <trkpt lat="42.899619" lon="-0.433565">
        <ele>1019.2</ele>
      </trkpt>
      <trkpt lat="42.899423" lon="-0.433504">
        <ele>1019.8</ele>
      </trkpt>
      <trkpt lat="42.899307" lon="-0.433379">
        <ele>1016.8</ele>
      </trkpt>
      <trkpt lat="42.899206" lon="-0.433265">
        <ele>1013.8</ele>
      </trkpt>
      <trkpt lat="42.899112" lon="-0.43317">
        <ele>1011.5</ele>
      </trkpt>
      <trkpt lat="42.898972" lon="-0.4331">
        <ele>1011.1</ele>
      </trkpt>
      <trkpt lat="42.898859" lon="-0.433051">
        <ele>1011</ele>
      </trkpt>
      <trkpt lat="42.898727" lon="-0.433039">
        <ele>1013.4</ele>
      </trkpt>
      <trkpt lat="42.898543" lon="-0.432991">
        <ele>1019.3</ele>
      </trkpt>
      <trkpt lat="42.89841" lon="-0.432906">
        <ele>1021.3</ele>
      </trkpt>
      <trkpt lat="42.898242" lon="-0.432784">
        <ele>1024.2</ele>
      </trkpt>
      <trkpt lat="42.898136" lon="-0.432691">
        <ele>1025.5</ele>
      </trkpt>
      <trkpt lat="42.897986" lon="-0.432537">
        <ele>1026.4</ele>
      </trkpt>
      <trkpt lat="42.89781" lon="-0.432347">
        <ele>1026.7</ele>
      </trkpt>
      <trkpt lat="42.897674" lon="-0.432212">
        <ele>1027</ele>
      </trkpt>
      <trkpt lat="42.897522" lon="-0.432052">
        <ele>1027.1</ele>
      </trkpt>
      <trkpt lat="42.897351" lon="-0.431904">
        <ele>1028.7</ele>
      </trkpt>
      <trkpt lat="42.897232" lon="-0.431787">
        <ele>1029.2</ele>
      </trkpt>
      <trkpt lat="42.897108" lon="-0.431682">
        <ele>1030.1</ele>
      </trkpt>
      <trkpt lat="42.896973" lon="-0.431579">
        <ele>1031.2</ele>
      </trkpt>
      <trkpt lat="42.896848" lon="-0.43149">
        <ele>1032.1</ele>
      </trkpt>
      <trkpt lat="42.896688" lon="-0.431358">
        <ele>1032.4</ele>
      </trkpt>
      <trkpt lat="42.896519" lon="-0.431204">
        <ele>1032.3</ele>
      </trkpt>
      <trkpt lat="42.896379" lon="-0.431072">
        <ele>1032.4</ele>
      </trkpt>
      <trkpt lat="42.896168" lon="-0.430823">
        <ele>1030.2</ele>
      </trkpt>
      <trkpt lat="42.896071" lon="-0.430678">
        <ele>1028</ele>
      </trkpt>
      <trkpt lat="42.895984" lon="-0.430512">
        <ele>1024.3</ele>
      </trkpt>
      <trkpt lat="42.895887" lon="-0.430321">
        <ele>1021.9</ele>
      </trkpt>
      <trkpt lat="42.895824" lon="-0.430122">
        <ele>1020.6</ele>
      </trkpt>
      <trkpt lat="42.8958" lon="-0.429905">
        <ele>1018.1</ele>
      </trkpt>
      <trkpt lat="42.8958" lon="-0.429732">
        <ele>1015.6</ele>
      </trkpt>
      <trkpt lat="42.895793" lon="-0.429576">
        <ele>1013.5</ele>
      </trkpt>
      <trkpt lat="42.895751" lon="-0.429428">
        <ele>1012.6</ele>
      </trkpt>
      <trkpt lat="42.895665" lon="-0.429294">
        <ele>1012.4</ele>
      </trkpt>
      <trkpt lat="42.895602" lon="-0.429244">
        <ele>1012.6</ele>
      </trkpt>
      <trkpt lat="42.895522" lon="-0.429156">
        <ele>1012.6</ele>
      </trkpt>
      <trkpt lat="42.895368" lon="-0.42912">
        <ele>1013.4</ele>
      </trkpt>
      <trkpt lat="42.895216" lon="-0.429149">
        <ele>1013.5</ele>
      </trkpt>
      <trkpt lat="42.895082" lon="-0.429239">
        <ele>1014.7</ele>
      </trkpt>
      <trkpt lat="42.894978" lon="-0.429336">
        <ele>1016.1</ele>
      </trkpt>
      <trkpt lat="42.894842" lon="-0.42948">
        <ele>1018.6</ele>
      </trkpt>
      <trkpt lat="42.894717" lon="-0.429597">
        <ele>1021.2</ele>
      </trkpt>
      <trkpt lat="42.894596" lon="-0.429671">
        <ele>1024.5</ele>
      </trkpt>
      <trkpt lat="42.894416" lon="-0.42971">
        <ele>1028.7</ele>
      </trkpt>
      <trkpt lat="42.894101" lon="-0.429713">
        <ele>1033.5</ele>
      </trkpt>
      <trkpt lat="42.893859" lon="-0.42968">
        <ele>1035.7</ele>
      </trkpt>
      <trkpt lat="42.893625" lon="-0.429628">
        <ele>1037.9</ele>
      </trkpt>
      <trkpt lat="42.893418" lon="-0.429604">
        <ele>1041.8</ele>
      </trkpt>
      <trkpt lat="42.893243" lon="-0.429623">
        <ele>1046.7</ele>
      </trkpt>
      <trkpt lat="42.893082" lon="-0.429666">
        <ele>1052.1</ele>
      </trkpt>
      <trkpt lat="42.892899" lon="-0.429697">
        <ele>1057.3</ele>
      </trkpt>
      <trkpt lat="42.892692" lon="-0.429654">
        <ele>1059.3</ele>
      </trkpt>
      <trkpt lat="42.892515" lon="-0.42958">
        <ele>1059.6</ele>
      </trkpt>
      <trkpt lat="42.892363" lon="-0.42952">
        <ele>1059.4</ele>
      </trkpt>
      <trkpt lat="42.892263" lon="-0.429441">
        <ele>1057.4</ele>
      </trkpt>
      <trkpt lat="42.892171" lon="-0.429322">
        <ele>1053.6</ele>
      </trkpt>
      <trkpt lat="42.892028" lon="-0.429161">
        <ele>1048.9</ele>
      </trkpt>
      <trkpt lat="42.89188" lon="-0.429019">
        <ele>1045.4</ele>
      </trkpt>
      <trkpt lat="42.891655" lon="-0.428841">
        <ele>1041.5</ele>
      </trkpt>
      <trkpt lat="42.8915" lon="-0.428756">
        <ele>1040.5</ele>
      </trkpt>
      <trkpt lat="42.891291" lon="-0.428648">
        <ele>1042.2</ele>
      </trkpt>
      <trkpt lat="42.89099" lon="-0.428485">
        <ele>1046.2</ele>
      </trkpt>
      <trkpt lat="42.890657" lon="-0.428302">
        <ele>1048.6</ele>
      </trkpt>
      <trkpt lat="42.890339" lon="-0.428108">
        <ele>1048.1</ele>
      </trkpt>
      <trkpt lat="42.890012" lon="-0.427929">
        <ele>1048.2</ele>
      </trkpt>
      <trkpt lat="42.889807" lon="-0.427873">
        <ele>1050.7</ele>
      </trkpt>
      <trkpt lat="42.889677" lon="-0.427857">
        <ele>1052.7</ele>
      </trkpt>
      <trkpt lat="42.889402" lon="-0.427805">
        <ele>1056.2</ele>
      </trkpt>
      <trkpt lat="42.889183" lon="-0.427722">
        <ele>1056.7</ele>
      </trkpt>
      <trkpt lat="42.888864" lon="-0.427577">
        <ele>1055.2</ele>
      </trkpt>
      <trkpt lat="42.888686" lon="-0.427497">
        <ele>1053.9</ele>
      </trkpt>
      <trkpt lat="42.8885" lon="-0.427431">
        <ele>1053.4</ele>
      </trkpt>
      <trkpt lat="42.888302" lon="-0.427407">
        <ele>1055.4</ele>
      </trkpt>
      <trkpt lat="42.88811" lon="-0.427421">
        <ele>1059.3</ele>
      </trkpt>
      <trkpt lat="42.887822" lon="-0.427446">
        <ele>1065.1</ele>
      </trkpt>
      <trkpt lat="42.887645" lon="-0.427485">
        <ele>1069.8</ele>
      </trkpt>
      <trkpt lat="42.887469" lon="-0.427495">
        <ele>1072.9</ele>
      </trkpt>
      <trkpt lat="42.887348" lon="-0.427472">
        <ele>1073.4</ele>
      </trkpt>
      <trkpt lat="42.887224" lon="-0.427384">
        <ele>1070.1</ele>
      </trkpt>
      <trkpt lat="42.887117" lon="-0.427306">
        <ele>1066.9</ele>
      </trkpt>
      <trkpt lat="42.887021" lon="-0.427192">
        <ele>1061</ele>
      </trkpt>
      <trkpt lat="42.886932" lon="-0.427057">
        <ele>1055.5</ele>
      </trkpt>
      <trkpt lat="42.886881" lon="-0.426872">
        <ele>1055.2</ele>
      </trkpt>
      <trkpt lat="42.886864" lon="-0.42671">
        <ele>1054.8</ele>
      </trkpt>
      <trkpt lat="42.88688" lon="-0.426527">
        <ele>1053.6</ele>
      </trkpt>
      <trkpt lat="42.886934" lon="-0.426391">
        <ele>1051.7</ele>
      </trkpt>
      <trkpt lat="42.887027" lon="-0.426266">
        <ele>1048.6</ele>
      </trkpt>
      <trkpt lat="42.887123" lon="-0.426168">
        <ele>1047.8</ele>
      </trkpt>
      <trkpt lat="42.887224" lon="-0.426056">
        <ele>1047.9</ele>
      </trkpt>
      <trkpt lat="42.887298" lon="-0.425937">
        <ele>1048.2</ele>
      </trkpt>
      <trkpt lat="42.887343" lon="-0.425768">
        <ele>1049.6</ele>
      </trkpt>
      <trkpt lat="42.887389" lon="-0.425563">
        <ele>1051.3</ele>
      </trkpt>
      <trkpt lat="42.887436" lon="-0.425388">
        <ele>1052.4</ele>
      </trkpt>
      <trkpt lat="42.887522" lon="-0.425197">
        <ele>1054</ele>
      </trkpt>
      <trkpt lat="42.887622" lon="-0.425084">
        <ele>1053.3</ele>
      </trkpt>
      <trkpt lat="42.887803" lon="-0.425">
        <ele>1049.5</ele>
      </trkpt>
      <trkpt lat="42.88796" lon="-0.424967">
        <ele>1046.3</ele>
      </trkpt>
      <trkpt lat="42.888084" lon="-0.424913">
        <ele>1046.5</ele>
      </trkpt>
      <trkpt lat="42.888185" lon="-0.424805">
        <ele>1047.9</ele>
      </trkpt>
      <trkpt lat="42.888206" lon="-0.424678">
        <ele>1050.1</ele>
      </trkpt>
      <trkpt lat="42.888201" lon="-0.424556">
        <ele>1052.4</ele>
      </trkpt>
      <trkpt lat="42.888162" lon="-0.424484">
        <ele>1054</ele>
      </trkpt>
      <trkpt lat="42.888087" lon="-0.424416">
        <ele>1055.8</ele>
      </trkpt>
      <trkpt lat="42.887972" lon="-0.424407">
        <ele>1056.9</ele>
      </trkpt>
      <trkpt lat="42.887709" lon="-0.424515">
        <ele>1062.1</ele>
      </trkpt>
      <trkpt lat="42.887351" lon="-0.424638">
        <ele>1071.1</ele>
      </trkpt>
      <trkpt lat="42.887247" lon="-0.42472">
        <ele>1072.7</ele>
      </trkpt>
      <trkpt lat="42.887189" lon="-0.424811">
        <ele>1072.5</ele>
      </trkpt>
      <trkpt lat="42.887115" lon="-0.424952">
        <ele>1071.6</ele>
      </trkpt>
      <trkpt lat="42.887055" lon="-0.425036">
        <ele>1071.7</ele>
      </trkpt>
      <trkpt lat="42.88694" lon="-0.425051">
        <ele>1075.6</ele>
      </trkpt>
      <trkpt lat="42.886843" lon="-0.424991">
        <ele>1080.7</ele>
      </trkpt>
      <trkpt lat="42.886817" lon="-0.424863">
        <ele>1084.6</ele>
      </trkpt>
      <trkpt lat="42.886838" lon="-0.424727">
        <ele>1087</ele>
      </trkpt>
      <trkpt lat="42.886918" lon="-0.424652">
        <ele>1085.7</ele>
      </trkpt>
      <trkpt lat="42.887036" lon="-0.424576">
        <ele>1083</ele>
      </trkpt>
      <trkpt lat="42.887146" lon="-0.424526">
        <ele>1080.2</ele>
      </trkpt>
      <trkpt lat="42.88725" lon="-0.424423">
        <ele>1079.1</ele>
      </trkpt>
      <trkpt lat="42.887309" lon="-0.424304">
        <ele>1079.8</ele>
      </trkpt>
      <trkpt lat="42.887357" lon="-0.424168">
        <ele>1081.1</ele>
      </trkpt>
      <trkpt lat="42.887394" lon="-0.424033">
        <ele>1082.7</ele>
      </trkpt>
      <trkpt lat="42.887442" lon="-0.423866">
        <ele>1084.6</ele>
      </trkpt>
      <trkpt lat="42.887463" lon="-0.423678">
        <ele>1087.4</ele>
      </trkpt>
      <trkpt lat="42.887464" lon="-0.4233">
        <ele>1093.1</ele>
      </trkpt>
      <trkpt lat="42.887493" lon="-0.423066">
        <ele>1095.5</ele>
      </trkpt>
      <trkpt lat="42.887503" lon="-0.422799">
        <ele>1098.6</ele>
      </trkpt>
      <trkpt lat="42.887612" lon="-0.422159">
        <ele>1100.3</ele>
      </trkpt>
      <trkpt lat="42.887665" lon="-0.421881">
        <ele>1100.8</ele>
      </trkpt>
      <trkpt lat="42.887701" lon="-0.421668">
        <ele>1101.6</ele>
      </trkpt>
      <trkpt lat="42.887728" lon="-0.421492">
        <ele>1102.4</ele>
      </trkpt>
      <trkpt lat="42.887706" lon="-0.421368">
        <ele>1104.9</ele>
      </trkpt>
      <trkpt lat="42.887676" lon="-0.421229">
        <ele>1108</ele>
      </trkpt>
      <trkpt lat="42.887611" lon="-0.421013">
        <ele>1113.2</ele>
      </trkpt>
      <trkpt lat="42.887528" lon="-0.420794">
        <ele>1119.2</ele>
      </trkpt>
      <trkpt lat="42.887471" lon="-0.420604">
        <ele>1123.7</ele>
      </trkpt>
      <trkpt lat="42.887425" lon="-0.420426">
        <ele>1127.5</ele>
      </trkpt>
      <trkpt lat="42.887395" lon="-0.420201">
        <ele>1130.7</ele>
      </trkpt>
      <trkpt lat="42.887382" lon="-0.420009">
        <ele>1132.8</ele>
      </trkpt>
      <trkpt lat="42.887411" lon="-0.419755">
        <ele>1133.3</ele>
      </trkpt>
      <trkpt lat="42.887463" lon="-0.419537">
        <ele>1132.6</ele>
      </trkpt>
      <trkpt lat="42.88751" lon="-0.419282">
        <ele>1132.4</ele>
      </trkpt>
      <trkpt lat="42.887536" lon="-0.419077">
        <ele>1132.7</ele>
      </trkpt>
      <trkpt lat="42.887558" lon="-0.418873">
        <ele>1133.3</ele>
      </trkpt>
      <trkpt lat="42.88759" lon="-0.418727">
        <ele>1132.9</ele>
      </trkpt>
      <trkpt lat="42.887655" lon="-0.418412">
        <ele>1132.8</ele>
      </trkpt>
      <trkpt lat="42.887701" lon="-0.418198">
        <ele>1132.5</ele>
      </trkpt>
      <trkpt lat="42.88768" lon="-0.417983">
        <ele>1135.6</ele>
      </trkpt>
      <trkpt lat="42.887605" lon="-0.417763">
        <ele>1140.6</ele>
      </trkpt>
      <trkpt lat="42.887514" lon="-0.417517">
        <ele>1146.6</ele>
      </trkpt>
      <trkpt lat="42.887417" lon="-0.41726">
        <ele>1153.7</ele>
      </trkpt>
      <trkpt lat="42.887323" lon="-0.41701">
        <ele>1160.7</ele>
      </trkpt>
      <trkpt lat="42.887245" lon="-0.416781">
        <ele>1165.6</ele>
      </trkpt>
      <trkpt lat="42.887171" lon="-0.416489">
        <ele>1170.3</ele>
      </trkpt>
      <trkpt lat="42.887132" lon="-0.416226">
        <ele>1172.6</ele>
      </trkpt>
      <trkpt lat="42.887107" lon="-0.415968">
        <ele>1171.9</ele>
      </trkpt>
      <trkpt lat="42.887081" lon="-0.41563">
        <ele>1170.3</ele>
      </trkpt>
      <trkpt lat="42.887063" lon="-0.415352">
        <ele>1169.9</ele>
      </trkpt>
      <trkpt lat="42.887037" lon="-0.415021">
        <ele>1171.4</ele>
      </trkpt>
      <trkpt lat="42.887013" lon="-0.414815">
        <ele>1173.1</ele>
      </trkpt>
      <trkpt lat="42.886979" lon="-0.414701">
        <ele>1176</ele>
      </trkpt>
      <trkpt lat="42.886917" lon="-0.414461">
        <ele>1179.4</ele>
      </trkpt>
      <trkpt lat="42.88683" lon="-0.414258">
        <ele>1184</ele>
      </trkpt>
      <trkpt lat="42.886732" lon="-0.414021">
        <ele>1188.6</ele>
      </trkpt>
      <trkpt lat="42.886654" lon="-0.413824">
        <ele>1191.8</ele>
      </trkpt>
      <trkpt lat="42.88654" lon="-0.413548">
        <ele>1196.1</ele>
      </trkpt>
      <trkpt lat="42.886478" lon="-0.413375">
        <ele>1197.3</ele>
      </trkpt>
      <trkpt lat="42.886376" lon="-0.413128">
        <ele>1199.6</ele>
      </trkpt>
      <trkpt lat="42.886287" lon="-0.412952">
        <ele>1202.1</ele>
      </trkpt>
      <trkpt lat="42.886186" lon="-0.41277">
        <ele>1205.1</ele>
      </trkpt>
      <trkpt lat="42.88609" lon="-0.4126">
        <ele>1208.6</ele>
      </trkpt>
      <trkpt lat="42.886036" lon="-0.412473">
        <ele>1209.3</ele>
      </trkpt>
      <trkpt lat="42.885989" lon="-0.412289">
        <ele>1207.1</ele>
      </trkpt>
      <trkpt lat="42.885978" lon="-0.41211">
        <ele>1201.4</ele>
      </trkpt>
      <trkpt lat="42.885988" lon="-0.411911">
        <ele>1195.6</ele>
      </trkpt>
      <trkpt lat="42.885979" lon="-0.411696">
        <ele>1191.6</ele>
      </trkpt>
      <trkpt lat="42.885953" lon="-0.411562">
        <ele>1191.3</ele>
      </trkpt>
      <trkpt lat="42.885874" lon="-0.411384">
        <ele>1195.3</ele>
      </trkpt>
      <trkpt lat="42.885798" lon="-0.411217">
        <ele>1199.8</ele>
      </trkpt>
      <trkpt lat="42.885757" lon="-0.41107">
        <ele>1202.4</ele>
      </trkpt>
      <trkpt lat="42.885758" lon="-0.410905">
        <ele>1200.6</ele>
      </trkpt>
      <trkpt lat="42.885825" lon="-0.410643">
        <ele>1191.5</ele>
      </trkpt>
      <trkpt lat="42.885918" lon="-0.410491">
        <ele>1181.3</ele>
      </trkpt>
      <trkpt lat="42.886022" lon="-0.410378">
        <ele>1171.5</ele>
      </trkpt>
      <trkpt lat="42.88613" lon="-0.410225">
        <ele>1163.6</ele>
      </trkpt>
      <trkpt lat="42.886177" lon="-0.40997">
        <ele>1163</ele>
      </trkpt>
      <trkpt lat="42.886177" lon="-0.409782">
        <ele>1165.6</ele>
      </trkpt>
      <trkpt lat="42.886147" lon="-0.409552">
        <ele>1170.8</ele>
      </trkpt>
      <trkpt lat="42.886077" lon="-0.409404">
        <ele>1176.6</ele>
      </trkpt>
      <trkpt lat="42.885932" lon="-0.40916">
        <ele>1187.2</ele>
      </trkpt>
      <trkpt lat="42.885778" lon="-0.409014">
        <ele>1197.2</ele>
      </trkpt>
      <trkpt lat="42.885687" lon="-0.408893">
        <ele>1202.6</ele>
      </trkpt>
      <trkpt lat="42.885614" lon="-0.408712">
        <ele>1205.9</ele>
      </trkpt>
      <trkpt lat="42.885567" lon="-0.408545">
        <ele>1206.1</ele>
      </trkpt>
      <trkpt lat="42.885508" lon="-0.40835">
        <ele>1205.8</ele>
      </trkpt>
      <trkpt lat="42.885446" lon="-0.408219">
        <ele>1206</ele>
      </trkpt>
      <trkpt lat="42.885379" lon="-0.408108">
        <ele>1208.7</ele>
      </trkpt>
      <trkpt lat="42.885257" lon="-0.407916">
        <ele>1216.9</ele>
      </trkpt>
      <trkpt lat="42.885139" lon="-0.407704">
        <ele>1223.9</ele>
      </trkpt>
      <trkpt lat="42.885074" lon="-0.407542">
        <ele>1226.6</ele>
      </trkpt>
      <trkpt lat="42.885027" lon="-0.407412">
        <ele>1228.1</ele>
      </trkpt>
      <trkpt lat="42.884973" lon="-0.407232">
        <ele>1229</ele>
      </trkpt>
      <trkpt lat="42.884908" lon="-0.407078">
        <ele>1231.5</ele>
      </trkpt>
      <trkpt lat="42.88484" lon="-0.406813">
        <ele>1232.5</ele>
      </trkpt>
      <trkpt lat="42.884763" lon="-0.406487">
        <ele>1231.8</ele>
      </trkpt>
      <trkpt lat="42.884746" lon="-0.406172">
        <ele>1226.6</ele>
      </trkpt>
      <trkpt lat="42.884771" lon="-0.405684">
        <ele>1218.6</ele>
      </trkpt>
      <trkpt lat="42.884819" lon="-0.405376">
        <ele>1212.2</ele>
      </trkpt>
      <trkpt lat="42.884854" lon="-0.405168">
        <ele>1208.6</ele>
      </trkpt>
      <trkpt lat="42.884866" lon="-0.404926">
        <ele>1206</ele>
      </trkpt>
      <trkpt lat="42.884854" lon="-0.404774">
        <ele>1205.2</ele>
      </trkpt>
      <trkpt lat="42.884827" lon="-0.404585">
        <ele>1204.4</ele>
      </trkpt>
      <trkpt lat="42.884762" lon="-0.404407">
        <ele>1204.5</ele>
      </trkpt>
      <trkpt lat="42.884644" lon="-0.404264">
        <ele>1205.4</ele>
      </trkpt>
      <trkpt lat="42.884495" lon="-0.404142">
        <ele>1211.7</ele>
      </trkpt>
      <trkpt lat="42.884358" lon="-0.404031">
        <ele>1220.5</ele>
      </trkpt>
      <trkpt lat="42.884269" lon="-0.40394">
        <ele>1225.5</ele>
      </trkpt>
      <trkpt lat="42.884179" lon="-0.403834">
        <ele>1230</ele>
      </trkpt>
      <trkpt lat="42.884064" lon="-0.403678">
        <ele>1234.8</ele>
      </trkpt>
      <trkpt lat="42.883942" lon="-0.403487">
        <ele>1237.6</ele>
      </trkpt>
      <trkpt lat="42.883829" lon="-0.403345">
        <ele>1239.8</ele>
      </trkpt>
      <trkpt lat="42.883718" lon="-0.403199">
        <ele>1242.1</ele>
      </trkpt>
      <trkpt lat="42.883602" lon="-0.403048">
        <ele>1247.5</ele>
      </trkpt>
      <trkpt lat="42.883515" lon="-0.402915">
        <ele>1249.9</ele>
      </trkpt>
      <trkpt lat="42.883458" lon="-0.402742">
        <ele>1249.6</ele>
      </trkpt>
      <trkpt lat="42.883411" lon="-0.402528">
        <ele>1246.1</ele>
      </trkpt>
      <trkpt lat="42.883367" lon="-0.402396">
        <ele>1244.6</ele>
      </trkpt>
      <trkpt lat="42.883284" lon="-0.402313">
        <ele>1247.2</ele>
      </trkpt>
      <trkpt lat="42.883183" lon="-0.402299">
        <ele>1253.3</ele>
      </trkpt>
      <trkpt lat="42.883082" lon="-0.402369">
        <ele>1263.5</ele>
      </trkpt>
      <trkpt lat="42.883049" lon="-0.402516">
        <ele>1273.3</ele>
      </trkpt>
      <trkpt lat="42.883095" lon="-0.402695">
        <ele>1278.5</ele>
      </trkpt>
      <trkpt lat="42.883211" lon="-0.402857">
        <ele>1275.8</ele>
      </trkpt>
      <trkpt lat="42.883383" lon="-0.403048">
        <ele>1268.8</ele>
      </trkpt>
      <trkpt lat="42.883545" lon="-0.403247">
        <ele>1261.8</ele>
      </trkpt>
      <trkpt lat="42.883645" lon="-0.403396">
        <ele>1257.7</ele>
      </trkpt>
      <trkpt lat="42.883731" lon="-0.403573">
        <ele>1255.3</ele>
      </trkpt>
      <trkpt lat="42.883778" lon="-0.403781">
        <ele>1258.8</ele>
      </trkpt>
      <trkpt lat="42.883796" lon="-0.403974">
        <ele>1263.2</ele>
      </trkpt>
      <trkpt lat="42.88381" lon="-0.404131">
        <ele>1266.6</ele>
      </trkpt>
      <trkpt lat="42.883809" lon="-0.404355">
        <ele>1273.2</ele>
      </trkpt>
      <trkpt lat="42.883815" lon="-0.404521">
        <ele>1277.5</ele>
      </trkpt>
      <trkpt lat="42.883874" lon="-0.404717">
        <ele>1277</ele>
      </trkpt>
      <trkpt lat="42.883966" lon="-0.40489">
        <ele>1272.5</ele>
      </trkpt>
      <trkpt lat="42.884045" lon="-0.405001">
        <ele>1267.6</ele>
      </trkpt>
      <trkpt lat="42.884137" lon="-0.405121">
        <ele>1261.5</ele>
      </trkpt>
      <trkpt lat="42.884158" lon="-0.405217">
        <ele>1261.5</ele>
      </trkpt>
      <trkpt lat="42.884157" lon="-0.405328">
        <ele>1263.7</ele>
      </trkpt>
      <trkpt lat="42.884107" lon="-0.40545">
        <ele>1270.7</ele>
      </trkpt>
      <trkpt lat="42.884035" lon="-0.4055">
        <ele>1278.4</ele>
      </trkpt>
      <trkpt lat="42.88392" lon="-0.405478">
        <ele>1288.9</ele>
      </trkpt>
      <trkpt lat="42.883846" lon="-0.405394">
        <ele>1294.4</ele>
      </trkpt>
      <trkpt lat="42.883752" lon="-0.405057">
        <ele>1295.6</ele>
      </trkpt>
      <trkpt lat="42.883673" lon="-0.404696">
        <ele>1297.1</ele>
      </trkpt>
      <trkpt lat="42.883568" lon="-0.40416">
        <ele>1294.4</ele>
      </trkpt>
      <trkpt lat="42.883507" lon="-0.403898">
        <ele>1293.3</ele>
      </trkpt>
      <trkpt lat="42.883463" lon="-0.403743">
        <ele>1293.4</ele>
      </trkpt>
      <trkpt lat="42.883381" lon="-0.403585">
        <ele>1295.3</ele>
      </trkpt>
      <trkpt lat="42.883293" lon="-0.403448">
        <ele>1298.2</ele>
      </trkpt>
      <trkpt lat="42.883201" lon="-0.403321">
        <ele>1301.3</ele>
      </trkpt>
      <trkpt lat="42.883014" lon="-0.403117">
        <ele>1308.9</ele>
      </trkpt>
      <trkpt lat="42.882916" lon="-0.403006">
        <ele>1311.6</ele>
      </trkpt>
      <trkpt lat="42.882826" lon="-0.402939">
        <ele>1309.9</ele>
      </trkpt>
      <trkpt lat="42.882632" lon="-0.402786">
        <ele>1306.8</ele>
      </trkpt>
      <trkpt lat="42.882532" lon="-0.402689">
        <ele>1304.5</ele>
      </trkpt>
      <trkpt lat="42.882429" lon="-0.402589">
        <ele>1302.4</ele>
      </trkpt>
      <trkpt lat="42.882327" lon="-0.402457">
        <ele>1298.7</ele>
      </trkpt>
      <trkpt lat="42.882254" lon="-0.402341">
        <ele>1295.1</ele>
      </trkpt>
      <trkpt lat="42.882174" lon="-0.40216">
        <ele>1288.7</ele>
      </trkpt>
      <trkpt lat="42.882066" lon="-0.402039">
        <ele>1286.7</ele>
      </trkpt>
      <trkpt lat="42.881984" lon="-0.402021">
        <ele>1284.3</ele>
      </trkpt>
      <trkpt lat="42.881775" lon="-0.402089">
        <ele>1280.8</ele>
      </trkpt>
      <trkpt lat="42.881601" lon="-0.402151">
        <ele>1279.1</ele>
      </trkpt>
      <trkpt lat="42.881474" lon="-0.40217">
        <ele>1276.7</ele>
      </trkpt>
      <trkpt lat="42.881294" lon="-0.402184">
        <ele>1272.5</ele>
      </trkpt>
      <trkpt lat="42.881098" lon="-0.402215">
        <ele>1271.7</ele>
      </trkpt>
      <trkpt lat="42.880939" lon="-0.402304">
        <ele>1274</ele>
      </trkpt>
      <trkpt lat="42.880778" lon="-0.402457">
        <ele>1279</ele>
      </trkpt>
      <trkpt lat="42.880677" lon="-0.402549">
        <ele>1282.1</ele>
      </trkpt>
      <trkpt lat="42.880572" lon="-0.402583">
        <ele>1283.2</ele>
      </trkpt>
      <trkpt lat="42.880472" lon="-0.402592">
        <ele>1283.3</ele>
      </trkpt>
      <trkpt lat="42.880363" lon="-0.402588">
        <ele>1286.2</ele>
      </trkpt>
      <trkpt lat="42.880125" lon="-0.402591">
        <ele>1300.6</ele>
      </trkpt>
      <trkpt lat="42.880003" lon="-0.402568">
        <ele>1306.9</ele>
      </trkpt>
      <trkpt lat="42.879909" lon="-0.402515">
        <ele>1310</ele>
      </trkpt>
      <trkpt lat="42.87982" lon="-0.40242">
        <ele>1310.9</ele>
      </trkpt>
      <trkpt lat="42.879741" lon="-0.402303">
        <ele>1309.9</ele>
      </trkpt>
      <trkpt lat="42.879665" lon="-0.402161">
        <ele>1307.4</ele>
      </trkpt>
      <trkpt lat="42.879552" lon="-0.401962">
        <ele>1305.4</ele>
      </trkpt>
      <trkpt lat="42.879449" lon="-0.401784">
        <ele>1304.3</ele>
      </trkpt>
      <trkpt lat="42.879356" lon="-0.401651">
        <ele>1303.8</ele>
      </trkpt>
      <trkpt lat="42.879184" lon="-0.401509">
        <ele>1306</ele>
      </trkpt>
      <trkpt lat="42.879064" lon="-0.401385">
        <ele>1305.7</ele>
      </trkpt>
      <trkpt lat="42.878908" lon="-0.401258">
        <ele>1306</ele>
      </trkpt>
      <trkpt lat="42.878801" lon="-0.401154">
        <ele>1305.9</ele>
      </trkpt>
      <trkpt lat="42.878671" lon="-0.401027">
        <ele>1305.2</ele>
      </trkpt>
      <trkpt lat="42.878455" lon="-0.400844">
        <ele>1304.2</ele>
      </trkpt>
      <trkpt lat="42.87828" lon="-0.400657">
        <ele>1300.8</ele>
      </trkpt>
      <trkpt lat="42.878147" lon="-0.400535">
        <ele>1298.7</ele>
      </trkpt>
      <trkpt lat="42.878016" lon="-0.400443">
        <ele>1297.7</ele>
      </trkpt>
      <trkpt lat="42.877885" lon="-0.400332">
        <ele>1296.6</ele>
      </trkpt>
      <trkpt lat="42.877753" lon="-0.400247">
        <ele>1298.5</ele>
      </trkpt>
      <trkpt lat="42.877611" lon="-0.400142">
        <ele>1299.5</ele>
      </trkpt>
      <trkpt lat="42.877479" lon="-0.400049">
        <ele>1300.2</ele>
      </trkpt>
      <trkpt lat="42.87731" lon="-0.399946">
        <ele>1301.4</ele>
      </trkpt>
      <trkpt lat="42.877164" lon="-0.399833">
        <ele>1300.7</ele>
      </trkpt>
      <trkpt lat="42.877028" lon="-0.399749">
        <ele>1301.6</ele>
      </trkpt>
      <trkpt lat="42.87691" lon="-0.399668">
        <ele>1302.9</ele>
      </trkpt>
      <trkpt lat="42.876701" lon="-0.399517">
        <ele>1305.7</ele>
      </trkpt>
      <trkpt lat="42.876544" lon="-0.399385">
        <ele>1306.2</ele>
      </trkpt>
      <trkpt lat="42.876335" lon="-0.399269">
        <ele>1307.7</ele>
      </trkpt>
      <trkpt lat="42.876138" lon="-0.399168">
        <ele>1308.5</ele>
      </trkpt>
      <trkpt lat="42.876045" lon="-0.39912">
        <ele>1308.8</ele>
      </trkpt>
      <trkpt lat="42.875978" lon="-0.399078">
        <ele>1308.5</ele>
      </trkpt>
      <trkpt lat="42.875595" lon="-0.398867">
        <ele>1308.6</ele>
      </trkpt>
      <trkpt lat="42.8753" lon="-0.398712">
        <ele>1307.6</ele>
      </trkpt>
      <trkpt lat="42.875074" lon="-0.398589">
        <ele>1305.2</ele>
      </trkpt>
      <trkpt lat="42.874939" lon="-0.398527">
        <ele>1304.2</ele>
      </trkpt>
      <trkpt lat="42.874803" lon="-0.398485">
        <ele>1304.4</ele>
      </trkpt>
      <trkpt lat="42.87467" lon="-0.398443">
        <ele>1304.3</ele>
      </trkpt>
      <trkpt lat="42.874575" lon="-0.398423">
        <ele>1304.9</ele>
      </trkpt>
      <trkpt lat="42.874423" lon="-0.39838">
        <ele>1305.6</ele>
      </trkpt>
      <trkpt lat="42.874307" lon="-0.398345">
        <ele>1306.1</ele>
      </trkpt>
      <trkpt lat="42.874199" lon="-0.398256">
        <ele>1303.1</ele>
      </trkpt>
      <trkpt lat="42.874097" lon="-0.398159">
        <ele>1299.6</ele>
      </trkpt>
      <trkpt lat="42.873948" lon="-0.39806">
        <ele>1297.7</ele>
      </trkpt>
      <trkpt lat="42.873796" lon="-0.397972">
        <ele>1296.8</ele>
      </trkpt>
      <trkpt lat="42.873645" lon="-0.397901">
        <ele>1296.6</ele>
      </trkpt>
      <trkpt lat="42.873514" lon="-0.397844">
        <ele>1297.1</ele>
      </trkpt>
      <trkpt lat="42.873397" lon="-0.397799">
        <ele>1297.7</ele>
      </trkpt>
      <trkpt lat="42.873232" lon="-0.397736">
        <ele>1298.5</ele>
      </trkpt>
      <trkpt lat="42.873089" lon="-0.397679">
        <ele>1299</ele>
      </trkpt>
      <trkpt lat="42.872988" lon="-0.397637">
        <ele>1299.2</ele>
      </trkpt>
      <trkpt lat="42.87286" lon="-0.397608">
        <ele>1300.5</ele>
      </trkpt>
      <trkpt lat="42.872719" lon="-0.397525">
        <ele>1299.6</ele>
      </trkpt>
      <trkpt lat="42.872513" lon="-0.397459">
        <ele>1300.5</ele>
      </trkpt>
      <trkpt lat="42.87237" lon="-0.397385">
        <ele>1299.6</ele>
      </trkpt>
      <trkpt lat="42.872223" lon="-0.397299">
        <ele>1297.9</ele>
      </trkpt>
      <trkpt lat="42.872007" lon="-0.397121">
        <ele>1292.5</ele>
      </trkpt>
      <trkpt lat="42.871839" lon="-0.397005">
        <ele>1290.3</ele>
      </trkpt>
      <trkpt lat="42.871708" lon="-0.396948">
        <ele>1290.3</ele>
      </trkpt>
      <trkpt lat="42.871617" lon="-0.396932">
        <ele>1291.3</ele>
      </trkpt>
      <trkpt lat="42.871421" lon="-0.39695">
        <ele>1295.7</ele>
      </trkpt>
      <trkpt lat="42.871294" lon="-0.396958">
        <ele>1298.5</ele>
      </trkpt>
      <trkpt lat="42.871152" lon="-0.396951">
        <ele>1299.7</ele>
      </trkpt>
      <trkpt lat="42.871032" lon="-0.396913">
        <ele>1299</ele>
      </trkpt>
      <trkpt lat="42.870921" lon="-0.396854">
        <ele>1297.4</ele>
      </trkpt>
      <trkpt lat="42.870639" lon="-0.396708">
        <ele>1294.2</ele>
      </trkpt>
      <trkpt lat="42.870493" lon="-0.396646">
        <ele>1293.4</ele>
      </trkpt>
      <trkpt lat="42.870298" lon="-0.396541">
        <ele>1294.9</ele>
      </trkpt>
      <trkpt lat="42.870008" lon="-0.396349">
        <ele>1297.5</ele>
      </trkpt>
      <trkpt lat="42.869854" lon="-0.396209">
        <ele>1296.9</ele>
      </trkpt>
      <trkpt lat="42.869728" lon="-0.396095">
        <ele>1296.9</ele>
      </trkpt>
      <trkpt lat="42.869629" lon="-0.395995">
        <ele>1296.2</ele>
      </trkpt>
      <trkpt lat="42.869434" lon="-0.395804">
        <ele>1294.4</ele>
      </trkpt>
      <trkpt lat="42.869299" lon="-0.39569">
        <ele>1293.2</ele>
      </trkpt>
      <trkpt lat="42.86916" lon="-0.395549">
        <ele>1290.5</ele>
      </trkpt>
      <trkpt lat="42.868875" lon="-0.395266">
        <ele>1284.1</ele>
      </trkpt>
      <trkpt lat="42.868772" lon="-0.39515">
        <ele>1281.1</ele>
      </trkpt>
      <trkpt lat="42.868636" lon="-0.394984">
        <ele>1276.8</ele>
      </trkpt>
      <trkpt lat="42.868525" lon="-0.394827">
        <ele>1272.5</ele>
      </trkpt>
      <trkpt lat="42.868319" lon="-0.39459">
        <ele>1267.1</ele>
      </trkpt>
      <trkpt lat="42.868179" lon="-0.394465">
        <ele>1266.7</ele>
      </trkpt>
      <trkpt lat="42.868035" lon="-0.394337">
        <ele>1265.8</ele>
      </trkpt>
      <trkpt lat="42.867891" lon="-0.394199">
        <ele>1263.8</ele>
      </trkpt>
      <trkpt lat="42.867742" lon="-0.394108">
        <ele>1262.2</ele>
      </trkpt>
      <trkpt lat="42.867573" lon="-0.394065">
        <ele>1262.2</ele>
      </trkpt>
      <trkpt lat="42.867463" lon="-0.394075">
        <ele>1263.6</ele>
      </trkpt>
      <trkpt lat="42.867309" lon="-0.394118">
        <ele>1266.3</ele>
      </trkpt>
      <trkpt lat="42.867179" lon="-0.39418">
        <ele>1269.6</ele>
      </trkpt>
      <trkpt lat="42.866991" lon="-0.394284">
        <ele>1275.5</ele>
      </trkpt>
      <trkpt lat="42.866842" lon="-0.394371">
        <ele>1281.1</ele>
      </trkpt>
      <trkpt lat="42.866718" lon="-0.394424">
        <ele>1285.3</ele>
      </trkpt>
      <trkpt lat="42.86661" lon="-0.394424">
        <ele>1287.2</ele>
      </trkpt>
      <trkpt lat="42.866454" lon="-0.394397">
        <ele>1289</ele>
      </trkpt>
      <trkpt lat="42.866307" lon="-0.394335">
        <ele>1289.2</ele>
      </trkpt>
      <trkpt lat="42.866174" lon="-0.394239">
        <ele>1288.3</ele>
      </trkpt>
      <trkpt lat="42.866048" lon="-0.394133">
        <ele>1287.3</ele>
      </trkpt>
      <trkpt lat="42.865853" lon="-0.393933">
        <ele>1284</ele>
      </trkpt>
      <trkpt lat="42.865669" lon="-0.393742">
        <ele>1280.8</ele>
      </trkpt>
      <trkpt lat="42.865476" lon="-0.393577">
        <ele>1280.7</ele>
      </trkpt>
      <trkpt lat="42.865363" lon="-0.393524">
        <ele>1281.3</ele>
      </trkpt>
      <trkpt lat="42.865266" lon="-0.393505">
        <ele>1282.5</ele>
      </trkpt>
      <trkpt lat="42.865028" lon="-0.393465">
        <ele>1285.7</ele>
      </trkpt>
      <trkpt lat="42.864748" lon="-0.393436">
        <ele>1290</ele>
      </trkpt>
      <trkpt lat="42.864482" lon="-0.393392">
        <ele>1297.5</ele>
      </trkpt>
      <trkpt lat="42.864355" lon="-0.39335">
        <ele>1302.9</ele>
      </trkpt>
      <trkpt lat="42.864171" lon="-0.393281">
        <ele>1308.6</ele>
      </trkpt>
      <trkpt lat="42.864029" lon="-0.393171">
        <ele>1307.3</ele>
      </trkpt>
      <trkpt lat="42.863925" lon="-0.393069">
        <ele>1303</ele>
      </trkpt>
      <trkpt lat="42.86384" lon="-0.392973">
        <ele>1297.1</ele>
      </trkpt>
      <trkpt lat="42.863682" lon="-0.392694">
        <ele>1288.9</ele>
      </trkpt>
      <trkpt lat="42.863592" lon="-0.392508">
        <ele>1284.8</ele>
      </trkpt>
      <trkpt lat="42.863532" lon="-0.392384">
        <ele>1281.7</ele>
      </trkpt>
      <trkpt lat="42.863465" lon="-0.3922">
        <ele>1276.1</ele>
      </trkpt>
      <trkpt lat="42.863374" lon="-0.392041">
        <ele>1272.6</ele>
      </trkpt>
      <trkpt lat="42.863309" lon="-0.39192">
        <ele>1272.4</ele>
      </trkpt>
      <trkpt lat="42.863242" lon="-0.391853">
        <ele>1272.6</ele>
      </trkpt>
      <trkpt lat="42.863169" lon="-0.391822">
        <ele>1273.2</ele>
      </trkpt>
      <trkpt lat="42.862967" lon="-0.391824">
        <ele>1275.6</ele>
      </trkpt>
      <trkpt lat="42.862849" lon="-0.391837">
        <ele>1277.6</ele>
      </trkpt>
      <trkpt lat="42.86264" lon="-0.39184">
        <ele>1281.6</ele>
      </trkpt>
      <trkpt lat="42.862517" lon="-0.391822">
        <ele>1283.5</ele>
      </trkpt>
      <trkpt lat="42.862375" lon="-0.391798">
        <ele>1285.6</ele>
      </trkpt>
      <trkpt lat="42.862225" lon="-0.391754">
        <ele>1287.1</ele>
      </trkpt>
      <trkpt lat="42.861966" lon="-0.391716">
        <ele>1288.4</ele>
      </trkpt>
      <trkpt lat="42.86184" lon="-0.391693">
        <ele>1287.8</ele>
      </trkpt>
      <trkpt lat="42.86173" lon="-0.391658">
        <ele>1286.8</ele>
      </trkpt>
      <trkpt lat="42.861638" lon="-0.391587">
        <ele>1284.8</ele>
      </trkpt>
      <trkpt lat="42.861522" lon="-0.391472">
        <ele>1281.7</ele>
      </trkpt>
      <trkpt lat="42.86144" lon="-0.391392">
        <ele>1279.6</ele>
      </trkpt>
      <trkpt lat="42.861321" lon="-0.391327">
        <ele>1278</ele>
      </trkpt>
      <trkpt lat="42.861235" lon="-0.391318">
        <ele>1277.9</ele>
      </trkpt>
      <trkpt lat="42.861071" lon="-0.391303">
        <ele>1279.1</ele>
      </trkpt>
      <trkpt lat="42.860897" lon="-0.391288">
        <ele>1280.5</ele>
      </trkpt>
      <trkpt lat="42.860741" lon="-0.391276">
        <ele>1281.8</ele>
      </trkpt>
      <trkpt lat="42.860625" lon="-0.391306">
        <ele>1283.3</ele>
      </trkpt>
      <trkpt lat="42.860511" lon="-0.391382">
        <ele>1284.9</ele>
      </trkpt>
      <trkpt lat="42.86043" lon="-0.391451">
        <ele>1285.9</ele>
      </trkpt>
      <trkpt lat="42.860304" lon="-0.391602">
        <ele>1286.2</ele>
      </trkpt>
      <trkpt lat="42.860102" lon="-0.391826">
        <ele>1286.2</ele>
      </trkpt>
      <trkpt lat="42.860006" lon="-0.391901">
        <ele>1286</ele>
      </trkpt>
      <trkpt lat="42.859913" lon="-0.391934">
        <ele>1285.6</ele>
      </trkpt>
      <trkpt lat="42.859804" lon="-0.391963">
        <ele>1285.1</ele>
      </trkpt>
      <trkpt lat="42.859685" lon="-0.391974">
        <ele>1284.4</ele>
      </trkpt>
      <trkpt lat="42.859474" lon="-0.392008">
        <ele>1284.8</ele>
      </trkpt>
      <trkpt lat="42.859266" lon="-0.392044">
        <ele>1286.8</ele>
      </trkpt>
      <trkpt lat="42.859146" lon="-0.392039">
        <ele>1287.9</ele>
      </trkpt>
      <trkpt lat="42.859019" lon="-0.391991">
        <ele>1288.6</ele>
      </trkpt>
      <trkpt lat="42.858927" lon="-0.391888">
        <ele>1288.2</ele>
      </trkpt>
      <trkpt lat="42.858865" lon="-0.391764">
        <ele>1287.2</ele>
      </trkpt>
      <trkpt lat="42.858794" lon="-0.391611">
        <ele>1285.6</ele>
      </trkpt>
      <trkpt lat="42.858687" lon="-0.391443">
        <ele>1284.2</ele>
      </trkpt>
      <trkpt lat="42.858577" lon="-0.391313">
        <ele>1283.4</ele>
      </trkpt>
      <trkpt lat="42.85844" lon="-0.391175">
        <ele>1284.2</ele>
      </trkpt>
      <trkpt lat="42.85834" lon="-0.391079">
        <ele>1285.5</ele>
      </trkpt>
      <trkpt lat="42.858126" lon="-0.390948">
        <ele>1287.2</ele>
      </trkpt>
      <trkpt lat="42.858022" lon="-0.390905">
        <ele>1287.6</ele>
      </trkpt>
      <trkpt lat="42.857867" lon="-0.390848">
        <ele>1288.2</ele>
      </trkpt>
      <trkpt lat="42.857705" lon="-0.390803">
        <ele>1288.6</ele>
      </trkpt>
      <trkpt lat="42.857511" lon="-0.39074">
        <ele>1289.2</ele>
      </trkpt>
      <trkpt lat="42.85734" lon="-0.390718">
        <ele>1289.6</ele>
      </trkpt>
      <trkpt lat="42.857178" lon="-0.390699">
        <ele>1290.1</ele>
      </trkpt>
      <trkpt lat="42.857013" lon="-0.390699">
        <ele>1290.5</ele>
      </trkpt>
      <trkpt lat="42.856933" lon="-0.390709">
        <ele>1290.6</ele>
      </trkpt>
      <trkpt lat="42.856713" lon="-0.390719">
        <ele>1291</ele>
      </trkpt>
      <trkpt lat="42.856557" lon="-0.390688">
        <ele>1291.2</ele>
      </trkpt>
      <trkpt lat="42.856447" lon="-0.390637">
        <ele>1291.1</ele>
      </trkpt>
      <trkpt lat="42.856298" lon="-0.39053">
        <ele>1290.7</ele>
      </trkpt>
      <trkpt lat="42.856184" lon="-0.390427">
        <ele>1290.4</ele>
      </trkpt>
      <trkpt lat="42.856025" lon="-0.39027">
        <ele>1291.9</ele>
      </trkpt>
      <trkpt lat="42.855891" lon="-0.390121">
        <ele>1293.1</ele>
      </trkpt>
      <trkpt lat="42.855779" lon="-0.389981">
        <ele>1293.9</ele>
      </trkpt>
      <trkpt lat="42.855675" lon="-0.389887">
        <ele>1294.4</ele>
      </trkpt>
      <trkpt lat="42.855581" lon="-0.38982">
        <ele>1294.6</ele>
      </trkpt>
      <trkpt lat="42.855464" lon="-0.389755">
        <ele>1294.8</ele>
      </trkpt>
      <trkpt lat="42.855322" lon="-0.389713">
        <ele>1295.2</ele>
      </trkpt>
      <trkpt lat="42.855184" lon="-0.3897">
        <ele>1295.8</ele>
      </trkpt>
      <trkpt lat="42.855031" lon="-0.389718">
        <ele>1296.5</ele>
      </trkpt>
      <trkpt lat="42.854912" lon="-0.389748">
        <ele>1297</ele>
      </trkpt>
      <trkpt lat="42.85474" lon="-0.389765">
        <ele>1297.7</ele>
      </trkpt>
      <trkpt lat="42.854574" lon="-0.389781">
        <ele>1298.5</ele>
      </trkpt>
      <trkpt lat="42.854318" lon="-0.389781">
        <ele>1299.3</ele>
      </trkpt>
      <trkpt lat="42.853843" lon="-0.389776">
        <ele>1300.7</ele>
      </trkpt>
      <trkpt lat="42.853607" lon="-0.389774">
        <ele>1301.9</ele>
      </trkpt>
      <trkpt lat="42.853472" lon="-0.38973">
        <ele>1302.4</ele>
      </trkpt>
      <trkpt lat="42.853367" lon="-0.389679">
        <ele>1302.5</ele>
      </trkpt>
      <trkpt lat="42.853226" lon="-0.389579">
        <ele>1301.9</ele>
      </trkpt>
      <trkpt lat="42.853082" lon="-0.38951">
        <ele>1303</ele>
      </trkpt>
      <trkpt lat="42.852911" lon="-0.389432">
        <ele>1304.1</ele>
      </trkpt>
      <trkpt lat="42.85279" lon="-0.389369">
        <ele>1305.6</ele>
      </trkpt>
      <trkpt lat="42.852601" lon="-0.389284">
        <ele>1307.3</ele>
      </trkpt>
      <trkpt lat="42.852419" lon="-0.389178">
        <ele>1308.4</ele>
      </trkpt>
      <trkpt lat="42.852252" lon="-0.389038">
        <ele>1308.6</ele>
      </trkpt>
      <trkpt lat="42.852081" lon="-0.388886">
        <ele>1308</ele>
      </trkpt>
      <trkpt lat="42.851953" lon="-0.388781">
        <ele>1308.1</ele>
      </trkpt>
      <trkpt lat="42.851823" lon="-0.388726">
        <ele>1309.4</ele>
      </trkpt>
      <trkpt lat="42.85165" lon="-0.388701">
        <ele>1311.1</ele>
      </trkpt>
      <trkpt lat="42.851519" lon="-0.388698">
        <ele>1312.1</ele>
      </trkpt>
      <trkpt lat="42.851343" lon="-0.388701">
        <ele>1313.2</ele>
      </trkpt>
      <trkpt lat="42.851185" lon="-0.388707">
        <ele>1313.8</ele>
      </trkpt>
      <trkpt lat="42.851006" lon="-0.388701">
        <ele>1314.2</ele>
      </trkpt>
      <trkpt lat="42.850851" lon="-0.388677">
        <ele>1314.7</ele>
      </trkpt>
      <trkpt lat="42.85063" lon="-0.38863">
        <ele>1315.8</ele>
      </trkpt>
      <trkpt lat="42.850443" lon="-0.388584">
        <ele>1316.8</ele>
      </trkpt>
      <trkpt lat="42.850246" lon="-0.388494">
        <ele>1318.4</ele>
      </trkpt>
      <trkpt lat="42.85012" lon="-0.388441">
        <ele>1319.2</ele>
      </trkpt>
      <trkpt lat="42.849438" lon="-0.388153">
        <ele>1321.5</ele>
      </trkpt>
      <trkpt lat="42.849246" lon="-0.388081">
        <ele>1321.9</ele>
      </trkpt>
      <trkpt lat="42.849057" lon="-0.387997">
        <ele>1321.8</ele>
      </trkpt>
      <trkpt lat="42.848928" lon="-0.387928">
        <ele>1321.5</ele>
      </trkpt>
      <trkpt lat="42.848615" lon="-0.387813">
        <ele>1323.9</ele>
      </trkpt>
      <trkpt lat="42.848429" lon="-0.387738">
        <ele>1326.1</ele>
      </trkpt>
      <trkpt lat="42.848299" lon="-0.387694">
        <ele>1327.4</ele>
      </trkpt>
      <trkpt lat="42.848048" lon="-0.387651">
        <ele>1328.8</ele>
      </trkpt>
      <trkpt lat="42.847947" lon="-0.387655">
        <ele>1329</ele>
      </trkpt>
      <trkpt lat="42.847821" lon="-0.387651">
        <ele>1329.3</ele>
      </trkpt>
      <trkpt lat="42.8477" lon="-0.387638">
        <ele>1329.6</ele>
      </trkpt>
      <trkpt lat="42.847566" lon="-0.387615">
        <ele>1330.1</ele>
      </trkpt>
      <trkpt lat="42.847343" lon="-0.387559">
        <ele>1331.1</ele>
      </trkpt>
      <trkpt lat="42.847143" lon="-0.387509">
        <ele>1331.9</ele>
      </trkpt>
      <trkpt lat="42.846969" lon="-0.387472">
        <ele>1331.4</ele>
      </trkpt>
      <trkpt lat="42.846866" lon="-0.38744">
        <ele>1330.8</ele>
      </trkpt>
      <trkpt lat="42.846756" lon="-0.387373">
        <ele>1330.3</ele>
      </trkpt>
      <trkpt lat="42.846633" lon="-0.387283">
        <ele>1329.5</ele>
      </trkpt>
      <trkpt lat="42.846501" lon="-0.387144">
        <ele>1328.4</ele>
      </trkpt>
      <trkpt lat="42.846356" lon="-0.387001">
        <ele>1327.8</ele>
      </trkpt>
      <trkpt lat="42.846228" lon="-0.386857">
        <ele>1328.2</ele>
      </trkpt>
      <trkpt lat="42.845965" lon="-0.386572">
        <ele>1330.6</ele>
      </trkpt>
      <trkpt lat="42.845808" lon="-0.386425">
        <ele>1331.3</ele>
      </trkpt>
      <trkpt lat="42.845664" lon="-0.386283">
        <ele>1331.7</ele>
      </trkpt>
      <trkpt lat="42.845509" lon="-0.386191">
        <ele>1333.5</ele>
      </trkpt>
      <trkpt lat="42.845376" lon="-0.386149">
        <ele>1334.7</ele>
      </trkpt>
      <trkpt lat="42.845272" lon="-0.386125">
        <ele>1335.5</ele>
      </trkpt>
      <trkpt lat="42.844948" lon="-0.386018">
        <ele>1339</ele>
      </trkpt>
      <trkpt lat="42.844712" lon="-0.385955">
        <ele>1340.3</ele>
      </trkpt>
      <trkpt lat="42.844547" lon="-0.385911">
        <ele>1341</ele>
      </trkpt>
      <trkpt lat="42.844057" lon="-0.38577">
        <ele>1342.5</ele>
      </trkpt>
      <trkpt lat="42.84382" lon="-0.385689">
        <ele>1343.4</ele>
      </trkpt>
      <trkpt lat="42.843659" lon="-0.385618">
        <ele>1343.7</ele>
      </trkpt>
      <trkpt lat="42.843476" lon="-0.385517">
        <ele>1343.4</ele>
      </trkpt>
      <trkpt lat="42.843248" lon="-0.38538">
        <ele>1342.8</ele>
      </trkpt>
      <trkpt lat="42.843068" lon="-0.385275">
        <ele>1343.4</ele>
      </trkpt>
      <trkpt lat="42.842747" lon="-0.385068">
        <ele>1347.3</ele>
      </trkpt>
      <trkpt lat="42.842591" lon="-0.384952">
        <ele>1350</ele>
      </trkpt>
      <trkpt lat="42.842294" lon="-0.384746">
        <ele>1352.9</ele>
      </trkpt>
      <trkpt lat="42.842124" lon="-0.384657">
        <ele>1352.9</ele>
      </trkpt>
      <trkpt lat="42.841972" lon="-0.384571">
        <ele>1353</ele>
      </trkpt>
      <trkpt lat="42.841377" lon="-0.384213">
        <ele>1354.8</ele>
      </trkpt>
      <trkpt lat="42.841052" lon="-0.383995">
        <ele>1356.6</ele>
      </trkpt>
      <trkpt lat="42.840813" lon="-0.383842">
        <ele>1358.4</ele>
      </trkpt>
      <trkpt lat="42.840637" lon="-0.383735">
        <ele>1359.3</ele>
      </trkpt>
      <trkpt lat="42.840303" lon="-0.383544">
        <ele>1363.3</ele>
      </trkpt>
      <trkpt lat="42.840157" lon="-0.383471">
        <ele>1365.7</ele>
      </trkpt>
      <trkpt lat="42.840017" lon="-0.383391">
        <ele>1368.4</ele>
      </trkpt>
      <trkpt lat="42.839897" lon="-0.383278">
        <ele>1371.8</ele>
      </trkpt>
      <trkpt lat="42.839828" lon="-0.383218">
        <ele>1373.5</ele>
      </trkpt>
      <trkpt lat="42.839737" lon="-0.383132">
        <ele>1376</ele>
      </trkpt>
      <trkpt lat="42.839637" lon="-0.383084">
        <ele>1377.5</ele>
      </trkpt>
      <trkpt lat="42.839525" lon="-0.383059">
        <ele>1378.2</ele>
      </trkpt>
      <trkpt lat="42.839396" lon="-0.38308">
        <ele>1377.4</ele>
      </trkpt>
      <trkpt lat="42.839224" lon="-0.383094">
        <ele>1376.8</ele>
      </trkpt>
      <trkpt lat="42.839086" lon="-0.383099">
        <ele>1376.4</ele>
      </trkpt>
      <trkpt lat="42.838927" lon="-0.383085">
        <ele>1376.6</ele>
      </trkpt>
      <trkpt lat="42.838737" lon="-0.383072">
        <ele>1376.8</ele>
      </trkpt>
      <trkpt lat="42.838542" lon="-0.383053">
        <ele>1377.9</ele>
      </trkpt>
      <trkpt lat="42.838282" lon="-0.382995">
        <ele>1380.2</ele>
      </trkpt>
      <trkpt lat="42.838069" lon="-0.382944">
        <ele>1382.1</ele>
      </trkpt>
      <trkpt lat="42.837921" lon="-0.382924">
        <ele>1382.8</ele>
      </trkpt>
      <trkpt lat="42.837645" lon="-0.382914">
        <ele>1385.4</ele>
      </trkpt>
      <trkpt lat="42.837457" lon="-0.382926">
        <ele>1386.6</ele>
      </trkpt>
      <trkpt lat="42.837327" lon="-0.382932">
        <ele>1387.6</ele>
      </trkpt>
      <trkpt lat="42.837145" lon="-0.382915">
        <ele>1389.6</ele>
      </trkpt>
      <trkpt lat="42.836953" lon="-0.382926">
        <ele>1392</ele>
      </trkpt>
      <trkpt lat="42.836783" lon="-0.382963">
        <ele>1394.2</ele>
      </trkpt>
      <trkpt lat="42.836651" lon="-0.383047">
        <ele>1395.1</ele>
      </trkpt>
      <trkpt lat="42.836566" lon="-0.383117">
        <ele>1395.4</ele>
      </trkpt>
      <trkpt lat="42.836388" lon="-0.383267">
        <ele>1396.3</ele>
      </trkpt>
      <trkpt lat="42.83623" lon="-0.383425">
        <ele>1396.8</ele>
      </trkpt>
      <trkpt lat="42.836067" lon="-0.383595">
        <ele>1395.5</ele>
      </trkpt>
      <trkpt lat="42.835888" lon="-0.383775">
        <ele>1394.4</ele>
      </trkpt>
      <trkpt lat="42.835762" lon="-0.383888">
        <ele>1394.5</ele>
      </trkpt>
      <trkpt lat="42.835632" lon="-0.383976">
        <ele>1394.7</ele>
      </trkpt>
      <trkpt lat="42.835541" lon="-0.384009">
        <ele>1395</ele>
      </trkpt>
      <trkpt lat="42.835435" lon="-0.383995">
        <ele>1395.8</ele>
      </trkpt>
      <trkpt lat="42.835338" lon="-0.383905">
        <ele>1396.2</ele>
      </trkpt>
      <trkpt lat="42.835254" lon="-0.383757">
        <ele>1397.1</ele>
      </trkpt>
      <trkpt lat="42.835177" lon="-0.383589">
        <ele>1399.7</ele>
      </trkpt>
      <trkpt lat="42.835091" lon="-0.38345">
        <ele>1402.4</ele>
      </trkpt>
      <trkpt lat="42.83497" lon="-0.383252">
        <ele>1406.9</ele>
      </trkpt>
      <trkpt lat="42.834873" lon="-0.383158">
        <ele>1409.7</ele>
      </trkpt>
      <trkpt lat="42.834792" lon="-0.383114">
        <ele>1411.4</ele>
      </trkpt>
      <trkpt lat="42.834724" lon="-0.383092">
        <ele>1412.5</ele>
      </trkpt>
      <trkpt lat="42.83461" lon="-0.38308">
        <ele>1413.9</ele>
      </trkpt>
      <trkpt lat="42.834488" lon="-0.383121">
        <ele>1414.7</ele>
      </trkpt>
      <trkpt lat="42.834362" lon="-0.383198">
        <ele>1414.6</ele>
      </trkpt>
      <trkpt lat="42.83426" lon="-0.383266">
        <ele>1414.2</ele>
      </trkpt>
      <trkpt lat="42.834153" lon="-0.38334">
        <ele>1413.5</ele>
      </trkpt>
      <trkpt lat="42.834042" lon="-0.383374">
        <ele>1414.1</ele>
      </trkpt>
      <trkpt lat="42.833941" lon="-0.383381">
        <ele>1415.5</ele>
      </trkpt>
      <trkpt lat="42.83385" lon="-0.383368">
        <ele>1417.5</ele>
      </trkpt>
      <trkpt lat="42.833744" lon="-0.383344">
        <ele>1420.3</ele>
      </trkpt>
      <trkpt lat="42.833648" lon="-0.38334">
        <ele>1423.5</ele>
      </trkpt>
      <trkpt lat="42.833526" lon="-0.383368">
        <ele>1426.2</ele>
      </trkpt>
      <trkpt lat="42.833381" lon="-0.383432">
        <ele>1427.9</ele>
      </trkpt>
      <trkpt lat="42.833197" lon="-0.383512">
        <ele>1429.6</ele>
      </trkpt>
      <trkpt lat="42.833006" lon="-0.383587">
        <ele>1431.3</ele>
      </trkpt>
      <trkpt lat="42.832687" lon="-0.383715">
        <ele>1433.8</ele>
      </trkpt>
      <trkpt lat="42.832488" lon="-0.383782">
        <ele>1436.7</ele>
      </trkpt>
      <trkpt lat="42.832053" lon="-0.383942">
        <ele>1443.6</ele>
      </trkpt>
      <trkpt lat="42.831933" lon="-0.383991">
        <ele>1445.5</ele>
      </trkpt>
      <trkpt lat="42.831833" lon="-0.384048">
        <ele>1446.2</ele>
      </trkpt>
      <trkpt lat="42.83175" lon="-0.38409">
        <ele>1447</ele>
      </trkpt>
      <trkpt lat="42.831642" lon="-0.384114">
        <ele>1449.1</ele>
      </trkpt>
      <trkpt lat="42.831441" lon="-0.384195">
        <ele>1451.1</ele>
      </trkpt>
      <trkpt lat="42.831314" lon="-0.384251">
        <ele>1451.8</ele>
      </trkpt>
      <trkpt lat="42.831207" lon="-0.384302">
        <ele>1452.1</ele>
      </trkpt>
      <trkpt lat="42.831107" lon="-0.384365">
        <ele>1451.5</ele>
      </trkpt>
      <trkpt lat="42.831028" lon="-0.384439">
        <ele>1449.6</ele>
      </trkpt>
      <trkpt lat="42.830906" lon="-0.384511">
        <ele>1448.8</ele>
      </trkpt>
      <trkpt lat="42.830783" lon="-0.38459">
        <ele>1447.5</ele>
      </trkpt>
      <trkpt lat="42.830669" lon="-0.384654">
        <ele>1447.9</ele>
      </trkpt>
      <trkpt lat="42.83057" lon="-0.38471">
        <ele>1448.1</ele>
      </trkpt>
      <trkpt lat="42.830429" lon="-0.384796">
        <ele>1447.8</ele>
      </trkpt>
      <trkpt lat="42.830262" lon="-0.384853">
        <ele>1449.4</ele>
      </trkpt>
      <trkpt lat="42.830082" lon="-0.384898">
        <ele>1451.7</ele>
      </trkpt>
      <trkpt lat="42.829898" lon="-0.384945">
        <ele>1454</ele>
      </trkpt>
      <trkpt lat="42.829771" lon="-0.384989">
        <ele>1455.1</ele>
      </trkpt>
      <trkpt lat="42.829625" lon="-0.385038">
        <ele>1456.3</ele>
      </trkpt>
      <trkpt lat="42.829455" lon="-0.385091">
        <ele>1459.1</ele>
      </trkpt>
      <trkpt lat="42.829234" lon="-0.385192">
        <ele>1460.9</ele>
      </trkpt>
      <trkpt lat="42.82913" lon="-0.385236">
        <ele>1461.5</ele>
      </trkpt>
      <trkpt lat="42.828992" lon="-0.385256">
        <ele>1464.2</ele>
      </trkpt>
      <trkpt lat="42.828892" lon="-0.385264">
        <ele>1466.6</ele>
      </trkpt>
      <trkpt lat="42.828761" lon="-0.385267">
        <ele>1470.1</ele>
      </trkpt>
      <trkpt lat="42.82864" lon="-0.385299">
        <ele>1471.4</ele>
      </trkpt>
      <trkpt lat="42.828495" lon="-0.385377">
        <ele>1469.9</ele>
      </trkpt>
      <trkpt lat="42.828375" lon="-0.385459">
        <ele>1468.6</ele>
      </trkpt>
      <trkpt lat="42.828243" lon="-0.385554">
        <ele>1468</ele>
      </trkpt>
      <trkpt lat="42.828145" lon="-0.385602">
        <ele>1468.5</ele>
      </trkpt>
      <trkpt lat="42.828039" lon="-0.385624">
        <ele>1470.3</ele>
      </trkpt>
      <trkpt lat="42.827925" lon="-0.385622">
        <ele>1473.4</ele>
      </trkpt>
      <trkpt lat="42.827779" lon="-0.385632">
        <ele>1480.7</ele>
      </trkpt>
      <trkpt lat="42.827668" lon="-0.385665">
        <ele>1485.1</ele>
      </trkpt>
      <trkpt lat="42.827542" lon="-0.385757">
        <ele>1487.1</ele>
      </trkpt>
      <trkpt lat="42.827425" lon="-0.385832">
        <ele>1489.1</ele>
      </trkpt>
      <trkpt lat="42.827277" lon="-0.385951">
        <ele>1489.8</ele>
      </trkpt>
      <trkpt lat="42.827175" lon="-0.386029">
        <ele>1490.2</ele>
      </trkpt>
      <trkpt lat="42.826988" lon="-0.386168">
        <ele>1490.2</ele>
      </trkpt>
      <trkpt lat="42.826786" lon="-0.386328">
        <ele>1491.2</ele>
      </trkpt>
      <trkpt lat="42.826548" lon="-0.386504">
        <ele>1494.7</ele>
      </trkpt>
      <trkpt lat="42.826394" lon="-0.386655">
        <ele>1495.3</ele>
      </trkpt>
      <trkpt lat="42.826207" lon="-0.386795">
        <ele>1497.4</ele>
      </trkpt>
      <trkpt lat="42.826031" lon="-0.386955">
        <ele>1498</ele>
      </trkpt>
      <trkpt lat="42.825888" lon="-0.387076">
        <ele>1499</ele>
      </trkpt>
      <trkpt lat="42.825765" lon="-0.387178">
        <ele>1501.1</ele>
      </trkpt>
      <trkpt lat="42.82563" lon="-0.387249">
        <ele>1504.6</ele>
      </trkpt>
      <trkpt lat="42.825467" lon="-0.387335">
        <ele>1508.7</ele>
      </trkpt>
      <trkpt lat="42.825326" lon="-0.387487">
        <ele>1510.7</ele>
      </trkpt>
      <trkpt lat="42.825202" lon="-0.387614">
        <ele>1513.2</ele>
      </trkpt>
      <trkpt lat="42.825131" lon="-0.387728">
        <ele>1513.7</ele>
      </trkpt>
      <trkpt lat="42.825024" lon="-0.387869">
        <ele>1515.5</ele>
      </trkpt>
      <trkpt lat="42.824826" lon="-0.388181">
        <ele>1519.4</ele>
      </trkpt>
      <trkpt lat="42.824667" lon="-0.388436">
        <ele>1522.3</ele>
      </trkpt>
      <trkpt lat="42.824551" lon="-0.388618">
        <ele>1524.9</ele>
      </trkpt>
      <trkpt lat="42.824431" lon="-0.388841">
        <ele>1528.7</ele>
      </trkpt>
      <trkpt lat="42.824207" lon="-0.389214">
        <ele>1537.1</ele>
      </trkpt>
      <trkpt lat="42.824128" lon="-0.389383">
        <ele>1539.4</ele>
      </trkpt>
      <trkpt lat="42.824021" lon="-0.389657">
        <ele>1541.9</ele>
      </trkpt>
      <trkpt lat="42.823927" lon="-0.389891">
        <ele>1544.4</ele>
      </trkpt>
      <trkpt lat="42.823863" lon="-0.390144">
        <ele>1544.1</ele>
      </trkpt>
      <trkpt lat="42.823784" lon="-0.390336">
        <ele>1545.5</ele>
      </trkpt>
      <trkpt lat="42.823731" lon="-0.390475">
        <ele>1545.7</ele>
      </trkpt>
      <trkpt lat="42.82361" lon="-0.390696">
        <ele>1547.2</ele>
      </trkpt>
      <trkpt lat="42.823508" lon="-0.390943">
        <ele>1546.6</ele>
      </trkpt>
      <trkpt lat="42.82341" lon="-0.391183">
        <ele>1545.5</ele>
      </trkpt>
      <trkpt lat="42.823337" lon="-0.391394">
        <ele>1544.6</ele>
      </trkpt>
      <trkpt lat="42.823258" lon="-0.391645">
        <ele>1543.7</ele>
      </trkpt>
      <trkpt lat="42.823183" lon="-0.39176">
        <ele>1545.2</ele>
      </trkpt>
      <trkpt lat="42.82306" lon="-0.391891">
        <ele>1548.6</ele>
      </trkpt>
      <trkpt lat="42.822949" lon="-0.392049">
        <ele>1551.1</ele>
      </trkpt>
      <trkpt lat="42.822871" lon="-0.392151">
        <ele>1554</ele>
      </trkpt>
      <trkpt lat="42.822647" lon="-0.392491">
        <ele>1564.1</ele>
      </trkpt>
      <trkpt lat="42.822592" lon="-0.392581">
        <ele>1566.6</ele>
      </trkpt>
      <trkpt lat="42.822445" lon="-0.392829">
        <ele>1573.6</ele>
      </trkpt>
      <trkpt lat="42.822336" lon="-0.393061">
        <ele>1578.9</ele>
      </trkpt>
      <trkpt lat="42.822255" lon="-0.393374">
        <ele>1581.3</ele>
      </trkpt>
      <trkpt lat="42.82227" lon="-0.393565">
        <ele>1578.8</ele>
      </trkpt>
      <trkpt lat="42.822366" lon="-0.393825">
        <ele>1570.2</ele>
      </trkpt>
      <trkpt lat="42.822449" lon="-0.393906">
        <ele>1564.1</ele>
      </trkpt>
      <trkpt lat="42.822564" lon="-0.39402">
        <ele>1556.2</ele>
      </trkpt>
      <trkpt lat="42.822684" lon="-0.394162">
        <ele>1548.3</ele>
      </trkpt>
      <trkpt lat="42.822733" lon="-0.394284">
        <ele>1544.4</ele>
      </trkpt>
      <trkpt lat="42.822734" lon="-0.39443">
        <ele>1542.1</ele>
      </trkpt>
      <trkpt lat="42.822673" lon="-0.394577">
        <ele>1541.7</ele>
      </trkpt>
      <trkpt lat="42.822547" lon="-0.394698">
        <ele>1544.2</ele>
      </trkpt>
      <trkpt lat="42.82238" lon="-0.394818">
        <ele>1547</ele>
      </trkpt>
      <trkpt lat="42.822023" lon="-0.395033">
        <ele>1551.2</ele>
      </trkpt>
      <trkpt lat="42.821811" lon="-0.395179">
        <ele>1554.6</ele>
      </trkpt>
      <trkpt lat="42.82146" lon="-0.395346">
        <ele>1561.4</ele>
      </trkpt>
      <trkpt lat="42.821259" lon="-0.395428">
        <ele>1565.6</ele>
      </trkpt>
      <trkpt lat="42.821131" lon="-0.395479">
        <ele>1570.2</ele>
      </trkpt>
      <trkpt lat="42.821027" lon="-0.395556">
        <ele>1573.3</ele>
      </trkpt>
      <trkpt lat="42.820913" lon="-0.395746">
        <ele>1574.5</ele>
      </trkpt>
      <trkpt lat="42.820754" lon="-0.395991">
        <ele>1575.3</ele>
      </trkpt>
      <trkpt lat="42.820628" lon="-0.396186">
        <ele>1574.8</ele>
      </trkpt>
      <trkpt lat="42.820461" lon="-0.396411">
        <ele>1574.9</ele>
      </trkpt>
      <trkpt lat="42.820377" lon="-0.396552">
        <ele>1575.2</ele>
      </trkpt>
      <trkpt lat="42.820201" lon="-0.396825">
        <ele>1578.4</ele>
      </trkpt>
      <trkpt lat="42.820046" lon="-0.397076">
        <ele>1580.5</ele>
      </trkpt>
      <trkpt lat="42.819893" lon="-0.397323">
        <ele>1583.6</ele>
      </trkpt>
      <trkpt lat="42.819784" lon="-0.397479">
        <ele>1584.4</ele>
      </trkpt>
      <trkpt lat="42.819627" lon="-0.39773">
        <ele>1582.5</ele>
      </trkpt>
      <trkpt lat="42.81947" lon="-0.3979">
        <ele>1583.6</ele>
      </trkpt>
      <trkpt lat="42.819318" lon="-0.39805">
        <ele>1588.8</ele>
      </trkpt>
      <trkpt lat="42.819187" lon="-0.398163">
        <ele>1593.2</ele>
      </trkpt>
      <trkpt lat="42.818972" lon="-0.398364">
        <ele>1599.2</ele>
      </trkpt>
      <trkpt lat="42.818799" lon="-0.398538">
        <ele>1603</ele>
      </trkpt>
      <trkpt lat="42.81864" lon="-0.39872">
        <ele>1607.9</ele>
      </trkpt>
      <trkpt lat="42.818511" lon="-0.398931">
        <ele>1612</ele>
      </trkpt>
      <trkpt lat="42.81845" lon="-0.39906">
        <ele>1613.6</ele>
      </trkpt>
      <trkpt lat="42.818304" lon="-0.399347">
        <ele>1617.8</ele>
      </trkpt>
      <trkpt lat="42.818236" lon="-0.399546">
        <ele>1618.8</ele>
      </trkpt>
      <trkpt lat="42.818142" lon="-0.399864">
        <ele>1618.4</ele>
      </trkpt>
      <trkpt lat="42.818083" lon="-0.400119">
        <ele>1616.5</ele>
      </trkpt>
      <trkpt lat="42.818048" lon="-0.400293">
        <ele>1614.7</ele>
      </trkpt>
      <trkpt lat="42.818009" lon="-0.400635">
        <ele>1614.5</ele>
      </trkpt>
      <trkpt lat="42.817969" lon="-0.401058">
        <ele>1617.4</ele>
      </trkpt>
      <trkpt lat="42.817955" lon="-0.401404">
        <ele>1619</ele>
      </trkpt>
      <trkpt lat="42.817948" lon="-0.402076">
        <ele>1622</ele>
      </trkpt>
      <trkpt lat="42.817974" lon="-0.402543">
        <ele>1633.1</ele>
      </trkpt>
      <trkpt lat="42.818012" lon="-0.402861">
        <ele>1639.8</ele>
      </trkpt>
      <trkpt lat="42.818045" lon="-0.403066">
        <ele>1648</ele>
      </trkpt>
      <trkpt lat="42.818098" lon="-0.403257">
        <ele>1655.8</ele>
      </trkpt>
      <trkpt lat="42.818159" lon="-0.403408">
        <ele>1660.7</ele>
      </trkpt>
      <trkpt lat="42.818231" lon="-0.403554">
        <ele>1664.4</ele>
      </trkpt>
      <trkpt lat="42.818314" lon="-0.403665">
        <ele>1665.5</ele>
      </trkpt>
      <trkpt lat="42.818448" lon="-0.403795">
        <ele>1663.9</ele>
      </trkpt>
      <trkpt lat="42.818558" lon="-0.403846">
        <ele>1659.9</ele>
      </trkpt>
      <trkpt lat="42.818685" lon="-0.403883">
        <ele>1654.4</ele>
      </trkpt>
      <trkpt lat="42.818871" lon="-0.403878">
        <ele>1649.9</ele>
      </trkpt>
      <trkpt lat="42.819072" lon="-0.403847">
        <ele>1647.5</ele>
      </trkpt>
      <trkpt lat="42.819327" lon="-0.403789">
        <ele>1644.3</ele>
      </trkpt>
      <trkpt lat="42.819508" lon="-0.403737">
        <ele>1641.8</ele>
      </trkpt>
      <trkpt lat="42.819636" lon="-0.403773">
        <ele>1641.8</ele>
      </trkpt>
      <trkpt lat="42.819753" lon="-0.40384">
        <ele>1641.5</ele>
      </trkpt>
      <trkpt lat="42.819876" lon="-0.403963">
        <ele>1642.7</ele>
      </trkpt>
      <trkpt lat="42.820004" lon="-0.404137">
        <ele>1644.9</ele>
      </trkpt>
      <trkpt lat="42.820104" lon="-0.404375">
        <ele>1649</ele>
      </trkpt>
      <trkpt lat="42.820152" lon="-0.404562">
        <ele>1652.8</ele>
      </trkpt>
      <trkpt lat="42.82019" lon="-0.40472">
        <ele>1653.3</ele>
      </trkpt>
      <trkpt lat="42.820197" lon="-0.404869">
        <ele>1654</ele>
      </trkpt>
      <trkpt lat="42.820181" lon="-0.405007">
        <ele>1655.2</ele>
      </trkpt>
      <trkpt lat="42.820136" lon="-0.405156">
        <ele>1656.9</ele>
      </trkpt>
      <trkpt lat="42.820041" lon="-0.405305">
        <ele>1659.3</ele>
      </trkpt>
      <trkpt lat="42.819937" lon="-0.40542">
        <ele>1661.5</ele>
      </trkpt>
      <trkpt lat="42.819843" lon="-0.40553">
        <ele>1664.1</ele>
      </trkpt>
      <trkpt lat="42.819765" lon="-0.405687">
        <ele>1666.1</ele>
      </trkpt>
      <trkpt lat="42.819775" lon="-0.405805">
        <ele>1666.9</ele>
      </trkpt>
      <trkpt lat="42.819843" lon="-0.405906">
        <ele>1667.9</ele>
      </trkpt>
      <trkpt lat="42.819943" lon="-0.405973">
        <ele>1669.2</ele>
      </trkpt>
      <trkpt lat="42.820105" lon="-0.405871">
        <ele>1668.1</ele>
      </trkpt>
      <trkpt lat="42.820277" lon="-0.405705">
        <ele>1664</ele>
      </trkpt>
      <trkpt lat="42.820464" lon="-0.405576">
        <ele>1660</ele>
      </trkpt>
      <trkpt lat="42.820649" lon="-0.405467">
        <ele>1659.6</ele>
      </trkpt>
      <trkpt lat="42.820883" lon="-0.405347">
        <ele>1660.5</ele>
      </trkpt>
      <trkpt lat="42.821039" lon="-0.405229">
        <ele>1660</ele>
      </trkpt>
      <trkpt lat="42.821174" lon="-0.405098">
        <ele>1658.2</ele>
      </trkpt>
      <trkpt lat="42.821365" lon="-0.404939">
        <ele>1654.7</ele>
      </trkpt>
      <trkpt lat="42.821504" lon="-0.404889">
        <ele>1654.2</ele>
      </trkpt>
      <trkpt lat="42.821677" lon="-0.404914">
        <ele>1655.6</ele>
      </trkpt>
      <trkpt lat="42.821776" lon="-0.405001">
        <ele>1657.3</ele>
      </trkpt>
      <trkpt lat="42.821899" lon="-0.405153">
        <ele>1659.1</ele>
      </trkpt>
      <trkpt lat="42.821937" lon="-0.405382">
        <ele>1661.1</ele>
      </trkpt>
      <trkpt lat="42.821926" lon="-0.405565">
        <ele>1662.6</ele>
      </trkpt>
      <trkpt lat="42.821891" lon="-0.405722">
        <ele>1664.5</ele>
      </trkpt>
      <trkpt lat="42.821825" lon="-0.405952">
        <ele>1668.5</ele>
      </trkpt>
      <trkpt lat="42.821754" lon="-0.406238">
        <ele>1674.7</ele>
      </trkpt>
      <trkpt lat="42.821709" lon="-0.406458">
        <ele>1676.4</ele>
      </trkpt>
      <trkpt lat="42.821646" lon="-0.406806">
        <ele>1678.4</ele>
      </trkpt>
      <trkpt lat="42.821613" lon="-0.407084">
        <ele>1679.2</ele>
      </trkpt>
      <trkpt lat="42.821561" lon="-0.407328">
        <ele>1679.1</ele>
      </trkpt>
      <trkpt lat="42.821522" lon="-0.407438">
        <ele>1679.3</ele>
      </trkpt>
      <trkpt lat="42.821414" lon="-0.407685">
        <ele>1679.3</ele>
      </trkpt>
      <trkpt lat="42.821325" lon="-0.407834">
        <ele>1679</ele>
      </trkpt>
      <trkpt lat="42.821222" lon="-0.407983">
        <ele>1679.1</ele>
      </trkpt>
      <trkpt lat="42.821093" lon="-0.408182">
        <ele>1680.3</ele>
      </trkpt>
      <trkpt lat="42.820961" lon="-0.408361">
        <ele>1681.4</ele>
      </trkpt>
      <trkpt lat="42.820897" lon="-0.408469">
        <ele>1681.6</ele>
      </trkpt>
      <trkpt lat="42.820673" lon="-0.40877">
        <ele>1682.8</ele>
      </trkpt>
      <trkpt lat="42.820444" lon="-0.409084">
        <ele>1686.8</ele>
      </trkpt>
      <trkpt lat="42.820328" lon="-0.409239">
        <ele>1688.8</ele>
      </trkpt>
      <trkpt lat="42.820251" lon="-0.409417">
        <ele>1690.5</ele>
      </trkpt>
      <trkpt lat="42.820148" lon="-0.409641">
        <ele>1693.7</ele>
      </trkpt>
      <trkpt lat="42.820043" lon="-0.409926">
        <ele>1698.3</ele>
      </trkpt>
      <trkpt lat="42.819977" lon="-0.410154">
        <ele>1701.6</ele>
      </trkpt>
      <trkpt lat="42.819967" lon="-0.41027">
        <ele>1702.7</ele>
      </trkpt>
      <trkpt lat="42.819978" lon="-0.410442">
        <ele>1703.1</ele>
      </trkpt>
      <trkpt lat="42.819978" lon="-0.410629">
        <ele>1702.6</ele>
      </trkpt>
      <trkpt lat="42.819968" lon="-0.410756">
        <ele>1702.5</ele>
      </trkpt>
      <trkpt lat="42.819909" lon="-0.411032">
        <ele>1703</ele>
      </trkpt>
      <trkpt lat="42.819841" lon="-0.411283">
        <ele>1703.2</ele>
      </trkpt>
      <trkpt lat="42.819788" lon="-0.411458">
        <ele>1702.7</ele>
      </trkpt>
      <trkpt lat="42.819696" lon="-0.411633">
        <ele>1702.1</ele>
      </trkpt>
      <trkpt lat="42.819547" lon="-0.411798">
        <ele>1701.7</ele>
      </trkpt>
      <trkpt lat="42.819422" lon="-0.411922">
        <ele>1703.5</ele>
      </trkpt>
      <trkpt lat="42.819326" lon="-0.41206">
        <ele>1704.7</ele>
      </trkpt>
      <trkpt lat="42.819246" lon="-0.412241">
        <ele>1707.1</ele>
      </trkpt>
      <trkpt lat="42.819175" lon="-0.412455">
        <ele>1709.9</ele>
      </trkpt>
      <trkpt lat="42.819115" lon="-0.412687">
        <ele>1712.5</ele>
      </trkpt>
      <trkpt lat="42.819063" lon="-0.412933">
        <ele>1715.2</ele>
      </trkpt>
      <trkpt lat="42.818969" lon="-0.413329">
        <ele>1721.2</ele>
      </trkpt>
      <trkpt lat="42.81886" lon="-0.41384">
        <ele>1727.9</ele>
      </trkpt>
      <trkpt lat="42.818838" lon="-0.413988">
        <ele>1727.7</ele>
      </trkpt>
      <trkpt lat="42.818851" lon="-0.414246">
        <ele>1725.4</ele>
      </trkpt>
      <trkpt lat="42.818874" lon="-0.414449">
        <ele>1723.2</ele>
      </trkpt>
      <trkpt lat="42.818876" lon="-0.414648">
        <ele>1721.2</ele>
      </trkpt>
      <trkpt lat="42.818861" lon="-0.414817">
        <ele>1719.1</ele>
      </trkpt>
      <trkpt lat="42.818829" lon="-0.415071">
        <ele>1715.6</ele>
      </trkpt>
      <trkpt lat="42.818792" lon="-0.415336">
        <ele>1711.4</ele>
      </trkpt>
      <trkpt lat="42.81873" lon="-0.415666">
        <ele>1710.5</ele>
      </trkpt>
      <trkpt lat="42.818674" lon="-0.415811">
        <ele>1711</ele>
      </trkpt>
      <trkpt lat="42.818588" lon="-0.415947">
        <ele>1711.5</ele>
      </trkpt>
      <trkpt lat="42.818469" lon="-0.416012">
        <ele>1711.9</ele>
      </trkpt>
      <trkpt lat="42.818315" lon="-0.416039">
        <ele>1712.3</ele>
      </trkpt>
      <trkpt lat="42.818221" lon="-0.416041">
        <ele>1712.7</ele>
      </trkpt>
      <trkpt lat="42.818037" lon="-0.416024">
        <ele>1713.5</ele>
      </trkpt>
      <trkpt lat="42.81791" lon="-0.416024">
        <ele>1714</ele>
      </trkpt>
      <trkpt lat="42.817756" lon="-0.416057">
        <ele>1713.7</ele>
      </trkpt>
      <trkpt lat="42.817629" lon="-0.416114">
        <ele>1713.1</ele>
      </trkpt>
      <trkpt lat="42.81751" lon="-0.416202">
        <ele>1712.1</ele>
      </trkpt>
      <trkpt lat="42.817334" lon="-0.416322">
        <ele>1711.8</ele>
      </trkpt>
      <trkpt lat="42.817196" lon="-0.416348">
        <ele>1711.9</ele>
      </trkpt>
      <trkpt lat="42.817024" lon="-0.416366">
        <ele>1712.6</ele>
      </trkpt>
      <trkpt lat="42.816837" lon="-0.416367">
        <ele>1715</ele>
      </trkpt>
      <trkpt lat="42.816635" lon="-0.416358">
        <ele>1717.7</ele>
      </trkpt>
      <trkpt lat="42.816451" lon="-0.416363">
        <ele>1720</ele>
      </trkpt>
      <trkpt lat="42.81632" lon="-0.416408">
        <ele>1721.2</ele>
      </trkpt>
      <trkpt lat="42.816232" lon="-0.416478">
        <ele>1721.9</ele>
      </trkpt>
      <trkpt lat="42.816136" lon="-0.416609">
        <ele>1723.3</ele>
      </trkpt>
      <trkpt lat="42.81604" lon="-0.416777">
        <ele>1723.4</ele>
      </trkpt>
      <trkpt lat="42.815863" lon="-0.417075">
        <ele>1722.1</ele>
      </trkpt>
      <trkpt lat="42.815707" lon="-0.417314">
        <ele>1722.9</ele>
      </trkpt>
      <trkpt lat="42.815617" lon="-0.417476">
        <ele>1722.6</ele>
      </trkpt>
      <trkpt lat="42.815416" lon="-0.417777">
        <ele>1721</ele>
      </trkpt>
      <trkpt lat="42.815304" lon="-0.417912">
        <ele>1720.4</ele>
      </trkpt>
      <trkpt lat="42.815175" lon="-0.418045">
        <ele>1720.7</ele>
      </trkpt>
      <trkpt lat="42.815126" lon="-0.418067">
        <ele>1721</ele>
      </trkpt>
      <trkpt lat="42.814968" lon="-0.418128">
        <ele>1722</ele>
      </trkpt>
      <trkpt lat="42.81482" lon="-0.418148">
        <ele>1723.3</ele>
      </trkpt>
      <trkpt lat="42.814627" lon="-0.41815">
        <ele>1725.2</ele>
      </trkpt>
      <trkpt lat="42.814454" lon="-0.41815">
        <ele>1728</ele>
      </trkpt>
      <trkpt lat="42.814284" lon="-0.418154">
        <ele>1731</ele>
      </trkpt>
      <trkpt lat="42.814128" lon="-0.418206">
        <ele>1733</ele>
      </trkpt>
      <trkpt lat="42.813997" lon="-0.418292">
        <ele>1733.9</ele>
      </trkpt>
      <trkpt lat="42.813874" lon="-0.418429">
        <ele>1733.7</ele>
      </trkpt>
      <trkpt lat="42.813758" lon="-0.418545">
        <ele>1733.6</ele>
      </trkpt>
      <trkpt lat="42.813604" lon="-0.418678">
        <ele>1733.9</ele>
      </trkpt>
      <trkpt lat="42.813444" lon="-0.418762">
        <ele>1735.3</ele>
      </trkpt>
      <trkpt lat="42.813295" lon="-0.418841">
        <ele>1736.8</ele>
      </trkpt>
      <trkpt lat="42.813115" lon="-0.418946">
        <ele>1738.2</ele>
      </trkpt>
      <trkpt lat="42.812972" lon="-0.419031">
        <ele>1739.1</ele>
      </trkpt>
      <trkpt lat="42.812749" lon="-0.419149">
        <ele>1739</ele>
      </trkpt>
      <trkpt lat="42.812637" lon="-0.419193">
        <ele>1739</ele>
      </trkpt>
      <trkpt lat="42.812524" lon="-0.41921">
        <ele>1739.5</ele>
      </trkpt>
      <trkpt lat="42.812392" lon="-0.419202">
        <ele>1740.6</ele>
      </trkpt>
      <trkpt lat="42.81224" lon="-0.419191">
        <ele>1741.9</ele>
      </trkpt>
      <trkpt lat="42.811892" lon="-0.419166">
        <ele>1743.6</ele>
      </trkpt>
      <trkpt lat="42.811649" lon="-0.419134">
        <ele>1744.4</ele>
      </trkpt>
      <trkpt lat="42.811209" lon="-0.419063">
        <ele>1746.6</ele>
      </trkpt>
      <trkpt lat="42.810965" lon="-0.419021">
        <ele>1749.3</ele>
      </trkpt>
      <trkpt lat="42.810465" lon="-0.418913">
        <ele>1754.9</ele>
      </trkpt>
      <trkpt lat="42.810282" lon="-0.418889">
        <ele>1755.7</ele>
      </trkpt>
      <trkpt lat="42.810093" lon="-0.418858">
        <ele>1756.2</ele>
      </trkpt>
      <trkpt lat="42.809779" lon="-0.418773">
        <ele>1757.6</ele>
      </trkpt>
      <trkpt lat="42.809589" lon="-0.418665">
        <ele>1759.3</ele>
      </trkpt>
      <trkpt lat="42.809444" lon="-0.418541">
        <ele>1763</ele>
      </trkpt>
      <trkpt lat="42.80932" lon="-0.418395">
        <ele>1766.7</ele>
      </trkpt>
      <trkpt lat="42.809115" lon="-0.418156">
        <ele>1772.6</ele>
      </trkpt>
      <trkpt lat="42.809016" lon="-0.418036">
        <ele>1775.5</ele>
      </trkpt>
      <trkpt lat="42.808891" lon="-0.417924">
        <ele>1778.4</ele>
      </trkpt>
      <trkpt lat="42.808807" lon="-0.417918">
        <ele>1779.4</ele>
      </trkpt>
      <trkpt lat="42.808719" lon="-0.417957">
        <ele>1779.9</ele>
      </trkpt>
      <trkpt lat="42.80869" lon="-0.417992">
        <ele>1779.8</ele>
      </trkpt>
      <trkpt lat="42.808561" lon="-0.418146">
        <ele>1779.6</ele>
      </trkpt>
      <trkpt lat="42.808366" lon="-0.418433">
        <ele>1778.8</ele>
      </trkpt>
      <trkpt lat="42.808217" lon="-0.418612">
        <ele>1778.9</ele>
      </trkpt>
      <trkpt lat="42.808108" lon="-0.418756">
        <ele>1778.9</ele>
      </trkpt>
      <trkpt lat="42.808006" lon="-0.418871">
        <ele>1779.2</ele>
      </trkpt>
      <trkpt lat="42.807894" lon="-0.418983">
        <ele>1779.8</ele>
      </trkpt>
      <trkpt lat="42.807776" lon="-0.419077">
        <ele>1780.5</ele>
      </trkpt>
      <trkpt lat="42.807619" lon="-0.419198">
        <ele>1782.1</ele>
      </trkpt>
      <trkpt lat="42.807484" lon="-0.419272">
        <ele>1784.1</ele>
      </trkpt>
      <trkpt lat="42.807341" lon="-0.41933">
        <ele>1786.5</ele>
      </trkpt>
      <trkpt lat="42.807223" lon="-0.419346">
        <ele>1788.8</ele>
      </trkpt>
      <trkpt lat="42.807106" lon="-0.419347">
        <ele>1791</ele>
      </trkpt>
      <trkpt lat="42.806999" lon="-0.419266">
        <ele>1792.2</ele>
      </trkpt>
      <trkpt lat="42.806852" lon="-0.419099">
        <ele>1793.5</ele>
      </trkpt>
      <trkpt lat="42.806756" lon="-0.418938">
        <ele>1794.3</ele>
      </trkpt>
      <trkpt lat="42.80665" lon="-0.418776">
        <ele>1795.2</ele>
      </trkpt>
      <trkpt lat="42.806573" lon="-0.418663">
        <ele>1795.9</ele>
      </trkpt>
      <trkpt lat="42.806468" lon="-0.418556">
        <ele>1796.5</ele>
      </trkpt>
      <trkpt lat="42.806356" lon="-0.418484">
        <ele>1797.2</ele>
      </trkpt>
      <trkpt lat="42.806229" lon="-0.418467">
        <ele>1798.1</ele>
      </trkpt>
      <trkpt lat="42.806014" lon="-0.418441">
        <ele>1799</ele>
      </trkpt>
      <trkpt lat="42.805759" lon="-0.41851">
        <ele>1801.3</ele>
      </trkpt>
      <trkpt lat="42.805551" lon="-0.418546">
        <ele>1803.2</ele>
      </trkpt>
      <trkpt lat="42.805225" lon="-0.418608">
        <ele>1803.9</ele>
      </trkpt>
      <trkpt lat="42.805083" lon="-0.418651">
        <ele>1803.6</ele>
      </trkpt>
      <trkpt lat="42.804928" lon="-0.418675">
        <ele>1802.8</ele>
      </trkpt>
      <trkpt lat="42.804777" lon="-0.418665">
        <ele>1801.5</ele>
      </trkpt>
      <trkpt lat="42.804596" lon="-0.418624">
        <ele>1799.6</ele>
      </trkpt>
      <trkpt lat="42.804419" lon="-0.41853">
        <ele>1801.4</ele>
      </trkpt>
      <trkpt lat="42.804307" lon="-0.418429">
        <ele>1801.8</ele>
      </trkpt>
      <trkpt lat="42.80412" lon="-0.418225">
        <ele>1800.7</ele>
      </trkpt>
      <trkpt lat="42.803923" lon="-0.417981">
        <ele>1797.3</ele>
      </trkpt>
      <trkpt lat="42.803784" lon="-0.417808">
        <ele>1795.4</ele>
      </trkpt>
      <trkpt lat="42.803585" lon="-0.417554">
        <ele>1791</ele>
      </trkpt>
      <trkpt lat="42.803419" lon="-0.417343">
        <ele>1787.3</ele>
      </trkpt>
      <trkpt lat="42.803269" lon="-0.417162">
        <ele>1784.5</ele>
      </trkpt>
      <trkpt lat="42.803099" lon="-0.416952">
        <ele>1782.5</ele>
      </trkpt>
      <trkpt lat="42.803008" lon="-0.416839">
        <ele>1781.5</ele>
      </trkpt>
      <trkpt lat="42.802902" lon="-0.416707">
        <ele>1779.9</ele>
      </trkpt>
      <trkpt lat="42.802775" lon="-0.416582">
        <ele>1777.2</ele>
      </trkpt>
      <trkpt lat="42.802647" lon="-0.416474">
        <ele>1774.5</ele>
      </trkpt>
      <trkpt lat="42.802503" lon="-0.416401">
        <ele>1771.8</ele>
      </trkpt>
      <trkpt lat="42.80235" lon="-0.416322">
        <ele>1768.8</ele>
      </trkpt>
      <trkpt lat="42.802214" lon="-0.416194">
        <ele>1766.5</ele>
      </trkpt>
      <trkpt lat="42.802116" lon="-0.415922">
        <ele>1765.8</ele>
      </trkpt>
      <trkpt lat="42.801949" lon="-0.415644">
        <ele>1764.2</ele>
      </trkpt>
      <trkpt lat="42.801845" lon="-0.415384">
        <ele>1763.6</ele>
      </trkpt>
      <trkpt lat="42.801771" lon="-0.415174">
        <ele>1764.5</ele>
      </trkpt>
      <trkpt lat="42.801698" lon="-0.414938">
        <ele>1765.4</ele>
      </trkpt>
      <trkpt lat="42.801619" lon="-0.414715">
        <ele>1765.8</ele>
      </trkpt>
      <trkpt lat="42.80154" lon="-0.414467">
        <ele>1766.1</ele>
      </trkpt>
      <trkpt lat="42.801392" lon="-0.414078">
        <ele>1766</ele>
      </trkpt>
      <trkpt lat="42.801271" lon="-0.41391">
        <ele>1765</ele>
      </trkpt>
      <trkpt lat="42.801081" lon="-0.413774">
        <ele>1763.1</ele>
      </trkpt>
      <trkpt lat="42.800917" lon="-0.413696">
        <ele>1761.6</ele>
      </trkpt>
      <trkpt lat="42.800773" lon="-0.413653">
        <ele>1760.1</ele>
      </trkpt>
      <trkpt lat="42.800583" lon="-0.413581">
        <ele>1758.4</ele>
      </trkpt>
      <trkpt lat="42.800389" lon="-0.413516">
        <ele>1756.9</ele>
      </trkpt>
      <trkpt lat="42.800144" lon="-0.413426">
        <ele>1755.5</ele>
      </trkpt>
      <trkpt lat="42.799957" lon="-0.413356">
        <ele>1754.3</ele>
      </trkpt>
      <trkpt lat="42.79961" lon="-0.413238">
        <ele>1751.7</ele>
      </trkpt>
      <trkpt lat="42.799299" lon="-0.413134">
        <ele>1750.5</ele>
      </trkpt>
      <trkpt lat="42.799078" lon="-0.413057">
        <ele>1749.5</ele>
      </trkpt>
      <trkpt lat="42.798542" lon="-0.412862">
        <ele>1745.8</ele>
      </trkpt>
      <trkpt lat="42.798259" lon="-0.412758">
        <ele>1743</ele>
      </trkpt>
      <trkpt lat="42.798095" lon="-0.412712">
        <ele>1741</ele>
      </trkpt>
      <trkpt lat="42.797886" lon="-0.412646">
        <ele>1738.6</ele>
      </trkpt>
      <trkpt lat="42.797731" lon="-0.412621">
        <ele>1737.1</ele>
      </trkpt>
      <trkpt lat="42.797591" lon="-0.41261">
        <ele>1735.5</ele>
      </trkpt>
      <trkpt lat="42.797416" lon="-0.412612">
        <ele>1733.5</ele>
      </trkpt>
      <trkpt lat="42.797268" lon="-0.412612">
        <ele>1731.8</ele>
      </trkpt>
      <trkpt lat="42.797113" lon="-0.412575">
        <ele>1730</ele>
      </trkpt>
      <trkpt lat="42.796952" lon="-0.412491">
        <ele>1729.9</ele>
      </trkpt>
      <trkpt lat="42.796819" lon="-0.412395">
        <ele>1730.1</ele>
      </trkpt>
      <trkpt lat="42.796642" lon="-0.412182">
        <ele>1730.2</ele>
      </trkpt>
      <trkpt lat="42.796458" lon="-0.411936">
        <ele>1729.7</ele>
      </trkpt>
      <trkpt lat="42.796348" lon="-0.411738">
        <ele>1728.3</ele>
      </trkpt>
      <trkpt lat="42.796137" lon="-0.411343">
        <ele>1726.7</ele>
      </trkpt>
      <trkpt lat="42.796029" lon="-0.411058">
        <ele>1726.9</ele>
      </trkpt>
      <trkpt lat="42.795914" lon="-0.410742">
        <ele>1726.8</ele>
      </trkpt>
      <trkpt lat="42.795794" lon="-0.410396">
        <ele>1725.6</ele>
      </trkpt>
      <trkpt lat="42.795692" lon="-0.410103">
        <ele>1723.2</ele>
      </trkpt>
      <trkpt lat="42.795545" lon="-0.409683">
        <ele>1717.7</ele>
      </trkpt>
      <trkpt lat="42.795433" lon="-0.40935">
        <ele>1713.6</ele>
      </trkpt>
      <trkpt lat="42.795322" lon="-0.409027">
        <ele>1711.9</ele>
      </trkpt>
      <trkpt lat="42.795229" lon="-0.408716">
        <ele>1710.3</ele>
      </trkpt>
      <trkpt lat="42.795136" lon="-0.40839">
        <ele>1709.3</ele>
      </trkpt>
      <trkpt lat="42.794975" lon="-0.407764">
        <ele>1704.9</ele>
      </trkpt>
      <trkpt lat="42.79482" lon="-0.407139">
        <ele>1699.9</ele>
      </trkpt>
      <trkpt lat="42.794736" lon="-0.406825">
        <ele>1697.4</ele>
      </trkpt>
      <trkpt lat="42.794665" lon="-0.406534">
        <ele>1694.8</ele>
      </trkpt>
      <trkpt lat="42.794594" lon="-0.406258">
        <ele>1691.4</ele>
      </trkpt>
      <trkpt lat="42.79455" lon="-0.406025">
        <ele>1691.7</ele>
      </trkpt>
      <trkpt lat="42.794521" lon="-0.405851">
        <ele>1692</ele>
      </trkpt>
      <trkpt lat="42.794524" lon="-0.405665">
        <ele>1692.6</ele>
      </trkpt>
      <trkpt lat="42.794541" lon="-0.405454">
        <ele>1693.4</ele>
      </trkpt>
      <trkpt lat="42.794561" lon="-0.405293">
        <ele>1693.3</ele>
      </trkpt>
      <trkpt lat="42.794591" lon="-0.405084">
        <ele>1693</ele>
      </trkpt>
      <trkpt lat="42.794637" lon="-0.404821">
        <ele>1693.3</ele>
      </trkpt>
      <trkpt lat="42.794672" lon="-0.404552">
        <ele>1692.9</ele>
      </trkpt>
      <trkpt lat="42.794712" lon="-0.404278">
        <ele>1693.1</ele>
      </trkpt>
      <trkpt lat="42.79473" lon="-0.404089">
        <ele>1693</ele>
      </trkpt>
      <trkpt lat="42.794728" lon="-0.403932">
        <ele>1692.5</ele>
      </trkpt>
      <trkpt lat="42.794689" lon="-0.403732">
        <ele>1691.2</ele>
      </trkpt>
      <trkpt lat="42.794638" lon="-0.403562">
        <ele>1690.8</ele>
      </trkpt>
      <trkpt lat="42.794561" lon="-0.403403">
        <ele>1689.8</ele>
      </trkpt>
      <trkpt lat="42.794464" lon="-0.403248">
        <ele>1688.3</ele>
      </trkpt>
      <trkpt lat="42.794297" lon="-0.403062">
        <ele>1685.7</ele>
      </trkpt>
      <trkpt lat="42.794188" lon="-0.402977">
        <ele>1684.1</ele>
      </trkpt>
      <trkpt lat="42.79404" lon="-0.402922">
        <ele>1681.5</ele>
      </trkpt>
      <trkpt lat="42.79383" lon="-0.402888">
        <ele>1678.4</ele>
      </trkpt>
      <trkpt lat="42.793654" lon="-0.40285">
        <ele>1676.5</ele>
      </trkpt>
      <trkpt lat="42.79351" lon="-0.402808">
        <ele>1675.5</ele>
      </trkpt>
      <trkpt lat="42.79337" lon="-0.402758">
        <ele>1674.6</ele>
      </trkpt>
      <trkpt lat="42.793235" lon="-0.402687">
        <ele>1674.1</ele>
      </trkpt>
      <trkpt lat="42.793065" lon="-0.402566">
        <ele>1673.9</ele>
      </trkpt>
      <trkpt lat="42.792861" lon="-0.402418">
        <ele>1673.3</ele>
      </trkpt>
      <trkpt lat="42.792677" lon="-0.402297">
        <ele>1672.4</ele>
      </trkpt>
      <trkpt lat="42.792512" lon="-0.402185">
        <ele>1671.2</ele>
      </trkpt>
      <trkpt lat="42.792361" lon="-0.402089">
        <ele>1669.6</ele>
      </trkpt>
      <trkpt lat="42.792221" lon="-0.402038">
        <ele>1668</ele>
      </trkpt>
      <trkpt lat="42.792033" lon="-0.402023">
        <ele>1664.8</ele>
      </trkpt>
      <trkpt lat="42.791811" lon="-0.402004">
        <ele>1661.7</ele>
      </trkpt>
      <trkpt lat="42.791617" lon="-0.401985">
        <ele>1659</ele>
      </trkpt>
      <trkpt lat="42.791442" lon="-0.401955">
        <ele>1656.7</ele>
      </trkpt>
      <trkpt lat="42.791312" lon="-0.401896">
        <ele>1655.7</ele>
      </trkpt>
      <trkpt lat="42.791149" lon="-0.401769">
        <ele>1655.7</ele>
      </trkpt>
      <trkpt lat="42.791024" lon="-0.401609">
        <ele>1656.5</ele>
      </trkpt>
      <trkpt lat="42.790889" lon="-0.401372">
        <ele>1657.6</ele>
      </trkpt>
      <trkpt lat="42.790752" lon="-0.401099">
        <ele>1658.4</ele>
      </trkpt>
      <trkpt lat="42.790579" lon="-0.400771">
        <ele>1659.6</ele>
      </trkpt>
      <trkpt lat="42.790468" lon="-0.400556">
        <ele>1660.8</ele>
      </trkpt>
      <trkpt lat="42.790293" lon="-0.400201">
        <ele>1659.6</ele>
      </trkpt>
      <trkpt lat="42.790134" lon="-0.399896">
        <ele>1656.4</ele>
      </trkpt>
      <trkpt lat="42.790051" lon="-0.399657">
        <ele>1654.7</ele>
      </trkpt>
      <trkpt lat="42.789984" lon="-0.39941">
        <ele>1651.6</ele>
      </trkpt>
      <trkpt lat="42.789898" lon="-0.399084">
        <ele>1646.2</ele>
      </trkpt>
      <trkpt lat="42.789827" lon="-0.398788">
        <ele>1640.9</ele>
      </trkpt>
      <trkpt lat="42.789758" lon="-0.398506">
        <ele>1638.5</ele>
      </trkpt>
      <trkpt lat="42.789697" lon="-0.398249">
        <ele>1637</ele>
      </trkpt>
      <trkpt lat="42.789627" lon="-0.398013">
        <ele>1635.2</ele>
      </trkpt>
      <trkpt lat="42.789576" lon="-0.39782">
        <ele>1634.9</ele>
      </trkpt>
      <trkpt lat="42.789511" lon="-0.397619">
        <ele>1635.6</ele>
      </trkpt>
      <trkpt lat="42.789428" lon="-0.397414">
        <ele>1635.8</ele>
      </trkpt>
      <trkpt lat="42.789306" lon="-0.397144">
        <ele>1635.5</ele>
      </trkpt>
      <trkpt lat="42.789149" lon="-0.396867">
        <ele>1634.5</ele>
      </trkpt>
      <trkpt lat="42.788984" lon="-0.396589">
        <ele>1633.7</ele>
      </trkpt>
      <trkpt lat="42.788724" lon="-0.396161">
        <ele>1632.3</ele>
      </trkpt>
      <trkpt lat="42.788539" lon="-0.395876">
        <ele>1631.5</ele>
      </trkpt>
      <trkpt lat="42.788397" lon="-0.395658">
        <ele>1631.3</ele>
      </trkpt>
      <trkpt lat="42.788264" lon="-0.395459">
        <ele>1631.3</ele>
      </trkpt>
      <trkpt lat="42.788082" lon="-0.395198">
        <ele>1631.1</ele>
      </trkpt>
      <trkpt lat="42.78791" lon="-0.394979">
        <ele>1630.6</ele>
      </trkpt>
      <trkpt lat="42.787728" lon="-0.394728">
        <ele>1630.3</ele>
      </trkpt>
      <trkpt lat="42.787548" lon="-0.394505">
        <ele>1629.3</ele>
      </trkpt>
      <trkpt lat="42.787413" lon="-0.394342">
        <ele>1628</ele>
      </trkpt>
      <trkpt lat="42.787235" lon="-0.394141">
        <ele>1626.5</ele>
      </trkpt>
      <trkpt lat="42.78701" lon="-0.39385">
        <ele>1625.2</ele>
      </trkpt>
      <trkpt lat="42.786773" lon="-0.39356">
        <ele>1623.4</ele>
      </trkpt>
      <trkpt lat="42.786536" lon="-0.393245">
        <ele>1621.7</ele>
      </trkpt>
      <trkpt lat="42.786353" lon="-0.392987">
        <ele>1620.8</ele>
      </trkpt>
      <trkpt lat="42.786208" lon="-0.392769">
        <ele>1620</ele>
      </trkpt>
      <trkpt lat="42.78604" lon="-0.392482">
        <ele>1618.7</ele>
      </trkpt>
      <trkpt lat="42.785894" lon="-0.392213">
        <ele>1617.5</ele>
      </trkpt>
      <trkpt lat="42.785713" lon="-0.391856">
        <ele>1615.6</ele>
      </trkpt>
      <trkpt lat="42.785587" lon="-0.391572">
        <ele>1614.5</ele>
      </trkpt>
      <trkpt lat="42.785478" lon="-0.391349">
        <ele>1613.5</ele>
      </trkpt>
      <trkpt lat="42.785379" lon="-0.391114">
        <ele>1611.8</ele>
      </trkpt>
      <trkpt lat="42.785282" lon="-0.39085">
        <ele>1609.2</ele>
      </trkpt>
      <trkpt lat="42.785167" lon="-0.39056">
        <ele>1606.8</ele>
      </trkpt>
      <trkpt lat="42.785042" lon="-0.39024">
        <ele>1604.7</ele>
      </trkpt>
      <trkpt lat="42.784907" lon="-0.389945">
        <ele>1602.6</ele>
      </trkpt>
      <trkpt lat="42.784813" lon="-0.389751">
        <ele>1601.2</ele>
      </trkpt>
      <trkpt lat="42.7847" lon="-0.389589">
        <ele>1599.7</ele>
      </trkpt>
      <trkpt lat="42.784595" lon="-0.389447">
        <ele>1598.5</ele>
      </trkpt>
      <trkpt lat="42.784445" lon="-0.389278">
        <ele>1596.1</ele>
      </trkpt>
      <trkpt lat="42.784317" lon="-0.38915">
        <ele>1594.1</ele>
      </trkpt>
      <trkpt lat="42.784172" lon="-0.389048">
        <ele>1591.8</ele>
      </trkpt>
      <trkpt lat="42.783949" lon="-0.388902">
        <ele>1588.6</ele>
      </trkpt>
      <trkpt lat="42.783758" lon="-0.388788">
        <ele>1585.9</ele>
      </trkpt>
      <trkpt lat="42.78359" lon="-0.388718">
        <ele>1583.6</ele>
      </trkpt>
      <trkpt lat="42.783477" lon="-0.388656">
        <ele>1582.5</ele>
      </trkpt>
      <trkpt lat="42.783211" lon="-0.388519">
        <ele>1579.7</ele>
      </trkpt>
      <trkpt lat="42.782884" lon="-0.388361">
        <ele>1576.2</ele>
      </trkpt>
      <trkpt lat="42.782577" lon="-0.388211">
        <ele>1574.6</ele>
      </trkpt>
      <trkpt lat="42.782318" lon="-0.388071">
        <ele>1572.8</ele>
      </trkpt>
      <trkpt lat="42.782088" lon="-0.387964">
        <ele>1570.7</ele>
      </trkpt>
      <trkpt lat="42.781852" lon="-0.38784">
        <ele>1567.7</ele>
      </trkpt>
      <trkpt lat="42.781606" lon="-0.387701">
        <ele>1564.6</ele>
      </trkpt>
      <trkpt lat="42.781453" lon="-0.387579">
        <ele>1562.8</ele>
      </trkpt>
      <trkpt lat="42.781373" lon="-0.387497">
        <ele>1562</ele>
      </trkpt>
      <trkpt lat="42.781248" lon="-0.387378">
        <ele>1560.5</ele>
      </trkpt>
      <trkpt lat="42.781119" lon="-0.387207">
        <ele>1561.4</ele>
      </trkpt>
      <trkpt lat="42.781021" lon="-0.387031">
        <ele>1560.8</ele>
      </trkpt>
      <trkpt lat="42.780919" lon="-0.386825">
        <ele>1559.5</ele>
      </trkpt>
      <trkpt lat="42.780822" lon="-0.38652">
        <ele>1557.5</ele>
      </trkpt>
      <trkpt lat="42.780764" lon="-0.386216">
        <ele>1555.6</ele>
      </trkpt>
      <trkpt lat="42.780748" lon="-0.386035">
        <ele>1554.7</ele>
      </trkpt>
      <trkpt lat="42.780741" lon="-0.385819">
        <ele>1554</ele>
      </trkpt>
      <trkpt lat="42.780743" lon="-0.385544">
        <ele>1553.2</ele>
      </trkpt>
      <trkpt lat="42.780756" lon="-0.385006">
        <ele>1551.3</ele>
      </trkpt>
      <trkpt lat="42.780769" lon="-0.384425">
        <ele>1549.2</ele>
      </trkpt>
      <trkpt lat="42.780769" lon="-0.384027">
        <ele>1548.3</ele>
      </trkpt>
      <trkpt lat="42.780758" lon="-0.383769">
        <ele>1547.6</ele>
      </trkpt>
      <trkpt lat="42.780725" lon="-0.383596">
        <ele>1546.3</ele>
      </trkpt>
      <trkpt lat="42.780687" lon="-0.383478">
        <ele>1545.2</ele>
      </trkpt>
      <trkpt lat="42.780564" lon="-0.383233">
        <ele>1542.4</ele>
      </trkpt>
      <trkpt lat="42.780463" lon="-0.383081">
        <ele>1540.4</ele>
      </trkpt>
      <trkpt lat="42.780345" lon="-0.382946">
        <ele>1538</ele>
      </trkpt>
      <trkpt lat="42.780211" lon="-0.382844">
        <ele>1536.1</ele>
      </trkpt>
      <trkpt lat="42.780067" lon="-0.382747">
        <ele>1534.5</ele>
      </trkpt>
      <trkpt lat="42.779896" lon="-0.382671">
        <ele>1532.5</ele>
      </trkpt>
      <trkpt lat="42.77974" lon="-0.382585">
        <ele>1530.9</ele>
      </trkpt>
      <trkpt lat="42.779536" lon="-0.382491">
        <ele>1529.3</ele>
      </trkpt>
      <trkpt lat="42.779353" lon="-0.382348">
        <ele>1528.9</ele>
      </trkpt>
      <trkpt lat="42.779212" lon="-0.3822">
        <ele>1527.7</ele>
      </trkpt>
      <trkpt lat="42.779089" lon="-0.382039">
        <ele>1525.9</ele>
      </trkpt>
      <trkpt lat="42.778958" lon="-0.381867">
        <ele>1523.6</ele>
      </trkpt>
      <trkpt lat="42.778822" lon="-0.381637">
        <ele>1520.7</ele>
      </trkpt>
      <trkpt lat="42.778652" lon="-0.381344">
        <ele>1518.1</ele>
      </trkpt>
      <trkpt lat="42.778528" lon="-0.381145">
        <ele>1517.3</ele>
      </trkpt>
      <trkpt lat="42.778393" lon="-0.380925">
        <ele>1516.6</ele>
      </trkpt>
      <trkpt lat="42.778257" lon="-0.380674">
        <ele>1515.7</ele>
      </trkpt>
      <trkpt lat="42.778141" lon="-0.380434">
        <ele>1514.8</ele>
      </trkpt>
      <trkpt lat="42.777986" lon="-0.380133">
        <ele>1514.9</ele>
      </trkpt>
      <trkpt lat="42.777866" lon="-0.379834">
        <ele>1515.2</ele>
      </trkpt>
      <trkpt lat="42.777753" lon="-0.379569">
        <ele>1516</ele>
      </trkpt>
      <trkpt lat="42.777617" lon="-0.379144">
        <ele>1517.2</ele>
      </trkpt>
      <trkpt lat="42.777497" lon="-0.378766">
        <ele>1516.5</ele>
      </trkpt>
      <trkpt lat="42.777416" lon="-0.378414">
        <ele>1515.6</ele>
      </trkpt>
      <trkpt lat="42.77732" lon="-0.378083">
        <ele>1513.8</ele>
      </trkpt>
      <trkpt lat="42.777246" lon="-0.377791">
        <ele>1512.6</ele>
      </trkpt>
      <trkpt lat="42.777111" lon="-0.377299">
        <ele>1511.2</ele>
      </trkpt>
      <trkpt lat="42.777019" lon="-0.376964">
        <ele>1511.2</ele>
      </trkpt>
      <trkpt lat="42.776913" lon="-0.376613">
        <ele>1511.9</ele>
      </trkpt>
      <trkpt lat="42.776816" lon="-0.376388">
        <ele>1511.9</ele>
      </trkpt>
      <trkpt lat="42.776673" lon="-0.376094">
        <ele>1512.4</ele>
      </trkpt>
      <trkpt lat="42.776595" lon="-0.37604">
        <ele>1512.1</ele>
      </trkpt>
      <trkpt lat="42.776498" lon="-0.376065">
        <ele>1510.9</ele>
      </trkpt>
      <trkpt lat="42.776364" lon="-0.375949">
        <ele>1510.6</ele>
      </trkpt>
      <trkpt lat="42.776264" lon="-0.375753">
        <ele>1511.3</ele>
      </trkpt>
      <trkpt lat="42.775996" lon="-0.375139">
        <ele>1512.9</ele>
      </trkpt>
      <trkpt lat="42.775888" lon="-0.374889">
        <ele>1512.5</ele>
      </trkpt>
      <trkpt lat="42.77574" lon="-0.374503">
        <ele>1511.3</ele>
      </trkpt>
      <trkpt lat="42.775636" lon="-0.374113">
        <ele>1508.7</ele>
      </trkpt>
      <trkpt lat="42.77554" lon="-0.373784">
        <ele>1506.1</ele>
      </trkpt>
      <trkpt lat="42.775465" lon="-0.373326">
        <ele>1504.3</ele>
      </trkpt>
      <trkpt lat="42.775432" lon="-0.372967">
        <ele>1503.4</ele>
      </trkpt>
      <trkpt lat="42.775423" lon="-0.372608">
        <ele>1502.8</ele>
      </trkpt>
      <trkpt lat="42.775431" lon="-0.37227">
        <ele>1502.6</ele>
      </trkpt>
      <trkpt lat="42.775426" lon="-0.371931">
        <ele>1501.7</ele>
      </trkpt>
      <trkpt lat="42.775429" lon="-0.371643">
        <ele>1500.8</ele>
      </trkpt>
      <trkpt lat="42.775416" lon="-0.371457">
        <ele>1499.7</ele>
      </trkpt>
      <trkpt lat="42.775361" lon="-0.371258">
        <ele>1499</ele>
      </trkpt>
      <trkpt lat="42.775269" lon="-0.371089">
        <ele>1498.5</ele>
      </trkpt>
      <trkpt lat="42.775169" lon="-0.370969">
        <ele>1498.3</ele>
      </trkpt>
      <trkpt lat="42.775126" lon="-0.370861">
        <ele>1498.2</ele>
      </trkpt>
      <trkpt lat="42.775053" lon="-0.370637">
        <ele>1498.1</ele>
      </trkpt>
      <trkpt lat="42.774954" lon="-0.370102">
        <ele>1497.7</ele>
      </trkpt>
      <trkpt lat="42.77488" lon="-0.369633">
        <ele>1497.3</ele>
      </trkpt>
      <trkpt lat="42.774827" lon="-0.369128">
        <ele>1496.1</ele>
      </trkpt>
      <trkpt lat="42.774764" lon="-0.368904">
        <ele>1495.5</ele>
      </trkpt>
      <trkpt lat="42.774572" lon="-0.368554">
        <ele>1495.2</ele>
      </trkpt>
      <trkpt lat="42.774458" lon="-0.368399">
        <ele>1496.6</ele>
      </trkpt>
      <trkpt lat="42.774325" lon="-0.36826">
        <ele>1497.5</ele>
      </trkpt>
      <trkpt lat="42.774188" lon="-0.368123">
        <ele>1497.7</ele>
      </trkpt>
      <trkpt lat="42.774114" lon="-0.367978">
        <ele>1496.8</ele>
      </trkpt>
      <trkpt lat="42.77404" lon="-0.367853">
        <ele>1496.2</ele>
      </trkpt>
      <trkpt lat="42.773945" lon="-0.367662">
        <ele>1495.8</ele>
      </trkpt>
      <trkpt lat="42.773886" lon="-0.367473">
        <ele>1495</ele>
      </trkpt>
      <trkpt lat="42.77385" lon="-0.367325">
        <ele>1494.1</ele>
      </trkpt>
      <trkpt lat="42.773825" lon="-0.367196">
        <ele>1493.4</ele>
      </trkpt>
      <trkpt lat="42.773795" lon="-0.366982">
        <ele>1492.4</ele>
      </trkpt>
      <trkpt lat="42.77376" lon="-0.366746">
        <ele>1491.7</ele>
      </trkpt>
      <trkpt lat="42.773745" lon="-0.366592">
        <ele>1491.4</ele>
      </trkpt>
      <trkpt lat="42.773719" lon="-0.366404">
        <ele>1491.1</ele>
      </trkpt>
      <trkpt lat="42.773676" lon="-0.366207">
        <ele>1490.8</ele>
      </trkpt>
      <trkpt lat="42.773615" lon="-0.36601">
        <ele>1490.8</ele>
      </trkpt>
      <trkpt lat="42.773513" lon="-0.365819">
        <ele>1490.5</ele>
      </trkpt>
      <trkpt lat="42.773396" lon="-0.365659">
        <ele>1490.1</ele>
      </trkpt>
      <trkpt lat="42.773244" lon="-0.365495">
        <ele>1489.5</ele>
      </trkpt>
      <trkpt lat="42.773116" lon="-0.365359">
        <ele>1489.2</ele>
      </trkpt>
      <trkpt lat="42.772938" lon="-0.365178">
        <ele>1488.7</ele>
      </trkpt>
      <trkpt lat="42.772657" lon="-0.364879">
        <ele>1489.5</ele>
      </trkpt>
      <trkpt lat="42.772514" lon="-0.364731">
        <ele>1489.8</ele>
      </trkpt>
      <trkpt lat="42.772335" lon="-0.364565">
        <ele>1490</ele>
      </trkpt>
      <trkpt lat="42.772153" lon="-0.364437">
        <ele>1489.6</ele>
      </trkpt>
      <trkpt lat="42.771974" lon="-0.364342">
        <ele>1491.1</ele>
      </trkpt>
      <trkpt lat="42.771832" lon="-0.364269">
        <ele>1493.2</ele>
      </trkpt>
      <trkpt lat="42.771562" lon="-0.364143">
        <ele>1496.7</ele>
      </trkpt>
      <trkpt lat="42.771378" lon="-0.36405">
        <ele>1498.7</ele>
      </trkpt>
      <trkpt lat="42.771127" lon="-0.363934">
        <ele>1500</ele>
      </trkpt>
      <trkpt lat="42.770934" lon="-0.363824">
        <ele>1499.8</ele>
      </trkpt>
      <trkpt lat="42.770725" lon="-0.36371">
        <ele>1500</ele>
      </trkpt>
      <trkpt lat="42.770591" lon="-0.363628">
        <ele>1500.7</ele>
      </trkpt>
      <trkpt lat="42.770474" lon="-0.363517">
        <ele>1501.5</ele>
      </trkpt>
      <trkpt lat="42.77038" lon="-0.363401">
        <ele>1503.3</ele>
      </trkpt>
      <trkpt lat="42.77032" lon="-0.363209">
        <ele>1505.6</ele>
      </trkpt>
      <trkpt lat="42.770297" lon="-0.363082">
        <ele>1506.7</ele>
      </trkpt>
      <trkpt lat="42.770301" lon="-0.362868">
        <ele>1507.2</ele>
      </trkpt>
      <trkpt lat="42.770304" lon="-0.362639">
        <ele>1508.9</ele>
      </trkpt>
      <trkpt lat="42.77031" lon="-0.362436">
        <ele>1510.3</ele>
      </trkpt>
      <trkpt lat="42.770315" lon="-0.362245">
        <ele>1511.7</ele>
      </trkpt>
      <trkpt lat="42.770303" lon="-0.362079">
        <ele>1513.4</ele>
      </trkpt>
      <trkpt lat="42.770282" lon="-0.361863">
        <ele>1513</ele>
      </trkpt>
      <trkpt lat="42.770249" lon="-0.361581">
        <ele>1512.4</ele>
      </trkpt>
      <trkpt lat="42.77022" lon="-0.361307">
        <ele>1511.4</ele>
      </trkpt>
      <trkpt lat="42.770182" lon="-0.361085">
        <ele>1509.4</ele>
      </trkpt>
      <trkpt lat="42.770145" lon="-0.360934">
        <ele>1507.9</ele>
      </trkpt>
      <trkpt lat="42.770053" lon="-0.360729">
        <ele>1506.7</ele>
      </trkpt>
      <trkpt lat="42.769963" lon="-0.360627">
        <ele>1506.9</ele>
      </trkpt>
      <trkpt lat="42.769847" lon="-0.360518">
        <ele>1507.6</ele>
      </trkpt>
      <trkpt lat="42.769749" lon="-0.360434">
        <ele>1508.2</ele>
      </trkpt>
      <trkpt lat="42.769582" lon="-0.360312">
        <ele>1509.3</ele>
      </trkpt>
      <trkpt lat="42.769416" lon="-0.360201">
        <ele>1509.6</ele>
      </trkpt>
      <trkpt lat="42.76928" lon="-0.3601">
        <ele>1509.9</ele>
      </trkpt>
      <trkpt lat="42.76913" lon="-0.360001">
        <ele>1510.6</ele>
      </trkpt>
      <trkpt lat="42.768994" lon="-0.359877">
        <ele>1510.8</ele>
      </trkpt>
      <trkpt lat="42.76889" lon="-0.35976">
        <ele>1510.9</ele>
      </trkpt>
      <trkpt lat="42.768802" lon="-0.35965">
        <ele>1510.9</ele>
      </trkpt>
      <trkpt lat="42.768703" lon="-0.359503">
        <ele>1511.7</ele>
      </trkpt>
      <trkpt lat="42.76864" lon="-0.359363">
        <ele>1512.7</ele>
      </trkpt>
      <trkpt lat="42.768594" lon="-0.359224">
        <ele>1513.5</ele>
      </trkpt>
      <trkpt lat="42.768565" lon="-0.359082">
        <ele>1513.7</ele>
      </trkpt>
      <trkpt lat="42.768555" lon="-0.358939">
        <ele>1513.3</ele>
      </trkpt>
      <trkpt lat="42.768576" lon="-0.358749">
        <ele>1511</ele>
      </trkpt>
      <trkpt lat="42.768636" lon="-0.358608">
        <ele>1508.1</ele>
      </trkpt>
      <trkpt lat="42.768959" lon="-0.35805">
        <ele>1496.9</ele>
      </trkpt>
      <trkpt lat="42.769135" lon="-0.357779">
        <ele>1492.6</ele>
      </trkpt>
      <trkpt lat="42.769251" lon="-0.357557">
        <ele>1490.1</ele>
      </trkpt>
      <trkpt lat="42.769341" lon="-0.35738">
        <ele>1488.1</ele>
      </trkpt>
      <trkpt lat="42.769393" lon="-0.357209">
        <ele>1487</ele>
      </trkpt>
      <trkpt lat="42.769425" lon="-0.357054">
        <ele>1486.4</ele>
      </trkpt>
      <trkpt lat="42.769452" lon="-0.356794">
        <ele>1486.1</ele>
      </trkpt>
      <trkpt lat="42.769452" lon="-0.356564">
        <ele>1486.5</ele>
      </trkpt>
      <trkpt lat="42.769425" lon="-0.356356">
        <ele>1487.5</ele>
      </trkpt>
      <trkpt lat="42.769373" lon="-0.356113">
        <ele>1486.8</ele>
      </trkpt>
      <trkpt lat="42.769316" lon="-0.35596">
        <ele>1486</ele>
      </trkpt>
      <trkpt lat="42.769252" lon="-0.355793">
        <ele>1485.4</ele>
      </trkpt>
      <trkpt lat="42.769157" lon="-0.355566">
        <ele>1485.2</ele>
      </trkpt>
      <trkpt lat="42.76907" lon="-0.355357">
        <ele>1485.8</ele>
      </trkpt>
      <trkpt lat="42.768989" lon="-0.355125">
        <ele>1487.5</ele>
      </trkpt>
      <trkpt lat="42.768953" lon="-0.354853">
        <ele>1487.8</ele>
      </trkpt>
      <trkpt lat="42.768934" lon="-0.354651">
        <ele>1487.9</ele>
      </trkpt>
      <trkpt lat="42.768931" lon="-0.354472">
        <ele>1486.8</ele>
      </trkpt>
      <trkpt lat="42.768945" lon="-0.354209">
        <ele>1483.8</ele>
      </trkpt>
      <trkpt lat="42.76897" lon="-0.353897">
        <ele>1480</ele>
      </trkpt>
      <trkpt lat="42.768995" lon="-0.353661">
        <ele>1476.9</ele>
      </trkpt>
      <trkpt lat="42.769019" lon="-0.353261">
        <ele>1472.4</ele>
      </trkpt>
      <trkpt lat="42.769053" lon="-0.352976">
        <ele>1469</ele>
      </trkpt>
      <trkpt lat="42.769076" lon="-0.352698">
        <ele>1466.3</ele>
      </trkpt>
      <trkpt lat="42.769084" lon="-0.352434">
        <ele>1464.1</ele>
      </trkpt>
      <trkpt lat="42.769079" lon="-0.352204">
        <ele>1462.4</ele>
      </trkpt>
      <trkpt lat="42.769044" lon="-0.351985">
        <ele>1461.1</ele>
      </trkpt>
      <trkpt lat="42.768977" lon="-0.351785">
        <ele>1460.5</ele>
      </trkpt>
      <trkpt lat="42.768873" lon="-0.351547">
        <ele>1460.5</ele>
      </trkpt>
      <trkpt lat="42.768783" lon="-0.351343">
        <ele>1460.9</ele>
      </trkpt>
      <trkpt lat="42.768661" lon="-0.35109">
        <ele>1460.6</ele>
      </trkpt>
      <trkpt lat="42.768575" lon="-0.350879">
        <ele>1460.2</ele>
      </trkpt>
      <trkpt lat="42.768507" lon="-0.35066">
        <ele>1459.8</ele>
      </trkpt>
      <trkpt lat="42.768454" lon="-0.350419">
        <ele>1459.3</ele>
      </trkpt>
      <trkpt lat="42.768423" lon="-0.350226">
        <ele>1459</ele>
      </trkpt>
      <trkpt lat="42.768422" lon="-0.349992">
        <ele>1457.5</ele>
      </trkpt>
      <trkpt lat="42.768439" lon="-0.349763">
        <ele>1455.4</ele>
      </trkpt>
      <trkpt lat="42.768461" lon="-0.349619">
        <ele>1453.6</ele>
      </trkpt>
      <trkpt lat="42.768518" lon="-0.349243">
        <ele>1450.7</ele>
      </trkpt>
      <trkpt lat="42.76856" lon="-0.349027">
        <ele>1448.9</ele>
      </trkpt>
      <trkpt lat="42.768598" lon="-0.348854">
        <ele>1447.3</ele>
      </trkpt>
      <trkpt lat="42.768626" lon="-0.348627">
        <ele>1445.8</ele>
      </trkpt>
      <trkpt lat="42.768655" lon="-0.348467">
        <ele>1444.2</ele>
      </trkpt>
      <trkpt lat="42.768671" lon="-0.348276">
        <ele>1443.1</ele>
      </trkpt>
      <trkpt lat="42.768663" lon="-0.348114">
        <ele>1442.8</ele>
      </trkpt>
      <trkpt lat="42.768627" lon="-0.347912">
        <ele>1443.4</ele>
      </trkpt>
      <trkpt lat="42.768544" lon="-0.347719">
        <ele>1444.3</ele>
      </trkpt>
      <trkpt lat="42.768482" lon="-0.347519">
        <ele>1444.5</ele>
      </trkpt>
      <trkpt lat="42.768421" lon="-0.347253">
        <ele>1444</ele>
      </trkpt>
      <trkpt lat="42.7684" lon="-0.347045">
        <ele>1442.5</ele>
      </trkpt>
      <trkpt lat="42.768384" lon="-0.346852">
        <ele>1440.2</ele>
      </trkpt>
      <trkpt lat="42.768371" lon="-0.346637">
        <ele>1437.4</ele>
      </trkpt>
      <trkpt lat="42.76835" lon="-0.346411">
        <ele>1434.8</ele>
      </trkpt>
      <trkpt lat="42.768324" lon="-0.34621">
        <ele>1432.7</ele>
      </trkpt>
      <trkpt lat="42.768297" lon="-0.346028">
        <ele>1430.8</ele>
      </trkpt>
      <trkpt lat="42.768237" lon="-0.345812">
        <ele>1429.5</ele>
      </trkpt>
      <trkpt lat="42.768167" lon="-0.345625">
        <ele>1428.9</ele>
      </trkpt>
      <trkpt lat="42.768087" lon="-0.345438">
        <ele>1428.6</ele>
      </trkpt>
      <trkpt lat="42.767962" lon="-0.345234">
        <ele>1427.6</ele>
      </trkpt>
      <trkpt lat="42.767828" lon="-0.345038">
        <ele>1425.8</ele>
      </trkpt>
      <trkpt lat="42.76767" lon="-0.344816">
        <ele>1423.9</ele>
      </trkpt>
      <trkpt lat="42.767585" lon="-0.344676">
        <ele>1422.5</ele>
      </trkpt>
      <trkpt lat="42.767493" lon="-0.344546">
        <ele>1421.9</ele>
      </trkpt>
      <trkpt lat="42.767356" lon="-0.344348">
        <ele>1421.2</ele>
      </trkpt>
      <trkpt lat="42.767193" lon="-0.344134">
        <ele>1420.5</ele>
      </trkpt>
      <trkpt lat="42.767014" lon="-0.343926">
        <ele>1419.1</ele>
      </trkpt>
      <trkpt lat="42.766865" lon="-0.34379">
        <ele>1418</ele>
      </trkpt>
      <trkpt lat="42.766736" lon="-0.343694">
        <ele>1417.4</ele>
      </trkpt>
      <trkpt lat="42.766576" lon="-0.343594">
        <ele>1417</ele>
      </trkpt>
      <trkpt lat="42.766442" lon="-0.343487">
        <ele>1416.2</ele>
      </trkpt>
      <trkpt lat="42.766359" lon="-0.343361">
        <ele>1414.3</ele>
      </trkpt>
      <trkpt lat="42.766322" lon="-0.343207">
        <ele>1411</ele>
      </trkpt>
      <trkpt lat="42.766289" lon="-0.343008">
        <ele>1406.5</ele>
      </trkpt>
      <trkpt lat="42.766269" lon="-0.342825">
        <ele>1403.8</ele>
      </trkpt>
      <trkpt lat="42.766265" lon="-0.342637">
        <ele>1402.3</ele>
      </trkpt>
      <trkpt lat="42.766255" lon="-0.342223">
        <ele>1399.1</ele>
      </trkpt>
      <trkpt lat="42.766253" lon="-0.342">
        <ele>1397.2</ele>
      </trkpt>
      <trkpt lat="42.766242" lon="-0.341816">
        <ele>1395.9</ele>
      </trkpt>
      <trkpt lat="42.766216" lon="-0.341546">
        <ele>1394</ele>
      </trkpt>
      <trkpt lat="42.766175" lon="-0.341376">
        <ele>1393.1</ele>
      </trkpt>
      <trkpt lat="42.766117" lon="-0.341147">
        <ele>1391.3</ele>
      </trkpt>
      <trkpt lat="42.766022" lon="-0.34092">
        <ele>1389.2</ele>
      </trkpt>
      <trkpt lat="42.765892" lon="-0.340681">
        <ele>1387.2</ele>
      </trkpt>
      <trkpt lat="42.765779" lon="-0.340513">
        <ele>1386.1</ele>
      </trkpt>
      <trkpt lat="42.765706" lon="-0.340398">
        <ele>1385.1</ele>
      </trkpt>
      <trkpt lat="42.765645" lon="-0.340344">
        <ele>1384.7</ele>
      </trkpt>
      <trkpt lat="42.765535" lon="-0.34026">
        <ele>1384</ele>
      </trkpt>
      <trkpt lat="42.765362" lon="-0.340193">
        <ele>1383.5</ele>
      </trkpt>
      <trkpt lat="42.765199" lon="-0.340159">
        <ele>1382.3</ele>
      </trkpt>
      <trkpt lat="42.765058" lon="-0.34012">
        <ele>1381.1</ele>
      </trkpt>
      <trkpt lat="42.764864" lon="-0.340066">
        <ele>1379.4</ele>
      </trkpt>
      <trkpt lat="42.76472" lon="-0.34001">
        <ele>1378</ele>
      </trkpt>
      <trkpt lat="42.764606" lon="-0.339966">
        <ele>1376.8</ele>
      </trkpt>
      <trkpt lat="42.764459" lon="-0.339895">
        <ele>1376.4</ele>
      </trkpt>
      <trkpt lat="42.764295" lon="-0.339821">
        <ele>1376.5</ele>
      </trkpt>
      <trkpt lat="42.764116" lon="-0.33973">
        <ele>1376.5</ele>
      </trkpt>
      <trkpt lat="42.763972" lon="-0.339649">
        <ele>1376.7</ele>
      </trkpt>
      <trkpt lat="42.763819" lon="-0.339544">
        <ele>1376.6</ele>
      </trkpt>
      <trkpt lat="42.763682" lon="-0.339403">
        <ele>1375.9</ele>
      </trkpt>
      <trkpt lat="42.763569" lon="-0.339265">
        <ele>1374.8</ele>
      </trkpt>
      <trkpt lat="42.763508" lon="-0.339168">
        <ele>1373.8</ele>
      </trkpt>
      <trkpt lat="42.763434" lon="-0.339035">
        <ele>1372.1</ele>
      </trkpt>
      <trkpt lat="42.763356" lon="-0.338869">
        <ele>1369.6</ele>
      </trkpt>
      <trkpt lat="42.763273" lon="-0.338663">
        <ele>1367.3</ele>
      </trkpt>
      <trkpt lat="42.763196" lon="-0.338469">
        <ele>1366.2</ele>
      </trkpt>
      <trkpt lat="42.76311" lon="-0.33827">
        <ele>1365</ele>
      </trkpt>
      <trkpt lat="42.763026" lon="-0.338091">
        <ele>1364</ele>
      </trkpt>
      <trkpt lat="42.762948" lon="-0.337922">
        <ele>1362.9</ele>
      </trkpt>
      <trkpt lat="42.762867" lon="-0.337759">
        <ele>1363.3</ele>
      </trkpt>
      <trkpt lat="42.762746" lon="-0.33755">
        <ele>1364.8</ele>
      </trkpt>
      <trkpt lat="42.762592" lon="-0.337365">
        <ele>1367.1</ele>
      </trkpt>
      <trkpt lat="42.762463" lon="-0.337224">
        <ele>1369.1</ele>
      </trkpt>
      <trkpt lat="42.762263" lon="-0.337024">
        <ele>1371.8</ele>
      </trkpt>
      <trkpt lat="42.762107" lon="-0.336844">
        <ele>1372.7</ele>
      </trkpt>
      <trkpt lat="42.762024" lon="-0.336722">
        <ele>1374</ele>
      </trkpt>
      <trkpt lat="42.761935" lon="-0.336583">
        <ele>1375.8</ele>
      </trkpt>
      <trkpt lat="42.761846" lon="-0.336427">
        <ele>1377.6</ele>
      </trkpt>
      <trkpt lat="42.761753" lon="-0.336258">
        <ele>1379.6</ele>
      </trkpt>
      <trkpt lat="42.761642" lon="-0.336042">
        <ele>1380</ele>
      </trkpt>
      <trkpt lat="42.761528" lon="-0.335735">
        <ele>1378.4</ele>
      </trkpt>
      <trkpt lat="42.76128" lon="-0.33509">
        <ele>1373.7</ele>
      </trkpt>
      <trkpt lat="42.761196" lon="-0.334881">
        <ele>1372.4</ele>
      </trkpt>
      <trkpt lat="42.761103" lon="-0.33467">
        <ele>1371.7</ele>
      </trkpt>
      <trkpt lat="42.761002" lon="-0.334441">
        <ele>1370.7</ele>
      </trkpt>
      <trkpt lat="42.76091" lon="-0.334213">
        <ele>1369</ele>
      </trkpt>
      <trkpt lat="42.760851" lon="-0.334082">
        <ele>1367.9</ele>
      </trkpt>
      <trkpt lat="42.760712" lon="-0.333685">
        <ele>1362.8</ele>
      </trkpt>
      <trkpt lat="42.760585" lon="-0.333392">
        <ele>1362.1</ele>
      </trkpt>
      <trkpt lat="42.760476" lon="-0.333138">
        <ele>1361.1</ele>
      </trkpt>
      <trkpt lat="42.760361" lon="-0.33282">
        <ele>1360.7</ele>
      </trkpt>
      <trkpt lat="42.760267" lon="-0.332558">
        <ele>1362</ele>
      </trkpt>
      <trkpt lat="42.760163" lon="-0.332227">
        <ele>1362.1</ele>
      </trkpt>
      <trkpt lat="42.760044" lon="-0.331899">
        <ele>1360.9</ele>
      </trkpt>
      <trkpt lat="42.759932" lon="-0.331521">
        <ele>1357.1</ele>
      </trkpt>
      <trkpt lat="42.759862" lon="-0.331294">
        <ele>1355</ele>
      </trkpt>
      <trkpt lat="42.759792" lon="-0.331082">
        <ele>1353.3</ele>
      </trkpt>
      <trkpt lat="42.759662" lon="-0.330651">
        <ele>1348.7</ele>
      </trkpt>
      <trkpt lat="42.759539" lon="-0.330265">
        <ele>1345.4</ele>
      </trkpt>
      <trkpt lat="42.75945" lon="-0.329982">
        <ele>1344.4</ele>
      </trkpt>
      <trkpt lat="42.759342" lon="-0.329641">
        <ele>1343</ele>
      </trkpt>
      <trkpt lat="42.759245" lon="-0.329316">
        <ele>1343.2</ele>
      </trkpt>
      <trkpt lat="42.759136" lon="-0.328962">
        <ele>1343.9</ele>
      </trkpt>
      <trkpt lat="42.759019" lon="-0.328603">
        <ele>1344.9</ele>
      </trkpt>
      <trkpt lat="42.758902" lon="-0.32824">
        <ele>1346</ele>
      </trkpt>
      <trkpt lat="42.758848" lon="-0.328061">
        <ele>1346.6</ele>
      </trkpt>
      <trkpt lat="42.758787" lon="-0.327795">
        <ele>1346.7</ele>
      </trkpt>
      <trkpt lat="42.75874" lon="-0.327612">
        <ele>1346.8</ele>
      </trkpt>
      <trkpt lat="42.758702" lon="-0.327433">
        <ele>1346.5</ele>
      </trkpt>
      <trkpt lat="42.758676" lon="-0.327207">
        <ele>1345.4</ele>
      </trkpt>
      <trkpt lat="42.758657" lon="-0.327016">
        <ele>1344.5</ele>
      </trkpt>
      <trkpt lat="42.758657" lon="-0.326865">
        <ele>1343.5</ele>
      </trkpt>
      <trkpt lat="42.758677" lon="-0.326665">
        <ele>1341.5</ele>
      </trkpt>
      <trkpt lat="42.758729" lon="-0.326478">
        <ele>1338.9</ele>
      </trkpt>
      <trkpt lat="42.758784" lon="-0.326253">
        <ele>1335.5</ele>
      </trkpt>
      <trkpt lat="42.758849" lon="-0.326057">
        <ele>1333.3</ele>
      </trkpt>
      <trkpt lat="42.758926" lon="-0.325792">
        <ele>1331.1</ele>
      </trkpt>
      <trkpt lat="42.759017" lon="-0.325479">
        <ele>1328.8</ele>
      </trkpt>
      <trkpt lat="42.759099" lon="-0.325213">
        <ele>1327.2</ele>
      </trkpt>
      <trkpt lat="42.759203" lon="-0.324842">
        <ele>1325.7</ele>
      </trkpt>
      <trkpt lat="42.759282" lon="-0.324537">
        <ele>1324.5</ele>
      </trkpt>
      <trkpt lat="42.759333" lon="-0.324341">
        <ele>1323.1</ele>
      </trkpt>
      <trkpt lat="42.75935" lon="-0.324152">
        <ele>1322.8</ele>
      </trkpt>
      <trkpt lat="42.759355" lon="-0.323927">
        <ele>1323</ele>
      </trkpt>
      <trkpt lat="42.759337" lon="-0.32373">
        <ele>1323.6</ele>
      </trkpt>
      <trkpt lat="42.759298" lon="-0.323571">
        <ele>1323</ele>
      </trkpt>
      <trkpt lat="42.759239" lon="-0.32338">
        <ele>1322.4</ele>
      </trkpt>
      <trkpt lat="42.75917" lon="-0.323236">
        <ele>1322.3</ele>
      </trkpt>
      <trkpt lat="42.75908" lon="-0.323053">
        <ele>1321.8</ele>
      </trkpt>
      <trkpt lat="42.758878" lon="-0.322709">
        <ele>1320.3</ele>
      </trkpt>
      <trkpt lat="42.758739" lon="-0.322489">
        <ele>1319.5</ele>
      </trkpt>
      <trkpt lat="42.758637" lon="-0.322327">
        <ele>1318.8</ele>
      </trkpt>
      <trkpt lat="42.758496" lon="-0.322083">
        <ele>1317.3</ele>
      </trkpt>
      <trkpt lat="42.758364" lon="-0.321851">
        <ele>1316.3</ele>
      </trkpt>
      <trkpt lat="42.758241" lon="-0.321633">
        <ele>1315.4</ele>
      </trkpt>
      <trkpt lat="42.758171" lon="-0.321513">
        <ele>1315</ele>
      </trkpt>
      <trkpt lat="42.758077" lon="-0.321393">
        <ele>1315</ele>
      </trkpt>
      <trkpt lat="42.757987" lon="-0.321304">
        <ele>1315.5</ele>
      </trkpt>
      <trkpt lat="42.757885" lon="-0.321222">
        <ele>1315.6</ele>
      </trkpt>
      <trkpt lat="42.757652" lon="-0.321067">
        <ele>1313.3</ele>
      </trkpt>
      <trkpt lat="42.757425" lon="-0.320923">
        <ele>1311</ele>
      </trkpt>
      <trkpt lat="42.757234" lon="-0.320805">
        <ele>1309.1</ele>
      </trkpt>
      <trkpt lat="42.757067" lon="-0.320702">
        <ele>1307.4</ele>
      </trkpt>
      <trkpt lat="42.756931" lon="-0.320616">
        <ele>1306.4</ele>
      </trkpt>
      <trkpt lat="42.756751" lon="-0.320528">
        <ele>1305.5</ele>
      </trkpt>
      <trkpt lat="42.756598" lon="-0.320486">
        <ele>1305.5</ele>
      </trkpt>
      <trkpt lat="42.756427" lon="-0.320437">
        <ele>1305.4</ele>
      </trkpt>
      <trkpt lat="42.756243" lon="-0.320396">
        <ele>1305.3</ele>
      </trkpt>
      <trkpt lat="42.756141" lon="-0.320366">
        <ele>1304.8</ele>
      </trkpt>
      <trkpt lat="42.755859" lon="-0.320307">
        <ele>1304.1</ele>
      </trkpt>
      <trkpt lat="42.75561" lon="-0.320245">
        <ele>1303.3</ele>
      </trkpt>
      <trkpt lat="42.755413" lon="-0.320201">
        <ele>1302.8</ele>
      </trkpt>
      <trkpt lat="42.755185" lon="-0.32014">
        <ele>1305.1</ele>
      </trkpt>
      <trkpt lat="42.755024" lon="-0.320085">
        <ele>1306.5</ele>
      </trkpt>
      <trkpt lat="42.754718" lon="-0.319985">
        <ele>1309.4</ele>
      </trkpt>
      <trkpt lat="42.754582" lon="-0.319934">
        <ele>1310.6</ele>
      </trkpt>
      <trkpt lat="42.754446" lon="-0.319881">
        <ele>1313.3</ele>
      </trkpt>
      <trkpt lat="42.754291" lon="-0.319796">
        <ele>1315.4</ele>
      </trkpt>
      <trkpt lat="42.754159" lon="-0.319688">
        <ele>1315.8</ele>
      </trkpt>
      <trkpt lat="42.754084" lon="-0.319599">
        <ele>1314.9</ele>
      </trkpt>
      <trkpt lat="42.753988" lon="-0.319495">
        <ele>1314.7</ele>
      </trkpt>
      <trkpt lat="42.753849" lon="-0.319302">
        <ele>1313.2</ele>
      </trkpt>
      <trkpt lat="42.753726" lon="-0.319121">
        <ele>1311.3</ele>
      </trkpt>
      <trkpt lat="42.753611" lon="-0.318964">
        <ele>1309.6</ele>
      </trkpt>
      <trkpt lat="42.753505" lon="-0.318852">
        <ele>1309.1</ele>
      </trkpt>
      <trkpt lat="42.753408" lon="-0.318754">
        <ele>1308.7</ele>
      </trkpt>
      <trkpt lat="42.753219" lon="-0.318584">
        <ele>1309.1</ele>
      </trkpt>
      <trkpt lat="42.753089" lon="-0.318459">
        <ele>1309.1</ele>
      </trkpt>
      <trkpt lat="42.752934" lon="-0.318309">
        <ele>1308.9</ele>
      </trkpt>
      <trkpt lat="42.75277" lon="-0.318151">
        <ele>1308.4</ele>
      </trkpt>
      <trkpt lat="42.752639" lon="-0.317998">
        <ele>1307</ele>
      </trkpt>
      <trkpt lat="42.752552" lon="-0.317932">
        <ele>1306.9</ele>
      </trkpt>
      <trkpt lat="42.752476" lon="-0.317851">
        <ele>1306</ele>
      </trkpt>
      <trkpt lat="42.752282" lon="-0.317678">
        <ele>1305.1</ele>
      </trkpt>
      <trkpt lat="42.752157" lon="-0.317586">
        <ele>1305.2</ele>
      </trkpt>
      <trkpt lat="42.75208" lon="-0.317515">
        <ele>1305</ele>
      </trkpt>
      <trkpt lat="42.751879" lon="-0.317364">
        <ele>1306</ele>
      </trkpt>
      <trkpt lat="42.751785" lon="-0.31729">
        <ele>1306</ele>
      </trkpt>
      <trkpt lat="42.75165" lon="-0.317204">
        <ele>1306.5</ele>
      </trkpt>
      <trkpt lat="42.751491" lon="-0.317077">
        <ele>1305.6</ele>
      </trkpt>
      <trkpt lat="42.751361" lon="-0.316993">
        <ele>1305.4</ele>
      </trkpt>
      <trkpt lat="42.751252" lon="-0.316913">
        <ele>1304.8</ele>
      </trkpt>
      <trkpt lat="42.751135" lon="-0.31681">
        <ele>1308.2</ele>
      </trkpt>
      <trkpt lat="42.751018" lon="-0.316698">
        <ele>1310.6</ele>
      </trkpt>
      <trkpt lat="42.750922" lon="-0.316619">
        <ele>1312.6</ele>
      </trkpt>
      <trkpt lat="42.750786" lon="-0.316471">
        <ele>1312.9</ele>
      </trkpt>
      <trkpt lat="42.750653" lon="-0.316331">
        <ele>1312.5</ele>
      </trkpt>
      <trkpt lat="42.750555" lon="-0.316187">
        <ele>1310</ele>
      </trkpt>
      <trkpt lat="42.750489" lon="-0.316115">
        <ele>1309.5</ele>
      </trkpt>
      <trkpt lat="42.75035" lon="-0.315943">
        <ele>1302.7</ele>
      </trkpt>
      <trkpt lat="42.750189" lon="-0.315815">
        <ele>1292.7</ele>
      </trkpt>
      <trkpt lat="42.750045" lon="-0.315776">
        <ele>1287.3</ele>
      </trkpt>
      <trkpt lat="42.749899" lon="-0.315787">
        <ele>1284.4</ele>
      </trkpt>
      <trkpt lat="42.749768" lon="-0.31584">
        <ele>1283.7</ele>
      </trkpt>
      <trkpt lat="42.749582" lon="-0.31595">
        <ele>1284.6</ele>
      </trkpt>
      <trkpt lat="42.749523" lon="-0.315995">
        <ele>1284.4</ele>
      </trkpt>
      <trkpt lat="42.74931" lon="-0.316135">
        <ele>1281.9</ele>
      </trkpt>
      <trkpt lat="42.749161" lon="-0.316248">
        <ele>1280.2</ele>
      </trkpt>
      <trkpt lat="42.74901" lon="-0.316398">
        <ele>1280</ele>
      </trkpt>
      <trkpt lat="42.748843" lon="-0.316558">
        <ele>1279</ele>
      </trkpt>
      <trkpt lat="42.748672" lon="-0.316729">
        <ele>1279.7</ele>
      </trkpt>
      <trkpt lat="42.748538" lon="-0.316853">
        <ele>1281.3</ele>
      </trkpt>
      <trkpt lat="42.748389" lon="-0.316981">
        <ele>1282.5</ele>
      </trkpt>
      <trkpt lat="42.748258" lon="-0.31707">
        <ele>1282.5</ele>
      </trkpt>
      <trkpt lat="42.748191" lon="-0.317104">
        <ele>1282.2</ele>
      </trkpt>
      <trkpt lat="42.748022" lon="-0.317195">
        <ele>1281.8</ele>
      </trkpt>
      <trkpt lat="42.747829" lon="-0.317269">
        <ele>1283.9</ele>
      </trkpt>
      <trkpt lat="42.74764" lon="-0.317321">
        <ele>1289.9</ele>
      </trkpt>
      <trkpt lat="42.747463" lon="-0.317336">
        <ele>1294.1</ele>
      </trkpt>
      <trkpt lat="42.747275" lon="-0.317283">
        <ele>1295.2</ele>
      </trkpt>
      <trkpt lat="42.747105" lon="-0.317191">
        <ele>1293.9</ele>
      </trkpt>
      <trkpt lat="42.746954" lon="-0.317068">
        <ele>1291.8</ele>
      </trkpt>
      <trkpt lat="42.74614" lon="-0.316447">
        <ele>1283.2</ele>
      </trkpt>
      <trkpt lat="42.745891" lon="-0.316261">
        <ele>1280.1</ele>
      </trkpt>
      <trkpt lat="42.745732" lon="-0.316134">
        <ele>1277.8</ele>
      </trkpt>
      <trkpt lat="42.745467" lon="-0.31592">
        <ele>1272.7</ele>
      </trkpt>
      <trkpt lat="42.745307" lon="-0.31582">
        <ele>1268.8</ele>
      </trkpt>
      <trkpt lat="42.745218" lon="-0.315778">
        <ele>1266.7</ele>
      </trkpt>
      <trkpt lat="42.745111" lon="-0.315732">
        <ele>1264.3</ele>
      </trkpt>
      <trkpt lat="42.744988" lon="-0.315722">
        <ele>1264</ele>
      </trkpt>
      <trkpt lat="42.744847" lon="-0.315737">
        <ele>1265.4</ele>
      </trkpt>
      <trkpt lat="42.744687" lon="-0.315763">
        <ele>1267.8</ele>
      </trkpt>
      <trkpt lat="42.744493" lon="-0.315776">
        <ele>1273.3</ele>
      </trkpt>
      <trkpt lat="42.744318" lon="-0.315781">
        <ele>1282</ele>
      </trkpt>
      <trkpt lat="42.744157" lon="-0.315772">
        <ele>1288.2</ele>
      </trkpt>
      <trkpt lat="42.743991" lon="-0.315757">
        <ele>1293.2</ele>
      </trkpt>
      <trkpt lat="42.74375" lon="-0.315704">
        <ele>1292.3</ele>
      </trkpt>
      <trkpt lat="42.743595" lon="-0.315646">
        <ele>1286.7</ele>
      </trkpt>
      <trkpt lat="42.743483" lon="-0.315575">
        <ele>1277.7</ele>
      </trkpt>
      <trkpt lat="42.743355" lon="-0.315495">
        <ele>1268.9</ele>
      </trkpt>
      <trkpt lat="42.743241" lon="-0.315411">
        <ele>1260.4</ele>
      </trkpt>
      <trkpt lat="42.743098" lon="-0.315303">
        <ele>1262</ele>
      </trkpt>
      <trkpt lat="42.742969" lon="-0.31523">
        <ele>1263.3</ele>
      </trkpt>
      <trkpt lat="42.742803" lon="-0.315137">
        <ele>1255.9</ele>
      </trkpt>
      <trkpt lat="42.742688" lon="-0.31513">
        <ele>1252.3</ele>
      </trkpt>
      <trkpt lat="42.742538" lon="-0.315127">
        <ele>1248.2</ele>
      </trkpt>
      <trkpt lat="42.74244" lon="-0.315152">
        <ele>1246.9</ele>
      </trkpt>
      <trkpt lat="42.742271" lon="-0.315245">
        <ele>1246.8</ele>
      </trkpt>
      <trkpt lat="42.741286" lon="-0.316048">
        <ele>1277</ele>
      </trkpt>
      <trkpt lat="42.73998" lon="-0.316887">
        <ele>1259.5</ele>
      </trkpt>
      <trkpt lat="42.738724" lon="-0.317723">
        <ele>1211.9</ele>
      </trkpt>
      <trkpt lat="42.738328" lon="-0.317972">
        <ele>1200.7</ele>
      </trkpt>
      <trkpt lat="42.738152" lon="-0.318006">
        <ele>1193.2</ele>
      </trkpt>
      <trkpt lat="42.738004" lon="-0.318021">
        <ele>1186.7</ele>
      </trkpt>
      <trkpt lat="42.737876" lon="-0.318018">
        <ele>1184.3</ele>
      </trkpt>
      <trkpt lat="42.737721" lon="-0.317946">
        <ele>1189.3</ele>
      </trkpt>
      <trkpt lat="42.737602" lon="-0.317854">
        <ele>1192.8</ele>
      </trkpt>
      <trkpt lat="42.737531" lon="-0.317757">
        <ele>1194.4</ele>
      </trkpt>
      <trkpt lat="42.73745" lon="-0.317603">
        <ele>1196</ele>
      </trkpt>
      <trkpt lat="42.737368" lon="-0.31737">
        <ele>1196.9</ele>
      </trkpt>
      <trkpt lat="42.737328" lon="-0.31722">
        <ele>1197.1</ele>
      </trkpt>
      <trkpt lat="42.737293" lon="-0.31702">
        <ele>1196.3</ele>
      </trkpt>
      <trkpt lat="42.737263" lon="-0.316844">
        <ele>1194.7</ele>
      </trkpt>
      <trkpt lat="42.737236" lon="-0.316658">
        <ele>1192.8</ele>
      </trkpt>
      <trkpt lat="42.737209" lon="-0.316478">
        <ele>1190.8</ele>
      </trkpt>
      <trkpt lat="42.737158" lon="-0.31632">
        <ele>1189.5</ele>
      </trkpt>
      <trkpt lat="42.737109" lon="-0.316175">
        <ele>1188.1</ele>
      </trkpt>
      <trkpt lat="42.736991" lon="-0.315988">
        <ele>1185.9</ele>
      </trkpt>
      <trkpt lat="42.736903" lon="-0.315822">
        <ele>1183.5</ele>
      </trkpt>
      <trkpt lat="42.736781" lon="-0.315635">
        <ele>1180.8</ele>
      </trkpt>
      <trkpt lat="42.736676" lon="-0.315464">
        <ele>1178.3</ele>
      </trkpt>
      <trkpt lat="42.736601" lon="-0.315338">
        <ele>1177.5</ele>
      </trkpt>
      <trkpt lat="42.736474" lon="-0.315116">
        <ele>1176.5</ele>
      </trkpt>
      <trkpt lat="42.736391" lon="-0.314985">
        <ele>1175.7</ele>
      </trkpt>
      <trkpt lat="42.736313" lon="-0.314838">
        <ele>1174.5</ele>
      </trkpt>
      <trkpt lat="42.736274" lon="-0.314763">
        <ele>1173.8</ele>
      </trkpt>
      <trkpt lat="42.736198" lon="-0.314612">
        <ele>1171.9</ele>
      </trkpt>
      <trkpt lat="42.736141" lon="-0.314469">
        <ele>1170.6</ele>
      </trkpt>
      <trkpt lat="42.736066" lon="-0.314314">
        <ele>1169.2</ele>
      </trkpt>
      <trkpt lat="42.736001" lon="-0.314147">
        <ele>1167.8</ele>
      </trkpt>
      <trkpt lat="42.735946" lon="-0.314016">
        <ele>1166.6</ele>
      </trkpt>
      <trkpt lat="42.735901" lon="-0.313879">
        <ele>1165.4</ele>
      </trkpt>
      <trkpt lat="42.735854" lon="-0.313705">
        <ele>1164.1</ele>
      </trkpt>
      <trkpt lat="42.735809" lon="-0.31349">
        <ele>1163.2</ele>
      </trkpt>
      <trkpt lat="42.735769" lon="-0.313265">
        <ele>1162.3</ele>
      </trkpt>
      <trkpt lat="42.735733" lon="-0.313076">
        <ele>1161.6</ele>
      </trkpt>
      <trkpt lat="42.735702" lon="-0.312901">
        <ele>1161</ele>
      </trkpt>
      <trkpt lat="42.73565" lon="-0.312713">
        <ele>1160.3</ele>
      </trkpt>
      <trkpt lat="42.735585" lon="-0.31254">
        <ele>1159.8</ele>
      </trkpt>
      <trkpt lat="42.73551" lon="-0.312399">
        <ele>1159.3</ele>
      </trkpt>
      <trkpt lat="42.735393" lon="-0.312272">
        <ele>1159</ele>
      </trkpt>
      <trkpt lat="42.735288" lon="-0.312191">
        <ele>1158.9</ele>
      </trkpt>
      <trkpt lat="42.735153" lon="-0.312116">
        <ele>1158.7</ele>
      </trkpt>
      <trkpt lat="42.735044" lon="-0.312088">
        <ele>1158.6</ele>
      </trkpt>
      <trkpt lat="42.734768" lon="-0.31209">
        <ele>1158.2</ele>
      </trkpt>
      <trkpt lat="42.734592" lon="-0.31211">
        <ele>1158.1</ele>
      </trkpt>
      <trkpt lat="42.734421" lon="-0.312127">
        <ele>1158.3</ele>
      </trkpt>
      <trkpt lat="42.734235" lon="-0.312154">
        <ele>1158.6</ele>
      </trkpt>
      <trkpt lat="42.734091" lon="-0.31216">
        <ele>1158.7</ele>
      </trkpt>
      <trkpt lat="42.733923" lon="-0.312142">
        <ele>1158.9</ele>
      </trkpt>
      <trkpt lat="42.733738" lon="-0.312097">
        <ele>1159</ele>
      </trkpt>
      <trkpt lat="42.73356" lon="-0.312037">
        <ele>1159.4</ele>
      </trkpt>
      <trkpt lat="42.733387" lon="-0.311983">
        <ele>1159.7</ele>
      </trkpt>
      <trkpt lat="42.733213" lon="-0.311919">
        <ele>1159.8</ele>
      </trkpt>
      <trkpt lat="42.733076" lon="-0.311848">
        <ele>1159.7</ele>
      </trkpt>
      <trkpt lat="42.732952" lon="-0.311779">
        <ele>1159.5</ele>
      </trkpt>
      <trkpt lat="42.732701" lon="-0.311598">
        <ele>1159.6</ele>
      </trkpt>
      <trkpt lat="42.732559" lon="-0.311489">
        <ele>1159.5</ele>
      </trkpt>
      <trkpt lat="42.732446" lon="-0.311411">
        <ele>1159.3</ele>
      </trkpt>
      <trkpt lat="42.73214" lon="-0.311193">
        <ele>1158.5</ele>
      </trkpt>
      <trkpt lat="42.73196" lon="-0.311064">
        <ele>1160.3</ele>
      </trkpt>
      <trkpt lat="42.731769" lon="-0.310934">
        <ele>1163.2</ele>
      </trkpt>
      <trkpt lat="42.731597" lon="-0.310804">
        <ele>1165.6</ele>
      </trkpt>
      <trkpt lat="42.731458" lon="-0.31071">
        <ele>1167.5</ele>
      </trkpt>
      <trkpt lat="42.7313" lon="-0.310602">
        <ele>1169.6</ele>
      </trkpt>
      <trkpt lat="42.731148" lon="-0.310491">
        <ele>1170.5</ele>
      </trkpt>
      <trkpt lat="42.731007" lon="-0.310379">
        <ele>1169.9</ele>
      </trkpt>
      <trkpt lat="42.730901" lon="-0.310284">
        <ele>1168</ele>
      </trkpt>
      <trkpt lat="42.730794" lon="-0.310186">
        <ele>1166.1</ele>
      </trkpt>
      <trkpt lat="42.730667" lon="-0.31007">
        <ele>1164</ele>
      </trkpt>
      <trkpt lat="42.730543" lon="-0.309946">
        <ele>1161.7</ele>
      </trkpt>
      <trkpt lat="42.730484" lon="-0.309881">
        <ele>1160.5</ele>
      </trkpt>
      <trkpt lat="42.730388" lon="-0.309783">
        <ele>1158.8</ele>
      </trkpt>
      <trkpt lat="42.730278" lon="-0.309666">
        <ele>1156.5</ele>
      </trkpt>
      <trkpt lat="42.730161" lon="-0.309573">
        <ele>1154.8</ele>
      </trkpt>
      <trkpt lat="42.73006" lon="-0.309518">
        <ele>1153.4</ele>
      </trkpt>
      <trkpt lat="42.729942" lon="-0.309473">
        <ele>1152.4</ele>
      </trkpt>
      <trkpt lat="42.729831" lon="-0.309451">
        <ele>1152.3</ele>
      </trkpt>
      <trkpt lat="42.729707" lon="-0.309446">
        <ele>1152.9</ele>
      </trkpt>
      <trkpt lat="42.729564" lon="-0.309473">
        <ele>1155.8</ele>
      </trkpt>
      <trkpt lat="42.729434" lon="-0.309507">
        <ele>1163.2</ele>
      </trkpt>
      <trkpt lat="42.729287" lon="-0.309543">
        <ele>1171.6</ele>
      </trkpt>
      <trkpt lat="42.729139" lon="-0.309565">
        <ele>1179.4</ele>
      </trkpt>
      <trkpt lat="42.728993" lon="-0.309543">
        <ele>1184.9</ele>
      </trkpt>
      <trkpt lat="42.728875" lon="-0.3095">
        <ele>1188</ele>
      </trkpt>
      <trkpt lat="42.728786" lon="-0.309448">
        <ele>1189.3</ele>
      </trkpt>
      <trkpt lat="42.728709" lon="-0.309382">
        <ele>1188.2</ele>
      </trkpt>
      <trkpt lat="42.728621" lon="-0.309296">
        <ele>1185.7</ele>
      </trkpt>
      <trkpt lat="42.728548" lon="-0.309194">
        <ele>1182.2</ele>
      </trkpt>
      <trkpt lat="42.728442" lon="-0.309018">
        <ele>1176.2</ele>
      </trkpt>
      <trkpt lat="42.728348" lon="-0.30883">
        <ele>1169.8</ele>
      </trkpt>
      <trkpt lat="42.728171" lon="-0.308475">
        <ele>1161.5</ele>
      </trkpt>
      <trkpt lat="42.728083" lon="-0.308308">
        <ele>1158.5</ele>
      </trkpt>
      <trkpt lat="42.728003" lon="-0.308152">
        <ele>1155.9</ele>
      </trkpt>
      <trkpt lat="42.727925" lon="-0.308028">
        <ele>1154.4</ele>
      </trkpt>
      <trkpt lat="42.727848" lon="-0.307917">
        <ele>1153.1</ele>
      </trkpt>
      <trkpt lat="42.72777" lon="-0.307816">
        <ele>1151.8</ele>
      </trkpt>
      <trkpt lat="42.727678" lon="-0.30772">
        <ele>1150.8</ele>
      </trkpt>
      <trkpt lat="42.727593" lon="-0.307654">
        <ele>1150.6</ele>
      </trkpt>
      <trkpt lat="42.727522" lon="-0.307604">
        <ele>1150.4</ele>
      </trkpt>
      <trkpt lat="42.727302" lon="-0.307492">
        <ele>1151</ele>
      </trkpt>
      <trkpt lat="42.727199" lon="-0.307443">
        <ele>1151.2</ele>
      </trkpt>
      <trkpt lat="42.727124" lon="-0.307405">
        <ele>1151.2</ele>
      </trkpt>
      <trkpt lat="42.727049" lon="-0.307326">
        <ele>1149.1</ele>
      </trkpt>
      <trkpt lat="42.727021" lon="-0.307253">
        <ele>1146.4</ele>
      </trkpt>
      <trkpt lat="42.72702" lon="-0.307147">
        <ele>1141.5</ele>
      </trkpt>
      <trkpt lat="42.727078" lon="-0.307037">
        <ele>1134.9</ele>
      </trkpt>
      <trkpt lat="42.727146" lon="-0.307013">
        <ele>1132.8</ele>
      </trkpt>
      <trkpt lat="42.727227" lon="-0.307008">
        <ele>1131.3</ele>
      </trkpt>
      <trkpt lat="42.727338" lon="-0.307094">
        <ele>1133.2</ele>
      </trkpt>
      <trkpt lat="42.727478" lon="-0.307211">
        <ele>1135.5</ele>
      </trkpt>
      <trkpt lat="42.727584" lon="-0.307304">
        <ele>1137.2</ele>
      </trkpt>
      <trkpt lat="42.727693" lon="-0.307387">
        <ele>1138</ele>
      </trkpt>
      <trkpt lat="42.727802" lon="-0.307484">
        <ele>1139.1</ele>
      </trkpt>
      <trkpt lat="42.727876" lon="-0.307566">
        <ele>1140.2</ele>
      </trkpt>
      <trkpt lat="42.727929" lon="-0.307668">
        <ele>1142.2</ele>
      </trkpt>
      <trkpt lat="42.727984" lon="-0.307786">
        <ele>1144.2</ele>
      </trkpt>
      <trkpt lat="42.728026" lon="-0.307876">
        <ele>1145.6</ele>
      </trkpt>
      <trkpt lat="42.728096" lon="-0.307997">
        <ele>1147.2</ele>
      </trkpt>
      <trkpt lat="42.728197" lon="-0.308159">
        <ele>1149.3</ele>
      </trkpt>
      <trkpt lat="42.728272" lon="-0.308275">
        <ele>1150.9</ele>
      </trkpt>
      <trkpt lat="42.728424" lon="-0.308578">
        <ele>1157.3</ele>
      </trkpt>
      <trkpt lat="42.72849" lon="-0.30872">
        <ele>1160.7</ele>
      </trkpt>
      <trkpt lat="42.728558" lon="-0.308882">
        <ele>1166.4</ele>
      </trkpt>
      <trkpt lat="42.728651" lon="-0.309019">
        <ele>1170.8</ele>
      </trkpt>
      <trkpt lat="42.728754" lon="-0.309087">
        <ele>1171.6</ele>
      </trkpt>
      <trkpt lat="42.728836" lon="-0.309139">
        <ele>1170.9</ele>
      </trkpt>
      <trkpt lat="42.72898" lon="-0.309166">
        <ele>1166.3</ele>
      </trkpt>
      <trkpt lat="42.729097" lon="-0.309166">
        <ele>1161.4</ele>
      </trkpt>
      <trkpt lat="42.729242" lon="-0.309171">
        <ele>1155.6</ele>
      </trkpt>
      <trkpt lat="42.72938" lon="-0.309157">
        <ele>1149.1</ele>
      </trkpt>
      <trkpt lat="42.72946" lon="-0.309111">
        <ele>1143.6</ele>
      </trkpt>
      <trkpt lat="42.729532" lon="-0.309034">
        <ele>1137</ele>
      </trkpt>
      <trkpt lat="42.729604" lon="-0.308957">
        <ele>1131.4</ele>
      </trkpt>
      <trkpt lat="42.729701" lon="-0.308914">
        <ele>1129.4</ele>
      </trkpt>
      <trkpt lat="42.729841" lon="-0.308898">
        <ele>1128.6</ele>
      </trkpt>
      <trkpt lat="42.730031" lon="-0.308871">
        <ele>1127.4</ele>
      </trkpt>
      <trkpt lat="42.730167" lon="-0.308838">
        <ele>1126.1</ele>
      </trkpt>
      <trkpt lat="42.730244" lon="-0.308775">
        <ele>1123.8</ele>
      </trkpt>
      <trkpt lat="42.730317" lon="-0.308599">
        <ele>1122.3</ele>
      </trkpt>
      <trkpt lat="42.730341" lon="-0.308493">
        <ele>1122</ele>
      </trkpt>
      <trkpt lat="42.730335" lon="-0.308389">
        <ele>1121.6</ele>
      </trkpt>
      <trkpt lat="42.730307" lon="-0.3083">
        <ele>1120.9</ele>
      </trkpt>
      <trkpt lat="42.730248" lon="-0.308206">
        <ele>1119.5</ele>
      </trkpt>
      <trkpt lat="42.730134" lon="-0.30808">
        <ele>1116.4</ele>
      </trkpt>
      <trkpt lat="42.729963" lon="-0.307893">
        <ele>1110.9</ele>
      </trkpt>
      <trkpt lat="42.729835" lon="-0.307759">
        <ele>1109.1</ele>
      </trkpt>
      <trkpt lat="42.729744" lon="-0.307654">
        <ele>1107.4</ele>
      </trkpt>
      <trkpt lat="42.72966" lon="-0.307553">
        <ele>1105.4</ele>
      </trkpt>
      <trkpt lat="42.729613" lon="-0.307459">
        <ele>1104.3</ele>
      </trkpt>
      <trkpt lat="42.729592" lon="-0.307327">
        <ele>1104.2</ele>
      </trkpt>
      <trkpt lat="42.729591" lon="-0.30718">
        <ele>1104.9</ele>
      </trkpt>
      <trkpt lat="42.729602" lon="-0.307051">
        <ele>1105.6</ele>
      </trkpt>
      <trkpt lat="42.729643" lon="-0.306737">
        <ele>1105.4</ele>
      </trkpt>
      <trkpt lat="42.729679" lon="-0.30658">
        <ele>1106.4</ele>
      </trkpt>
      <trkpt lat="42.729727" lon="-0.306418">
        <ele>1108.3</ele>
      </trkpt>
      <trkpt lat="42.729781" lon="-0.306286">
        <ele>1111.2</ele>
      </trkpt>
      <trkpt lat="42.729841" lon="-0.306144">
        <ele>1114.3</ele>
      </trkpt>
      <trkpt lat="42.729879" lon="-0.306004">
        <ele>1115.9</ele>
      </trkpt>
      <trkpt lat="42.729911" lon="-0.305831">
        <ele>1116.8</ele>
      </trkpt>
      <trkpt lat="42.729925" lon="-0.305692">
        <ele>1116.8</ele>
      </trkpt>
      <trkpt lat="42.729932" lon="-0.30553">
        <ele>1116.1</ele>
      </trkpt>
      <trkpt lat="42.729917" lon="-0.305364">
        <ele>1114.5</ele>
      </trkpt>
      <trkpt lat="42.729899" lon="-0.305166">
        <ele>1113.8</ele>
      </trkpt>
      <trkpt lat="42.729881" lon="-0.305056">
        <ele>1113</ele>
      </trkpt>
      <trkpt lat="42.729853" lon="-0.304907">
        <ele>1111.8</ele>
      </trkpt>
      <trkpt lat="42.729828" lon="-0.30477">
        <ele>1110.7</ele>
      </trkpt>
      <trkpt lat="42.729817" lon="-0.304606">
        <ele>1110.6</ele>
      </trkpt>
      <trkpt lat="42.729828" lon="-0.304455">
        <ele>1111.8</ele>
      </trkpt>
      <trkpt lat="42.729867" lon="-0.304294">
        <ele>1114.6</ele>
      </trkpt>
      <trkpt lat="42.729913" lon="-0.30416">
        <ele>1117.4</ele>
      </trkpt>
      <trkpt lat="42.729949" lon="-0.30399">
        <ele>1119.8</ele>
      </trkpt>
      <trkpt lat="42.729976" lon="-0.303838">
        <ele>1121.6</ele>
      </trkpt>
      <trkpt lat="42.729987" lon="-0.303706">
        <ele>1122.5</ele>
      </trkpt>
      <trkpt lat="42.729984" lon="-0.30353">
        <ele>1123</ele>
      </trkpt>
      <trkpt lat="42.729962" lon="-0.303335">
        <ele>1122.6</ele>
      </trkpt>
      <trkpt lat="42.729938" lon="-0.30319">
        <ele>1122.1</ele>
      </trkpt>
      <trkpt lat="42.729906" lon="-0.303042">
        <ele>1121.3</ele>
      </trkpt>
      <trkpt lat="42.729853" lon="-0.302908">
        <ele>1119.8</ele>
      </trkpt>
      <trkpt lat="42.729789" lon="-0.302761">
        <ele>1119.7</ele>
      </trkpt>
      <trkpt lat="42.729732" lon="-0.302635">
        <ele>1119.4</ele>
      </trkpt>
      <trkpt lat="42.729684" lon="-0.302523">
        <ele>1119.2</ele>
      </trkpt>
      <trkpt lat="42.729638" lon="-0.302368">
        <ele>1119.8</ele>
      </trkpt>
      <trkpt lat="42.729597" lon="-0.302177">
        <ele>1121.1</ele>
      </trkpt>
      <trkpt lat="42.729564" lon="-0.302039">
        <ele>1123.5</ele>
      </trkpt>
      <trkpt lat="42.729528" lon="-0.301902">
        <ele>1128.2</ele>
      </trkpt>
      <trkpt lat="42.729462" lon="-0.301809">
        <ele>1131.3</ele>
      </trkpt>
      <trkpt lat="42.729392" lon="-0.301738">
        <ele>1133.5</ele>
      </trkpt>
      <trkpt lat="42.729305" lon="-0.301691">
        <ele>1135</ele>
      </trkpt>
      <trkpt lat="42.72923" lon="-0.301685">
        <ele>1135</ele>
      </trkpt>
      <trkpt lat="42.729184" lon="-0.301691">
        <ele>1134.7</ele>
      </trkpt>
      <trkpt lat="42.729081" lon="-0.301748">
        <ele>1132.5</ele>
      </trkpt>
      <trkpt lat="42.728991" lon="-0.30185">
        <ele>1128.7</ele>
      </trkpt>
      <trkpt lat="42.728874" lon="-0.301987">
        <ele>1123.6</ele>
      </trkpt>
      <trkpt lat="42.728774" lon="-0.302078">
        <ele>1120.2</ele>
      </trkpt>
      <trkpt lat="42.728682" lon="-0.302127">
        <ele>1119.2</ele>
      </trkpt>
      <trkpt lat="42.728605" lon="-0.302138">
        <ele>1119.1</ele>
      </trkpt>
      <trkpt lat="42.728511" lon="-0.302118">
        <ele>1119.4</ele>
      </trkpt>
      <trkpt lat="42.728434" lon="-0.30207">
        <ele>1120.4</ele>
      </trkpt>
      <trkpt lat="42.728338" lon="-0.301993">
        <ele>1122.4</ele>
      </trkpt>
      <trkpt lat="42.728258" lon="-0.301894">
        <ele>1124.7</ele>
      </trkpt>
      <trkpt lat="42.728177" lon="-0.301779">
        <ele>1127.1</ele>
      </trkpt>
      <trkpt lat="42.7281" lon="-0.30164">
        <ele>1129.6</ele>
      </trkpt>
      <trkpt lat="42.728028" lon="-0.30151">
        <ele>1131.6</ele>
      </trkpt>
      <trkpt lat="42.727933" lon="-0.301379">
        <ele>1132.9</ele>
      </trkpt>
      <trkpt lat="42.727858" lon="-0.301295">
        <ele>1134.6</ele>
      </trkpt>
      <trkpt lat="42.727773" lon="-0.301225">
        <ele>1136.7</ele>
      </trkpt>
      <trkpt lat="42.727657" lon="-0.301146">
        <ele>1139.6</ele>
      </trkpt>
      <trkpt lat="42.727545" lon="-0.30111">
        <ele>1141.3</ele>
      </trkpt>
      <trkpt lat="42.727438" lon="-0.301116">
        <ele>1141.9</ele>
      </trkpt>
      <trkpt lat="42.727361" lon="-0.301128">
        <ele>1142.1</ele>
      </trkpt>
      <trkpt lat="42.727271" lon="-0.301176">
        <ele>1141.5</ele>
      </trkpt>
      <trkpt lat="42.72713" lon="-0.301263">
        <ele>1140.5</ele>
      </trkpt>
      <trkpt lat="42.72703" lon="-0.301363">
        <ele>1139.6</ele>
      </trkpt>
      <trkpt lat="42.726975" lon="-0.30148">
        <ele>1138.1</ele>
      </trkpt>
      <trkpt lat="42.726917" lon="-0.301595">
        <ele>1136.6</ele>
      </trkpt>
      <trkpt lat="42.72685" lon="-0.301634">
        <ele>1136.3</ele>
      </trkpt>
      <trkpt lat="42.72675" lon="-0.301624">
        <ele>1136.8</ele>
      </trkpt>
      <trkpt lat="42.726636" lon="-0.301607">
        <ele>1137.5</ele>
      </trkpt>
      <trkpt lat="42.726512" lon="-0.301606">
        <ele>1137.9</ele>
      </trkpt>
      <trkpt lat="42.726399" lon="-0.301643">
        <ele>1137.8</ele>
      </trkpt>
      <trkpt lat="42.726258" lon="-0.301726">
        <ele>1137.1</ele>
      </trkpt>
      <trkpt lat="42.726012" lon="-0.301873">
        <ele>1135.7</ele>
      </trkpt>
      <trkpt lat="42.725782" lon="-0.302015">
        <ele>1134.2</ele>
      </trkpt>
      <trkpt lat="42.725612" lon="-0.302116">
        <ele>1133</ele>
      </trkpt>
      <trkpt lat="42.725439" lon="-0.302228">
        <ele>1131.5</ele>
      </trkpt>
      <trkpt lat="42.725347" lon="-0.302273">
        <ele>1130</ele>
      </trkpt>
      <trkpt lat="42.725206" lon="-0.302298">
        <ele>1127.9</ele>
      </trkpt>
      <trkpt lat="42.725038" lon="-0.302308">
        <ele>1125.8</ele>
      </trkpt>
      <trkpt lat="42.724808" lon="-0.302318">
        <ele>1123</ele>
      </trkpt>
      <trkpt lat="42.724617" lon="-0.302318">
        <ele>1120.7</ele>
      </trkpt>
      <trkpt lat="42.7243" lon="-0.302319">
        <ele>1117</ele>
      </trkpt>
      <trkpt lat="42.723948" lon="-0.30232">
        <ele>1112.9</ele>
      </trkpt>
      <trkpt lat="42.723704" lon="-0.302317">
        <ele>1109.9</ele>
      </trkpt>
      <trkpt lat="42.723603" lon="-0.302306">
        <ele>1108.3</ele>
      </trkpt>
      <trkpt lat="42.723513" lon="-0.302293">
        <ele>1107</ele>
      </trkpt>
      <trkpt lat="42.723409" lon="-0.302255">
        <ele>1105.7</ele>
      </trkpt>
      <trkpt lat="42.723324" lon="-0.302181">
        <ele>1105.2</ele>
      </trkpt>
      <trkpt lat="42.723223" lon="-0.302031">
        <ele>1105.1</ele>
      </trkpt>
      <trkpt lat="42.723104" lon="-0.301838">
        <ele>1105</ele>
      </trkpt>
      <trkpt lat="42.722994" lon="-0.301647">
        <ele>1105.1</ele>
      </trkpt>
      <trkpt lat="42.722903" lon="-0.301479">
        <ele>1105.2</ele>
      </trkpt>
      <trkpt lat="42.722804" lon="-0.301334">
        <ele>1104.6</ele>
      </trkpt>
      <trkpt lat="42.722727" lon="-0.301216">
        <ele>1103.9</ele>
      </trkpt>
      <trkpt lat="42.722666" lon="-0.30115">
        <ele>1103</ele>
      </trkpt>
      <trkpt lat="42.7226" lon="-0.301091">
        <ele>1101.9</ele>
      </trkpt>
      <trkpt lat="42.722498" lon="-0.301038">
        <ele>1100</ele>
      </trkpt>
      <trkpt lat="42.72238" lon="-0.300989">
        <ele>1097.6</ele>
      </trkpt>
      <trkpt lat="42.722246" lon="-0.300951">
        <ele>1094.9</ele>
      </trkpt>
      <trkpt lat="42.722158" lon="-0.300897">
        <ele>1093.2</ele>
      </trkpt>
      <trkpt lat="42.722086" lon="-0.300811">
        <ele>1092.2</ele>
      </trkpt>
      <trkpt lat="42.722035" lon="-0.300697">
        <ele>1092.2</ele>
      </trkpt>
      <trkpt lat="42.722002" lon="-0.30058">
        <ele>1092.6</ele>
      </trkpt>
      <trkpt lat="42.721981" lon="-0.300442">
        <ele>1093.2</ele>
      </trkpt>
      <trkpt lat="42.721953" lon="-0.300264">
        <ele>1093.5</ele>
      </trkpt>
      <trkpt lat="42.721929" lon="-0.300066">
        <ele>1093.9</ele>
      </trkpt>
      <trkpt lat="42.721922" lon="-0.299903">
        <ele>1094.5</ele>
      </trkpt>
      <trkpt lat="42.721917" lon="-0.29976">
        <ele>1094.9</ele>
      </trkpt>
      <trkpt lat="42.721901" lon="-0.299602">
        <ele>1095.3</ele>
      </trkpt>
      <trkpt lat="42.721889" lon="-0.299469">
        <ele>1096.5</ele>
      </trkpt>
      <trkpt lat="42.721838" lon="-0.299414">
        <ele>1096.4</ele>
      </trkpt>
      <trkpt lat="42.721753" lon="-0.299366">
        <ele>1095.6</ele>
      </trkpt>
      <trkpt lat="42.721657" lon="-0.299368">
        <ele>1094.2</ele>
      </trkpt>
      <trkpt lat="42.72152" lon="-0.299374">
        <ele>1092.1</ele>
      </trkpt>
      <trkpt lat="42.721386" lon="-0.299384">
        <ele>1090</ele>
      </trkpt>
      <trkpt lat="42.721252" lon="-0.299386">
        <ele>1087.9</ele>
      </trkpt>
      <trkpt lat="42.72114" lon="-0.299378">
        <ele>1087.9</ele>
      </trkpt>
      <trkpt lat="42.721033" lon="-0.299361">
        <ele>1087.9</ele>
      </trkpt>
      <trkpt lat="42.720852" lon="-0.299321">
        <ele>1088.2</ele>
      </trkpt>
      <trkpt lat="42.720598" lon="-0.299257">
        <ele>1088.7</ele>
      </trkpt>
      <trkpt lat="42.720442" lon="-0.299221">
        <ele>1088.9</ele>
      </trkpt>
      <trkpt lat="42.720306" lon="-0.299182">
        <ele>1088.6</ele>
      </trkpt>
      <trkpt lat="42.720129" lon="-0.299143">
        <ele>1087.8</ele>
      </trkpt>
      <trkpt lat="42.719995" lon="-0.299094">
        <ele>1087.4</ele>
      </trkpt>
      <trkpt lat="42.71986" lon="-0.299037">
        <ele>1086.9</ele>
      </trkpt>
      <trkpt lat="42.71974" lon="-0.298961">
        <ele>1086.6</ele>
      </trkpt>
      <trkpt lat="42.719631" lon="-0.298881">
        <ele>1086.4</ele>
      </trkpt>
      <trkpt lat="42.719604" lon="-0.298813">
        <ele>1086.7</ele>
      </trkpt>
      <trkpt lat="42.719578" lon="-0.298713">
        <ele>1087.4</ele>
      </trkpt>
      <trkpt lat="42.719541" lon="-0.298633">
        <ele>1088.2</ele>
      </trkpt>
      <trkpt lat="42.719491" lon="-0.298607">
        <ele>1088.6</ele>
      </trkpt>
      <trkpt lat="42.71941" lon="-0.298607">
        <ele>1088.9</ele>
      </trkpt>
      <trkpt lat="42.719228" lon="-0.298704">
        <ele>1088.1</ele>
      </trkpt>
      <trkpt lat="42.71901" lon="-0.298869">
        <ele>1086.2</ele>
      </trkpt>
      <trkpt lat="42.718701" lon="-0.299093">
        <ele>1083</ele>
      </trkpt>
      <trkpt lat="42.718514" lon="-0.299213">
        <ele>1081.2</ele>
      </trkpt>
      <trkpt lat="42.718301" lon="-0.299372">
        <ele>1079.2</ele>
      </trkpt>
      <trkpt lat="42.718084" lon="-0.299523">
        <ele>1077.5</ele>
      </trkpt>
      <trkpt lat="42.718013" lon="-0.299558">
        <ele>1077.2</ele>
      </trkpt>
      <trkpt lat="42.717939" lon="-0.299578">
        <ele>1077</ele>
      </trkpt>
      <trkpt lat="42.71784" lon="-0.299565">
        <ele>1077</ele>
      </trkpt>
      <trkpt lat="42.717742" lon="-0.299522">
        <ele>1077.2</ele>
      </trkpt>
      <trkpt lat="42.717637" lon="-0.299413">
        <ele>1077.9</ele>
      </trkpt>
      <trkpt lat="42.717519" lon="-0.299265">
        <ele>1078.8</ele>
      </trkpt>
      <trkpt lat="42.717371" lon="-0.299088">
        <ele>1079.5</ele>
      </trkpt>
      <trkpt lat="42.717269" lon="-0.298964">
        <ele>1079.8</ele>
      </trkpt>
      <trkpt lat="42.717146" lon="-0.298843">
        <ele>1079.9</ele>
      </trkpt>
      <trkpt lat="42.717062" lon="-0.298791">
        <ele>1079.7</ele>
      </trkpt>
      <trkpt lat="42.716934" lon="-0.298775">
        <ele>1079.1</ele>
      </trkpt>
      <trkpt lat="42.716823" lon="-0.298769">
        <ele>1078.6</ele>
      </trkpt>
      <trkpt lat="42.71666" lon="-0.298807">
        <ele>1077.7</ele>
      </trkpt>
      <trkpt lat="42.716533" lon="-0.298847">
        <ele>1076.9</ele>
      </trkpt>
      <trkpt lat="42.716445" lon="-0.298877">
        <ele>1076.4</ele>
      </trkpt>
      <trkpt lat="42.716336" lon="-0.298859">
        <ele>1076</ele>
      </trkpt>
      <trkpt lat="42.71625" lon="-0.298815">
        <ele>1075.8</ele>
      </trkpt>
      <trkpt lat="42.716199" lon="-0.298749">
        <ele>1078.3</ele>
      </trkpt>
      <trkpt lat="42.716137" lon="-0.298613">
        <ele>1083.2</ele>
      </trkpt>
      <trkpt lat="42.716097" lon="-0.298475">
        <ele>1087.4</ele>
      </trkpt>
      <trkpt lat="42.71607" lon="-0.298359">
        <ele>1090.7</ele>
      </trkpt>
      <trkpt lat="42.716034" lon="-0.298266">
        <ele>1094.4</ele>
      </trkpt>
      <trkpt lat="42.715966" lon="-0.298216">
        <ele>1099.3</ele>
      </trkpt>
      <trkpt lat="42.715859" lon="-0.298159">
        <ele>1106.9</ele>
      </trkpt>
      <trkpt lat="42.715746" lon="-0.298105">
        <ele>1115.1</ele>
      </trkpt>
      <trkpt lat="42.715627" lon="-0.298079">
        <ele>1123.3</ele>
      </trkpt>
      <trkpt lat="42.715541" lon="-0.298086">
        <ele>1128.5</ele>
      </trkpt>
      <trkpt lat="42.71549" lon="-0.298148">
        <ele>1129.7</ele>
      </trkpt>
      <trkpt lat="42.715429" lon="-0.298274">
        <ele>1129.3</ele>
      </trkpt>
      <trkpt lat="42.715353" lon="-0.298506">
        <ele>1128.1</ele>
      </trkpt>
      <trkpt lat="42.71532" lon="-0.298662">
        <ele>1126.2</ele>
      </trkpt>
      <trkpt lat="42.715305" lon="-0.298853">
        <ele>1121.9</ele>
      </trkpt>
      <trkpt lat="42.715295" lon="-0.299031">
        <ele>1117.6</ele>
      </trkpt>
      <trkpt lat="42.715293" lon="-0.29924">
        <ele>1111.7</ele>
      </trkpt>
      <trkpt lat="42.71529" lon="-0.299389">
        <ele>1107.6</ele>
      </trkpt>
      <trkpt lat="42.715262" lon="-0.299517">
        <ele>1106</ele>
      </trkpt>
      <trkpt lat="42.715212" lon="-0.299643">
        <ele>1105.9</ele>
      </trkpt>
      <trkpt lat="42.715087" lon="-0.299845">
        <ele>1106.5</ele>
      </trkpt>
      <trkpt lat="42.714826" lon="-0.300233">
        <ele>1099.1</ele>
      </trkpt>
      <trkpt lat="42.714673" lon="-0.300482">
        <ele>1090.3</ele>
      </trkpt>
      <trkpt lat="42.714505" lon="-0.300733">
        <ele>1088.3</ele>
      </trkpt>
      <trkpt lat="42.714298" lon="-0.301035">
        <ele>1085.2</ele>
      </trkpt>
      <trkpt lat="42.714158" lon="-0.301179">
        <ele>1083.4</ele>
      </trkpt>
      <trkpt lat="42.714054" lon="-0.301277">
        <ele>1082.3</ele>
      </trkpt>
      <trkpt lat="42.713957" lon="-0.301336">
        <ele>1083.1</ele>
      </trkpt>
      <trkpt lat="42.713786" lon="-0.301434">
        <ele>1084</ele>
      </trkpt>
      <trkpt lat="42.713587" lon="-0.301554">
        <ele>1084.1</ele>
      </trkpt>
      <trkpt lat="42.713415" lon="-0.301649">
        <ele>1083.6</ele>
      </trkpt>
      <trkpt lat="42.713185" lon="-0.301813">
        <ele>1080.4</ele>
      </trkpt>
      <trkpt lat="42.713042" lon="-0.301932">
        <ele>1076.8</ele>
      </trkpt>
      <trkpt lat="42.712929" lon="-0.302008">
        <ele>1074.2</ele>
      </trkpt>
      <trkpt lat="42.712855" lon="-0.30205">
        <ele>1072.5</ele>
      </trkpt>
      <trkpt lat="42.712767" lon="-0.302087">
        <ele>1071.1</ele>
      </trkpt>
      <trkpt lat="42.712683" lon="-0.302108">
        <ele>1071</ele>
      </trkpt>
      <trkpt lat="42.712568" lon="-0.302114">
        <ele>1071</ele>
      </trkpt>
      <trkpt lat="42.712479" lon="-0.302102">
        <ele>1071.3</ele>
      </trkpt>
      <trkpt lat="42.712347" lon="-0.302087">
        <ele>1071.6</ele>
      </trkpt>
      <trkpt lat="42.712217" lon="-0.302055">
        <ele>1073.1</ele>
      </trkpt>
      <trkpt lat="42.712102" lon="-0.302066">
        <ele>1072.7</ele>
      </trkpt>
      <trkpt lat="42.711992" lon="-0.30208">
        <ele>1074.4</ele>
      </trkpt>
      <trkpt lat="42.711864" lon="-0.302126">
        <ele>1076.7</ele>
      </trkpt>
      <trkpt lat="42.711716" lon="-0.302169">
        <ele>1079.3</ele>
      </trkpt>
      <trkpt lat="42.71159" lon="-0.302215">
        <ele>1081.2</ele>
      </trkpt>
      <trkpt lat="42.711519" lon="-0.302226">
        <ele>1082.5</ele>
      </trkpt>
      <trkpt lat="42.711323" lon="-0.302328">
        <ele>1083.9</ele>
      </trkpt>
      <trkpt lat="42.711217" lon="-0.302389">
        <ele>1085.3</ele>
      </trkpt>
      <trkpt lat="42.711087" lon="-0.302488">
        <ele>1089.1</ele>
      </trkpt>
      <trkpt lat="42.710948" lon="-0.3026">
        <ele>1091.9</ele>
      </trkpt>
      <trkpt lat="42.710827" lon="-0.302728">
        <ele>1092</ele>
      </trkpt>
      <trkpt lat="42.710733" lon="-0.302821">
        <ele>1091.6</ele>
      </trkpt>
      <trkpt lat="42.710485" lon="-0.303121">
        <ele>1088.8</ele>
      </trkpt>
      <trkpt lat="42.710275" lon="-0.303372">
        <ele>1082.3</ele>
      </trkpt>
      <trkpt lat="42.710156" lon="-0.303484">
        <ele>1078.7</ele>
      </trkpt>
      <trkpt lat="42.710045" lon="-0.303598">
        <ele>1074.7</ele>
      </trkpt>
      <trkpt lat="42.709961" lon="-0.303678">
        <ele>1071.9</ele>
      </trkpt>
      <trkpt lat="42.709842" lon="-0.303763">
        <ele>1069.1</ele>
      </trkpt>
      <trkpt lat="42.709712" lon="-0.303787">
        <ele>1069.2</ele>
      </trkpt>
      <trkpt lat="42.709586" lon="-0.3038">
        <ele>1069.6</ele>
      </trkpt>
      <trkpt lat="42.709386" lon="-0.303783">
        <ele>1069.2</ele>
      </trkpt>
      <trkpt lat="42.709236" lon="-0.303791">
        <ele>1068.3</ele>
      </trkpt>
      <trkpt lat="42.70906" lon="-0.303789">
        <ele>1067.6</ele>
      </trkpt>
      <trkpt lat="42.708943" lon="-0.303778">
        <ele>1067.3</ele>
      </trkpt>
      <trkpt lat="42.708777" lon="-0.303747">
        <ele>1067.2</ele>
      </trkpt>
      <trkpt lat="42.708622" lon="-0.303735">
        <ele>1070.8</ele>
      </trkpt>
      <trkpt lat="42.708469" lon="-0.303757">
        <ele>1073.9</ele>
      </trkpt>
      <trkpt lat="42.708348" lon="-0.303779">
        <ele>1076.5</ele>
      </trkpt>
      <trkpt lat="42.708225" lon="-0.303829">
        <ele>1078.5</ele>
      </trkpt>
      <trkpt lat="42.708045" lon="-0.30386">
        <ele>1082.3</ele>
      </trkpt>
      <trkpt lat="42.707886" lon="-0.303897">
        <ele>1084.6</ele>
      </trkpt>
      <trkpt lat="42.7078" lon="-0.303891">
        <ele>1084.6</ele>
      </trkpt>
      <trkpt lat="42.707712" lon="-0.303931">
        <ele>1083.6</ele>
      </trkpt>
      <trkpt lat="42.707645" lon="-0.304017">
        <ele>1081.8</ele>
      </trkpt>
      <trkpt lat="42.707553" lon="-0.304135">
        <ele>1079.4</ele>
      </trkpt>
      <trkpt lat="42.707478" lon="-0.304184">
        <ele>1078.4</ele>
      </trkpt>
      <trkpt lat="42.707371" lon="-0.304213">
        <ele>1078</ele>
      </trkpt>
      <trkpt lat="42.707266" lon="-0.304237">
        <ele>1077.6</ele>
      </trkpt>
      <trkpt lat="42.70715" lon="-0.304263">
        <ele>1077.3</ele>
      </trkpt>
      <trkpt lat="42.707072" lon="-0.304292">
        <ele>1076.8</ele>
      </trkpt>
      <trkpt lat="42.706965" lon="-0.30432">
        <ele>1075.7</ele>
      </trkpt>
      <trkpt lat="42.706846" lon="-0.304296">
        <ele>1075.4</ele>
      </trkpt>
      <trkpt lat="42.706762" lon="-0.304268">
        <ele>1075.3</ele>
      </trkpt>
      <trkpt lat="42.706661" lon="-0.304258">
        <ele>1074.8</ele>
      </trkpt>
      <trkpt lat="42.706573" lon="-0.304275">
        <ele>1074.1</ele>
      </trkpt>
      <trkpt lat="42.706476" lon="-0.304297">
        <ele>1073.1</ele>
      </trkpt>
      <trkpt lat="42.706365" lon="-0.304301">
        <ele>1072.4</ele>
      </trkpt>
      <trkpt lat="42.706301" lon="-0.304287">
        <ele>1072.2</ele>
      </trkpt>
      <trkpt lat="42.706228" lon="-0.304244">
        <ele>1072.6</ele>
      </trkpt>
      <trkpt lat="42.706133" lon="-0.304154">
        <ele>1074.1</ele>
      </trkpt>
      <trkpt lat="42.706007" lon="-0.30402">
        <ele>1076.2</ele>
      </trkpt>
      <trkpt lat="42.705943" lon="-0.303944">
        <ele>1077.3</ele>
      </trkpt>
      <trkpt lat="42.705879" lon="-0.303825">
        <ele>1079</ele>
      </trkpt>
      <trkpt lat="42.705821" lon="-0.30372">
        <ele>1080.6</ele>
      </trkpt>
      <trkpt lat="42.705774" lon="-0.303594">
        <ele>1083.2</ele>
      </trkpt>
      <trkpt lat="42.705727" lon="-0.303522">
        <ele>1084.8</ele>
      </trkpt>
      <trkpt lat="42.705669" lon="-0.303472">
        <ele>1086</ele>
      </trkpt>
      <trkpt lat="42.705581" lon="-0.303436">
        <ele>1087.1</ele>
      </trkpt>
      <trkpt lat="42.705444" lon="-0.303431">
        <ele>1087.8</ele>
      </trkpt>
      <trkpt lat="42.705324" lon="-0.303448">
        <ele>1089</ele>
      </trkpt>
      <trkpt lat="42.705219" lon="-0.303511">
        <ele>1089.4</ele>
      </trkpt>
      <trkpt lat="42.705134" lon="-0.303605">
        <ele>1088.8</ele>
      </trkpt>
      <trkpt lat="42.705045" lon="-0.303696">
        <ele>1088.4</ele>
      </trkpt>
      <trkpt lat="42.704967" lon="-0.303767">
        <ele>1088.4</ele>
      </trkpt>
      <trkpt lat="42.7049" lon="-0.303829">
        <ele>1088.8</ele>
      </trkpt>
      <trkpt lat="42.704825" lon="-0.303864">
        <ele>1089.7</ele>
      </trkpt>
      <trkpt lat="42.704742" lon="-0.30388">
        <ele>1090.9</ele>
      </trkpt>
      <trkpt lat="42.704669" lon="-0.303858">
        <ele>1092.4</ele>
      </trkpt>
      <trkpt lat="42.704583" lon="-0.303816">
        <ele>1094.3</ele>
      </trkpt>
      <trkpt lat="42.704481" lon="-0.303771">
        <ele>1096.9</ele>
      </trkpt>
      <trkpt lat="42.704393" lon="-0.303789">
        <ele>1098.5</ele>
      </trkpt>
      <trkpt lat="42.704328" lon="-0.303858">
        <ele>1099</ele>
      </trkpt>
      <trkpt lat="42.704251" lon="-0.303971">
        <ele>1099.4</ele>
      </trkpt>
      <trkpt lat="42.704171" lon="-0.304133">
        <ele>1099.3</ele>
      </trkpt>
      <trkpt lat="42.704119" lon="-0.304273">
        <ele>1098.8</ele>
      </trkpt>
      <trkpt lat="42.704083" lon="-0.304368">
        <ele>1098.5</ele>
      </trkpt>
      <trkpt lat="42.704019" lon="-0.304484">
        <ele>1098.6</ele>
      </trkpt>
      <trkpt lat="42.703926" lon="-0.304634">
        <ele>1098.5</ele>
      </trkpt>
      <trkpt lat="42.703753" lon="-0.304843">
        <ele>1098.3</ele>
      </trkpt>
      <trkpt lat="42.703619" lon="-0.305064">
        <ele>1096.6</ele>
      </trkpt>
      <trkpt lat="42.703526" lon="-0.305256">
        <ele>1095.3</ele>
      </trkpt>
      <trkpt lat="42.703431" lon="-0.305453">
        <ele>1094.2</ele>
      </trkpt>
      <trkpt lat="42.703299" lon="-0.305734">
        <ele>1091.8</ele>
      </trkpt>
      <trkpt lat="42.703208" lon="-0.305936">
        <ele>1089.8</ele>
      </trkpt>
      <trkpt lat="42.703096" lon="-0.306164">
        <ele>1087.4</ele>
      </trkpt>
      <trkpt lat="42.703003" lon="-0.306343">
        <ele>1085.6</ele>
      </trkpt>
      <trkpt lat="42.702908" lon="-0.306505">
        <ele>1084</ele>
      </trkpt>
      <trkpt lat="42.702807" lon="-0.306644">
        <ele>1083.2</ele>
      </trkpt>
      <trkpt lat="42.702671" lon="-0.306792">
        <ele>1083.4</ele>
      </trkpt>
      <trkpt lat="42.702586" lon="-0.306886">
        <ele>1083.7</ele>
      </trkpt>
      <trkpt lat="42.702467" lon="-0.306972">
        <ele>1085.1</ele>
      </trkpt>
      <trkpt lat="42.702337" lon="-0.307086">
        <ele>1086.5</ele>
      </trkpt>
      <trkpt lat="42.702227" lon="-0.307188">
        <ele>1087.4</ele>
      </trkpt>
      <trkpt lat="42.702106" lon="-0.307366">
        <ele>1087</ele>
      </trkpt>
      <trkpt lat="42.702049" lon="-0.307466">
        <ele>1086</ele>
      </trkpt>
      <trkpt lat="42.702004" lon="-0.307643">
        <ele>1083.1</ele>
      </trkpt>
      <trkpt lat="42.70193" lon="-0.307834">
        <ele>1080.3</ele>
      </trkpt>
      <trkpt lat="42.701846" lon="-0.308008">
        <ele>1077</ele>
      </trkpt>
      <trkpt lat="42.701761" lon="-0.308169">
        <ele>1073.6</ele>
      </trkpt>
      <trkpt lat="42.701668" lon="-0.30825">
        <ele>1072.9</ele>
      </trkpt>
      <trkpt lat="42.70155" lon="-0.308378">
        <ele>1071.7</ele>
      </trkpt>
      <trkpt lat="42.701441" lon="-0.308459">
        <ele>1071.9</ele>
      </trkpt>
      <trkpt lat="42.701333" lon="-0.308549">
        <ele>1072.1</ele>
      </trkpt>
      <trkpt lat="42.70121" lon="-0.308671">
        <ele>1071.3</ele>
      </trkpt>
      <trkpt lat="42.701135" lon="-0.308701">
        <ele>1070.4</ele>
      </trkpt>
      <trkpt lat="42.701039" lon="-0.308758">
        <ele>1069</ele>
      </trkpt>
      <trkpt lat="42.700923" lon="-0.308809">
        <ele>1068.3</ele>
      </trkpt>
      <trkpt lat="42.700827" lon="-0.308832">
        <ele>1067.7</ele>
      </trkpt>
      <trkpt lat="42.700749" lon="-0.308829">
        <ele>1067.3</ele>
      </trkpt>
      <trkpt lat="42.700675" lon="-0.30881">
        <ele>1067</ele>
      </trkpt>
      <trkpt lat="42.700566" lon="-0.308781">
        <ele>1066.6</ele>
      </trkpt>
      <trkpt lat="42.700435" lon="-0.308714">
        <ele>1066.6</ele>
      </trkpt>
      <trkpt lat="42.700302" lon="-0.308648">
        <ele>1067</ele>
      </trkpt>
      <trkpt lat="42.700187" lon="-0.308559">
        <ele>1067.5</ele>
      </trkpt>
      <trkpt lat="42.700087" lon="-0.308486">
        <ele>1067.9</ele>
      </trkpt>
      <trkpt lat="42.699974" lon="-0.308371">
        <ele>1068.4</ele>
      </trkpt>
      <trkpt lat="42.699923" lon="-0.308325">
        <ele>1068.5</ele>
      </trkpt>
      <trkpt lat="42.699835" lon="-0.30824">
        <ele>1068.7</ele>
      </trkpt>
      <trkpt lat="42.699699" lon="-0.308136">
        <ele>1068.4</ele>
      </trkpt>
      <trkpt lat="42.699597" lon="-0.308065">
        <ele>1068.1</ele>
      </trkpt>
      <trkpt lat="42.699514" lon="-0.308025">
        <ele>1068.8</ele>
      </trkpt>
      <trkpt lat="42.699428" lon="-0.308012">
        <ele>1069.6</ele>
      </trkpt>
      <trkpt lat="42.699352" lon="-0.308022">
        <ele>1070.2</ele>
      </trkpt>
      <trkpt lat="42.69923" lon="-0.308014">
        <ele>1071.3</ele>
      </trkpt>
      <trkpt lat="42.699106" lon="-0.307988">
        <ele>1072.7</ele>
      </trkpt>
      <trkpt lat="42.698975" lon="-0.307942">
        <ele>1074.5</ele>
      </trkpt>
      <trkpt lat="42.698862" lon="-0.307898">
        <ele>1076.4</ele>
      </trkpt>
      <trkpt lat="42.698751" lon="-0.307822">
        <ele>1079.7</ele>
      </trkpt>
      <trkpt lat="42.698657" lon="-0.307736">
        <ele>1086.3</ele>
      </trkpt>
      <trkpt lat="42.698585" lon="-0.307673">
        <ele>1091.4</ele>
      </trkpt>
      <trkpt lat="42.698521" lon="-0.307657">
        <ele>1094.7</ele>
      </trkpt>
      <trkpt lat="42.698464" lon="-0.307682">
        <ele>1096.5</ele>
      </trkpt>
      <trkpt lat="42.698382" lon="-0.307781">
        <ele>1097.1</ele>
      </trkpt>
      <trkpt lat="42.698288" lon="-0.30798">
        <ele>1095.6</ele>
      </trkpt>
      <trkpt lat="42.698197" lon="-0.308164">
        <ele>1095.6</ele>
      </trkpt>
      <trkpt lat="42.698066" lon="-0.308413">
        <ele>1095.3</ele>
      </trkpt>
      <trkpt lat="42.697953" lon="-0.308632">
        <ele>1094.5</ele>
      </trkpt>
      <trkpt lat="42.697885" lon="-0.308746">
        <ele>1094.3</ele>
      </trkpt>
      <trkpt lat="42.6978" lon="-0.308878">
        <ele>1094</ele>
      </trkpt>
      <trkpt lat="42.697721" lon="-0.308981">
        <ele>1093.9</ele>
      </trkpt>
      <trkpt lat="42.697634" lon="-0.309098">
        <ele>1093.4</ele>
      </trkpt>
      <trkpt lat="42.697577" lon="-0.309186">
        <ele>1092.5</ele>
      </trkpt>
      <trkpt lat="42.69753" lon="-0.309349">
        <ele>1088.8</ele>
      </trkpt>
      <trkpt lat="42.697483" lon="-0.309509">
        <ele>1084.8</ele>
      </trkpt>
      <trkpt lat="42.697403" lon="-0.309707">
        <ele>1081.8</ele>
      </trkpt>
      <trkpt lat="42.697318" lon="-0.309832">
        <ele>1080.9</ele>
      </trkpt>
      <trkpt lat="42.697248" lon="-0.309889">
        <ele>1081.1</ele>
      </trkpt>
      <trkpt lat="42.697156" lon="-0.309914">
        <ele>1082.3</ele>
      </trkpt>
      <trkpt lat="42.69704" lon="-0.309937">
        <ele>1084.7</ele>
      </trkpt>
      <trkpt lat="42.696926" lon="-0.309971">
        <ele>1087.9</ele>
      </trkpt>
      <trkpt lat="42.696808" lon="-0.310011">
        <ele>1091.1</ele>
      </trkpt>
      <trkpt lat="42.696672" lon="-0.31008">
        <ele>1093.9</ele>
      </trkpt>
      <trkpt lat="42.696569" lon="-0.310181">
        <ele>1094.4</ele>
      </trkpt>
      <trkpt lat="42.696495" lon="-0.310283">
        <ele>1093.6</ele>
      </trkpt>
      <trkpt lat="42.696428" lon="-0.310365">
        <ele>1093.1</ele>
      </trkpt>
      <trkpt lat="42.696357" lon="-0.310431">
        <ele>1093.3</ele>
      </trkpt>
      <trkpt lat="42.696315" lon="-0.310453">
        <ele>1093.9</ele>
      </trkpt>
      <trkpt lat="42.696243" lon="-0.310426">
        <ele>1096.9</ele>
      </trkpt>
      <trkpt lat="42.696207" lon="-0.310357">
        <ele>1100.4</ele>
      </trkpt>
      <trkpt lat="42.696226" lon="-0.310249">
        <ele>1103.6</ele>
      </trkpt>
      <trkpt lat="42.696297" lon="-0.310139">
        <ele>1105</ele>
      </trkpt>
      <trkpt lat="42.69644" lon="-0.309981">
        <ele>1105.3</ele>
      </trkpt>
      <trkpt lat="42.696626" lon="-0.309812">
        <ele>1103.7</ele>
      </trkpt>
      <trkpt lat="42.696718" lon="-0.30967">
        <ele>1104.3</ele>
      </trkpt>
      <trkpt lat="42.696876" lon="-0.309535">
        <ele>1102.5</ele>
      </trkpt>
      <trkpt lat="42.697007" lon="-0.309359">
        <ele>1104.1</ele>
      </trkpt>
      <trkpt lat="42.697109" lon="-0.30919">
        <ele>1106.8</ele>
      </trkpt>
      <trkpt lat="42.697189" lon="-0.308895">
        <ele>1115.5</ele>
      </trkpt>
      <trkpt lat="42.697222" lon="-0.308746">
        <ele>1119.8</ele>
      </trkpt>
      <trkpt lat="42.697297" lon="-0.308575">
        <ele>1121.9</ele>
      </trkpt>
      <trkpt lat="42.697589" lon="-0.308137">
        <ele>1122</ele>
      </trkpt>
      <trkpt lat="42.697685" lon="-0.308004">
        <ele>1121.3</ele>
      </trkpt>
      <trkpt lat="42.697806" lon="-0.307849">
        <ele>1120.2</ele>
      </trkpt>
      <trkpt lat="42.697865" lon="-0.307651">
        <ele>1124.1</ele>
      </trkpt>
      <trkpt lat="42.697911" lon="-0.307457">
        <ele>1128.7</ele>
      </trkpt>
      <trkpt lat="42.697956" lon="-0.307309">
        <ele>1131.6</ele>
      </trkpt>
      <trkpt lat="42.697965" lon="-0.307135">
        <ele>1136.9</ele>
      </trkpt>
      <trkpt lat="42.697959" lon="-0.306947">
        <ele>1141.5</ele>
      </trkpt>
      <trkpt lat="42.697998" lon="-0.30666">
        <ele>1145</ele>
      </trkpt>
      <trkpt lat="42.69815" lon="-0.306341">
        <ele>1144.4</ele>
      </trkpt>
      <trkpt lat="42.698269" lon="-0.306096">
        <ele>1144.6</ele>
      </trkpt>
      <trkpt lat="42.698425" lon="-0.305797">
        <ele>1145.3</ele>
      </trkpt>
      <trkpt lat="42.698546" lon="-0.305558">
        <ele>1146.6</ele>
      </trkpt>
      <trkpt lat="42.698647" lon="-0.305253">
        <ele>1149.1</ele>
      </trkpt>
      <trkpt lat="42.698698" lon="-0.305103">
        <ele>1149.6</ele>
      </trkpt>
      <trkpt lat="42.698735" lon="-0.304978">
        <ele>1150.3</ele>
      </trkpt>
      <trkpt lat="42.698756" lon="-0.304829">
        <ele>1152</ele>
      </trkpt>
      <trkpt lat="42.698759" lon="-0.304677">
        <ele>1154.2</ele>
      </trkpt>
      <trkpt lat="42.698746" lon="-0.304589">
        <ele>1156</ele>
      </trkpt>
      <trkpt lat="42.698713" lon="-0.304574">
        <ele>1157.3</ele>
      </trkpt>
      <trkpt lat="42.698617" lon="-0.30457">
        <ele>1160.4</ele>
      </trkpt>
      <trkpt lat="42.698542" lon="-0.304722">
        <ele>1160.7</ele>
      </trkpt>
      <trkpt lat="42.698479" lon="-0.30493">
        <ele>1159.6</ele>
      </trkpt>
      <trkpt lat="42.698383" lon="-0.305146">
        <ele>1159.7</ele>
      </trkpt>
      <trkpt lat="42.698272" lon="-0.305309">
        <ele>1161.2</ele>
      </trkpt>
      <trkpt lat="42.698129" lon="-0.305422">
        <ele>1164.5</ele>
      </trkpt>
      <trkpt lat="42.697979" lon="-0.305552">
        <ele>1167.1</ele>
      </trkpt>
      <trkpt lat="42.697849" lon="-0.305585">
        <ele>1172</ele>
      </trkpt>
      <trkpt lat="42.69769" lon="-0.305603">
        <ele>1179.4</ele>
      </trkpt>
      <trkpt lat="42.697554" lon="-0.305704">
        <ele>1183.9</ele>
      </trkpt>
      <trkpt lat="42.697412" lon="-0.305877">
        <ele>1187</ele>
      </trkpt>
      <trkpt lat="42.697249" lon="-0.306059">
        <ele>1190.6</ele>
      </trkpt>
      <trkpt lat="42.697169" lon="-0.306221">
        <ele>1190.7</ele>
      </trkpt>
      <trkpt lat="42.697073" lon="-0.306503">
        <ele>1188.3</ele>
      </trkpt>
      <trkpt lat="42.697009" lon="-0.306647">
        <ele>1189.1</ele>
      </trkpt>
      <trkpt lat="42.696888" lon="-0.30683">
        <ele>1192.8</ele>
      </trkpt>
      <trkpt lat="42.696687" lon="-0.307126">
        <ele>1198.9</ele>
      </trkpt>
      <trkpt lat="42.696533" lon="-0.307295">
        <ele>1204.4</ele>
      </trkpt>
      <trkpt lat="42.696438" lon="-0.307408">
        <ele>1207.4</ele>
      </trkpt>
      <trkpt lat="42.696177" lon="-0.307707">
        <ele>1214.8</ele>
      </trkpt>
      <trkpt lat="42.696075" lon="-0.307876">
        <ele>1215.2</ele>
      </trkpt>
      <trkpt lat="42.695964" lon="-0.308032">
        <ele>1214.8</ele>
      </trkpt>
      <trkpt lat="42.695717" lon="-0.308466">
        <ele>1208.2</ele>
      </trkpt>
      <trkpt lat="42.69564" lon="-0.308687">
        <ele>1201.9</ele>
      </trkpt>
      <trkpt lat="42.695596" lon="-0.308875">
        <ele>1194.9</ele>
      </trkpt>
      <trkpt lat="42.695538" lon="-0.309032">
        <ele>1190</ele>
      </trkpt>
      <trkpt lat="42.695398" lon="-0.30913">
        <ele>1192.3</ele>
      </trkpt>
      <trkpt lat="42.695135" lon="-0.309312">
        <ele>1196.6</ele>
      </trkpt>
      <trkpt lat="42.694954" lon="-0.309396">
        <ele>1201.8</ele>
      </trkpt>
      <trkpt lat="42.694785" lon="-0.309466">
        <ele>1207.2</ele>
      </trkpt>
      <trkpt lat="42.694684" lon="-0.309525">
        <ele>1209.5</ele>
      </trkpt>
      <trkpt lat="42.694592" lon="-0.309592">
        <ele>1210.9</ele>
      </trkpt>
      <trkpt lat="42.694365" lon="-0.309761">
        <ele>1207.8</ele>
      </trkpt>
      <trkpt lat="42.694226" lon="-0.30987">
        <ele>1205.6</ele>
      </trkpt>
      <trkpt lat="42.694114" lon="-0.309945">
        <ele>1204.9</ele>
      </trkpt>
      <trkpt lat="42.694016" lon="-0.310032">
        <ele>1202.9</ele>
      </trkpt>
      <trkpt lat="42.69379" lon="-0.310214">
        <ele>1199.9</ele>
      </trkpt>
      <trkpt lat="42.693704" lon="-0.31027">
        <ele>1199.7</ele>
      </trkpt>
      <trkpt lat="42.693621" lon="-0.310268">
        <ele>1203</ele>
      </trkpt>
      <trkpt lat="42.693518" lon="-0.310205">
        <ele>1211.5</ele>
      </trkpt>
      <trkpt lat="42.693373" lon="-0.310122">
        <ele>1223.1</ele>
      </trkpt>
      <trkpt lat="42.693287" lon="-0.310091">
        <ele>1228.7</ele>
      </trkpt>
      <trkpt lat="42.693163" lon="-0.310143">
        <ele>1230.1</ele>
      </trkpt>
      <trkpt lat="42.693059" lon="-0.31018">
        <ele>1231.6</ele>
      </trkpt>
      <trkpt lat="42.692979" lon="-0.310262">
        <ele>1228.9</ele>
      </trkpt>
      <trkpt lat="42.692875" lon="-0.31036">
        <ele>1223</ele>
      </trkpt>
      <trkpt lat="42.69278" lon="-0.310434">
        <ele>1215.2</ele>
      </trkpt>
      <trkpt lat="42.692704" lon="-0.310517">
        <ele>1207.7</ele>
      </trkpt>
      <trkpt lat="42.692622" lon="-0.310631">
        <ele>1197.7</ele>
      </trkpt>
      <trkpt lat="42.692531" lon="-0.310688">
        <ele>1191</ele>
      </trkpt>
      <trkpt lat="42.69242" lon="-0.310704">
        <ele>1186.5</ele>
      </trkpt>
      <trkpt lat="42.692355" lon="-0.310659">
        <ele>1187.7</ele>
      </trkpt>
      <trkpt lat="42.692269" lon="-0.310572">
        <ele>1191.5</ele>
      </trkpt>
      <trkpt lat="42.692206" lon="-0.310504">
        <ele>1194.7</ele>
      </trkpt>
      <trkpt lat="42.692116" lon="-0.310449">
        <ele>1196.4</ele>
      </trkpt>
      <trkpt lat="42.692044" lon="-0.310429">
        <ele>1197.1</ele>
      </trkpt>
      <trkpt lat="42.691946" lon="-0.310391">
        <ele>1200.2</ele>
      </trkpt>
      <trkpt lat="42.691814" lon="-0.310348">
        <ele>1203.6</ele>
      </trkpt>
      <trkpt lat="42.691735" lon="-0.310302">
        <ele>1207</ele>
      </trkpt>
      <trkpt lat="42.691667" lon="-0.310228">
        <ele>1212.4</ele>
      </trkpt>
      <trkpt lat="42.691584" lon="-0.310143">
        <ele>1218.4</ele>
      </trkpt>
      <trkpt lat="42.691499" lon="-0.310072">
        <ele>1223</ele>
      </trkpt>
      <trkpt lat="42.691385" lon="-0.310057">
        <ele>1223.5</ele>
      </trkpt>
      <trkpt lat="42.691277" lon="-0.310119">
        <ele>1218.7</ele>
      </trkpt>
      <trkpt lat="42.691196" lon="-0.310222">
        <ele>1211.2</ele>
      </trkpt>
      <trkpt lat="42.691098" lon="-0.310324">
        <ele>1203.6</ele>
      </trkpt>
      <trkpt lat="42.691006" lon="-0.31037">
        <ele>1199.6</ele>
      </trkpt>
      <trkpt lat="42.6909" lon="-0.310381">
        <ele>1197.9</ele>
      </trkpt>
      <trkpt lat="42.690791" lon="-0.310364">
        <ele>1197.9</ele>
      </trkpt>
      <trkpt lat="42.690661" lon="-0.31037">
        <ele>1196.2</ele>
      </trkpt>
      <trkpt lat="42.690563" lon="-0.310406">
        <ele>1193.1</ele>
      </trkpt>
      <trkpt lat="42.690464" lon="-0.310446">
        <ele>1187.8</ele>
      </trkpt>
      <trkpt lat="42.69035" lon="-0.310496">
        <ele>1175.2</ele>
      </trkpt>
      <trkpt lat="42.690285" lon="-0.310459">
        <ele>1173.6</ele>
      </trkpt>
      <trkpt lat="42.690236" lon="-0.310379">
        <ele>1176.1</ele>
      </trkpt>
      <trkpt lat="42.69022" lon="-0.31023">
        <ele>1184.4</ele>
      </trkpt>
      <trkpt lat="42.690231" lon="-0.310034">
        <ele>1198.3</ele>
      </trkpt>
      <trkpt lat="42.690276" lon="-0.309867">
        <ele>1212.8</ele>
      </trkpt>
      <trkpt lat="42.690368" lon="-0.309661">
        <ele>1232.7</ele>
      </trkpt>
      <trkpt lat="42.690459" lon="-0.30944">
        <ele>1241.9</ele>
      </trkpt>
      <trkpt lat="42.690499" lon="-0.309254">
        <ele>1242.9</ele>
      </trkpt>
      <trkpt lat="42.690515" lon="-0.309088">
        <ele>1243.5</ele>
      </trkpt>
      <trkpt lat="42.690522" lon="-0.308941">
        <ele>1244</ele>
      </trkpt>
      <trkpt lat="42.690513" lon="-0.308739">
        <ele>1244.2</ele>
      </trkpt>
      <trkpt lat="42.690493" lon="-0.308461">
        <ele>1244.8</ele>
      </trkpt>
      <trkpt lat="42.690481" lon="-0.308167">
        <ele>1245.6</ele>
      </trkpt>
      <trkpt lat="42.69046" lon="-0.307878">
        <ele>1246.5</ele>
      </trkpt>
      <trkpt lat="42.69044" lon="-0.307506">
        <ele>1251.3</ele>
      </trkpt>
      <trkpt lat="42.690434" lon="-0.307258">
        <ele>1254.7</ele>
      </trkpt>
      <trkpt lat="42.690408" lon="-0.306973">
        <ele>1257.8</ele>
      </trkpt>
      <trkpt lat="42.690382" lon="-0.30678">
        <ele>1259</ele>
      </trkpt>
      <trkpt lat="42.690344" lon="-0.306586">
        <ele>1260.1</ele>
      </trkpt>
      <trkpt lat="42.690282" lon="-0.306376">
        <ele>1261.2</ele>
      </trkpt>
      <trkpt lat="42.690171" lon="-0.306066">
        <ele>1260.2</ele>
      </trkpt>
      <trkpt lat="42.690093" lon="-0.305878">
        <ele>1258.6</ele>
      </trkpt>
      <trkpt lat="42.690011" lon="-0.305738">
        <ele>1257.3</ele>
      </trkpt>
      <trkpt lat="42.689909" lon="-0.305638">
        <ele>1256</ele>
      </trkpt>
      <trkpt lat="42.689743" lon="-0.305577">
        <ele>1254.5</ele>
      </trkpt>
      <trkpt lat="42.689551" lon="-0.305496">
        <ele>1251.9</ele>
      </trkpt>
      <trkpt lat="42.689447" lon="-0.30544">
        <ele>1248.1</ele>
      </trkpt>
      <trkpt lat="42.689325" lon="-0.305376">
        <ele>1243.6</ele>
      </trkpt>
      <trkpt lat="42.689192" lon="-0.305292">
        <ele>1239</ele>
      </trkpt>
      <trkpt lat="42.689039" lon="-0.305229">
        <ele>1234.2</ele>
      </trkpt>
      <trkpt lat="42.688919" lon="-0.305223">
        <ele>1230.4</ele>
      </trkpt>
      <trkpt lat="42.68879" lon="-0.305193">
        <ele>1226.7</ele>
      </trkpt>
      <trkpt lat="42.688635" lon="-0.305177">
        <ele>1222.2</ele>
      </trkpt>
      <trkpt lat="42.688493" lon="-0.305168">
        <ele>1218.2</ele>
      </trkpt>
      <trkpt lat="42.688338" lon="-0.305149">
        <ele>1214</ele>
      </trkpt>
      <trkpt lat="42.688183" lon="-0.305118">
        <ele>1210</ele>
      </trkpt>
      <trkpt lat="42.688015" lon="-0.305058">
        <ele>1206.2</ele>
      </trkpt>
      <trkpt lat="42.687851" lon="-0.30499">
        <ele>1204.1</ele>
      </trkpt>
      <trkpt lat="42.687778" lon="-0.304954">
        <ele>1204.2</ele>
      </trkpt>
      <trkpt lat="42.687679" lon="-0.304893">
        <ele>1204.4</ele>
      </trkpt>
      <trkpt lat="42.687595" lon="-0.304795">
        <ele>1205.5</ele>
      </trkpt>
      <trkpt lat="42.687493" lon="-0.304634">
        <ele>1207.5</ele>
      </trkpt>
      <trkpt lat="42.687413" lon="-0.304499">
        <ele>1209.7</ele>
      </trkpt>
      <trkpt lat="42.687315" lon="-0.304346">
        <ele>1212.6</ele>
      </trkpt>
      <trkpt lat="42.687224" lon="-0.304227">
        <ele>1214.7</ele>
      </trkpt>
      <trkpt lat="42.687175" lon="-0.304169">
        <ele>1215.7</ele>
      </trkpt>
      <trkpt lat="42.68708" lon="-0.304115">
        <ele>1216.3</ele>
      </trkpt>
      <trkpt lat="42.687008" lon="-0.304151">
        <ele>1217.4</ele>
      </trkpt>
      <trkpt lat="42.686967" lon="-0.304247">
        <ele>1216.3</ele>
      </trkpt>
      <trkpt lat="42.686984" lon="-0.304334">
        <ele>1213.8</ele>
      </trkpt>
      <trkpt lat="42.687044" lon="-0.304455">
        <ele>1209.2</ele>
      </trkpt>
      <trkpt lat="42.6871" lon="-0.304545">
        <ele>1206.1</ele>
      </trkpt>
      <trkpt lat="42.687115" lon="-0.304616">
        <ele>1204.7</ele>
      </trkpt>
      <trkpt lat="42.687099" lon="-0.304697">
        <ele>1203.1</ele>
      </trkpt>
      <trkpt lat="42.687054" lon="-0.304728">
        <ele>1203.2</ele>
      </trkpt>
      <trkpt lat="42.686996" lon="-0.304723">
        <ele>1205</ele>
      </trkpt>
      <trkpt lat="42.686921" lon="-0.30465">
        <ele>1208.6</ele>
      </trkpt>
      <trkpt lat="42.68683" lon="-0.304564">
        <ele>1213</ele>
      </trkpt>
      <trkpt lat="42.686747" lon="-0.304603">
        <ele>1214.7</ele>
      </trkpt>
      <trkpt lat="42.686694" lon="-0.304689">
        <ele>1214.4</ele>
      </trkpt>
      <trkpt lat="42.686695" lon="-0.304847">
        <ele>1211</ele>
      </trkpt>
      <trkpt lat="42.686762" lon="-0.305074">
        <ele>1204.4</ele>
      </trkpt>
      <trkpt lat="42.686876" lon="-0.305391">
        <ele>1195.2</ele>
      </trkpt>
      <trkpt lat="42.686995" lon="-0.305638">
        <ele>1183.9</ele>
      </trkpt>
      <trkpt lat="42.687145" lon="-0.305894">
        <ele>1173.9</ele>
      </trkpt>
      <trkpt lat="42.687322" lon="-0.306168">
        <ele>1168.3</ele>
      </trkpt>
      <trkpt lat="42.687441" lon="-0.306359">
        <ele>1164.2</ele>
      </trkpt>
      <trkpt lat="42.687536" lon="-0.306597">
        <ele>1157.3</ele>
      </trkpt>
      <trkpt lat="42.6876" lon="-0.306815">
        <ele>1150.7</ele>
      </trkpt>
      <trkpt lat="42.687671" lon="-0.307042">
        <ele>1144.3</ele>
      </trkpt>
      <trkpt lat="42.687739" lon="-0.307297">
        <ele>1138.2</ele>
      </trkpt>
      <trkpt lat="42.687808" lon="-0.307574">
        <ele>1131.8</ele>
      </trkpt>
      <trkpt lat="42.687892" lon="-0.307861">
        <ele>1125.8</ele>
      </trkpt>
      <trkpt lat="42.687942" lon="-0.308041">
        <ele>1122.8</ele>
      </trkpt>
      <trkpt lat="42.687985" lon="-0.308165">
        <ele>1121.7</ele>
      </trkpt>
      <trkpt lat="42.688039" lon="-0.308284">
        <ele>1121.5</ele>
      </trkpt>
      <trkpt lat="42.688118" lon="-0.308398">
        <ele>1123</ele>
      </trkpt>
      <trkpt lat="42.688184" lon="-0.308523">
        <ele>1123.6</ele>
      </trkpt>
      <trkpt lat="42.688252" lon="-0.308675">
        <ele>1123.8</ele>
      </trkpt>
      <trkpt lat="42.688297" lon="-0.308798">
        <ele>1123.4</ele>
      </trkpt>
      <trkpt lat="42.688342" lon="-0.308943">
        <ele>1121.9</ele>
      </trkpt>
      <trkpt lat="42.688387" lon="-0.309088">
        <ele>1120.2</ele>
      </trkpt>
      <trkpt lat="42.68842" lon="-0.309218">
        <ele>1118.1</ele>
      </trkpt>
      <trkpt lat="42.68844" lon="-0.309335">
        <ele>1115.5</ele>
      </trkpt>
      <trkpt lat="42.688444" lon="-0.309437">
        <ele>1112.6</ele>
      </trkpt>
      <trkpt lat="42.688429" lon="-0.30952">
        <ele>1109.3</ele>
      </trkpt>
      <trkpt lat="42.688369" lon="-0.30962">
        <ele>1103.5</ele>
      </trkpt>
      <trkpt lat="42.688307" lon="-0.309651">
        <ele>1099.9</ele>
      </trkpt>
      <trkpt lat="42.688218" lon="-0.309618">
        <ele>1096.9</ele>
      </trkpt>
      <trkpt lat="42.688128" lon="-0.309539">
        <ele>1094.7</ele>
      </trkpt>
      <trkpt lat="42.687993" lon="-0.309321">
        <ele>1093.2</ele>
      </trkpt>
      <trkpt lat="42.687896" lon="-0.309165">
        <ele>1091.9</ele>
      </trkpt>
      <trkpt lat="42.687802" lon="-0.308978">
        <ele>1092.7</ele>
      </trkpt>
      <trkpt lat="42.687753" lon="-0.30888">
        <ele>1092.8</ele>
      </trkpt>
      <trkpt lat="42.687701" lon="-0.308755">
        <ele>1093.2</ele>
      </trkpt>
      <trkpt lat="42.687663" lon="-0.308606">
        <ele>1096</ele>
      </trkpt>
      <trkpt lat="42.687631" lon="-0.308447">
        <ele>1099.3</ele>
      </trkpt>
      <trkpt lat="42.687606" lon="-0.308293">
        <ele>1102.8</ele>
      </trkpt>
      <trkpt lat="42.687571" lon="-0.308178">
        <ele>1104.8</ele>
      </trkpt>
      <trkpt lat="42.687501" lon="-0.308">
        <ele>1107.2</ele>
      </trkpt>
      <trkpt lat="42.68744" lon="-0.307872">
        <ele>1108.8</ele>
      </trkpt>
      <trkpt lat="42.68738" lon="-0.307732">
        <ele>1111.2</ele>
      </trkpt>
      <trkpt lat="42.687321" lon="-0.307608">
        <ele>1113.3</ele>
      </trkpt>
      <trkpt lat="42.687264" lon="-0.307512">
        <ele>1114.5</ele>
      </trkpt>
      <trkpt lat="42.687216" lon="-0.307456">
        <ele>1114.7</ele>
      </trkpt>
      <trkpt lat="42.687159" lon="-0.307422">
        <ele>1113.8</ele>
      </trkpt>
      <trkpt lat="42.687075" lon="-0.307418">
        <ele>1111.3</ele>
      </trkpt>
      <trkpt lat="42.686994" lon="-0.307423">
        <ele>1111.2</ele>
      </trkpt>
      <trkpt lat="42.686918" lon="-0.307442">
        <ele>1110.5</ele>
      </trkpt>
      <trkpt lat="42.686855" lon="-0.307509">
        <ele>1108</ele>
      </trkpt>
      <trkpt lat="42.686797" lon="-0.307591">
        <ele>1104.8</ele>
      </trkpt>
      <trkpt lat="42.686725" lon="-0.307678">
        <ele>1101.3</ele>
      </trkpt>
      <trkpt lat="42.686661" lon="-0.307724">
        <ele>1099.2</ele>
      </trkpt>
      <trkpt lat="42.686579" lon="-0.307718">
        <ele>1099.2</ele>
      </trkpt>
      <trkpt lat="42.686497" lon="-0.307689">
        <ele>1100.1</ele>
      </trkpt>
      <trkpt lat="42.686414" lon="-0.307612">
        <ele>1103.2</ele>
      </trkpt>
      <trkpt lat="42.686286" lon="-0.307485">
        <ele>1108.7</ele>
      </trkpt>
      <trkpt lat="42.686213" lon="-0.307415">
        <ele>1112.2</ele>
      </trkpt>
      <trkpt lat="42.686139" lon="-0.307354">
        <ele>1115.7</ele>
      </trkpt>
      <trkpt lat="42.686064" lon="-0.30734">
        <ele>1117.1</ele>
      </trkpt>
      <trkpt lat="42.685986" lon="-0.307362">
        <ele>1116.9</ele>
      </trkpt>
      <trkpt lat="42.685897" lon="-0.307447">
        <ele>1114.1</ele>
      </trkpt>
      <trkpt lat="42.685826" lon="-0.307553">
        <ele>1110.3</ele>
      </trkpt>
      <trkpt lat="42.685709" lon="-0.307721">
        <ele>1104.4</ele>
      </trkpt>
      <trkpt lat="42.685637" lon="-0.307828">
        <ele>1100.8</ele>
      </trkpt>
      <trkpt lat="42.685546" lon="-0.307907">
        <ele>1098.7</ele>
      </trkpt>
      <trkpt lat="42.685411" lon="-0.307961">
        <ele>1099.2</ele>
      </trkpt>
      <trkpt lat="42.685316" lon="-0.307965">
        <ele>1100.7</ele>
      </trkpt>
      <trkpt lat="42.685191" lon="-0.307957">
        <ele>1102.9</ele>
      </trkpt>
      <trkpt lat="42.68506" lon="-0.307936">
        <ele>1105.6</ele>
      </trkpt>
      <trkpt lat="42.684974" lon="-0.307944">
        <ele>1106.8</ele>
      </trkpt>
      <trkpt lat="42.684914" lon="-0.307996">
        <ele>1106.7</ele>
      </trkpt>
      <trkpt lat="42.684835" lon="-0.308167">
        <ele>1104.2</ele>
      </trkpt>
      <trkpt lat="42.68479" lon="-0.308289">
        <ele>1102.3</ele>
      </trkpt>
      <trkpt lat="42.684725" lon="-0.308405">
        <ele>1100.7</ele>
      </trkpt>
      <trkpt lat="42.684669" lon="-0.308516">
        <ele>1099</ele>
      </trkpt>
      <trkpt lat="42.684612" lon="-0.308593">
        <ele>1098.2</ele>
      </trkpt>
      <trkpt lat="42.684538" lon="-0.308646">
        <ele>1098.7</ele>
      </trkpt>
      <trkpt lat="42.684464" lon="-0.308673">
        <ele>1100.3</ele>
      </trkpt>
      <trkpt lat="42.684398" lon="-0.308667">
        <ele>1102.4</ele>
      </trkpt>
      <trkpt lat="42.684317" lon="-0.308632">
        <ele>1105.8</ele>
      </trkpt>
      <trkpt lat="42.684233" lon="-0.308615">
        <ele>1108.8</ele>
      </trkpt>
      <trkpt lat="42.684161" lon="-0.308599">
        <ele>1111.5</ele>
      </trkpt>
      <trkpt lat="42.684068" lon="-0.308636">
        <ele>1113.3</ele>
      </trkpt>
      <trkpt lat="42.68398" lon="-0.308738">
        <ele>1112.7</ele>
      </trkpt>
      <trkpt lat="42.68389" lon="-0.308869">
        <ele>1112.7</ele>
      </trkpt>
      <trkpt lat="42.683792" lon="-0.309033">
        <ele>1112.4</ele>
      </trkpt>
      <trkpt lat="42.683711" lon="-0.309151">
        <ele>1112.6</ele>
      </trkpt>
      <trkpt lat="42.683617" lon="-0.309254">
        <ele>1114</ele>
      </trkpt>
      <trkpt lat="42.683502" lon="-0.309347">
        <ele>1116.4</ele>
      </trkpt>
      <trkpt lat="42.68339" lon="-0.309457">
        <ele>1118.5</ele>
      </trkpt>
      <trkpt lat="42.683302" lon="-0.309556">
        <ele>1120.1</ele>
      </trkpt>
      <trkpt lat="42.683249" lon="-0.309679">
        <ele>1120.7</ele>
      </trkpt>
      <trkpt lat="42.683229" lon="-0.309819">
        <ele>1120</ele>
      </trkpt>
      <trkpt lat="42.683242" lon="-0.309965">
        <ele>1118.1</ele>
      </trkpt>
      <trkpt lat="42.683271" lon="-0.310082">
        <ele>1115.9</ele>
      </trkpt>
      <trkpt lat="42.68328" lon="-0.310217">
        <ele>1114.3</ele>
      </trkpt>
      <trkpt lat="42.68325" lon="-0.310411">
        <ele>1113.5</ele>
      </trkpt>
      <trkpt lat="42.683215" lon="-0.31059">
        <ele>1112.8</ele>
      </trkpt>
      <trkpt lat="42.683165" lon="-0.310794">
        <ele>1112.4</ele>
      </trkpt>
      <trkpt lat="42.683128" lon="-0.310961">
        <ele>1111.9</ele>
      </trkpt>
      <trkpt lat="42.683065" lon="-0.311187">
        <ele>1111.7</ele>
      </trkpt>
      <trkpt lat="42.683016" lon="-0.311347">
        <ele>1111</ele>
      </trkpt>
      <trkpt lat="42.682996" lon="-0.311486">
        <ele>1109.1</ele>
      </trkpt>
      <trkpt lat="42.68302" lon="-0.311647">
        <ele>1105.6</ele>
      </trkpt>
      <trkpt lat="42.683083" lon="-0.31183">
        <ele>1100.8</ele>
      </trkpt>
      <trkpt lat="42.683118" lon="-0.311993">
        <ele>1097.3</ele>
      </trkpt>
      <trkpt lat="42.683132" lon="-0.312123">
        <ele>1094.8</ele>
      </trkpt>
      <trkpt lat="42.683109" lon="-0.312318">
        <ele>1091.5</ele>
      </trkpt>
      <trkpt lat="42.683068" lon="-0.312526">
        <ele>1088</ele>
      </trkpt>
      <trkpt lat="42.683007" lon="-0.312669">
        <ele>1085.7</ele>
      </trkpt>
      <trkpt lat="42.682927" lon="-0.31286">
        <ele>1082.2</ele>
      </trkpt>
      <trkpt lat="42.682859" lon="-0.312987">
        <ele>1080.2</ele>
      </trkpt>
      <trkpt lat="42.682782" lon="-0.313066">
        <ele>1079.3</ele>
      </trkpt>
      <trkpt lat="42.682693" lon="-0.313129">
        <ele>1078.8</ele>
      </trkpt>
      <trkpt lat="42.682619" lon="-0.313149">
        <ele>1078.9</ele>
      </trkpt>
      <trkpt lat="42.682477" lon="-0.31316">
        <ele>1079.5</ele>
      </trkpt>
      <trkpt lat="42.682381" lon="-0.313175">
        <ele>1079.9</ele>
      </trkpt>
      <trkpt lat="42.682241" lon="-0.313205">
        <ele>1080.2</ele>
      </trkpt>
      <trkpt lat="42.682135" lon="-0.313274">
        <ele>1079.7</ele>
      </trkpt>
      <trkpt lat="42.682059" lon="-0.313354">
        <ele>1079.1</ele>
      </trkpt>
      <trkpt lat="42.681989" lon="-0.31346">
        <ele>1078.8</ele>
      </trkpt>
      <trkpt lat="42.681901" lon="-0.313636">
        <ele>1077.9</ele>
      </trkpt>
      <trkpt lat="42.681822" lon="-0.313808">
        <ele>1076.9</ele>
      </trkpt>
      <trkpt lat="42.681765" lon="-0.313885">
        <ele>1076.8</ele>
      </trkpt>
      <trkpt lat="42.68171" lon="-0.313953">
        <ele>1076.5</ele>
      </trkpt>
      <trkpt lat="42.681615" lon="-0.313957">
        <ele>1078.2</ele>
      </trkpt>
      <trkpt lat="42.681533" lon="-0.313962">
        <ele>1079.6</ele>
      </trkpt>
      <trkpt lat="42.681462" lon="-0.314037">
        <ele>1079.1</ele>
      </trkpt>
      <trkpt lat="42.681423" lon="-0.31414">
        <ele>1077.2</ele>
      </trkpt>
      <trkpt lat="42.681373" lon="-0.314313">
        <ele>1073.4</ele>
      </trkpt>
      <trkpt lat="42.681331" lon="-0.314427">
        <ele>1070.8</ele>
      </trkpt>
      <trkpt lat="42.681286" lon="-0.314476">
        <ele>1069.8</ele>
      </trkpt>
      <trkpt lat="42.681203" lon="-0.314532">
        <ele>1068.3</ele>
      </trkpt>
      <trkpt lat="42.681129" lon="-0.314543">
        <ele>1067.8</ele>
      </trkpt>
      <trkpt lat="42.681057" lon="-0.314596">
        <ele>1066.1</ele>
      </trkpt>
      <trkpt lat="42.680974" lon="-0.314707">
        <ele>1063.3</ele>
      </trkpt>
      <trkpt lat="42.6809" lon="-0.314772">
        <ele>1061</ele>
      </trkpt>
      <trkpt lat="42.68079" lon="-0.314874">
        <ele>1056.6</ele>
      </trkpt>
      <trkpt lat="42.680757" lon="-0.314959">
        <ele>1053.3</ele>
      </trkpt>
      <trkpt lat="42.680793" lon="-0.315069">
        <ele>1050.8</ele>
      </trkpt>
      <trkpt lat="42.680877" lon="-0.315258">
        <ele>1047.9</ele>
      </trkpt>
      <trkpt lat="42.680949" lon="-0.315467">
        <ele>1048.1</ele>
      </trkpt>
      <trkpt lat="42.680983" lon="-0.315659">
        <ele>1054.9</ele>
      </trkpt>
      <trkpt lat="42.681006" lon="-0.315888">
        <ele>1062.1</ele>
      </trkpt>
      <trkpt lat="42.680997" lon="-0.316111">
        <ele>1068</ele>
      </trkpt>
      <trkpt lat="42.680962" lon="-0.316329">
        <ele>1074.5</ele>
      </trkpt>
      <trkpt lat="42.6809" lon="-0.316518">
        <ele>1082.3</ele>
      </trkpt>
      <trkpt lat="42.680836" lon="-0.31668">
        <ele>1089.6</ele>
      </trkpt>
      <trkpt lat="42.680752" lon="-0.316816">
        <ele>1096.1</ele>
      </trkpt>
      <trkpt lat="42.680685" lon="-0.316904">
        <ele>1100.7</ele>
      </trkpt>
      <trkpt lat="42.68063" lon="-0.316993">
        <ele>1106</ele>
      </trkpt>
      <trkpt lat="42.680585" lon="-0.317143">
        <ele>1112.9</ele>
      </trkpt>
      <trkpt lat="42.680551" lon="-0.3173">
        <ele>1116</ele>
      </trkpt>
      <trkpt lat="42.680556" lon="-0.31741">
        <ele>1118</ele>
      </trkpt>
      <trkpt lat="42.680612" lon="-0.31754">
        <ele>1120.4</ele>
      </trkpt>
      <trkpt lat="42.680727" lon="-0.317649">
        <ele>1122.2</ele>
      </trkpt>
      <trkpt lat="42.681073" lon="-0.317793">
        <ele>1124.2</ele>
      </trkpt>
      <trkpt lat="42.681245" lon="-0.317855">
        <ele>1124.9</ele>
      </trkpt>
      <trkpt lat="42.681428" lon="-0.317931">
        <ele>1119.3</ele>
      </trkpt>
      <trkpt lat="42.681526" lon="-0.317986">
        <ele>1115.9</ele>
      </trkpt>
      <trkpt lat="42.681613" lon="-0.31804">
        <ele>1113.1</ele>
      </trkpt>
      <trkpt lat="42.681693" lon="-0.318132">
        <ele>1111</ele>
      </trkpt>
      <trkpt lat="42.681755" lon="-0.318233">
        <ele>1109.8</ele>
      </trkpt>
      <trkpt lat="42.681809" lon="-0.318394">
        <ele>1109.7</ele>
      </trkpt>
      <trkpt lat="42.681848" lon="-0.318579">
        <ele>1110.6</ele>
      </trkpt>
      <trkpt lat="42.681899" lon="-0.318831">
        <ele>1111.2</ele>
      </trkpt>
      <trkpt lat="42.681937" lon="-0.318988">
        <ele>1110.6</ele>
      </trkpt>
      <trkpt lat="42.682021" lon="-0.31931">
        <ele>1109.4</ele>
      </trkpt>
      <trkpt lat="42.682117" lon="-0.319622">
        <ele>1108.3</ele>
      </trkpt>
      <trkpt lat="42.682193" lon="-0.319832">
        <ele>1107.2</ele>
      </trkpt>
      <trkpt lat="42.682304" lon="-0.320134">
        <ele>1105.9</ele>
      </trkpt>
      <trkpt lat="42.68235" lon="-0.320235">
        <ele>1105.4</ele>
      </trkpt>
      <trkpt lat="42.682408" lon="-0.320346">
        <ele>1104.8</ele>
      </trkpt>
      <trkpt lat="42.682524" lon="-0.320509">
        <ele>1104.2</ele>
      </trkpt>
      <trkpt lat="42.682595" lon="-0.320618">
        <ele>1104.2</ele>
      </trkpt>
      <trkpt lat="42.682626" lon="-0.32071">
        <ele>1104.8</ele>
      </trkpt>
      <trkpt lat="42.682632" lon="-0.320813">
        <ele>1105.9</ele>
      </trkpt>
      <trkpt lat="42.682541" lon="-0.320867">
        <ele>1108.4</ele>
      </trkpt>
      <trkpt lat="42.682404" lon="-0.320844">
        <ele>1110.8</ele>
      </trkpt>
      <trkpt lat="42.68224" lon="-0.32081">
        <ele>1113.6</ele>
      </trkpt>
      <trkpt lat="42.682012" lon="-0.320798">
        <ele>1116.7</ele>
      </trkpt>
      <trkpt lat="42.681751" lon="-0.320774">
        <ele>1117.2</ele>
      </trkpt>
      <trkpt lat="42.681445" lon="-0.320753">
        <ele>1118</ele>
      </trkpt>
      <trkpt lat="42.681326" lon="-0.320762">
        <ele>1118.4</ele>
      </trkpt>
      <trkpt lat="42.681159" lon="-0.320809">
        <ele>1118.9</ele>
      </trkpt>
      <trkpt lat="42.681043" lon="-0.320837">
        <ele>1119.1</ele>
      </trkpt>
      <trkpt lat="42.680905" lon="-0.320895">
        <ele>1119.4</ele>
      </trkpt>
      <trkpt lat="42.680734" lon="-0.320985">
        <ele>1119.7</ele>
      </trkpt>
      <trkpt lat="42.680602" lon="-0.321037">
        <ele>1119.8</ele>
      </trkpt>
      <trkpt lat="42.680468" lon="-0.321095">
        <ele>1119.8</ele>
      </trkpt>
      <trkpt lat="42.680372" lon="-0.321124">
        <ele>1119.7</ele>
      </trkpt>
      <trkpt lat="42.680249" lon="-0.321141">
        <ele>1119.3</ele>
      </trkpt>
      <trkpt lat="42.680127" lon="-0.321151">
        <ele>1118.9</ele>
      </trkpt>
      <trkpt lat="42.680045" lon="-0.321152">
        <ele>1118.7</ele>
      </trkpt>
      <trkpt lat="42.679933" lon="-0.321148">
        <ele>1118.3</ele>
      </trkpt>
      <trkpt lat="42.679817" lon="-0.321125">
        <ele>1117.8</ele>
      </trkpt>
      <trkpt lat="42.679628" lon="-0.321095">
        <ele>1116.9</ele>
      </trkpt>
      <trkpt lat="42.679366" lon="-0.321043">
        <ele>1115.2</ele>
      </trkpt>
      <trkpt lat="42.679201" lon="-0.321016">
        <ele>1114.1</ele>
      </trkpt>
      <trkpt lat="42.679015" lon="-0.32098">
        <ele>1112.6</ele>
      </trkpt>
      <trkpt lat="42.678896" lon="-0.320958">
        <ele>1111.6</ele>
      </trkpt>
      <trkpt lat="42.678605" lon="-0.320913">
        <ele>1109</ele>
      </trkpt>
      <trkpt lat="42.678424" lon="-0.32088">
        <ele>1107.2</ele>
      </trkpt>
      <trkpt lat="42.678218" lon="-0.320848">
        <ele>1105.3</ele>
      </trkpt>
      <trkpt lat="42.678024" lon="-0.320829">
        <ele>1103.6</ele>
      </trkpt>
      <trkpt lat="42.677833" lon="-0.320829">
        <ele>1101.1</ele>
      </trkpt>
      <trkpt lat="42.677687" lon="-0.32084">
        <ele>1098</ele>
      </trkpt>
      <trkpt lat="42.67757" lon="-0.32086">
        <ele>1095.7</ele>
      </trkpt>
      <trkpt lat="42.67745" lon="-0.320893">
        <ele>1093.4</ele>
      </trkpt>
      <trkpt lat="42.677326" lon="-0.320956">
        <ele>1091.1</ele>
      </trkpt>
      <trkpt lat="42.677198" lon="-0.321055">
        <ele>1088.8</ele>
      </trkpt>
      <trkpt lat="42.677106" lon="-0.321142">
        <ele>1087</ele>
      </trkpt>
      <trkpt lat="42.677017" lon="-0.321243">
        <ele>1084.3</ele>
      </trkpt>
      <trkpt lat="42.67692" lon="-0.321385">
        <ele>1081.7</ele>
      </trkpt>
      <trkpt lat="42.676785" lon="-0.321619">
        <ele>1079.3</ele>
      </trkpt>
      <trkpt lat="42.676693" lon="-0.321804">
        <ele>1078.9</ele>
      </trkpt>
      <trkpt lat="42.676607" lon="-0.321969">
        <ele>1079</ele>
      </trkpt>
      <trkpt lat="42.676522" lon="-0.32212">
        <ele>1080.1</ele>
      </trkpt>
      <trkpt lat="42.676423" lon="-0.322253">
        <ele>1082.8</ele>
      </trkpt>
      <trkpt lat="42.676337" lon="-0.322367">
        <ele>1085.7</ele>
      </trkpt>
      <trkpt lat="42.67617" lon="-0.322505">
        <ele>1089.8</ele>
      </trkpt>
      <trkpt lat="42.676018" lon="-0.322588">
        <ele>1092.6</ele>
      </trkpt>
      <trkpt lat="42.675832" lon="-0.322646">
        <ele>1094.5</ele>
      </trkpt>
      <trkpt lat="42.675686" lon="-0.322662">
        <ele>1094.7</ele>
      </trkpt>
      <trkpt lat="42.675476" lon="-0.322698">
        <ele>1095.9</ele>
      </trkpt>
      <trkpt lat="42.675303" lon="-0.322704">
        <ele>1096.4</ele>
      </trkpt>
      <trkpt lat="42.675065" lon="-0.322729">
        <ele>1098.7</ele>
      </trkpt>
      <trkpt lat="42.674851" lon="-0.322742">
        <ele>1100.3</ele>
      </trkpt>
      <trkpt lat="42.674727" lon="-0.322749">
        <ele>1101.2</ele>
      </trkpt>
      <trkpt lat="42.674558" lon="-0.322751">
        <ele>1101.9</ele>
      </trkpt>
      <trkpt lat="42.674394" lon="-0.322734">
        <ele>1101</ele>
      </trkpt>
      <trkpt lat="42.674297" lon="-0.322726">
        <ele>1100.5</ele>
      </trkpt>
      <trkpt lat="42.674104" lon="-0.3227">
        <ele>1098.8</ele>
      </trkpt>
      <trkpt lat="42.673933" lon="-0.322673">
        <ele>1096.9</ele>
      </trkpt>
      <trkpt lat="42.673805" lon="-0.322651">
        <ele>1095.3</ele>
      </trkpt>
      <trkpt lat="42.673659" lon="-0.322626">
        <ele>1093.3</ele>
      </trkpt>
      <trkpt lat="42.673483" lon="-0.322598">
        <ele>1091</ele>
      </trkpt>
      <trkpt lat="42.673297" lon="-0.322587">
        <ele>1089.8</ele>
      </trkpt>
      <trkpt lat="42.673118" lon="-0.322588">
        <ele>1089.6</ele>
      </trkpt>
      <trkpt lat="42.672926" lon="-0.322607">
        <ele>1090.9</ele>
      </trkpt>
      <trkpt lat="42.672802" lon="-0.322625">
        <ele>1091.1</ele>
      </trkpt>
      <trkpt lat="42.672477" lon="-0.322653">
        <ele>1089.6</ele>
      </trkpt>
      <trkpt lat="42.672309" lon="-0.322677">
        <ele>1089.6</ele>
      </trkpt>
      <trkpt lat="42.672178" lon="-0.322684">
        <ele>1088.6</ele>
      </trkpt>
      <trkpt lat="42.672014" lon="-0.322687">
        <ele>1087.3</ele>
      </trkpt>
      <trkpt lat="42.671888" lon="-0.322665">
        <ele>1084.9</ele>
      </trkpt>
      <trkpt lat="42.671711" lon="-0.322611">
        <ele>1080.2</ele>
      </trkpt>
      <trkpt lat="42.671587" lon="-0.322564">
        <ele>1076.5</ele>
      </trkpt>
      <trkpt lat="42.671425" lon="-0.322499">
        <ele>1071.7</ele>
      </trkpt>
      <trkpt lat="42.671235" lon="-0.322413">
        <ele>1065.7</ele>
      </trkpt>
      <trkpt lat="42.67113" lon="-0.322388">
        <ele>1062.5</ele>
      </trkpt>
      <trkpt lat="42.670994" lon="-0.322348">
        <ele>1057.8</ele>
      </trkpt>
      <trkpt lat="42.670866" lon="-0.322326">
        <ele>1054.1</ele>
      </trkpt>
      <trkpt lat="42.670739" lon="-0.322332">
        <ele>1052.3</ele>
      </trkpt>
      <trkpt lat="42.670629" lon="-0.322358">
        <ele>1051.9</ele>
      </trkpt>
      <trkpt lat="42.670525" lon="-0.322389">
        <ele>1052</ele>
      </trkpt>
      <trkpt lat="42.670374" lon="-0.32243">
        <ele>1052.8</ele>
      </trkpt>
      <trkpt lat="42.670174" lon="-0.322494">
        <ele>1057.8</ele>
      </trkpt>
      <trkpt lat="42.669999" lon="-0.322541">
        <ele>1061.7</ele>
      </trkpt>
      <trkpt lat="42.669844" lon="-0.322569">
        <ele>1064.4</ele>
      </trkpt>
      <trkpt lat="42.669691" lon="-0.322586">
        <ele>1066.4</ele>
      </trkpt>
      <trkpt lat="42.669528" lon="-0.32257">
        <ele>1066.9</ele>
      </trkpt>
      <trkpt lat="42.669399" lon="-0.322543">
        <ele>1067.6</ele>
      </trkpt>
      <trkpt lat="42.669277" lon="-0.322509">
        <ele>1067.7</ele>
      </trkpt>
      <trkpt lat="42.669162" lon="-0.322446">
        <ele>1065.7</ele>
      </trkpt>
      <trkpt lat="42.66899" lon="-0.322352">
        <ele>1062.9</ele>
      </trkpt>
      <trkpt lat="42.668815" lon="-0.322232">
        <ele>1058.5</ele>
      </trkpt>
      <trkpt lat="42.668591" lon="-0.322064">
        <ele>1046.9</ele>
      </trkpt>
      <trkpt lat="42.668471" lon="-0.321973">
        <ele>1041.2</ele>
      </trkpt>
      <trkpt lat="42.668349" lon="-0.32189">
        <ele>1036.2</ele>
      </trkpt>
      <trkpt lat="42.668218" lon="-0.321832">
        <ele>1032.4</ele>
      </trkpt>
      <trkpt lat="42.668095" lon="-0.321777">
        <ele>1029.1</ele>
      </trkpt>
      <trkpt lat="42.667962" lon="-0.321759">
        <ele>1027.1</ele>
      </trkpt>
      <trkpt lat="42.667797" lon="-0.321774">
        <ele>1025.3</ele>
      </trkpt>
      <trkpt lat="42.667634" lon="-0.321801">
        <ele>1023.5</ele>
      </trkpt>
      <trkpt lat="42.66752" lon="-0.321837">
        <ele>1022.9</ele>
      </trkpt>
      <trkpt lat="42.66717" lon="-0.321928">
        <ele>1020.2</ele>
      </trkpt>
      <trkpt lat="42.666967" lon="-0.321981">
        <ele>1018.3</ele>
      </trkpt>
      <trkpt lat="42.666815" lon="-0.322035">
        <ele>1017</ele>
      </trkpt>
      <trkpt lat="42.666524" lon="-0.322122">
        <ele>1014.3</ele>
      </trkpt>
      <trkpt lat="42.666337" lon="-0.322169">
        <ele>1012.5</ele>
      </trkpt>
      <trkpt lat="42.666167" lon="-0.32223">
        <ele>1011.1</ele>
      </trkpt>
      <trkpt lat="42.665964" lon="-0.322297">
        <ele>1008.9</ele>
      </trkpt>
      <trkpt lat="42.665784" lon="-0.322364">
        <ele>1007.4</ele>
      </trkpt>
      <trkpt lat="42.665599" lon="-0.322439">
        <ele>1006.4</ele>
      </trkpt>
      <trkpt lat="42.665473" lon="-0.322482">
        <ele>1005.5</ele>
      </trkpt>
      <trkpt lat="42.665344" lon="-0.322523">
        <ele>1005.1</ele>
      </trkpt>
      <trkpt lat="42.665232" lon="-0.322575">
        <ele>1006</ele>
      </trkpt>
      <trkpt lat="42.665075" lon="-0.322638">
        <ele>1006.9</ele>
      </trkpt>
      <trkpt lat="42.664944" lon="-0.32269">
        <ele>1007.5</ele>
      </trkpt>
      <trkpt lat="42.664813" lon="-0.32274">
        <ele>1008</ele>
      </trkpt>
      <trkpt lat="42.664704" lon="-0.322795">
        <ele>1009</ele>
      </trkpt>
      <trkpt lat="42.664589" lon="-0.322839">
        <ele>1009.5</ele>
      </trkpt>
      <trkpt lat="42.664454" lon="-0.322899">
        <ele>1008.4</ele>
      </trkpt>
      <trkpt lat="42.664262" lon="-0.322967">
        <ele>1006.7</ele>
      </trkpt>
      <trkpt lat="42.664018" lon="-0.323073">
        <ele>1005.3</ele>
      </trkpt>
      <trkpt lat="42.663845" lon="-0.323135">
        <ele>1002.7</ele>
      </trkpt>
      <trkpt lat="42.663634" lon="-0.323248">
        <ele>1002.2</ele>
      </trkpt>
      <trkpt lat="42.663446" lon="-0.323338">
        <ele>1001.9</ele>
      </trkpt>
      <trkpt lat="42.663248" lon="-0.323444">
        <ele>1001.5</ele>
      </trkpt>
      <trkpt lat="42.663058" lon="-0.323551">
        <ele>1000.9</ele>
      </trkpt>
      <trkpt lat="42.662941" lon="-0.323616">
        <ele>1000.3</ele>
      </trkpt>
      <trkpt lat="42.66277" lon="-0.3237">
        <ele>1000.5</ele>
      </trkpt>
      <trkpt lat="42.662661" lon="-0.323752">
        <ele>1000.5</ele>
      </trkpt>
      <trkpt lat="42.662485" lon="-0.323827">
        <ele>1001</ele>
      </trkpt>
      <trkpt lat="42.662412" lon="-0.323857">
        <ele>1001.1</ele>
      </trkpt>
      <trkpt lat="42.662261" lon="-0.323917">
        <ele>1001.2</ele>
      </trkpt>
      <trkpt lat="42.662098" lon="-0.323948">
        <ele>999.6</ele>
      </trkpt>
      <trkpt lat="42.661974" lon="-0.323958">
        <ele>998.3</ele>
      </trkpt>
      <trkpt lat="42.661823" lon="-0.323956">
        <ele>996.1</ele>
      </trkpt>
      <trkpt lat="42.6617" lon="-0.323948">
        <ele>994.2</ele>
      </trkpt>
      <trkpt lat="42.661555" lon="-0.323925">
        <ele>991.5</ele>
      </trkpt>
      <trkpt lat="42.661379" lon="-0.323887">
        <ele>988.1</ele>
      </trkpt>
      <trkpt lat="42.661154" lon="-0.323847">
        <ele>986</ele>
      </trkpt>
      <trkpt lat="42.660907" lon="-0.323817">
        <ele>986.2</ele>
      </trkpt>
      <trkpt lat="42.660743" lon="-0.323798">
        <ele>986.5</ele>
      </trkpt>
      <trkpt lat="42.660566" lon="-0.323785">
        <ele>987</ele>
      </trkpt>
      <trkpt lat="42.660395" lon="-0.323799">
        <ele>988.2</ele>
      </trkpt>
      <trkpt lat="42.660289" lon="-0.323815">
        <ele>990.1</ele>
      </trkpt>
      <trkpt lat="42.660171" lon="-0.323829">
        <ele>992.2</ele>
      </trkpt>
      <trkpt lat="42.659979" lon="-0.323879">
        <ele>996.6</ele>
      </trkpt>
      <trkpt lat="42.659727" lon="-0.323928">
        <ele>1002.4</ele>
      </trkpt>
      <trkpt lat="42.659551" lon="-0.323948">
        <ele>1006.5</ele>
      </trkpt>
      <trkpt lat="42.659472" lon="-0.323943">
        <ele>1008.3</ele>
      </trkpt>
      <trkpt lat="42.659361" lon="-0.323932">
        <ele>1010.7</ele>
      </trkpt>
      <trkpt lat="42.659222" lon="-0.323894">
        <ele>1013</ele>
      </trkpt>
      <trkpt lat="42.659117" lon="-0.323842">
        <ele>1014</ele>
      </trkpt>
      <trkpt lat="42.659009" lon="-0.32377">
        <ele>1014.5</ele>
      </trkpt>
      <trkpt lat="42.658839" lon="-0.323636">
        <ele>1014</ele>
      </trkpt>
      <trkpt lat="42.658686" lon="-0.323491">
        <ele>1014.8</ele>
      </trkpt>
      <trkpt lat="42.658563" lon="-0.323384">
        <ele>1018.4</ele>
      </trkpt>
      <trkpt lat="42.658369" lon="-0.323209">
        <ele>1024.1</ele>
      </trkpt>
      <trkpt lat="42.658213" lon="-0.323066">
        <ele>1028.9</ele>
      </trkpt>
      <trkpt lat="42.658106" lon="-0.322973">
        <ele>1032.5</ele>
      </trkpt>
      <trkpt lat="42.658014" lon="-0.322881">
        <ele>1035.1</ele>
      </trkpt>
      <trkpt lat="42.657923" lon="-0.322784">
        <ele>1037.2</ele>
      </trkpt>
      <trkpt lat="42.657845" lon="-0.322681">
        <ele>1038.5</ele>
      </trkpt>
      <trkpt lat="42.657784" lon="-0.322581">
        <ele>1038.9</ele>
      </trkpt>
      <trkpt lat="42.657738" lon="-0.322509">
        <ele>1039.3</ele>
      </trkpt>
      <trkpt lat="42.657683" lon="-0.322392">
        <ele>1038.8</ele>
      </trkpt>
      <trkpt lat="42.657608" lon="-0.322246">
        <ele>1038.6</ele>
      </trkpt>
      <trkpt lat="42.657543" lon="-0.322076">
        <ele>1036.9</ele>
      </trkpt>
      <trkpt lat="42.657496" lon="-0.321872">
        <ele>1031.8</ele>
      </trkpt>
      <trkpt lat="42.65745" lon="-0.321664">
        <ele>1026.4</ele>
      </trkpt>
      <trkpt lat="42.657414" lon="-0.321454">
        <ele>1020.1</ele>
      </trkpt>
      <trkpt lat="42.657381" lon="-0.321253">
        <ele>1014</ele>
      </trkpt>
      <trkpt lat="42.657337" lon="-0.321019">
        <ele>1010.6</ele>
      </trkpt>
      <trkpt lat="42.657298" lon="-0.320837">
        <ele>1008.3</ele>
      </trkpt>
      <trkpt lat="42.657248" lon="-0.320646">
        <ele>1006.3</ele>
      </trkpt>
      <trkpt lat="42.65716" lon="-0.320437">
        <ele>1006.4</ele>
      </trkpt>
      <trkpt lat="42.657075" lon="-0.320276">
        <ele>1004.7</ele>
      </trkpt>
      <trkpt lat="42.656971" lon="-0.320137">
        <ele>999.4</ele>
      </trkpt>
      <trkpt lat="42.656861" lon="-0.320022">
        <ele>995.4</ele>
      </trkpt>
      <trkpt lat="42.656738" lon="-0.319903">
        <ele>991.5</ele>
      </trkpt>
      <trkpt lat="42.656616" lon="-0.319813">
        <ele>989</ele>
      </trkpt>
      <trkpt lat="42.656409" lon="-0.319693">
        <ele>986.5</ele>
      </trkpt>
      <trkpt lat="42.6563" lon="-0.319643">
        <ele>985.8</ele>
      </trkpt>
      <trkpt lat="42.656101" lon="-0.319572">
        <ele>982.9</ele>
      </trkpt>
      <trkpt lat="42.655935" lon="-0.31953">
        <ele>980.7</ele>
      </trkpt>
      <trkpt lat="42.655664" lon="-0.319502">
        <ele>978.6</ele>
      </trkpt>
      <trkpt lat="42.65545" lon="-0.31951">
        <ele>977.9</ele>
      </trkpt>
      <trkpt lat="42.655297" lon="-0.319533">
        <ele>977.5</ele>
      </trkpt>
      <trkpt lat="42.655094" lon="-0.319582">
        <ele>977.3</ele>
      </trkpt>
      <trkpt lat="42.654919" lon="-0.319635">
        <ele>978.2</ele>
      </trkpt>
      <trkpt lat="42.654729" lon="-0.3197">
        <ele>979.7</ele>
      </trkpt>
      <trkpt lat="42.654547" lon="-0.319757">
        <ele>981.6</ele>
      </trkpt>
      <trkpt lat="42.654378" lon="-0.319809">
        <ele>985.2</ele>
      </trkpt>
      <trkpt lat="42.654247" lon="-0.319843">
        <ele>987.6</ele>
      </trkpt>
      <trkpt lat="42.654108" lon="-0.319863">
        <ele>989.5</ele>
      </trkpt>
      <trkpt lat="42.653945" lon="-0.31988">
        <ele>991.4</ele>
      </trkpt>
      <trkpt lat="42.653773" lon="-0.319888">
        <ele>992.9</ele>
      </trkpt>
      <trkpt lat="42.653599" lon="-0.31988">
        <ele>992.5</ele>
      </trkpt>
      <trkpt lat="42.653411" lon="-0.319869">
        <ele>991.8</ele>
      </trkpt>
      <trkpt lat="42.653185" lon="-0.319845">
        <ele>990.3</ele>
      </trkpt>
      <trkpt lat="42.652966" lon="-0.319834">
        <ele>989.3</ele>
      </trkpt>
      <trkpt lat="42.652777" lon="-0.319828">
        <ele>988.3</ele>
      </trkpt>
      <trkpt lat="42.652607" lon="-0.319836">
        <ele>988</ele>
      </trkpt>
      <trkpt lat="42.652447" lon="-0.319841">
        <ele>987.6</ele>
      </trkpt>
      <trkpt lat="42.652242" lon="-0.319849">
        <ele>987.1</ele>
      </trkpt>
      <trkpt lat="42.652069" lon="-0.319845">
        <ele>986.4</ele>
      </trkpt>
      <trkpt lat="42.651959" lon="-0.319821">
        <ele>987.1</ele>
      </trkpt>
      <trkpt lat="42.651804" lon="-0.319769">
        <ele>987.3</ele>
      </trkpt>
      <trkpt lat="42.651675" lon="-0.3197">
        <ele>986.2</ele>
      </trkpt>
      <trkpt lat="42.651514" lon="-0.319591">
        <ele>984</ele>
      </trkpt>
      <trkpt lat="42.651355" lon="-0.319442">
        <ele>981.3</ele>
      </trkpt>
      <trkpt lat="42.651206" lon="-0.319326">
        <ele>978.6</ele>
      </trkpt>
      <trkpt lat="42.650987" lon="-0.319163">
        <ele>970.8</ele>
      </trkpt>
      <trkpt lat="42.650799" lon="-0.319092">
        <ele>966.8</ele>
      </trkpt>
      <trkpt lat="42.650589" lon="-0.319054">
        <ele>963.9</ele>
      </trkpt>
      <trkpt lat="42.650403" lon="-0.319069">
        <ele>963.1</ele>
      </trkpt>
      <trkpt lat="42.650269" lon="-0.319104">
        <ele>961.2</ele>
      </trkpt>
      <trkpt lat="42.650161" lon="-0.319157">
        <ele>960.5</ele>
      </trkpt>
      <trkpt lat="42.649984" lon="-0.319248">
        <ele>959.2</ele>
      </trkpt>
      <trkpt lat="42.649834" lon="-0.319338">
        <ele>958.1</ele>
      </trkpt>
      <trkpt lat="42.649621" lon="-0.31947">
        <ele>955.9</ele>
      </trkpt>
      <trkpt lat="42.64941" lon="-0.319594">
        <ele>953.5</ele>
      </trkpt>
      <trkpt lat="42.649184" lon="-0.319741">
        <ele>952.9</ele>
      </trkpt>
      <trkpt lat="42.649022" lon="-0.319848">
        <ele>952</ele>
      </trkpt>
      <trkpt lat="42.648913" lon="-0.319926">
        <ele>951.3</ele>
      </trkpt>
      <trkpt lat="42.648768" lon="-0.320029">
        <ele>950.1</ele>
      </trkpt>
      <trkpt lat="42.648676" lon="-0.320104">
        <ele>949.4</ele>
      </trkpt>
      <trkpt lat="42.648541" lon="-0.320222">
        <ele>948.3</ele>
      </trkpt>
      <trkpt lat="42.648359" lon="-0.320414">
        <ele>947</ele>
      </trkpt>
      <trkpt lat="42.648223" lon="-0.320557">
        <ele>948</ele>
      </trkpt>
      <trkpt lat="42.648071" lon="-0.320734">
        <ele>950.1</ele>
      </trkpt>
      <trkpt lat="42.647968" lon="-0.320848">
        <ele>951.3</ele>
      </trkpt>
      <trkpt lat="42.647772" lon="-0.321074">
        <ele>954.1</ele>
      </trkpt>
      <trkpt lat="42.647617" lon="-0.321244">
        <ele>955.2</ele>
      </trkpt>
      <trkpt lat="42.647479" lon="-0.32138">
        <ele>955.8</ele>
      </trkpt>
      <trkpt lat="42.647312" lon="-0.321512">
        <ele>955.4</ele>
      </trkpt>
      <trkpt lat="42.647162" lon="-0.321626">
        <ele>955</ele>
      </trkpt>
      <trkpt lat="42.647082" lon="-0.321683">
        <ele>954.8</ele>
      </trkpt>
      <trkpt lat="42.646962" lon="-0.321768">
        <ele>953.6</ele>
      </trkpt>
      <trkpt lat="42.646783" lon="-0.321887">
        <ele>950.4</ele>
      </trkpt>
      <trkpt lat="42.646638" lon="-0.321971">
        <ele>946.6</ele>
      </trkpt>
      <trkpt lat="42.64648" lon="-0.322081">
        <ele>942.3</ele>
      </trkpt>
      <trkpt lat="42.646331" lon="-0.322194">
        <ele>939.8</ele>
      </trkpt>
      <trkpt lat="42.646242" lon="-0.32226">
        <ele>938.4</ele>
      </trkpt>
      <trkpt lat="42.646154" lon="-0.322348">
        <ele>939.4</ele>
      </trkpt>
      <trkpt lat="42.646016" lon="-0.322535">
        <ele>942.2</ele>
      </trkpt>
      <trkpt lat="42.645924" lon="-0.322679">
        <ele>944.1</ele>
      </trkpt>
      <trkpt lat="42.645821" lon="-0.322837">
        <ele>945.3</ele>
      </trkpt>
      <trkpt lat="42.6457" lon="-0.32303">
        <ele>950.6</ele>
      </trkpt>
      <trkpt lat="42.645632" lon="-0.323133">
        <ele>954.6</ele>
      </trkpt>
      <trkpt lat="42.645523" lon="-0.323281">
        <ele>959.4</ele>
      </trkpt>
      <trkpt lat="42.645456" lon="-0.323354">
        <ele>960.8</ele>
      </trkpt>
      <trkpt lat="42.645383" lon="-0.323418">
        <ele>962</ele>
      </trkpt>
      <trkpt lat="42.645254" lon="-0.323508">
        <ele>964</ele>
      </trkpt>
      <trkpt lat="42.64508" lon="-0.323599">
        <ele>963.6</ele>
      </trkpt>
      <trkpt lat="42.644897" lon="-0.323677">
        <ele>961.1</ele>
      </trkpt>
      <trkpt lat="42.644662" lon="-0.323769">
        <ele>956.2</ele>
      </trkpt>
      <trkpt lat="42.644426" lon="-0.323857">
        <ele>952.2</ele>
      </trkpt>
      <trkpt lat="42.644201" lon="-0.323934">
        <ele>948.7</ele>
      </trkpt>
      <trkpt lat="42.643999" lon="-0.323989">
        <ele>944.7</ele>
      </trkpt>
      <trkpt lat="42.643851" lon="-0.324035">
        <ele>941.7</ele>
      </trkpt>
      <trkpt lat="42.643573" lon="-0.324101">
        <ele>938.8</ele>
      </trkpt>
      <trkpt lat="42.643436" lon="-0.324129">
        <ele>938</ele>
      </trkpt>
      <trkpt lat="42.643286" lon="-0.324143">
        <ele>936.6</ele>
      </trkpt>
      <trkpt lat="42.643153" lon="-0.32413">
        <ele>934.7</ele>
      </trkpt>
      <trkpt lat="42.642979" lon="-0.324101">
        <ele>932</ele>
      </trkpt>
      <trkpt lat="42.642894" lon="-0.32407">
        <ele>931.2</ele>
      </trkpt>
      <trkpt lat="42.642757" lon="-0.324007">
        <ele>932.5</ele>
      </trkpt>
      <trkpt lat="42.642582" lon="-0.323933">
        <ele>934.2</ele>
      </trkpt>
      <trkpt lat="42.642444" lon="-0.323865">
        <ele>935.3</ele>
      </trkpt>
      <trkpt lat="42.642296" lon="-0.323789">
        <ele>936.2</ele>
      </trkpt>
      <trkpt lat="42.642138" lon="-0.323731">
        <ele>937.7</ele>
      </trkpt>
      <trkpt lat="42.642037" lon="-0.323705">
        <ele>936.9</ele>
      </trkpt>
      <trkpt lat="42.641892" lon="-0.323676">
        <ele>932.9</ele>
      </trkpt>
      <trkpt lat="42.64173" lon="-0.323691">
        <ele>929.4</ele>
      </trkpt>
      <trkpt lat="42.641589" lon="-0.323711">
        <ele>926.4</ele>
      </trkpt>
      <trkpt lat="42.641483" lon="-0.323743">
        <ele>924.5</ele>
      </trkpt>
      <trkpt lat="42.641379" lon="-0.323793">
        <ele>922.9</ele>
      </trkpt>
      <trkpt lat="42.641232" lon="-0.323883">
        <ele>921</ele>
      </trkpt>
      <trkpt lat="42.641136" lon="-0.323952">
        <ele>920.6</ele>
      </trkpt>
      <trkpt lat="42.641038" lon="-0.324032">
        <ele>920.2</ele>
      </trkpt>
      <trkpt lat="42.640953" lon="-0.324124">
        <ele>920.1</ele>
      </trkpt>
      <trkpt lat="42.640874" lon="-0.324204">
        <ele>919.7</ele>
      </trkpt>
      <trkpt lat="42.640766" lon="-0.324342">
        <ele>919.5</ele>
      </trkpt>
      <trkpt lat="42.640687" lon="-0.32443">
        <ele>919</ele>
      </trkpt>
      <trkpt lat="42.640583" lon="-0.324543">
        <ele>918.2</ele>
      </trkpt>
      <trkpt lat="42.640471" lon="-0.324682">
        <ele>918.1</ele>
      </trkpt>
      <trkpt lat="42.640331" lon="-0.324832">
        <ele>918.9</ele>
      </trkpt>
      <trkpt lat="42.640194" lon="-0.324957">
        <ele>919.7</ele>
      </trkpt>
      <trkpt lat="42.640045" lon="-0.325089">
        <ele>920.1</ele>
      </trkpt>
      <trkpt lat="42.639922" lon="-0.325172">
        <ele>919.8</ele>
      </trkpt>
      <trkpt lat="42.639811" lon="-0.325238">
        <ele>919.2</ele>
      </trkpt>
      <trkpt lat="42.639635" lon="-0.325342">
        <ele>918</ele>
      </trkpt>
      <trkpt lat="42.639502" lon="-0.325419">
        <ele>917.3</ele>
      </trkpt>
      <trkpt lat="42.639326" lon="-0.325527">
        <ele>917.7</ele>
      </trkpt>
      <trkpt lat="42.639195" lon="-0.325594">
        <ele>918.1</ele>
      </trkpt>
      <trkpt lat="42.639081" lon="-0.32567">
        <ele>919.2</ele>
      </trkpt>
      <trkpt lat="42.638976" lon="-0.325713">
        <ele>919.6</ele>
      </trkpt>
      <trkpt lat="42.638859" lon="-0.325785">
        <ele>921</ele>
      </trkpt>
      <trkpt lat="42.638759" lon="-0.325839">
        <ele>922.2</ele>
      </trkpt>
      <trkpt lat="42.638621" lon="-0.325902">
        <ele>924.3</ele>
      </trkpt>
      <trkpt lat="42.638484" lon="-0.325965">
        <ele>926.5</ele>
      </trkpt>
      <trkpt lat="42.638367" lon="-0.325996">
        <ele>927.8</ele>
      </trkpt>
      <trkpt lat="42.638223" lon="-0.326034">
        <ele>929.5</ele>
      </trkpt>
      <trkpt lat="42.638089" lon="-0.32606">
        <ele>930.8</ele>
      </trkpt>
      <trkpt lat="42.637878" lon="-0.326093">
        <ele>931.9</ele>
      </trkpt>
      <trkpt lat="42.637693" lon="-0.326113">
        <ele>929.5</ele>
      </trkpt>
      <trkpt lat="42.63748" lon="-0.326127">
        <ele>926.6</ele>
      </trkpt>
      <trkpt lat="42.637213" lon="-0.326143">
        <ele>923</ele>
      </trkpt>
      <trkpt lat="42.637058" lon="-0.326159">
        <ele>920.6</ele>
      </trkpt>
      <trkpt lat="42.636964" lon="-0.32617">
        <ele>917.3</ele>
      </trkpt>
      <trkpt lat="42.636814" lon="-0.32621">
        <ele>912.8</ele>
      </trkpt>
      <trkpt lat="42.636684" lon="-0.326275">
        <ele>909.8</ele>
      </trkpt>
      <trkpt lat="42.636564" lon="-0.326354">
        <ele>907.8</ele>
      </trkpt>
      <trkpt lat="42.63642" lon="-0.326456">
        <ele>905.7</ele>
      </trkpt>
      <trkpt lat="42.63633" lon="-0.326546">
        <ele>905.5</ele>
      </trkpt>
      <trkpt lat="42.636217" lon="-0.326663">
        <ele>906.2</ele>
      </trkpt>
      <trkpt lat="42.636038" lon="-0.326875">
        <ele>911</ele>
      </trkpt>
      <trkpt lat="42.635877" lon="-0.327043">
        <ele>914</ele>
      </trkpt>
      <trkpt lat="42.635768" lon="-0.327154">
        <ele>915.9</ele>
      </trkpt>
      <trkpt lat="42.635648" lon="-0.327247">
        <ele>917.1</ele>
      </trkpt>
      <trkpt lat="42.635524" lon="-0.327307">
        <ele>917</ele>
      </trkpt>
      <trkpt lat="42.635395" lon="-0.327348">
        <ele>916.4</ele>
      </trkpt>
      <trkpt lat="42.635243" lon="-0.327364">
        <ele>916.7</ele>
      </trkpt>
      <trkpt lat="42.635143" lon="-0.327375">
        <ele>916.9</ele>
      </trkpt>
      <trkpt lat="42.635085" lon="-0.327375">
        <ele>916.8</ele>
      </trkpt>
      <trkpt lat="42.634935" lon="-0.327351">
        <ele>915.4</ele>
      </trkpt>
      <trkpt lat="42.634793" lon="-0.327319">
        <ele>913.8</ele>
      </trkpt>
      <trkpt lat="42.634631" lon="-0.327281">
        <ele>911.9</ele>
      </trkpt>
      <trkpt lat="42.634458" lon="-0.327238">
        <ele>907.7</ele>
      </trkpt>
      <trkpt lat="42.634355" lon="-0.327228">
        <ele>905.4</ele>
      </trkpt>
      <trkpt lat="42.634252" lon="-0.32722">
        <ele>903.1</ele>
      </trkpt>
      <trkpt lat="42.634167" lon="-0.327229">
        <ele>901.9</ele>
      </trkpt>
      <trkpt lat="42.634082" lon="-0.327249">
        <ele>901.1</ele>
      </trkpt>
      <trkpt lat="42.633937" lon="-0.327299">
        <ele>900.3</ele>
      </trkpt>
      <trkpt lat="42.633824" lon="-0.327338">
        <ele>899.8</ele>
      </trkpt>
      <trkpt lat="42.63364" lon="-0.327444">
        <ele>900.7</ele>
      </trkpt>
      <trkpt lat="42.633499" lon="-0.327531">
        <ele>901.6</ele>
      </trkpt>
      <trkpt lat="42.633262" lon="-0.327674">
        <ele>902.9</ele>
      </trkpt>
      <trkpt lat="42.633122" lon="-0.327747">
        <ele>903.2</ele>
      </trkpt>
      <trkpt lat="42.632965" lon="-0.32782">
        <ele>903.1</ele>
      </trkpt>
      <trkpt lat="42.632794" lon="-0.327876">
        <ele>903.7</ele>
      </trkpt>
      <trkpt lat="42.632669" lon="-0.327907">
        <ele>904.1</ele>
      </trkpt>
      <trkpt lat="42.632528" lon="-0.327929">
        <ele>904.3</ele>
      </trkpt>
      <trkpt lat="42.632385" lon="-0.32794">
        <ele>904</ele>
      </trkpt>
      <trkpt lat="42.632205" lon="-0.327944">
        <ele>903.1</ele>
      </trkpt>
      <trkpt lat="42.632046" lon="-0.327936">
        <ele>901.7</ele>
      </trkpt>
      <trkpt lat="42.631673" lon="-0.327934">
        <ele>899.3</ele>
      </trkpt>
      <trkpt lat="42.631489" lon="-0.327925">
        <ele>897.8</ele>
      </trkpt>
      <trkpt lat="42.631341" lon="-0.327921">
        <ele>896.8</ele>
      </trkpt>
      <trkpt lat="42.631235" lon="-0.327905">
        <ele>895.6</ele>
      </trkpt>
      <trkpt lat="42.631127" lon="-0.327888">
        <ele>894.5</ele>
      </trkpt>
      <trkpt lat="42.630952" lon="-0.327817">
        <ele>891.7</ele>
      </trkpt>
      <trkpt lat="42.630781" lon="-0.327704">
        <ele>887.9</ele>
      </trkpt>
      <trkpt lat="42.630625" lon="-0.327567">
        <ele>883.9</ele>
      </trkpt>
      <trkpt lat="42.630502" lon="-0.327452">
        <ele>880.9</ele>
      </trkpt>
      <trkpt lat="42.630437" lon="-0.327395">
        <ele>879.5</ele>
      </trkpt>
      <trkpt lat="42.630306" lon="-0.327299">
        <ele>876.5</ele>
      </trkpt>
      <trkpt lat="42.630165" lon="-0.327251">
        <ele>874.6</ele>
      </trkpt>
      <trkpt lat="42.62999" lon="-0.327248">
        <ele>873.6</ele>
      </trkpt>
      <trkpt lat="42.629917" lon="-0.327249">
        <ele>873.2</ele>
      </trkpt>
      <trkpt lat="42.629737" lon="-0.327288">
        <ele>873.1</ele>
      </trkpt>
      <trkpt lat="42.629547" lon="-0.327323">
        <ele>872.6</ele>
      </trkpt>
      <trkpt lat="42.629164" lon="-0.327418">
        <ele>872.2</ele>
      </trkpt>
      <trkpt lat="42.628856" lon="-0.327485">
        <ele>872.5</ele>
      </trkpt>
      <trkpt lat="42.628582" lon="-0.32751">
        <ele>871.8</ele>
      </trkpt>
      <trkpt lat="42.628406" lon="-0.327521">
        <ele>870.9</ele>
      </trkpt>
      <trkpt lat="42.628199" lon="-0.32752">
        <ele>869.5</ele>
      </trkpt>
      <trkpt lat="42.628092" lon="-0.327522">
        <ele>868.9</ele>
      </trkpt>
      <trkpt lat="42.627789" lon="-0.327515">
        <ele>866.9</ele>
      </trkpt>
      <trkpt lat="42.627539" lon="-0.327511">
        <ele>865.8</ele>
      </trkpt>
      <trkpt lat="42.627101" lon="-0.327502">
        <ele>863.6</ele>
      </trkpt>
      <trkpt lat="42.626972" lon="-0.327503">
        <ele>862.9</ele>
      </trkpt>
      <trkpt lat="42.626537" lon="-0.3275">
        <ele>860.2</ele>
      </trkpt>
      <trkpt lat="42.626203" lon="-0.327503">
        <ele>858.4</ele>
      </trkpt>
      <trkpt lat="42.625645" lon="-0.327499">
        <ele>855.6</ele>
      </trkpt>
      <trkpt lat="42.625445" lon="-0.327499">
        <ele>854.6</ele>
      </trkpt>
      <trkpt lat="42.624322" lon="-0.327479">
        <ele>852.8</ele>
      </trkpt>
      <trkpt lat="42.623864" lon="-0.327476">
        <ele>851.7</ele>
      </trkpt>
      <trkpt lat="42.623722" lon="-0.327474">
        <ele>851.5</ele>
      </trkpt>
      <trkpt lat="42.623581" lon="-0.327468">
        <ele>851.7</ele>
      </trkpt>
      <trkpt lat="42.623223" lon="-0.327465">
        <ele>852.1</ele>
      </trkpt>
      <trkpt lat="42.623019" lon="-0.327465">
        <ele>852.3</ele>
      </trkpt>
      <trkpt lat="42.622523" lon="-0.327459">
        <ele>853.1</ele>
      </trkpt>
      <trkpt lat="42.622294" lon="-0.327462">
        <ele>853.5</ele>
      </trkpt>
      <trkpt lat="42.621999" lon="-0.327455">
        <ele>854</ele>
      </trkpt>
      <trkpt lat="42.621805" lon="-0.327455">
        <ele>854.5</ele>
      </trkpt>
      <trkpt lat="42.621647" lon="-0.327451">
        <ele>854.9</ele>
      </trkpt>
      <trkpt lat="42.621151" lon="-0.327448">
        <ele>856.3</ele>
      </trkpt>
      <trkpt lat="42.620889" lon="-0.327449">
        <ele>857.3</ele>
      </trkpt>
      <trkpt lat="42.62048" lon="-0.327448">
        <ele>858.9</ele>
      </trkpt>
      <trkpt lat="42.62031" lon="-0.327444">
        <ele>859.4</ele>
      </trkpt>
      <trkpt lat="42.620129" lon="-0.327446">
        <ele>859.7</ele>
      </trkpt>
      <trkpt lat="42.619957" lon="-0.327443">
        <ele>859.9</ele>
      </trkpt>
      <trkpt lat="42.619596" lon="-0.32744">
        <ele>860.6</ele>
      </trkpt>
      <trkpt lat="42.619386" lon="-0.32744">
        <ele>860.7</ele>
      </trkpt>
      <trkpt lat="42.619185" lon="-0.327448">
        <ele>860.8</ele>
      </trkpt>
      <trkpt lat="42.618841" lon="-0.327454">
        <ele>861.1</ele>
      </trkpt>
      <trkpt lat="42.618617" lon="-0.327462">
        <ele>861.4</ele>
      </trkpt>
      <trkpt lat="42.618397" lon="-0.327468">
        <ele>861.9</ele>
      </trkpt>
      <trkpt lat="42.617806" lon="-0.327491">
        <ele>862.4</ele>
      </trkpt>
      <trkpt lat="42.617477" lon="-0.327515">
        <ele>861</ele>
      </trkpt>
      <trkpt lat="42.617022" lon="-0.327531">
        <ele>859.1</ele>
      </trkpt>
      <trkpt lat="42.616792" lon="-0.327553">
        <ele>858.8</ele>
      </trkpt>
      <trkpt lat="42.616133" lon="-0.327581">
        <ele>857.6</ele>
      </trkpt>
      <trkpt lat="42.615681" lon="-0.327606">
        <ele>856.1</ele>
      </trkpt>
      <trkpt lat="42.614791" lon="-0.327643">
        <ele>852.1</ele>
      </trkpt>
      <trkpt lat="42.613915" lon="-0.327683">
        <ele>849.4</ele>
      </trkpt>
      <trkpt lat="42.613218" lon="-0.32772">
        <ele>847.9</ele>
      </trkpt>
      <trkpt lat="42.612337" lon="-0.327761">
        <ele>845.4</ele>
      </trkpt>
      <trkpt lat="42.611873" lon="-0.327785">
        <ele>845.5</ele>
      </trkpt>
      <trkpt lat="42.611423" lon="-0.327804">
        <ele>847.8</ele>
      </trkpt>
      <trkpt lat="42.610918" lon="-0.327835">
        <ele>847.4</ele>
      </trkpt>
      <trkpt lat="42.610345" lon="-0.327863">
        <ele>844.8</ele>
      </trkpt>
      <trkpt lat="42.609905" lon="-0.327883">
        <ele>842</ele>
      </trkpt>
      <trkpt lat="42.609745" lon="-0.327891">
        <ele>841</ele>
      </trkpt>
      <trkpt lat="42.609442" lon="-0.327911">
        <ele>839.8</ele>
      </trkpt>
      <trkpt lat="42.609166" lon="-0.327924">
        <ele>839.7</ele>
      </trkpt>
      <trkpt lat="42.609011" lon="-0.327925">
        <ele>839.6</ele>
      </trkpt>
      <trkpt lat="42.608858" lon="-0.327932">
        <ele>839.5</ele>
      </trkpt>
      <trkpt lat="42.608662" lon="-0.327946">
        <ele>839.2</ele>
      </trkpt>
      <trkpt lat="42.608437" lon="-0.327961">
        <ele>838.2</ele>
      </trkpt>
      <trkpt lat="42.608225" lon="-0.327967">
        <ele>837.1</ele>
      </trkpt>
      <trkpt lat="42.608142" lon="-0.327973">
        <ele>836.7</ele>
      </trkpt>
      <trkpt lat="42.607976" lon="-0.32797">
        <ele>835.7</ele>
      </trkpt>
      <trkpt lat="42.607796" lon="-0.327984">
        <ele>835.5</ele>
      </trkpt>
      <trkpt lat="42.607656" lon="-0.327986">
        <ele>835.4</ele>
      </trkpt>
      <trkpt lat="42.607513" lon="-0.327999">
        <ele>835.4</ele>
      </trkpt>
      <trkpt lat="42.60737" lon="-0.328012">
        <ele>835.5</ele>
      </trkpt>
      <trkpt lat="42.607275" lon="-0.328005">
        <ele>835.2</ele>
      </trkpt>
      <trkpt lat="42.606858" lon="-0.328035">
        <ele>835</ele>
      </trkpt>
      <trkpt lat="42.606629" lon="-0.328042">
        <ele>834.5</ele>
      </trkpt>
      <trkpt lat="42.606396" lon="-0.328055">
        <ele>834.1</ele>
      </trkpt>
      <trkpt lat="42.605806" lon="-0.328076">
        <ele>833.1</ele>
      </trkpt>
      <trkpt lat="42.605312" lon="-0.328109">
        <ele>832</ele>
      </trkpt>
      <trkpt lat="42.605013" lon="-0.32812">
        <ele>830.4</ele>
      </trkpt>
      <trkpt lat="42.604663" lon="-0.328146">
        <ele>828.6</ele>
      </trkpt>
      <trkpt lat="42.604357" lon="-0.328156">
        <ele>827.8</ele>
      </trkpt>
      <trkpt lat="42.604194" lon="-0.328158">
        <ele>827.6</ele>
      </trkpt>
      <trkpt lat="42.603987" lon="-0.328168">
        <ele>827.3</ele>
      </trkpt>
      <trkpt lat="42.603792" lon="-0.328166">
        <ele>827.1</ele>
      </trkpt>
      <trkpt lat="42.603676" lon="-0.328181">
        <ele>827</ele>
      </trkpt>
      <trkpt lat="42.603511" lon="-0.328175">
        <ele>827.1</ele>
      </trkpt>
      <trkpt lat="42.603329" lon="-0.328172">
        <ele>827.2</ele>
      </trkpt>
      <trkpt lat="42.603179" lon="-0.328151">
        <ele>827.2</ele>
      </trkpt>
      <trkpt lat="42.603014" lon="-0.32813">
        <ele>827.2</ele>
      </trkpt>
      <trkpt lat="42.602867" lon="-0.328093">
        <ele>827.2</ele>
      </trkpt>
      <trkpt lat="42.602676" lon="-0.328037">
        <ele>827</ele>
      </trkpt>
      <trkpt lat="42.602492" lon="-0.32798">
        <ele>826.7</ele>
      </trkpt>
      <trkpt lat="42.602349" lon="-0.327941">
        <ele>826.4</ele>
      </trkpt>
      <trkpt lat="42.602192" lon="-0.327887">
        <ele>826.2</ele>
      </trkpt>
      <trkpt lat="42.601975" lon="-0.327811">
        <ele>826.5</ele>
      </trkpt>
      <trkpt lat="42.601785" lon="-0.327732">
        <ele>827</ele>
      </trkpt>
      <trkpt lat="42.601404" lon="-0.327616">
        <ele>827.8</ele>
      </trkpt>
      <trkpt lat="42.601178" lon="-0.327533">
        <ele>828</ele>
      </trkpt>
      <trkpt lat="42.600955" lon="-0.327461">
        <ele>828</ele>
      </trkpt>
      <trkpt lat="42.600629" lon="-0.327342">
        <ele>828</ele>
      </trkpt>
      <trkpt lat="42.600396" lon="-0.327258">
        <ele>828</ele>
      </trkpt>
      <trkpt lat="42.59998" lon="-0.327125">
        <ele>828</ele>
      </trkpt>
      <trkpt lat="42.599809" lon="-0.32707">
        <ele>828</ele>
      </trkpt>
      <trkpt lat="42.599656" lon="-0.327038">
        <ele>827.8</ele>
      </trkpt>
      <trkpt lat="42.599506" lon="-0.32702">
        <ele>827.7</ele>
      </trkpt>
      <trkpt lat="42.599162" lon="-0.326987">
        <ele>827.2</ele>
      </trkpt>
      <trkpt lat="42.599048" lon="-0.326972">
        <ele>827</ele>
      </trkpt>
      <trkpt lat="42.598722" lon="-0.326983">
        <ele>826.8</ele>
      </trkpt>
      <trkpt lat="42.598583" lon="-0.326983">
        <ele>827.2</ele>
      </trkpt>
      <trkpt lat="42.59815" lon="-0.326984">
        <ele>828.2</ele>
      </trkpt>
      <trkpt lat="42.597853" lon="-0.326997">
        <ele>828.7</ele>
      </trkpt>
      <trkpt lat="42.597299" lon="-0.326987">
        <ele>827.8</ele>
      </trkpt>
      <trkpt lat="42.596733" lon="-0.326991">
        <ele>826.6</ele>
      </trkpt>
      <trkpt lat="42.596504" lon="-0.326999">
        <ele>826.1</ele>
      </trkpt>
      <trkpt lat="42.595943" lon="-0.326999">
        <ele>824.8</ele>
      </trkpt>
      <trkpt lat="42.595562" lon="-0.326997">
        <ele>823.9</ele>
      </trkpt>
      <trkpt lat="42.595156" lon="-0.326998">
        <ele>823.3</ele>
      </trkpt>
      <trkpt lat="42.594655" lon="-0.327001">
        <ele>822.8</ele>
      </trkpt>
      <trkpt lat="42.5942" lon="-0.327013">
        <ele>821.5</ele>
      </trkpt>
      <trkpt lat="42.593778" lon="-0.327006">
        <ele>820.1</ele>
      </trkpt>
      <trkpt lat="42.593179" lon="-0.327017">
        <ele>818.7</ele>
      </trkpt>
      <trkpt lat="42.592904" lon="-0.327031">
        <ele>818</ele>
      </trkpt>
      <trkpt lat="42.592478" lon="-0.327044">
        <ele>817.5</ele>
      </trkpt>
      <trkpt lat="42.592039" lon="-0.327062">
        <ele>816.9</ele>
      </trkpt>
      <trkpt lat="42.591859" lon="-0.32705">
        <ele>816.8</ele>
      </trkpt>
      <trkpt lat="42.591421" lon="-0.327058">
        <ele>816.3</ele>
      </trkpt>
      <trkpt lat="42.590972" lon="-0.327076">
        <ele>815.4</ele>
      </trkpt>
      <trkpt lat="42.590595" lon="-0.327089">
        <ele>814.4</ele>
      </trkpt>
      <trkpt lat="42.590355" lon="-0.327095">
        <ele>814.1</ele>
      </trkpt>
      <trkpt lat="42.590063" lon="-0.327103">
        <ele>814.5</ele>
      </trkpt>
      <trkpt lat="42.589765" lon="-0.327104">
        <ele>814.9</ele>
      </trkpt>
      <trkpt lat="42.589059" lon="-0.327111">
        <ele>817</ele>
      </trkpt>
      <trkpt lat="42.58882" lon="-0.327114">
        <ele>817.9</ele>
      </trkpt>
      <trkpt lat="42.588483" lon="-0.327122">
        <ele>818.6</ele>
      </trkpt>
      <trkpt lat="42.58828" lon="-0.327128">
        <ele>818.9</ele>
      </trkpt>
      <trkpt lat="42.588082" lon="-0.327124">
        <ele>819.1</ele>
      </trkpt>
      <trkpt lat="42.58784" lon="-0.327137">
        <ele>819.6</ele>
      </trkpt>
      <trkpt lat="42.587551" lon="-0.327128">
        <ele>820.3</ele>
      </trkpt>
      <trkpt lat="42.587292" lon="-0.327139">
        <ele>821.2</ele>
      </trkpt>
      <trkpt lat="42.587088" lon="-0.327137">
        <ele>821.7</ele>
      </trkpt>
      <trkpt lat="42.586698" lon="-0.327146">
        <ele>821.6</ele>
      </trkpt>
      <trkpt lat="42.5864" lon="-0.327152">
        <ele>821.6</ele>
      </trkpt>
      <trkpt lat="42.58608" lon="-0.327153">
        <ele>821.7</ele>
      </trkpt>
      <trkpt lat="42.585874" lon="-0.327165">
        <ele>822.3</ele>
      </trkpt>
      <trkpt lat="42.585438" lon="-0.327167">
        <ele>822.9</ele>
      </trkpt>
      <trkpt lat="42.585105" lon="-0.327173">
        <ele>824.9</ele>
      </trkpt>
      <trkpt lat="42.584888" lon="-0.327174">
        <ele>826.1</ele>
      </trkpt>
      <trkpt lat="42.584741" lon="-0.327183">
        <ele>827.2</ele>
      </trkpt>
      <trkpt lat="42.58425" lon="-0.327176">
        <ele>830.8</ele>
      </trkpt>
      <trkpt lat="42.584078" lon="-0.327174">
        <ele>832.3</ele>
      </trkpt>
      <trkpt lat="42.583893" lon="-0.327182">
        <ele>834.2</ele>
      </trkpt>
      <trkpt lat="42.583735" lon="-0.327188">
        <ele>835.8</ele>
      </trkpt>
      <trkpt lat="42.583578" lon="-0.327185">
        <ele>837.2</ele>
      </trkpt>
      <trkpt lat="42.583429" lon="-0.327184">
        <ele>838.6</ele>
      </trkpt>
      <trkpt lat="42.583337" lon="-0.327188">
        <ele>839.6</ele>
      </trkpt>
      <trkpt lat="42.583131" lon="-0.327185">
        <ele>841.5</ele>
      </trkpt>
      <trkpt lat="42.582915" lon="-0.327166">
        <ele>842.9</ele>
      </trkpt>
      <trkpt lat="42.582754" lon="-0.327146">
        <ele>844.7</ele>
      </trkpt>
      <trkpt lat="42.582581" lon="-0.327117">
        <ele>846.4</ele>
      </trkpt>
      <trkpt lat="42.58244" lon="-0.327078">
        <ele>847.3</ele>
      </trkpt>
      <trkpt lat="42.582276" lon="-0.327037">
        <ele>848.6</ele>
      </trkpt>
      <trkpt lat="42.582082" lon="-0.326971">
        <ele>849.5</ele>
      </trkpt>
      <trkpt lat="42.58189" lon="-0.326886">
        <ele>850.3</ele>
      </trkpt>
      <trkpt lat="42.581764" lon="-0.326828">
        <ele>850.8</ele>
      </trkpt>
      <trkpt lat="42.581645" lon="-0.32677">
        <ele>851.1</ele>
      </trkpt>
      <trkpt lat="42.581469" lon="-0.326673">
        <ele>851.3</ele>
      </trkpt>
      <trkpt lat="42.581248" lon="-0.326552">
        <ele>851.4</ele>
      </trkpt>
      <trkpt lat="42.581064" lon="-0.326438">
        <ele>849.7</ele>
      </trkpt>
      <trkpt lat="42.580872" lon="-0.326307">
        <ele>847.7</ele>
      </trkpt>
      <trkpt lat="42.580382" lon="-0.326">
        <ele>844.5</ele>
      </trkpt>
      <trkpt lat="42.580189" lon="-0.325876">
        <ele>844.6</ele>
      </trkpt>
      <trkpt lat="42.580037" lon="-0.325781">
        <ele>844.8</ele>
      </trkpt>
      <trkpt lat="42.579718" lon="-0.325578">
        <ele>845.6</ele>
      </trkpt>
      <trkpt lat="42.579547" lon="-0.325463">
        <ele>845.8</ele>
      </trkpt>
      <trkpt lat="42.579427" lon="-0.325388">
        <ele>845.7</ele>
      </trkpt>
      <trkpt lat="42.579272" lon="-0.325291">
        <ele>845.2</ele>
      </trkpt>
      <trkpt lat="42.579091" lon="-0.325173">
        <ele>844.3</ele>
      </trkpt>
      <trkpt lat="42.578974" lon="-0.325096">
        <ele>843.5</ele>
      </trkpt>
      <trkpt lat="42.578853" lon="-0.325017">
        <ele>842.6</ele>
      </trkpt>
      <trkpt lat="42.578682" lon="-0.324909">
        <ele>840.7</ele>
      </trkpt>
      <trkpt lat="42.578515" lon="-0.324821">
        <ele>838.4</ele>
      </trkpt>
      <trkpt lat="42.578378" lon="-0.324746">
        <ele>836.6</ele>
      </trkpt>
      <trkpt lat="42.578192" lon="-0.324638">
        <ele>834.1</ele>
      </trkpt>
      <trkpt lat="42.578018" lon="-0.324555">
        <ele>832.9</ele>
      </trkpt>
      <trkpt lat="42.577861" lon="-0.324487">
        <ele>832.3</ele>
      </trkpt>
      <trkpt lat="42.577677" lon="-0.324425">
        <ele>831.5</ele>
      </trkpt>
      <trkpt lat="42.577437" lon="-0.324354">
        <ele>830.6</ele>
      </trkpt>
      <trkpt lat="42.57721" lon="-0.324287">
        <ele>829.8</ele>
      </trkpt>
      <trkpt lat="42.576996" lon="-0.324246">
        <ele>829.6</ele>
      </trkpt>
      <trkpt lat="42.576634" lon="-0.324183">
        <ele>829.6</ele>
      </trkpt>
      <trkpt lat="42.576491" lon="-0.324164">
        <ele>829.7</ele>
      </trkpt>
      <trkpt lat="42.576332" lon="-0.324148">
        <ele>830</ele>
      </trkpt>
      <trkpt lat="42.576189" lon="-0.324157">
        <ele>830.3</ele>
      </trkpt>
      <trkpt lat="42.576034" lon="-0.324152">
        <ele>830.1</ele>
      </trkpt>
      <trkpt lat="42.575879" lon="-0.324156">
        <ele>830</ele>
      </trkpt>
      <trkpt lat="42.575707" lon="-0.324168">
        <ele>830.2</ele>
      </trkpt>
      <trkpt lat="42.575536" lon="-0.324179">
        <ele>830.4</ele>
      </trkpt>
      <trkpt lat="42.575283" lon="-0.32421">
        <ele>830.8</ele>
      </trkpt>
      <trkpt lat="42.575164" lon="-0.324235">
        <ele>831.1</ele>
      </trkpt>
      <trkpt lat="42.57498" lon="-0.324266">
        <ele>831.5</ele>
      </trkpt>
      <trkpt lat="42.574818" lon="-0.324312">
        <ele>832.4</ele>
      </trkpt>
      <trkpt lat="42.574641" lon="-0.324355">
        <ele>833.3</ele>
      </trkpt>
      <trkpt lat="42.574496" lon="-0.324396">
        <ele>833.5</ele>
      </trkpt>
      <trkpt lat="42.574346" lon="-0.32445">
        <ele>833.6</ele>
      </trkpt>
      <trkpt lat="42.57419" lon="-0.324498">
        <ele>833.2</ele>
      </trkpt>
      <trkpt lat="42.573945" lon="-0.324588">
        <ele>832.8</ele>
      </trkpt>
      <trkpt lat="42.57378" lon="-0.324656">
        <ele>833.3</ele>
      </trkpt>
      <trkpt lat="42.573584" lon="-0.324725">
        <ele>834</ele>
      </trkpt>
      <trkpt lat="42.573355" lon="-0.324803">
        <ele>834.9</ele>
      </trkpt>
      <trkpt lat="42.573158" lon="-0.324864">
        <ele>835.4</ele>
      </trkpt>
      <trkpt lat="42.572979" lon="-0.324925">
        <ele>836.1</ele>
      </trkpt>
      <trkpt lat="42.572789" lon="-0.324969">
        <ele>836.4</ele>
      </trkpt>
      <trkpt lat="42.572608" lon="-0.325014">
        <ele>836.8</ele>
      </trkpt>
      <trkpt lat="42.57243" lon="-0.32505">
        <ele>836.7</ele>
      </trkpt>
      <trkpt lat="42.572142" lon="-0.325112">
        <ele>836.4</ele>
      </trkpt>
      <trkpt lat="42.571851" lon="-0.32516">
        <ele>836.3</ele>
      </trkpt>
      <trkpt lat="42.571618" lon="-0.325197">
        <ele>836.4</ele>
      </trkpt>
      <trkpt lat="42.571419" lon="-0.325221">
        <ele>836.4</ele>
      </trkpt>
      <trkpt lat="42.57121" lon="-0.325253">
        <ele>836.5</ele>
      </trkpt>
      <trkpt lat="42.570952" lon="-0.325288">
        <ele>836.4</ele>
      </trkpt>
      <trkpt lat="42.570799" lon="-0.325322">
        <ele>836.8</ele>
      </trkpt>
      <trkpt lat="42.570674" lon="-0.325346">
        <ele>836.9</ele>
      </trkpt>
      <trkpt lat="42.570499" lon="-0.325386">
        <ele>837.4</ele>
      </trkpt>
      <trkpt lat="42.570353" lon="-0.325421">
        <ele>837</ele>
      </trkpt>
      <trkpt lat="42.570212" lon="-0.325461">
        <ele>835.7</ele>
      </trkpt>
      <trkpt lat="42.570044" lon="-0.325515">
        <ele>834.6</ele>
      </trkpt>
      <trkpt lat="42.569794" lon="-0.3256">
        <ele>833.3</ele>
      </trkpt>
      <trkpt lat="42.569614" lon="-0.325677">
        <ele>833.2</ele>
      </trkpt>
      <trkpt lat="42.569424" lon="-0.325756">
        <ele>832.6</ele>
      </trkpt>
      <trkpt lat="42.569292" lon="-0.325832">
        <ele>832.7</ele>
      </trkpt>
      <trkpt lat="42.569162" lon="-0.3259">
        <ele>832.4</ele>
      </trkpt>
      <trkpt lat="42.56897" lon="-0.326002">
        <ele>831.6</ele>
      </trkpt>
      <trkpt lat="42.568731" lon="-0.326154">
        <ele>830.9</ele>
      </trkpt>
      <trkpt lat="42.568542" lon="-0.326267">
        <ele>830.3</ele>
      </trkpt>
      <trkpt lat="42.568408" lon="-0.326352">
        <ele>830.5</ele>
      </trkpt>
      <trkpt lat="42.568296" lon="-0.326429">
        <ele>830.9</ele>
      </trkpt>
      <trkpt lat="42.568114" lon="-0.326542">
        <ele>830.9</ele>
      </trkpt>
      <trkpt lat="42.567924" lon="-0.326663">
        <ele>831</ele>
      </trkpt>
      <trkpt lat="42.567732" lon="-0.326794">
        <ele>831.2</ele>
      </trkpt>
      <trkpt lat="42.567537" lon="-0.326924">
        <ele>830.5</ele>
      </trkpt>
      <trkpt lat="42.567384" lon="-0.327017">
        <ele>829.2</ele>
      </trkpt>
      <trkpt lat="42.56714" lon="-0.327174">
        <ele>827.6</ele>
      </trkpt>
      <trkpt lat="42.566966" lon="-0.327285">
        <ele>828</ele>
      </trkpt>
      <trkpt lat="42.566753" lon="-0.327428">
        <ele>828.8</ele>
      </trkpt>
      <trkpt lat="42.566516" lon="-0.327588">
        <ele>828.6</ele>
      </trkpt>
      <trkpt lat="42.566357" lon="-0.327691">
        <ele>827.7</ele>
      </trkpt>
      <trkpt lat="42.566125" lon="-0.327833">
        <ele>826.8</ele>
      </trkpt>
      <trkpt lat="42.565971" lon="-0.32793">
        <ele>827</ele>
      </trkpt>
      <trkpt lat="42.565791" lon="-0.328036">
        <ele>827.1</ele>
      </trkpt>
      <trkpt lat="42.565635" lon="-0.328155">
        <ele>827.4</ele>
      </trkpt>
      <trkpt lat="42.56553" lon="-0.32821">
        <ele>827</ele>
      </trkpt>
      <trkpt lat="42.565375" lon="-0.328315">
        <ele>826.7</ele>
      </trkpt>
      <trkpt lat="42.565023" lon="-0.328541">
        <ele>826</ele>
      </trkpt>
      <trkpt lat="42.564835" lon="-0.328663">
        <ele>825.3</ele>
      </trkpt>
      <trkpt lat="42.564653" lon="-0.328776">
        <ele>824.4</ele>
      </trkpt>
      <trkpt lat="42.564559" lon="-0.328851">
        <ele>824.4</ele>
      </trkpt>
      <trkpt lat="42.564291" lon="-0.329023">
        <ele>824.2</ele>
      </trkpt>
      <trkpt lat="42.564098" lon="-0.329142">
        <ele>823.8</ele>
      </trkpt>
      <trkpt lat="42.563794" lon="-0.329334">
        <ele>823</ele>
      </trkpt>
      <trkpt lat="42.563562" lon="-0.329484">
        <ele>821.9</ele>
      </trkpt>
      <trkpt lat="42.563281" lon="-0.329675">
        <ele>820.2</ele>
      </trkpt>
      <trkpt lat="42.563052" lon="-0.329826">
        <ele>818.5</ele>
      </trkpt>
      <trkpt lat="42.562893" lon="-0.329949">
        <ele>817.5</ele>
      </trkpt>
      <trkpt lat="42.562729" lon="-0.330082">
        <ele>816.1</ele>
      </trkpt>
      <trkpt lat="42.562579" lon="-0.330212">
        <ele>814.8</ele>
      </trkpt>
      <trkpt lat="42.562438" lon="-0.330344">
        <ele>813.7</ele>
      </trkpt>
      <trkpt lat="42.562194" lon="-0.330618">
        <ele>812.7</ele>
      </trkpt>
      <trkpt lat="42.562082" lon="-0.330736">
        <ele>812.2</ele>
      </trkpt>
      <trkpt lat="42.561913" lon="-0.330944">
        <ele>812.7</ele>
      </trkpt>
      <trkpt lat="42.561749" lon="-0.331142">
        <ele>812.9</ele>
      </trkpt>
      <trkpt lat="42.561436" lon="-0.331529">
        <ele>812.7</ele>
      </trkpt>
      <trkpt lat="42.561274" lon="-0.331738">
        <ele>812.1</ele>
      </trkpt>
      <trkpt lat="42.561027" lon="-0.332046">
        <ele>812.8</ele>
      </trkpt>
      <trkpt lat="42.560904" lon="-0.332192">
        <ele>813.1</ele>
      </trkpt>
      <trkpt lat="42.560749" lon="-0.332388">
        <ele>813.2</ele>
      </trkpt>
      <trkpt lat="42.560605" lon="-0.332562">
        <ele>813</ele>
      </trkpt>
      <trkpt lat="42.560361" lon="-0.332861">
        <ele>812.1</ele>
      </trkpt>
      <trkpt lat="42.56024" lon="-0.333002">
        <ele>811.9</ele>
      </trkpt>
      <trkpt lat="42.560125" lon="-0.333157">
        <ele>812.1</ele>
      </trkpt>
      <trkpt lat="42.559965" lon="-0.333343">
        <ele>811.9</ele>
      </trkpt>
      <trkpt lat="42.559761" lon="-0.333592">
        <ele>811.8</ele>
      </trkpt>
      <trkpt lat="42.559607" lon="-0.333788">
        <ele>811.5</ele>
      </trkpt>
      <trkpt lat="42.559445" lon="-0.333985">
        <ele>811.2</ele>
      </trkpt>
      <trkpt lat="42.559271" lon="-0.334204">
        <ele>811.1</ele>
      </trkpt>
      <trkpt lat="42.559154" lon="-0.334355">
        <ele>811</ele>
      </trkpt>
      <trkpt lat="42.558918" lon="-0.33463">
        <ele>810.6</ele>
      </trkpt>
      <trkpt lat="42.558655" lon="-0.334957">
        <ele>809.8</ele>
      </trkpt>
      <trkpt lat="42.558343" lon="-0.335346">
        <ele>809.1</ele>
      </trkpt>
      <trkpt lat="42.558218" lon="-0.335505">
        <ele>808.9</ele>
      </trkpt>
      <trkpt lat="42.558105" lon="-0.335646">
        <ele>808.5</ele>
      </trkpt>
      <trkpt lat="42.557984" lon="-0.335799">
        <ele>808</ele>
      </trkpt>
      <trkpt lat="42.557743" lon="-0.336106">
        <ele>807.2</ele>
      </trkpt>
      <trkpt lat="42.557584" lon="-0.336285">
        <ele>806.8</ele>
      </trkpt>
      <trkpt lat="42.557397" lon="-0.336516">
        <ele>806.8</ele>
      </trkpt>
      <trkpt lat="42.557236" lon="-0.336709">
        <ele>807.1</ele>
      </trkpt>
      <trkpt lat="42.556971" lon="-0.337034">
        <ele>808.1</ele>
      </trkpt>
      <trkpt lat="42.556792" lon="-0.337269">
        <ele>808.3</ele>
      </trkpt>
      <trkpt lat="42.556629" lon="-0.337467">
        <ele>808.2</ele>
      </trkpt>
      <trkpt lat="42.556454" lon="-0.337673">
        <ele>808.1</ele>
      </trkpt>
      <trkpt lat="42.556299" lon="-0.337861">
        <ele>808</ele>
      </trkpt>
      <trkpt lat="42.556116" lon="-0.338096">
        <ele>808.7</ele>
      </trkpt>
      <trkpt lat="42.555953" lon="-0.338305">
        <ele>809.7</ele>
      </trkpt>
      <trkpt lat="42.555795" lon="-0.338493">
        <ele>810.7</ele>
      </trkpt>
      <trkpt lat="42.555651" lon="-0.338665">
        <ele>811.8</ele>
      </trkpt>
      <trkpt lat="42.555512" lon="-0.338831">
        <ele>812.6</ele>
      </trkpt>
      <trkpt lat="42.555275" lon="-0.339118">
        <ele>813.2</ele>
      </trkpt>
      <trkpt lat="42.555072" lon="-0.339379">
        <ele>813.5</ele>
      </trkpt>
      <trkpt lat="42.55493" lon="-0.339549">
        <ele>813.5</ele>
      </trkpt>
      <trkpt lat="42.554591" lon="-0.33997">
        <ele>813</ele>
      </trkpt>
      <trkpt lat="42.554334" lon="-0.340285">
        <ele>812.4</ele>
      </trkpt>
      <trkpt lat="42.554093" lon="-0.340574">
        <ele>812.6</ele>
      </trkpt>
      <trkpt lat="42.553825" lon="-0.340914">
        <ele>813.3</ele>
      </trkpt>
      <trkpt lat="42.553663" lon="-0.34111">
        <ele>814.1</ele>
      </trkpt>
      <trkpt lat="42.553493" lon="-0.341322">
        <ele>814.9</ele>
      </trkpt>
      <trkpt lat="42.553323" lon="-0.341534">
        <ele>815.2</ele>
      </trkpt>
      <trkpt lat="42.553156" lon="-0.341737">
        <ele>815.2</ele>
      </trkpt>
      <trkpt lat="42.552853" lon="-0.34211">
        <ele>814.9</ele>
      </trkpt>
      <trkpt lat="42.552663" lon="-0.342348">
        <ele>815.5</ele>
      </trkpt>
      <trkpt lat="42.552453" lon="-0.34261">
        <ele>816.5</ele>
      </trkpt>
      <trkpt lat="42.552324" lon="-0.342759">
        <ele>817.2</ele>
      </trkpt>
      <trkpt lat="42.552137" lon="-0.342993">
        <ele>818.2</ele>
      </trkpt>
      <trkpt lat="42.551885" lon="-0.343321">
        <ele>817.9</ele>
      </trkpt>
      <trkpt lat="42.551664" lon="-0.343581">
        <ele>817.2</ele>
      </trkpt>
      <trkpt lat="42.551542" lon="-0.343726">
        <ele>816.7</ele>
      </trkpt>
      <trkpt lat="42.55144" lon="-0.343851">
        <ele>816.4</ele>
      </trkpt>
      <trkpt lat="42.55127" lon="-0.344078">
        <ele>816.3</ele>
      </trkpt>
      <trkpt lat="42.551113" lon="-0.344258">
        <ele>816.8</ele>
      </trkpt>
      <trkpt lat="42.550969" lon="-0.344459">
        <ele>817.6</ele>
      </trkpt>
      <trkpt lat="42.550768" lon="-0.344716">
        <ele>818.1</ele>
      </trkpt>
      <trkpt lat="42.550593" lon="-0.344951">
        <ele>818.1</ele>
      </trkpt>
      <trkpt lat="42.550338" lon="-0.34527">
        <ele>818.1</ele>
      </trkpt>
      <trkpt lat="42.550185" lon="-0.345465">
        <ele>818.1</ele>
      </trkpt>
      <trkpt lat="42.550014" lon="-0.345676">
        <ele>818.6</ele>
      </trkpt>
      <trkpt lat="42.549871" lon="-0.345851">
        <ele>818.9</ele>
      </trkpt>
      <trkpt lat="42.549739" lon="-0.345998">
        <ele>819</ele>
      </trkpt>
      <trkpt lat="42.549364" lon="-0.346419">
        <ele>819.3</ele>
      </trkpt>
      <trkpt lat="42.548926" lon="-0.346974">
        <ele>819.4</ele>
      </trkpt>
      <trkpt lat="42.548736" lon="-0.34718">
        <ele>819.1</ele>
      </trkpt>
      <trkpt lat="42.548434" lon="-0.347528">
        <ele>818.2</ele>
      </trkpt>
      <trkpt lat="42.548132" lon="-0.347825">
        <ele>817</ele>
      </trkpt>
      <trkpt lat="42.547886" lon="-0.348087">
        <ele>816.3</ele>
      </trkpt>
      <trkpt lat="42.547655" lon="-0.348361">
        <ele>816.5</ele>
      </trkpt>
      <trkpt lat="42.547444" lon="-0.348621">
        <ele>816.9</ele>
      </trkpt>
      <trkpt lat="42.547237" lon="-0.348849">
        <ele>817.2</ele>
      </trkpt>
      <trkpt lat="42.547026" lon="-0.3491">
        <ele>816.6</ele>
      </trkpt>
      <trkpt lat="42.546758" lon="-0.349414">
        <ele>815.3</ele>
      </trkpt>
      <trkpt lat="42.546538" lon="-0.349671">
        <ele>814.5</ele>
      </trkpt>
      <trkpt lat="42.546373" lon="-0.34985">
        <ele>814.1</ele>
      </trkpt>
      <trkpt lat="42.546216" lon="-0.350043">
        <ele>814.1</ele>
      </trkpt>
      <trkpt lat="42.546126" lon="-0.350146">
        <ele>814.4</ele>
      </trkpt>
      <trkpt lat="42.545963" lon="-0.350328">
        <ele>815.1</ele>
      </trkpt>
      <trkpt lat="42.545815" lon="-0.350496">
        <ele>815.6</ele>
      </trkpt>
      <trkpt lat="42.545667" lon="-0.350662">
        <ele>815.8</ele>
      </trkpt>
      <trkpt lat="42.545514" lon="-0.350831">
        <ele>815.6</ele>
      </trkpt>
      <trkpt lat="42.545333" lon="-0.351015">
        <ele>815.2</ele>
      </trkpt>
      <trkpt lat="42.545159" lon="-0.351157">
        <ele>814.6</ele>
      </trkpt>
      <trkpt lat="42.544954" lon="-0.351326">
        <ele>814</ele>
      </trkpt>
      <trkpt lat="42.544835" lon="-0.351423">
        <ele>813.7</ele>
      </trkpt>
      <trkpt lat="42.544596" lon="-0.351569">
        <ele>813</ele>
      </trkpt>
      <trkpt lat="42.544341" lon="-0.351729">
        <ele>812.4</ele>
      </trkpt>
      <trkpt lat="42.544133" lon="-0.35185">
        <ele>811.9</ele>
      </trkpt>
      <trkpt lat="42.54406" lon="-0.351882">
        <ele>811.7</ele>
      </trkpt>
      <trkpt lat="42.543967" lon="-0.351944">
        <ele>811.5</ele>
      </trkpt>
      <trkpt lat="42.543661" lon="-0.352124">
        <ele>811.2</ele>
      </trkpt>
      <trkpt lat="42.543387" lon="-0.352286">
        <ele>812.1</ele>
      </trkpt>
      <trkpt lat="42.543211" lon="-0.35239">
        <ele>812.6</ele>
      </trkpt>
      <trkpt lat="42.542924" lon="-0.352561">
        <ele>813.3</ele>
      </trkpt>
      <trkpt lat="42.542601" lon="-0.352752">
        <ele>812.8</ele>
      </trkpt>
      <trkpt lat="42.542378" lon="-0.352882">
        <ele>812.3</ele>
      </trkpt>
      <trkpt lat="42.542198" lon="-0.353004">
        <ele>811.9</ele>
      </trkpt>
      <trkpt lat="42.542076" lon="-0.353082">
        <ele>811.6</ele>
      </trkpt>
      <trkpt lat="42.541918" lon="-0.353226">
        <ele>811.3</ele>
      </trkpt>
      <trkpt lat="42.541728" lon="-0.353411">
        <ele>810.7</ele>
      </trkpt>
      <trkpt lat="42.541613" lon="-0.353523">
        <ele>810.3</ele>
      </trkpt>
      <trkpt lat="42.541395" lon="-0.353813">
        <ele>809.2</ele>
      </trkpt>
      <trkpt lat="42.541284" lon="-0.353965">
        <ele>808.8</ele>
      </trkpt>
      <trkpt lat="42.54121" lon="-0.354081">
        <ele>808.8</ele>
      </trkpt>
      <trkpt lat="42.541021" lon="-0.354341">
        <ele>809.4</ele>
      </trkpt>
      <trkpt lat="42.540885" lon="-0.354521">
        <ele>809.9</ele>
      </trkpt>
      <trkpt lat="42.54081" lon="-0.354629">
        <ele>810.1</ele>
      </trkpt>
      <trkpt lat="42.540715" lon="-0.354787">
        <ele>810.2</ele>
      </trkpt>
      <trkpt lat="42.540575" lon="-0.355001">
        <ele>810.2</ele>
      </trkpt>
      <trkpt lat="42.540416" lon="-0.355223">
        <ele>810</ele>
      </trkpt>
      <trkpt lat="42.540299" lon="-0.355417">
        <ele>809.9</ele>
      </trkpt>
      <trkpt lat="42.540136" lon="-0.355655">
        <ele>811.2</ele>
      </trkpt>
      <trkpt lat="42.539943" lon="-0.355916">
        <ele>812.3</ele>
      </trkpt>
      <trkpt lat="42.539665" lon="-0.356319">
        <ele>813.3</ele>
      </trkpt>
      <trkpt lat="42.539422" lon="-0.356624">
        <ele>812.4</ele>
      </trkpt>
      <trkpt lat="42.539284" lon="-0.356857">
        <ele>811.9</ele>
      </trkpt>
      <trkpt lat="42.539068" lon="-0.357161">
        <ele>811.4</ele>
      </trkpt>
      <trkpt lat="42.538852" lon="-0.357494">
        <ele>811.7</ele>
      </trkpt>
      <trkpt lat="42.538725" lon="-0.357692">
        <ele>812.1</ele>
      </trkpt>
      <trkpt lat="42.538508" lon="-0.358008">
        <ele>812.7</ele>
      </trkpt>
      <trkpt lat="42.538298" lon="-0.35831">
        <ele>812.8</ele>
      </trkpt>
      <trkpt lat="42.538168" lon="-0.358483">
        <ele>812.7</ele>
      </trkpt>
      <trkpt lat="42.537997" lon="-0.358736">
        <ele>812.4</ele>
      </trkpt>
      <trkpt lat="42.537836" lon="-0.358973">
        <ele>812.4</ele>
      </trkpt>
      <trkpt lat="42.53768" lon="-0.359204">
        <ele>812.8</ele>
      </trkpt>
      <trkpt lat="42.53752" lon="-0.359429">
        <ele>813.5</ele>
      </trkpt>
      <trkpt lat="42.537392" lon="-0.359609">
        <ele>814.1</ele>
      </trkpt>
      <trkpt lat="42.537201" lon="-0.359908">
        <ele>814.8</ele>
      </trkpt>
      <trkpt lat="42.537094" lon="-0.3601">
        <ele>815.2</ele>
      </trkpt>
      <trkpt lat="42.536958" lon="-0.360367">
        <ele>815.4</ele>
      </trkpt>
      <trkpt lat="42.536868" lon="-0.360591">
        <ele>815.5</ele>
      </trkpt>
      <trkpt lat="42.536779" lon="-0.360861">
        <ele>815.6</ele>
      </trkpt>
      <trkpt lat="42.536691" lon="-0.361182">
        <ele>815.6</ele>
      </trkpt>
      <trkpt lat="42.536654" lon="-0.361368">
        <ele>815.6</ele>
      </trkpt>
      <trkpt lat="42.536623" lon="-0.361599">
        <ele>815.7</ele>
      </trkpt>
      <trkpt lat="42.536603" lon="-0.36188">
        <ele>815.9</ele>
      </trkpt>
      <trkpt lat="42.536585" lon="-0.362108">
        <ele>816.1</ele>
      </trkpt>
      <trkpt lat="42.536592" lon="-0.362321">
        <ele>816.6</ele>
      </trkpt>
      <trkpt lat="42.536602" lon="-0.362577">
        <ele>817.1</ele>
      </trkpt>
      <trkpt lat="42.536638" lon="-0.362859">
        <ele>817.8</ele>
      </trkpt>
      <trkpt lat="42.536697" lon="-0.363161">
        <ele>818.1</ele>
      </trkpt>
      <trkpt lat="42.536776" lon="-0.363488">
        <ele>818.3</ele>
      </trkpt>
      <trkpt lat="42.536879" lon="-0.363868">
        <ele>818.4</ele>
      </trkpt>
      <trkpt lat="42.536992" lon="-0.36426">
        <ele>818.6</ele>
      </trkpt>
      <trkpt lat="42.537053" lon="-0.36446">
        <ele>818.8</ele>
      </trkpt>
      <trkpt lat="42.537083" lon="-0.364607">
        <ele>818.8</ele>
      </trkpt>
      <trkpt lat="42.537142" lon="-0.364896">
        <ele>816.7</ele>
      </trkpt>
      <trkpt lat="42.537186" lon="-0.365279">
        <ele>814</ele>
      </trkpt>
      <trkpt lat="42.537215" lon="-0.365569">
        <ele>812.6</ele>
      </trkpt>
      <trkpt lat="42.537216" lon="-0.365612">
        <ele>812.4</ele>
      </trkpt>
      <trkpt lat="42.537198" lon="-0.366078">
        <ele>810.3</ele>
      </trkpt>
      <trkpt lat="42.537148" lon="-0.366526">
        <ele>809.9</ele>
      </trkpt>
      <trkpt lat="42.537095" lon="-0.367115">
        <ele>811.2</ele>
      </trkpt>
      <trkpt lat="42.537041" lon="-0.36763">
        <ele>813.7</ele>
      </trkpt>
      <trkpt lat="42.536998" lon="-0.368006">
        <ele>815.3</ele>
      </trkpt>
      <trkpt lat="42.536977" lon="-0.368215">
        <ele>816</ele>
      </trkpt>
      <trkpt lat="42.536965" lon="-0.368374">
        <ele>816.6</ele>
      </trkpt>
      <trkpt lat="42.536955" lon="-0.368467">
        <ele>816.9</ele>
      </trkpt>
      <trkpt lat="42.536938" lon="-0.368579">
        <ele>817.2</ele>
      </trkpt>
      <trkpt lat="42.536921" lon="-0.368668">
        <ele>817.5</ele>
      </trkpt>
      <trkpt lat="42.536903" lon="-0.368741">
        <ele>817.8</ele>
      </trkpt>
      <trkpt lat="42.536884" lon="-0.368828">
        <ele>818.1</ele>
      </trkpt>
      <trkpt lat="42.536856" lon="-0.368932">
        <ele>818.5</ele>
      </trkpt>
      <trkpt lat="42.536834" lon="-0.369006">
        <ele>818.8</ele>
      </trkpt>
      <trkpt lat="42.536809" lon="-0.36908">
        <ele>819.1</ele>
      </trkpt>
      <trkpt lat="42.536775" lon="-0.369157">
        <ele>819.5</ele>
      </trkpt>
      <trkpt lat="42.536745" lon="-0.369234">
        <ele>819.8</ele>
      </trkpt>
      <trkpt lat="42.536718" lon="-0.369293">
        <ele>820.1</ele>
      </trkpt>
      <trkpt lat="42.536683" lon="-0.369372">
        <ele>820.5</ele>
      </trkpt>
      <trkpt lat="42.536647" lon="-0.369438">
        <ele>820.8</ele>
      </trkpt>
      <trkpt lat="42.536616" lon="-0.369494">
        <ele>821.1</ele>
      </trkpt>
      <trkpt lat="42.536594" lon="-0.369533">
        <ele>821.3</ele>
      </trkpt>
      <trkpt lat="42.536542" lon="-0.369614">
        <ele>821.7</ele>
      </trkpt>
      <trkpt lat="42.53648" lon="-0.369697">
        <ele>822.1</ele>
      </trkpt>
      <trkpt lat="42.536424" lon="-0.369791">
        <ele>822.4</ele>
      </trkpt>
      <trkpt lat="42.536375" lon="-0.369862">
        <ele>822.8</ele>
      </trkpt>
      <trkpt lat="42.536317" lon="-0.369933">
        <ele>823.1</ele>
      </trkpt>
      <trkpt lat="42.536267" lon="-0.369984">
        <ele>823.4</ele>
      </trkpt>
      <trkpt lat="42.536193" lon="-0.370048">
        <ele>823.6</ele>
      </trkpt>
      <trkpt lat="42.536139" lon="-0.370095">
        <ele>823.8</ele>
      </trkpt>
      <trkpt lat="42.536071" lon="-0.370147">
        <ele>824</ele>
      </trkpt>
      <trkpt lat="42.535984" lon="-0.370214">
        <ele>824.3</ele>
      </trkpt>
      <trkpt lat="42.535912" lon="-0.370262">
        <ele>824.5</ele>
      </trkpt>
      <trkpt lat="42.535825" lon="-0.370306">
        <ele>824.8</ele>
      </trkpt>
      <trkpt lat="42.53575" lon="-0.370352">
        <ele>825.2</ele>
      </trkpt>
      <trkpt lat="42.535704" lon="-0.370384">
        <ele>825.4</ele>
      </trkpt>
      <trkpt lat="42.535644" lon="-0.370414">
        <ele>825.7</ele>
      </trkpt>
      <trkpt lat="42.535595" lon="-0.370441">
        <ele>826</ele>
      </trkpt>
      <trkpt lat="42.535531" lon="-0.370477">
        <ele>826.4</ele>
      </trkpt>
      <trkpt lat="42.535482" lon="-0.370505">
        <ele>826.7</ele>
      </trkpt>
      <trkpt lat="42.535416" lon="-0.370538">
        <ele>827.2</ele>
      </trkpt>
      <trkpt lat="42.535354" lon="-0.370564">
        <ele>828.1</ele>
      </trkpt>
      <trkpt lat="42.535303" lon="-0.370585">
        <ele>828.9</ele>
      </trkpt>
      <trkpt lat="42.535245" lon="-0.370607">
        <ele>829.8</ele>
      </trkpt>
      <trkpt lat="42.535183" lon="-0.370626">
        <ele>830.7</ele>
      </trkpt>
      <trkpt lat="42.535141" lon="-0.370634">
        <ele>831.2</ele>
      </trkpt>
      <trkpt lat="42.535053" lon="-0.370655">
        <ele>832.5</ele>
      </trkpt>
      <trkpt lat="42.534995" lon="-0.370666">
        <ele>833.4</ele>
      </trkpt>
      <trkpt lat="42.534932" lon="-0.370678">
        <ele>834.3</ele>
      </trkpt>
      <trkpt lat="42.534882" lon="-0.370679">
        <ele>834.9</ele>
      </trkpt>
      <trkpt lat="42.534841" lon="-0.370688">
        <ele>835.5</ele>
      </trkpt>
      <trkpt lat="42.534678" lon="-0.370683">
        <ele>837.4</ele>
      </trkpt>
      <trkpt lat="42.534589" lon="-0.370674">
        <ele>838.3</ele>
      </trkpt>
      <trkpt lat="42.534539" lon="-0.370665">
        <ele>839</ele>
      </trkpt>
      <trkpt lat="42.534464" lon="-0.370645">
        <ele>840.1</ele>
      </trkpt>
      <trkpt lat="42.534414" lon="-0.370633">
        <ele>840.8</ele>
      </trkpt>
      <trkpt lat="42.534363" lon="-0.370619">
        <ele>841.6</ele>
      </trkpt>
      <trkpt lat="42.534314" lon="-0.370599">
        <ele>842.2</ele>
      </trkpt>
      <trkpt lat="42.534264" lon="-0.370577">
        <ele>842.9</ele>
      </trkpt>
      <trkpt lat="42.534212" lon="-0.370556">
        <ele>843.7</ele>
      </trkpt>
      <trkpt lat="42.534163" lon="-0.370536">
        <ele>844.4</ele>
      </trkpt>
      <trkpt lat="42.534111" lon="-0.370513">
        <ele>845.2</ele>
      </trkpt>
      <trkpt lat="42.534061" lon="-0.370482">
        <ele>845.9</ele>
      </trkpt>
      <trkpt lat="42.534002" lon="-0.370451">
        <ele>846.9</ele>
      </trkpt>
      <trkpt lat="42.533939" lon="-0.370403">
        <ele>847.7</ele>
      </trkpt>
      <trkpt lat="42.533888" lon="-0.370367">
        <ele>848</ele>
      </trkpt>
      <trkpt lat="42.533836" lon="-0.370328">
        <ele>848.2</ele>
      </trkpt>
      <trkpt lat="42.533786" lon="-0.370281">
        <ele>848.2</ele>
      </trkpt>
      <trkpt lat="42.533737" lon="-0.370246">
        <ele>848.2</ele>
      </trkpt>
      <trkpt lat="42.533711" lon="-0.37022">
        <ele>847.7</ele>
      </trkpt>
      <trkpt lat="42.533666" lon="-0.370177">
        <ele>847</ele>
      </trkpt>
      <trkpt lat="42.53362" lon="-0.370134">
        <ele>846.3</ele>
      </trkpt>
      <trkpt lat="42.533574" lon="-0.370079">
        <ele>845.4</ele>
      </trkpt>
      <trkpt lat="42.533537" lon="-0.370038">
        <ele>844.8</ele>
      </trkpt>
      <trkpt lat="42.53351" lon="-0.369997">
        <ele>844.2</ele>
      </trkpt>
      <trkpt lat="42.533473" lon="-0.369949">
        <ele>843.5</ele>
      </trkpt>
      <trkpt lat="42.533436" lon="-0.369895">
        <ele>842.7</ele>
      </trkpt>
      <trkpt lat="42.533397" lon="-0.369845">
        <ele>842.1</ele>
      </trkpt>
      <trkpt lat="42.533368" lon="-0.369791">
        <ele>841.4</ele>
      </trkpt>
      <trkpt lat="42.53334" lon="-0.369737">
        <ele>840.7</ele>
      </trkpt>
      <trkpt lat="42.533308" lon="-0.369689">
        <ele>840.2</ele>
      </trkpt>
      <trkpt lat="42.533272" lon="-0.369624">
        <ele>839.4</ele>
      </trkpt>
      <trkpt lat="42.533244" lon="-0.36956">
        <ele>838.7</ele>
      </trkpt>
      <trkpt lat="42.53321" lon="-0.369491">
        <ele>838</ele>
      </trkpt>
      <trkpt lat="42.533175" lon="-0.369421">
        <ele>837.2</ele>
      </trkpt>
      <trkpt lat="42.533148" lon="-0.369355">
        <ele>836.4</ele>
      </trkpt>
      <trkpt lat="42.533121" lon="-0.369279">
        <ele>835.3</ele>
      </trkpt>
      <trkpt lat="42.533102" lon="-0.369222">
        <ele>834.5</ele>
      </trkpt>
      <trkpt lat="42.53308" lon="-0.369153">
        <ele>833.5</ele>
      </trkpt>
      <trkpt lat="42.533054" lon="-0.369052">
        <ele>831.9</ele>
      </trkpt>
      <trkpt lat="42.533035" lon="-0.36898">
        <ele>830.7</ele>
      </trkpt>
      <trkpt lat="42.533024" lon="-0.368907">
        <ele>829.5</ele>
      </trkpt>
      <trkpt lat="42.53301" lon="-0.368844">
        <ele>828.4</ele>
      </trkpt>
      <trkpt lat="42.533001" lon="-0.368772">
        <ele>827.1</ele>
      </trkpt>
      <trkpt lat="42.53298" lon="-0.368698">
        <ele>826.2</ele>
      </trkpt>
      <trkpt lat="42.532961" lon="-0.368614">
        <ele>825.4</ele>
      </trkpt>
      <trkpt lat="42.532946" lon="-0.368544">
        <ele>824.7</ele>
      </trkpt>
      <trkpt lat="42.532932" lon="-0.368469">
        <ele>823.9</ele>
      </trkpt>
      <trkpt lat="42.532914" lon="-0.368386">
        <ele>823.1</ele>
      </trkpt>
      <trkpt lat="42.532899" lon="-0.368319">
        <ele>822.5</ele>
      </trkpt>
      <trkpt lat="42.532876" lon="-0.36824">
        <ele>821.7</ele>
      </trkpt>
      <trkpt lat="42.532863" lon="-0.368143">
        <ele>820.8</ele>
      </trkpt>
      <trkpt lat="42.532832" lon="-0.36805">
        <ele>819.9</ele>
      </trkpt>
      <trkpt lat="42.532809" lon="-0.367958">
        <ele>819.1</ele>
      </trkpt>
      <trkpt lat="42.532771" lon="-0.36785">
        <ele>818.7</ele>
      </trkpt>
      <trkpt lat="42.532736" lon="-0.367747">
        <ele>818.5</ele>
      </trkpt>
      <trkpt lat="42.532698" lon="-0.367655">
        <ele>818.4</ele>
      </trkpt>
      <trkpt lat="42.532652" lon="-0.367574">
        <ele>818.2</ele>
      </trkpt>
      <trkpt lat="42.532615" lon="-0.367492">
        <ele>818.1</ele>
      </trkpt>
      <trkpt lat="42.532568" lon="-0.367403">
        <ele>817.8</ele>
      </trkpt>
      <trkpt lat="42.532532" lon="-0.367341">
        <ele>817.7</ele>
      </trkpt>
      <trkpt lat="42.532484" lon="-0.367269">
        <ele>817.4</ele>
      </trkpt>
      <trkpt lat="42.532437" lon="-0.36721">
        <ele>817.2</ele>
      </trkpt>
      <trkpt lat="42.532406" lon="-0.367159">
        <ele>817</ele>
      </trkpt>
      <trkpt lat="42.532367" lon="-0.367115">
        <ele>816.8</ele>
      </trkpt>
      <trkpt lat="42.532327" lon="-0.36707">
        <ele>816.6</ele>
      </trkpt>
      <trkpt lat="42.532283" lon="-0.367015">
        <ele>816.3</ele>
      </trkpt>
      <trkpt lat="42.532241" lon="-0.366971">
        <ele>816.1</ele>
      </trkpt>
      <trkpt lat="42.532218" lon="-0.36694">
        <ele>815.9</ele>
      </trkpt>
      <trkpt lat="42.532157" lon="-0.366881">
        <ele>815.7</ele>
      </trkpt>
      <trkpt lat="42.532108" lon="-0.366831">
        <ele>815.4</ele>
      </trkpt>
      <trkpt lat="42.532061" lon="-0.366777">
        <ele>815.2</ele>
      </trkpt>
      <trkpt lat="42.531992" lon="-0.366702">
        <ele>815</ele>
      </trkpt>
      <trkpt lat="42.531927" lon="-0.366641">
        <ele>814.8</ele>
      </trkpt>
      <trkpt lat="42.531872" lon="-0.366578">
        <ele>814.5</ele>
      </trkpt>
      <trkpt lat="42.531825" lon="-0.366533">
        <ele>814.3</ele>
      </trkpt>
      <trkpt lat="42.531781" lon="-0.366476">
        <ele>814</ele>
      </trkpt>
      <trkpt lat="42.531746" lon="-0.366436">
        <ele>813.8</ele>
      </trkpt>
      <trkpt lat="42.531707" lon="-0.366396">
        <ele>813.6</ele>
      </trkpt>
      <trkpt lat="42.531652" lon="-0.366348">
        <ele>813.3</ele>
      </trkpt>
      <trkpt lat="42.531604" lon="-0.366303">
        <ele>813</ele>
      </trkpt>
      <trkpt lat="42.531559" lon="-0.366264">
        <ele>812.8</ele>
      </trkpt>
      <trkpt lat="42.531519" lon="-0.366225">
        <ele>812.6</ele>
      </trkpt>
      <trkpt lat="42.531478" lon="-0.366189">
        <ele>812.5</ele>
      </trkpt>
      <trkpt lat="42.531435" lon="-0.366146">
        <ele>812.5</ele>
      </trkpt>
      <trkpt lat="42.531392" lon="-0.366107">
        <ele>812.4</ele>
      </trkpt>
      <trkpt lat="42.531346" lon="-0.366064">
        <ele>812.4</ele>
      </trkpt>
      <trkpt lat="42.531295" lon="-0.366018">
        <ele>812.4</ele>
      </trkpt>
      <trkpt lat="42.531239" lon="-0.365968">
        <ele>812.4</ele>
      </trkpt>
      <trkpt lat="42.531188" lon="-0.36591">
        <ele>812.6</ele>
      </trkpt>
      <trkpt lat="42.531143" lon="-0.365865">
        <ele>812.7</ele>
      </trkpt>
      <trkpt lat="42.531106" lon="-0.365832">
        <ele>812.8</ele>
      </trkpt>
      <trkpt lat="42.53107" lon="-0.365796">
        <ele>812.8</ele>
      </trkpt>
      <trkpt lat="42.531031" lon="-0.365761">
        <ele>812.9</ele>
      </trkpt>
      <trkpt lat="42.530992" lon="-0.365727">
        <ele>812.9</ele>
      </trkpt>
      <trkpt lat="42.530954" lon="-0.365694">
        <ele>813</ele>
      </trkpt>
      <trkpt lat="42.53092" lon="-0.365662">
        <ele>813</ele>
      </trkpt>
      <trkpt lat="42.530879" lon="-0.365621">
        <ele>812.9</ele>
      </trkpt>
      <trkpt lat="42.530837" lon="-0.365584">
        <ele>812.9</ele>
      </trkpt>
      <trkpt lat="42.530803" lon="-0.365552">
        <ele>812.8</ele>
      </trkpt>
      <trkpt lat="42.530767" lon="-0.365521">
        <ele>812.8</ele>
      </trkpt>
      <trkpt lat="42.530725" lon="-0.365473">
        <ele>812.6</ele>
      </trkpt>
      <trkpt lat="42.530678" lon="-0.365437">
        <ele>812.5</ele>
      </trkpt>
      <trkpt lat="42.530638" lon="-0.365401">
        <ele>812.4</ele>
      </trkpt>
      <trkpt lat="42.530597" lon="-0.365366">
        <ele>812.3</ele>
      </trkpt>
      <trkpt lat="42.530557" lon="-0.365327">
        <ele>812.2</ele>
      </trkpt>
      <trkpt lat="42.530508" lon="-0.365287">
        <ele>812.1</ele>
      </trkpt>
      <trkpt lat="42.530469" lon="-0.365255">
        <ele>812.1</ele>
      </trkpt>
      <trkpt lat="42.530437" lon="-0.365219">
        <ele>812</ele>
      </trkpt>
      <trkpt lat="42.530397" lon="-0.365185">
        <ele>812.1</ele>
      </trkpt>
      <trkpt lat="42.530356" lon="-0.36515">
        <ele>812.4</ele>
      </trkpt>
      <trkpt lat="42.53031" lon="-0.36511">
        <ele>812.6</ele>
      </trkpt>
      <trkpt lat="42.53027" lon="-0.365069">
        <ele>812.8</ele>
      </trkpt>
      <trkpt lat="42.530225" lon="-0.365034">
        <ele>813</ele>
      </trkpt>
      <trkpt lat="42.530188" lon="-0.364997">
        <ele>813</ele>
      </trkpt>
      <trkpt lat="42.530152" lon="-0.364957">
        <ele>813</ele>
      </trkpt>
      <trkpt lat="42.530114" lon="-0.364921">
        <ele>813</ele>
      </trkpt>
      <trkpt lat="42.530069" lon="-0.364885">
        <ele>813.1</ele>
      </trkpt>
      <trkpt lat="42.530031" lon="-0.364852">
        <ele>813</ele>
      </trkpt>
      <trkpt lat="42.530002" lon="-0.364824">
        <ele>812.9</ele>
      </trkpt>
      <trkpt lat="42.52996" lon="-0.364785">
        <ele>812.8</ele>
      </trkpt>
      <trkpt lat="42.529918" lon="-0.364747">
        <ele>812.6</ele>
      </trkpt>
      <trkpt lat="42.52988" lon="-0.364712">
        <ele>812.4</ele>
      </trkpt>
      <trkpt lat="42.52984" lon="-0.364677">
        <ele>812.2</ele>
      </trkpt>
      <trkpt lat="42.529806" lon="-0.364645">
        <ele>812</ele>
      </trkpt>
      <trkpt lat="42.529766" lon="-0.364611">
        <ele>811.7</ele>
      </trkpt>
      <trkpt lat="42.52973" lon="-0.364577">
        <ele>811.4</ele>
      </trkpt>
      <trkpt lat="42.529688" lon="-0.364537">
        <ele>811.4</ele>
      </trkpt>
      <trkpt lat="42.52965" lon="-0.3645">
        <ele>811.3</ele>
      </trkpt>
      <trkpt lat="42.529603" lon="-0.36446">
        <ele>811.3</ele>
      </trkpt>
      <trkpt lat="42.529566" lon="-0.36443">
        <ele>811.5</ele>
      </trkpt>
      <trkpt lat="42.529529" lon="-0.364395">
        <ele>812</ele>
      </trkpt>
      <trkpt lat="42.52949" lon="-0.364354">
        <ele>812.3</ele>
      </trkpt>
      <trkpt lat="42.52945" lon="-0.364316">
        <ele>812.7</ele>
      </trkpt>
      <trkpt lat="42.529407" lon="-0.364282">
        <ele>813.1</ele>
      </trkpt>
      <trkpt lat="42.529368" lon="-0.364244">
        <ele>813.4</ele>
      </trkpt>
      <trkpt lat="42.529336" lon="-0.364216">
        <ele>813.6</ele>
      </trkpt>
      <trkpt lat="42.529299" lon="-0.364181">
        <ele>813.9</ele>
      </trkpt>
      <trkpt lat="42.529261" lon="-0.364148">
        <ele>814.1</ele>
      </trkpt>
      <trkpt lat="42.529218" lon="-0.364107">
        <ele>814.3</ele>
      </trkpt>
      <trkpt lat="42.529174" lon="-0.36407">
        <ele>814.5</ele>
      </trkpt>
      <trkpt lat="42.529137" lon="-0.364034">
        <ele>814.6</ele>
      </trkpt>
      <trkpt lat="42.529096" lon="-0.363992">
        <ele>814.6</ele>
      </trkpt>
      <trkpt lat="42.529046" lon="-0.363951">
        <ele>814.7</ele>
      </trkpt>
      <trkpt lat="42.528998" lon="-0.363904">
        <ele>814.7</ele>
      </trkpt>
      <trkpt lat="42.52895" lon="-0.363858">
        <ele>814.6</ele>
      </trkpt>
      <trkpt lat="42.52891" lon="-0.363821">
        <ele>814.6</ele>
      </trkpt>
      <trkpt lat="42.528875" lon="-0.363786">
        <ele>814.4</ele>
      </trkpt>
      <trkpt lat="42.528825" lon="-0.363744">
        <ele>814.3</ele>
      </trkpt>
      <trkpt lat="42.528789" lon="-0.363707">
        <ele>814.3</ele>
      </trkpt>
      <trkpt lat="42.528754" lon="-0.363662">
        <ele>814.1</ele>
      </trkpt>
      <trkpt lat="42.528715" lon="-0.363628">
        <ele>814.2</ele>
      </trkpt>
      <trkpt lat="42.52868" lon="-0.363588">
        <ele>814.2</ele>
      </trkpt>
      <trkpt lat="42.528642" lon="-0.363548">
        <ele>814.2</ele>
      </trkpt>
      <trkpt lat="42.528605" lon="-0.363504">
        <ele>814.1</ele>
      </trkpt>
      <trkpt lat="42.528567" lon="-0.363466">
        <ele>814.1</ele>
      </trkpt>
      <trkpt lat="42.528538" lon="-0.363436">
        <ele>814</ele>
      </trkpt>
      <trkpt lat="42.528501" lon="-0.363391">
        <ele>813.9</ele>
      </trkpt>
      <trkpt lat="42.528462" lon="-0.363349">
        <ele>813.8</ele>
      </trkpt>
      <trkpt lat="42.528442" lon="-0.363317">
        <ele>813.6</ele>
      </trkpt>
      <trkpt lat="42.528418" lon="-0.363285">
        <ele>813.4</ele>
      </trkpt>
      <trkpt lat="42.528385" lon="-0.363245">
        <ele>813.2</ele>
      </trkpt>
      <trkpt lat="42.52835" lon="-0.363208">
        <ele>813</ele>
      </trkpt>
      <trkpt lat="42.528327" lon="-0.36317">
        <ele>812.7</ele>
      </trkpt>
      <trkpt lat="42.528298" lon="-0.363133">
        <ele>812.5</ele>
      </trkpt>
      <trkpt lat="42.528269" lon="-0.363086">
        <ele>812.1</ele>
      </trkpt>
      <trkpt lat="42.528234" lon="-0.363042">
        <ele>811.8</ele>
      </trkpt>
      <trkpt lat="42.528201" lon="-0.362979">
        <ele>811.1</ele>
      </trkpt>
      <trkpt lat="42.528167" lon="-0.362926">
        <ele>810.6</ele>
      </trkpt>
      <trkpt lat="42.528132" lon="-0.362876">
        <ele>810.4</ele>
      </trkpt>
      <trkpt lat="42.528099" lon="-0.362815">
        <ele>810.2</ele>
      </trkpt>
      <trkpt lat="42.528074" lon="-0.362757">
        <ele>809.9</ele>
      </trkpt>
      <trkpt lat="42.528052" lon="-0.362713">
        <ele>809.8</ele>
      </trkpt>
      <trkpt lat="42.528018" lon="-0.362648">
        <ele>809.5</ele>
      </trkpt>
      <trkpt lat="42.52799" lon="-0.362582">
        <ele>809.2</ele>
      </trkpt>
      <trkpt lat="42.527959" lon="-0.362519">
        <ele>808.9</ele>
      </trkpt>
      <trkpt lat="42.52794" lon="-0.362452">
        <ele>808.5</ele>
      </trkpt>
      <trkpt lat="42.527906" lon="-0.362357">
        <ele>808.1</ele>
      </trkpt>
      <trkpt lat="42.527878" lon="-0.362291">
        <ele>808</ele>
      </trkpt>
      <trkpt lat="42.52786" lon="-0.36223">
        <ele>807.8</ele>
      </trkpt>
      <trkpt lat="42.527843" lon="-0.362187">
        <ele>807.7</ele>
      </trkpt>
      <trkpt lat="42.527828" lon="-0.362133">
        <ele>807.5</ele>
      </trkpt>
      <trkpt lat="42.527808" lon="-0.362075">
        <ele>807.3</ele>
      </trkpt>
      <trkpt lat="42.527785" lon="-0.361993">
        <ele>807.2</ele>
      </trkpt>
      <trkpt lat="42.527766" lon="-0.361926">
        <ele>807.2</ele>
      </trkpt>
      <trkpt lat="42.527748" lon="-0.361854">
        <ele>807.1</ele>
      </trkpt>
      <trkpt lat="42.527732" lon="-0.361795">
        <ele>807</ele>
      </trkpt>
      <trkpt lat="42.527716" lon="-0.361732">
        <ele>806.9</ele>
      </trkpt>
      <trkpt lat="42.527698" lon="-0.361664">
        <ele>806.7</ele>
      </trkpt>
      <trkpt lat="42.527677" lon="-0.361578">
        <ele>806.4</ele>
      </trkpt>
      <trkpt lat="42.527658" lon="-0.361497">
        <ele>806.2</ele>
      </trkpt>
      <trkpt lat="42.527641" lon="-0.361434">
        <ele>805.9</ele>
      </trkpt>
      <trkpt lat="42.527624" lon="-0.361367">
        <ele>805.7</ele>
      </trkpt>
      <trkpt lat="42.527603" lon="-0.361292">
        <ele>805.4</ele>
      </trkpt>
      <trkpt lat="42.527585" lon="-0.361208">
        <ele>805.1</ele>
      </trkpt>
      <trkpt lat="42.527562" lon="-0.361136">
        <ele>805</ele>
      </trkpt>
      <trkpt lat="42.527544" lon="-0.361064">
        <ele>804.9</ele>
      </trkpt>
      <trkpt lat="42.527527" lon="-0.360992">
        <ele>804.8</ele>
      </trkpt>
      <trkpt lat="42.5275" lon="-0.3609">
        <ele>804.7</ele>
      </trkpt>
      <trkpt lat="42.527478" lon="-0.360816">
        <ele>804.6</ele>
      </trkpt>
      <trkpt lat="42.527456" lon="-0.360753">
        <ele>804.5</ele>
      </trkpt>
      <trkpt lat="42.527441" lon="-0.360695">
        <ele>804.5</ele>
      </trkpt>
      <trkpt lat="42.527418" lon="-0.360631">
        <ele>804.5</ele>
      </trkpt>
      <trkpt lat="42.527393" lon="-0.36057">
        <ele>804.5</ele>
      </trkpt>
      <trkpt lat="42.527368" lon="-0.360517">
        <ele>804.5</ele>
      </trkpt>
      <trkpt lat="42.527342" lon="-0.36045">
        <ele>804.5</ele>
      </trkpt>
      <trkpt lat="42.527311" lon="-0.360368">
        <ele>804.5</ele>
      </trkpt>
      <trkpt lat="42.52729" lon="-0.360314">
        <ele>804.5</ele>
      </trkpt>
      <trkpt lat="42.527264" lon="-0.360245">
        <ele>804.5</ele>
      </trkpt>
      <trkpt lat="42.527231" lon="-0.360182">
        <ele>804.6</ele>
      </trkpt>
      <trkpt lat="42.527197" lon="-0.360117">
        <ele>804.6</ele>
      </trkpt>
      <trkpt lat="42.527166" lon="-0.360058">
        <ele>804.6</ele>
      </trkpt>
      <trkpt lat="42.527133" lon="-0.36001">
        <ele>804.7</ele>
      </trkpt>
      <trkpt lat="42.527095" lon="-0.359925">
        <ele>804.8</ele>
      </trkpt>
      <trkpt lat="42.527053" lon="-0.359877">
        <ele>804.5</ele>
      </trkpt>
      <trkpt lat="42.527018" lon="-0.359823">
        <ele>804.2</ele>
      </trkpt>
      <trkpt lat="42.526985" lon="-0.359779">
        <ele>804</ele>
      </trkpt>
      <trkpt lat="42.526946" lon="-0.359725">
        <ele>803.7</ele>
      </trkpt>
      <trkpt lat="42.526893" lon="-0.359651">
        <ele>803.2</ele>
      </trkpt>
      <trkpt lat="42.526828" lon="-0.359566">
        <ele>802.7</ele>
      </trkpt>
      <trkpt lat="42.526788" lon="-0.359516">
        <ele>802.3</ele>
      </trkpt>
      <trkpt lat="42.526752" lon="-0.359468">
        <ele>801.9</ele>
      </trkpt>
      <trkpt lat="42.526711" lon="-0.359425">
        <ele>801.6</ele>
      </trkpt>
      <trkpt lat="42.526675" lon="-0.359377">
        <ele>801.3</ele>
      </trkpt>
      <trkpt lat="42.526635" lon="-0.359343">
        <ele>801</ele>
      </trkpt>
      <trkpt lat="42.526587" lon="-0.359291">
        <ele>800.7</ele>
      </trkpt>
      <trkpt lat="42.526533" lon="-0.35923">
        <ele>800.4</ele>
      </trkpt>
      <trkpt lat="42.526488" lon="-0.359178">
        <ele>800.1</ele>
      </trkpt>
      <trkpt lat="42.526439" lon="-0.359125">
        <ele>799.9</ele>
      </trkpt>
      <trkpt lat="42.526391" lon="-0.359084">
        <ele>799.7</ele>
      </trkpt>
      <trkpt lat="42.526352" lon="-0.359036">
        <ele>799.5</ele>
      </trkpt>
      <trkpt lat="42.526322" lon="-0.358997">
        <ele>799.4</ele>
      </trkpt>
      <trkpt lat="42.52627" lon="-0.358952">
        <ele>799.3</ele>
      </trkpt>
      <trkpt lat="42.526235" lon="-0.358904">
        <ele>799.2</ele>
      </trkpt>
      <trkpt lat="42.526195" lon="-0.358863">
        <ele>799.1</ele>
      </trkpt>
      <trkpt lat="42.526134" lon="-0.358802">
        <ele>799.1</ele>
      </trkpt>
      <trkpt lat="42.526093" lon="-0.358753">
        <ele>799</ele>
      </trkpt>
      <trkpt lat="42.526056" lon="-0.35871">
        <ele>798.9</ele>
      </trkpt>
      <trkpt lat="42.52601" lon="-0.358662">
        <ele>798.7</ele>
      </trkpt>
      <trkpt lat="42.525962" lon="-0.35861">
        <ele>798.5</ele>
      </trkpt>
      <trkpt lat="42.525924" lon="-0.358575">
        <ele>798.4</ele>
      </trkpt>
      <trkpt lat="42.525882" lon="-0.35853">
        <ele>798.2</ele>
      </trkpt>
      <trkpt lat="42.525839" lon="-0.358474">
        <ele>798</ele>
      </trkpt>
      <trkpt lat="42.525791" lon="-0.358424">
        <ele>797.8</ele>
      </trkpt>
      <trkpt lat="42.525745" lon="-0.358378">
        <ele>797.7</ele>
      </trkpt>
      <trkpt lat="42.525698" lon="-0.358319">
        <ele>797.5</ele>
      </trkpt>
      <trkpt lat="42.525643" lon="-0.35827">
        <ele>797.3</ele>
      </trkpt>
      <trkpt lat="42.5256" lon="-0.358218">
        <ele>797.1</ele>
      </trkpt>
      <trkpt lat="42.525562" lon="-0.358178">
        <ele>796.9</ele>
      </trkpt>
      <trkpt lat="42.525523" lon="-0.358136">
        <ele>796.8</ele>
      </trkpt>
      <trkpt lat="42.525474" lon="-0.358087">
        <ele>796.6</ele>
      </trkpt>
      <trkpt lat="42.525426" lon="-0.358032">
        <ele>796.4</ele>
      </trkpt>
      <trkpt lat="42.525389" lon="-0.357992">
        <ele>796.2</ele>
      </trkpt>
      <trkpt lat="42.525349" lon="-0.35795">
        <ele>796</ele>
      </trkpt>
      <trkpt lat="42.525312" lon="-0.357909">
        <ele>795.9</ele>
      </trkpt>
      <trkpt lat="42.525271" lon="-0.357862">
        <ele>795.8</ele>
      </trkpt>
      <trkpt lat="42.525229" lon="-0.357814">
        <ele>795.7</ele>
      </trkpt>
      <trkpt lat="42.525187" lon="-0.357766">
        <ele>795.5</ele>
      </trkpt>
      <trkpt lat="42.525133" lon="-0.357708">
        <ele>795.4</ele>
      </trkpt>
      <trkpt lat="42.525095" lon="-0.357663">
        <ele>795.3</ele>
      </trkpt>
      <trkpt lat="42.525052" lon="-0.357625">
        <ele>795.2</ele>
      </trkpt>
      <trkpt lat="42.525012" lon="-0.357583">
        <ele>795.1</ele>
      </trkpt>
      <trkpt lat="42.524973" lon="-0.357538">
        <ele>795</ele>
      </trkpt>
      <trkpt lat="42.524929" lon="-0.35749">
        <ele>794.9</ele>
      </trkpt>
      <trkpt lat="42.524875" lon="-0.35743">
        <ele>794.8</ele>
      </trkpt>
      <trkpt lat="42.524831" lon="-0.357379">
        <ele>794.7</ele>
      </trkpt>
      <trkpt lat="42.524779" lon="-0.357328">
        <ele>794.5</ele>
      </trkpt>
      <trkpt lat="42.524727" lon="-0.357274">
        <ele>794.4</ele>
      </trkpt>
      <trkpt lat="42.524678" lon="-0.357223">
        <ele>794.3</ele>
      </trkpt>
      <trkpt lat="42.524639" lon="-0.357172">
        <ele>794.2</ele>
      </trkpt>
      <trkpt lat="42.524595" lon="-0.357126">
        <ele>794.1</ele>
      </trkpt>
      <trkpt lat="42.524552" lon="-0.357074">
        <ele>794</ele>
      </trkpt>
      <trkpt lat="42.524502" lon="-0.357033">
        <ele>793.9</ele>
      </trkpt>
      <trkpt lat="42.52446" lon="-0.356979">
        <ele>793.9</ele>
      </trkpt>
      <trkpt lat="42.524424" lon="-0.356938">
        <ele>793.8</ele>
      </trkpt>
      <trkpt lat="42.524393" lon="-0.356908">
        <ele>793.8</ele>
      </trkpt>
      <trkpt lat="42.524361" lon="-0.356871">
        <ele>793.7</ele>
      </trkpt>
      <trkpt lat="42.524328" lon="-0.356834">
        <ele>793.7</ele>
      </trkpt>
      <trkpt lat="42.524281" lon="-0.356786">
        <ele>793.6</ele>
      </trkpt>
      <trkpt lat="42.524234" lon="-0.356729">
        <ele>793.6</ele>
      </trkpt>
      <trkpt lat="42.52419" lon="-0.356684">
        <ele>793.5</ele>
      </trkpt>
      <trkpt lat="42.524158" lon="-0.356646">
        <ele>793.5</ele>
      </trkpt>
      <trkpt lat="42.524115" lon="-0.356601">
        <ele>793.4</ele>
      </trkpt>
      <trkpt lat="42.524075" lon="-0.35656">
        <ele>793.4</ele>
      </trkpt>
      <trkpt lat="42.524041" lon="-0.356526">
        <ele>793.3</ele>
      </trkpt>
      <trkpt lat="42.523999" lon="-0.356485">
        <ele>793.3</ele>
      </trkpt>
      <trkpt lat="42.523965" lon="-0.356445">
        <ele>793.3</ele>
      </trkpt>
      <trkpt lat="42.523912" lon="-0.356389">
        <ele>793.2</ele>
      </trkpt>
      <trkpt lat="42.523876" lon="-0.356348">
        <ele>793.2</ele>
      </trkpt>
      <trkpt lat="42.523828" lon="-0.356293">
        <ele>793.1</ele>
      </trkpt>
      <trkpt lat="42.523789" lon="-0.356254">
        <ele>793</ele>
      </trkpt>
      <trkpt lat="42.52375" lon="-0.356208">
        <ele>792.9</ele>
      </trkpt>
      <trkpt lat="42.523715" lon="-0.356177">
        <ele>792.7</ele>
      </trkpt>
      <trkpt lat="42.523674" lon="-0.356126">
        <ele>792.5</ele>
      </trkpt>
      <trkpt lat="42.523635" lon="-0.356082">
        <ele>792.3</ele>
      </trkpt>
      <trkpt lat="42.523595" lon="-0.356043">
        <ele>792.2</ele>
      </trkpt>
      <trkpt lat="42.523552" lon="-0.355999">
        <ele>792</ele>
      </trkpt>
      <trkpt lat="42.523509" lon="-0.35595">
        <ele>791.8</ele>
      </trkpt>
      <trkpt lat="42.523458" lon="-0.355891">
        <ele>791.7</ele>
      </trkpt>
      <trkpt lat="42.523413" lon="-0.355841">
        <ele>791.5</ele>
      </trkpt>
      <trkpt lat="42.52336" lon="-0.35578">
        <ele>791.4</ele>
      </trkpt>
      <trkpt lat="42.523313" lon="-0.355737">
        <ele>791.3</ele>
      </trkpt>
      <trkpt lat="42.523279" lon="-0.355695">
        <ele>791.2</ele>
      </trkpt>
      <trkpt lat="42.523228" lon="-0.355641">
        <ele>791.1</ele>
      </trkpt>
      <trkpt lat="42.523174" lon="-0.355584">
        <ele>791</ele>
      </trkpt>
      <trkpt lat="42.523125" lon="-0.355525">
        <ele>790.9</ele>
      </trkpt>
      <trkpt lat="42.52308" lon="-0.355473">
        <ele>790.9</ele>
      </trkpt>
      <trkpt lat="42.52304" lon="-0.35543">
        <ele>790.9</ele>
      </trkpt>
      <trkpt lat="42.523011" lon="-0.355405">
        <ele>790.9</ele>
      </trkpt>
      <trkpt lat="42.522976" lon="-0.355358">
        <ele>790.9</ele>
      </trkpt>
      <trkpt lat="42.522932" lon="-0.355314">
        <ele>790.9</ele>
      </trkpt>
      <trkpt lat="42.522894" lon="-0.355275">
        <ele>790.9</ele>
      </trkpt>
      <trkpt lat="42.522861" lon="-0.355238">
        <ele>790.9</ele>
      </trkpt>
      <trkpt lat="42.522821" lon="-0.355204">
        <ele>790.9</ele>
      </trkpt>
      <trkpt lat="42.522782" lon="-0.355162">
        <ele>790.9</ele>
      </trkpt>
      <trkpt lat="42.522744" lon="-0.35512">
        <ele>790.9</ele>
      </trkpt>
      <trkpt lat="42.522709" lon="-0.35508">
        <ele>790.9</ele>
      </trkpt>
      <trkpt lat="42.522678" lon="-0.355043">
        <ele>791</ele>
      </trkpt>
      <trkpt lat="42.522638" lon="-0.355004">
        <ele>791</ele>
      </trkpt>
      <trkpt lat="42.522597" lon="-0.354953">
        <ele>791</ele>
      </trkpt>
      <trkpt lat="42.522555" lon="-0.354906">
        <ele>791.1</ele>
      </trkpt>
      <trkpt lat="42.522517" lon="-0.354868">
        <ele>791.1</ele>
      </trkpt>
      <trkpt lat="42.522475" lon="-0.354825">
        <ele>791.2</ele>
      </trkpt>
      <trkpt lat="42.522437" lon="-0.354787">
        <ele>791.3</ele>
      </trkpt>
      <trkpt lat="42.522395" lon="-0.354733">
        <ele>791.3</ele>
      </trkpt>
      <trkpt lat="42.522355" lon="-0.354692">
        <ele>791.4</ele>
      </trkpt>
      <trkpt lat="42.522318" lon="-0.354653">
        <ele>791.5</ele>
      </trkpt>
      <trkpt lat="42.522276" lon="-0.354601">
        <ele>791.5</ele>
      </trkpt>
      <trkpt lat="42.522231" lon="-0.354543">
        <ele>791.6</ele>
      </trkpt>
      <trkpt lat="42.522186" lon="-0.354507">
        <ele>791.7</ele>
      </trkpt>
      <trkpt lat="42.522146" lon="-0.354463">
        <ele>791.7</ele>
      </trkpt>
      <trkpt lat="42.522106" lon="-0.354417">
        <ele>791.7</ele>
      </trkpt>
      <trkpt lat="42.522067" lon="-0.354382">
        <ele>791.8</ele>
      </trkpt>
      <trkpt lat="42.522031" lon="-0.354338">
        <ele>791.7</ele>
      </trkpt>
      <trkpt lat="42.521988" lon="-0.3543">
        <ele>791.6</ele>
      </trkpt>
      <trkpt lat="42.521946" lon="-0.354249">
        <ele>791.5</ele>
      </trkpt>
      <trkpt lat="42.521905" lon="-0.354199">
        <ele>791.4</ele>
      </trkpt>
      <trkpt lat="42.52186" lon="-0.354154">
        <ele>791.3</ele>
      </trkpt>
      <trkpt lat="42.521823" lon="-0.354116">
        <ele>791.3</ele>
      </trkpt>
      <trkpt lat="42.521773" lon="-0.354069">
        <ele>791.2</ele>
      </trkpt>
      <trkpt lat="42.521722" lon="-0.354007">
        <ele>791</ele>
      </trkpt>
      <trkpt lat="42.521681" lon="-0.35396">
        <ele>790.9</ele>
      </trkpt>
      <trkpt lat="42.521645" lon="-0.353923">
        <ele>790.8</ele>
      </trkpt>
      <trkpt lat="42.521607" lon="-0.353895">
        <ele>790.7</ele>
      </trkpt>
      <trkpt lat="42.521568" lon="-0.353842">
        <ele>790.6</ele>
      </trkpt>
      <trkpt lat="42.521523" lon="-0.353801">
        <ele>790.4</ele>
      </trkpt>
      <trkpt lat="42.521484" lon="-0.353755">
        <ele>790.3</ele>
      </trkpt>
      <trkpt lat="42.521447" lon="-0.353708">
        <ele>790</ele>
      </trkpt>
      <trkpt lat="42.52141" lon="-0.353675">
        <ele>789.7</ele>
      </trkpt>
      <trkpt lat="42.521372" lon="-0.353629">
        <ele>789.4</ele>
      </trkpt>
      <trkpt lat="42.521335" lon="-0.353586">
        <ele>789.1</ele>
      </trkpt>
      <trkpt lat="42.521286" lon="-0.353534">
        <ele>788.7</ele>
      </trkpt>
      <trkpt lat="42.521254" lon="-0.353498">
        <ele>788.5</ele>
      </trkpt>
      <trkpt lat="42.521206" lon="-0.353447">
        <ele>788.1</ele>
      </trkpt>
      <trkpt lat="42.521169" lon="-0.353405">
        <ele>787.8</ele>
      </trkpt>
      <trkpt lat="42.521128" lon="-0.353358">
        <ele>787.5</ele>
      </trkpt>
      <trkpt lat="42.521088" lon="-0.353302">
        <ele>787.1</ele>
      </trkpt>
      <trkpt lat="42.521048" lon="-0.353263">
        <ele>786.9</ele>
      </trkpt>
      <trkpt lat="42.521003" lon="-0.3532">
        <ele>786.6</ele>
      </trkpt>
      <trkpt lat="42.520965" lon="-0.353156">
        <ele>786.4</ele>
      </trkpt>
      <trkpt lat="42.520927" lon="-0.353109">
        <ele>786.2</ele>
      </trkpt>
      <trkpt lat="42.520893" lon="-0.35306">
        <ele>786</ele>
      </trkpt>
      <trkpt lat="42.520854" lon="-0.353004">
        <ele>785.8</ele>
      </trkpt>
      <trkpt lat="42.520783" lon="-0.35291">
        <ele>785.6</ele>
      </trkpt>
      <trkpt lat="42.520727" lon="-0.352806">
        <ele>785.6</ele>
      </trkpt>
      <trkpt lat="42.520659" lon="-0.352714">
        <ele>785.7</ele>
      </trkpt>
      <trkpt lat="42.520608" lon="-0.352633">
        <ele>785.8</ele>
      </trkpt>
      <trkpt lat="42.520557" lon="-0.352593">
        <ele>785.8</ele>
      </trkpt>
      <trkpt lat="42.520472" lon="-0.352598">
        <ele>785.9</ele>
      </trkpt>
      <trkpt lat="42.520371" lon="-0.352548">
        <ele>786</ele>
      </trkpt>
      <trkpt lat="42.520318" lon="-0.352435">
        <ele>786.1</ele>
      </trkpt>
      <trkpt lat="42.520328" lon="-0.352314">
        <ele>786.1</ele>
      </trkpt>
      <trkpt lat="42.520366" lon="-0.352203">
        <ele>786.1</ele>
      </trkpt>
      <trkpt lat="42.520358" lon="-0.352092">
        <ele>786.1</ele>
      </trkpt>
      <trkpt lat="42.520315" lon="-0.351972">
        <ele>786</ele>
      </trkpt>
      <trkpt lat="42.520273" lon="-0.351892">
        <ele>786</ele>
      </trkpt>
      <trkpt lat="42.520226" lon="-0.351795">
        <ele>786</ele>
      </trkpt>
      <trkpt lat="42.520181" lon="-0.351714">
        <ele>786</ele>
      </trkpt>
      <trkpt lat="42.520142" lon="-0.351596">
        <ele>785.9</ele>
      </trkpt>
      <trkpt lat="42.520086" lon="-0.351511">
        <ele>786</ele>
      </trkpt>
      <trkpt lat="42.52005" lon="-0.351409">
        <ele>786</ele>
      </trkpt>
      <trkpt lat="42.519993" lon="-0.351281">
        <ele>786</ele>
      </trkpt>
      <trkpt lat="42.51996" lon="-0.351206">
        <ele>785.8</ele>
      </trkpt>
      <trkpt lat="42.519932" lon="-0.351143">
        <ele>785.5</ele>
      </trkpt>
      <trkpt lat="42.519901" lon="-0.351075">
        <ele>785.2</ele>
      </trkpt>
      <trkpt lat="42.519874" lon="-0.35101">
        <ele>784.9</ele>
      </trkpt>
      <trkpt lat="42.519853" lon="-0.350962">
        <ele>784.6</ele>
      </trkpt>
      <trkpt lat="42.519823" lon="-0.350898">
        <ele>784.3</ele>
      </trkpt>
      <trkpt lat="42.519796" lon="-0.350843">
        <ele>784</ele>
      </trkpt>
      <trkpt lat="42.51977" lon="-0.350778">
        <ele>783.7</ele>
      </trkpt>
      <trkpt lat="42.519734" lon="-0.350697">
        <ele>783.3</ele>
      </trkpt>
      <trkpt lat="42.519703" lon="-0.350623">
        <ele>783</ele>
      </trkpt>
      <trkpt lat="42.519676" lon="-0.350546">
        <ele>782.6</ele>
      </trkpt>
      <trkpt lat="42.519647" lon="-0.350487">
        <ele>782.3</ele>
      </trkpt>
      <trkpt lat="42.51962" lon="-0.350428">
        <ele>782</ele>
      </trkpt>
      <trkpt lat="42.519594" lon="-0.350378">
        <ele>781.9</ele>
      </trkpt>
      <trkpt lat="42.519568" lon="-0.350309">
        <ele>781.9</ele>
      </trkpt>
      <trkpt lat="42.519537" lon="-0.35024">
        <ele>781.8</ele>
      </trkpt>
      <trkpt lat="42.51951" lon="-0.350171">
        <ele>781.7</ele>
      </trkpt>
      <trkpt lat="42.519475" lon="-0.350099">
        <ele>781.6</ele>
      </trkpt>
      <trkpt lat="42.519437" lon="-0.350023">
        <ele>781.5</ele>
      </trkpt>
      <trkpt lat="42.519399" lon="-0.349938">
        <ele>781.5</ele>
      </trkpt>
      <trkpt lat="42.519369" lon="-0.349857">
        <ele>781.4</ele>
      </trkpt>
      <trkpt lat="42.519342" lon="-0.349802">
        <ele>781.4</ele>
      </trkpt>
      <trkpt lat="42.519315" lon="-0.34974">
        <ele>781.4</ele>
      </trkpt>
      <trkpt lat="42.519281" lon="-0.349666">
        <ele>781.4</ele>
      </trkpt>
      <trkpt lat="42.519254" lon="-0.349592">
        <ele>781.4</ele>
      </trkpt>
      <trkpt lat="42.519223" lon="-0.349527">
        <ele>781.3</ele>
      </trkpt>
      <trkpt lat="42.519195" lon="-0.349464">
        <ele>781.3</ele>
      </trkpt>
      <trkpt lat="42.51917" lon="-0.349414">
        <ele>781.2</ele>
      </trkpt>
      <trkpt lat="42.51915" lon="-0.349361">
        <ele>781.1</ele>
      </trkpt>
      <trkpt lat="42.519112" lon="-0.349278">
        <ele>781</ele>
      </trkpt>
      <trkpt lat="42.519087" lon="-0.349215">
        <ele>780.9</ele>
      </trkpt>
      <trkpt lat="42.519057" lon="-0.349156">
        <ele>780.8</ele>
      </trkpt>
      <trkpt lat="42.519032" lon="-0.349096">
        <ele>780.7</ele>
      </trkpt>
      <trkpt lat="42.51901" lon="-0.349039">
        <ele>780.6</ele>
      </trkpt>
      <trkpt lat="42.518978" lon="-0.348978">
        <ele>780.5</ele>
      </trkpt>
      <trkpt lat="42.518948" lon="-0.348913">
        <ele>780.3</ele>
      </trkpt>
      <trkpt lat="42.518922" lon="-0.348853">
        <ele>780.2</ele>
      </trkpt>
      <trkpt lat="42.518896" lon="-0.348788">
        <ele>780.1</ele>
      </trkpt>
      <trkpt lat="42.518839" lon="-0.348672">
        <ele>779.9</ele>
      </trkpt>
      <trkpt lat="42.518802" lon="-0.348585">
        <ele>779.8</ele>
      </trkpt>
      <trkpt lat="42.518775" lon="-0.34852">
        <ele>779.7</ele>
      </trkpt>
      <trkpt lat="42.518752" lon="-0.348465">
        <ele>779.7</ele>
      </trkpt>
      <trkpt lat="42.518732" lon="-0.348413">
        <ele>779.5</ele>
      </trkpt>
      <trkpt lat="42.518706" lon="-0.348361">
        <ele>779.4</ele>
      </trkpt>
      <trkpt lat="42.518679" lon="-0.348301">
        <ele>779.2</ele>
      </trkpt>
      <trkpt lat="42.518651" lon="-0.34824">
        <ele>779</ele>
      </trkpt>
      <trkpt lat="42.518615" lon="-0.348161">
        <ele>778.7</ele>
      </trkpt>
      <trkpt lat="42.51859" lon="-0.348093">
        <ele>778.5</ele>
      </trkpt>
      <trkpt lat="42.518557" lon="-0.348024">
        <ele>778.3</ele>
      </trkpt>
      <trkpt lat="42.518535" lon="-0.347966">
        <ele>778.1</ele>
      </trkpt>
      <trkpt lat="42.518502" lon="-0.34789">
        <ele>777.6</ele>
      </trkpt>
      <trkpt lat="42.518474" lon="-0.347829">
        <ele>776.9</ele>
      </trkpt>
      <trkpt lat="42.518448" lon="-0.347758">
        <ele>776.2</ele>
      </trkpt>
      <trkpt lat="42.518419" lon="-0.347701">
        <ele>775.6</ele>
      </trkpt>
      <trkpt lat="42.518395" lon="-0.347642">
        <ele>774.9</ele>
      </trkpt>
      <trkpt lat="42.518371" lon="-0.347588">
        <ele>774.3</ele>
      </trkpt>
      <trkpt lat="42.518351" lon="-0.347544">
        <ele>773.8</ele>
      </trkpt>
      <trkpt lat="42.518334" lon="-0.347497">
        <ele>773.2</ele>
      </trkpt>
      <trkpt lat="42.518312" lon="-0.347444">
        <ele>772.6</ele>
      </trkpt>
      <trkpt lat="42.518292" lon="-0.347389">
        <ele>772</ele>
      </trkpt>
      <trkpt lat="42.518263" lon="-0.34733">
        <ele>771.2</ele>
      </trkpt>
      <trkpt lat="42.518242" lon="-0.347273">
        <ele>770.5</ele>
      </trkpt>
      <trkpt lat="42.518219" lon="-0.347229">
        <ele>769.9</ele>
      </trkpt>
      <trkpt lat="42.518192" lon="-0.347167">
        <ele>769.1</ele>
      </trkpt>
      <trkpt lat="42.518167" lon="-0.347105">
        <ele>768.3</ele>
      </trkpt>
      <trkpt lat="42.518143" lon="-0.347041">
        <ele>767.9</ele>
      </trkpt>
      <trkpt lat="42.518113" lon="-0.346982">
        <ele>767.7</ele>
      </trkpt>
      <trkpt lat="42.518099" lon="-0.346937">
        <ele>767.7</ele>
      </trkpt>
      <trkpt lat="42.518065" lon="-0.346877">
        <ele>767.5</ele>
      </trkpt>
      <trkpt lat="42.518046" lon="-0.346826">
        <ele>767.4</ele>
      </trkpt>
      <trkpt lat="42.518024" lon="-0.346786">
        <ele>767.3</ele>
      </trkpt>
      <trkpt lat="42.517999" lon="-0.346718">
        <ele>767.3</ele>
      </trkpt>
      <trkpt lat="42.517969" lon="-0.346649">
        <ele>767.3</ele>
      </trkpt>
      <trkpt lat="42.517939" lon="-0.346586">
        <ele>767.3</ele>
      </trkpt>
      <trkpt lat="42.517912" lon="-0.34652">
        <ele>767.4</ele>
      </trkpt>
      <trkpt lat="42.517881" lon="-0.34646">
        <ele>767.5</ele>
      </trkpt>
      <trkpt lat="42.517856" lon="-0.346401">
        <ele>767.7</ele>
      </trkpt>
      <trkpt lat="42.517829" lon="-0.346342">
        <ele>768</ele>
      </trkpt>
      <trkpt lat="42.5178" lon="-0.346278">
        <ele>768.2</ele>
      </trkpt>
      <trkpt lat="42.517773" lon="-0.346209">
        <ele>768.5</ele>
      </trkpt>
      <trkpt lat="42.517747" lon="-0.346154">
        <ele>768.7</ele>
      </trkpt>
      <trkpt lat="42.517715" lon="-0.346086">
        <ele>768.9</ele>
      </trkpt>
      <trkpt lat="42.517689" lon="-0.346029">
        <ele>769.1</ele>
      </trkpt>
      <trkpt lat="42.517666" lon="-0.345977">
        <ele>769.2</ele>
      </trkpt>
      <trkpt lat="42.517641" lon="-0.345922">
        <ele>769.3</ele>
      </trkpt>
      <trkpt lat="42.517618" lon="-0.345868">
        <ele>769.4</ele>
      </trkpt>
      <trkpt lat="42.517596" lon="-0.345816">
        <ele>769.5</ele>
      </trkpt>
      <trkpt lat="42.517573" lon="-0.345762">
        <ele>769.6</ele>
      </trkpt>
      <trkpt lat="42.517547" lon="-0.345708">
        <ele>769.7</ele>
      </trkpt>
      <trkpt lat="42.517523" lon="-0.345651">
        <ele>769.7</ele>
      </trkpt>
      <trkpt lat="42.517494" lon="-0.345593">
        <ele>769.8</ele>
      </trkpt>
      <trkpt lat="42.517468" lon="-0.34554">
        <ele>769.8</ele>
      </trkpt>
      <trkpt lat="42.51745" lon="-0.345499">
        <ele>769.8</ele>
      </trkpt>
      <trkpt lat="42.517427" lon="-0.34545">
        <ele>769.8</ele>
      </trkpt>
      <trkpt lat="42.517401" lon="-0.345397">
        <ele>769.9</ele>
      </trkpt>
      <trkpt lat="42.517375" lon="-0.345344">
        <ele>770.2</ele>
      </trkpt>
      <trkpt lat="42.517348" lon="-0.345281">
        <ele>770.4</ele>
      </trkpt>
      <trkpt lat="42.517319" lon="-0.345214">
        <ele>770.6</ele>
      </trkpt>
      <trkpt lat="42.51729" lon="-0.345155">
        <ele>770.7</ele>
      </trkpt>
      <trkpt lat="42.517264" lon="-0.3451">
        <ele>770.8</ele>
      </trkpt>
      <trkpt lat="42.517231" lon="-0.345028">
        <ele>770.8</ele>
      </trkpt>
      <trkpt lat="42.517204" lon="-0.344974">
        <ele>770.7</ele>
      </trkpt>
      <trkpt lat="42.517176" lon="-0.344915">
        <ele>770.6</ele>
      </trkpt>
      <trkpt lat="42.517144" lon="-0.344847">
        <ele>770.4</ele>
      </trkpt>
      <trkpt lat="42.517112" lon="-0.344787">
        <ele>770.1</ele>
      </trkpt>
      <trkpt lat="42.517074" lon="-0.344729">
        <ele>769.8</ele>
      </trkpt>
      <trkpt lat="42.517037" lon="-0.34466">
        <ele>769.7</ele>
      </trkpt>
      <trkpt lat="42.51699" lon="-0.344595">
        <ele>769.7</ele>
      </trkpt>
      <trkpt lat="42.516962" lon="-0.34454">
        <ele>770.3</ele>
      </trkpt>
      <trkpt lat="42.516934" lon="-0.344499">
        <ele>770.8</ele>
      </trkpt>
      <trkpt lat="42.516901" lon="-0.344444">
        <ele>771.6</ele>
      </trkpt>
      <trkpt lat="42.516868" lon="-0.344394">
        <ele>772.2</ele>
      </trkpt>
      <trkpt lat="42.516828" lon="-0.344345">
        <ele>772.8</ele>
      </trkpt>
      <trkpt lat="42.516793" lon="-0.344301">
        <ele>773.2</ele>
      </trkpt>
      <trkpt lat="42.516752" lon="-0.344244">
        <ele>773.8</ele>
      </trkpt>
      <trkpt lat="42.516712" lon="-0.344195">
        <ele>774.2</ele>
      </trkpt>
      <trkpt lat="42.516665" lon="-0.34414">
        <ele>774.6</ele>
      </trkpt>
      <trkpt lat="42.516623" lon="-0.34409">
        <ele>774.9</ele>
      </trkpt>
      <trkpt lat="42.516584" lon="-0.344048">
        <ele>775.1</ele>
      </trkpt>
      <trkpt lat="42.51654" lon="-0.344006">
        <ele>775.3</ele>
      </trkpt>
      <trkpt lat="42.516493" lon="-0.343958">
        <ele>775.4</ele>
      </trkpt>
      <trkpt lat="42.516454" lon="-0.343913">
        <ele>775.5</ele>
      </trkpt>
      <trkpt lat="42.516407" lon="-0.343866">
        <ele>775.6</ele>
      </trkpt>
      <trkpt lat="42.51636" lon="-0.343817">
        <ele>775.6</ele>
      </trkpt>
      <trkpt lat="42.516308" lon="-0.343777">
        <ele>775.4</ele>
      </trkpt>
      <trkpt lat="42.516261" lon="-0.343743">
        <ele>775.2</ele>
      </trkpt>
      <trkpt lat="42.516212" lon="-0.343707">
        <ele>775.4</ele>
      </trkpt>
      <trkpt lat="42.516173" lon="-0.343677">
        <ele>775.7</ele>
      </trkpt>
      <trkpt lat="42.516122" lon="-0.343639">
        <ele>776</ele>
      </trkpt>
      <trkpt lat="42.516089" lon="-0.343619">
        <ele>776.1</ele>
      </trkpt>
      <trkpt lat="42.516044" lon="-0.343592">
        <ele>776.3</ele>
      </trkpt>
      <trkpt lat="42.515999" lon="-0.343562">
        <ele>776.5</ele>
      </trkpt>
      <trkpt lat="42.515959" lon="-0.343536">
        <ele>776.7</ele>
      </trkpt>
      <trkpt lat="42.515912" lon="-0.343508">
        <ele>776.9</ele>
      </trkpt>
      <trkpt lat="42.51587" lon="-0.343487">
        <ele>777</ele>
      </trkpt>
      <trkpt lat="42.515819" lon="-0.343454">
        <ele>777.2</ele>
      </trkpt>
      <trkpt lat="42.515764" lon="-0.343433">
        <ele>777.2</ele>
      </trkpt>
      <trkpt lat="42.515715" lon="-0.343417">
        <ele>777.2</ele>
      </trkpt>
      <trkpt lat="42.515666" lon="-0.343391">
        <ele>777.3</ele>
      </trkpt>
      <trkpt lat="42.515624" lon="-0.343375">
        <ele>777.4</ele>
      </trkpt>
      <trkpt lat="42.515578" lon="-0.343355">
        <ele>777.4</ele>
      </trkpt>
      <trkpt lat="42.515538" lon="-0.343345">
        <ele>777.4</ele>
      </trkpt>
      <trkpt lat="42.515487" lon="-0.343332">
        <ele>777.3</ele>
      </trkpt>
      <trkpt lat="42.515441" lon="-0.343317">
        <ele>777.3</ele>
      </trkpt>
      <trkpt lat="42.515393" lon="-0.343306">
        <ele>777.5</ele>
      </trkpt>
      <trkpt lat="42.515355" lon="-0.343295">
        <ele>778</ele>
      </trkpt>
      <trkpt lat="42.515261" lon="-0.34328">
        <ele>779</ele>
      </trkpt>
      <trkpt lat="42.51521" lon="-0.343264">
        <ele>779.6</ele>
      </trkpt>
      <trkpt lat="42.515162" lon="-0.343256">
        <ele>780.1</ele>
      </trkpt>
      <trkpt lat="42.515106" lon="-0.343256">
        <ele>780.6</ele>
      </trkpt>
      <trkpt lat="42.515055" lon="-0.343254">
        <ele>781.1</ele>
      </trkpt>
      <trkpt lat="42.514995" lon="-0.343249">
        <ele>781.6</ele>
      </trkpt>
      <trkpt lat="42.514951" lon="-0.343241">
        <ele>782.1</ele>
      </trkpt>
      <trkpt lat="42.514908" lon="-0.343238">
        <ele>782.5</ele>
      </trkpt>
      <trkpt lat="42.514868" lon="-0.343241">
        <ele>782.8</ele>
      </trkpt>
      <trkpt lat="42.5148" lon="-0.343242">
        <ele>783.4</ele>
      </trkpt>
      <trkpt lat="42.514744" lon="-0.34325">
        <ele>783.8</ele>
      </trkpt>
      <trkpt lat="42.514693" lon="-0.343251">
        <ele>784.2</ele>
      </trkpt>
      <trkpt lat="42.514654" lon="-0.343255">
        <ele>784.5</ele>
      </trkpt>
      <trkpt lat="42.514607" lon="-0.343252">
        <ele>785</ele>
      </trkpt>
      <trkpt lat="42.514567" lon="-0.343265">
        <ele>785.4</ele>
      </trkpt>
      <trkpt lat="42.514504" lon="-0.343279">
        <ele>786.5</ele>
      </trkpt>
      <trkpt lat="42.514453" lon="-0.343295">
        <ele>787.3</ele>
      </trkpt>
      <trkpt lat="42.514411" lon="-0.3433">
        <ele>788.1</ele>
      </trkpt>
      <trkpt lat="42.514361" lon="-0.343313">
        <ele>789</ele>
      </trkpt>
      <trkpt lat="42.514306" lon="-0.343337">
        <ele>789.8</ele>
      </trkpt>
      <trkpt lat="42.514263" lon="-0.343343">
        <ele>790.6</ele>
      </trkpt>
      <trkpt lat="42.514216" lon="-0.343361">
        <ele>791.3</ele>
      </trkpt>
      <trkpt lat="42.514171" lon="-0.343386">
        <ele>791.9</ele>
      </trkpt>
      <trkpt lat="42.514115" lon="-0.343411">
        <ele>792.7</ele>
      </trkpt>
      <trkpt lat="42.514066" lon="-0.343433">
        <ele>793.4</ele>
      </trkpt>
      <trkpt lat="42.514018" lon="-0.34346">
        <ele>794.1</ele>
      </trkpt>
      <trkpt lat="42.513975" lon="-0.343487">
        <ele>794.6</ele>
      </trkpt>
      <trkpt lat="42.513923" lon="-0.34352">
        <ele>795.2</ele>
      </trkpt>
      <trkpt lat="42.513883" lon="-0.343545">
        <ele>795.7</ele>
      </trkpt>
      <trkpt lat="42.513838" lon="-0.343573">
        <ele>796.3</ele>
      </trkpt>
      <trkpt lat="42.513786" lon="-0.343607">
        <ele>796.9</ele>
      </trkpt>
      <trkpt lat="42.513742" lon="-0.343637">
        <ele>797.2</ele>
      </trkpt>
      <trkpt lat="42.513707" lon="-0.343662">
        <ele>797</ele>
      </trkpt>
      <trkpt lat="42.513662" lon="-0.343697">
        <ele>796.7</ele>
      </trkpt>
      <trkpt lat="42.513615" lon="-0.343732">
        <ele>796.5</ele>
      </trkpt>
      <trkpt lat="42.51358" lon="-0.343759">
        <ele>796.3</ele>
      </trkpt>
      <trkpt lat="42.513541" lon="-0.343783">
        <ele>796.2</ele>
      </trkpt>
      <trkpt lat="42.513498" lon="-0.343813">
        <ele>796.2</ele>
      </trkpt>
      <trkpt lat="42.513441" lon="-0.343857">
        <ele>796.1</ele>
      </trkpt>
      <trkpt lat="42.513389" lon="-0.343898">
        <ele>796.2</ele>
      </trkpt>
      <trkpt lat="42.513354" lon="-0.343928">
        <ele>796.2</ele>
      </trkpt>
      <trkpt lat="42.513302" lon="-0.343969">
        <ele>796.4</ele>
      </trkpt>
      <trkpt lat="42.513262" lon="-0.343997">
        <ele>796.6</ele>
      </trkpt>
      <trkpt lat="42.513223" lon="-0.344027">
        <ele>796.9</ele>
      </trkpt>
      <trkpt lat="42.513168" lon="-0.344071">
        <ele>797.3</ele>
      </trkpt>
      <trkpt lat="42.513135" lon="-0.344099">
        <ele>797.6</ele>
      </trkpt>
      <trkpt lat="42.513101" lon="-0.344124">
        <ele>798</ele>
      </trkpt>
      <trkpt lat="42.513066" lon="-0.344157">
        <ele>798.4</ele>
      </trkpt>
      <trkpt lat="42.513022" lon="-0.344196">
        <ele>798.9</ele>
      </trkpt>
      <trkpt lat="42.51297" lon="-0.344238">
        <ele>799.7</ele>
      </trkpt>
      <trkpt lat="42.512914" lon="-0.34428">
        <ele>800.5</ele>
      </trkpt>
      <trkpt lat="42.512878" lon="-0.344313">
        <ele>800.7</ele>
      </trkpt>
      <trkpt lat="42.512828" lon="-0.344356">
        <ele>800.8</ele>
      </trkpt>
      <trkpt lat="42.512786" lon="-0.344385">
        <ele>800.8</ele>
      </trkpt>
      <trkpt lat="42.512738" lon="-0.34442">
        <ele>800.9</ele>
      </trkpt>
      <trkpt lat="42.512698" lon="-0.344455">
        <ele>801</ele>
      </trkpt>
      <trkpt lat="42.512657" lon="-0.344494">
        <ele>801.1</ele>
      </trkpt>
      <trkpt lat="42.512611" lon="-0.344533">
        <ele>801.1</ele>
      </trkpt>
      <trkpt lat="42.51257" lon="-0.344567">
        <ele>801.1</ele>
      </trkpt>
      <trkpt lat="42.512522" lon="-0.344606">
        <ele>801.3</ele>
      </trkpt>
      <trkpt lat="42.512481" lon="-0.344633">
        <ele>801.4</ele>
      </trkpt>
      <trkpt lat="42.512436" lon="-0.344673">
        <ele>801.7</ele>
      </trkpt>
      <trkpt lat="42.512395" lon="-0.344705">
        <ele>801.9</ele>
      </trkpt>
      <trkpt lat="42.512359" lon="-0.344732">
        <ele>802</ele>
      </trkpt>
      <trkpt lat="42.512313" lon="-0.344768">
        <ele>802.3</ele>
      </trkpt>
      <trkpt lat="42.512263" lon="-0.344815">
        <ele>802.6</ele>
      </trkpt>
      <trkpt lat="42.51222" lon="-0.344853">
        <ele>802.9</ele>
      </trkpt>
      <trkpt lat="42.512178" lon="-0.344883">
        <ele>803.1</ele>
      </trkpt>
      <trkpt lat="42.512128" lon="-0.344921">
        <ele>803.3</ele>
      </trkpt>
      <trkpt lat="42.512094" lon="-0.344948">
        <ele>803.5</ele>
      </trkpt>
      <trkpt lat="42.512061" lon="-0.344983">
        <ele>803.6</ele>
      </trkpt>
      <trkpt lat="42.512035" lon="-0.34501">
        <ele>803.5</ele>
      </trkpt>
      <trkpt lat="42.511996" lon="-0.345043">
        <ele>803.4</ele>
      </trkpt>
      <trkpt lat="42.511946" lon="-0.345086">
        <ele>803.2</ele>
      </trkpt>
      <trkpt lat="42.511912" lon="-0.345121">
        <ele>803.1</ele>
      </trkpt>
      <trkpt lat="42.511869" lon="-0.345149">
        <ele>802.8</ele>
      </trkpt>
      <trkpt lat="42.511837" lon="-0.345182">
        <ele>802.7</ele>
      </trkpt>
      <trkpt lat="42.511796" lon="-0.345215">
        <ele>802.5</ele>
      </trkpt>
      <trkpt lat="42.511758" lon="-0.345249">
        <ele>802.3</ele>
      </trkpt>
      <trkpt lat="42.511727" lon="-0.34528">
        <ele>802.2</ele>
      </trkpt>
      <trkpt lat="42.511688" lon="-0.34531">
        <ele>801.9</ele>
      </trkpt>
      <trkpt lat="42.511648" lon="-0.345338">
        <ele>801.7</ele>
      </trkpt>
      <trkpt lat="42.51161" lon="-0.345375">
        <ele>801.4</ele>
      </trkpt>
      <trkpt lat="42.511563" lon="-0.345411">
        <ele>801.1</ele>
      </trkpt>
      <trkpt lat="42.511518" lon="-0.345459">
        <ele>801</ele>
      </trkpt>
      <trkpt lat="42.511474" lon="-0.345497">
        <ele>800.8</ele>
      </trkpt>
      <trkpt lat="42.511434" lon="-0.345533">
        <ele>800.6</ele>
      </trkpt>
      <trkpt lat="42.511399" lon="-0.345567">
        <ele>800.5</ele>
      </trkpt>
      <trkpt lat="42.511359" lon="-0.345609">
        <ele>800.4</ele>
      </trkpt>
      <trkpt lat="42.511321" lon="-0.345652">
        <ele>800.2</ele>
      </trkpt>
      <trkpt lat="42.511276" lon="-0.345695">
        <ele>800</ele>
      </trkpt>
      <trkpt lat="42.511245" lon="-0.345742">
        <ele>800.1</ele>
      </trkpt>
      <trkpt lat="42.511212" lon="-0.345782">
        <ele>800.1</ele>
      </trkpt>
      <trkpt lat="42.511181" lon="-0.345818">
        <ele>800</ele>
      </trkpt>
      <trkpt lat="42.511146" lon="-0.345858">
        <ele>800</ele>
      </trkpt>
      <trkpt lat="42.511114" lon="-0.345896">
        <ele>799.9</ele>
      </trkpt>
      <trkpt lat="42.51109" lon="-0.345939">
        <ele>799.9</ele>
      </trkpt>
      <trkpt lat="42.511064" lon="-0.345982">
        <ele>799.9</ele>
      </trkpt>
      <trkpt lat="42.511034" lon="-0.346029">
        <ele>799.8</ele>
      </trkpt>
      <trkpt lat="42.511007" lon="-0.346079">
        <ele>799.8</ele>
      </trkpt>
      <trkpt lat="42.510977" lon="-0.346129">
        <ele>799.6</ele>
      </trkpt>
      <trkpt lat="42.51095" lon="-0.346174">
        <ele>799.5</ele>
      </trkpt>
      <trkpt lat="42.510926" lon="-0.346229">
        <ele>799.4</ele>
      </trkpt>
      <trkpt lat="42.510891" lon="-0.34629">
        <ele>799</ele>
      </trkpt>
      <trkpt lat="42.510861" lon="-0.346353">
        <ele>798.6</ele>
      </trkpt>
      <trkpt lat="42.510835" lon="-0.346409">
        <ele>798.2</ele>
      </trkpt>
      <trkpt lat="42.51081" lon="-0.346467">
        <ele>797.9</ele>
      </trkpt>
      <trkpt lat="42.510787" lon="-0.346526">
        <ele>797.6</ele>
      </trkpt>
      <trkpt lat="42.510741" lon="-0.346638">
        <ele>796.9</ele>
      </trkpt>
      <trkpt lat="42.51071" lon="-0.346711">
        <ele>796.5</ele>
      </trkpt>
      <trkpt lat="42.510686" lon="-0.346786">
        <ele>796.2</ele>
      </trkpt>
      <trkpt lat="42.510666" lon="-0.346846">
        <ele>795.9</ele>
      </trkpt>
      <trkpt lat="42.510649" lon="-0.346912">
        <ele>795.7</ele>
      </trkpt>
      <trkpt lat="42.510631" lon="-0.346977">
        <ele>795.5</ele>
      </trkpt>
      <trkpt lat="42.510608" lon="-0.347048">
        <ele>795.2</ele>
      </trkpt>
      <trkpt lat="42.510594" lon="-0.347138">
        <ele>795</ele>
      </trkpt>
      <trkpt lat="42.510571" lon="-0.347227">
        <ele>794.5</ele>
      </trkpt>
      <trkpt lat="42.510556" lon="-0.347311">
        <ele>794.3</ele>
      </trkpt>
      <trkpt lat="42.510544" lon="-0.347378">
        <ele>794</ele>
      </trkpt>
      <trkpt lat="42.510533" lon="-0.34744">
        <ele>793.8</ele>
      </trkpt>
      <trkpt lat="42.510522" lon="-0.347514">
        <ele>793.5</ele>
      </trkpt>
      <trkpt lat="42.510515" lon="-0.347588">
        <ele>793.3</ele>
      </trkpt>
      <trkpt lat="42.510498" lon="-0.347687">
        <ele>792.9</ele>
      </trkpt>
      <trkpt lat="42.510486" lon="-0.347778">
        <ele>792.6</ele>
      </trkpt>
      <trkpt lat="42.510479" lon="-0.347854">
        <ele>792.4</ele>
      </trkpt>
      <trkpt lat="42.510467" lon="-0.347923">
        <ele>792.1</ele>
      </trkpt>
      <trkpt lat="42.510461" lon="-0.347983">
        <ele>791.9</ele>
      </trkpt>
      <trkpt lat="42.510452" lon="-0.348061">
        <ele>791.6</ele>
      </trkpt>
      <trkpt lat="42.51044" lon="-0.348145">
        <ele>791.2</ele>
      </trkpt>
      <trkpt lat="42.510429" lon="-0.348231">
        <ele>790.9</ele>
      </trkpt>
      <trkpt lat="42.510421" lon="-0.348306">
        <ele>790.6</ele>
      </trkpt>
      <trkpt lat="42.510413" lon="-0.348377">
        <ele>790.5</ele>
      </trkpt>
      <trkpt lat="42.510398" lon="-0.348452">
        <ele>790.6</ele>
      </trkpt>
      <trkpt lat="42.510391" lon="-0.348528">
        <ele>790.6</ele>
      </trkpt>
      <trkpt lat="42.510378" lon="-0.348615">
        <ele>790.6</ele>
      </trkpt>
      <trkpt lat="42.510366" lon="-0.348703">
        <ele>790.7</ele>
      </trkpt>
      <trkpt lat="42.510357" lon="-0.348779">
        <ele>790.8</ele>
      </trkpt>
      <trkpt lat="42.510351" lon="-0.34885">
        <ele>790.8</ele>
      </trkpt>
      <trkpt lat="42.510341" lon="-0.34893">
        <ele>790.9</ele>
      </trkpt>
      <trkpt lat="42.510327" lon="-0.349012">
        <ele>791.1</ele>
      </trkpt>
      <trkpt lat="42.51032" lon="-0.349084">
        <ele>791.2</ele>
      </trkpt>
      <trkpt lat="42.510304" lon="-0.349204">
        <ele>791.5</ele>
      </trkpt>
      <trkpt lat="42.51029" lon="-0.349304">
        <ele>791.8</ele>
      </trkpt>
      <trkpt lat="42.510279" lon="-0.349393">
        <ele>792.1</ele>
      </trkpt>
      <trkpt lat="42.51027" lon="-0.349476">
        <ele>792.3</ele>
      </trkpt>
      <trkpt lat="42.510264" lon="-0.349537">
        <ele>792.5</ele>
      </trkpt>
      <trkpt lat="42.510254" lon="-0.349621">
        <ele>792.9</ele>
      </trkpt>
      <trkpt lat="42.51024" lon="-0.349723">
        <ele>793.6</ele>
      </trkpt>
      <trkpt lat="42.510223" lon="-0.349815">
        <ele>794.4</ele>
      </trkpt>
      <trkpt lat="42.51021" lon="-0.349901">
        <ele>795</ele>
      </trkpt>
      <trkpt lat="42.510198" lon="-0.350015">
        <ele>795.8</ele>
      </trkpt>
      <trkpt lat="42.510189" lon="-0.350088">
        <ele>796.4</ele>
      </trkpt>
      <trkpt lat="42.51018" lon="-0.35016">
        <ele>797</ele>
      </trkpt>
      <trkpt lat="42.510168" lon="-0.350233">
        <ele>797.6</ele>
      </trkpt>
      <trkpt lat="42.510153" lon="-0.350317">
        <ele>798.4</ele>
      </trkpt>
      <trkpt lat="42.51014" lon="-0.350405">
        <ele>799.2</ele>
      </trkpt>
      <trkpt lat="42.510123" lon="-0.350472">
        <ele>799.4</ele>
      </trkpt>
      <trkpt lat="42.510114" lon="-0.350547">
        <ele>799.2</ele>
      </trkpt>
      <trkpt lat="42.510101" lon="-0.350609">
        <ele>799.2</ele>
      </trkpt>
      <trkpt lat="42.510086" lon="-0.350668">
        <ele>799.2</ele>
      </trkpt>
      <trkpt lat="42.510073" lon="-0.350731">
        <ele>799.1</ele>
      </trkpt>
      <trkpt lat="42.510055" lon="-0.350801">
        <ele>799.1</ele>
      </trkpt>
      <trkpt lat="42.510031" lon="-0.350901">
        <ele>798.9</ele>
      </trkpt>
      <trkpt lat="42.510013" lon="-0.350977">
        <ele>798.8</ele>
      </trkpt>
      <trkpt lat="42.509997" lon="-0.351041">
        <ele>798.7</ele>
      </trkpt>
      <trkpt lat="42.509976" lon="-0.3511">
        <ele>798.7</ele>
      </trkpt>
      <trkpt lat="42.509938" lon="-0.35122">
        <ele>798.6</ele>
      </trkpt>
      <trkpt lat="42.509912" lon="-0.351302">
        <ele>798.6</ele>
      </trkpt>
      <trkpt lat="42.509883" lon="-0.351379">
        <ele>798.7</ele>
      </trkpt>
      <trkpt lat="42.509856" lon="-0.351453">
        <ele>798.7</ele>
      </trkpt>
      <trkpt lat="42.509832" lon="-0.351518">
        <ele>798.7</ele>
      </trkpt>
      <trkpt lat="42.509807" lon="-0.351578">
        <ele>798.8</ele>
      </trkpt>
      <trkpt lat="42.509777" lon="-0.351646">
        <ele>798.8</ele>
      </trkpt>
      <trkpt lat="42.509749" lon="-0.351705">
        <ele>798.8</ele>
      </trkpt>
      <trkpt lat="42.509723" lon="-0.351761">
        <ele>798.8</ele>
      </trkpt>
      <trkpt lat="42.509692" lon="-0.351826">
        <ele>798.8</ele>
      </trkpt>
      <trkpt lat="42.509663" lon="-0.351892">
        <ele>798.6</ele>
      </trkpt>
      <trkpt lat="42.509633" lon="-0.351945">
        <ele>798.6</ele>
      </trkpt>
      <trkpt lat="42.509597" lon="-0.35202">
        <ele>798.4</ele>
      </trkpt>
      <trkpt lat="42.509563" lon="-0.352074">
        <ele>798.2</ele>
      </trkpt>
      <trkpt lat="42.509534" lon="-0.352124">
        <ele>797.6</ele>
      </trkpt>
      <trkpt lat="42.509506" lon="-0.352177">
        <ele>797</ele>
      </trkpt>
      <trkpt lat="42.509477" lon="-0.352223">
        <ele>796.5</ele>
      </trkpt>
      <trkpt lat="42.509451" lon="-0.352266">
        <ele>796</ele>
      </trkpt>
      <trkpt lat="42.509407" lon="-0.352335">
        <ele>795.1</ele>
      </trkpt>
      <trkpt lat="42.509381" lon="-0.352375">
        <ele>794.6</ele>
      </trkpt>
      <trkpt lat="42.509342" lon="-0.352429">
        <ele>793.9</ele>
      </trkpt>
      <trkpt lat="42.509301" lon="-0.352477">
        <ele>793.3</ele>
      </trkpt>
      <trkpt lat="42.509273" lon="-0.352526">
        <ele>792.7</ele>
      </trkpt>
      <trkpt lat="42.509241" lon="-0.352566">
        <ele>792.1</ele>
      </trkpt>
      <trkpt lat="42.509209" lon="-0.352599">
        <ele>791.7</ele>
      </trkpt>
      <trkpt lat="42.509174" lon="-0.352643">
        <ele>791.1</ele>
      </trkpt>
      <trkpt lat="42.509131" lon="-0.3527">
        <ele>790.3</ele>
      </trkpt>
      <trkpt lat="42.509089" lon="-0.352742">
        <ele>789.7</ele>
      </trkpt>
      <trkpt lat="42.509047" lon="-0.352783">
        <ele>789.1</ele>
      </trkpt>
      <trkpt lat="42.50901" lon="-0.352829">
        <ele>788.4</ele>
      </trkpt>
      <trkpt lat="42.508972" lon="-0.352868">
        <ele>787.8</ele>
      </trkpt>
      <trkpt lat="42.508934" lon="-0.352903">
        <ele>787.2</ele>
      </trkpt>
      <trkpt lat="42.508896" lon="-0.352939">
        <ele>786.8</ele>
      </trkpt>
      <trkpt lat="42.508853" lon="-0.352982">
        <ele>786.3</ele>
      </trkpt>
      <trkpt lat="42.508816" lon="-0.353013">
        <ele>785.9</ele>
      </trkpt>
      <trkpt lat="42.508782" lon="-0.353038">
        <ele>785.6</ele>
      </trkpt>
      <trkpt lat="42.508735" lon="-0.353075">
        <ele>785.2</ele>
      </trkpt>
      <trkpt lat="42.508686" lon="-0.353115">
        <ele>785.2</ele>
      </trkpt>
      <trkpt lat="42.508651" lon="-0.353146">
        <ele>785.2</ele>
      </trkpt>
      <trkpt lat="42.508604" lon="-0.353176">
        <ele>785.4</ele>
      </trkpt>
      <trkpt lat="42.508559" lon="-0.353214">
        <ele>785.4</ele>
      </trkpt>
      <trkpt lat="42.508512" lon="-0.353245">
        <ele>785.6</ele>
      </trkpt>
      <trkpt lat="42.508465" lon="-0.353271">
        <ele>785.9</ele>
      </trkpt>
      <trkpt lat="42.508414" lon="-0.353313">
        <ele>786</ele>
      </trkpt>
      <trkpt lat="42.508361" lon="-0.353343">
        <ele>786.3</ele>
      </trkpt>
      <trkpt lat="42.508271" lon="-0.353402">
        <ele>786.9</ele>
      </trkpt>
      <trkpt lat="42.508194" lon="-0.353443">
        <ele>787.5</ele>
      </trkpt>
      <trkpt lat="42.508155" lon="-0.353461">
        <ele>787.8</ele>
      </trkpt>
      <trkpt lat="42.508111" lon="-0.353487">
        <ele>788.1</ele>
      </trkpt>
      <trkpt lat="42.508069" lon="-0.353504">
        <ele>788.5</ele>
      </trkpt>
      <trkpt lat="42.508028" lon="-0.35352">
        <ele>789</ele>
      </trkpt>
      <trkpt lat="42.507985" lon="-0.353548">
        <ele>789.3</ele>
      </trkpt>
      <trkpt lat="42.50793" lon="-0.35357">
        <ele>789.9</ele>
      </trkpt>
      <trkpt lat="42.50789" lon="-0.35358">
        <ele>789.9</ele>
      </trkpt>
      <trkpt lat="42.507853" lon="-0.35359">
        <ele>789.7</ele>
      </trkpt>
      <trkpt lat="42.507795" lon="-0.35361">
        <ele>789.4</ele>
      </trkpt>
      <trkpt lat="42.507748" lon="-0.353625">
        <ele>789.1</ele>
      </trkpt>
      <trkpt lat="42.507706" lon="-0.35364">
        <ele>788.8</ele>
      </trkpt>
      <trkpt lat="42.50765" lon="-0.353659">
        <ele>788.5</ele>
      </trkpt>
      <trkpt lat="42.5076" lon="-0.35367">
        <ele>788.2</ele>
      </trkpt>
      <trkpt lat="42.507567" lon="-0.353679">
        <ele>788</ele>
      </trkpt>
      <trkpt lat="42.507527" lon="-0.353686">
        <ele>787.7</ele>
      </trkpt>
      <trkpt lat="42.507486" lon="-0.353695">
        <ele>787.5</ele>
      </trkpt>
      <trkpt lat="42.507441" lon="-0.353702">
        <ele>787.2</ele>
      </trkpt>
      <trkpt lat="42.507399" lon="-0.353709">
        <ele>786.9</ele>
      </trkpt>
      <trkpt lat="42.507302" lon="-0.353729">
        <ele>786.3</ele>
      </trkpt>
      <trkpt lat="42.507252" lon="-0.353733">
        <ele>786</ele>
      </trkpt>
      <trkpt lat="42.5072" lon="-0.353755">
        <ele>785.5</ele>
      </trkpt>
      <trkpt lat="42.507148" lon="-0.353762">
        <ele>785.2</ele>
      </trkpt>
      <trkpt lat="42.507097" lon="-0.353767">
        <ele>784.9</ele>
      </trkpt>
      <trkpt lat="42.507031" lon="-0.353772">
        <ele>784.7</ele>
      </trkpt>
      <trkpt lat="42.506989" lon="-0.353774">
        <ele>784.6</ele>
      </trkpt>
      <trkpt lat="42.506942" lon="-0.353774">
        <ele>784.5</ele>
      </trkpt>
      <trkpt lat="42.506906" lon="-0.353771">
        <ele>784.4</ele>
      </trkpt>
      <trkpt lat="42.506878" lon="-0.353766">
        <ele>784.4</ele>
      </trkpt>
      <trkpt lat="42.506836" lon="-0.353772">
        <ele>784.3</ele>
      </trkpt>
      <trkpt lat="42.506792" lon="-0.353765">
        <ele>784.2</ele>
      </trkpt>
      <trkpt lat="42.506751" lon="-0.353759">
        <ele>784.1</ele>
      </trkpt>
      <trkpt lat="42.506712" lon="-0.353758">
        <ele>784.1</ele>
      </trkpt>
      <trkpt lat="42.50667" lon="-0.353753">
        <ele>784</ele>
      </trkpt>
      <trkpt lat="42.506625" lon="-0.353746">
        <ele>783.9</ele>
      </trkpt>
      <trkpt lat="42.506577" lon="-0.353734">
        <ele>783.9</ele>
      </trkpt>
      <trkpt lat="42.506528" lon="-0.35372">
        <ele>784</ele>
      </trkpt>
      <trkpt lat="42.50648" lon="-0.35371">
        <ele>783.9</ele>
      </trkpt>
      <trkpt lat="42.50644" lon="-0.353707">
        <ele>783.9</ele>
      </trkpt>
      <trkpt lat="42.506395" lon="-0.353699">
        <ele>783.8</ele>
      </trkpt>
      <trkpt lat="42.506351" lon="-0.353684">
        <ele>783.8</ele>
      </trkpt>
      <trkpt lat="42.506303" lon="-0.353676">
        <ele>783.8</ele>
      </trkpt>
      <trkpt lat="42.506243" lon="-0.353659">
        <ele>783.8</ele>
      </trkpt>
      <trkpt lat="42.506199" lon="-0.353652">
        <ele>783.8</ele>
      </trkpt>
      <trkpt lat="42.506121" lon="-0.353637">
        <ele>783.9</ele>
      </trkpt>
      <trkpt lat="42.50606" lon="-0.353622">
        <ele>784</ele>
      </trkpt>
      <trkpt lat="42.506018" lon="-0.353609">
        <ele>784</ele>
      </trkpt>
      <trkpt lat="42.505963" lon="-0.353601">
        <ele>784.1</ele>
      </trkpt>
      <trkpt lat="42.505915" lon="-0.353595">
        <ele>784.1</ele>
      </trkpt>
      <trkpt lat="42.505873" lon="-0.353588">
        <ele>784.1</ele>
      </trkpt>
      <trkpt lat="42.505826" lon="-0.353577">
        <ele>784.1</ele>
      </trkpt>
      <trkpt lat="42.505783" lon="-0.353569">
        <ele>784.2</ele>
      </trkpt>
      <trkpt lat="42.505742" lon="-0.353562">
        <ele>784.2</ele>
      </trkpt>
      <trkpt lat="42.505693" lon="-0.353554">
        <ele>784.2</ele>
      </trkpt>
      <trkpt lat="42.505646" lon="-0.353544">
        <ele>784.2</ele>
      </trkpt>
      <trkpt lat="42.505596" lon="-0.35354">
        <ele>784.2</ele>
      </trkpt>
      <trkpt lat="42.505557" lon="-0.353532">
        <ele>784.2</ele>
      </trkpt>
      <trkpt lat="42.505504" lon="-0.353525">
        <ele>784.2</ele>
      </trkpt>
      <trkpt lat="42.505454" lon="-0.353522">
        <ele>784.1</ele>
      </trkpt>
      <trkpt lat="42.505406" lon="-0.353517">
        <ele>784</ele>
      </trkpt>
      <trkpt lat="42.505353" lon="-0.353509">
        <ele>783.7</ele>
      </trkpt>
      <trkpt lat="42.505311" lon="-0.353504">
        <ele>783.5</ele>
      </trkpt>
      <trkpt lat="42.505268" lon="-0.353501">
        <ele>783.2</ele>
      </trkpt>
      <trkpt lat="42.505223" lon="-0.353499">
        <ele>782.9</ele>
      </trkpt>
      <trkpt lat="42.505173" lon="-0.353499">
        <ele>782.5</ele>
      </trkpt>
      <trkpt lat="42.505132" lon="-0.353495">
        <ele>782.3</ele>
      </trkpt>
      <trkpt lat="42.505082" lon="-0.353495">
        <ele>781.9</ele>
      </trkpt>
      <trkpt lat="42.505036" lon="-0.353495">
        <ele>781.6</ele>
      </trkpt>
      <trkpt lat="42.504995" lon="-0.353495">
        <ele>781.3</ele>
      </trkpt>
      <trkpt lat="42.504951" lon="-0.353498">
        <ele>781</ele>
      </trkpt>
      <trkpt lat="42.504859" lon="-0.353495">
        <ele>780.4</ele>
      </trkpt>
      <trkpt lat="42.504794" lon="-0.353495">
        <ele>780</ele>
      </trkpt>
      <trkpt lat="42.504744" lon="-0.353504">
        <ele>779.6</ele>
      </trkpt>
      <trkpt lat="42.504696" lon="-0.353505">
        <ele>779.2</ele>
      </trkpt>
      <trkpt lat="42.504658" lon="-0.353507">
        <ele>779</ele>
      </trkpt>
      <trkpt lat="42.504611" lon="-0.353514">
        <ele>778.6</ele>
      </trkpt>
      <trkpt lat="42.504566" lon="-0.353521">
        <ele>778.4</ele>
      </trkpt>
      <trkpt lat="42.504495" lon="-0.353526">
        <ele>778.4</ele>
      </trkpt>
      <trkpt lat="42.504453" lon="-0.353543">
        <ele>778.4</ele>
      </trkpt>
      <trkpt lat="42.50442" lon="-0.353563">
        <ele>778.3</ele>
      </trkpt>
      <trkpt lat="42.504384" lon="-0.353588">
        <ele>778.2</ele>
      </trkpt>
      <trkpt lat="42.504348" lon="-0.353625">
        <ele>778</ele>
      </trkpt>
      <trkpt lat="42.504319" lon="-0.353668">
        <ele>777.8</ele>
      </trkpt>
      <trkpt lat="42.504288" lon="-0.353707">
        <ele>777.6</ele>
      </trkpt>
      <trkpt lat="42.504255" lon="-0.35375">
        <ele>777.4</ele>
      </trkpt>
      <trkpt lat="42.504229" lon="-0.35379">
        <ele>777.4</ele>
      </trkpt>
      <trkpt lat="42.5042" lon="-0.353842">
        <ele>777.3</ele>
      </trkpt>
      <trkpt lat="42.504181" lon="-0.353945">
        <ele>777.2</ele>
      </trkpt>
      <trkpt lat="42.50418" lon="-0.354">
        <ele>777.2</ele>
      </trkpt>
      <trkpt lat="42.504186" lon="-0.354071">
        <ele>777.1</ele>
      </trkpt>
      <trkpt lat="42.504209" lon="-0.354132">
        <ele>777</ele>
      </trkpt>
      <trkpt lat="42.504227" lon="-0.354188">
        <ele>776.9</ele>
      </trkpt>
      <trkpt lat="42.504256" lon="-0.354244">
        <ele>776.8</ele>
      </trkpt>
      <trkpt lat="42.504273" lon="-0.354282">
        <ele>776.7</ele>
      </trkpt>
      <trkpt lat="42.5043" lon="-0.354343">
        <ele>776.6</ele>
      </trkpt>
      <trkpt lat="42.504327" lon="-0.354409">
        <ele>776.5</ele>
      </trkpt>
      <trkpt lat="42.504356" lon="-0.354462">
        <ele>776.4</ele>
      </trkpt>
      <trkpt lat="42.504382" lon="-0.354525">
        <ele>776.3</ele>
      </trkpt>
      <trkpt lat="42.504416" lon="-0.35459">
        <ele>776.2</ele>
      </trkpt>
      <trkpt lat="42.504437" lon="-0.354635">
        <ele>776.1</ele>
      </trkpt>
      <trkpt lat="42.504469" lon="-0.354685">
        <ele>776</ele>
      </trkpt>
      <trkpt lat="42.504485" lon="-0.354728">
        <ele>775.9</ele>
      </trkpt>
      <trkpt lat="42.504515" lon="-0.354794">
        <ele>775.8</ele>
      </trkpt>
      <trkpt lat="42.504533" lon="-0.354844">
        <ele>775.7</ele>
      </trkpt>
      <trkpt lat="42.504552" lon="-0.354905">
        <ele>775.6</ele>
      </trkpt>
      <trkpt lat="42.50458" lon="-0.354966">
        <ele>775.5</ele>
      </trkpt>
      <trkpt lat="42.5046" lon="-0.355032">
        <ele>775.5</ele>
      </trkpt>
      <trkpt lat="42.504621" lon="-0.355091">
        <ele>775.5</ele>
      </trkpt>
      <trkpt lat="42.504646" lon="-0.355176">
        <ele>775.5</ele>
      </trkpt>
      <trkpt lat="42.504669" lon="-0.355251">
        <ele>775.4</ele>
      </trkpt>
      <trkpt lat="42.504686" lon="-0.355317">
        <ele>775.4</ele>
      </trkpt>
      <trkpt lat="42.504707" lon="-0.355379">
        <ele>775.4</ele>
      </trkpt>
      <trkpt lat="42.504729" lon="-0.355456">
        <ele>775.2</ele>
      </trkpt>
      <trkpt lat="42.504746" lon="-0.355522">
        <ele>775</ele>
      </trkpt>
      <trkpt lat="42.504767" lon="-0.355595">
        <ele>774.8</ele>
      </trkpt>
      <trkpt lat="42.504786" lon="-0.355658">
        <ele>774.6</ele>
      </trkpt>
      <trkpt lat="42.504801" lon="-0.355707">
        <ele>774.5</ele>
      </trkpt>
      <trkpt lat="42.504818" lon="-0.355761">
        <ele>774.3</ele>
      </trkpt>
      <trkpt lat="42.504831" lon="-0.355834">
        <ele>774.1</ele>
      </trkpt>
      <trkpt lat="42.504848" lon="-0.355887">
        <ele>773.9</ele>
      </trkpt>
      <trkpt lat="42.504875" lon="-0.355973">
        <ele>773.7</ele>
      </trkpt>
    </trkseg>
  </trk>

</gpx>
